path,original_pid,source_dataset,camid
VeRi/image_train/0001_c001_00016450_0.jpg,1,veri,0
VeRi/image_train/0001_c001_00016460_0.jpg,1,veri,0
VeRi/image_train/0001_c001_00016470_0.jpg,1,veri,0
VeRi/image_train/0001_c001_00016480_0.jpg,1,veri,0
VeRi/image_train/0001_c001_00016490_0.jpg,1,veri,0
VeRi/image_train/0001_c001_00016500_0.jpg,1,veri,0
VeRi/image_train/0001_c002_00016885_0.jpg,1,veri,1
VeRi/image_train/0001_c002_00016895_0.jpg,1,veri,1
VeRi/image_train/0001_c002_00016905_0.jpg,1,veri,1
VeRi/image_train/0001_c002_00016915_0.jpg,1,veri,1
VeRi/image_train/0001_c002_00016945_0.jpg,1,veri,1
VeRi/image_train/0001_c002_00016955_0.jpg,1,veri,1
VeRi/image_train/0001_c012_00014680_0.jpg,1,veri,11
VeRi/image_train/0001_c012_00014685_0.jpg,1,veri,11
VeRi/image_train/0001_c012_00014690_0.jpg,1,veri,11
VeRi/image_train/0001_c012_00014695_0.jpg,1,veri,11
VeRi/image_train/0001_c012_00014700_0.jpg,1,veri,11
VeRi/image_train/0001_c012_00014705_0.jpg,1,veri,11
VeRi/image_train/0001_c013_00014770_0.jpg,1,veri,12
VeRi/image_train/0001_c013_00014790_0.jpg,1,veri,12
VeRi/image_train/0001_c013_00014800_0.jpg,1,veri,12
VeRi/image_train/0001_c013_00014810_0.jpg,1,veri,12
VeRi/image_train/0001_c013_00014815_0.jpg,1,veri,12
VeRi/image_train/0001_c013_00014825_0.jpg,1,veri,12
VeRi/image_train/0001_c014_00013130_0.jpg,1,veri,13
VeRi/image_train/0001_c014_00013135_0.jpg,1,veri,13
VeRi/image_train/0001_c014_00013140_0.jpg,1,veri,13
VeRi/image_train/0001_c014_00013145_0.jpg,1,veri,13
VeRi/image_train/0001_c014_00013150_0.jpg,1,veri,13
VeRi/image_train/0001_c014_00013175_0.jpg,1,veri,13
VeRi/image_train/0001_c015_00013200_0.jpg,1,veri,14
VeRi/image_train/0001_c015_00013205_0.jpg,1,veri,14
VeRi/image_train/0001_c015_00013210_0.jpg,1,veri,14
VeRi/image_train/0001_c015_00013215_0.jpg,1,veri,14
VeRi/image_train/0001_c015_00013220_0.jpg,1,veri,14
VeRi/image_train/0001_c015_00013225_0.jpg,1,veri,14
VeRi/image_train/0001_c016_00012920_1.jpg,1,veri,15
VeRi/image_train/0001_c016_00012925_0.jpg,1,veri,15
VeRi/image_train/0001_c016_00012930_1.jpg,1,veri,15
VeRi/image_train/0001_c016_00012935_1.jpg,1,veri,15
VeRi/image_train/0001_c016_00012940_0.jpg,1,veri,15
VeRi/image_train/0001_c016_00012945_1.jpg,1,veri,15
VeRi/image_train/0001_c017_00014060_0.jpg,1,veri,16
VeRi/image_train/0001_c017_00014075_0.jpg,1,veri,16
VeRi/image_train/0001_c017_00014085_0.jpg,1,veri,16
VeRi/image_train/0001_c017_00014100_0.jpg,1,veri,16
VeRi/image_train/0001_c017_00014115_0.jpg,1,veri,16
VeRi/image_train/0001_c017_00014130_0.jpg,1,veri,16
VeRi/image_train/0001_c019_00013820_0.jpg,1,veri,18
VeRi/image_train/0001_c019_00013825_0.jpg,1,veri,18
VeRi/image_train/0001_c019_00013830_0.jpg,1,veri,18
VeRi/image_train/0001_c019_00013835_0.jpg,1,veri,18
VeRi/image_train/0001_c019_00013845_0.jpg,1,veri,18
VeRi/image_train/0001_c019_00013850_0.jpg,1,veri,18
VeRi/image_train/0103_c001_00014285_1.jpg,103,veri,0
VeRi/image_train/0103_c001_00014290_0.jpg,103,veri,0
VeRi/image_train/0103_c001_00014295_1.jpg,103,veri,0
VeRi/image_train/0103_c001_00014300_0.jpg,103,veri,0
VeRi/image_train/0103_c001_00014305_0.jpg,103,veri,0
VeRi/image_train/0103_c001_00014310_0.jpg,103,veri,0
VeRi/image_train/0103_c002_00003335_1.jpg,103,veri,1
VeRi/image_train/0103_c002_00003345_0.jpg,103,veri,1
VeRi/image_train/0103_c002_00003355_0.jpg,103,veri,1
VeRi/image_train/0103_c002_00003365_0.jpg,103,veri,1
VeRi/image_train/0103_c002_00003375_0.jpg,103,veri,1
VeRi/image_train/0103_c002_00003385_0.jpg,103,veri,1
VeRi/image_train/0103_c003_00000495_0.jpg,103,veri,2
VeRi/image_train/0103_c003_00000515_0.jpg,103,veri,2
VeRi/image_train/0103_c003_00000535_0.jpg,103,veri,2
VeRi/image_train/0103_c003_00000555_0.jpg,103,veri,2
VeRi/image_train/0103_c003_00000575_0.jpg,103,veri,2
VeRi/image_train/0103_c003_00000590_0.jpg,103,veri,2
VeRi/image_train/0103_c004_00000380_0.jpg,103,veri,3
VeRi/image_train/0103_c004_00000395_0.jpg,103,veri,3
VeRi/image_train/0103_c004_00000445_0.jpg,103,veri,3
VeRi/image_train/0103_c004_00000455_0.jpg,103,veri,3
VeRi/image_train/0103_c004_00000465_0.jpg,103,veri,3
VeRi/image_train/0103_c004_00000510_0.jpg,103,veri,3
VeRi/image_train/0103_c006_00001330_0.jpg,103,veri,5
VeRi/image_train/0103_c006_00001345_0.jpg,103,veri,5
VeRi/image_train/0103_c006_00001355_0.jpg,103,veri,5
VeRi/image_train/0103_c006_00001365_0.jpg,103,veri,5
VeRi/image_train/0103_c006_00001375_0.jpg,103,veri,5
VeRi/image_train/0103_c006_00001390_0.jpg,103,veri,5
VeRi/image_train/0103_c010_00001245_1.jpg,103,veri,9
VeRi/image_train/0103_c010_00001250_1.jpg,103,veri,9
VeRi/image_train/0103_c010_00001255_1.jpg,103,veri,9
VeRi/image_train/0103_c010_00001260_1.jpg,103,veri,9
VeRi/image_train/0103_c010_00001270_0.jpg,103,veri,9
VeRi/image_train/0103_c010_00001275_0.jpg,103,veri,9
VeRi/image_train/0103_c011_00001290_0.jpg,103,veri,10
VeRi/image_train/0103_c011_00001300_0.jpg,103,veri,10
VeRi/image_train/0103_c011_00001310_0.jpg,103,veri,10
VeRi/image_train/0103_c011_00001320_0.jpg,103,veri,10
VeRi/image_train/0103_c011_00001340_0.jpg,103,veri,10
VeRi/image_train/0103_c011_00001350_0.jpg,103,veri,10
VeRi/image_train/0103_c012_00014830_0.jpg,103,veri,11
VeRi/image_train/0103_c012_00014835_0.jpg,103,veri,11
VeRi/image_train/0103_c012_00014840_0.jpg,103,veri,11
VeRi/image_train/0103_c012_00014845_0.jpg,103,veri,11
VeRi/image_train/0103_c012_00014850_0.jpg,103,veri,11
VeRi/image_train/0103_c012_00014855_0.jpg,103,veri,11
VeRi/image_train/0103_c013_00014685_0.jpg,103,veri,12
VeRi/image_train/0103_c013_00014695_0.jpg,103,veri,12
VeRi/image_train/0103_c013_00014705_0.jpg,103,veri,12
VeRi/image_train/0103_c013_00014715_0.jpg,103,veri,12
VeRi/image_train/0103_c014_00016170_0.jpg,103,veri,13
VeRi/image_train/0103_c014_00016175_0.jpg,103,veri,13
VeRi/image_train/0103_c014_00016180_0.jpg,103,veri,13
VeRi/image_train/0103_c014_00016185_0.jpg,103,veri,13
VeRi/image_train/0103_c014_00016190_0.jpg,103,veri,13
VeRi/image_train/0103_c014_00016195_0.jpg,103,veri,13
VeRi/image_train/0103_c015_00015995_0.jpg,103,veri,14
VeRi/image_train/0103_c015_00016040_0.jpg,103,veri,14
VeRi/image_train/0103_c015_00016045_0.jpg,103,veri,14
VeRi/image_train/0103_c015_00016050_0.jpg,103,veri,14
VeRi/image_train/0103_c016_00016375_0.jpg,103,veri,15
VeRi/image_train/0103_c016_00016380_0.jpg,103,veri,15
VeRi/image_train/0103_c016_00016385_0.jpg,103,veri,15
VeRi/image_train/0103_c017_00015340_0.jpg,103,veri,16
VeRi/image_train/0103_c017_00015350_0.jpg,103,veri,16
VeRi/image_train/0103_c017_00015360_0.jpg,103,veri,16
VeRi/image_train/0103_c017_00015370_0.jpg,103,veri,16
VeRi/image_train/0103_c017_00015380_0.jpg,103,veri,16
VeRi/image_train/0103_c017_00015390_0.jpg,103,veri,16
VeRi/image_train/0103_c019_00015500_0.jpg,103,veri,18
VeRi/image_train/0103_c019_00015505_0.jpg,103,veri,18
VeRi/image_train/0103_c019_00015510_0.jpg,103,veri,18
VeRi/image_train/0103_c019_00015515_0.jpg,103,veri,18
VeRi/image_train/0103_c019_00015530_0.jpg,103,veri,18
VeRi/image_train/0103_c019_00015540_0.jpg,103,veri,18
VeRi/image_train/0011_c012_00089050_0.jpg,11,veri,11
VeRi/image_train/0011_c012_00089060_0.jpg,11,veri,11
VeRi/image_train/0011_c012_00089075_0.jpg,11,veri,11
VeRi/image_train/0011_c012_00089085_0.jpg,11,veri,11
VeRi/image_train/0011_c012_00089095_0.jpg,11,veri,11
VeRi/image_train/0011_c012_00089105_0.jpg,11,veri,11
VeRi/image_train/0011_c014_00087420_0.jpg,11,veri,13
VeRi/image_train/0011_c014_00087430_1.jpg,11,veri,13
VeRi/image_train/0011_c014_00087435_1.jpg,11,veri,13
VeRi/image_train/0011_c014_00087440_1.jpg,11,veri,13
VeRi/image_train/0011_c014_00087445_1.jpg,11,veri,13
VeRi/image_train/0011_c014_00087465_0.jpg,11,veri,13
VeRi/image_train/0011_c015_00087505_0.jpg,11,veri,14
VeRi/image_train/0011_c015_00087555_0.jpg,11,veri,14
VeRi/image_train/0011_c015_00087560_0.jpg,11,veri,14
VeRi/image_train/0011_c015_00087565_0.jpg,11,veri,14
VeRi/image_train/0011_c015_00087575_0.jpg,11,veri,14
VeRi/image_train/0011_c015_00087590_0.jpg,11,veri,14
VeRi/image_train/0011_c016_00087170_0.jpg,11,veri,15
VeRi/image_train/0011_c016_00087175_0.jpg,11,veri,15
VeRi/image_train/0011_c016_00087180_0.jpg,11,veri,15
VeRi/image_train/0011_c016_00087185_0.jpg,11,veri,15
VeRi/image_train/0011_c016_00087190_0.jpg,11,veri,15
VeRi/image_train/0011_c016_00087195_0.jpg,11,veri,15
VeRi/image_train/0011_c017_00088415_0.jpg,11,veri,16
VeRi/image_train/0011_c017_00088425_0.jpg,11,veri,16
VeRi/image_train/0011_c017_00088435_0.jpg,11,veri,16
VeRi/image_train/0011_c017_00088440_0.jpg,11,veri,16
VeRi/image_train/0011_c017_00088445_0.jpg,11,veri,16
VeRi/image_train/0011_c017_00088450_0.jpg,11,veri,16
VeRi/image_train/0111_c005_00035285_0.jpg,111,veri,4
VeRi/image_train/0111_c005_00035300_0.jpg,111,veri,4
VeRi/image_train/0111_c005_00035315_0.jpg,111,veri,4
VeRi/image_train/0111_c005_00035330_0.jpg,111,veri,4
VeRi/image_train/0111_c005_00035345_0.jpg,111,veri,4
VeRi/image_train/0111_c005_00035355_0.jpg,111,veri,4
VeRi/image_train/0111_c007_00035385_0.jpg,111,veri,6
VeRi/image_train/0111_c007_00035390_0.jpg,111,veri,6
VeRi/image_train/0111_c007_00035395_0.jpg,111,veri,6
VeRi/image_train/0111_c007_00035405_0.jpg,111,veri,6
VeRi/image_train/0111_c014_00057915_0.jpg,111,veri,13
VeRi/image_train/0111_c014_00057920_0.jpg,111,veri,13
VeRi/image_train/0111_c014_00057925_0.jpg,111,veri,13
VeRi/image_train/0111_c014_00057930_0.jpg,111,veri,13
VeRi/image_train/0111_c014_00057935_0.jpg,111,veri,13
VeRi/image_train/0111_c014_00057940_0.jpg,111,veri,13
VeRi/image_train/0111_c014_00066640_0.jpg,111,veri,13
VeRi/image_train/0111_c014_00066645_0.jpg,111,veri,13
VeRi/image_train/0111_c014_00066650_0.jpg,111,veri,13
VeRi/image_train/0111_c014_00066655_0.jpg,111,veri,13
VeRi/image_train/0111_c014_00066660_0.jpg,111,veri,13
VeRi/image_train/0111_c014_00066665_0.jpg,111,veri,13
VeRi/image_train/0111_c015_00058050_0.jpg,111,veri,14
VeRi/image_train/0111_c015_00058055_0.jpg,111,veri,14
VeRi/image_train/0111_c015_00058060_0.jpg,111,veri,14
VeRi/image_train/0111_c015_00058065_0.jpg,111,veri,14
VeRi/image_train/0111_c015_00058070_0.jpg,111,veri,14
VeRi/image_train/0111_c015_00066435_0.jpg,111,veri,14
VeRi/image_train/0111_c015_00066455_0.jpg,111,veri,14
VeRi/image_train/0111_c015_00066465_0.jpg,111,veri,14
VeRi/image_train/0111_c015_00066470_0.jpg,111,veri,14
VeRi/image_train/0111_c015_00066475_0.jpg,111,veri,14
VeRi/image_train/0111_c015_00066480_0.jpg,111,veri,14
VeRi/image_train/0111_c016_00057575_0.jpg,111,veri,15
VeRi/image_train/0111_c016_00057580_0.jpg,111,veri,15
VeRi/image_train/0111_c016_00057585_0.jpg,111,veri,15
VeRi/image_train/0111_c016_00057590_0.jpg,111,veri,15
VeRi/image_train/0111_c016_00057595_0.jpg,111,veri,15
VeRi/image_train/0111_c016_00057600_0.jpg,111,veri,15
VeRi/image_train/0111_c016_00066830_0.jpg,111,veri,15
VeRi/image_train/0111_c016_00066860_0.jpg,111,veri,15
VeRi/image_train/0111_c016_00066865_0.jpg,111,veri,15
VeRi/image_train/0111_c016_00066870_0.jpg,111,veri,15
VeRi/image_train/0111_c016_00066875_0.jpg,111,veri,15
VeRi/image_train/0111_c016_00066880_0.jpg,111,veri,15
VeRi/image_train/0111_c017_00065150_0.jpg,111,veri,16
VeRi/image_train/0111_c017_00065160_0.jpg,111,veri,16
VeRi/image_train/0111_c017_00065180_1.jpg,111,veri,16
VeRi/image_train/0111_c017_00065205_0.jpg,111,veri,16
VeRi/image_train/0111_c017_00065215_1.jpg,111,veri,16
VeRi/image_train/0111_c017_00065235_0.jpg,111,veri,16
VeRi/image_train/0111_c017_00065665_0.jpg,111,veri,16
VeRi/image_train/0111_c017_00065670_0.jpg,111,veri,16
VeRi/image_train/0111_c017_00065685_1.jpg,111,veri,16
VeRi/image_train/0111_c017_00065695_0.jpg,111,veri,16
VeRi/image_train/0111_c017_00065700_0.jpg,111,veri,16
VeRi/image_train/0111_c017_00065720_0.jpg,111,veri,16
VeRi/image_train/0111_c019_00060110_0.jpg,111,veri,18
VeRi/image_train/0111_c019_00060115_0.jpg,111,veri,18
VeRi/image_train/0111_c019_00060120_0.jpg,111,veri,18
VeRi/image_train/0111_c019_00060160_0.jpg,111,veri,18
VeRi/image_train/0111_c019_00060215_0.jpg,111,veri,18
VeRi/image_train/0111_c019_00060255_0.jpg,111,veri,18
VeRi/image_train/0111_c019_00065860_0.jpg,111,veri,18
VeRi/image_train/0111_c019_00065870_0.jpg,111,veri,18
VeRi/image_train/0111_c019_00065880_0.jpg,111,veri,18
VeRi/image_train/0111_c019_00065895_0.jpg,111,veri,18
VeRi/image_train/0111_c019_00065905_0.jpg,111,veri,18
VeRi/image_train/0111_c019_00065910_0.jpg,111,veri,18
VeRi/image_train/0119_c001_00028760_1.jpg,119,veri,0
VeRi/image_train/0119_c001_00028770_0.jpg,119,veri,0
VeRi/image_train/0119_c001_00028780_0.jpg,119,veri,0
VeRi/image_train/0119_c001_00028790_0.jpg,119,veri,0
VeRi/image_train/0119_c001_00028800_0.jpg,119,veri,0
VeRi/image_train/0119_c002_00029170_0.jpg,119,veri,1
VeRi/image_train/0119_c002_00029180_0.jpg,119,veri,1
VeRi/image_train/0119_c002_00029190_0.jpg,119,veri,1
VeRi/image_train/0119_c002_00029200_2.jpg,119,veri,1
VeRi/image_train/0119_c002_00029215_2.jpg,119,veri,1
VeRi/image_train/0119_c002_00029225_2.jpg,119,veri,1
VeRi/image_train/0119_c012_00028040_0.jpg,119,veri,11
VeRi/image_train/0119_c012_00028045_0.jpg,119,veri,11
VeRi/image_train/0119_c012_00028055_0.jpg,119,veri,11
VeRi/image_train/0119_c012_00028065_0.jpg,119,veri,11
VeRi/image_train/0119_c012_00028075_0.jpg,119,veri,11
VeRi/image_train/0119_c012_00028080_0.jpg,119,veri,11
VeRi/image_train/0119_c013_00028145_0.jpg,119,veri,12
VeRi/image_train/0119_c013_00028160_0.jpg,119,veri,12
VeRi/image_train/0119_c013_00028170_0.jpg,119,veri,12
VeRi/image_train/0119_c013_00028180_0.jpg,119,veri,12
VeRi/image_train/0119_c013_00028200_0.jpg,119,veri,12
VeRi/image_train/0119_c014_00026640_0.jpg,119,veri,13
VeRi/image_train/0119_c014_00026645_0.jpg,119,veri,13
VeRi/image_train/0119_c014_00026650_0.jpg,119,veri,13
VeRi/image_train/0119_c014_00026655_0.jpg,119,veri,13
VeRi/image_train/0119_c014_00026670_0.jpg,119,veri,13
VeRi/image_train/0119_c014_00026675_0.jpg,119,veri,13
VeRi/image_train/0119_c015_00026700_0.jpg,119,veri,14
VeRi/image_train/0119_c015_00026705_0.jpg,119,veri,14
VeRi/image_train/0119_c015_00026710_0.jpg,119,veri,14
VeRi/image_train/0119_c015_00026715_0.jpg,119,veri,14
VeRi/image_train/0119_c015_00026720_0.jpg,119,veri,14
VeRi/image_train/0119_c016_00026460_0.jpg,119,veri,15
VeRi/image_train/0119_c017_00027480_0.jpg,119,veri,16
VeRi/image_train/0119_c017_00027495_0.jpg,119,veri,16
VeRi/image_train/0119_c017_00027505_0.jpg,119,veri,16
VeRi/image_train/0119_c017_00027515_0.jpg,119,veri,16
VeRi/image_train/0119_c017_00027525_0.jpg,119,veri,16
VeRi/image_train/0119_c017_00027540_0.jpg,119,veri,16
VeRi/image_train/0012_c001_00048625_0.jpg,12,veri,0
VeRi/image_train/0012_c001_00048635_0.jpg,12,veri,0
VeRi/image_train/0012_c001_00048645_0.jpg,12,veri,0
VeRi/image_train/0012_c001_00048655_0.jpg,12,veri,0
VeRi/image_train/0012_c001_00048665_1.jpg,12,veri,0
VeRi/image_train/0012_c001_00048675_0.jpg,12,veri,0
VeRi/image_train/0012_c012_00049020_0.jpg,12,veri,11
VeRi/image_train/0012_c012_00049025_0.jpg,12,veri,11
VeRi/image_train/0012_c012_00049030_0.jpg,12,veri,11
VeRi/image_train/0012_c012_00049035_0.jpg,12,veri,11
VeRi/image_train/0012_c012_00049040_0.jpg,12,veri,11
VeRi/image_train/0012_c012_00049050_0.jpg,12,veri,11
VeRi/image_train/0012_c013_00048895_0.jpg,12,veri,12
VeRi/image_train/0012_c013_00048900_0.jpg,12,veri,12
VeRi/image_train/0012_c013_00048905_0.jpg,12,veri,12
VeRi/image_train/0012_c013_00048910_0.jpg,12,veri,12
VeRi/image_train/0012_c013_00048920_0.jpg,12,veri,12
VeRi/image_train/0012_c013_00048925_0.jpg,12,veri,12
VeRi/image_train/0012_c014_00050745_0.jpg,12,veri,13
VeRi/image_train/0012_c014_00050750_0.jpg,12,veri,13
VeRi/image_train/0012_c014_00050755_0.jpg,12,veri,13
VeRi/image_train/0012_c014_00050760_0.jpg,12,veri,13
VeRi/image_train/0012_c014_00050765_0.jpg,12,veri,13
VeRi/image_train/0012_c014_00050770_0.jpg,12,veri,13
VeRi/image_train/0012_c015_00050540_0.jpg,12,veri,14
VeRi/image_train/0012_c015_00050545_1.jpg,12,veri,14
VeRi/image_train/0012_c015_00050550_1.jpg,12,veri,14
VeRi/image_train/0012_c015_00050555_1.jpg,12,veri,14
VeRi/image_train/0012_c015_00050560_0.jpg,12,veri,14
VeRi/image_train/0012_c016_00050910_0.jpg,12,veri,15
VeRi/image_train/0012_c016_00050915_0.jpg,12,veri,15
VeRi/image_train/0012_c016_00050940_0.jpg,12,veri,15
VeRi/image_train/0012_c016_00050945_0.jpg,12,veri,15
VeRi/image_train/0012_c016_00050950_0.jpg,12,veri,15
VeRi/image_train/0012_c016_00050970_0.jpg,12,veri,15
VeRi/image_train/0012_c017_00049530_0.jpg,12,veri,16
VeRi/image_train/0012_c017_00049535_0.jpg,12,veri,16
VeRi/image_train/0012_c017_00049540_0.jpg,12,veri,16
VeRi/image_train/0012_c017_00049550_0.jpg,12,veri,16
VeRi/image_train/0012_c017_00049555_0.jpg,12,veri,16
VeRi/image_train/0012_c017_00049560_0.jpg,12,veri,16
VeRi/image_train/0127_c001_00055625_0.jpg,127,veri,0
VeRi/image_train/0127_c001_00055635_0.jpg,127,veri,0
VeRi/image_train/0127_c001_00055645_0.jpg,127,veri,0
VeRi/image_train/0127_c001_00055655_0.jpg,127,veri,0
VeRi/image_train/0127_c001_00055675_0.jpg,127,veri,0
VeRi/image_train/0127_c001_00055705_0.jpg,127,veri,0
VeRi/image_train/0127_c012_00056450_0.jpg,127,veri,11
VeRi/image_train/0127_c012_00056455_0.jpg,127,veri,11
VeRi/image_train/0127_c012_00056495_1.jpg,127,veri,11
VeRi/image_train/0127_c012_00056505_0.jpg,127,veri,11
VeRi/image_train/0127_c012_00056510_0.jpg,127,veri,11
VeRi/image_train/0127_c012_00056520_1.jpg,127,veri,11
VeRi/image_train/0127_c013_00056195_0.jpg,127,veri,12
VeRi/image_train/0127_c013_00056200_0.jpg,127,veri,12
VeRi/image_train/0127_c013_00056205_0.jpg,127,veri,12
VeRi/image_train/0127_c013_00056210_0.jpg,127,veri,12
VeRi/image_train/0127_c013_00056215_0.jpg,127,veri,12
VeRi/image_train/0127_c013_00056220_0.jpg,127,veri,12
VeRi/image_train/0127_c014_00058480_0.jpg,127,veri,13
VeRi/image_train/0127_c014_00058485_0.jpg,127,veri,13
VeRi/image_train/0127_c014_00058490_0.jpg,127,veri,13
VeRi/image_train/0127_c014_00058495_0.jpg,127,veri,13
VeRi/image_train/0127_c014_00058500_0.jpg,127,veri,13
VeRi/image_train/0127_c014_00058505_0.jpg,127,veri,13
VeRi/image_train/0127_c015_00058200_0.jpg,127,veri,14
VeRi/image_train/0127_c015_00058205_0.jpg,127,veri,14
VeRi/image_train/0127_c015_00058210_0.jpg,127,veri,14
VeRi/image_train/0127_c015_00058215_0.jpg,127,veri,14
VeRi/image_train/0127_c015_00058220_0.jpg,127,veri,14
VeRi/image_train/0127_c016_00058805_0.jpg,127,veri,15
VeRi/image_train/0127_c016_00058810_0.jpg,127,veri,15
VeRi/image_train/0127_c016_00058815_0.jpg,127,veri,15
VeRi/image_train/0127_c016_00058845_0.jpg,127,veri,15
VeRi/image_train/0127_c016_00058850_0.jpg,127,veri,15
VeRi/image_train/0127_c016_00058855_0.jpg,127,veri,15
VeRi/image_train/0127_c017_00057240_0.jpg,127,veri,16
VeRi/image_train/0127_c017_00057245_0.jpg,127,veri,16
VeRi/image_train/0127_c017_00057250_0.jpg,127,veri,16
VeRi/image_train/0127_c017_00057255_0.jpg,127,veri,16
VeRi/image_train/0127_c017_00057260_0.jpg,127,veri,16
VeRi/image_train/0127_c017_00057265_0.jpg,127,veri,16
VeRi/image_train/0127_c019_00057460_0.jpg,127,veri,18
VeRi/image_train/0127_c019_00057470_0.jpg,127,veri,18
VeRi/image_train/0127_c019_00057480_0.jpg,127,veri,18
VeRi/image_train/0127_c019_00057490_0.jpg,127,veri,18
VeRi/image_train/0127_c019_00057500_0.jpg,127,veri,18
VeRi/image_train/0127_c019_00057510_0.jpg,127,veri,18
VeRi/image_train/0128_c014_00021000_0.jpg,128,veri,13
VeRi/image_train/0128_c014_00021045_0.jpg,128,veri,13
VeRi/image_train/0128_c014_00021055_0.jpg,128,veri,13
VeRi/image_train/0128_c014_00021065_0.jpg,128,veri,13
VeRi/image_train/0128_c014_00021070_0.jpg,128,veri,13
VeRi/image_train/0128_c014_00021075_0.jpg,128,veri,13
VeRi/image_train/0128_c015_00021115_1.jpg,128,veri,14
VeRi/image_train/0128_c015_00021120_1.jpg,128,veri,14
VeRi/image_train/0128_c015_00021125_1.jpg,128,veri,14
VeRi/image_train/0128_c016_00020785_0.jpg,128,veri,15
VeRi/image_train/0128_c016_00020790_0.jpg,128,veri,15
VeRi/image_train/0128_c016_00020795_0.jpg,128,veri,15
VeRi/image_train/0128_c016_00020800_0.jpg,128,veri,15
VeRi/image_train/0128_c016_00020805_0.jpg,128,veri,15
VeRi/image_train/0128_c017_00021980_0.jpg,128,veri,16
VeRi/image_train/0128_c017_00022005_0.jpg,128,veri,16
VeRi/image_train/0128_c017_00022025_0.jpg,128,veri,16
VeRi/image_train/0128_c017_00022040_0.jpg,128,veri,16
VeRi/image_train/0128_c017_00022060_0.jpg,128,veri,16
VeRi/image_train/0128_c017_00022080_0.jpg,128,veri,16
VeRi/image_train/0128_c018_00022240_0.jpg,128,veri,17
VeRi/image_train/0128_c018_00022250_0.jpg,128,veri,17
VeRi/image_train/0128_c018_00022260_0.jpg,128,veri,17
VeRi/image_train/0128_c018_00022270_0.jpg,128,veri,17
VeRi/image_train/0128_c018_00022285_0.jpg,128,veri,17
VeRi/image_train/0128_c018_00022300_0.jpg,128,veri,17
VeRi/image_train/0128_c019_00021810_0.jpg,128,veri,18
VeRi/image_train/0128_c019_00021815_0.jpg,128,veri,18
VeRi/image_train/0128_c019_00021820_0.jpg,128,veri,18
VeRi/image_train/0128_c019_00021825_0.jpg,128,veri,18
VeRi/image_train/0128_c019_00021835_0.jpg,128,veri,18
VeRi/image_train/0133_c001_00015060_1.jpg,133,veri,0
VeRi/image_train/0133_c001_00015065_0.jpg,133,veri,0
VeRi/image_train/0133_c001_00015075_0.jpg,133,veri,0
VeRi/image_train/0133_c001_00015085_0.jpg,133,veri,0
VeRi/image_train/0133_c001_00015095_0.jpg,133,veri,0
VeRi/image_train/0133_c001_00015105_0.jpg,133,veri,0
VeRi/image_train/0133_c012_00015580_1.jpg,133,veri,11
VeRi/image_train/0133_c012_00015585_0.jpg,133,veri,11
VeRi/image_train/0133_c012_00015590_0.jpg,133,veri,11
VeRi/image_train/0133_c012_00015595_0.jpg,133,veri,11
VeRi/image_train/0133_c012_00015600_0.jpg,133,veri,11
VeRi/image_train/0133_c012_00015605_0.jpg,133,veri,11
VeRi/image_train/0133_c013_00015435_1.jpg,133,veri,12
VeRi/image_train/0133_c013_00015445_0.jpg,133,veri,12
VeRi/image_train/0133_c013_00015455_0.jpg,133,veri,12
VeRi/image_train/0133_c013_00015470_0.jpg,133,veri,12
VeRi/image_train/0133_c013_00015480_0.jpg,133,veri,12
VeRi/image_train/0133_c013_00015485_0.jpg,133,veri,12
VeRi/image_train/0133_c014_00017345_0.jpg,133,veri,13
VeRi/image_train/0133_c014_00017350_0.jpg,133,veri,13
VeRi/image_train/0133_c014_00017355_0.jpg,133,veri,13
VeRi/image_train/0133_c014_00017360_0.jpg,133,veri,13
VeRi/image_train/0133_c014_00017365_0.jpg,133,veri,13
VeRi/image_train/0133_c014_00017370_0.jpg,133,veri,13
VeRi/image_train/0133_c015_00017175_0.jpg,133,veri,14
VeRi/image_train/0133_c015_00017180_0.jpg,133,veri,14
VeRi/image_train/0133_c015_00017185_0.jpg,133,veri,14
VeRi/image_train/0133_c015_00017190_0.jpg,133,veri,14
VeRi/image_train/0133_c015_00017195_0.jpg,133,veri,14
VeRi/image_train/0133_c015_00017200_0.jpg,133,veri,14
VeRi/image_train/0133_c016_00017690_0.jpg,133,veri,15
VeRi/image_train/0133_c016_00017695_0.jpg,133,veri,15
VeRi/image_train/0133_c016_00017700_0.jpg,133,veri,15
VeRi/image_train/0133_c016_00017710_0.jpg,133,veri,15
VeRi/image_train/0133_c019_00016520_0.jpg,133,veri,18
VeRi/image_train/0133_c019_00016530_0.jpg,133,veri,18
VeRi/image_train/0133_c019_00016540_0.jpg,133,veri,18
VeRi/image_train/0133_c019_00016550_0.jpg,133,veri,18
VeRi/image_train/0133_c019_00016560_0.jpg,133,veri,18
VeRi/image_train/0133_c019_00016575_0.jpg,133,veri,18
VeRi/image_train/0136_c001_00061815_1.jpg,136,veri,0
VeRi/image_train/0136_c001_00061820_0.jpg,136,veri,0
VeRi/image_train/0136_c001_00061825_1.jpg,136,veri,0
VeRi/image_train/0136_c001_00061830_0.jpg,136,veri,0
VeRi/image_train/0136_c001_00061835_1.jpg,136,veri,0
VeRi/image_train/0136_c001_00061845_1.jpg,136,veri,0
VeRi/image_train/0136_c002_00060080_0.jpg,136,veri,1
VeRi/image_train/0136_c002_00060095_0.jpg,136,veri,1
VeRi/image_train/0136_c002_00060110_0.jpg,136,veri,1
VeRi/image_train/0136_c002_00060125_0.jpg,136,veri,1
VeRi/image_train/0136_c002_00060150_0.jpg,136,veri,1
VeRi/image_train/0136_c002_00060160_0.jpg,136,veri,1
VeRi/image_train/0136_c003_00058645_0.jpg,136,veri,2
VeRi/image_train/0136_c003_00058650_0.jpg,136,veri,2
VeRi/image_train/0136_c003_00058655_0.jpg,136,veri,2
VeRi/image_train/0136_c003_00058660_0.jpg,136,veri,2
VeRi/image_train/0136_c003_00058665_0.jpg,136,veri,2
VeRi/image_train/0136_c004_00058510_1.jpg,136,veri,3
VeRi/image_train/0136_c004_00058515_1.jpg,136,veri,3
VeRi/image_train/0136_c004_00058520_1.jpg,136,veri,3
VeRi/image_train/0136_c004_00058525_1.jpg,136,veri,3
VeRi/image_train/0136_c004_00058530_0.jpg,136,veri,3
VeRi/image_train/0136_c004_00058535_0.jpg,136,veri,3
VeRi/image_train/0136_c006_00059200_1.jpg,136,veri,5
VeRi/image_train/0136_c006_00059210_0.jpg,136,veri,5
VeRi/image_train/0136_c006_00059215_0.jpg,136,veri,5
VeRi/image_train/0136_c006_00059225_0.jpg,136,veri,5
VeRi/image_train/0136_c006_00059230_0.jpg,136,veri,5
VeRi/image_train/0136_c006_00059320_0.jpg,136,veri,5
VeRi/image_train/0136_c008_00058310_0.jpg,136,veri,7
VeRi/image_train/0136_c008_00058315_0.jpg,136,veri,7
VeRi/image_train/0136_c008_00058320_0.jpg,136,veri,7
VeRi/image_train/0136_c008_00058325_0.jpg,136,veri,7
VeRi/image_train/0136_c008_00058330_0.jpg,136,veri,7
VeRi/image_train/0136_c008_00058335_0.jpg,136,veri,7
VeRi/image_train/0136_c009_00058410_0.jpg,136,veri,8
VeRi/image_train/0136_c009_00058415_0.jpg,136,veri,8
VeRi/image_train/0136_c009_00058420_0.jpg,136,veri,8
VeRi/image_train/0136_c009_00058425_0.jpg,136,veri,8
VeRi/image_train/0136_c009_00058430_0.jpg,136,veri,8
VeRi/image_train/0136_c009_00058435_0.jpg,136,veri,8
VeRi/image_train/0136_c010_00059145_0.jpg,136,veri,9
VeRi/image_train/0136_c010_00059150_0.jpg,136,veri,9
VeRi/image_train/0136_c010_00059155_0.jpg,136,veri,9
VeRi/image_train/0136_c010_00059160_0.jpg,136,veri,9
VeRi/image_train/0136_c010_00059165_0.jpg,136,veri,9
VeRi/image_train/0136_c010_00059170_0.jpg,136,veri,9
VeRi/image_train/0136_c011_00059190_0.jpg,136,veri,10
VeRi/image_train/0136_c011_00059200_0.jpg,136,veri,10
VeRi/image_train/0136_c011_00059205_0.jpg,136,veri,10
VeRi/image_train/0136_c011_00059210_0.jpg,136,veri,10
VeRi/image_train/0136_c011_00059220_0.jpg,136,veri,10
VeRi/image_train/0136_c011_00059235_0.jpg,136,veri,10
VeRi/image_train/0136_c012_00062320_1.jpg,136,veri,11
VeRi/image_train/0136_c012_00062330_0.jpg,136,veri,11
VeRi/image_train/0136_c012_00062340_0.jpg,136,veri,11
VeRi/image_train/0136_c012_00062345_0.jpg,136,veri,11
VeRi/image_train/0136_c012_00062350_0.jpg,136,veri,11
VeRi/image_train/0136_c012_00062360_0.jpg,136,veri,11
VeRi/image_train/0136_c013_00062110_1.jpg,136,veri,12
VeRi/image_train/0136_c013_00062115_1.jpg,136,veri,12
VeRi/image_train/0136_c013_00062120_1.jpg,136,veri,12
VeRi/image_train/0136_c013_00062125_1.jpg,136,veri,12
VeRi/image_train/0136_c013_00062130_1.jpg,136,veri,12
VeRi/image_train/0136_c013_00062135_1.jpg,136,veri,12
VeRi/image_train/0136_c014_00063785_0.jpg,136,veri,13
VeRi/image_train/0136_c014_00063790_0.jpg,136,veri,13
VeRi/image_train/0136_c014_00063795_0.jpg,136,veri,13
VeRi/image_train/0136_c014_00063800_0.jpg,136,veri,13
VeRi/image_train/0136_c014_00063805_0.jpg,136,veri,13
VeRi/image_train/0136_c014_00063810_0.jpg,136,veri,13
VeRi/image_train/0136_c015_00063595_0.jpg,136,veri,14
VeRi/image_train/0136_c015_00063600_0.jpg,136,veri,14
VeRi/image_train/0136_c015_00063605_0.jpg,136,veri,14
VeRi/image_train/0136_c015_00063610_0.jpg,136,veri,14
VeRi/image_train/0136_c015_00063615_0.jpg,136,veri,14
VeRi/image_train/0136_c015_00063620_0.jpg,136,veri,14
VeRi/image_train/0136_c016_00064025_0.jpg,136,veri,15
VeRi/image_train/0136_c016_00064055_0.jpg,136,veri,15
VeRi/image_train/0136_c016_00064060_0.jpg,136,veri,15
VeRi/image_train/0136_c016_00064070_0.jpg,136,veri,15
VeRi/image_train/0136_c016_00064075_0.jpg,136,veri,15
VeRi/image_train/0136_c017_00062880_0.jpg,136,veri,16
VeRi/image_train/0136_c017_00062885_0.jpg,136,veri,16
VeRi/image_train/0136_c017_00062895_0.jpg,136,veri,16
VeRi/image_train/0136_c017_00062900_0.jpg,136,veri,16
VeRi/image_train/0136_c017_00062905_0.jpg,136,veri,16
VeRi/image_train/0136_c017_00062910_0.jpg,136,veri,16
VeRi/image_train/0136_c019_00063045_0.jpg,136,veri,18
VeRi/image_train/0136_c019_00063055_0.jpg,136,veri,18
VeRi/image_train/0136_c019_00063075_0.jpg,136,veri,18
VeRi/image_train/0136_c019_00063080_0.jpg,136,veri,18
VeRi/image_train/0136_c019_00063085_0.jpg,136,veri,18
VeRi/image_train/0136_c019_00063090_0.jpg,136,veri,18
VeRi/image_train/0140_c005_00020385_0.jpg,140,veri,4
VeRi/image_train/0140_c005_00020405_0.jpg,140,veri,4
VeRi/image_train/0140_c005_00020425_0.jpg,140,veri,4
VeRi/image_train/0140_c005_00020455_0.jpg,140,veri,4
VeRi/image_train/0140_c005_00020485_0.jpg,140,veri,4
VeRi/image_train/0140_c005_00020515_0.jpg,140,veri,4
VeRi/image_train/0140_c007_00020555_0.jpg,140,veri,6
VeRi/image_train/0140_c007_00020565_0.jpg,140,veri,6
VeRi/image_train/0140_c007_00020570_0.jpg,140,veri,6
VeRi/image_train/0140_c007_00020580_0.jpg,140,veri,6
VeRi/image_train/0140_c007_00020590_0.jpg,140,veri,6
VeRi/image_train/0140_c007_00020595_0.jpg,140,veri,6
VeRi/image_train/0146_c012_00038420_0.jpg,146,veri,11
VeRi/image_train/0146_c012_00038425_0.jpg,146,veri,11
VeRi/image_train/0146_c012_00038430_0.jpg,146,veri,11
VeRi/image_train/0146_c012_00038435_0.jpg,146,veri,11
VeRi/image_train/0146_c012_00038440_0.jpg,146,veri,11
VeRi/image_train/0146_c012_00038445_0.jpg,146,veri,11
VeRi/image_train/0146_c014_00036905_0.jpg,146,veri,13
VeRi/image_train/0146_c014_00036910_0.jpg,146,veri,13
VeRi/image_train/0146_c014_00036915_0.jpg,146,veri,13
VeRi/image_train/0146_c014_00036970_0.jpg,146,veri,13
VeRi/image_train/0146_c014_00036975_0.jpg,146,veri,13
VeRi/image_train/0146_c014_00036980_0.jpg,146,veri,13
VeRi/image_train/0146_c015_00036985_0.jpg,146,veri,14
VeRi/image_train/0146_c015_00036990_0.jpg,146,veri,14
VeRi/image_train/0146_c015_00036995_0.jpg,146,veri,14
VeRi/image_train/0146_c015_00037000_0.jpg,146,veri,14
VeRi/image_train/0146_c015_00037005_0.jpg,146,veri,14
VeRi/image_train/0146_c015_00037010_0.jpg,146,veri,14
VeRi/image_train/0146_c016_00020085_0.jpg,146,veri,15
VeRi/image_train/0146_c016_00020090_0.jpg,146,veri,15
VeRi/image_train/0146_c016_00020095_0.jpg,146,veri,15
VeRi/image_train/0146_c016_00020100_0.jpg,146,veri,15
VeRi/image_train/0146_c016_00036540_0.jpg,146,veri,15
VeRi/image_train/0146_c016_00036550_0.jpg,146,veri,15
VeRi/image_train/0146_c016_00036555_0.jpg,146,veri,15
VeRi/image_train/0146_c016_00036570_0.jpg,146,veri,15
VeRi/image_train/0146_c017_00037885_0.jpg,146,veri,16
VeRi/image_train/0146_c017_00037910_0.jpg,146,veri,16
VeRi/image_train/0146_c017_00037925_0.jpg,146,veri,16
VeRi/image_train/0146_c017_00037940_0.jpg,146,veri,16
VeRi/image_train/0146_c017_00037945_0.jpg,146,veri,16
VeRi/image_train/0146_c017_00037955_0.jpg,146,veri,16
VeRi/image_train/0147_c001_00052510_0.jpg,147,veri,0
VeRi/image_train/0147_c001_00052515_0.jpg,147,veri,0
VeRi/image_train/0147_c001_00052520_0.jpg,147,veri,0
VeRi/image_train/0147_c001_00052525_0.jpg,147,veri,0
VeRi/image_train/0147_c001_00052530_0.jpg,147,veri,0
VeRi/image_train/0147_c001_00052535_0.jpg,147,veri,0
VeRi/image_train/0147_c002_00053000_0.jpg,147,veri,1
VeRi/image_train/0147_c002_00053010_0.jpg,147,veri,1
VeRi/image_train/0147_c002_00053025_0.jpg,147,veri,1
VeRi/image_train/0147_c002_00053035_0.jpg,147,veri,1
VeRi/image_train/0147_c002_00053045_0.jpg,147,veri,1
VeRi/image_train/0147_c002_00053080_0.jpg,147,veri,1
VeRi/image_train/0147_c002_00088795_1.jpg,147,veri,1
VeRi/image_train/0147_c002_00088805_1.jpg,147,veri,1
VeRi/image_train/0147_c002_00088830_0.jpg,147,veri,1
VeRi/image_train/0147_c002_00088855_0.jpg,147,veri,1
VeRi/image_train/0147_c002_00088860_0.jpg,147,veri,1
VeRi/image_train/0147_c002_00088870_0.jpg,147,veri,1
VeRi/image_train/0147_c004_00085625_0.jpg,147,veri,3
VeRi/image_train/0147_c004_00085660_0.jpg,147,veri,3
VeRi/image_train/0147_c004_00085695_0.jpg,147,veri,3
VeRi/image_train/0147_c004_00085745_0.jpg,147,veri,3
VeRi/image_train/0147_c004_00085780_0.jpg,147,veri,3
VeRi/image_train/0147_c004_00085820_0.jpg,147,veri,3
VeRi/image_train/0147_c006_00055335_0.jpg,147,veri,5
VeRi/image_train/0147_c006_00055385_0.jpg,147,veri,5
VeRi/image_train/0147_c006_00055405_0.jpg,147,veri,5
VeRi/image_train/0147_c006_00055430_0.jpg,147,veri,5
VeRi/image_train/0147_c006_00055450_0.jpg,147,veri,5
VeRi/image_train/0147_c006_00055465_0.jpg,147,veri,5
VeRi/image_train/0147_c006_00086490_1.jpg,147,veri,5
VeRi/image_train/0147_c006_00086500_0.jpg,147,veri,5
VeRi/image_train/0147_c006_00086515_0.jpg,147,veri,5
VeRi/image_train/0147_c006_00086525_0.jpg,147,veri,5
VeRi/image_train/0147_c006_00086535_0.jpg,147,veri,5
VeRi/image_train/0147_c006_00086550_0.jpg,147,veri,5
VeRi/image_train/0147_c010_00055600_0.jpg,147,veri,9
VeRi/image_train/0147_c010_00055605_0.jpg,147,veri,9
VeRi/image_train/0147_c010_00055610_0.jpg,147,veri,9
VeRi/image_train/0147_c010_00055615_0.jpg,147,veri,9
VeRi/image_train/0147_c010_00055620_0.jpg,147,veri,9
VeRi/image_train/0147_c010_00055625_0.jpg,147,veri,9
VeRi/image_train/0147_c010_00086445_0.jpg,147,veri,9
VeRi/image_train/0147_c010_00086450_0.jpg,147,veri,9
VeRi/image_train/0147_c010_00086455_0.jpg,147,veri,9
VeRi/image_train/0147_c010_00086460_0.jpg,147,veri,9
VeRi/image_train/0147_c010_00086465_0.jpg,147,veri,9
VeRi/image_train/0147_c010_00086470_0.jpg,147,veri,9
VeRi/image_train/0147_c011_00055370_0.jpg,147,veri,10
VeRi/image_train/0147_c011_00055380_0.jpg,147,veri,10
VeRi/image_train/0147_c011_00055395_0.jpg,147,veri,10
VeRi/image_train/0147_c011_00055410_0.jpg,147,veri,10
VeRi/image_train/0147_c011_00055420_0.jpg,147,veri,10
VeRi/image_train/0147_c011_00055435_0.jpg,147,veri,10
VeRi/image_train/0147_c011_00055445_0.jpg,147,veri,10
VeRi/image_train/0147_c012_00052080_0.jpg,147,veri,11
VeRi/image_train/0147_c012_00052095_0.jpg,147,veri,11
VeRi/image_train/0147_c012_00052110_0.jpg,147,veri,11
VeRi/image_train/0147_c012_00052120_0.jpg,147,veri,11
VeRi/image_train/0147_c012_00052130_0.jpg,147,veri,11
VeRi/image_train/0147_c012_00052140_0.jpg,147,veri,11
VeRi/image_train/0147_c013_00052220_0.jpg,147,veri,12
VeRi/image_train/0147_c013_00052225_0.jpg,147,veri,12
VeRi/image_train/0147_c013_00052230_0.jpg,147,veri,12
VeRi/image_train/0147_c013_00052235_0.jpg,147,veri,12
VeRi/image_train/0147_c013_00052240_0.jpg,147,veri,12
VeRi/image_train/0147_c013_00052245_0.jpg,147,veri,12
VeRi/image_train/0147_c014_00050290_0.jpg,147,veri,13
VeRi/image_train/0147_c014_00050295_0.jpg,147,veri,13
VeRi/image_train/0147_c014_00050300_0.jpg,147,veri,13
VeRi/image_train/0147_c014_00050305_0.jpg,147,veri,13
VeRi/image_train/0147_c014_00050310_0.jpg,147,veri,13
VeRi/image_train/0147_c014_00050315_0.jpg,147,veri,13
VeRi/image_train/0147_c015_00050400_0.jpg,147,veri,14
VeRi/image_train/0147_c015_00050405_0.jpg,147,veri,14
VeRi/image_train/0147_c015_00050410_0.jpg,147,veri,14
VeRi/image_train/0147_c015_00050415_0.jpg,147,veri,14
VeRi/image_train/0147_c015_00050420_0.jpg,147,veri,14
VeRi/image_train/0147_c015_00050425_0.jpg,147,veri,14
VeRi/image_train/0147_c016_00050130_0.jpg,147,veri,15
VeRi/image_train/0147_c016_00050135_0.jpg,147,veri,15
VeRi/image_train/0147_c016_00050140_0.jpg,147,veri,15
VeRi/image_train/0147_c016_00050145_0.jpg,147,veri,15
VeRi/image_train/0147_c016_00050150_0.jpg,147,veri,15
VeRi/image_train/0147_c016_00050155_0.jpg,147,veri,15
VeRi/image_train/0147_c017_00051325_0.jpg,147,veri,16
VeRi/image_train/0147_c017_00051335_0.jpg,147,veri,16
VeRi/image_train/0147_c017_00051345_0.jpg,147,veri,16
VeRi/image_train/0147_c017_00051355_0.jpg,147,veri,16
VeRi/image_train/0147_c017_00051365_0.jpg,147,veri,16
VeRi/image_train/0147_c017_00051375_0.jpg,147,veri,16
VeRi/image_train/0147_c019_00051120_0.jpg,147,veri,18
VeRi/image_train/0147_c019_00051130_0.jpg,147,veri,18
VeRi/image_train/0147_c019_00051135_0.jpg,147,veri,18
VeRi/image_train/0147_c019_00051140_0.jpg,147,veri,18
VeRi/image_train/0147_c019_00051145_0.jpg,147,veri,18
VeRi/image_train/0147_c019_00051155_0.jpg,147,veri,18
VeRi/image_train/0148_c001_00014155_0.jpg,148,veri,0
VeRi/image_train/0148_c001_00014165_0.jpg,148,veri,0
VeRi/image_train/0148_c001_00014175_0.jpg,148,veri,0
VeRi/image_train/0148_c001_00014185_0.jpg,148,veri,0
VeRi/image_train/0148_c001_00014195_0.jpg,148,veri,0
VeRi/image_train/0148_c001_00014200_0.jpg,148,veri,0
VeRi/image_train/0148_c002_00015090_0.jpg,148,veri,1
VeRi/image_train/0148_c002_00015100_0.jpg,148,veri,1
VeRi/image_train/0148_c002_00015110_0.jpg,148,veri,1
VeRi/image_train/0148_c002_00015120_0.jpg,148,veri,1
VeRi/image_train/0148_c002_00015130_0.jpg,148,veri,1
VeRi/image_train/0148_c002_00015160_1.jpg,148,veri,1
VeRi/image_train/0148_c002_00035120_0.jpg,148,veri,1
VeRi/image_train/0148_c002_00035130_0.jpg,148,veri,1
VeRi/image_train/0148_c002_00035140_0.jpg,148,veri,1
VeRi/image_train/0148_c002_00035150_0.jpg,148,veri,1
VeRi/image_train/0148_c002_00035160_0.jpg,148,veri,1
VeRi/image_train/0148_c002_00035190_0.jpg,148,veri,1
VeRi/image_train/0148_c012_00012175_0.jpg,148,veri,11
VeRi/image_train/0148_c012_00012190_0.jpg,148,veri,11
VeRi/image_train/0148_c012_00012200_0.jpg,148,veri,11
VeRi/image_train/0148_c012_00012205_0.jpg,148,veri,11
VeRi/image_train/0148_c012_00012210_0.jpg,148,veri,11
VeRi/image_train/0148_c012_00012220_0.jpg,148,veri,11
VeRi/image_train/0148_c013_00012290_1.jpg,148,veri,12
VeRi/image_train/0148_c013_00012300_1.jpg,148,veri,12
VeRi/image_train/0148_c013_00012315_0.jpg,148,veri,12
VeRi/image_train/0148_c013_00012335_0.jpg,148,veri,12
VeRi/image_train/0148_c013_00012345_0.jpg,148,veri,12
VeRi/image_train/0148_c013_00012355_1.jpg,148,veri,12
VeRi/image_train/0148_c014_00005385_1.jpg,148,veri,13
VeRi/image_train/0148_c014_00005400_1.jpg,148,veri,13
VeRi/image_train/0148_c014_00005430_1.jpg,148,veri,13
VeRi/image_train/0148_c014_00005475_0.jpg,148,veri,13
VeRi/image_train/0148_c014_00005480_0.jpg,148,veri,13
VeRi/image_train/0148_c014_00005490_0.jpg,148,veri,13
VeRi/image_train/0148_c015_00005580_0.jpg,148,veri,14
VeRi/image_train/0148_c015_00005585_0.jpg,148,veri,14
VeRi/image_train/0148_c015_00005590_0.jpg,148,veri,14
VeRi/image_train/0148_c015_00005595_0.jpg,148,veri,14
VeRi/image_train/0148_c016_00005095_0.jpg,148,veri,15
VeRi/image_train/0148_c016_00005100_0.jpg,148,veri,15
VeRi/image_train/0148_c016_00005105_0.jpg,148,veri,15
VeRi/image_train/0148_c016_00005110_0.jpg,148,veri,15
VeRi/image_train/0148_c016_00005115_0.jpg,148,veri,15
VeRi/image_train/0148_c017_00006780_0.jpg,148,veri,16
VeRi/image_train/0148_c017_00006795_0.jpg,148,veri,16
VeRi/image_train/0148_c017_00006820_0.jpg,148,veri,16
VeRi/image_train/0148_c017_00006840_0.jpg,148,veri,16
VeRi/image_train/0148_c017_00006860_0.jpg,148,veri,16
VeRi/image_train/0148_c017_00006900_0.jpg,148,veri,16
VeRi/image_train/0148_c018_00007085_0.jpg,148,veri,17
VeRi/image_train/0148_c018_00007095_0.jpg,148,veri,17
VeRi/image_train/0148_c018_00007100_0.jpg,148,veri,17
VeRi/image_train/0148_c018_00007105_0.jpg,148,veri,17
VeRi/image_train/0148_c018_00007110_0.jpg,148,veri,17
VeRi/image_train/0148_c018_00007120_0.jpg,148,veri,17
VeRi/image_train/0148_c019_00006550_0.jpg,148,veri,18
VeRi/image_train/0148_c019_00006555_0.jpg,148,veri,18
VeRi/image_train/0148_c019_00006565_0.jpg,148,veri,18
VeRi/image_train/0148_c019_00006570_0.jpg,148,veri,18
VeRi/image_train/0148_c019_00006575_0.jpg,148,veri,18
VeRi/image_train/0148_c019_00006580_0.jpg,148,veri,18
VeRi/image_train/0149_c001_00074675_0.jpg,149,veri,0
VeRi/image_train/0149_c001_00074685_0.jpg,149,veri,0
VeRi/image_train/0149_c001_00074695_0.jpg,149,veri,0
VeRi/image_train/0149_c001_00074705_0.jpg,149,veri,0
VeRi/image_train/0149_c001_00074750_0.jpg,149,veri,0
VeRi/image_train/0149_c001_00074765_0.jpg,149,veri,0
VeRi/image_train/0149_c012_00075270_0.jpg,149,veri,11
VeRi/image_train/0149_c012_00075280_0.jpg,149,veri,11
VeRi/image_train/0149_c012_00075290_0.jpg,149,veri,11
VeRi/image_train/0149_c012_00075300_0.jpg,149,veri,11
VeRi/image_train/0149_c012_00075310_0.jpg,149,veri,11
VeRi/image_train/0149_c012_00075320_0.jpg,149,veri,11
VeRi/image_train/0149_c013_00075085_0.jpg,149,veri,12
VeRi/image_train/0149_c013_00075090_0.jpg,149,veri,12
VeRi/image_train/0149_c013_00075095_0.jpg,149,veri,12
VeRi/image_train/0149_c013_00075100_0.jpg,149,veri,12
VeRi/image_train/0149_c013_00075105_0.jpg,149,veri,12
VeRi/image_train/0149_c013_00075110_0.jpg,149,veri,12
VeRi/image_train/0149_c014_00077210_0.jpg,149,veri,13
VeRi/image_train/0149_c014_00077215_0.jpg,149,veri,13
VeRi/image_train/0149_c014_00077220_0.jpg,149,veri,13
VeRi/image_train/0149_c014_00077225_0.jpg,149,veri,13
VeRi/image_train/0149_c014_00077230_0.jpg,149,veri,13
VeRi/image_train/0149_c014_00077235_0.jpg,149,veri,13
VeRi/image_train/0149_c015_00077015_0.jpg,149,veri,14
VeRi/image_train/0149_c015_00077020_0.jpg,149,veri,14
VeRi/image_train/0149_c015_00077025_0.jpg,149,veri,14
VeRi/image_train/0149_c015_00077030_0.jpg,149,veri,14
VeRi/image_train/0149_c015_00077035_0.jpg,149,veri,14
VeRi/image_train/0149_c015_00077040_0.jpg,149,veri,14
VeRi/image_train/0149_c016_00078940_0.jpg,149,veri,15
VeRi/image_train/0149_c016_00078960_0.jpg,149,veri,15
VeRi/image_train/0149_c016_00078980_0.jpg,149,veri,15
VeRi/image_train/0149_c016_00078985_0.jpg,149,veri,15
VeRi/image_train/0149_c016_00079000_0.jpg,149,veri,15
VeRi/image_train/0149_c016_00079005_0.jpg,149,veri,15
VeRi/image_train/0149_c017_00076115_0.jpg,149,veri,16
VeRi/image_train/0149_c017_00076120_0.jpg,149,veri,16
VeRi/image_train/0149_c017_00076125_0.jpg,149,veri,16
VeRi/image_train/0149_c017_00076130_0.jpg,149,veri,16
VeRi/image_train/0149_c017_00076140_0.jpg,149,veri,16
VeRi/image_train/0149_c017_00076145_0.jpg,149,veri,16
VeRi/image_train/0149_c019_00076285_0.jpg,149,veri,18
VeRi/image_train/0149_c019_00076295_0.jpg,149,veri,18
VeRi/image_train/0149_c019_00076305_0.jpg,149,veri,18
VeRi/image_train/0149_c019_00076315_0.jpg,149,veri,18
VeRi/image_train/0149_c019_00076325_0.jpg,149,veri,18
VeRi/image_train/0149_c019_00076355_0.jpg,149,veri,18
VeRi/image_train/0152_c001_00055460_0.jpg,152,veri,0
VeRi/image_train/0152_c001_00055470_0.jpg,152,veri,0
VeRi/image_train/0152_c001_00055480_0.jpg,152,veri,0
VeRi/image_train/0152_c001_00055490_0.jpg,152,veri,0
VeRi/image_train/0152_c001_00055515_0.jpg,152,veri,0
VeRi/image_train/0152_c001_00055535_0.jpg,152,veri,0
VeRi/image_train/0152_c012_00056260_0.jpg,152,veri,11
VeRi/image_train/0152_c012_00056270_0.jpg,152,veri,11
VeRi/image_train/0152_c012_00056280_0.jpg,152,veri,11
VeRi/image_train/0152_c012_00056290_0.jpg,152,veri,11
VeRi/image_train/0152_c012_00056295_0.jpg,152,veri,11
VeRi/image_train/0152_c012_00056305_0.jpg,152,veri,11
VeRi/image_train/0152_c013_00056040_0.jpg,152,veri,12
VeRi/image_train/0152_c013_00056045_0.jpg,152,veri,12
VeRi/image_train/0152_c013_00056050_0.jpg,152,veri,12
VeRi/image_train/0152_c013_00056055_0.jpg,152,veri,12
VeRi/image_train/0152_c013_00056060_0.jpg,152,veri,12
VeRi/image_train/0152_c013_00056065_0.jpg,152,veri,12
VeRi/image_train/0152_c014_00058225_0.jpg,152,veri,13
VeRi/image_train/0152_c014_00058230_0.jpg,152,veri,13
VeRi/image_train/0152_c014_00058235_0.jpg,152,veri,13
VeRi/image_train/0152_c014_00058240_0.jpg,152,veri,13
VeRi/image_train/0152_c014_00058245_0.jpg,152,veri,13
VeRi/image_train/0152_c014_00058250_0.jpg,152,veri,13
VeRi/image_train/0152_c015_00057990_0.jpg,152,veri,14
VeRi/image_train/0152_c015_00057995_0.jpg,152,veri,14
VeRi/image_train/0152_c015_00058000_0.jpg,152,veri,14
VeRi/image_train/0152_c015_00058005_0.jpg,152,veri,14
VeRi/image_train/0152_c015_00058010_0.jpg,152,veri,14
VeRi/image_train/0152_c015_00058015_0.jpg,152,veri,14
VeRi/image_train/0152_c016_00058445_0.jpg,152,veri,15
VeRi/image_train/0152_c016_00058450_0.jpg,152,veri,15
VeRi/image_train/0152_c016_00058480_0.jpg,152,veri,15
VeRi/image_train/0152_c016_00058485_0.jpg,152,veri,15
VeRi/image_train/0152_c016_00058490_0.jpg,152,veri,15
VeRi/image_train/0152_c016_00058495_0.jpg,152,veri,15
VeRi/image_train/0152_c017_00057020_0.jpg,152,veri,16
VeRi/image_train/0152_c017_00057025_0.jpg,152,veri,16
VeRi/image_train/0152_c017_00057030_0.jpg,152,veri,16
VeRi/image_train/0152_c017_00057035_0.jpg,152,veri,16
VeRi/image_train/0152_c017_00057045_0.jpg,152,veri,16
VeRi/image_train/0152_c017_00057055_0.jpg,152,veri,16
VeRi/image_train/0152_c019_00057245_0.jpg,152,veri,18
VeRi/image_train/0152_c019_00057250_0.jpg,152,veri,18
VeRi/image_train/0152_c019_00057255_0.jpg,152,veri,18
VeRi/image_train/0152_c019_00057280_0.jpg,152,veri,18
VeRi/image_train/0152_c019_00057290_0.jpg,152,veri,18
VeRi/image_train/0152_c019_00057300_0.jpg,152,veri,18
VeRi/image_train/0155_c001_00014240_0.jpg,155,veri,0
VeRi/image_train/0155_c001_00014255_0.jpg,155,veri,0
VeRi/image_train/0155_c001_00014265_0.jpg,155,veri,0
VeRi/image_train/0155_c001_00014275_0.jpg,155,veri,0
VeRi/image_train/0155_c001_00014285_0.jpg,155,veri,0
VeRi/image_train/0155_c001_00014295_0.jpg,155,veri,0
VeRi/image_train/0155_c002_00015190_0.jpg,155,veri,1
VeRi/image_train/0155_c002_00015200_0.jpg,155,veri,1
VeRi/image_train/0155_c002_00015210_0.jpg,155,veri,1
VeRi/image_train/0155_c002_00015220_0.jpg,155,veri,1
VeRi/image_train/0155_c002_00015230_0.jpg,155,veri,1
VeRi/image_train/0155_c002_00015315_0.jpg,155,veri,1
VeRi/image_train/0155_c012_00012670_0.jpg,155,veri,11
VeRi/image_train/0155_c012_00012705_0.jpg,155,veri,11
VeRi/image_train/0155_c012_00012715_0.jpg,155,veri,11
VeRi/image_train/0155_c012_00012735_0.jpg,155,veri,11
VeRi/image_train/0155_c012_00012750_0.jpg,155,veri,11
VeRi/image_train/0155_c012_00012760_0.jpg,155,veri,11
VeRi/image_train/0155_c013_00012935_0.jpg,155,veri,12
VeRi/image_train/0155_c013_00012945_0.jpg,155,veri,12
VeRi/image_train/0155_c013_00012960_0.jpg,155,veri,12
VeRi/image_train/0155_c013_00012970_0.jpg,155,veri,12
VeRi/image_train/0155_c013_00012985_0.jpg,155,veri,12
VeRi/image_train/0155_c013_00013010_1.jpg,155,veri,12
VeRi/image_train/0155_c014_00010830_0.jpg,155,veri,13
VeRi/image_train/0155_c014_00010855_0.jpg,155,veri,13
VeRi/image_train/0155_c014_00010860_0.jpg,155,veri,13
VeRi/image_train/0155_c014_00010880_0.jpg,155,veri,13
VeRi/image_train/0155_c014_00010885_0.jpg,155,veri,13
VeRi/image_train/0155_c014_00010890_0.jpg,155,veri,13
VeRi/image_train/0155_c015_00010945_0.jpg,155,veri,14
VeRi/image_train/0155_c015_00010955_0.jpg,155,veri,14
VeRi/image_train/0155_c015_00010960_0.jpg,155,veri,14
VeRi/image_train/0155_c015_00010965_0.jpg,155,veri,14
VeRi/image_train/0155_c015_00010970_0.jpg,155,veri,14
VeRi/image_train/0155_c015_00010975_0.jpg,155,veri,14
VeRi/image_train/0155_c016_00010615_0.jpg,155,veri,15
VeRi/image_train/0155_c016_00010620_0.jpg,155,veri,15
VeRi/image_train/0155_c016_00010625_0.jpg,155,veri,15
VeRi/image_train/0155_c016_00010630_0.jpg,155,veri,15
VeRi/image_train/0155_c017_00011925_0.jpg,155,veri,16
VeRi/image_train/0155_c017_00011940_0.jpg,155,veri,16
VeRi/image_train/0155_c017_00011960_0.jpg,155,veri,16
VeRi/image_train/0155_c017_00011980_0.jpg,155,veri,16
VeRi/image_train/0155_c017_00011990_0.jpg,155,veri,16
VeRi/image_train/0155_c017_00012005_0.jpg,155,veri,16
VeRi/image_train/0155_c019_00011730_1.jpg,155,veri,18
VeRi/image_train/0155_c019_00011735_1.jpg,155,veri,18
VeRi/image_train/0155_c019_00011740_1.jpg,155,veri,18
VeRi/image_train/0155_c019_00011750_1.jpg,155,veri,18
VeRi/image_train/0155_c019_00011755_0.jpg,155,veri,18
VeRi/image_train/0155_c019_00011760_0.jpg,155,veri,18
VeRi/image_train/0157_c001_00059500_0.jpg,157,veri,0
VeRi/image_train/0157_c001_00059510_0.jpg,157,veri,0
VeRi/image_train/0157_c001_00059520_1.jpg,157,veri,0
VeRi/image_train/0157_c001_00059530_1.jpg,157,veri,0
VeRi/image_train/0157_c001_00059550_0.jpg,157,veri,0
VeRi/image_train/0157_c001_00059560_0.jpg,157,veri,0
VeRi/image_train/0157_c002_00060550_0.jpg,157,veri,1
VeRi/image_train/0157_c002_00060565_0.jpg,157,veri,1
VeRi/image_train/0157_c002_00060585_0.jpg,157,veri,1
VeRi/image_train/0157_c002_00060600_0.jpg,157,veri,1
VeRi/image_train/0157_c002_00060620_0.jpg,157,veri,1
VeRi/image_train/0157_c002_00060655_0.jpg,157,veri,1
VeRi/image_train/0157_c002_00068110_0.jpg,157,veri,1
VeRi/image_train/0157_c002_00068135_0.jpg,157,veri,1
VeRi/image_train/0157_c002_00068195_0.jpg,157,veri,1
VeRi/image_train/0157_c002_00068230_0.jpg,157,veri,1
VeRi/image_train/0157_c002_00068240_1.jpg,157,veri,1
VeRi/image_train/0157_c002_00068250_1.jpg,157,veri,1
VeRi/image_train/0157_c012_00057520_0.jpg,157,veri,11
VeRi/image_train/0157_c012_00057535_0.jpg,157,veri,11
VeRi/image_train/0157_c012_00057550_0.jpg,157,veri,11
VeRi/image_train/0157_c012_00057565_0.jpg,157,veri,11
VeRi/image_train/0157_c012_00057575_0.jpg,157,veri,11
VeRi/image_train/0157_c012_00057585_0.jpg,157,veri,11
VeRi/image_train/0157_c013_00057680_0.jpg,157,veri,12
VeRi/image_train/0157_c013_00057685_0.jpg,157,veri,12
VeRi/image_train/0157_c013_00057690_0.jpg,157,veri,12
VeRi/image_train/0157_c013_00057695_0.jpg,157,veri,12
VeRi/image_train/0157_c013_00057700_0.jpg,157,veri,12
VeRi/image_train/0157_c013_00057705_0.jpg,157,veri,12
VeRi/image_train/0157_c014_00055515_0.jpg,157,veri,13
VeRi/image_train/0157_c014_00055540_0.jpg,157,veri,13
VeRi/image_train/0157_c014_00055565_0.jpg,157,veri,13
VeRi/image_train/0157_c014_00055590_0.jpg,157,veri,13
VeRi/image_train/0157_c014_00055630_0.jpg,157,veri,13
VeRi/image_train/0157_c014_00055635_0.jpg,157,veri,13
VeRi/image_train/0157_c015_00055790_0.jpg,157,veri,14
VeRi/image_train/0157_c015_00055795_0.jpg,157,veri,14
VeRi/image_train/0157_c015_00055800_0.jpg,157,veri,14
VeRi/image_train/0157_c015_00055805_0.jpg,157,veri,14
VeRi/image_train/0157_c015_00055810_0.jpg,157,veri,14
VeRi/image_train/0157_c015_00055815_0.jpg,157,veri,14
VeRi/image_train/0157_c016_00055305_0.jpg,157,veri,15
VeRi/image_train/0157_c016_00055310_0.jpg,157,veri,15
VeRi/image_train/0157_c016_00055315_0.jpg,157,veri,15
VeRi/image_train/0157_c017_00056880_0.jpg,157,veri,16
VeRi/image_train/0157_c017_00056885_0.jpg,157,veri,16
VeRi/image_train/0157_c017_00056890_0.jpg,157,veri,16
VeRi/image_train/0157_c017_00056895_0.jpg,157,veri,16
VeRi/image_train/0157_c017_00056905_0.jpg,157,veri,16
VeRi/image_train/0157_c017_00056915_0.jpg,157,veri,16
VeRi/image_train/0157_c019_00056680_0.jpg,157,veri,18
VeRi/image_train/0157_c019_00056685_0.jpg,157,veri,18
VeRi/image_train/0157_c019_00056690_0.jpg,157,veri,18
VeRi/image_train/0157_c019_00056695_0.jpg,157,veri,18
VeRi/image_train/0157_c019_00056700_0.jpg,157,veri,18
VeRi/image_train/0157_c019_00056715_0.jpg,157,veri,18
VeRi/image_train/0016_c001_00048665_2.jpg,16,veri,0
VeRi/image_train/0016_c001_00048675_2.jpg,16,veri,0
VeRi/image_train/0016_c001_00048685_1.jpg,16,veri,0
VeRi/image_train/0016_c001_00048695_1.jpg,16,veri,0
VeRi/image_train/0016_c001_00048705_1.jpg,16,veri,0
VeRi/image_train/0016_c001_00048725_1.jpg,16,veri,0
VeRi/image_train/0016_c003_00065245_1.jpg,16,veri,2
VeRi/image_train/0016_c003_00065255_1.jpg,16,veri,2
VeRi/image_train/0016_c003_00065280_1.jpg,16,veri,2
VeRi/image_train/0016_c003_00065295_1.jpg,16,veri,2
VeRi/image_train/0016_c003_00065345_0.jpg,16,veri,2
VeRi/image_train/0016_c003_00065390_0.jpg,16,veri,2
VeRi/image_train/0016_c004_00065255_0.jpg,16,veri,3
VeRi/image_train/0016_c004_00065260_0.jpg,16,veri,3
VeRi/image_train/0016_c004_00065305_1.jpg,16,veri,3
VeRi/image_train/0016_c004_00065310_0.jpg,16,veri,3
VeRi/image_train/0016_c004_00065320_1.jpg,16,veri,3
VeRi/image_train/0016_c004_00065360_0.jpg,16,veri,3
VeRi/image_train/0016_c008_00064960_0.jpg,16,veri,7
VeRi/image_train/0016_c008_00064965_0.jpg,16,veri,7
VeRi/image_train/0016_c008_00064970_0.jpg,16,veri,7
VeRi/image_train/0016_c008_00064975_0.jpg,16,veri,7
VeRi/image_train/0016_c008_00064980_0.jpg,16,veri,7
VeRi/image_train/0016_c008_00064985_0.jpg,16,veri,7
VeRi/image_train/0016_c009_00065020_0.jpg,16,veri,8
VeRi/image_train/0016_c009_00065025_0.jpg,16,veri,8
VeRi/image_train/0016_c009_00065030_0.jpg,16,veri,8
VeRi/image_train/0016_c009_00065035_0.jpg,16,veri,8
VeRi/image_train/0016_c009_00065040_0.jpg,16,veri,8
VeRi/image_train/0016_c009_00065045_0.jpg,16,veri,8
VeRi/image_train/0016_c012_00049055_0.jpg,16,veri,11
VeRi/image_train/0016_c012_00049060_0.jpg,16,veri,11
VeRi/image_train/0016_c012_00049065_0.jpg,16,veri,11
VeRi/image_train/0016_c012_00049070_0.jpg,16,veri,11
VeRi/image_train/0016_c012_00049075_0.jpg,16,veri,11
VeRi/image_train/0016_c012_00049080_0.jpg,16,veri,11
VeRi/image_train/0016_c013_00048930_0.jpg,16,veri,12
VeRi/image_train/0016_c013_00048950_0.jpg,16,veri,12
VeRi/image_train/0016_c013_00048955_0.jpg,16,veri,12
VeRi/image_train/0016_c013_00048960_0.jpg,16,veri,12
VeRi/image_train/0016_c013_00048965_0.jpg,16,veri,12
VeRi/image_train/0016_c014_00050845_0.jpg,16,veri,13
VeRi/image_train/0016_c014_00050850_0.jpg,16,veri,13
VeRi/image_train/0016_c014_00050855_0.jpg,16,veri,13
VeRi/image_train/0016_c014_00050860_0.jpg,16,veri,13
VeRi/image_train/0016_c014_00050865_0.jpg,16,veri,13
VeRi/image_train/0016_c014_00050870_0.jpg,16,veri,13
VeRi/image_train/0016_c015_00050625_0.jpg,16,veri,14
VeRi/image_train/0016_c015_00050630_0.jpg,16,veri,14
VeRi/image_train/0016_c015_00050635_0.jpg,16,veri,14
VeRi/image_train/0016_c015_00050640_0.jpg,16,veri,14
VeRi/image_train/0016_c015_00050645_0.jpg,16,veri,14
VeRi/image_train/0016_c015_00050650_0.jpg,16,veri,14
VeRi/image_train/0016_c016_00051150_0.jpg,16,veri,15
VeRi/image_train/0016_c016_00051180_0.jpg,16,veri,15
VeRi/image_train/0016_c016_00051185_0.jpg,16,veri,15
VeRi/image_train/0016_c016_00051210_0.jpg,16,veri,15
VeRi/image_train/0016_c016_00051215_0.jpg,16,veri,15
VeRi/image_train/0016_c016_00051220_0.jpg,16,veri,15
VeRi/image_train/0016_c017_00049590_1.jpg,16,veri,16
VeRi/image_train/0016_c017_00049595_0.jpg,16,veri,16
VeRi/image_train/0016_c017_00049600_0.jpg,16,veri,16
VeRi/image_train/0016_c017_00049605_0.jpg,16,veri,16
VeRi/image_train/0016_c017_00049610_1.jpg,16,veri,16
VeRi/image_train/0016_c017_00049615_0.jpg,16,veri,16
VeRi/image_train/0016_c019_00049755_1.jpg,16,veri,18
VeRi/image_train/0016_c019_00049760_0.jpg,16,veri,18
VeRi/image_train/0016_c019_00049770_0.jpg,16,veri,18
VeRi/image_train/0016_c019_00049780_0.jpg,16,veri,18
VeRi/image_train/0016_c019_00049795_0.jpg,16,veri,18
VeRi/image_train/0016_c019_00049805_0.jpg,16,veri,18
VeRi/image_train/0163_c001_00012290_0.jpg,163,veri,0
VeRi/image_train/0163_c001_00012295_0.jpg,163,veri,0
VeRi/image_train/0163_c001_00012300_0.jpg,163,veri,0
VeRi/image_train/0163_c001_00012305_0.jpg,163,veri,0
VeRi/image_train/0163_c001_00012310_0.jpg,163,veri,0
VeRi/image_train/0163_c001_00012315_0.jpg,163,veri,0
VeRi/image_train/0163_c002_00011245_1.jpg,163,veri,1
VeRi/image_train/0163_c002_00011260_1.jpg,163,veri,1
VeRi/image_train/0163_c002_00011270_0.jpg,163,veri,1
VeRi/image_train/0163_c002_00011280_0.jpg,163,veri,1
VeRi/image_train/0163_c002_00011290_0.jpg,163,veri,1
VeRi/image_train/0163_c002_00011300_0.jpg,163,veri,1
VeRi/image_train/0163_c012_00012845_0.jpg,163,veri,11
VeRi/image_train/0163_c012_00012850_0.jpg,163,veri,11
VeRi/image_train/0163_c012_00012860_0.jpg,163,veri,11
VeRi/image_train/0163_c012_00012870_0.jpg,163,veri,11
VeRi/image_train/0163_c012_00012875_0.jpg,163,veri,11
VeRi/image_train/0163_c012_00012885_0.jpg,163,veri,11
VeRi/image_train/0163_c013_00012720_0.jpg,163,veri,12
VeRi/image_train/0163_c013_00012730_0.jpg,163,veri,12
VeRi/image_train/0163_c013_00012735_0.jpg,163,veri,12
VeRi/image_train/0163_c013_00012745_0.jpg,163,veri,12
VeRi/image_train/0163_c013_00012750_0.jpg,163,veri,12
VeRi/image_train/0163_c014_00014470_0.jpg,163,veri,13
VeRi/image_train/0163_c014_00014475_0.jpg,163,veri,13
VeRi/image_train/0163_c014_00014480_0.jpg,163,veri,13
VeRi/image_train/0163_c014_00014485_0.jpg,163,veri,13
VeRi/image_train/0163_c014_00014490_0.jpg,163,veri,13
VeRi/image_train/0163_c014_00014495_0.jpg,163,veri,13
VeRi/image_train/0163_c015_00014320_0.jpg,163,veri,14
VeRi/image_train/0163_c015_00014325_0.jpg,163,veri,14
VeRi/image_train/0163_c015_00014335_0.jpg,163,veri,14
VeRi/image_train/0163_c015_00014345_0.jpg,163,veri,14
VeRi/image_train/0163_c015_00014360_0.jpg,163,veri,14
VeRi/image_train/0163_c015_00014365_0.jpg,163,veri,14
VeRi/image_train/0163_c016_00014860_0.jpg,163,veri,15
VeRi/image_train/0163_c016_00014865_0.jpg,163,veri,15
VeRi/image_train/0163_c016_00014870_0.jpg,163,veri,15
VeRi/image_train/0163_c016_00014875_0.jpg,163,veri,15
VeRi/image_train/0163_c016_00015765_0.jpg,163,veri,15
VeRi/image_train/0163_c016_00015770_0.jpg,163,veri,15
VeRi/image_train/0163_c017_00013540_1.jpg,163,veri,16
VeRi/image_train/0163_c017_00013550_0.jpg,163,veri,16
VeRi/image_train/0163_c017_00013560_0.jpg,163,veri,16
VeRi/image_train/0163_c017_00013570_0.jpg,163,veri,16
VeRi/image_train/0163_c017_00013580_0.jpg,163,veri,16
VeRi/image_train/0163_c017_00013590_0.jpg,163,veri,16
VeRi/image_train/0163_c019_00013740_0.jpg,163,veri,18
VeRi/image_train/0163_c019_00013745_0.jpg,163,veri,18
VeRi/image_train/0163_c019_00013750_0.jpg,163,veri,18
VeRi/image_train/0163_c019_00013760_0.jpg,163,veri,18
VeRi/image_train/0163_c019_00013765_0.jpg,163,veri,18
VeRi/image_train/0163_c019_00013775_0.jpg,163,veri,18
VeRi/image_train/0169_c001_00043055_0.jpg,169,veri,0
VeRi/image_train/0169_c001_00043060_0.jpg,169,veri,0
VeRi/image_train/0169_c001_00043065_0.jpg,169,veri,0
VeRi/image_train/0169_c001_00043075_0.jpg,169,veri,0
VeRi/image_train/0169_c001_00043090_0.jpg,169,veri,0
VeRi/image_train/0169_c001_00043110_0.jpg,169,veri,0
VeRi/image_train/0169_c001_00062455_0.jpg,169,veri,0
VeRi/image_train/0169_c001_00062465_0.jpg,169,veri,0
VeRi/image_train/0169_c001_00062475_0.jpg,169,veri,0
VeRi/image_train/0169_c001_00062485_0.jpg,169,veri,0
VeRi/image_train/0169_c001_00062495_0.jpg,169,veri,0
VeRi/image_train/0169_c001_00062505_0.jpg,169,veri,0
VeRi/image_train/0169_c002_00041425_0.jpg,169,veri,1
VeRi/image_train/0169_c002_00041445_0.jpg,169,veri,1
VeRi/image_train/0169_c002_00041465_0.jpg,169,veri,1
VeRi/image_train/0169_c002_00041485_0.jpg,169,veri,1
VeRi/image_train/0169_c002_00041505_0.jpg,169,veri,1
VeRi/image_train/0169_c003_00030390_0.jpg,169,veri,2
VeRi/image_train/0169_c003_00030400_0.jpg,169,veri,2
VeRi/image_train/0169_c003_00030410_0.jpg,169,veri,2
VeRi/image_train/0169_c003_00030415_0.jpg,169,veri,2
VeRi/image_train/0169_c003_00030420_0.jpg,169,veri,2
VeRi/image_train/0169_c003_00030425_0.jpg,169,veri,2
VeRi/image_train/0169_c004_00030315_0.jpg,169,veri,3
VeRi/image_train/0169_c004_00030320_0.jpg,169,veri,3
VeRi/image_train/0169_c004_00030325_0.jpg,169,veri,3
VeRi/image_train/0169_c004_00030330_1.jpg,169,veri,3
VeRi/image_train/0169_c004_00030335_0.jpg,169,veri,3
VeRi/image_train/0169_c004_00030340_0.jpg,169,veri,3
VeRi/image_train/0169_c006_00031090_2.jpg,169,veri,5
VeRi/image_train/0169_c006_00031110_2.jpg,169,veri,5
VeRi/image_train/0169_c006_00031135_2.jpg,169,veri,5
VeRi/image_train/0169_c006_00031175_0.jpg,169,veri,5
VeRi/image_train/0169_c006_00031205_0.jpg,169,veri,5
VeRi/image_train/0169_c006_00031230_0.jpg,169,veri,5
VeRi/image_train/0169_c008_00030095_0.jpg,169,veri,7
VeRi/image_train/0169_c008_00030110_0.jpg,169,veri,7
VeRi/image_train/0169_c008_00030120_0.jpg,169,veri,7
VeRi/image_train/0169_c008_00030130_0.jpg,169,veri,7
VeRi/image_train/0169_c008_00030140_0.jpg,169,veri,7
VeRi/image_train/0169_c008_00030150_0.jpg,169,veri,7
VeRi/image_train/0169_c009_00030070_0.jpg,169,veri,8
VeRi/image_train/0169_c009_00030115_0.jpg,169,veri,8
VeRi/image_train/0169_c009_00030120_0.jpg,169,veri,8
VeRi/image_train/0169_c009_00030125_0.jpg,169,veri,8
VeRi/image_train/0169_c009_00030130_0.jpg,169,veri,8
VeRi/image_train/0169_c009_00030140_0.jpg,169,veri,8
VeRi/image_train/0169_c010_00030995_1.jpg,169,veri,9
VeRi/image_train/0169_c010_00031000_1.jpg,169,veri,9
VeRi/image_train/0169_c010_00031005_1.jpg,169,veri,9
VeRi/image_train/0169_c010_00031010_1.jpg,169,veri,9
VeRi/image_train/0169_c010_00031015_1.jpg,169,veri,9
VeRi/image_train/0169_c010_00031020_1.jpg,169,veri,9
VeRi/image_train/0169_c011_00031060_1.jpg,169,veri,10
VeRi/image_train/0169_c011_00031070_1.jpg,169,veri,10
VeRi/image_train/0169_c011_00031080_1.jpg,169,veri,10
VeRi/image_train/0169_c011_00031090_1.jpg,169,veri,10
VeRi/image_train/0169_c011_00031100_1.jpg,169,veri,10
VeRi/image_train/0169_c011_00031165_1.jpg,169,veri,10
VeRi/image_train/0169_c012_00061700_0.jpg,169,veri,11
VeRi/image_train/0169_c012_00061710_0.jpg,169,veri,11
VeRi/image_train/0169_c012_00061715_0.jpg,169,veri,11
VeRi/image_train/0169_c012_00061720_0.jpg,169,veri,11
VeRi/image_train/0169_c012_00061725_0.jpg,169,veri,11
VeRi/image_train/0169_c012_00061730_0.jpg,169,veri,11
VeRi/image_train/0169_c013_00043600_0.jpg,169,veri,12
VeRi/image_train/0169_c013_00043615_0.jpg,169,veri,12
VeRi/image_train/0169_c013_00043655_0.jpg,169,veri,12
VeRi/image_train/0171_c001_00023725_1.jpg,171,veri,0
VeRi/image_train/0171_c001_00023740_0.jpg,171,veri,0
VeRi/image_train/0171_c001_00023755_0.jpg,171,veri,0
VeRi/image_train/0171_c001_00023770_0.jpg,171,veri,0
VeRi/image_train/0171_c001_00023785_0.jpg,171,veri,0
VeRi/image_train/0171_c001_00045165_1.jpg,171,veri,0
VeRi/image_train/0171_c001_00045170_0.jpg,171,veri,0
VeRi/image_train/0171_c001_00045175_1.jpg,171,veri,0
VeRi/image_train/0171_c001_00045180_0.jpg,171,veri,0
VeRi/image_train/0171_c001_00045185_1.jpg,171,veri,0
VeRi/image_train/0171_c001_00045190_0.jpg,171,veri,0
VeRi/image_train/0171_c002_00024195_0.jpg,171,veri,1
VeRi/image_train/0171_c002_00024205_0.jpg,171,veri,1
VeRi/image_train/0171_c002_00024215_0.jpg,171,veri,1
VeRi/image_train/0171_c002_00024225_0.jpg,171,veri,1
VeRi/image_train/0171_c002_00024255_0.jpg,171,veri,1
VeRi/image_train/0171_c002_00024280_0.jpg,171,veri,1
VeRi/image_train/0171_c002_00042240_0.jpg,171,veri,1
VeRi/image_train/0171_c002_00042260_0.jpg,171,veri,1
VeRi/image_train/0171_c002_00042285_0.jpg,171,veri,1
VeRi/image_train/0171_c002_00042305_0.jpg,171,veri,1
VeRi/image_train/0171_c002_00042325_0.jpg,171,veri,1
VeRi/image_train/0171_c002_00042345_0.jpg,171,veri,1
VeRi/image_train/0171_c012_00022470_0.jpg,171,veri,11
VeRi/image_train/0171_c012_00022475_0.jpg,171,veri,11
VeRi/image_train/0171_c012_00022485_0.jpg,171,veri,11
VeRi/image_train/0171_c012_00022490_0.jpg,171,veri,11
VeRi/image_train/0171_c012_00022505_0.jpg,171,veri,11
VeRi/image_train/0171_c012_00022510_0.jpg,171,veri,11
VeRi/image_train/0171_c012_00045620_0.jpg,171,veri,11
VeRi/image_train/0171_c012_00045625_0.jpg,171,veri,11
VeRi/image_train/0171_c012_00045630_0.jpg,171,veri,11
VeRi/image_train/0171_c012_00045635_0.jpg,171,veri,11
VeRi/image_train/0171_c012_00045640_0.jpg,171,veri,11
VeRi/image_train/0171_c012_00045645_0.jpg,171,veri,11
VeRi/image_train/0171_c013_00022560_0.jpg,171,veri,12
VeRi/image_train/0171_c013_00022570_0.jpg,171,veri,12
VeRi/image_train/0171_c013_00022580_0.jpg,171,veri,12
VeRi/image_train/0171_c013_00022590_0.jpg,171,veri,12
VeRi/image_train/0171_c013_00045475_0.jpg,171,veri,12
VeRi/image_train/0171_c013_00045480_0.jpg,171,veri,12
VeRi/image_train/0171_c013_00045485_0.jpg,171,veri,12
VeRi/image_train/0171_c013_00045490_0.jpg,171,veri,12
VeRi/image_train/0171_c013_00045495_0.jpg,171,veri,12
VeRi/image_train/0171_c013_00045500_0.jpg,171,veri,12
VeRi/image_train/0171_c014_00021050_0.jpg,171,veri,13
VeRi/image_train/0171_c014_00021060_0.jpg,171,veri,13
VeRi/image_train/0171_c014_00021070_1.jpg,171,veri,13
VeRi/image_train/0171_c014_00021090_0.jpg,171,veri,13
VeRi/image_train/0171_c014_00021095_0.jpg,171,veri,13
VeRi/image_train/0171_c014_00051555_0.jpg,171,veri,13
VeRi/image_train/0171_c014_00051560_0.jpg,171,veri,13
VeRi/image_train/0171_c014_00051565_0.jpg,171,veri,13
VeRi/image_train/0171_c014_00051570_0.jpg,171,veri,13
VeRi/image_train/0171_c014_00051575_0.jpg,171,veri,13
VeRi/image_train/0171_c014_00051580_0.jpg,171,veri,13
VeRi/image_train/0171_c015_00021115_0.jpg,171,veri,14
VeRi/image_train/0171_c015_00021120_0.jpg,171,veri,14
VeRi/image_train/0171_c015_00021125_0.jpg,171,veri,14
VeRi/image_train/0171_c015_00051330_0.jpg,171,veri,14
VeRi/image_train/0171_c015_00051335_0.jpg,171,veri,14
VeRi/image_train/0171_c015_00051340_0.jpg,171,veri,14
VeRi/image_train/0171_c015_00051345_0.jpg,171,veri,14
VeRi/image_train/0171_c015_00051350_0.jpg,171,veri,14
VeRi/image_train/0171_c015_00051355_0.jpg,171,veri,14
VeRi/image_train/0171_c016_00020830_0.jpg,171,veri,15
VeRi/image_train/0171_c016_00020835_0.jpg,171,veri,15
VeRi/image_train/0171_c016_00020840_0.jpg,171,veri,15
VeRi/image_train/0171_c016_00020845_0.jpg,171,veri,15
VeRi/image_train/0171_c016_00020850_0.jpg,171,veri,15
VeRi/image_train/0171_c016_00020855_0.jpg,171,veri,15
VeRi/image_train/0171_c016_00052735_0.jpg,171,veri,15
VeRi/image_train/0171_c016_00052740_0.jpg,171,veri,15
VeRi/image_train/0171_c016_00052745_0.jpg,171,veri,15
VeRi/image_train/0171_c016_00052750_0.jpg,171,veri,15
VeRi/image_train/0171_c016_00052755_0.jpg,171,veri,15
VeRi/image_train/0171_c016_00052760_0.jpg,171,veri,15
VeRi/image_train/0171_c017_00021855_0.jpg,171,veri,16
VeRi/image_train/0171_c017_00021870_0.jpg,171,veri,16
VeRi/image_train/0171_c017_00021885_0.jpg,171,veri,16
VeRi/image_train/0171_c017_00021900_0.jpg,171,veri,16
VeRi/image_train/0171_c017_00021915_0.jpg,171,veri,16
VeRi/image_train/0171_c017_00021935_0.jpg,171,veri,16
VeRi/image_train/0171_c019_00021685_0.jpg,171,veri,18
VeRi/image_train/0171_c019_00021695_0.jpg,171,veri,18
VeRi/image_train/0171_c019_00021720_0.jpg,171,veri,18
VeRi/image_train/0171_c019_00021725_0.jpg,171,veri,18
VeRi/image_train/0171_c019_00021730_0.jpg,171,veri,18
VeRi/image_train/0171_c019_00046380_0.jpg,171,veri,18
VeRi/image_train/0171_c019_00046395_0.jpg,171,veri,18
VeRi/image_train/0171_c019_00046415_0.jpg,171,veri,18
VeRi/image_train/0171_c019_00046430_0.jpg,171,veri,18
VeRi/image_train/0171_c019_00046445_0.jpg,171,veri,18
VeRi/image_train/0171_c019_00046455_0.jpg,171,veri,18
VeRi/image_train/0184_c014_00016935_0.jpg,184,veri,13
VeRi/image_train/0184_c014_00016945_1.jpg,184,veri,13
VeRi/image_train/0184_c014_00016950_1.jpg,184,veri,13
VeRi/image_train/0184_c014_00016955_1.jpg,184,veri,13
VeRi/image_train/0184_c014_00016960_1.jpg,184,veri,13
VeRi/image_train/0184_c014_00016965_1.jpg,184,veri,13
VeRi/image_train/0184_c015_00016735_0.jpg,184,veri,14
VeRi/image_train/0184_c015_00016740_0.jpg,184,veri,14
VeRi/image_train/0184_c015_00016745_0.jpg,184,veri,14
VeRi/image_train/0184_c015_00016750_0.jpg,184,veri,14
VeRi/image_train/0184_c015_00016755_0.jpg,184,veri,14
VeRi/image_train/0184_c015_00016760_0.jpg,184,veri,14
VeRi/image_train/0184_c016_00017235_0.jpg,184,veri,15
VeRi/image_train/0184_c016_00017250_0.jpg,184,veri,15
VeRi/image_train/0184_c016_00017255_0.jpg,184,veri,15
VeRi/image_train/0184_c016_00017260_0.jpg,184,veri,15
VeRi/image_train/0184_c016_00017265_0.jpg,184,veri,15
VeRi/image_train/0184_c016_00017280_0.jpg,184,veri,15
VeRi/image_train/0184_c017_00015675_0.jpg,184,veri,16
VeRi/image_train/0184_c017_00015690_0.jpg,184,veri,16
VeRi/image_train/0184_c017_00015705_0.jpg,184,veri,16
VeRi/image_train/0184_c017_00015720_0.jpg,184,veri,16
VeRi/image_train/0184_c017_00015725_0.jpg,184,veri,16
VeRi/image_train/0184_c017_00015745_0.jpg,184,veri,16
VeRi/image_train/0184_c018_00015105_0.jpg,184,veri,17
VeRi/image_train/0184_c018_00015145_0.jpg,184,veri,17
VeRi/image_train/0184_c018_00015180_0.jpg,184,veri,17
VeRi/image_train/0184_c018_00015295_0.jpg,184,veri,17
VeRi/image_train/0184_c018_00015315_0.jpg,184,veri,17
VeRi/image_train/0184_c018_00015345_0.jpg,184,veri,17
VeRi/image_train/0184_c019_00015925_0.jpg,184,veri,18
VeRi/image_train/0184_c019_00015930_0.jpg,184,veri,18
VeRi/image_train/0184_c019_00015935_0.jpg,184,veri,18
VeRi/image_train/0184_c019_00015945_0.jpg,184,veri,18
VeRi/image_train/0184_c019_00015950_0.jpg,184,veri,18
VeRi/image_train/0184_c019_00015960_0.jpg,184,veri,18
VeRi/image_train/0190_c014_00005560_0.jpg,190,veri,13
VeRi/image_train/0190_c014_00005565_0.jpg,190,veri,13
VeRi/image_train/0190_c014_00005570_0.jpg,190,veri,13
VeRi/image_train/0190_c014_00005575_0.jpg,190,veri,13
VeRi/image_train/0190_c014_00051235_1.jpg,190,veri,13
VeRi/image_train/0190_c014_00051240_1.jpg,190,veri,13
VeRi/image_train/0190_c014_00051245_1.jpg,190,veri,13
VeRi/image_train/0190_c014_00051250_1.jpg,190,veri,13
VeRi/image_train/0190_c014_00051255_1.jpg,190,veri,13
VeRi/image_train/0190_c014_00051260_1.jpg,190,veri,13
VeRi/image_train/0190_c014_00073745_0.jpg,190,veri,13
VeRi/image_train/0190_c014_00073750_0.jpg,190,veri,13
VeRi/image_train/0190_c014_00073755_0.jpg,190,veri,13
VeRi/image_train/0190_c014_00073760_0.jpg,190,veri,13
VeRi/image_train/0190_c014_00073765_0.jpg,190,veri,13
VeRi/image_train/0190_c014_00073770_0.jpg,190,veri,13
VeRi/image_train/0190_c015_00005450_0.jpg,190,veri,14
VeRi/image_train/0190_c015_00005455_0.jpg,190,veri,14
VeRi/image_train/0190_c015_00005460_0.jpg,190,veri,14
VeRi/image_train/0190_c015_00005480_0.jpg,190,veri,14
VeRi/image_train/0190_c015_00005485_0.jpg,190,veri,14
VeRi/image_train/0190_c015_00005490_0.jpg,190,veri,14
VeRi/image_train/0190_c015_00051275_0.jpg,190,veri,14
VeRi/image_train/0190_c015_00051280_0.jpg,190,veri,14
VeRi/image_train/0190_c015_00051285_0.jpg,190,veri,14
VeRi/image_train/0190_c015_00051290_0.jpg,190,veri,14
VeRi/image_train/0190_c015_00051295_0.jpg,190,veri,14
VeRi/image_train/0190_c015_00051300_0.jpg,190,veri,14
VeRi/image_train/0190_c015_00073485_1.jpg,190,veri,14
VeRi/image_train/0190_c015_00073490_1.jpg,190,veri,14
VeRi/image_train/0190_c015_00073495_1.jpg,190,veri,14
VeRi/image_train/0190_c015_00073500_0.jpg,190,veri,14
VeRi/image_train/0190_c015_00073505_0.jpg,190,veri,14
VeRi/image_train/0190_c015_00073510_0.jpg,190,veri,14
VeRi/image_train/0190_c016_00005705_0.jpg,190,veri,15
VeRi/image_train/0190_c016_00005710_0.jpg,190,veri,15
VeRi/image_train/0190_c016_00005715_0.jpg,190,veri,15
VeRi/image_train/0190_c016_00005720_0.jpg,190,veri,15
VeRi/image_train/0190_c016_00051020_0.jpg,190,veri,15
VeRi/image_train/0190_c016_00051025_0.jpg,190,veri,15
VeRi/image_train/0190_c016_00051030_0.jpg,190,veri,15
VeRi/image_train/0190_c016_00051035_0.jpg,190,veri,15
VeRi/image_train/0190_c016_00051040_0.jpg,190,veri,15
VeRi/image_train/0190_c016_00051045_0.jpg,190,veri,15
VeRi/image_train/0190_c016_00076260_0.jpg,190,veri,15
VeRi/image_train/0190_c016_00076265_0.jpg,190,veri,15
VeRi/image_train/0190_c016_00076270_0.jpg,190,veri,15
VeRi/image_train/0190_c016_00076275_0.jpg,190,veri,15
VeRi/image_train/0190_c016_00076280_0.jpg,190,veri,15
VeRi/image_train/0190_c016_00076285_0.jpg,190,veri,15
VeRi/image_train/0190_c017_00004340_0.jpg,190,veri,16
VeRi/image_train/0190_c017_00004360_0.jpg,190,veri,16
VeRi/image_train/0190_c017_00004380_0.jpg,190,veri,16
VeRi/image_train/0190_c017_00004400_0.jpg,190,veri,16
VeRi/image_train/0190_c017_00004415_0.jpg,190,veri,16
VeRi/image_train/0190_c017_00004430_0.jpg,190,veri,16
VeRi/image_train/0190_c017_00004635_0.jpg,190,veri,16
VeRi/image_train/0190_c017_00004645_0.jpg,190,veri,16
VeRi/image_train/0190_c017_00004655_0.jpg,190,veri,16
VeRi/image_train/0190_c017_00004665_0.jpg,190,veri,16
VeRi/image_train/0190_c017_00004680_0.jpg,190,veri,16
VeRi/image_train/0190_c017_00004690_0.jpg,190,veri,16
VeRi/image_train/0190_c017_00071985_0.jpg,190,veri,16
VeRi/image_train/0190_c017_00071995_0.jpg,190,veri,16
VeRi/image_train/0190_c017_00072015_0.jpg,190,veri,16
VeRi/image_train/0190_c017_00072030_0.jpg,190,veri,16
VeRi/image_train/0190_c017_00072035_0.jpg,190,veri,16
VeRi/image_train/0190_c017_00072045_0.jpg,190,veri,16
VeRi/image_train/0190_c017_00072295_0.jpg,190,veri,16
VeRi/image_train/0190_c017_00072300_0.jpg,190,veri,16
VeRi/image_train/0190_c017_00072305_0.jpg,190,veri,16
VeRi/image_train/0190_c017_00072315_0.jpg,190,veri,16
VeRi/image_train/0190_c017_00072325_0.jpg,190,veri,16
VeRi/image_train/0190_c017_00072355_1.jpg,190,veri,16
VeRi/image_train/0190_c019_00004135_0.jpg,190,veri,18
VeRi/image_train/0190_c019_00004140_0.jpg,190,veri,18
VeRi/image_train/0190_c019_00004155_0.jpg,190,veri,18
VeRi/image_train/0190_c019_00004170_0.jpg,190,veri,18
VeRi/image_train/0190_c019_00004180_0.jpg,190,veri,18
VeRi/image_train/0190_c019_00004205_0.jpg,190,veri,18
VeRi/image_train/0190_c019_00004870_0.jpg,190,veri,18
VeRi/image_train/0190_c019_00004885_0.jpg,190,veri,18
VeRi/image_train/0190_c019_00004900_0.jpg,190,veri,18
VeRi/image_train/0190_c019_00004910_0.jpg,190,veri,18
VeRi/image_train/0190_c019_00004915_0.jpg,190,veri,18
VeRi/image_train/0190_c019_00004930_0.jpg,190,veri,18
VeRi/image_train/0190_c019_00071540_0.jpg,190,veri,18
VeRi/image_train/0190_c019_00071545_0.jpg,190,veri,18
VeRi/image_train/0190_c019_00071560_0.jpg,190,veri,18
VeRi/image_train/0190_c019_00071585_0.jpg,190,veri,18
VeRi/image_train/0190_c019_00071605_0.jpg,190,veri,18
VeRi/image_train/0190_c019_00071675_0.jpg,190,veri,18
VeRi/image_train/0190_c019_00072545_0.jpg,190,veri,18
VeRi/image_train/0190_c019_00072555_0.jpg,190,veri,18
VeRi/image_train/0190_c019_00072565_0.jpg,190,veri,18
VeRi/image_train/0190_c019_00072575_0.jpg,190,veri,18
VeRi/image_train/0190_c019_00072585_0.jpg,190,veri,18
VeRi/image_train/0190_c019_00072605_0.jpg,190,veri,18
VeRi/image_train/0191_c001_00030845_0.jpg,191,veri,0
VeRi/image_train/0191_c001_00030850_0.jpg,191,veri,0
VeRi/image_train/0191_c001_00030855_0.jpg,191,veri,0
VeRi/image_train/0191_c001_00030860_0.jpg,191,veri,0
VeRi/image_train/0191_c001_00030865_0.jpg,191,veri,0
VeRi/image_train/0191_c001_00030870_0.jpg,191,veri,0
VeRi/image_train/0191_c002_00029020_1.jpg,191,veri,1
VeRi/image_train/0191_c002_00029030_1.jpg,191,veri,1
VeRi/image_train/0191_c002_00029045_1.jpg,191,veri,1
VeRi/image_train/0191_c002_00029050_0.jpg,191,veri,1
VeRi/image_train/0191_c002_00029060_0.jpg,191,veri,1
VeRi/image_train/0191_c002_00029070_0.jpg,191,veri,1
VeRi/image_train/0191_c003_00026905_0.jpg,191,veri,2
VeRi/image_train/0191_c003_00026955_0.jpg,191,veri,2
VeRi/image_train/0191_c003_00026960_0.jpg,191,veri,2
VeRi/image_train/0191_c003_00026970_0.jpg,191,veri,2
VeRi/image_train/0191_c003_00026980_0.jpg,191,veri,2
VeRi/image_train/0191_c003_00026990_0.jpg,191,veri,2
VeRi/image_train/0191_c004_00026805_0.jpg,191,veri,3
VeRi/image_train/0191_c004_00026850_0.jpg,191,veri,3
VeRi/image_train/0191_c004_00026870_0.jpg,191,veri,3
VeRi/image_train/0191_c004_00026900_0.jpg,191,veri,3
VeRi/image_train/0191_c004_00026925_0.jpg,191,veri,3
VeRi/image_train/0191_c004_00026940_0.jpg,191,veri,3
VeRi/image_train/0191_c006_00027390_0.jpg,191,veri,5
VeRi/image_train/0191_c006_00027400_0.jpg,191,veri,5
VeRi/image_train/0191_c006_00027415_0.jpg,191,veri,5
VeRi/image_train/0191_c006_00027430_0.jpg,191,veri,5
VeRi/image_train/0191_c006_00027445_0.jpg,191,veri,5
VeRi/image_train/0191_c006_00027465_0.jpg,191,veri,5
VeRi/image_train/0191_c010_00027375_0.jpg,191,veri,9
VeRi/image_train/0191_c010_00027380_0.jpg,191,veri,9
VeRi/image_train/0191_c010_00027385_0.jpg,191,veri,9
VeRi/image_train/0191_c010_00027390_0.jpg,191,veri,9
VeRi/image_train/0191_c010_00027395_0.jpg,191,veri,9
VeRi/image_train/0191_c010_00027400_0.jpg,191,veri,9
VeRi/image_train/0191_c011_00027355_0.jpg,191,veri,10
VeRi/image_train/0191_c011_00027360_0.jpg,191,veri,10
VeRi/image_train/0191_c011_00027370_0.jpg,191,veri,10
VeRi/image_train/0191_c011_00027380_0.jpg,191,veri,10
VeRi/image_train/0191_c011_00027395_0.jpg,191,veri,10
VeRi/image_train/0191_c011_00027440_0.jpg,191,veri,10
VeRi/image_train/0191_c012_00031195_0.jpg,191,veri,11
VeRi/image_train/0191_c012_00031200_0.jpg,191,veri,11
VeRi/image_train/0191_c012_00031205_0.jpg,191,veri,11
VeRi/image_train/0191_c012_00031210_0.jpg,191,veri,11
VeRi/image_train/0191_c012_00031215_0.jpg,191,veri,11
VeRi/image_train/0191_c012_00031220_0.jpg,191,veri,11
VeRi/image_train/0191_c013_00031085_0.jpg,191,veri,12
VeRi/image_train/0191_c013_00031095_0.jpg,191,veri,12
VeRi/image_train/0191_c013_00031100_0.jpg,191,veri,12
VeRi/image_train/0191_c013_00031105_0.jpg,191,veri,12
VeRi/image_train/0191_c013_00031115_0.jpg,191,veri,12
VeRi/image_train/0191_c014_00043070_0.jpg,191,veri,13
VeRi/image_train/0191_c014_00043075_0.jpg,191,veri,13
VeRi/image_train/0191_c014_00043080_1.jpg,191,veri,13
VeRi/image_train/0191_c014_00043085_1.jpg,191,veri,13
VeRi/image_train/0191_c014_00043090_1.jpg,191,veri,13
VeRi/image_train/0191_c015_00032280_0.jpg,191,veri,14
VeRi/image_train/0191_c015_00032285_0.jpg,191,veri,14
VeRi/image_train/0191_c015_00032290_0.jpg,191,veri,14
VeRi/image_train/0191_c015_00032295_0.jpg,191,veri,14
VeRi/image_train/0191_c015_00032300_0.jpg,191,veri,14
VeRi/image_train/0191_c015_00032305_0.jpg,191,veri,14
VeRi/image_train/0191_c016_00043230_0.jpg,191,veri,15
VeRi/image_train/0191_c016_00043235_0.jpg,191,veri,15
VeRi/image_train/0191_c016_00043240_0.jpg,191,veri,15
VeRi/image_train/0191_c017_00031620_1.jpg,191,veri,16
VeRi/image_train/0191_c017_00031625_0.jpg,191,veri,16
VeRi/image_train/0191_c017_00031635_0.jpg,191,veri,16
VeRi/image_train/0191_c017_00031640_0.jpg,191,veri,16
VeRi/image_train/0191_c017_00031645_0.jpg,191,veri,16
VeRi/image_train/0191_c017_00031655_0.jpg,191,veri,16
VeRi/image_train/0191_c019_00031815_0.jpg,191,veri,18
VeRi/image_train/0191_c019_00031820_0.jpg,191,veri,18
VeRi/image_train/0191_c019_00031825_0.jpg,191,veri,18
VeRi/image_train/0191_c019_00031830_0.jpg,191,veri,18
VeRi/image_train/0191_c019_00031835_0.jpg,191,veri,18
VeRi/image_train/0195_c001_00056985_1.jpg,195,veri,0
VeRi/image_train/0195_c001_00056995_0.jpg,195,veri,0
VeRi/image_train/0195_c001_00057000_0.jpg,195,veri,0
VeRi/image_train/0195_c001_00057005_0.jpg,195,veri,0
VeRi/image_train/0195_c001_00057010_0.jpg,195,veri,0
VeRi/image_train/0195_c001_00057015_0.jpg,195,veri,0
VeRi/image_train/0195_c002_00057445_0.jpg,195,veri,1
VeRi/image_train/0195_c002_00057455_0.jpg,195,veri,1
VeRi/image_train/0195_c002_00057465_0.jpg,195,veri,1
VeRi/image_train/0195_c002_00057475_0.jpg,195,veri,1
VeRi/image_train/0195_c002_00057495_0.jpg,195,veri,1
VeRi/image_train/0195_c002_00057520_0.jpg,195,veri,1
VeRi/image_train/0195_c012_00055270_0.jpg,195,veri,11
VeRi/image_train/0195_c012_00055280_0.jpg,195,veri,11
VeRi/image_train/0195_c012_00055290_0.jpg,195,veri,11
VeRi/image_train/0195_c012_00055300_0.jpg,195,veri,11
VeRi/image_train/0195_c012_00055310_0.jpg,195,veri,11
VeRi/image_train/0195_c012_00055320_0.jpg,195,veri,11
VeRi/image_train/0195_c013_00055360_0.jpg,195,veri,12
VeRi/image_train/0195_c013_00055365_0.jpg,195,veri,12
VeRi/image_train/0195_c013_00055370_0.jpg,195,veri,12
VeRi/image_train/0195_c013_00055375_0.jpg,195,veri,12
VeRi/image_train/0195_c013_00055380_0.jpg,195,veri,12
VeRi/image_train/0195_c013_00055385_0.jpg,195,veri,12
VeRi/image_train/0195_c014_00053865_0.jpg,195,veri,13
VeRi/image_train/0195_c014_00053870_0.jpg,195,veri,13
VeRi/image_train/0195_c014_00053875_0.jpg,195,veri,13
VeRi/image_train/0195_c014_00053880_0.jpg,195,veri,13
VeRi/image_train/0195_c014_00053885_0.jpg,195,veri,13
VeRi/image_train/0195_c014_00053890_0.jpg,195,veri,13
VeRi/image_train/0195_c015_00053860_0.jpg,195,veri,14
VeRi/image_train/0195_c015_00053865_0.jpg,195,veri,14
VeRi/image_train/0195_c015_00053870_0.jpg,195,veri,14
VeRi/image_train/0195_c015_00053875_0.jpg,195,veri,14
VeRi/image_train/0195_c015_00053880_0.jpg,195,veri,14
VeRi/image_train/0195_c015_00053885_0.jpg,195,veri,14
VeRi/image_train/0195_c016_00053620_0.jpg,195,veri,15
VeRi/image_train/0195_c016_00053625_0.jpg,195,veri,15
VeRi/image_train/0195_c016_00053630_0.jpg,195,veri,15
VeRi/image_train/0195_c016_00053635_0.jpg,195,veri,15
VeRi/image_train/0195_c016_00053640_0.jpg,195,veri,15
VeRi/image_train/0195_c016_00053645_0.jpg,195,veri,15
VeRi/image_train/0195_c017_00054825_0.jpg,195,veri,16
VeRi/image_train/0195_c017_00054835_0.jpg,195,veri,16
VeRi/image_train/0195_c017_00054840_0.jpg,195,veri,16
VeRi/image_train/0195_c017_00054845_0.jpg,195,veri,16
VeRi/image_train/0195_c017_00054850_0.jpg,195,veri,16
VeRi/image_train/0195_c017_00054865_0.jpg,195,veri,16
VeRi/image_train/0195_c019_00054665_0.jpg,195,veri,18
VeRi/image_train/0195_c019_00054670_0.jpg,195,veri,18
VeRi/image_train/0195_c019_00054675_0.jpg,195,veri,18
VeRi/image_train/0195_c019_00054750_0.jpg,195,veri,18
VeRi/image_train/0198_c003_00022485_0.jpg,198,veri,2
VeRi/image_train/0198_c003_00022490_0.jpg,198,veri,2
VeRi/image_train/0198_c003_00022495_0.jpg,198,veri,2
VeRi/image_train/0198_c003_00022500_0.jpg,198,veri,2
VeRi/image_train/0198_c003_00022510_0.jpg,198,veri,2
VeRi/image_train/0198_c003_00022520_0.jpg,198,veri,2
VeRi/image_train/0198_c003_00057735_1.jpg,198,veri,2
VeRi/image_train/0198_c003_00057745_1.jpg,198,veri,2
VeRi/image_train/0198_c003_00057755_1.jpg,198,veri,2
VeRi/image_train/0198_c003_00057765_1.jpg,198,veri,2
VeRi/image_train/0198_c003_00057775_1.jpg,198,veri,2
VeRi/image_train/0198_c003_00057785_1.jpg,198,veri,2
VeRi/image_train/0198_c004_00022405_0.jpg,198,veri,3
VeRi/image_train/0198_c004_00022410_0.jpg,198,veri,3
VeRi/image_train/0198_c004_00022415_0.jpg,198,veri,3
VeRi/image_train/0198_c004_00022420_0.jpg,198,veri,3
VeRi/image_train/0198_c004_00022425_0.jpg,198,veri,3
VeRi/image_train/0198_c004_00022430_0.jpg,198,veri,3
VeRi/image_train/0198_c004_00057695_1.jpg,198,veri,3
VeRi/image_train/0198_c004_00057700_1.jpg,198,veri,3
VeRi/image_train/0198_c004_00057710_0.jpg,198,veri,3
VeRi/image_train/0198_c004_00057735_0.jpg,198,veri,3
VeRi/image_train/0198_c004_00057765_0.jpg,198,veri,3
VeRi/image_train/0198_c004_00057775_0.jpg,198,veri,3
VeRi/image_train/0198_c005_00058990_1.jpg,198,veri,4
VeRi/image_train/0198_c005_00059005_1.jpg,198,veri,4
VeRi/image_train/0198_c005_00059020_1.jpg,198,veri,4
VeRi/image_train/0198_c005_00059045_0.jpg,198,veri,4
VeRi/image_train/0198_c005_00059070_0.jpg,198,veri,4
VeRi/image_train/0198_c005_00059100_0.jpg,198,veri,4
VeRi/image_train/0198_c006_00023075_0.jpg,198,veri,5
VeRi/image_train/0198_c006_00023085_0.jpg,198,veri,5
VeRi/image_train/0198_c006_00023095_0.jpg,198,veri,5
VeRi/image_train/0198_c006_00023115_0.jpg,198,veri,5
VeRi/image_train/0198_c006_00023145_0.jpg,198,veri,5
VeRi/image_train/0198_c006_00023175_0.jpg,198,veri,5
VeRi/image_train/0198_c006_00056855_2.jpg,198,veri,5
VeRi/image_train/0198_c006_00056870_2.jpg,198,veri,5
VeRi/image_train/0198_c006_00056880_1.jpg,198,veri,5
VeRi/image_train/0198_c006_00056900_1.jpg,198,veri,5
VeRi/image_train/0198_c006_00056925_0.jpg,198,veri,5
VeRi/image_train/0198_c006_00056945_0.jpg,198,veri,5
VeRi/image_train/0198_c007_00059125_0.jpg,198,veri,6
VeRi/image_train/0198_c007_00059130_0.jpg,198,veri,6
VeRi/image_train/0198_c007_00059135_0.jpg,198,veri,6
VeRi/image_train/0198_c007_00059145_0.jpg,198,veri,6
VeRi/image_train/0198_c007_00059155_0.jpg,198,veri,6
VeRi/image_train/0198_c007_00059165_0.jpg,198,veri,6
VeRi/image_train/0198_c008_00022295_0.jpg,198,veri,7
VeRi/image_train/0198_c008_00022305_0.jpg,198,veri,7
VeRi/image_train/0198_c008_00022315_0.jpg,198,veri,7
VeRi/image_train/0198_c008_00022320_0.jpg,198,veri,7
VeRi/image_train/0198_c008_00058065_0.jpg,198,veri,7
VeRi/image_train/0198_c008_00058070_0.jpg,198,veri,7
VeRi/image_train/0198_c008_00058075_0.jpg,198,veri,7
VeRi/image_train/0198_c008_00058080_0.jpg,198,veri,7
VeRi/image_train/0198_c008_00058085_0.jpg,198,veri,7
VeRi/image_train/0198_c009_00022330_0.jpg,198,veri,8
VeRi/image_train/0198_c009_00022335_0.jpg,198,veri,8
VeRi/image_train/0198_c009_00022350_0.jpg,198,veri,8
VeRi/image_train/0198_c009_00022360_0.jpg,198,veri,8
VeRi/image_train/0198_c009_00022365_0.jpg,198,veri,8
VeRi/image_train/0198_c009_00022370_0.jpg,198,veri,8
VeRi/image_train/0198_c009_00058020_0.jpg,198,veri,8
VeRi/image_train/0198_c009_00058025_0.jpg,198,veri,8
VeRi/image_train/0198_c009_00058030_0.jpg,198,veri,8
VeRi/image_train/0198_c009_00058035_0.jpg,198,veri,8
VeRi/image_train/0198_c009_00058040_0.jpg,198,veri,8
VeRi/image_train/0198_c009_00058060_0.jpg,198,veri,8
VeRi/image_train/0198_c010_00022975_0.jpg,198,veri,9
VeRi/image_train/0198_c010_00022980_0.jpg,198,veri,9
VeRi/image_train/0198_c010_00022990_0.jpg,198,veri,9
VeRi/image_train/0198_c010_00022995_0.jpg,198,veri,9
VeRi/image_train/0198_c010_00023000_0.jpg,198,veri,9
VeRi/image_train/0198_c010_00023005_0.jpg,198,veri,9
VeRi/image_train/0198_c010_00057095_0.jpg,198,veri,9
VeRi/image_train/0198_c010_00057100_0.jpg,198,veri,9
VeRi/image_train/0198_c010_00057105_0.jpg,198,veri,9
VeRi/image_train/0198_c010_00057110_0.jpg,198,veri,9
VeRi/image_train/0198_c010_00057115_0.jpg,198,veri,9
VeRi/image_train/0198_c010_00057120_0.jpg,198,veri,9
VeRi/image_train/0198_c011_00023045_0.jpg,198,veri,10
VeRi/image_train/0198_c011_00023055_0.jpg,198,veri,10
VeRi/image_train/0198_c011_00023070_0.jpg,198,veri,10
VeRi/image_train/0198_c011_00023090_0.jpg,198,veri,10
VeRi/image_train/0198_c011_00023105_0.jpg,198,veri,10
VeRi/image_train/0198_c011_00023125_0.jpg,198,veri,10
VeRi/image_train/0198_c011_00056870_1.jpg,198,veri,10
VeRi/image_train/0198_c011_00056885_0.jpg,198,veri,10
VeRi/image_train/0198_c011_00056890_0.jpg,198,veri,10
VeRi/image_train/0198_c011_00056905_0.jpg,198,veri,10
VeRi/image_train/0198_c011_00056920_0.jpg,198,veri,10
VeRi/image_train/0198_c011_00056930_0.jpg,198,veri,10
VeRi/image_train/0198_c014_00007785_0.jpg,198,veri,13
VeRi/image_train/0198_c014_00007790_0.jpg,198,veri,13
VeRi/image_train/0198_c014_00007795_0.jpg,198,veri,13
VeRi/image_train/0198_c014_00007800_0.jpg,198,veri,13
VeRi/image_train/0198_c014_00007805_1.jpg,198,veri,13
VeRi/image_train/0198_c014_00010030_0.jpg,198,veri,13
VeRi/image_train/0198_c014_00010035_0.jpg,198,veri,13
VeRi/image_train/0198_c014_00010040_0.jpg,198,veri,13
VeRi/image_train/0198_c014_00010045_0.jpg,198,veri,13
VeRi/image_train/0198_c014_00010050_0.jpg,198,veri,13
VeRi/image_train/0198_c014_00010055_0.jpg,198,veri,13
VeRi/image_train/0198_c014_00018610_1.jpg,198,veri,13
VeRi/image_train/0198_c014_00018615_1.jpg,198,veri,13
VeRi/image_train/0198_c014_00018630_1.jpg,198,veri,13
VeRi/image_train/0198_c014_00018635_1.jpg,198,veri,13
VeRi/image_train/0198_c014_00018650_1.jpg,198,veri,13
VeRi/image_train/0198_c014_00018655_1.jpg,198,veri,13
VeRi/image_train/0198_c015_00009850_0.jpg,198,veri,14
VeRi/image_train/0198_c015_00009885_0.jpg,198,veri,14
VeRi/image_train/0198_c015_00009890_0.jpg,198,veri,14
VeRi/image_train/0198_c015_00009925_0.jpg,198,veri,14
VeRi/image_train/0198_c015_00009930_0.jpg,198,veri,14
VeRi/image_train/0198_c015_00009935_0.jpg,198,veri,14
VeRi/image_train/0198_c016_00007550_0.jpg,198,veri,15
VeRi/image_train/0198_c016_00007555_0.jpg,198,veri,15
VeRi/image_train/0198_c016_00007560_0.jpg,198,veri,15
VeRi/image_train/0198_c016_00007565_0.jpg,198,veri,15
VeRi/image_train/0198_c016_00007570_0.jpg,198,veri,15
VeRi/image_train/0198_c016_00007575_0.jpg,198,veri,15
VeRi/image_train/0198_c016_00018945_0.jpg,198,veri,15
VeRi/image_train/0198_c016_00018950_0.jpg,198,veri,15
VeRi/image_train/0198_c016_00018955_0.jpg,198,veri,15
VeRi/image_train/0198_c016_00018960_0.jpg,198,veri,15
VeRi/image_train/0198_c017_00008630_0.jpg,198,veri,16
VeRi/image_train/0198_c017_00008640_0.jpg,198,veri,16
VeRi/image_train/0198_c017_00008655_0.jpg,198,veri,16
VeRi/image_train/0198_c017_00008670_1.jpg,198,veri,16
VeRi/image_train/0198_c017_00008685_1.jpg,198,veri,16
VeRi/image_train/0198_c017_00008710_0.jpg,198,veri,16
VeRi/image_train/0198_c017_00009035_0.jpg,198,veri,16
VeRi/image_train/0198_c017_00009045_0.jpg,198,veri,16
VeRi/image_train/0198_c017_00009060_0.jpg,198,veri,16
VeRi/image_train/0198_c017_00009075_0.jpg,198,veri,16
VeRi/image_train/0198_c017_00009090_0.jpg,198,veri,16
VeRi/image_train/0198_c017_00009110_0.jpg,198,veri,16
VeRi/image_train/0198_c019_00008445_0.jpg,198,veri,18
VeRi/image_train/0198_c019_00008450_0.jpg,198,veri,18
VeRi/image_train/0198_c019_00008455_0.jpg,198,veri,18
VeRi/image_train/0198_c019_00008460_0.jpg,198,veri,18
VeRi/image_train/0198_c019_00008465_0.jpg,198,veri,18
VeRi/image_train/0198_c019_00008475_0.jpg,198,veri,18
VeRi/image_train/0198_c019_00009225_0.jpg,198,veri,18
VeRi/image_train/0198_c019_00009230_0.jpg,198,veri,18
VeRi/image_train/0198_c019_00009255_0.jpg,198,veri,18
VeRi/image_train/0198_c019_00009265_0.jpg,198,veri,18
VeRi/image_train/0198_c019_00009280_0.jpg,198,veri,18
VeRi/image_train/0198_c019_00009305_0.jpg,198,veri,18
VeRi/image_train/0204_c001_00047825_0.jpg,204,veri,0
VeRi/image_train/0204_c001_00047835_0.jpg,204,veri,0
VeRi/image_train/0204_c001_00047855_0.jpg,204,veri,0
VeRi/image_train/0204_c001_00047860_0.jpg,204,veri,0
VeRi/image_train/0204_c001_00047865_0.jpg,204,veri,0
VeRi/image_train/0204_c001_00074020_0.jpg,204,veri,0
VeRi/image_train/0204_c001_00074025_0.jpg,204,veri,0
VeRi/image_train/0204_c001_00074030_0.jpg,204,veri,0
VeRi/image_train/0204_c001_00074035_0.jpg,204,veri,0
VeRi/image_train/0204_c001_00074040_0.jpg,204,veri,0
VeRi/image_train/0204_c001_00074045_0.jpg,204,veri,0
VeRi/image_train/0204_c002_00048305_0.jpg,204,veri,1
VeRi/image_train/0204_c002_00048315_0.jpg,204,veri,1
VeRi/image_train/0204_c002_00048325_0.jpg,204,veri,1
VeRi/image_train/0204_c002_00048335_0.jpg,204,veri,1
VeRi/image_train/0204_c002_00048345_0.jpg,204,veri,1
VeRi/image_train/0204_c002_00048360_0.jpg,204,veri,1
VeRi/image_train/0204_c002_00072750_0.jpg,204,veri,1
VeRi/image_train/0204_c002_00072765_0.jpg,204,veri,1
VeRi/image_train/0204_c002_00072780_0.jpg,204,veri,1
VeRi/image_train/0204_c002_00072795_0.jpg,204,veri,1
VeRi/image_train/0204_c002_00072810_0.jpg,204,veri,1
VeRi/image_train/0204_c002_00072820_0.jpg,204,veri,1
VeRi/image_train/0204_c012_00047075_0.jpg,204,veri,11
VeRi/image_train/0204_c012_00047080_0.jpg,204,veri,11
VeRi/image_train/0204_c012_00047100_0.jpg,204,veri,11
VeRi/image_train/0204_c012_00047105_0.jpg,204,veri,11
VeRi/image_train/0204_c012_00047110_0.jpg,204,veri,11
VeRi/image_train/0204_c012_00047115_0.jpg,204,veri,11
VeRi/image_train/0204_c012_00074515_0.jpg,204,veri,11
VeRi/image_train/0204_c012_00074525_0.jpg,204,veri,11
VeRi/image_train/0204_c012_00074535_0.jpg,204,veri,11
VeRi/image_train/0204_c012_00074545_0.jpg,204,veri,11
VeRi/image_train/0204_c012_00074555_0.jpg,204,veri,11
VeRi/image_train/0204_c012_00074565_0.jpg,204,veri,11
VeRi/image_train/0204_c013_00047180_0.jpg,204,veri,12
VeRi/image_train/0204_c013_00047185_0.jpg,204,veri,12
VeRi/image_train/0204_c013_00047190_0.jpg,204,veri,12
VeRi/image_train/0204_c013_00047195_0.jpg,204,veri,12
VeRi/image_train/0204_c013_00047200_0.jpg,204,veri,12
VeRi/image_train/0204_c013_00047205_0.jpg,204,veri,12
VeRi/image_train/0204_c013_00074390_0.jpg,204,veri,12
VeRi/image_train/0204_c013_00074395_0.jpg,204,veri,12
VeRi/image_train/0204_c013_00074400_0.jpg,204,veri,12
VeRi/image_train/0204_c013_00074405_0.jpg,204,veri,12
VeRi/image_train/0204_c013_00074410_0.jpg,204,veri,12
VeRi/image_train/0204_c013_00074415_0.jpg,204,veri,12
VeRi/image_train/0204_c014_00045235_0.jpg,204,veri,13
VeRi/image_train/0204_c014_00045245_0.jpg,204,veri,13
VeRi/image_train/0204_c014_00045250_0.jpg,204,veri,13
VeRi/image_train/0204_c014_00045255_0.jpg,204,veri,13
VeRi/image_train/0204_c014_00045260_0.jpg,204,veri,13
VeRi/image_train/0204_c014_00045265_0.jpg,204,veri,13
VeRi/image_train/0204_c014_00076890_0.jpg,204,veri,13
VeRi/image_train/0204_c014_00076895_0.jpg,204,veri,13
VeRi/image_train/0204_c014_00076900_0.jpg,204,veri,13
VeRi/image_train/0204_c014_00076905_0.jpg,204,veri,13
VeRi/image_train/0204_c014_00076910_0.jpg,204,veri,13
VeRi/image_train/0204_c014_00076915_0.jpg,204,veri,13
VeRi/image_train/0204_c015_00045260_0.jpg,204,veri,14
VeRi/image_train/0204_c015_00045265_0.jpg,204,veri,14
VeRi/image_train/0204_c015_00045270_0.jpg,204,veri,14
VeRi/image_train/0204_c015_00045275_0.jpg,204,veri,14
VeRi/image_train/0204_c015_00045280_0.jpg,204,veri,14
VeRi/image_train/0204_c015_00045285_0.jpg,204,veri,14
VeRi/image_train/0204_c015_00076725_0.jpg,204,veri,14
VeRi/image_train/0204_c015_00076730_0.jpg,204,veri,14
VeRi/image_train/0204_c015_00076735_0.jpg,204,veri,14
VeRi/image_train/0204_c015_00076740_0.jpg,204,veri,14
VeRi/image_train/0204_c015_00076745_0.jpg,204,veri,14
VeRi/image_train/0204_c015_00076750_0.jpg,204,veri,14
VeRi/image_train/0204_c016_00045035_0.jpg,204,veri,15
VeRi/image_train/0204_c016_00045040_0.jpg,204,veri,15
VeRi/image_train/0204_c016_00045045_0.jpg,204,veri,15
VeRi/image_train/0204_c016_00045050_0.jpg,204,veri,15
VeRi/image_train/0204_c016_00045055_0.jpg,204,veri,15
VeRi/image_train/0204_c016_00045060_0.jpg,204,veri,15
VeRi/image_train/0204_c016_00078315_0.jpg,204,veri,15
VeRi/image_train/0204_c016_00078320_0.jpg,204,veri,15
VeRi/image_train/0204_c016_00078325_0.jpg,204,veri,15
VeRi/image_train/0204_c016_00078330_0.jpg,204,veri,15
VeRi/image_train/0204_c016_00078335_0.jpg,204,veri,15
VeRi/image_train/0204_c016_00078340_0.jpg,204,veri,15
VeRi/image_train/0204_c017_00046215_0.jpg,204,veri,16
VeRi/image_train/0204_c017_00046230_1.jpg,204,veri,16
VeRi/image_train/0204_c017_00046245_0.jpg,204,veri,16
VeRi/image_train/0204_c017_00046265_1.jpg,204,veri,16
VeRi/image_train/0204_c017_00046285_0.jpg,204,veri,16
VeRi/image_train/0204_c017_00046305_0.jpg,204,veri,16
VeRi/image_train/0204_c017_00075120_0.jpg,204,veri,16
VeRi/image_train/0204_c017_00075125_0.jpg,204,veri,16
VeRi/image_train/0204_c017_00075135_0.jpg,204,veri,16
VeRi/image_train/0204_c017_00075140_0.jpg,204,veri,16
VeRi/image_train/0204_c017_00075150_0.jpg,204,veri,16
VeRi/image_train/0204_c017_00075160_0.jpg,204,veri,16
VeRi/image_train/0204_c019_00045900_0.jpg,204,veri,18
VeRi/image_train/0204_c019_00045905_0.jpg,204,veri,18
VeRi/image_train/0204_c019_00045910_0.jpg,204,veri,18
VeRi/image_train/0204_c019_00045915_0.jpg,204,veri,18
VeRi/image_train/0204_c019_00045920_0.jpg,204,veri,18
VeRi/image_train/0204_c019_00045925_0.jpg,204,veri,18
VeRi/image_train/0204_c019_00075455_0.jpg,204,veri,18
VeRi/image_train/0204_c019_00075500_0.jpg,204,veri,18
VeRi/image_train/0204_c019_00075855_0.jpg,204,veri,18
VeRi/image_train/0204_c019_00075920_1.jpg,204,veri,18
VeRi/image_train/0204_c019_00075940_0.jpg,204,veri,18
VeRi/image_train/0204_c019_00076095_0.jpg,204,veri,18
VeRi/image_train/0021_c003_00013430_0.jpg,21,veri,2
VeRi/image_train/0021_c003_00013440_0.jpg,21,veri,2
VeRi/image_train/0021_c003_00013465_0.jpg,21,veri,2
VeRi/image_train/0021_c003_00013475_0.jpg,21,veri,2
VeRi/image_train/0021_c003_00013485_0.jpg,21,veri,2
VeRi/image_train/0021_c003_00013500_0.jpg,21,veri,2
VeRi/image_train/0021_c004_00013340_0.jpg,21,veri,3
VeRi/image_train/0021_c004_00013345_0.jpg,21,veri,3
VeRi/image_train/0021_c004_00013355_0.jpg,21,veri,3
VeRi/image_train/0021_c004_00013365_0.jpg,21,veri,3
VeRi/image_train/0021_c004_00013375_0.jpg,21,veri,3
VeRi/image_train/0021_c004_00013385_0.jpg,21,veri,3
VeRi/image_train/0021_c008_00013215_0.jpg,21,veri,7
VeRi/image_train/0021_c008_00013245_0.jpg,21,veri,7
VeRi/image_train/0021_c008_00013250_0.jpg,21,veri,7
VeRi/image_train/0021_c008_00013255_0.jpg,21,veri,7
VeRi/image_train/0021_c008_00013260_0.jpg,21,veri,7
VeRi/image_train/0021_c008_00013265_0.jpg,21,veri,7
VeRi/image_train/0021_c009_00013250_0.jpg,21,veri,8
VeRi/image_train/0021_c009_00013260_0.jpg,21,veri,8
VeRi/image_train/0021_c009_00013265_0.jpg,21,veri,8
VeRi/image_train/0021_c009_00013270_0.jpg,21,veri,8
VeRi/image_train/0021_c009_00013275_0.jpg,21,veri,8
VeRi/image_train/0021_c009_00013280_0.jpg,21,veri,8
VeRi/image_train/0213_c001_00076720_0.jpg,213,veri,0
VeRi/image_train/0213_c001_00076730_0.jpg,213,veri,0
VeRi/image_train/0213_c001_00076740_0.jpg,213,veri,0
VeRi/image_train/0213_c001_00076750_0.jpg,213,veri,0
VeRi/image_train/0213_c001_00076765_0.jpg,213,veri,0
VeRi/image_train/0213_c001_00076775_0.jpg,213,veri,0
VeRi/image_train/0213_c012_00077370_1.jpg,213,veri,11
VeRi/image_train/0213_c012_00077380_0.jpg,213,veri,11
VeRi/image_train/0213_c012_00077385_0.jpg,213,veri,11
VeRi/image_train/0213_c012_00077395_0.jpg,213,veri,11
VeRi/image_train/0213_c012_00077400_0.jpg,213,veri,11
VeRi/image_train/0213_c012_00077405_0.jpg,213,veri,11
VeRi/image_train/0213_c013_00077235_0.jpg,213,veri,12
VeRi/image_train/0213_c013_00077240_0.jpg,213,veri,12
VeRi/image_train/0213_c013_00077245_0.jpg,213,veri,12
VeRi/image_train/0213_c013_00077250_0.jpg,213,veri,12
VeRi/image_train/0213_c013_00077255_0.jpg,213,veri,12
VeRi/image_train/0215_c002_00008115_0.jpg,215,veri,1
VeRi/image_train/0215_c002_00008130_0.jpg,215,veri,1
VeRi/image_train/0215_c002_00008145_0.jpg,215,veri,1
VeRi/image_train/0215_c002_00008160_0.jpg,215,veri,1
VeRi/image_train/0215_c002_00008175_0.jpg,215,veri,1
VeRi/image_train/0215_c002_00008190_0.jpg,215,veri,1
VeRi/image_train/0215_c003_00006385_0.jpg,215,veri,2
VeRi/image_train/0215_c003_00006390_0.jpg,215,veri,2
VeRi/image_train/0215_c003_00006395_0.jpg,215,veri,2
VeRi/image_train/0215_c003_00006400_0.jpg,215,veri,2
VeRi/image_train/0215_c003_00006405_0.jpg,215,veri,2
VeRi/image_train/0215_c003_00006415_0.jpg,215,veri,2
VeRi/image_train/0215_c004_00006275_0.jpg,215,veri,3
VeRi/image_train/0215_c004_00006280_0.jpg,215,veri,3
VeRi/image_train/0215_c004_00006285_0.jpg,215,veri,3
VeRi/image_train/0215_c004_00006290_0.jpg,215,veri,3
VeRi/image_train/0215_c004_00006295_0.jpg,215,veri,3
VeRi/image_train/0215_c004_00006300_0.jpg,215,veri,3
VeRi/image_train/0215_c006_00007080_2.jpg,215,veri,5
VeRi/image_train/0215_c006_00007095_2.jpg,215,veri,5
VeRi/image_train/0215_c006_00007100_1.jpg,215,veri,5
VeRi/image_train/0215_c006_00007110_1.jpg,215,veri,5
VeRi/image_train/0215_c006_00007125_0.jpg,215,veri,5
VeRi/image_train/0215_c006_00007145_0.jpg,215,veri,5
VeRi/image_train/0215_c008_00006050_0.jpg,215,veri,7
VeRi/image_train/0215_c008_00006100_0.jpg,215,veri,7
VeRi/image_train/0215_c008_00006110_0.jpg,215,veri,7
VeRi/image_train/0215_c008_00006115_0.jpg,215,veri,7
VeRi/image_train/0215_c008_00006125_0.jpg,215,veri,7
VeRi/image_train/0215_c008_00006130_0.jpg,215,veri,7
VeRi/image_train/0215_c009_00006105_0.jpg,215,veri,8
VeRi/image_train/0215_c009_00006125_0.jpg,215,veri,8
VeRi/image_train/0215_c009_00006135_0.jpg,215,veri,8
VeRi/image_train/0215_c009_00006145_0.jpg,215,veri,8
VeRi/image_train/0215_c009_00006155_0.jpg,215,veri,8
VeRi/image_train/0215_c009_00006165_0.jpg,215,veri,8
VeRi/image_train/0215_c010_00006985_0.jpg,215,veri,9
VeRi/image_train/0215_c010_00006990_0.jpg,215,veri,9
VeRi/image_train/0215_c010_00006995_0.jpg,215,veri,9
VeRi/image_train/0215_c010_00007000_0.jpg,215,veri,9
VeRi/image_train/0215_c010_00007005_0.jpg,215,veri,9
VeRi/image_train/0215_c010_00007010_0.jpg,215,veri,9
VeRi/image_train/0215_c011_00007025_0.jpg,215,veri,10
VeRi/image_train/0215_c011_00007035_0.jpg,215,veri,10
VeRi/image_train/0215_c011_00007045_0.jpg,215,veri,10
VeRi/image_train/0215_c011_00007055_0.jpg,215,veri,10
VeRi/image_train/0215_c011_00007065_0.jpg,215,veri,10
VeRi/image_train/0215_c011_00007075_0.jpg,215,veri,10
VeRi/image_train/0217_c001_00017150_0.jpg,217,veri,0
VeRi/image_train/0217_c001_00017155_0.jpg,217,veri,0
VeRi/image_train/0217_c001_00017160_0.jpg,217,veri,0
VeRi/image_train/0217_c001_00017165_0.jpg,217,veri,0
VeRi/image_train/0217_c001_00017170_0.jpg,217,veri,0
VeRi/image_train/0217_c001_00017175_0.jpg,217,veri,0
VeRi/image_train/0217_c001_00068890_0.jpg,217,veri,0
VeRi/image_train/0217_c001_00068900_0.jpg,217,veri,0
VeRi/image_train/0217_c001_00068910_0.jpg,217,veri,0
VeRi/image_train/0217_c001_00068920_0.jpg,217,veri,0
VeRi/image_train/0217_c001_00068930_0.jpg,217,veri,0
VeRi/image_train/0217_c001_00068935_0.jpg,217,veri,0
VeRi/image_train/0217_c002_00016250_1.jpg,217,veri,1
VeRi/image_train/0217_c002_00016270_1.jpg,217,veri,1
VeRi/image_train/0217_c002_00016310_1.jpg,217,veri,1
VeRi/image_train/0217_c002_00016330_1.jpg,217,veri,1
VeRi/image_train/0217_c002_00016365_0.jpg,217,veri,1
VeRi/image_train/0217_c002_00016390_0.jpg,217,veri,1
VeRi/image_train/0217_c002_00069580_2.jpg,217,veri,1
VeRi/image_train/0217_c002_00069590_0.jpg,217,veri,1
VeRi/image_train/0217_c002_00069600_0.jpg,217,veri,1
VeRi/image_train/0217_c002_00069610_0.jpg,217,veri,1
VeRi/image_train/0217_c002_00069620_0.jpg,217,veri,1
VeRi/image_train/0217_c002_00069630_0.jpg,217,veri,1
VeRi/image_train/0217_c012_00017735_0.jpg,217,veri,11
VeRi/image_train/0217_c012_00017745_0.jpg,217,veri,11
VeRi/image_train/0217_c012_00017750_0.jpg,217,veri,11
VeRi/image_train/0217_c012_00017755_0.jpg,217,veri,11
VeRi/image_train/0217_c012_00017760_0.jpg,217,veri,11
VeRi/image_train/0217_c012_00017765_0.jpg,217,veri,11
VeRi/image_train/0217_c013_00017560_0.jpg,217,veri,12
VeRi/image_train/0217_c013_00017575_0.jpg,217,veri,12
VeRi/image_train/0217_c013_00017580_0.jpg,217,veri,12
VeRi/image_train/0217_c013_00017590_0.jpg,217,veri,12
VeRi/image_train/0217_c013_00017600_0.jpg,217,veri,12
VeRi/image_train/0217_c013_00067210_0.jpg,217,veri,12
VeRi/image_train/0217_c013_00067215_0.jpg,217,veri,12
VeRi/image_train/0217_c013_00067220_0.jpg,217,veri,12
VeRi/image_train/0217_c013_00067225_0.jpg,217,veri,12
VeRi/image_train/0217_c013_00067230_0.jpg,217,veri,12
VeRi/image_train/0217_c013_00067235_0.jpg,217,veri,12
VeRi/image_train/0220_c001_00016595_0.jpg,220,veri,0
VeRi/image_train/0220_c001_00016605_0.jpg,220,veri,0
VeRi/image_train/0220_c001_00016615_0.jpg,220,veri,0
VeRi/image_train/0220_c001_00016625_0.jpg,220,veri,0
VeRi/image_train/0220_c001_00016635_0.jpg,220,veri,0
VeRi/image_train/0220_c002_00017135_1.jpg,220,veri,1
VeRi/image_train/0220_c002_00017145_1.jpg,220,veri,1
VeRi/image_train/0220_c002_00017155_1.jpg,220,veri,1
VeRi/image_train/0220_c002_00017165_1.jpg,220,veri,1
VeRi/image_train/0220_c002_00017185_1.jpg,220,veri,1
VeRi/image_train/0220_c002_00017205_0.jpg,220,veri,1
VeRi/image_train/0220_c003_00020150_0.jpg,220,veri,2
VeRi/image_train/0220_c003_00020155_0.jpg,220,veri,2
VeRi/image_train/0220_c003_00020160_0.jpg,220,veri,2
VeRi/image_train/0220_c003_00020165_0.jpg,220,veri,2
VeRi/image_train/0220_c003_00020170_0.jpg,220,veri,2
VeRi/image_train/0220_c003_00020175_0.jpg,220,veri,2
VeRi/image_train/0220_c004_00020090_0.jpg,220,veri,3
VeRi/image_train/0220_c004_00020100_0.jpg,220,veri,3
VeRi/image_train/0220_c004_00020110_0.jpg,220,veri,3
VeRi/image_train/0220_c004_00020130_0.jpg,220,veri,3
VeRi/image_train/0220_c004_00020135_0.jpg,220,veri,3
VeRi/image_train/0220_c004_00020140_0.jpg,220,veri,3
VeRi/image_train/0220_c005_00024150_0.jpg,220,veri,4
VeRi/image_train/0220_c005_00024165_0.jpg,220,veri,4
VeRi/image_train/0220_c005_00024185_0.jpg,220,veri,4
VeRi/image_train/0220_c005_00024205_0.jpg,220,veri,4
VeRi/image_train/0220_c005_00024225_0.jpg,220,veri,4
VeRi/image_train/0220_c005_00024250_0.jpg,220,veri,4
VeRi/image_train/0220_c006_00019575_2.jpg,220,veri,5
VeRi/image_train/0220_c006_00019590_2.jpg,220,veri,5
VeRi/image_train/0220_c006_00019615_2.jpg,220,veri,5
VeRi/image_train/0220_c006_00019625_0.jpg,220,veri,5
VeRi/image_train/0220_c006_00019640_1.jpg,220,veri,5
VeRi/image_train/0220_c006_00019660_0.jpg,220,veri,5
VeRi/image_train/0220_c007_00024285_0.jpg,220,veri,6
VeRi/image_train/0220_c007_00024290_0.jpg,220,veri,6
VeRi/image_train/0220_c007_00024300_0.jpg,220,veri,6
VeRi/image_train/0220_c007_00024305_0.jpg,220,veri,6
VeRi/image_train/0220_c007_00024310_0.jpg,220,veri,6
VeRi/image_train/0220_c007_00024315_0.jpg,220,veri,6
VeRi/image_train/0220_c008_00020335_0.jpg,220,veri,7
VeRi/image_train/0220_c008_00020340_0.jpg,220,veri,7
VeRi/image_train/0220_c008_00020345_0.jpg,220,veri,7
VeRi/image_train/0220_c008_00020355_0.jpg,220,veri,7
VeRi/image_train/0220_c009_00020250_0.jpg,220,veri,8
VeRi/image_train/0220_c009_00020255_0.jpg,220,veri,8
VeRi/image_train/0220_c009_00020260_0.jpg,220,veri,8
VeRi/image_train/0220_c009_00020265_0.jpg,220,veri,8
VeRi/image_train/0220_c009_00020270_0.jpg,220,veri,8
VeRi/image_train/0220_c010_00019735_0.jpg,220,veri,9
VeRi/image_train/0220_c010_00019740_0.jpg,220,veri,9
VeRi/image_train/0220_c010_00019745_0.jpg,220,veri,9
VeRi/image_train/0220_c010_00019750_0.jpg,220,veri,9
VeRi/image_train/0220_c010_00019755_0.jpg,220,veri,9
VeRi/image_train/0220_c010_00019760_0.jpg,220,veri,9
VeRi/image_train/0220_c011_00019555_1.jpg,220,veri,10
VeRi/image_train/0220_c011_00019565_1.jpg,220,veri,10
VeRi/image_train/0220_c011_00019575_0.jpg,220,veri,10
VeRi/image_train/0220_c011_00019585_0.jpg,220,veri,10
VeRi/image_train/0220_c011_00019595_0.jpg,220,veri,10
VeRi/image_train/0220_c011_00019610_0.jpg,220,veri,10
VeRi/image_train/0220_c012_00015230_0.jpg,220,veri,11
VeRi/image_train/0220_c012_00015235_0.jpg,220,veri,11
VeRi/image_train/0220_c012_00015240_0.jpg,220,veri,11
VeRi/image_train/0220_c012_00015245_0.jpg,220,veri,11
VeRi/image_train/0220_c012_00015250_0.jpg,220,veri,11
VeRi/image_train/0220_c012_00015255_0.jpg,220,veri,11
VeRi/image_train/0220_c013_00015325_0.jpg,220,veri,12
VeRi/image_train/0220_c013_00015335_0.jpg,220,veri,12
VeRi/image_train/0220_c013_00015340_0.jpg,220,veri,12
VeRi/image_train/0220_c013_00015355_0.jpg,220,veri,12
VeRi/image_train/0220_c013_00015365_0.jpg,220,veri,12
VeRi/image_train/0220_c013_00015375_0.jpg,220,veri,12
VeRi/image_train/0220_c014_00013825_0.jpg,220,veri,13
VeRi/image_train/0220_c014_00013830_0.jpg,220,veri,13
VeRi/image_train/0220_c014_00013835_0.jpg,220,veri,13
VeRi/image_train/0220_c014_00013840_0.jpg,220,veri,13
VeRi/image_train/0220_c014_00013860_0.jpg,220,veri,13
VeRi/image_train/0220_c014_00013870_0.jpg,220,veri,13
VeRi/image_train/0220_c015_00013920_0.jpg,220,veri,14
VeRi/image_train/0220_c015_00013925_0.jpg,220,veri,14
VeRi/image_train/0220_c015_00013930_0.jpg,220,veri,14
VeRi/image_train/0220_c015_00013935_0.jpg,220,veri,14
VeRi/image_train/0220_c015_00013940_0.jpg,220,veri,14
VeRi/image_train/0220_c015_00013945_0.jpg,220,veri,14
VeRi/image_train/0220_c016_00013605_0.jpg,220,veri,15
VeRi/image_train/0220_c016_00013610_0.jpg,220,veri,15
VeRi/image_train/0220_c016_00013615_0.jpg,220,veri,15
VeRi/image_train/0220_c016_00013620_0.jpg,220,veri,15
VeRi/image_train/0220_c016_00013630_0.jpg,220,veri,15
VeRi/image_train/0220_c016_00013635_0.jpg,220,veri,15
VeRi/image_train/0220_c017_00014645_1.jpg,220,veri,16
VeRi/image_train/0220_c017_00014665_0.jpg,220,veri,16
VeRi/image_train/0220_c017_00014685_0.jpg,220,veri,16
VeRi/image_train/0220_c017_00014700_0.jpg,220,veri,16
VeRi/image_train/0220_c017_00014710_0.jpg,220,veri,16
VeRi/image_train/0220_c017_00014725_0.jpg,220,veri,16
VeRi/image_train/0220_c019_00014490_1.jpg,220,veri,18
VeRi/image_train/0220_c019_00014495_1.jpg,220,veri,18
VeRi/image_train/0220_c019_00014500_1.jpg,220,veri,18
VeRi/image_train/0220_c019_00014505_0.jpg,220,veri,18
VeRi/image_train/0220_c019_00014510_0.jpg,220,veri,18
VeRi/image_train/0220_c019_00014515_0.jpg,220,veri,18
VeRi/image_train/0222_c001_00071220_0.jpg,222,veri,0
VeRi/image_train/0222_c001_00071225_0.jpg,222,veri,0
VeRi/image_train/0222_c001_00071230_0.jpg,222,veri,0
VeRi/image_train/0222_c001_00071235_0.jpg,222,veri,0
VeRi/image_train/0222_c001_00071240_0.jpg,222,veri,0
VeRi/image_train/0222_c001_00071245_1.jpg,222,veri,0
VeRi/image_train/0222_c002_00042490_0.jpg,222,veri,1
VeRi/image_train/0222_c002_00042500_0.jpg,222,veri,1
VeRi/image_train/0222_c002_00042510_0.jpg,222,veri,1
VeRi/image_train/0222_c002_00042520_0.jpg,222,veri,1
VeRi/image_train/0222_c002_00042560_0.jpg,222,veri,1
VeRi/image_train/0222_c002_00042605_0.jpg,222,veri,1
VeRi/image_train/0222_c002_00069225_0.jpg,222,veri,1
VeRi/image_train/0222_c002_00069240_0.jpg,222,veri,1
VeRi/image_train/0222_c002_00069255_0.jpg,222,veri,1
VeRi/image_train/0222_c002_00069270_0.jpg,222,veri,1
VeRi/image_train/0222_c002_00069285_0.jpg,222,veri,1
VeRi/image_train/0222_c002_00069295_0.jpg,222,veri,1
VeRi/image_train/0222_c003_00043965_1.jpg,222,veri,2
VeRi/image_train/0222_c003_00043975_0.jpg,222,veri,2
VeRi/image_train/0222_c003_00043985_0.jpg,222,veri,2
VeRi/image_train/0222_c003_00043995_0.jpg,222,veri,2
VeRi/image_train/0222_c003_00044005_0.jpg,222,veri,2
VeRi/image_train/0222_c003_00044015_0.jpg,222,veri,2
VeRi/image_train/0222_c003_00061630_0.jpg,222,veri,2
VeRi/image_train/0222_c003_00061635_0.jpg,222,veri,2
VeRi/image_train/0222_c003_00061640_0.jpg,222,veri,2
VeRi/image_train/0222_c003_00061645_0.jpg,222,veri,2
VeRi/image_train/0222_c003_00061650_0.jpg,222,veri,2
VeRi/image_train/0222_c003_00061655_0.jpg,222,veri,2
VeRi/image_train/0222_c004_00043940_0.jpg,222,veri,3
VeRi/image_train/0222_c004_00043950_0.jpg,222,veri,3
VeRi/image_train/0222_c004_00043960_0.jpg,222,veri,3
VeRi/image_train/0222_c004_00043970_0.jpg,222,veri,3
VeRi/image_train/0222_c004_00043980_0.jpg,222,veri,3
VeRi/image_train/0222_c004_00043990_0.jpg,222,veri,3
VeRi/image_train/0222_c004_00061540_0.jpg,222,veri,3
VeRi/image_train/0222_c004_00061545_0.jpg,222,veri,3
VeRi/image_train/0222_c004_00061550_0.jpg,222,veri,3
VeRi/image_train/0222_c004_00061555_0.jpg,222,veri,3
VeRi/image_train/0222_c004_00061560_0.jpg,222,veri,3
VeRi/image_train/0222_c004_00061565_0.jpg,222,veri,3
VeRi/image_train/0222_c005_00044690_0.jpg,222,veri,4
VeRi/image_train/0222_c005_00044705_0.jpg,222,veri,4
VeRi/image_train/0222_c005_00044720_0.jpg,222,veri,4
VeRi/image_train/0222_c005_00044735_0.jpg,222,veri,4
VeRi/image_train/0222_c005_00044750_0.jpg,222,veri,4
VeRi/image_train/0222_c005_00044765_0.jpg,222,veri,4
VeRi/image_train/0222_c006_00043315_1.jpg,222,veri,5
VeRi/image_train/0222_c006_00043330_0.jpg,222,veri,5
VeRi/image_train/0222_c006_00043340_0.jpg,222,veri,5
VeRi/image_train/0222_c006_00043345_0.jpg,222,veri,5
VeRi/image_train/0222_c006_00043350_0.jpg,222,veri,5
VeRi/image_train/0222_c006_00061995_0.jpg,222,veri,5
VeRi/image_train/0222_c006_00062005_0.jpg,222,veri,5
VeRi/image_train/0222_c006_00062015_0.jpg,222,veri,5
VeRi/image_train/0222_c006_00062025_0.jpg,222,veri,5
VeRi/image_train/0222_c006_00062035_0.jpg,222,veri,5
VeRi/image_train/0222_c006_00062045_0.jpg,222,veri,5
VeRi/image_train/0222_c007_00044795_0.jpg,222,veri,6
VeRi/image_train/0222_c007_00044800_0.jpg,222,veri,6
VeRi/image_train/0222_c007_00044805_0.jpg,222,veri,6
VeRi/image_train/0222_c007_00044810_0.jpg,222,veri,6
VeRi/image_train/0222_c007_00044820_0.jpg,222,veri,6
VeRi/image_train/0222_c007_00044825_0.jpg,222,veri,6
VeRi/image_train/0222_c008_00044235_0.jpg,222,veri,7
VeRi/image_train/0222_c008_00044240_0.jpg,222,veri,7
VeRi/image_train/0222_c008_00044245_0.jpg,222,veri,7
VeRi/image_train/0222_c008_00044250_0.jpg,222,veri,7
VeRi/image_train/0222_c008_00061485_0.jpg,222,veri,7
VeRi/image_train/0222_c008_00061495_0.jpg,222,veri,7
VeRi/image_train/0222_c008_00061500_0.jpg,222,veri,7
VeRi/image_train/0222_c008_00061505_0.jpg,222,veri,7
VeRi/image_train/0222_c009_00044180_0.jpg,222,veri,8
VeRi/image_train/0222_c009_00044185_0.jpg,222,veri,8
VeRi/image_train/0222_c009_00044190_0.jpg,222,veri,8
VeRi/image_train/0222_c009_00044195_0.jpg,222,veri,8
VeRi/image_train/0222_c009_00044200_0.jpg,222,veri,8
VeRi/image_train/0222_c009_00044205_0.jpg,222,veri,8
VeRi/image_train/0222_c009_00061545_1.jpg,222,veri,8
VeRi/image_train/0222_c009_00061550_1.jpg,222,veri,8
VeRi/image_train/0222_c009_00061555_1.jpg,222,veri,8
VeRi/image_train/0222_c009_00061560_0.jpg,222,veri,8
VeRi/image_train/0222_c009_00061565_0.jpg,222,veri,8
VeRi/image_train/0222_c010_00043450_0.jpg,222,veri,9
VeRi/image_train/0222_c010_00043455_0.jpg,222,veri,9
VeRi/image_train/0222_c010_00043460_0.jpg,222,veri,9
VeRi/image_train/0222_c010_00043465_0.jpg,222,veri,9
VeRi/image_train/0222_c010_00043470_0.jpg,222,veri,9
VeRi/image_train/0222_c010_00043475_0.jpg,222,veri,9
VeRi/image_train/0222_c010_00061960_0.jpg,222,veri,9
VeRi/image_train/0222_c010_00061965_0.jpg,222,veri,9
VeRi/image_train/0222_c010_00061970_0.jpg,222,veri,9
VeRi/image_train/0222_c010_00061975_0.jpg,222,veri,9
VeRi/image_train/0222_c010_00061980_0.jpg,222,veri,9
VeRi/image_train/0222_c010_00061985_0.jpg,222,veri,9
VeRi/image_train/0222_c011_00043270_0.jpg,222,veri,10
VeRi/image_train/0222_c011_00043275_0.jpg,222,veri,10
VeRi/image_train/0222_c011_00043280_0.jpg,222,veri,10
VeRi/image_train/0222_c011_00043285_0.jpg,222,veri,10
VeRi/image_train/0222_c011_00061985_0.jpg,222,veri,10
VeRi/image_train/0222_c011_00061990_0.jpg,222,veri,10
VeRi/image_train/0222_c011_00061995_0.jpg,222,veri,10
VeRi/image_train/0222_c011_00062000_0.jpg,222,veri,10
VeRi/image_train/0222_c011_00062010_0.jpg,222,veri,10
VeRi/image_train/0222_c011_00062015_0.jpg,222,veri,10
VeRi/image_train/0222_c012_00071640_0.jpg,222,veri,11
VeRi/image_train/0222_c012_00071650_0.jpg,222,veri,11
VeRi/image_train/0222_c012_00071660_0.jpg,222,veri,11
VeRi/image_train/0222_c012_00071665_0.jpg,222,veri,11
VeRi/image_train/0222_c012_00071670_0.jpg,222,veri,11
VeRi/image_train/0222_c012_00071675_0.jpg,222,veri,11
VeRi/image_train/0222_c013_00071520_0.jpg,222,veri,12
VeRi/image_train/0222_c013_00071525_0.jpg,222,veri,12
VeRi/image_train/0222_c013_00071530_0.jpg,222,veri,12
VeRi/image_train/0222_c013_00071535_0.jpg,222,veri,12
VeRi/image_train/0222_c013_00071540_0.jpg,222,veri,12
VeRi/image_train/0222_c014_00072895_0.jpg,222,veri,13
VeRi/image_train/0222_c014_00072900_0.jpg,222,veri,13
VeRi/image_train/0222_c014_00072905_0.jpg,222,veri,13
VeRi/image_train/0222_c014_00072910_0.jpg,222,veri,13
VeRi/image_train/0222_c014_00072915_0.jpg,222,veri,13
VeRi/image_train/0222_c014_00072920_0.jpg,222,veri,13
VeRi/image_train/0222_c015_00072740_0.jpg,222,veri,14
VeRi/image_train/0222_c015_00072745_0.jpg,222,veri,14
VeRi/image_train/0222_c015_00072750_0.jpg,222,veri,14
VeRi/image_train/0222_c016_00073905_0.jpg,222,veri,15
VeRi/image_train/0222_c016_00073910_0.jpg,222,veri,15
VeRi/image_train/0222_c016_00073915_0.jpg,222,veri,15
VeRi/image_train/0222_c016_00073920_0.jpg,222,veri,15
VeRi/image_train/0222_c016_00073925_0.jpg,222,veri,15
VeRi/image_train/0222_c016_00073930_0.jpg,222,veri,15
VeRi/image_train/0222_c017_00072170_0.jpg,222,veri,16
VeRi/image_train/0222_c017_00072175_1.jpg,222,veri,16
VeRi/image_train/0222_c017_00072180_1.jpg,222,veri,16
VeRi/image_train/0222_c017_00072185_0.jpg,222,veri,16
VeRi/image_train/0222_c017_00072190_0.jpg,222,veri,16
VeRi/image_train/0222_c017_00072195_0.jpg,222,veri,16
VeRi/image_train/0222_c019_00072330_0.jpg,222,veri,18
VeRi/image_train/0222_c019_00072340_0.jpg,222,veri,18
VeRi/image_train/0222_c019_00072350_0.jpg,222,veri,18
VeRi/image_train/0222_c019_00072355_0.jpg,222,veri,18
VeRi/image_train/0222_c019_00072360_0.jpg,222,veri,18
VeRi/image_train/0222_c019_00072365_0.jpg,222,veri,18
VeRi/image_train/0223_c001_00083610_0.jpg,223,veri,0
VeRi/image_train/0223_c001_00083615_0.jpg,223,veri,0
VeRi/image_train/0223_c001_00083620_0.jpg,223,veri,0
VeRi/image_train/0223_c001_00083625_0.jpg,223,veri,0
VeRi/image_train/0223_c001_00083630_0.jpg,223,veri,0
VeRi/image_train/0223_c001_00083635_0.jpg,223,veri,0
VeRi/image_train/0223_c002_00084525_0.jpg,223,veri,1
VeRi/image_train/0223_c002_00084535_0.jpg,223,veri,1
VeRi/image_train/0223_c002_00084545_0.jpg,223,veri,1
VeRi/image_train/0223_c002_00084555_0.jpg,223,veri,1
VeRi/image_train/0223_c002_00084565_0.jpg,223,veri,1
VeRi/image_train/0223_c002_00084575_0.jpg,223,veri,1
VeRi/image_train/0223_c003_00086490_0.jpg,223,veri,2
VeRi/image_train/0223_c003_00086495_0.jpg,223,veri,2
VeRi/image_train/0223_c003_00086500_0.jpg,223,veri,2
VeRi/image_train/0223_c003_00086505_0.jpg,223,veri,2
VeRi/image_train/0223_c003_00086510_0.jpg,223,veri,2
VeRi/image_train/0223_c003_00086515_0.jpg,223,veri,2
VeRi/image_train/0223_c004_00086465_0.jpg,223,veri,3
VeRi/image_train/0223_c004_00086470_0.jpg,223,veri,3
VeRi/image_train/0223_c004_00086485_0.jpg,223,veri,3
VeRi/image_train/0223_c004_00086490_0.jpg,223,veri,3
VeRi/image_train/0223_c004_00086495_0.jpg,223,veri,3
VeRi/image_train/0223_c004_00086500_0.jpg,223,veri,3
VeRi/image_train/0223_c006_00085915_0.jpg,223,veri,5
VeRi/image_train/0223_c006_00085935_0.jpg,223,veri,5
VeRi/image_train/0223_c006_00085960_0.jpg,223,veri,5
VeRi/image_train/0223_c006_00085975_0.jpg,223,veri,5
VeRi/image_train/0223_c008_00086705_0.jpg,223,veri,7
VeRi/image_train/0223_c008_00086710_0.jpg,223,veri,7
VeRi/image_train/0223_c008_00086715_0.jpg,223,veri,7
VeRi/image_train/0223_c008_00086720_0.jpg,223,veri,7
VeRi/image_train/0223_c008_00086725_0.jpg,223,veri,7
VeRi/image_train/0223_c009_00086690_0.jpg,223,veri,8
VeRi/image_train/0223_c009_00086695_0.jpg,223,veri,8
VeRi/image_train/0223_c009_00086700_0.jpg,223,veri,8
VeRi/image_train/0223_c009_00086705_0.jpg,223,veri,8
VeRi/image_train/0223_c009_00086710_0.jpg,223,veri,8
VeRi/image_train/0223_c009_00086715_0.jpg,223,veri,8
VeRi/image_train/0223_c010_00086135_0.jpg,223,veri,9
VeRi/image_train/0223_c010_00086140_0.jpg,223,veri,9
VeRi/image_train/0223_c010_00086145_0.jpg,223,veri,9
VeRi/image_train/0223_c010_00086150_0.jpg,223,veri,9
VeRi/image_train/0223_c010_00086155_0.jpg,223,veri,9
VeRi/image_train/0223_c010_00086160_0.jpg,223,veri,9
VeRi/image_train/0223_c011_00085935_0.jpg,223,veri,10
VeRi/image_train/0223_c011_00085950_1.jpg,223,veri,10
VeRi/image_train/0223_c011_00085965_0.jpg,223,veri,10
VeRi/image_train/0223_c011_00085975_0.jpg,223,veri,10
VeRi/image_train/0223_c012_00083275_0.jpg,223,veri,11
VeRi/image_train/0223_c012_00083285_0.jpg,223,veri,11
VeRi/image_train/0223_c012_00083295_0.jpg,223,veri,11
VeRi/image_train/0223_c012_00083300_0.jpg,223,veri,11
VeRi/image_train/0223_c012_00083305_0.jpg,223,veri,11
VeRi/image_train/0223_c012_00083310_0.jpg,223,veri,11
VeRi/image_train/0223_c013_00083380_0.jpg,223,veri,12
VeRi/image_train/0223_c013_00083385_0.jpg,223,veri,12
VeRi/image_train/0223_c013_00083390_0.jpg,223,veri,12
VeRi/image_train/0223_c013_00083395_0.jpg,223,veri,12
VeRi/image_train/0223_c013_00083400_0.jpg,223,veri,12
VeRi/image_train/0223_c013_00083405_0.jpg,223,veri,12
VeRi/image_train/0223_c014_00081045_0.jpg,223,veri,13
VeRi/image_train/0223_c014_00081090_0.jpg,223,veri,13
VeRi/image_train/0223_c014_00081120_0.jpg,223,veri,13
VeRi/image_train/0223_c014_00081125_0.jpg,223,veri,13
VeRi/image_train/0223_c014_00081140_0.jpg,223,veri,13
VeRi/image_train/0223_c014_00081145_0.jpg,223,veri,13
VeRi/image_train/0223_c015_00081125_0.jpg,223,veri,14
VeRi/image_train/0223_c015_00081130_0.jpg,223,veri,14
VeRi/image_train/0223_c015_00081135_0.jpg,223,veri,14
VeRi/image_train/0223_c015_00081140_0.jpg,223,veri,14
VeRi/image_train/0223_c015_00081145_0.jpg,223,veri,14
VeRi/image_train/0223_c015_00081150_0.jpg,223,veri,14
VeRi/image_train/0223_c016_00080950_0.jpg,223,veri,15
VeRi/image_train/0223_c016_00080955_0.jpg,223,veri,15
VeRi/image_train/0223_c016_00080960_0.jpg,223,veri,15
VeRi/image_train/0223_c016_00080965_0.jpg,223,veri,15
VeRi/image_train/0223_c016_00080970_0.jpg,223,veri,15
VeRi/image_train/0223_c016_00080975_0.jpg,223,veri,15
VeRi/image_train/0223_c017_00082505_0.jpg,223,veri,16
VeRi/image_train/0223_c017_00082540_0.jpg,223,veri,16
VeRi/image_train/0223_c017_00082575_0.jpg,223,veri,16
VeRi/image_train/0223_c017_00082595_0.jpg,223,veri,16
VeRi/image_train/0223_c017_00082640_0.jpg,223,veri,16
VeRi/image_train/0223_c017_00082665_0.jpg,223,veri,16
VeRi/image_train/0223_c019_00082230_0.jpg,223,veri,18
VeRi/image_train/0223_c019_00082240_0.jpg,223,veri,18
VeRi/image_train/0223_c019_00082245_0.jpg,223,veri,18
VeRi/image_train/0223_c019_00082255_0.jpg,223,veri,18
VeRi/image_train/0223_c019_00082270_0.jpg,223,veri,18
VeRi/image_train/0223_c019_00082280_0.jpg,223,veri,18
VeRi/image_train/0229_c014_00000240_0.jpg,229,veri,13
VeRi/image_train/0229_c014_00000245_0.jpg,229,veri,13
VeRi/image_train/0229_c014_00000250_0.jpg,229,veri,13
VeRi/image_train/0229_c014_00000255_0.jpg,229,veri,13
VeRi/image_train/0229_c014_00000260_0.jpg,229,veri,13
VeRi/image_train/0229_c014_00000265_0.jpg,229,veri,13
VeRi/image_train/0229_c015_00000170_0.jpg,229,veri,14
VeRi/image_train/0229_c015_00000175_0.jpg,229,veri,14
VeRi/image_train/0229_c015_00000180_0.jpg,229,veri,14
VeRi/image_train/0229_c016_00000395_0.jpg,229,veri,15
VeRi/image_train/0229_c016_00000400_0.jpg,229,veri,15
VeRi/image_train/0229_c016_00000405_0.jpg,229,veri,15
VeRi/image_train/0229_c016_00000410_0.jpg,229,veri,15
VeRi/image_train/0229_c016_00000415_0.jpg,229,veri,15
VeRi/image_train/0232_c001_00036555_0.jpg,232,veri,0
VeRi/image_train/0232_c001_00036565_0.jpg,232,veri,0
VeRi/image_train/0232_c001_00036575_0.jpg,232,veri,0
VeRi/image_train/0232_c001_00036585_0.jpg,232,veri,0
VeRi/image_train/0232_c001_00036595_0.jpg,232,veri,0
VeRi/image_train/0232_c001_00036605_0.jpg,232,veri,0
VeRi/image_train/0232_c001_00081975_0.jpg,232,veri,0
VeRi/image_train/0232_c001_00081985_0.jpg,232,veri,0
VeRi/image_train/0232_c001_00081995_0.jpg,232,veri,0
VeRi/image_train/0232_c001_00082005_0.jpg,232,veri,0
VeRi/image_train/0232_c001_00082015_0.jpg,232,veri,0
VeRi/image_train/0232_c001_00082035_0.jpg,232,veri,0
VeRi/image_train/0232_c012_00035925_0.jpg,232,veri,11
VeRi/image_train/0232_c012_00035935_0.jpg,232,veri,11
VeRi/image_train/0232_c012_00035945_0.jpg,232,veri,11
VeRi/image_train/0232_c012_00035955_0.jpg,232,veri,11
VeRi/image_train/0232_c012_00035965_0.jpg,232,veri,11
VeRi/image_train/0232_c012_00035985_0.jpg,232,veri,11
VeRi/image_train/0232_c012_00082385_0.jpg,232,veri,11
VeRi/image_train/0232_c012_00082395_0.jpg,232,veri,11
VeRi/image_train/0232_c012_00082405_0.jpg,232,veri,11
VeRi/image_train/0232_c012_00082415_0.jpg,232,veri,11
VeRi/image_train/0232_c012_00082430_0.jpg,232,veri,11
VeRi/image_train/0232_c013_00036070_0.jpg,232,veri,12
VeRi/image_train/0232_c013_00036075_0.jpg,232,veri,12
VeRi/image_train/0232_c013_00036090_0.jpg,232,veri,12
VeRi/image_train/0232_c013_00036100_0.jpg,232,veri,12
VeRi/image_train/0232_c013_00036110_0.jpg,232,veri,12
VeRi/image_train/0232_c013_00036140_0.jpg,232,veri,12
VeRi/image_train/0232_c013_00082255_0.jpg,232,veri,12
VeRi/image_train/0232_c013_00082275_0.jpg,232,veri,12
VeRi/image_train/0232_c013_00082280_0.jpg,232,veri,12
VeRi/image_train/0232_c013_00082300_0.jpg,232,veri,12
VeRi/image_train/0232_c013_00082305_0.jpg,232,veri,12
VeRi/image_train/0232_c013_00082310_0.jpg,232,veri,12
VeRi/image_train/0232_c014_00034375_0.jpg,232,veri,13
VeRi/image_train/0232_c014_00034380_0.jpg,232,veri,13
VeRi/image_train/0232_c014_00034385_0.jpg,232,veri,13
VeRi/image_train/0232_c014_00034405_0.jpg,232,veri,13
VeRi/image_train/0232_c014_00034410_0.jpg,232,veri,13
VeRi/image_train/0232_c014_00034415_0.jpg,232,veri,13
VeRi/image_train/0232_c014_00084810_0.jpg,232,veri,13
VeRi/image_train/0232_c014_00084815_0.jpg,232,veri,13
VeRi/image_train/0232_c014_00084820_0.jpg,232,veri,13
VeRi/image_train/0232_c014_00084825_0.jpg,232,veri,13
VeRi/image_train/0232_c014_00084830_0.jpg,232,veri,13
VeRi/image_train/0232_c014_00084835_0.jpg,232,veri,13
VeRi/image_train/0232_c015_00034380_0.jpg,232,veri,14
VeRi/image_train/0232_c015_00034385_0.jpg,232,veri,14
VeRi/image_train/0232_c015_00034390_0.jpg,232,veri,14
VeRi/image_train/0232_c015_00034395_0.jpg,232,veri,14
VeRi/image_train/0232_c015_00034400_0.jpg,232,veri,14
VeRi/image_train/0232_c015_00034410_0.jpg,232,veri,14
VeRi/image_train/0232_c015_00084640_0.jpg,232,veri,14
VeRi/image_train/0232_c015_00084645_0.jpg,232,veri,14
VeRi/image_train/0232_c015_00084650_0.jpg,232,veri,14
VeRi/image_train/0232_c015_00084655_0.jpg,232,veri,14
VeRi/image_train/0232_c015_00084660_0.jpg,232,veri,14
VeRi/image_train/0232_c015_00084665_0.jpg,232,veri,14
VeRi/image_train/0232_c016_00034165_0.jpg,232,veri,15
VeRi/image_train/0232_c016_00034170_0.jpg,232,veri,15
VeRi/image_train/0232_c016_00034175_0.jpg,232,veri,15
VeRi/image_train/0232_c016_00034180_0.jpg,232,veri,15
VeRi/image_train/0232_c016_00034185_0.jpg,232,veri,15
VeRi/image_train/0232_c016_00034190_0.jpg,232,veri,15
VeRi/image_train/0232_c016_00085090_0.jpg,232,veri,15
VeRi/image_train/0232_c016_00085095_0.jpg,232,veri,15
VeRi/image_train/0232_c016_00085100_0.jpg,232,veri,15
VeRi/image_train/0232_c016_00085105_0.jpg,232,veri,15
VeRi/image_train/0232_c016_00085110_0.jpg,232,veri,15
VeRi/image_train/0232_c017_00035255_0.jpg,232,veri,16
VeRi/image_train/0232_c017_00035290_0.jpg,232,veri,16
VeRi/image_train/0232_c017_00035295_0.jpg,232,veri,16
VeRi/image_train/0232_c017_00035300_0.jpg,232,veri,16
VeRi/image_train/0232_c017_00035305_0.jpg,232,veri,16
VeRi/image_train/0232_c017_00082910_0.jpg,232,veri,16
VeRi/image_train/0232_c017_00082915_0.jpg,232,veri,16
VeRi/image_train/0232_c017_00082920_0.jpg,232,veri,16
VeRi/image_train/0232_c017_00082925_0.jpg,232,veri,16
VeRi/image_train/0232_c017_00082930_0.jpg,232,veri,16
VeRi/image_train/0232_c017_00082935_0.jpg,232,veri,16
VeRi/image_train/0232_c019_00035115_0.jpg,232,veri,18
VeRi/image_train/0232_c019_00035120_0.jpg,232,veri,18
VeRi/image_train/0232_c019_00035125_0.jpg,232,veri,18
VeRi/image_train/0232_c019_00035130_0.jpg,232,veri,18
VeRi/image_train/0232_c019_00083070_0.jpg,232,veri,18
VeRi/image_train/0232_c019_00083075_0.jpg,232,veri,18
VeRi/image_train/0232_c019_00083085_0.jpg,232,veri,18
VeRi/image_train/0232_c019_00083090_0.jpg,232,veri,18
VeRi/image_train/0232_c019_00083095_0.jpg,232,veri,18
VeRi/image_train/0232_c019_00083100_0.jpg,232,veri,18
VeRi/image_train/0234_c014_00027165_0.jpg,234,veri,13
VeRi/image_train/0234_c014_00027170_0.jpg,234,veri,13
VeRi/image_train/0234_c014_00027175_0.jpg,234,veri,13
VeRi/image_train/0234_c014_00027180_0.jpg,234,veri,13
VeRi/image_train/0234_c014_00027185_0.jpg,234,veri,13
VeRi/image_train/0234_c014_00027190_0.jpg,234,veri,13
VeRi/image_train/0234_c014_00029805_0.jpg,234,veri,13
VeRi/image_train/0234_c014_00029810_0.jpg,234,veri,13
VeRi/image_train/0234_c014_00029815_0.jpg,234,veri,13
VeRi/image_train/0234_c014_00029820_0.jpg,234,veri,13
VeRi/image_train/0234_c014_00029825_0.jpg,234,veri,13
VeRi/image_train/0234_c014_00029830_0.jpg,234,veri,13
VeRi/image_train/0234_c014_00034690_0.jpg,234,veri,13
VeRi/image_train/0234_c014_00034695_0.jpg,234,veri,13
VeRi/image_train/0234_c014_00034700_0.jpg,234,veri,13
VeRi/image_train/0234_c014_00034705_0.jpg,234,veri,13
VeRi/image_train/0234_c014_00034710_0.jpg,234,veri,13
VeRi/image_train/0234_c014_00034715_0.jpg,234,veri,13
VeRi/image_train/0234_c015_00024870_0.jpg,234,veri,14
VeRi/image_train/0234_c015_00024875_0.jpg,234,veri,14
VeRi/image_train/0234_c015_00024880_0.jpg,234,veri,14
VeRi/image_train/0234_c015_00024885_0.jpg,234,veri,14
VeRi/image_train/0234_c015_00024895_0.jpg,234,veri,14
VeRi/image_train/0234_c015_00027015_0.jpg,234,veri,14
VeRi/image_train/0234_c015_00027020_0.jpg,234,veri,14
VeRi/image_train/0234_c015_00027035_0.jpg,234,veri,14
VeRi/image_train/0234_c015_00027040_0.jpg,234,veri,14
VeRi/image_train/0234_c015_00027045_0.jpg,234,veri,14
VeRi/image_train/0234_c015_00027050_0.jpg,234,veri,14
VeRi/image_train/0234_c015_00029875_0.jpg,234,veri,14
VeRi/image_train/0234_c015_00029880_0.jpg,234,veri,14
VeRi/image_train/0234_c015_00029885_0.jpg,234,veri,14
VeRi/image_train/0234_c015_00029890_0.jpg,234,veri,14
VeRi/image_train/0234_c015_00029895_0.jpg,234,veri,14
VeRi/image_train/0234_c015_00029900_0.jpg,234,veri,14
VeRi/image_train/0234_c015_00034540_0.jpg,234,veri,14
VeRi/image_train/0234_c015_00034545_0.jpg,234,veri,14
VeRi/image_train/0234_c015_00034550_0.jpg,234,veri,14
VeRi/image_train/0234_c015_00034555_0.jpg,234,veri,14
VeRi/image_train/0234_c015_00034560_0.jpg,234,veri,14
VeRi/image_train/0234_c016_00027405_0.jpg,234,veri,15
VeRi/image_train/0234_c016_00027415_0.jpg,234,veri,15
VeRi/image_train/0234_c016_00027420_0.jpg,234,veri,15
VeRi/image_train/0234_c016_00027425_0.jpg,234,veri,15
VeRi/image_train/0234_c016_00027435_0.jpg,234,veri,15
VeRi/image_train/0234_c016_00027445_0.jpg,234,veri,15
VeRi/image_train/0234_c016_00029565_0.jpg,234,veri,15
VeRi/image_train/0234_c016_00029570_0.jpg,234,veri,15
VeRi/image_train/0234_c016_00029585_0.jpg,234,veri,15
VeRi/image_train/0234_c016_00029590_0.jpg,234,veri,15
VeRi/image_train/0234_c016_00029595_0.jpg,234,veri,15
VeRi/image_train/0234_c016_00029600_0.jpg,234,veri,15
VeRi/image_train/0234_c016_00034765_0.jpg,234,veri,15
VeRi/image_train/0234_c016_00034845_0.jpg,234,veri,15
VeRi/image_train/0234_c016_00034850_0.jpg,234,veri,15
VeRi/image_train/0234_c016_00034855_0.jpg,234,veri,15
VeRi/image_train/0234_c016_00034860_0.jpg,234,veri,15
VeRi/image_train/0234_c016_00034865_0.jpg,234,veri,15
VeRi/image_train/0234_c017_00025690_1.jpg,234,veri,16
VeRi/image_train/0234_c017_00025705_1.jpg,234,veri,16
VeRi/image_train/0234_c017_00025720_1.jpg,234,veri,16
VeRi/image_train/0234_c017_00025730_1.jpg,234,veri,16
VeRi/image_train/0234_c017_00025740_0.jpg,234,veri,16
VeRi/image_train/0234_c017_00025770_0.jpg,234,veri,16
VeRi/image_train/0234_c017_00026295_0.jpg,234,veri,16
VeRi/image_train/0234_c017_00026310_0.jpg,234,veri,16
VeRi/image_train/0234_c017_00026325_0.jpg,234,veri,16
VeRi/image_train/0234_c017_00026340_0.jpg,234,veri,16
VeRi/image_train/0234_c017_00026355_0.jpg,234,veri,16
VeRi/image_train/0234_c017_00026370_0.jpg,234,veri,16
VeRi/image_train/0234_c017_00032835_1.jpg,234,veri,16
VeRi/image_train/0234_c017_00032845_1.jpg,234,veri,16
VeRi/image_train/0234_c017_00032855_0.jpg,234,veri,16
VeRi/image_train/0234_c017_00032865_1.jpg,234,veri,16
VeRi/image_train/0234_c017_00032875_0.jpg,234,veri,16
VeRi/image_train/0234_c017_00032905_0.jpg,234,veri,16
VeRi/image_train/0234_c017_00033815_0.jpg,234,veri,16
VeRi/image_train/0234_c017_00033825_0.jpg,234,veri,16
VeRi/image_train/0234_c017_00033835_0.jpg,234,veri,16
VeRi/image_train/0234_c017_00033845_0.jpg,234,veri,16
VeRi/image_train/0234_c017_00033855_0.jpg,234,veri,16
VeRi/image_train/0234_c017_00033860_0.jpg,234,veri,16
VeRi/image_train/0234_c019_00025525_0.jpg,234,veri,18
VeRi/image_train/0234_c019_00025530_0.jpg,234,veri,18
VeRi/image_train/0234_c019_00025535_0.jpg,234,veri,18
VeRi/image_train/0234_c019_00025540_0.jpg,234,veri,18
VeRi/image_train/0234_c019_00025545_0.jpg,234,veri,18
VeRi/image_train/0234_c019_00025550_0.jpg,234,veri,18
VeRi/image_train/0234_c019_00026535_0.jpg,234,veri,18
VeRi/image_train/0234_c019_00026540_0.jpg,234,veri,18
VeRi/image_train/0234_c019_00026560_0.jpg,234,veri,18
VeRi/image_train/0234_c019_00026565_0.jpg,234,veri,18
VeRi/image_train/0234_c019_00026575_0.jpg,234,veri,18
VeRi/image_train/0234_c019_00026580_0.jpg,234,veri,18
VeRi/image_train/0234_c019_00032600_1.jpg,234,veri,18
VeRi/image_train/0234_c019_00032605_1.jpg,234,veri,18
VeRi/image_train/0234_c019_00032610_0.jpg,234,veri,18
VeRi/image_train/0234_c019_00032615_1.jpg,234,veri,18
VeRi/image_train/0234_c019_00032620_1.jpg,234,veri,18
VeRi/image_train/0234_c019_00032630_0.jpg,234,veri,18
VeRi/image_train/0234_c019_00034060_0.jpg,234,veri,18
VeRi/image_train/0234_c019_00034065_0.jpg,234,veri,18
VeRi/image_train/0234_c019_00034070_0.jpg,234,veri,18
VeRi/image_train/0234_c019_00034080_0.jpg,234,veri,18
VeRi/image_train/0234_c019_00034090_0.jpg,234,veri,18
VeRi/image_train/0234_c019_00034095_0.jpg,234,veri,18
VeRi/image_train/0236_c005_00016340_0.jpg,236,veri,4
VeRi/image_train/0236_c005_00016355_0.jpg,236,veri,4
VeRi/image_train/0236_c005_00016375_0.jpg,236,veri,4
VeRi/image_train/0236_c005_00016390_0.jpg,236,veri,4
VeRi/image_train/0236_c005_00016410_0.jpg,236,veri,4
VeRi/image_train/0236_c005_00016435_0.jpg,236,veri,4
VeRi/image_train/0236_c007_00016460_0.jpg,236,veri,6
VeRi/image_train/0236_c007_00016470_0.jpg,236,veri,6
VeRi/image_train/0236_c007_00016475_0.jpg,236,veri,6
VeRi/image_train/0236_c007_00016480_0.jpg,236,veri,6
VeRi/image_train/0236_c007_00016485_0.jpg,236,veri,6
VeRi/image_train/0236_c008_00010540_0.jpg,236,veri,7
VeRi/image_train/0236_c008_00010550_0.jpg,236,veri,7
VeRi/image_train/0236_c008_00010560_0.jpg,236,veri,7
VeRi/image_train/0236_c008_00010575_0.jpg,236,veri,7
VeRi/image_train/0236_c008_00010585_0.jpg,236,veri,7
VeRi/image_train/0236_c008_00010595_0.jpg,236,veri,7
VeRi/image_train/0236_c008_00015745_0.jpg,236,veri,7
VeRi/image_train/0236_c008_00015750_0.jpg,236,veri,7
VeRi/image_train/0236_c008_00015755_0.jpg,236,veri,7
VeRi/image_train/0236_c008_00015760_0.jpg,236,veri,7
VeRi/image_train/0236_c008_00015765_0.jpg,236,veri,7
VeRi/image_train/0236_c008_00015770_0.jpg,236,veri,7
VeRi/image_train/0236_c009_00010595_0.jpg,236,veri,8
VeRi/image_train/0236_c009_00010600_1.jpg,236,veri,8
VeRi/image_train/0236_c009_00010605_1.jpg,236,veri,8
VeRi/image_train/0236_c009_00010610_0.jpg,236,veri,8
VeRi/image_train/0236_c009_00010615_0.jpg,236,veri,8
VeRi/image_train/0236_c009_00010625_0.jpg,236,veri,8
VeRi/image_train/0236_c009_00010935_0.jpg,236,veri,8
VeRi/image_train/0236_c009_00010940_0.jpg,236,veri,8
VeRi/image_train/0236_c009_00010945_0.jpg,236,veri,8
VeRi/image_train/0236_c009_00010950_0.jpg,236,veri,8
VeRi/image_train/0236_c009_00010955_0.jpg,236,veri,8
VeRi/image_train/0236_c009_00010960_0.jpg,236,veri,8
VeRi/image_train/0238_c001_00045585_0.jpg,238,veri,0
VeRi/image_train/0238_c001_00045595_0.jpg,238,veri,0
VeRi/image_train/0238_c001_00045605_0.jpg,238,veri,0
VeRi/image_train/0238_c001_00045610_0.jpg,238,veri,0
VeRi/image_train/0238_c001_00045615_0.jpg,238,veri,0
VeRi/image_train/0238_c001_00045620_0.jpg,238,veri,0
VeRi/image_train/0238_c001_00069440_0.jpg,238,veri,0
VeRi/image_train/0238_c001_00069445_0.jpg,238,veri,0
VeRi/image_train/0238_c001_00069450_0.jpg,238,veri,0
VeRi/image_train/0238_c001_00069455_0.jpg,238,veri,0
VeRi/image_train/0238_c001_00069460_0.jpg,238,veri,0
VeRi/image_train/0238_c001_00069465_0.jpg,238,veri,0
VeRi/image_train/0238_c002_00046160_0.jpg,238,veri,1
VeRi/image_train/0238_c002_00046170_0.jpg,238,veri,1
VeRi/image_train/0238_c002_00046180_0.jpg,238,veri,1
VeRi/image_train/0238_c002_00046190_0.jpg,238,veri,1
VeRi/image_train/0238_c002_00046200_0.jpg,238,veri,1
VeRi/image_train/0238_c002_00046210_0.jpg,238,veri,1
VeRi/image_train/0238_c002_00068315_0.jpg,238,veri,1
VeRi/image_train/0238_c002_00068325_0.jpg,238,veri,1
VeRi/image_train/0238_c002_00068335_0.jpg,238,veri,1
VeRi/image_train/0238_c002_00068355_0.jpg,238,veri,1
VeRi/image_train/0238_c002_00068375_0.jpg,238,veri,1
VeRi/image_train/0238_c012_00044725_0.jpg,238,veri,11
VeRi/image_train/0238_c012_00044730_0.jpg,238,veri,11
VeRi/image_train/0238_c012_00044735_0.jpg,238,veri,11
VeRi/image_train/0238_c012_00044740_0.jpg,238,veri,11
VeRi/image_train/0238_c012_00044745_0.jpg,238,veri,11
VeRi/image_train/0238_c012_00044755_0.jpg,238,veri,11
VeRi/image_train/0238_c012_00069990_1.jpg,238,veri,11
VeRi/image_train/0238_c012_00069995_2.jpg,238,veri,11
VeRi/image_train/0238_c012_00070000_2.jpg,238,veri,11
VeRi/image_train/0238_c012_00070005_1.jpg,238,veri,11
VeRi/image_train/0238_c012_00070020_1.jpg,238,veri,11
VeRi/image_train/0238_c012_00070025_1.jpg,238,veri,11
VeRi/image_train/0238_c013_00044845_1.jpg,238,veri,12
VeRi/image_train/0238_c013_00044850_0.jpg,238,veri,12
VeRi/image_train/0238_c013_00044860_0.jpg,238,veri,12
VeRi/image_train/0238_c013_00044880_0.jpg,238,veri,12
VeRi/image_train/0238_c013_00044895_0.jpg,238,veri,12
VeRi/image_train/0238_c013_00044910_0.jpg,238,veri,12
VeRi/image_train/0238_c013_00069790_0.jpg,238,veri,12
VeRi/image_train/0238_c013_00069795_0.jpg,238,veri,12
VeRi/image_train/0238_c013_00069800_0.jpg,238,veri,12
VeRi/image_train/0238_c013_00069805_0.jpg,238,veri,12
VeRi/image_train/0238_c013_00069810_0.jpg,238,veri,12
VeRi/image_train/0238_c013_00069815_0.jpg,238,veri,12
VeRi/image_train/0238_c014_00042900_0.jpg,238,veri,13
VeRi/image_train/0238_c014_00042905_0.jpg,238,veri,13
VeRi/image_train/0238_c014_00042910_0.jpg,238,veri,13
VeRi/image_train/0238_c014_00042915_0.jpg,238,veri,13
VeRi/image_train/0238_c014_00042920_0.jpg,238,veri,13
VeRi/image_train/0238_c014_00042925_0.jpg,238,veri,13
VeRi/image_train/0238_c014_00071940_0.jpg,238,veri,13
VeRi/image_train/0238_c014_00071945_0.jpg,238,veri,13
VeRi/image_train/0238_c014_00071950_0.jpg,238,veri,13
VeRi/image_train/0238_c014_00071955_0.jpg,238,veri,13
VeRi/image_train/0238_c014_00071960_0.jpg,238,veri,13
VeRi/image_train/0238_c014_00071965_0.jpg,238,veri,13
VeRi/image_train/0238_c015_00042890_0.jpg,238,veri,14
VeRi/image_train/0238_c015_00042895_0.jpg,238,veri,14
VeRi/image_train/0238_c015_00042900_0.jpg,238,veri,14
VeRi/image_train/0238_c015_00042905_0.jpg,238,veri,14
VeRi/image_train/0238_c015_00042910_0.jpg,238,veri,14
VeRi/image_train/0238_c015_00042915_0.jpg,238,veri,14
VeRi/image_train/0238_c015_00071680_0.jpg,238,veri,14
VeRi/image_train/0238_c015_00071700_0.jpg,238,veri,14
VeRi/image_train/0238_c015_00071720_0.jpg,238,veri,14
VeRi/image_train/0238_c015_00071745_0.jpg,238,veri,14
VeRi/image_train/0238_c015_00071755_0.jpg,238,veri,14
VeRi/image_train/0238_c015_00071760_0.jpg,238,veri,14
VeRi/image_train/0238_c016_00042685_0.jpg,238,veri,15
VeRi/image_train/0238_c016_00042690_0.jpg,238,veri,15
VeRi/image_train/0238_c016_00042695_0.jpg,238,veri,15
VeRi/image_train/0238_c016_00042700_0.jpg,238,veri,15
VeRi/image_train/0238_c016_00042705_0.jpg,238,veri,15
VeRi/image_train/0238_c016_00042710_0.jpg,238,veri,15
VeRi/image_train/0238_c016_00073585_0.jpg,238,veri,15
VeRi/image_train/0238_c016_00073590_0.jpg,238,veri,15
VeRi/image_train/0238_c016_00073595_0.jpg,238,veri,15
VeRi/image_train/0238_c016_00073600_0.jpg,238,veri,15
VeRi/image_train/0238_c016_00073605_0.jpg,238,veri,15
VeRi/image_train/0238_c016_00073610_0.jpg,238,veri,15
VeRi/image_train/0238_c017_00043965_0.jpg,238,veri,16
VeRi/image_train/0238_c017_00043975_0.jpg,238,veri,16
VeRi/image_train/0238_c017_00043985_0.jpg,238,veri,16
VeRi/image_train/0238_c017_00044000_0.jpg,238,veri,16
VeRi/image_train/0238_c017_00044015_0.jpg,238,veri,16
VeRi/image_train/0238_c017_00044025_0.jpg,238,veri,16
VeRi/image_train/0238_c017_00070750_0.jpg,238,veri,16
VeRi/image_train/0238_c017_00070760_0.jpg,238,veri,16
VeRi/image_train/0238_c017_00070765_0.jpg,238,veri,16
VeRi/image_train/0238_c017_00070770_0.jpg,238,veri,16
VeRi/image_train/0238_c017_00070775_0.jpg,238,veri,16
VeRi/image_train/0238_c017_00070780_0.jpg,238,veri,16
VeRi/image_train/0238_c019_00043545_0.jpg,238,veri,18
VeRi/image_train/0238_c019_00043550_0.jpg,238,veri,18
VeRi/image_train/0238_c019_00043555_0.jpg,238,veri,18
VeRi/image_train/0238_c019_00043560_0.jpg,238,veri,18
VeRi/image_train/0238_c019_00043570_0.jpg,238,veri,18
VeRi/image_train/0238_c019_00043575_0.jpg,238,veri,18
VeRi/image_train/0238_c019_00070960_0.jpg,238,veri,18
VeRi/image_train/0238_c019_00070965_0.jpg,238,veri,18
VeRi/image_train/0238_c019_00070980_0.jpg,238,veri,18
VeRi/image_train/0238_c019_00070995_0.jpg,238,veri,18
VeRi/image_train/0238_c019_00071005_0.jpg,238,veri,18
VeRi/image_train/0238_c019_00071020_0.jpg,238,veri,18
VeRi/image_train/0243_c001_00033755_0.jpg,243,veri,0
VeRi/image_train/0243_c001_00033765_0.jpg,243,veri,0
VeRi/image_train/0243_c001_00033770_1.jpg,243,veri,0
VeRi/image_train/0243_c001_00033780_0.jpg,243,veri,0
VeRi/image_train/0243_c001_00033790_0.jpg,243,veri,0
VeRi/image_train/0243_c002_00034250_0.jpg,243,veri,1
VeRi/image_train/0243_c002_00034260_0.jpg,243,veri,1
VeRi/image_train/0243_c002_00034270_0.jpg,243,veri,1
VeRi/image_train/0243_c002_00034280_0.jpg,243,veri,1
VeRi/image_train/0243_c002_00034290_0.jpg,243,veri,1
VeRi/image_train/0243_c002_00034330_2.jpg,243,veri,1
VeRi/image_train/0243_c006_00036085_1.jpg,243,veri,5
VeRi/image_train/0243_c006_00036115_0.jpg,243,veri,5
VeRi/image_train/0243_c006_00036135_0.jpg,243,veri,5
VeRi/image_train/0243_c006_00036175_0.jpg,243,veri,5
VeRi/image_train/0243_c006_00036190_0.jpg,243,veri,5
VeRi/image_train/0243_c006_00036205_0.jpg,243,veri,5
VeRi/image_train/0243_c010_00036325_1.jpg,243,veri,9
VeRi/image_train/0243_c010_00036330_0.jpg,243,veri,9
VeRi/image_train/0243_c010_00036335_1.jpg,243,veri,9
VeRi/image_train/0243_c010_00036340_0.jpg,243,veri,9
VeRi/image_train/0243_c010_00036345_1.jpg,243,veri,9
VeRi/image_train/0243_c010_00036350_0.jpg,243,veri,9
VeRi/image_train/0243_c011_00036030_0.jpg,243,veri,10
VeRi/image_train/0243_c011_00036060_0.jpg,243,veri,10
VeRi/image_train/0243_c011_00036075_0.jpg,243,veri,10
VeRi/image_train/0243_c011_00036090_0.jpg,243,veri,10
VeRi/image_train/0243_c011_00036105_0.jpg,243,veri,10
VeRi/image_train/0243_c011_00036120_1.jpg,243,veri,10
VeRi/image_train/0243_c012_00033320_0.jpg,243,veri,11
VeRi/image_train/0243_c012_00033335_0.jpg,243,veri,11
VeRi/image_train/0243_c012_00033345_0.jpg,243,veri,11
VeRi/image_train/0243_c012_00033355_0.jpg,243,veri,11
VeRi/image_train/0243_c012_00033365_0.jpg,243,veri,11
VeRi/image_train/0243_c012_00033370_0.jpg,243,veri,11
VeRi/image_train/0243_c013_00033415_0.jpg,243,veri,12
VeRi/image_train/0243_c013_00033430_0.jpg,243,veri,12
VeRi/image_train/0243_c013_00033440_0.jpg,243,veri,12
VeRi/image_train/0243_c013_00033445_0.jpg,243,veri,12
VeRi/image_train/0243_c013_00033460_0.jpg,243,veri,12
VeRi/image_train/0243_c013_00033475_0.jpg,243,veri,12
VeRi/image_train/0243_c014_00031580_0.jpg,243,veri,13
VeRi/image_train/0243_c014_00031585_0.jpg,243,veri,13
VeRi/image_train/0243_c014_00031590_0.jpg,243,veri,13
VeRi/image_train/0243_c014_00031595_0.jpg,243,veri,13
VeRi/image_train/0243_c014_00031600_1.jpg,243,veri,13
VeRi/image_train/0243_c014_00031620_1.jpg,243,veri,13
VeRi/image_train/0243_c015_00031635_0.jpg,243,veri,14
VeRi/image_train/0243_c015_00031640_0.jpg,243,veri,14
VeRi/image_train/0243_c015_00031655_1.jpg,243,veri,14
VeRi/image_train/0243_c015_00031670_0.jpg,243,veri,14
VeRi/image_train/0243_c016_00031295_0.jpg,243,veri,15
VeRi/image_train/0243_c016_00031300_0.jpg,243,veri,15
VeRi/image_train/0243_c016_00031305_0.jpg,243,veri,15
VeRi/image_train/0243_c016_00031310_0.jpg,243,veri,15
VeRi/image_train/0243_c016_00031315_0.jpg,243,veri,15
VeRi/image_train/0243_c016_00031320_0.jpg,243,veri,15
VeRi/image_train/0243_c017_00032680_0.jpg,243,veri,16
VeRi/image_train/0243_c017_00032695_0.jpg,243,veri,16
VeRi/image_train/0243_c017_00032705_0.jpg,243,veri,16
VeRi/image_train/0243_c017_00032715_0.jpg,243,veri,16
VeRi/image_train/0243_c017_00032725_0.jpg,243,veri,16
VeRi/image_train/0243_c017_00032740_0.jpg,243,veri,16
VeRi/image_train/0243_c019_00032455_0.jpg,243,veri,18
VeRi/image_train/0243_c019_00032460_0.jpg,243,veri,18
VeRi/image_train/0243_c019_00032465_0.jpg,243,veri,18
VeRi/image_train/0243_c019_00032475_0.jpg,243,veri,18
VeRi/image_train/0243_c019_00032485_0.jpg,243,veri,18
VeRi/image_train/0243_c019_00032490_0.jpg,243,veri,18
VeRi/image_train/0244_c014_00016255_0.jpg,244,veri,13
VeRi/image_train/0244_c014_00016260_0.jpg,244,veri,13
VeRi/image_train/0244_c014_00016265_0.jpg,244,veri,13
VeRi/image_train/0244_c014_00016270_0.jpg,244,veri,13
VeRi/image_train/0244_c014_00029630_0.jpg,244,veri,13
VeRi/image_train/0244_c014_00029635_0.jpg,244,veri,13
VeRi/image_train/0244_c014_00029640_0.jpg,244,veri,13
VeRi/image_train/0244_c014_00029645_0.jpg,244,veri,13
VeRi/image_train/0244_c014_00029650_0.jpg,244,veri,13
VeRi/image_train/0244_c014_00029655_0.jpg,244,veri,13
VeRi/image_train/0244_c015_00016275_0.jpg,244,veri,14
VeRi/image_train/0244_c015_00016280_0.jpg,244,veri,14
VeRi/image_train/0244_c015_00016285_0.jpg,244,veri,14
VeRi/image_train/0244_c015_00016290_0.jpg,244,veri,14
VeRi/image_train/0244_c015_00016295_0.jpg,244,veri,14
VeRi/image_train/0244_c015_00016300_0.jpg,244,veri,14
VeRi/image_train/0244_c015_00029460_0.jpg,244,veri,14
VeRi/image_train/0244_c015_00029465_0.jpg,244,veri,14
VeRi/image_train/0244_c015_00029470_0.jpg,244,veri,14
VeRi/image_train/0244_c015_00029475_0.jpg,244,veri,14
VeRi/image_train/0244_c015_00029480_0.jpg,244,veri,14
VeRi/image_train/0244_c015_00029490_0.jpg,244,veri,14
VeRi/image_train/0244_c016_00015975_0.jpg,244,veri,15
VeRi/image_train/0244_c016_00015980_0.jpg,244,veri,15
VeRi/image_train/0244_c016_00015985_0.jpg,244,veri,15
VeRi/image_train/0244_c016_00015990_0.jpg,244,veri,15
VeRi/image_train/0244_c016_00016000_0.jpg,244,veri,15
VeRi/image_train/0244_c016_00016005_0.jpg,244,veri,15
VeRi/image_train/0244_c016_00029965_0.jpg,244,veri,15
VeRi/image_train/0244_c016_00029980_0.jpg,244,veri,15
VeRi/image_train/0244_c016_00030025_0.jpg,244,veri,15
VeRi/image_train/0244_c016_00030040_0.jpg,244,veri,15
VeRi/image_train/0244_c016_00031505_0.jpg,244,veri,15
VeRi/image_train/0244_c016_00031560_0.jpg,244,veri,15
VeRi/image_train/0244_c017_00017190_0.jpg,244,veri,16
VeRi/image_train/0244_c017_00017205_0.jpg,244,veri,16
VeRi/image_train/0244_c017_00017220_0.jpg,244,veri,16
VeRi/image_train/0244_c017_00017240_0.jpg,244,veri,16
VeRi/image_train/0244_c017_00017250_0.jpg,244,veri,16
VeRi/image_train/0244_c017_00017265_0.jpg,244,veri,16
VeRi/image_train/0244_c017_00028725_1.jpg,244,veri,16
VeRi/image_train/0244_c017_00028735_0.jpg,244,veri,16
VeRi/image_train/0244_c017_00028755_0.jpg,244,veri,16
VeRi/image_train/0244_c017_00028775_0.jpg,244,veri,16
VeRi/image_train/0244_c017_00028810_0.jpg,244,veri,16
VeRi/image_train/0244_c018_00017390_0.jpg,244,veri,17
VeRi/image_train/0244_c018_00017395_0.jpg,244,veri,17
VeRi/image_train/0244_c018_00017400_0.jpg,244,veri,17
VeRi/image_train/0244_c018_00017405_0.jpg,244,veri,17
VeRi/image_train/0244_c018_00017410_0.jpg,244,veri,17
VeRi/image_train/0244_c018_00017415_0.jpg,244,veri,17
VeRi/image_train/0244_c019_00016995_0.jpg,244,veri,18
VeRi/image_train/0244_c019_00017000_0.jpg,244,veri,18
VeRi/image_train/0244_c019_00017005_0.jpg,244,veri,18
VeRi/image_train/0244_c019_00017010_0.jpg,244,veri,18
VeRi/image_train/0244_c019_00017015_0.jpg,244,veri,18
VeRi/image_train/0244_c019_00017020_0.jpg,244,veri,18
VeRi/image_train/0244_c019_00029000_0.jpg,244,veri,18
VeRi/image_train/0244_c019_00029005_0.jpg,244,veri,18
VeRi/image_train/0244_c019_00029010_0.jpg,244,veri,18
VeRi/image_train/0244_c019_00029015_0.jpg,244,veri,18
VeRi/image_train/0244_c019_00029020_0.jpg,244,veri,18
VeRi/image_train/0245_c014_00008185_0.jpg,245,veri,13
VeRi/image_train/0245_c014_00008195_0.jpg,245,veri,13
VeRi/image_train/0245_c014_00008200_0.jpg,245,veri,13
VeRi/image_train/0245_c014_00008205_0.jpg,245,veri,13
VeRi/image_train/0245_c014_00008210_0.jpg,245,veri,13
VeRi/image_train/0245_c014_00020975_0.jpg,245,veri,13
VeRi/image_train/0245_c014_00020980_0.jpg,245,veri,13
VeRi/image_train/0245_c014_00020985_0.jpg,245,veri,13
VeRi/image_train/0245_c014_00020990_0.jpg,245,veri,13
VeRi/image_train/0245_c015_00008240_0.jpg,245,veri,14
VeRi/image_train/0245_c015_00008245_0.jpg,245,veri,14
VeRi/image_train/0245_c015_00008250_0.jpg,245,veri,14
VeRi/image_train/0245_c015_00008255_0.jpg,245,veri,14
VeRi/image_train/0245_c015_00008260_0.jpg,245,veri,14
VeRi/image_train/0245_c015_00008265_0.jpg,245,veri,14
VeRi/image_train/0245_c016_00007890_0.jpg,245,veri,15
VeRi/image_train/0245_c016_00007895_0.jpg,245,veri,15
VeRi/image_train/0245_c016_00007900_0.jpg,245,veri,15
VeRi/image_train/0245_c016_00007905_0.jpg,245,veri,15
VeRi/image_train/0245_c016_00007910_0.jpg,245,veri,15
VeRi/image_train/0245_c016_00007920_0.jpg,245,veri,15
VeRi/image_train/0245_c016_00021220_0.jpg,245,veri,15
VeRi/image_train/0245_c017_00019425_0.jpg,245,veri,16
VeRi/image_train/0245_c017_00019435_0.jpg,245,veri,16
VeRi/image_train/0245_c017_00019555_0.jpg,245,veri,16
VeRi/image_train/0245_c017_00019565_0.jpg,245,veri,16
VeRi/image_train/0245_c017_00019580_0.jpg,245,veri,16
VeRi/image_train/0245_c017_00019605_0.jpg,245,veri,16
VeRi/image_train/0245_c017_00019805_0.jpg,245,veri,16
VeRi/image_train/0245_c017_00019810_0.jpg,245,veri,16
VeRi/image_train/0245_c017_00019825_0.jpg,245,veri,16
VeRi/image_train/0245_c017_00019845_0.jpg,245,veri,16
VeRi/image_train/0245_c017_00019870_0.jpg,245,veri,16
VeRi/image_train/0245_c017_00019915_0.jpg,245,veri,16
VeRi/image_train/0245_c019_00009065_0.jpg,245,veri,18
VeRi/image_train/0245_c019_00009070_0.jpg,245,veri,18
VeRi/image_train/0245_c019_00009075_0.jpg,245,veri,18
VeRi/image_train/0245_c019_00009080_0.jpg,245,veri,18
VeRi/image_train/0245_c019_00009085_0.jpg,245,veri,18
VeRi/image_train/0245_c019_00009090_0.jpg,245,veri,18
VeRi/image_train/0245_c019_00020150_0.jpg,245,veri,18
VeRi/image_train/0245_c019_00020155_0.jpg,245,veri,18
VeRi/image_train/0245_c019_00020165_0.jpg,245,veri,18
VeRi/image_train/0245_c019_00020175_0.jpg,245,veri,18
VeRi/image_train/0245_c019_00020185_0.jpg,245,veri,18
VeRi/image_train/0245_c019_00020205_0.jpg,245,veri,18
VeRi/image_train/0250_c012_00080200_0.jpg,250,veri,11
VeRi/image_train/0250_c012_00080210_0.jpg,250,veri,11
VeRi/image_train/0250_c012_00080220_0.jpg,250,veri,11
VeRi/image_train/0250_c012_00080230_0.jpg,250,veri,11
VeRi/image_train/0250_c012_00080240_0.jpg,250,veri,11
VeRi/image_train/0250_c012_00080250_0.jpg,250,veri,11
VeRi/image_train/0250_c012_00080255_0.jpg,250,veri,11
VeRi/image_train/0250_c012_00080265_0.jpg,250,veri,11
VeRi/image_train/0250_c013_00079985_0.jpg,250,veri,12
VeRi/image_train/0250_c013_00079990_0.jpg,250,veri,12
VeRi/image_train/0250_c013_00079995_0.jpg,250,veri,12
VeRi/image_train/0250_c013_00080000_0.jpg,250,veri,12
VeRi/image_train/0250_c013_00080005_0.jpg,250,veri,12
VeRi/image_train/0250_c013_00080010_0.jpg,250,veri,12
VeRi/image_train/0250_c014_00082135_0.jpg,250,veri,13
VeRi/image_train/0250_c014_00082140_0.jpg,250,veri,13
VeRi/image_train/0250_c014_00082145_0.jpg,250,veri,13
VeRi/image_train/0250_c014_00082150_0.jpg,250,veri,13
VeRi/image_train/0250_c014_00082155_0.jpg,250,veri,13
VeRi/image_train/0250_c014_00082160_0.jpg,250,veri,13
VeRi/image_train/0250_c015_00081925_0.jpg,250,veri,14
VeRi/image_train/0250_c015_00081930_0.jpg,250,veri,14
VeRi/image_train/0250_c015_00081935_0.jpg,250,veri,14
VeRi/image_train/0250_c015_00081940_0.jpg,250,veri,14
VeRi/image_train/0250_c015_00081945_0.jpg,250,veri,14
VeRi/image_train/0250_c015_00081960_0.jpg,250,veri,14
VeRi/image_train/0250_c016_00082485_0.jpg,250,veri,15
VeRi/image_train/0250_c016_00082490_0.jpg,250,veri,15
VeRi/image_train/0250_c016_00082495_0.jpg,250,veri,15
VeRi/image_train/0250_c016_00082500_0.jpg,250,veri,15
VeRi/image_train/0250_c016_00082505_0.jpg,250,veri,15
VeRi/image_train/0250_c016_00082510_0.jpg,250,veri,15
VeRi/image_train/0250_c017_00080840_0.jpg,250,veri,16
VeRi/image_train/0250_c017_00080845_0.jpg,250,veri,16
VeRi/image_train/0250_c017_00080850_0.jpg,250,veri,16
VeRi/image_train/0250_c017_00080860_0.jpg,250,veri,16
VeRi/image_train/0250_c017_00080865_0.jpg,250,veri,16
VeRi/image_train/0250_c017_00080875_0.jpg,250,veri,16
VeRi/image_train/0250_c019_00080965_0.jpg,250,veri,18
VeRi/image_train/0250_c019_00081000_0.jpg,250,veri,18
VeRi/image_train/0250_c019_00081010_0.jpg,250,veri,18
VeRi/image_train/0250_c019_00081020_0.jpg,250,veri,18
VeRi/image_train/0250_c019_00081030_0.jpg,250,veri,18
VeRi/image_train/0250_c019_00081040_0.jpg,250,veri,18
VeRi/image_train/0253_c014_00037820_0.jpg,253,veri,13
VeRi/image_train/0253_c014_00037825_0.jpg,253,veri,13
VeRi/image_train/0253_c014_00037830_0.jpg,253,veri,13
VeRi/image_train/0253_c014_00037835_0.jpg,253,veri,13
VeRi/image_train/0253_c014_00037840_0.jpg,253,veri,13
VeRi/image_train/0253_c014_00037850_0.jpg,253,veri,13
VeRi/image_train/0253_c014_00051950_0.jpg,253,veri,13
VeRi/image_train/0253_c014_00051955_0.jpg,253,veri,13
VeRi/image_train/0253_c014_00051960_0.jpg,253,veri,13
VeRi/image_train/0253_c014_00051965_0.jpg,253,veri,13
VeRi/image_train/0253_c014_00051970_0.jpg,253,veri,13
VeRi/image_train/0253_c014_00051975_0.jpg,253,veri,13
VeRi/image_train/0253_c015_00037875_0.jpg,253,veri,14
VeRi/image_train/0253_c015_00037880_0.jpg,253,veri,14
VeRi/image_train/0253_c015_00037885_0.jpg,253,veri,14
VeRi/image_train/0253_c015_00037890_0.jpg,253,veri,14
VeRi/image_train/0253_c015_00037895_0.jpg,253,veri,14
VeRi/image_train/0253_c015_00037900_0.jpg,253,veri,14
VeRi/image_train/0253_c015_00051665_0.jpg,253,veri,14
VeRi/image_train/0253_c015_00051670_0.jpg,253,veri,14
VeRi/image_train/0253_c015_00051675_0.jpg,253,veri,14
VeRi/image_train/0253_c015_00051680_0.jpg,253,veri,14
VeRi/image_train/0253_c015_00051685_0.jpg,253,veri,14
VeRi/image_train/0253_c015_00051690_0.jpg,253,veri,14
VeRi/image_train/0253_c016_00037550_0.jpg,253,veri,15
VeRi/image_train/0253_c016_00037555_0.jpg,253,veri,15
VeRi/image_train/0253_c016_00037560_0.jpg,253,veri,15
VeRi/image_train/0253_c016_00037565_0.jpg,253,veri,15
VeRi/image_train/0253_c016_00037570_0.jpg,253,veri,15
VeRi/image_train/0253_c016_00037575_0.jpg,253,veri,15
VeRi/image_train/0253_c016_00052340_0.jpg,253,veri,15
VeRi/image_train/0253_c016_00052345_0.jpg,253,veri,15
VeRi/image_train/0253_c016_00052350_0.jpg,253,veri,15
VeRi/image_train/0253_c016_00052355_0.jpg,253,veri,15
VeRi/image_train/0253_c016_00052360_0.jpg,253,veri,15
VeRi/image_train/0253_c016_00052365_0.jpg,253,veri,15
VeRi/image_train/0253_c017_00050000_0.jpg,253,veri,16
VeRi/image_train/0253_c017_00050010_0.jpg,253,veri,16
VeRi/image_train/0253_c017_00050015_0.jpg,253,veri,16
VeRi/image_train/0253_c017_00050025_0.jpg,253,veri,16
VeRi/image_train/0253_c017_00050050_0.jpg,253,veri,16
VeRi/image_train/0253_c017_00050075_0.jpg,253,veri,16
VeRi/image_train/0253_c017_00050475_0.jpg,253,veri,16
VeRi/image_train/0253_c017_00050480_0.jpg,253,veri,16
VeRi/image_train/0253_c017_00050485_0.jpg,253,veri,16
VeRi/image_train/0253_c017_00050490_0.jpg,253,veri,16
VeRi/image_train/0253_c017_00050500_0.jpg,253,veri,16
VeRi/image_train/0253_c017_00050550_0.jpg,253,veri,16
VeRi/image_train/0253_c019_00049715_0.jpg,253,veri,18
VeRi/image_train/0253_c019_00049720_0.jpg,253,veri,18
VeRi/image_train/0253_c019_00049730_0.jpg,253,veri,18
VeRi/image_train/0253_c019_00049735_0.jpg,253,veri,18
VeRi/image_train/0253_c019_00049740_0.jpg,253,veri,18
VeRi/image_train/0253_c019_00049745_0.jpg,253,veri,18
VeRi/image_train/0253_c019_00050780_0.jpg,253,veri,18
VeRi/image_train/0253_c019_00050825_0.jpg,253,veri,18
VeRi/image_train/0253_c019_00050845_0.jpg,253,veri,18
VeRi/image_train/0253_c019_00050850_0.jpg,253,veri,18
VeRi/image_train/0253_c019_00050860_0.jpg,253,veri,18
VeRi/image_train/0253_c019_00050900_0.jpg,253,veri,18
VeRi/image_train/0255_c001_00026220_0.jpg,255,veri,0
VeRi/image_train/0255_c001_00026230_0.jpg,255,veri,0
VeRi/image_train/0255_c001_00026240_0.jpg,255,veri,0
VeRi/image_train/0255_c001_00026250_0.jpg,255,veri,0
VeRi/image_train/0255_c001_00026260_0.jpg,255,veri,0
VeRi/image_train/0255_c001_00026270_0.jpg,255,veri,0
VeRi/image_train/0255_c002_00026945_0.jpg,255,veri,1
VeRi/image_train/0255_c002_00026955_0.jpg,255,veri,1
VeRi/image_train/0255_c002_00026965_0.jpg,255,veri,1
VeRi/image_train/0255_c002_00026975_0.jpg,255,veri,1
VeRi/image_train/0255_c002_00027015_0.jpg,255,veri,1
VeRi/image_train/0255_c002_00027035_0.jpg,255,veri,1
VeRi/image_train/0255_c003_00029970_0.jpg,255,veri,2
VeRi/image_train/0255_c003_00029980_0.jpg,255,veri,2
VeRi/image_train/0255_c003_00029990_0.jpg,255,veri,2
VeRi/image_train/0255_c003_00030000_0.jpg,255,veri,2
VeRi/image_train/0255_c003_00030010_0.jpg,255,veri,2
VeRi/image_train/0255_c003_00030020_0.jpg,255,veri,2
VeRi/image_train/0255_c004_00029905_0.jpg,255,veri,3
VeRi/image_train/0255_c004_00029920_0.jpg,255,veri,3
VeRi/image_train/0255_c004_00029935_0.jpg,255,veri,3
VeRi/image_train/0255_c004_00029950_0.jpg,255,veri,3
VeRi/image_train/0255_c004_00029965_0.jpg,255,veri,3
VeRi/image_train/0255_c004_00029980_0.jpg,255,veri,3
VeRi/image_train/0255_c004_00029985_0.jpg,255,veri,3
VeRi/image_train/0255_c004_00029995_0.jpg,255,veri,3
VeRi/image_train/0255_c004_00030045_0.jpg,255,veri,3
VeRi/image_train/0255_c005_00031370_0.jpg,255,veri,4
VeRi/image_train/0255_c005_00031385_0.jpg,255,veri,4
VeRi/image_train/0255_c005_00031405_0.jpg,255,veri,4
VeRi/image_train/0255_c005_00031430_0.jpg,255,veri,4
VeRi/image_train/0255_c005_00031460_0.jpg,255,veri,4
VeRi/image_train/0255_c005_00031485_0.jpg,255,veri,4
VeRi/image_train/0255_c006_00029090_0.jpg,255,veri,5
VeRi/image_train/0255_c006_00029100_0.jpg,255,veri,5
VeRi/image_train/0255_c006_00029110_0.jpg,255,veri,5
VeRi/image_train/0255_c006_00029120_1.jpg,255,veri,5
VeRi/image_train/0255_c006_00029130_1.jpg,255,veri,5
VeRi/image_train/0255_c006_00029140_1.jpg,255,veri,5
VeRi/image_train/0255_c007_00031545_0.jpg,255,veri,6
VeRi/image_train/0255_c007_00031565_0.jpg,255,veri,6
VeRi/image_train/0255_c007_00031575_0.jpg,255,veri,6
VeRi/image_train/0255_c007_00031590_0.jpg,255,veri,6
VeRi/image_train/0255_c007_00031595_0.jpg,255,veri,6
VeRi/image_train/0255_c007_00031605_0.jpg,255,veri,6
VeRi/image_train/0255_c008_00030420_0.jpg,255,veri,7
VeRi/image_train/0255_c008_00030425_0.jpg,255,veri,7
VeRi/image_train/0255_c008_00030430_0.jpg,255,veri,7
VeRi/image_train/0255_c008_00030435_0.jpg,255,veri,7
VeRi/image_train/0255_c008_00030440_0.jpg,255,veri,7
VeRi/image_train/0255_c008_00030445_0.jpg,255,veri,7
VeRi/image_train/0255_c009_00030310_0.jpg,255,veri,8
VeRi/image_train/0255_c009_00030315_0.jpg,255,veri,8
VeRi/image_train/0255_c009_00030320_0.jpg,255,veri,8
VeRi/image_train/0255_c009_00030325_0.jpg,255,veri,8
VeRi/image_train/0255_c009_00030330_0.jpg,255,veri,8
VeRi/image_train/0255_c009_00030335_0.jpg,255,veri,8
VeRi/image_train/0255_c010_00029245_0.jpg,255,veri,9
VeRi/image_train/0255_c010_00029250_0.jpg,255,veri,9
VeRi/image_train/0255_c010_00029255_0.jpg,255,veri,9
VeRi/image_train/0255_c010_00029260_0.jpg,255,veri,9
VeRi/image_train/0255_c010_00029265_0.jpg,255,veri,9
VeRi/image_train/0255_c010_00029270_0.jpg,255,veri,9
VeRi/image_train/0255_c011_00028985_0.jpg,255,veri,10
VeRi/image_train/0255_c011_00029000_0.jpg,255,veri,10
VeRi/image_train/0255_c011_00029015_0.jpg,255,veri,10
VeRi/image_train/0255_c011_00029030_0.jpg,255,veri,10
VeRi/image_train/0255_c011_00029050_0.jpg,255,veri,10
VeRi/image_train/0255_c011_00029070_1.jpg,255,veri,10
VeRi/image_train/0255_c012_00024795_0.jpg,255,veri,11
VeRi/image_train/0255_c012_00024805_0.jpg,255,veri,11
VeRi/image_train/0255_c012_00024815_0.jpg,255,veri,11
VeRi/image_train/0255_c012_00024825_0.jpg,255,veri,11
VeRi/image_train/0255_c012_00024840_0.jpg,255,veri,11
VeRi/image_train/0255_c012_00024855_0.jpg,255,veri,11
VeRi/image_train/0255_c013_00024975_0.jpg,255,veri,12
VeRi/image_train/0255_c013_00024980_1.jpg,255,veri,12
VeRi/image_train/0255_c013_00024990_1.jpg,255,veri,12
VeRi/image_train/0255_c013_00025020_1.jpg,255,veri,12
VeRi/image_train/0255_c013_00025030_1.jpg,255,veri,12
VeRi/image_train/0255_c013_00025040_1.jpg,255,veri,12
VeRi/image_train/0255_c014_00021585_2.jpg,255,veri,13
VeRi/image_train/0255_c014_00021590_2.jpg,255,veri,13
VeRi/image_train/0255_c014_00021620_1.jpg,255,veri,13
VeRi/image_train/0255_c014_00021660_0.jpg,255,veri,13
VeRi/image_train/0255_c014_00021700_0.jpg,255,veri,13
VeRi/image_train/0255_c014_00021730_0.jpg,255,veri,13
VeRi/image_train/0255_c015_00021930_0.jpg,255,veri,14
VeRi/image_train/0255_c015_00021935_0.jpg,255,veri,14
VeRi/image_train/0255_c015_00021945_0.jpg,255,veri,14
VeRi/image_train/0255_c015_00021950_0.jpg,255,veri,14
VeRi/image_train/0255_c015_00021955_0.jpg,255,veri,14
VeRi/image_train/0255_c015_00021960_0.jpg,255,veri,14
VeRi/image_train/0255_c016_00021105_0.jpg,255,veri,15
VeRi/image_train/0255_c016_00021110_0.jpg,255,veri,15
VeRi/image_train/0255_c016_00021120_0.jpg,255,veri,15
VeRi/image_train/0255_c016_00021125_0.jpg,255,veri,15
VeRi/image_train/0255_c016_00021130_0.jpg,255,veri,15
VeRi/image_train/0255_c016_00021135_0.jpg,255,veri,15
VeRi/image_train/0255_c017_00023835_1.jpg,255,veri,16
VeRi/image_train/0255_c017_00023850_1.jpg,255,veri,16
VeRi/image_train/0255_c017_00023870_1.jpg,255,veri,16
VeRi/image_train/0255_c017_00023900_1.jpg,255,veri,16
VeRi/image_train/0255_c017_00023930_1.jpg,255,veri,16
VeRi/image_train/0255_c017_00023960_0.jpg,255,veri,16
VeRi/image_train/0255_c019_00023470_0.jpg,255,veri,18
VeRi/image_train/0255_c019_00023475_0.jpg,255,veri,18
VeRi/image_train/0255_c019_00023480_0.jpg,255,veri,18
VeRi/image_train/0255_c019_00023485_0.jpg,255,veri,18
VeRi/image_train/0255_c019_00023490_0.jpg,255,veri,18
VeRi/image_train/0255_c019_00023495_0.jpg,255,veri,18
VeRi/image_train/0259_c001_00081525_1.jpg,259,veri,0
VeRi/image_train/0259_c001_00081535_0.jpg,259,veri,0
VeRi/image_train/0259_c001_00081545_0.jpg,259,veri,0
VeRi/image_train/0259_c001_00081555_0.jpg,259,veri,0
VeRi/image_train/0259_c001_00081570_0.jpg,259,veri,0
VeRi/image_train/0259_c001_00081605_0.jpg,259,veri,0
VeRi/image_train/0259_c012_00082075_0.jpg,259,veri,11
VeRi/image_train/0259_c012_00082080_0.jpg,259,veri,11
VeRi/image_train/0259_c012_00082090_0.jpg,259,veri,11
VeRi/image_train/0259_c012_00082095_0.jpg,259,veri,11
VeRi/image_train/0259_c012_00082105_0.jpg,259,veri,11
VeRi/image_train/0259_c012_00082120_0.jpg,259,veri,11
VeRi/image_train/0259_c013_00081945_0.jpg,259,veri,12
VeRi/image_train/0259_c013_00081950_0.jpg,259,veri,12
VeRi/image_train/0259_c013_00081970_0.jpg,259,veri,12
VeRi/image_train/0259_c013_00081975_0.jpg,259,veri,12
VeRi/image_train/0259_c013_00081980_0.jpg,259,veri,12
VeRi/image_train/0259_c013_00081985_0.jpg,259,veri,12
VeRi/image_train/0259_c014_00084765_0.jpg,259,veri,13
VeRi/image_train/0259_c014_00084770_0.jpg,259,veri,13
VeRi/image_train/0259_c014_00084775_0.jpg,259,veri,13
VeRi/image_train/0259_c014_00084780_0.jpg,259,veri,13
VeRi/image_train/0259_c014_00084785_0.jpg,259,veri,13
VeRi/image_train/0259_c014_00084790_0.jpg,259,veri,13
VeRi/image_train/0259_c015_00084595_0.jpg,259,veri,14
VeRi/image_train/0259_c015_00084600_0.jpg,259,veri,14
VeRi/image_train/0259_c015_00084605_0.jpg,259,veri,14
VeRi/image_train/0259_c015_00084610_0.jpg,259,veri,14
VeRi/image_train/0259_c015_00084615_0.jpg,259,veri,14
VeRi/image_train/0259_c015_00084620_0.jpg,259,veri,14
VeRi/image_train/0259_c016_00085035_0.jpg,259,veri,15
VeRi/image_train/0259_c016_00085040_0.jpg,259,veri,15
VeRi/image_train/0259_c016_00085045_0.jpg,259,veri,15
VeRi/image_train/0259_c016_00085050_0.jpg,259,veri,15
VeRi/image_train/0259_c016_00085055_0.jpg,259,veri,15
VeRi/image_train/0259_c016_00085060_0.jpg,259,veri,15
VeRi/image_train/0259_c017_00082575_1.jpg,259,veri,16
VeRi/image_train/0259_c017_00082580_0.jpg,259,veri,16
VeRi/image_train/0259_c017_00082590_0.jpg,259,veri,16
VeRi/image_train/0259_c017_00082595_1.jpg,259,veri,16
VeRi/image_train/0259_c017_00082605_0.jpg,259,veri,16
VeRi/image_train/0259_c017_00082615_0.jpg,259,veri,16
VeRi/image_train/0259_c019_00082750_0.jpg,259,veri,18
VeRi/image_train/0259_c019_00082755_0.jpg,259,veri,18
VeRi/image_train/0259_c019_00082775_0.jpg,259,veri,18
VeRi/image_train/0259_c019_00082780_0.jpg,259,veri,18
VeRi/image_train/0259_c019_00082785_0.jpg,259,veri,18
VeRi/image_train/0259_c019_00082805_0.jpg,259,veri,18
VeRi/image_train/0266_c002_00016945_1.jpg,266,veri,1
VeRi/image_train/0266_c002_00016955_1.jpg,266,veri,1
VeRi/image_train/0266_c002_00016965_0.jpg,266,veri,1
VeRi/image_train/0266_c002_00016975_0.jpg,266,veri,1
VeRi/image_train/0266_c002_00016985_0.jpg,266,veri,1
VeRi/image_train/0266_c002_00016995_0.jpg,266,veri,1
VeRi/image_train/0266_c003_00020945_1.jpg,266,veri,2
VeRi/image_train/0266_c003_00020955_0.jpg,266,veri,2
VeRi/image_train/0266_c003_00020965_0.jpg,266,veri,2
VeRi/image_train/0266_c003_00020975_0.jpg,266,veri,2
VeRi/image_train/0266_c003_00020985_0.jpg,266,veri,2
VeRi/image_train/0266_c003_00020995_0.jpg,266,veri,2
VeRi/image_train/0266_c004_00020900_1.jpg,266,veri,3
VeRi/image_train/0266_c004_00020910_1.jpg,266,veri,3
VeRi/image_train/0266_c004_00020920_0.jpg,266,veri,3
VeRi/image_train/0266_c004_00020935_0.jpg,266,veri,3
VeRi/image_train/0266_c004_00020945_0.jpg,266,veri,3
VeRi/image_train/0266_c004_00020955_0.jpg,266,veri,3
VeRi/image_train/0266_c005_00022295_0.jpg,266,veri,4
VeRi/image_train/0266_c005_00022315_0.jpg,266,veri,4
VeRi/image_train/0266_c005_00022345_0.jpg,266,veri,4
VeRi/image_train/0266_c005_00022375_0.jpg,266,veri,4
VeRi/image_train/0266_c005_00022410_0.jpg,266,veri,4
VeRi/image_train/0266_c006_00019515_0.jpg,266,veri,5
VeRi/image_train/0266_c006_00019555_0.jpg,266,veri,5
VeRi/image_train/0266_c006_00019575_0.jpg,266,veri,5
VeRi/image_train/0266_c006_00019590_0.jpg,266,veri,5
VeRi/image_train/0266_c006_00019615_0.jpg,266,veri,5
VeRi/image_train/0266_c006_00019625_1.jpg,266,veri,5
VeRi/image_train/0266_c007_00022445_0.jpg,266,veri,6
VeRi/image_train/0266_c007_00022455_0.jpg,266,veri,6
VeRi/image_train/0266_c007_00022460_0.jpg,266,veri,6
VeRi/image_train/0266_c007_00022465_0.jpg,266,veri,6
VeRi/image_train/0266_c008_00021260_0.jpg,266,veri,7
VeRi/image_train/0266_c008_00021265_0.jpg,266,veri,7
VeRi/image_train/0266_c008_00021270_0.jpg,266,veri,7
VeRi/image_train/0266_c008_00021280_2.jpg,266,veri,7
VeRi/image_train/0266_c008_00021285_2.jpg,266,veri,7
VeRi/image_train/0266_c009_00021140_0.jpg,266,veri,8
VeRi/image_train/0266_c009_00021145_0.jpg,266,veri,8
VeRi/image_train/0266_c009_00021150_0.jpg,266,veri,8
VeRi/image_train/0266_c009_00021155_0.jpg,266,veri,8
VeRi/image_train/0266_c009_00021160_0.jpg,266,veri,8
VeRi/image_train/0266_c009_00021165_0.jpg,266,veri,8
VeRi/image_train/0266_c010_00019980_0.jpg,266,veri,9
VeRi/image_train/0266_c010_00019985_0.jpg,266,veri,9
VeRi/image_train/0266_c010_00019990_0.jpg,266,veri,9
VeRi/image_train/0266_c010_00019995_0.jpg,266,veri,9
VeRi/image_train/0266_c010_00020000_0.jpg,266,veri,9
VeRi/image_train/0266_c010_00020005_0.jpg,266,veri,9
VeRi/image_train/0266_c011_00019475_0.jpg,266,veri,10
VeRi/image_train/0266_c011_00019485_0.jpg,266,veri,10
VeRi/image_train/0266_c011_00019495_0.jpg,266,veri,10
VeRi/image_train/0266_c011_00019505_0.jpg,266,veri,10
VeRi/image_train/0266_c011_00019520_0.jpg,266,veri,10
VeRi/image_train/0266_c011_00019535_0.jpg,266,veri,10
VeRi/image_train/0267_c002_00026805_0.jpg,267,veri,1
VeRi/image_train/0267_c002_00026850_0.jpg,267,veri,1
VeRi/image_train/0267_c002_00026870_0.jpg,267,veri,1
VeRi/image_train/0267_c002_00026890_0.jpg,267,veri,1
VeRi/image_train/0267_c002_00026900_0.jpg,267,veri,1
VeRi/image_train/0267_c002_00026915_0.jpg,267,veri,1
VeRi/image_train/0267_c002_00052560_0.jpg,267,veri,1
VeRi/image_train/0267_c002_00052570_0.jpg,267,veri,1
VeRi/image_train/0267_c002_00052585_0.jpg,267,veri,1
VeRi/image_train/0267_c002_00052600_0.jpg,267,veri,1
VeRi/image_train/0267_c002_00052615_0.jpg,267,veri,1
VeRi/image_train/0267_c002_00052630_0.jpg,267,veri,1
VeRi/image_train/0267_c003_00023000_0.jpg,267,veri,2
VeRi/image_train/0267_c003_00023015_0.jpg,267,veri,2
VeRi/image_train/0267_c003_00023040_0.jpg,267,veri,2
VeRi/image_train/0267_c003_00023055_0.jpg,267,veri,2
VeRi/image_train/0267_c003_00023065_0.jpg,267,veri,2
VeRi/image_train/0267_c003_00023090_0.jpg,267,veri,2
VeRi/image_train/0267_c003_00056215_0.jpg,267,veri,2
VeRi/image_train/0267_c003_00056230_0.jpg,267,veri,2
VeRi/image_train/0267_c003_00056245_0.jpg,267,veri,2
VeRi/image_train/0267_c003_00056255_0.jpg,267,veri,2
VeRi/image_train/0267_c003_00056270_0.jpg,267,veri,2
VeRi/image_train/0267_c003_00056305_0.jpg,267,veri,2
VeRi/image_train/0267_c004_00022940_0.jpg,267,veri,3
VeRi/image_train/0267_c004_00022955_0.jpg,267,veri,3
VeRi/image_train/0267_c004_00022970_0.jpg,267,veri,3
VeRi/image_train/0267_c004_00022985_0.jpg,267,veri,3
VeRi/image_train/0267_c004_00023000_0.jpg,267,veri,3
VeRi/image_train/0267_c004_00023035_0.jpg,267,veri,3
VeRi/image_train/0267_c004_00056120_0.jpg,267,veri,3
VeRi/image_train/0267_c004_00056130_0.jpg,267,veri,3
VeRi/image_train/0267_c004_00056140_0.jpg,267,veri,3
VeRi/image_train/0267_c004_00056155_0.jpg,267,veri,3
VeRi/image_train/0267_c004_00056175_0.jpg,267,veri,3
VeRi/image_train/0267_c004_00056190_0.jpg,267,veri,3
VeRi/image_train/0267_c006_00024275_2.jpg,267,veri,5
VeRi/image_train/0267_c006_00024285_2.jpg,267,veri,5
VeRi/image_train/0267_c006_00024300_1.jpg,267,veri,5
VeRi/image_train/0267_c006_00024320_0.jpg,267,veri,5
VeRi/image_train/0267_c006_00024340_0.jpg,267,veri,5
VeRi/image_train/0267_c006_00024375_0.jpg,267,veri,5
VeRi/image_train/0267_c006_00055145_0.jpg,267,veri,5
VeRi/image_train/0267_c006_00055175_0.jpg,267,veri,5
VeRi/image_train/0267_c006_00055200_0.jpg,267,veri,5
VeRi/image_train/0267_c006_00055220_0.jpg,267,veri,5
VeRi/image_train/0267_c006_00055240_1.jpg,267,veri,5
VeRi/image_train/0267_c006_00055295_1.jpg,267,veri,5
VeRi/image_train/0267_c010_00024075_1.jpg,267,veri,9
VeRi/image_train/0267_c010_00024090_0.jpg,267,veri,9
VeRi/image_train/0267_c010_00024095_1.jpg,267,veri,9
VeRi/image_train/0267_c010_00024110_1.jpg,267,veri,9
VeRi/image_train/0267_c010_00024120_0.jpg,267,veri,9
VeRi/image_train/0267_c010_00055475_0.jpg,267,veri,9
VeRi/image_train/0267_c010_00055480_0.jpg,267,veri,9
VeRi/image_train/0267_c010_00055485_0.jpg,267,veri,9
VeRi/image_train/0267_c010_00055490_0.jpg,267,veri,9
VeRi/image_train/0267_c010_00055495_0.jpg,267,veri,9
VeRi/image_train/0267_c010_00055500_0.jpg,267,veri,9
VeRi/image_train/0267_c011_00024250_0.jpg,267,veri,10
VeRi/image_train/0267_c011_00024260_1.jpg,267,veri,10
VeRi/image_train/0267_c011_00024270_0.jpg,267,veri,10
VeRi/image_train/0267_c011_00024285_0.jpg,267,veri,10
VeRi/image_train/0267_c011_00024295_0.jpg,267,veri,10
VeRi/image_train/0267_c011_00024305_1.jpg,267,veri,10
VeRi/image_train/0267_c011_00055195_0.jpg,267,veri,10
VeRi/image_train/0267_c011_00055225_0.jpg,267,veri,10
VeRi/image_train/0267_c011_00055270_0.jpg,267,veri,10
VeRi/image_train/0267_c011_00055280_0.jpg,267,veri,10
VeRi/image_train/0267_c011_00055295_1.jpg,267,veri,10
VeRi/image_train/0268_c001_00047685_0.jpg,268,veri,0
VeRi/image_train/0268_c001_00047695_0.jpg,268,veri,0
VeRi/image_train/0268_c001_00047705_0.jpg,268,veri,0
VeRi/image_train/0268_c001_00047715_0.jpg,268,veri,0
VeRi/image_train/0268_c001_00047725_0.jpg,268,veri,0
VeRi/image_train/0268_c001_00047730_0.jpg,268,veri,0
VeRi/image_train/0268_c001_00069375_0.jpg,268,veri,0
VeRi/image_train/0268_c001_00069380_0.jpg,268,veri,0
VeRi/image_train/0268_c001_00069385_0.jpg,268,veri,0
VeRi/image_train/0268_c001_00069390_0.jpg,268,veri,0
VeRi/image_train/0268_c001_00069395_0.jpg,268,veri,0
VeRi/image_train/0268_c001_00069400_0.jpg,268,veri,0
VeRi/image_train/0268_c002_00048825_0.jpg,268,veri,1
VeRi/image_train/0268_c002_00048835_0.jpg,268,veri,1
VeRi/image_train/0268_c002_00048845_0.jpg,268,veri,1
VeRi/image_train/0268_c002_00048855_0.jpg,268,veri,1
VeRi/image_train/0268_c002_00048865_0.jpg,268,veri,1
VeRi/image_train/0268_c002_00048875_0.jpg,268,veri,1
VeRi/image_train/0268_c002_00067820_1.jpg,268,veri,1
VeRi/image_train/0268_c002_00067870_1.jpg,268,veri,1
VeRi/image_train/0268_c002_00067880_1.jpg,268,veri,1
VeRi/image_train/0268_c002_00067890_0.jpg,268,veri,1
VeRi/image_train/0268_c002_00067915_0.jpg,268,veri,1
VeRi/image_train/0268_c002_00067925_0.jpg,268,veri,1
VeRi/image_train/0268_c003_00052080_0.jpg,268,veri,2
VeRi/image_train/0268_c003_00052090_0.jpg,268,veri,2
VeRi/image_train/0268_c003_00052100_0.jpg,268,veri,2
VeRi/image_train/0268_c003_00052110_0.jpg,268,veri,2
VeRi/image_train/0268_c003_00052125_0.jpg,268,veri,2
VeRi/image_train/0268_c003_00052130_0.jpg,268,veri,2
VeRi/image_train/0268_c003_00064460_0.jpg,268,veri,2
VeRi/image_train/0268_c003_00064470_1.jpg,268,veri,2
VeRi/image_train/0268_c003_00064475_1.jpg,268,veri,2
VeRi/image_train/0268_c003_00064480_1.jpg,268,veri,2
VeRi/image_train/0268_c003_00064485_1.jpg,268,veri,2
VeRi/image_train/0268_c003_00064490_1.jpg,268,veri,2
VeRi/image_train/0268_c004_00051955_0.jpg,268,veri,3
VeRi/image_train/0268_c004_00052000_1.jpg,268,veri,3
VeRi/image_train/0268_c004_00052025_0.jpg,268,veri,3
VeRi/image_train/0268_c004_00052040_0.jpg,268,veri,3
VeRi/image_train/0268_c004_00052060_0.jpg,268,veri,3
VeRi/image_train/0268_c004_00052085_0.jpg,268,veri,3
VeRi/image_train/0268_c004_00064345_0.jpg,268,veri,3
VeRi/image_train/0268_c004_00064350_0.jpg,268,veri,3
VeRi/image_train/0268_c004_00064355_0.jpg,268,veri,3
VeRi/image_train/0268_c004_00064370_0.jpg,268,veri,3
VeRi/image_train/0268_c004_00064375_0.jpg,268,veri,3
VeRi/image_train/0268_c004_00064380_0.jpg,268,veri,3
VeRi/image_train/0268_c005_00053090_0.jpg,268,veri,4
VeRi/image_train/0268_c005_00053100_0.jpg,268,veri,4
VeRi/image_train/0268_c005_00053115_0.jpg,268,veri,4
VeRi/image_train/0268_c005_00053130_0.jpg,268,veri,4
VeRi/image_train/0268_c005_00053160_0.jpg,268,veri,4
VeRi/image_train/0268_c005_00053180_0.jpg,268,veri,4
VeRi/image_train/0268_c006_00050775_0.jpg,268,veri,5
VeRi/image_train/0268_c006_00050800_0.jpg,268,veri,5
VeRi/image_train/0268_c006_00050825_0.jpg,268,veri,5
VeRi/image_train/0268_c006_00050855_0.jpg,268,veri,5
VeRi/image_train/0268_c006_00050870_0.jpg,268,veri,5
VeRi/image_train/0268_c006_00050885_0.jpg,268,veri,5
VeRi/image_train/0268_c006_00065830_0.jpg,268,veri,5
VeRi/image_train/0268_c006_00065840_0.jpg,268,veri,5
VeRi/image_train/0268_c006_00065865_0.jpg,268,veri,5
VeRi/image_train/0268_c006_00065895_0.jpg,268,veri,5
VeRi/image_train/0268_c006_00066600_2.jpg,268,veri,5
VeRi/image_train/0268_c006_00066670_0.jpg,268,veri,5
VeRi/image_train/0268_c007_00053220_0.jpg,268,veri,6
VeRi/image_train/0268_c007_00053225_0.jpg,268,veri,6
VeRi/image_train/0268_c007_00053230_0.jpg,268,veri,6
VeRi/image_train/0268_c007_00053235_0.jpg,268,veri,6
VeRi/image_train/0268_c007_00053240_0.jpg,268,veri,6
VeRi/image_train/0268_c008_00052480_0.jpg,268,veri,7
VeRi/image_train/0268_c008_00052485_0.jpg,268,veri,7
VeRi/image_train/0268_c008_00052490_0.jpg,268,veri,7
VeRi/image_train/0268_c008_00052495_0.jpg,268,veri,7
VeRi/image_train/0268_c008_00052500_0.jpg,268,veri,7
VeRi/image_train/0268_c008_00052505_0.jpg,268,veri,7
VeRi/image_train/0268_c008_00064125_0.jpg,268,veri,7
VeRi/image_train/0268_c008_00064130_0.jpg,268,veri,7
VeRi/image_train/0268_c008_00064135_0.jpg,268,veri,7
VeRi/image_train/0268_c008_00064140_0.jpg,268,veri,7
VeRi/image_train/0268_c008_00064145_0.jpg,268,veri,7
VeRi/image_train/0268_c008_00064150_0.jpg,268,veri,7
VeRi/image_train/0268_c009_00052385_0.jpg,268,veri,8
VeRi/image_train/0268_c009_00052390_0.jpg,268,veri,8
VeRi/image_train/0268_c009_00052395_0.jpg,268,veri,8
VeRi/image_train/0268_c009_00052400_0.jpg,268,veri,8
VeRi/image_train/0268_c009_00052405_0.jpg,268,veri,8
VeRi/image_train/0268_c009_00052410_0.jpg,268,veri,8
VeRi/image_train/0268_c009_00064210_0.jpg,268,veri,8
VeRi/image_train/0268_c009_00064235_0.jpg,268,veri,8
VeRi/image_train/0268_c009_00064240_0.jpg,268,veri,8
VeRi/image_train/0268_c009_00064245_0.jpg,268,veri,8
VeRi/image_train/0268_c009_00064260_0.jpg,268,veri,8
VeRi/image_train/0268_c009_00064270_0.jpg,268,veri,8
VeRi/image_train/0268_c010_00051085_0.jpg,268,veri,9
VeRi/image_train/0268_c010_00051090_0.jpg,268,veri,9
VeRi/image_train/0268_c010_00051095_0.jpg,268,veri,9
VeRi/image_train/0268_c010_00051100_0.jpg,268,veri,9
VeRi/image_train/0268_c010_00051105_0.jpg,268,veri,9
VeRi/image_train/0268_c010_00051110_0.jpg,268,veri,9
VeRi/image_train/0268_c010_00065695_0.jpg,268,veri,9
VeRi/image_train/0268_c010_00065700_0.jpg,268,veri,9
VeRi/image_train/0268_c010_00065705_0.jpg,268,veri,9
VeRi/image_train/0268_c010_00065710_0.jpg,268,veri,9
VeRi/image_train/0268_c010_00065715_0.jpg,268,veri,9
VeRi/image_train/0268_c010_00065720_0.jpg,268,veri,9
VeRi/image_train/0268_c011_00050825_0.jpg,268,veri,10
VeRi/image_train/0268_c011_00050840_0.jpg,268,veri,10
VeRi/image_train/0268_c011_00050855_0.jpg,268,veri,10
VeRi/image_train/0268_c011_00050865_0.jpg,268,veri,10
VeRi/image_train/0268_c011_00050875_0.jpg,268,veri,10
VeRi/image_train/0268_c011_00050895_0.jpg,268,veri,10
VeRi/image_train/0268_c011_00066480_2.jpg,268,veri,10
VeRi/image_train/0268_c011_00066565_1.jpg,268,veri,10
VeRi/image_train/0268_c011_00066690_0.jpg,268,veri,10
VeRi/image_train/0268_c011_00066720_0.jpg,268,veri,10
VeRi/image_train/0268_c011_00066755_0.jpg,268,veri,10
VeRi/image_train/0268_c011_00066765_0.jpg,268,veri,10
VeRi/image_train/0268_c012_00046120_0.jpg,268,veri,11
VeRi/image_train/0268_c012_00046130_0.jpg,268,veri,11
VeRi/image_train/0268_c012_00046140_0.jpg,268,veri,11
VeRi/image_train/0268_c012_00046145_0.jpg,268,veri,11
VeRi/image_train/0268_c012_00046150_0.jpg,268,veri,11
VeRi/image_train/0268_c012_00046165_0.jpg,268,veri,11
VeRi/image_train/0268_c012_00070070_0.jpg,268,veri,11
VeRi/image_train/0268_c012_00070080_0.jpg,268,veri,11
VeRi/image_train/0268_c012_00070085_0.jpg,268,veri,11
VeRi/image_train/0268_c012_00070095_0.jpg,268,veri,11
VeRi/image_train/0268_c012_00070100_0.jpg,268,veri,11
VeRi/image_train/0268_c012_00070110_0.jpg,268,veri,11
VeRi/image_train/0268_c013_00046250_0.jpg,268,veri,12
VeRi/image_train/0268_c013_00046255_0.jpg,268,veri,12
VeRi/image_train/0268_c013_00046260_0.jpg,268,veri,12
VeRi/image_train/0268_c013_00046265_0.jpg,268,veri,12
VeRi/image_train/0268_c013_00046270_0.jpg,268,veri,12
VeRi/image_train/0268_c013_00046275_0.jpg,268,veri,12
VeRi/image_train/0268_c013_00069830_0.jpg,268,veri,12
VeRi/image_train/0268_c013_00069835_0.jpg,268,veri,12
VeRi/image_train/0268_c013_00069840_0.jpg,268,veri,12
VeRi/image_train/0268_c013_00069845_0.jpg,268,veri,12
VeRi/image_train/0268_c013_00069850_0.jpg,268,veri,12
VeRi/image_train/0268_c013_00069855_0.jpg,268,veri,12
VeRi/image_train/0268_c014_00043065_0.jpg,268,veri,13
VeRi/image_train/0268_c014_00043070_1.jpg,268,veri,13
VeRi/image_train/0268_c014_00043075_1.jpg,268,veri,13
VeRi/image_train/0268_c014_00043080_0.jpg,268,veri,13
VeRi/image_train/0268_c014_00043085_0.jpg,268,veri,13
VeRi/image_train/0268_c014_00043090_0.jpg,268,veri,13
VeRi/image_train/0268_c014_00073385_0.jpg,268,veri,13
VeRi/image_train/0268_c014_00073390_0.jpg,268,veri,13
VeRi/image_train/0268_c014_00073395_0.jpg,268,veri,13
VeRi/image_train/0268_c014_00073400_0.jpg,268,veri,13
VeRi/image_train/0268_c014_00073405_0.jpg,268,veri,13
VeRi/image_train/0268_c014_00073410_0.jpg,268,veri,13
VeRi/image_train/0268_c015_00043320_0.jpg,268,veri,14
VeRi/image_train/0268_c015_00043325_0.jpg,268,veri,14
VeRi/image_train/0268_c015_00043330_0.jpg,268,veri,14
VeRi/image_train/0268_c015_00043335_0.jpg,268,veri,14
VeRi/image_train/0268_c015_00043340_0.jpg,268,veri,14
VeRi/image_train/0268_c015_00043345_0.jpg,268,veri,14
VeRi/image_train/0268_c015_00073115_0.jpg,268,veri,14
VeRi/image_train/0268_c015_00073120_0.jpg,268,veri,14
VeRi/image_train/0268_c015_00073125_0.jpg,268,veri,14
VeRi/image_train/0268_c015_00073130_0.jpg,268,veri,14
VeRi/image_train/0268_c015_00073135_0.jpg,268,veri,14
VeRi/image_train/0268_c015_00073140_0.jpg,268,veri,14
VeRi/image_train/0268_c016_00042275_0.jpg,268,veri,15
VeRi/image_train/0268_c016_00042280_0.jpg,268,veri,15
VeRi/image_train/0268_c016_00042290_0.jpg,268,veri,15
VeRi/image_train/0268_c016_00042295_0.jpg,268,veri,15
VeRi/image_train/0268_c016_00042300_0.jpg,268,veri,15
VeRi/image_train/0268_c016_00073975_0.jpg,268,veri,15
VeRi/image_train/0268_c016_00073980_0.jpg,268,veri,15
VeRi/image_train/0268_c016_00073985_0.jpg,268,veri,15
VeRi/image_train/0268_c016_00073990_0.jpg,268,veri,15
VeRi/image_train/0268_c016_00073995_0.jpg,268,veri,15
VeRi/image_train/0268_c016_00074000_0.jpg,268,veri,15
VeRi/image_train/0268_c017_00045380_0.jpg,268,veri,16
VeRi/image_train/0268_c017_00045385_0.jpg,268,veri,16
VeRi/image_train/0268_c017_00045390_0.jpg,268,veri,16
VeRi/image_train/0268_c017_00045395_0.jpg,268,veri,16
VeRi/image_train/0268_c017_00045400_0.jpg,268,veri,16
VeRi/image_train/0268_c017_00045410_0.jpg,268,veri,16
VeRi/image_train/0268_c017_00071440_0.jpg,268,veri,16
VeRi/image_train/0268_c017_00071450_0.jpg,268,veri,16
VeRi/image_train/0268_c017_00071460_0.jpg,268,veri,16
VeRi/image_train/0268_c017_00071470_0.jpg,268,veri,16
VeRi/image_train/0268_c017_00071480_0.jpg,268,veri,16
VeRi/image_train/0268_c017_00071490_0.jpg,268,veri,16
VeRi/image_train/0268_c019_00044960_0.jpg,268,veri,18
VeRi/image_train/0268_c019_00044965_0.jpg,268,veri,18
VeRi/image_train/0268_c019_00071720_0.jpg,268,veri,18
VeRi/image_train/0268_c019_00071725_0.jpg,268,veri,18
VeRi/image_train/0268_c019_00071730_0.jpg,268,veri,18
VeRi/image_train/0268_c019_00071740_0.jpg,268,veri,18
VeRi/image_train/0268_c019_00071760_0.jpg,268,veri,18
VeRi/image_train/0268_c019_00071765_0.jpg,268,veri,18
VeRi/image_train/0269_c001_00057390_0.jpg,269,veri,0
VeRi/image_train/0269_c001_00057400_0.jpg,269,veri,0
VeRi/image_train/0269_c001_00057410_0.jpg,269,veri,0
VeRi/image_train/0269_c001_00057420_0.jpg,269,veri,0
VeRi/image_train/0269_c001_00057425_0.jpg,269,veri,0
VeRi/image_train/0269_c001_00057430_0.jpg,269,veri,0
VeRi/image_train/0269_c001_00076325_0.jpg,269,veri,0
VeRi/image_train/0269_c001_00076330_0.jpg,269,veri,0
VeRi/image_train/0269_c001_00076335_0.jpg,269,veri,0
VeRi/image_train/0269_c001_00076340_0.jpg,269,veri,0
VeRi/image_train/0269_c001_00076345_0.jpg,269,veri,0
VeRi/image_train/0269_c001_00076350_0.jpg,269,veri,0
VeRi/image_train/0269_c002_00058655_0.jpg,269,veri,1
VeRi/image_train/0269_c002_00058665_0.jpg,269,veri,1
VeRi/image_train/0269_c002_00058675_0.jpg,269,veri,1
VeRi/image_train/0269_c002_00058685_0.jpg,269,veri,1
VeRi/image_train/0269_c002_00058710_0.jpg,269,veri,1
VeRi/image_train/0269_c002_00058735_0.jpg,269,veri,1
VeRi/image_train/0269_c002_00074800_0.jpg,269,veri,1
VeRi/image_train/0269_c002_00074825_0.jpg,269,veri,1
VeRi/image_train/0269_c002_00074865_0.jpg,269,veri,1
VeRi/image_train/0269_c002_00074890_0.jpg,269,veri,1
VeRi/image_train/0269_c002_00074920_0.jpg,269,veri,1
VeRi/image_train/0269_c002_00074950_0.jpg,269,veri,1
VeRi/image_train/0269_c003_00061500_0.jpg,269,veri,2
VeRi/image_train/0269_c003_00061510_0.jpg,269,veri,2
VeRi/image_train/0269_c003_00061520_0.jpg,269,veri,2
VeRi/image_train/0269_c003_00061530_0.jpg,269,veri,2
VeRi/image_train/0269_c003_00061540_0.jpg,269,veri,2
VeRi/image_train/0269_c003_00061555_0.jpg,269,veri,2
VeRi/image_train/0269_c003_00072760_0.jpg,269,veri,2
VeRi/image_train/0269_c003_00072770_0.jpg,269,veri,2
VeRi/image_train/0269_c003_00072780_0.jpg,269,veri,2
VeRi/image_train/0269_c003_00072790_0.jpg,269,veri,2
VeRi/image_train/0269_c003_00072800_0.jpg,269,veri,2
VeRi/image_train/0269_c003_00072805_0.jpg,269,veri,2
VeRi/image_train/0269_c004_00061410_1.jpg,269,veri,3
VeRi/image_train/0269_c004_00061430_0.jpg,269,veri,3
VeRi/image_train/0269_c004_00061445_0.jpg,269,veri,3
VeRi/image_train/0269_c004_00061465_0.jpg,269,veri,3
VeRi/image_train/0269_c004_00061475_0.jpg,269,veri,3
VeRi/image_train/0269_c004_00061490_0.jpg,269,veri,3
VeRi/image_train/0269_c004_00072685_0.jpg,269,veri,3
VeRi/image_train/0269_c004_00072690_0.jpg,269,veri,3
VeRi/image_train/0269_c004_00072695_0.jpg,269,veri,3
VeRi/image_train/0269_c004_00072700_0.jpg,269,veri,3
VeRi/image_train/0269_c004_00072705_0.jpg,269,veri,3
VeRi/image_train/0269_c004_00072710_0.jpg,269,veri,3
VeRi/image_train/0269_c005_00063330_0.jpg,269,veri,4
VeRi/image_train/0269_c005_00063345_0.jpg,269,veri,4
VeRi/image_train/0269_c005_00063365_0.jpg,269,veri,4
VeRi/image_train/0269_c005_00063390_0.jpg,269,veri,4
VeRi/image_train/0269_c005_00063420_0.jpg,269,veri,4
VeRi/image_train/0269_c005_00063465_0.jpg,269,veri,4
VeRi/image_train/0269_c006_00060065_0.jpg,269,veri,5
VeRi/image_train/0269_c006_00060110_0.jpg,269,veri,5
VeRi/image_train/0269_c006_00060145_0.jpg,269,veri,5
VeRi/image_train/0269_c006_00060175_0.jpg,269,veri,5
VeRi/image_train/0269_c006_00060200_0.jpg,269,veri,5
VeRi/image_train/0269_c006_00060225_0.jpg,269,veri,5
VeRi/image_train/0269_c006_00073935_0.jpg,269,veri,5
VeRi/image_train/0269_c006_00073945_0.jpg,269,veri,5
VeRi/image_train/0269_c006_00073955_0.jpg,269,veri,5
VeRi/image_train/0269_c006_00073970_0.jpg,269,veri,5
VeRi/image_train/0269_c006_00073990_0.jpg,269,veri,5
VeRi/image_train/0269_c006_00074005_0.jpg,269,veri,5
VeRi/image_train/0269_c007_00063485_0.jpg,269,veri,6
VeRi/image_train/0269_c007_00063495_0.jpg,269,veri,6
VeRi/image_train/0269_c007_00063500_0.jpg,269,veri,6
VeRi/image_train/0269_c007_00063505_0.jpg,269,veri,6
VeRi/image_train/0269_c007_00063510_0.jpg,269,veri,6
VeRi/image_train/0269_c008_00061855_0.jpg,269,veri,7
VeRi/image_train/0269_c008_00061860_0.jpg,269,veri,7
VeRi/image_train/0269_c008_00061865_0.jpg,269,veri,7
VeRi/image_train/0269_c008_00061870_0.jpg,269,veri,7
VeRi/image_train/0269_c008_00061875_0.jpg,269,veri,7
VeRi/image_train/0269_c008_00061880_0.jpg,269,veri,7
VeRi/image_train/0269_c008_00072475_0.jpg,269,veri,7
VeRi/image_train/0269_c008_00072480_0.jpg,269,veri,7
VeRi/image_train/0269_c008_00072485_0.jpg,269,veri,7
VeRi/image_train/0269_c008_00072490_0.jpg,269,veri,7
VeRi/image_train/0269_c008_00072495_0.jpg,269,veri,7
VeRi/image_train/0269_c008_00072500_0.jpg,269,veri,7
VeRi/image_train/0269_c009_00061770_0.jpg,269,veri,8
VeRi/image_train/0269_c009_00061775_0.jpg,269,veri,8
VeRi/image_train/0269_c009_00061780_0.jpg,269,veri,8
VeRi/image_train/0269_c009_00061785_0.jpg,269,veri,8
VeRi/image_train/0269_c009_00061790_0.jpg,269,veri,8
VeRi/image_train/0269_c009_00061795_0.jpg,269,veri,8
VeRi/image_train/0269_c009_00072560_0.jpg,269,veri,8
VeRi/image_train/0269_c009_00072565_0.jpg,269,veri,8
VeRi/image_train/0269_c009_00072570_0.jpg,269,veri,8
VeRi/image_train/0269_c009_00072575_0.jpg,269,veri,8
VeRi/image_train/0269_c009_00072580_0.jpg,269,veri,8
VeRi/image_train/0269_c010_00060425_0.jpg,269,veri,9
VeRi/image_train/0269_c010_00060430_0.jpg,269,veri,9
VeRi/image_train/0269_c010_00060435_0.jpg,269,veri,9
VeRi/image_train/0269_c010_00060440_0.jpg,269,veri,9
VeRi/image_train/0269_c010_00060445_0.jpg,269,veri,9
VeRi/image_train/0269_c010_00060450_0.jpg,269,veri,9
VeRi/image_train/0269_c010_00073860_0.jpg,269,veri,9
VeRi/image_train/0269_c010_00073865_0.jpg,269,veri,9
VeRi/image_train/0269_c010_00073870_0.jpg,269,veri,9
VeRi/image_train/0269_c010_00073875_0.jpg,269,veri,9
VeRi/image_train/0269_c010_00073880_0.jpg,269,veri,9
VeRi/image_train/0269_c010_00073885_0.jpg,269,veri,9
VeRi/image_train/0269_c011_00060100_0.jpg,269,veri,10
VeRi/image_train/0269_c011_00060115_0.jpg,269,veri,10
VeRi/image_train/0269_c011_00060130_0.jpg,269,veri,10
VeRi/image_train/0269_c011_00060145_0.jpg,269,veri,10
VeRi/image_train/0269_c011_00060170_0.jpg,269,veri,10
VeRi/image_train/0269_c011_00060195_0.jpg,269,veri,10
VeRi/image_train/0269_c011_00073955_0.jpg,269,veri,10
VeRi/image_train/0269_c011_00073965_0.jpg,269,veri,10
VeRi/image_train/0269_c011_00073970_0.jpg,269,veri,10
VeRi/image_train/0269_c011_00073980_0.jpg,269,veri,10
VeRi/image_train/0269_c011_00073990_0.jpg,269,veri,10
VeRi/image_train/0269_c011_00074000_0.jpg,269,veri,10
VeRi/image_train/0269_c012_00056725_0.jpg,269,veri,11
VeRi/image_train/0269_c012_00056735_0.jpg,269,veri,11
VeRi/image_train/0269_c012_00056750_0.jpg,269,veri,11
VeRi/image_train/0269_c012_00056760_0.jpg,269,veri,11
VeRi/image_train/0269_c012_00056770_0.jpg,269,veri,11
VeRi/image_train/0269_c012_00056785_0.jpg,269,veri,11
VeRi/image_train/0269_c012_00077325_0.jpg,269,veri,11
VeRi/image_train/0269_c012_00077330_0.jpg,269,veri,11
VeRi/image_train/0269_c012_00077340_0.jpg,269,veri,11
VeRi/image_train/0269_c012_00077350_0.jpg,269,veri,11
VeRi/image_train/0269_c012_00077360_0.jpg,269,veri,11
VeRi/image_train/0269_c012_00077370_0.jpg,269,veri,11
VeRi/image_train/0269_c013_00056920_0.jpg,269,veri,12
VeRi/image_train/0269_c013_00056925_0.jpg,269,veri,12
VeRi/image_train/0269_c013_00056930_0.jpg,269,veri,12
VeRi/image_train/0269_c013_00056935_0.jpg,269,veri,12
VeRi/image_train/0269_c013_00056940_0.jpg,269,veri,12
VeRi/image_train/0269_c013_00056945_0.jpg,269,veri,12
VeRi/image_train/0269_c013_00077080_0.jpg,269,veri,12
VeRi/image_train/0269_c013_00077085_0.jpg,269,veri,12
VeRi/image_train/0269_c013_00077090_0.jpg,269,veri,12
VeRi/image_train/0269_c013_00077095_0.jpg,269,veri,12
VeRi/image_train/0269_c013_00077100_0.jpg,269,veri,12
VeRi/image_train/0269_c013_00077105_0.jpg,269,veri,12
VeRi/image_train/0269_c014_00002340_0.jpg,269,veri,13
VeRi/image_train/0269_c014_00002345_0.jpg,269,veri,13
VeRi/image_train/0269_c014_00002350_0.jpg,269,veri,13
VeRi/image_train/0269_c014_00002355_0.jpg,269,veri,13
VeRi/image_train/0269_c014_00002360_0.jpg,269,veri,13
VeRi/image_train/0269_c014_00002365_0.jpg,269,veri,13
VeRi/image_train/0269_c014_00053585_0.jpg,269,veri,13
VeRi/image_train/0269_c014_00053590_0.jpg,269,veri,13
VeRi/image_train/0269_c014_00053595_0.jpg,269,veri,13
VeRi/image_train/0269_c014_00053600_0.jpg,269,veri,13
VeRi/image_train/0269_c014_00053605_0.jpg,269,veri,13
VeRi/image_train/0269_c014_00053610_0.jpg,269,veri,13
VeRi/image_train/0269_c014_00086395_0.jpg,269,veri,13
VeRi/image_train/0269_c014_00086400_0.jpg,269,veri,13
VeRi/image_train/0269_c014_00086405_0.jpg,269,veri,13
VeRi/image_train/0269_c014_00086410_0.jpg,269,veri,13
VeRi/image_train/0269_c014_00086415_0.jpg,269,veri,13
VeRi/image_train/0269_c014_00086420_0.jpg,269,veri,13
VeRi/image_train/0269_c015_00002145_0.jpg,269,veri,14
VeRi/image_train/0269_c015_00002155_0.jpg,269,veri,14
VeRi/image_train/0269_c015_00002165_0.jpg,269,veri,14
VeRi/image_train/0269_c015_00002170_0.jpg,269,veri,14
VeRi/image_train/0269_c015_00002190_0.jpg,269,veri,14
VeRi/image_train/0269_c015_00002220_0.jpg,269,veri,14
VeRi/image_train/0269_c015_00053720_0.jpg,269,veri,14
VeRi/image_train/0269_c015_00053725_0.jpg,269,veri,14
VeRi/image_train/0269_c015_00053730_0.jpg,269,veri,14
VeRi/image_train/0269_c015_00053735_0.jpg,269,veri,14
VeRi/image_train/0269_c015_00053740_0.jpg,269,veri,14
VeRi/image_train/0269_c015_00053745_0.jpg,269,veri,14
VeRi/image_train/0269_c015_00086085_0.jpg,269,veri,14
VeRi/image_train/0269_c015_00086100_0.jpg,269,veri,14
VeRi/image_train/0269_c015_00086105_0.jpg,269,veri,14
VeRi/image_train/0269_c015_00086115_0.jpg,269,veri,14
VeRi/image_train/0269_c015_00086120_0.jpg,269,veri,14
VeRi/image_train/0269_c015_00086160_0.jpg,269,veri,14
VeRi/image_train/0269_c016_00003250_0.jpg,269,veri,15
VeRi/image_train/0269_c016_00003255_0.jpg,269,veri,15
VeRi/image_train/0269_c016_00003260_0.jpg,269,veri,15
VeRi/image_train/0269_c016_00003265_0.jpg,269,veri,15
VeRi/image_train/0269_c016_00003270_0.jpg,269,veri,15
VeRi/image_train/0269_c016_00003275_0.jpg,269,veri,15
VeRi/image_train/0269_c016_00052805_2.jpg,269,veri,15
VeRi/image_train/0269_c016_00052810_2.jpg,269,veri,15
VeRi/image_train/0269_c016_00052815_2.jpg,269,veri,15
VeRi/image_train/0269_c016_00052820_2.jpg,269,veri,15
VeRi/image_train/0269_c016_00052825_2.jpg,269,veri,15
VeRi/image_train/0269_c016_00087625_0.jpg,269,veri,15
VeRi/image_train/0269_c016_00087630_0.jpg,269,veri,15
VeRi/image_train/0269_c017_00000430_1.jpg,269,veri,16
VeRi/image_train/0269_c017_00000435_0.jpg,269,veri,16
VeRi/image_train/0269_c017_00000445_0.jpg,269,veri,16
VeRi/image_train/0269_c017_00000455_0.jpg,269,veri,16
VeRi/image_train/0269_c017_00000475_0.jpg,269,veri,16
VeRi/image_train/0269_c017_00055415_0.jpg,269,veri,16
VeRi/image_train/0269_c017_00055440_0.jpg,269,veri,16
VeRi/image_train/0269_c017_00055445_0.jpg,269,veri,16
VeRi/image_train/0269_c017_00055460_0.jpg,269,veri,16
VeRi/image_train/0269_c017_00055485_1.jpg,269,veri,16
VeRi/image_train/0269_c017_00055505_0.jpg,269,veri,16
VeRi/image_train/0269_c017_00078195_0.jpg,269,veri,16
VeRi/image_train/0269_c017_00078205_0.jpg,269,veri,16
VeRi/image_train/0269_c017_00078210_0.jpg,269,veri,16
VeRi/image_train/0269_c017_00078215_0.jpg,269,veri,16
VeRi/image_train/0269_c017_00078225_0.jpg,269,veri,16
VeRi/image_train/0269_c017_00078240_0.jpg,269,veri,16
VeRi/image_train/0269_c019_00000665_0.jpg,269,veri,18
VeRi/image_train/0269_c019_00000675_0.jpg,269,veri,18
VeRi/image_train/0269_c019_00000695_0.jpg,269,veri,18
VeRi/image_train/0269_c019_00000705_0.jpg,269,veri,18
VeRi/image_train/0269_c019_00000715_0.jpg,269,veri,18
VeRi/image_train/0269_c019_00000725_0.jpg,269,veri,18
VeRi/image_train/0269_c019_00055125_0.jpg,269,veri,18
VeRi/image_train/0269_c019_00055130_0.jpg,269,veri,18
VeRi/image_train/0269_c019_00055135_0.jpg,269,veri,18
VeRi/image_train/0269_c019_00055140_0.jpg,269,veri,18
VeRi/image_train/0269_c019_00055150_0.jpg,269,veri,18
VeRi/image_train/0269_c019_00055160_0.jpg,269,veri,18
VeRi/image_train/0269_c019_00078510_1.jpg,269,veri,18
VeRi/image_train/0269_c019_00078525_0.jpg,269,veri,18
VeRi/image_train/0269_c019_00078530_0.jpg,269,veri,18
VeRi/image_train/0269_c019_00078535_0.jpg,269,veri,18
VeRi/image_train/0269_c019_00078540_0.jpg,269,veri,18
VeRi/image_train/0269_c019_00078545_0.jpg,269,veri,18
VeRi/image_train/0270_c001_00004805_0.jpg,270,veri,0
VeRi/image_train/0270_c001_00004810_0.jpg,270,veri,0
VeRi/image_train/0270_c001_00004815_0.jpg,270,veri,0
VeRi/image_train/0270_c001_00004820_0.jpg,270,veri,0
VeRi/image_train/0270_c001_00004825_0.jpg,270,veri,0
VeRi/image_train/0270_c001_00004830_0.jpg,270,veri,0
VeRi/image_train/0270_c001_00064335_0.jpg,270,veri,0
VeRi/image_train/0270_c001_00064345_0.jpg,270,veri,0
VeRi/image_train/0270_c001_00064355_0.jpg,270,veri,0
VeRi/image_train/0270_c001_00064365_0.jpg,270,veri,0
VeRi/image_train/0270_c001_00064370_0.jpg,270,veri,0
VeRi/image_train/0270_c001_00064375_0.jpg,270,veri,0
VeRi/image_train/0270_c001_00083235_0.jpg,270,veri,0
VeRi/image_train/0270_c001_00083240_0.jpg,270,veri,0
VeRi/image_train/0270_c001_00083245_0.jpg,270,veri,0
VeRi/image_train/0270_c001_00083250_0.jpg,270,veri,0
VeRi/image_train/0270_c001_00083255_0.jpg,270,veri,0
VeRi/image_train/0270_c001_00083260_0.jpg,270,veri,0
VeRi/image_train/0270_c002_00003690_0.jpg,270,veri,1
VeRi/image_train/0270_c002_00003700_0.jpg,270,veri,1
VeRi/image_train/0270_c002_00003715_0.jpg,270,veri,1
VeRi/image_train/0270_c002_00003730_0.jpg,270,veri,1
VeRi/image_train/0270_c002_00003745_0.jpg,270,veri,1
VeRi/image_train/0270_c002_00003760_0.jpg,270,veri,1
VeRi/image_train/0270_c002_00065385_0.jpg,270,veri,1
VeRi/image_train/0270_c002_00065395_0.jpg,270,veri,1
VeRi/image_train/0270_c002_00065405_0.jpg,270,veri,1
VeRi/image_train/0270_c002_00065415_0.jpg,270,veri,1
VeRi/image_train/0270_c002_00065425_0.jpg,270,veri,1
VeRi/image_train/0270_c002_00065465_0.jpg,270,veri,1
VeRi/image_train/0270_c002_00081705_0.jpg,270,veri,1
VeRi/image_train/0270_c002_00081725_0.jpg,270,veri,1
VeRi/image_train/0270_c002_00081745_0.jpg,270,veri,1
VeRi/image_train/0270_c002_00081765_0.jpg,270,veri,1
VeRi/image_train/0270_c002_00081785_0.jpg,270,veri,1
VeRi/image_train/0270_c002_00081800_0.jpg,270,veri,1
VeRi/image_train/0270_c003_00002120_0.jpg,270,veri,2
VeRi/image_train/0270_c003_00002130_0.jpg,270,veri,2
VeRi/image_train/0270_c003_00002140_0.jpg,270,veri,2
VeRi/image_train/0270_c003_00002150_0.jpg,270,veri,2
VeRi/image_train/0270_c003_00002160_0.jpg,270,veri,2
VeRi/image_train/0270_c003_00068600_0.jpg,270,veri,2
VeRi/image_train/0270_c003_00068630_0.jpg,270,veri,2
VeRi/image_train/0270_c003_00068645_0.jpg,270,veri,2
VeRi/image_train/0270_c003_00068665_0.jpg,270,veri,2
VeRi/image_train/0270_c003_00068675_0.jpg,270,veri,2
VeRi/image_train/0270_c003_00068680_0.jpg,270,veri,2
VeRi/image_train/0270_c003_00078825_0.jpg,270,veri,2
VeRi/image_train/0270_c003_00078835_0.jpg,270,veri,2
VeRi/image_train/0270_c003_00078845_0.jpg,270,veri,2
VeRi/image_train/0270_c003_00078855_0.jpg,270,veri,2
VeRi/image_train/0270_c003_00078870_0.jpg,270,veri,2
VeRi/image_train/0270_c003_00078885_0.jpg,270,veri,2
VeRi/image_train/0270_c004_00002025_0.jpg,270,veri,3
VeRi/image_train/0270_c004_00002030_0.jpg,270,veri,3
VeRi/image_train/0270_c004_00002035_0.jpg,270,veri,3
VeRi/image_train/0270_c004_00002040_0.jpg,270,veri,3
VeRi/image_train/0270_c004_00002045_0.jpg,270,veri,3
VeRi/image_train/0270_c004_00002050_0.jpg,270,veri,3
VeRi/image_train/0270_c004_00068265_0.jpg,270,veri,3
VeRi/image_train/0270_c004_00068290_0.jpg,270,veri,3
VeRi/image_train/0270_c004_00068525_0.jpg,270,veri,3
VeRi/image_train/0270_c004_00068565_0.jpg,270,veri,3
VeRi/image_train/0270_c004_00068585_0.jpg,270,veri,3
VeRi/image_train/0270_c004_00068590_0.jpg,270,veri,3
VeRi/image_train/0270_c004_00078755_0.jpg,270,veri,3
VeRi/image_train/0270_c004_00078760_0.jpg,270,veri,3
VeRi/image_train/0270_c004_00078765_0.jpg,270,veri,3
VeRi/image_train/0270_c004_00078770_0.jpg,270,veri,3
VeRi/image_train/0270_c004_00078775_0.jpg,270,veri,3
VeRi/image_train/0270_c004_00078780_0.jpg,270,veri,3
VeRi/image_train/0270_c005_00069690_0.jpg,270,veri,4
VeRi/image_train/0270_c005_00069710_0.jpg,270,veri,4
VeRi/image_train/0270_c005_00069730_0.jpg,270,veri,4
VeRi/image_train/0270_c005_00069750_0.jpg,270,veri,4
VeRi/image_train/0270_c005_00069765_0.jpg,270,veri,4
VeRi/image_train/0270_c005_00069785_0.jpg,270,veri,4
VeRi/image_train/0270_c006_00003065_0.jpg,270,veri,5
VeRi/image_train/0270_c006_00003080_0.jpg,270,veri,5
VeRi/image_train/0270_c006_00003090_0.jpg,270,veri,5
VeRi/image_train/0270_c006_00003100_0.jpg,270,veri,5
VeRi/image_train/0270_c006_00003110_0.jpg,270,veri,5
VeRi/image_train/0270_c006_00003130_0.jpg,270,veri,5
VeRi/image_train/0270_c006_00067070_0.jpg,270,veri,5
VeRi/image_train/0270_c006_00067095_1.jpg,270,veri,5
VeRi/image_train/0270_c006_00067120_1.jpg,270,veri,5
VeRi/image_train/0270_c006_00067150_0.jpg,270,veri,5
VeRi/image_train/0270_c006_00067170_0.jpg,270,veri,5
VeRi/image_train/0270_c006_00079680_0.jpg,270,veri,5
VeRi/image_train/0270_c006_00080050_1.jpg,270,veri,5
VeRi/image_train/0270_c006_00080065_1.jpg,270,veri,5
VeRi/image_train/0270_c006_00080080_1.jpg,270,veri,5
VeRi/image_train/0270_c006_00080100_1.jpg,270,veri,5
VeRi/image_train/0270_c006_00080130_1.jpg,270,veri,5
VeRi/image_train/0270_c007_00069810_0.jpg,270,veri,6
VeRi/image_train/0270_c007_00069815_0.jpg,270,veri,6
VeRi/image_train/0270_c007_00069820_0.jpg,270,veri,6
VeRi/image_train/0270_c007_00069825_0.jpg,270,veri,6
VeRi/image_train/0270_c007_00069830_0.jpg,270,veri,6
VeRi/image_train/0270_c008_00001860_0.jpg,270,veri,7
VeRi/image_train/0270_c008_00001870_0.jpg,270,veri,7
VeRi/image_train/0270_c008_00001880_0.jpg,270,veri,7
VeRi/image_train/0270_c008_00001890_0.jpg,270,veri,7
VeRi/image_train/0270_c008_00001910_0.jpg,270,veri,7
VeRi/image_train/0270_c008_00068885_0.jpg,270,veri,7
VeRi/image_train/0270_c008_00068890_0.jpg,270,veri,7
VeRi/image_train/0270_c008_00068895_0.jpg,270,veri,7
VeRi/image_train/0270_c008_00068900_0.jpg,270,veri,7
VeRi/image_train/0270_c008_00078540_0.jpg,270,veri,7
VeRi/image_train/0270_c008_00078550_0.jpg,270,veri,7
VeRi/image_train/0270_c008_00078555_0.jpg,270,veri,7
VeRi/image_train/0270_c008_00078560_0.jpg,270,veri,7
VeRi/image_train/0270_c008_00078565_0.jpg,270,veri,7
VeRi/image_train/0270_c008_00078570_0.jpg,270,veri,7
VeRi/image_train/0270_c009_00001835_0.jpg,270,veri,8
VeRi/image_train/0270_c009_00001880_0.jpg,270,veri,8
VeRi/image_train/0270_c009_00001905_0.jpg,270,veri,8
VeRi/image_train/0270_c009_00001925_0.jpg,270,veri,8
VeRi/image_train/0270_c009_00001945_0.jpg,270,veri,8
VeRi/image_train/0270_c009_00001960_0.jpg,270,veri,8
VeRi/image_train/0270_c009_00068815_0.jpg,270,veri,8
VeRi/image_train/0270_c009_00068820_0.jpg,270,veri,8
VeRi/image_train/0270_c009_00068825_0.jpg,270,veri,8
VeRi/image_train/0270_c009_00068830_0.jpg,270,veri,8
VeRi/image_train/0270_c009_00068835_0.jpg,270,veri,8
VeRi/image_train/0270_c009_00068840_0.jpg,270,veri,8
VeRi/image_train/0270_c009_00078645_0.jpg,270,veri,8
VeRi/image_train/0270_c009_00078650_0.jpg,270,veri,8
VeRi/image_train/0270_c009_00078660_1.jpg,270,veri,8
VeRi/image_train/0270_c009_00078665_1.jpg,270,veri,8
VeRi/image_train/0270_c009_00078670_1.jpg,270,veri,8
VeRi/image_train/0270_c009_00078675_1.jpg,270,veri,8
VeRi/image_train/0270_c010_00002965_0.jpg,270,veri,9
VeRi/image_train/0270_c010_00002970_0.jpg,270,veri,9
VeRi/image_train/0270_c010_00002975_0.jpg,270,veri,9
VeRi/image_train/0270_c010_00002980_0.jpg,270,veri,9
VeRi/image_train/0270_c010_00002985_0.jpg,270,veri,9
VeRi/image_train/0270_c010_00002990_0.jpg,270,veri,9
VeRi/image_train/0270_c010_00067685_0.jpg,270,veri,9
VeRi/image_train/0270_c010_00067690_0.jpg,270,veri,9
VeRi/image_train/0270_c010_00067695_0.jpg,270,veri,9
VeRi/image_train/0270_c010_00067700_0.jpg,270,veri,9
VeRi/image_train/0270_c010_00067705_0.jpg,270,veri,9
VeRi/image_train/0270_c010_00067710_0.jpg,270,veri,9
VeRi/image_train/0270_c010_00079560_0.jpg,270,veri,9
VeRi/image_train/0270_c010_00079565_0.jpg,270,veri,9
VeRi/image_train/0270_c010_00079570_0.jpg,270,veri,9
VeRi/image_train/0270_c010_00079575_0.jpg,270,veri,9
VeRi/image_train/0270_c010_00079585_0.jpg,270,veri,9
VeRi/image_train/0270_c010_00079590_0.jpg,270,veri,9
VeRi/image_train/0270_c011_00003025_1.jpg,270,veri,10
VeRi/image_train/0270_c011_00003035_1.jpg,270,veri,10
VeRi/image_train/0270_c011_00003045_1.jpg,270,veri,10
VeRi/image_train/0270_c011_00003055_0.jpg,270,veri,10
VeRi/image_train/0270_c011_00003065_0.jpg,270,veri,10
VeRi/image_train/0270_c011_00003075_0.jpg,270,veri,10
VeRi/image_train/0270_c011_00067080_1.jpg,270,veri,10
VeRi/image_train/0270_c011_00067090_1.jpg,270,veri,10
VeRi/image_train/0270_c011_00067110_1.jpg,270,veri,10
VeRi/image_train/0270_c011_00067120_0.jpg,270,veri,10
VeRi/image_train/0270_c011_00067140_0.jpg,270,veri,10
VeRi/image_train/0270_c011_00067145_0.jpg,270,veri,10
VeRi/image_train/0270_c011_00080120_0.jpg,270,veri,10
VeRi/image_train/0270_c011_00080130_0.jpg,270,veri,10
VeRi/image_train/0270_c011_00080160_0.jpg,270,veri,10
VeRi/image_train/0270_c011_00080170_0.jpg,270,veri,10
VeRi/image_train/0270_c011_00080190_0.jpg,270,veri,10
VeRi/image_train/0270_c011_00080245_0.jpg,270,veri,10
VeRi/image_train/0270_c012_00005420_0.jpg,270,veri,11
VeRi/image_train/0270_c012_00005425_0.jpg,270,veri,11
VeRi/image_train/0270_c012_00005430_0.jpg,270,veri,11
VeRi/image_train/0270_c012_00005435_0.jpg,270,veri,11
VeRi/image_train/0270_c012_00005445_0.jpg,270,veri,11
VeRi/image_train/0270_c012_00005450_0.jpg,270,veri,11
VeRi/image_train/0270_c012_00063880_0.jpg,270,veri,11
VeRi/image_train/0270_c012_00063890_0.jpg,270,veri,11
VeRi/image_train/0270_c012_00063900_0.jpg,270,veri,11
VeRi/image_train/0270_c012_00063910_0.jpg,270,veri,11
VeRi/image_train/0270_c012_00063920_0.jpg,270,veri,11
VeRi/image_train/0270_c012_00063930_0.jpg,270,veri,11
VeRi/image_train/0270_c012_00083755_0.jpg,270,veri,11
VeRi/image_train/0270_c012_00083760_0.jpg,270,veri,11
VeRi/image_train/0270_c012_00083765_0.jpg,270,veri,11
VeRi/image_train/0270_c012_00083775_0.jpg,270,veri,11
VeRi/image_train/0270_c012_00083785_0.jpg,270,veri,11
VeRi/image_train/0270_c012_00083795_0.jpg,270,veri,11
VeRi/image_train/0270_c013_00005270_0.jpg,270,veri,12
VeRi/image_train/0270_c013_00005280_0.jpg,270,veri,12
VeRi/image_train/0270_c013_00005290_0.jpg,270,veri,12
VeRi/image_train/0270_c013_00005295_0.jpg,270,veri,12
VeRi/image_train/0270_c013_00005305_0.jpg,270,veri,12
VeRi/image_train/0270_c013_00064015_0.jpg,270,veri,12
VeRi/image_train/0270_c013_00064020_0.jpg,270,veri,12
VeRi/image_train/0270_c013_00064025_0.jpg,270,veri,12
VeRi/image_train/0270_c013_00064030_0.jpg,270,veri,12
VeRi/image_train/0270_c013_00064035_0.jpg,270,veri,12
VeRi/image_train/0270_c013_00064040_0.jpg,270,veri,12
VeRi/image_train/0270_c013_00083605_0.jpg,270,veri,12
VeRi/image_train/0270_c013_00083610_0.jpg,270,veri,12
VeRi/image_train/0270_c013_00083615_0.jpg,270,veri,12
VeRi/image_train/0270_c013_00083620_0.jpg,270,veri,12
VeRi/image_train/0270_c013_00083625_0.jpg,270,veri,12
VeRi/image_train/0270_c013_00083630_0.jpg,270,veri,12
VeRi/image_train/0270_c014_00007315_0.jpg,270,veri,13
VeRi/image_train/0270_c014_00007320_0.jpg,270,veri,13
VeRi/image_train/0270_c014_00007325_0.jpg,270,veri,13
VeRi/image_train/0270_c014_00007330_0.jpg,270,veri,13
VeRi/image_train/0270_c014_00060620_0.jpg,270,veri,13
VeRi/image_train/0270_c014_00060625_0.jpg,270,veri,13
VeRi/image_train/0270_c014_00060630_0.jpg,270,veri,13
VeRi/image_train/0270_c014_00060635_0.jpg,270,veri,13
VeRi/image_train/0270_c014_00060640_0.jpg,270,veri,13
VeRi/image_train/0270_c014_00060645_0.jpg,270,veri,13
VeRi/image_train/0270_c015_00007145_0.jpg,270,veri,14
VeRi/image_train/0270_c015_00007160_0.jpg,270,veri,14
VeRi/image_train/0270_c015_00007175_0.jpg,270,veri,14
VeRi/image_train/0270_c015_00007180_0.jpg,270,veri,14
VeRi/image_train/0270_c015_00007185_0.jpg,270,veri,14
VeRi/image_train/0270_c015_00007190_0.jpg,270,veri,14
VeRi/image_train/0270_c015_00060780_0.jpg,270,veri,14
VeRi/image_train/0270_c015_00060785_0.jpg,270,veri,14
VeRi/image_train/0270_c015_00060790_1.jpg,270,veri,14
VeRi/image_train/0270_c015_00060795_0.jpg,270,veri,14
VeRi/image_train/0270_c015_00060800_0.jpg,270,veri,14
VeRi/image_train/0270_c015_00060805_0.jpg,270,veri,14
VeRi/image_train/0270_c015_00089770_0.jpg,270,veri,14
VeRi/image_train/0270_c015_00089775_0.jpg,270,veri,14
VeRi/image_train/0270_c015_00089780_0.jpg,270,veri,14
VeRi/image_train/0270_c015_00089785_0.jpg,270,veri,14
VeRi/image_train/0270_c015_00089790_0.jpg,270,veri,14
VeRi/image_train/0270_c015_00089795_0.jpg,270,veri,14
VeRi/image_train/0270_c016_00007645_0.jpg,270,veri,15
VeRi/image_train/0270_c016_00007650_0.jpg,270,veri,15
VeRi/image_train/0270_c016_00007655_0.jpg,270,veri,15
VeRi/image_train/0270_c016_00007660_0.jpg,270,veri,15
VeRi/image_train/0270_c016_00007670_0.jpg,270,veri,15
VeRi/image_train/0270_c016_00007675_0.jpg,270,veri,15
VeRi/image_train/0270_c016_00059990_0.jpg,270,veri,15
VeRi/image_train/0270_c016_00059995_0.jpg,270,veri,15
VeRi/image_train/0270_c016_00060000_0.jpg,270,veri,15
VeRi/image_train/0270_c016_00060005_0.jpg,270,veri,15
VeRi/image_train/0270_c016_00060010_0.jpg,270,veri,15
VeRi/image_train/0270_c016_00060015_0.jpg,270,veri,15
VeRi/image_train/0270_c017_00006125_0.jpg,270,veri,16
VeRi/image_train/0270_c017_00006130_0.jpg,270,veri,16
VeRi/image_train/0270_c017_00006140_0.jpg,270,veri,16
VeRi/image_train/0270_c017_00006165_0.jpg,270,veri,16
VeRi/image_train/0270_c017_00006200_0.jpg,270,veri,16
VeRi/image_train/0270_c017_00006210_0.jpg,270,veri,16
VeRi/image_train/0270_c017_00062480_0.jpg,270,veri,16
VeRi/image_train/0270_c017_00062485_0.jpg,270,veri,16
VeRi/image_train/0270_c017_00062500_0.jpg,270,veri,16
VeRi/image_train/0270_c017_00062510_0.jpg,270,veri,16
VeRi/image_train/0270_c017_00062520_0.jpg,270,veri,16
VeRi/image_train/0270_c017_00062530_0.jpg,270,veri,16
VeRi/image_train/0270_c017_00084455_0.jpg,270,veri,16
VeRi/image_train/0270_c017_00084460_0.jpg,270,veri,16
VeRi/image_train/0270_c017_00084465_0.jpg,270,veri,16
VeRi/image_train/0270_c017_00084475_0.jpg,270,veri,16
VeRi/image_train/0270_c017_00084485_0.jpg,270,veri,16
VeRi/image_train/0270_c017_00084500_0.jpg,270,veri,16
VeRi/image_train/0270_c019_00006350_0.jpg,270,veri,18
VeRi/image_train/0270_c019_00006355_0.jpg,270,veri,18
VeRi/image_train/0270_c019_00006360_0.jpg,270,veri,18
VeRi/image_train/0270_c019_00006370_0.jpg,270,veri,18
VeRi/image_train/0270_c019_00006375_0.jpg,270,veri,18
VeRi/image_train/0270_c019_00006390_0.jpg,270,veri,18
VeRi/image_train/0270_c019_00062135_0.jpg,270,veri,18
VeRi/image_train/0270_c019_00062140_0.jpg,270,veri,18
VeRi/image_train/0270_c019_00062145_0.jpg,270,veri,18
VeRi/image_train/0270_c019_00062150_0.jpg,270,veri,18
VeRi/image_train/0270_c019_00062155_0.jpg,270,veri,18
VeRi/image_train/0270_c019_00062160_0.jpg,270,veri,18
VeRi/image_train/0270_c019_00084685_0.jpg,270,veri,18
VeRi/image_train/0270_c019_00084690_0.jpg,270,veri,18
VeRi/image_train/0270_c019_00084695_0.jpg,270,veri,18
VeRi/image_train/0270_c019_00084700_0.jpg,270,veri,18
VeRi/image_train/0270_c019_00084705_0.jpg,270,veri,18
VeRi/image_train/0270_c019_00084715_0.jpg,270,veri,18
VeRi/image_train/0272_c001_00004630_0.jpg,272,veri,0
VeRi/image_train/0272_c001_00004640_0.jpg,272,veri,0
VeRi/image_train/0272_c001_00004650_0.jpg,272,veri,0
VeRi/image_train/0272_c001_00004660_0.jpg,272,veri,0
VeRi/image_train/0272_c001_00004670_0.jpg,272,veri,0
VeRi/image_train/0272_c001_00004680_0.jpg,272,veri,0
VeRi/image_train/0272_c001_00040540_0.jpg,272,veri,0
VeRi/image_train/0272_c001_00040545_0.jpg,272,veri,0
VeRi/image_train/0272_c001_00040550_0.jpg,272,veri,0
VeRi/image_train/0272_c001_00040555_0.jpg,272,veri,0
VeRi/image_train/0272_c001_00040560_0.jpg,272,veri,0
VeRi/image_train/0272_c001_00040565_0.jpg,272,veri,0
VeRi/image_train/0272_c002_00005670_0.jpg,272,veri,1
VeRi/image_train/0272_c002_00005680_0.jpg,272,veri,1
VeRi/image_train/0272_c002_00005695_0.jpg,272,veri,1
VeRi/image_train/0272_c002_00005710_0.jpg,272,veri,1
VeRi/image_train/0272_c002_00005735_0.jpg,272,veri,1
VeRi/image_train/0272_c002_00005765_0.jpg,272,veri,1
VeRi/image_train/0272_c002_00038990_0.jpg,272,veri,1
VeRi/image_train/0272_c002_00039010_0.jpg,272,veri,1
VeRi/image_train/0272_c002_00039030_0.jpg,272,veri,1
VeRi/image_train/0272_c002_00039050_0.jpg,272,veri,1
VeRi/image_train/0272_c002_00039070_0.jpg,272,veri,1
VeRi/image_train/0272_c002_00039090_0.jpg,272,veri,1
VeRi/image_train/0272_c003_00008740_1.jpg,272,veri,2
VeRi/image_train/0272_c003_00008750_1.jpg,272,veri,2
VeRi/image_train/0272_c003_00008755_0.jpg,272,veri,2
VeRi/image_train/0272_c003_00008760_0.jpg,272,veri,2
VeRi/image_train/0272_c003_00008765_0.jpg,272,veri,2
VeRi/image_train/0272_c003_00008770_0.jpg,272,veri,2
VeRi/image_train/0272_c003_00036270_0.jpg,272,veri,2
VeRi/image_train/0272_c003_00036280_0.jpg,272,veri,2
VeRi/image_train/0272_c003_00036290_0.jpg,272,veri,2
VeRi/image_train/0272_c003_00036300_0.jpg,272,veri,2
VeRi/image_train/0272_c003_00036310_0.jpg,272,veri,2
VeRi/image_train/0272_c003_00036320_0.jpg,272,veri,2
VeRi/image_train/0272_c004_00008655_0.jpg,272,veri,3
VeRi/image_train/0272_c004_00008665_0.jpg,272,veri,3
VeRi/image_train/0272_c004_00008675_0.jpg,272,veri,3
VeRi/image_train/0272_c004_00008685_0.jpg,272,veri,3
VeRi/image_train/0272_c004_00008695_0.jpg,272,veri,3
VeRi/image_train/0272_c004_00008705_0.jpg,272,veri,3
VeRi/image_train/0272_c004_00036200_0.jpg,272,veri,3
VeRi/image_train/0272_c004_00036205_0.jpg,272,veri,3
VeRi/image_train/0272_c004_00036210_0.jpg,272,veri,3
VeRi/image_train/0272_c004_00036215_0.jpg,272,veri,3
VeRi/image_train/0272_c004_00036240_0.jpg,272,veri,3
VeRi/image_train/0272_c004_00036245_0.jpg,272,veri,3
VeRi/image_train/0272_c005_00009530_0.jpg,272,veri,4
VeRi/image_train/0272_c005_00009545_0.jpg,272,veri,4
VeRi/image_train/0272_c005_00009560_0.jpg,272,veri,4
VeRi/image_train/0272_c005_00009580_0.jpg,272,veri,4
VeRi/image_train/0272_c005_00009595_0.jpg,272,veri,4
VeRi/image_train/0272_c005_00009615_0.jpg,272,veri,4
VeRi/image_train/0272_c006_00007505_1.jpg,272,veri,5
VeRi/image_train/0272_c006_00007535_1.jpg,272,veri,5
VeRi/image_train/0272_c006_00007575_0.jpg,272,veri,5
VeRi/image_train/0272_c006_00007605_0.jpg,272,veri,5
VeRi/image_train/0272_c006_00007630_0.jpg,272,veri,5
VeRi/image_train/0272_c006_00007645_0.jpg,272,veri,5
VeRi/image_train/0272_c006_00036990_0.jpg,272,veri,5
VeRi/image_train/0272_c006_00037005_0.jpg,272,veri,5
VeRi/image_train/0272_c006_00037020_0.jpg,272,veri,5
VeRi/image_train/0272_c006_00037320_0.jpg,272,veri,5
VeRi/image_train/0272_c006_00037390_0.jpg,272,veri,5
VeRi/image_train/0272_c006_00037450_0.jpg,272,veri,5
VeRi/image_train/0272_c007_00009590_0.jpg,272,veri,6
VeRi/image_train/0272_c007_00009595_0.jpg,272,veri,6
VeRi/image_train/0272_c007_00009600_0.jpg,272,veri,6
VeRi/image_train/0272_c007_00009610_0.jpg,272,veri,6
VeRi/image_train/0272_c008_00009015_0.jpg,272,veri,7
VeRi/image_train/0272_c008_00009020_0.jpg,272,veri,7
VeRi/image_train/0272_c008_00009025_0.jpg,272,veri,7
VeRi/image_train/0272_c008_00009030_0.jpg,272,veri,7
VeRi/image_train/0272_c008_00035970_0.jpg,272,veri,7
VeRi/image_train/0272_c008_00035980_0.jpg,272,veri,7
VeRi/image_train/0272_c008_00035990_0.jpg,272,veri,7
VeRi/image_train/0272_c008_00036000_0.jpg,272,veri,7
VeRi/image_train/0272_c008_00036010_0.jpg,272,veri,7
VeRi/image_train/0272_c008_00036025_0.jpg,272,veri,7
VeRi/image_train/0272_c009_00008885_0.jpg,272,veri,8
VeRi/image_train/0272_c009_00008890_0.jpg,272,veri,8
VeRi/image_train/0272_c009_00008895_0.jpg,272,veri,8
VeRi/image_train/0272_c009_00008900_0.jpg,272,veri,8
VeRi/image_train/0272_c009_00008905_0.jpg,272,veri,8
VeRi/image_train/0272_c009_00036065_0.jpg,272,veri,8
VeRi/image_train/0272_c009_00036070_0.jpg,272,veri,8
VeRi/image_train/0272_c009_00036075_0.jpg,272,veri,8
VeRi/image_train/0272_c009_00036080_0.jpg,272,veri,8
VeRi/image_train/0272_c009_00036085_0.jpg,272,veri,8
VeRi/image_train/0272_c009_00036090_0.jpg,272,veri,8
VeRi/image_train/0272_c010_00008035_1.jpg,272,veri,9
VeRi/image_train/0272_c010_00008040_1.jpg,272,veri,9
VeRi/image_train/0272_c010_00008045_1.jpg,272,veri,9
VeRi/image_train/0272_c010_00008055_0.jpg,272,veri,9
VeRi/image_train/0272_c010_00008060_2.jpg,272,veri,9
VeRi/image_train/0272_c010_00008065_3.jpg,272,veri,9
VeRi/image_train/0272_c010_00008070_0.jpg,272,veri,9
VeRi/image_train/0272_c010_00036905_0.jpg,272,veri,9
VeRi/image_train/0272_c010_00036910_0.jpg,272,veri,9
VeRi/image_train/0272_c010_00036915_0.jpg,272,veri,9
VeRi/image_train/0272_c010_00036925_0.jpg,272,veri,9
VeRi/image_train/0272_c010_00036930_0.jpg,272,veri,9
VeRi/image_train/0272_c011_00007480_0.jpg,272,veri,10
VeRi/image_train/0272_c011_00007500_0.jpg,272,veri,10
VeRi/image_train/0272_c011_00007520_0.jpg,272,veri,10
VeRi/image_train/0272_c011_00007540_0.jpg,272,veri,10
VeRi/image_train/0272_c011_00007550_0.jpg,272,veri,10
VeRi/image_train/0272_c011_00007560_0.jpg,272,veri,10
VeRi/image_train/0272_c011_00036975_0.jpg,272,veri,10
VeRi/image_train/0272_c011_00036990_0.jpg,272,veri,10
VeRi/image_train/0272_c011_00037020_0.jpg,272,veri,10
VeRi/image_train/0272_c011_00037335_0.jpg,272,veri,10
VeRi/image_train/0272_c011_00037365_0.jpg,272,veri,10
VeRi/image_train/0272_c011_00037405_0.jpg,272,veri,10
VeRi/image_train/0272_c012_00002950_0.jpg,272,veri,11
VeRi/image_train/0272_c012_00002960_0.jpg,272,veri,11
VeRi/image_train/0272_c012_00002965_0.jpg,272,veri,11
VeRi/image_train/0272_c012_00002970_0.jpg,272,veri,11
VeRi/image_train/0272_c012_00002975_0.jpg,272,veri,11
VeRi/image_train/0272_c012_00002980_0.jpg,272,veri,11
VeRi/image_train/0272_c012_00041060_0.jpg,272,veri,11
VeRi/image_train/0272_c012_00041065_0.jpg,272,veri,11
VeRi/image_train/0272_c012_00041070_0.jpg,272,veri,11
VeRi/image_train/0272_c012_00041075_0.jpg,272,veri,11
VeRi/image_train/0272_c012_00041080_0.jpg,272,veri,11
VeRi/image_train/0272_c012_00041085_0.jpg,272,veri,11
VeRi/image_train/0272_c013_00003075_0.jpg,272,veri,12
VeRi/image_train/0272_c013_00003085_0.jpg,272,veri,12
VeRi/image_train/0272_c013_00003100_0.jpg,272,veri,12
VeRi/image_train/0272_c013_00003110_0.jpg,272,veri,12
VeRi/image_train/0272_c013_00003125_0.jpg,272,veri,12
VeRi/image_train/0272_c013_00003135_0.jpg,272,veri,12
VeRi/image_train/0272_c013_00040910_0.jpg,272,veri,12
VeRi/image_train/0272_c013_00040915_0.jpg,272,veri,12
VeRi/image_train/0272_c013_00040925_0.jpg,272,veri,12
VeRi/image_train/0272_c013_00040935_0.jpg,272,veri,12
VeRi/image_train/0272_c014_00000620_1.jpg,272,veri,13
VeRi/image_train/0272_c014_00000625_1.jpg,272,veri,13
VeRi/image_train/0272_c014_00000640_1.jpg,272,veri,13
VeRi/image_train/0272_c014_00000655_0.jpg,272,veri,13
VeRi/image_train/0272_c014_00044050_0.jpg,272,veri,13
VeRi/image_train/0272_c014_00044055_0.jpg,272,veri,13
VeRi/image_train/0272_c014_00044060_0.jpg,272,veri,13
VeRi/image_train/0272_c014_00044065_0.jpg,272,veri,13
VeRi/image_train/0272_c014_00044070_0.jpg,272,veri,13
VeRi/image_train/0272_c014_00044075_0.jpg,272,veri,13
VeRi/image_train/0272_c015_00043820_0.jpg,272,veri,14
VeRi/image_train/0272_c015_00043825_0.jpg,272,veri,14
VeRi/image_train/0272_c015_00043830_0.jpg,272,veri,14
VeRi/image_train/0272_c015_00043835_0.jpg,272,veri,14
VeRi/image_train/0272_c015_00043840_0.jpg,272,veri,14
VeRi/image_train/0272_c015_00043855_0.jpg,272,veri,14
VeRi/image_train/0272_c016_00045275_0.jpg,272,veri,15
VeRi/image_train/0272_c016_00045280_0.jpg,272,veri,15
VeRi/image_train/0272_c017_00002260_0.jpg,272,veri,16
VeRi/image_train/0272_c017_00002275_0.jpg,272,veri,16
VeRi/image_train/0272_c017_00002290_0.jpg,272,veri,16
VeRi/image_train/0272_c017_00002320_0.jpg,272,veri,16
VeRi/image_train/0272_c017_00042390_0.jpg,272,veri,16
VeRi/image_train/0272_c017_00042395_0.jpg,272,veri,16
VeRi/image_train/0272_c017_00042400_0.jpg,272,veri,16
VeRi/image_train/0272_c017_00042405_0.jpg,272,veri,16
VeRi/image_train/0272_c017_00042410_0.jpg,272,veri,16
VeRi/image_train/0272_c017_00042420_0.jpg,272,veri,16
VeRi/image_train/0272_c019_00001990_0.jpg,272,veri,18
VeRi/image_train/0272_c019_00002000_0.jpg,272,veri,18
VeRi/image_train/0272_c019_00002005_0.jpg,272,veri,18
VeRi/image_train/0272_c019_00002010_0.jpg,272,veri,18
VeRi/image_train/0272_c019_00002015_0.jpg,272,veri,18
VeRi/image_train/0272_c019_00002020_0.jpg,272,veri,18
VeRi/image_train/0272_c019_00042640_0.jpg,272,veri,18
VeRi/image_train/0272_c019_00042645_0.jpg,272,veri,18
VeRi/image_train/0272_c019_00042650_0.jpg,272,veri,18
VeRi/image_train/0272_c019_00042660_0.jpg,272,veri,18
VeRi/image_train/0272_c019_00042670_0.jpg,272,veri,18
VeRi/image_train/0272_c019_00042680_0.jpg,272,veri,18
VeRi/image_train/0278_c001_00035740_0.jpg,278,veri,0
VeRi/image_train/0278_c001_00035750_0.jpg,278,veri,0
VeRi/image_train/0278_c001_00035760_0.jpg,278,veri,0
VeRi/image_train/0278_c001_00035770_0.jpg,278,veri,0
VeRi/image_train/0278_c001_00035780_0.jpg,278,veri,0
VeRi/image_train/0278_c001_00078180_0.jpg,278,veri,0
VeRi/image_train/0278_c001_00078190_0.jpg,278,veri,0
VeRi/image_train/0278_c001_00078200_0.jpg,278,veri,0
VeRi/image_train/0278_c001_00078210_0.jpg,278,veri,0
VeRi/image_train/0278_c001_00078220_0.jpg,278,veri,0
VeRi/image_train/0278_c001_00078225_0.jpg,278,veri,0
VeRi/image_train/0278_c002_00032145_0.jpg,278,veri,1
VeRi/image_train/0278_c002_00032155_0.jpg,278,veri,1
VeRi/image_train/0278_c002_00032165_0.jpg,278,veri,1
VeRi/image_train/0278_c002_00032180_0.jpg,278,veri,1
VeRi/image_train/0278_c002_00032195_0.jpg,278,veri,1
VeRi/image_train/0278_c002_00032215_0.jpg,278,veri,1
VeRi/image_train/0278_c002_00078855_0.jpg,278,veri,1
VeRi/image_train/0278_c002_00078865_0.jpg,278,veri,1
VeRi/image_train/0278_c002_00078875_0.jpg,278,veri,1
VeRi/image_train/0278_c002_00078885_0.jpg,278,veri,1
VeRi/image_train/0278_c002_00078895_0.jpg,278,veri,1
VeRi/image_train/0278_c002_00078915_1.jpg,278,veri,1
VeRi/image_train/0278_c003_00030585_0.jpg,278,veri,2
VeRi/image_train/0278_c003_00030595_0.jpg,278,veri,2
VeRi/image_train/0278_c003_00030605_0.jpg,278,veri,2
VeRi/image_train/0278_c003_00030610_0.jpg,278,veri,2
VeRi/image_train/0278_c003_00030615_0.jpg,278,veri,2
VeRi/image_train/0278_c003_00030625_0.jpg,278,veri,2
VeRi/image_train/0278_c003_00082165_0.jpg,278,veri,2
VeRi/image_train/0278_c003_00082175_0.jpg,278,veri,2
VeRi/image_train/0278_c003_00082185_0.jpg,278,veri,2
VeRi/image_train/0278_c003_00082200_0.jpg,278,veri,2
VeRi/image_train/0278_c003_00082205_0.jpg,278,veri,2
VeRi/image_train/0278_c003_00082210_0.jpg,278,veri,2
VeRi/image_train/0278_c004_00030515_0.jpg,278,veri,3
VeRi/image_train/0278_c004_00030520_0.jpg,278,veri,3
VeRi/image_train/0278_c004_00030525_0.jpg,278,veri,3
VeRi/image_train/0278_c004_00030530_0.jpg,278,veri,3
VeRi/image_train/0278_c004_00030535_0.jpg,278,veri,3
VeRi/image_train/0278_c004_00030540_0.jpg,278,veri,3
VeRi/image_train/0278_c004_00082105_0.jpg,278,veri,3
VeRi/image_train/0278_c004_00082115_0.jpg,278,veri,3
VeRi/image_train/0278_c004_00082125_0.jpg,278,veri,3
VeRi/image_train/0278_c004_00082135_0.jpg,278,veri,3
VeRi/image_train/0278_c004_00082140_0.jpg,278,veri,3
VeRi/image_train/0278_c005_00082985_0.jpg,278,veri,4
VeRi/image_train/0278_c005_00083000_0.jpg,278,veri,4
VeRi/image_train/0278_c005_00083010_0.jpg,278,veri,4
VeRi/image_train/0278_c005_00083020_0.jpg,278,veri,4
VeRi/image_train/0278_c005_00083030_0.jpg,278,veri,4
VeRi/image_train/0278_c005_00083040_0.jpg,278,veri,4
VeRi/image_train/0278_c006_00031375_3.jpg,278,veri,5
VeRi/image_train/0278_c006_00031390_0.jpg,278,veri,5
VeRi/image_train/0278_c006_00031405_0.jpg,278,veri,5
VeRi/image_train/0278_c006_00031425_0.jpg,278,veri,5
VeRi/image_train/0278_c006_00031445_1.jpg,278,veri,5
VeRi/image_train/0278_c006_00081335_1.jpg,278,veri,5
VeRi/image_train/0278_c006_00081355_1.jpg,278,veri,5
VeRi/image_train/0278_c006_00081370_1.jpg,278,veri,5
VeRi/image_train/0278_c006_00081390_1.jpg,278,veri,5
VeRi/image_train/0278_c006_00081420_0.jpg,278,veri,5
VeRi/image_train/0278_c006_00081445_1.jpg,278,veri,5
VeRi/image_train/0278_c007_00083105_0.jpg,278,veri,6
VeRi/image_train/0278_c007_00083110_0.jpg,278,veri,6
VeRi/image_train/0278_c007_00083115_0.jpg,278,veri,6
VeRi/image_train/0278_c007_00083120_0.jpg,278,veri,6
VeRi/image_train/0278_c007_00083125_0.jpg,278,veri,6
VeRi/image_train/0278_c007_00083130_0.jpg,278,veri,6
VeRi/image_train/0278_c008_00030335_0.jpg,278,veri,7
VeRi/image_train/0278_c008_00030345_0.jpg,278,veri,7
VeRi/image_train/0278_c008_00030355_0.jpg,278,veri,7
VeRi/image_train/0278_c008_00030360_0.jpg,278,veri,7
VeRi/image_train/0278_c008_00030365_0.jpg,278,veri,7
VeRi/image_train/0278_c008_00082365_0.jpg,278,veri,7
VeRi/image_train/0278_c008_00082370_0.jpg,278,veri,7
VeRi/image_train/0278_c008_00082375_0.jpg,278,veri,7
VeRi/image_train/0278_c008_00082380_0.jpg,278,veri,7
VeRi/image_train/0278_c008_00082385_0.jpg,278,veri,7
VeRi/image_train/0278_c009_00030390_0.jpg,278,veri,8
VeRi/image_train/0278_c009_00030395_0.jpg,278,veri,8
VeRi/image_train/0278_c009_00030400_0.jpg,278,veri,8
VeRi/image_train/0278_c009_00030405_0.jpg,278,veri,8
VeRi/image_train/0278_c009_00030410_0.jpg,278,veri,8
VeRi/image_train/0278_c009_00030415_0.jpg,278,veri,8
VeRi/image_train/0278_c009_00082330_0.jpg,278,veri,8
VeRi/image_train/0278_c009_00082335_0.jpg,278,veri,8
VeRi/image_train/0278_c009_00082340_0.jpg,278,veri,8
VeRi/image_train/0278_c009_00082345_0.jpg,278,veri,8
VeRi/image_train/0278_c009_00082350_0.jpg,278,veri,8
VeRi/image_train/0278_c009_00082355_0.jpg,278,veri,8
VeRi/image_train/0278_c010_00031205_0.jpg,278,veri,9
VeRi/image_train/0278_c010_00031210_0.jpg,278,veri,9
VeRi/image_train/0278_c010_00031215_0.jpg,278,veri,9
VeRi/image_train/0278_c010_00031220_0.jpg,278,veri,9
VeRi/image_train/0278_c010_00031225_0.jpg,278,veri,9
VeRi/image_train/0278_c010_00031230_0.jpg,278,veri,9
VeRi/image_train/0278_c010_00081630_0.jpg,278,veri,9
VeRi/image_train/0278_c010_00081635_0.jpg,278,veri,9
VeRi/image_train/0278_c010_00081640_0.jpg,278,veri,9
VeRi/image_train/0278_c010_00081645_0.jpg,278,veri,9
VeRi/image_train/0278_c010_00081650_0.jpg,278,veri,9
VeRi/image_train/0278_c010_00081655_0.jpg,278,veri,9
VeRi/image_train/0278_c011_00031310_0.jpg,278,veri,10
VeRi/image_train/0278_c011_00031320_0.jpg,278,veri,10
VeRi/image_train/0278_c011_00031330_0.jpg,278,veri,10
VeRi/image_train/0278_c011_00031340_0.jpg,278,veri,10
VeRi/image_train/0278_c011_00031350_0.jpg,278,veri,10
VeRi/image_train/0278_c011_00031360_0.jpg,278,veri,10
VeRi/image_train/0278_c011_00081415_0.jpg,278,veri,10
VeRi/image_train/0278_c011_00081425_0.jpg,278,veri,10
VeRi/image_train/0278_c011_00081435_0.jpg,278,veri,10
VeRi/image_train/0278_c011_00081445_0.jpg,278,veri,10
VeRi/image_train/0278_c011_00081455_0.jpg,278,veri,10
VeRi/image_train/0278_c011_00081460_0.jpg,278,veri,10
VeRi/image_train/0278_c012_00036485_0.jpg,278,veri,11
VeRi/image_train/0278_c012_00036490_0.jpg,278,veri,11
VeRi/image_train/0278_c012_00036495_0.jpg,278,veri,11
VeRi/image_train/0278_c012_00036500_0.jpg,278,veri,11
VeRi/image_train/0278_c012_00036505_0.jpg,278,veri,11
VeRi/image_train/0278_c012_00036510_0.jpg,278,veri,11
VeRi/image_train/0278_c012_00076355_0.jpg,278,veri,11
VeRi/image_train/0278_c012_00076365_0.jpg,278,veri,11
VeRi/image_train/0278_c012_00076375_0.jpg,278,veri,11
VeRi/image_train/0278_c012_00076385_0.jpg,278,veri,11
VeRi/image_train/0278_c012_00076395_0.jpg,278,veri,11
VeRi/image_train/0278_c013_00036285_1.jpg,278,veri,12
VeRi/image_train/0278_c013_00036295_1.jpg,278,veri,12
VeRi/image_train/0278_c013_00036305_0.jpg,278,veri,12
VeRi/image_train/0278_c013_00036315_1.jpg,278,veri,12
VeRi/image_train/0278_c013_00036320_0.jpg,278,veri,12
VeRi/image_train/0278_c013_00036325_0.jpg,278,veri,12
VeRi/image_train/0278_c013_00076495_0.jpg,278,veri,12
VeRi/image_train/0278_c013_00076500_0.jpg,278,veri,12
VeRi/image_train/0278_c013_00076505_0.jpg,278,veri,12
VeRi/image_train/0278_c013_00076510_0.jpg,278,veri,12
VeRi/image_train/0278_c013_00076515_0.jpg,278,veri,12
VeRi/image_train/0278_c013_00076520_0.jpg,278,veri,12
VeRi/image_train/0278_c014_00039105_0.jpg,278,veri,13
VeRi/image_train/0278_c014_00039110_0.jpg,278,veri,13
VeRi/image_train/0278_c014_00039115_0.jpg,278,veri,13
VeRi/image_train/0278_c014_00039120_0.jpg,278,veri,13
VeRi/image_train/0278_c014_00039125_0.jpg,278,veri,13
VeRi/image_train/0278_c014_00039130_0.jpg,278,veri,13
VeRi/image_train/0278_c014_00073915_0.jpg,278,veri,13
VeRi/image_train/0278_c014_00073920_0.jpg,278,veri,13
VeRi/image_train/0278_c014_00073925_0.jpg,278,veri,13
VeRi/image_train/0278_c014_00073930_0.jpg,278,veri,13
VeRi/image_train/0278_c014_00073935_0.jpg,278,veri,13
VeRi/image_train/0278_c014_00073940_0.jpg,278,veri,13
VeRi/image_train/0278_c015_00038860_0.jpg,278,veri,14
VeRi/image_train/0278_c015_00038865_0.jpg,278,veri,14
VeRi/image_train/0278_c015_00038870_0.jpg,278,veri,14
VeRi/image_train/0278_c015_00038915_0.jpg,278,veri,14
VeRi/image_train/0278_c015_00038920_0.jpg,278,veri,14
VeRi/image_train/0278_c015_00038925_0.jpg,278,veri,14
VeRi/image_train/0278_c015_00074025_0.jpg,278,veri,14
VeRi/image_train/0278_c015_00074030_0.jpg,278,veri,14
VeRi/image_train/0278_c015_00074035_0.jpg,278,veri,14
VeRi/image_train/0278_c015_00074040_0.jpg,278,veri,14
VeRi/image_train/0278_c015_00074045_0.jpg,278,veri,14
VeRi/image_train/0278_c015_00074050_0.jpg,278,veri,14
VeRi/image_train/0278_c016_00039760_0.jpg,278,veri,15
VeRi/image_train/0278_c016_00039765_0.jpg,278,veri,15
VeRi/image_train/0278_c016_00039780_0.jpg,278,veri,15
VeRi/image_train/0278_c016_00039795_0.jpg,278,veri,15
VeRi/image_train/0278_c016_00039800_0.jpg,278,veri,15
VeRi/image_train/0278_c016_00039810_0.jpg,278,veri,15
VeRi/image_train/0278_c016_00073205_0.jpg,278,veri,15
VeRi/image_train/0278_c016_00073210_0.jpg,278,veri,15
VeRi/image_train/0278_c016_00073215_0.jpg,278,veri,15
VeRi/image_train/0278_c016_00073220_0.jpg,278,veri,15
VeRi/image_train/0278_c016_00073225_0.jpg,278,veri,15
VeRi/image_train/0278_c016_00073230_0.jpg,278,veri,15
VeRi/image_train/0278_c017_00037605_0.jpg,278,veri,16
VeRi/image_train/0278_c017_00037615_1.jpg,278,veri,16
VeRi/image_train/0278_c017_00037620_0.jpg,278,veri,16
VeRi/image_train/0278_c017_00037625_0.jpg,278,veri,16
VeRi/image_train/0278_c017_00037630_0.jpg,278,veri,16
VeRi/image_train/0278_c017_00037640_0.jpg,278,veri,16
VeRi/image_train/0278_c017_00075310_0.jpg,278,veri,16
VeRi/image_train/0278_c017_00075315_0.jpg,278,veri,16
VeRi/image_train/0278_c017_00075320_0.jpg,278,veri,16
VeRi/image_train/0278_c017_00075325_0.jpg,278,veri,16
VeRi/image_train/0278_c017_00075330_0.jpg,278,veri,16
VeRi/image_train/0278_c017_00075340_0.jpg,278,veri,16
VeRi/image_train/0278_c019_00037785_0.jpg,278,veri,18
VeRi/image_train/0278_c019_00037805_0.jpg,278,veri,18
VeRi/image_train/0278_c019_00037820_0.jpg,278,veri,18
VeRi/image_train/0278_c019_00037835_0.jpg,278,veri,18
VeRi/image_train/0278_c019_00037875_0.jpg,278,veri,18
VeRi/image_train/0278_c019_00075020_0.jpg,278,veri,18
VeRi/image_train/0278_c019_00075025_1.jpg,278,veri,18
VeRi/image_train/0278_c019_00075030_0.jpg,278,veri,18
VeRi/image_train/0278_c019_00075035_0.jpg,278,veri,18
VeRi/image_train/0278_c019_00075040_0.jpg,278,veri,18
VeRi/image_train/0278_c019_00075050_0.jpg,278,veri,18
VeRi/image_train/0279_c001_00033550_0.jpg,279,veri,0
VeRi/image_train/0279_c001_00033560_0.jpg,279,veri,0
VeRi/image_train/0279_c001_00033570_0.jpg,279,veri,0
VeRi/image_train/0279_c001_00033580_0.jpg,279,veri,0
VeRi/image_train/0279_c001_00033590_0.jpg,279,veri,0
VeRi/image_train/0279_c001_00033600_0.jpg,279,veri,0
VeRi/image_train/0279_c001_00087835_0.jpg,279,veri,0
VeRi/image_train/0279_c001_00087840_0.jpg,279,veri,0
VeRi/image_train/0279_c001_00087850_0.jpg,279,veri,0
VeRi/image_train/0279_c001_00087860_0.jpg,279,veri,0
VeRi/image_train/0279_c001_00087870_0.jpg,279,veri,0
VeRi/image_train/0279_c001_00087880_0.jpg,279,veri,0
VeRi/image_train/0279_c002_00032040_1.jpg,279,veri,1
VeRi/image_train/0279_c002_00032060_0.jpg,279,veri,1
VeRi/image_train/0279_c002_00032075_0.jpg,279,veri,1
VeRi/image_train/0279_c002_00032095_0.jpg,279,veri,1
VeRi/image_train/0279_c002_00032110_0.jpg,279,veri,1
VeRi/image_train/0279_c002_00032130_0.jpg,279,veri,1
VeRi/image_train/0279_c002_00089040_0.jpg,279,veri,1
VeRi/image_train/0279_c002_00089050_0.jpg,279,veri,1
VeRi/image_train/0279_c002_00089060_0.jpg,279,veri,1
VeRi/image_train/0279_c002_00089070_0.jpg,279,veri,1
VeRi/image_train/0279_c002_00089080_0.jpg,279,veri,1
VeRi/image_train/0279_c002_00089100_0.jpg,279,veri,1
VeRi/image_train/0279_c003_00030300_1.jpg,279,veri,2
VeRi/image_train/0279_c003_00030310_1.jpg,279,veri,2
VeRi/image_train/0279_c003_00030320_1.jpg,279,veri,2
VeRi/image_train/0279_c003_00030330_1.jpg,279,veri,2
VeRi/image_train/0279_c003_00030340_1.jpg,279,veri,2
VeRi/image_train/0279_c003_00030350_0.jpg,279,veri,2
VeRi/image_train/0279_c004_00030240_0.jpg,279,veri,3
VeRi/image_train/0279_c004_00030245_0.jpg,279,veri,3
VeRi/image_train/0279_c004_00030250_0.jpg,279,veri,3
VeRi/image_train/0279_c004_00030255_0.jpg,279,veri,3
VeRi/image_train/0279_c004_00030260_0.jpg,279,veri,3
VeRi/image_train/0279_c004_00030270_0.jpg,279,veri,3
VeRi/image_train/0279_c006_00031205_1.jpg,279,veri,5
VeRi/image_train/0279_c006_00031230_1.jpg,279,veri,5
VeRi/image_train/0279_c006_00031260_2.jpg,279,veri,5
VeRi/image_train/0279_c006_00031285_1.jpg,279,veri,5
VeRi/image_train/0279_c008_00029975_1.jpg,279,veri,7
VeRi/image_train/0279_c008_00029980_1.jpg,279,veri,7
VeRi/image_train/0279_c008_00029985_1.jpg,279,veri,7
VeRi/image_train/0279_c008_00029995_0.jpg,279,veri,7
VeRi/image_train/0279_c008_00030000_0.jpg,279,veri,7
VeRi/image_train/0279_c008_00030045_0.jpg,279,veri,7
VeRi/image_train/0279_c009_00030060_0.jpg,279,veri,8
VeRi/image_train/0279_c009_00030065_0.jpg,279,veri,8
VeRi/image_train/0279_c009_00030100_0.jpg,279,veri,8
VeRi/image_train/0279_c009_00030105_0.jpg,279,veri,8
VeRi/image_train/0279_c009_00030110_0.jpg,279,veri,8
VeRi/image_train/0279_c009_00030135_0.jpg,279,veri,8
VeRi/image_train/0279_c010_00030995_0.jpg,279,veri,9
VeRi/image_train/0279_c010_00031000_0.jpg,279,veri,9
VeRi/image_train/0279_c010_00031005_0.jpg,279,veri,9
VeRi/image_train/0279_c010_00031010_0.jpg,279,veri,9
VeRi/image_train/0279_c010_00031015_0.jpg,279,veri,9
VeRi/image_train/0279_c010_00031020_0.jpg,279,veri,9
VeRi/image_train/0279_c011_00031165_0.jpg,279,veri,10
VeRi/image_train/0279_c011_00031175_0.jpg,279,veri,10
VeRi/image_train/0279_c011_00031195_0.jpg,279,veri,10
VeRi/image_train/0279_c011_00031205_0.jpg,279,veri,10
VeRi/image_train/0279_c011_00031210_0.jpg,279,veri,10
VeRi/image_train/0279_c011_00031220_0.jpg,279,veri,10
VeRi/image_train/0279_c012_00034195_0.jpg,279,veri,11
VeRi/image_train/0279_c012_00034200_0.jpg,279,veri,11
VeRi/image_train/0279_c012_00034205_0.jpg,279,veri,11
VeRi/image_train/0279_c012_00034210_0.jpg,279,veri,11
VeRi/image_train/0279_c012_00034220_0.jpg,279,veri,11
VeRi/image_train/0279_c012_00034225_0.jpg,279,veri,11
VeRi/image_train/0279_c012_00086065_0.jpg,279,veri,11
VeRi/image_train/0279_c012_00086075_0.jpg,279,veri,11
VeRi/image_train/0279_c012_00086085_0.jpg,279,veri,11
VeRi/image_train/0279_c012_00086090_0.jpg,279,veri,11
VeRi/image_train/0279_c012_00086100_0.jpg,279,veri,11
VeRi/image_train/0279_c012_00086110_0.jpg,279,veri,11
VeRi/image_train/0279_c013_00034035_0.jpg,279,veri,12
VeRi/image_train/0279_c013_00034040_0.jpg,279,veri,12
VeRi/image_train/0279_c013_00034045_0.jpg,279,veri,12
VeRi/image_train/0279_c013_00034055_0.jpg,279,veri,12
VeRi/image_train/0279_c013_00034060_0.jpg,279,veri,12
VeRi/image_train/0279_c013_00086200_0.jpg,279,veri,12
VeRi/image_train/0279_c013_00086205_0.jpg,279,veri,12
VeRi/image_train/0279_c013_00086210_0.jpg,279,veri,12
VeRi/image_train/0279_c013_00086215_0.jpg,279,veri,12
VeRi/image_train/0279_c013_00086220_0.jpg,279,veri,12
VeRi/image_train/0279_c013_00086225_0.jpg,279,veri,12
VeRi/image_train/0279_c014_00036395_0.jpg,279,veri,13
VeRi/image_train/0279_c014_00036400_0.jpg,279,veri,13
VeRi/image_train/0279_c014_00036405_0.jpg,279,veri,13
VeRi/image_train/0279_c014_00036410_0.jpg,279,veri,13
VeRi/image_train/0279_c014_00036415_0.jpg,279,veri,13
VeRi/image_train/0279_c014_00036420_0.jpg,279,veri,13
VeRi/image_train/0279_c014_00081965_0.jpg,279,veri,13
VeRi/image_train/0279_c014_00081970_0.jpg,279,veri,13
VeRi/image_train/0279_c014_00081975_0.jpg,279,veri,13
VeRi/image_train/0279_c014_00081980_0.jpg,279,veri,13
VeRi/image_train/0279_c014_00081985_0.jpg,279,veri,13
VeRi/image_train/0279_c014_00081990_0.jpg,279,veri,13
VeRi/image_train/0279_c015_00036125_0.jpg,279,veri,14
VeRi/image_train/0279_c015_00036155_0.jpg,279,veri,14
VeRi/image_train/0279_c015_00036175_0.jpg,279,veri,14
VeRi/image_train/0279_c015_00036185_0.jpg,279,veri,14
VeRi/image_train/0279_c015_00036190_0.jpg,279,veri,14
VeRi/image_train/0279_c015_00036210_0.jpg,279,veri,14
VeRi/image_train/0279_c015_00082150_0.jpg,279,veri,14
VeRi/image_train/0279_c015_00082155_0.jpg,279,veri,14
VeRi/image_train/0279_c015_00082160_0.jpg,279,veri,14
VeRi/image_train/0279_c015_00082165_0.jpg,279,veri,14
VeRi/image_train/0279_c015_00082170_0.jpg,279,veri,14
VeRi/image_train/0279_c015_00082175_0.jpg,279,veri,14
VeRi/image_train/0279_c016_00037005_0.jpg,279,veri,15
VeRi/image_train/0279_c016_00037015_0.jpg,279,veri,15
VeRi/image_train/0279_c017_00035120_0.jpg,279,veri,16
VeRi/image_train/0279_c017_00035130_0.jpg,279,veri,16
VeRi/image_train/0279_c017_00035140_0.jpg,279,veri,16
VeRi/image_train/0279_c017_00035145_0.jpg,279,veri,16
VeRi/image_train/0279_c017_00035150_1.jpg,279,veri,16
VeRi/image_train/0279_c017_00035170_0.jpg,279,veri,16
VeRi/image_train/0279_c017_00085010_0.jpg,279,veri,16
VeRi/image_train/0279_c017_00085015_0.jpg,279,veri,16
VeRi/image_train/0279_c017_00085025_0.jpg,279,veri,16
VeRi/image_train/0279_c017_00085035_0.jpg,279,veri,16
VeRi/image_train/0279_c017_00085055_0.jpg,279,veri,16
VeRi/image_train/0279_c017_00085065_0.jpg,279,veri,16
VeRi/image_train/0279_c019_00035410_0.jpg,279,veri,18
VeRi/image_train/0279_c019_00035420_0.jpg,279,veri,18
VeRi/image_train/0279_c019_00035425_0.jpg,279,veri,18
VeRi/image_train/0279_c019_00084645_0.jpg,279,veri,18
VeRi/image_train/0279_c019_00084650_0.jpg,279,veri,18
VeRi/image_train/0279_c019_00084655_0.jpg,279,veri,18
VeRi/image_train/0279_c019_00084660_0.jpg,279,veri,18
VeRi/image_train/0279_c019_00084665_0.jpg,279,veri,18
VeRi/image_train/0279_c019_00084670_0.jpg,279,veri,18
VeRi/image_train/0280_c002_00046215_0.jpg,280,veri,1
VeRi/image_train/0280_c002_00046225_0.jpg,280,veri,1
VeRi/image_train/0280_c002_00046235_0.jpg,280,veri,1
VeRi/image_train/0280_c002_00046255_0.jpg,280,veri,1
VeRi/image_train/0280_c002_00046270_0.jpg,280,veri,1
VeRi/image_train/0280_c002_00046310_0.jpg,280,veri,1
VeRi/image_train/0280_c002_00072185_0.jpg,280,veri,1
VeRi/image_train/0280_c002_00072195_0.jpg,280,veri,1
VeRi/image_train/0280_c002_00072205_0.jpg,280,veri,1
VeRi/image_train/0280_c002_00072215_0.jpg,280,veri,1
VeRi/image_train/0280_c002_00072225_0.jpg,280,veri,1
VeRi/image_train/0280_c002_00072240_1.jpg,280,veri,1
VeRi/image_train/0280_c003_00044125_1.jpg,280,veri,2
VeRi/image_train/0280_c003_00044135_1.jpg,280,veri,2
VeRi/image_train/0280_c003_00044185_1.jpg,280,veri,2
VeRi/image_train/0280_c003_00044335_0.jpg,280,veri,2
VeRi/image_train/0280_c003_00044345_0.jpg,280,veri,2
VeRi/image_train/0280_c003_00044355_0.jpg,280,veri,2
VeRi/image_train/0280_c003_00075310_0.jpg,280,veri,2
VeRi/image_train/0280_c003_00075315_0.jpg,280,veri,2
VeRi/image_train/0280_c003_00075325_0.jpg,280,veri,2
VeRi/image_train/0280_c003_00075335_0.jpg,280,veri,2
VeRi/image_train/0280_c003_00075360_0.jpg,280,veri,2
VeRi/image_train/0280_c003_00075380_0.jpg,280,veri,2
VeRi/image_train/0280_c004_00044250_1.jpg,280,veri,3
VeRi/image_train/0280_c004_00044260_1.jpg,280,veri,3
VeRi/image_train/0280_c004_00044270_1.jpg,280,veri,3
VeRi/image_train/0280_c004_00044290_0.jpg,280,veri,3
VeRi/image_train/0280_c004_00044310_1.jpg,280,veri,3
VeRi/image_train/0280_c004_00044340_0.jpg,280,veri,3
VeRi/image_train/0280_c004_00075200_0.jpg,280,veri,3
VeRi/image_train/0280_c004_00075220_0.jpg,280,veri,3
VeRi/image_train/0280_c004_00075240_0.jpg,280,veri,3
VeRi/image_train/0280_c004_00075245_0.jpg,280,veri,3
VeRi/image_train/0280_c004_00075265_0.jpg,280,veri,3
VeRi/image_train/0280_c004_00075285_0.jpg,280,veri,3
VeRi/image_train/0280_c006_00045140_2.jpg,280,veri,5
VeRi/image_train/0280_c006_00045155_1.jpg,280,veri,5
VeRi/image_train/0280_c006_00045165_1.jpg,280,veri,5
VeRi/image_train/0280_c006_00045325_0.jpg,280,veri,5
VeRi/image_train/0280_c006_00045340_0.jpg,280,veri,5
VeRi/image_train/0280_c006_00045390_0.jpg,280,veri,5
VeRi/image_train/0280_c006_00074090_0.jpg,280,veri,5
VeRi/image_train/0280_c006_00074110_0.jpg,280,veri,5
VeRi/image_train/0280_c006_00074130_0.jpg,280,veri,5
VeRi/image_train/0280_c006_00074150_0.jpg,280,veri,5
VeRi/image_train/0280_c006_00074170_0.jpg,280,veri,5
VeRi/image_train/0280_c006_00074185_0.jpg,280,veri,5
VeRi/image_train/0280_c010_00045025_0.jpg,280,veri,9
VeRi/image_train/0280_c010_00045040_0.jpg,280,veri,9
VeRi/image_train/0280_c010_00045045_0.jpg,280,veri,9
VeRi/image_train/0280_c010_00045050_0.jpg,280,veri,9
VeRi/image_train/0280_c010_00045055_0.jpg,280,veri,9
VeRi/image_train/0280_c010_00074340_0.jpg,280,veri,9
VeRi/image_train/0280_c010_00074345_0.jpg,280,veri,9
VeRi/image_train/0280_c010_00074350_0.jpg,280,veri,9
VeRi/image_train/0280_c010_00074355_0.jpg,280,veri,9
VeRi/image_train/0280_c010_00074360_0.jpg,280,veri,9
VeRi/image_train/0280_c010_00074365_0.jpg,280,veri,9
VeRi/image_train/0280_c011_00045320_0.jpg,280,veri,10
VeRi/image_train/0280_c011_00045330_0.jpg,280,veri,10
VeRi/image_train/0280_c011_00045340_0.jpg,280,veri,10
VeRi/image_train/0280_c011_00045350_0.jpg,280,veri,10
VeRi/image_train/0280_c011_00045375_0.jpg,280,veri,10
VeRi/image_train/0280_c011_00045395_0.jpg,280,veri,10
VeRi/image_train/0280_c011_00074155_0.jpg,280,veri,10
VeRi/image_train/0280_c011_00074165_0.jpg,280,veri,10
VeRi/image_train/0280_c011_00074175_0.jpg,280,veri,10
VeRi/image_train/0280_c011_00074180_0.jpg,280,veri,10
VeRi/image_train/0280_c011_00074190_0.jpg,280,veri,10
VeRi/image_train/0280_c011_00074195_0.jpg,280,veri,10
VeRi/image_train/0285_c002_00016515_0.jpg,285,veri,1
VeRi/image_train/0285_c002_00016525_0.jpg,285,veri,1
VeRi/image_train/0285_c002_00016535_0.jpg,285,veri,1
VeRi/image_train/0285_c002_00016545_0.jpg,285,veri,1
VeRi/image_train/0285_c002_00016565_0.jpg,285,veri,1
VeRi/image_train/0285_c002_00016585_0.jpg,285,veri,1
VeRi/image_train/0285_c003_00018195_0.jpg,285,veri,2
VeRi/image_train/0285_c003_00018205_0.jpg,285,veri,2
VeRi/image_train/0285_c003_00018215_0.jpg,285,veri,2
VeRi/image_train/0285_c003_00018225_0.jpg,285,veri,2
VeRi/image_train/0285_c003_00018235_0.jpg,285,veri,2
VeRi/image_train/0285_c003_00018245_0.jpg,285,veri,2
VeRi/image_train/0285_c004_00018145_0.jpg,285,veri,3
VeRi/image_train/0285_c004_00018155_0.jpg,285,veri,3
VeRi/image_train/0285_c004_00018165_0.jpg,285,veri,3
VeRi/image_train/0285_c004_00018175_0.jpg,285,veri,3
VeRi/image_train/0285_c004_00018185_0.jpg,285,veri,3
VeRi/image_train/0285_c004_00018195_0.jpg,285,veri,3
VeRi/image_train/0285_c005_00019060_1.jpg,285,veri,4
VeRi/image_train/0285_c005_00019075_1.jpg,285,veri,4
VeRi/image_train/0285_c005_00019095_0.jpg,285,veri,4
VeRi/image_train/0285_c005_00019120_0.jpg,285,veri,4
VeRi/image_train/0285_c005_00019145_0.jpg,285,veri,4
VeRi/image_train/0285_c005_00019180_0.jpg,285,veri,4
VeRi/image_train/0285_c006_00017285_0.jpg,285,veri,5
VeRi/image_train/0285_c006_00017315_0.jpg,285,veri,5
VeRi/image_train/0285_c006_00017355_0.jpg,285,veri,5
VeRi/image_train/0285_c006_00017385_0.jpg,285,veri,5
VeRi/image_train/0285_c006_00017400_1.jpg,285,veri,5
VeRi/image_train/0285_c006_00017420_1.jpg,285,veri,5
VeRi/image_train/0285_c007_00019195_0.jpg,285,veri,6
VeRi/image_train/0285_c007_00019200_0.jpg,285,veri,6
VeRi/image_train/0285_c007_00019210_0.jpg,285,veri,6
VeRi/image_train/0285_c007_00019220_0.jpg,285,veri,6
VeRi/image_train/0285_c008_00018470_0.jpg,285,veri,7
VeRi/image_train/0285_c008_00018475_0.jpg,285,veri,7
VeRi/image_train/0285_c008_00018480_0.jpg,285,veri,7
VeRi/image_train/0285_c009_00018360_0.jpg,285,veri,8
VeRi/image_train/0285_c009_00018365_0.jpg,285,veri,8
VeRi/image_train/0285_c009_00018370_0.jpg,285,veri,8
VeRi/image_train/0285_c009_00018375_0.jpg,285,veri,8
VeRi/image_train/0285_c009_00018380_0.jpg,285,veri,8
VeRi/image_train/0285_c009_00018385_0.jpg,285,veri,8
VeRi/image_train/0285_c010_00017560_0.jpg,285,veri,9
VeRi/image_train/0285_c010_00017565_0.jpg,285,veri,9
VeRi/image_train/0285_c010_00017570_0.jpg,285,veri,9
VeRi/image_train/0285_c010_00017575_0.jpg,285,veri,9
VeRi/image_train/0285_c010_00017580_0.jpg,285,veri,9
VeRi/image_train/0285_c010_00017585_0.jpg,285,veri,9
VeRi/image_train/0285_c011_00017315_0.jpg,285,veri,10
VeRi/image_train/0285_c011_00017330_0.jpg,285,veri,10
VeRi/image_train/0285_c011_00017340_0.jpg,285,veri,10
VeRi/image_train/0285_c011_00017350_0.jpg,285,veri,10
VeRi/image_train/0285_c011_00017355_0.jpg,285,veri,10
VeRi/image_train/0285_c011_00017360_0.jpg,285,veri,10
VeRi/image_train/0286_c001_00069155_0.jpg,286,veri,0
VeRi/image_train/0286_c001_00069160_0.jpg,286,veri,0
VeRi/image_train/0286_c001_00069165_0.jpg,286,veri,0
VeRi/image_train/0286_c001_00069170_0.jpg,286,veri,0
VeRi/image_train/0286_c001_00069175_0.jpg,286,veri,0
VeRi/image_train/0286_c001_00069180_0.jpg,286,veri,0
VeRi/image_train/0286_c002_00067430_0.jpg,286,veri,1
VeRi/image_train/0286_c002_00067450_0.jpg,286,veri,1
VeRi/image_train/0286_c002_00067470_0.jpg,286,veri,1
VeRi/image_train/0286_c002_00067500_0.jpg,286,veri,1
VeRi/image_train/0286_c002_00067505_0.jpg,286,veri,1
VeRi/image_train/0286_c002_00067515_0.jpg,286,veri,1
VeRi/image_train/0286_c003_00064930_1.jpg,286,veri,2
VeRi/image_train/0286_c003_00064935_0.jpg,286,veri,2
VeRi/image_train/0286_c003_00064940_0.jpg,286,veri,2
VeRi/image_train/0286_c003_00064945_0.jpg,286,veri,2
VeRi/image_train/0286_c003_00064950_0.jpg,286,veri,2
VeRi/image_train/0286_c003_00064955_0.jpg,286,veri,2
VeRi/image_train/0286_c004_00064835_0.jpg,286,veri,3
VeRi/image_train/0286_c004_00064840_0.jpg,286,veri,3
VeRi/image_train/0286_c004_00064845_0.jpg,286,veri,3
VeRi/image_train/0286_c004_00064850_0.jpg,286,veri,3
VeRi/image_train/0286_c004_00064855_0.jpg,286,veri,3
VeRi/image_train/0286_c004_00064860_0.jpg,286,veri,3
VeRi/image_train/0286_c006_00066095_0.jpg,286,veri,5
VeRi/image_train/0286_c006_00066120_0.jpg,286,veri,5
VeRi/image_train/0286_c006_00066155_0.jpg,286,veri,5
VeRi/image_train/0286_c006_00066195_0.jpg,286,veri,5
VeRi/image_train/0286_c006_00066235_0.jpg,286,veri,5
VeRi/image_train/0286_c008_00064630_0.jpg,286,veri,7
VeRi/image_train/0286_c008_00064635_0.jpg,286,veri,7
VeRi/image_train/0286_c008_00064645_0.jpg,286,veri,7
VeRi/image_train/0286_c008_00064650_0.jpg,286,veri,7
VeRi/image_train/0286_c008_00064655_0.jpg,286,veri,7
VeRi/image_train/0286_c008_00064660_0.jpg,286,veri,7
VeRi/image_train/0286_c009_00064740_0.jpg,286,veri,8
VeRi/image_train/0286_c009_00064745_0.jpg,286,veri,8
VeRi/image_train/0286_c009_00064750_0.jpg,286,veri,8
VeRi/image_train/0286_c009_00064755_0.jpg,286,veri,8
VeRi/image_train/0286_c009_00064760_0.jpg,286,veri,8
VeRi/image_train/0286_c009_00064765_0.jpg,286,veri,8
VeRi/image_train/0286_c010_00065750_0.jpg,286,veri,9
VeRi/image_train/0286_c010_00065755_0.jpg,286,veri,9
VeRi/image_train/0286_c010_00065760_0.jpg,286,veri,9
VeRi/image_train/0286_c010_00065765_0.jpg,286,veri,9
VeRi/image_train/0286_c010_00065770_0.jpg,286,veri,9
VeRi/image_train/0286_c010_00065775_0.jpg,286,veri,9
VeRi/image_train/0286_c011_00066110_0.jpg,286,veri,10
VeRi/image_train/0286_c011_00066130_0.jpg,286,veri,10
VeRi/image_train/0286_c011_00066140_0.jpg,286,veri,10
VeRi/image_train/0286_c011_00066160_0.jpg,286,veri,10
VeRi/image_train/0286_c011_00066180_0.jpg,286,veri,10
VeRi/image_train/0286_c011_00066230_0.jpg,286,veri,10
VeRi/image_train/0286_c012_00069740_0.jpg,286,veri,11
VeRi/image_train/0286_c012_00069745_0.jpg,286,veri,11
VeRi/image_train/0286_c012_00069755_0.jpg,286,veri,11
VeRi/image_train/0286_c012_00069770_0.jpg,286,veri,11
VeRi/image_train/0286_c012_00069795_0.jpg,286,veri,11
VeRi/image_train/0286_c012_00069805_0.jpg,286,veri,11
VeRi/image_train/0286_c013_00069530_0.jpg,286,veri,12
VeRi/image_train/0286_c013_00069535_0.jpg,286,veri,12
VeRi/image_train/0286_c013_00069540_0.jpg,286,veri,12
VeRi/image_train/0286_c013_00069545_0.jpg,286,veri,12
VeRi/image_train/0286_c013_00069550_0.jpg,286,veri,12
VeRi/image_train/0286_c013_00069555_0.jpg,286,veri,12
VeRi/image_train/0286_c014_00072435_0.jpg,286,veri,13
VeRi/image_train/0286_c014_00072440_0.jpg,286,veri,13
VeRi/image_train/0286_c014_00072445_0.jpg,286,veri,13
VeRi/image_train/0286_c014_00072450_0.jpg,286,veri,13
VeRi/image_train/0286_c014_00072455_0.jpg,286,veri,13
VeRi/image_train/0286_c014_00072460_0.jpg,286,veri,13
VeRi/image_train/0286_c015_00072185_0.jpg,286,veri,14
VeRi/image_train/0286_c015_00072190_0.jpg,286,veri,14
VeRi/image_train/0286_c015_00072195_0.jpg,286,veri,14
VeRi/image_train/0286_c015_00072200_0.jpg,286,veri,14
VeRi/image_train/0286_c015_00072205_0.jpg,286,veri,14
VeRi/image_train/0286_c015_00072210_0.jpg,286,veri,14
VeRi/image_train/0286_c016_00073810_0.jpg,286,veri,15
VeRi/image_train/0286_c016_00073815_0.jpg,286,veri,15
VeRi/image_train/0286_c016_00073820_0.jpg,286,veri,15
VeRi/image_train/0286_c016_00073825_0.jpg,286,veri,15
VeRi/image_train/0286_c016_00073830_0.jpg,286,veri,15
VeRi/image_train/0286_c016_00073835_0.jpg,286,veri,15
VeRi/image_train/0286_c017_00070675_0.jpg,286,veri,16
VeRi/image_train/0286_c017_00070680_0.jpg,286,veri,16
VeRi/image_train/0286_c017_00070685_0.jpg,286,veri,16
VeRi/image_train/0286_c017_00070690_0.jpg,286,veri,16
VeRi/image_train/0286_c017_00070695_0.jpg,286,veri,16
VeRi/image_train/0286_c017_00070700_0.jpg,286,veri,16
VeRi/image_train/0286_c019_00070925_0.jpg,286,veri,18
VeRi/image_train/0286_c019_00070930_0.jpg,286,veri,18
VeRi/image_train/0286_c019_00070935_0.jpg,286,veri,18
VeRi/image_train/0286_c019_00070940_0.jpg,286,veri,18
VeRi/image_train/0286_c019_00070945_0.jpg,286,veri,18
VeRi/image_train/0286_c019_00070955_0.jpg,286,veri,18
VeRi/image_train/0287_c001_00033055_0.jpg,287,veri,0
VeRi/image_train/0287_c001_00033070_0.jpg,287,veri,0
VeRi/image_train/0287_c001_00033080_0.jpg,287,veri,0
VeRi/image_train/0287_c001_00033090_0.jpg,287,veri,0
VeRi/image_train/0287_c001_00033100_0.jpg,287,veri,0
VeRi/image_train/0287_c001_00033110_0.jpg,287,veri,0
VeRi/image_train/0287_c002_00033455_0.jpg,287,veri,1
VeRi/image_train/0287_c002_00033465_0.jpg,287,veri,1
VeRi/image_train/0287_c002_00033475_0.jpg,287,veri,1
VeRi/image_train/0287_c002_00033485_0.jpg,287,veri,1
VeRi/image_train/0287_c002_00033500_0.jpg,287,veri,1
VeRi/image_train/0287_c002_00033515_0.jpg,287,veri,1
VeRi/image_train/0287_c003_00034620_1.jpg,287,veri,2
VeRi/image_train/0287_c003_00034630_1.jpg,287,veri,2
VeRi/image_train/0287_c003_00034640_1.jpg,287,veri,2
VeRi/image_train/0287_c003_00034650_0.jpg,287,veri,2
VeRi/image_train/0287_c003_00034660_0.jpg,287,veri,2
VeRi/image_train/0287_c003_00034670_0.jpg,287,veri,2
VeRi/image_train/0287_c004_00034545_0.jpg,287,veri,3
VeRi/image_train/0287_c004_00034555_0.jpg,287,veri,3
VeRi/image_train/0287_c004_00034565_0.jpg,287,veri,3
VeRi/image_train/0287_c004_00034575_0.jpg,287,veri,3
VeRi/image_train/0287_c004_00034585_0.jpg,287,veri,3
VeRi/image_train/0287_c005_00035330_1.jpg,287,veri,4
VeRi/image_train/0287_c005_00035345_1.jpg,287,veri,4
VeRi/image_train/0287_c005_00035355_1.jpg,287,veri,4
VeRi/image_train/0287_c005_00035375_1.jpg,287,veri,4
VeRi/image_train/0287_c005_00035395_0.jpg,287,veri,4
VeRi/image_train/0287_c005_00035420_0.jpg,287,veri,4
VeRi/image_train/0287_c006_00034010_0.jpg,287,veri,5
VeRi/image_train/0287_c006_00034030_0.jpg,287,veri,5
VeRi/image_train/0287_c006_00034055_0.jpg,287,veri,5
VeRi/image_train/0287_c006_00034080_0.jpg,287,veri,5
VeRi/image_train/0287_c006_00034095_0.jpg,287,veri,5
VeRi/image_train/0287_c006_00034100_0.jpg,287,veri,5
VeRi/image_train/0287_c007_00035420_0.jpg,287,veri,6
VeRi/image_train/0287_c007_00035425_0.jpg,287,veri,6
VeRi/image_train/0287_c007_00035435_0.jpg,287,veri,6
VeRi/image_train/0287_c007_00035440_0.jpg,287,veri,6
VeRi/image_train/0287_c007_00035445_0.jpg,287,veri,6
VeRi/image_train/0287_c008_00034805_0.jpg,287,veri,7
VeRi/image_train/0287_c008_00034810_0.jpg,287,veri,7
VeRi/image_train/0287_c008_00034815_0.jpg,287,veri,7
VeRi/image_train/0287_c009_00034770_0.jpg,287,veri,8
VeRi/image_train/0287_c009_00034775_0.jpg,287,veri,8
VeRi/image_train/0287_c009_00034780_0.jpg,287,veri,8
VeRi/image_train/0287_c009_00034785_0.jpg,287,veri,8
VeRi/image_train/0287_c009_00034790_0.jpg,287,veri,8
VeRi/image_train/0287_c009_00034795_0.jpg,287,veri,8
VeRi/image_train/0287_c010_00034165_0.jpg,287,veri,9
VeRi/image_train/0287_c010_00034170_0.jpg,287,veri,9
VeRi/image_train/0287_c010_00034175_0.jpg,287,veri,9
VeRi/image_train/0287_c010_00034180_0.jpg,287,veri,9
VeRi/image_train/0287_c010_00034185_0.jpg,287,veri,9
VeRi/image_train/0287_c010_00034190_0.jpg,287,veri,9
VeRi/image_train/0287_c011_00033990_0.jpg,287,veri,10
VeRi/image_train/0287_c011_00034000_0.jpg,287,veri,10
VeRi/image_train/0287_c011_00034010_0.jpg,287,veri,10
VeRi/image_train/0287_c011_00034020_0.jpg,287,veri,10
VeRi/image_train/0287_c011_00034030_0.jpg,287,veri,10
VeRi/image_train/0287_c011_00034040_0.jpg,287,veri,10
VeRi/image_train/0287_c012_00031270_0.jpg,287,veri,11
VeRi/image_train/0287_c012_00031275_0.jpg,287,veri,11
VeRi/image_train/0287_c012_00031280_0.jpg,287,veri,11
VeRi/image_train/0287_c012_00031285_0.jpg,287,veri,11
VeRi/image_train/0287_c012_00031290_0.jpg,287,veri,11
VeRi/image_train/0287_c012_00031295_0.jpg,287,veri,11
VeRi/image_train/0287_c014_00029430_0.jpg,287,veri,13
VeRi/image_train/0287_c014_00029435_0.jpg,287,veri,13
VeRi/image_train/0287_c014_00029440_0.jpg,287,veri,13
VeRi/image_train/0287_c014_00029445_0.jpg,287,veri,13
VeRi/image_train/0287_c014_00029450_0.jpg,287,veri,13
VeRi/image_train/0287_c014_00029455_0.jpg,287,veri,13
VeRi/image_train/0287_c015_00029475_1.jpg,287,veri,14
VeRi/image_train/0287_c015_00029480_1.jpg,287,veri,14
VeRi/image_train/0287_c015_00029490_1.jpg,287,veri,14
VeRi/image_train/0287_c015_00029495_0.jpg,287,veri,14
VeRi/image_train/0287_c015_00029500_0.jpg,287,veri,14
VeRi/image_train/0287_c015_00029505_0.jpg,287,veri,14
VeRi/image_train/0287_c017_00030300_0.jpg,287,veri,16
VeRi/image_train/0287_c017_00030305_0.jpg,287,veri,16
VeRi/image_train/0287_c017_00030320_0.jpg,287,veri,16
VeRi/image_train/0287_c017_00030335_0.jpg,287,veri,16
VeRi/image_train/0287_c017_00030350_0.jpg,287,veri,16
VeRi/image_train/0287_c017_00030375_0.jpg,287,veri,16
VeRi/image_train/0287_c019_00030145_0.jpg,287,veri,18
VeRi/image_train/0287_c019_00030150_0.jpg,287,veri,18
VeRi/image_train/0287_c019_00030155_0.jpg,287,veri,18
VeRi/image_train/0287_c019_00030160_0.jpg,287,veri,18
VeRi/image_train/0287_c019_00030165_0.jpg,287,veri,18
VeRi/image_train/0287_c019_00030175_0.jpg,287,veri,18
VeRi/image_train/0289_c002_00049915_1.jpg,289,veri,1
VeRi/image_train/0289_c002_00049925_0.jpg,289,veri,1
VeRi/image_train/0289_c002_00049935_0.jpg,289,veri,1
VeRi/image_train/0289_c002_00049950_0.jpg,289,veri,1
VeRi/image_train/0289_c002_00049960_0.jpg,289,veri,1
VeRi/image_train/0289_c002_00049975_0.jpg,289,veri,1
VeRi/image_train/0289_c003_00053955_1.jpg,289,veri,2
VeRi/image_train/0289_c003_00053960_1.jpg,289,veri,2
VeRi/image_train/0289_c003_00053965_1.jpg,289,veri,2
VeRi/image_train/0289_c003_00053970_0.jpg,289,veri,2
VeRi/image_train/0289_c003_00053975_0.jpg,289,veri,2
VeRi/image_train/0289_c003_00053980_0.jpg,289,veri,2
VeRi/image_train/0289_c004_00053880_1.jpg,289,veri,3
VeRi/image_train/0289_c004_00053890_1.jpg,289,veri,3
VeRi/image_train/0289_c004_00053900_1.jpg,289,veri,3
VeRi/image_train/0289_c004_00053910_1.jpg,289,veri,3
VeRi/image_train/0289_c004_00053920_1.jpg,289,veri,3
VeRi/image_train/0289_c004_00053925_1.jpg,289,veri,3
VeRi/image_train/0289_c006_00052775_1.jpg,289,veri,5
VeRi/image_train/0289_c006_00052795_1.jpg,289,veri,5
VeRi/image_train/0289_c006_00052825_1.jpg,289,veri,5
VeRi/image_train/0289_c006_00052845_1.jpg,289,veri,5
VeRi/image_train/0289_c006_00052875_0.jpg,289,veri,5
VeRi/image_train/0289_c006_00052895_0.jpg,289,veri,5
VeRi/image_train/0289_c008_00054135_0.jpg,289,veri,7
VeRi/image_train/0289_c008_00054140_0.jpg,289,veri,7
VeRi/image_train/0289_c008_00054145_0.jpg,289,veri,7
VeRi/image_train/0289_c008_00054150_0.jpg,289,veri,7
VeRi/image_train/0289_c009_00054095_0.jpg,289,veri,8
VeRi/image_train/0289_c009_00054100_0.jpg,289,veri,8
VeRi/image_train/0289_c009_00054105_0.jpg,289,veri,8
VeRi/image_train/0289_c009_00054110_0.jpg,289,veri,8
VeRi/image_train/0289_c009_00054115_0.jpg,289,veri,8
VeRi/image_train/0289_c009_00054120_0.jpg,289,veri,8
VeRi/image_train/0289_c010_00053050_0.jpg,289,veri,9
VeRi/image_train/0289_c010_00053055_0.jpg,289,veri,9
VeRi/image_train/0289_c010_00053060_0.jpg,289,veri,9
VeRi/image_train/0289_c010_00053065_0.jpg,289,veri,9
VeRi/image_train/0289_c010_00053070_0.jpg,289,veri,9
VeRi/image_train/0289_c010_00053075_0.jpg,289,veri,9
VeRi/image_train/0289_c011_00052810_0.jpg,289,veri,10
VeRi/image_train/0289_c011_00052830_1.jpg,289,veri,10
VeRi/image_train/0289_c011_00052850_0.jpg,289,veri,10
VeRi/image_train/0289_c011_00052865_0.jpg,289,veri,10
VeRi/image_train/0289_c011_00052880_0.jpg,289,veri,10
VeRi/image_train/0289_c011_00052900_0.jpg,289,veri,10
VeRi/image_train/0304_c001_00022540_0.jpg,304,veri,0
VeRi/image_train/0304_c001_00022550_0.jpg,304,veri,0
VeRi/image_train/0304_c001_00022560_0.jpg,304,veri,0
VeRi/image_train/0304_c001_00022570_0.jpg,304,veri,0
VeRi/image_train/0304_c001_00022580_0.jpg,304,veri,0
VeRi/image_train/0304_c001_00022590_0.jpg,304,veri,0
VeRi/image_train/0304_c012_00023090_0.jpg,304,veri,11
VeRi/image_train/0304_c012_00023100_0.jpg,304,veri,11
VeRi/image_train/0304_c012_00023110_0.jpg,304,veri,11
VeRi/image_train/0304_c012_00023120_0.jpg,304,veri,11
VeRi/image_train/0304_c012_00023130_0.jpg,304,veri,11
VeRi/image_train/0304_c012_00023140_0.jpg,304,veri,11
VeRi/image_train/0304_c013_00022880_0.jpg,304,veri,12
VeRi/image_train/0304_c013_00022890_0.jpg,304,veri,12
VeRi/image_train/0304_c013_00022900_0.jpg,304,veri,12
VeRi/image_train/0304_c013_00022910_0.jpg,304,veri,12
VeRi/image_train/0304_c013_00022920_0.jpg,304,veri,12
VeRi/image_train/0304_c013_00022940_0.jpg,304,veri,12
VeRi/image_train/0304_c014_00025055_0.jpg,304,veri,13
VeRi/image_train/0304_c014_00025060_0.jpg,304,veri,13
VeRi/image_train/0304_c014_00025065_0.jpg,304,veri,13
VeRi/image_train/0304_c014_00025070_0.jpg,304,veri,13
VeRi/image_train/0304_c014_00025075_0.jpg,304,veri,13
VeRi/image_train/0304_c014_00025080_0.jpg,304,veri,13
VeRi/image_train/0304_c015_00024900_0.jpg,304,veri,14
VeRi/image_train/0304_c015_00024905_0.jpg,304,veri,14
VeRi/image_train/0304_c015_00024910_0.jpg,304,veri,14
VeRi/image_train/0304_c015_00024915_0.jpg,304,veri,14
VeRi/image_train/0304_c015_00024920_0.jpg,304,veri,14
VeRi/image_train/0304_c015_00024930_0.jpg,304,veri,14
VeRi/image_train/0304_c017_00024105_1.jpg,304,veri,16
VeRi/image_train/0304_c017_00024120_0.jpg,304,veri,16
VeRi/image_train/0304_c017_00024135_0.jpg,304,veri,16
VeRi/image_train/0304_c017_00024140_0.jpg,304,veri,16
VeRi/image_train/0304_c017_00024150_0.jpg,304,veri,16
VeRi/image_train/0304_c017_00024160_1.jpg,304,veri,16
VeRi/image_train/0304_c019_00024330_0.jpg,304,veri,18
VeRi/image_train/0304_c019_00024335_0.jpg,304,veri,18
VeRi/image_train/0304_c019_00024345_0.jpg,304,veri,18
VeRi/image_train/0304_c019_00024355_0.jpg,304,veri,18
VeRi/image_train/0304_c019_00024365_0.jpg,304,veri,18
VeRi/image_train/0316_c001_00010380_0.jpg,316,veri,0
VeRi/image_train/0316_c001_00010390_0.jpg,316,veri,0
VeRi/image_train/0316_c001_00010400_0.jpg,316,veri,0
VeRi/image_train/0316_c001_00010410_0.jpg,316,veri,0
VeRi/image_train/0316_c001_00010420_0.jpg,316,veri,0
VeRi/image_train/0316_c001_00010430_0.jpg,316,veri,0
VeRi/image_train/0316_c012_00010910_0.jpg,316,veri,11
VeRi/image_train/0316_c012_00010915_0.jpg,316,veri,11
VeRi/image_train/0316_c012_00010920_0.jpg,316,veri,11
VeRi/image_train/0316_c012_00010925_0.jpg,316,veri,11
VeRi/image_train/0316_c012_00010930_0.jpg,316,veri,11
VeRi/image_train/0316_c012_00010935_0.jpg,316,veri,11
VeRi/image_train/0316_c013_00010770_0.jpg,316,veri,12
VeRi/image_train/0316_c013_00010785_0.jpg,316,veri,12
VeRi/image_train/0316_c013_00010790_0.jpg,316,veri,12
VeRi/image_train/0316_c013_00010810_0.jpg,316,veri,12
VeRi/image_train/0316_c013_00010815_0.jpg,316,veri,12
VeRi/image_train/0316_c013_00010825_0.jpg,316,veri,12
VeRi/image_train/0316_c014_00012650_0.jpg,316,veri,13
VeRi/image_train/0316_c014_00012655_0.jpg,316,veri,13
VeRi/image_train/0316_c014_00012660_0.jpg,316,veri,13
VeRi/image_train/0316_c014_00012665_0.jpg,316,veri,13
VeRi/image_train/0316_c014_00012670_0.jpg,316,veri,13
VeRi/image_train/0316_c014_00012675_0.jpg,316,veri,13
VeRi/image_train/0316_c015_00012475_0.jpg,316,veri,14
VeRi/image_train/0316_c015_00012510_0.jpg,316,veri,14
VeRi/image_train/0316_c015_00012515_0.jpg,316,veri,14
VeRi/image_train/0316_c015_00012520_0.jpg,316,veri,14
VeRi/image_train/0316_c015_00012525_0.jpg,316,veri,14
VeRi/image_train/0316_c015_00012530_0.jpg,316,veri,14
VeRi/image_train/0316_c016_00012930_0.jpg,316,veri,15
VeRi/image_train/0316_c016_00012935_0.jpg,316,veri,15
VeRi/image_train/0316_c016_00012940_1.jpg,316,veri,15
VeRi/image_train/0316_c016_00012945_0.jpg,316,veri,15
VeRi/image_train/0316_c016_00012950_0.jpg,316,veri,15
VeRi/image_train/0316_c016_00012985_0.jpg,316,veri,15
VeRi/image_train/0316_c017_00011545_0.jpg,316,veri,16
VeRi/image_train/0316_c017_00011555_1.jpg,316,veri,16
VeRi/image_train/0316_c017_00011565_0.jpg,316,veri,16
VeRi/image_train/0316_c017_00011575_0.jpg,316,veri,16
VeRi/image_train/0316_c017_00011585_0.jpg,316,veri,16
VeRi/image_train/0316_c017_00011600_0.jpg,316,veri,16
VeRi/image_train/0316_c019_00011770_1.jpg,316,veri,18
VeRi/image_train/0316_c019_00011775_0.jpg,316,veri,18
VeRi/image_train/0316_c019_00011780_0.jpg,316,veri,18
VeRi/image_train/0316_c019_00011790_0.jpg,316,veri,18
VeRi/image_train/0316_c019_00011805_0.jpg,316,veri,18
VeRi/image_train/0316_c019_00011815_0.jpg,316,veri,18
VeRi/image_train/0329_c001_00046180_0.jpg,329,veri,0
VeRi/image_train/0329_c001_00046190_0.jpg,329,veri,0
VeRi/image_train/0329_c001_00046200_0.jpg,329,veri,0
VeRi/image_train/0329_c001_00046210_0.jpg,329,veri,0
VeRi/image_train/0329_c001_00046230_0.jpg,329,veri,0
VeRi/image_train/0329_c001_00046250_1.jpg,329,veri,0
VeRi/image_train/0329_c002_00001415_0.jpg,329,veri,1
VeRi/image_train/0329_c002_00001430_0.jpg,329,veri,1
VeRi/image_train/0329_c002_00001445_0.jpg,329,veri,1
VeRi/image_train/0329_c002_00001460_0.jpg,329,veri,1
VeRi/image_train/0329_c002_00001475_0.jpg,329,veri,1
VeRi/image_train/0329_c002_00001490_0.jpg,329,veri,1
VeRi/image_train/0329_c003_00000145_1.jpg,329,veri,2
VeRi/image_train/0329_c003_00000165_0.jpg,329,veri,2
VeRi/image_train/0329_c003_00000185_0.jpg,329,veri,2
VeRi/image_train/0329_c003_00000200_0.jpg,329,veri,2
VeRi/image_train/0329_c003_00000210_0.jpg,329,veri,2
VeRi/image_train/0329_c003_00000220_0.jpg,329,veri,2
VeRi/image_train/0329_c004_00000050_1.jpg,329,veri,3
VeRi/image_train/0329_c004_00000060_0.jpg,329,veri,3
VeRi/image_train/0329_c004_00000070_0.jpg,329,veri,3
VeRi/image_train/0329_c004_00000080_0.jpg,329,veri,3
VeRi/image_train/0329_c004_00000090_0.jpg,329,veri,3
VeRi/image_train/0329_c004_00000100_0.jpg,329,veri,3
VeRi/image_train/0329_c006_00000885_0.jpg,329,veri,5
VeRi/image_train/0329_c006_00000900_0.jpg,329,veri,5
VeRi/image_train/0329_c006_00000910_0.jpg,329,veri,5
VeRi/image_train/0329_c006_00000920_0.jpg,329,veri,5
VeRi/image_train/0329_c006_00000930_0.jpg,329,veri,5
VeRi/image_train/0329_c006_00000940_0.jpg,329,veri,5
VeRi/image_train/0329_c010_00000805_0.jpg,329,veri,9
VeRi/image_train/0329_c010_00000810_0.jpg,329,veri,9
VeRi/image_train/0329_c010_00000815_0.jpg,329,veri,9
VeRi/image_train/0329_c010_00000820_0.jpg,329,veri,9
VeRi/image_train/0329_c010_00000825_0.jpg,329,veri,9
VeRi/image_train/0329_c010_00000830_0.jpg,329,veri,9
VeRi/image_train/0329_c011_00000840_0.jpg,329,veri,10
VeRi/image_train/0329_c011_00000845_0.jpg,329,veri,10
VeRi/image_train/0329_c011_00000850_0.jpg,329,veri,10
VeRi/image_train/0329_c011_00000855_0.jpg,329,veri,10
VeRi/image_train/0329_c011_00000860_0.jpg,329,veri,10
VeRi/image_train/0329_c011_00000865_0.jpg,329,veri,10
VeRi/image_train/0329_c012_00046870_0.jpg,329,veri,11
VeRi/image_train/0329_c012_00046880_0.jpg,329,veri,11
VeRi/image_train/0329_c012_00046890_0.jpg,329,veri,11
VeRi/image_train/0329_c012_00046900_0.jpg,329,veri,11
VeRi/image_train/0329_c012_00046910_0.jpg,329,veri,11
VeRi/image_train/0329_c012_00046920_0.jpg,329,veri,11
VeRi/image_train/0329_c013_00046695_0.jpg,329,veri,12
VeRi/image_train/0329_c013_00046700_0.jpg,329,veri,12
VeRi/image_train/0329_c013_00046705_0.jpg,329,veri,12
VeRi/image_train/0329_c013_00046710_0.jpg,329,veri,12
VeRi/image_train/0329_c013_00046715_0.jpg,329,veri,12
VeRi/image_train/0329_c013_00046720_0.jpg,329,veri,12
VeRi/image_train/0329_c014_00048715_0.jpg,329,veri,13
VeRi/image_train/0329_c014_00048720_0.jpg,329,veri,13
VeRi/image_train/0329_c014_00048725_0.jpg,329,veri,13
VeRi/image_train/0329_c014_00048730_0.jpg,329,veri,13
VeRi/image_train/0329_c014_00048735_0.jpg,329,veri,13
VeRi/image_train/0329_c014_00048740_0.jpg,329,veri,13
VeRi/image_train/0329_c015_00048475_0.jpg,329,veri,14
VeRi/image_train/0329_c015_00048480_0.jpg,329,veri,14
VeRi/image_train/0329_c015_00048485_0.jpg,329,veri,14
VeRi/image_train/0329_c015_00048490_0.jpg,329,veri,14
VeRi/image_train/0329_c015_00048495_0.jpg,329,veri,14
VeRi/image_train/0329_c015_00048500_0.jpg,329,veri,14
VeRi/image_train/0329_c016_00049105_0.jpg,329,veri,15
VeRi/image_train/0329_c016_00049110_0.jpg,329,veri,15
VeRi/image_train/0329_c016_00049115_0.jpg,329,veri,15
VeRi/image_train/0329_c016_00049120_0.jpg,329,veri,15
VeRi/image_train/0329_c017_00047635_0.jpg,329,veri,16
VeRi/image_train/0329_c017_00047640_0.jpg,329,veri,16
VeRi/image_train/0329_c017_00047650_0.jpg,329,veri,16
VeRi/image_train/0329_c017_00047655_0.jpg,329,veri,16
VeRi/image_train/0329_c017_00047665_0.jpg,329,veri,16
VeRi/image_train/0329_c017_00047680_0.jpg,329,veri,16
VeRi/image_train/0329_c019_00047810_0.jpg,329,veri,18
VeRi/image_train/0329_c019_00047850_0.jpg,329,veri,18
VeRi/image_train/0329_c019_00047870_0.jpg,329,veri,18
VeRi/image_train/0329_c019_00047885_0.jpg,329,veri,18
VeRi/image_train/0329_c019_00047890_0.jpg,329,veri,18
VeRi/image_train/0329_c019_00047905_0.jpg,329,veri,18
VeRi/image_train/0033_c014_00006150_0.jpg,33,veri,13
VeRi/image_train/0033_c014_00006185_0.jpg,33,veri,13
VeRi/image_train/0033_c014_00006190_0.jpg,33,veri,13
VeRi/image_train/0033_c014_00006205_0.jpg,33,veri,13
VeRi/image_train/0033_c014_00009670_0.jpg,33,veri,13
VeRi/image_train/0033_c014_00009680_0.jpg,33,veri,13
VeRi/image_train/0033_c014_00009685_0.jpg,33,veri,13
VeRi/image_train/0033_c014_00009690_0.jpg,33,veri,13
VeRi/image_train/0033_c014_00009700_0.jpg,33,veri,13
VeRi/image_train/0033_c014_00009705_0.jpg,33,veri,13
VeRi/image_train/0033_c015_00006365_1.jpg,33,veri,14
VeRi/image_train/0033_c015_00006370_1.jpg,33,veri,14
VeRi/image_train/0033_c015_00006375_1.jpg,33,veri,14
VeRi/image_train/0033_c015_00006380_1.jpg,33,veri,14
VeRi/image_train/0033_c015_00006385_1.jpg,33,veri,14
VeRi/image_train/0033_c015_00006390_1.jpg,33,veri,14
VeRi/image_train/0033_c015_00009525_0.jpg,33,veri,14
VeRi/image_train/0033_c015_00009530_0.jpg,33,veri,14
VeRi/image_train/0033_c015_00009535_0.jpg,33,veri,14
VeRi/image_train/0033_c015_00009565_0.jpg,33,veri,14
VeRi/image_train/0033_c015_00009570_0.jpg,33,veri,14
VeRi/image_train/0033_c015_00009575_0.jpg,33,veri,14
VeRi/image_train/0033_c016_00005810_0.jpg,33,veri,15
VeRi/image_train/0033_c016_00005815_0.jpg,33,veri,15
VeRi/image_train/0033_c016_00005820_0.jpg,33,veri,15
VeRi/image_train/0033_c016_00005825_0.jpg,33,veri,15
VeRi/image_train/0033_c016_00005830_0.jpg,33,veri,15
VeRi/image_train/0033_c016_00005835_0.jpg,33,veri,15
VeRi/image_train/0033_c016_00009915_0.jpg,33,veri,15
VeRi/image_train/0033_c016_00009920_0.jpg,33,veri,15
VeRi/image_train/0033_c016_00009925_0.jpg,33,veri,15
VeRi/image_train/0033_c017_00007855_0.jpg,33,veri,16
VeRi/image_train/0033_c017_00007865_1.jpg,33,veri,16
VeRi/image_train/0033_c017_00007870_1.jpg,33,veri,16
VeRi/image_train/0033_c017_00007885_1.jpg,33,veri,16
VeRi/image_train/0033_c017_00007895_1.jpg,33,veri,16
VeRi/image_train/0033_c017_00007960_0.jpg,33,veri,16
VeRi/image_train/0033_c017_00008380_0.jpg,33,veri,16
VeRi/image_train/0033_c017_00008390_0.jpg,33,veri,16
VeRi/image_train/0033_c017_00008405_0.jpg,33,veri,16
VeRi/image_train/0033_c017_00008420_0.jpg,33,veri,16
VeRi/image_train/0033_c017_00008435_0.jpg,33,veri,16
VeRi/image_train/0033_c017_00008450_0.jpg,33,veri,16
VeRi/image_train/0033_c019_00007510_0.jpg,33,veri,18
VeRi/image_train/0033_c019_00007515_0.jpg,33,veri,18
VeRi/image_train/0033_c019_00007520_0.jpg,33,veri,18
VeRi/image_train/0033_c019_00007525_0.jpg,33,veri,18
VeRi/image_train/0033_c019_00007565_0.jpg,33,veri,18
VeRi/image_train/0033_c019_00007570_1.jpg,33,veri,18
VeRi/image_train/0033_c019_00008710_1.jpg,33,veri,18
VeRi/image_train/0033_c019_00008715_1.jpg,33,veri,18
VeRi/image_train/0033_c019_00008720_1.jpg,33,veri,18
VeRi/image_train/0033_c019_00008725_1.jpg,33,veri,18
VeRi/image_train/0033_c019_00008730_1.jpg,33,veri,18
VeRi/image_train/0033_c019_00008755_0.jpg,33,veri,18
VeRi/image_train/0339_c001_00085345_0.jpg,339,veri,0
VeRi/image_train/0339_c001_00085355_0.jpg,339,veri,0
VeRi/image_train/0339_c001_00085365_0.jpg,339,veri,0
VeRi/image_train/0339_c001_00085375_0.jpg,339,veri,0
VeRi/image_train/0339_c001_00085380_0.jpg,339,veri,0
VeRi/image_train/0339_c001_00085390_0.jpg,339,veri,0
VeRi/image_train/0339_c002_00085910_0.jpg,339,veri,1
VeRi/image_train/0339_c002_00085920_0.jpg,339,veri,1
VeRi/image_train/0339_c002_00085930_0.jpg,339,veri,1
VeRi/image_train/0339_c002_00085940_0.jpg,339,veri,1
VeRi/image_train/0339_c002_00085950_0.jpg,339,veri,1
VeRi/image_train/0339_c002_00085960_0.jpg,339,veri,1
VeRi/image_train/0339_c003_00088610_0.jpg,339,veri,2
VeRi/image_train/0339_c003_00088620_0.jpg,339,veri,2
VeRi/image_train/0339_c003_00088630_0.jpg,339,veri,2
VeRi/image_train/0339_c003_00088640_0.jpg,339,veri,2
VeRi/image_train/0339_c003_00088645_0.jpg,339,veri,2
VeRi/image_train/0339_c003_00088650_0.jpg,339,veri,2
VeRi/image_train/0339_c004_00088560_0.jpg,339,veri,3
VeRi/image_train/0339_c004_00088565_0.jpg,339,veri,3
VeRi/image_train/0339_c004_00088570_0.jpg,339,veri,3
VeRi/image_train/0339_c004_00088580_0.jpg,339,veri,3
VeRi/image_train/0339_c004_00088585_0.jpg,339,veri,3
VeRi/image_train/0339_c004_00088590_0.jpg,339,veri,3
VeRi/image_train/0339_c006_00086375_0.jpg,339,veri,5
VeRi/image_train/0339_c006_00086385_0.jpg,339,veri,5
VeRi/image_train/0339_c006_00086395_0.jpg,339,veri,5
VeRi/image_train/0339_c006_00086405_3.jpg,339,veri,5
VeRi/image_train/0339_c006_00086445_1.jpg,339,veri,5
VeRi/image_train/0339_c006_00087880_0.jpg,339,veri,5
VeRi/image_train/0339_c006_00087920_0.jpg,339,veri,5
VeRi/image_train/0339_c006_00087965_0.jpg,339,veri,5
VeRi/image_train/0339_c010_00088150_0.jpg,339,veri,9
VeRi/image_train/0339_c010_00088155_0.jpg,339,veri,9
VeRi/image_train/0339_c010_00088160_0.jpg,339,veri,9
VeRi/image_train/0339_c010_00088165_0.jpg,339,veri,9
VeRi/image_train/0339_c010_00088170_0.jpg,339,veri,9
VeRi/image_train/0339_c010_00088175_0.jpg,339,veri,9
VeRi/image_train/0339_c011_00087915_0.jpg,339,veri,10
VeRi/image_train/0339_c011_00087925_0.jpg,339,veri,10
VeRi/image_train/0339_c011_00087935_0.jpg,339,veri,10
VeRi/image_train/0339_c011_00087945_0.jpg,339,veri,10
VeRi/image_train/0339_c011_00087955_0.jpg,339,veri,10
VeRi/image_train/0339_c011_00087965_0.jpg,339,veri,10
VeRi/image_train/0339_c012_00083420_0.jpg,339,veri,11
VeRi/image_train/0339_c012_00083440_0.jpg,339,veri,11
VeRi/image_train/0339_c012_00083450_0.jpg,339,veri,11
VeRi/image_train/0339_c012_00083460_0.jpg,339,veri,11
VeRi/image_train/0339_c012_00083465_0.jpg,339,veri,11
VeRi/image_train/0339_c012_00083475_0.jpg,339,veri,11
VeRi/image_train/0339_c013_00083545_0.jpg,339,veri,12
VeRi/image_train/0339_c013_00083550_0.jpg,339,veri,12
VeRi/image_train/0339_c013_00083555_0.jpg,339,veri,12
VeRi/image_train/0339_c013_00083560_0.jpg,339,veri,12
VeRi/image_train/0339_c013_00083565_0.jpg,339,veri,12
VeRi/image_train/0339_c013_00083570_0.jpg,339,veri,12
VeRi/image_train/0339_c014_00060265_0.jpg,339,veri,13
VeRi/image_train/0339_c014_00060270_0.jpg,339,veri,13
VeRi/image_train/0339_c014_00060275_0.jpg,339,veri,13
VeRi/image_train/0339_c014_00060280_0.jpg,339,veri,13
VeRi/image_train/0339_c014_00060285_0.jpg,339,veri,13
VeRi/image_train/0339_c014_00060290_0.jpg,339,veri,13
VeRi/image_train/0339_c015_00060280_1.jpg,339,veri,14
VeRi/image_train/0339_c015_00060285_0.jpg,339,veri,14
VeRi/image_train/0339_c015_00060290_0.jpg,339,veri,14
VeRi/image_train/0339_c015_00060295_0.jpg,339,veri,14
VeRi/image_train/0339_c015_00060300_0.jpg,339,veri,14
VeRi/image_train/0339_c015_00060305_0.jpg,339,veri,14
VeRi/image_train/0339_c016_00060040_0.jpg,339,veri,15
VeRi/image_train/0339_c016_00060045_0.jpg,339,veri,15
VeRi/image_train/0339_c016_00060050_0.jpg,339,veri,15
VeRi/image_train/0339_c016_00060055_0.jpg,339,veri,15
VeRi/image_train/0339_c016_00060060_0.jpg,339,veri,15
VeRi/image_train/0339_c016_00060065_0.jpg,339,veri,15
VeRi/image_train/0339_c017_00082720_0.jpg,339,veri,16
VeRi/image_train/0339_c017_00082725_0.jpg,339,veri,16
VeRi/image_train/0339_c017_00082735_0.jpg,339,veri,16
VeRi/image_train/0339_c017_00082745_0.jpg,339,veri,16
VeRi/image_train/0339_c017_00082750_0.jpg,339,veri,16
VeRi/image_train/0339_c017_00082755_0.jpg,339,veri,16
VeRi/image_train/0339_c019_00061045_0.jpg,339,veri,18
VeRi/image_train/0339_c019_00061050_0.jpg,339,veri,18
VeRi/image_train/0339_c019_00061055_0.jpg,339,veri,18
VeRi/image_train/0339_c019_00061080_0.jpg,339,veri,18
VeRi/image_train/0339_c019_00061095_0.jpg,339,veri,18
VeRi/image_train/0339_c019_00061100_0.jpg,339,veri,18
VeRi/image_train/0342_c002_00009160_0.jpg,342,veri,1
VeRi/image_train/0342_c002_00009170_1.jpg,342,veri,1
VeRi/image_train/0342_c002_00009180_1.jpg,342,veri,1
VeRi/image_train/0342_c002_00009205_0.jpg,342,veri,1
VeRi/image_train/0342_c002_00009220_1.jpg,342,veri,1
VeRi/image_train/0342_c003_00011240_0.jpg,342,veri,2
VeRi/image_train/0342_c003_00011250_0.jpg,342,veri,2
VeRi/image_train/0342_c003_00011270_1.jpg,342,veri,2
VeRi/image_train/0342_c003_00011285_0.jpg,342,veri,2
VeRi/image_train/0342_c003_00011290_0.jpg,342,veri,2
VeRi/image_train/0342_c003_00011330_0.jpg,342,veri,2
VeRi/image_train/0342_c004_00011145_0.jpg,342,veri,3
VeRi/image_train/0342_c004_00011175_1.jpg,342,veri,3
VeRi/image_train/0342_c004_00011185_1.jpg,342,veri,3
VeRi/image_train/0342_c004_00011195_0.jpg,342,veri,3
VeRi/image_train/0342_c004_00011205_0.jpg,342,veri,3
VeRi/image_train/0342_c004_00011230_0.jpg,342,veri,3
VeRi/image_train/0342_c006_00010370_2.jpg,342,veri,5
VeRi/image_train/0342_c006_00010385_2.jpg,342,veri,5
VeRi/image_train/0342_c006_00010400_2.jpg,342,veri,5
VeRi/image_train/0342_c006_00010420_1.jpg,342,veri,5
VeRi/image_train/0342_c006_00010440_0.jpg,342,veri,5
VeRi/image_train/0342_c006_00010455_0.jpg,342,veri,5
VeRi/image_train/0342_c010_00010535_0.jpg,342,veri,9
VeRi/image_train/0342_c010_00010545_0.jpg,342,veri,9
VeRi/image_train/0342_c010_00010550_0.jpg,342,veri,9
VeRi/image_train/0342_c010_00010555_0.jpg,342,veri,9
VeRi/image_train/0342_c010_00010560_0.jpg,342,veri,9
VeRi/image_train/0342_c011_00010330_1.jpg,342,veri,10
VeRi/image_train/0342_c011_00010340_0.jpg,342,veri,10
VeRi/image_train/0342_c011_00010350_0.jpg,342,veri,10
VeRi/image_train/0342_c011_00010360_0.jpg,342,veri,10
VeRi/image_train/0342_c011_00010370_0.jpg,342,veri,10
VeRi/image_train/0342_c011_00010375_0.jpg,342,veri,10
VeRi/image_train/0346_c014_00061375_0.jpg,346,veri,13
VeRi/image_train/0346_c014_00061380_0.jpg,346,veri,13
VeRi/image_train/0346_c014_00061385_0.jpg,346,veri,13
VeRi/image_train/0346_c014_00061390_0.jpg,346,veri,13
VeRi/image_train/0346_c014_00061395_0.jpg,346,veri,13
VeRi/image_train/0346_c014_00061400_0.jpg,346,veri,13
VeRi/image_train/0346_c015_00061195_0.jpg,346,veri,14
VeRi/image_train/0346_c015_00061200_0.jpg,346,veri,14
VeRi/image_train/0346_c015_00061205_0.jpg,346,veri,14
VeRi/image_train/0346_c015_00061210_0.jpg,346,veri,14
VeRi/image_train/0346_c015_00061215_0.jpg,346,veri,14
VeRi/image_train/0346_c015_00061220_0.jpg,346,veri,14
VeRi/image_train/0346_c016_00061615_0.jpg,346,veri,15
VeRi/image_train/0346_c016_00061620_0.jpg,346,veri,15
VeRi/image_train/0346_c016_00061625_0.jpg,346,veri,15
VeRi/image_train/0346_c016_00061630_0.jpg,346,veri,15
VeRi/image_train/0351_c001_00041145_0.jpg,351,veri,0
VeRi/image_train/0351_c001_00041160_0.jpg,351,veri,0
VeRi/image_train/0351_c001_00041175_0.jpg,351,veri,0
VeRi/image_train/0351_c001_00041190_0.jpg,351,veri,0
VeRi/image_train/0351_c001_00041205_0.jpg,351,veri,0
VeRi/image_train/0351_c001_00041220_0.jpg,351,veri,0
VeRi/image_train/0351_c002_00071225_0.jpg,351,veri,1
VeRi/image_train/0351_c002_00071235_0.jpg,351,veri,1
VeRi/image_train/0351_c002_00071245_0.jpg,351,veri,1
VeRi/image_train/0351_c002_00071255_0.jpg,351,veri,1
VeRi/image_train/0351_c002_00071265_0.jpg,351,veri,1
VeRi/image_train/0351_c002_00071280_0.jpg,351,veri,1
VeRi/image_train/0351_c003_00073040_0.jpg,351,veri,2
VeRi/image_train/0351_c003_00073045_0.jpg,351,veri,2
VeRi/image_train/0351_c003_00073050_0.jpg,351,veri,2
VeRi/image_train/0351_c003_00073055_0.jpg,351,veri,2
VeRi/image_train/0351_c003_00073065_0.jpg,351,veri,2
VeRi/image_train/0351_c003_00073080_1.jpg,351,veri,2
VeRi/image_train/0351_c004_00072990_0.jpg,351,veri,3
VeRi/image_train/0351_c004_00072995_0.jpg,351,veri,3
VeRi/image_train/0351_c004_00073000_0.jpg,351,veri,3
VeRi/image_train/0351_c004_00073005_0.jpg,351,veri,3
VeRi/image_train/0351_c004_00073010_0.jpg,351,veri,3
VeRi/image_train/0351_c004_00073015_0.jpg,351,veri,3
VeRi/image_train/0351_c005_00073790_0.jpg,351,veri,4
VeRi/image_train/0351_c005_00073805_0.jpg,351,veri,4
VeRi/image_train/0351_c005_00073820_0.jpg,351,veri,4
VeRi/image_train/0351_c005_00073835_0.jpg,351,veri,4
VeRi/image_train/0351_c005_00073850_0.jpg,351,veri,4
VeRi/image_train/0351_c005_00073875_0.jpg,351,veri,4
VeRi/image_train/0351_c006_00072195_0.jpg,351,veri,5
VeRi/image_train/0351_c006_00072215_0.jpg,351,veri,5
VeRi/image_train/0351_c006_00072230_0.jpg,351,veri,5
VeRi/image_train/0351_c006_00072245_0.jpg,351,veri,5
VeRi/image_train/0351_c006_00072260_0.jpg,351,veri,5
VeRi/image_train/0351_c006_00072285_0.jpg,351,veri,5
VeRi/image_train/0351_c008_00073230_0.jpg,351,veri,7
VeRi/image_train/0351_c008_00073235_0.jpg,351,veri,7
VeRi/image_train/0351_c008_00073240_0.jpg,351,veri,7
VeRi/image_train/0351_c008_00073245_0.jpg,351,veri,7
VeRi/image_train/0351_c008_00073250_0.jpg,351,veri,7
VeRi/image_train/0351_c008_00073255_0.jpg,351,veri,7
VeRi/image_train/0351_c009_00073180_0.jpg,351,veri,8
VeRi/image_train/0351_c009_00073185_0.jpg,351,veri,8
VeRi/image_train/0351_c009_00073190_0.jpg,351,veri,8
VeRi/image_train/0351_c009_00073195_0.jpg,351,veri,8
VeRi/image_train/0351_c009_00073200_0.jpg,351,veri,8
VeRi/image_train/0351_c009_00073205_0.jpg,351,veri,8
VeRi/image_train/0351_c010_00072465_0.jpg,351,veri,9
VeRi/image_train/0351_c010_00072470_0.jpg,351,veri,9
VeRi/image_train/0351_c010_00072475_0.jpg,351,veri,9
VeRi/image_train/0351_c010_00072480_0.jpg,351,veri,9
VeRi/image_train/0351_c010_00072485_0.jpg,351,veri,9
VeRi/image_train/0351_c010_00072490_0.jpg,351,veri,9
VeRi/image_train/0351_c011_00072185_0.jpg,351,veri,10
VeRi/image_train/0351_c011_00072220_0.jpg,351,veri,10
VeRi/image_train/0351_c011_00072230_0.jpg,351,veri,10
VeRi/image_train/0351_c011_00072245_0.jpg,351,veri,10
VeRi/image_train/0351_c011_00072260_0.jpg,351,veri,10
VeRi/image_train/0351_c011_00072270_0.jpg,351,veri,10
VeRi/image_train/0351_c012_00033545_0.jpg,351,veri,11
VeRi/image_train/0351_c012_00033550_0.jpg,351,veri,11
VeRi/image_train/0351_c012_00033560_0.jpg,351,veri,11
VeRi/image_train/0351_c012_00033570_0.jpg,351,veri,11
VeRi/image_train/0351_c012_00033585_0.jpg,351,veri,11
VeRi/image_train/0351_c012_00033595_0.jpg,351,veri,11
VeRi/image_train/0351_c014_00031780_0.jpg,351,veri,13
VeRi/image_train/0351_c014_00031785_0.jpg,351,veri,13
VeRi/image_train/0351_c014_00031790_0.jpg,351,veri,13
VeRi/image_train/0351_c015_00031765_0.jpg,351,veri,14
VeRi/image_train/0351_c015_00031770_0.jpg,351,veri,14
VeRi/image_train/0351_c015_00031775_0.jpg,351,veri,14
VeRi/image_train/0351_c015_00031780_0.jpg,351,veri,14
VeRi/image_train/0351_c015_00031785_0.jpg,351,veri,14
VeRi/image_train/0351_c015_00031790_0.jpg,351,veri,14
VeRi/image_train/0351_c017_00032715_1.jpg,351,veri,16
VeRi/image_train/0351_c017_00032725_1.jpg,351,veri,16
VeRi/image_train/0351_c017_00032740_1.jpg,351,veri,16
VeRi/image_train/0351_c017_00032760_0.jpg,351,veri,16
VeRi/image_train/0351_c017_00032780_0.jpg,351,veri,16
VeRi/image_train/0351_c017_00032800_1.jpg,351,veri,16
VeRi/image_train/0351_c019_00032495_0.jpg,351,veri,18
VeRi/image_train/0351_c019_00032500_0.jpg,351,veri,18
VeRi/image_train/0351_c019_00032505_0.jpg,351,veri,18
VeRi/image_train/0351_c019_00032510_0.jpg,351,veri,18
VeRi/image_train/0351_c019_00032515_0.jpg,351,veri,18
VeRi/image_train/0351_c019_00032520_0.jpg,351,veri,18
VeRi/image_train/0036_c001_00030885_0.jpg,36,veri,0
VeRi/image_train/0036_c001_00030895_0.jpg,36,veri,0
VeRi/image_train/0036_c001_00030905_0.jpg,36,veri,0
VeRi/image_train/0036_c001_00030915_0.jpg,36,veri,0
VeRi/image_train/0036_c001_00030925_0.jpg,36,veri,0
VeRi/image_train/0036_c002_00031375_0.jpg,36,veri,1
VeRi/image_train/0036_c002_00031385_0.jpg,36,veri,1
VeRi/image_train/0036_c002_00031395_0.jpg,36,veri,1
VeRi/image_train/0036_c002_00031405_0.jpg,36,veri,1
VeRi/image_train/0036_c002_00031430_0.jpg,36,veri,1
VeRi/image_train/0036_c002_00031450_0.jpg,36,veri,1
VeRi/image_train/0036_c012_00030490_0.jpg,36,veri,11
VeRi/image_train/0036_c012_00030495_0.jpg,36,veri,11
VeRi/image_train/0036_c012_00030500_0.jpg,36,veri,11
VeRi/image_train/0036_c012_00030505_0.jpg,36,veri,11
VeRi/image_train/0036_c012_00030510_0.jpg,36,veri,11
VeRi/image_train/0036_c012_00030515_0.jpg,36,veri,11
VeRi/image_train/0036_c013_00030575_0.jpg,36,veri,12
VeRi/image_train/0036_c013_00030580_0.jpg,36,veri,12
VeRi/image_train/0036_c013_00030595_0.jpg,36,veri,12
VeRi/image_train/0036_c013_00030605_0.jpg,36,veri,12
VeRi/image_train/0036_c013_00030615_0.jpg,36,veri,12
VeRi/image_train/0036_c013_00030625_0.jpg,36,veri,12
VeRi/image_train/0036_c014_00028975_2.jpg,36,veri,13
VeRi/image_train/0036_c014_00028980_2.jpg,36,veri,13
VeRi/image_train/0036_c014_00029005_1.jpg,36,veri,13
VeRi/image_train/0036_c014_00029035_0.jpg,36,veri,13
VeRi/image_train/0036_c014_00029040_0.jpg,36,veri,13
VeRi/image_train/0036_c014_00029045_0.jpg,36,veri,13
VeRi/image_train/0036_c015_00029045_0.jpg,36,veri,14
VeRi/image_train/0036_c015_00029050_0.jpg,36,veri,14
VeRi/image_train/0036_c015_00029055_0.jpg,36,veri,14
VeRi/image_train/0036_c015_00029060_0.jpg,36,veri,14
VeRi/image_train/0036_c015_00029065_0.jpg,36,veri,14
VeRi/image_train/0036_c015_00029070_0.jpg,36,veri,14
VeRi/image_train/0036_c016_00028780_0.jpg,36,veri,15
VeRi/image_train/0036_c016_00028785_0.jpg,36,veri,15
VeRi/image_train/0036_c016_00028790_0.jpg,36,veri,15
VeRi/image_train/0036_c016_00028795_0.jpg,36,veri,15
VeRi/image_train/0036_c016_00028805_0.jpg,36,veri,15
VeRi/image_train/0036_c016_00028810_0.jpg,36,veri,15
VeRi/image_train/0036_c017_00029895_0.jpg,36,veri,16
VeRi/image_train/0036_c017_00029910_0.jpg,36,veri,16
VeRi/image_train/0036_c017_00029930_0.jpg,36,veri,16
VeRi/image_train/0036_c017_00029940_0.jpg,36,veri,16
VeRi/image_train/0036_c017_00029950_0.jpg,36,veri,16
VeRi/image_train/0036_c017_00029960_0.jpg,36,veri,16
VeRi/image_train/0036_c019_00029690_0.jpg,36,veri,18
VeRi/image_train/0036_c019_00029695_0.jpg,36,veri,18
VeRi/image_train/0036_c019_00029700_0.jpg,36,veri,18
VeRi/image_train/0036_c019_00029705_0.jpg,36,veri,18
VeRi/image_train/0036_c019_00029710_0.jpg,36,veri,18
VeRi/image_train/0036_c019_00029715_0.jpg,36,veri,18
VeRi/image_train/0366_c001_00076005_0.jpg,366,veri,0
VeRi/image_train/0366_c001_00076015_0.jpg,366,veri,0
VeRi/image_train/0366_c001_00076025_1.jpg,366,veri,0
VeRi/image_train/0366_c001_00076030_1.jpg,366,veri,0
VeRi/image_train/0366_c001_00076035_1.jpg,366,veri,0
VeRi/image_train/0366_c001_00076040_1.jpg,366,veri,0
VeRi/image_train/0366_c001_00085450_0.jpg,366,veri,0
VeRi/image_train/0366_c001_00085455_0.jpg,366,veri,0
VeRi/image_train/0366_c001_00085460_0.jpg,366,veri,0
VeRi/image_train/0366_c001_00085465_0.jpg,366,veri,0
VeRi/image_train/0366_c001_00085470_0.jpg,366,veri,0
VeRi/image_train/0366_c001_00085475_0.jpg,366,veri,0
VeRi/image_train/0366_c002_00076500_0.jpg,366,veri,1
VeRi/image_train/0366_c002_00076510_0.jpg,366,veri,1
VeRi/image_train/0366_c002_00076520_0.jpg,366,veri,1
VeRi/image_train/0366_c002_00076530_0.jpg,366,veri,1
VeRi/image_train/0366_c002_00076540_0.jpg,366,veri,1
VeRi/image_train/0366_c002_00076550_0.jpg,366,veri,1
VeRi/image_train/0366_c002_00083920_1.jpg,366,veri,1
VeRi/image_train/0366_c002_00083935_1.jpg,366,veri,1
VeRi/image_train/0366_c002_00083950_0.jpg,366,veri,1
VeRi/image_train/0366_c002_00083965_0.jpg,366,veri,1
VeRi/image_train/0366_c002_00083980_0.jpg,366,veri,1
VeRi/image_train/0366_c002_00083995_0.jpg,366,veri,1
VeRi/image_train/0366_c003_00079360_0.jpg,366,veri,2
VeRi/image_train/0366_c003_00079365_0.jpg,366,veri,2
VeRi/image_train/0366_c003_00079370_0.jpg,366,veri,2
VeRi/image_train/0366_c003_00079375_0.jpg,366,veri,2
VeRi/image_train/0366_c003_00079380_0.jpg,366,veri,2
VeRi/image_train/0366_c003_00079385_0.jpg,366,veri,2
VeRi/image_train/0366_c003_00081195_0.jpg,366,veri,2
VeRi/image_train/0366_c003_00081205_0.jpg,366,veri,2
VeRi/image_train/0366_c003_00081210_0.jpg,366,veri,2
VeRi/image_train/0366_c003_00081215_0.jpg,366,veri,2
VeRi/image_train/0366_c003_00081220_0.jpg,366,veri,2
VeRi/image_train/0366_c003_00081225_0.jpg,366,veri,2
VeRi/image_train/0366_c004_00079320_0.jpg,366,veri,3
VeRi/image_train/0366_c004_00079325_0.jpg,366,veri,3
VeRi/image_train/0366_c004_00079330_0.jpg,366,veri,3
VeRi/image_train/0366_c004_00079335_0.jpg,366,veri,3
VeRi/image_train/0366_c004_00079340_0.jpg,366,veri,3
VeRi/image_train/0366_c004_00079345_0.jpg,366,veri,3
VeRi/image_train/0366_c004_00081115_0.jpg,366,veri,3
VeRi/image_train/0366_c004_00081120_0.jpg,366,veri,3
VeRi/image_train/0366_c004_00081125_0.jpg,366,veri,3
VeRi/image_train/0366_c004_00081130_0.jpg,366,veri,3
VeRi/image_train/0366_c004_00081135_0.jpg,366,veri,3
VeRi/image_train/0366_c006_00078695_0.jpg,366,veri,5
VeRi/image_train/0366_c006_00078730_0.jpg,366,veri,5
VeRi/image_train/0366_c006_00078750_0.jpg,366,veri,5
VeRi/image_train/0366_c006_00078770_0.jpg,366,veri,5
VeRi/image_train/0366_c006_00078800_0.jpg,366,veri,5
VeRi/image_train/0366_c006_00081660_0.jpg,366,veri,5
VeRi/image_train/0366_c006_00081680_0.jpg,366,veri,5
VeRi/image_train/0366_c006_00081690_0.jpg,366,veri,5
VeRi/image_train/0366_c006_00081700_0.jpg,366,veri,5
VeRi/image_train/0366_c006_00081715_0.jpg,366,veri,5
VeRi/image_train/0366_c006_00081735_0.jpg,366,veri,5
VeRi/image_train/0366_c008_00079525_0.jpg,366,veri,7
VeRi/image_train/0366_c008_00079530_0.jpg,366,veri,7
VeRi/image_train/0366_c008_00079535_0.jpg,366,veri,7
VeRi/image_train/0366_c008_00079540_0.jpg,366,veri,7
VeRi/image_train/0366_c008_00079545_0.jpg,366,veri,7
VeRi/image_train/0366_c008_00080980_0.jpg,366,veri,7
VeRi/image_train/0366_c008_00080985_0.jpg,366,veri,7
VeRi/image_train/0366_c008_00080990_0.jpg,366,veri,7
VeRi/image_train/0366_c008_00080995_0.jpg,366,veri,7
VeRi/image_train/0366_c008_00081000_0.jpg,366,veri,7
VeRi/image_train/0366_c008_00081005_0.jpg,366,veri,7
VeRi/image_train/0366_c009_00079505_0.jpg,366,veri,8
VeRi/image_train/0366_c009_00079510_0.jpg,366,veri,8
VeRi/image_train/0366_c009_00079515_0.jpg,366,veri,8
VeRi/image_train/0366_c009_00079520_0.jpg,366,veri,8
VeRi/image_train/0366_c009_00079525_0.jpg,366,veri,8
VeRi/image_train/0366_c009_00079530_0.jpg,366,veri,8
VeRi/image_train/0366_c009_00081080_0.jpg,366,veri,8
VeRi/image_train/0366_c009_00081085_0.jpg,366,veri,8
VeRi/image_train/0366_c009_00081090_0.jpg,366,veri,8
VeRi/image_train/0366_c009_00081095_0.jpg,366,veri,8
VeRi/image_train/0366_c009_00081100_0.jpg,366,veri,8
VeRi/image_train/0366_c009_00081105_0.jpg,366,veri,8
VeRi/image_train/0366_c010_00078930_0.jpg,366,veri,9
VeRi/image_train/0366_c010_00078935_0.jpg,366,veri,9
VeRi/image_train/0366_c010_00078940_0.jpg,366,veri,9
VeRi/image_train/0366_c010_00078950_0.jpg,366,veri,9
VeRi/image_train/0366_c010_00078955_0.jpg,366,veri,9
VeRi/image_train/0366_c010_00078960_0.jpg,366,veri,9
VeRi/image_train/0366_c010_00081675_0.jpg,366,veri,9
VeRi/image_train/0366_c010_00081680_0.jpg,366,veri,9
VeRi/image_train/0366_c010_00081685_0.jpg,366,veri,9
VeRi/image_train/0366_c010_00081690_0.jpg,366,veri,9
VeRi/image_train/0366_c010_00081695_0.jpg,366,veri,9
VeRi/image_train/0366_c011_00078750_0.jpg,366,veri,10
VeRi/image_train/0366_c011_00078760_0.jpg,366,veri,10
VeRi/image_train/0366_c011_00078770_0.jpg,366,veri,10
VeRi/image_train/0366_c011_00078780_0.jpg,366,veri,10
VeRi/image_train/0366_c011_00078790_0.jpg,366,veri,10
VeRi/image_train/0366_c011_00078800_0.jpg,366,veri,10
VeRi/image_train/0366_c011_00081690_0.jpg,366,veri,10
VeRi/image_train/0366_c011_00081695_0.jpg,366,veri,10
VeRi/image_train/0366_c011_00081705_0.jpg,366,veri,10
VeRi/image_train/0366_c011_00081710_0.jpg,366,veri,10
VeRi/image_train/0366_c011_00081715_0.jpg,366,veri,10
VeRi/image_train/0366_c011_00081725_0.jpg,366,veri,10
VeRi/image_train/0366_c012_00074840_0.jpg,366,veri,11
VeRi/image_train/0366_c012_00074850_0.jpg,366,veri,11
VeRi/image_train/0366_c012_00074890_1.jpg,366,veri,11
VeRi/image_train/0366_c012_00074900_1.jpg,366,veri,11
VeRi/image_train/0366_c012_00085880_0.jpg,366,veri,11
VeRi/image_train/0366_c012_00085890_0.jpg,366,veri,11
VeRi/image_train/0366_c012_00085895_0.jpg,366,veri,11
VeRi/image_train/0366_c012_00085900_0.jpg,366,veri,11
VeRi/image_train/0366_c012_00085905_0.jpg,366,veri,11
VeRi/image_train/0366_c012_00085910_0.jpg,366,veri,11
VeRi/image_train/0366_c013_00074955_1.jpg,366,veri,12
VeRi/image_train/0366_c013_00074965_1.jpg,366,veri,12
VeRi/image_train/0366_c013_00074970_1.jpg,366,veri,12
VeRi/image_train/0366_c013_00074985_1.jpg,366,veri,12
VeRi/image_train/0366_c013_00074990_1.jpg,366,veri,12
VeRi/image_train/0366_c013_00075000_0.jpg,366,veri,12
VeRi/image_train/0366_c013_00085790_0.jpg,366,veri,12
VeRi/image_train/0366_c013_00085795_0.jpg,366,veri,12
VeRi/image_train/0366_c013_00085800_0.jpg,366,veri,12
VeRi/image_train/0366_c013_00085805_0.jpg,366,veri,12
VeRi/image_train/0366_c013_00085810_0.jpg,366,veri,12
VeRi/image_train/0366_c013_00085815_0.jpg,366,veri,12
VeRi/image_train/0366_c014_00087580_0.jpg,366,veri,13
VeRi/image_train/0366_c014_00087585_0.jpg,366,veri,13
VeRi/image_train/0366_c014_00087590_0.jpg,366,veri,13
VeRi/image_train/0366_c014_00087595_0.jpg,366,veri,13
VeRi/image_train/0366_c014_00087600_0.jpg,366,veri,13
VeRi/image_train/0366_c014_00087605_0.jpg,366,veri,13
VeRi/image_train/0366_c015_00087360_0.jpg,366,veri,14
VeRi/image_train/0366_c015_00087365_0.jpg,366,veri,14
VeRi/image_train/0366_c015_00087370_0.jpg,366,veri,14
VeRi/image_train/0366_c015_00087375_0.jpg,366,veri,14
VeRi/image_train/0366_c015_00087390_0.jpg,366,veri,14
VeRi/image_train/0366_c015_00087395_0.jpg,366,veri,14
VeRi/image_train/0366_c016_00089245_0.jpg,366,veri,15
VeRi/image_train/0366_c016_00089250_0.jpg,366,veri,15
VeRi/image_train/0366_c016_00089255_0.jpg,366,veri,15
VeRi/image_train/0366_c016_00089260_0.jpg,366,veri,15
VeRi/image_train/0366_c016_00089265_0.jpg,366,veri,15
VeRi/image_train/0366_c017_00074305_0.jpg,366,veri,16
VeRi/image_train/0366_c017_00074315_0.jpg,366,veri,16
VeRi/image_train/0366_c017_00074325_0.jpg,366,veri,16
VeRi/image_train/0366_c017_00074335_0.jpg,366,veri,16
VeRi/image_train/0366_c017_00074345_0.jpg,366,veri,16
VeRi/image_train/0366_c017_00074350_0.jpg,366,veri,16
VeRi/image_train/0366_c017_00086315_0.jpg,366,veri,16
VeRi/image_train/0366_c017_00086320_0.jpg,366,veri,16
VeRi/image_train/0366_c017_00086325_0.jpg,366,veri,16
VeRi/image_train/0366_c017_00086330_0.jpg,366,veri,16
VeRi/image_train/0366_c017_00086335_0.jpg,366,veri,16
VeRi/image_train/0366_c017_00086340_0.jpg,366,veri,16
VeRi/image_train/0366_c019_00073985_0.jpg,366,veri,18
VeRi/image_train/0366_c019_00073990_0.jpg,366,veri,18
VeRi/image_train/0366_c019_00073995_0.jpg,366,veri,18
VeRi/image_train/0366_c019_00074010_0.jpg,366,veri,18
VeRi/image_train/0366_c019_00074085_0.jpg,366,veri,18
VeRi/image_train/0366_c019_00074095_0.jpg,366,veri,18
VeRi/image_train/0370_c003_00064460_1.jpg,370,veri,2
VeRi/image_train/0370_c003_00064470_0.jpg,370,veri,2
VeRi/image_train/0370_c003_00064475_0.jpg,370,veri,2
VeRi/image_train/0370_c003_00064480_0.jpg,370,veri,2
VeRi/image_train/0370_c003_00064485_0.jpg,370,veri,2
VeRi/image_train/0370_c003_00064490_0.jpg,370,veri,2
VeRi/image_train/0370_c004_00064400_0.jpg,370,veri,3
VeRi/image_train/0370_c004_00064405_0.jpg,370,veri,3
VeRi/image_train/0370_c004_00064410_0.jpg,370,veri,3
VeRi/image_train/0370_c004_00064425_0.jpg,370,veri,3
VeRi/image_train/0370_c004_00064430_0.jpg,370,veri,3
VeRi/image_train/0370_c004_00064435_0.jpg,370,veri,3
VeRi/image_train/0370_c005_00065130_0.jpg,370,veri,4
VeRi/image_train/0370_c005_00065140_0.jpg,370,veri,4
VeRi/image_train/0370_c005_00065150_0.jpg,370,veri,4
VeRi/image_train/0370_c005_00065170_0.jpg,370,veri,4
VeRi/image_train/0370_c005_00065190_0.jpg,370,veri,4
VeRi/image_train/0370_c005_00065205_0.jpg,370,veri,4
VeRi/image_train/0370_c006_00063770_0.jpg,370,veri,5
VeRi/image_train/0370_c006_00063785_1.jpg,370,veri,5
VeRi/image_train/0370_c006_00063800_0.jpg,370,veri,5
VeRi/image_train/0370_c006_00063815_0.jpg,370,veri,5
VeRi/image_train/0370_c006_00063835_0.jpg,370,veri,5
VeRi/image_train/0370_c006_00063845_0.jpg,370,veri,5
VeRi/image_train/0370_c007_00065235_0.jpg,370,veri,6
VeRi/image_train/0370_c007_00065240_0.jpg,370,veri,6
VeRi/image_train/0370_c007_00065250_0.jpg,370,veri,6
VeRi/image_train/0370_c007_00065255_0.jpg,370,veri,6
VeRi/image_train/0370_c007_00065260_0.jpg,370,veri,6
VeRi/image_train/0370_c007_00065265_0.jpg,370,veri,6
VeRi/image_train/0370_c008_00064680_0.jpg,370,veri,7
VeRi/image_train/0370_c008_00064685_0.jpg,370,veri,7
VeRi/image_train/0370_c008_00064690_0.jpg,370,veri,7
VeRi/image_train/0370_c008_00064695_0.jpg,370,veri,7
VeRi/image_train/0370_c008_00064700_0.jpg,370,veri,7
VeRi/image_train/0370_c008_00064705_0.jpg,370,veri,7
VeRi/image_train/0370_c009_00064615_0.jpg,370,veri,8
VeRi/image_train/0370_c009_00064620_0.jpg,370,veri,8
VeRi/image_train/0370_c009_00064625_0.jpg,370,veri,8
VeRi/image_train/0370_c009_00064630_0.jpg,370,veri,8
VeRi/image_train/0370_c009_00064635_0.jpg,370,veri,8
VeRi/image_train/0370_c009_00064640_0.jpg,370,veri,8
VeRi/image_train/0370_c010_00063930_0.jpg,370,veri,9
VeRi/image_train/0370_c010_00063935_0.jpg,370,veri,9
VeRi/image_train/0370_c010_00063940_0.jpg,370,veri,9
VeRi/image_train/0370_c010_00063945_0.jpg,370,veri,9
VeRi/image_train/0370_c010_00063950_0.jpg,370,veri,9
VeRi/image_train/0370_c010_00063955_0.jpg,370,veri,9
VeRi/image_train/0370_c011_00063725_0.jpg,370,veri,10
VeRi/image_train/0370_c011_00063745_0.jpg,370,veri,10
VeRi/image_train/0370_c011_00063760_0.jpg,370,veri,10
VeRi/image_train/0370_c011_00063775_0.jpg,370,veri,10
VeRi/image_train/0370_c011_00063790_0.jpg,370,veri,10
VeRi/image_train/0370_c011_00063805_0.jpg,370,veri,10
VeRi/image_train/0374_c001_00023945_0.jpg,374,veri,0
VeRi/image_train/0374_c001_00023955_0.jpg,374,veri,0
VeRi/image_train/0374_c001_00023965_0.jpg,374,veri,0
VeRi/image_train/0374_c001_00023975_0.jpg,374,veri,0
VeRi/image_train/0374_c001_00023985_0.jpg,374,veri,0
VeRi/image_train/0374_c001_00045115_1.jpg,374,veri,0
VeRi/image_train/0374_c001_00045120_1.jpg,374,veri,0
VeRi/image_train/0374_c001_00045125_1.jpg,374,veri,0
VeRi/image_train/0374_c001_00045135_1.jpg,374,veri,0
VeRi/image_train/0374_c001_00045140_0.jpg,374,veri,0
VeRi/image_train/0374_c001_00045145_0.jpg,374,veri,0
VeRi/image_train/0374_c002_00024445_0.jpg,374,veri,1
VeRi/image_train/0374_c002_00024455_1.jpg,374,veri,1
VeRi/image_train/0374_c002_00024465_0.jpg,374,veri,1
VeRi/image_train/0374_c002_00024475_0.jpg,374,veri,1
VeRi/image_train/0374_c002_00024485_0.jpg,374,veri,1
VeRi/image_train/0374_c002_00024515_0.jpg,374,veri,1
VeRi/image_train/0374_c002_00040865_0.jpg,374,veri,1
VeRi/image_train/0374_c002_00040885_0.jpg,374,veri,1
VeRi/image_train/0374_c002_00040895_1.jpg,374,veri,1
VeRi/image_train/0374_c002_00040905_1.jpg,374,veri,1
VeRi/image_train/0374_c002_00040935_1.jpg,374,veri,1
VeRi/image_train/0374_c002_00040960_1.jpg,374,veri,1
VeRi/image_train/0374_c003_00027380_0.jpg,374,veri,2
VeRi/image_train/0374_c003_00027390_0.jpg,374,veri,2
VeRi/image_train/0374_c003_00027400_0.jpg,374,veri,2
VeRi/image_train/0374_c003_00027410_0.jpg,374,veri,2
VeRi/image_train/0374_c003_00027420_0.jpg,374,veri,2
VeRi/image_train/0374_c003_00027430_0.jpg,374,veri,2
VeRi/image_train/0374_c003_00038950_1.jpg,374,veri,2
VeRi/image_train/0374_c003_00038955_0.jpg,374,veri,2
VeRi/image_train/0374_c003_00038960_0.jpg,374,veri,2
VeRi/image_train/0374_c003_00038965_0.jpg,374,veri,2
VeRi/image_train/0374_c003_00038970_0.jpg,374,veri,2
VeRi/image_train/0374_c003_00038975_0.jpg,374,veri,2
VeRi/image_train/0374_c004_00027315_1.jpg,374,veri,3
VeRi/image_train/0374_c004_00027330_1.jpg,374,veri,3
VeRi/image_train/0374_c004_00027345_1.jpg,374,veri,3
VeRi/image_train/0374_c004_00027360_1.jpg,374,veri,3
VeRi/image_train/0374_c004_00027400_0.jpg,374,veri,3
VeRi/image_train/0374_c004_00038860_1.jpg,374,veri,3
VeRi/image_train/0374_c004_00038865_0.jpg,374,veri,3
VeRi/image_train/0374_c004_00038870_0.jpg,374,veri,3
VeRi/image_train/0374_c004_00038875_0.jpg,374,veri,3
VeRi/image_train/0374_c004_00038880_0.jpg,374,veri,3
VeRi/image_train/0374_c004_00038885_0.jpg,374,veri,3
VeRi/image_train/0374_c005_00010745_0.jpg,374,veri,4
VeRi/image_train/0374_c005_00010760_0.jpg,374,veri,4
VeRi/image_train/0374_c005_00010775_0.jpg,374,veri,4
VeRi/image_train/0374_c005_00010790_0.jpg,374,veri,4
VeRi/image_train/0374_c005_00010805_0.jpg,374,veri,4
VeRi/image_train/0374_c005_00010820_0.jpg,374,veri,4
VeRi/image_train/0374_c006_00026490_0.jpg,374,veri,5
VeRi/image_train/0374_c006_00026515_0.jpg,374,veri,5
VeRi/image_train/0374_c006_00026550_0.jpg,374,veri,5
VeRi/image_train/0374_c006_00026570_0.jpg,374,veri,5
VeRi/image_train/0374_c006_00026585_0.jpg,374,veri,5
VeRi/image_train/0374_c006_00026595_0.jpg,374,veri,5
VeRi/image_train/0374_c006_00039405_1.jpg,374,veri,5
VeRi/image_train/0374_c006_00039415_0.jpg,374,veri,5
VeRi/image_train/0374_c006_00039425_0.jpg,374,veri,5
VeRi/image_train/0374_c006_00039440_0.jpg,374,veri,5
VeRi/image_train/0374_c006_00039455_0.jpg,374,veri,5
VeRi/image_train/0374_c006_00039475_0.jpg,374,veri,5
VeRi/image_train/0374_c007_00010800_0.jpg,374,veri,6
VeRi/image_train/0374_c007_00010810_0.jpg,374,veri,6
VeRi/image_train/0374_c007_00010815_0.jpg,374,veri,6
VeRi/image_train/0374_c007_00010825_0.jpg,374,veri,6
VeRi/image_train/0374_c008_00027710_0.jpg,374,veri,7
VeRi/image_train/0374_c008_00027715_0.jpg,374,veri,7
VeRi/image_train/0374_c008_00027720_0.jpg,374,veri,7
VeRi/image_train/0374_c008_00027730_0.jpg,374,veri,7
VeRi/image_train/0374_c008_00038730_0.jpg,374,veri,7
VeRi/image_train/0374_c008_00038740_0.jpg,374,veri,7
VeRi/image_train/0374_c008_00038750_0.jpg,374,veri,7
VeRi/image_train/0374_c008_00038760_0.jpg,374,veri,7
VeRi/image_train/0374_c008_00038765_0.jpg,374,veri,7
VeRi/image_train/0374_c009_00027590_0.jpg,374,veri,8
VeRi/image_train/0374_c009_00027595_0.jpg,374,veri,8
VeRi/image_train/0374_c009_00027600_0.jpg,374,veri,8
VeRi/image_train/0374_c009_00027605_0.jpg,374,veri,8
VeRi/image_train/0374_c009_00027610_0.jpg,374,veri,8
VeRi/image_train/0374_c009_00038805_0.jpg,374,veri,8
VeRi/image_train/0374_c009_00038810_0.jpg,374,veri,8
VeRi/image_train/0374_c009_00038815_0.jpg,374,veri,8
VeRi/image_train/0374_c009_00038820_0.jpg,374,veri,8
VeRi/image_train/0374_c009_00038825_0.jpg,374,veri,8
VeRi/image_train/0374_c009_00038830_0.jpg,374,veri,8
VeRi/image_train/0374_c010_00026690_0.jpg,374,veri,9
VeRi/image_train/0374_c010_00026695_0.jpg,374,veri,9
VeRi/image_train/0374_c010_00026700_0.jpg,374,veri,9
VeRi/image_train/0374_c010_00026705_0.jpg,374,veri,9
VeRi/image_train/0374_c010_00026710_0.jpg,374,veri,9
VeRi/image_train/0374_c010_00026715_0.jpg,374,veri,9
VeRi/image_train/0374_c010_00039370_0.jpg,374,veri,9
VeRi/image_train/0374_c010_00039375_0.jpg,374,veri,9
VeRi/image_train/0374_c010_00039380_0.jpg,374,veri,9
VeRi/image_train/0374_c010_00039385_0.jpg,374,veri,9
VeRi/image_train/0374_c010_00039390_0.jpg,374,veri,9
VeRi/image_train/0374_c010_00039395_0.jpg,374,veri,9
VeRi/image_train/0374_c011_00026485_0.jpg,374,veri,10
VeRi/image_train/0374_c011_00026495_0.jpg,374,veri,10
VeRi/image_train/0374_c011_00026505_0.jpg,374,veri,10
VeRi/image_train/0374_c011_00026515_0.jpg,374,veri,10
VeRi/image_train/0374_c011_00026525_0.jpg,374,veri,10
VeRi/image_train/0374_c011_00026535_0.jpg,374,veri,10
VeRi/image_train/0374_c011_00039345_1.jpg,374,veri,10
VeRi/image_train/0374_c011_00039355_0.jpg,374,veri,10
VeRi/image_train/0374_c011_00039365_0.jpg,374,veri,10
VeRi/image_train/0374_c011_00039380_0.jpg,374,veri,10
VeRi/image_train/0374_c011_00039405_0.jpg,374,veri,10
VeRi/image_train/0374_c011_00039460_0.jpg,374,veri,10
VeRi/image_train/0374_c012_00023455_0.jpg,374,veri,11
VeRi/image_train/0374_c012_00023465_0.jpg,374,veri,11
VeRi/image_train/0374_c012_00023475_0.jpg,374,veri,11
VeRi/image_train/0374_c012_00023480_0.jpg,374,veri,11
VeRi/image_train/0374_c012_00023485_0.jpg,374,veri,11
VeRi/image_train/0374_c012_00023490_0.jpg,374,veri,11
VeRi/image_train/0374_c012_00045475_0.jpg,374,veri,11
VeRi/image_train/0374_c012_00045480_0.jpg,374,veri,11
VeRi/image_train/0374_c012_00045485_0.jpg,374,veri,11
VeRi/image_train/0374_c012_00045490_0.jpg,374,veri,11
VeRi/image_train/0374_c012_00045495_0.jpg,374,veri,11
VeRi/image_train/0374_c012_00045500_0.jpg,374,veri,11
VeRi/image_train/0374_c013_00023530_0.jpg,374,veri,12
VeRi/image_train/0374_c013_00023540_0.jpg,374,veri,12
VeRi/image_train/0374_c013_00023560_0.jpg,374,veri,12
VeRi/image_train/0374_c013_00023570_0.jpg,374,veri,12
VeRi/image_train/0374_c013_00023580_0.jpg,374,veri,12
VeRi/image_train/0374_c013_00045365_0.jpg,374,veri,12
VeRi/image_train/0374_c013_00045370_0.jpg,374,veri,12
VeRi/image_train/0374_c013_00045375_0.jpg,374,veri,12
VeRi/image_train/0374_c013_00045380_0.jpg,374,veri,12
VeRi/image_train/0374_c013_00045385_0.jpg,374,veri,12
VeRi/image_train/0374_c013_00045390_0.jpg,374,veri,12
VeRi/image_train/0374_c014_00014550_0.jpg,374,veri,13
VeRi/image_train/0374_c014_00014555_0.jpg,374,veri,13
VeRi/image_train/0374_c014_00014565_0.jpg,374,veri,13
VeRi/image_train/0374_c014_00014575_0.jpg,374,veri,13
VeRi/image_train/0374_c014_00014595_0.jpg,374,veri,13
VeRi/image_train/0374_c014_00014640_0.jpg,374,veri,13
VeRi/image_train/0374_c016_00014260_0.jpg,374,veri,15
VeRi/image_train/0374_c016_00014265_0.jpg,374,veri,15
VeRi/image_train/0374_c016_00014270_0.jpg,374,veri,15
VeRi/image_train/0374_c016_00014275_0.jpg,374,veri,15
VeRi/image_train/0374_c016_00014280_0.jpg,374,veri,15
VeRi/image_train/0374_c016_00014285_0.jpg,374,veri,15
VeRi/image_train/0374_c017_00022905_0.jpg,374,veri,16
VeRi/image_train/0374_c017_00022920_0.jpg,374,veri,16
VeRi/image_train/0374_c017_00022925_0.jpg,374,veri,16
VeRi/image_train/0374_c017_00022930_0.jpg,374,veri,16
VeRi/image_train/0374_c017_00022935_0.jpg,374,veri,16
VeRi/image_train/0374_c017_00022940_0.jpg,374,veri,16
VeRi/image_train/0374_c019_00022700_0.jpg,374,veri,18
VeRi/image_train/0374_c019_00022705_0.jpg,374,veri,18
VeRi/image_train/0374_c019_00022710_0.jpg,374,veri,18
VeRi/image_train/0374_c019_00022715_0.jpg,374,veri,18
VeRi/image_train/0374_c019_00022720_0.jpg,374,veri,18
VeRi/image_train/0374_c019_00022725_0.jpg,374,veri,18
VeRi/image_train/0375_c014_00016940_0.jpg,375,veri,13
VeRi/image_train/0375_c014_00016945_0.jpg,375,veri,13
VeRi/image_train/0375_c014_00016950_0.jpg,375,veri,13
VeRi/image_train/0375_c014_00016955_0.jpg,375,veri,13
VeRi/image_train/0375_c014_00016960_0.jpg,375,veri,13
VeRi/image_train/0375_c014_00016965_0.jpg,375,veri,13
VeRi/image_train/0375_c015_00014870_0.jpg,375,veri,14
VeRi/image_train/0375_c015_00014875_0.jpg,375,veri,14
VeRi/image_train/0375_c015_00014880_0.jpg,375,veri,14
VeRi/image_train/0375_c015_00014890_0.jpg,375,veri,14
VeRi/image_train/0375_c015_00014895_0.jpg,375,veri,14
VeRi/image_train/0375_c015_00014900_0.jpg,375,veri,14
VeRi/image_train/0375_c015_00016765_0.jpg,375,veri,14
VeRi/image_train/0375_c015_00016770_0.jpg,375,veri,14
VeRi/image_train/0375_c015_00016775_0.jpg,375,veri,14
VeRi/image_train/0375_c015_00016780_0.jpg,375,veri,14
VeRi/image_train/0375_c015_00016795_0.jpg,375,veri,14
VeRi/image_train/0375_c015_00016810_0.jpg,375,veri,14
VeRi/image_train/0375_c016_00017170_0.jpg,375,veri,15
VeRi/image_train/0375_c016_00017175_0.jpg,375,veri,15
VeRi/image_train/0375_c016_00017180_0.jpg,375,veri,15
VeRi/image_train/0375_c016_00017185_0.jpg,375,veri,15
VeRi/image_train/0375_c016_00017190_0.jpg,375,veri,15
VeRi/image_train/0375_c016_00017195_0.jpg,375,veri,15
VeRi/image_train/0375_c017_00015605_0.jpg,375,veri,16
VeRi/image_train/0375_c017_00015625_0.jpg,375,veri,16
VeRi/image_train/0375_c017_00015645_0.jpg,375,veri,16
VeRi/image_train/0375_c017_00015665_1.jpg,375,veri,16
VeRi/image_train/0375_c017_00015675_1.jpg,375,veri,16
VeRi/image_train/0375_c017_00015705_1.jpg,375,veri,16
VeRi/image_train/0375_c017_00015975_0.jpg,375,veri,16
VeRi/image_train/0375_c017_00015985_0.jpg,375,veri,16
VeRi/image_train/0375_c017_00016000_0.jpg,375,veri,16
VeRi/image_train/0375_c017_00016015_0.jpg,375,veri,16
VeRi/image_train/0375_c017_00016030_0.jpg,375,veri,16
VeRi/image_train/0375_c017_00016045_0.jpg,375,veri,16
VeRi/image_train/0375_c019_00015470_0.jpg,375,veri,18
VeRi/image_train/0375_c019_00015475_0.jpg,375,veri,18
VeRi/image_train/0375_c019_00015480_0.jpg,375,veri,18
VeRi/image_train/0375_c019_00015485_0.jpg,375,veri,18
VeRi/image_train/0375_c019_00015490_0.jpg,375,veri,18
VeRi/image_train/0375_c019_00015495_0.jpg,375,veri,18
VeRi/image_train/0375_c019_00016230_0.jpg,375,veri,18
VeRi/image_train/0375_c019_00016235_0.jpg,375,veri,18
VeRi/image_train/0375_c019_00016245_0.jpg,375,veri,18
VeRi/image_train/0375_c019_00016250_0.jpg,375,veri,18
VeRi/image_train/0375_c019_00016260_0.jpg,375,veri,18
VeRi/image_train/0375_c019_00016265_0.jpg,375,veri,18
VeRi/image_train/0383_c001_00065170_0.jpg,383,veri,0
VeRi/image_train/0383_c012_00064945_0.jpg,383,veri,11
VeRi/image_train/0383_c012_00064955_0.jpg,383,veri,11
VeRi/image_train/0383_c012_00064960_0.jpg,383,veri,11
VeRi/image_train/0383_c012_00064965_0.jpg,383,veri,11
VeRi/image_train/0383_c012_00064970_0.jpg,383,veri,11
VeRi/image_train/0383_c013_00065025_0.jpg,383,veri,12
VeRi/image_train/0383_c013_00065030_0.jpg,383,veri,12
VeRi/image_train/0383_c013_00065040_0.jpg,383,veri,12
VeRi/image_train/0383_c013_00065045_0.jpg,383,veri,12
VeRi/image_train/0383_c013_00065050_0.jpg,383,veri,12
VeRi/image_train/0383_c013_00065055_0.jpg,383,veri,12
VeRi/image_train/0383_c014_00063350_1.jpg,383,veri,13
VeRi/image_train/0383_c014_00063375_1.jpg,383,veri,13
VeRi/image_train/0383_c014_00063380_1.jpg,383,veri,13
VeRi/image_train/0383_c014_00063395_1.jpg,383,veri,13
VeRi/image_train/0383_c014_00063410_1.jpg,383,veri,13
VeRi/image_train/0383_c014_00063425_1.jpg,383,veri,13
VeRi/image_train/0383_c015_00063440_0.jpg,383,veri,14
VeRi/image_train/0383_c015_00063445_0.jpg,383,veri,14
VeRi/image_train/0383_c015_00063450_0.jpg,383,veri,14
VeRi/image_train/0383_c015_00063455_1.jpg,383,veri,14
VeRi/image_train/0383_c015_00063460_0.jpg,383,veri,14
VeRi/image_train/0383_c015_00063465_0.jpg,383,veri,14
VeRi/image_train/0383_c016_00063245_1.jpg,383,veri,15
VeRi/image_train/0383_c016_00063250_0.jpg,383,veri,15
VeRi/image_train/0383_c016_00063255_0.jpg,383,veri,15
VeRi/image_train/0383_c016_00063260_0.jpg,383,veri,15
VeRi/image_train/0383_c016_00063265_0.jpg,383,veri,15
VeRi/image_train/0383_c016_00063270_0.jpg,383,veri,15
VeRi/image_train/0383_c017_00064395_0.jpg,383,veri,16
VeRi/image_train/0383_c017_00064400_1.jpg,383,veri,16
VeRi/image_train/0383_c017_00064425_0.jpg,383,veri,16
VeRi/image_train/0383_c017_00064435_0.jpg,383,veri,16
VeRi/image_train/0383_c017_00064445_1.jpg,383,veri,16
VeRi/image_train/0383_c017_00064455_0.jpg,383,veri,16
VeRi/image_train/0383_c019_00064165_0.jpg,383,veri,18
VeRi/image_train/0383_c019_00064170_0.jpg,383,veri,18
VeRi/image_train/0383_c019_00064175_0.jpg,383,veri,18
VeRi/image_train/0383_c019_00064180_0.jpg,383,veri,18
VeRi/image_train/0383_c019_00064185_0.jpg,383,veri,18
VeRi/image_train/0383_c019_00064190_0.jpg,383,veri,18
VeRi/image_train/0401_c001_00000045_0.jpg,401,veri,0
VeRi/image_train/0401_c001_00000050_0.jpg,401,veri,0
VeRi/image_train/0401_c001_00000055_0.jpg,401,veri,0
VeRi/image_train/0401_c001_00000060_0.jpg,401,veri,0
VeRi/image_train/0401_c001_00000065_0.jpg,401,veri,0
VeRi/image_train/0401_c001_00000070_0.jpg,401,veri,0
VeRi/image_train/0401_c001_00083080_0.jpg,401,veri,0
VeRi/image_train/0401_c001_00083085_0.jpg,401,veri,0
VeRi/image_train/0401_c001_00083095_0.jpg,401,veri,0
VeRi/image_train/0401_c001_00083105_0.jpg,401,veri,0
VeRi/image_train/0401_c001_00083115_0.jpg,401,veri,0
VeRi/image_train/0401_c001_00083120_0.jpg,401,veri,0
VeRi/image_train/0401_c002_00083650_0.jpg,401,veri,1
VeRi/image_train/0401_c002_00083660_0.jpg,401,veri,1
VeRi/image_train/0401_c002_00083670_0.jpg,401,veri,1
VeRi/image_train/0401_c002_00083680_0.jpg,401,veri,1
VeRi/image_train/0401_c002_00083690_0.jpg,401,veri,1
VeRi/image_train/0401_c002_00083710_0.jpg,401,veri,1
VeRi/image_train/0401_c003_00086600_0.jpg,401,veri,2
VeRi/image_train/0401_c003_00086610_0.jpg,401,veri,2
VeRi/image_train/0401_c003_00086620_0.jpg,401,veri,2
VeRi/image_train/0401_c003_00086630_0.jpg,401,veri,2
VeRi/image_train/0401_c003_00086650_1.jpg,401,veri,2
VeRi/image_train/0401_c003_00086675_0.jpg,401,veri,2
VeRi/image_train/0401_c004_00086545_0.jpg,401,veri,3
VeRi/image_train/0401_c004_00086555_0.jpg,401,veri,3
VeRi/image_train/0401_c004_00086565_0.jpg,401,veri,3
VeRi/image_train/0401_c004_00086575_0.jpg,401,veri,3
VeRi/image_train/0401_c004_00086595_0.jpg,401,veri,3
VeRi/image_train/0401_c004_00086605_0.jpg,401,veri,3
VeRi/image_train/0401_c006_00085915_1.jpg,401,veri,5
VeRi/image_train/0401_c006_00085960_2.jpg,401,veri,5
VeRi/image_train/0401_c006_00085975_2.jpg,401,veri,5
VeRi/image_train/0401_c006_00085990_1.jpg,401,veri,5
VeRi/image_train/0401_c006_00086000_1.jpg,401,veri,5
VeRi/image_train/0401_c006_00086020_1.jpg,401,veri,5
VeRi/image_train/0401_c010_00086200_0.jpg,401,veri,9
VeRi/image_train/0401_c010_00086205_0.jpg,401,veri,9
VeRi/image_train/0401_c010_00086210_0.jpg,401,veri,9
VeRi/image_train/0401_c010_00086215_0.jpg,401,veri,9
VeRi/image_train/0401_c010_00086220_0.jpg,401,veri,9
VeRi/image_train/0401_c010_00086225_0.jpg,401,veri,9
VeRi/image_train/0401_c011_00085965_1.jpg,401,veri,10
VeRi/image_train/0401_c011_00085975_1.jpg,401,veri,10
VeRi/image_train/0401_c011_00085995_1.jpg,401,veri,10
VeRi/image_train/0401_c011_00086005_0.jpg,401,veri,10
VeRi/image_train/0401_c011_00086015_0.jpg,401,veri,10
VeRi/image_train/0401_c011_00086020_0.jpg,401,veri,10
VeRi/image_train/0401_c012_00000925_0.jpg,401,veri,11
VeRi/image_train/0401_c012_00000930_0.jpg,401,veri,11
VeRi/image_train/0401_c012_00000935_0.jpg,401,veri,11
VeRi/image_train/0401_c012_00000945_0.jpg,401,veri,11
VeRi/image_train/0401_c012_00000950_0.jpg,401,veri,11
VeRi/image_train/0401_c012_00000955_0.jpg,401,veri,11
VeRi/image_train/0401_c012_00081360_0.jpg,401,veri,11
VeRi/image_train/0401_c012_00081370_0.jpg,401,veri,11
VeRi/image_train/0401_c012_00081380_0.jpg,401,veri,11
VeRi/image_train/0401_c012_00081390_0.jpg,401,veri,11
VeRi/image_train/0401_c012_00081400_0.jpg,401,veri,11
VeRi/image_train/0401_c012_00081415_0.jpg,401,veri,11
VeRi/image_train/0401_c013_00000700_0.jpg,401,veri,12
VeRi/image_train/0401_c013_00000710_0.jpg,401,veri,12
VeRi/image_train/0401_c013_00000730_0.jpg,401,veri,12
VeRi/image_train/0401_c013_00000740_0.jpg,401,veri,12
VeRi/image_train/0401_c013_00000750_0.jpg,401,veri,12
VeRi/image_train/0401_c013_00000760_0.jpg,401,veri,12
VeRi/image_train/0401_c013_00081535_0.jpg,401,veri,12
VeRi/image_train/0401_c013_00081540_0.jpg,401,veri,12
VeRi/image_train/0401_c013_00081545_0.jpg,401,veri,12
VeRi/image_train/0401_c013_00081550_0.jpg,401,veri,12
VeRi/image_train/0401_c013_00081555_0.jpg,401,veri,12
VeRi/image_train/0401_c013_00081560_0.jpg,401,veri,12
VeRi/image_train/0401_c014_00002840_0.jpg,401,veri,13
VeRi/image_train/0401_c014_00002845_0.jpg,401,veri,13
VeRi/image_train/0401_c014_00002855_0.jpg,401,veri,13
VeRi/image_train/0401_c014_00002860_0.jpg,401,veri,13
VeRi/image_train/0401_c014_00079590_0.jpg,401,veri,13
VeRi/image_train/0401_c014_00079595_1.jpg,401,veri,13
VeRi/image_train/0401_c014_00079600_0.jpg,401,veri,13
VeRi/image_train/0401_c014_00079605_0.jpg,401,veri,13
VeRi/image_train/0401_c014_00079610_0.jpg,401,veri,13
VeRi/image_train/0401_c014_00079615_0.jpg,401,veri,13
VeRi/image_train/0401_c015_00002720_0.jpg,401,veri,14
VeRi/image_train/0401_c015_00002725_0.jpg,401,veri,14
VeRi/image_train/0401_c015_00002730_0.jpg,401,veri,14
VeRi/image_train/0401_c015_00002735_0.jpg,401,veri,14
VeRi/image_train/0401_c015_00002740_0.jpg,401,veri,14
VeRi/image_train/0401_c015_00002745_0.jpg,401,veri,14
VeRi/image_train/0401_c015_00079625_0.jpg,401,veri,14
VeRi/image_train/0401_c015_00079630_0.jpg,401,veri,14
VeRi/image_train/0401_c015_00079635_0.jpg,401,veri,14
VeRi/image_train/0401_c015_00079640_0.jpg,401,veri,14
VeRi/image_train/0401_c015_00079645_0.jpg,401,veri,14
VeRi/image_train/0401_c015_00079650_0.jpg,401,veri,14
VeRi/image_train/0401_c016_00003045_0.jpg,401,veri,15
VeRi/image_train/0401_c016_00003050_0.jpg,401,veri,15
VeRi/image_train/0401_c016_00003055_0.jpg,401,veri,15
VeRi/image_train/0401_c016_00003060_0.jpg,401,veri,15
VeRi/image_train/0401_c016_00003065_0.jpg,401,veri,15
VeRi/image_train/0401_c016_00003070_0.jpg,401,veri,15
VeRi/image_train/0401_c016_00079410_0.jpg,401,veri,15
VeRi/image_train/0401_c016_00079415_0.jpg,401,veri,15
VeRi/image_train/0401_c016_00079420_0.jpg,401,veri,15
VeRi/image_train/0401_c016_00079425_0.jpg,401,veri,15
VeRi/image_train/0401_c016_00079430_0.jpg,401,veri,15
VeRi/image_train/0401_c017_00001800_0.jpg,401,veri,16
VeRi/image_train/0401_c017_00001810_1.jpg,401,veri,16
VeRi/image_train/0401_c017_00001815_0.jpg,401,veri,16
VeRi/image_train/0401_c017_00001855_0.jpg,401,veri,16
VeRi/image_train/0401_c017_00001870_0.jpg,401,veri,16
VeRi/image_train/0401_c017_00080665_0.jpg,401,veri,16
VeRi/image_train/0401_c017_00080670_0.jpg,401,veri,16
VeRi/image_train/0401_c017_00080675_0.jpg,401,veri,16
VeRi/image_train/0401_c017_00080685_0.jpg,401,veri,16
VeRi/image_train/0401_c017_00080690_0.jpg,401,veri,16
VeRi/image_train/0401_c017_00080695_0.jpg,401,veri,16
VeRi/image_train/0401_c019_00002085_0.jpg,401,veri,18
VeRi/image_train/0401_c019_00002090_0.jpg,401,veri,18
VeRi/image_train/0401_c019_00002095_0.jpg,401,veri,18
VeRi/image_train/0401_c019_00002100_0.jpg,401,veri,18
VeRi/image_train/0401_c019_00002105_0.jpg,401,veri,18
VeRi/image_train/0401_c019_00002120_0.jpg,401,veri,18
VeRi/image_train/0401_c019_00080460_0.jpg,401,veri,18
VeRi/image_train/0401_c019_00080465_0.jpg,401,veri,18
VeRi/image_train/0401_c019_00080470_0.jpg,401,veri,18
VeRi/image_train/0401_c019_00080475_0.jpg,401,veri,18
VeRi/image_train/0401_c019_00080480_0.jpg,401,veri,18
VeRi/image_train/0401_c019_00080490_0.jpg,401,veri,18
VeRi/image_train/0406_c001_00002485_0.jpg,406,veri,0
VeRi/image_train/0406_c001_00002490_0.jpg,406,veri,0
VeRi/image_train/0406_c001_00002495_0.jpg,406,veri,0
VeRi/image_train/0406_c001_00002500_0.jpg,406,veri,0
VeRi/image_train/0406_c001_00002505_0.jpg,406,veri,0
VeRi/image_train/0406_c001_00002510_0.jpg,406,veri,0
VeRi/image_train/0406_c001_00078675_1.jpg,406,veri,0
VeRi/image_train/0406_c001_00078680_0.jpg,406,veri,0
VeRi/image_train/0406_c001_00078685_0.jpg,406,veri,0
VeRi/image_train/0406_c001_00078690_0.jpg,406,veri,0
VeRi/image_train/0406_c001_00078695_0.jpg,406,veri,0
VeRi/image_train/0406_c002_00002080_1.jpg,406,veri,1
VeRi/image_train/0406_c002_00002085_0.jpg,406,veri,1
VeRi/image_train/0406_c002_00002090_0.jpg,406,veri,1
VeRi/image_train/0406_c002_00002100_0.jpg,406,veri,1
VeRi/image_train/0406_c002_00002105_0.jpg,406,veri,1
VeRi/image_train/0406_c002_00079135_0.jpg,406,veri,1
VeRi/image_train/0406_c002_00079145_0.jpg,406,veri,1
VeRi/image_train/0406_c002_00079150_0.jpg,406,veri,1
VeRi/image_train/0406_c002_00079160_0.jpg,406,veri,1
VeRi/image_train/0406_c002_00079185_0.jpg,406,veri,1
VeRi/image_train/0406_c002_00079195_0.jpg,406,veri,1
VeRi/image_train/0406_c012_00003060_0.jpg,406,veri,11
VeRi/image_train/0406_c012_00003065_0.jpg,406,veri,11
VeRi/image_train/0406_c012_00003070_0.jpg,406,veri,11
VeRi/image_train/0406_c012_00003075_0.jpg,406,veri,11
VeRi/image_train/0406_c012_00003080_0.jpg,406,veri,11
VeRi/image_train/0406_c012_00003085_0.jpg,406,veri,11
VeRi/image_train/0406_c012_00078210_0.jpg,406,veri,11
VeRi/image_train/0406_c012_00078220_0.jpg,406,veri,11
VeRi/image_train/0406_c012_00078235_0.jpg,406,veri,11
VeRi/image_train/0406_c012_00078245_0.jpg,406,veri,11
VeRi/image_train/0406_c012_00078255_0.jpg,406,veri,11
VeRi/image_train/0406_c012_00078260_0.jpg,406,veri,11
VeRi/image_train/0406_c013_00002905_0.jpg,406,veri,12
VeRi/image_train/0406_c013_00002915_0.jpg,406,veri,12
VeRi/image_train/0406_c013_00002925_0.jpg,406,veri,12
VeRi/image_train/0406_c013_00002935_0.jpg,406,veri,12
VeRi/image_train/0406_c013_00002940_0.jpg,406,veri,12
VeRi/image_train/0406_c013_00078370_0.jpg,406,veri,12
VeRi/image_train/0406_c013_00078375_0.jpg,406,veri,12
VeRi/image_train/0406_c013_00078380_0.jpg,406,veri,12
VeRi/image_train/0406_c013_00078385_0.jpg,406,veri,12
VeRi/image_train/0406_c013_00078390_0.jpg,406,veri,12
VeRi/image_train/0406_c013_00078395_0.jpg,406,veri,12
VeRi/image_train/0406_c014_00005055_0.jpg,406,veri,13
VeRi/image_train/0406_c014_00005060_0.jpg,406,veri,13
VeRi/image_train/0406_c014_00005065_0.jpg,406,veri,13
VeRi/image_train/0406_c014_00076320_0.jpg,406,veri,13
VeRi/image_train/0406_c014_00076325_0.jpg,406,veri,13
VeRi/image_train/0406_c014_00076345_0.jpg,406,veri,13
VeRi/image_train/0406_c014_00076355_0.jpg,406,veri,13
VeRi/image_train/0406_c014_00076375_0.jpg,406,veri,13
VeRi/image_train/0406_c014_00076390_0.jpg,406,veri,13
VeRi/image_train/0406_c015_00004855_0.jpg,406,veri,14
VeRi/image_train/0406_c015_00004860_0.jpg,406,veri,14
VeRi/image_train/0406_c015_00004880_0.jpg,406,veri,14
VeRi/image_train/0406_c015_00004885_0.jpg,406,veri,14
VeRi/image_train/0406_c015_00004895_0.jpg,406,veri,14
VeRi/image_train/0406_c015_00004900_0.jpg,406,veri,14
VeRi/image_train/0406_c015_00076435_0.jpg,406,veri,14
VeRi/image_train/0406_c015_00076440_0.jpg,406,veri,14
VeRi/image_train/0406_c015_00076445_0.jpg,406,veri,14
VeRi/image_train/0406_c015_00076450_0.jpg,406,veri,14
VeRi/image_train/0406_c015_00076455_0.jpg,406,veri,14
VeRi/image_train/0406_c015_00076460_0.jpg,406,veri,14
VeRi/image_train/0406_c016_00005305_0.jpg,406,veri,15
VeRi/image_train/0406_c016_00005310_0.jpg,406,veri,15
VeRi/image_train/0406_c016_00005315_0.jpg,406,veri,15
VeRi/image_train/0406_c016_00005320_0.jpg,406,veri,15
VeRi/image_train/0406_c016_00005345_0.jpg,406,veri,15
VeRi/image_train/0406_c016_00005350_0.jpg,406,veri,15
VeRi/image_train/0406_c016_00076150_0.jpg,406,veri,15
VeRi/image_train/0406_c016_00076155_0.jpg,406,veri,15
VeRi/image_train/0406_c016_00076160_0.jpg,406,veri,15
VeRi/image_train/0406_c016_00076165_0.jpg,406,veri,15
VeRi/image_train/0406_c016_00076170_0.jpg,406,veri,15
VeRi/image_train/0406_c016_00076175_0.jpg,406,veri,15
VeRi/image_train/0406_c017_00003900_0.jpg,406,veri,16
VeRi/image_train/0406_c017_00003905_0.jpg,406,veri,16
VeRi/image_train/0406_c017_00003915_0.jpg,406,veri,16
VeRi/image_train/0406_c017_00003945_0.jpg,406,veri,16
VeRi/image_train/0406_c017_00003955_1.jpg,406,veri,16
VeRi/image_train/0406_c017_00003970_0.jpg,406,veri,16
VeRi/image_train/0406_c017_00077560_1.jpg,406,veri,16
VeRi/image_train/0406_c017_00077585_0.jpg,406,veri,16
VeRi/image_train/0406_c017_00077590_1.jpg,406,veri,16
VeRi/image_train/0406_c017_00077600_0.jpg,406,veri,16
VeRi/image_train/0406_c017_00077610_0.jpg,406,veri,16
VeRi/image_train/0406_c017_00077620_0.jpg,406,veri,16
VeRi/image_train/0406_c019_00004220_0.jpg,406,veri,18
VeRi/image_train/0406_c019_00004230_0.jpg,406,veri,18
VeRi/image_train/0406_c019_00004240_0.jpg,406,veri,18
VeRi/image_train/0406_c019_00004260_0.jpg,406,veri,18
VeRi/image_train/0406_c019_00004265_0.jpg,406,veri,18
VeRi/image_train/0406_c019_00004290_0.jpg,406,veri,18
VeRi/image_train/0406_c019_00077215_0.jpg,406,veri,18
VeRi/image_train/0406_c019_00077220_0.jpg,406,veri,18
VeRi/image_train/0406_c019_00077225_0.jpg,406,veri,18
VeRi/image_train/0406_c019_00077230_0.jpg,406,veri,18
VeRi/image_train/0406_c019_00077235_0.jpg,406,veri,18
VeRi/image_train/0406_c019_00077245_0.jpg,406,veri,18
VeRi/image_train/0413_c001_00066245_0.jpg,413,veri,0
VeRi/image_train/0413_c001_00066255_0.jpg,413,veri,0
VeRi/image_train/0413_c001_00066260_0.jpg,413,veri,0
VeRi/image_train/0413_c001_00066270_0.jpg,413,veri,0
VeRi/image_train/0413_c001_00066305_0.jpg,413,veri,0
VeRi/image_train/0413_c001_00066335_0.jpg,413,veri,0
VeRi/image_train/0413_c001_00083860_0.jpg,413,veri,0
VeRi/image_train/0413_c001_00083875_0.jpg,413,veri,0
VeRi/image_train/0413_c001_00083885_0.jpg,413,veri,0
VeRi/image_train/0413_c001_00083895_0.jpg,413,veri,0
VeRi/image_train/0413_c001_00083905_0.jpg,413,veri,0
VeRi/image_train/0413_c001_00083915_0.jpg,413,veri,0
VeRi/image_train/0413_c012_00065055_0.jpg,413,veri,11
VeRi/image_train/0413_c012_00065065_0.jpg,413,veri,11
VeRi/image_train/0413_c012_00065075_0.jpg,413,veri,11
VeRi/image_train/0413_c012_00065080_0.jpg,413,veri,11
VeRi/image_train/0413_c012_00065085_0.jpg,413,veri,11
VeRi/image_train/0413_c012_00081645_0.jpg,413,veri,11
VeRi/image_train/0413_c012_00081655_0.jpg,413,veri,11
VeRi/image_train/0413_c012_00081665_0.jpg,413,veri,11
VeRi/image_train/0413_c012_00081675_0.jpg,413,veri,11
VeRi/image_train/0413_c012_00081680_0.jpg,413,veri,11
VeRi/image_train/0413_c013_00065155_0.jpg,413,veri,12
VeRi/image_train/0413_c013_00065160_0.jpg,413,veri,12
VeRi/image_train/0413_c013_00065165_0.jpg,413,veri,12
VeRi/image_train/0413_c013_00065170_0.jpg,413,veri,12
VeRi/image_train/0413_c013_00065175_0.jpg,413,veri,12
VeRi/image_train/0413_c013_00065180_0.jpg,413,veri,12
VeRi/image_train/0413_c013_00066915_0.jpg,413,veri,12
VeRi/image_train/0413_c013_00066920_0.jpg,413,veri,12
VeRi/image_train/0413_c013_00066925_0.jpg,413,veri,12
VeRi/image_train/0413_c013_00066930_0.jpg,413,veri,12
VeRi/image_train/0413_c013_00066935_0.jpg,413,veri,12
VeRi/image_train/0413_c013_00066940_0.jpg,413,veri,12
VeRi/image_train/0413_c013_00081760_0.jpg,413,veri,12
VeRi/image_train/0413_c013_00081765_0.jpg,413,veri,12
VeRi/image_train/0413_c013_00081770_0.jpg,413,veri,12
VeRi/image_train/0413_c013_00081775_0.jpg,413,veri,12
VeRi/image_train/0413_c013_00081780_0.jpg,413,veri,12
VeRi/image_train/0413_c013_00081785_0.jpg,413,veri,12
VeRi/image_train/0413_c014_00063700_0.jpg,413,veri,13
VeRi/image_train/0413_c014_00063705_0.jpg,413,veri,13
VeRi/image_train/0413_c014_00063710_0.jpg,413,veri,13
VeRi/image_train/0413_c014_00063715_0.jpg,413,veri,13
VeRi/image_train/0413_c014_00068660_0.jpg,413,veri,13
VeRi/image_train/0413_c014_00068665_0.jpg,413,veri,13
VeRi/image_train/0413_c014_00068670_0.jpg,413,veri,13
VeRi/image_train/0413_c014_00068675_0.jpg,413,veri,13
VeRi/image_train/0413_c014_00068680_0.jpg,413,veri,13
VeRi/image_train/0413_c014_00068685_0.jpg,413,veri,13
VeRi/image_train/0413_c015_00068495_0.jpg,413,veri,14
VeRi/image_train/0413_c015_00068500_0.jpg,413,veri,14
VeRi/image_train/0413_c015_00068505_0.jpg,413,veri,14
VeRi/image_train/0413_c015_00068510_0.jpg,413,veri,14
VeRi/image_train/0413_c015_00068515_0.jpg,413,veri,14
VeRi/image_train/0413_c016_00063580_0.jpg,413,veri,15
VeRi/image_train/0413_c016_00063585_0.jpg,413,veri,15
VeRi/image_train/0413_c016_00063590_0.jpg,413,veri,15
VeRi/image_train/0413_c016_00063595_0.jpg,413,veri,15
VeRi/image_train/0413_c016_00063600_0.jpg,413,veri,15
VeRi/image_train/0413_c016_00063605_0.jpg,413,veri,15
VeRi/image_train/0413_c016_00068910_0.jpg,413,veri,15
VeRi/image_train/0413_c016_00068915_1.jpg,413,veri,15
VeRi/image_train/0413_c016_00068920_0.jpg,413,veri,15
VeRi/image_train/0413_c016_00068925_0.jpg,413,veri,15
VeRi/image_train/0413_c016_00068930_0.jpg,413,veri,15
VeRi/image_train/0413_c016_00068935_0.jpg,413,veri,15
VeRi/image_train/0413_c016_00071480_1.jpg,413,veri,15
VeRi/image_train/0413_c016_00071485_0.jpg,413,veri,15
VeRi/image_train/0413_c016_00071490_0.jpg,413,veri,15
VeRi/image_train/0413_c016_00071495_0.jpg,413,veri,15
VeRi/image_train/0413_c016_00071500_0.jpg,413,veri,15
VeRi/image_train/0413_c016_00071505_0.jpg,413,veri,15
VeRi/image_train/0413_c017_00064560_1.jpg,413,veri,16
VeRi/image_train/0413_c017_00064565_1.jpg,413,veri,16
VeRi/image_train/0413_c017_00064575_1.jpg,413,veri,16
VeRi/image_train/0413_c017_00064590_1.jpg,413,veri,16
VeRi/image_train/0413_c017_00064595_1.jpg,413,veri,16
VeRi/image_train/0413_c017_00064600_0.jpg,413,veri,16
VeRi/image_train/0413_c017_00067675_0.jpg,413,veri,16
VeRi/image_train/0413_c017_00067690_0.jpg,413,veri,16
VeRi/image_train/0413_c017_00067700_0.jpg,413,veri,16
VeRi/image_train/0413_c017_00067710_0.jpg,413,veri,16
VeRi/image_train/0413_c017_00067720_0.jpg,413,veri,16
VeRi/image_train/0413_c017_00067730_0.jpg,413,veri,16
VeRi/image_train/0413_c017_00080990_0.jpg,413,veri,16
VeRi/image_train/0413_c017_00081000_0.jpg,413,veri,16
VeRi/image_train/0413_c017_00081010_0.jpg,413,veri,16
VeRi/image_train/0413_c017_00081025_0.jpg,413,veri,16
VeRi/image_train/0413_c017_00081035_0.jpg,413,veri,16
VeRi/image_train/0413_c017_00081055_0.jpg,413,veri,16
VeRi/image_train/0413_c019_00064365_0.jpg,413,veri,18
VeRi/image_train/0413_c019_00064370_0.jpg,413,veri,18
VeRi/image_train/0413_c019_00064400_0.jpg,413,veri,18
VeRi/image_train/0413_c019_00064405_0.jpg,413,veri,18
VeRi/image_train/0413_c019_00064410_0.jpg,413,veri,18
VeRi/image_train/0413_c019_00064415_0.jpg,413,veri,18
VeRi/image_train/0413_c019_00067880_0.jpg,413,veri,18
VeRi/image_train/0413_c019_00067885_0.jpg,413,veri,18
VeRi/image_train/0413_c019_00067900_0.jpg,413,veri,18
VeRi/image_train/0413_c019_00067910_0.jpg,413,veri,18
VeRi/image_train/0413_c019_00067915_0.jpg,413,veri,18
VeRi/image_train/0413_c019_00067925_0.jpg,413,veri,18
VeRi/image_train/0425_c008_00020060_0.jpg,425,veri,7
VeRi/image_train/0425_c008_00020080_0.jpg,425,veri,7
VeRi/image_train/0425_c008_00020100_0.jpg,425,veri,7
VeRi/image_train/0425_c008_00020125_0.jpg,425,veri,7
VeRi/image_train/0425_c008_00020155_0.jpg,425,veri,7
VeRi/image_train/0425_c008_00020200_0.jpg,425,veri,7
VeRi/image_train/0425_c009_00020280_0.jpg,425,veri,8
VeRi/image_train/0425_c009_00020290_0.jpg,425,veri,8
VeRi/image_train/0425_c009_00020315_0.jpg,425,veri,8
VeRi/image_train/0425_c009_00020320_0.jpg,425,veri,8
VeRi/image_train/0425_c009_00020325_0.jpg,425,veri,8
VeRi/image_train/0425_c009_00020330_0.jpg,425,veri,8
VeRi/image_train/0425_c009_00020705_0.jpg,425,veri,8
VeRi/image_train/0425_c009_00020710_0.jpg,425,veri,8
VeRi/image_train/0425_c009_00020715_0.jpg,425,veri,8
VeRi/image_train/0425_c009_00020720_0.jpg,425,veri,8
VeRi/image_train/0425_c009_00020725_0.jpg,425,veri,8
VeRi/image_train/0428_c014_00005885_0.jpg,428,veri,13
VeRi/image_train/0428_c014_00005915_0.jpg,428,veri,13
VeRi/image_train/0428_c014_00005920_0.jpg,428,veri,13
VeRi/image_train/0428_c014_00005940_0.jpg,428,veri,13
VeRi/image_train/0428_c014_00005950_0.jpg,428,veri,13
VeRi/image_train/0428_c014_00010705_0.jpg,428,veri,13
VeRi/image_train/0428_c014_00010710_0.jpg,428,veri,13
VeRi/image_train/0428_c014_00010715_0.jpg,428,veri,13
VeRi/image_train/0428_c014_00010720_0.jpg,428,veri,13
VeRi/image_train/0428_c014_00010725_0.jpg,428,veri,13
VeRi/image_train/0428_c014_00010730_0.jpg,428,veri,13
VeRi/image_train/0428_c015_00006080_0.jpg,428,veri,14
VeRi/image_train/0428_c015_00006085_0.jpg,428,veri,14
VeRi/image_train/0428_c015_00006090_0.jpg,428,veri,14
VeRi/image_train/0428_c015_00006100_0.jpg,428,veri,14
VeRi/image_train/0428_c015_00006110_0.jpg,428,veri,14
VeRi/image_train/0428_c015_00006135_1.jpg,428,veri,14
VeRi/image_train/0428_c015_00006140_1.jpg,428,veri,14
VeRi/image_train/0428_c015_00006145_1.jpg,428,veri,14
VeRi/image_train/0428_c015_00006150_0.jpg,428,veri,14
VeRi/image_train/0428_c015_00010460_0.jpg,428,veri,14
VeRi/image_train/0428_c015_00010465_0.jpg,428,veri,14
VeRi/image_train/0428_c015_00010470_0.jpg,428,veri,14
VeRi/image_train/0428_c015_00010515_0.jpg,428,veri,14
VeRi/image_train/0428_c015_00010520_0.jpg,428,veri,14
VeRi/image_train/0428_c015_00010560_0.jpg,428,veri,14
VeRi/image_train/0428_c016_00005215_0.jpg,428,veri,15
VeRi/image_train/0428_c016_00005220_1.jpg,428,veri,15
VeRi/image_train/0428_c016_00005225_0.jpg,428,veri,15
VeRi/image_train/0428_c016_00005230_0.jpg,428,veri,15
VeRi/image_train/0428_c016_00005235_0.jpg,428,veri,15
VeRi/image_train/0428_c016_00005240_0.jpg,428,veri,15
VeRi/image_train/0428_c016_00024280_0.jpg,428,veri,15
VeRi/image_train/0428_c016_00024290_0.jpg,428,veri,15
VeRi/image_train/0428_c016_00024295_0.jpg,428,veri,15
VeRi/image_train/0428_c016_00024300_0.jpg,428,veri,15
VeRi/image_train/0428_c016_00024310_0.jpg,428,veri,15
VeRi/image_train/0428_c017_00006860_3.jpg,428,veri,16
VeRi/image_train/0428_c017_00006900_3.jpg,428,veri,16
VeRi/image_train/0428_c017_00006925_1.jpg,428,veri,16
VeRi/image_train/0428_c017_00006970_0.jpg,428,veri,16
VeRi/image_train/0428_c017_00007005_0.jpg,428,veri,16
VeRi/image_train/0428_c017_00007190_2.jpg,428,veri,16
VeRi/image_train/0428_c017_00007200_2.jpg,428,veri,16
VeRi/image_train/0428_c017_00007230_1.jpg,428,veri,16
VeRi/image_train/0428_c017_00007260_1.jpg,428,veri,16
VeRi/image_train/0428_c017_00007290_1.jpg,428,veri,16
VeRi/image_train/0428_c017_00007325_0.jpg,428,veri,16
VeRi/image_train/0428_c019_00006730_0.jpg,428,veri,18
VeRi/image_train/0428_c019_00006735_0.jpg,428,veri,18
VeRi/image_train/0428_c019_00006740_0.jpg,428,veri,18
VeRi/image_train/0428_c019_00006745_0.jpg,428,veri,18
VeRi/image_train/0428_c019_00006750_0.jpg,428,veri,18
VeRi/image_train/0428_c019_00006755_0.jpg,428,veri,18
VeRi/image_train/0428_c019_00007530_0.jpg,428,veri,18
VeRi/image_train/0428_c019_00007535_0.jpg,428,veri,18
VeRi/image_train/0428_c019_00007545_0.jpg,428,veri,18
VeRi/image_train/0428_c019_00007550_0.jpg,428,veri,18
VeRi/image_train/0428_c019_00007555_0.jpg,428,veri,18
VeRi/image_train/0428_c019_00007560_0.jpg,428,veri,18
VeRi/image_train/0043_c001_00078335_1.jpg,43,veri,0
VeRi/image_train/0043_c001_00078345_1.jpg,43,veri,0
VeRi/image_train/0043_c001_00078355_1.jpg,43,veri,0
VeRi/image_train/0043_c001_00078365_0.jpg,43,veri,0
VeRi/image_train/0043_c001_00078375_0.jpg,43,veri,0
VeRi/image_train/0043_c001_00078380_0.jpg,43,veri,0
VeRi/image_train/0043_c002_00078925_0.jpg,43,veri,1
VeRi/image_train/0043_c002_00078935_0.jpg,43,veri,1
VeRi/image_train/0043_c002_00078945_0.jpg,43,veri,1
VeRi/image_train/0043_c002_00078955_0.jpg,43,veri,1
VeRi/image_train/0043_c002_00078965_0.jpg,43,veri,1
VeRi/image_train/0043_c002_00078990_0.jpg,43,veri,1
VeRi/image_train/0043_c003_00082110_0.jpg,43,veri,2
VeRi/image_train/0043_c003_00082115_0.jpg,43,veri,2
VeRi/image_train/0043_c003_00082120_0.jpg,43,veri,2
VeRi/image_train/0043_c003_00082125_0.jpg,43,veri,2
VeRi/image_train/0043_c003_00082130_0.jpg,43,veri,2
VeRi/image_train/0043_c003_00082135_0.jpg,43,veri,2
VeRi/image_train/0043_c004_00082075_0.jpg,43,veri,3
VeRi/image_train/0043_c004_00082080_0.jpg,43,veri,3
VeRi/image_train/0043_c004_00082085_0.jpg,43,veri,3
VeRi/image_train/0043_c004_00082090_0.jpg,43,veri,3
VeRi/image_train/0043_c004_00082095_0.jpg,43,veri,3
VeRi/image_train/0043_c004_00082100_0.jpg,43,veri,3
VeRi/image_train/0043_c005_00082800_1.jpg,43,veri,4
VeRi/image_train/0043_c005_00082810_1.jpg,43,veri,4
VeRi/image_train/0043_c005_00082820_0.jpg,43,veri,4
VeRi/image_train/0043_c005_00082830_0.jpg,43,veri,4
VeRi/image_train/0043_c005_00082845_0.jpg,43,veri,4
VeRi/image_train/0043_c005_00082860_0.jpg,43,veri,4
VeRi/image_train/0043_c006_00081315_0.jpg,43,veri,5
VeRi/image_train/0043_c006_00081335_0.jpg,43,veri,5
VeRi/image_train/0043_c006_00081355_0.jpg,43,veri,5
VeRi/image_train/0043_c006_00081370_0.jpg,43,veri,5
VeRi/image_train/0043_c006_00081390_0.jpg,43,veri,5
VeRi/image_train/0043_c007_00082900_0.jpg,43,veri,6
VeRi/image_train/0043_c007_00082905_0.jpg,43,veri,6
VeRi/image_train/0043_c007_00082915_1.jpg,43,veri,6
VeRi/image_train/0043_c007_00082920_0.jpg,43,veri,6
VeRi/image_train/0043_c007_00082925_0.jpg,43,veri,6
VeRi/image_train/0043_c008_00082310_0.jpg,43,veri,7
VeRi/image_train/0043_c008_00082315_0.jpg,43,veri,7
VeRi/image_train/0043_c008_00082320_0.jpg,43,veri,7
VeRi/image_train/0043_c008_00082325_0.jpg,43,veri,7
VeRi/image_train/0043_c008_00082330_0.jpg,43,veri,7
VeRi/image_train/0043_c008_00082335_0.jpg,43,veri,7
VeRi/image_train/0043_c009_00082275_0.jpg,43,veri,8
VeRi/image_train/0043_c009_00082280_0.jpg,43,veri,8
VeRi/image_train/0043_c009_00082285_0.jpg,43,veri,8
VeRi/image_train/0043_c009_00082290_0.jpg,43,veri,8
VeRi/image_train/0043_c009_00082295_0.jpg,43,veri,8
VeRi/image_train/0043_c009_00082300_0.jpg,43,veri,8
VeRi/image_train/0043_c010_00081550_0.jpg,43,veri,9
VeRi/image_train/0043_c010_00081555_0.jpg,43,veri,9
VeRi/image_train/0043_c010_00081560_0.jpg,43,veri,9
VeRi/image_train/0043_c010_00081565_0.jpg,43,veri,9
VeRi/image_train/0043_c010_00081570_0.jpg,43,veri,9
VeRi/image_train/0043_c010_00081575_0.jpg,43,veri,9
VeRi/image_train/0043_c011_00081355_0.jpg,43,veri,10
VeRi/image_train/0043_c011_00081370_0.jpg,43,veri,10
VeRi/image_train/0043_c011_00081380_0.jpg,43,veri,10
VeRi/image_train/0043_c011_00081385_0.jpg,43,veri,10
VeRi/image_train/0043_c011_00081390_0.jpg,43,veri,10
VeRi/image_train/0043_c011_00081395_0.jpg,43,veri,10
VeRi/image_train/0043_c012_00077035_0.jpg,43,veri,11
VeRi/image_train/0043_c012_00077045_0.jpg,43,veri,11
VeRi/image_train/0043_c012_00077060_0.jpg,43,veri,11
VeRi/image_train/0043_c012_00077070_0.jpg,43,veri,11
VeRi/image_train/0043_c012_00077080_0.jpg,43,veri,11
VeRi/image_train/0043_c012_00077090_0.jpg,43,veri,11
VeRi/image_train/0043_c013_00077170_0.jpg,43,veri,12
VeRi/image_train/0043_c013_00077175_0.jpg,43,veri,12
VeRi/image_train/0043_c013_00077180_0.jpg,43,veri,12
VeRi/image_train/0043_c013_00077185_0.jpg,43,veri,12
VeRi/image_train/0043_c013_00077190_0.jpg,43,veri,12
VeRi/image_train/0043_c013_00077195_0.jpg,43,veri,12
VeRi/image_train/0043_c014_00062715_0.jpg,43,veri,13
VeRi/image_train/0043_c014_00062720_0.jpg,43,veri,13
VeRi/image_train/0043_c014_00062725_0.jpg,43,veri,13
VeRi/image_train/0043_c014_00062730_0.jpg,43,veri,13
VeRi/image_train/0043_c014_00062735_0.jpg,43,veri,13
VeRi/image_train/0043_c014_00062740_0.jpg,43,veri,13
VeRi/image_train/0043_c016_00062525_0.jpg,43,veri,15
VeRi/image_train/0043_c016_00062530_0.jpg,43,veri,15
VeRi/image_train/0043_c016_00062535_0.jpg,43,veri,15
VeRi/image_train/0043_c016_00062540_0.jpg,43,veri,15
VeRi/image_train/0043_c016_00062545_0.jpg,43,veri,15
VeRi/image_train/0043_c016_00062550_0.jpg,43,veri,15
VeRi/image_train/0043_c017_00063580_0.jpg,43,veri,16
VeRi/image_train/0043_c017_00063590_0.jpg,43,veri,16
VeRi/image_train/0043_c017_00063610_0.jpg,43,veri,16
VeRi/image_train/0043_c017_00063625_0.jpg,43,veri,16
VeRi/image_train/0043_c017_00063635_0.jpg,43,veri,16
VeRi/image_train/0043_c017_00063650_0.jpg,43,veri,16
VeRi/image_train/0043_c019_00063305_0.jpg,43,veri,18
VeRi/image_train/0043_c019_00063310_0.jpg,43,veri,18
VeRi/image_train/0043_c019_00063315_0.jpg,43,veri,18
VeRi/image_train/0043_c019_00063320_0.jpg,43,veri,18
VeRi/image_train/0043_c019_00063330_0.jpg,43,veri,18
VeRi/image_train/0043_c019_00063345_0.jpg,43,veri,18
VeRi/image_train/0430_c001_00057060_0.jpg,430,veri,0
VeRi/image_train/0430_c001_00057065_1.jpg,430,veri,0
VeRi/image_train/0430_c001_00057070_0.jpg,430,veri,0
VeRi/image_train/0430_c001_00057075_0.jpg,430,veri,0
VeRi/image_train/0430_c001_00057080_0.jpg,430,veri,0
VeRi/image_train/0430_c001_00057085_0.jpg,430,veri,0
VeRi/image_train/0430_c002_00055565_1.jpg,430,veri,1
VeRi/image_train/0430_c002_00055580_1.jpg,430,veri,1
VeRi/image_train/0430_c002_00055605_0.jpg,430,veri,1
VeRi/image_train/0430_c002_00055615_0.jpg,430,veri,1
VeRi/image_train/0430_c002_00055625_1.jpg,430,veri,1
VeRi/image_train/0430_c002_00055695_0.jpg,430,veri,1
VeRi/image_train/0430_c003_00053880_0.jpg,430,veri,2
VeRi/image_train/0430_c003_00053900_0.jpg,430,veri,2
VeRi/image_train/0430_c003_00053915_0.jpg,430,veri,2
VeRi/image_train/0430_c003_00053930_0.jpg,430,veri,2
VeRi/image_train/0430_c003_00053940_0.jpg,430,veri,2
VeRi/image_train/0430_c003_00053955_2.jpg,430,veri,2
VeRi/image_train/0430_c004_00053815_0.jpg,430,veri,3
VeRi/image_train/0430_c004_00053830_0.jpg,430,veri,3
VeRi/image_train/0430_c004_00053840_0.jpg,430,veri,3
VeRi/image_train/0430_c004_00053855_0.jpg,430,veri,3
VeRi/image_train/0430_c004_00053870_0.jpg,430,veri,3
VeRi/image_train/0430_c004_00053890_2.jpg,430,veri,3
VeRi/image_train/0430_c006_00054455_0.jpg,430,veri,5
VeRi/image_train/0430_c006_00054475_0.jpg,430,veri,5
VeRi/image_train/0430_c006_00054490_0.jpg,430,veri,5
VeRi/image_train/0430_c006_00054500_0.jpg,430,veri,5
VeRi/image_train/0430_c006_00054520_0.jpg,430,veri,5
VeRi/image_train/0430_c010_00054405_0.jpg,430,veri,9
VeRi/image_train/0430_c010_00054410_0.jpg,430,veri,9
VeRi/image_train/0430_c010_00054415_0.jpg,430,veri,9
VeRi/image_train/0430_c010_00054420_0.jpg,430,veri,9
VeRi/image_train/0430_c010_00054425_0.jpg,430,veri,9
VeRi/image_train/0430_c010_00054430_0.jpg,430,veri,9
VeRi/image_train/0430_c011_00054450_0.jpg,430,veri,10
VeRi/image_train/0430_c011_00054470_0.jpg,430,veri,10
VeRi/image_train/0430_c011_00054475_0.jpg,430,veri,10
VeRi/image_train/0430_c011_00054495_0.jpg,430,veri,10
VeRi/image_train/0430_c011_00054505_1.jpg,430,veri,10
VeRi/image_train/0430_c012_00057650_0.jpg,430,veri,11
VeRi/image_train/0430_c012_00057660_0.jpg,430,veri,11
VeRi/image_train/0430_c012_00057670_0.jpg,430,veri,11
VeRi/image_train/0430_c012_00057675_0.jpg,430,veri,11
VeRi/image_train/0430_c012_00057680_0.jpg,430,veri,11
VeRi/image_train/0430_c012_00057685_0.jpg,430,veri,11
VeRi/image_train/0430_c013_00057515_0.jpg,430,veri,12
VeRi/image_train/0430_c013_00057520_0.jpg,430,veri,12
VeRi/image_train/0430_c013_00057525_0.jpg,430,veri,12
VeRi/image_train/0430_c013_00057530_0.jpg,430,veri,12
VeRi/image_train/0430_c013_00057535_0.jpg,430,veri,12
VeRi/image_train/0430_c013_00057540_0.jpg,430,veri,12
VeRi/image_train/0430_c014_00059185_0.jpg,430,veri,13
VeRi/image_train/0430_c014_00059190_0.jpg,430,veri,13
VeRi/image_train/0430_c014_00059195_0.jpg,430,veri,13
VeRi/image_train/0430_c014_00059200_0.jpg,430,veri,13
VeRi/image_train/0430_c014_00059205_0.jpg,430,veri,13
VeRi/image_train/0430_c014_00059210_0.jpg,430,veri,13
VeRi/image_train/0430_c015_00058960_0.jpg,430,veri,14
VeRi/image_train/0430_c015_00058965_0.jpg,430,veri,14
VeRi/image_train/0430_c015_00058970_0.jpg,430,veri,14
VeRi/image_train/0430_c015_00058975_0.jpg,430,veri,14
VeRi/image_train/0430_c015_00058980_0.jpg,430,veri,14
VeRi/image_train/0430_c015_00058995_0.jpg,430,veri,14
VeRi/image_train/0430_c016_00059610_0.jpg,430,veri,15
VeRi/image_train/0430_c016_00059635_0.jpg,430,veri,15
VeRi/image_train/0430_c016_00059710_0.jpg,430,veri,15
VeRi/image_train/0430_c016_00059760_0.jpg,430,veri,15
VeRi/image_train/0430_c016_00059765_0.jpg,430,veri,15
VeRi/image_train/0430_c016_00059790_0.jpg,430,veri,15
VeRi/image_train/0430_c017_00058190_0.jpg,430,veri,16
VeRi/image_train/0430_c017_00058195_0.jpg,430,veri,16
VeRi/image_train/0430_c017_00058200_0.jpg,430,veri,16
VeRi/image_train/0430_c017_00058210_0.jpg,430,veri,16
VeRi/image_train/0430_c017_00058220_0.jpg,430,veri,16
VeRi/image_train/0430_c017_00058230_0.jpg,430,veri,16
VeRi/image_train/0430_c019_00058425_0.jpg,430,veri,18
VeRi/image_train/0430_c019_00058435_0.jpg,430,veri,18
VeRi/image_train/0430_c019_00058450_0.jpg,430,veri,18
VeRi/image_train/0430_c019_00058465_0.jpg,430,veri,18
VeRi/image_train/0430_c019_00058470_1.jpg,430,veri,18
VeRi/image_train/0430_c019_00058475_1.jpg,430,veri,18
VeRi/image_train/0431_c014_00055955_0.jpg,431,veri,13
VeRi/image_train/0431_c014_00055960_0.jpg,431,veri,13
VeRi/image_train/0431_c014_00055965_0.jpg,431,veri,13
VeRi/image_train/0431_c014_00055970_0.jpg,431,veri,13
VeRi/image_train/0431_c014_00055975_0.jpg,431,veri,13
VeRi/image_train/0431_c014_00055980_0.jpg,431,veri,13
VeRi/image_train/0431_c014_00067910_0.jpg,431,veri,13
VeRi/image_train/0431_c014_00067915_0.jpg,431,veri,13
VeRi/image_train/0431_c014_00067920_0.jpg,431,veri,13
VeRi/image_train/0431_c014_00067925_0.jpg,431,veri,13
VeRi/image_train/0431_c014_00067930_0.jpg,431,veri,13
VeRi/image_train/0431_c014_00067935_0.jpg,431,veri,13
VeRi/image_train/0431_c015_00055980_0.jpg,431,veri,14
VeRi/image_train/0431_c015_00055995_0.jpg,431,veri,14
VeRi/image_train/0431_c015_00056000_0.jpg,431,veri,14
VeRi/image_train/0431_c015_00056005_0.jpg,431,veri,14
VeRi/image_train/0431_c015_00056010_0.jpg,431,veri,14
VeRi/image_train/0431_c015_00056015_0.jpg,431,veri,14
VeRi/image_train/0431_c015_00067710_0.jpg,431,veri,14
VeRi/image_train/0431_c015_00067715_0.jpg,431,veri,14
VeRi/image_train/0431_c015_00067720_0.jpg,431,veri,14
VeRi/image_train/0431_c015_00067725_0.jpg,431,veri,14
VeRi/image_train/0431_c015_00067730_0.jpg,431,veri,14
VeRi/image_train/0431_c015_00067735_0.jpg,431,veri,14
VeRi/image_train/0431_c016_00055730_0.jpg,431,veri,15
VeRi/image_train/0431_c016_00055735_0.jpg,431,veri,15
VeRi/image_train/0431_c016_00055740_0.jpg,431,veri,15
VeRi/image_train/0431_c016_00055745_0.jpg,431,veri,15
VeRi/image_train/0431_c016_00055750_0.jpg,431,veri,15
VeRi/image_train/0431_c016_00055755_0.jpg,431,veri,15
VeRi/image_train/0431_c016_00068605_1.jpg,431,veri,15
VeRi/image_train/0431_c016_00068610_0.jpg,431,veri,15
VeRi/image_train/0431_c016_00068615_0.jpg,431,veri,15
VeRi/image_train/0431_c016_00068620_0.jpg,431,veri,15
VeRi/image_train/0431_c016_00068625_0.jpg,431,veri,15
VeRi/image_train/0431_c016_00068630_0.jpg,431,veri,15
VeRi/image_train/0431_c017_00065960_0.jpg,431,veri,16
VeRi/image_train/0431_c017_00065965_0.jpg,431,veri,16
VeRi/image_train/0431_c017_00065980_0.jpg,431,veri,16
VeRi/image_train/0431_c017_00066000_0.jpg,431,veri,16
VeRi/image_train/0431_c017_00066015_0.jpg,431,veri,16
VeRi/image_train/0431_c017_00066040_0.jpg,431,veri,16
VeRi/image_train/0431_c017_00066535_0.jpg,431,veri,16
VeRi/image_train/0431_c017_00066540_0.jpg,431,veri,16
VeRi/image_train/0431_c017_00066550_0.jpg,431,veri,16
VeRi/image_train/0431_c017_00066560_0.jpg,431,veri,16
VeRi/image_train/0431_c017_00066570_0.jpg,431,veri,16
VeRi/image_train/0431_c017_00066595_0.jpg,431,veri,16
VeRi/image_train/0431_c019_00065685_0.jpg,431,veri,18
VeRi/image_train/0431_c019_00065690_0.jpg,431,veri,18
VeRi/image_train/0431_c019_00065695_0.jpg,431,veri,18
VeRi/image_train/0431_c019_00065710_0.jpg,431,veri,18
VeRi/image_train/0431_c019_00065720_0.jpg,431,veri,18
VeRi/image_train/0431_c019_00065730_0.jpg,431,veri,18
VeRi/image_train/0431_c019_00066860_0.jpg,431,veri,18
VeRi/image_train/0431_c019_00066875_0.jpg,431,veri,18
VeRi/image_train/0431_c019_00066890_0.jpg,431,veri,18
VeRi/image_train/0431_c019_00066905_0.jpg,431,veri,18
VeRi/image_train/0431_c019_00066915_0.jpg,431,veri,18
VeRi/image_train/0431_c019_00066925_0.jpg,431,veri,18
VeRi/image_train/0437_c001_00000140_0.jpg,437,veri,0
VeRi/image_train/0437_c001_00000145_0.jpg,437,veri,0
VeRi/image_train/0437_c001_00000150_0.jpg,437,veri,0
VeRi/image_train/0437_c001_00000155_0.jpg,437,veri,0
VeRi/image_train/0437_c001_00000160_0.jpg,437,veri,0
VeRi/image_train/0437_c013_00009990_0.jpg,437,veri,12
VeRi/image_train/0437_c013_00010000_0.jpg,437,veri,12
VeRi/image_train/0437_c013_00010010_0.jpg,437,veri,12
VeRi/image_train/0437_c013_00010020_0.jpg,437,veri,12
VeRi/image_train/0437_c013_00010035_0.jpg,437,veri,12
VeRi/image_train/0437_c013_00010045_0.jpg,437,veri,12
VeRi/image_train/0437_c014_00012385_0.jpg,437,veri,13
VeRi/image_train/0437_c014_00012390_0.jpg,437,veri,13
VeRi/image_train/0437_c014_00012395_0.jpg,437,veri,13
VeRi/image_train/0437_c014_00012400_0.jpg,437,veri,13
VeRi/image_train/0437_c014_00012405_0.jpg,437,veri,13
VeRi/image_train/0437_c014_00012410_0.jpg,437,veri,13
VeRi/image_train/0437_c015_00012280_0.jpg,437,veri,14
VeRi/image_train/0437_c015_00012285_0.jpg,437,veri,14
VeRi/image_train/0437_c015_00012290_0.jpg,437,veri,14
VeRi/image_train/0437_c015_00012295_0.jpg,437,veri,14
VeRi/image_train/0437_c015_00012300_0.jpg,437,veri,14
VeRi/image_train/0437_c016_00012670_0.jpg,437,veri,15
VeRi/image_train/0437_c016_00012675_0.jpg,437,veri,15
VeRi/image_train/0437_c016_00012680_0.jpg,437,veri,15
VeRi/image_train/0437_c016_00012685_0.jpg,437,veri,15
VeRi/image_train/0437_c016_00012690_0.jpg,437,veri,15
VeRi/image_train/0437_c016_00012695_0.jpg,437,veri,15
VeRi/image_train/0437_c017_00011215_0.jpg,437,veri,16
VeRi/image_train/0437_c017_00011225_0.jpg,437,veri,16
VeRi/image_train/0437_c017_00011235_0.jpg,437,veri,16
VeRi/image_train/0437_c017_00011255_0.jpg,437,veri,16
VeRi/image_train/0437_c017_00011270_0.jpg,437,veri,16
VeRi/image_train/0437_c017_00011300_0.jpg,437,veri,16
VeRi/image_train/0437_c019_00011505_0.jpg,437,veri,18
VeRi/image_train/0437_c019_00011525_0.jpg,437,veri,18
VeRi/image_train/0437_c019_00011530_0.jpg,437,veri,18
VeRi/image_train/0437_c019_00011560_0.jpg,437,veri,18
VeRi/image_train/0437_c019_00011585_0.jpg,437,veri,18
VeRi/image_train/0437_c019_00011605_0.jpg,437,veri,18
VeRi/image_train/0044_c002_00009075_0.jpg,44,veri,1
VeRi/image_train/0044_c002_00009095_0.jpg,44,veri,1
VeRi/image_train/0044_c002_00009110_0.jpg,44,veri,1
VeRi/image_train/0044_c002_00009145_0.jpg,44,veri,1
VeRi/image_train/0044_c002_00009190_0.jpg,44,veri,1
VeRi/image_train/0044_c002_00009440_0.jpg,44,veri,1
VeRi/image_train/0044_c002_00009455_0.jpg,44,veri,1
VeRi/image_train/0044_c002_00009470_0.jpg,44,veri,1
VeRi/image_train/0044_c002_00009485_0.jpg,44,veri,1
VeRi/image_train/0044_c002_00009505_0.jpg,44,veri,1
VeRi/image_train/0044_c002_00009530_0.jpg,44,veri,1
VeRi/image_train/0044_c003_00024355_0.jpg,44,veri,2
VeRi/image_train/0044_c003_00024365_0.jpg,44,veri,2
VeRi/image_train/0044_c003_00024375_0.jpg,44,veri,2
VeRi/image_train/0044_c003_00024385_0.jpg,44,veri,2
VeRi/image_train/0044_c003_00024395_0.jpg,44,veri,2
VeRi/image_train/0044_c003_00024420_0.jpg,44,veri,2
VeRi/image_train/0044_c004_00024280_0.jpg,44,veri,3
VeRi/image_train/0044_c004_00024315_0.jpg,44,veri,3
VeRi/image_train/0044_c004_00024325_0.jpg,44,veri,3
VeRi/image_train/0044_c004_00024335_0.jpg,44,veri,3
VeRi/image_train/0044_c004_00024360_0.jpg,44,veri,3
VeRi/image_train/0044_c004_00024375_0.jpg,44,veri,3
VeRi/image_train/0044_c006_00023580_1.jpg,44,veri,5
VeRi/image_train/0044_c006_00023590_1.jpg,44,veri,5
VeRi/image_train/0044_c006_00023605_0.jpg,44,veri,5
VeRi/image_train/0044_c006_00023620_0.jpg,44,veri,5
VeRi/image_train/0044_c006_00023635_0.jpg,44,veri,5
VeRi/image_train/0044_c006_00023645_0.jpg,44,veri,5
VeRi/image_train/0044_c010_00023740_0.jpg,44,veri,9
VeRi/image_train/0044_c010_00023745_0.jpg,44,veri,9
VeRi/image_train/0044_c010_00023750_0.jpg,44,veri,9
VeRi/image_train/0044_c010_00023755_0.jpg,44,veri,9
VeRi/image_train/0044_c010_00023760_0.jpg,44,veri,9
VeRi/image_train/0044_c010_00023765_0.jpg,44,veri,9
VeRi/image_train/0044_c011_00023525_1.jpg,44,veri,10
VeRi/image_train/0044_c011_00023535_0.jpg,44,veri,10
VeRi/image_train/0044_c011_00023545_0.jpg,44,veri,10
VeRi/image_train/0044_c011_00023555_0.jpg,44,veri,10
VeRi/image_train/0044_c011_00023565_0.jpg,44,veri,10
VeRi/image_train/0044_c011_00023575_0.jpg,44,veri,10
VeRi/image_train/0440_c001_00028865_0.jpg,440,veri,0
VeRi/image_train/0440_c001_00028870_0.jpg,440,veri,0
VeRi/image_train/0440_c001_00028875_0.jpg,440,veri,0
VeRi/image_train/0440_c001_00028880_0.jpg,440,veri,0
VeRi/image_train/0440_c001_00028885_0.jpg,440,veri,0
VeRi/image_train/0440_c001_00028890_0.jpg,440,veri,0
VeRi/image_train/0440_c001_00033990_1.jpg,440,veri,0
VeRi/image_train/0440_c001_00034000_0.jpg,440,veri,0
VeRi/image_train/0440_c001_00034010_0.jpg,440,veri,0
VeRi/image_train/0440_c001_00034020_0.jpg,440,veri,0
VeRi/image_train/0440_c001_00034030_0.jpg,440,veri,0
VeRi/image_train/0440_c001_00034040_0.jpg,440,veri,0
VeRi/image_train/0440_c002_00026975_1.jpg,440,veri,1
VeRi/image_train/0440_c002_00027015_1.jpg,440,veri,1
VeRi/image_train/0440_c002_00027035_1.jpg,440,veri,1
VeRi/image_train/0440_c002_00027055_0.jpg,440,veri,1
VeRi/image_train/0440_c002_00027075_0.jpg,440,veri,1
VeRi/image_train/0440_c002_00027085_0.jpg,440,veri,1
VeRi/image_train/0440_c003_00024105_0.jpg,440,veri,2
VeRi/image_train/0440_c003_00024115_0.jpg,440,veri,2
VeRi/image_train/0440_c003_00024125_0.jpg,440,veri,2
VeRi/image_train/0440_c003_00024130_0.jpg,440,veri,2
VeRi/image_train/0440_c003_00024135_0.jpg,440,veri,2
VeRi/image_train/0440_c003_00024145_0.jpg,440,veri,2
VeRi/image_train/0440_c004_00024020_0.jpg,440,veri,3
VeRi/image_train/0440_c004_00024025_0.jpg,440,veri,3
VeRi/image_train/0440_c004_00024030_0.jpg,440,veri,3
VeRi/image_train/0440_c004_00024035_0.jpg,440,veri,3
VeRi/image_train/0440_c004_00024040_0.jpg,440,veri,3
VeRi/image_train/0440_c004_00024045_0.jpg,440,veri,3
VeRi/image_train/0440_c006_00024625_0.jpg,440,veri,5
VeRi/image_train/0440_c006_00024635_0.jpg,440,veri,5
VeRi/image_train/0440_c006_00024645_0.jpg,440,veri,5
VeRi/image_train/0440_c006_00024660_0.jpg,440,veri,5
VeRi/image_train/0440_c006_00024675_0.jpg,440,veri,5
VeRi/image_train/0440_c006_00024685_0.jpg,440,veri,5
VeRi/image_train/0440_c008_00023890_0.jpg,440,veri,7
VeRi/image_train/0440_c008_00023905_0.jpg,440,veri,7
VeRi/image_train/0440_c008_00023920_0.jpg,440,veri,7
VeRi/image_train/0440_c008_00023930_0.jpg,440,veri,7
VeRi/image_train/0440_c008_00023940_0.jpg,440,veri,7
VeRi/image_train/0440_c009_00023925_0.jpg,440,veri,8
VeRi/image_train/0440_c009_00023930_0.jpg,440,veri,8
VeRi/image_train/0440_c009_00023935_0.jpg,440,veri,8
VeRi/image_train/0440_c009_00023940_0.jpg,440,veri,8
VeRi/image_train/0440_c009_00023945_0.jpg,440,veri,8
VeRi/image_train/0440_c009_00023950_0.jpg,440,veri,8
VeRi/image_train/0440_c010_00024580_0.jpg,440,veri,9
VeRi/image_train/0440_c010_00024585_1.jpg,440,veri,9
VeRi/image_train/0440_c010_00024590_1.jpg,440,veri,9
VeRi/image_train/0440_c010_00024600_1.jpg,440,veri,9
VeRi/image_train/0440_c011_00024585_0.jpg,440,veri,10
VeRi/image_train/0440_c011_00024590_0.jpg,440,veri,10
VeRi/image_train/0440_c011_00024600_0.jpg,440,veri,10
VeRi/image_train/0440_c011_00024610_0.jpg,440,veri,10
VeRi/image_train/0440_c011_00024630_0.jpg,440,veri,10
VeRi/image_train/0440_c011_00024695_0.jpg,440,veri,10
VeRi/image_train/0440_c012_00029430_0.jpg,440,veri,11
VeRi/image_train/0440_c012_00029435_0.jpg,440,veri,11
VeRi/image_train/0440_c012_00029440_0.jpg,440,veri,11
VeRi/image_train/0440_c012_00029445_0.jpg,440,veri,11
VeRi/image_train/0440_c012_00029450_0.jpg,440,veri,11
VeRi/image_train/0440_c012_00029455_0.jpg,440,veri,11
VeRi/image_train/0440_c012_00032020_0.jpg,440,veri,11
VeRi/image_train/0440_c012_00032025_0.jpg,440,veri,11
VeRi/image_train/0440_c012_00032030_0.jpg,440,veri,11
VeRi/image_train/0440_c012_00032035_0.jpg,440,veri,11
VeRi/image_train/0440_c012_00032040_0.jpg,440,veri,11
VeRi/image_train/0440_c012_00032045_0.jpg,440,veri,11
VeRi/image_train/0440_c013_00029250_0.jpg,440,veri,12
VeRi/image_train/0440_c013_00029255_1.jpg,440,veri,12
VeRi/image_train/0440_c013_00029265_1.jpg,440,veri,12
VeRi/image_train/0440_c013_00029280_0.jpg,440,veri,12
VeRi/image_train/0440_c013_00029290_0.jpg,440,veri,12
VeRi/image_train/0440_c013_00029295_0.jpg,440,veri,12
VeRi/image_train/0440_c013_00032125_0.jpg,440,veri,12
VeRi/image_train/0440_c013_00032135_0.jpg,440,veri,12
VeRi/image_train/0440_c013_00032145_0.jpg,440,veri,12
VeRi/image_train/0440_c013_00032155_0.jpg,440,veri,12
VeRi/image_train/0442_c002_00006145_0.jpg,442,veri,1
VeRi/image_train/0442_c002_00006160_0.jpg,442,veri,1
VeRi/image_train/0442_c002_00006175_0.jpg,442,veri,1
VeRi/image_train/0442_c002_00006190_0.jpg,442,veri,1
VeRi/image_train/0442_c002_00006220_0.jpg,442,veri,1
VeRi/image_train/0442_c002_00006260_0.jpg,442,veri,1
VeRi/image_train/0442_c003_00008605_0.jpg,442,veri,2
VeRi/image_train/0442_c003_00008615_0.jpg,442,veri,2
VeRi/image_train/0442_c003_00008625_0.jpg,442,veri,2
VeRi/image_train/0442_c003_00008635_0.jpg,442,veri,2
VeRi/image_train/0442_c003_00008645_0.jpg,442,veri,2
VeRi/image_train/0442_c003_00008655_0.jpg,442,veri,2
VeRi/image_train/0442_c004_00008525_0.jpg,442,veri,3
VeRi/image_train/0442_c004_00008535_0.jpg,442,veri,3
VeRi/image_train/0442_c004_00008545_0.jpg,442,veri,3
VeRi/image_train/0442_c004_00008555_0.jpg,442,veri,3
VeRi/image_train/0442_c004_00008565_0.jpg,442,veri,3
VeRi/image_train/0442_c004_00008575_0.jpg,442,veri,3
VeRi/image_train/0442_c006_00007790_1.jpg,442,veri,5
VeRi/image_train/0442_c006_00007805_2.jpg,442,veri,5
VeRi/image_train/0442_c006_00007820_1.jpg,442,veri,5
VeRi/image_train/0442_c006_00007845_0.jpg,442,veri,5
VeRi/image_train/0442_c006_00007870_0.jpg,442,veri,5
VeRi/image_train/0442_c006_00007890_0.jpg,442,veri,5
VeRi/image_train/0442_c008_00008870_0.jpg,442,veri,7
VeRi/image_train/0442_c008_00008875_0.jpg,442,veri,7
VeRi/image_train/0442_c008_00008880_0.jpg,442,veri,7
VeRi/image_train/0442_c008_00008885_0.jpg,442,veri,7
VeRi/image_train/0442_c009_00008740_0.jpg,442,veri,8
VeRi/image_train/0442_c009_00008745_0.jpg,442,veri,8
VeRi/image_train/0442_c009_00008750_0.jpg,442,veri,8
VeRi/image_train/0442_c009_00008755_0.jpg,442,veri,8
VeRi/image_train/0442_c010_00008035_0.jpg,442,veri,9
VeRi/image_train/0442_c010_00008040_0.jpg,442,veri,9
VeRi/image_train/0442_c010_00008045_0.jpg,442,veri,9
VeRi/image_train/0442_c010_00008060_1.jpg,442,veri,9
VeRi/image_train/0442_c010_00008065_1.jpg,442,veri,9
VeRi/image_train/0442_c010_00008070_1.jpg,442,veri,9
VeRi/image_train/0442_c011_00007685_0.jpg,442,veri,10
VeRi/image_train/0442_c011_00007715_0.jpg,442,veri,10
VeRi/image_train/0442_c011_00007725_0.jpg,442,veri,10
VeRi/image_train/0442_c011_00007735_0.jpg,442,veri,10
VeRi/image_train/0442_c011_00007745_0.jpg,442,veri,10
VeRi/image_train/0442_c011_00007785_0.jpg,442,veri,10
VeRi/image_train/0443_c002_00014370_1.jpg,443,veri,1
VeRi/image_train/0443_c002_00014380_1.jpg,443,veri,1
VeRi/image_train/0443_c002_00014390_1.jpg,443,veri,1
VeRi/image_train/0443_c002_00014400_1.jpg,443,veri,1
VeRi/image_train/0443_c002_00014420_0.jpg,443,veri,1
VeRi/image_train/0443_c003_00020900_1.jpg,443,veri,2
VeRi/image_train/0443_c003_00020910_0.jpg,443,veri,2
VeRi/image_train/0443_c003_00020920_0.jpg,443,veri,2
VeRi/image_train/0443_c003_00020930_0.jpg,443,veri,2
VeRi/image_train/0443_c003_00020940_0.jpg,443,veri,2
VeRi/image_train/0443_c003_00020945_0.jpg,443,veri,2
VeRi/image_train/0443_c004_00020845_1.jpg,443,veri,3
VeRi/image_train/0443_c004_00020860_1.jpg,443,veri,3
VeRi/image_train/0443_c004_00020880_0.jpg,443,veri,3
VeRi/image_train/0443_c004_00020890_0.jpg,443,veri,3
VeRi/image_train/0443_c004_00020900_0.jpg,443,veri,3
VeRi/image_train/0443_c004_00020910_0.jpg,443,veri,3
VeRi/image_train/0443_c005_00021770_0.jpg,443,veri,4
VeRi/image_train/0443_c005_00021795_0.jpg,443,veri,4
VeRi/image_train/0443_c005_00021825_0.jpg,443,veri,4
VeRi/image_train/0443_c005_00021850_0.jpg,443,veri,4
VeRi/image_train/0443_c005_00021875_0.jpg,443,veri,4
VeRi/image_train/0443_c005_00021895_0.jpg,443,veri,4
VeRi/image_train/0443_c006_00015095_1.jpg,443,veri,5
VeRi/image_train/0443_c006_00015110_1.jpg,443,veri,5
VeRi/image_train/0443_c006_00015125_1.jpg,443,veri,5
VeRi/image_train/0443_c006_00015140_0.jpg,443,veri,5
VeRi/image_train/0443_c006_00015160_0.jpg,443,veri,5
VeRi/image_train/0443_c006_00015170_0.jpg,443,veri,5
VeRi/image_train/0443_c007_00021910_0.jpg,443,veri,6
VeRi/image_train/0443_c007_00021915_0.jpg,443,veri,6
VeRi/image_train/0443_c007_00021925_0.jpg,443,veri,6
VeRi/image_train/0443_c007_00021935_0.jpg,443,veri,6
VeRi/image_train/0443_c007_00021945_0.jpg,443,veri,6
VeRi/image_train/0443_c007_00021950_0.jpg,443,veri,6
VeRi/image_train/0443_c008_00021150_0.jpg,443,veri,7
VeRi/image_train/0443_c008_00021155_0.jpg,443,veri,7
VeRi/image_train/0443_c008_00021160_0.jpg,443,veri,7
VeRi/image_train/0443_c008_00021165_0.jpg,443,veri,7
VeRi/image_train/0443_c008_00021170_0.jpg,443,veri,7
VeRi/image_train/0443_c009_00021060_0.jpg,443,veri,8
VeRi/image_train/0443_c009_00021065_0.jpg,443,veri,8
VeRi/image_train/0443_c009_00021070_0.jpg,443,veri,8
VeRi/image_train/0443_c009_00021075_0.jpg,443,veri,8
VeRi/image_train/0443_c009_00021085_0.jpg,443,veri,8
VeRi/image_train/0443_c010_00015270_1.jpg,443,veri,9
VeRi/image_train/0443_c010_00015275_0.jpg,443,veri,9
VeRi/image_train/0443_c010_00015280_0.jpg,443,veri,9
VeRi/image_train/0443_c010_00015285_0.jpg,443,veri,9
VeRi/image_train/0443_c010_00015290_0.jpg,443,veri,9
VeRi/image_train/0443_c010_00015295_0.jpg,443,veri,9
VeRi/image_train/0443_c011_00015075_1.jpg,443,veri,10
VeRi/image_train/0443_c011_00015085_0.jpg,443,veri,10
VeRi/image_train/0443_c011_00015095_0.jpg,443,veri,10
VeRi/image_train/0443_c011_00015105_0.jpg,443,veri,10
VeRi/image_train/0443_c011_00015115_0.jpg,443,veri,10
VeRi/image_train/0443_c011_00015120_0.jpg,443,veri,10
VeRi/image_train/0451_c014_00055925_0.jpg,451,veri,13
VeRi/image_train/0451_c014_00055930_0.jpg,451,veri,13
VeRi/image_train/0451_c014_00055935_0.jpg,451,veri,13
VeRi/image_train/0451_c014_00055940_0.jpg,451,veri,13
VeRi/image_train/0451_c014_00055945_0.jpg,451,veri,13
VeRi/image_train/0451_c014_00055950_0.jpg,451,veri,13
VeRi/image_train/0451_c015_00055950_0.jpg,451,veri,14
VeRi/image_train/0451_c015_00055955_0.jpg,451,veri,14
VeRi/image_train/0451_c015_00055960_0.jpg,451,veri,14
VeRi/image_train/0451_c015_00055965_0.jpg,451,veri,14
VeRi/image_train/0451_c015_00055970_0.jpg,451,veri,14
VeRi/image_train/0451_c015_00055975_0.jpg,451,veri,14
VeRi/image_train/0451_c016_00055670_0.jpg,451,veri,15
VeRi/image_train/0451_c016_00055675_0.jpg,451,veri,15
VeRi/image_train/0451_c016_00055680_0.jpg,451,veri,15
VeRi/image_train/0451_c016_00055685_0.jpg,451,veri,15
VeRi/image_train/0451_c016_00055690_0.jpg,451,veri,15
VeRi/image_train/0451_c016_00055695_0.jpg,451,veri,15
VeRi/image_train/0466_c001_00012240_0.jpg,466,veri,0
VeRi/image_train/0466_c001_00012245_0.jpg,466,veri,0
VeRi/image_train/0466_c001_00012250_0.jpg,466,veri,0
VeRi/image_train/0466_c001_00012260_0.jpg,466,veri,0
VeRi/image_train/0466_c001_00012265_0.jpg,466,veri,0
VeRi/image_train/0466_c001_00012270_0.jpg,466,veri,0
VeRi/image_train/0466_c002_00012690_0.jpg,466,veri,1
VeRi/image_train/0466_c002_00012700_0.jpg,466,veri,1
VeRi/image_train/0466_c002_00012710_0.jpg,466,veri,1
VeRi/image_train/0466_c002_00012720_0.jpg,466,veri,1
VeRi/image_train/0466_c002_00012730_0.jpg,466,veri,1
VeRi/image_train/0466_c002_00012740_0.jpg,466,veri,1
VeRi/image_train/0466_c012_00011930_0.jpg,466,veri,11
VeRi/image_train/0466_c012_00011940_0.jpg,466,veri,11
VeRi/image_train/0466_c012_00011950_0.jpg,466,veri,11
VeRi/image_train/0466_c012_00011960_0.jpg,466,veri,11
VeRi/image_train/0466_c012_00011965_0.jpg,466,veri,11
VeRi/image_train/0466_c012_00011970_0.jpg,466,veri,11
VeRi/image_train/0466_c013_00012040_0.jpg,466,veri,12
VeRi/image_train/0466_c013_00012050_0.jpg,466,veri,12
VeRi/image_train/0466_c013_00012055_0.jpg,466,veri,12
VeRi/image_train/0466_c013_00012065_0.jpg,466,veri,12
VeRi/image_train/0466_c013_00012100_0.jpg,466,veri,12
VeRi/image_train/0466_c014_00010555_0.jpg,466,veri,13
VeRi/image_train/0466_c014_00010560_0.jpg,466,veri,13
VeRi/image_train/0466_c014_00010565_0.jpg,466,veri,13
VeRi/image_train/0466_c014_00010570_0.jpg,466,veri,13
VeRi/image_train/0466_c014_00010575_0.jpg,466,veri,13
VeRi/image_train/0466_c014_00010580_0.jpg,466,veri,13
VeRi/image_train/0466_c015_00010595_0.jpg,466,veri,14
VeRi/image_train/0466_c015_00010600_0.jpg,466,veri,14
VeRi/image_train/0466_c015_00010605_0.jpg,466,veri,14
VeRi/image_train/0466_c015_00010610_0.jpg,466,veri,14
VeRi/image_train/0466_c015_00010615_0.jpg,466,veri,14
VeRi/image_train/0466_c015_00010620_0.jpg,466,veri,14
VeRi/image_train/0466_c016_00010425_0.jpg,466,veri,15
VeRi/image_train/0466_c016_00010430_0.jpg,466,veri,15
VeRi/image_train/0466_c016_00010435_0.jpg,466,veri,15
VeRi/image_train/0466_c016_00010440_0.jpg,466,veri,15
VeRi/image_train/0466_c016_00010445_0.jpg,466,veri,15
VeRi/image_train/0466_c019_00011170_0.jpg,466,veri,18
VeRi/image_train/0466_c019_00011175_0.jpg,466,veri,18
VeRi/image_train/0466_c019_00011180_0.jpg,466,veri,18
VeRi/image_train/0466_c019_00011185_0.jpg,466,veri,18
VeRi/image_train/0466_c019_00011195_0.jpg,466,veri,18
VeRi/image_train/0466_c019_00011205_0.jpg,466,veri,18
VeRi/image_train/0468_c001_00004720_1.jpg,468,veri,0
VeRi/image_train/0468_c001_00004730_1.jpg,468,veri,0
VeRi/image_train/0468_c001_00004740_1.jpg,468,veri,0
VeRi/image_train/0468_c001_00004750_0.jpg,468,veri,0
VeRi/image_train/0468_c001_00004760_0.jpg,468,veri,0
VeRi/image_train/0468_c001_00004765_0.jpg,468,veri,0
VeRi/image_train/0468_c002_00005250_0.jpg,468,veri,1
VeRi/image_train/0468_c002_00005260_0.jpg,468,veri,1
VeRi/image_train/0468_c002_00005270_0.jpg,468,veri,1
VeRi/image_train/0468_c002_00005280_0.jpg,468,veri,1
VeRi/image_train/0468_c002_00005305_0.jpg,468,veri,1
VeRi/image_train/0468_c002_00005325_0.jpg,468,veri,1
VeRi/image_train/0468_c002_00010125_0.jpg,468,veri,1
VeRi/image_train/0468_c002_00010135_0.jpg,468,veri,1
VeRi/image_train/0468_c002_00010150_0.jpg,468,veri,1
VeRi/image_train/0468_c002_00010165_0.jpg,468,veri,1
VeRi/image_train/0468_c002_00010180_0.jpg,468,veri,1
VeRi/image_train/0468_c002_00010215_0.jpg,468,veri,1
VeRi/image_train/0468_c002_00012155_0.jpg,468,veri,1
VeRi/image_train/0468_c002_00012165_0.jpg,468,veri,1
VeRi/image_train/0468_c002_00012175_0.jpg,468,veri,1
VeRi/image_train/0468_c002_00012185_0.jpg,468,veri,1
VeRi/image_train/0468_c002_00012195_0.jpg,468,veri,1
VeRi/image_train/0468_c002_00012225_0.jpg,468,veri,1
VeRi/image_train/0468_c004_00007125_0.jpg,468,veri,3
VeRi/image_train/0468_c004_00007135_0.jpg,468,veri,3
VeRi/image_train/0468_c004_00007145_0.jpg,468,veri,3
VeRi/image_train/0468_c004_00007175_0.jpg,468,veri,3
VeRi/image_train/0468_c004_00007200_0.jpg,468,veri,3
VeRi/image_train/0468_c004_00007225_0.jpg,468,veri,3
VeRi/image_train/0468_c006_00006005_0.jpg,468,veri,5
VeRi/image_train/0468_c006_00006035_0.jpg,468,veri,5
VeRi/image_train/0468_c006_00006070_0.jpg,468,veri,5
VeRi/image_train/0468_c006_00006160_0.jpg,468,veri,5
VeRi/image_train/0468_c006_00006225_0.jpg,468,veri,5
VeRi/image_train/0468_c006_00006260_0.jpg,468,veri,5
VeRi/image_train/0468_c006_00008160_0.jpg,468,veri,5
VeRi/image_train/0468_c006_00008175_1.jpg,468,veri,5
VeRi/image_train/0468_c006_00008190_1.jpg,468,veri,5
VeRi/image_train/0468_c006_00008205_1.jpg,468,veri,5
VeRi/image_train/0468_c006_00008230_1.jpg,468,veri,5
VeRi/image_train/0468_c006_00008265_0.jpg,468,veri,5
VeRi/image_train/0468_c010_00006460_0.jpg,468,veri,9
VeRi/image_train/0468_c010_00006465_0.jpg,468,veri,9
VeRi/image_train/0468_c010_00006475_0.jpg,468,veri,9
VeRi/image_train/0468_c010_00006485_0.jpg,468,veri,9
VeRi/image_train/0468_c010_00006490_0.jpg,468,veri,9
VeRi/image_train/0468_c010_00006500_0.jpg,468,veri,9
VeRi/image_train/0468_c010_00007875_0.jpg,468,veri,9
VeRi/image_train/0468_c010_00007880_0.jpg,468,veri,9
VeRi/image_train/0468_c010_00007885_0.jpg,468,veri,9
VeRi/image_train/0468_c010_00007890_0.jpg,468,veri,9
VeRi/image_train/0468_c010_00007895_0.jpg,468,veri,9
VeRi/image_train/0468_c010_00007900_0.jpg,468,veri,9
VeRi/image_train/0468_c011_00005905_0.jpg,468,veri,10
VeRi/image_train/0468_c011_00005930_0.jpg,468,veri,10
VeRi/image_train/0468_c011_00005955_0.jpg,468,veri,10
VeRi/image_train/0468_c011_00005980_0.jpg,468,veri,10
VeRi/image_train/0468_c011_00006025_0.jpg,468,veri,10
VeRi/image_train/0468_c011_00006145_0.jpg,468,veri,10
VeRi/image_train/0468_c011_00008135_0.jpg,468,veri,10
VeRi/image_train/0468_c011_00008150_0.jpg,468,veri,10
VeRi/image_train/0468_c011_00008165_0.jpg,468,veri,10
VeRi/image_train/0468_c011_00008180_0.jpg,468,veri,10
VeRi/image_train/0468_c011_00008195_0.jpg,468,veri,10
VeRi/image_train/0468_c011_00008305_0.jpg,468,veri,10
VeRi/image_train/0468_c012_00002985_0.jpg,468,veri,11
VeRi/image_train/0468_c012_00002990_0.jpg,468,veri,11
VeRi/image_train/0468_c012_00003000_0.jpg,468,veri,11
VeRi/image_train/0468_c012_00003005_0.jpg,468,veri,11
VeRi/image_train/0468_c012_00003015_0.jpg,468,veri,11
VeRi/image_train/0468_c012_00003020_0.jpg,468,veri,11
VeRi/image_train/0468_c013_00003120_0.jpg,468,veri,12
VeRi/image_train/0468_c013_00003125_1.jpg,468,veri,12
VeRi/image_train/0468_c013_00003135_1.jpg,468,veri,12
VeRi/image_train/0468_c013_00003155_0.jpg,468,veri,12
VeRi/image_train/0468_c014_00001320_0.jpg,468,veri,13
VeRi/image_train/0468_c014_00001325_0.jpg,468,veri,13
VeRi/image_train/0468_c014_00001335_0.jpg,468,veri,13
VeRi/image_train/0468_c014_00001340_0.jpg,468,veri,13
VeRi/image_train/0468_c014_00001345_0.jpg,468,veri,13
VeRi/image_train/0468_c014_00001360_1.jpg,468,veri,13
VeRi/image_train/0468_c014_00001365_0.jpg,468,veri,13
VeRi/image_train/0468_c014_00001370_1.jpg,468,veri,13
VeRi/image_train/0468_c014_00001375_0.jpg,468,veri,13
VeRi/image_train/0468_c014_00001380_0.jpg,468,veri,13
VeRi/image_train/0468_c014_00001385_0.jpg,468,veri,13
VeRi/image_train/0468_c014_00001390_0.jpg,468,veri,13
VeRi/image_train/0468_c015_00001440_0.jpg,468,veri,14
VeRi/image_train/0468_c015_00001445_0.jpg,468,veri,14
VeRi/image_train/0468_c015_00001455_0.jpg,468,veri,14
VeRi/image_train/0468_c015_00001460_0.jpg,468,veri,14
VeRi/image_train/0468_c015_00001465_0.jpg,468,veri,14
VeRi/image_train/0468_c015_00001470_0.jpg,468,veri,14
VeRi/image_train/0468_c016_00001075_1.jpg,468,veri,15
VeRi/image_train/0468_c016_00001080_0.jpg,468,veri,15
VeRi/image_train/0468_c016_00001085_0.jpg,468,veri,15
VeRi/image_train/0468_c016_00001090_0.jpg,468,veri,15
VeRi/image_train/0468_c016_00001100_0.jpg,468,veri,15
VeRi/image_train/0468_c016_00001105_0.jpg,468,veri,15
VeRi/image_train/0468_c017_00002305_0.jpg,468,veri,16
VeRi/image_train/0468_c017_00002330_0.jpg,468,veri,16
VeRi/image_train/0468_c017_00002340_0.jpg,468,veri,16
VeRi/image_train/0468_c017_00002375_0.jpg,468,veri,16
VeRi/image_train/0468_c017_00002390_0.jpg,468,veri,16
VeRi/image_train/0468_c019_00002120_1.jpg,468,veri,18
VeRi/image_train/0468_c019_00002125_0.jpg,468,veri,18
VeRi/image_train/0468_c019_00002130_0.jpg,468,veri,18
VeRi/image_train/0468_c019_00002165_0.jpg,468,veri,18
VeRi/image_train/0468_c019_00002170_0.jpg,468,veri,18
VeRi/image_train/0468_c019_00002175_0.jpg,468,veri,18
VeRi/image_train/0047_c002_00072060_1.jpg,47,veri,1
VeRi/image_train/0047_c002_00072080_1.jpg,47,veri,1
VeRi/image_train/0047_c002_00072100_1.jpg,47,veri,1
VeRi/image_train/0047_c002_00072120_1.jpg,47,veri,1
VeRi/image_train/0047_c002_00072140_1.jpg,47,veri,1
VeRi/image_train/0047_c002_00072175_0.jpg,47,veri,1
VeRi/image_train/0047_c002_00072410_0.jpg,47,veri,1
VeRi/image_train/0047_c002_00072420_0.jpg,47,veri,1
VeRi/image_train/0047_c002_00072430_0.jpg,47,veri,1
VeRi/image_train/0047_c002_00072440_0.jpg,47,veri,1
VeRi/image_train/0047_c002_00072450_0.jpg,47,veri,1
VeRi/image_train/0047_c002_00072460_0.jpg,47,veri,1
VeRi/image_train/0047_c003_00032355_1.jpg,47,veri,2
VeRi/image_train/0047_c003_00032365_1.jpg,47,veri,2
VeRi/image_train/0047_c003_00032375_0.jpg,47,veri,2
VeRi/image_train/0047_c003_00032390_0.jpg,47,veri,2
VeRi/image_train/0047_c003_00032400_0.jpg,47,veri,2
VeRi/image_train/0047_c003_00032410_0.jpg,47,veri,2
VeRi/image_train/0047_c003_00067075_0.jpg,47,veri,2
VeRi/image_train/0047_c003_00067080_0.jpg,47,veri,2
VeRi/image_train/0047_c003_00067085_0.jpg,47,veri,2
VeRi/image_train/0047_c003_00067090_0.jpg,47,veri,2
VeRi/image_train/0047_c003_00067095_0.jpg,47,veri,2
VeRi/image_train/0047_c003_00067100_0.jpg,47,veri,2
VeRi/image_train/0047_c003_00070340_0.jpg,47,veri,2
VeRi/image_train/0047_c003_00070345_0.jpg,47,veri,2
VeRi/image_train/0047_c003_00070350_0.jpg,47,veri,2
VeRi/image_train/0047_c003_00070355_0.jpg,47,veri,2
VeRi/image_train/0047_c003_00070360_0.jpg,47,veri,2
VeRi/image_train/0047_c004_00032285_2.jpg,47,veri,3
VeRi/image_train/0047_c004_00032290_0.jpg,47,veri,3
VeRi/image_train/0047_c004_00032295_0.jpg,47,veri,3
VeRi/image_train/0047_c004_00032300_0.jpg,47,veri,3
VeRi/image_train/0047_c004_00032305_0.jpg,47,veri,3
VeRi/image_train/0047_c004_00032310_0.jpg,47,veri,3
VeRi/image_train/0047_c004_00067035_0.jpg,47,veri,3
VeRi/image_train/0047_c004_00067040_0.jpg,47,veri,3
VeRi/image_train/0047_c004_00067045_0.jpg,47,veri,3
VeRi/image_train/0047_c004_00067050_0.jpg,47,veri,3
VeRi/image_train/0047_c004_00067055_0.jpg,47,veri,3
VeRi/image_train/0047_c004_00067060_0.jpg,47,veri,3
VeRi/image_train/0047_c004_00070245_0.jpg,47,veri,3
VeRi/image_train/0047_c004_00070250_0.jpg,47,veri,3
VeRi/image_train/0047_c004_00070255_0.jpg,47,veri,3
VeRi/image_train/0047_c004_00070260_0.jpg,47,veri,3
VeRi/image_train/0047_c004_00070265_0.jpg,47,veri,3
VeRi/image_train/0047_c004_00070270_0.jpg,47,veri,3
VeRi/image_train/0047_c005_00067735_1.jpg,47,veri,4
VeRi/image_train/0047_c005_00067745_1.jpg,47,veri,4
VeRi/image_train/0047_c005_00067755_1.jpg,47,veri,4
VeRi/image_train/0047_c005_00067765_1.jpg,47,veri,4
VeRi/image_train/0047_c005_00067780_0.jpg,47,veri,4
VeRi/image_train/0047_c005_00067805_0.jpg,47,veri,4
VeRi/image_train/0047_c006_00033000_0.jpg,47,veri,5
VeRi/image_train/0047_c006_00033010_0.jpg,47,veri,5
VeRi/image_train/0047_c006_00033015_0.jpg,47,veri,5
VeRi/image_train/0047_c006_00033025_0.jpg,47,veri,5
VeRi/image_train/0047_c006_00033035_0.jpg,47,veri,5
VeRi/image_train/0047_c006_00033050_0.jpg,47,veri,5
VeRi/image_train/0047_c006_00066280_1.jpg,47,veri,5
VeRi/image_train/0047_c006_00066315_2.jpg,47,veri,5
VeRi/image_train/0047_c006_00066345_2.jpg,47,veri,5
VeRi/image_train/0047_c006_00066385_2.jpg,47,veri,5
VeRi/image_train/0047_c006_00066405_0.jpg,47,veri,5
VeRi/image_train/0047_c006_00066425_1.jpg,47,veri,5
VeRi/image_train/0047_c006_00070725_0.jpg,47,veri,5
VeRi/image_train/0047_c006_00070735_0.jpg,47,veri,5
VeRi/image_train/0047_c006_00070745_0.jpg,47,veri,5
VeRi/image_train/0047_c006_00070755_0.jpg,47,veri,5
VeRi/image_train/0047_c006_00070765_0.jpg,47,veri,5
VeRi/image_train/0047_c006_00070780_0.jpg,47,veri,5
VeRi/image_train/0047_c007_00067840_0.jpg,47,veri,6
VeRi/image_train/0047_c007_00067845_0.jpg,47,veri,6
VeRi/image_train/0047_c007_00067850_0.jpg,47,veri,6
VeRi/image_train/0047_c007_00067860_0.jpg,47,veri,6
VeRi/image_train/0047_c007_00067865_0.jpg,47,veri,6
VeRi/image_train/0047_c008_00032085_0.jpg,47,veri,7
VeRi/image_train/0047_c008_00032090_1.jpg,47,veri,7
VeRi/image_train/0047_c008_00032105_0.jpg,47,veri,7
VeRi/image_train/0047_c008_00032115_0.jpg,47,veri,7
VeRi/image_train/0047_c008_00032125_0.jpg,47,veri,7
VeRi/image_train/0047_c008_00032130_0.jpg,47,veri,7
VeRi/image_train/0047_c008_00067315_0.jpg,47,veri,7
VeRi/image_train/0047_c008_00067320_0.jpg,47,veri,7
VeRi/image_train/0047_c008_00067325_0.jpg,47,veri,7
VeRi/image_train/0047_c008_00067330_0.jpg,47,veri,7
VeRi/image_train/0047_c008_00067335_1.jpg,47,veri,7
VeRi/image_train/0047_c008_00067340_1.jpg,47,veri,7
VeRi/image_train/0047_c008_00070150_0.jpg,47,veri,7
VeRi/image_train/0047_c008_00070155_0.jpg,47,veri,7
VeRi/image_train/0047_c008_00070160_0.jpg,47,veri,7
VeRi/image_train/0047_c008_00070165_0.jpg,47,veri,7
VeRi/image_train/0047_c008_00070170_0.jpg,47,veri,7
VeRi/image_train/0047_c008_00070175_0.jpg,47,veri,7
VeRi/image_train/0047_c009_00032200_0.jpg,47,veri,8
VeRi/image_train/0047_c009_00032205_0.jpg,47,veri,8
VeRi/image_train/0047_c009_00032210_0.jpg,47,veri,8
VeRi/image_train/0047_c009_00032215_0.jpg,47,veri,8
VeRi/image_train/0047_c009_00032220_0.jpg,47,veri,8
VeRi/image_train/0047_c009_00032225_0.jpg,47,veri,8
VeRi/image_train/0047_c009_00067260_0.jpg,47,veri,8
VeRi/image_train/0047_c009_00067265_0.jpg,47,veri,8
VeRi/image_train/0047_c009_00067270_0.jpg,47,veri,8
VeRi/image_train/0047_c009_00067275_0.jpg,47,veri,8
VeRi/image_train/0047_c009_00070200_0.jpg,47,veri,8
VeRi/image_train/0047_c009_00070205_0.jpg,47,veri,8
VeRi/image_train/0047_c009_00070210_0.jpg,47,veri,8
VeRi/image_train/0047_c009_00070215_0.jpg,47,veri,8
VeRi/image_train/0047_c009_00070220_0.jpg,47,veri,8
VeRi/image_train/0047_c009_00070225_0.jpg,47,veri,8
VeRi/image_train/0047_c010_00032940_0.jpg,47,veri,9
VeRi/image_train/0047_c010_00032945_0.jpg,47,veri,9
VeRi/image_train/0047_c010_00032950_0.jpg,47,veri,9
VeRi/image_train/0047_c010_00032955_0.jpg,47,veri,9
VeRi/image_train/0047_c010_00032960_0.jpg,47,veri,9
VeRi/image_train/0047_c010_00032965_0.jpg,47,veri,9
VeRi/image_train/0047_c010_00066540_1.jpg,47,veri,9
VeRi/image_train/0047_c010_00066545_0.jpg,47,veri,9
VeRi/image_train/0047_c010_00066550_0.jpg,47,veri,9
VeRi/image_train/0047_c010_00066555_0.jpg,47,veri,9
VeRi/image_train/0047_c010_00066560_0.jpg,47,veri,9
VeRi/image_train/0047_c010_00066565_0.jpg,47,veri,9
VeRi/image_train/0047_c010_00070725_0.jpg,47,veri,9
VeRi/image_train/0047_c010_00070730_0.jpg,47,veri,9
VeRi/image_train/0047_c010_00070735_0.jpg,47,veri,9
VeRi/image_train/0047_c010_00070740_0.jpg,47,veri,9
VeRi/image_train/0047_c010_00070745_0.jpg,47,veri,9
VeRi/image_train/0047_c011_00032960_0.jpg,47,veri,10
VeRi/image_train/0047_c011_00032970_0.jpg,47,veri,10
VeRi/image_train/0047_c011_00032975_0.jpg,47,veri,10
VeRi/image_train/0047_c011_00032980_0.jpg,47,veri,10
VeRi/image_train/0047_c011_00032985_0.jpg,47,veri,10
VeRi/image_train/0047_c011_00032990_0.jpg,47,veri,10
VeRi/image_train/0047_c011_00066345_1.jpg,47,veri,10
VeRi/image_train/0047_c011_00066355_1.jpg,47,veri,10
VeRi/image_train/0047_c011_00066365_0.jpg,47,veri,10
VeRi/image_train/0047_c011_00066375_0.jpg,47,veri,10
VeRi/image_train/0047_c011_00066385_0.jpg,47,veri,10
VeRi/image_train/0047_c011_00066395_0.jpg,47,veri,10
VeRi/image_train/0047_c011_00070740_0.jpg,47,veri,10
VeRi/image_train/0047_c011_00070745_0.jpg,47,veri,10
VeRi/image_train/0047_c011_00070750_0.jpg,47,veri,10
VeRi/image_train/0047_c011_00070760_0.jpg,47,veri,10
VeRi/image_train/0047_c011_00070765_0.jpg,47,veri,10
VeRi/image_train/0047_c011_00070775_0.jpg,47,veri,10
VeRi/image_train/0470_c001_00004710_0.jpg,470,veri,0
VeRi/image_train/0470_c001_00004715_0.jpg,470,veri,0
VeRi/image_train/0470_c001_00004720_0.jpg,470,veri,0
VeRi/image_train/0470_c001_00004725_0.jpg,470,veri,0
VeRi/image_train/0470_c001_00004730_0.jpg,470,veri,0
VeRi/image_train/0470_c001_00004735_0.jpg,470,veri,0
VeRi/image_train/0470_c002_00003285_0.jpg,470,veri,1
VeRi/image_train/0470_c002_00003295_0.jpg,470,veri,1
VeRi/image_train/0470_c002_00003305_0.jpg,470,veri,1
VeRi/image_train/0470_c002_00003315_0.jpg,470,veri,1
VeRi/image_train/0470_c002_00003325_0.jpg,470,veri,1
VeRi/image_train/0470_c002_00003335_0.jpg,470,veri,1
VeRi/image_train/0470_c003_00002395_0.jpg,470,veri,2
VeRi/image_train/0470_c003_00002400_0.jpg,470,veri,2
VeRi/image_train/0470_c003_00002405_0.jpg,470,veri,2
VeRi/image_train/0470_c003_00002410_0.jpg,470,veri,2
VeRi/image_train/0470_c003_00002415_0.jpg,470,veri,2
VeRi/image_train/0470_c003_00002420_0.jpg,470,veri,2
VeRi/image_train/0470_c004_00002295_0.jpg,470,veri,3
VeRi/image_train/0470_c004_00002300_0.jpg,470,veri,3
VeRi/image_train/0470_c004_00002305_0.jpg,470,veri,3
VeRi/image_train/0470_c004_00002310_0.jpg,470,veri,3
VeRi/image_train/0470_c004_00002315_0.jpg,470,veri,3
VeRi/image_train/0470_c004_00002320_0.jpg,470,veri,3
VeRi/image_train/0470_c006_00002865_0.jpg,470,veri,5
VeRi/image_train/0470_c006_00002880_0.jpg,470,veri,5
VeRi/image_train/0470_c006_00002890_0.jpg,470,veri,5
VeRi/image_train/0470_c006_00002895_0.jpg,470,veri,5
VeRi/image_train/0470_c006_00002905_0.jpg,470,veri,5
VeRi/image_train/0470_c006_00002920_0.jpg,470,veri,5
VeRi/image_train/0470_c008_00002210_0.jpg,470,veri,7
VeRi/image_train/0470_c008_00002220_0.jpg,470,veri,7
VeRi/image_train/0470_c008_00002230_0.jpg,470,veri,7
VeRi/image_train/0470_c008_00002235_0.jpg,470,veri,7
VeRi/image_train/0470_c008_00002240_0.jpg,470,veri,7
VeRi/image_train/0470_c008_00002245_0.jpg,470,veri,7
VeRi/image_train/0470_c009_00002235_0.jpg,470,veri,8
VeRi/image_train/0470_c009_00002245_0.jpg,470,veri,8
VeRi/image_train/0470_c009_00002255_0.jpg,470,veri,8
VeRi/image_train/0470_c009_00002265_0.jpg,470,veri,8
VeRi/image_train/0470_c009_00002275_0.jpg,470,veri,8
VeRi/image_train/0470_c010_00002825_0.jpg,470,veri,9
VeRi/image_train/0470_c010_00002830_0.jpg,470,veri,9
VeRi/image_train/0470_c010_00002835_0.jpg,470,veri,9
VeRi/image_train/0470_c010_00002840_0.jpg,470,veri,9
VeRi/image_train/0470_c010_00002845_0.jpg,470,veri,9
VeRi/image_train/0470_c010_00002850_0.jpg,470,veri,9
VeRi/image_train/0470_c011_00002830_0.jpg,470,veri,10
VeRi/image_train/0470_c011_00002835_0.jpg,470,veri,10
VeRi/image_train/0470_c011_00002840_0.jpg,470,veri,10
VeRi/image_train/0470_c011_00002845_0.jpg,470,veri,10
VeRi/image_train/0470_c011_00002850_0.jpg,470,veri,10
VeRi/image_train/0470_c011_00002855_0.jpg,470,veri,10
VeRi/image_train/0470_c012_00005155_1.jpg,470,veri,11
VeRi/image_train/0470_c012_00005160_1.jpg,470,veri,11
VeRi/image_train/0470_c012_00005165_1.jpg,470,veri,11
VeRi/image_train/0470_c012_00005170_1.jpg,470,veri,11
VeRi/image_train/0470_c012_00005175_0.jpg,470,veri,11
VeRi/image_train/0470_c012_00005180_0.jpg,470,veri,11
VeRi/image_train/0470_c013_00005055_0.jpg,470,veri,12
VeRi/image_train/0470_c013_00005065_0.jpg,470,veri,12
VeRi/image_train/0470_c013_00005075_0.jpg,470,veri,12
VeRi/image_train/0470_c014_00006265_1.jpg,470,veri,13
VeRi/image_train/0470_c014_00006270_1.jpg,470,veri,13
VeRi/image_train/0470_c014_00006275_0.jpg,470,veri,13
VeRi/image_train/0470_c014_00006290_1.jpg,470,veri,13
VeRi/image_train/0470_c014_00006295_0.jpg,470,veri,13
VeRi/image_train/0470_c015_00006145_0.jpg,470,veri,14
VeRi/image_train/0470_c015_00006150_1.jpg,470,veri,14
VeRi/image_train/0470_c015_00006155_0.jpg,470,veri,14
VeRi/image_train/0470_c015_00006160_0.jpg,470,veri,14
VeRi/image_train/0470_c015_00006165_0.jpg,470,veri,14
VeRi/image_train/0470_c015_00006170_0.jpg,470,veri,14
VeRi/image_train/0470_c016_00006505_0.jpg,470,veri,15
VeRi/image_train/0470_c016_00006510_0.jpg,470,veri,15
VeRi/image_train/0470_c016_00006515_0.jpg,470,veri,15
VeRi/image_train/0470_c016_00006520_0.jpg,470,veri,15
VeRi/image_train/0470_c017_00005555_0.jpg,470,veri,16
VeRi/image_train/0470_c017_00005565_0.jpg,470,veri,16
VeRi/image_train/0470_c017_00005570_0.jpg,470,veri,16
VeRi/image_train/0470_c017_00005575_0.jpg,470,veri,16
VeRi/image_train/0470_c017_00005580_0.jpg,470,veri,16
VeRi/image_train/0470_c017_00005585_0.jpg,470,veri,16
VeRi/image_train/0470_c019_00005700_0.jpg,470,veri,18
VeRi/image_train/0470_c019_00005715_0.jpg,470,veri,18
VeRi/image_train/0470_c019_00005725_0.jpg,470,veri,18
VeRi/image_train/0470_c019_00005730_0.jpg,470,veri,18
VeRi/image_train/0470_c019_00005735_0.jpg,470,veri,18
VeRi/image_train/0470_c019_00005745_0.jpg,470,veri,18
VeRi/image_train/0471_c001_00024425_0.jpg,471,veri,0
VeRi/image_train/0471_c001_00024435_0.jpg,471,veri,0
VeRi/image_train/0471_c001_00024445_0.jpg,471,veri,0
VeRi/image_train/0471_c001_00024455_0.jpg,471,veri,0
VeRi/image_train/0471_c001_00024465_0.jpg,471,veri,0
VeRi/image_train/0471_c001_00024475_0.jpg,471,veri,0
VeRi/image_train/0471_c012_00023250_1.jpg,471,veri,11
VeRi/image_train/0471_c012_00023255_1.jpg,471,veri,11
VeRi/image_train/0471_c012_00023290_0.jpg,471,veri,11
VeRi/image_train/0471_c013_00023335_0.jpg,471,veri,12
VeRi/image_train/0471_c013_00023345_0.jpg,471,veri,12
VeRi/image_train/0471_c013_00023360_0.jpg,471,veri,12
VeRi/image_train/0471_c013_00023375_0.jpg,471,veri,12
VeRi/image_train/0471_c014_00021585_1.jpg,471,veri,13
VeRi/image_train/0471_c014_00021590_1.jpg,471,veri,13
VeRi/image_train/0471_c014_00021620_0.jpg,471,veri,13
VeRi/image_train/0471_c014_00021640_0.jpg,471,veri,13
VeRi/image_train/0471_c014_00021650_0.jpg,471,veri,13
VeRi/image_train/0471_c014_00021655_0.jpg,471,veri,13
VeRi/image_train/0471_c015_00021650_0.jpg,471,veri,14
VeRi/image_train/0471_c015_00021655_0.jpg,471,veri,14
VeRi/image_train/0471_c015_00021660_0.jpg,471,veri,14
VeRi/image_train/0471_c015_00021665_0.jpg,471,veri,14
VeRi/image_train/0471_c015_00021670_0.jpg,471,veri,14
VeRi/image_train/0471_c015_00021675_0.jpg,471,veri,14
VeRi/image_train/0471_c016_00021370_0.jpg,471,veri,15
VeRi/image_train/0471_c016_00021375_0.jpg,471,veri,15
VeRi/image_train/0471_c016_00021380_0.jpg,471,veri,15
VeRi/image_train/0471_c016_00021385_0.jpg,471,veri,15
VeRi/image_train/0471_c016_00021390_0.jpg,471,veri,15
VeRi/image_train/0471_c016_00021395_0.jpg,471,veri,15
VeRi/image_train/0471_c017_00022550_2.jpg,471,veri,16
VeRi/image_train/0471_c017_00022565_1.jpg,471,veri,16
VeRi/image_train/0471_c017_00022580_2.jpg,471,veri,16
VeRi/image_train/0471_c017_00022590_0.jpg,471,veri,16
VeRi/image_train/0471_c017_00022595_1.jpg,471,veri,16
VeRi/image_train/0471_c017_00022610_1.jpg,471,veri,16
VeRi/image_train/0471_c019_00022350_0.jpg,471,veri,18
VeRi/image_train/0471_c019_00022355_0.jpg,471,veri,18
VeRi/image_train/0471_c019_00022365_0.jpg,471,veri,18
VeRi/image_train/0471_c019_00022375_0.jpg,471,veri,18
VeRi/image_train/0475_c001_00017110_0.jpg,475,veri,0
VeRi/image_train/0475_c001_00017115_0.jpg,475,veri,0
VeRi/image_train/0475_c001_00017120_0.jpg,475,veri,0
VeRi/image_train/0475_c001_00017125_0.jpg,475,veri,0
VeRi/image_train/0475_c001_00017130_0.jpg,475,veri,0
VeRi/image_train/0475_c001_00017135_0.jpg,475,veri,0
VeRi/image_train/0475_c002_00016220_0.jpg,475,veri,1
VeRi/image_train/0475_c002_00016250_0.jpg,475,veri,1
VeRi/image_train/0475_c002_00016270_0.jpg,475,veri,1
VeRi/image_train/0475_c002_00016290_0.jpg,475,veri,1
VeRi/image_train/0475_c002_00016310_0.jpg,475,veri,1
VeRi/image_train/0475_c002_00016330_0.jpg,475,veri,1
VeRi/image_train/0475_c012_00017805_0.jpg,475,veri,11
VeRi/image_train/0475_c012_00017810_0.jpg,475,veri,11
VeRi/image_train/0475_c012_00017815_0.jpg,475,veri,11
VeRi/image_train/0475_c012_00017820_0.jpg,475,veri,11
VeRi/image_train/0475_c012_00017825_0.jpg,475,veri,11
VeRi/image_train/0475_c012_00017835_0.jpg,475,veri,11
VeRi/image_train/0475_c013_00017605_0.jpg,475,veri,12
VeRi/image_train/0475_c013_00017620_0.jpg,475,veri,12
VeRi/image_train/0475_c013_00017630_0.jpg,475,veri,12
VeRi/image_train/0475_c013_00017640_0.jpg,475,veri,12
VeRi/image_train/0475_c013_00017650_0.jpg,475,veri,12
VeRi/image_train/0475_c013_00017660_0.jpg,475,veri,12
VeRi/image_train/0475_c014_00019995_0.jpg,475,veri,13
VeRi/image_train/0475_c014_00020000_0.jpg,475,veri,13
VeRi/image_train/0475_c014_00020005_0.jpg,475,veri,13
VeRi/image_train/0475_c014_00020010_0.jpg,475,veri,13
VeRi/image_train/0475_c014_00020015_0.jpg,475,veri,13
VeRi/image_train/0475_c014_00020020_0.jpg,475,veri,13
VeRi/image_train/0475_c015_00019845_0.jpg,475,veri,14
VeRi/image_train/0475_c015_00019850_0.jpg,475,veri,14
VeRi/image_train/0475_c015_00019855_0.jpg,475,veri,14
VeRi/image_train/0475_c015_00019860_0.jpg,475,veri,14
VeRi/image_train/0475_c015_00019865_0.jpg,475,veri,14
VeRi/image_train/0475_c015_00019870_0.jpg,475,veri,14
VeRi/image_train/0475_c016_00020340_0.jpg,475,veri,15
VeRi/image_train/0475_c016_00020345_0.jpg,475,veri,15
VeRi/image_train/0475_c016_00020350_0.jpg,475,veri,15
VeRi/image_train/0475_c016_00020355_0.jpg,475,veri,15
VeRi/image_train/0475_c016_00020360_0.jpg,475,veri,15
VeRi/image_train/0475_c016_00020365_0.jpg,475,veri,15
VeRi/image_train/0475_c017_00018695_0.jpg,475,veri,16
VeRi/image_train/0475_c017_00018700_0.jpg,475,veri,16
VeRi/image_train/0475_c017_00018715_0.jpg,475,veri,16
VeRi/image_train/0475_c017_00018730_0.jpg,475,veri,16
VeRi/image_train/0475_c017_00018745_0.jpg,475,veri,16
VeRi/image_train/0475_c017_00018760_0.jpg,475,veri,16
VeRi/image_train/0475_c019_00018965_0.jpg,475,veri,18
VeRi/image_train/0475_c019_00018975_0.jpg,475,veri,18
VeRi/image_train/0475_c019_00018985_0.jpg,475,veri,18
VeRi/image_train/0475_c019_00018995_0.jpg,475,veri,18
VeRi/image_train/0475_c019_00019020_0.jpg,475,veri,18
VeRi/image_train/0475_c019_00019030_0.jpg,475,veri,18
VeRi/image_train/0479_c001_00016690_0.jpg,479,veri,0
VeRi/image_train/0479_c001_00016700_0.jpg,479,veri,0
VeRi/image_train/0479_c001_00016710_0.jpg,479,veri,0
VeRi/image_train/0479_c001_00016720_0.jpg,479,veri,0
VeRi/image_train/0479_c001_00016730_0.jpg,479,veri,0
VeRi/image_train/0479_c001_00016740_0.jpg,479,veri,0
VeRi/image_train/0479_c002_00017250_1.jpg,479,veri,1
VeRi/image_train/0479_c002_00017260_1.jpg,479,veri,1
VeRi/image_train/0479_c002_00017270_1.jpg,479,veri,1
VeRi/image_train/0479_c002_00017280_1.jpg,479,veri,1
VeRi/image_train/0479_c002_00017310_1.jpg,479,veri,1
VeRi/image_train/0479_c002_00017325_0.jpg,479,veri,1
VeRi/image_train/0479_c003_00060200_0.jpg,479,veri,2
VeRi/image_train/0479_c003_00060205_0.jpg,479,veri,2
VeRi/image_train/0479_c003_00060210_0.jpg,479,veri,2
VeRi/image_train/0479_c003_00060215_0.jpg,479,veri,2
VeRi/image_train/0479_c003_00060220_0.jpg,479,veri,2
VeRi/image_train/0479_c003_00060225_0.jpg,479,veri,2
VeRi/image_train/0479_c004_00060135_0.jpg,479,veri,3
VeRi/image_train/0479_c004_00060145_0.jpg,479,veri,3
VeRi/image_train/0479_c004_00060155_0.jpg,479,veri,3
VeRi/image_train/0479_c004_00060160_0.jpg,479,veri,3
VeRi/image_train/0479_c004_00060165_0.jpg,479,veri,3
VeRi/image_train/0479_c004_00060170_0.jpg,479,veri,3
VeRi/image_train/0479_c005_00061015_0.jpg,479,veri,4
VeRi/image_train/0479_c005_00061035_0.jpg,479,veri,4
VeRi/image_train/0479_c005_00061045_0.jpg,479,veri,4
VeRi/image_train/0479_c005_00061060_0.jpg,479,veri,4
VeRi/image_train/0479_c005_00061075_0.jpg,479,veri,4
VeRi/image_train/0479_c005_00061090_0.jpg,479,veri,4
VeRi/image_train/0479_c006_00059365_0.jpg,479,veri,5
VeRi/image_train/0479_c006_00059380_0.jpg,479,veri,5
VeRi/image_train/0479_c006_00059395_0.jpg,479,veri,5
VeRi/image_train/0479_c006_00059405_0.jpg,479,veri,5
VeRi/image_train/0479_c006_00059410_0.jpg,479,veri,5
VeRi/image_train/0479_c006_00059420_0.jpg,479,veri,5
VeRi/image_train/0479_c007_00061100_0.jpg,479,veri,6
VeRi/image_train/0479_c007_00061110_0.jpg,479,veri,6
VeRi/image_train/0479_c007_00061120_0.jpg,479,veri,6
VeRi/image_train/0479_c007_00061125_0.jpg,479,veri,6
VeRi/image_train/0479_c007_00061130_0.jpg,479,veri,6
VeRi/image_train/0479_c007_00061135_0.jpg,479,veri,6
VeRi/image_train/0479_c008_00060455_0.jpg,479,veri,7
VeRi/image_train/0479_c008_00060460_0.jpg,479,veri,7
VeRi/image_train/0479_c008_00060465_1.jpg,479,veri,7
VeRi/image_train/0479_c008_00060470_0.jpg,479,veri,7
VeRi/image_train/0479_c009_00060405_0.jpg,479,veri,8
VeRi/image_train/0479_c009_00060410_0.jpg,479,veri,8
VeRi/image_train/0479_c009_00060415_0.jpg,479,veri,8
VeRi/image_train/0479_c010_00059550_0.jpg,479,veri,9
VeRi/image_train/0479_c010_00059555_0.jpg,479,veri,9
VeRi/image_train/0479_c010_00059560_0.jpg,479,veri,9
VeRi/image_train/0479_c010_00059565_0.jpg,479,veri,9
VeRi/image_train/0479_c010_00059570_0.jpg,479,veri,9
VeRi/image_train/0479_c010_00059575_0.jpg,479,veri,9
VeRi/image_train/0479_c011_00059330_0.jpg,479,veri,10
VeRi/image_train/0479_c011_00059345_0.jpg,479,veri,10
VeRi/image_train/0479_c011_00059360_0.jpg,479,veri,10
VeRi/image_train/0479_c011_00059370_0.jpg,479,veri,10
VeRi/image_train/0479_c011_00059380_0.jpg,479,veri,10
VeRi/image_train/0479_c011_00059390_0.jpg,479,veri,10
VeRi/image_train/0479_c012_00015385_0.jpg,479,veri,11
VeRi/image_train/0479_c012_00015390_0.jpg,479,veri,11
VeRi/image_train/0479_c012_00015395_0.jpg,479,veri,11
VeRi/image_train/0479_c012_00015400_0.jpg,479,veri,11
VeRi/image_train/0479_c012_00015405_0.jpg,479,veri,11
VeRi/image_train/0479_c012_00015415_0.jpg,479,veri,11
VeRi/image_train/0479_c013_00015500_0.jpg,479,veri,12
VeRi/image_train/0479_c013_00015510_0.jpg,479,veri,12
VeRi/image_train/0479_c013_00015525_0.jpg,479,veri,12
VeRi/image_train/0479_c013_00015530_0.jpg,479,veri,12
VeRi/image_train/0479_c013_00015545_0.jpg,479,veri,12
VeRi/image_train/0479_c013_00015550_0.jpg,479,veri,12
VeRi/image_train/0479_c015_00013755_0.jpg,479,veri,14
VeRi/image_train/0479_c015_00013760_1.jpg,479,veri,14
VeRi/image_train/0479_c015_00013765_1.jpg,479,veri,14
VeRi/image_train/0479_c015_00013770_1.jpg,479,veri,14
VeRi/image_train/0479_c015_00013780_0.jpg,479,veri,14
VeRi/image_train/0479_c016_00013410_0.jpg,479,veri,15
VeRi/image_train/0479_c016_00013415_0.jpg,479,veri,15
VeRi/image_train/0479_c016_00013420_0.jpg,479,veri,15
VeRi/image_train/0479_c016_00013425_0.jpg,479,veri,15
VeRi/image_train/0479_c016_00013430_0.jpg,479,veri,15
VeRi/image_train/0479_c016_00013435_0.jpg,479,veri,15
VeRi/image_train/0479_c017_00014645_0.jpg,479,veri,16
VeRi/image_train/0479_c017_00014665_1.jpg,479,veri,16
VeRi/image_train/0479_c017_00014685_1.jpg,479,veri,16
VeRi/image_train/0479_c017_00014710_1.jpg,479,veri,16
VeRi/image_train/0479_c017_00014725_1.jpg,479,veri,16
VeRi/image_train/0479_c017_00014765_0.jpg,479,veri,16
VeRi/image_train/0479_c019_00014470_0.jpg,479,veri,18
VeRi/image_train/0479_c019_00014480_0.jpg,479,veri,18
VeRi/image_train/0479_c019_00014485_0.jpg,479,veri,18
VeRi/image_train/0479_c019_00014490_0.jpg,479,veri,18
VeRi/image_train/0479_c019_00014495_0.jpg,479,veri,18
VeRi/image_train/0479_c019_00014500_0.jpg,479,veri,18
VeRi/image_train/0487_c003_00027165_1.jpg,487,veri,2
VeRi/image_train/0487_c003_00027205_0.jpg,487,veri,2
VeRi/image_train/0487_c003_00027220_0.jpg,487,veri,2
VeRi/image_train/0487_c003_00027235_0.jpg,487,veri,2
VeRi/image_train/0487_c003_00027250_0.jpg,487,veri,2
VeRi/image_train/0487_c003_00027260_0.jpg,487,veri,2
VeRi/image_train/0487_c004_00027105_0.jpg,487,veri,3
VeRi/image_train/0487_c004_00027125_0.jpg,487,veri,3
VeRi/image_train/0487_c004_00027145_1.jpg,487,veri,3
VeRi/image_train/0487_c004_00027175_1.jpg,487,veri,3
VeRi/image_train/0487_c004_00027200_0.jpg,487,veri,3
VeRi/image_train/0487_c004_00027210_0.jpg,487,veri,3
VeRi/image_train/0487_c005_00028055_0.jpg,487,veri,4
VeRi/image_train/0487_c005_00028070_0.jpg,487,veri,4
VeRi/image_train/0487_c005_00028085_0.jpg,487,veri,4
VeRi/image_train/0487_c005_00028100_0.jpg,487,veri,4
VeRi/image_train/0487_c005_00028120_0.jpg,487,veri,4
VeRi/image_train/0487_c005_00028135_0.jpg,487,veri,4
VeRi/image_train/0487_c006_00026115_1.jpg,487,veri,5
VeRi/image_train/0487_c006_00026135_1.jpg,487,veri,5
VeRi/image_train/0487_c006_00026150_1.jpg,487,veri,5
VeRi/image_train/0487_c006_00026170_0.jpg,487,veri,5
VeRi/image_train/0487_c006_00026180_0.jpg,487,veri,5
VeRi/image_train/0487_c006_00026190_0.jpg,487,veri,5
VeRi/image_train/0487_c007_00028195_0.jpg,487,veri,6
VeRi/image_train/0487_c007_00028205_0.jpg,487,veri,6
VeRi/image_train/0487_c007_00028210_0.jpg,487,veri,6
VeRi/image_train/0487_c007_00028215_0.jpg,487,veri,6
VeRi/image_train/0487_c007_00028235_0.jpg,487,veri,6
VeRi/image_train/0487_c007_00028240_0.jpg,487,veri,6
VeRi/image_train/0487_c008_00027485_0.jpg,487,veri,7
VeRi/image_train/0487_c008_00027490_0.jpg,487,veri,7
VeRi/image_train/0487_c008_00027495_0.jpg,487,veri,7
VeRi/image_train/0487_c008_00027500_0.jpg,487,veri,7
VeRi/image_train/0487_c008_00027505_0.jpg,487,veri,7
VeRi/image_train/0487_c009_00027385_0.jpg,487,veri,8
VeRi/image_train/0487_c009_00027395_0.jpg,487,veri,8
VeRi/image_train/0487_c009_00027400_0.jpg,487,veri,8
VeRi/image_train/0487_c009_00027405_0.jpg,487,veri,8
VeRi/image_train/0487_c009_00027410_0.jpg,487,veri,8
VeRi/image_train/0487_c010_00026310_0.jpg,487,veri,9
VeRi/image_train/0487_c010_00026315_0.jpg,487,veri,9
VeRi/image_train/0487_c010_00026320_0.jpg,487,veri,9
VeRi/image_train/0487_c010_00026325_0.jpg,487,veri,9
VeRi/image_train/0487_c010_00026330_0.jpg,487,veri,9
VeRi/image_train/0487_c010_00026335_0.jpg,487,veri,9
VeRi/image_train/0487_c011_00026075_1.jpg,487,veri,10
VeRi/image_train/0487_c011_00026085_1.jpg,487,veri,10
VeRi/image_train/0487_c011_00026095_0.jpg,487,veri,10
VeRi/image_train/0487_c011_00026105_0.jpg,487,veri,10
VeRi/image_train/0487_c011_00026115_0.jpg,487,veri,10
VeRi/image_train/0487_c011_00026125_0.jpg,487,veri,10
VeRi/image_train/0049_c014_00006715_0.jpg,49,veri,13
VeRi/image_train/0049_c014_00006740_0.jpg,49,veri,13
VeRi/image_train/0049_c014_00006745_0.jpg,49,veri,13
VeRi/image_train/0049_c014_00006775_0.jpg,49,veri,13
VeRi/image_train/0049_c014_00006780_0.jpg,49,veri,13
VeRi/image_train/0049_c014_00006785_0.jpg,49,veri,13
VeRi/image_train/0049_c015_00006840_0.jpg,49,veri,14
VeRi/image_train/0049_c015_00006845_2.jpg,49,veri,14
VeRi/image_train/0049_c015_00006850_0.jpg,49,veri,14
VeRi/image_train/0049_c015_00006855_0.jpg,49,veri,14
VeRi/image_train/0049_c015_00006860_0.jpg,49,veri,14
VeRi/image_train/0049_c015_00006865_0.jpg,49,veri,14
VeRi/image_train/0049_c016_00006420_0.jpg,49,veri,15
VeRi/image_train/0049_c016_00006425_0.jpg,49,veri,15
VeRi/image_train/0049_c016_00006430_0.jpg,49,veri,15
VeRi/image_train/0049_c016_00006435_0.jpg,49,veri,15
VeRi/image_train/0049_c016_00006440_0.jpg,49,veri,15
VeRi/image_train/0049_c016_00006445_0.jpg,49,veri,15
VeRi/image_train/0492_c003_00011090_0.jpg,492,veri,2
VeRi/image_train/0492_c003_00011095_0.jpg,492,veri,2
VeRi/image_train/0492_c003_00011100_0.jpg,492,veri,2
VeRi/image_train/0492_c003_00011105_0.jpg,492,veri,2
VeRi/image_train/0492_c003_00011110_0.jpg,492,veri,2
VeRi/image_train/0492_c003_00011115_0.jpg,492,veri,2
VeRi/image_train/0492_c004_00011020_0.jpg,492,veri,3
VeRi/image_train/0492_c004_00011030_0.jpg,492,veri,3
VeRi/image_train/0492_c004_00011040_0.jpg,492,veri,3
VeRi/image_train/0492_c004_00011050_0.jpg,492,veri,3
VeRi/image_train/0492_c004_00011060_0.jpg,492,veri,3
VeRi/image_train/0492_c004_00011065_0.jpg,492,veri,3
VeRi/image_train/0492_c005_00011900_0.jpg,492,veri,4
VeRi/image_train/0492_c005_00011915_0.jpg,492,veri,4
VeRi/image_train/0492_c005_00011930_0.jpg,492,veri,4
VeRi/image_train/0492_c005_00011950_0.jpg,492,veri,4
VeRi/image_train/0492_c005_00011965_0.jpg,492,veri,4
VeRi/image_train/0492_c005_00011985_0.jpg,492,veri,4
VeRi/image_train/0492_c006_00010420_2.jpg,492,veri,5
VeRi/image_train/0492_c006_00010440_1.jpg,492,veri,5
VeRi/image_train/0492_c006_00010455_1.jpg,492,veri,5
VeRi/image_train/0492_c006_00010470_0.jpg,492,veri,5
VeRi/image_train/0492_c006_00010485_0.jpg,492,veri,5
VeRi/image_train/0492_c006_00010495_0.jpg,492,veri,5
VeRi/image_train/0492_c008_00011315_0.jpg,492,veri,7
VeRi/image_train/0492_c008_00011320_0.jpg,492,veri,7
VeRi/image_train/0492_c008_00011325_0.jpg,492,veri,7
VeRi/image_train/0492_c008_00011330_0.jpg,492,veri,7
VeRi/image_train/0492_c009_00011210_0.jpg,492,veri,8
VeRi/image_train/0492_c009_00011215_0.jpg,492,veri,8
VeRi/image_train/0492_c009_00011220_0.jpg,492,veri,8
VeRi/image_train/0492_c009_00011225_0.jpg,492,veri,8
VeRi/image_train/0492_c010_00010580_0.jpg,492,veri,9
VeRi/image_train/0492_c010_00010585_0.jpg,492,veri,9
VeRi/image_train/0492_c010_00010590_0.jpg,492,veri,9
VeRi/image_train/0492_c010_00010595_0.jpg,492,veri,9
VeRi/image_train/0492_c010_00010600_0.jpg,492,veri,9
VeRi/image_train/0492_c011_00010350_1.jpg,492,veri,10
VeRi/image_train/0492_c011_00010360_1.jpg,492,veri,10
VeRi/image_train/0492_c011_00010370_1.jpg,492,veri,10
VeRi/image_train/0492_c011_00010385_0.jpg,492,veri,10
VeRi/image_train/0492_c011_00010395_0.jpg,492,veri,10
VeRi/image_train/0492_c011_00010405_0.jpg,492,veri,10
VeRi/image_train/0495_c001_00026945_0.jpg,495,veri,0
VeRi/image_train/0495_c001_00026955_0.jpg,495,veri,0
VeRi/image_train/0495_c001_00026965_0.jpg,495,veri,0
VeRi/image_train/0495_c001_00026975_0.jpg,495,veri,0
VeRi/image_train/0495_c001_00026985_0.jpg,495,veri,0
VeRi/image_train/0495_c001_00027000_0.jpg,495,veri,0
VeRi/image_train/0495_c012_00027395_0.jpg,495,veri,11
VeRi/image_train/0495_c012_00027400_0.jpg,495,veri,11
VeRi/image_train/0495_c012_00027405_0.jpg,495,veri,11
VeRi/image_train/0495_c012_00027410_0.jpg,495,veri,11
VeRi/image_train/0495_c012_00027420_0.jpg,495,veri,11
VeRi/image_train/0495_c012_00027425_0.jpg,495,veri,11
VeRi/image_train/0495_c013_00027260_0.jpg,495,veri,12
VeRi/image_train/0495_c013_00027270_0.jpg,495,veri,12
VeRi/image_train/0495_c013_00027275_0.jpg,495,veri,12
VeRi/image_train/0495_c013_00027280_0.jpg,495,veri,12
VeRi/image_train/0495_c014_00028975_0.jpg,495,veri,13
VeRi/image_train/0495_c014_00028980_0.jpg,495,veri,13
VeRi/image_train/0495_c014_00028985_0.jpg,495,veri,13
VeRi/image_train/0495_c014_00028990_0.jpg,495,veri,13
VeRi/image_train/0495_c014_00028995_0.jpg,495,veri,13
VeRi/image_train/0495_c014_00029000_0.jpg,495,veri,13
VeRi/image_train/0495_c015_00028830_1.jpg,495,veri,14
VeRi/image_train/0495_c015_00028835_1.jpg,495,veri,14
VeRi/image_train/0495_c015_00028840_1.jpg,495,veri,14
VeRi/image_train/0495_c015_00028845_0.jpg,495,veri,14
VeRi/image_train/0495_c015_00028850_0.jpg,495,veri,14
VeRi/image_train/0495_c015_00028855_0.jpg,495,veri,14
VeRi/image_train/0495_c016_00029160_0.jpg,495,veri,15
VeRi/image_train/0495_c016_00029165_0.jpg,495,veri,15
VeRi/image_train/0495_c016_00029170_0.jpg,495,veri,15
VeRi/image_train/0495_c016_00029180_0.jpg,495,veri,15
VeRi/image_train/0495_c017_00028140_0.jpg,495,veri,16
VeRi/image_train/0495_c017_00028150_0.jpg,495,veri,16
VeRi/image_train/0495_c017_00028160_0.jpg,495,veri,16
VeRi/image_train/0495_c017_00028170_0.jpg,495,veri,16
VeRi/image_train/0495_c017_00028180_0.jpg,495,veri,16
VeRi/image_train/0495_c017_00028250_0.jpg,495,veri,16
VeRi/image_train/0495_c019_00028405_0.jpg,495,veri,18
VeRi/image_train/0495_c019_00028415_0.jpg,495,veri,18
VeRi/image_train/0495_c019_00028425_0.jpg,495,veri,18
VeRi/image_train/0495_c019_00028430_0.jpg,495,veri,18
VeRi/image_train/0495_c019_00028435_0.jpg,495,veri,18
VeRi/image_train/0050_c014_00069775_0.jpg,50,veri,13
VeRi/image_train/0050_c014_00069780_0.jpg,50,veri,13
VeRi/image_train/0050_c014_00069785_0.jpg,50,veri,13
VeRi/image_train/0050_c014_00069835_0.jpg,50,veri,13
VeRi/image_train/0050_c014_00069860_0.jpg,50,veri,13
VeRi/image_train/0050_c014_00069865_0.jpg,50,veri,13
VeRi/image_train/0050_c015_00069890_0.jpg,50,veri,14
VeRi/image_train/0050_c015_00069895_0.jpg,50,veri,14
VeRi/image_train/0050_c015_00069900_0.jpg,50,veri,14
VeRi/image_train/0050_c015_00069905_0.jpg,50,veri,14
VeRi/image_train/0050_c015_00069910_0.jpg,50,veri,14
VeRi/image_train/0050_c015_00069915_0.jpg,50,veri,14
VeRi/image_train/0050_c016_00058020_0.jpg,50,veri,15
VeRi/image_train/0050_c016_00058025_1.jpg,50,veri,15
VeRi/image_train/0050_c016_00058030_0.jpg,50,veri,15
VeRi/image_train/0050_c016_00058035_1.jpg,50,veri,15
VeRi/image_train/0050_c016_00058040_1.jpg,50,veri,15
VeRi/image_train/0050_c016_00058045_0.jpg,50,veri,15
VeRi/image_train/0050_c017_00071045_1.jpg,50,veri,16
VeRi/image_train/0050_c017_00071055_1.jpg,50,veri,16
VeRi/image_train/0050_c017_00071070_1.jpg,50,veri,16
VeRi/image_train/0050_c017_00071080_1.jpg,50,veri,16
VeRi/image_train/0050_c017_00071095_1.jpg,50,veri,16
VeRi/image_train/0050_c017_00071110_0.jpg,50,veri,16
VeRi/image_train/0050_c018_00071260_0.jpg,50,veri,17
VeRi/image_train/0050_c018_00071265_0.jpg,50,veri,17
VeRi/image_train/0050_c018_00071270_0.jpg,50,veri,17
VeRi/image_train/0050_c018_00071285_0.jpg,50,veri,17
VeRi/image_train/0050_c018_00071295_0.jpg,50,veri,17
VeRi/image_train/0050_c018_00071305_0.jpg,50,veri,17
VeRi/image_train/0050_c019_00070775_0.jpg,50,veri,18
VeRi/image_train/0050_c019_00070780_0.jpg,50,veri,18
VeRi/image_train/0050_c019_00070790_0.jpg,50,veri,18
VeRi/image_train/0050_c019_00070800_0.jpg,50,veri,18
VeRi/image_train/0050_c019_00070805_0.jpg,50,veri,18
VeRi/image_train/0050_c019_00070815_0.jpg,50,veri,18
VeRi/image_train/0500_c001_00018890_1.jpg,500,veri,0
VeRi/image_train/0500_c001_00018895_1.jpg,500,veri,0
VeRi/image_train/0500_c001_00018900_0.jpg,500,veri,0
VeRi/image_train/0500_c001_00018905_1.jpg,500,veri,0
VeRi/image_train/0500_c001_00018910_0.jpg,500,veri,0
VeRi/image_train/0500_c001_00018915_1.jpg,500,veri,0
VeRi/image_train/0500_c001_00022180_1.jpg,500,veri,0
VeRi/image_train/0500_c001_00022190_0.jpg,500,veri,0
VeRi/image_train/0500_c001_00022200_0.jpg,500,veri,0
VeRi/image_train/0500_c001_00022210_0.jpg,500,veri,0
VeRi/image_train/0500_c001_00022220_0.jpg,500,veri,0
VeRi/image_train/0500_c001_00022230_0.jpg,500,veri,0
VeRi/image_train/0500_c002_00017500_0.jpg,500,veri,1
VeRi/image_train/0500_c002_00017510_0.jpg,500,veri,1
VeRi/image_train/0500_c002_00017520_0.jpg,500,veri,1
VeRi/image_train/0500_c002_00017530_0.jpg,500,veri,1
VeRi/image_train/0500_c002_00017540_0.jpg,500,veri,1
VeRi/image_train/0500_c002_00017560_0.jpg,500,veri,1
VeRi/image_train/0500_c002_00035545_1.jpg,500,veri,1
VeRi/image_train/0500_c002_00035555_1.jpg,500,veri,1
VeRi/image_train/0500_c002_00035565_0.jpg,500,veri,1
VeRi/image_train/0500_c002_00035575_0.jpg,500,veri,1
VeRi/image_train/0500_c002_00035585_0.jpg,500,veri,1
VeRi/image_train/0500_c002_00035595_0.jpg,500,veri,1
VeRi/image_train/0500_c003_00015450_0.jpg,500,veri,2
VeRi/image_train/0500_c003_00015460_0.jpg,500,veri,2
VeRi/image_train/0500_c003_00015470_0.jpg,500,veri,2
VeRi/image_train/0500_c003_00015475_0.jpg,500,veri,2
VeRi/image_train/0500_c003_00015480_0.jpg,500,veri,2
VeRi/image_train/0500_c003_00015485_0.jpg,500,veri,2
VeRi/image_train/0500_c003_00036975_0.jpg,500,veri,2
VeRi/image_train/0500_c003_00036985_0.jpg,500,veri,2
VeRi/image_train/0500_c003_00036995_0.jpg,500,veri,2
VeRi/image_train/0500_c003_00037005_0.jpg,500,veri,2
VeRi/image_train/0500_c003_00037015_0.jpg,500,veri,2
VeRi/image_train/0500_c003_00037025_0.jpg,500,veri,2
VeRi/image_train/0500_c004_00015370_0.jpg,500,veri,3
VeRi/image_train/0500_c004_00015375_0.jpg,500,veri,3
VeRi/image_train/0500_c004_00015380_0.jpg,500,veri,3
VeRi/image_train/0500_c004_00015385_0.jpg,500,veri,3
VeRi/image_train/0500_c004_00015390_0.jpg,500,veri,3
VeRi/image_train/0500_c004_00015395_0.jpg,500,veri,3
VeRi/image_train/0500_c004_00036920_0.jpg,500,veri,3
VeRi/image_train/0500_c004_00036935_0.jpg,500,veri,3
VeRi/image_train/0500_c004_00036945_0.jpg,500,veri,3
VeRi/image_train/0500_c004_00036955_0.jpg,500,veri,3
VeRi/image_train/0500_c004_00036965_0.jpg,500,veri,3
VeRi/image_train/0500_c004_00036975_0.jpg,500,veri,3
VeRi/image_train/0500_c005_00037630_1.jpg,500,veri,4
VeRi/image_train/0500_c005_00037640_1.jpg,500,veri,4
VeRi/image_train/0500_c005_00037655_1.jpg,500,veri,4
VeRi/image_train/0500_c005_00037675_0.jpg,500,veri,4
VeRi/image_train/0500_c005_00037695_0.jpg,500,veri,4
VeRi/image_train/0500_c005_00037715_0.jpg,500,veri,4
VeRi/image_train/0500_c006_00016135_1.jpg,500,veri,5
VeRi/image_train/0500_c006_00016150_1.jpg,500,veri,5
VeRi/image_train/0500_c006_00016160_1.jpg,500,veri,5
VeRi/image_train/0500_c006_00016175_1.jpg,500,veri,5
VeRi/image_train/0500_c006_00016190_1.jpg,500,veri,5
VeRi/image_train/0500_c006_00016215_1.jpg,500,veri,5
VeRi/image_train/0500_c006_00036315_1.jpg,500,veri,5
VeRi/image_train/0500_c006_00036325_0.jpg,500,veri,5
VeRi/image_train/0500_c006_00036340_0.jpg,500,veri,5
VeRi/image_train/0500_c006_00036360_0.jpg,500,veri,5
VeRi/image_train/0500_c006_00036375_0.jpg,500,veri,5
VeRi/image_train/0500_c006_00036385_0.jpg,500,veri,5
VeRi/image_train/0500_c007_00037720_0.jpg,500,veri,6
VeRi/image_train/0500_c007_00037730_0.jpg,500,veri,6
VeRi/image_train/0500_c007_00037740_0.jpg,500,veri,6
VeRi/image_train/0500_c007_00037750_0.jpg,500,veri,6
VeRi/image_train/0500_c007_00037755_0.jpg,500,veri,6
VeRi/image_train/0500_c008_00015270_0.jpg,500,veri,7
VeRi/image_train/0500_c008_00015280_0.jpg,500,veri,7
VeRi/image_train/0500_c008_00015290_0.jpg,500,veri,7
VeRi/image_train/0500_c008_00015300_0.jpg,500,veri,7
VeRi/image_train/0500_c008_00015305_0.jpg,500,veri,7
VeRi/image_train/0500_c008_00037185_0.jpg,500,veri,7
VeRi/image_train/0500_c008_00037190_0.jpg,500,veri,7
VeRi/image_train/0500_c008_00037195_0.jpg,500,veri,7
VeRi/image_train/0500_c008_00037200_0.jpg,500,veri,7
VeRi/image_train/0500_c009_00015295_0.jpg,500,veri,8
VeRi/image_train/0500_c009_00015300_0.jpg,500,veri,8
VeRi/image_train/0500_c009_00015305_0.jpg,500,veri,8
VeRi/image_train/0500_c009_00015310_0.jpg,500,veri,8
VeRi/image_train/0500_c009_00015315_0.jpg,500,veri,8
VeRi/image_train/0500_c009_00015320_0.jpg,500,veri,8
VeRi/image_train/0500_c009_00037140_0.jpg,500,veri,8
VeRi/image_train/0500_c009_00037145_0.jpg,500,veri,8
VeRi/image_train/0500_c009_00037150_0.jpg,500,veri,8
VeRi/image_train/0500_c009_00037155_0.jpg,500,veri,8
VeRi/image_train/0500_c009_00037160_0.jpg,500,veri,8
VeRi/image_train/0500_c009_00037165_0.jpg,500,veri,8
VeRi/image_train/0500_c010_00016025_0.jpg,500,veri,9
VeRi/image_train/0500_c010_00016030_0.jpg,500,veri,9
VeRi/image_train/0500_c010_00016035_0.jpg,500,veri,9
VeRi/image_train/0500_c010_00016040_0.jpg,500,veri,9
VeRi/image_train/0500_c010_00016045_0.jpg,500,veri,9
VeRi/image_train/0500_c010_00016050_0.jpg,500,veri,9
VeRi/image_train/0500_c010_00036480_0.jpg,500,veri,9
VeRi/image_train/0500_c010_00036485_0.jpg,500,veri,9
VeRi/image_train/0500_c010_00036490_0.jpg,500,veri,9
VeRi/image_train/0500_c010_00036495_0.jpg,500,veri,9
VeRi/image_train/0500_c010_00036500_0.jpg,500,veri,9
VeRi/image_train/0500_c010_00036505_0.jpg,500,veri,9
VeRi/image_train/0500_c011_00016115_1.jpg,500,veri,10
VeRi/image_train/0500_c011_00016125_1.jpg,500,veri,10
VeRi/image_train/0500_c011_00016135_1.jpg,500,veri,10
VeRi/image_train/0500_c011_00016145_1.jpg,500,veri,10
VeRi/image_train/0500_c011_00016155_1.jpg,500,veri,10
VeRi/image_train/0500_c011_00016275_0.jpg,500,veri,10
VeRi/image_train/0500_c011_00036260_0.jpg,500,veri,10
VeRi/image_train/0500_c011_00036275_0.jpg,500,veri,10
VeRi/image_train/0500_c011_00036290_0.jpg,500,veri,10
VeRi/image_train/0500_c011_00036305_0.jpg,500,veri,10
VeRi/image_train/0500_c011_00036315_0.jpg,500,veri,10
VeRi/image_train/0500_c011_00036320_0.jpg,500,veri,10
VeRi/image_train/0500_c012_00019415_1.jpg,500,veri,11
VeRi/image_train/0500_c012_00019420_1.jpg,500,veri,11
VeRi/image_train/0500_c012_00019425_1.jpg,500,veri,11
VeRi/image_train/0500_c012_00019430_1.jpg,500,veri,11
VeRi/image_train/0500_c012_00019435_1.jpg,500,veri,11
VeRi/image_train/0500_c012_00019440_0.jpg,500,veri,11
VeRi/image_train/0500_c012_00021050_0.jpg,500,veri,11
VeRi/image_train/0500_c012_00021055_0.jpg,500,veri,11
VeRi/image_train/0500_c012_00021065_0.jpg,500,veri,11
VeRi/image_train/0500_c012_00021070_0.jpg,500,veri,11
VeRi/image_train/0500_c012_00021075_0.jpg,500,veri,11
VeRi/image_train/0500_c012_00021085_0.jpg,500,veri,11
VeRi/image_train/0500_c013_00019250_0.jpg,500,veri,12
VeRi/image_train/0500_c013_00019260_0.jpg,500,veri,12
VeRi/image_train/0500_c013_00019275_0.jpg,500,veri,12
VeRi/image_train/0500_c013_00019285_0.jpg,500,veri,12
VeRi/image_train/0500_c013_00019290_0.jpg,500,veri,12
VeRi/image_train/0500_c013_00021155_0.jpg,500,veri,12
VeRi/image_train/0500_c013_00021165_0.jpg,500,veri,12
VeRi/image_train/0500_c013_00021175_0.jpg,500,veri,12
VeRi/image_train/0500_c013_00021185_0.jpg,500,veri,12
VeRi/image_train/0500_c013_00021190_0.jpg,500,veri,12
VeRi/image_train/0500_c013_00021205_0.jpg,500,veri,12
VeRi/image_train/0501_c001_00075960_1.jpg,501,veri,0
VeRi/image_train/0501_c001_00075965_0.jpg,501,veri,0
VeRi/image_train/0501_c001_00075970_0.jpg,501,veri,0
VeRi/image_train/0501_c001_00075975_0.jpg,501,veri,0
VeRi/image_train/0501_c001_00075980_0.jpg,501,veri,0
VeRi/image_train/0501_c001_00075985_0.jpg,501,veri,0
VeRi/image_train/0501_c002_00074125_0.jpg,501,veri,1
VeRi/image_train/0501_c002_00074130_0.jpg,501,veri,1
VeRi/image_train/0501_c002_00074135_0.jpg,501,veri,1
VeRi/image_train/0501_c002_00074140_0.jpg,501,veri,1
VeRi/image_train/0501_c002_00074145_0.jpg,501,veri,1
VeRi/image_train/0501_c002_00074170_0.jpg,501,veri,1
VeRi/image_train/0501_c003_00071675_0.jpg,501,veri,2
VeRi/image_train/0501_c003_00071685_0.jpg,501,veri,2
VeRi/image_train/0501_c003_00071690_0.jpg,501,veri,2
VeRi/image_train/0501_c003_00071695_0.jpg,501,veri,2
VeRi/image_train/0501_c003_00071700_0.jpg,501,veri,2
VeRi/image_train/0501_c003_00071705_0.jpg,501,veri,2
VeRi/image_train/0501_c004_00071600_0.jpg,501,veri,3
VeRi/image_train/0501_c004_00071605_0.jpg,501,veri,3
VeRi/image_train/0501_c004_00071610_0.jpg,501,veri,3
VeRi/image_train/0501_c004_00071615_0.jpg,501,veri,3
VeRi/image_train/0501_c004_00071620_0.jpg,501,veri,3
VeRi/image_train/0501_c004_00071625_0.jpg,501,veri,3
VeRi/image_train/0501_c006_00072065_0.jpg,501,veri,5
VeRi/image_train/0501_c006_00072080_0.jpg,501,veri,5
VeRi/image_train/0501_c006_00072105_0.jpg,501,veri,5
VeRi/image_train/0501_c006_00072120_0.jpg,501,veri,5
VeRi/image_train/0501_c006_00072150_0.jpg,501,veri,5
VeRi/image_train/0501_c008_00066085_0.jpg,501,veri,7
VeRi/image_train/0501_c008_00066090_0.jpg,501,veri,7
VeRi/image_train/0501_c008_00066095_0.jpg,501,veri,7
VeRi/image_train/0501_c008_00066100_0.jpg,501,veri,7
VeRi/image_train/0501_c008_00066105_0.jpg,501,veri,7
VeRi/image_train/0501_c008_00066110_0.jpg,501,veri,7
VeRi/image_train/0501_c008_00066460_0.jpg,501,veri,7
VeRi/image_train/0501_c008_00066465_0.jpg,501,veri,7
VeRi/image_train/0501_c008_00066470_0.jpg,501,veri,7
VeRi/image_train/0501_c008_00066475_0.jpg,501,veri,7
VeRi/image_train/0501_c008_00066480_0.jpg,501,veri,7
VeRi/image_train/0501_c008_00066485_0.jpg,501,veri,7
VeRi/image_train/0501_c008_00071525_0.jpg,501,veri,7
VeRi/image_train/0501_c008_00071530_0.jpg,501,veri,7
VeRi/image_train/0501_c008_00071535_0.jpg,501,veri,7
VeRi/image_train/0501_c008_00071540_0.jpg,501,veri,7
VeRi/image_train/0501_c008_00071545_0.jpg,501,veri,7
VeRi/image_train/0501_c008_00071550_0.jpg,501,veri,7
VeRi/image_train/0501_c009_00066145_0.jpg,501,veri,8
VeRi/image_train/0501_c009_00066150_0.jpg,501,veri,8
VeRi/image_train/0501_c009_00066155_0.jpg,501,veri,8
VeRi/image_train/0501_c009_00066160_0.jpg,501,veri,8
VeRi/image_train/0501_c009_00066165_0.jpg,501,veri,8
VeRi/image_train/0501_c009_00066170_0.jpg,501,veri,8
VeRi/image_train/0501_c009_00066380_0.jpg,501,veri,8
VeRi/image_train/0501_c009_00066390_0.jpg,501,veri,8
VeRi/image_train/0501_c009_00066395_0.jpg,501,veri,8
VeRi/image_train/0501_c009_00066400_0.jpg,501,veri,8
VeRi/image_train/0501_c009_00066405_0.jpg,501,veri,8
VeRi/image_train/0501_c009_00066410_0.jpg,501,veri,8
VeRi/image_train/0501_c009_00071580_0.jpg,501,veri,8
VeRi/image_train/0501_c009_00071585_0.jpg,501,veri,8
VeRi/image_train/0501_c009_00071590_0.jpg,501,veri,8
VeRi/image_train/0501_c009_00071595_0.jpg,501,veri,8
VeRi/image_train/0501_c009_00071600_0.jpg,501,veri,8
VeRi/image_train/0501_c009_00071605_0.jpg,501,veri,8
VeRi/image_train/0501_c010_00072060_0.jpg,501,veri,9
VeRi/image_train/0501_c010_00072065_0.jpg,501,veri,9
VeRi/image_train/0501_c010_00072070_0.jpg,501,veri,9
VeRi/image_train/0501_c010_00072075_0.jpg,501,veri,9
VeRi/image_train/0501_c010_00072080_0.jpg,501,veri,9
VeRi/image_train/0501_c010_00072085_0.jpg,501,veri,9
VeRi/image_train/0501_c011_00072070_0.jpg,501,veri,10
VeRi/image_train/0501_c011_00072075_0.jpg,501,veri,10
VeRi/image_train/0501_c011_00072085_0.jpg,501,veri,10
VeRi/image_train/0501_c011_00072090_0.jpg,501,veri,10
VeRi/image_train/0501_c011_00072095_0.jpg,501,veri,10
VeRi/image_train/0501_c011_00072100_0.jpg,501,veri,10
VeRi/image_train/0501_c013_00080935_0.jpg,501,veri,12
VeRi/image_train/0501_c013_00080940_0.jpg,501,veri,12
VeRi/image_train/0501_c013_00080945_0.jpg,501,veri,12
VeRi/image_train/0501_c013_00080950_0.jpg,501,veri,12
VeRi/image_train/0501_c013_00080955_0.jpg,501,veri,12
VeRi/image_train/0501_c013_00080960_0.jpg,501,veri,12
VeRi/image_train/0501_c014_00082345_0.jpg,501,veri,13
VeRi/image_train/0501_c014_00082350_0.jpg,501,veri,13
VeRi/image_train/0501_c014_00082355_0.jpg,501,veri,13
VeRi/image_train/0501_c014_00082360_0.jpg,501,veri,13
VeRi/image_train/0501_c014_00082365_0.jpg,501,veri,13
VeRi/image_train/0501_c014_00082370_0.jpg,501,veri,13
VeRi/image_train/0501_c015_00082180_1.jpg,501,veri,14
VeRi/image_train/0501_c015_00082185_1.jpg,501,veri,14
VeRi/image_train/0501_c015_00082190_1.jpg,501,veri,14
VeRi/image_train/0501_c015_00082195_1.jpg,501,veri,14
VeRi/image_train/0501_c015_00082200_1.jpg,501,veri,14
VeRi/image_train/0501_c015_00082205_1.jpg,501,veri,14
VeRi/image_train/0501_c016_00082660_0.jpg,501,veri,15
VeRi/image_train/0501_c016_00082665_0.jpg,501,veri,15
VeRi/image_train/0501_c016_00082670_0.jpg,501,veri,15
VeRi/image_train/0501_c016_00082675_0.jpg,501,veri,15
VeRi/image_train/0501_c016_00082680_0.jpg,501,veri,15
VeRi/image_train/0501_c017_00081530_0.jpg,501,veri,16
VeRi/image_train/0501_c017_00081535_0.jpg,501,veri,16
VeRi/image_train/0501_c017_00081540_0.jpg,501,veri,16
VeRi/image_train/0501_c017_00081545_0.jpg,501,veri,16
VeRi/image_train/0501_c017_00081550_0.jpg,501,veri,16
VeRi/image_train/0501_c017_00081555_0.jpg,501,veri,16
VeRi/image_train/0501_c019_00081660_0.jpg,501,veri,18
VeRi/image_train/0501_c019_00081675_0.jpg,501,veri,18
VeRi/image_train/0501_c019_00081685_0.jpg,501,veri,18
VeRi/image_train/0501_c019_00081690_0.jpg,501,veri,18
VeRi/image_train/0501_c019_00081700_0.jpg,501,veri,18
VeRi/image_train/0501_c019_00081705_0.jpg,501,veri,18
VeRi/image_train/0503_c001_00056940_0.jpg,503,veri,0
VeRi/image_train/0503_c001_00056950_0.jpg,503,veri,0
VeRi/image_train/0503_c001_00056960_0.jpg,503,veri,0
VeRi/image_train/0503_c001_00056970_0.jpg,503,veri,0
VeRi/image_train/0503_c001_00056980_0.jpg,503,veri,0
VeRi/image_train/0503_c001_00056985_0.jpg,503,veri,0
VeRi/image_train/0503_c012_00054720_0.jpg,503,veri,11
VeRi/image_train/0503_c012_00054730_0.jpg,503,veri,11
VeRi/image_train/0503_c012_00054740_0.jpg,503,veri,11
VeRi/image_train/0503_c012_00054750_0.jpg,503,veri,11
VeRi/image_train/0503_c012_00054760_0.jpg,503,veri,11
VeRi/image_train/0503_c012_00054770_0.jpg,503,veri,11
VeRi/image_train/0503_c013_00054860_0.jpg,503,veri,12
VeRi/image_train/0503_c013_00054865_0.jpg,503,veri,12
VeRi/image_train/0503_c013_00054870_0.jpg,503,veri,12
VeRi/image_train/0503_c013_00054875_0.jpg,503,veri,12
VeRi/image_train/0503_c013_00054880_0.jpg,503,veri,12
VeRi/image_train/0503_c013_00054885_0.jpg,503,veri,12
VeRi/image_train/0503_c014_00053245_0.jpg,503,veri,13
VeRi/image_train/0503_c014_00053250_0.jpg,503,veri,13
VeRi/image_train/0503_c014_00053255_0.jpg,503,veri,13
VeRi/image_train/0503_c014_00053260_0.jpg,503,veri,13
VeRi/image_train/0503_c014_00053265_0.jpg,503,veri,13
VeRi/image_train/0503_c014_00053270_0.jpg,503,veri,13
VeRi/image_train/0503_c015_00053225_0.jpg,503,veri,14
VeRi/image_train/0503_c015_00053230_0.jpg,503,veri,14
VeRi/image_train/0503_c015_00053235_0.jpg,503,veri,14
VeRi/image_train/0503_c015_00053240_0.jpg,503,veri,14
VeRi/image_train/0503_c015_00053245_0.jpg,503,veri,14
VeRi/image_train/0503_c015_00053250_0.jpg,503,veri,14
VeRi/image_train/0503_c016_00053055_0.jpg,503,veri,15
VeRi/image_train/0503_c016_00053060_0.jpg,503,veri,15
VeRi/image_train/0503_c016_00053065_0.jpg,503,veri,15
VeRi/image_train/0503_c016_00053070_0.jpg,503,veri,15
VeRi/image_train/0503_c016_00053115_0.jpg,503,veri,15
VeRi/image_train/0503_c016_00053120_0.jpg,503,veri,15
VeRi/image_train/0503_c017_00053975_1.jpg,503,veri,16
VeRi/image_train/0503_c017_00053985_0.jpg,503,veri,16
VeRi/image_train/0503_c017_00053995_1.jpg,503,veri,16
VeRi/image_train/0503_c017_00054005_0.jpg,503,veri,16
VeRi/image_train/0503_c017_00054015_0.jpg,503,veri,16
VeRi/image_train/0503_c017_00054030_0.jpg,503,veri,16
VeRi/image_train/0503_c019_00053775_0.jpg,503,veri,18
VeRi/image_train/0503_c019_00053780_0.jpg,503,veri,18
VeRi/image_train/0503_c019_00053785_0.jpg,503,veri,18
VeRi/image_train/0503_c019_00053790_0.jpg,503,veri,18
VeRi/image_train/0503_c019_00053795_0.jpg,503,veri,18
VeRi/image_train/0503_c019_00053800_0.jpg,503,veri,18
VeRi/image_train/0506_c002_00010620_1.jpg,506,veri,1
VeRi/image_train/0506_c002_00010640_1.jpg,506,veri,1
VeRi/image_train/0506_c002_00010660_1.jpg,506,veri,1
VeRi/image_train/0506_c002_00010675_0.jpg,506,veri,1
VeRi/image_train/0506_c002_00010690_0.jpg,506,veri,1
VeRi/image_train/0506_c002_00010705_0.jpg,506,veri,1
VeRi/image_train/0506_c003_00008830_0.jpg,506,veri,2
VeRi/image_train/0506_c003_00008840_0.jpg,506,veri,2
VeRi/image_train/0506_c003_00008850_0.jpg,506,veri,2
VeRi/image_train/0506_c003_00008860_0.jpg,506,veri,2
VeRi/image_train/0506_c003_00008870_0.jpg,506,veri,2
VeRi/image_train/0506_c003_00008880_0.jpg,506,veri,2
VeRi/image_train/0506_c004_00008725_0.jpg,506,veri,3
VeRi/image_train/0506_c004_00008730_0.jpg,506,veri,3
VeRi/image_train/0506_c004_00008735_0.jpg,506,veri,3
VeRi/image_train/0506_c004_00008740_0.jpg,506,veri,3
VeRi/image_train/0506_c004_00008745_0.jpg,506,veri,3
VeRi/image_train/0506_c004_00008750_0.jpg,506,veri,3
VeRi/image_train/0506_c006_00009560_0.jpg,506,veri,5
VeRi/image_train/0506_c006_00009835_1.jpg,506,veri,5
VeRi/image_train/0506_c006_00009855_1.jpg,506,veri,5
VeRi/image_train/0506_c006_00009880_1.jpg,506,veri,5
VeRi/image_train/0506_c006_00009930_0.jpg,506,veri,5
VeRi/image_train/0506_c008_00008620_0.jpg,506,veri,7
VeRi/image_train/0506_c008_00008630_0.jpg,506,veri,7
VeRi/image_train/0506_c008_00008635_0.jpg,506,veri,7
VeRi/image_train/0506_c008_00008640_0.jpg,506,veri,7
VeRi/image_train/0506_c008_00008645_0.jpg,506,veri,7
VeRi/image_train/0506_c008_00008655_0.jpg,506,veri,7
VeRi/image_train/0506_c009_00008635_0.jpg,506,veri,8
VeRi/image_train/0506_c009_00008645_0.jpg,506,veri,8
VeRi/image_train/0506_c009_00008660_0.jpg,506,veri,8
VeRi/image_train/0506_c009_00008670_0.jpg,506,veri,8
VeRi/image_train/0506_c010_00009380_0.jpg,506,veri,9
VeRi/image_train/0506_c010_00009385_0.jpg,506,veri,9
VeRi/image_train/0506_c010_00009390_0.jpg,506,veri,9
VeRi/image_train/0506_c010_00009395_0.jpg,506,veri,9
VeRi/image_train/0506_c010_00009400_0.jpg,506,veri,9
VeRi/image_train/0506_c010_00009405_0.jpg,506,veri,9
VeRi/image_train/0506_c011_00009755_0.jpg,506,veri,10
VeRi/image_train/0506_c011_00009765_0.jpg,506,veri,10
VeRi/image_train/0506_c011_00009775_0.jpg,506,veri,10
VeRi/image_train/0506_c011_00009785_0.jpg,506,veri,10
VeRi/image_train/0506_c011_00009795_0.jpg,506,veri,10
VeRi/image_train/0506_c011_00009805_0.jpg,506,veri,10
VeRi/image_train/0509_c001_00052450_0.jpg,509,veri,0
VeRi/image_train/0509_c001_00052455_0.jpg,509,veri,0
VeRi/image_train/0509_c001_00052460_0.jpg,509,veri,0
VeRi/image_train/0509_c001_00052465_0.jpg,509,veri,0
VeRi/image_train/0509_c001_00052470_0.jpg,509,veri,0
VeRi/image_train/0509_c001_00052475_0.jpg,509,veri,0
VeRi/image_train/0509_c002_00051210_0.jpg,509,veri,1
VeRi/image_train/0509_c002_00051220_0.jpg,509,veri,1
VeRi/image_train/0509_c002_00051240_0.jpg,509,veri,1
VeRi/image_train/0509_c002_00051250_1.jpg,509,veri,1
VeRi/image_train/0509_c002_00051255_1.jpg,509,veri,1
VeRi/image_train/0509_c002_00051275_1.jpg,509,veri,1
VeRi/image_train/0509_c003_00012045_1.jpg,509,veri,2
VeRi/image_train/0509_c003_00012055_1.jpg,509,veri,2
VeRi/image_train/0509_c003_00012065_0.jpg,509,veri,2
VeRi/image_train/0509_c003_00012075_0.jpg,509,veri,2
VeRi/image_train/0509_c003_00012080_0.jpg,509,veri,2
VeRi/image_train/0509_c003_00012090_0.jpg,509,veri,2
VeRi/image_train/0509_c003_00089625_0.jpg,509,veri,2
VeRi/image_train/0509_c003_00089635_0.jpg,509,veri,2
VeRi/image_train/0509_c003_00089650_0.jpg,509,veri,2
VeRi/image_train/0509_c003_00089665_0.jpg,509,veri,2
VeRi/image_train/0509_c003_00089680_0.jpg,509,veri,2
VeRi/image_train/0509_c003_00089695_0.jpg,509,veri,2
VeRi/image_train/0509_c004_00011940_1.jpg,509,veri,3
VeRi/image_train/0509_c004_00011945_1.jpg,509,veri,3
VeRi/image_train/0509_c004_00011950_1.jpg,509,veri,3
VeRi/image_train/0509_c004_00011955_1.jpg,509,veri,3
VeRi/image_train/0509_c004_00011960_0.jpg,509,veri,3
VeRi/image_train/0509_c004_00089560_0.jpg,509,veri,3
VeRi/image_train/0509_c004_00089570_0.jpg,509,veri,3
VeRi/image_train/0509_c004_00089580_0.jpg,509,veri,3
VeRi/image_train/0509_c004_00089590_0.jpg,509,veri,3
VeRi/image_train/0509_c004_00089600_0.jpg,509,veri,3
VeRi/image_train/0509_c004_00089610_0.jpg,509,veri,3
VeRi/image_train/0509_c006_00012620_0.jpg,509,veri,5
VeRi/image_train/0509_c006_00012630_0.jpg,509,veri,5
VeRi/image_train/0509_c006_00012640_0.jpg,509,veri,5
VeRi/image_train/0509_c006_00012650_0.jpg,509,veri,5
VeRi/image_train/0509_c006_00012660_0.jpg,509,veri,5
VeRi/image_train/0509_c006_00012675_0.jpg,509,veri,5
VeRi/image_train/0509_c008_00011750_1.jpg,509,veri,7
VeRi/image_train/0509_c008_00011755_1.jpg,509,veri,7
VeRi/image_train/0509_c008_00011775_1.jpg,509,veri,7
VeRi/image_train/0509_c008_00011785_0.jpg,509,veri,7
VeRi/image_train/0509_c008_00011800_0.jpg,509,veri,7
VeRi/image_train/0509_c008_00011810_0.jpg,509,veri,7
VeRi/image_train/0509_c008_00089275_0.jpg,509,veri,7
VeRi/image_train/0509_c008_00089280_0.jpg,509,veri,7
VeRi/image_train/0509_c008_00089285_1.jpg,509,veri,7
VeRi/image_train/0509_c008_00089290_0.jpg,509,veri,7
VeRi/image_train/0509_c008_00089295_0.jpg,509,veri,7
VeRi/image_train/0509_c008_00089300_0.jpg,509,veri,7
VeRi/image_train/0509_c009_00011810_1.jpg,509,veri,8
VeRi/image_train/0509_c009_00011830_1.jpg,509,veri,8
VeRi/image_train/0509_c009_00011835_1.jpg,509,veri,8
VeRi/image_train/0509_c009_00011845_0.jpg,509,veri,8
VeRi/image_train/0509_c009_00011855_0.jpg,509,veri,8
VeRi/image_train/0509_c009_00011865_0.jpg,509,veri,8
VeRi/image_train/0509_c009_00089385_0.jpg,509,veri,8
VeRi/image_train/0509_c009_00089390_0.jpg,509,veri,8
VeRi/image_train/0509_c009_00089395_0.jpg,509,veri,8
VeRi/image_train/0509_c009_00089400_0.jpg,509,veri,8
VeRi/image_train/0509_c009_00089405_0.jpg,509,veri,8
VeRi/image_train/0509_c009_00089410_0.jpg,509,veri,8
VeRi/image_train/0509_c010_00012535_0.jpg,509,veri,9
VeRi/image_train/0509_c010_00012540_0.jpg,509,veri,9
VeRi/image_train/0509_c010_00012545_0.jpg,509,veri,9
VeRi/image_train/0509_c010_00012550_0.jpg,509,veri,9
VeRi/image_train/0509_c010_00012555_0.jpg,509,veri,9
VeRi/image_train/0509_c010_00012560_0.jpg,509,veri,9
VeRi/image_train/0509_c011_00012565_0.jpg,509,veri,10
VeRi/image_train/0509_c011_00012575_0.jpg,509,veri,10
VeRi/image_train/0509_c011_00012585_0.jpg,509,veri,10
VeRi/image_train/0509_c011_00012595_0.jpg,509,veri,10
VeRi/image_train/0509_c011_00012630_0.jpg,509,veri,10
VeRi/image_train/0509_c011_00012665_0.jpg,509,veri,10
VeRi/image_train/0509_c012_00052845_0.jpg,509,veri,11
VeRi/image_train/0509_c012_00052850_0.jpg,509,veri,11
VeRi/image_train/0509_c012_00052860_0.jpg,509,veri,11
VeRi/image_train/0509_c012_00052865_0.jpg,509,veri,11
VeRi/image_train/0509_c012_00052870_0.jpg,509,veri,11
VeRi/image_train/0509_c012_00052875_0.jpg,509,veri,11
VeRi/image_train/0509_c013_00052695_0.jpg,509,veri,12
VeRi/image_train/0509_c013_00052700_0.jpg,509,veri,12
VeRi/image_train/0509_c013_00052705_0.jpg,509,veri,12
VeRi/image_train/0509_c013_00052710_0.jpg,509,veri,12
VeRi/image_train/0509_c013_00052715_0.jpg,509,veri,12
VeRi/image_train/0509_c013_00052720_0.jpg,509,veri,12
VeRi/image_train/0509_c014_00054605_0.jpg,509,veri,13
VeRi/image_train/0509_c014_00054610_0.jpg,509,veri,13
VeRi/image_train/0509_c014_00054615_0.jpg,509,veri,13
VeRi/image_train/0509_c014_00054620_0.jpg,509,veri,13
VeRi/image_train/0509_c014_00054625_0.jpg,509,veri,13
VeRi/image_train/0509_c014_00054630_0.jpg,509,veri,13
VeRi/image_train/0509_c015_00054405_0.jpg,509,veri,14
VeRi/image_train/0509_c015_00054410_0.jpg,509,veri,14
VeRi/image_train/0509_c015_00054415_0.jpg,509,veri,14
VeRi/image_train/0509_c015_00054420_0.jpg,509,veri,14
VeRi/image_train/0509_c015_00054425_0.jpg,509,veri,14
VeRi/image_train/0509_c015_00054430_0.jpg,509,veri,14
VeRi/image_train/0509_c016_00054930_0.jpg,509,veri,15
VeRi/image_train/0509_c016_00054935_0.jpg,509,veri,15
VeRi/image_train/0509_c016_00054940_0.jpg,509,veri,15
VeRi/image_train/0509_c016_00054945_0.jpg,509,veri,15
VeRi/image_train/0509_c016_00054950_0.jpg,509,veri,15
VeRi/image_train/0509_c016_00054955_0.jpg,509,veri,15
VeRi/image_train/0509_c017_00053435_1.jpg,509,veri,16
VeRi/image_train/0509_c017_00053440_0.jpg,509,veri,16
VeRi/image_train/0509_c017_00053445_0.jpg,509,veri,16
VeRi/image_train/0509_c017_00053455_0.jpg,509,veri,16
VeRi/image_train/0509_c017_00053460_0.jpg,509,veri,16
VeRi/image_train/0509_c017_00053480_0.jpg,509,veri,16
VeRi/image_train/0509_c019_00053705_1.jpg,509,veri,18
VeRi/image_train/0509_c019_00053710_1.jpg,509,veri,18
VeRi/image_train/0509_c019_00053715_1.jpg,509,veri,18
VeRi/image_train/0509_c019_00053720_0.jpg,509,veri,18
VeRi/image_train/0509_c019_00053730_0.jpg,509,veri,18
VeRi/image_train/0509_c019_00053745_0.jpg,509,veri,18
VeRi/image_train/0513_c002_00016605_0.jpg,513,veri,1
VeRi/image_train/0513_c002_00016615_0.jpg,513,veri,1
VeRi/image_train/0513_c002_00016625_0.jpg,513,veri,1
VeRi/image_train/0513_c002_00016635_0.jpg,513,veri,1
VeRi/image_train/0513_c002_00016660_0.jpg,513,veri,1
VeRi/image_train/0513_c002_00016690_0.jpg,513,veri,1
VeRi/image_train/0513_c003_00018325_0.jpg,513,veri,2
VeRi/image_train/0513_c003_00018335_0.jpg,513,veri,2
VeRi/image_train/0513_c003_00018345_0.jpg,513,veri,2
VeRi/image_train/0513_c003_00018355_0.jpg,513,veri,2
VeRi/image_train/0513_c003_00018365_0.jpg,513,veri,2
VeRi/image_train/0513_c003_00018375_0.jpg,513,veri,2
VeRi/image_train/0513_c004_00018265_0.jpg,513,veri,3
VeRi/image_train/0513_c004_00018305_0.jpg,513,veri,3
VeRi/image_train/0513_c004_00018320_0.jpg,513,veri,3
VeRi/image_train/0513_c004_00018335_0.jpg,513,veri,3
VeRi/image_train/0513_c004_00018345_0.jpg,513,veri,3
VeRi/image_train/0513_c004_00018355_0.jpg,513,veri,3
VeRi/image_train/0513_c005_00019240_0.jpg,513,veri,4
VeRi/image_train/0513_c005_00019255_0.jpg,513,veri,4
VeRi/image_train/0513_c005_00019270_0.jpg,513,veri,4
VeRi/image_train/0513_c005_00019285_0.jpg,513,veri,4
VeRi/image_train/0513_c005_00019305_0.jpg,513,veri,4
VeRi/image_train/0513_c005_00019325_0.jpg,513,veri,4
VeRi/image_train/0513_c006_00017430_0.jpg,513,veri,5
VeRi/image_train/0513_c006_00017445_0.jpg,513,veri,5
VeRi/image_train/0513_c006_00017460_0.jpg,513,veri,5
VeRi/image_train/0513_c006_00017475_0.jpg,513,veri,5
VeRi/image_train/0513_c006_00017485_0.jpg,513,veri,5
VeRi/image_train/0513_c006_00017500_0.jpg,513,veri,5
VeRi/image_train/0513_c007_00019350_0.jpg,513,veri,6
VeRi/image_train/0513_c007_00019355_0.jpg,513,veri,6
VeRi/image_train/0513_c007_00019365_0.jpg,513,veri,6
VeRi/image_train/0513_c007_00019375_0.jpg,513,veri,6
VeRi/image_train/0513_c007_00019385_0.jpg,513,veri,6
VeRi/image_train/0513_c008_00018675_0.jpg,513,veri,7
VeRi/image_train/0513_c008_00018680_0.jpg,513,veri,7
VeRi/image_train/0513_c008_00018685_0.jpg,513,veri,7
VeRi/image_train/0513_c008_00018690_0.jpg,513,veri,7
VeRi/image_train/0513_c008_00018695_0.jpg,513,veri,7
VeRi/image_train/0513_c008_00018700_0.jpg,513,veri,7
VeRi/image_train/0513_c009_00018540_0.jpg,513,veri,8
VeRi/image_train/0513_c009_00018545_0.jpg,513,veri,8
VeRi/image_train/0513_c009_00018550_0.jpg,513,veri,8
VeRi/image_train/0513_c009_00018555_0.jpg,513,veri,8
VeRi/image_train/0513_c009_00018560_0.jpg,513,veri,8
VeRi/image_train/0513_c010_00017625_0.jpg,513,veri,9
VeRi/image_train/0513_c010_00017630_0.jpg,513,veri,9
VeRi/image_train/0513_c010_00017635_0.jpg,513,veri,9
VeRi/image_train/0513_c010_00017640_0.jpg,513,veri,9
VeRi/image_train/0513_c010_00017645_0.jpg,513,veri,9
VeRi/image_train/0513_c010_00017650_0.jpg,513,veri,9
VeRi/image_train/0513_c011_00017385_0.jpg,513,veri,10
VeRi/image_train/0513_c011_00017395_0.jpg,513,veri,10
VeRi/image_train/0513_c011_00017405_0.jpg,513,veri,10
VeRi/image_train/0513_c011_00017415_0.jpg,513,veri,10
VeRi/image_train/0513_c011_00017425_0.jpg,513,veri,10
VeRi/image_train/0513_c011_00017435_0.jpg,513,veri,10
VeRi/image_train/0514_c014_00042020_1.jpg,514,veri,13
VeRi/image_train/0514_c014_00042025_0.jpg,514,veri,13
VeRi/image_train/0514_c014_00042030_0.jpg,514,veri,13
VeRi/image_train/0514_c014_00042035_0.jpg,514,veri,13
VeRi/image_train/0514_c014_00042040_0.jpg,514,veri,13
VeRi/image_train/0514_c014_00042045_0.jpg,514,veri,13
VeRi/image_train/0514_c016_00041700_0.jpg,514,veri,15
VeRi/image_train/0514_c016_00041705_0.jpg,514,veri,15
VeRi/image_train/0514_c016_00041710_0.jpg,514,veri,15
VeRi/image_train/0514_c016_00041715_0.jpg,514,veri,15
VeRi/image_train/0514_c016_00041720_0.jpg,514,veri,15
VeRi/image_train/0514_c016_00041725_0.jpg,514,veri,15
VeRi/image_train/0516_c003_00025720_0.jpg,516,veri,2
VeRi/image_train/0516_c003_00025730_0.jpg,516,veri,2
VeRi/image_train/0516_c003_00025740_0.jpg,516,veri,2
VeRi/image_train/0516_c003_00025750_0.jpg,516,veri,2
VeRi/image_train/0516_c003_00025760_0.jpg,516,veri,2
VeRi/image_train/0516_c003_00025770_0.jpg,516,veri,2
VeRi/image_train/0516_c004_00025700_0.jpg,516,veri,3
VeRi/image_train/0516_c004_00025710_0.jpg,516,veri,3
VeRi/image_train/0516_c004_00025720_0.jpg,516,veri,3
VeRi/image_train/0516_c004_00025730_0.jpg,516,veri,3
VeRi/image_train/0516_c004_00025740_0.jpg,516,veri,3
VeRi/image_train/0516_c004_00025750_0.jpg,516,veri,3
VeRi/image_train/0516_c005_00026980_1.jpg,516,veri,4
VeRi/image_train/0516_c005_00026995_1.jpg,516,veri,4
VeRi/image_train/0516_c005_00027015_1.jpg,516,veri,4
VeRi/image_train/0516_c005_00027035_1.jpg,516,veri,4
VeRi/image_train/0516_c005_00027060_1.jpg,516,veri,4
VeRi/image_train/0516_c005_00027085_1.jpg,516,veri,4
VeRi/image_train/0516_c006_00006990_0.jpg,516,veri,5
VeRi/image_train/0516_c006_00007030_0.jpg,516,veri,5
VeRi/image_train/0516_c006_00007060_0.jpg,516,veri,5
VeRi/image_train/0516_c006_00007080_0.jpg,516,veri,5
VeRi/image_train/0516_c006_00007095_0.jpg,516,veri,5
VeRi/image_train/0516_c006_00007100_2.jpg,516,veri,5
VeRi/image_train/0516_c007_00027175_1.jpg,516,veri,6
VeRi/image_train/0516_c007_00027190_0.jpg,516,veri,6
VeRi/image_train/0516_c007_00027205_0.jpg,516,veri,6
VeRi/image_train/0516_c007_00027225_0.jpg,516,veri,6
VeRi/image_train/0516_c007_00027230_0.jpg,516,veri,6
VeRi/image_train/0516_c007_00027240_0.jpg,516,veri,6
VeRi/image_train/0516_c008_00026130_0.jpg,516,veri,7
VeRi/image_train/0516_c008_00026135_0.jpg,516,veri,7
VeRi/image_train/0516_c008_00026140_0.jpg,516,veri,7
VeRi/image_train/0516_c008_00026145_0.jpg,516,veri,7
VeRi/image_train/0516_c008_00026150_0.jpg,516,veri,7
VeRi/image_train/0516_c008_00026155_0.jpg,516,veri,7
VeRi/image_train/0516_c009_00025980_0.jpg,516,veri,8
VeRi/image_train/0516_c009_00025985_0.jpg,516,veri,8
VeRi/image_train/0516_c009_00025990_0.jpg,516,veri,8
VeRi/image_train/0516_c009_00025995_0.jpg,516,veri,8
VeRi/image_train/0516_c009_00026000_0.jpg,516,veri,8
VeRi/image_train/0516_c009_00026005_0.jpg,516,veri,8
VeRi/image_train/0516_c010_00007205_1.jpg,516,veri,9
VeRi/image_train/0516_c010_00007210_0.jpg,516,veri,9
VeRi/image_train/0516_c010_00007215_1.jpg,516,veri,9
VeRi/image_train/0516_c010_00007220_0.jpg,516,veri,9
VeRi/image_train/0516_c010_00007225_0.jpg,516,veri,9
VeRi/image_train/0516_c011_00006945_0.jpg,516,veri,10
VeRi/image_train/0516_c011_00006955_0.jpg,516,veri,10
VeRi/image_train/0516_c011_00006965_0.jpg,516,veri,10
VeRi/image_train/0516_c011_00006975_0.jpg,516,veri,10
VeRi/image_train/0516_c011_00006985_0.jpg,516,veri,10
VeRi/image_train/0516_c011_00007000_0.jpg,516,veri,10
VeRi/image_train/0517_c002_00040620_0.jpg,517,veri,1
VeRi/image_train/0517_c002_00040630_0.jpg,517,veri,1
VeRi/image_train/0517_c002_00040640_0.jpg,517,veri,1
VeRi/image_train/0517_c002_00040650_0.jpg,517,veri,1
VeRi/image_train/0517_c002_00040660_0.jpg,517,veri,1
VeRi/image_train/0517_c002_00040680_0.jpg,517,veri,1
VeRi/image_train/0517_c002_00088665_0.jpg,517,veri,1
VeRi/image_train/0517_c002_00088685_1.jpg,517,veri,1
VeRi/image_train/0517_c002_00088705_1.jpg,517,veri,1
VeRi/image_train/0517_c002_00088715_1.jpg,517,veri,1
VeRi/image_train/0517_c002_00088725_0.jpg,517,veri,1
VeRi/image_train/0517_c002_00088735_0.jpg,517,veri,1
VeRi/image_train/0517_c004_00041795_0.jpg,517,veri,3
VeRi/image_train/0517_c004_00041815_0.jpg,517,veri,3
VeRi/image_train/0517_c004_00041830_0.jpg,517,veri,3
VeRi/image_train/0517_c004_00041845_0.jpg,517,veri,3
VeRi/image_train/0517_c004_00041860_0.jpg,517,veri,3
VeRi/image_train/0517_c006_00041195_0.jpg,517,veri,5
VeRi/image_train/0517_c006_00041215_0.jpg,517,veri,5
VeRi/image_train/0517_c006_00041235_0.jpg,517,veri,5
VeRi/image_train/0517_c006_00041255_0.jpg,517,veri,5
VeRi/image_train/0517_c006_00041270_0.jpg,517,veri,5
VeRi/image_train/0517_c006_00041280_0.jpg,517,veri,5
VeRi/image_train/0517_c006_00086385_1.jpg,517,veri,5
VeRi/image_train/0517_c006_00086395_3.jpg,517,veri,5
VeRi/image_train/0517_c006_00086405_0.jpg,517,veri,5
VeRi/image_train/0517_c006_00086415_0.jpg,517,veri,5
VeRi/image_train/0517_c006_00086425_1.jpg,517,veri,5
VeRi/image_train/0517_c006_00086455_1.jpg,517,veri,5
VeRi/image_train/0517_c010_00041355_0.jpg,517,veri,9
VeRi/image_train/0517_c010_00041360_1.jpg,517,veri,9
VeRi/image_train/0517_c010_00041365_1.jpg,517,veri,9
VeRi/image_train/0517_c010_00041370_1.jpg,517,veri,9
VeRi/image_train/0517_c010_00041375_1.jpg,517,veri,9
VeRi/image_train/0517_c010_00041380_0.jpg,517,veri,9
VeRi/image_train/0517_c010_00086345_1.jpg,517,veri,9
VeRi/image_train/0517_c010_00086350_1.jpg,517,veri,9
VeRi/image_train/0517_c010_00086355_1.jpg,517,veri,9
VeRi/image_train/0517_c010_00086360_0.jpg,517,veri,9
VeRi/image_train/0517_c010_00086365_1.jpg,517,veri,9
VeRi/image_train/0517_c010_00086370_1.jpg,517,veri,9
VeRi/image_train/0517_c011_00041165_0.jpg,517,veri,10
VeRi/image_train/0517_c011_00041175_0.jpg,517,veri,10
VeRi/image_train/0517_c011_00041185_0.jpg,517,veri,10
VeRi/image_train/0517_c011_00041190_0.jpg,517,veri,10
VeRi/image_train/0517_c011_00041195_0.jpg,517,veri,10
VeRi/image_train/0517_c011_00041200_0.jpg,517,veri,10
VeRi/image_train/0517_c011_00086400_1.jpg,517,veri,10
VeRi/image_train/0517_c011_00086405_1.jpg,517,veri,10
VeRi/image_train/0517_c011_00086410_1.jpg,517,veri,10
VeRi/image_train/0517_c011_00086415_1.jpg,517,veri,10
VeRi/image_train/0517_c011_00086420_1.jpg,517,veri,10
VeRi/image_train/0517_c011_00086425_1.jpg,517,veri,10
VeRi/image_train/0520_c001_00088740_0.jpg,520,veri,0
VeRi/image_train/0520_c001_00088750_0.jpg,520,veri,0
VeRi/image_train/0520_c001_00088760_0.jpg,520,veri,0
VeRi/image_train/0520_c001_00088770_0.jpg,520,veri,0
VeRi/image_train/0520_c001_00088780_0.jpg,520,veri,0
VeRi/image_train/0520_c001_00088790_0.jpg,520,veri,0
VeRi/image_train/0520_c012_00088295_0.jpg,520,veri,11
VeRi/image_train/0520_c012_00088310_0.jpg,520,veri,11
VeRi/image_train/0520_c012_00088320_0.jpg,520,veri,11
VeRi/image_train/0520_c012_00088335_0.jpg,520,veri,11
VeRi/image_train/0520_c012_00088340_0.jpg,520,veri,11
VeRi/image_train/0520_c013_00088395_0.jpg,520,veri,12
VeRi/image_train/0520_c013_00088400_0.jpg,520,veri,12
VeRi/image_train/0520_c013_00088405_0.jpg,520,veri,12
VeRi/image_train/0520_c013_00088410_0.jpg,520,veri,12
VeRi/image_train/0520_c013_00088415_0.jpg,520,veri,12
VeRi/image_train/0520_c013_00088420_0.jpg,520,veri,12
VeRi/image_train/0520_c014_00086365_0.jpg,520,veri,13
VeRi/image_train/0520_c014_00086370_0.jpg,520,veri,13
VeRi/image_train/0520_c014_00086375_0.jpg,520,veri,13
VeRi/image_train/0520_c014_00086380_0.jpg,520,veri,13
VeRi/image_train/0520_c014_00086385_0.jpg,520,veri,13
VeRi/image_train/0520_c014_00086390_0.jpg,520,veri,13
VeRi/image_train/0520_c015_00086430_0.jpg,520,veri,14
VeRi/image_train/0520_c015_00086435_0.jpg,520,veri,14
VeRi/image_train/0520_c015_00086440_0.jpg,520,veri,14
VeRi/image_train/0520_c015_00086445_0.jpg,520,veri,14
VeRi/image_train/0520_c015_00086450_0.jpg,520,veri,14
VeRi/image_train/0520_c015_00086455_0.jpg,520,veri,14
VeRi/image_train/0520_c016_00086260_0.jpg,520,veri,15
VeRi/image_train/0520_c016_00086265_0.jpg,520,veri,15
VeRi/image_train/0520_c016_00086270_0.jpg,520,veri,15
VeRi/image_train/0520_c016_00086275_0.jpg,520,veri,15
VeRi/image_train/0520_c016_00086280_0.jpg,520,veri,15
VeRi/image_train/0520_c016_00086285_0.jpg,520,veri,15
VeRi/image_train/0520_c017_00087600_0.jpg,520,veri,16
VeRi/image_train/0520_c017_00087605_0.jpg,520,veri,16
VeRi/image_train/0520_c017_00087610_0.jpg,520,veri,16
VeRi/image_train/0520_c017_00087635_0.jpg,520,veri,16
VeRi/image_train/0520_c017_00087645_0.jpg,520,veri,16
VeRi/image_train/0520_c017_00087670_0.jpg,520,veri,16
VeRi/image_train/0527_c001_00081330_0.jpg,527,veri,0
VeRi/image_train/0527_c001_00081340_0.jpg,527,veri,0
VeRi/image_train/0527_c001_00081350_0.jpg,527,veri,0
VeRi/image_train/0527_c001_00081360_0.jpg,527,veri,0
VeRi/image_train/0527_c001_00081370_0.jpg,527,veri,0
VeRi/image_train/0527_c001_00081380_0.jpg,527,veri,0
VeRi/image_train/0527_c012_00072960_0.jpg,527,veri,11
VeRi/image_train/0527_c012_00072975_0.jpg,527,veri,11
VeRi/image_train/0527_c012_00072980_0.jpg,527,veri,11
VeRi/image_train/0527_c012_00072985_0.jpg,527,veri,11
VeRi/image_train/0527_c012_00072990_0.jpg,527,veri,11
VeRi/image_train/0527_c013_00073130_0.jpg,527,veri,12
VeRi/image_train/0527_c013_00073135_0.jpg,527,veri,12
VeRi/image_train/0527_c013_00073140_0.jpg,527,veri,12
VeRi/image_train/0527_c013_00073145_0.jpg,527,veri,12
VeRi/image_train/0527_c013_00073150_0.jpg,527,veri,12
VeRi/image_train/0527_c013_00073155_0.jpg,527,veri,12
VeRi/image_train/0527_c014_00071020_0.jpg,527,veri,13
VeRi/image_train/0527_c014_00071025_0.jpg,527,veri,13
VeRi/image_train/0527_c014_00071030_0.jpg,527,veri,13
VeRi/image_train/0527_c014_00071035_0.jpg,527,veri,13
VeRi/image_train/0527_c014_00071040_0.jpg,527,veri,13
VeRi/image_train/0527_c014_00071045_0.jpg,527,veri,13
VeRi/image_train/0527_c015_00071065_0.jpg,527,veri,14
VeRi/image_train/0527_c015_00071070_0.jpg,527,veri,14
VeRi/image_train/0527_c015_00071075_0.jpg,527,veri,14
VeRi/image_train/0527_c015_00071080_0.jpg,527,veri,14
VeRi/image_train/0527_c015_00071085_0.jpg,527,veri,14
VeRi/image_train/0527_c015_00071090_0.jpg,527,veri,14
VeRi/image_train/0527_c016_00070695_0.jpg,527,veri,15
VeRi/image_train/0527_c016_00070700_0.jpg,527,veri,15
VeRi/image_train/0527_c016_00070705_0.jpg,527,veri,15
VeRi/image_train/0527_c016_00070710_0.jpg,527,veri,15
VeRi/image_train/0527_c016_00070715_0.jpg,527,veri,15
VeRi/image_train/0527_c016_00070720_0.jpg,527,veri,15
VeRi/image_train/0527_c019_00071915_0.jpg,527,veri,18
VeRi/image_train/0527_c019_00071920_0.jpg,527,veri,18
VeRi/image_train/0527_c019_00071925_0.jpg,527,veri,18
VeRi/image_train/0527_c019_00071980_0.jpg,527,veri,18
VeRi/image_train/0527_c019_00071985_0.jpg,527,veri,18
VeRi/image_train/0527_c019_00071990_0.jpg,527,veri,18
VeRi/image_train/0529_c003_00038890_0.jpg,529,veri,2
VeRi/image_train/0529_c003_00038905_0.jpg,529,veri,2
VeRi/image_train/0529_c003_00038920_0.jpg,529,veri,2
VeRi/image_train/0529_c003_00038935_0.jpg,529,veri,2
VeRi/image_train/0529_c003_00038950_0.jpg,529,veri,2
VeRi/image_train/0529_c003_00038970_1.jpg,529,veri,2
VeRi/image_train/0529_c004_00038850_0.jpg,529,veri,3
VeRi/image_train/0529_c004_00038860_0.jpg,529,veri,3
VeRi/image_train/0529_c004_00038870_1.jpg,529,veri,3
VeRi/image_train/0529_c004_00038880_1.jpg,529,veri,3
VeRi/image_train/0529_c004_00038895_0.jpg,529,veri,3
VeRi/image_train/0529_c008_00038620_0.jpg,529,veri,7
VeRi/image_train/0529_c008_00038630_0.jpg,529,veri,7
VeRi/image_train/0529_c008_00038640_0.jpg,529,veri,7
VeRi/image_train/0529_c008_00038650_0.jpg,529,veri,7
VeRi/image_train/0529_c008_00038655_0.jpg,529,veri,7
VeRi/image_train/0529_c009_00038700_0.jpg,529,veri,8
VeRi/image_train/0529_c009_00038705_0.jpg,529,veri,8
VeRi/image_train/0529_c009_00038710_0.jpg,529,veri,8
VeRi/image_train/0529_c009_00038715_0.jpg,529,veri,8
VeRi/image_train/0529_c009_00038720_0.jpg,529,veri,8
VeRi/image_train/0529_c009_00038725_0.jpg,529,veri,8
VeRi/image_train/0053_c001_00033915_0.jpg,53,veri,0
VeRi/image_train/0053_c001_00033930_0.jpg,53,veri,0
VeRi/image_train/0053_c001_00033945_0.jpg,53,veri,0
VeRi/image_train/0053_c001_00033960_0.jpg,53,veri,0
VeRi/image_train/0053_c001_00033975_0.jpg,53,veri,0
VeRi/image_train/0053_c001_00033990_0.jpg,53,veri,0
VeRi/image_train/0053_c012_00031895_0.jpg,53,veri,11
VeRi/image_train/0053_c012_00031900_0.jpg,53,veri,11
VeRi/image_train/0053_c012_00031905_0.jpg,53,veri,11
VeRi/image_train/0053_c012_00031915_0.jpg,53,veri,11
VeRi/image_train/0053_c012_00031920_0.jpg,53,veri,11
VeRi/image_train/0053_c012_00031935_0.jpg,53,veri,11
VeRi/image_train/0053_c013_00032025_0.jpg,53,veri,12
VeRi/image_train/0053_c013_00032035_0.jpg,53,veri,12
VeRi/image_train/0053_c013_00032045_0.jpg,53,veri,12
VeRi/image_train/0053_c013_00032055_0.jpg,53,veri,12
VeRi/image_train/0053_c013_00032070_0.jpg,53,veri,12
VeRi/image_train/0053_c018_00027185_0.jpg,53,veri,17
VeRi/image_train/0053_c018_00027215_0.jpg,53,veri,17
VeRi/image_train/0053_c018_00027245_0.jpg,53,veri,17
VeRi/image_train/0053_c018_00031080_0.jpg,53,veri,17
VeRi/image_train/0053_c018_00031100_0.jpg,53,veri,17
VeRi/image_train/0053_c018_00031110_0.jpg,53,veri,17
VeRi/image_train/0531_c008_00056195_0.jpg,531,veri,7
VeRi/image_train/0531_c008_00056200_0.jpg,531,veri,7
VeRi/image_train/0531_c008_00056205_0.jpg,531,veri,7
VeRi/image_train/0531_c008_00056210_0.jpg,531,veri,7
VeRi/image_train/0531_c008_00056215_0.jpg,531,veri,7
VeRi/image_train/0531_c008_00056220_0.jpg,531,veri,7
VeRi/image_train/0531_c008_00057495_0.jpg,531,veri,7
VeRi/image_train/0531_c008_00057500_0.jpg,531,veri,7
VeRi/image_train/0531_c008_00057505_0.jpg,531,veri,7
VeRi/image_train/0531_c008_00057510_0.jpg,531,veri,7
VeRi/image_train/0531_c008_00057515_0.jpg,531,veri,7
VeRi/image_train/0531_c008_00057520_0.jpg,531,veri,7
VeRi/image_train/0531_c009_00056330_0.jpg,531,veri,8
VeRi/image_train/0531_c009_00056335_0.jpg,531,veri,8
VeRi/image_train/0531_c009_00056340_0.jpg,531,veri,8
VeRi/image_train/0531_c009_00056345_0.jpg,531,veri,8
VeRi/image_train/0531_c009_00056350_0.jpg,531,veri,8
VeRi/image_train/0531_c009_00056355_0.jpg,531,veri,8
VeRi/image_train/0531_c009_00057405_0.jpg,531,veri,8
VeRi/image_train/0531_c009_00057410_0.jpg,531,veri,8
VeRi/image_train/0531_c009_00057415_0.jpg,531,veri,8
VeRi/image_train/0531_c009_00057420_0.jpg,531,veri,8
VeRi/image_train/0531_c009_00057425_0.jpg,531,veri,8
VeRi/image_train/0531_c009_00057430_0.jpg,531,veri,8
VeRi/image_train/0532_c001_00086690_1.jpg,532,veri,0
VeRi/image_train/0532_c001_00086700_1.jpg,532,veri,0
VeRi/image_train/0532_c001_00086710_1.jpg,532,veri,0
VeRi/image_train/0532_c001_00086720_0.jpg,532,veri,0
VeRi/image_train/0532_c001_00086735_0.jpg,532,veri,0
VeRi/image_train/0532_c001_00086765_1.jpg,532,veri,0
VeRi/image_train/0532_c012_00087140_0.jpg,532,veri,11
VeRi/image_train/0532_c012_00087150_0.jpg,532,veri,11
VeRi/image_train/0532_c012_00087160_0.jpg,532,veri,11
VeRi/image_train/0532_c012_00087165_0.jpg,532,veri,11
VeRi/image_train/0532_c012_00087170_0.jpg,532,veri,11
VeRi/image_train/0532_c012_00087180_0.jpg,532,veri,11
VeRi/image_train/0532_c013_00087010_0.jpg,532,veri,12
VeRi/image_train/0532_c013_00087015_0.jpg,532,veri,12
VeRi/image_train/0532_c013_00087020_0.jpg,532,veri,12
VeRi/image_train/0532_c013_00087025_0.jpg,532,veri,12
VeRi/image_train/0532_c013_00087030_0.jpg,532,veri,12
VeRi/image_train/0532_c013_00087035_0.jpg,532,veri,12
VeRi/image_train/0532_c014_00089115_0.jpg,532,veri,13
VeRi/image_train/0532_c014_00089120_0.jpg,532,veri,13
VeRi/image_train/0532_c014_00089125_0.jpg,532,veri,13
VeRi/image_train/0532_c014_00089130_0.jpg,532,veri,13
VeRi/image_train/0532_c014_00089135_0.jpg,532,veri,13
VeRi/image_train/0532_c014_00089140_0.jpg,532,veri,13
VeRi/image_train/0532_c015_00088855_0.jpg,532,veri,14
VeRi/image_train/0532_c015_00088860_0.jpg,532,veri,14
VeRi/image_train/0532_c015_00088865_0.jpg,532,veri,14
VeRi/image_train/0532_c015_00088870_0.jpg,532,veri,14
VeRi/image_train/0532_c015_00088875_0.jpg,532,veri,14
VeRi/image_train/0532_c015_00088880_0.jpg,532,veri,14
VeRi/image_train/0532_c017_00087680_0.jpg,532,veri,16
VeRi/image_train/0532_c017_00087685_0.jpg,532,veri,16
VeRi/image_train/0532_c017_00087690_0.jpg,532,veri,16
VeRi/image_train/0532_c017_00087695_0.jpg,532,veri,16
VeRi/image_train/0532_c017_00087700_0.jpg,532,veri,16
VeRi/image_train/0532_c017_00087705_0.jpg,532,veri,16
VeRi/image_train/0532_c019_00087825_0.jpg,532,veri,18
VeRi/image_train/0532_c019_00087830_0.jpg,532,veri,18
VeRi/image_train/0532_c019_00087835_0.jpg,532,veri,18
VeRi/image_train/0532_c019_00087850_0.jpg,532,veri,18
VeRi/image_train/0532_c019_00087865_0.jpg,532,veri,18
VeRi/image_train/0532_c019_00087880_0.jpg,532,veri,18
VeRi/image_train/0535_c002_00021265_0.jpg,535,veri,1
VeRi/image_train/0535_c002_00021280_0.jpg,535,veri,1
VeRi/image_train/0535_c002_00021295_0.jpg,535,veri,1
VeRi/image_train/0535_c002_00021310_0.jpg,535,veri,1
VeRi/image_train/0535_c002_00021325_0.jpg,535,veri,1
VeRi/image_train/0535_c002_00021340_0.jpg,535,veri,1
VeRi/image_train/0535_c003_00022680_0.jpg,535,veri,2
VeRi/image_train/0535_c003_00022690_0.jpg,535,veri,2
VeRi/image_train/0535_c003_00022695_0.jpg,535,veri,2
VeRi/image_train/0535_c003_00022700_0.jpg,535,veri,2
VeRi/image_train/0535_c003_00022705_0.jpg,535,veri,2
VeRi/image_train/0535_c003_00022710_0.jpg,535,veri,2
VeRi/image_train/0535_c003_00067575_0.jpg,535,veri,2
VeRi/image_train/0535_c003_00067580_0.jpg,535,veri,2
VeRi/image_train/0535_c003_00067585_0.jpg,535,veri,2
VeRi/image_train/0535_c003_00067590_0.jpg,535,veri,2
VeRi/image_train/0535_c003_00067595_0.jpg,535,veri,2
VeRi/image_train/0535_c004_00022615_0.jpg,535,veri,3
VeRi/image_train/0535_c004_00022640_0.jpg,535,veri,3
VeRi/image_train/0535_c004_00022645_0.jpg,535,veri,3
VeRi/image_train/0535_c004_00022650_0.jpg,535,veri,3
VeRi/image_train/0535_c004_00022655_0.jpg,535,veri,3
VeRi/image_train/0535_c004_00022660_0.jpg,535,veri,3
VeRi/image_train/0535_c004_00067470_0.jpg,535,veri,3
VeRi/image_train/0535_c004_00067475_0.jpg,535,veri,3
VeRi/image_train/0535_c004_00067480_0.jpg,535,veri,3
VeRi/image_train/0535_c004_00067485_0.jpg,535,veri,3
VeRi/image_train/0535_c004_00067490_0.jpg,535,veri,3
VeRi/image_train/0535_c004_00067495_0.jpg,535,veri,3
VeRi/image_train/0535_c005_00023350_0.jpg,535,veri,4
VeRi/image_train/0535_c005_00023365_0.jpg,535,veri,4
VeRi/image_train/0535_c005_00023380_0.jpg,535,veri,4
VeRi/image_train/0535_c005_00023405_0.jpg,535,veri,4
VeRi/image_train/0535_c005_00023425_0.jpg,535,veri,4
VeRi/image_train/0535_c005_00023445_0.jpg,535,veri,4
VeRi/image_train/0535_c006_00022035_2.jpg,535,veri,5
VeRi/image_train/0535_c006_00022050_0.jpg,535,veri,5
VeRi/image_train/0535_c006_00022070_1.jpg,535,veri,5
VeRi/image_train/0535_c006_00022090_1.jpg,535,veri,5
VeRi/image_train/0535_c006_00022100_1.jpg,535,veri,5
VeRi/image_train/0535_c006_00022115_0.jpg,535,veri,5
VeRi/image_train/0535_c006_00067900_1.jpg,535,veri,5
VeRi/image_train/0535_c006_00067915_0.jpg,535,veri,5
VeRi/image_train/0535_c006_00067920_0.jpg,535,veri,5
VeRi/image_train/0535_c006_00067925_0.jpg,535,veri,5
VeRi/image_train/0535_c006_00067940_0.jpg,535,veri,5
VeRi/image_train/0535_c006_00067950_0.jpg,535,veri,5
VeRi/image_train/0535_c007_00023520_0.jpg,535,veri,6
VeRi/image_train/0535_c007_00023530_0.jpg,535,veri,6
VeRi/image_train/0535_c007_00023540_0.jpg,535,veri,6
VeRi/image_train/0535_c007_00023550_0.jpg,535,veri,6
VeRi/image_train/0535_c007_00023570_0.jpg,535,veri,6
VeRi/image_train/0535_c007_00023575_0.jpg,535,veri,6
VeRi/image_train/0535_c008_00022870_0.jpg,535,veri,7
VeRi/image_train/0535_c008_00022875_0.jpg,535,veri,7
VeRi/image_train/0535_c008_00022880_0.jpg,535,veri,7
VeRi/image_train/0535_c008_00022885_0.jpg,535,veri,7
VeRi/image_train/0535_c008_00067375_0.jpg,535,veri,7
VeRi/image_train/0535_c008_00067380_0.jpg,535,veri,7
VeRi/image_train/0535_c008_00067385_0.jpg,535,veri,7
VeRi/image_train/0535_c008_00067390_0.jpg,535,veri,7
VeRi/image_train/0535_c008_00067395_0.jpg,535,veri,7
VeRi/image_train/0535_c008_00067400_0.jpg,535,veri,7
VeRi/image_train/0535_c009_00022770_0.jpg,535,veri,8
VeRi/image_train/0535_c009_00022775_0.jpg,535,veri,8
VeRi/image_train/0535_c009_00022780_0.jpg,535,veri,8
VeRi/image_train/0535_c009_00022785_0.jpg,535,veri,8
VeRi/image_train/0535_c009_00067430_0.jpg,535,veri,8
VeRi/image_train/0535_c009_00067435_0.jpg,535,veri,8
VeRi/image_train/0535_c009_00067440_0.jpg,535,veri,8
VeRi/image_train/0535_c009_00067445_0.jpg,535,veri,8
VeRi/image_train/0535_c009_00067450_0.jpg,535,veri,8
VeRi/image_train/0535_c010_00022215_0.jpg,535,veri,9
VeRi/image_train/0535_c010_00022220_0.jpg,535,veri,9
VeRi/image_train/0535_c010_00022225_0.jpg,535,veri,9
VeRi/image_train/0535_c010_00022230_0.jpg,535,veri,9
VeRi/image_train/0535_c010_00022235_0.jpg,535,veri,9
VeRi/image_train/0535_c010_00022240_0.jpg,535,veri,9
VeRi/image_train/0535_c010_00067920_0.jpg,535,veri,9
VeRi/image_train/0535_c010_00067925_0.jpg,535,veri,9
VeRi/image_train/0535_c010_00067930_0.jpg,535,veri,9
VeRi/image_train/0535_c010_00067935_0.jpg,535,veri,9
VeRi/image_train/0535_c010_00067940_0.jpg,535,veri,9
VeRi/image_train/0535_c011_00022000_0.jpg,535,veri,10
VeRi/image_train/0535_c011_00022010_0.jpg,535,veri,10
VeRi/image_train/0535_c011_00022020_0.jpg,535,veri,10
VeRi/image_train/0535_c011_00022030_0.jpg,535,veri,10
VeRi/image_train/0535_c011_00022040_0.jpg,535,veri,10
VeRi/image_train/0535_c011_00022050_0.jpg,535,veri,10
VeRi/image_train/0535_c011_00067900_1.jpg,535,veri,10
VeRi/image_train/0535_c011_00067905_0.jpg,535,veri,10
VeRi/image_train/0535_c011_00067910_0.jpg,535,veri,10
VeRi/image_train/0535_c011_00067915_0.jpg,535,veri,10
VeRi/image_train/0535_c011_00067920_0.jpg,535,veri,10
VeRi/image_train/0535_c011_00067925_0.jpg,535,veri,10
VeRi/image_train/0538_c001_00047670_0.jpg,538,veri,0
VeRi/image_train/0538_c001_00047675_0.jpg,538,veri,0
VeRi/image_train/0538_c001_00047680_0.jpg,538,veri,0
VeRi/image_train/0538_c002_00045845_1.jpg,538,veri,1
VeRi/image_train/0538_c002_00045855_1.jpg,538,veri,1
VeRi/image_train/0538_c002_00045865_1.jpg,538,veri,1
VeRi/image_train/0538_c002_00045875_1.jpg,538,veri,1
VeRi/image_train/0538_c002_00045885_0.jpg,538,veri,1
VeRi/image_train/0538_c002_00045895_0.jpg,538,veri,1
VeRi/image_train/0538_c003_00042835_1.jpg,538,veri,2
VeRi/image_train/0538_c003_00042845_1.jpg,538,veri,2
VeRi/image_train/0538_c003_00042855_1.jpg,538,veri,2
VeRi/image_train/0538_c003_00042865_1.jpg,538,veri,2
VeRi/image_train/0538_c003_00042875_1.jpg,538,veri,2
VeRi/image_train/0538_c003_00042885_1.jpg,538,veri,2
VeRi/image_train/0538_c004_00042735_0.jpg,538,veri,3
VeRi/image_train/0538_c004_00042755_1.jpg,538,veri,3
VeRi/image_train/0538_c004_00042775_0.jpg,538,veri,3
VeRi/image_train/0538_c004_00042790_0.jpg,538,veri,3
VeRi/image_train/0538_c004_00042805_0.jpg,538,veri,3
VeRi/image_train/0538_c004_00042820_0.jpg,538,veri,3
VeRi/image_train/0538_c006_00043685_0.jpg,538,veri,5
VeRi/image_train/0538_c006_00043700_0.jpg,538,veri,5
VeRi/image_train/0538_c006_00043715_0.jpg,538,veri,5
VeRi/image_train/0538_c006_00043730_0.jpg,538,veri,5
VeRi/image_train/0538_c006_00043745_0.jpg,538,veri,5
VeRi/image_train/0538_c006_00043775_0.jpg,538,veri,5
VeRi/image_train/0538_c010_00043605_0.jpg,538,veri,9
VeRi/image_train/0538_c010_00043610_0.jpg,538,veri,9
VeRi/image_train/0538_c010_00043615_0.jpg,538,veri,9
VeRi/image_train/0538_c010_00043620_0.jpg,538,veri,9
VeRi/image_train/0538_c010_00043625_0.jpg,538,veri,9
VeRi/image_train/0538_c011_00043640_0.jpg,538,veri,10
VeRi/image_train/0538_c011_00043650_0.jpg,538,veri,10
VeRi/image_train/0538_c011_00043660_0.jpg,538,veri,10
VeRi/image_train/0538_c011_00043670_0.jpg,538,veri,10
VeRi/image_train/0538_c011_00043690_0.jpg,538,veri,10
VeRi/image_train/0538_c011_00043710_0.jpg,538,veri,10
VeRi/image_train/0538_c012_00048320_0.jpg,538,veri,11
VeRi/image_train/0538_c012_00048330_0.jpg,538,veri,11
VeRi/image_train/0538_c012_00048340_1.jpg,538,veri,11
VeRi/image_train/0538_c012_00048350_0.jpg,538,veri,11
VeRi/image_train/0538_c012_00048365_0.jpg,538,veri,11
VeRi/image_train/0538_c012_00048375_1.jpg,538,veri,11
VeRi/image_train/0538_c013_00048060_0.jpg,538,veri,12
VeRi/image_train/0538_c013_00048065_0.jpg,538,veri,12
VeRi/image_train/0538_c013_00048070_0.jpg,538,veri,12
VeRi/image_train/0538_c013_00048075_0.jpg,538,veri,12
VeRi/image_train/0538_c013_00048080_0.jpg,538,veri,12
VeRi/image_train/0538_c013_00048085_0.jpg,538,veri,12
VeRi/image_train/0538_c014_00055660_0.jpg,538,veri,13
VeRi/image_train/0538_c014_00055665_0.jpg,538,veri,13
VeRi/image_train/0538_c014_00055670_0.jpg,538,veri,13
VeRi/image_train/0538_c014_00055675_0.jpg,538,veri,13
VeRi/image_train/0538_c014_00055680_0.jpg,538,veri,13
VeRi/image_train/0538_c014_00055685_0.jpg,538,veri,13
VeRi/image_train/0538_c015_00055355_0.jpg,538,veri,14
VeRi/image_train/0538_c015_00055395_0.jpg,538,veri,14
VeRi/image_train/0538_c015_00055425_0.jpg,538,veri,14
VeRi/image_train/0538_c015_00055430_0.jpg,538,veri,14
VeRi/image_train/0538_c015_00055435_0.jpg,538,veri,14
VeRi/image_train/0538_c015_00055455_0.jpg,538,veri,14
VeRi/image_train/0538_c016_00056080_0.jpg,538,veri,15
VeRi/image_train/0538_c016_00056085_0.jpg,538,veri,15
VeRi/image_train/0538_c016_00056090_0.jpg,538,veri,15
VeRi/image_train/0538_c016_00056095_0.jpg,538,veri,15
VeRi/image_train/0538_c016_00056100_0.jpg,538,veri,15
VeRi/image_train/0538_c016_00056105_0.jpg,538,veri,15
VeRi/image_train/0538_c017_00054335_0.jpg,538,veri,16
VeRi/image_train/0538_c017_00054340_1.jpg,538,veri,16
VeRi/image_train/0538_c017_00054345_0.jpg,538,veri,16
VeRi/image_train/0538_c017_00054350_0.jpg,538,veri,16
VeRi/image_train/0538_c017_00054360_0.jpg,538,veri,16
VeRi/image_train/0538_c017_00054365_0.jpg,538,veri,16
VeRi/image_train/0538_c019_00054600_0.jpg,538,veri,18
VeRi/image_train/0538_c019_00054615_0.jpg,538,veri,18
VeRi/image_train/0538_c019_00054625_0.jpg,538,veri,18
VeRi/image_train/0538_c019_00054630_0.jpg,538,veri,18
VeRi/image_train/0538_c019_00054635_0.jpg,538,veri,18
VeRi/image_train/0538_c019_00054645_0.jpg,538,veri,18
VeRi/image_train/0539_c003_00017415_0.jpg,539,veri,2
VeRi/image_train/0539_c003_00017425_0.jpg,539,veri,2
VeRi/image_train/0539_c003_00017435_0.jpg,539,veri,2
VeRi/image_train/0539_c003_00017445_0.jpg,539,veri,2
VeRi/image_train/0539_c003_00017455_0.jpg,539,veri,2
VeRi/image_train/0539_c003_00017465_0.jpg,539,veri,2
VeRi/image_train/0539_c003_00052615_0.jpg,539,veri,2
VeRi/image_train/0539_c003_00052625_0.jpg,539,veri,2
VeRi/image_train/0539_c003_00052635_0.jpg,539,veri,2
VeRi/image_train/0539_c003_00052640_0.jpg,539,veri,2
VeRi/image_train/0539_c003_00052645_0.jpg,539,veri,2
VeRi/image_train/0539_c003_00052650_0.jpg,539,veri,2
VeRi/image_train/0539_c003_00072035_0.jpg,539,veri,2
VeRi/image_train/0539_c003_00072045_0.jpg,539,veri,2
VeRi/image_train/0539_c003_00072055_0.jpg,539,veri,2
VeRi/image_train/0539_c003_00072065_0.jpg,539,veri,2
VeRi/image_train/0539_c003_00072070_0.jpg,539,veri,2
VeRi/image_train/0539_c003_00072075_0.jpg,539,veri,2
VeRi/image_train/0539_c004_00017355_0.jpg,539,veri,3
VeRi/image_train/0539_c004_00017390_0.jpg,539,veri,3
VeRi/image_train/0539_c004_00017400_0.jpg,539,veri,3
VeRi/image_train/0539_c004_00017410_0.jpg,539,veri,3
VeRi/image_train/0539_c004_00017415_0.jpg,539,veri,3
VeRi/image_train/0539_c004_00017420_0.jpg,539,veri,3
VeRi/image_train/0539_c004_00052515_0.jpg,539,veri,3
VeRi/image_train/0539_c004_00052520_0.jpg,539,veri,3
VeRi/image_train/0539_c004_00052525_0.jpg,539,veri,3
VeRi/image_train/0539_c004_00052530_0.jpg,539,veri,3
VeRi/image_train/0539_c004_00052535_0.jpg,539,veri,3
VeRi/image_train/0539_c004_00052540_0.jpg,539,veri,3
VeRi/image_train/0539_c004_00071955_0.jpg,539,veri,3
VeRi/image_train/0539_c004_00071965_0.jpg,539,veri,3
VeRi/image_train/0539_c004_00071975_0.jpg,539,veri,3
VeRi/image_train/0539_c004_00071985_0.jpg,539,veri,3
VeRi/image_train/0539_c004_00072005_0.jpg,539,veri,3
VeRi/image_train/0539_c004_00072020_0.jpg,539,veri,3
VeRi/image_train/0539_c005_00018095_0.jpg,539,veri,4
VeRi/image_train/0539_c005_00018105_0.jpg,539,veri,4
VeRi/image_train/0539_c005_00018120_0.jpg,539,veri,4
VeRi/image_train/0539_c005_00018135_0.jpg,539,veri,4
VeRi/image_train/0539_c005_00018150_0.jpg,539,veri,4
VeRi/image_train/0539_c005_00018170_0.jpg,539,veri,4
VeRi/image_train/0539_c006_00016425_0.jpg,539,veri,5
VeRi/image_train/0539_c006_00016450_0.jpg,539,veri,5
VeRi/image_train/0539_c006_00016485_0.jpg,539,veri,5
VeRi/image_train/0539_c006_00016520_0.jpg,539,veri,5
VeRi/image_train/0539_c006_00016550_0.jpg,539,veri,5
VeRi/image_train/0539_c006_00016575_0.jpg,539,veri,5
VeRi/image_train/0539_c006_00053180_2.jpg,539,veri,5
VeRi/image_train/0539_c006_00053185_0.jpg,539,veri,5
VeRi/image_train/0539_c006_00053190_1.jpg,539,veri,5
VeRi/image_train/0539_c006_00053205_0.jpg,539,veri,5
VeRi/image_train/0539_c006_00053225_0.jpg,539,veri,5
VeRi/image_train/0539_c006_00071485_0.jpg,539,veri,5
VeRi/image_train/0539_c006_00071500_0.jpg,539,veri,5
VeRi/image_train/0539_c006_00071515_0.jpg,539,veri,5
VeRi/image_train/0539_c006_00071530_0.jpg,539,veri,5
VeRi/image_train/0539_c006_00071545_0.jpg,539,veri,5
VeRi/image_train/0539_c006_00071555_0.jpg,539,veri,5
VeRi/image_train/0539_c007_00018205_0.jpg,539,veri,6
VeRi/image_train/0539_c007_00018215_0.jpg,539,veri,6
VeRi/image_train/0539_c007_00018220_0.jpg,539,veri,6
VeRi/image_train/0539_c007_00018225_0.jpg,539,veri,6
VeRi/image_train/0539_c007_00018230_0.jpg,539,veri,6
VeRi/image_train/0539_c008_00017665_0.jpg,539,veri,7
VeRi/image_train/0539_c008_00017670_0.jpg,539,veri,7
VeRi/image_train/0539_c008_00017675_0.jpg,539,veri,7
VeRi/image_train/0539_c008_00017680_0.jpg,539,veri,7
VeRi/image_train/0539_c008_00017685_0.jpg,539,veri,7
VeRi/image_train/0539_c008_00052365_0.jpg,539,veri,7
VeRi/image_train/0539_c008_00052370_0.jpg,539,veri,7
VeRi/image_train/0539_c008_00052375_0.jpg,539,veri,7
VeRi/image_train/0539_c008_00052380_0.jpg,539,veri,7
VeRi/image_train/0539_c008_00052385_0.jpg,539,veri,7
VeRi/image_train/0539_c008_00052390_0.jpg,539,veri,7
VeRi/image_train/0539_c009_00017575_0.jpg,539,veri,8
VeRi/image_train/0539_c009_00017580_0.jpg,539,veri,8
VeRi/image_train/0539_c009_00017585_0.jpg,539,veri,8
VeRi/image_train/0539_c009_00017595_1.jpg,539,veri,8
VeRi/image_train/0539_c009_00052445_0.jpg,539,veri,8
VeRi/image_train/0539_c009_00052450_1.jpg,539,veri,8
VeRi/image_train/0539_c009_00052455_1.jpg,539,veri,8
VeRi/image_train/0539_c009_00052460_1.jpg,539,veri,8
VeRi/image_train/0539_c009_00052465_0.jpg,539,veri,8
VeRi/image_train/0539_c009_00052470_1.jpg,539,veri,8
VeRi/image_train/0539_c010_00016700_0.jpg,539,veri,9
VeRi/image_train/0539_c010_00016705_0.jpg,539,veri,9
VeRi/image_train/0539_c010_00016710_0.jpg,539,veri,9
VeRi/image_train/0539_c010_00016715_0.jpg,539,veri,9
VeRi/image_train/0539_c010_00016720_0.jpg,539,veri,9
VeRi/image_train/0539_c010_00016725_0.jpg,539,veri,9
VeRi/image_train/0539_c010_00053115_0.jpg,539,veri,9
VeRi/image_train/0539_c010_00053120_0.jpg,539,veri,9
VeRi/image_train/0539_c010_00053125_0.jpg,539,veri,9
VeRi/image_train/0539_c010_00053130_0.jpg,539,veri,9
VeRi/image_train/0539_c010_00053135_0.jpg,539,veri,9
VeRi/image_train/0539_c010_00053140_0.jpg,539,veri,9
VeRi/image_train/0539_c010_00071665_0.jpg,539,veri,9
VeRi/image_train/0539_c010_00071670_0.jpg,539,veri,9
VeRi/image_train/0539_c010_00071675_0.jpg,539,veri,9
VeRi/image_train/0539_c010_00071680_0.jpg,539,veri,9
VeRi/image_train/0539_c010_00071685_0.jpg,539,veri,9
VeRi/image_train/0539_c010_00071690_0.jpg,539,veri,9
VeRi/image_train/0539_c011_00016440_0.jpg,539,veri,10
VeRi/image_train/0539_c011_00016450_0.jpg,539,veri,10
VeRi/image_train/0539_c011_00016460_0.jpg,539,veri,10
VeRi/image_train/0539_c011_00016470_0.jpg,539,veri,10
VeRi/image_train/0539_c011_00016480_0.jpg,539,veri,10
VeRi/image_train/0539_c011_00016505_0.jpg,539,veri,10
VeRi/image_train/0539_c011_00053150_0.jpg,539,veri,10
VeRi/image_train/0539_c011_00053155_2.jpg,539,veri,10
VeRi/image_train/0539_c011_00053165_0.jpg,539,veri,10
VeRi/image_train/0539_c011_00053175_2.jpg,539,veri,10
VeRi/image_train/0539_c011_00053185_0.jpg,539,veri,10
VeRi/image_train/0539_c011_00053200_0.jpg,539,veri,10
VeRi/image_train/0539_c011_00071500_0.jpg,539,veri,10
VeRi/image_train/0539_c011_00071515_0.jpg,539,veri,10
VeRi/image_train/0539_c011_00071525_0.jpg,539,veri,10
VeRi/image_train/0539_c011_00071535_0.jpg,539,veri,10
VeRi/image_train/0539_c011_00071545_0.jpg,539,veri,10
VeRi/image_train/0539_c011_00071555_0.jpg,539,veri,10
VeRi/image_train/0540_c001_00028820_0.jpg,540,veri,0
VeRi/image_train/0540_c001_00028835_0.jpg,540,veri,0
VeRi/image_train/0540_c001_00028845_0.jpg,540,veri,0
VeRi/image_train/0540_c001_00028855_0.jpg,540,veri,0
VeRi/image_train/0540_c002_00029170_1.jpg,540,veri,1
VeRi/image_train/0540_c002_00029180_1.jpg,540,veri,1
VeRi/image_train/0540_c002_00029190_1.jpg,540,veri,1
VeRi/image_train/0540_c002_00029200_3.jpg,540,veri,1
VeRi/image_train/0540_c002_00029215_3.jpg,540,veri,1
VeRi/image_train/0540_c002_00029225_3.jpg,540,veri,1
VeRi/image_train/0540_c013_00028545_0.jpg,540,veri,12
VeRi/image_train/0540_c013_00028560_0.jpg,540,veri,12
VeRi/image_train/0540_c013_00028570_0.jpg,540,veri,12
VeRi/image_train/0540_c013_00028580_0.jpg,540,veri,12
VeRi/image_train/0540_c013_00028590_0.jpg,540,veri,12
VeRi/image_train/0540_c013_00028600_0.jpg,540,veri,12
VeRi/image_train/0540_c014_00027215_0.jpg,540,veri,13
VeRi/image_train/0540_c014_00027220_0.jpg,540,veri,13
VeRi/image_train/0540_c014_00027225_0.jpg,540,veri,13
VeRi/image_train/0540_c014_00027230_0.jpg,540,veri,13
VeRi/image_train/0540_c014_00027240_0.jpg,540,veri,13
VeRi/image_train/0540_c014_00027245_0.jpg,540,veri,13
VeRi/image_train/0540_c015_00027250_0.jpg,540,veri,14
VeRi/image_train/0540_c015_00027255_0.jpg,540,veri,14
VeRi/image_train/0540_c015_00027260_0.jpg,540,veri,14
VeRi/image_train/0540_c015_00027265_0.jpg,540,veri,14
VeRi/image_train/0540_c015_00027270_0.jpg,540,veri,14
VeRi/image_train/0540_c015_00027275_0.jpg,540,veri,14
VeRi/image_train/0540_c016_00027005_0.jpg,540,veri,15
VeRi/image_train/0540_c016_00027010_0.jpg,540,veri,15
VeRi/image_train/0540_c016_00027020_0.jpg,540,veri,15
VeRi/image_train/0540_c016_00027025_0.jpg,540,veri,15
VeRi/image_train/0540_c016_00027030_0.jpg,540,veri,15
VeRi/image_train/0540_c016_00027035_0.jpg,540,veri,15
VeRi/image_train/0540_c017_00027945_0.jpg,540,veri,16
VeRi/image_train/0540_c017_00027960_0.jpg,540,veri,16
VeRi/image_train/0540_c017_00027965_0.jpg,540,veri,16
VeRi/image_train/0540_c017_00027975_0.jpg,540,veri,16
VeRi/image_train/0540_c017_00027985_0.jpg,540,veri,16
VeRi/image_train/0540_c017_00027995_0.jpg,540,veri,16
VeRi/image_train/0540_c019_00027795_0.jpg,540,veri,18
VeRi/image_train/0540_c019_00027800_0.jpg,540,veri,18
VeRi/image_train/0540_c019_00027805_0.jpg,540,veri,18
VeRi/image_train/0540_c019_00027810_0.jpg,540,veri,18
VeRi/image_train/0540_c019_00027815_0.jpg,540,veri,18
VeRi/image_train/0540_c019_00027825_0.jpg,540,veri,18
VeRi/image_train/0542_c001_00047305_0.jpg,542,veri,0
VeRi/image_train/0542_c001_00047315_0.jpg,542,veri,0
VeRi/image_train/0542_c001_00047320_0.jpg,542,veri,0
VeRi/image_train/0542_c001_00047325_0.jpg,542,veri,0
VeRi/image_train/0542_c001_00047330_0.jpg,542,veri,0
VeRi/image_train/0542_c001_00047335_0.jpg,542,veri,0
VeRi/image_train/0542_c002_00000925_0.jpg,542,veri,1
VeRi/image_train/0542_c002_00000945_0.jpg,542,veri,1
VeRi/image_train/0542_c002_00000965_0.jpg,542,veri,1
VeRi/image_train/0542_c002_00000985_0.jpg,542,veri,1
VeRi/image_train/0542_c002_00001005_0.jpg,542,veri,1
VeRi/image_train/0542_c002_00001015_0.jpg,542,veri,1
VeRi/image_train/0542_c002_00002400_1.jpg,542,veri,1
VeRi/image_train/0542_c002_00002410_1.jpg,542,veri,1
VeRi/image_train/0542_c002_00002420_1.jpg,542,veri,1
VeRi/image_train/0542_c002_00002440_1.jpg,542,veri,1
VeRi/image_train/0542_c002_00002455_0.jpg,542,veri,1
VeRi/image_train/0542_c002_00002490_0.jpg,542,veri,1
VeRi/image_train/0542_c002_00047845_0.jpg,542,veri,1
VeRi/image_train/0542_c002_00047850_0.jpg,542,veri,1
VeRi/image_train/0542_c002_00047860_0.jpg,542,veri,1
VeRi/image_train/0542_c002_00047870_0.jpg,542,veri,1
VeRi/image_train/0542_c002_00047880_0.jpg,542,veri,1
VeRi/image_train/0542_c002_00047905_0.jpg,542,veri,1
VeRi/image_train/0542_c003_00004210_0.jpg,542,veri,2
VeRi/image_train/0542_c003_00004215_0.jpg,542,veri,2
VeRi/image_train/0542_c003_00004220_0.jpg,542,veri,2
VeRi/image_train/0542_c003_00004225_0.jpg,542,veri,2
VeRi/image_train/0542_c003_00004230_0.jpg,542,veri,2
VeRi/image_train/0542_c003_00004235_0.jpg,542,veri,2
VeRi/image_train/0542_c003_00050745_0.jpg,542,veri,2
VeRi/image_train/0542_c003_00050750_0.jpg,542,veri,2
VeRi/image_train/0542_c003_00050755_0.jpg,542,veri,2
VeRi/image_train/0542_c003_00050760_0.jpg,542,veri,2
VeRi/image_train/0542_c003_00050765_0.jpg,542,veri,2
VeRi/image_train/0542_c003_00050770_0.jpg,542,veri,2
VeRi/image_train/0542_c004_00004120_0.jpg,542,veri,3
VeRi/image_train/0542_c004_00004135_0.jpg,542,veri,3
VeRi/image_train/0542_c004_00004150_0.jpg,542,veri,3
VeRi/image_train/0542_c004_00004165_0.jpg,542,veri,3
VeRi/image_train/0542_c004_00004180_0.jpg,542,veri,3
VeRi/image_train/0542_c004_00004195_0.jpg,542,veri,3
VeRi/image_train/0542_c004_00050690_0.jpg,542,veri,3
VeRi/image_train/0542_c004_00050695_0.jpg,542,veri,3
VeRi/image_train/0542_c004_00050700_0.jpg,542,veri,3
VeRi/image_train/0542_c004_00050705_0.jpg,542,veri,3
VeRi/image_train/0542_c004_00050710_0.jpg,542,veri,3
VeRi/image_train/0542_c004_00050715_0.jpg,542,veri,3
VeRi/image_train/0542_c005_00005585_0.jpg,542,veri,4
VeRi/image_train/0542_c005_00005600_1.jpg,542,veri,4
VeRi/image_train/0542_c005_00005615_1.jpg,542,veri,4
VeRi/image_train/0542_c005_00005630_1.jpg,542,veri,4
VeRi/image_train/0542_c005_00005645_1.jpg,542,veri,4
VeRi/image_train/0542_c005_00005665_0.jpg,542,veri,4
VeRi/image_train/0542_c006_00003310_0.jpg,542,veri,5
VeRi/image_train/0542_c006_00003325_0.jpg,542,veri,5
VeRi/image_train/0542_c006_00003345_0.jpg,542,veri,5
VeRi/image_train/0542_c006_00003370_0.jpg,542,veri,5
VeRi/image_train/0542_c006_00003385_0.jpg,542,veri,5
VeRi/image_train/0542_c006_00003405_0.jpg,542,veri,5
VeRi/image_train/0542_c006_00050130_0.jpg,542,veri,5
VeRi/image_train/0542_c006_00050145_0.jpg,542,veri,5
VeRi/image_train/0542_c006_00050165_0.jpg,542,veri,5
VeRi/image_train/0542_c006_00050185_0.jpg,542,veri,5
VeRi/image_train/0542_c006_00050195_0.jpg,542,veri,5
VeRi/image_train/0542_c006_00050215_0.jpg,542,veri,5
VeRi/image_train/0542_c007_00005690_0.jpg,542,veri,6
VeRi/image_train/0542_c007_00005700_0.jpg,542,veri,6
VeRi/image_train/0542_c007_00005710_0.jpg,542,veri,6
VeRi/image_train/0542_c007_00005720_0.jpg,542,veri,6
VeRi/image_train/0542_c007_00005730_0.jpg,542,veri,6
VeRi/image_train/0542_c008_00004560_0.jpg,542,veri,7
VeRi/image_train/0542_c008_00004565_0.jpg,542,veri,7
VeRi/image_train/0542_c008_00004570_0.jpg,542,veri,7
VeRi/image_train/0542_c008_00050880_0.jpg,542,veri,7
VeRi/image_train/0542_c008_00050885_0.jpg,542,veri,7
VeRi/image_train/0542_c008_00050890_0.jpg,542,veri,7
VeRi/image_train/0542_c008_00050895_0.jpg,542,veri,7
VeRi/image_train/0542_c008_00050900_0.jpg,542,veri,7
VeRi/image_train/0542_c009_00004420_0.jpg,542,veri,8
VeRi/image_train/0542_c009_00004430_0.jpg,542,veri,8
VeRi/image_train/0542_c009_00004440_0.jpg,542,veri,8
VeRi/image_train/0542_c009_00004490_0.jpg,542,veri,8
VeRi/image_train/0542_c009_00050875_0.jpg,542,veri,8
VeRi/image_train/0542_c009_00050880_0.jpg,542,veri,8
VeRi/image_train/0542_c009_00050885_0.jpg,542,veri,8
VeRi/image_train/0542_c010_00003495_0.jpg,542,veri,9
VeRi/image_train/0542_c010_00003500_0.jpg,542,veri,9
VeRi/image_train/0542_c010_00003505_0.jpg,542,veri,9
VeRi/image_train/0542_c010_00003510_0.jpg,542,veri,9
VeRi/image_train/0542_c010_00003515_0.jpg,542,veri,9
VeRi/image_train/0542_c010_00003525_0.jpg,542,veri,9
VeRi/image_train/0542_c010_00050345_0.jpg,542,veri,9
VeRi/image_train/0542_c010_00050350_0.jpg,542,veri,9
VeRi/image_train/0542_c010_00050355_0.jpg,542,veri,9
VeRi/image_train/0542_c010_00050360_0.jpg,542,veri,9
VeRi/image_train/0542_c010_00050365_0.jpg,542,veri,9
VeRi/image_train/0542_c010_00050370_0.jpg,542,veri,9
VeRi/image_train/0542_c011_00003250_0.jpg,542,veri,10
VeRi/image_train/0542_c011_00003265_0.jpg,542,veri,10
VeRi/image_train/0542_c011_00003280_0.jpg,542,veri,10
VeRi/image_train/0542_c011_00003300_0.jpg,542,veri,10
VeRi/image_train/0542_c011_00003330_0.jpg,542,veri,10
VeRi/image_train/0542_c011_00003340_0.jpg,542,veri,10
VeRi/image_train/0542_c011_00050145_0.jpg,542,veri,10
VeRi/image_train/0542_c011_00050155_0.jpg,542,veri,10
VeRi/image_train/0542_c011_00050170_0.jpg,542,veri,10
VeRi/image_train/0542_c011_00050180_0.jpg,542,veri,10
VeRi/image_train/0542_c011_00050190_0.jpg,542,veri,10
VeRi/image_train/0542_c011_00050200_0.jpg,542,veri,10
VeRi/image_train/0542_c012_00045415_0.jpg,542,veri,11
VeRi/image_train/0542_c012_00045425_0.jpg,542,veri,11
VeRi/image_train/0542_c012_00045435_0.jpg,542,veri,11
VeRi/image_train/0542_c012_00045445_0.jpg,542,veri,11
VeRi/image_train/0542_c012_00045450_0.jpg,542,veri,11
VeRi/image_train/0542_c012_00045460_0.jpg,542,veri,11
VeRi/image_train/0542_c013_00045550_0.jpg,542,veri,12
VeRi/image_train/0542_c013_00045555_0.jpg,542,veri,12
VeRi/image_train/0542_c013_00045560_0.jpg,542,veri,12
VeRi/image_train/0542_c013_00045565_0.jpg,542,veri,12
VeRi/image_train/0542_c013_00045570_0.jpg,542,veri,12
VeRi/image_train/0542_c013_00045575_0.jpg,542,veri,12
VeRi/image_train/0542_c014_00039670_0.jpg,542,veri,13
VeRi/image_train/0542_c014_00039675_0.jpg,542,veri,13
VeRi/image_train/0542_c014_00039700_0.jpg,542,veri,13
VeRi/image_train/0542_c014_00039720_0.jpg,542,veri,13
VeRi/image_train/0542_c014_00039725_0.jpg,542,veri,13
VeRi/image_train/0542_c014_00039740_0.jpg,542,veri,13
VeRi/image_train/0542_c015_00039705_0.jpg,542,veri,14
VeRi/image_train/0542_c015_00039710_0.jpg,542,veri,14
VeRi/image_train/0542_c015_00039715_0.jpg,542,veri,14
VeRi/image_train/0542_c015_00039720_0.jpg,542,veri,14
VeRi/image_train/0542_c015_00039725_0.jpg,542,veri,14
VeRi/image_train/0542_c015_00039730_0.jpg,542,veri,14
VeRi/image_train/0542_c016_00039455_0.jpg,542,veri,15
VeRi/image_train/0542_c016_00039460_1.jpg,542,veri,15
VeRi/image_train/0542_c016_00039465_1.jpg,542,veri,15
VeRi/image_train/0542_c016_00039470_1.jpg,542,veri,15
VeRi/image_train/0542_c017_00044825_0.jpg,542,veri,16
VeRi/image_train/0542_c017_00044835_0.jpg,542,veri,16
VeRi/image_train/0542_c017_00044845_0.jpg,542,veri,16
VeRi/image_train/0542_c017_00044855_0.jpg,542,veri,16
VeRi/image_train/0542_c017_00044860_0.jpg,542,veri,16
VeRi/image_train/0542_c017_00044865_0.jpg,542,veri,16
VeRi/image_train/0542_c019_00044530_1.jpg,542,veri,18
VeRi/image_train/0542_c019_00044535_2.jpg,542,veri,18
VeRi/image_train/0542_c019_00044540_1.jpg,542,veri,18
VeRi/image_train/0542_c019_00044545_0.jpg,542,veri,18
VeRi/image_train/0542_c019_00044550_1.jpg,542,veri,18
VeRi/image_train/0542_c019_00044560_1.jpg,542,veri,18
VeRi/image_train/0547_c001_00071235_1.jpg,547,veri,0
VeRi/image_train/0547_c001_00071245_0.jpg,547,veri,0
VeRi/image_train/0547_c001_00071250_0.jpg,547,veri,0
VeRi/image_train/0547_c001_00071265_1.jpg,547,veri,0
VeRi/image_train/0547_c001_00071270_0.jpg,547,veri,0
VeRi/image_train/0547_c002_00071815_0.jpg,547,veri,1
VeRi/image_train/0547_c002_00071825_0.jpg,547,veri,1
VeRi/image_train/0547_c002_00071835_0.jpg,547,veri,1
VeRi/image_train/0547_c002_00071845_0.jpg,547,veri,1
VeRi/image_train/0547_c002_00071855_0.jpg,547,veri,1
VeRi/image_train/0547_c002_00071860_0.jpg,547,veri,1
VeRi/image_train/0547_c012_00070275_1.jpg,547,veri,11
VeRi/image_train/0547_c012_00070285_1.jpg,547,veri,11
VeRi/image_train/0547_c012_00070300_0.jpg,547,veri,11
VeRi/image_train/0547_c012_00070315_0.jpg,547,veri,11
VeRi/image_train/0547_c012_00070325_0.jpg,547,veri,11
VeRi/image_train/0547_c012_00070330_0.jpg,547,veri,11
VeRi/image_train/0547_c013_00070370_0.jpg,547,veri,12
VeRi/image_train/0547_c013_00070375_0.jpg,547,veri,12
VeRi/image_train/0547_c013_00070380_0.jpg,547,veri,12
VeRi/image_train/0547_c013_00070385_0.jpg,547,veri,12
VeRi/image_train/0547_c013_00070390_0.jpg,547,veri,12
VeRi/image_train/0547_c013_00070395_0.jpg,547,veri,12
VeRi/image_train/0547_c014_00068810_0.jpg,547,veri,13
VeRi/image_train/0547_c014_00068815_0.jpg,547,veri,13
VeRi/image_train/0547_c014_00068820_0.jpg,547,veri,13
VeRi/image_train/0547_c014_00068825_0.jpg,547,veri,13
VeRi/image_train/0547_c014_00068830_0.jpg,547,veri,13
VeRi/image_train/0547_c014_00068835_0.jpg,547,veri,13
VeRi/image_train/0547_c015_00068825_0.jpg,547,veri,14
VeRi/image_train/0547_c015_00068830_0.jpg,547,veri,14
VeRi/image_train/0547_c015_00068835_0.jpg,547,veri,14
VeRi/image_train/0547_c015_00068840_0.jpg,547,veri,14
VeRi/image_train/0547_c015_00068845_0.jpg,547,veri,14
VeRi/image_train/0547_c015_00068850_0.jpg,547,veri,14
VeRi/image_train/0547_c016_00068580_0.jpg,547,veri,15
VeRi/image_train/0547_c016_00068585_0.jpg,547,veri,15
VeRi/image_train/0547_c016_00068590_0.jpg,547,veri,15
VeRi/image_train/0547_c016_00068595_0.jpg,547,veri,15
VeRi/image_train/0547_c016_00068600_0.jpg,547,veri,15
VeRi/image_train/0547_c016_00068605_0.jpg,547,veri,15
VeRi/image_train/0547_c017_00069745_0.jpg,547,veri,16
VeRi/image_train/0547_c017_00069755_0.jpg,547,veri,16
VeRi/image_train/0547_c017_00069765_0.jpg,547,veri,16
VeRi/image_train/0547_c017_00069775_0.jpg,547,veri,16
VeRi/image_train/0547_c017_00069785_0.jpg,547,veri,16
VeRi/image_train/0547_c017_00069790_0.jpg,547,veri,16
VeRi/image_train/0547_c019_00069530_0.jpg,547,veri,18
VeRi/image_train/0547_c019_00069535_0.jpg,547,veri,18
VeRi/image_train/0547_c019_00069540_0.jpg,547,veri,18
VeRi/image_train/0547_c019_00069545_0.jpg,547,veri,18
VeRi/image_train/0547_c019_00069550_0.jpg,547,veri,18
VeRi/image_train/0547_c019_00069555_0.jpg,547,veri,18
VeRi/image_train/0548_c002_00082990_0.jpg,548,veri,1
VeRi/image_train/0548_c002_00083000_0.jpg,548,veri,1
VeRi/image_train/0548_c002_00083010_0.jpg,548,veri,1
VeRi/image_train/0548_c002_00083020_0.jpg,548,veri,1
VeRi/image_train/0548_c002_00083045_0.jpg,548,veri,1
VeRi/image_train/0548_c002_00083065_0.jpg,548,veri,1
VeRi/image_train/0548_c003_00084530_0.jpg,548,veri,2
VeRi/image_train/0548_c003_00084535_0.jpg,548,veri,2
VeRi/image_train/0548_c003_00084545_0.jpg,548,veri,2
VeRi/image_train/0548_c003_00084555_0.jpg,548,veri,2
VeRi/image_train/0548_c003_00084565_0.jpg,548,veri,2
VeRi/image_train/0548_c003_00084575_0.jpg,548,veri,2
VeRi/image_train/0548_c004_00084510_0.jpg,548,veri,3
VeRi/image_train/0548_c004_00084520_0.jpg,548,veri,3
VeRi/image_train/0548_c004_00084530_0.jpg,548,veri,3
VeRi/image_train/0548_c004_00084540_0.jpg,548,veri,3
VeRi/image_train/0548_c004_00084555_0.jpg,548,veri,3
VeRi/image_train/0548_c004_00084560_0.jpg,548,veri,3
VeRi/image_train/0548_c005_00085530_1.jpg,548,veri,4
VeRi/image_train/0548_c005_00085540_1.jpg,548,veri,4
VeRi/image_train/0548_c005_00085555_1.jpg,548,veri,4
VeRi/image_train/0548_c005_00085570_1.jpg,548,veri,4
VeRi/image_train/0548_c005_00085585_0.jpg,548,veri,4
VeRi/image_train/0548_c005_00085600_0.jpg,548,veri,4
VeRi/image_train/0548_c006_00083675_0.jpg,548,veri,5
VeRi/image_train/0548_c006_00083700_0.jpg,548,veri,5
VeRi/image_train/0548_c006_00083730_0.jpg,548,veri,5
VeRi/image_train/0548_c006_00083760_0.jpg,548,veri,5
VeRi/image_train/0548_c006_00083765_0.jpg,548,veri,5
VeRi/image_train/0548_c006_00083770_0.jpg,548,veri,5
VeRi/image_train/0548_c007_00085620_0.jpg,548,veri,6
VeRi/image_train/0548_c007_00085625_1.jpg,548,veri,6
VeRi/image_train/0548_c007_00085630_0.jpg,548,veri,6
VeRi/image_train/0548_c007_00085635_0.jpg,548,veri,6
VeRi/image_train/0548_c007_00085640_0.jpg,548,veri,6
VeRi/image_train/0548_c007_00085645_0.jpg,548,veri,6
VeRi/image_train/0548_c008_00084820_0.jpg,548,veri,7
VeRi/image_train/0548_c008_00084825_0.jpg,548,veri,7
VeRi/image_train/0548_c008_00084830_0.jpg,548,veri,7
VeRi/image_train/0548_c008_00084835_0.jpg,548,veri,7
VeRi/image_train/0548_c008_00084840_0.jpg,548,veri,7
VeRi/image_train/0548_c008_00084845_0.jpg,548,veri,7
VeRi/image_train/0548_c009_00084790_0.jpg,548,veri,8
VeRi/image_train/0548_c009_00084795_0.jpg,548,veri,8
VeRi/image_train/0548_c010_00083925_0.jpg,548,veri,9
VeRi/image_train/0548_c010_00083930_0.jpg,548,veri,9
VeRi/image_train/0548_c010_00083935_0.jpg,548,veri,9
VeRi/image_train/0548_c010_00083940_0.jpg,548,veri,9
VeRi/image_train/0548_c010_00083945_0.jpg,548,veri,9
VeRi/image_train/0548_c010_00083950_0.jpg,548,veri,9
VeRi/image_train/0548_c011_00083730_0.jpg,548,veri,10
VeRi/image_train/0548_c011_00083740_0.jpg,548,veri,10
VeRi/image_train/0548_c011_00083750_0.jpg,548,veri,10
VeRi/image_train/0548_c011_00083755_0.jpg,548,veri,10
VeRi/image_train/0548_c011_00083765_0.jpg,548,veri,10
VeRi/image_train/0548_c011_00083770_0.jpg,548,veri,10
VeRi/image_train/0055_c001_00038220_0.jpg,55,veri,0
VeRi/image_train/0055_c001_00038230_1.jpg,55,veri,0
VeRi/image_train/0055_c001_00038240_0.jpg,55,veri,0
VeRi/image_train/0055_c001_00038250_1.jpg,55,veri,0
VeRi/image_train/0055_c001_00038260_0.jpg,55,veri,0
VeRi/image_train/0055_c001_00038270_1.jpg,55,veri,0
VeRi/image_train/0055_c002_00037420_0.jpg,55,veri,1
VeRi/image_train/0055_c002_00037445_0.jpg,55,veri,1
VeRi/image_train/0055_c002_00037470_0.jpg,55,veri,1
VeRi/image_train/0055_c002_00037485_0.jpg,55,veri,1
VeRi/image_train/0055_c002_00037510_0.jpg,55,veri,1
VeRi/image_train/0055_c002_00037545_0.jpg,55,veri,1
VeRi/image_train/0055_c003_00013065_0.jpg,55,veri,2
VeRi/image_train/0055_c003_00013070_0.jpg,55,veri,2
VeRi/image_train/0055_c003_00013075_0.jpg,55,veri,2
VeRi/image_train/0055_c003_00013085_0.jpg,55,veri,2
VeRi/image_train/0055_c003_00013095_0.jpg,55,veri,2
VeRi/image_train/0055_c003_00013105_0.jpg,55,veri,2
VeRi/image_train/0055_c004_00012955_0.jpg,55,veri,3
VeRi/image_train/0055_c004_00012960_0.jpg,55,veri,3
VeRi/image_train/0055_c004_00012965_0.jpg,55,veri,3
VeRi/image_train/0055_c004_00012970_0.jpg,55,veri,3
VeRi/image_train/0055_c004_00012975_0.jpg,55,veri,3
VeRi/image_train/0055_c004_00012980_0.jpg,55,veri,3
VeRi/image_train/0055_c006_00013940_0.jpg,55,veri,5
VeRi/image_train/0055_c006_00013950_0.jpg,55,veri,5
VeRi/image_train/0055_c006_00013960_0.jpg,55,veri,5
VeRi/image_train/0055_c006_00013975_0.jpg,55,veri,5
VeRi/image_train/0055_c006_00013990_0.jpg,55,veri,5
VeRi/image_train/0055_c006_00014005_0.jpg,55,veri,5
VeRi/image_train/0055_c008_00012665_0.jpg,55,veri,7
VeRi/image_train/0055_c008_00012685_0.jpg,55,veri,7
VeRi/image_train/0055_c008_00012700_1.jpg,55,veri,7
VeRi/image_train/0055_c008_00012715_1.jpg,55,veri,7
VeRi/image_train/0055_c008_00012725_1.jpg,55,veri,7
VeRi/image_train/0055_c008_00012735_0.jpg,55,veri,7
VeRi/image_train/0055_c009_00012770_0.jpg,55,veri,8
VeRi/image_train/0055_c009_00012775_0.jpg,55,veri,8
VeRi/image_train/0055_c009_00012780_0.jpg,55,veri,8
VeRi/image_train/0055_c009_00012785_0.jpg,55,veri,8
VeRi/image_train/0055_c009_00012790_0.jpg,55,veri,8
VeRi/image_train/0055_c009_00012795_1.jpg,55,veri,8
VeRi/image_train/0055_c010_00013795_0.jpg,55,veri,9
VeRi/image_train/0055_c010_00013800_0.jpg,55,veri,9
VeRi/image_train/0055_c010_00013805_0.jpg,55,veri,9
VeRi/image_train/0055_c010_00013810_0.jpg,55,veri,9
VeRi/image_train/0055_c010_00013815_0.jpg,55,veri,9
VeRi/image_train/0055_c010_00013820_0.jpg,55,veri,9
VeRi/image_train/0055_c011_00013900_0.jpg,55,veri,10
VeRi/image_train/0055_c011_00013910_0.jpg,55,veri,10
VeRi/image_train/0055_c011_00013920_0.jpg,55,veri,10
VeRi/image_train/0055_c011_00013930_0.jpg,55,veri,10
VeRi/image_train/0055_c011_00013950_0.jpg,55,veri,10
VeRi/image_train/0055_c011_00013965_0.jpg,55,veri,10
VeRi/image_train/0055_c012_00038890_0.jpg,55,veri,11
VeRi/image_train/0055_c012_00038895_0.jpg,55,veri,11
VeRi/image_train/0055_c012_00038900_0.jpg,55,veri,11
VeRi/image_train/0055_c012_00038905_0.jpg,55,veri,11
VeRi/image_train/0055_c012_00038910_0.jpg,55,veri,11
VeRi/image_train/0055_c012_00038915_0.jpg,55,veri,11
VeRi/image_train/0055_c013_00038740_0.jpg,55,veri,12
VeRi/image_train/0055_c013_00038750_0.jpg,55,veri,12
VeRi/image_train/0055_c013_00038760_0.jpg,55,veri,12
VeRi/image_train/0055_c013_00038765_0.jpg,55,veri,12
VeRi/image_train/0055_c014_00040485_0.jpg,55,veri,13
VeRi/image_train/0055_c014_00040490_0.jpg,55,veri,13
VeRi/image_train/0055_c014_00040495_0.jpg,55,veri,13
VeRi/image_train/0055_c014_00040500_0.jpg,55,veri,13
VeRi/image_train/0055_c014_00040505_0.jpg,55,veri,13
VeRi/image_train/0055_c014_00040510_0.jpg,55,veri,13
VeRi/image_train/0055_c016_00040700_0.jpg,55,veri,15
VeRi/image_train/0055_c016_00040720_0.jpg,55,veri,15
VeRi/image_train/0055_c016_00040740_0.jpg,55,veri,15
VeRi/image_train/0055_c016_00040750_0.jpg,55,veri,15
VeRi/image_train/0055_c016_00040760_0.jpg,55,veri,15
VeRi/image_train/0055_c016_00040780_0.jpg,55,veri,15
VeRi/image_train/0055_c019_00039720_0.jpg,55,veri,18
VeRi/image_train/0055_c019_00039725_0.jpg,55,veri,18
VeRi/image_train/0055_c019_00039735_0.jpg,55,veri,18
VeRi/image_train/0055_c019_00039745_0.jpg,55,veri,18
VeRi/image_train/0055_c019_00039755_0.jpg,55,veri,18
VeRi/image_train/0055_c019_00039760_0.jpg,55,veri,18
VeRi/image_train/0550_c001_00061715_0.jpg,550,veri,0
VeRi/image_train/0550_c001_00061725_0.jpg,550,veri,0
VeRi/image_train/0550_c001_00061735_0.jpg,550,veri,0
VeRi/image_train/0550_c001_00061745_0.jpg,550,veri,0
VeRi/image_train/0550_c001_00061755_0.jpg,550,veri,0
VeRi/image_train/0550_c001_00061765_0.jpg,550,veri,0
VeRi/image_train/0550_c002_00062420_0.jpg,550,veri,1
VeRi/image_train/0550_c002_00062430_0.jpg,550,veri,1
VeRi/image_train/0550_c002_00062440_0.jpg,550,veri,1
VeRi/image_train/0550_c002_00062455_0.jpg,550,veri,1
VeRi/image_train/0550_c002_00062465_0.jpg,550,veri,1
VeRi/image_train/0550_c002_00062490_0.jpg,550,veri,1
VeRi/image_train/0550_c003_00065315_0.jpg,550,veri,2
VeRi/image_train/0550_c003_00065320_0.jpg,550,veri,2
VeRi/image_train/0550_c003_00065325_0.jpg,550,veri,2
VeRi/image_train/0550_c003_00065330_0.jpg,550,veri,2
VeRi/image_train/0550_c003_00065335_0.jpg,550,veri,2
VeRi/image_train/0550_c003_00065340_0.jpg,550,veri,2
VeRi/image_train/0550_c004_00065275_0.jpg,550,veri,3
VeRi/image_train/0550_c004_00065295_0.jpg,550,veri,3
VeRi/image_train/0550_c004_00065305_0.jpg,550,veri,3
VeRi/image_train/0550_c004_00065310_1.jpg,550,veri,3
VeRi/image_train/0550_c004_00065320_0.jpg,550,veri,3
VeRi/image_train/0550_c004_00065345_0.jpg,550,veri,3
VeRi/image_train/0550_c006_00064630_0.jpg,550,veri,5
VeRi/image_train/0550_c006_00064655_0.jpg,550,veri,5
VeRi/image_train/0550_c006_00064680_0.jpg,550,veri,5
VeRi/image_train/0550_c006_00064710_0.jpg,550,veri,5
VeRi/image_train/0550_c006_00064725_0.jpg,550,veri,5
VeRi/image_train/0550_c006_00064740_0.jpg,550,veri,5
VeRi/image_train/0550_c008_00065670_0.jpg,550,veri,7
VeRi/image_train/0550_c008_00065675_0.jpg,550,veri,7
VeRi/image_train/0550_c008_00065680_0.jpg,550,veri,7
VeRi/image_train/0550_c009_00065580_0.jpg,550,veri,8
VeRi/image_train/0550_c009_00065585_0.jpg,550,veri,8
VeRi/image_train/0550_c009_00065595_0.jpg,550,veri,8
VeRi/image_train/0550_c009_00065600_0.jpg,550,veri,8
VeRi/image_train/0550_c009_00065605_0.jpg,550,veri,8
VeRi/image_train/0550_c010_00064830_0.jpg,550,veri,9
VeRi/image_train/0550_c010_00064835_0.jpg,550,veri,9
VeRi/image_train/0550_c010_00064840_0.jpg,550,veri,9
VeRi/image_train/0550_c010_00064845_0.jpg,550,veri,9
VeRi/image_train/0550_c010_00064850_0.jpg,550,veri,9
VeRi/image_train/0550_c010_00064855_0.jpg,550,veri,9
VeRi/image_train/0550_c011_00064645_0.jpg,550,veri,10
VeRi/image_train/0550_c011_00064655_0.jpg,550,veri,10
VeRi/image_train/0550_c011_00064670_0.jpg,550,veri,10
VeRi/image_train/0550_c011_00064695_0.jpg,550,veri,10
VeRi/image_train/0550_c011_00064705_0.jpg,550,veri,10
VeRi/image_train/0550_c011_00064710_0.jpg,550,veri,10
VeRi/image_train/0550_c012_00060110_0.jpg,550,veri,11
VeRi/image_train/0550_c012_00060120_0.jpg,550,veri,11
VeRi/image_train/0550_c012_00060140_0.jpg,550,veri,11
VeRi/image_train/0550_c012_00060150_0.jpg,550,veri,11
VeRi/image_train/0550_c012_00060170_0.jpg,550,veri,11
VeRi/image_train/0550_c012_00060180_0.jpg,550,veri,11
VeRi/image_train/0550_c013_00060290_0.jpg,550,veri,12
VeRi/image_train/0550_c013_00060295_0.jpg,550,veri,12
VeRi/image_train/0550_c013_00060300_0.jpg,550,veri,12
VeRi/image_train/0550_c013_00060305_0.jpg,550,veri,12
VeRi/image_train/0550_c013_00060310_0.jpg,550,veri,12
VeRi/image_train/0550_c013_00060315_0.jpg,550,veri,12
VeRi/image_train/0550_c014_00057740_0.jpg,550,veri,13
VeRi/image_train/0550_c014_00057745_0.jpg,550,veri,13
VeRi/image_train/0550_c014_00057750_0.jpg,550,veri,13
VeRi/image_train/0550_c014_00057755_0.jpg,550,veri,13
VeRi/image_train/0550_c014_00057760_0.jpg,550,veri,13
VeRi/image_train/0550_c014_00057780_0.jpg,550,veri,13
VeRi/image_train/0550_c015_00057775_0.jpg,550,veri,14
VeRi/image_train/0550_c015_00057780_0.jpg,550,veri,14
VeRi/image_train/0550_c015_00057785_0.jpg,550,veri,14
VeRi/image_train/0550_c015_00057790_0.jpg,550,veri,14
VeRi/image_train/0550_c015_00057795_0.jpg,550,veri,14
VeRi/image_train/0550_c015_00057800_0.jpg,550,veri,14
VeRi/image_train/0550_c016_00057455_1.jpg,550,veri,15
VeRi/image_train/0550_c016_00057460_0.jpg,550,veri,15
VeRi/image_train/0550_c016_00057465_0.jpg,550,veri,15
VeRi/image_train/0550_c016_00057470_0.jpg,550,veri,15
VeRi/image_train/0550_c016_00057475_0.jpg,550,veri,15
VeRi/image_train/0550_c016_00057480_0.jpg,550,veri,15
VeRi/image_train/0550_c017_00058655_0.jpg,550,veri,16
VeRi/image_train/0550_c017_00058665_0.jpg,550,veri,16
VeRi/image_train/0550_c017_00058675_0.jpg,550,veri,16
VeRi/image_train/0550_c017_00058690_0.jpg,550,veri,16
VeRi/image_train/0550_c017_00058700_0.jpg,550,veri,16
VeRi/image_train/0550_c017_00058710_0.jpg,550,veri,16
VeRi/image_train/0550_c019_00058460_0.jpg,550,veri,18
VeRi/image_train/0550_c019_00058465_1.jpg,550,veri,18
VeRi/image_train/0550_c019_00058470_0.jpg,550,veri,18
VeRi/image_train/0550_c019_00058475_0.jpg,550,veri,18
VeRi/image_train/0550_c019_00058480_0.jpg,550,veri,18
VeRi/image_train/0550_c019_00058485_0.jpg,550,veri,18
VeRi/image_train/0556_c001_00038670_0.jpg,556,veri,0
VeRi/image_train/0556_c001_00038695_0.jpg,556,veri,0
VeRi/image_train/0556_c001_00038720_0.jpg,556,veri,0
VeRi/image_train/0556_c001_00038745_0.jpg,556,veri,0
VeRi/image_train/0556_c001_00038770_0.jpg,556,veri,0
VeRi/image_train/0556_c001_00038795_0.jpg,556,veri,0
VeRi/image_train/0556_c002_00044895_0.jpg,556,veri,1
VeRi/image_train/0556_c002_00044905_0.jpg,556,veri,1
VeRi/image_train/0556_c002_00044915_0.jpg,556,veri,1
VeRi/image_train/0556_c002_00044925_0.jpg,556,veri,1
VeRi/image_train/0556_c002_00044935_0.jpg,556,veri,1
VeRi/image_train/0556_c002_00044945_0.jpg,556,veri,1
VeRi/image_train/0556_c003_00046805_0.jpg,556,veri,2
VeRi/image_train/0556_c003_00046810_0.jpg,556,veri,2
VeRi/image_train/0556_c003_00046815_0.jpg,556,veri,2
VeRi/image_train/0556_c003_00046820_0.jpg,556,veri,2
VeRi/image_train/0556_c003_00046825_0.jpg,556,veri,2
VeRi/image_train/0556_c003_00046830_0.jpg,556,veri,2
VeRi/image_train/0556_c004_00046740_0.jpg,556,veri,3
VeRi/image_train/0556_c004_00046745_0.jpg,556,veri,3
VeRi/image_train/0556_c004_00046750_0.jpg,556,veri,3
VeRi/image_train/0556_c004_00046755_0.jpg,556,veri,3
VeRi/image_train/0556_c004_00046760_0.jpg,556,veri,3
VeRi/image_train/0556_c004_00046765_0.jpg,556,veri,3
VeRi/image_train/0556_c005_00047400_1.jpg,556,veri,4
VeRi/image_train/0556_c005_00047410_1.jpg,556,veri,4
VeRi/image_train/0556_c005_00047420_1.jpg,556,veri,4
VeRi/image_train/0556_c005_00047430_1.jpg,556,veri,4
VeRi/image_train/0556_c005_00047440_0.jpg,556,veri,4
VeRi/image_train/0556_c005_00047450_0.jpg,556,veri,4
VeRi/image_train/0556_c006_00046080_0.jpg,556,veri,5
VeRi/image_train/0556_c006_00046110_0.jpg,556,veri,5
VeRi/image_train/0556_c006_00046120_0.jpg,556,veri,5
VeRi/image_train/0556_c006_00046135_0.jpg,556,veri,5
VeRi/image_train/0556_c006_00046150_0.jpg,556,veri,5
VeRi/image_train/0556_c006_00046165_0.jpg,556,veri,5
VeRi/image_train/0556_c007_00047490_1.jpg,556,veri,6
VeRi/image_train/0556_c007_00047495_1.jpg,556,veri,6
VeRi/image_train/0556_c007_00047505_0.jpg,556,veri,6
VeRi/image_train/0556_c007_00047510_0.jpg,556,veri,6
VeRi/image_train/0556_c007_00047515_0.jpg,556,veri,6
VeRi/image_train/0556_c007_00047520_0.jpg,556,veri,6
VeRi/image_train/0556_c008_00046970_0.jpg,556,veri,7
VeRi/image_train/0556_c008_00046975_0.jpg,556,veri,7
VeRi/image_train/0556_c008_00046980_0.jpg,556,veri,7
VeRi/image_train/0556_c008_00046985_0.jpg,556,veri,7
VeRi/image_train/0556_c008_00046990_0.jpg,556,veri,7
VeRi/image_train/0556_c009_00046940_0.jpg,556,veri,8
VeRi/image_train/0556_c009_00046945_0.jpg,556,veri,8
VeRi/image_train/0556_c009_00046950_0.jpg,556,veri,8
VeRi/image_train/0556_c009_00046955_0.jpg,556,veri,8
VeRi/image_train/0556_c009_00046960_0.jpg,556,veri,8
VeRi/image_train/0556_c009_00046965_0.jpg,556,veri,8
VeRi/image_train/0556_c010_00046300_0.jpg,556,veri,9
VeRi/image_train/0556_c010_00046305_0.jpg,556,veri,9
VeRi/image_train/0556_c010_00046310_0.jpg,556,veri,9
VeRi/image_train/0556_c010_00046315_0.jpg,556,veri,9
VeRi/image_train/0556_c010_00046320_0.jpg,556,veri,9
VeRi/image_train/0556_c010_00046325_0.jpg,556,veri,9
VeRi/image_train/0556_c011_00046105_0.jpg,556,veri,10
VeRi/image_train/0556_c011_00046115_0.jpg,556,veri,10
VeRi/image_train/0556_c011_00046125_0.jpg,556,veri,10
VeRi/image_train/0556_c011_00046135_0.jpg,556,veri,10
VeRi/image_train/0556_c011_00046140_0.jpg,556,veri,10
VeRi/image_train/0556_c011_00046145_0.jpg,556,veri,10
VeRi/image_train/0556_c012_00036880_0.jpg,556,veri,11
VeRi/image_train/0556_c012_00036885_0.jpg,556,veri,11
VeRi/image_train/0556_c012_00036890_0.jpg,556,veri,11
VeRi/image_train/0556_c012_00036900_0.jpg,556,veri,11
VeRi/image_train/0556_c012_00036905_0.jpg,556,veri,11
VeRi/image_train/0556_c012_00036910_0.jpg,556,veri,11
VeRi/image_train/0556_c014_00034795_0.jpg,556,veri,13
VeRi/image_train/0556_c014_00034895_0.jpg,556,veri,13
VeRi/image_train/0556_c014_00034900_0.jpg,556,veri,13
VeRi/image_train/0556_c014_00034910_0.jpg,556,veri,13
VeRi/image_train/0556_c014_00034915_0.jpg,556,veri,13
VeRi/image_train/0556_c014_00034935_0.jpg,556,veri,13
VeRi/image_train/0556_c015_00034945_0.jpg,556,veri,14
VeRi/image_train/0556_c015_00034950_0.jpg,556,veri,14
VeRi/image_train/0556_c015_00034955_0.jpg,556,veri,14
VeRi/image_train/0556_c015_00034960_0.jpg,556,veri,14
VeRi/image_train/0556_c016_00034585_0.jpg,556,veri,15
VeRi/image_train/0556_c016_00034590_0.jpg,556,veri,15
VeRi/image_train/0556_c016_00034595_0.jpg,556,veri,15
VeRi/image_train/0556_c016_00034600_0.jpg,556,veri,15
VeRi/image_train/0556_c016_00034605_0.jpg,556,veri,15
VeRi/image_train/0556_c016_00034610_0.jpg,556,veri,15
VeRi/image_train/0556_c017_00036190_1.jpg,556,veri,16
VeRi/image_train/0556_c017_00036200_1.jpg,556,veri,16
VeRi/image_train/0556_c017_00036215_0.jpg,556,veri,16
VeRi/image_train/0556_c017_00036225_0.jpg,556,veri,16
VeRi/image_train/0556_c017_00036235_0.jpg,556,veri,16
VeRi/image_train/0556_c017_00036250_0.jpg,556,veri,16
VeRi/image_train/0556_c019_00035945_0.jpg,556,veri,18
VeRi/image_train/0556_c019_00035955_0.jpg,556,veri,18
VeRi/image_train/0556_c019_00035960_0.jpg,556,veri,18
VeRi/image_train/0556_c019_00035970_0.jpg,556,veri,18
VeRi/image_train/0556_c019_00035980_0.jpg,556,veri,18
VeRi/image_train/0556_c019_00035985_0.jpg,556,veri,18
VeRi/image_train/0559_c001_00047880_0.jpg,559,veri,0
VeRi/image_train/0559_c001_00047885_0.jpg,559,veri,0
VeRi/image_train/0559_c001_00047890_0.jpg,559,veri,0
VeRi/image_train/0559_c001_00047895_0.jpg,559,veri,0
VeRi/image_train/0559_c001_00047900_0.jpg,559,veri,0
VeRi/image_train/0559_c002_00046165_0.jpg,559,veri,1
VeRi/image_train/0559_c002_00046170_1.jpg,559,veri,1
VeRi/image_train/0559_c002_00046180_1.jpg,559,veri,1
VeRi/image_train/0559_c002_00046190_1.jpg,559,veri,1
VeRi/image_train/0559_c002_00046200_1.jpg,559,veri,1
VeRi/image_train/0559_c002_00046210_1.jpg,559,veri,1
VeRi/image_train/0559_c003_00043795_0.jpg,559,veri,2
VeRi/image_train/0559_c003_00043815_0.jpg,559,veri,2
VeRi/image_train/0559_c003_00043835_0.jpg,559,veri,2
VeRi/image_train/0559_c003_00043855_0.jpg,559,veri,2
VeRi/image_train/0559_c003_00043875_0.jpg,559,veri,2
VeRi/image_train/0559_c003_00043880_0.jpg,559,veri,2
VeRi/image_train/0559_c004_00043715_0.jpg,559,veri,3
VeRi/image_train/0559_c004_00043735_0.jpg,559,veri,3
VeRi/image_train/0559_c004_00043760_0.jpg,559,veri,3
VeRi/image_train/0559_c004_00043785_0.jpg,559,veri,3
VeRi/image_train/0559_c004_00043815_0.jpg,559,veri,3
VeRi/image_train/0559_c004_00043845_0.jpg,559,veri,3
VeRi/image_train/0559_c006_00044630_0.jpg,559,veri,5
VeRi/image_train/0559_c006_00044640_0.jpg,559,veri,5
VeRi/image_train/0559_c006_00044650_0.jpg,559,veri,5
VeRi/image_train/0559_c006_00044665_0.jpg,559,veri,5
VeRi/image_train/0559_c006_00044685_0.jpg,559,veri,5
VeRi/image_train/0559_c006_00044695_0.jpg,559,veri,5
VeRi/image_train/0559_c010_00044540_0.jpg,559,veri,9
VeRi/image_train/0559_c010_00044545_0.jpg,559,veri,9
VeRi/image_train/0559_c010_00044550_0.jpg,559,veri,9
VeRi/image_train/0559_c010_00044555_0.jpg,559,veri,9
VeRi/image_train/0559_c010_00044560_0.jpg,559,veri,9
VeRi/image_train/0559_c010_00044565_0.jpg,559,veri,9
VeRi/image_train/0559_c011_00044585_0.jpg,559,veri,10
VeRi/image_train/0559_c011_00044595_0.jpg,559,veri,10
VeRi/image_train/0559_c011_00044600_0.jpg,559,veri,10
VeRi/image_train/0559_c011_00044605_0.jpg,559,veri,10
VeRi/image_train/0559_c011_00044620_0.jpg,559,veri,10
VeRi/image_train/0559_c011_00044655_0.jpg,559,veri,10
VeRi/image_train/0559_c012_00048580_1.jpg,559,veri,11
VeRi/image_train/0559_c012_00048585_1.jpg,559,veri,11
VeRi/image_train/0559_c012_00048590_0.jpg,559,veri,11
VeRi/image_train/0559_c012_00048595_0.jpg,559,veri,11
VeRi/image_train/0559_c012_00048600_0.jpg,559,veri,11
VeRi/image_train/0559_c012_00048610_0.jpg,559,veri,11
VeRi/image_train/0559_c013_00048370_0.jpg,559,veri,12
VeRi/image_train/0559_c013_00048375_0.jpg,559,veri,12
VeRi/image_train/0559_c013_00048380_0.jpg,559,veri,12
VeRi/image_train/0559_c013_00048385_0.jpg,559,veri,12
VeRi/image_train/0559_c013_00048405_0.jpg,559,veri,12
VeRi/image_train/0559_c013_00048410_0.jpg,559,veri,12
VeRi/image_train/0559_c014_00050745_1.jpg,559,veri,13
VeRi/image_train/0559_c014_00050750_1.jpg,559,veri,13
VeRi/image_train/0559_c014_00050755_1.jpg,559,veri,13
VeRi/image_train/0559_c014_00050760_1.jpg,559,veri,13
VeRi/image_train/0559_c014_00050765_1.jpg,559,veri,13
VeRi/image_train/0559_c014_00050770_1.jpg,559,veri,13
VeRi/image_train/0559_c015_00050535_0.jpg,559,veri,14
VeRi/image_train/0559_c015_00050540_1.jpg,559,veri,14
VeRi/image_train/0559_c015_00050545_0.jpg,559,veri,14
VeRi/image_train/0559_c015_00050550_0.jpg,559,veri,14
VeRi/image_train/0559_c015_00050555_0.jpg,559,veri,14
VeRi/image_train/0559_c016_00057760_0.jpg,559,veri,15
VeRi/image_train/0559_c016_00057765_0.jpg,559,veri,15
VeRi/image_train/0559_c016_00057770_0.jpg,559,veri,15
VeRi/image_train/0559_c016_00057775_0.jpg,559,veri,15
VeRi/image_train/0559_c016_00057780_0.jpg,559,veri,15
VeRi/image_train/0559_c016_00057785_0.jpg,559,veri,15
VeRi/image_train/0559_c017_00049380_1.jpg,559,veri,16
VeRi/image_train/0559_c017_00049385_1.jpg,559,veri,16
VeRi/image_train/0559_c017_00049390_0.jpg,559,veri,16
VeRi/image_train/0559_c017_00049395_1.jpg,559,veri,16
VeRi/image_train/0559_c017_00049405_1.jpg,559,veri,16
VeRi/image_train/0559_c017_00049420_1.jpg,559,veri,16
VeRi/image_train/0559_c019_00049670_0.jpg,559,veri,18
VeRi/image_train/0559_c019_00049675_0.jpg,559,veri,18
VeRi/image_train/0559_c019_00049680_0.jpg,559,veri,18
VeRi/image_train/0559_c019_00049685_0.jpg,559,veri,18
VeRi/image_train/0559_c019_00049695_0.jpg,559,veri,18
VeRi/image_train/0559_c019_00049700_0.jpg,559,veri,18
VeRi/image_train/0560_c001_00067775_0.jpg,560,veri,0
VeRi/image_train/0560_c001_00067785_0.jpg,560,veri,0
VeRi/image_train/0560_c001_00067790_0.jpg,560,veri,0
VeRi/image_train/0560_c001_00067800_0.jpg,560,veri,0
VeRi/image_train/0560_c001_00067810_0.jpg,560,veri,0
VeRi/image_train/0560_c001_00067845_0.jpg,560,veri,0
VeRi/image_train/0560_c012_00068265_0.jpg,560,veri,11
VeRi/image_train/0560_c012_00068275_0.jpg,560,veri,11
VeRi/image_train/0560_c012_00068280_0.jpg,560,veri,11
VeRi/image_train/0560_c012_00068290_0.jpg,560,veri,11
VeRi/image_train/0560_c012_00068300_0.jpg,560,veri,11
VeRi/image_train/0560_c012_00068310_0.jpg,560,veri,11
VeRi/image_train/0560_c013_00068070_0.jpg,560,veri,12
VeRi/image_train/0560_c013_00068075_0.jpg,560,veri,12
VeRi/image_train/0560_c013_00068080_0.jpg,560,veri,12
VeRi/image_train/0560_c013_00068085_0.jpg,560,veri,12
VeRi/image_train/0560_c013_00068090_0.jpg,560,veri,12
VeRi/image_train/0560_c013_00068095_0.jpg,560,veri,12
VeRi/image_train/0560_c014_00070175_0.jpg,560,veri,13
VeRi/image_train/0560_c014_00070180_0.jpg,560,veri,13
VeRi/image_train/0560_c014_00070185_0.jpg,560,veri,13
VeRi/image_train/0560_c014_00070190_0.jpg,560,veri,13
VeRi/image_train/0560_c014_00070195_0.jpg,560,veri,13
VeRi/image_train/0560_c014_00070200_0.jpg,560,veri,13
VeRi/image_train/0560_c015_00069975_0.jpg,560,veri,14
VeRi/image_train/0560_c015_00069980_0.jpg,560,veri,14
VeRi/image_train/0560_c015_00069985_0.jpg,560,veri,14
VeRi/image_train/0560_c015_00069990_0.jpg,560,veri,14
VeRi/image_train/0560_c015_00069995_0.jpg,560,veri,14
VeRi/image_train/0560_c015_00070000_0.jpg,560,veri,14
VeRi/image_train/0560_c016_00071200_0.jpg,560,veri,15
VeRi/image_train/0560_c016_00071205_0.jpg,560,veri,15
VeRi/image_train/0560_c016_00071210_0.jpg,560,veri,15
VeRi/image_train/0560_c016_00071215_0.jpg,560,veri,15
VeRi/image_train/0560_c016_00071220_0.jpg,560,veri,15
VeRi/image_train/0560_c016_00071225_0.jpg,560,veri,15
VeRi/image_train/0560_c017_00068935_1.jpg,560,veri,16
VeRi/image_train/0560_c017_00068940_1.jpg,560,veri,16
VeRi/image_train/0560_c017_00068945_0.jpg,560,veri,16
VeRi/image_train/0560_c017_00068950_0.jpg,560,veri,16
VeRi/image_train/0560_c017_00068955_0.jpg,560,veri,16
VeRi/image_train/0560_c017_00068960_0.jpg,560,veri,16
VeRi/image_train/0560_c019_00069115_0.jpg,560,veri,18
VeRi/image_train/0560_c019_00069125_0.jpg,560,veri,18
VeRi/image_train/0560_c019_00069135_0.jpg,560,veri,18
VeRi/image_train/0560_c019_00069145_0.jpg,560,veri,18
VeRi/image_train/0560_c019_00069155_0.jpg,560,veri,18
VeRi/image_train/0560_c019_00069180_0.jpg,560,veri,18
VeRi/image_train/0563_c001_00005475_1.jpg,563,veri,0
VeRi/image_train/0563_c001_00005485_1.jpg,563,veri,0
VeRi/image_train/0563_c001_00005490_1.jpg,563,veri,0
VeRi/image_train/0563_c001_00005495_0.jpg,563,veri,0
VeRi/image_train/0563_c001_00005500_0.jpg,563,veri,0
VeRi/image_train/0563_c001_00005505_0.jpg,563,veri,0
VeRi/image_train/0563_c012_00004350_0.jpg,563,veri,11
VeRi/image_train/0563_c012_00004355_0.jpg,563,veri,11
VeRi/image_train/0563_c012_00004360_0.jpg,563,veri,11
VeRi/image_train/0563_c012_00004365_0.jpg,563,veri,11
VeRi/image_train/0563_c012_00004390_0.jpg,563,veri,11
VeRi/image_train/0563_c013_00004505_0.jpg,563,veri,12
VeRi/image_train/0563_c013_00004515_0.jpg,563,veri,12
VeRi/image_train/0563_c013_00004525_0.jpg,563,veri,12
VeRi/image_train/0563_c013_00004535_0.jpg,563,veri,12
VeRi/image_train/0563_c013_00004565_0.jpg,563,veri,12
VeRi/image_train/0563_c013_00004585_0.jpg,563,veri,12
VeRi/image_train/0563_c014_00002640_0.jpg,563,veri,13
VeRi/image_train/0563_c014_00002645_0.jpg,563,veri,13
VeRi/image_train/0563_c014_00002660_0.jpg,563,veri,13
VeRi/image_train/0563_c014_00002665_0.jpg,563,veri,13
VeRi/image_train/0563_c014_00002670_0.jpg,563,veri,13
VeRi/image_train/0563_c014_00002675_0.jpg,563,veri,13
VeRi/image_train/0563_c015_00002715_0.jpg,563,veri,14
VeRi/image_train/0563_c015_00002720_1.jpg,563,veri,14
VeRi/image_train/0563_c015_00002725_1.jpg,563,veri,14
VeRi/image_train/0563_c015_00002730_1.jpg,563,veri,14
VeRi/image_train/0563_c015_00002735_1.jpg,563,veri,14
VeRi/image_train/0563_c015_00002740_1.jpg,563,veri,14
VeRi/image_train/0563_c016_00002425_0.jpg,563,veri,15
VeRi/image_train/0563_c016_00002430_0.jpg,563,veri,15
VeRi/image_train/0563_c016_00002435_0.jpg,563,veri,15
VeRi/image_train/0563_c016_00002440_0.jpg,563,veri,15
VeRi/image_train/0563_c016_00002445_0.jpg,563,veri,15
VeRi/image_train/0563_c016_00002450_0.jpg,563,veri,15
VeRi/image_train/0563_c017_00003650_1.jpg,563,veri,16
VeRi/image_train/0563_c017_00003660_0.jpg,563,veri,16
VeRi/image_train/0563_c017_00003675_1.jpg,563,veri,16
VeRi/image_train/0563_c017_00003690_1.jpg,563,veri,16
VeRi/image_train/0563_c017_00003700_2.jpg,563,veri,16
VeRi/image_train/0563_c017_00003710_1.jpg,563,veri,16
VeRi/image_train/0563_c019_00003525_0.jpg,563,veri,18
VeRi/image_train/0563_c019_00003530_0.jpg,563,veri,18
VeRi/image_train/0563_c019_00003535_0.jpg,563,veri,18
VeRi/image_train/0563_c019_00003540_0.jpg,563,veri,18
VeRi/image_train/0563_c019_00003545_0.jpg,563,veri,18
VeRi/image_train/0563_c019_00003550_0.jpg,563,veri,18
VeRi/image_train/0568_c002_00014455_0.jpg,568,veri,1
VeRi/image_train/0568_c002_00014465_0.jpg,568,veri,1
VeRi/image_train/0568_c002_00014475_0.jpg,568,veri,1
VeRi/image_train/0568_c002_00014485_0.jpg,568,veri,1
VeRi/image_train/0568_c002_00014495_0.jpg,568,veri,1
VeRi/image_train/0568_c002_00014505_0.jpg,568,veri,1
VeRi/image_train/0568_c003_00015835_0.jpg,568,veri,2
VeRi/image_train/0568_c003_00015840_1.jpg,568,veri,2
VeRi/image_train/0568_c003_00015850_0.jpg,568,veri,2
VeRi/image_train/0568_c003_00015860_0.jpg,568,veri,2
VeRi/image_train/0568_c003_00015870_0.jpg,568,veri,2
VeRi/image_train/0568_c003_00015880_0.jpg,568,veri,2
VeRi/image_train/0568_c004_00015790_1.jpg,568,veri,3
VeRi/image_train/0568_c004_00015800_1.jpg,568,veri,3
VeRi/image_train/0568_c004_00015815_0.jpg,568,veri,3
VeRi/image_train/0568_c004_00015825_0.jpg,568,veri,3
VeRi/image_train/0568_c004_00015835_0.jpg,568,veri,3
VeRi/image_train/0568_c004_00015845_0.jpg,568,veri,3
VeRi/image_train/0568_c005_00016625_0.jpg,568,veri,4
VeRi/image_train/0568_c005_00016645_0.jpg,568,veri,4
VeRi/image_train/0568_c005_00016660_0.jpg,568,veri,4
VeRi/image_train/0568_c005_00016675_0.jpg,568,veri,4
VeRi/image_train/0568_c005_00016695_0.jpg,568,veri,4
VeRi/image_train/0568_c005_00016710_0.jpg,568,veri,4
VeRi/image_train/0568_c006_00015140_1.jpg,568,veri,5
VeRi/image_train/0568_c006_00015160_1.jpg,568,veri,5
VeRi/image_train/0568_c006_00015170_1.jpg,568,veri,5
VeRi/image_train/0568_c006_00015180_0.jpg,568,veri,5
VeRi/image_train/0568_c006_00015195_0.jpg,568,veri,5
VeRi/image_train/0568_c006_00015205_0.jpg,568,veri,5
VeRi/image_train/0568_c007_00016720_0.jpg,568,veri,6
VeRi/image_train/0568_c007_00016730_0.jpg,568,veri,6
VeRi/image_train/0568_c007_00016740_0.jpg,568,veri,6
VeRi/image_train/0568_c007_00016750_0.jpg,568,veri,6
VeRi/image_train/0568_c008_00016150_0.jpg,568,veri,7
VeRi/image_train/0568_c008_00016155_0.jpg,568,veri,7
VeRi/image_train/0568_c008_00016160_0.jpg,568,veri,7
VeRi/image_train/0568_c008_00016165_0.jpg,568,veri,7
VeRi/image_train/0568_c008_00016170_0.jpg,568,veri,7
VeRi/image_train/0568_c009_00016025_0.jpg,568,veri,8
VeRi/image_train/0568_c009_00016030_0.jpg,568,veri,8
VeRi/image_train/0568_c009_00016035_0.jpg,568,veri,8
VeRi/image_train/0568_c009_00016040_1.jpg,568,veri,8
VeRi/image_train/0568_c009_00016045_0.jpg,568,veri,8
VeRi/image_train/0568_c010_00015300_0.jpg,568,veri,9
VeRi/image_train/0568_c010_00015305_0.jpg,568,veri,9
VeRi/image_train/0568_c010_00015310_0.jpg,568,veri,9
VeRi/image_train/0568_c010_00015315_0.jpg,568,veri,9
VeRi/image_train/0568_c010_00015320_0.jpg,568,veri,9
VeRi/image_train/0568_c010_00015325_0.jpg,568,veri,9
VeRi/image_train/0568_c011_00015105_1.jpg,568,veri,10
VeRi/image_train/0568_c011_00015115_1.jpg,568,veri,10
VeRi/image_train/0568_c011_00015120_1.jpg,568,veri,10
VeRi/image_train/0568_c011_00015125_0.jpg,568,veri,10
VeRi/image_train/0568_c011_00015135_0.jpg,568,veri,10
VeRi/image_train/0568_c011_00015145_0.jpg,568,veri,10
VeRi/image_train/0574_c001_00026890_1.jpg,574,veri,0
VeRi/image_train/0574_c001_00026900_0.jpg,574,veri,0
VeRi/image_train/0574_c001_00026910_0.jpg,574,veri,0
VeRi/image_train/0574_c001_00026920_0.jpg,574,veri,0
VeRi/image_train/0574_c001_00026930_0.jpg,574,veri,0
VeRi/image_train/0574_c001_00026940_0.jpg,574,veri,0
VeRi/image_train/0574_c012_00025775_0.jpg,574,veri,11
VeRi/image_train/0574_c012_00025780_0.jpg,574,veri,11
VeRi/image_train/0574_c012_00025785_0.jpg,574,veri,11
VeRi/image_train/0574_c012_00025790_0.jpg,574,veri,11
VeRi/image_train/0574_c012_00025800_0.jpg,574,veri,11
VeRi/image_train/0574_c012_00025810_0.jpg,574,veri,11
VeRi/image_train/0574_c013_00025890_0.jpg,574,veri,12
VeRi/image_train/0574_c013_00025905_0.jpg,574,veri,12
VeRi/image_train/0574_c013_00025910_0.jpg,574,veri,12
VeRi/image_train/0574_c013_00025925_0.jpg,574,veri,12
VeRi/image_train/0574_c013_00025935_0.jpg,574,veri,12
VeRi/image_train/0574_c013_00025945_0.jpg,574,veri,12
VeRi/image_train/0577_c001_00054545_0.jpg,577,veri,0
VeRi/image_train/0577_c001_00054555_0.jpg,577,veri,0
VeRi/image_train/0577_c001_00054565_0.jpg,577,veri,0
VeRi/image_train/0577_c001_00054575_0.jpg,577,veri,0
VeRi/image_train/0577_c001_00054585_0.jpg,577,veri,0
VeRi/image_train/0577_c001_00054595_0.jpg,577,veri,0
VeRi/image_train/0577_c002_00055065_0.jpg,577,veri,1
VeRi/image_train/0577_c002_00055075_0.jpg,577,veri,1
VeRi/image_train/0577_c002_00055085_0.jpg,577,veri,1
VeRi/image_train/0577_c002_00055105_0.jpg,577,veri,1
VeRi/image_train/0577_c002_00055135_0.jpg,577,veri,1
VeRi/image_train/0577_c002_00055145_0.jpg,577,veri,1
VeRi/image_train/0577_c003_00088805_0.jpg,577,veri,2
VeRi/image_train/0577_c003_00088815_0.jpg,577,veri,2
VeRi/image_train/0577_c003_00088825_0.jpg,577,veri,2
VeRi/image_train/0577_c003_00088840_0.jpg,577,veri,2
VeRi/image_train/0577_c003_00088845_0.jpg,577,veri,2
VeRi/image_train/0577_c003_00088855_0.jpg,577,veri,2
VeRi/image_train/0577_c004_00088745_0.jpg,577,veri,3
VeRi/image_train/0577_c004_00088755_0.jpg,577,veri,3
VeRi/image_train/0577_c004_00088770_0.jpg,577,veri,3
VeRi/image_train/0577_c004_00088775_0.jpg,577,veri,3
VeRi/image_train/0577_c004_00088795_0.jpg,577,veri,3
VeRi/image_train/0577_c004_00088805_0.jpg,577,veri,3
VeRi/image_train/0577_c006_00087920_1.jpg,577,veri,5
VeRi/image_train/0577_c006_00087945_1.jpg,577,veri,5
VeRi/image_train/0577_c006_00087965_2.jpg,577,veri,5
VeRi/image_train/0577_c006_00087985_1.jpg,577,veri,5
VeRi/image_train/0577_c006_00088005_2.jpg,577,veri,5
VeRi/image_train/0577_c006_00088025_1.jpg,577,veri,5
VeRi/image_train/0577_c008_00089050_0.jpg,577,veri,7
VeRi/image_train/0577_c008_00089055_0.jpg,577,veri,7
VeRi/image_train/0577_c008_00089060_0.jpg,577,veri,7
VeRi/image_train/0577_c008_00089065_0.jpg,577,veri,7
VeRi/image_train/0577_c008_00089070_0.jpg,577,veri,7
VeRi/image_train/0577_c008_00089075_0.jpg,577,veri,7
VeRi/image_train/0577_c009_00089010_0.jpg,577,veri,8
VeRi/image_train/0577_c009_00089015_0.jpg,577,veri,8
VeRi/image_train/0577_c009_00089020_0.jpg,577,veri,8
VeRi/image_train/0577_c009_00089025_0.jpg,577,veri,8
VeRi/image_train/0577_c009_00089030_0.jpg,577,veri,8
VeRi/image_train/0577_c010_00088265_0.jpg,577,veri,9
VeRi/image_train/0577_c010_00088270_0.jpg,577,veri,9
VeRi/image_train/0577_c010_00088275_0.jpg,577,veri,9
VeRi/image_train/0577_c010_00088285_0.jpg,577,veri,9
VeRi/image_train/0577_c010_00088290_0.jpg,577,veri,9
VeRi/image_train/0577_c011_00087965_1.jpg,577,veri,10
VeRi/image_train/0577_c011_00087990_0.jpg,577,veri,10
VeRi/image_train/0577_c011_00088000_1.jpg,577,veri,10
VeRi/image_train/0577_c011_00088020_1.jpg,577,veri,10
VeRi/image_train/0577_c011_00088030_0.jpg,577,veri,10
VeRi/image_train/0577_c011_00088035_0.jpg,577,veri,10
VeRi/image_train/0577_c012_00052900_0.jpg,577,veri,11
VeRi/image_train/0577_c012_00052910_0.jpg,577,veri,11
VeRi/image_train/0577_c012_00052915_0.jpg,577,veri,11
VeRi/image_train/0577_c012_00052925_0.jpg,577,veri,11
VeRi/image_train/0577_c012_00052935_0.jpg,577,veri,11
VeRi/image_train/0577_c012_00052940_0.jpg,577,veri,11
VeRi/image_train/0577_c013_00052985_0.jpg,577,veri,12
VeRi/image_train/0577_c013_00052990_0.jpg,577,veri,12
VeRi/image_train/0577_c013_00052995_0.jpg,577,veri,12
VeRi/image_train/0577_c013_00053000_0.jpg,577,veri,12
VeRi/image_train/0577_c013_00053005_0.jpg,577,veri,12
VeRi/image_train/0577_c013_00053010_0.jpg,577,veri,12
VeRi/image_train/0577_c014_00051235_0.jpg,577,veri,13
VeRi/image_train/0577_c014_00051240_0.jpg,577,veri,13
VeRi/image_train/0577_c014_00051245_0.jpg,577,veri,13
VeRi/image_train/0577_c014_00051250_0.jpg,577,veri,13
VeRi/image_train/0577_c014_00051255_0.jpg,577,veri,13
VeRi/image_train/0577_c014_00051260_0.jpg,577,veri,13
VeRi/image_train/0577_c015_00051240_0.jpg,577,veri,14
VeRi/image_train/0577_c015_00051245_0.jpg,577,veri,14
VeRi/image_train/0577_c015_00051250_0.jpg,577,veri,14
VeRi/image_train/0577_c015_00051255_0.jpg,577,veri,14
VeRi/image_train/0577_c015_00051260_0.jpg,577,veri,14
VeRi/image_train/0577_c015_00051265_0.jpg,577,veri,14
VeRi/image_train/0577_c016_00050975_0.jpg,577,veri,15
VeRi/image_train/0577_c016_00050980_0.jpg,577,veri,15
VeRi/image_train/0577_c016_00050985_0.jpg,577,veri,15
VeRi/image_train/0577_c016_00050990_0.jpg,577,veri,15
VeRi/image_train/0577_c016_00050995_0.jpg,577,veri,15
VeRi/image_train/0577_c016_00051000_0.jpg,577,veri,15
VeRi/image_train/0577_c017_00052335_0.jpg,577,veri,16
VeRi/image_train/0577_c017_00052345_0.jpg,577,veri,16
VeRi/image_train/0577_c017_00052355_0.jpg,577,veri,16
VeRi/image_train/0577_c017_00052365_0.jpg,577,veri,16
VeRi/image_train/0577_c017_00052370_0.jpg,577,veri,16
VeRi/image_train/0577_c017_00052375_0.jpg,577,veri,16
VeRi/image_train/0577_c019_00052130_0.jpg,577,veri,18
VeRi/image_train/0577_c019_00052135_0.jpg,577,veri,18
VeRi/image_train/0577_c019_00052140_0.jpg,577,veri,18
VeRi/image_train/0577_c019_00052150_0.jpg,577,veri,18
VeRi/image_train/0577_c019_00052155_0.jpg,577,veri,18
VeRi/image_train/0577_c019_00052160_0.jpg,577,veri,18
VeRi/image_train/0578_c003_00012045_0.jpg,578,veri,2
VeRi/image_train/0578_c003_00012055_0.jpg,578,veri,2
VeRi/image_train/0578_c003_00012080_1.jpg,578,veri,2
VeRi/image_train/0578_c003_00012125_0.jpg,578,veri,2
VeRi/image_train/0578_c003_00012140_0.jpg,578,veri,2
VeRi/image_train/0578_c003_00012215_0.jpg,578,veri,2
VeRi/image_train/0578_c003_00024800_0.jpg,578,veri,2
VeRi/image_train/0578_c003_00024815_0.jpg,578,veri,2
VeRi/image_train/0578_c003_00024830_0.jpg,578,veri,2
VeRi/image_train/0578_c003_00024845_0.jpg,578,veri,2
VeRi/image_train/0578_c003_00024860_0.jpg,578,veri,2
VeRi/image_train/0578_c003_00024875_0.jpg,578,veri,2
VeRi/image_train/0578_c004_00011935_0.jpg,578,veri,3
VeRi/image_train/0578_c004_00011945_0.jpg,578,veri,3
VeRi/image_train/0578_c004_00011955_0.jpg,578,veri,3
VeRi/image_train/0578_c004_00012015_0.jpg,578,veri,3
VeRi/image_train/0578_c004_00012085_0.jpg,578,veri,3
VeRi/image_train/0578_c004_00012120_0.jpg,578,veri,3
VeRi/image_train/0578_c004_00024645_0.jpg,578,veri,3
VeRi/image_train/0578_c004_00024695_0.jpg,578,veri,3
VeRi/image_train/0578_c004_00024745_0.jpg,578,veri,3
VeRi/image_train/0578_c004_00024775_0.jpg,578,veri,3
VeRi/image_train/0578_c004_00024800_0.jpg,578,veri,3
VeRi/image_train/0578_c004_00024815_0.jpg,578,veri,3
VeRi/image_train/0578_c005_00025435_0.jpg,578,veri,4
VeRi/image_train/0578_c005_00025450_0.jpg,578,veri,4
VeRi/image_train/0578_c005_00025465_0.jpg,578,veri,4
VeRi/image_train/0578_c005_00025480_0.jpg,578,veri,4
VeRi/image_train/0578_c005_00025500_0.jpg,578,veri,4
VeRi/image_train/0578_c005_00025535_0.jpg,578,veri,4
VeRi/image_train/0578_c007_00025525_0.jpg,578,veri,6
VeRi/image_train/0578_c007_00025530_0.jpg,578,veri,6
VeRi/image_train/0578_c007_00025535_0.jpg,578,veri,6
VeRi/image_train/0578_c007_00025540_0.jpg,578,veri,6
VeRi/image_train/0578_c007_00025545_0.jpg,578,veri,6
VeRi/image_train/0578_c008_00011715_0.jpg,578,veri,7
VeRi/image_train/0578_c008_00011725_0.jpg,578,veri,7
VeRi/image_train/0578_c008_00011730_0.jpg,578,veri,7
VeRi/image_train/0578_c008_00011750_0.jpg,578,veri,7
VeRi/image_train/0578_c008_00011755_0.jpg,578,veri,7
VeRi/image_train/0578_c008_00011775_0.jpg,578,veri,7
VeRi/image_train/0578_c008_00025105_0.jpg,578,veri,7
VeRi/image_train/0578_c008_00025110_0.jpg,578,veri,7
VeRi/image_train/0578_c008_00025115_0.jpg,578,veri,7
VeRi/image_train/0578_c008_00025120_0.jpg,578,veri,7
VeRi/image_train/0578_c008_00025125_0.jpg,578,veri,7
VeRi/image_train/0578_c009_00011735_0.jpg,578,veri,8
VeRi/image_train/0578_c009_00011775_0.jpg,578,veri,8
VeRi/image_train/0578_c009_00011790_0.jpg,578,veri,8
VeRi/image_train/0578_c009_00011800_0.jpg,578,veri,8
VeRi/image_train/0578_c009_00011810_0.jpg,578,veri,8
VeRi/image_train/0578_c009_00011820_0.jpg,578,veri,8
VeRi/image_train/0578_c009_00011830_0.jpg,578,veri,8
VeRi/image_train/0578_c009_00011835_0.jpg,578,veri,8
VeRi/image_train/0578_c009_00025005_0.jpg,578,veri,8
VeRi/image_train/0578_c009_00025010_0.jpg,578,veri,8
VeRi/image_train/0578_c009_00025015_0.jpg,578,veri,8
VeRi/image_train/0578_c009_00025020_0.jpg,578,veri,8
VeRi/image_train/0591_c014_00032255_1.jpg,591,veri,13
VeRi/image_train/0591_c014_00032260_1.jpg,591,veri,13
VeRi/image_train/0591_c014_00032295_0.jpg,591,veri,13
VeRi/image_train/0591_c014_00032300_0.jpg,591,veri,13
VeRi/image_train/0591_c014_00032305_0.jpg,591,veri,13
VeRi/image_train/0591_c014_00032335_0.jpg,591,veri,13
VeRi/image_train/0591_c014_00049485_0.jpg,591,veri,13
VeRi/image_train/0591_c014_00049490_0.jpg,591,veri,13
VeRi/image_train/0591_c014_00049495_0.jpg,591,veri,13
VeRi/image_train/0591_c014_00049500_0.jpg,591,veri,13
VeRi/image_train/0591_c014_00049505_0.jpg,591,veri,13
VeRi/image_train/0591_c014_00049510_0.jpg,591,veri,13
VeRi/image_train/0591_c015_00032315_0.jpg,591,veri,14
VeRi/image_train/0591_c015_00032320_1.jpg,591,veri,14
VeRi/image_train/0591_c015_00032325_1.jpg,591,veri,14
VeRi/image_train/0591_c015_00032330_1.jpg,591,veri,14
VeRi/image_train/0591_c015_00032335_1.jpg,591,veri,14
VeRi/image_train/0591_c015_00032340_1.jpg,591,veri,14
VeRi/image_train/0591_c015_00049265_0.jpg,591,veri,14
VeRi/image_train/0591_c015_00049270_0.jpg,591,veri,14
VeRi/image_train/0591_c015_00049275_0.jpg,591,veri,14
VeRi/image_train/0591_c015_00049280_0.jpg,591,veri,14
VeRi/image_train/0591_c015_00049285_0.jpg,591,veri,14
VeRi/image_train/0591_c015_00049290_0.jpg,591,veri,14
VeRi/image_train/0591_c016_00032080_0.jpg,591,veri,15
VeRi/image_train/0591_c016_00032085_0.jpg,591,veri,15
VeRi/image_train/0591_c016_00032090_0.jpg,591,veri,15
VeRi/image_train/0591_c016_00032095_0.jpg,591,veri,15
VeRi/image_train/0591_c016_00032100_0.jpg,591,veri,15
VeRi/image_train/0591_c016_00032105_0.jpg,591,veri,15
VeRi/image_train/0591_c016_00049695_0.jpg,591,veri,15
VeRi/image_train/0591_c016_00049700_0.jpg,591,veri,15
VeRi/image_train/0591_c016_00049705_0.jpg,591,veri,15
VeRi/image_train/0591_c016_00049710_0.jpg,591,veri,15
VeRi/image_train/0591_c017_00048335_1.jpg,591,veri,16
VeRi/image_train/0591_c017_00048340_0.jpg,591,veri,16
VeRi/image_train/0591_c017_00048350_0.jpg,591,veri,16
VeRi/image_train/0591_c017_00048360_0.jpg,591,veri,16
VeRi/image_train/0591_c017_00048390_0.jpg,591,veri,16
VeRi/image_train/0591_c017_00048400_0.jpg,591,veri,16
VeRi/image_train/0591_c019_00047330_0.jpg,591,veri,18
VeRi/image_train/0591_c019_00047335_0.jpg,591,veri,18
VeRi/image_train/0591_c019_00047345_0.jpg,591,veri,18
VeRi/image_train/0591_c019_00047360_0.jpg,591,veri,18
VeRi/image_train/0591_c019_00047390_0.jpg,591,veri,18
VeRi/image_train/0591_c019_00047405_0.jpg,591,veri,18
VeRi/image_train/0060_c003_00056270_1.jpg,60,veri,2
VeRi/image_train/0060_c003_00056275_0.jpg,60,veri,2
VeRi/image_train/0060_c003_00056280_0.jpg,60,veri,2
VeRi/image_train/0060_c003_00056285_0.jpg,60,veri,2
VeRi/image_train/0060_c003_00056290_0.jpg,60,veri,2
VeRi/image_train/0060_c003_00056295_0.jpg,60,veri,2
VeRi/image_train/0060_c004_00056205_0.jpg,60,veri,3
VeRi/image_train/0060_c004_00056210_0.jpg,60,veri,3
VeRi/image_train/0060_c004_00056215_0.jpg,60,veri,3
VeRi/image_train/0060_c004_00056220_0.jpg,60,veri,3
VeRi/image_train/0060_c004_00056225_0.jpg,60,veri,3
VeRi/image_train/0060_c004_00056230_0.jpg,60,veri,3
VeRi/image_train/0060_c005_00056750_0.jpg,60,veri,4
VeRi/image_train/0060_c005_00056765_0.jpg,60,veri,4
VeRi/image_train/0060_c005_00056780_0.jpg,60,veri,4
VeRi/image_train/0060_c005_00056795_0.jpg,60,veri,4
VeRi/image_train/0060_c005_00056810_0.jpg,60,veri,4
VeRi/image_train/0060_c005_00056820_0.jpg,60,veri,4
VeRi/image_train/0060_c006_00055480_0.jpg,60,veri,5
VeRi/image_train/0060_c006_00055490_0.jpg,60,veri,5
VeRi/image_train/0060_c006_00055505_0.jpg,60,veri,5
VeRi/image_train/0060_c006_00055510_0.jpg,60,veri,5
VeRi/image_train/0060_c006_00055520_0.jpg,60,veri,5
VeRi/image_train/0060_c006_00055525_0.jpg,60,veri,5
VeRi/image_train/0060_c007_00056850_0.jpg,60,veri,6
VeRi/image_train/0060_c007_00056855_0.jpg,60,veri,6
VeRi/image_train/0060_c007_00056860_0.jpg,60,veri,6
VeRi/image_train/0060_c007_00056865_0.jpg,60,veri,6
VeRi/image_train/0060_c008_00056420_0.jpg,60,veri,7
VeRi/image_train/0060_c008_00056425_0.jpg,60,veri,7
VeRi/image_train/0060_c008_00056430_0.jpg,60,veri,7
VeRi/image_train/0060_c008_00056435_0.jpg,60,veri,7
VeRi/image_train/0060_c008_00056440_0.jpg,60,veri,7
VeRi/image_train/0060_c009_00056380_0.jpg,60,veri,8
VeRi/image_train/0060_c009_00056385_0.jpg,60,veri,8
VeRi/image_train/0060_c009_00056390_0.jpg,60,veri,8
VeRi/image_train/0060_c009_00056395_0.jpg,60,veri,8
VeRi/image_train/0060_c009_00056400_0.jpg,60,veri,8
VeRi/image_train/0060_c009_00056405_0.jpg,60,veri,8
VeRi/image_train/0060_c010_00055650_0.jpg,60,veri,9
VeRi/image_train/0060_c010_00055655_0.jpg,60,veri,9
VeRi/image_train/0060_c010_00055660_0.jpg,60,veri,9
VeRi/image_train/0060_c010_00055665_0.jpg,60,veri,9
VeRi/image_train/0060_c010_00055670_0.jpg,60,veri,9
VeRi/image_train/0060_c010_00055675_0.jpg,60,veri,9
VeRi/image_train/0060_c011_00055475_0.jpg,60,veri,10
VeRi/image_train/0060_c011_00055480_1.jpg,60,veri,10
VeRi/image_train/0060_c011_00055485_0.jpg,60,veri,10
VeRi/image_train/0060_c011_00055490_0.jpg,60,veri,10
VeRi/image_train/0060_c011_00055495_0.jpg,60,veri,10
VeRi/image_train/0060_c011_00055500_0.jpg,60,veri,10
VeRi/image_train/0603_c001_00021260_0.jpg,603,veri,0
VeRi/image_train/0603_c001_00021270_0.jpg,603,veri,0
VeRi/image_train/0603_c001_00021280_0.jpg,603,veri,0
VeRi/image_train/0603_c001_00021290_0.jpg,603,veri,0
VeRi/image_train/0603_c001_00021305_0.jpg,603,veri,0
VeRi/image_train/0603_c001_00021320_0.jpg,603,veri,0
VeRi/image_train/0603_c002_00021735_0.jpg,603,veri,1
VeRi/image_train/0603_c002_00021750_0.jpg,603,veri,1
VeRi/image_train/0603_c002_00021755_0.jpg,603,veri,1
VeRi/image_train/0603_c002_00021770_0.jpg,603,veri,1
VeRi/image_train/0603_c002_00021785_1.jpg,603,veri,1
VeRi/image_train/0603_c002_00021805_0.jpg,603,veri,1
VeRi/image_train/0603_c003_00023100_0.jpg,603,veri,2
VeRi/image_train/0603_c003_00023110_0.jpg,603,veri,2
VeRi/image_train/0603_c003_00023120_0.jpg,603,veri,2
VeRi/image_train/0603_c003_00023130_0.jpg,603,veri,2
VeRi/image_train/0603_c003_00023140_0.jpg,603,veri,2
VeRi/image_train/0603_c003_00023150_0.jpg,603,veri,2
VeRi/image_train/0603_c004_00023045_0.jpg,603,veri,3
VeRi/image_train/0603_c004_00023075_0.jpg,603,veri,3
VeRi/image_train/0603_c004_00023085_0.jpg,603,veri,3
VeRi/image_train/0603_c004_00023090_0.jpg,603,veri,3
VeRi/image_train/0603_c004_00023095_0.jpg,603,veri,3
VeRi/image_train/0603_c004_00023100_0.jpg,603,veri,3
VeRi/image_train/0603_c005_00023740_0.jpg,603,veri,4
VeRi/image_train/0603_c005_00023755_0.jpg,603,veri,4
VeRi/image_train/0603_c005_00023770_0.jpg,603,veri,4
VeRi/image_train/0603_c005_00023790_0.jpg,603,veri,4
VeRi/image_train/0603_c005_00023810_0.jpg,603,veri,4
VeRi/image_train/0603_c005_00023830_0.jpg,603,veri,4
VeRi/image_train/0603_c006_00022495_0.jpg,603,veri,5
VeRi/image_train/0603_c006_00022515_0.jpg,603,veri,5
VeRi/image_train/0603_c006_00022525_0.jpg,603,veri,5
VeRi/image_train/0603_c006_00022540_0.jpg,603,veri,5
VeRi/image_train/0603_c006_00022550_0.jpg,603,veri,5
VeRi/image_train/0603_c006_00022560_0.jpg,603,veri,5
VeRi/image_train/0603_c007_00023850_0.jpg,603,veri,6
VeRi/image_train/0603_c007_00023855_0.jpg,603,veri,6
VeRi/image_train/0603_c007_00023865_0.jpg,603,veri,6
VeRi/image_train/0603_c007_00023870_0.jpg,603,veri,6
VeRi/image_train/0603_c007_00023875_0.jpg,603,veri,6
VeRi/image_train/0603_c008_00023345_0.jpg,603,veri,7
VeRi/image_train/0603_c008_00023350_0.jpg,603,veri,7
VeRi/image_train/0603_c008_00023355_0.jpg,603,veri,7
VeRi/image_train/0603_c008_00023360_0.jpg,603,veri,7
VeRi/image_train/0603_c008_00023365_0.jpg,603,veri,7
VeRi/image_train/0603_c009_00023240_0.jpg,603,veri,8
VeRi/image_train/0603_c009_00023245_0.jpg,603,veri,8
VeRi/image_train/0603_c009_00023250_0.jpg,603,veri,8
VeRi/image_train/0603_c009_00023255_0.jpg,603,veri,8
VeRi/image_train/0603_c009_00023260_0.jpg,603,veri,8
VeRi/image_train/0603_c010_00022650_0.jpg,603,veri,9
VeRi/image_train/0603_c010_00022655_0.jpg,603,veri,9
VeRi/image_train/0603_c010_00022660_0.jpg,603,veri,9
VeRi/image_train/0603_c010_00022665_0.jpg,603,veri,9
VeRi/image_train/0603_c010_00022670_0.jpg,603,veri,9
VeRi/image_train/0603_c010_00022675_0.jpg,603,veri,9
VeRi/image_train/0603_c011_00022435_0.jpg,603,veri,10
VeRi/image_train/0603_c011_00022455_0.jpg,603,veri,10
VeRi/image_train/0603_c011_00022475_0.jpg,603,veri,10
VeRi/image_train/0603_c011_00022495_0.jpg,603,veri,10
VeRi/image_train/0603_c011_00022500_0.jpg,603,veri,10
VeRi/image_train/0603_c011_00022505_0.jpg,603,veri,10
VeRi/image_train/0603_c012_00019415_0.jpg,603,veri,11
VeRi/image_train/0603_c012_00019420_0.jpg,603,veri,11
VeRi/image_train/0603_c012_00019425_0.jpg,603,veri,11
VeRi/image_train/0603_c012_00019430_0.jpg,603,veri,11
VeRi/image_train/0603_c012_00019435_0.jpg,603,veri,11
VeRi/image_train/0603_c013_00019455_0.jpg,603,veri,12
VeRi/image_train/0603_c013_00019465_0.jpg,603,veri,12
VeRi/image_train/0603_c013_00019470_0.jpg,603,veri,12
VeRi/image_train/0603_c013_00019480_0.jpg,603,veri,12
VeRi/image_train/0603_c014_00011575_0.jpg,603,veri,13
VeRi/image_train/0603_c014_00011580_0.jpg,603,veri,13
VeRi/image_train/0603_c014_00011585_0.jpg,603,veri,13
VeRi/image_train/0603_c014_00011600_0.jpg,603,veri,13
VeRi/image_train/0603_c014_00011615_0.jpg,603,veri,13
VeRi/image_train/0603_c014_00017940_0.jpg,603,veri,13
VeRi/image_train/0603_c014_00017945_0.jpg,603,veri,13
VeRi/image_train/0603_c014_00017970_0.jpg,603,veri,13
VeRi/image_train/0603_c014_00017990_0.jpg,603,veri,13
VeRi/image_train/0603_c014_00017995_0.jpg,603,veri,13
VeRi/image_train/0603_c014_00018025_0.jpg,603,veri,13
VeRi/image_train/0603_c015_00018105_0.jpg,603,veri,14
VeRi/image_train/0603_c015_00018110_0.jpg,603,veri,14
VeRi/image_train/0603_c015_00018115_0.jpg,603,veri,14
VeRi/image_train/0603_c015_00018120_0.jpg,603,veri,14
VeRi/image_train/0603_c015_00018125_0.jpg,603,veri,14
VeRi/image_train/0603_c015_00018130_0.jpg,603,veri,14
VeRi/image_train/0603_c016_00011165_0.jpg,603,veri,15
VeRi/image_train/0603_c016_00011170_1.jpg,603,veri,15
VeRi/image_train/0603_c016_00011175_0.jpg,603,veri,15
VeRi/image_train/0603_c016_00011180_1.jpg,603,veri,15
VeRi/image_train/0603_c016_00011185_1.jpg,603,veri,15
VeRi/image_train/0603_c017_00018805_0.jpg,603,veri,16
VeRi/image_train/0603_c017_00018815_1.jpg,603,veri,16
VeRi/image_train/0603_c017_00018825_1.jpg,603,veri,16
VeRi/image_train/0603_c017_00018840_1.jpg,603,veri,16
VeRi/image_train/0603_c017_00018865_0.jpg,603,veri,16
VeRi/image_train/0603_c017_00018890_0.jpg,603,veri,16
VeRi/image_train/0603_c019_00018700_0.jpg,603,veri,18
VeRi/image_train/0603_c019_00018705_0.jpg,603,veri,18
VeRi/image_train/0603_c019_00018710_0.jpg,603,veri,18
VeRi/image_train/0603_c019_00018715_0.jpg,603,veri,18
VeRi/image_train/0603_c019_00018720_0.jpg,603,veri,18
VeRi/image_train/0603_c019_00018725_0.jpg,603,veri,18
VeRi/image_train/0604_c002_00069705_1.jpg,604,veri,1
VeRi/image_train/0604_c002_00069720_1.jpg,604,veri,1
VeRi/image_train/0604_c002_00069740_1.jpg,604,veri,1
VeRi/image_train/0604_c002_00069750_0.jpg,604,veri,1
VeRi/image_train/0604_c002_00069760_0.jpg,604,veri,1
VeRi/image_train/0604_c002_00069770_0.jpg,604,veri,1
VeRi/image_train/0604_c003_00066945_0.jpg,604,veri,2
VeRi/image_train/0604_c003_00066955_0.jpg,604,veri,2
VeRi/image_train/0604_c003_00066965_0.jpg,604,veri,2
VeRi/image_train/0604_c003_00066975_0.jpg,604,veri,2
VeRi/image_train/0604_c003_00066985_0.jpg,604,veri,2
VeRi/image_train/0604_c003_00066990_0.jpg,604,veri,2
VeRi/image_train/0604_c004_00066855_0.jpg,604,veri,3
VeRi/image_train/0604_c004_00066860_0.jpg,604,veri,3
VeRi/image_train/0604_c004_00066865_0.jpg,604,veri,3
VeRi/image_train/0604_c004_00066870_0.jpg,604,veri,3
VeRi/image_train/0604_c004_00066875_0.jpg,604,veri,3
VeRi/image_train/0604_c004_00066880_0.jpg,604,veri,3
VeRi/image_train/0604_c006_00067655_0.jpg,604,veri,5
VeRi/image_train/0604_c006_00067665_0.jpg,604,veri,5
VeRi/image_train/0604_c006_00067675_0.jpg,604,veri,5
VeRi/image_train/0604_c006_00067690_0.jpg,604,veri,5
VeRi/image_train/0604_c006_00067705_0.jpg,604,veri,5
VeRi/image_train/0604_c006_00067730_0.jpg,604,veri,5
VeRi/image_train/0604_c008_00066645_0.jpg,604,veri,7
VeRi/image_train/0604_c008_00066650_0.jpg,604,veri,7
VeRi/image_train/0604_c008_00066655_0.jpg,604,veri,7
VeRi/image_train/0604_c008_00066660_0.jpg,604,veri,7
VeRi/image_train/0604_c008_00066665_0.jpg,604,veri,7
VeRi/image_train/0604_c008_00066670_0.jpg,604,veri,7
VeRi/image_train/0604_c009_00066735_0.jpg,604,veri,8
VeRi/image_train/0604_c009_00066740_0.jpg,604,veri,8
VeRi/image_train/0604_c009_00066745_0.jpg,604,veri,8
VeRi/image_train/0604_c009_00066750_0.jpg,604,veri,8
VeRi/image_train/0604_c009_00066755_0.jpg,604,veri,8
VeRi/image_train/0604_c009_00066760_0.jpg,604,veri,8
VeRi/image_train/0604_c010_00067575_0.jpg,604,veri,9
VeRi/image_train/0604_c010_00067580_0.jpg,604,veri,9
VeRi/image_train/0604_c010_00067585_0.jpg,604,veri,9
VeRi/image_train/0604_c010_00067590_0.jpg,604,veri,9
VeRi/image_train/0604_c010_00067595_0.jpg,604,veri,9
VeRi/image_train/0604_c010_00067600_0.jpg,604,veri,9
VeRi/image_train/0604_c011_00067650_0.jpg,604,veri,10
VeRi/image_train/0604_c011_00067655_0.jpg,604,veri,10
VeRi/image_train/0604_c011_00067660_0.jpg,604,veri,10
VeRi/image_train/0604_c011_00067670_0.jpg,604,veri,10
VeRi/image_train/0604_c011_00067680_0.jpg,604,veri,10
VeRi/image_train/0604_c011_00067690_0.jpg,604,veri,10
VeRi/image_train/0616_c001_00086680_0.jpg,616,veri,0
VeRi/image_train/0616_c001_00086690_0.jpg,616,veri,0
VeRi/image_train/0616_c001_00086700_0.jpg,616,veri,0
VeRi/image_train/0616_c001_00086710_0.jpg,616,veri,0
VeRi/image_train/0616_c001_00086720_1.jpg,616,veri,0
VeRi/image_train/0616_c001_00086735_1.jpg,616,veri,0
VeRi/image_train/0616_c012_00085920_0.jpg,616,veri,11
VeRi/image_train/0616_c012_00085930_0.jpg,616,veri,11
VeRi/image_train/0616_c012_00085940_0.jpg,616,veri,11
VeRi/image_train/0616_c012_00085960_0.jpg,616,veri,11
VeRi/image_train/0616_c012_00085965_1.jpg,616,veri,11
VeRi/image_train/0616_c013_00086050_0.jpg,616,veri,12
VeRi/image_train/0616_c013_00086055_0.jpg,616,veri,12
VeRi/image_train/0616_c013_00086060_0.jpg,616,veri,12
VeRi/image_train/0616_c013_00086065_0.jpg,616,veri,12
VeRi/image_train/0616_c013_00086070_0.jpg,616,veri,12
VeRi/image_train/0616_c013_00086075_0.jpg,616,veri,12
VeRi/image_train/0619_c014_00076220_0.jpg,619,veri,13
VeRi/image_train/0619_c014_00076225_0.jpg,619,veri,13
VeRi/image_train/0619_c014_00076245_0.jpg,619,veri,13
VeRi/image_train/0619_c014_00076250_0.jpg,619,veri,13
VeRi/image_train/0619_c014_00076255_0.jpg,619,veri,13
VeRi/image_train/0619_c014_00076260_0.jpg,619,veri,13
VeRi/image_train/0619_c015_00076295_0.jpg,619,veri,14
VeRi/image_train/0619_c015_00076300_0.jpg,619,veri,14
VeRi/image_train/0619_c015_00076305_0.jpg,619,veri,14
VeRi/image_train/0619_c015_00076310_0.jpg,619,veri,14
VeRi/image_train/0619_c015_00076315_0.jpg,619,veri,14
VeRi/image_train/0619_c015_00076320_0.jpg,619,veri,14
VeRi/image_train/0619_c016_00076030_0.jpg,619,veri,15
VeRi/image_train/0619_c016_00076035_0.jpg,619,veri,15
VeRi/image_train/0619_c016_00076040_0.jpg,619,veri,15
VeRi/image_train/0619_c016_00076045_0.jpg,619,veri,15
VeRi/image_train/0619_c016_00076050_0.jpg,619,veri,15
VeRi/image_train/0619_c016_00076055_0.jpg,619,veri,15
VeRi/image_train/0619_c019_00077140_0.jpg,619,veri,18
VeRi/image_train/0619_c019_00077145_0.jpg,619,veri,18
VeRi/image_train/0619_c019_00077155_0.jpg,619,veri,18
VeRi/image_train/0619_c019_00077160_0.jpg,619,veri,18
VeRi/image_train/0619_c019_00077165_0.jpg,619,veri,18
VeRi/image_train/0619_c019_00077170_0.jpg,619,veri,18
VeRi/image_train/0062_c005_00010480_0.jpg,62,veri,4
VeRi/image_train/0062_c005_00010495_0.jpg,62,veri,4
VeRi/image_train/0062_c005_00010515_0.jpg,62,veri,4
VeRi/image_train/0062_c005_00010530_0.jpg,62,veri,4
VeRi/image_train/0062_c005_00010550_0.jpg,62,veri,4
VeRi/image_train/0062_c005_00010570_0.jpg,62,veri,4
VeRi/image_train/0062_c007_00010555_0.jpg,62,veri,6
VeRi/image_train/0062_c007_00010565_0.jpg,62,veri,6
VeRi/image_train/0062_c007_00010570_0.jpg,62,veri,6
VeRi/image_train/0062_c007_00010580_0.jpg,62,veri,6
VeRi/image_train/0062_c007_00010585_0.jpg,62,veri,6
VeRi/image_train/0621_c005_00068430_0.jpg,621,veri,4
VeRi/image_train/0621_c005_00068440_0.jpg,621,veri,4
VeRi/image_train/0621_c005_00068460_0.jpg,621,veri,4
VeRi/image_train/0621_c005_00068475_0.jpg,621,veri,4
VeRi/image_train/0621_c005_00068490_0.jpg,621,veri,4
VeRi/image_train/0621_c005_00068515_0.jpg,621,veri,4
VeRi/image_train/0621_c007_00068585_0.jpg,621,veri,6
VeRi/image_train/0621_c007_00068595_0.jpg,621,veri,6
VeRi/image_train/0621_c007_00068600_0.jpg,621,veri,6
VeRi/image_train/0621_c007_00068605_0.jpg,621,veri,6
VeRi/image_train/0621_c007_00068610_0.jpg,621,veri,6
VeRi/image_train/0621_c007_00068620_0.jpg,621,veri,6
VeRi/image_train/0621_c008_00066690_0.jpg,621,veri,7
VeRi/image_train/0621_c008_00066695_0.jpg,621,veri,7
VeRi/image_train/0621_c008_00066700_0.jpg,621,veri,7
VeRi/image_train/0621_c008_00066705_0.jpg,621,veri,7
VeRi/image_train/0621_c008_00066710_0.jpg,621,veri,7
VeRi/image_train/0621_c008_00066715_0.jpg,621,veri,7
VeRi/image_train/0621_c008_00067315_1.jpg,621,veri,7
VeRi/image_train/0621_c008_00067320_1.jpg,621,veri,7
VeRi/image_train/0621_c008_00067325_1.jpg,621,veri,7
VeRi/image_train/0621_c008_00067330_1.jpg,621,veri,7
VeRi/image_train/0621_c008_00067335_0.jpg,621,veri,7
VeRi/image_train/0621_c008_00067340_0.jpg,621,veri,7
VeRi/image_train/0621_c009_00066765_1.jpg,621,veri,8
VeRi/image_train/0621_c009_00066770_0.jpg,621,veri,8
VeRi/image_train/0621_c009_00066775_0.jpg,621,veri,8
VeRi/image_train/0621_c009_00066780_0.jpg,621,veri,8
VeRi/image_train/0621_c009_00066785_1.jpg,621,veri,8
VeRi/image_train/0621_c009_00066790_1.jpg,621,veri,8
VeRi/image_train/0621_c009_00067180_0.jpg,621,veri,8
VeRi/image_train/0621_c009_00067185_0.jpg,621,veri,8
VeRi/image_train/0621_c009_00067190_0.jpg,621,veri,8
VeRi/image_train/0621_c009_00067195_0.jpg,621,veri,8
VeRi/image_train/0621_c009_00067200_0.jpg,621,veri,8
VeRi/image_train/0621_c009_00067205_0.jpg,621,veri,8
VeRi/image_train/0632_c001_00077040_0.jpg,632,veri,0
VeRi/image_train/0632_c001_00077050_0.jpg,632,veri,0
VeRi/image_train/0632_c001_00077060_0.jpg,632,veri,0
VeRi/image_train/0632_c001_00077070_0.jpg,632,veri,0
VeRi/image_train/0632_c001_00077080_0.jpg,632,veri,0
VeRi/image_train/0632_c001_00077100_0.jpg,632,veri,0
VeRi/image_train/0632_c012_00077535_1.jpg,632,veri,11
VeRi/image_train/0632_c012_00077540_1.jpg,632,veri,11
VeRi/image_train/0632_c012_00077545_1.jpg,632,veri,11
VeRi/image_train/0632_c012_00077555_0.jpg,632,veri,11
VeRi/image_train/0632_c012_00077560_0.jpg,632,veri,11
VeRi/image_train/0632_c013_00077410_0.jpg,632,veri,12
VeRi/image_train/0632_c013_00077415_0.jpg,632,veri,12
VeRi/image_train/0632_c013_00077425_0.jpg,632,veri,12
VeRi/image_train/0632_c013_00077430_0.jpg,632,veri,12
VeRi/image_train/0632_c013_00077435_0.jpg,632,veri,12
VeRi/image_train/0632_c013_00077440_0.jpg,632,veri,12
VeRi/image_train/0632_c014_00079310_0.jpg,632,veri,13
VeRi/image_train/0632_c014_00079315_0.jpg,632,veri,13
VeRi/image_train/0632_c014_00079320_0.jpg,632,veri,13
VeRi/image_train/0632_c014_00079325_0.jpg,632,veri,13
VeRi/image_train/0632_c014_00079330_0.jpg,632,veri,13
VeRi/image_train/0632_c014_00079335_0.jpg,632,veri,13
VeRi/image_train/0632_c015_00079145_0.jpg,632,veri,14
VeRi/image_train/0632_c015_00079150_0.jpg,632,veri,14
VeRi/image_train/0632_c015_00079155_0.jpg,632,veri,14
VeRi/image_train/0632_c015_00079160_0.jpg,632,veri,14
VeRi/image_train/0632_c015_00079165_0.jpg,632,veri,14
VeRi/image_train/0632_c015_00079170_0.jpg,632,veri,14
VeRi/image_train/0632_c016_00079535_0.jpg,632,veri,15
VeRi/image_train/0632_c016_00079540_0.jpg,632,veri,15
VeRi/image_train/0632_c016_00079545_0.jpg,632,veri,15
VeRi/image_train/0632_c016_00079550_0.jpg,632,veri,15
VeRi/image_train/0632_c017_00078315_1.jpg,632,veri,16
VeRi/image_train/0632_c017_00078320_0.jpg,632,veri,16
VeRi/image_train/0632_c017_00078330_0.jpg,632,veri,16
VeRi/image_train/0632_c017_00078335_0.jpg,632,veri,16
VeRi/image_train/0632_c017_00078345_0.jpg,632,veri,16
VeRi/image_train/0632_c017_00078355_0.jpg,632,veri,16
VeRi/image_train/0638_c003_00004450_0.jpg,638,veri,2
VeRi/image_train/0638_c003_00004460_0.jpg,638,veri,2
VeRi/image_train/0638_c003_00004465_0.jpg,638,veri,2
VeRi/image_train/0638_c003_00004470_0.jpg,638,veri,2
VeRi/image_train/0638_c003_00004475_0.jpg,638,veri,2
VeRi/image_train/0638_c003_00004480_0.jpg,638,veri,2
VeRi/image_train/0638_c003_00020790_0.jpg,638,veri,2
VeRi/image_train/0638_c003_00020795_0.jpg,638,veri,2
VeRi/image_train/0638_c003_00020800_0.jpg,638,veri,2
VeRi/image_train/0638_c003_00020805_0.jpg,638,veri,2
VeRi/image_train/0638_c003_00020810_0.jpg,638,veri,2
VeRi/image_train/0638_c003_00020815_0.jpg,638,veri,2
VeRi/image_train/0638_c004_00004345_0.jpg,638,veri,3
VeRi/image_train/0638_c004_00004350_0.jpg,638,veri,3
VeRi/image_train/0638_c004_00004355_0.jpg,638,veri,3
VeRi/image_train/0638_c004_00004360_0.jpg,638,veri,3
VeRi/image_train/0638_c004_00004365_0.jpg,638,veri,3
VeRi/image_train/0638_c004_00004370_0.jpg,638,veri,3
VeRi/image_train/0638_c004_00020705_0.jpg,638,veri,3
VeRi/image_train/0638_c004_00020720_0.jpg,638,veri,3
VeRi/image_train/0638_c004_00020745_0.jpg,638,veri,3
VeRi/image_train/0638_c004_00020755_0.jpg,638,veri,3
VeRi/image_train/0638_c004_00020770_0.jpg,638,veri,3
VeRi/image_train/0638_c004_00020790_0.jpg,638,veri,3
VeRi/image_train/0638_c006_00004850_0.jpg,638,veri,5
VeRi/image_train/0638_c006_00004865_0.jpg,638,veri,5
VeRi/image_train/0638_c006_00004875_0.jpg,638,veri,5
VeRi/image_train/0638_c006_00004885_0.jpg,638,veri,5
VeRi/image_train/0638_c006_00004895_0.jpg,638,veri,5
VeRi/image_train/0638_c006_00004925_0.jpg,638,veri,5
VeRi/image_train/0638_c006_00006800_0.jpg,638,veri,5
VeRi/image_train/0638_c006_00006825_0.jpg,638,veri,5
VeRi/image_train/0638_c006_00006845_0.jpg,638,veri,5
VeRi/image_train/0638_c006_00006865_0.jpg,638,veri,5
VeRi/image_train/0638_c006_00021385_0.jpg,638,veri,5
VeRi/image_train/0638_c006_00021395_0.jpg,638,veri,5
VeRi/image_train/0638_c006_00021405_0.jpg,638,veri,5
VeRi/image_train/0638_c006_00021415_0.jpg,638,veri,5
VeRi/image_train/0638_c006_00021425_0.jpg,638,veri,5
VeRi/image_train/0638_c006_00021435_0.jpg,638,veri,5
VeRi/image_train/0638_c008_00004255_0.jpg,638,veri,7
VeRi/image_train/0638_c008_00004260_0.jpg,638,veri,7
VeRi/image_train/0638_c008_00004270_0.jpg,638,veri,7
VeRi/image_train/0638_c008_00004280_0.jpg,638,veri,7
VeRi/image_train/0638_c008_00004285_0.jpg,638,veri,7
VeRi/image_train/0638_c008_00004290_0.jpg,638,veri,7
VeRi/image_train/0638_c009_00004285_0.jpg,638,veri,8
VeRi/image_train/0638_c009_00004290_0.jpg,638,veri,8
VeRi/image_train/0638_c009_00004295_0.jpg,638,veri,8
VeRi/image_train/0638_c009_00004300_0.jpg,638,veri,8
VeRi/image_train/0638_c009_00004305_0.jpg,638,veri,8
VeRi/image_train/0638_c009_00004310_0.jpg,638,veri,8
VeRi/image_train/0638_c010_00004815_0.jpg,638,veri,9
VeRi/image_train/0638_c010_00004820_0.jpg,638,veri,9
VeRi/image_train/0638_c010_00004825_0.jpg,638,veri,9
VeRi/image_train/0638_c010_00004830_0.jpg,638,veri,9
VeRi/image_train/0638_c010_00004835_0.jpg,638,veri,9
VeRi/image_train/0638_c010_00004840_0.jpg,638,veri,9
VeRi/image_train/0638_c010_00006950_0.jpg,638,veri,9
VeRi/image_train/0638_c010_00006955_0.jpg,638,veri,9
VeRi/image_train/0638_c010_00006960_0.jpg,638,veri,9
VeRi/image_train/0638_c010_00006965_0.jpg,638,veri,9
VeRi/image_train/0638_c010_00006970_0.jpg,638,veri,9
VeRi/image_train/0638_c010_00006975_0.jpg,638,veri,9
VeRi/image_train/0638_c010_00021355_0.jpg,638,veri,9
VeRi/image_train/0638_c010_00021360_0.jpg,638,veri,9
VeRi/image_train/0638_c010_00021370_0.jpg,638,veri,9
VeRi/image_train/0638_c010_00021375_0.jpg,638,veri,9
VeRi/image_train/0638_c010_00021380_0.jpg,638,veri,9
VeRi/image_train/0638_c011_00004805_0.jpg,638,veri,10
VeRi/image_train/0638_c011_00004815_0.jpg,638,veri,10
VeRi/image_train/0638_c011_00004825_0.jpg,638,veri,10
VeRi/image_train/0638_c011_00004870_0.jpg,638,veri,10
VeRi/image_train/0638_c011_00006745_0.jpg,638,veri,10
VeRi/image_train/0638_c011_00006755_0.jpg,638,veri,10
VeRi/image_train/0638_c011_00006765_0.jpg,638,veri,10
VeRi/image_train/0638_c011_00006775_0.jpg,638,veri,10
VeRi/image_train/0638_c011_00006785_0.jpg,638,veri,10
VeRi/image_train/0638_c011_00006795_0.jpg,638,veri,10
VeRi/image_train/0638_c011_00021355_0.jpg,638,veri,10
VeRi/image_train/0638_c011_00021360_0.jpg,638,veri,10
VeRi/image_train/0638_c011_00021375_0.jpg,638,veri,10
VeRi/image_train/0638_c011_00021385_0.jpg,638,veri,10
VeRi/image_train/0638_c011_00021395_0.jpg,638,veri,10
VeRi/image_train/0638_c011_00021405_0.jpg,638,veri,10
VeRi/image_train/0639_c003_00086010_0.jpg,639,veri,2
VeRi/image_train/0639_c003_00086015_0.jpg,639,veri,2
VeRi/image_train/0639_c003_00086020_0.jpg,639,veri,2
VeRi/image_train/0639_c003_00086025_0.jpg,639,veri,2
VeRi/image_train/0639_c003_00086030_0.jpg,639,veri,2
VeRi/image_train/0639_c003_00086035_0.jpg,639,veri,2
VeRi/image_train/0639_c004_00085945_0.jpg,639,veri,3
VeRi/image_train/0639_c004_00085950_0.jpg,639,veri,3
VeRi/image_train/0639_c004_00085955_0.jpg,639,veri,3
VeRi/image_train/0639_c004_00085960_0.jpg,639,veri,3
VeRi/image_train/0639_c004_00085965_0.jpg,639,veri,3
VeRi/image_train/0639_c004_00085970_0.jpg,639,veri,3
VeRi/image_train/0639_c006_00086385_2.jpg,639,veri,5
VeRi/image_train/0639_c006_00086395_2.jpg,639,veri,5
VeRi/image_train/0639_c006_00086405_1.jpg,639,veri,5
VeRi/image_train/0639_c006_00086415_1.jpg,639,veri,5
VeRi/image_train/0639_c006_00086425_0.jpg,639,veri,5
VeRi/image_train/0639_c006_00086455_0.jpg,639,veri,5
VeRi/image_train/0639_c006_00087340_0.jpg,639,veri,5
VeRi/image_train/0639_c006_00087350_0.jpg,639,veri,5
VeRi/image_train/0639_c006_00087365_0.jpg,639,veri,5
VeRi/image_train/0639_c006_00087385_0.jpg,639,veri,5
VeRi/image_train/0639_c006_00087405_0.jpg,639,veri,5
VeRi/image_train/0639_c008_00085830_0.jpg,639,veri,7
VeRi/image_train/0639_c008_00085835_0.jpg,639,veri,7
VeRi/image_train/0639_c008_00085840_0.jpg,639,veri,7
VeRi/image_train/0639_c008_00085845_0.jpg,639,veri,7
VeRi/image_train/0639_c008_00085850_0.jpg,639,veri,7
VeRi/image_train/0639_c008_00085855_0.jpg,639,veri,7
VeRi/image_train/0639_c009_00085915_0.jpg,639,veri,8
VeRi/image_train/0639_c009_00085920_0.jpg,639,veri,8
VeRi/image_train/0639_c009_00085925_0.jpg,639,veri,8
VeRi/image_train/0639_c009_00085930_0.jpg,639,veri,8
VeRi/image_train/0639_c009_00085935_0.jpg,639,veri,8
VeRi/image_train/0639_c009_00085940_0.jpg,639,veri,8
VeRi/image_train/0639_c010_00086390_1.jpg,639,veri,9
VeRi/image_train/0639_c010_00086395_1.jpg,639,veri,9
VeRi/image_train/0639_c010_00086400_1.jpg,639,veri,9
VeRi/image_train/0639_c010_00086405_1.jpg,639,veri,9
VeRi/image_train/0639_c010_00086410_1.jpg,639,veri,9
VeRi/image_train/0639_c011_00086400_0.jpg,639,veri,10
VeRi/image_train/0639_c011_00086405_0.jpg,639,veri,10
VeRi/image_train/0639_c011_00086410_0.jpg,639,veri,10
VeRi/image_train/0639_c011_00086415_0.jpg,639,veri,10
VeRi/image_train/0639_c011_00086420_0.jpg,639,veri,10
VeRi/image_train/0639_c011_00086425_0.jpg,639,veri,10
VeRi/image_train/0639_c011_00087380_0.jpg,639,veri,10
VeRi/image_train/0639_c011_00087395_0.jpg,639,veri,10
VeRi/image_train/0639_c011_00087405_0.jpg,639,veri,10
VeRi/image_train/0639_c011_00087430_0.jpg,639,veri,10
VeRi/image_train/0644_c012_00078525_0.jpg,644,veri,11
VeRi/image_train/0644_c012_00078535_0.jpg,644,veri,11
VeRi/image_train/0644_c012_00078545_0.jpg,644,veri,11
VeRi/image_train/0644_c012_00078550_0.jpg,644,veri,11
VeRi/image_train/0644_c012_00078560_0.jpg,644,veri,11
VeRi/image_train/0644_c012_00078570_0.jpg,644,veri,11
VeRi/image_train/0644_c012_00087890_0.jpg,644,veri,11
VeRi/image_train/0644_c012_00087900_0.jpg,644,veri,11
VeRi/image_train/0644_c012_00087915_0.jpg,644,veri,11
VeRi/image_train/0644_c012_00087925_0.jpg,644,veri,11
VeRi/image_train/0644_c012_00087940_0.jpg,644,veri,11
VeRi/image_train/0644_c012_00087960_0.jpg,644,veri,11
VeRi/image_train/0644_c012_00088985_0.jpg,644,veri,11
VeRi/image_train/0644_c012_00089000_0.jpg,644,veri,11
VeRi/image_train/0644_c012_00089010_0.jpg,644,veri,11
VeRi/image_train/0644_c012_00089020_0.jpg,644,veri,11
VeRi/image_train/0644_c012_00089030_0.jpg,644,veri,11
VeRi/image_train/0644_c012_00089035_0.jpg,644,veri,11
VeRi/image_train/0644_c013_00078670_1.jpg,644,veri,12
VeRi/image_train/0644_c013_00078675_1.jpg,644,veri,12
VeRi/image_train/0644_c013_00078680_1.jpg,644,veri,12
VeRi/image_train/0644_c013_00078685_1.jpg,644,veri,12
VeRi/image_train/0644_c013_00078690_1.jpg,644,veri,12
VeRi/image_train/0644_c013_00078695_1.jpg,644,veri,12
VeRi/image_train/0644_c013_00087730_0.jpg,644,veri,12
VeRi/image_train/0644_c013_00087735_0.jpg,644,veri,12
VeRi/image_train/0644_c013_00087740_0.jpg,644,veri,12
VeRi/image_train/0644_c013_00087745_0.jpg,644,veri,12
VeRi/image_train/0644_c013_00087750_0.jpg,644,veri,12
VeRi/image_train/0644_c013_00087755_0.jpg,644,veri,12
VeRi/image_train/0644_c013_00089120_0.jpg,644,veri,12
VeRi/image_train/0644_c013_00089125_0.jpg,644,veri,12
VeRi/image_train/0644_c013_00089130_0.jpg,644,veri,12
VeRi/image_train/0644_c013_00089135_0.jpg,644,veri,12
VeRi/image_train/0644_c013_00089140_0.jpg,644,veri,12
VeRi/image_train/0644_c013_00089145_0.jpg,644,veri,12
VeRi/image_train/0644_c014_00076665_0.jpg,644,veri,13
VeRi/image_train/0644_c014_00076690_1.jpg,644,veri,13
VeRi/image_train/0644_c014_00076695_1.jpg,644,veri,13
VeRi/image_train/0644_c014_00076705_0.jpg,644,veri,13
VeRi/image_train/0644_c014_00076715_0.jpg,644,veri,13
VeRi/image_train/0644_c014_00076725_0.jpg,644,veri,13
VeRi/image_train/0644_c015_00076750_1.jpg,644,veri,14
VeRi/image_train/0644_c015_00076755_0.jpg,644,veri,14
VeRi/image_train/0644_c015_00076760_0.jpg,644,veri,14
VeRi/image_train/0644_c015_00076765_0.jpg,644,veri,14
VeRi/image_train/0644_c015_00076770_0.jpg,644,veri,14
VeRi/image_train/0644_c015_00076775_0.jpg,644,veri,14
VeRi/image_train/0644_c016_00076515_0.jpg,644,veri,15
VeRi/image_train/0644_c016_00076520_1.jpg,644,veri,15
VeRi/image_train/0644_c016_00076550_0.jpg,644,veri,15
VeRi/image_train/0644_c016_00076555_0.jpg,644,veri,15
VeRi/image_train/0644_c016_00076560_0.jpg,644,veri,15
VeRi/image_train/0644_c017_00077815_0.jpg,644,veri,16
VeRi/image_train/0644_c017_00077820_0.jpg,644,veri,16
VeRi/image_train/0644_c017_00077830_0.jpg,644,veri,16
VeRi/image_train/0644_c017_00077840_0.jpg,644,veri,16
VeRi/image_train/0644_c017_00077850_0.jpg,644,veri,16
VeRi/image_train/0644_c017_00077865_0.jpg,644,veri,16
VeRi/image_train/0644_c019_00077555_1.jpg,644,veri,18
VeRi/image_train/0644_c019_00077560_0.jpg,644,veri,18
VeRi/image_train/0644_c019_00077565_0.jpg,644,veri,18
VeRi/image_train/0644_c019_00077570_0.jpg,644,veri,18
VeRi/image_train/0644_c019_00077575_0.jpg,644,veri,18
VeRi/image_train/0644_c019_00077580_0.jpg,644,veri,18
VeRi/image_train/0661_c001_00057300_0.jpg,661,veri,0
VeRi/image_train/0661_c001_00057305_0.jpg,661,veri,0
VeRi/image_train/0661_c001_00057310_0.jpg,661,veri,0
VeRi/image_train/0661_c001_00057315_0.jpg,661,veri,0
VeRi/image_train/0661_c001_00057320_0.jpg,661,veri,0
VeRi/image_train/0661_c001_00057325_0.jpg,661,veri,0
VeRi/image_train/0661_c002_00056290_0.jpg,661,veri,1
VeRi/image_train/0661_c002_00056300_0.jpg,661,veri,1
VeRi/image_train/0661_c002_00056315_0.jpg,661,veri,1
VeRi/image_train/0661_c002_00056330_0.jpg,661,veri,1
VeRi/image_train/0661_c002_00056375_0.jpg,661,veri,1
VeRi/image_train/0661_c002_00056395_0.jpg,661,veri,1
VeRi/image_train/0661_c012_00057930_1.jpg,661,veri,11
VeRi/image_train/0661_c012_00057935_1.jpg,661,veri,11
VeRi/image_train/0661_c012_00057940_1.jpg,661,veri,11
VeRi/image_train/0661_c012_00057950_1.jpg,661,veri,11
VeRi/image_train/0661_c012_00057955_1.jpg,661,veri,11
VeRi/image_train/0661_c012_00057960_1.jpg,661,veri,11
VeRi/image_train/0661_c013_00057740_0.jpg,661,veri,12
VeRi/image_train/0661_c013_00057775_0.jpg,661,veri,12
VeRi/image_train/0661_c013_00057780_0.jpg,661,veri,12
VeRi/image_train/0661_c013_00057785_0.jpg,661,veri,12
VeRi/image_train/0661_c013_00057790_0.jpg,661,veri,12
VeRi/image_train/0661_c013_00057795_0.jpg,661,veri,12
VeRi/image_train/0661_c014_00059535_0.jpg,661,veri,13
VeRi/image_train/0661_c014_00059540_0.jpg,661,veri,13
VeRi/image_train/0661_c014_00059545_0.jpg,661,veri,13
VeRi/image_train/0661_c014_00059550_0.jpg,661,veri,13
VeRi/image_train/0661_c014_00059555_0.jpg,661,veri,13
VeRi/image_train/0661_c014_00059560_0.jpg,661,veri,13
VeRi/image_train/0661_c015_00059300_0.jpg,661,veri,14
VeRi/image_train/0661_c015_00059305_0.jpg,661,veri,14
VeRi/image_train/0661_c015_00059310_0.jpg,661,veri,14
VeRi/image_train/0661_c015_00059315_0.jpg,661,veri,14
VeRi/image_train/0661_c015_00059320_0.jpg,661,veri,14
VeRi/image_train/0661_c015_00059325_0.jpg,661,veri,14
VeRi/image_train/0661_c016_00060405_0.jpg,661,veri,15
VeRi/image_train/0661_c016_00060410_0.jpg,661,veri,15
VeRi/image_train/0661_c016_00060415_0.jpg,661,veri,15
VeRi/image_train/0661_c016_00060420_0.jpg,661,veri,15
VeRi/image_train/0661_c016_00060425_0.jpg,661,veri,15
VeRi/image_train/0661_c016_00060430_0.jpg,661,veri,15
VeRi/image_train/0661_c017_00058460_0.jpg,661,veri,16
VeRi/image_train/0661_c017_00058465_0.jpg,661,veri,16
VeRi/image_train/0661_c017_00058470_0.jpg,661,veri,16
VeRi/image_train/0661_c017_00058475_0.jpg,661,veri,16
VeRi/image_train/0661_c017_00058480_0.jpg,661,veri,16
VeRi/image_train/0661_c017_00058490_0.jpg,661,veri,16
VeRi/image_train/0661_c019_00058655_0.jpg,661,veri,18
VeRi/image_train/0661_c019_00058660_0.jpg,661,veri,18
VeRi/image_train/0661_c019_00058675_0.jpg,661,veri,18
VeRi/image_train/0661_c019_00058685_0.jpg,661,veri,18
VeRi/image_train/0661_c019_00058690_0.jpg,661,veri,18
VeRi/image_train/0661_c019_00058695_0.jpg,661,veri,18
VeRi/image_train/0666_c003_00061700_0.jpg,666,veri,2
VeRi/image_train/0666_c003_00061710_0.jpg,666,veri,2
VeRi/image_train/0666_c003_00061720_0.jpg,666,veri,2
VeRi/image_train/0666_c003_00061725_0.jpg,666,veri,2
VeRi/image_train/0666_c003_00061730_0.jpg,666,veri,2
VeRi/image_train/0666_c003_00061735_0.jpg,666,veri,2
VeRi/image_train/0666_c004_00061600_0.jpg,666,veri,3
VeRi/image_train/0666_c004_00061605_0.jpg,666,veri,3
VeRi/image_train/0666_c004_00061610_0.jpg,666,veri,3
VeRi/image_train/0666_c004_00061615_0.jpg,666,veri,3
VeRi/image_train/0666_c004_00061620_0.jpg,666,veri,3
VeRi/image_train/0666_c004_00061625_0.jpg,666,veri,3
VeRi/image_train/0666_c006_00062210_0.jpg,666,veri,5
VeRi/image_train/0666_c006_00062225_0.jpg,666,veri,5
VeRi/image_train/0666_c006_00062240_1.jpg,666,veri,5
VeRi/image_train/0666_c006_00062260_0.jpg,666,veri,5
VeRi/image_train/0666_c006_00062280_0.jpg,666,veri,5
VeRi/image_train/0666_c006_00062300_0.jpg,666,veri,5
VeRi/image_train/0666_c008_00061485_1.jpg,666,veri,7
VeRi/image_train/0666_c008_00061495_1.jpg,666,veri,7
VeRi/image_train/0666_c008_00061500_1.jpg,666,veri,7
VeRi/image_train/0666_c008_00061505_1.jpg,666,veri,7
VeRi/image_train/0666_c008_00061510_0.jpg,666,veri,7
VeRi/image_train/0666_c008_00061515_0.jpg,666,veri,7
VeRi/image_train/0666_c009_00061555_2.jpg,666,veri,8
VeRi/image_train/0666_c009_00061570_1.jpg,666,veri,8
VeRi/image_train/0666_c009_00061575_0.jpg,666,veri,8
VeRi/image_train/0666_c009_00061580_0.jpg,666,veri,8
VeRi/image_train/0666_c009_00061585_0.jpg,666,veri,8
VeRi/image_train/0666_c010_00062155_0.jpg,666,veri,9
VeRi/image_train/0666_c010_00062160_0.jpg,666,veri,9
VeRi/image_train/0666_c010_00062170_0.jpg,666,veri,9
VeRi/image_train/0666_c010_00062175_0.jpg,666,veri,9
VeRi/image_train/0666_c010_00062180_0.jpg,666,veri,9
VeRi/image_train/0666_c010_00062185_0.jpg,666,veri,9
VeRi/image_train/0666_c011_00062220_0.jpg,666,veri,10
VeRi/image_train/0666_c011_00062225_0.jpg,666,veri,10
VeRi/image_train/0666_c011_00062235_0.jpg,666,veri,10
VeRi/image_train/0666_c011_00062245_0.jpg,666,veri,10
VeRi/image_train/0666_c011_00062255_0.jpg,666,veri,10
VeRi/image_train/0666_c011_00062270_0.jpg,666,veri,10
VeRi/image_train/0067_c001_00073505_0.jpg,67,veri,0
VeRi/image_train/0067_c001_00073515_0.jpg,67,veri,0
VeRi/image_train/0067_c001_00073525_0.jpg,67,veri,0
VeRi/image_train/0067_c001_00073535_0.jpg,67,veri,0
VeRi/image_train/0067_c001_00073540_0.jpg,67,veri,0
VeRi/image_train/0067_c001_00073545_0.jpg,67,veri,0
VeRi/image_train/0067_c002_00074160_0.jpg,67,veri,1
VeRi/image_train/0067_c002_00074170_1.jpg,67,veri,1
VeRi/image_train/0067_c002_00074180_0.jpg,67,veri,1
VeRi/image_train/0067_c002_00074190_0.jpg,67,veri,1
VeRi/image_train/0067_c002_00074200_0.jpg,67,veri,1
VeRi/image_train/0067_c002_00074210_0.jpg,67,veri,1
VeRi/image_train/0067_c003_00077390_0.jpg,67,veri,2
VeRi/image_train/0067_c003_00077400_0.jpg,67,veri,2
VeRi/image_train/0067_c003_00077405_0.jpg,67,veri,2
VeRi/image_train/0067_c003_00077410_0.jpg,67,veri,2
VeRi/image_train/0067_c003_00077415_0.jpg,67,veri,2
VeRi/image_train/0067_c003_00077420_0.jpg,67,veri,2
VeRi/image_train/0067_c004_00077320_0.jpg,67,veri,3
VeRi/image_train/0067_c004_00077330_0.jpg,67,veri,3
VeRi/image_train/0067_c004_00077340_0.jpg,67,veri,3
VeRi/image_train/0067_c004_00077355_0.jpg,67,veri,3
VeRi/image_train/0067_c004_00077360_0.jpg,67,veri,3
VeRi/image_train/0067_c004_00077365_0.jpg,67,veri,3
VeRi/image_train/0067_c005_00078580_0.jpg,67,veri,4
VeRi/image_train/0067_c005_00078595_0.jpg,67,veri,4
VeRi/image_train/0067_c005_00078610_0.jpg,67,veri,4
VeRi/image_train/0067_c005_00078620_0.jpg,67,veri,4
VeRi/image_train/0067_c005_00078630_0.jpg,67,veri,4
VeRi/image_train/0067_c005_00078645_0.jpg,67,veri,4
VeRi/image_train/0067_c006_00076475_1.jpg,67,veri,5
VeRi/image_train/0067_c006_00076510_2.jpg,67,veri,5
VeRi/image_train/0067_c006_00076530_1.jpg,67,veri,5
VeRi/image_train/0067_c006_00076540_1.jpg,67,veri,5
VeRi/image_train/0067_c006_00076560_2.jpg,67,veri,5
VeRi/image_train/0067_c006_00076570_1.jpg,67,veri,5
VeRi/image_train/0067_c007_00078700_0.jpg,67,veri,6
VeRi/image_train/0067_c007_00078705_0.jpg,67,veri,6
VeRi/image_train/0067_c007_00078710_0.jpg,67,veri,6
VeRi/image_train/0067_c007_00078715_0.jpg,67,veri,6
VeRi/image_train/0067_c007_00078720_0.jpg,67,veri,6
VeRi/image_train/0067_c008_00077615_0.jpg,67,veri,7
VeRi/image_train/0067_c008_00077620_0.jpg,67,veri,7
VeRi/image_train/0067_c008_00077625_0.jpg,67,veri,7
VeRi/image_train/0067_c008_00077630_0.jpg,67,veri,7
VeRi/image_train/0067_c009_00077570_0.jpg,67,veri,8
VeRi/image_train/0067_c009_00077575_0.jpg,67,veri,8
VeRi/image_train/0067_c009_00077580_0.jpg,67,veri,8
VeRi/image_train/0067_c009_00077585_0.jpg,67,veri,8
VeRi/image_train/0067_c009_00077590_0.jpg,67,veri,8
VeRi/image_train/0067_c009_00077615_0.jpg,67,veri,8
VeRi/image_train/0067_c010_00076740_0.jpg,67,veri,9
VeRi/image_train/0067_c010_00076750_0.jpg,67,veri,9
VeRi/image_train/0067_c010_00076755_0.jpg,67,veri,9
VeRi/image_train/0067_c010_00076760_0.jpg,67,veri,9
VeRi/image_train/0067_c010_00076765_0.jpg,67,veri,9
VeRi/image_train/0067_c010_00076770_0.jpg,67,veri,9
VeRi/image_train/0067_c011_00076490_0.jpg,67,veri,10
VeRi/image_train/0067_c011_00076510_0.jpg,67,veri,10
VeRi/image_train/0067_c011_00076525_0.jpg,67,veri,10
VeRi/image_train/0067_c011_00076540_0.jpg,67,veri,10
VeRi/image_train/0067_c011_00076555_0.jpg,67,veri,10
VeRi/image_train/0067_c011_00076565_2.jpg,67,veri,10
VeRi/image_train/0067_c012_00073105_0.jpg,67,veri,11
VeRi/image_train/0067_c012_00073115_0.jpg,67,veri,11
VeRi/image_train/0067_c012_00073125_0.jpg,67,veri,11
VeRi/image_train/0067_c012_00073135_0.jpg,67,veri,11
VeRi/image_train/0067_c012_00073150_0.jpg,67,veri,11
VeRi/image_train/0067_c012_00073155_0.jpg,67,veri,11
VeRi/image_train/0067_c013_00071990_0.jpg,67,veri,12
VeRi/image_train/0067_c013_00071995_0.jpg,67,veri,12
VeRi/image_train/0067_c013_00072000_0.jpg,67,veri,12
VeRi/image_train/0067_c013_00072005_0.jpg,67,veri,12
VeRi/image_train/0067_c013_00072015_0.jpg,67,veri,12
VeRi/image_train/0067_c013_00072020_0.jpg,67,veri,12
VeRi/image_train/0067_c014_00069065_0.jpg,67,veri,13
VeRi/image_train/0067_c014_00069070_0.jpg,67,veri,13
VeRi/image_train/0067_c014_00069075_0.jpg,67,veri,13
VeRi/image_train/0067_c014_00069080_0.jpg,67,veri,13
VeRi/image_train/0067_c014_00069085_0.jpg,67,veri,13
VeRi/image_train/0067_c014_00069090_0.jpg,67,veri,13
VeRi/image_train/0067_c015_00069240_1.jpg,67,veri,14
VeRi/image_train/0067_c015_00069245_1.jpg,67,veri,14
VeRi/image_train/0067_c015_00069250_1.jpg,67,veri,14
VeRi/image_train/0067_c015_00069255_1.jpg,67,veri,14
VeRi/image_train/0067_c015_00069260_1.jpg,67,veri,14
VeRi/image_train/0067_c015_00069265_1.jpg,67,veri,14
VeRi/image_train/0067_c016_00068680_1.jpg,67,veri,15
VeRi/image_train/0067_c016_00068685_1.jpg,67,veri,15
VeRi/image_train/0067_c016_00068690_1.jpg,67,veri,15
VeRi/image_train/0067_c016_00068695_1.jpg,67,veri,15
VeRi/image_train/0067_c016_00068700_0.jpg,67,veri,15
VeRi/image_train/0067_c017_00070845_0.jpg,67,veri,16
VeRi/image_train/0067_c017_00070850_0.jpg,67,veri,16
VeRi/image_train/0067_c017_00070860_0.jpg,67,veri,16
VeRi/image_train/0067_c017_00070895_0.jpg,67,veri,16
VeRi/image_train/0067_c017_00070905_0.jpg,67,veri,16
VeRi/image_train/0067_c017_00070915_0.jpg,67,veri,16
VeRi/image_train/0067_c019_00070485_0.jpg,67,veri,18
VeRi/image_train/0067_c019_00070495_0.jpg,67,veri,18
VeRi/image_train/0067_c019_00070505_0.jpg,67,veri,18
VeRi/image_train/0067_c019_00070515_0.jpg,67,veri,18
VeRi/image_train/0067_c019_00070525_0.jpg,67,veri,18
VeRi/image_train/0067_c019_00070535_0.jpg,67,veri,18
VeRi/image_train/0673_c001_00042790_0.jpg,673,veri,0
VeRi/image_train/0673_c001_00042800_0.jpg,673,veri,0
VeRi/image_train/0673_c001_00042810_0.jpg,673,veri,0
VeRi/image_train/0673_c001_00042820_0.jpg,673,veri,0
VeRi/image_train/0673_c001_00042830_0.jpg,673,veri,0
VeRi/image_train/0673_c002_00043220_3.jpg,673,veri,1
VeRi/image_train/0673_c002_00043230_2.jpg,673,veri,1
VeRi/image_train/0673_c002_00043240_2.jpg,673,veri,1
VeRi/image_train/0673_c002_00043250_3.jpg,673,veri,1
VeRi/image_train/0673_c002_00043260_2.jpg,673,veri,1
VeRi/image_train/0673_c002_00043270_2.jpg,673,veri,1
VeRi/image_train/0673_c003_00046280_0.jpg,673,veri,2
VeRi/image_train/0673_c003_00046290_0.jpg,673,veri,2
VeRi/image_train/0673_c003_00046300_0.jpg,673,veri,2
VeRi/image_train/0673_c003_00046310_0.jpg,673,veri,2
VeRi/image_train/0673_c003_00046320_1.jpg,673,veri,2
VeRi/image_train/0673_c003_00046330_1.jpg,673,veri,2
VeRi/image_train/0673_c004_00046165_0.jpg,673,veri,3
VeRi/image_train/0673_c004_00046180_0.jpg,673,veri,3
VeRi/image_train/0673_c004_00046195_0.jpg,673,veri,3
VeRi/image_train/0673_c004_00046215_0.jpg,673,veri,3
VeRi/image_train/0673_c004_00046230_0.jpg,673,veri,3
VeRi/image_train/0673_c004_00046265_1.jpg,673,veri,3
VeRi/image_train/0673_c006_00045670_0.jpg,673,veri,5
VeRi/image_train/0673_c006_00045685_0.jpg,673,veri,5
VeRi/image_train/0673_c010_00045810_0.jpg,673,veri,9
VeRi/image_train/0673_c010_00045815_0.jpg,673,veri,9
VeRi/image_train/0673_c010_00045820_0.jpg,673,veri,9
VeRi/image_train/0673_c010_00045825_0.jpg,673,veri,9
VeRi/image_train/0673_c010_00045830_0.jpg,673,veri,9
VeRi/image_train/0673_c010_00045835_0.jpg,673,veri,9
VeRi/image_train/0673_c011_00045635_0.jpg,673,veri,10
VeRi/image_train/0673_c011_00045640_0.jpg,673,veri,10
VeRi/image_train/0673_c011_00045645_0.jpg,673,veri,10
VeRi/image_train/0673_c011_00045650_0.jpg,673,veri,10
VeRi/image_train/0673_c011_00045655_0.jpg,673,veri,10
VeRi/image_train/0673_c013_00041150_0.jpg,673,veri,12
VeRi/image_train/0673_c013_00041155_0.jpg,673,veri,12
VeRi/image_train/0673_c013_00041160_0.jpg,673,veri,12
VeRi/image_train/0673_c013_00041165_0.jpg,673,veri,12
VeRi/image_train/0673_c013_00041175_0.jpg,673,veri,12
VeRi/image_train/0673_c013_00041195_0.jpg,673,veri,12
VeRi/image_train/0673_c014_00039785_0.jpg,673,veri,13
VeRi/image_train/0673_c014_00039795_0.jpg,673,veri,13
VeRi/image_train/0673_c014_00039805_0.jpg,673,veri,13
VeRi/image_train/0673_c014_00039810_0.jpg,673,veri,13
VeRi/image_train/0673_c014_00039815_0.jpg,673,veri,13
VeRi/image_train/0673_c014_00039825_0.jpg,673,veri,13
VeRi/image_train/0673_c015_00039805_0.jpg,673,veri,14
VeRi/image_train/0673_c015_00039810_0.jpg,673,veri,14
VeRi/image_train/0673_c015_00039815_0.jpg,673,veri,14
VeRi/image_train/0673_c015_00039820_0.jpg,673,veri,14
VeRi/image_train/0673_c015_00039825_0.jpg,673,veri,14
VeRi/image_train/0673_c015_00039830_0.jpg,673,veri,14
VeRi/image_train/0673_c017_00040560_0.jpg,673,veri,16
VeRi/image_train/0673_c017_00040565_0.jpg,673,veri,16
VeRi/image_train/0673_c017_00040570_0.jpg,673,veri,16
VeRi/image_train/0673_c017_00040590_0.jpg,673,veri,16
VeRi/image_train/0673_c017_00040605_0.jpg,673,veri,16
VeRi/image_train/0673_c017_00040610_0.jpg,673,veri,16
VeRi/image_train/0673_c019_00040400_0.jpg,673,veri,18
VeRi/image_train/0673_c019_00040405_0.jpg,673,veri,18
VeRi/image_train/0673_c019_00040410_0.jpg,673,veri,18
VeRi/image_train/0673_c019_00040415_0.jpg,673,veri,18
VeRi/image_train/0673_c019_00040420_0.jpg,673,veri,18
VeRi/image_train/0673_c019_00040425_0.jpg,673,veri,18
VeRi/image_train/0678_c003_00044650_0.jpg,678,veri,2
VeRi/image_train/0678_c003_00044660_0.jpg,678,veri,2
VeRi/image_train/0678_c003_00044670_0.jpg,678,veri,2
VeRi/image_train/0678_c003_00044675_0.jpg,678,veri,2
VeRi/image_train/0678_c003_00044680_0.jpg,678,veri,2
VeRi/image_train/0678_c003_00044685_0.jpg,678,veri,2
VeRi/image_train/0678_c003_00046970_0.jpg,678,veri,2
VeRi/image_train/0678_c003_00046975_0.jpg,678,veri,2
VeRi/image_train/0678_c003_00046980_0.jpg,678,veri,2
VeRi/image_train/0678_c003_00046985_0.jpg,678,veri,2
VeRi/image_train/0678_c003_00046990_0.jpg,678,veri,2
VeRi/image_train/0678_c003_00046995_0.jpg,678,veri,2
VeRi/image_train/0678_c004_00044580_0.jpg,678,veri,3
VeRi/image_train/0678_c004_00044585_0.jpg,678,veri,3
VeRi/image_train/0678_c004_00044590_0.jpg,678,veri,3
VeRi/image_train/0678_c004_00044595_0.jpg,678,veri,3
VeRi/image_train/0678_c004_00044600_0.jpg,678,veri,3
VeRi/image_train/0678_c004_00044605_0.jpg,678,veri,3
VeRi/image_train/0678_c004_00046900_0.jpg,678,veri,3
VeRi/image_train/0678_c004_00046905_0.jpg,678,veri,3
VeRi/image_train/0678_c004_00046910_0.jpg,678,veri,3
VeRi/image_train/0678_c004_00046915_0.jpg,678,veri,3
VeRi/image_train/0678_c004_00046920_0.jpg,678,veri,3
VeRi/image_train/0678_c004_00046925_0.jpg,678,veri,3
VeRi/image_train/0678_c005_00047560_0.jpg,678,veri,4
VeRi/image_train/0678_c005_00047570_0.jpg,678,veri,4
VeRi/image_train/0678_c005_00047585_0.jpg,678,veri,4
VeRi/image_train/0678_c005_00047600_0.jpg,678,veri,4
VeRi/image_train/0678_c005_00047610_0.jpg,678,veri,4
VeRi/image_train/0678_c005_00047625_0.jpg,678,veri,4
VeRi/image_train/0678_c006_00045140_1.jpg,678,veri,5
VeRi/image_train/0678_c006_00045155_0.jpg,678,veri,5
VeRi/image_train/0678_c006_00045165_0.jpg,678,veri,5
VeRi/image_train/0678_c006_00045175_0.jpg,678,veri,5
VeRi/image_train/0678_c006_00045185_0.jpg,678,veri,5
VeRi/image_train/0678_c006_00045195_0.jpg,678,veri,5
VeRi/image_train/0678_c006_00046305_0.jpg,678,veri,5
VeRi/image_train/0678_c006_00046315_0.jpg,678,veri,5
VeRi/image_train/0678_c006_00046330_0.jpg,678,veri,5
VeRi/image_train/0678_c006_00046365_0.jpg,678,veri,5
VeRi/image_train/0678_c006_00046370_0.jpg,678,veri,5
VeRi/image_train/0678_c006_00046385_0.jpg,678,veri,5
VeRi/image_train/0678_c007_00047650_0.jpg,678,veri,6
VeRi/image_train/0678_c007_00047655_0.jpg,678,veri,6
VeRi/image_train/0678_c007_00047665_0.jpg,678,veri,6
VeRi/image_train/0678_c007_00047670_0.jpg,678,veri,6
VeRi/image_train/0678_c007_00047675_0.jpg,678,veri,6
VeRi/image_train/0678_c008_00044420_0.jpg,678,veri,7
VeRi/image_train/0678_c008_00044430_0.jpg,678,veri,7
VeRi/image_train/0678_c008_00044440_0.jpg,678,veri,7
VeRi/image_train/0678_c008_00044450_0.jpg,678,veri,7
VeRi/image_train/0678_c008_00044460_0.jpg,678,veri,7
VeRi/image_train/0678_c008_00044465_0.jpg,678,veri,7
VeRi/image_train/0678_c008_00047160_0.jpg,678,veri,7
VeRi/image_train/0678_c008_00047165_0.jpg,678,veri,7
VeRi/image_train/0678_c008_00047170_0.jpg,678,veri,7
VeRi/image_train/0678_c008_00047175_0.jpg,678,veri,7
VeRi/image_train/0678_c008_00047180_0.jpg,678,veri,7
VeRi/image_train/0678_c009_00044505_0.jpg,678,veri,8
VeRi/image_train/0678_c009_00044510_0.jpg,678,veri,8
VeRi/image_train/0678_c009_00044515_0.jpg,678,veri,8
VeRi/image_train/0678_c009_00044520_0.jpg,678,veri,8
VeRi/image_train/0678_c009_00044525_0.jpg,678,veri,8
VeRi/image_train/0678_c009_00044530_0.jpg,678,veri,8
VeRi/image_train/0678_c009_00047110_0.jpg,678,veri,8
VeRi/image_train/0678_c009_00047115_0.jpg,678,veri,8
VeRi/image_train/0678_c009_00047120_0.jpg,678,veri,8
VeRi/image_train/0678_c009_00047125_0.jpg,678,veri,8
VeRi/image_train/0678_c009_00047130_0.jpg,678,veri,8
VeRi/image_train/0678_c009_00047135_0.jpg,678,veri,8
VeRi/image_train/0678_c010_00045135_0.jpg,678,veri,9
VeRi/image_train/0678_c010_00045140_0.jpg,678,veri,9
VeRi/image_train/0678_c010_00045150_0.jpg,678,veri,9
VeRi/image_train/0678_c010_00045155_0.jpg,678,veri,9
VeRi/image_train/0678_c010_00045160_0.jpg,678,veri,9
VeRi/image_train/0678_c010_00046510_0.jpg,678,veri,9
VeRi/image_train/0678_c010_00046515_0.jpg,678,veri,9
VeRi/image_train/0678_c010_00046520_0.jpg,678,veri,9
VeRi/image_train/0678_c010_00046525_0.jpg,678,veri,9
VeRi/image_train/0678_c010_00046530_0.jpg,678,veri,9
VeRi/image_train/0678_c010_00046535_0.jpg,678,veri,9
VeRi/image_train/0678_c011_00045130_0.jpg,678,veri,10
VeRi/image_train/0678_c011_00045140_0.jpg,678,veri,10
VeRi/image_train/0678_c011_00045145_0.jpg,678,veri,10
VeRi/image_train/0678_c011_00045150_0.jpg,678,veri,10
VeRi/image_train/0678_c011_00045155_1.jpg,678,veri,10
VeRi/image_train/0678_c011_00045160_0.jpg,678,veri,10
VeRi/image_train/0678_c011_00046245_0.jpg,678,veri,10
VeRi/image_train/0678_c011_00046280_0.jpg,678,veri,10
VeRi/image_train/0678_c011_00046310_0.jpg,678,veri,10
VeRi/image_train/0678_c011_00046330_0.jpg,678,veri,10
VeRi/image_train/0678_c011_00046350_0.jpg,678,veri,10
VeRi/image_train/0678_c011_00046360_0.jpg,678,veri,10
VeRi/image_train/0680_c002_00078485_0.jpg,680,veri,1
VeRi/image_train/0680_c002_00078495_0.jpg,680,veri,1
VeRi/image_train/0680_c002_00078505_0.jpg,680,veri,1
VeRi/image_train/0680_c002_00078515_0.jpg,680,veri,1
VeRi/image_train/0680_c002_00078525_0.jpg,680,veri,1
VeRi/image_train/0680_c003_00079935_0.jpg,680,veri,2
VeRi/image_train/0680_c003_00079940_0.jpg,680,veri,2
VeRi/image_train/0680_c003_00079950_0.jpg,680,veri,2
VeRi/image_train/0680_c003_00079960_0.jpg,680,veri,2
VeRi/image_train/0680_c003_00079975_0.jpg,680,veri,2
VeRi/image_train/0680_c003_00079995_0.jpg,680,veri,2
VeRi/image_train/0680_c004_00079870_0.jpg,680,veri,3
VeRi/image_train/0680_c004_00079880_0.jpg,680,veri,3
VeRi/image_train/0680_c004_00079890_0.jpg,680,veri,3
VeRi/image_train/0680_c004_00079910_0.jpg,680,veri,3
VeRi/image_train/0680_c004_00079945_0.jpg,680,veri,3
VeRi/image_train/0680_c004_00079955_0.jpg,680,veri,3
VeRi/image_train/0680_c006_00079070_1.jpg,680,veri,5
VeRi/image_train/0680_c006_00079095_1.jpg,680,veri,5
VeRi/image_train/0680_c006_00079110_1.jpg,680,veri,5
VeRi/image_train/0680_c006_00079130_1.jpg,680,veri,5
VeRi/image_train/0680_c006_00079160_0.jpg,680,veri,5
VeRi/image_train/0680_c006_00079175_0.jpg,680,veri,5
VeRi/image_train/0680_c010_00079320_0.jpg,680,veri,9
VeRi/image_train/0680_c010_00079325_0.jpg,680,veri,9
VeRi/image_train/0680_c010_00079330_0.jpg,680,veri,9
VeRi/image_train/0680_c010_00079335_0.jpg,680,veri,9
VeRi/image_train/0680_c010_00079340_0.jpg,680,veri,9
VeRi/image_train/0680_c010_00079410_0.jpg,680,veri,9
VeRi/image_train/0680_c011_00079115_1.jpg,680,veri,10
VeRi/image_train/0680_c011_00079130_1.jpg,680,veri,10
VeRi/image_train/0680_c011_00079140_0.jpg,680,veri,10
VeRi/image_train/0680_c011_00079150_0.jpg,680,veri,10
VeRi/image_train/0680_c011_00079165_0.jpg,680,veri,10
VeRi/image_train/0680_c011_00079175_0.jpg,680,veri,10
VeRi/image_train/0682_c001_00066840_0.jpg,682,veri,0
VeRi/image_train/0682_c001_00066850_0.jpg,682,veri,0
VeRi/image_train/0682_c001_00066860_0.jpg,682,veri,0
VeRi/image_train/0682_c001_00066870_0.jpg,682,veri,0
VeRi/image_train/0682_c001_00066880_0.jpg,682,veri,0
VeRi/image_train/0682_c001_00066890_0.jpg,682,veri,0
VeRi/image_train/0682_c002_00065795_0.jpg,682,veri,1
VeRi/image_train/0682_c002_00065805_0.jpg,682,veri,1
VeRi/image_train/0682_c002_00065815_0.jpg,682,veri,1
VeRi/image_train/0682_c002_00065825_0.jpg,682,veri,1
VeRi/image_train/0682_c002_00065835_0.jpg,682,veri,1
VeRi/image_train/0682_c003_00050350_0.jpg,682,veri,2
VeRi/image_train/0682_c003_00050360_0.jpg,682,veri,2
VeRi/image_train/0682_c003_00050365_0.jpg,682,veri,2
VeRi/image_train/0682_c003_00050370_0.jpg,682,veri,2
VeRi/image_train/0682_c003_00050375_0.jpg,682,veri,2
VeRi/image_train/0682_c003_00050385_0.jpg,682,veri,2
VeRi/image_train/0682_c003_00057735_0.jpg,682,veri,2
VeRi/image_train/0682_c003_00057745_0.jpg,682,veri,2
VeRi/image_train/0682_c003_00057755_0.jpg,682,veri,2
VeRi/image_train/0682_c003_00057765_0.jpg,682,veri,2
VeRi/image_train/0682_c003_00057775_0.jpg,682,veri,2
VeRi/image_train/0682_c003_00057785_0.jpg,682,veri,2
VeRi/image_train/0682_c004_00050245_0.jpg,682,veri,3
VeRi/image_train/0682_c004_00050250_0.jpg,682,veri,3
VeRi/image_train/0682_c004_00050255_0.jpg,682,veri,3
VeRi/image_train/0682_c004_00050260_0.jpg,682,veri,3
VeRi/image_train/0682_c004_00050265_0.jpg,682,veri,3
VeRi/image_train/0682_c004_00050270_0.jpg,682,veri,3
VeRi/image_train/0682_c004_00057620_0.jpg,682,veri,3
VeRi/image_train/0682_c004_00057635_0.jpg,682,veri,3
VeRi/image_train/0682_c004_00057675_0.jpg,682,veri,3
VeRi/image_train/0682_c004_00058075_0.jpg,682,veri,3
VeRi/image_train/0682_c004_00058095_0.jpg,682,veri,3
VeRi/image_train/0682_c004_00058115_0.jpg,682,veri,3
VeRi/image_train/0682_c006_00050855_1.jpg,682,veri,5
VeRi/image_train/0682_c006_00050870_1.jpg,682,veri,5
VeRi/image_train/0682_c006_00050885_1.jpg,682,veri,5
VeRi/image_train/0682_c006_00050890_0.jpg,682,veri,5
VeRi/image_train/0682_c006_00050900_0.jpg,682,veri,5
VeRi/image_train/0682_c006_00050910_0.jpg,682,veri,5
VeRi/image_train/0682_c006_00056760_0.jpg,682,veri,5
VeRi/image_train/0682_c006_00056790_0.jpg,682,veri,5
VeRi/image_train/0682_c006_00056815_0.jpg,682,veri,5
VeRi/image_train/0682_c006_00056840_0.jpg,682,veri,5
VeRi/image_train/0682_c006_00056855_0.jpg,682,veri,5
VeRi/image_train/0682_c006_00056870_0.jpg,682,veri,5
VeRi/image_train/0682_c008_00050015_0.jpg,682,veri,7
VeRi/image_train/0682_c008_00050020_0.jpg,682,veri,7
VeRi/image_train/0682_c008_00050025_0.jpg,682,veri,7
VeRi/image_train/0682_c008_00050030_0.jpg,682,veri,7
VeRi/image_train/0682_c008_00050035_0.jpg,682,veri,7
VeRi/image_train/0682_c008_00050040_0.jpg,682,veri,7
VeRi/image_train/0682_c009_00050115_0.jpg,682,veri,8
VeRi/image_train/0682_c009_00050120_0.jpg,682,veri,8
VeRi/image_train/0682_c009_00050125_0.jpg,682,veri,8
VeRi/image_train/0682_c009_00050130_0.jpg,682,veri,8
VeRi/image_train/0682_c009_00050135_0.jpg,682,veri,8
VeRi/image_train/0682_c009_00050140_0.jpg,682,veri,8
VeRi/image_train/0682_c010_00050870_0.jpg,682,veri,9
VeRi/image_train/0682_c010_00050875_0.jpg,682,veri,9
VeRi/image_train/0682_c010_00050880_0.jpg,682,veri,9
VeRi/image_train/0682_c010_00050885_0.jpg,682,veri,9
VeRi/image_train/0682_c010_00050890_0.jpg,682,veri,9
VeRi/image_train/0682_c010_00050895_0.jpg,682,veri,9
VeRi/image_train/0682_c010_00057005_1.jpg,682,veri,9
VeRi/image_train/0682_c010_00057010_1.jpg,682,veri,9
VeRi/image_train/0682_c010_00057020_0.jpg,682,veri,9
VeRi/image_train/0682_c010_00057025_0.jpg,682,veri,9
VeRi/image_train/0682_c010_00057030_0.jpg,682,veri,9
VeRi/image_train/0682_c010_00057035_0.jpg,682,veri,9
VeRi/image_train/0682_c011_00050865_1.jpg,682,veri,10
VeRi/image_train/0682_c011_00050875_1.jpg,682,veri,10
VeRi/image_train/0682_c011_00050895_1.jpg,682,veri,10
VeRi/image_train/0682_c011_00050910_0.jpg,682,veri,10
VeRi/image_train/0682_c011_00050915_0.jpg,682,veri,10
VeRi/image_train/0682_c011_00050925_0.jpg,682,veri,10
VeRi/image_train/0682_c011_00056750_0.jpg,682,veri,10
VeRi/image_train/0682_c011_00056760_0.jpg,682,veri,10
VeRi/image_train/0682_c011_00056785_1.jpg,682,veri,10
VeRi/image_train/0682_c011_00056795_0.jpg,682,veri,10
VeRi/image_train/0682_c011_00056820_0.jpg,682,veri,10
VeRi/image_train/0682_c011_00056835_0.jpg,682,veri,10
VeRi/image_train/0682_c012_00067530_0.jpg,682,veri,11
VeRi/image_train/0682_c012_00067540_0.jpg,682,veri,11
VeRi/image_train/0682_c012_00067550_0.jpg,682,veri,11
VeRi/image_train/0682_c012_00067555_0.jpg,682,veri,11
VeRi/image_train/0682_c012_00067560_0.jpg,682,veri,11
VeRi/image_train/0682_c012_00067570_0.jpg,682,veri,11
VeRi/image_train/0682_c013_00067340_0.jpg,682,veri,12
VeRi/image_train/0682_c013_00067345_0.jpg,682,veri,12
VeRi/image_train/0682_c013_00067350_0.jpg,682,veri,12
VeRi/image_train/0682_c013_00067355_0.jpg,682,veri,12
VeRi/image_train/0682_c013_00067360_0.jpg,682,veri,12
VeRi/image_train/0682_c013_00067365_0.jpg,682,veri,12
VeRi/image_train/0682_c014_00069375_0.jpg,682,veri,13
VeRi/image_train/0682_c014_00069380_0.jpg,682,veri,13
VeRi/image_train/0682_c014_00069385_0.jpg,682,veri,13
VeRi/image_train/0682_c014_00069390_0.jpg,682,veri,13
VeRi/image_train/0682_c014_00069395_0.jpg,682,veri,13
VeRi/image_train/0682_c014_00069400_0.jpg,682,veri,13
VeRi/image_train/0682_c015_00069155_0.jpg,682,veri,14
VeRi/image_train/0682_c015_00069160_0.jpg,682,veri,14
VeRi/image_train/0682_c015_00069165_0.jpg,682,veri,14
VeRi/image_train/0682_c015_00069170_0.jpg,682,veri,14
VeRi/image_train/0682_c015_00069175_0.jpg,682,veri,14
VeRi/image_train/0682_c015_00069180_0.jpg,682,veri,14
VeRi/image_train/0682_c016_00070000_0.jpg,682,veri,15
VeRi/image_train/0682_c016_00070005_0.jpg,682,veri,15
VeRi/image_train/0682_c016_00070030_0.jpg,682,veri,15
VeRi/image_train/0682_c016_00070810_1.jpg,682,veri,15
VeRi/image_train/0682_c016_00070815_0.jpg,682,veri,15
VeRi/image_train/0682_c016_00070820_0.jpg,682,veri,15
VeRi/image_train/0682_c017_00068355_0.jpg,682,veri,16
VeRi/image_train/0682_c017_00068360_0.jpg,682,veri,16
VeRi/image_train/0682_c017_00068370_0.jpg,682,veri,16
VeRi/image_train/0682_c017_00068375_0.jpg,682,veri,16
VeRi/image_train/0682_c017_00068385_0.jpg,682,veri,16
VeRi/image_train/0682_c017_00068390_0.jpg,682,veri,16
VeRi/image_train/0682_c019_00068525_0.jpg,682,veri,18
VeRi/image_train/0682_c019_00068535_0.jpg,682,veri,18
VeRi/image_train/0682_c019_00068545_0.jpg,682,veri,18
VeRi/image_train/0682_c019_00068550_0.jpg,682,veri,18
VeRi/image_train/0682_c019_00068560_0.jpg,682,veri,18
VeRi/image_train/0682_c019_00068565_0.jpg,682,veri,18
VeRi/image_train/0683_c001_00057880_0.jpg,683,veri,0
VeRi/image_train/0683_c001_00057890_0.jpg,683,veri,0
VeRi/image_train/0683_c001_00057900_0.jpg,683,veri,0
VeRi/image_train/0683_c001_00057910_0.jpg,683,veri,0
VeRi/image_train/0683_c001_00057920_0.jpg,683,veri,0
VeRi/image_train/0683_c001_00057930_0.jpg,683,veri,0
VeRi/image_train/0683_c012_00058465_0.jpg,683,veri,11
VeRi/image_train/0683_c012_00058470_0.jpg,683,veri,11
VeRi/image_train/0683_c012_00058480_0.jpg,683,veri,11
VeRi/image_train/0683_c012_00058490_0.jpg,683,veri,11
VeRi/image_train/0683_c012_00058500_0.jpg,683,veri,11
VeRi/image_train/0683_c012_00058510_0.jpg,683,veri,11
VeRi/image_train/0683_c013_00058325_0.jpg,683,veri,12
VeRi/image_train/0683_c013_00058330_0.jpg,683,veri,12
VeRi/image_train/0683_c013_00058335_0.jpg,683,veri,12
VeRi/image_train/0683_c013_00058340_0.jpg,683,veri,12
VeRi/image_train/0683_c013_00058345_0.jpg,683,veri,12
VeRi/image_train/0683_c013_00058350_0.jpg,683,veri,12
VeRi/image_train/0683_c014_00060105_0.jpg,683,veri,13
VeRi/image_train/0683_c014_00060110_0.jpg,683,veri,13
VeRi/image_train/0683_c014_00060115_0.jpg,683,veri,13
VeRi/image_train/0683_c014_00060120_0.jpg,683,veri,13
VeRi/image_train/0683_c014_00060125_0.jpg,683,veri,13
VeRi/image_train/0683_c014_00060130_0.jpg,683,veri,13
VeRi/image_train/0683_c015_00059955_0.jpg,683,veri,14
VeRi/image_train/0683_c015_00059960_0.jpg,683,veri,14
VeRi/image_train/0683_c015_00059965_0.jpg,683,veri,14
VeRi/image_train/0683_c015_00059970_0.jpg,683,veri,14
VeRi/image_train/0683_c015_00059975_0.jpg,683,veri,14
VeRi/image_train/0683_c015_00059980_0.jpg,683,veri,14
VeRi/image_train/0683_c016_00060560_0.jpg,683,veri,15
VeRi/image_train/0683_c016_00060565_0.jpg,683,veri,15
VeRi/image_train/0683_c016_00060570_0.jpg,683,veri,15
VeRi/image_train/0683_c016_00060575_0.jpg,683,veri,15
VeRi/image_train/0683_c016_00060580_0.jpg,683,veri,15
VeRi/image_train/0683_c016_00060615_0.jpg,683,veri,15
VeRi/image_train/0683_c017_00059020_0.jpg,683,veri,16
VeRi/image_train/0683_c017_00059025_0.jpg,683,veri,16
VeRi/image_train/0683_c017_00059040_0.jpg,683,veri,16
VeRi/image_train/0683_c017_00059045_0.jpg,683,veri,16
VeRi/image_train/0683_c017_00059055_0.jpg,683,veri,16
VeRi/image_train/0683_c017_00059065_0.jpg,683,veri,16
VeRi/image_train/0069_c001_00011875_0.jpg,69,veri,0
VeRi/image_train/0069_c001_00011880_0.jpg,69,veri,0
VeRi/image_train/0069_c001_00011885_0.jpg,69,veri,0
VeRi/image_train/0069_c001_00011890_0.jpg,69,veri,0
VeRi/image_train/0069_c001_00011895_0.jpg,69,veri,0
VeRi/image_train/0069_c001_00011900_0.jpg,69,veri,0
VeRi/image_train/0069_c002_00010230_0.jpg,69,veri,1
VeRi/image_train/0069_c002_00010280_0.jpg,69,veri,1
VeRi/image_train/0069_c002_00010305_0.jpg,69,veri,1
VeRi/image_train/0069_c002_00010330_0.jpg,69,veri,1
VeRi/image_train/0069_c002_00010355_0.jpg,69,veri,1
VeRi/image_train/0069_c003_00007890_2.jpg,69,veri,2
VeRi/image_train/0069_c003_00007905_1.jpg,69,veri,2
VeRi/image_train/0069_c003_00007915_1.jpg,69,veri,2
VeRi/image_train/0069_c003_00007925_1.jpg,69,veri,2
VeRi/image_train/0069_c003_00007935_0.jpg,69,veri,2
VeRi/image_train/0069_c004_00007795_0.jpg,69,veri,3
VeRi/image_train/0069_c004_00007800_0.jpg,69,veri,3
VeRi/image_train/0069_c004_00007805_0.jpg,69,veri,3
VeRi/image_train/0069_c004_00007810_0.jpg,69,veri,3
VeRi/image_train/0069_c004_00007815_0.jpg,69,veri,3
VeRi/image_train/0069_c004_00007820_0.jpg,69,veri,3
VeRi/image_train/0069_c006_00008465_0.jpg,69,veri,5
VeRi/image_train/0069_c006_00008485_0.jpg,69,veri,5
VeRi/image_train/0069_c006_00008490_0.jpg,69,veri,5
VeRi/image_train/0069_c006_00008500_0.jpg,69,veri,5
VeRi/image_train/0069_c006_00008510_0.jpg,69,veri,5
VeRi/image_train/0069_c006_00008525_0.jpg,69,veri,5
VeRi/image_train/0069_c008_00007670_0.jpg,69,veri,7
VeRi/image_train/0069_c008_00007690_0.jpg,69,veri,7
VeRi/image_train/0069_c008_00007705_0.jpg,69,veri,7
VeRi/image_train/0069_c008_00007710_0.jpg,69,veri,7
VeRi/image_train/0069_c008_00007720_0.jpg,69,veri,7
VeRi/image_train/0069_c009_00007685_0.jpg,69,veri,8
VeRi/image_train/0069_c009_00007695_0.jpg,69,veri,8
VeRi/image_train/0069_c009_00007705_0.jpg,69,veri,8
VeRi/image_train/0069_c009_00007715_0.jpg,69,veri,8
VeRi/image_train/0069_c009_00007725_0.jpg,69,veri,8
VeRi/image_train/0069_c009_00007735_0.jpg,69,veri,8
VeRi/image_train/0069_c010_00008390_0.jpg,69,veri,9
VeRi/image_train/0069_c010_00008395_0.jpg,69,veri,9
VeRi/image_train/0069_c010_00008400_0.jpg,69,veri,9
VeRi/image_train/0069_c010_00008410_0.jpg,69,veri,9
VeRi/image_train/0069_c010_00008415_0.jpg,69,veri,9
VeRi/image_train/0069_c010_00008420_0.jpg,69,veri,9
VeRi/image_train/0069_c011_00008410_0.jpg,69,veri,10
VeRi/image_train/0069_c011_00008420_0.jpg,69,veri,10
VeRi/image_train/0069_c011_00008430_0.jpg,69,veri,10
VeRi/image_train/0069_c011_00008440_0.jpg,69,veri,10
VeRi/image_train/0069_c011_00008470_0.jpg,69,veri,10
VeRi/image_train/0069_c011_00008545_0.jpg,69,veri,10
VeRi/image_train/0069_c012_00012385_0.jpg,69,veri,11
VeRi/image_train/0069_c012_00012390_0.jpg,69,veri,11
VeRi/image_train/0069_c012_00012395_0.jpg,69,veri,11
VeRi/image_train/0069_c012_00012400_0.jpg,69,veri,11
VeRi/image_train/0069_c012_00012405_0.jpg,69,veri,11
VeRi/image_train/0069_c012_00012410_0.jpg,69,veri,11
VeRi/image_train/0069_c013_00012265_0.jpg,69,veri,12
VeRi/image_train/0069_c013_00012275_0.jpg,69,veri,12
VeRi/image_train/0069_c013_00012285_0.jpg,69,veri,12
VeRi/image_train/0069_c013_00012290_0.jpg,69,veri,12
VeRi/image_train/0069_c013_00012300_0.jpg,69,veri,12
VeRi/image_train/0069_c014_00013875_0.jpg,69,veri,13
VeRi/image_train/0069_c014_00013880_0.jpg,69,veri,13
VeRi/image_train/0069_c014_00013885_0.jpg,69,veri,13
VeRi/image_train/0069_c014_00013890_0.jpg,69,veri,13
VeRi/image_train/0069_c014_00013895_0.jpg,69,veri,13
VeRi/image_train/0069_c014_00013900_0.jpg,69,veri,13
VeRi/image_train/0069_c015_00013750_0.jpg,69,veri,14
VeRi/image_train/0069_c015_00013755_1.jpg,69,veri,14
VeRi/image_train/0069_c015_00013760_0.jpg,69,veri,14
VeRi/image_train/0069_c015_00013765_0.jpg,69,veri,14
VeRi/image_train/0069_c015_00013770_0.jpg,69,veri,14
VeRi/image_train/0069_c015_00013775_0.jpg,69,veri,14
VeRi/image_train/0069_c016_00014110_0.jpg,69,veri,15
VeRi/image_train/0069_c016_00014115_0.jpg,69,veri,15
VeRi/image_train/0069_c016_00014120_0.jpg,69,veri,15
VeRi/image_train/0069_c016_00014125_0.jpg,69,veri,15
VeRi/image_train/0069_c017_00012950_0.jpg,69,veri,16
VeRi/image_train/0069_c017_00012960_0.jpg,69,veri,16
VeRi/image_train/0069_c017_00012970_0.jpg,69,veri,16
VeRi/image_train/0069_c017_00012980_0.jpg,69,veri,16
VeRi/image_train/0069_c017_00012990_0.jpg,69,veri,16
VeRi/image_train/0069_c017_00013000_0.jpg,69,veri,16
VeRi/image_train/0069_c019_00013145_0.jpg,69,veri,18
VeRi/image_train/0069_c019_00013150_0.jpg,69,veri,18
VeRi/image_train/0069_c019_00013160_0.jpg,69,veri,18
VeRi/image_train/0069_c019_00013170_0.jpg,69,veri,18
VeRi/image_train/0069_c019_00013180_0.jpg,69,veri,18
VeRi/image_train/0069_c019_00013185_0.jpg,69,veri,18
VeRi/image_train/0691_c008_00089840_1.jpg,691,veri,7
VeRi/image_train/0691_c008_00089845_0.jpg,691,veri,7
VeRi/image_train/0691_c008_00089850_0.jpg,691,veri,7
VeRi/image_train/0691_c008_00089855_0.jpg,691,veri,7
VeRi/image_train/0691_c008_00089860_0.jpg,691,veri,7
VeRi/image_train/0691_c008_00089865_0.jpg,691,veri,7
VeRi/image_train/0691_c009_00089925_0.jpg,691,veri,8
VeRi/image_train/0691_c009_00089930_0.jpg,691,veri,8
VeRi/image_train/0691_c009_00089935_0.jpg,691,veri,8
VeRi/image_train/0691_c009_00089940_0.jpg,691,veri,8
VeRi/image_train/0691_c009_00089945_0.jpg,691,veri,8
VeRi/image_train/0691_c009_00089960_0.jpg,691,veri,8
VeRi/image_train/0693_c014_00061305_0.jpg,693,veri,13
VeRi/image_train/0693_c014_00061310_0.jpg,693,veri,13
VeRi/image_train/0693_c014_00061315_0.jpg,693,veri,13
VeRi/image_train/0693_c014_00061360_0.jpg,693,veri,13
VeRi/image_train/0693_c014_00061365_0.jpg,693,veri,13
VeRi/image_train/0693_c014_00061370_0.jpg,693,veri,13
VeRi/image_train/0693_c015_00061415_0.jpg,693,veri,14
VeRi/image_train/0693_c015_00061420_0.jpg,693,veri,14
VeRi/image_train/0693_c015_00061425_0.jpg,693,veri,14
VeRi/image_train/0693_c015_00061430_0.jpg,693,veri,14
VeRi/image_train/0693_c015_00061435_0.jpg,693,veri,14
VeRi/image_train/0693_c015_00061440_0.jpg,693,veri,14
VeRi/image_train/0693_c016_00061075_0.jpg,693,veri,15
VeRi/image_train/0693_c016_00061080_0.jpg,693,veri,15
VeRi/image_train/0693_c016_00061085_0.jpg,693,veri,15
VeRi/image_train/0693_c016_00061090_0.jpg,693,veri,15
VeRi/image_train/0693_c016_00061095_0.jpg,693,veri,15
VeRi/image_train/0693_c016_00061100_0.jpg,693,veri,15
VeRi/image_train/0693_c017_00062745_0.jpg,693,veri,16
VeRi/image_train/0693_c017_00062755_0.jpg,693,veri,16
VeRi/image_train/0693_c017_00062770_0.jpg,693,veri,16
VeRi/image_train/0693_c017_00062785_0.jpg,693,veri,16
VeRi/image_train/0693_c017_00062800_0.jpg,693,veri,16
VeRi/image_train/0693_c017_00062835_0.jpg,693,veri,16
VeRi/image_train/0693_c017_00063180_0.jpg,693,veri,16
VeRi/image_train/0693_c017_00063185_0.jpg,693,veri,16
VeRi/image_train/0693_c017_00063190_0.jpg,693,veri,16
VeRi/image_train/0693_c017_00063205_0.jpg,693,veri,16
VeRi/image_train/0693_c017_00063225_0.jpg,693,veri,16
VeRi/image_train/0693_c017_00063240_0.jpg,693,veri,16
VeRi/image_train/0693_c019_00062385_0.jpg,693,veri,18
VeRi/image_train/0693_c019_00062390_0.jpg,693,veri,18
VeRi/image_train/0693_c019_00062395_0.jpg,693,veri,18
VeRi/image_train/0693_c019_00062405_0.jpg,693,veri,18
VeRi/image_train/0693_c019_00062410_0.jpg,693,veri,18
VeRi/image_train/0693_c019_00062415_0.jpg,693,veri,18
VeRi/image_train/0693_c019_00063405_0.jpg,693,veri,18
VeRi/image_train/0693_c019_00063410_0.jpg,693,veri,18
VeRi/image_train/0693_c019_00063425_0.jpg,693,veri,18
VeRi/image_train/0693_c019_00063430_0.jpg,693,veri,18
VeRi/image_train/0693_c019_00063435_0.jpg,693,veri,18
VeRi/image_train/0693_c019_00063450_0.jpg,693,veri,18
VeRi/image_train/0694_c014_00076090_0.jpg,694,veri,13
VeRi/image_train/0694_c014_00076095_0.jpg,694,veri,13
VeRi/image_train/0694_c014_00076100_0.jpg,694,veri,13
VeRi/image_train/0694_c014_00076105_0.jpg,694,veri,13
VeRi/image_train/0694_c014_00076110_0.jpg,694,veri,13
VeRi/image_train/0694_c014_00076115_0.jpg,694,veri,13
VeRi/image_train/0694_c015_00076155_0.jpg,694,veri,14
VeRi/image_train/0694_c015_00076160_0.jpg,694,veri,14
VeRi/image_train/0694_c015_00076165_0.jpg,694,veri,14
VeRi/image_train/0694_c015_00076170_0.jpg,694,veri,14
VeRi/image_train/0694_c015_00076175_0.jpg,694,veri,14
VeRi/image_train/0694_c015_00076180_0.jpg,694,veri,14
VeRi/image_train/0694_c016_00075920_0.jpg,694,veri,15
VeRi/image_train/0694_c016_00075925_0.jpg,694,veri,15
VeRi/image_train/0694_c016_00075930_0.jpg,694,veri,15
VeRi/image_train/0694_c016_00075935_0.jpg,694,veri,15
VeRi/image_train/0694_c016_00075940_0.jpg,694,veri,15
VeRi/image_train/0694_c016_00075945_0.jpg,694,veri,15
VeRi/image_train/0694_c017_00077100_0.jpg,694,veri,16
VeRi/image_train/0694_c017_00077115_0.jpg,694,veri,16
VeRi/image_train/0694_c017_00077125_0.jpg,694,veri,16
VeRi/image_train/0694_c017_00077135_0.jpg,694,veri,16
VeRi/image_train/0694_c017_00077145_0.jpg,694,veri,16
VeRi/image_train/0694_c017_00077155_0.jpg,694,veri,16
VeRi/image_train/0694_c019_00076840_0.jpg,694,veri,18
VeRi/image_train/0694_c019_00076845_0.jpg,694,veri,18
VeRi/image_train/0694_c019_00076850_0.jpg,694,veri,18
VeRi/image_train/0694_c019_00076860_0.jpg,694,veri,18
VeRi/image_train/0694_c019_00076870_0.jpg,694,veri,18
VeRi/image_train/0694_c019_00076880_0.jpg,694,veri,18
VeRi/image_train/0697_c001_00057910_1.jpg,697,veri,0
VeRi/image_train/0697_c001_00057920_1.jpg,697,veri,0
VeRi/image_train/0697_c001_00057930_1.jpg,697,veri,0
VeRi/image_train/0697_c001_00057940_0.jpg,697,veri,0
VeRi/image_train/0697_c001_00057950_0.jpg,697,veri,0
VeRi/image_train/0697_c001_00057970_0.jpg,697,veri,0
VeRi/image_train/0697_c012_00058510_1.jpg,697,veri,11
VeRi/image_train/0697_c012_00058515_0.jpg,697,veri,11
VeRi/image_train/0697_c012_00058520_0.jpg,697,veri,11
VeRi/image_train/0697_c012_00058530_0.jpg,697,veri,11
VeRi/image_train/0697_c012_00058535_0.jpg,697,veri,11
VeRi/image_train/0697_c012_00058545_0.jpg,697,veri,11
VeRi/image_train/0697_c013_00058365_0.jpg,697,veri,12
VeRi/image_train/0697_c013_00058370_0.jpg,697,veri,12
VeRi/image_train/0697_c013_00058375_0.jpg,697,veri,12
VeRi/image_train/0697_c013_00058380_0.jpg,697,veri,12
VeRi/image_train/0697_c013_00058385_0.jpg,697,veri,12
VeRi/image_train/0697_c013_00058390_0.jpg,697,veri,12
VeRi/image_train/0697_c014_00060150_0.jpg,697,veri,13
VeRi/image_train/0697_c014_00060155_0.jpg,697,veri,13
VeRi/image_train/0697_c014_00060160_0.jpg,697,veri,13
VeRi/image_train/0697_c014_00060165_0.jpg,697,veri,13
VeRi/image_train/0697_c014_00060170_0.jpg,697,veri,13
VeRi/image_train/0697_c014_00060175_0.jpg,697,veri,13
VeRi/image_train/0697_c015_00059985_0.jpg,697,veri,14
VeRi/image_train/0697_c015_00059990_0.jpg,697,veri,14
VeRi/image_train/0697_c015_00059995_0.jpg,697,veri,14
VeRi/image_train/0697_c015_00060000_0.jpg,697,veri,14
VeRi/image_train/0697_c015_00060005_0.jpg,697,veri,14
VeRi/image_train/0697_c015_00060010_0.jpg,697,veri,14
VeRi/image_train/0697_c016_00060655_0.jpg,697,veri,15
VeRi/image_train/0697_c016_00060660_0.jpg,697,veri,15
VeRi/image_train/0697_c016_00060665_0.jpg,697,veri,15
VeRi/image_train/0697_c016_00060670_0.jpg,697,veri,15
VeRi/image_train/0697_c016_00060675_0.jpg,697,veri,15
VeRi/image_train/0697_c016_00060680_0.jpg,697,veri,15
VeRi/image_train/0697_c017_00059085_0.jpg,697,veri,16
VeRi/image_train/0697_c017_00059095_0.jpg,697,veri,16
VeRi/image_train/0697_c017_00059105_0.jpg,697,veri,16
VeRi/image_train/0697_c017_00059110_0.jpg,697,veri,16
VeRi/image_train/0697_c017_00059115_0.jpg,697,veri,16
VeRi/image_train/0697_c017_00059125_0.jpg,697,veri,16
VeRi/image_train/0697_c019_00059330_0.jpg,697,veri,18
VeRi/image_train/0697_c019_00059335_1.jpg,697,veri,18
VeRi/image_train/0697_c019_00059340_1.jpg,697,veri,18
VeRi/image_train/0697_c019_00059345_1.jpg,697,veri,18
VeRi/image_train/0697_c019_00059350_1.jpg,697,veri,18
VeRi/image_train/0697_c019_00059365_0.jpg,697,veri,18
VeRi/image_train/0701_c002_00070870_0.jpg,701,veri,1
VeRi/image_train/0701_c002_00070880_0.jpg,701,veri,1
VeRi/image_train/0701_c002_00070890_0.jpg,701,veri,1
VeRi/image_train/0701_c002_00070900_0.jpg,701,veri,1
VeRi/image_train/0701_c002_00070910_0.jpg,701,veri,1
VeRi/image_train/0701_c002_00070920_0.jpg,701,veri,1
VeRi/image_train/0701_c003_00084765_0.jpg,701,veri,2
VeRi/image_train/0701_c003_00084770_0.jpg,701,veri,2
VeRi/image_train/0701_c003_00084775_0.jpg,701,veri,2
VeRi/image_train/0701_c003_00084780_0.jpg,701,veri,2
VeRi/image_train/0701_c003_00084785_0.jpg,701,veri,2
VeRi/image_train/0701_c003_00084790_0.jpg,701,veri,2
VeRi/image_train/0701_c004_00084730_0.jpg,701,veri,3
VeRi/image_train/0701_c004_00084740_0.jpg,701,veri,3
VeRi/image_train/0701_c004_00084750_0.jpg,701,veri,3
VeRi/image_train/0701_c004_00084760_0.jpg,701,veri,3
VeRi/image_train/0701_c004_00084770_0.jpg,701,veri,3
VeRi/image_train/0701_c004_00084780_0.jpg,701,veri,3
VeRi/image_train/0701_c005_00085710_1.jpg,701,veri,4
VeRi/image_train/0701_c005_00085730_1.jpg,701,veri,4
VeRi/image_train/0701_c005_00085735_0.jpg,701,veri,4
VeRi/image_train/0701_c005_00085750_0.jpg,701,veri,4
VeRi/image_train/0701_c005_00085765_0.jpg,701,veri,4
VeRi/image_train/0701_c005_00085780_0.jpg,701,veri,4
VeRi/image_train/0701_c006_00071890_1.jpg,701,veri,5
VeRi/image_train/0701_c006_00071915_1.jpg,701,veri,5
VeRi/image_train/0701_c006_00071925_1.jpg,701,veri,5
VeRi/image_train/0701_c006_00071945_0.jpg,701,veri,5
VeRi/image_train/0701_c006_00071960_0.jpg,701,veri,5
VeRi/image_train/0701_c006_00071980_1.jpg,701,veri,5
VeRi/image_train/0701_c007_00085815_0.jpg,701,veri,6
VeRi/image_train/0701_c007_00085820_0.jpg,701,veri,6
VeRi/image_train/0701_c007_00085830_0.jpg,701,veri,6
VeRi/image_train/0701_c007_00085835_0.jpg,701,veri,6
VeRi/image_train/0701_c007_00085840_0.jpg,701,veri,6
VeRi/image_train/0701_c007_00085845_0.jpg,701,veri,6
VeRi/image_train/0701_c008_00084990_0.jpg,701,veri,7
VeRi/image_train/0701_c008_00084995_0.jpg,701,veri,7
VeRi/image_train/0701_c008_00085000_0.jpg,701,veri,7
VeRi/image_train/0701_c008_00085005_0.jpg,701,veri,7
VeRi/image_train/0701_c008_00085010_0.jpg,701,veri,7
VeRi/image_train/0701_c008_00085015_0.jpg,701,veri,7
VeRi/image_train/0701_c009_00084965_0.jpg,701,veri,8
VeRi/image_train/0701_c009_00084970_0.jpg,701,veri,8
VeRi/image_train/0701_c009_00084975_0.jpg,701,veri,8
VeRi/image_train/0701_c009_00084980_0.jpg,701,veri,8
VeRi/image_train/0701_c009_00084985_0.jpg,701,veri,8
VeRi/image_train/0701_c009_00085005_0.jpg,701,veri,8
VeRi/image_train/0701_c010_00072285_0.jpg,701,veri,9
VeRi/image_train/0701_c010_00072290_0.jpg,701,veri,9
VeRi/image_train/0701_c010_00072295_0.jpg,701,veri,9
VeRi/image_train/0701_c010_00072300_0.jpg,701,veri,9
VeRi/image_train/0701_c010_00072305_0.jpg,701,veri,9
VeRi/image_train/0701_c010_00072310_0.jpg,701,veri,9
VeRi/image_train/0701_c010_00084125_0.jpg,701,veri,9
VeRi/image_train/0701_c010_00084130_0.jpg,701,veri,9
VeRi/image_train/0701_c010_00084135_0.jpg,701,veri,9
VeRi/image_train/0701_c010_00084140_0.jpg,701,veri,9
VeRi/image_train/0701_c010_00084145_0.jpg,701,veri,9
VeRi/image_train/0701_c010_00084155_0.jpg,701,veri,9
VeRi/image_train/0701_c011_00071915_1.jpg,701,veri,10
VeRi/image_train/0701_c011_00071925_0.jpg,701,veri,10
VeRi/image_train/0701_c011_00071935_0.jpg,701,veri,10
VeRi/image_train/0701_c011_00071960_0.jpg,701,veri,10
VeRi/image_train/0701_c011_00071970_0.jpg,701,veri,10
VeRi/image_train/0701_c011_00071980_0.jpg,701,veri,10
VeRi/image_train/0715_c002_00017115_0.jpg,715,veri,1
VeRi/image_train/0715_c002_00017135_0.jpg,715,veri,1
VeRi/image_train/0715_c002_00017145_0.jpg,715,veri,1
VeRi/image_train/0715_c002_00017155_0.jpg,715,veri,1
VeRi/image_train/0715_c002_00017165_0.jpg,715,veri,1
VeRi/image_train/0715_c002_00017185_0.jpg,715,veri,1
VeRi/image_train/0715_c002_00054490_0.jpg,715,veri,1
VeRi/image_train/0715_c002_00054500_0.jpg,715,veri,1
VeRi/image_train/0715_c002_00054510_0.jpg,715,veri,1
VeRi/image_train/0715_c002_00054525_0.jpg,715,veri,1
VeRi/image_train/0715_c002_00054535_0.jpg,715,veri,1
VeRi/image_train/0715_c002_00054545_0.jpg,715,veri,1
VeRi/image_train/0715_c003_00014920_0.jpg,715,veri,2
VeRi/image_train/0715_c003_00014930_0.jpg,715,veri,2
VeRi/image_train/0715_c003_00014940_0.jpg,715,veri,2
VeRi/image_train/0715_c003_00014950_0.jpg,715,veri,2
VeRi/image_train/0715_c003_00014955_0.jpg,715,veri,2
VeRi/image_train/0715_c003_00014960_0.jpg,715,veri,2
VeRi/image_train/0715_c003_00056390_0.jpg,715,veri,2
VeRi/image_train/0715_c003_00056395_0.jpg,715,veri,2
VeRi/image_train/0715_c003_00056400_0.jpg,715,veri,2
VeRi/image_train/0715_c003_00056405_0.jpg,715,veri,2
VeRi/image_train/0715_c003_00056415_0.jpg,715,veri,2
VeRi/image_train/0715_c003_00056420_0.jpg,715,veri,2
VeRi/image_train/0715_c004_00014825_0.jpg,715,veri,3
VeRi/image_train/0715_c004_00014830_0.jpg,715,veri,3
VeRi/image_train/0715_c004_00014835_0.jpg,715,veri,3
VeRi/image_train/0715_c004_00014840_0.jpg,715,veri,3
VeRi/image_train/0715_c004_00014845_0.jpg,715,veri,3
VeRi/image_train/0715_c004_00014850_0.jpg,715,veri,3
VeRi/image_train/0715_c004_00056335_1.jpg,715,veri,3
VeRi/image_train/0715_c004_00056345_1.jpg,715,veri,3
VeRi/image_train/0715_c004_00056355_1.jpg,715,veri,3
VeRi/image_train/0715_c004_00056360_1.jpg,715,veri,3
VeRi/image_train/0715_c004_00056385_0.jpg,715,veri,3
VeRi/image_train/0715_c006_00015430_0.jpg,715,veri,5
VeRi/image_train/0715_c006_00015435_0.jpg,715,veri,5
VeRi/image_train/0715_c006_00015440_0.jpg,715,veri,5
VeRi/image_train/0715_c006_00015450_0.jpg,715,veri,5
VeRi/image_train/0715_c006_00015460_0.jpg,715,veri,5
VeRi/image_train/0715_c006_00015470_0.jpg,715,veri,5
VeRi/image_train/0715_c006_00055540_0.jpg,715,veri,5
VeRi/image_train/0715_c006_00055555_1.jpg,715,veri,5
VeRi/image_train/0715_c006_00055575_1.jpg,715,veri,5
VeRi/image_train/0715_c006_00055590_1.jpg,715,veri,5
VeRi/image_train/0715_c006_00055600_0.jpg,715,veri,5
VeRi/image_train/0715_c006_00055610_0.jpg,715,veri,5
VeRi/image_train/0715_c008_00014630_0.jpg,715,veri,7
VeRi/image_train/0715_c008_00014650_0.jpg,715,veri,7
VeRi/image_train/0715_c008_00014675_0.jpg,715,veri,7
VeRi/image_train/0715_c008_00014700_0.jpg,715,veri,7
VeRi/image_train/0715_c008_00014715_0.jpg,715,veri,7
VeRi/image_train/0715_c009_00014705_0.jpg,715,veri,8
VeRi/image_train/0715_c009_00014715_0.jpg,715,veri,8
VeRi/image_train/0715_c009_00014725_0.jpg,715,veri,8
VeRi/image_train/0715_c009_00014735_0.jpg,715,veri,8
VeRi/image_train/0715_c009_00014745_0.jpg,715,veri,8
VeRi/image_train/0715_c009_00014755_0.jpg,715,veri,8
VeRi/image_train/0715_c010_00015395_0.jpg,715,veri,9
VeRi/image_train/0715_c010_00015400_0.jpg,715,veri,9
VeRi/image_train/0715_c010_00015405_0.jpg,715,veri,9
VeRi/image_train/0715_c010_00015410_0.jpg,715,veri,9
VeRi/image_train/0715_c010_00015415_0.jpg,715,veri,9
VeRi/image_train/0715_c010_00015420_0.jpg,715,veri,9
VeRi/image_train/0715_c010_00055755_1.jpg,715,veri,9
VeRi/image_train/0715_c010_00055760_0.jpg,715,veri,9
VeRi/image_train/0715_c010_00055765_0.jpg,715,veri,9
VeRi/image_train/0715_c010_00055770_0.jpg,715,veri,9
VeRi/image_train/0715_c010_00055775_0.jpg,715,veri,9
VeRi/image_train/0715_c010_00055780_0.jpg,715,veri,9
VeRi/image_train/0715_c011_00015390_1.jpg,715,veri,10
VeRi/image_train/0715_c011_00015400_0.jpg,715,veri,10
VeRi/image_train/0715_c011_00015410_0.jpg,715,veri,10
VeRi/image_train/0715_c011_00015420_0.jpg,715,veri,10
VeRi/image_train/0715_c011_00015435_0.jpg,715,veri,10
VeRi/image_train/0715_c011_00015445_0.jpg,715,veri,10
VeRi/image_train/0715_c011_00055535_0.jpg,715,veri,10
VeRi/image_train/0715_c011_00055550_1.jpg,715,veri,10
VeRi/image_train/0715_c011_00055570_0.jpg,715,veri,10
VeRi/image_train/0715_c011_00055580_0.jpg,715,veri,10
VeRi/image_train/0715_c011_00055590_0.jpg,715,veri,10
VeRi/image_train/0072_c003_00087350_0.jpg,72,veri,2
VeRi/image_train/0072_c003_00087360_0.jpg,72,veri,2
VeRi/image_train/0072_c003_00087370_0.jpg,72,veri,2
VeRi/image_train/0072_c003_00087380_0.jpg,72,veri,2
VeRi/image_train/0072_c003_00087390_0.jpg,72,veri,2
VeRi/image_train/0072_c003_00087465_0.jpg,72,veri,2
VeRi/image_train/0072_c004_00087315_0.jpg,72,veri,3
VeRi/image_train/0072_c004_00087325_0.jpg,72,veri,3
VeRi/image_train/0072_c004_00087335_0.jpg,72,veri,3
VeRi/image_train/0072_c004_00087345_0.jpg,72,veri,3
VeRi/image_train/0072_c004_00087370_0.jpg,72,veri,3
VeRi/image_train/0072_c004_00087395_0.jpg,72,veri,3
VeRi/image_train/0072_c008_00087115_0.jpg,72,veri,7
VeRi/image_train/0072_c008_00087120_0.jpg,72,veri,7
VeRi/image_train/0072_c008_00087125_0.jpg,72,veri,7
VeRi/image_train/0072_c008_00087130_0.jpg,72,veri,7
VeRi/image_train/0072_c008_00087135_0.jpg,72,veri,7
VeRi/image_train/0072_c008_00087140_0.jpg,72,veri,7
VeRi/image_train/0072_c009_00087205_0.jpg,72,veri,8
VeRi/image_train/0072_c009_00087210_0.jpg,72,veri,8
VeRi/image_train/0072_c009_00087215_0.jpg,72,veri,8
VeRi/image_train/0072_c009_00087220_0.jpg,72,veri,8
VeRi/image_train/0072_c009_00087225_0.jpg,72,veri,8
VeRi/image_train/0072_c009_00087230_0.jpg,72,veri,8
VeRi/image_train/0725_c008_00015985_0.jpg,725,veri,7
VeRi/image_train/0725_c008_00015995_0.jpg,725,veri,7
VeRi/image_train/0725_c008_00016010_0.jpg,725,veri,7
VeRi/image_train/0725_c008_00016020_0.jpg,725,veri,7
VeRi/image_train/0725_c008_00016025_0.jpg,725,veri,7
VeRi/image_train/0725_c008_00016030_0.jpg,725,veri,7
VeRi/image_train/0725_c008_00018815_0.jpg,725,veri,7
VeRi/image_train/0725_c008_00018820_0.jpg,725,veri,7
VeRi/image_train/0725_c008_00018825_0.jpg,725,veri,7
VeRi/image_train/0725_c008_00018830_0.jpg,725,veri,7
VeRi/image_train/0725_c008_00018835_0.jpg,725,veri,7
VeRi/image_train/0725_c008_00018840_0.jpg,725,veri,7
VeRi/image_train/0725_c009_00016040_0.jpg,725,veri,8
VeRi/image_train/0725_c009_00016045_1.jpg,725,veri,8
VeRi/image_train/0725_c009_00016050_0.jpg,725,veri,8
VeRi/image_train/0725_c009_00016055_0.jpg,725,veri,8
VeRi/image_train/0725_c009_00016060_0.jpg,725,veri,8
VeRi/image_train/0725_c009_00016065_0.jpg,725,veri,8
VeRi/image_train/0725_c009_00018625_0.jpg,725,veri,8
VeRi/image_train/0725_c009_00018630_0.jpg,725,veri,8
VeRi/image_train/0725_c009_00018635_0.jpg,725,veri,8
VeRi/image_train/0725_c009_00018640_0.jpg,725,veri,8
VeRi/image_train/0725_c009_00018645_0.jpg,725,veri,8
VeRi/image_train/0725_c009_00018650_0.jpg,725,veri,8
VeRi/image_train/0073_c001_00045025_0.jpg,73,veri,0
VeRi/image_train/0073_c001_00045035_0.jpg,73,veri,0
VeRi/image_train/0073_c001_00045045_0.jpg,73,veri,0
VeRi/image_train/0073_c001_00045055_0.jpg,73,veri,0
VeRi/image_train/0073_c001_00045060_0.jpg,73,veri,0
VeRi/image_train/0073_c001_00045065_0.jpg,73,veri,0
VeRi/image_train/0073_c002_00048520_0.jpg,73,veri,1
VeRi/image_train/0073_c002_00048530_0.jpg,73,veri,1
VeRi/image_train/0073_c002_00048540_0.jpg,73,veri,1
VeRi/image_train/0073_c002_00048550_0.jpg,73,veri,1
VeRi/image_train/0073_c002_00048560_0.jpg,73,veri,1
VeRi/image_train/0073_c002_00048585_0.jpg,73,veri,1
VeRi/image_train/0073_c012_00043570_0.jpg,73,veri,11
VeRi/image_train/0073_c012_00043575_0.jpg,73,veri,11
VeRi/image_train/0073_c012_00043580_0.jpg,73,veri,11
VeRi/image_train/0073_c012_00043585_0.jpg,73,veri,11
VeRi/image_train/0073_c012_00043590_0.jpg,73,veri,11
VeRi/image_train/0073_c013_00043640_0.jpg,73,veri,12
VeRi/image_train/0073_c013_00043655_1.jpg,73,veri,12
VeRi/image_train/0073_c013_00043675_0.jpg,73,veri,12
VeRi/image_train/0073_c014_00030015_0.jpg,73,veri,13
VeRi/image_train/0073_c014_00030020_0.jpg,73,veri,13
VeRi/image_train/0073_c014_00030050_0.jpg,73,veri,13
VeRi/image_train/0073_c014_00030055_0.jpg,73,veri,13
VeRi/image_train/0073_c014_00030060_0.jpg,73,veri,13
VeRi/image_train/0073_c014_00030070_0.jpg,73,veri,13
VeRi/image_train/0073_c015_00030090_0.jpg,73,veri,14
VeRi/image_train/0073_c015_00030095_0.jpg,73,veri,14
VeRi/image_train/0073_c015_00030100_0.jpg,73,veri,14
VeRi/image_train/0073_c015_00030105_0.jpg,73,veri,14
VeRi/image_train/0073_c015_00030110_0.jpg,73,veri,14
VeRi/image_train/0073_c015_00030115_0.jpg,73,veri,14
VeRi/image_train/0073_c016_00029845_0.jpg,73,veri,15
VeRi/image_train/0073_c016_00029850_0.jpg,73,veri,15
VeRi/image_train/0073_c016_00029855_0.jpg,73,veri,15
VeRi/image_train/0073_c016_00029860_0.jpg,73,veri,15
VeRi/image_train/0073_c016_00029865_0.jpg,73,veri,15
VeRi/image_train/0073_c016_00029870_0.jpg,73,veri,15
VeRi/image_train/0073_c017_00043065_2.jpg,73,veri,16
VeRi/image_train/0073_c017_00043075_2.jpg,73,veri,16
VeRi/image_train/0073_c017_00043090_2.jpg,73,veri,16
VeRi/image_train/0073_c017_00043095_2.jpg,73,veri,16
VeRi/image_train/0073_c017_00043115_0.jpg,73,veri,16
VeRi/image_train/0073_c017_00043140_0.jpg,73,veri,16
VeRi/image_train/0073_c019_00042870_0.jpg,73,veri,18
VeRi/image_train/0073_c019_00042875_0.jpg,73,veri,18
VeRi/image_train/0073_c019_00042880_0.jpg,73,veri,18
VeRi/image_train/0073_c019_00042885_0.jpg,73,veri,18
VeRi/image_train/0073_c019_00042890_0.jpg,73,veri,18
VeRi/image_train/0744_c001_00000000_0.jpg,744,veri,0
VeRi/image_train/0744_c001_00000005_0.jpg,744,veri,0
VeRi/image_train/0744_c001_00000010_0.jpg,744,veri,0
VeRi/image_train/0744_c001_00000015_0.jpg,744,veri,0
VeRi/image_train/0744_c001_00000020_0.jpg,744,veri,0
VeRi/image_train/0744_c012_00088405_0.jpg,744,veri,11
VeRi/image_train/0744_c012_00088415_0.jpg,744,veri,11
VeRi/image_train/0744_c012_00088430_0.jpg,744,veri,11
VeRi/image_train/0744_c012_00088445_0.jpg,744,veri,11
VeRi/image_train/0744_c012_00088455_0.jpg,744,veri,11
VeRi/image_train/0744_c012_00088470_0.jpg,744,veri,11
VeRi/image_train/0744_c012_00089745_0.jpg,744,veri,11
VeRi/image_train/0744_c012_00089755_0.jpg,744,veri,11
VeRi/image_train/0744_c012_00089765_0.jpg,744,veri,11
VeRi/image_train/0744_c012_00089770_0.jpg,744,veri,11
VeRi/image_train/0744_c012_00089775_0.jpg,744,veri,11
VeRi/image_train/0744_c013_00089855_0.jpg,744,veri,12
VeRi/image_train/0744_c013_00089860_0.jpg,744,veri,12
VeRi/image_train/0744_c013_00089865_0.jpg,744,veri,12
VeRi/image_train/0744_c013_00089870_0.jpg,744,veri,12
VeRi/image_train/0744_c013_00089875_0.jpg,744,veri,12
VeRi/image_train/0744_c013_00089880_0.jpg,744,veri,12
VeRi/image_train/0745_c001_00083310_0.jpg,745,veri,0
VeRi/image_train/0745_c001_00083315_0.jpg,745,veri,0
VeRi/image_train/0745_c001_00083320_0.jpg,745,veri,0
VeRi/image_train/0745_c001_00083325_0.jpg,745,veri,0
VeRi/image_train/0745_c001_00083330_0.jpg,745,veri,0
VeRi/image_train/0745_c001_00083335_0.jpg,745,veri,0
VeRi/image_train/0745_c002_00023305_0.jpg,745,veri,1
VeRi/image_train/0745_c002_00023315_0.jpg,745,veri,1
VeRi/image_train/0745_c002_00023325_0.jpg,745,veri,1
VeRi/image_train/0745_c002_00023335_0.jpg,745,veri,1
VeRi/image_train/0745_c002_00023345_0.jpg,745,veri,1
VeRi/image_train/0745_c002_00023355_0.jpg,745,veri,1
VeRi/image_train/0745_c002_00081805_0.jpg,745,veri,1
VeRi/image_train/0745_c002_00081820_0.jpg,745,veri,1
VeRi/image_train/0745_c002_00081835_0.jpg,745,veri,1
VeRi/image_train/0745_c002_00081850_0.jpg,745,veri,1
VeRi/image_train/0745_c002_00081860_0.jpg,745,veri,1
VeRi/image_train/0745_c002_00081870_0.jpg,745,veri,1
VeRi/image_train/0745_c003_00025065_0.jpg,745,veri,2
VeRi/image_train/0745_c003_00025075_0.jpg,745,veri,2
VeRi/image_train/0745_c003_00025085_0.jpg,745,veri,2
VeRi/image_train/0745_c003_00025095_0.jpg,745,veri,2
VeRi/image_train/0745_c003_00025100_0.jpg,745,veri,2
VeRi/image_train/0745_c003_00025110_0.jpg,745,veri,2
VeRi/image_train/0745_c003_00080565_0.jpg,745,veri,2
VeRi/image_train/0745_c003_00080575_0.jpg,745,veri,2
VeRi/image_train/0745_c003_00080585_0.jpg,745,veri,2
VeRi/image_train/0745_c003_00080595_0.jpg,745,veri,2
VeRi/image_train/0745_c003_00080605_0.jpg,745,veri,2
VeRi/image_train/0745_c003_00080620_0.jpg,745,veri,2
VeRi/image_train/0745_c004_00025030_0.jpg,745,veri,3
VeRi/image_train/0745_c004_00025045_0.jpg,745,veri,3
VeRi/image_train/0745_c004_00025055_0.jpg,745,veri,3
VeRi/image_train/0745_c004_00025065_0.jpg,745,veri,3
VeRi/image_train/0745_c004_00025075_0.jpg,745,veri,3
VeRi/image_train/0745_c004_00025100_0.jpg,745,veri,3
VeRi/image_train/0745_c004_00080495_0.jpg,745,veri,3
VeRi/image_train/0745_c004_00080515_0.jpg,745,veri,3
VeRi/image_train/0745_c004_00080530_0.jpg,745,veri,3
VeRi/image_train/0745_c004_00080545_0.jpg,745,veri,3
VeRi/image_train/0745_c004_00080560_0.jpg,745,veri,3
VeRi/image_train/0745_c004_00080605_0.jpg,745,veri,3
VeRi/image_train/0745_c005_00026050_1.jpg,745,veri,4
VeRi/image_train/0745_c005_00026065_1.jpg,745,veri,4
VeRi/image_train/0745_c005_00026085_1.jpg,745,veri,4
VeRi/image_train/0745_c005_00026105_1.jpg,745,veri,4
VeRi/image_train/0745_c005_00026135_0.jpg,745,veri,4
VeRi/image_train/0745_c005_00026170_0.jpg,745,veri,4
VeRi/image_train/0745_c006_00024375_2.jpg,745,veri,5
VeRi/image_train/0745_c006_00024395_1.jpg,745,veri,5
VeRi/image_train/0745_c006_00024405_1.jpg,745,veri,5
VeRi/image_train/0745_c006_00024415_0.jpg,745,veri,5
VeRi/image_train/0745_c006_00024435_0.jpg,745,veri,5
VeRi/image_train/0745_c006_00024455_0.jpg,745,veri,5
VeRi/image_train/0745_c006_00081085_0.jpg,745,veri,5
VeRi/image_train/0745_c006_00081095_0.jpg,745,veri,5
VeRi/image_train/0745_c006_00081105_0.jpg,745,veri,5
VeRi/image_train/0745_c006_00081115_0.jpg,745,veri,5
VeRi/image_train/0745_c006_00081125_0.jpg,745,veri,5
VeRi/image_train/0745_c006_00081135_0.jpg,745,veri,5
VeRi/image_train/0745_c007_00026165_0.jpg,745,veri,6
VeRi/image_train/0745_c007_00026170_0.jpg,745,veri,6
VeRi/image_train/0745_c007_00026180_0.jpg,745,veri,6
VeRi/image_train/0745_c007_00026190_0.jpg,745,veri,6
VeRi/image_train/0745_c007_00026195_0.jpg,745,veri,6
VeRi/image_train/0745_c008_00025480_0.jpg,745,veri,7
VeRi/image_train/0745_c008_00025490_0.jpg,745,veri,7
VeRi/image_train/0745_c008_00025500_0.jpg,745,veri,7
VeRi/image_train/0745_c008_00025510_0.jpg,745,veri,7
VeRi/image_train/0745_c008_00025520_0.jpg,745,veri,7
VeRi/image_train/0745_c009_00025250_0.jpg,745,veri,8
VeRi/image_train/0745_c009_00025265_0.jpg,745,veri,8
VeRi/image_train/0745_c009_00025310_0.jpg,745,veri,8
VeRi/image_train/0745_c009_00025320_0.jpg,745,veri,8
VeRi/image_train/0745_c010_00024565_0.jpg,745,veri,9
VeRi/image_train/0745_c010_00024570_0.jpg,745,veri,9
VeRi/image_train/0745_c010_00024575_0.jpg,745,veri,9
VeRi/image_train/0745_c010_00024580_1.jpg,745,veri,9
VeRi/image_train/0745_c010_00024585_0.jpg,745,veri,9
VeRi/image_train/0745_c010_00024600_0.jpg,745,veri,9
VeRi/image_train/0745_c010_00081095_0.jpg,745,veri,9
VeRi/image_train/0745_c010_00081100_0.jpg,745,veri,9
VeRi/image_train/0745_c010_00081105_0.jpg,745,veri,9
VeRi/image_train/0745_c010_00081110_0.jpg,745,veri,9
VeRi/image_train/0745_c010_00081115_0.jpg,745,veri,9
VeRi/image_train/0745_c010_00081120_0.jpg,745,veri,9
VeRi/image_train/0745_c011_00024345_1.jpg,745,veri,10
VeRi/image_train/0745_c011_00024355_0.jpg,745,veri,10
VeRi/image_train/0745_c011_00024365_0.jpg,745,veri,10
VeRi/image_train/0745_c011_00024375_0.jpg,745,veri,10
VeRi/image_train/0745_c011_00024385_0.jpg,745,veri,10
VeRi/image_train/0745_c011_00024395_0.jpg,745,veri,10
VeRi/image_train/0745_c011_00081100_0.jpg,745,veri,10
VeRi/image_train/0745_c011_00081105_0.jpg,745,veri,10
VeRi/image_train/0745_c011_00081110_0.jpg,745,veri,10
VeRi/image_train/0745_c011_00081115_0.jpg,745,veri,10
VeRi/image_train/0745_c011_00081120_0.jpg,745,veri,10
VeRi/image_train/0745_c011_00081130_0.jpg,745,veri,10
VeRi/image_train/0745_c012_00083845_0.jpg,745,veri,11
VeRi/image_train/0745_c012_00083850_0.jpg,745,veri,11
VeRi/image_train/0745_c012_00083855_0.jpg,745,veri,11
VeRi/image_train/0745_c012_00083865_0.jpg,745,veri,11
VeRi/image_train/0745_c012_00083870_0.jpg,745,veri,11
VeRi/image_train/0745_c012_00083880_0.jpg,745,veri,11
VeRi/image_train/0745_c013_00083700_0.jpg,745,veri,12
VeRi/image_train/0745_c013_00083705_0.jpg,745,veri,12
VeRi/image_train/0745_c013_00083710_0.jpg,745,veri,12
VeRi/image_train/0745_c013_00083715_0.jpg,745,veri,12
VeRi/image_train/0745_c013_00083720_0.jpg,745,veri,12
VeRi/image_train/0745_c013_00083725_0.jpg,745,veri,12
VeRi/image_train/0745_c014_00087020_0.jpg,745,veri,13
VeRi/image_train/0745_c014_00087025_0.jpg,745,veri,13
VeRi/image_train/0745_c014_00087030_0.jpg,745,veri,13
VeRi/image_train/0745_c014_00087035_0.jpg,745,veri,13
VeRi/image_train/0745_c014_00087040_0.jpg,745,veri,13
VeRi/image_train/0745_c014_00087045_0.jpg,745,veri,13
VeRi/image_train/0745_c015_00086820_0.jpg,745,veri,14
VeRi/image_train/0745_c015_00086825_0.jpg,745,veri,14
VeRi/image_train/0745_c015_00086830_0.jpg,745,veri,14
VeRi/image_train/0745_c015_00086835_0.jpg,745,veri,14
VeRi/image_train/0745_c015_00086860_0.jpg,745,veri,14
VeRi/image_train/0745_c015_00086865_0.jpg,745,veri,14
VeRi/image_train/0745_c016_00087370_0.jpg,745,veri,15
VeRi/image_train/0745_c016_00087375_0.jpg,745,veri,15
VeRi/image_train/0745_c016_00087380_0.jpg,745,veri,15
VeRi/image_train/0745_c016_00087385_0.jpg,745,veri,15
VeRi/image_train/0745_c016_00087390_0.jpg,745,veri,15
VeRi/image_train/0745_c017_00084595_0.jpg,745,veri,16
VeRi/image_train/0745_c017_00084600_0.jpg,745,veri,16
VeRi/image_train/0745_c017_00084610_0.jpg,745,veri,16
VeRi/image_train/0745_c017_00084620_0.jpg,745,veri,16
VeRi/image_train/0745_c017_00084630_0.jpg,745,veri,16
VeRi/image_train/0745_c017_00084640_0.jpg,745,veri,16
VeRi/image_train/0745_c019_00084760_0.jpg,745,veri,18
VeRi/image_train/0745_c019_00084765_0.jpg,745,veri,18
VeRi/image_train/0745_c019_00084770_0.jpg,745,veri,18
VeRi/image_train/0745_c019_00084805_0.jpg,745,veri,18
VeRi/image_train/0745_c019_00084810_0.jpg,745,veri,18
VeRi/image_train/0745_c019_00084825_0.jpg,745,veri,18
VeRi/image_train/0751_c002_00035445_0.jpg,751,veri,1
VeRi/image_train/0751_c002_00035455_0.jpg,751,veri,1
VeRi/image_train/0751_c002_00035465_0.jpg,751,veri,1
VeRi/image_train/0751_c002_00035475_0.jpg,751,veri,1
VeRi/image_train/0751_c002_00035485_0.jpg,751,veri,1
VeRi/image_train/0751_c002_00035495_0.jpg,751,veri,1
VeRi/image_train/0751_c002_00055145_1.jpg,751,veri,1
VeRi/image_train/0751_c002_00055155_0.jpg,751,veri,1
VeRi/image_train/0751_c002_00055165_0.jpg,751,veri,1
VeRi/image_train/0751_c002_00055175_0.jpg,751,veri,1
VeRi/image_train/0751_c002_00055185_0.jpg,751,veri,1
VeRi/image_train/0751_c002_00055205_0.jpg,751,veri,1
VeRi/image_train/0751_c003_00036665_0.jpg,751,veri,2
VeRi/image_train/0751_c003_00036675_0.jpg,751,veri,2
VeRi/image_train/0751_c003_00036685_0.jpg,751,veri,2
VeRi/image_train/0751_c003_00036695_0.jpg,751,veri,2
VeRi/image_train/0751_c003_00036705_0.jpg,751,veri,2
VeRi/image_train/0751_c003_00036715_0.jpg,751,veri,2
VeRi/image_train/0751_c003_00053295_0.jpg,751,veri,2
VeRi/image_train/0751_c003_00053305_0.jpg,751,veri,2
VeRi/image_train/0751_c003_00053315_0.jpg,751,veri,2
VeRi/image_train/0751_c003_00053325_0.jpg,751,veri,2
VeRi/image_train/0751_c003_00053350_0.jpg,751,veri,2
VeRi/image_train/0751_c003_00053370_0.jpg,751,veri,2
VeRi/image_train/0751_c004_00036595_0.jpg,751,veri,3
VeRi/image_train/0751_c004_00036610_0.jpg,751,veri,3
VeRi/image_train/0751_c004_00036620_0.jpg,751,veri,3
VeRi/image_train/0751_c004_00036635_0.jpg,751,veri,3
VeRi/image_train/0751_c004_00036650_0.jpg,751,veri,3
VeRi/image_train/0751_c004_00036660_0.jpg,751,veri,3
VeRi/image_train/0751_c004_00053230_1.jpg,751,veri,3
VeRi/image_train/0751_c004_00053245_1.jpg,751,veri,3
VeRi/image_train/0751_c004_00053255_1.jpg,751,veri,3
VeRi/image_train/0751_c004_00053270_1.jpg,751,veri,3
VeRi/image_train/0751_c004_00053280_0.jpg,751,veri,3
VeRi/image_train/0751_c004_00053320_0.jpg,751,veri,3
VeRi/image_train/0751_c006_00036175_1.jpg,751,veri,5
VeRi/image_train/0751_c006_00036190_1.jpg,751,veri,5
VeRi/image_train/0751_c006_00036205_1.jpg,751,veri,5
VeRi/image_train/0751_c006_00036220_0.jpg,751,veri,5
VeRi/image_train/0751_c006_00036230_0.jpg,751,veri,5
VeRi/image_train/0751_c006_00036240_0.jpg,751,veri,5
VeRi/image_train/0751_c006_00053945_0.jpg,751,veri,5
VeRi/image_train/0751_c006_00053965_1.jpg,751,veri,5
VeRi/image_train/0751_c006_00053970_0.jpg,751,veri,5
VeRi/image_train/0751_c006_00053975_0.jpg,751,veri,5
VeRi/image_train/0751_c006_00053985_0.jpg,751,veri,5
VeRi/image_train/0751_c006_00054000_0.jpg,751,veri,5
VeRi/image_train/0751_c010_00036325_0.jpg,751,veri,9
VeRi/image_train/0751_c010_00036330_1.jpg,751,veri,9
VeRi/image_train/0751_c010_00036335_0.jpg,751,veri,9
VeRi/image_train/0751_c010_00036340_1.jpg,751,veri,9
VeRi/image_train/0751_c010_00036345_0.jpg,751,veri,9
VeRi/image_train/0751_c010_00036350_1.jpg,751,veri,9
VeRi/image_train/0751_c010_00053920_0.jpg,751,veri,9
VeRi/image_train/0751_c010_00053925_0.jpg,751,veri,9
VeRi/image_train/0751_c010_00053930_0.jpg,751,veri,9
VeRi/image_train/0751_c010_00053935_0.jpg,751,veri,9
VeRi/image_train/0751_c010_00053940_0.jpg,751,veri,9
VeRi/image_train/0751_c010_00053945_0.jpg,751,veri,9
VeRi/image_train/0751_c011_00036110_0.jpg,751,veri,10
VeRi/image_train/0751_c011_00036120_0.jpg,751,veri,10
VeRi/image_train/0751_c011_00036130_0.jpg,751,veri,10
VeRi/image_train/0751_c011_00036140_0.jpg,751,veri,10
VeRi/image_train/0751_c011_00036160_0.jpg,751,veri,10
VeRi/image_train/0751_c011_00036170_0.jpg,751,veri,10
VeRi/image_train/0751_c011_00053945_1.jpg,751,veri,10
VeRi/image_train/0751_c011_00053960_0.jpg,751,veri,10
VeRi/image_train/0751_c011_00053965_0.jpg,751,veri,10
VeRi/image_train/0751_c011_00053970_0.jpg,751,veri,10
VeRi/image_train/0751_c011_00053980_0.jpg,751,veri,10
VeRi/image_train/0751_c011_00053990_0.jpg,751,veri,10
VeRi/image_train/0752_c002_00085245_1.jpg,752,veri,1
VeRi/image_train/0752_c002_00085255_1.jpg,752,veri,1
VeRi/image_train/0752_c002_00085265_1.jpg,752,veri,1
VeRi/image_train/0752_c002_00085275_0.jpg,752,veri,1
VeRi/image_train/0752_c002_00085285_0.jpg,752,veri,1
VeRi/image_train/0752_c002_00085295_0.jpg,752,veri,1
VeRi/image_train/0752_c003_00086690_0.jpg,752,veri,2
VeRi/image_train/0752_c003_00086700_0.jpg,752,veri,2
VeRi/image_train/0752_c003_00086710_0.jpg,752,veri,2
VeRi/image_train/0752_c003_00086720_0.jpg,752,veri,2
VeRi/image_train/0752_c003_00086730_0.jpg,752,veri,2
VeRi/image_train/0752_c003_00086740_0.jpg,752,veri,2
VeRi/image_train/0752_c004_00086650_0.jpg,752,veri,3
VeRi/image_train/0752_c004_00086660_0.jpg,752,veri,3
VeRi/image_train/0752_c004_00086670_0.jpg,752,veri,3
VeRi/image_train/0752_c004_00086680_0.jpg,752,veri,3
VeRi/image_train/0752_c004_00086695_0.jpg,752,veri,3
VeRi/image_train/0752_c004_00086715_0.jpg,752,veri,3
VeRi/image_train/0752_c006_00086045_0.jpg,752,veri,5
VeRi/image_train/0752_c006_00086050_0.jpg,752,veri,5
VeRi/image_train/0752_c006_00086060_0.jpg,752,veri,5
VeRi/image_train/0752_c006_00086070_0.jpg,752,veri,5
VeRi/image_train/0752_c006_00086080_0.jpg,752,veri,5
VeRi/image_train/0752_c010_00086235_1.jpg,752,veri,9
VeRi/image_train/0752_c010_00086240_1.jpg,752,veri,9
VeRi/image_train/0752_c010_00086245_1.jpg,752,veri,9
VeRi/image_train/0752_c010_00086250_1.jpg,752,veri,9
VeRi/image_train/0752_c010_00086255_1.jpg,752,veri,9
VeRi/image_train/0752_c010_00086260_1.jpg,752,veri,9
VeRi/image_train/0752_c011_00086060_0.jpg,752,veri,10
VeRi/image_train/0752_c011_00086065_0.jpg,752,veri,10
VeRi/image_train/0752_c011_00086070_0.jpg,752,veri,10
VeRi/image_train/0754_c001_00045985_0.jpg,754,veri,0
VeRi/image_train/0754_c001_00046000_0.jpg,754,veri,0
VeRi/image_train/0754_c001_00046015_0.jpg,754,veri,0
VeRi/image_train/0754_c001_00046030_0.jpg,754,veri,0
VeRi/image_train/0754_c001_00046105_0.jpg,754,veri,0
VeRi/image_train/0754_c002_00034745_1.jpg,754,veri,1
VeRi/image_train/0754_c002_00034765_1.jpg,754,veri,1
VeRi/image_train/0754_c002_00034785_0.jpg,754,veri,1
VeRi/image_train/0754_c002_00034805_0.jpg,754,veri,1
VeRi/image_train/0754_c002_00034820_0.jpg,754,veri,1
VeRi/image_train/0754_c002_00034830_0.jpg,754,veri,1
VeRi/image_train/0754_c003_00032530_0.jpg,754,veri,2
VeRi/image_train/0754_c003_00032540_0.jpg,754,veri,2
VeRi/image_train/0754_c003_00032550_0.jpg,754,veri,2
VeRi/image_train/0754_c003_00032560_0.jpg,754,veri,2
VeRi/image_train/0754_c003_00032570_0.jpg,754,veri,2
VeRi/image_train/0754_c004_00032450_0.jpg,754,veri,3
VeRi/image_train/0754_c004_00032455_0.jpg,754,veri,3
VeRi/image_train/0754_c004_00032460_0.jpg,754,veri,3
VeRi/image_train/0754_c004_00032465_0.jpg,754,veri,3
VeRi/image_train/0754_c004_00032470_0.jpg,754,veri,3
VeRi/image_train/0754_c004_00032475_0.jpg,754,veri,3
VeRi/image_train/0754_c006_00033050_1.jpg,754,veri,5
VeRi/image_train/0754_c006_00033060_0.jpg,754,veri,5
VeRi/image_train/0754_c006_00033070_0.jpg,754,veri,5
VeRi/image_train/0754_c006_00033080_1.jpg,754,veri,5
VeRi/image_train/0754_c006_00033100_0.jpg,754,veri,5
VeRi/image_train/0754_c006_00033140_0.jpg,754,veri,5
VeRi/image_train/0754_c008_00032305_0.jpg,754,veri,7
VeRi/image_train/0754_c008_00032310_0.jpg,754,veri,7
VeRi/image_train/0754_c008_00032325_0.jpg,754,veri,7
VeRi/image_train/0754_c008_00032330_0.jpg,754,veri,7
VeRi/image_train/0754_c008_00032335_0.jpg,754,veri,7
VeRi/image_train/0754_c008_00032340_0.jpg,754,veri,7
VeRi/image_train/0754_c009_00032375_0.jpg,754,veri,8
VeRi/image_train/0754_c009_00032380_0.jpg,754,veri,8
VeRi/image_train/0754_c009_00032385_0.jpg,754,veri,8
VeRi/image_train/0754_c009_00032390_0.jpg,754,veri,8
VeRi/image_train/0754_c009_00032395_0.jpg,754,veri,8
VeRi/image_train/0754_c009_00032400_0.jpg,754,veri,8
VeRi/image_train/0754_c010_00032995_0.jpg,754,veri,9
VeRi/image_train/0754_c010_00033000_0.jpg,754,veri,9
VeRi/image_train/0754_c010_00033005_0.jpg,754,veri,9
VeRi/image_train/0754_c010_00033010_0.jpg,754,veri,9
VeRi/image_train/0754_c010_00033015_0.jpg,754,veri,9
VeRi/image_train/0754_c010_00033020_0.jpg,754,veri,9
VeRi/image_train/0754_c011_00033020_0.jpg,754,veri,10
VeRi/image_train/0754_c011_00033025_0.jpg,754,veri,10
VeRi/image_train/0754_c011_00033035_0.jpg,754,veri,10
VeRi/image_train/0754_c011_00033045_0.jpg,754,veri,10
VeRi/image_train/0754_c011_00033055_0.jpg,754,veri,10
VeRi/image_train/0754_c011_00033070_0.jpg,754,veri,10
VeRi/image_train/0754_c012_00046575_0.jpg,754,veri,11
VeRi/image_train/0754_c012_00046585_0.jpg,754,veri,11
VeRi/image_train/0754_c012_00046590_0.jpg,754,veri,11
VeRi/image_train/0754_c012_00046600_0.jpg,754,veri,11
VeRi/image_train/0754_c012_00046605_0.jpg,754,veri,11
VeRi/image_train/0754_c012_00046615_0.jpg,754,veri,11
VeRi/image_train/0754_c013_00046385_0.jpg,754,veri,12
VeRi/image_train/0754_c013_00046425_0.jpg,754,veri,12
VeRi/image_train/0754_c013_00046430_0.jpg,754,veri,12
VeRi/image_train/0754_c013_00046435_0.jpg,754,veri,12
VeRi/image_train/0754_c013_00046440_0.jpg,754,veri,12
VeRi/image_train/0754_c013_00046445_0.jpg,754,veri,12
VeRi/image_train/0754_c014_00048590_0.jpg,754,veri,13
VeRi/image_train/0754_c014_00048595_0.jpg,754,veri,13
VeRi/image_train/0754_c014_00048600_0.jpg,754,veri,13
VeRi/image_train/0754_c014_00048605_0.jpg,754,veri,13
VeRi/image_train/0754_c014_00048610_0.jpg,754,veri,13
VeRi/image_train/0754_c014_00048615_0.jpg,754,veri,13
VeRi/image_train/0754_c015_00048360_0.jpg,754,veri,14
VeRi/image_train/0754_c015_00048365_0.jpg,754,veri,14
VeRi/image_train/0754_c015_00048370_0.jpg,754,veri,14
VeRi/image_train/0754_c015_00048375_0.jpg,754,veri,14
VeRi/image_train/0754_c015_00048380_0.jpg,754,veri,14
VeRi/image_train/0754_c015_00048385_0.jpg,754,veri,14
VeRi/image_train/0754_c016_00048855_0.jpg,754,veri,15
VeRi/image_train/0754_c016_00048860_0.jpg,754,veri,15
VeRi/image_train/0754_c016_00048865_0.jpg,754,veri,15
VeRi/image_train/0754_c016_00048940_0.jpg,754,veri,15
VeRi/image_train/0754_c016_00048945_0.jpg,754,veri,15
VeRi/image_train/0754_c016_00048970_0.jpg,754,veri,15
VeRi/image_train/0754_c017_00047285_0.jpg,754,veri,16
VeRi/image_train/0754_c017_00047295_0.jpg,754,veri,16
VeRi/image_train/0754_c017_00047305_0.jpg,754,veri,16
VeRi/image_train/0754_c017_00047310_0.jpg,754,veri,16
VeRi/image_train/0754_c017_00047315_0.jpg,754,veri,16
VeRi/image_train/0754_c017_00047325_0.jpg,754,veri,16
VeRi/image_train/0754_c019_00047535_0.jpg,754,veri,18
VeRi/image_train/0754_c019_00047545_0.jpg,754,veri,18
VeRi/image_train/0754_c019_00047585_0.jpg,754,veri,18
VeRi/image_train/0754_c019_00047605_0.jpg,754,veri,18
VeRi/image_train/0754_c019_00047620_0.jpg,754,veri,18
VeRi/image_train/0754_c019_00047645_0.jpg,754,veri,18
VeRi/image_train/0766_c001_00081455_0.jpg,766,veri,0
VeRi/image_train/0766_c001_00081465_0.jpg,766,veri,0
VeRi/image_train/0766_c001_00081475_0.jpg,766,veri,0
VeRi/image_train/0766_c001_00081485_0.jpg,766,veri,0
VeRi/image_train/0766_c001_00081495_0.jpg,766,veri,0
VeRi/image_train/0766_c001_00081525_0.jpg,766,veri,0
VeRi/image_train/0766_c001_00086445_0.jpg,766,veri,0
VeRi/image_train/0766_c001_00086455_0.jpg,766,veri,0
VeRi/image_train/0766_c001_00086465_0.jpg,766,veri,0
VeRi/image_train/0766_c001_00086475_0.jpg,766,veri,0
VeRi/image_train/0766_c001_00086485_0.jpg,766,veri,0
VeRi/image_train/0766_c001_00086495_0.jpg,766,veri,0
VeRi/image_train/0766_c012_00080585_0.jpg,766,veri,11
VeRi/image_train/0766_c012_00080595_0.jpg,766,veri,11
VeRi/image_train/0766_c012_00080605_0.jpg,766,veri,11
VeRi/image_train/0766_c012_00080615_0.jpg,766,veri,11
VeRi/image_train/0766_c012_00080625_0.jpg,766,veri,11
VeRi/image_train/0766_c012_00080630_0.jpg,766,veri,11
VeRi/image_train/0766_c012_00087045_0.jpg,766,veri,11
VeRi/image_train/0766_c012_00087055_0.jpg,766,veri,11
VeRi/image_train/0766_c012_00087065_0.jpg,766,veri,11
VeRi/image_train/0766_c012_00087075_0.jpg,766,veri,11
VeRi/image_train/0766_c012_00087085_0.jpg,766,veri,11
VeRi/image_train/0766_c012_00087095_0.jpg,766,veri,11
VeRi/image_train/0766_c013_00080720_0.jpg,766,veri,12
VeRi/image_train/0766_c013_00080725_0.jpg,766,veri,12
VeRi/image_train/0766_c013_00080730_0.jpg,766,veri,12
VeRi/image_train/0766_c013_00080735_0.jpg,766,veri,12
VeRi/image_train/0766_c013_00080740_0.jpg,766,veri,12
VeRi/image_train/0766_c013_00080745_0.jpg,766,veri,12
VeRi/image_train/0766_c013_00086885_0.jpg,766,veri,12
VeRi/image_train/0766_c013_00086890_0.jpg,766,veri,12
VeRi/image_train/0766_c013_00086895_0.jpg,766,veri,12
VeRi/image_train/0766_c013_00086900_0.jpg,766,veri,12
VeRi/image_train/0766_c013_00086905_0.jpg,766,veri,12
VeRi/image_train/0766_c013_00086925_0.jpg,766,veri,12
VeRi/image_train/0766_c014_00078825_0.jpg,766,veri,13
VeRi/image_train/0766_c014_00078830_0.jpg,766,veri,13
VeRi/image_train/0766_c014_00078835_0.jpg,766,veri,13
VeRi/image_train/0766_c014_00078840_0.jpg,766,veri,13
VeRi/image_train/0766_c014_00078845_0.jpg,766,veri,13
VeRi/image_train/0766_c014_00078850_0.jpg,766,veri,13
VeRi/image_train/0766_c014_00088890_0.jpg,766,veri,13
VeRi/image_train/0766_c014_00088895_0.jpg,766,veri,13
VeRi/image_train/0766_c014_00088900_0.jpg,766,veri,13
VeRi/image_train/0766_c014_00088905_0.jpg,766,veri,13
VeRi/image_train/0766_c014_00088910_0.jpg,766,veri,13
VeRi/image_train/0766_c014_00088915_0.jpg,766,veri,13
VeRi/image_train/0766_c015_00078855_0.jpg,766,veri,14
VeRi/image_train/0766_c015_00078860_0.jpg,766,veri,14
VeRi/image_train/0766_c015_00078865_0.jpg,766,veri,14
VeRi/image_train/0766_c015_00078870_0.jpg,766,veri,14
VeRi/image_train/0766_c015_00078875_0.jpg,766,veri,14
VeRi/image_train/0766_c015_00078880_0.jpg,766,veri,14
VeRi/image_train/0766_c015_00088655_0.jpg,766,veri,14
VeRi/image_train/0766_c015_00088670_0.jpg,766,veri,14
VeRi/image_train/0766_c015_00088685_0.jpg,766,veri,14
VeRi/image_train/0766_c015_00088695_0.jpg,766,veri,14
VeRi/image_train/0766_c015_00088700_0.jpg,766,veri,14
VeRi/image_train/0766_c015_00088715_0.jpg,766,veri,14
VeRi/image_train/0766_c016_00078665_0.jpg,766,veri,15
VeRi/image_train/0766_c016_00078670_0.jpg,766,veri,15
VeRi/image_train/0766_c016_00078675_0.jpg,766,veri,15
VeRi/image_train/0766_c016_00078680_0.jpg,766,veri,15
VeRi/image_train/0766_c016_00078685_0.jpg,766,veri,15
VeRi/image_train/0766_c016_00078690_0.jpg,766,veri,15
VeRi/image_train/0766_c016_00089535_0.jpg,766,veri,15
VeRi/image_train/0766_c016_00089540_0.jpg,766,veri,15
VeRi/image_train/0766_c016_00089545_0.jpg,766,veri,15
VeRi/image_train/0766_c016_00089550_0.jpg,766,veri,15
VeRi/image_train/0766_c016_00089555_0.jpg,766,veri,15
VeRi/image_train/0766_c016_00089560_0.jpg,766,veri,15
VeRi/image_train/0766_c017_00087550_0.jpg,766,veri,16
VeRi/image_train/0766_c017_00087560_0.jpg,766,veri,16
VeRi/image_train/0766_c017_00087570_0.jpg,766,veri,16
VeRi/image_train/0766_c017_00087575_0.jpg,766,veri,16
VeRi/image_train/0766_c017_00087580_0.jpg,766,veri,16
VeRi/image_train/0766_c017_00087590_0.jpg,766,veri,16
VeRi/image_train/0766_c019_00079575_0.jpg,766,veri,18
VeRi/image_train/0766_c019_00079580_0.jpg,766,veri,18
VeRi/image_train/0766_c019_00079585_0.jpg,766,veri,18
VeRi/image_train/0766_c019_00079595_0.jpg,766,veri,18
VeRi/image_train/0766_c019_00079605_0.jpg,766,veri,18
VeRi/image_train/0766_c019_00079615_0.jpg,766,veri,18
VeRi/image_train/0766_c019_00087735_0.jpg,766,veri,18
VeRi/image_train/0766_c019_00087740_0.jpg,766,veri,18
VeRi/image_train/0766_c019_00087745_0.jpg,766,veri,18
VeRi/image_train/0766_c019_00087755_0.jpg,766,veri,18
VeRi/image_train/0766_c019_00087770_0.jpg,766,veri,18
VeRi/image_train/0766_c019_00087780_0.jpg,766,veri,18
VeRi/image_train/0767_c002_00056815_0.jpg,767,veri,1
VeRi/image_train/0767_c002_00056825_0.jpg,767,veri,1
VeRi/image_train/0767_c002_00056835_0.jpg,767,veri,1
VeRi/image_train/0767_c002_00056845_0.jpg,767,veri,1
VeRi/image_train/0767_c002_00056875_0.jpg,767,veri,1
VeRi/image_train/0767_c002_00056910_0.jpg,767,veri,1
VeRi/image_train/0767_c003_00059020_0.jpg,767,veri,2
VeRi/image_train/0767_c003_00059030_0.jpg,767,veri,2
VeRi/image_train/0767_c003_00059040_0.jpg,767,veri,2
VeRi/image_train/0767_c003_00059050_0.jpg,767,veri,2
VeRi/image_train/0767_c003_00059060_0.jpg,767,veri,2
VeRi/image_train/0767_c003_00059070_0.jpg,767,veri,2
VeRi/image_train/0767_c004_00058975_0.jpg,767,veri,3
VeRi/image_train/0767_c004_00058985_0.jpg,767,veri,3
VeRi/image_train/0767_c004_00058995_0.jpg,767,veri,3
VeRi/image_train/0767_c004_00059005_0.jpg,767,veri,3
VeRi/image_train/0767_c004_00059015_0.jpg,767,veri,3
VeRi/image_train/0767_c004_00059035_0.jpg,767,veri,3
VeRi/image_train/0767_c006_00057850_1.jpg,767,veri,5
VeRi/image_train/0767_c006_00057870_0.jpg,767,veri,5
VeRi/image_train/0767_c006_00057880_0.jpg,767,veri,5
VeRi/image_train/0767_c006_00057890_0.jpg,767,veri,5
VeRi/image_train/0767_c006_00057905_0.jpg,767,veri,5
VeRi/image_train/0767_c006_00057920_0.jpg,767,veri,5
VeRi/image_train/0767_c008_00059385_0.jpg,767,veri,7
VeRi/image_train/0767_c008_00059390_0.jpg,767,veri,7
VeRi/image_train/0767_c008_00059395_0.jpg,767,veri,7
VeRi/image_train/0767_c008_00059400_0.jpg,767,veri,7
VeRi/image_train/0767_c008_00059405_0.jpg,767,veri,7
VeRi/image_train/0767_c008_00059410_0.jpg,767,veri,7
VeRi/image_train/0767_c009_00059330_0.jpg,767,veri,8
VeRi/image_train/0767_c009_00059335_0.jpg,767,veri,8
VeRi/image_train/0767_c009_00059340_0.jpg,767,veri,8
VeRi/image_train/0767_c009_00059345_0.jpg,767,veri,8
VeRi/image_train/0767_c010_00058105_0.jpg,767,veri,9
VeRi/image_train/0767_c010_00058110_0.jpg,767,veri,9
VeRi/image_train/0767_c010_00058115_0.jpg,767,veri,9
VeRi/image_train/0767_c010_00058120_0.jpg,767,veri,9
VeRi/image_train/0767_c010_00058125_0.jpg,767,veri,9
VeRi/image_train/0767_c010_00058130_0.jpg,767,veri,9
VeRi/image_train/0767_c011_00057860_0.jpg,767,veri,10
VeRi/image_train/0767_c011_00057870_0.jpg,767,veri,10
VeRi/image_train/0767_c011_00057885_0.jpg,767,veri,10
VeRi/image_train/0767_c011_00057900_0.jpg,767,veri,10
VeRi/image_train/0767_c011_00057910_0.jpg,767,veri,10
VeRi/image_train/0767_c011_00057920_0.jpg,767,veri,10
VeRi/image_train/0083_c003_00065730_1.jpg,83,veri,2
VeRi/image_train/0083_c003_00065740_1.jpg,83,veri,2
VeRi/image_train/0083_c003_00065745_0.jpg,83,veri,2
VeRi/image_train/0083_c003_00065760_0.jpg,83,veri,2
VeRi/image_train/0083_c003_00065765_0.jpg,83,veri,2
VeRi/image_train/0083_c003_00065780_0.jpg,83,veri,2
VeRi/image_train/0083_c005_00066475_0.jpg,83,veri,4
VeRi/image_train/0083_c005_00066485_0.jpg,83,veri,4
VeRi/image_train/0083_c005_00066500_0.jpg,83,veri,4
VeRi/image_train/0083_c005_00066515_0.jpg,83,veri,4
VeRi/image_train/0083_c005_00066530_0.jpg,83,veri,4
VeRi/image_train/0083_c005_00066550_0.jpg,83,veri,4
VeRi/image_train/0083_c007_00066595_0.jpg,83,veri,6
VeRi/image_train/0083_c007_00066600_0.jpg,83,veri,6
VeRi/image_train/0083_c007_00066610_0.jpg,83,veri,6
VeRi/image_train/0083_c007_00066615_0.jpg,83,veri,6
VeRi/image_train/0083_c007_00066625_0.jpg,83,veri,6
VeRi/image_train/0083_c007_00066630_0.jpg,83,veri,6
VeRi/image_train/0083_c008_00065925_0.jpg,83,veri,7
VeRi/image_train/0083_c008_00065930_0.jpg,83,veri,7
VeRi/image_train/0083_c008_00065935_0.jpg,83,veri,7
VeRi/image_train/0083_c008_00065940_0.jpg,83,veri,7
VeRi/image_train/0083_c008_00065945_0.jpg,83,veri,7
VeRi/image_train/0083_c008_00065950_0.jpg,83,veri,7
VeRi/image_train/0083_c009_00065865_1.jpg,83,veri,8
VeRi/image_train/0083_c009_00065870_0.jpg,83,veri,8
VeRi/image_train/0083_c009_00065875_0.jpg,83,veri,8
VeRi/image_train/0083_c009_00065880_0.jpg,83,veri,8
VeRi/image_train/0083_c009_00065885_0.jpg,83,veri,8
VeRi/image_train/0083_c009_00065890_0.jpg,83,veri,8
VeRi/image_train/0092_c001_00048345_0.jpg,92,veri,0
VeRi/image_train/0092_c001_00048355_0.jpg,92,veri,0
VeRi/image_train/0092_c001_00048360_0.jpg,92,veri,0
VeRi/image_train/0092_c001_00048370_0.jpg,92,veri,0
VeRi/image_train/0092_c001_00048380_0.jpg,92,veri,0
VeRi/image_train/0092_c001_00048400_0.jpg,92,veri,0
VeRi/image_train/0092_c012_00048820_0.jpg,92,veri,11
VeRi/image_train/0092_c012_00048825_0.jpg,92,veri,11
VeRi/image_train/0092_c012_00048830_0.jpg,92,veri,11
VeRi/image_train/0092_c012_00048835_0.jpg,92,veri,11
VeRi/image_train/0092_c012_00048840_0.jpg,92,veri,11
VeRi/image_train/0092_c012_00048845_0.jpg,92,veri,11
VeRi/image_train/0092_c013_00048650_0.jpg,92,veri,12
VeRi/image_train/0092_c013_00048655_0.jpg,92,veri,12
VeRi/image_train/0092_c013_00048660_0.jpg,92,veri,12
VeRi/image_train/0092_c013_00048665_0.jpg,92,veri,12
VeRi/image_train/0092_c013_00048670_0.jpg,92,veri,12
VeRi/image_train/0092_c013_00048685_0.jpg,92,veri,12
VeRi/image_train/0092_c014_00050815_0.jpg,92,veri,13
VeRi/image_train/0092_c014_00050820_0.jpg,92,veri,13
VeRi/image_train/0092_c014_00050825_0.jpg,92,veri,13
VeRi/image_train/0092_c014_00050830_0.jpg,92,veri,13
VeRi/image_train/0092_c014_00050835_0.jpg,92,veri,13
VeRi/image_train/0092_c014_00050840_0.jpg,92,veri,13
VeRi/image_train/0092_c015_00050585_0.jpg,92,veri,14
VeRi/image_train/0092_c015_00050590_0.jpg,92,veri,14
VeRi/image_train/0092_c015_00050595_0.jpg,92,veri,14
VeRi/image_train/0092_c015_00050610_0.jpg,92,veri,14
VeRi/image_train/0092_c015_00050615_0.jpg,92,veri,14
VeRi/image_train/0092_c015_00050620_0.jpg,92,veri,14
VeRi/image_train/0092_c016_00051065_0.jpg,92,veri,15
VeRi/image_train/0092_c016_00051070_0.jpg,92,veri,15
VeRi/image_train/0092_c016_00051075_0.jpg,92,veri,15
VeRi/image_train/0092_c016_00051100_0.jpg,92,veri,15
VeRi/image_train/0092_c016_00051105_0.jpg,92,veri,15
VeRi/image_train/0092_c016_00051110_0.jpg,92,veri,15
VeRi/image_train/0092_c017_00049465_0.jpg,92,veri,16
VeRi/image_train/0092_c017_00049470_0.jpg,92,veri,16
VeRi/image_train/0092_c017_00049480_0.jpg,92,veri,16
VeRi/image_train/0092_c017_00049490_0.jpg,92,veri,16
VeRi/image_train/0092_c017_00049500_0.jpg,92,veri,16
VeRi/image_train/0092_c017_00049505_0.jpg,92,veri,16
VeRi/image_train/0092_c019_00049715_1.jpg,92,veri,18
VeRi/image_train/0092_c019_00049720_1.jpg,92,veri,18
VeRi/image_train/0092_c019_00049730_1.jpg,92,veri,18
VeRi/image_train/0092_c019_00049735_1.jpg,92,veri,18
VeRi/image_train/0092_c019_00049755_0.jpg,92,veri,18
VeRi/image_train/0092_c019_00049785_0.jpg,92,veri,18
VeRi/image_train/0099_c001_00045335_1.jpg,99,veri,0
VeRi/image_train/0099_c001_00045350_2.jpg,99,veri,0
VeRi/image_train/0099_c001_00045370_1.jpg,99,veri,0
VeRi/image_train/0099_c001_00045395_0.jpg,99,veri,0
VeRi/image_train/0099_c001_00045410_0.jpg,99,veri,0
VeRi/image_train/0099_c001_00045425_0.jpg,99,veri,0
VeRi/image_train/0099_c001_00059795_0.jpg,99,veri,0
VeRi/image_train/0099_c001_00059800_0.jpg,99,veri,0
VeRi/image_train/0099_c001_00059805_0.jpg,99,veri,0
VeRi/image_train/0099_c001_00059810_0.jpg,99,veri,0
VeRi/image_train/0099_c001_00059815_0.jpg,99,veri,0
VeRi/image_train/0099_c001_00059820_0.jpg,99,veri,0
VeRi/image_train/0099_c002_00060240_0.jpg,99,veri,1
VeRi/image_train/0099_c002_00060250_1.jpg,99,veri,1
VeRi/image_train/0099_c002_00060260_2.jpg,99,veri,1
VeRi/image_train/0099_c002_00060270_1.jpg,99,veri,1
VeRi/image_train/0099_c002_00060290_0.jpg,99,veri,1
VeRi/image_train/0099_c002_00060295_1.jpg,99,veri,1
VeRi/image_train/0099_c003_00063050_0.jpg,99,veri,2
VeRi/image_train/0099_c003_00063055_0.jpg,99,veri,2
VeRi/image_train/0099_c003_00063060_0.jpg,99,veri,2
VeRi/image_train/0099_c003_00063065_0.jpg,99,veri,2
VeRi/image_train/0099_c003_00063070_0.jpg,99,veri,2
VeRi/image_train/0099_c003_00063075_0.jpg,99,veri,2
VeRi/image_train/0099_c004_00062985_0.jpg,99,veri,3
VeRi/image_train/0099_c004_00062990_0.jpg,99,veri,3
VeRi/image_train/0099_c004_00062995_0.jpg,99,veri,3
VeRi/image_train/0099_c004_00063000_0.jpg,99,veri,3
VeRi/image_train/0099_c004_00063005_0.jpg,99,veri,3
VeRi/image_train/0099_c004_00063010_0.jpg,99,veri,3
VeRi/image_train/0099_c005_00063650_0.jpg,99,veri,4
VeRi/image_train/0099_c005_00063665_0.jpg,99,veri,4
VeRi/image_train/0099_c005_00063675_0.jpg,99,veri,4
VeRi/image_train/0099_c005_00063685_0.jpg,99,veri,4
VeRi/image_train/0099_c005_00063695_0.jpg,99,veri,4
VeRi/image_train/0099_c005_00063720_0.jpg,99,veri,4
VeRi/image_train/0099_c006_00062300_2.jpg,99,veri,5
VeRi/image_train/0099_c006_00062345_1.jpg,99,veri,5
VeRi/image_train/0099_c006_00062365_0.jpg,99,veri,5
VeRi/image_train/0099_c006_00062380_0.jpg,99,veri,5
VeRi/image_train/0099_c006_00062390_0.jpg,99,veri,5
VeRi/image_train/0099_c006_00062400_0.jpg,99,veri,5
VeRi/image_train/0099_c007_00063720_0.jpg,99,veri,6
VeRi/image_train/0099_c007_00063725_0.jpg,99,veri,6
VeRi/image_train/0099_c007_00063730_0.jpg,99,veri,6
VeRi/image_train/0099_c007_00063735_0.jpg,99,veri,6
VeRi/image_train/0099_c007_00063740_0.jpg,99,veri,6
VeRi/image_train/0099_c007_00063745_0.jpg,99,veri,6
VeRi/image_train/0099_c008_00063250_0.jpg,99,veri,7
VeRi/image_train/0099_c008_00063255_0.jpg,99,veri,7
VeRi/image_train/0099_c008_00063260_0.jpg,99,veri,7
VeRi/image_train/0099_c008_00063265_0.jpg,99,veri,7
VeRi/image_train/0099_c008_00063270_0.jpg,99,veri,7
VeRi/image_train/0099_c008_00063275_0.jpg,99,veri,7
VeRi/image_train/0099_c009_00063185_0.jpg,99,veri,8
VeRi/image_train/0099_c009_00063190_0.jpg,99,veri,8
VeRi/image_train/0099_c009_00063195_0.jpg,99,veri,8
VeRi/image_train/0099_c009_00063200_0.jpg,99,veri,8
VeRi/image_train/0099_c009_00063205_0.jpg,99,veri,8
VeRi/image_train/0099_c009_00063210_0.jpg,99,veri,8
VeRi/image_train/0099_c010_00062525_0.jpg,99,veri,9
VeRi/image_train/0099_c010_00062530_0.jpg,99,veri,9
VeRi/image_train/0099_c010_00062535_0.jpg,99,veri,9
VeRi/image_train/0099_c010_00062540_0.jpg,99,veri,9
VeRi/image_train/0099_c010_00062545_0.jpg,99,veri,9
VeRi/image_train/0099_c011_00062295_1.jpg,99,veri,10
VeRi/image_train/0099_c011_00062320_0.jpg,99,veri,10
VeRi/image_train/0099_c011_00062340_0.jpg,99,veri,10
VeRi/image_train/0099_c011_00062355_0.jpg,99,veri,10
VeRi/image_train/0099_c011_00062365_0.jpg,99,veri,10
VeRi/image_train/0099_c011_00062375_0.jpg,99,veri,10
VeRi/image_train/0099_c012_00044390_0.jpg,99,veri,11
VeRi/image_train/0099_c012_00044395_0.jpg,99,veri,11
VeRi/image_train/0099_c012_00044400_0.jpg,99,veri,11
VeRi/image_train/0099_c012_00044405_0.jpg,99,veri,11
VeRi/image_train/0099_c012_00044410_0.jpg,99,veri,11
VeRi/image_train/0099_c012_00044415_0.jpg,99,veri,11
VeRi/image_train/0099_c012_00059355_0.jpg,99,veri,11
VeRi/image_train/0099_c012_00059365_0.jpg,99,veri,11
VeRi/image_train/0099_c012_00059380_0.jpg,99,veri,11
VeRi/image_train/0099_c012_00059395_0.jpg,99,veri,11
VeRi/image_train/0099_c012_00059400_0.jpg,99,veri,11
VeRi/image_train/0099_c012_00059405_0.jpg,99,veri,11
VeRi/image_train/0099_c013_00044470_0.jpg,99,veri,12
VeRi/image_train/0099_c013_00044480_0.jpg,99,veri,12
VeRi/image_train/0099_c013_00044490_0.jpg,99,veri,12
VeRi/image_train/0099_c013_00044505_0.jpg,99,veri,12
VeRi/image_train/0099_c013_00044540_0.jpg,99,veri,12
VeRi/image_train/0099_c013_00045975_0.jpg,99,veri,12
VeRi/image_train/0099_c013_00045980_0.jpg,99,veri,12
VeRi/image_train/0099_c013_00045985_0.jpg,99,veri,12
VeRi/image_train/0099_c013_00045990_0.jpg,99,veri,12
VeRi/image_train/0099_c013_00045995_0.jpg,99,veri,12
VeRi/image_train/0099_c013_00046000_0.jpg,99,veri,12
VeRi/image_train/0099_c013_00059475_0.jpg,99,veri,12
VeRi/image_train/0099_c013_00059480_0.jpg,99,veri,12
VeRi/image_train/0099_c013_00059485_0.jpg,99,veri,12
VeRi/image_train/0099_c013_00059490_0.jpg,99,veri,12
VeRi/image_train/0099_c013_00059495_0.jpg,99,veri,12
VeRi/image_train/0099_c013_00059500_0.jpg,99,veri,12
VeRi/image_train/0099_c014_00042545_0.jpg,99,veri,13
VeRi/image_train/0099_c014_00042590_0.jpg,99,veri,13
VeRi/image_train/0099_c014_00042595_0.jpg,99,veri,13
VeRi/image_train/0099_c014_00042600_0.jpg,99,veri,13
VeRi/image_train/0099_c014_00042605_0.jpg,99,veri,13
VeRi/image_train/0099_c014_00042610_0.jpg,99,veri,13
VeRi/image_train/0099_c015_00042580_0.jpg,99,veri,14
VeRi/image_train/0099_c015_00042585_0.jpg,99,veri,14
VeRi/image_train/0099_c015_00042590_0.jpg,99,veri,14
VeRi/image_train/0099_c015_00042595_0.jpg,99,veri,14
VeRi/image_train/0099_c015_00042600_0.jpg,99,veri,14
VeRi/image_train/0099_c015_00042605_0.jpg,99,veri,14
VeRi/image_train/0099_c016_00042355_0.jpg,99,veri,15
VeRi/image_train/0099_c016_00042360_0.jpg,99,veri,15
VeRi/image_train/0099_c016_00042365_0.jpg,99,veri,15
VeRi/image_train/0099_c016_00042370_1.jpg,99,veri,15
VeRi/image_train/0099_c016_00042375_1.jpg,99,veri,15
VeRi/image_train/0099_c016_00042380_0.jpg,99,veri,15
VeRi/image_train/0099_c017_00043610_0.jpg,99,veri,16
VeRi/image_train/0099_c017_00043620_0.jpg,99,veri,16
VeRi/image_train/0099_c017_00043630_0.jpg,99,veri,16
VeRi/image_train/0099_c017_00043675_0.jpg,99,veri,16
VeRi/image_train/0099_c017_00043690_0.jpg,99,veri,16
VeRi/image_train/0099_c017_00043750_0.jpg,99,veri,16
