path,original_pid,source_dataset,camid
market1501/bounding_box_train/1002_c1s6_021221_04.jpg,1002,market1501,0
market1501/bounding_box_train/1002_c1s6_030221_05.jpg,1002,market1501,0
market1501/bounding_box_train/1002_c2s3_063652_02.jpg,1002,market1501,1
market1501/bounding_box_train/1002_c2s3_063677_01.jpg,1002,market1501,1
market1501/bounding_box_train/1002_c2s3_072677_02.jpg,1002,market1501,1
market1501/bounding_box_train/1002_c3s3_069994_03.jpg,1002,market1501,2
market1501/bounding_box_train/1002_c3s3_070019_04.jpg,1002,market1501,2
market1501/bounding_box_train/1002_c3s3_078519_01.jpg,1002,market1501,2
market1501/bounding_box_train/1002_c6s3_093792_01.jpg,1002,market1501,5
market1501/bounding_box_train/1002_c6s3_093817_01.jpg,1002,market1501,5
market1501/bounding_box_train/1018_c1s4_070511_02.jpg,1018,market1501,0
market1501/bounding_box_train/1018_c1s4_070611_01.jpg,1018,market1501,0
market1501/bounding_box_train/1018_c1s4_070661_01.jpg,1018,market1501,0
market1501/bounding_box_train/1018_c2s2_127902_02.jpg,1018,market1501,1
market1501/bounding_box_train/1018_c2s2_127977_03.jpg,1018,market1501,1
market1501/bounding_box_train/1018_c4s4_070691_01.jpg,1018,market1501,3
market1501/bounding_box_train/1018_c4s4_070741_01.jpg,1018,market1501,3
market1501/bounding_box_train/1018_c5s2_131624_02.jpg,1018,market1501,4
market1501/bounding_box_train/1018_c5s2_131774_01.jpg,1018,market1501,4
market1501/bounding_box_train/1018_c5s2_131849_01.jpg,1018,market1501,4
market1501/bounding_box_train/1018_c6s2_125343_01.jpg,1018,market1501,5
market1501/bounding_box_train/1023_c1s4_071311_01.jpg,1023,market1501,0
market1501/bounding_box_train/1023_c1s4_071361_02.jpg,1023,market1501,0
market1501/bounding_box_train/1023_c2s2_128977_05.jpg,1023,market1501,1
market1501/bounding_box_train/1023_c2s2_129052_04.jpg,1023,market1501,1
market1501/bounding_box_train/1023_c3s2_131644_05.jpg,1023,market1501,2
market1501/bounding_box_train/1023_c3s2_131669_05.jpg,1023,market1501,2
market1501/bounding_box_train/1023_c3s2_131669_07.jpg,1023,market1501,2
market1501/bounding_box_train/1023_c3s2_131694_02.jpg,1023,market1501,2
market1501/bounding_box_train/1023_c5s2_132274_04.jpg,1023,market1501,4
market1501/bounding_box_train/1023_c6s2_125693_01.jpg,1023,market1501,5
market1501/bounding_box_train/1023_c6s2_125743_02.jpg,1023,market1501,5
market1501/bounding_box_train/1023_c6s2_125793_01.jpg,1023,market1501,5
market1501/bounding_box_train/1031_c1s4_073211_01.jpg,1031,market1501,0
market1501/bounding_box_train/1031_c1s4_073311_01.jpg,1031,market1501,0
market1501/bounding_box_train/1031_c2s2_130802_07.jpg,1031,market1501,1
market1501/bounding_box_train/1031_c2s2_130827_02.jpg,1031,market1501,1
market1501/bounding_box_train/1031_c3s2_133444_02.jpg,1031,market1501,2
market1501/bounding_box_train/1031_c3s2_133494_07.jpg,1031,market1501,2
market1501/bounding_box_train/1031_c3s2_133544_01.jpg,1031,market1501,2
market1501/bounding_box_train/1031_c5s2_134149_01.jpg,1031,market1501,4
market1501/bounding_box_train/1031_c5s2_134174_01.jpg,1031,market1501,4
market1501/bounding_box_train/1031_c5s2_134174_07.jpg,1031,market1501,4
market1501/bounding_box_train/1031_c6s2_127543_01.jpg,1031,market1501,5
market1501/bounding_box_train/1031_c6s2_127618_01.jpg,1031,market1501,5
market1501/bounding_box_train/1031_c6s2_127643_01.jpg,1031,market1501,5
market1501/bounding_box_train/1031_c6s2_127668_03.jpg,1031,market1501,5
market1501/bounding_box_train/1032_c1s4_073311_02.jpg,1032,market1501,0
market1501/bounding_box_train/1032_c1s4_073311_09.jpg,1032,market1501,0
market1501/bounding_box_train/1032_c1s4_073361_01.jpg,1032,market1501,0
market1501/bounding_box_train/1032_c1s4_073361_04.jpg,1032,market1501,0
market1501/bounding_box_train/1032_c2s2_130852_02.jpg,1032,market1501,1
market1501/bounding_box_train/1032_c2s2_130877_04.jpg,1032,market1501,1
market1501/bounding_box_train/1032_c3s2_133494_02.jpg,1032,market1501,2
market1501/bounding_box_train/1032_c3s2_133519_06.jpg,1032,market1501,2
market1501/bounding_box_train/1032_c3s2_133544_06.jpg,1032,market1501,2
market1501/bounding_box_train/1032_c5s2_134174_03.jpg,1032,market1501,4
market1501/bounding_box_train/1032_c5s2_134199_07.jpg,1032,market1501,4
market1501/bounding_box_train/1032_c6s2_127618_02.jpg,1032,market1501,5
market1501/bounding_box_train/1032_c6s2_127643_02.jpg,1032,market1501,5
market1501/bounding_box_train/1032_c6s2_127718_01.jpg,1032,market1501,5
market1501/bounding_box_train/1032_c6s2_127718_06.jpg,1032,market1501,5
market1501/bounding_box_train/0104_c1s1_017676_02.jpg,104,market1501,0
market1501/bounding_box_train/0104_c1s1_017826_01.jpg,104,market1501,0
market1501/bounding_box_train/0104_c1s1_017851_01.jpg,104,market1501,0
market1501/bounding_box_train/0104_c1s1_019601_03.jpg,104,market1501,0
market1501/bounding_box_train/0104_c1s1_019776_01.jpg,104,market1501,0
market1501/bounding_box_train/0104_c1s2_018591_01.jpg,104,market1501,0
market1501/bounding_box_train/0104_c2s1_016651_01.jpg,104,market1501,1
market1501/bounding_box_train/0104_c2s1_016901_01.jpg,104,market1501,1
market1501/bounding_box_train/0104_c2s1_017176_01.jpg,104,market1501,1
market1501/bounding_box_train/0104_c2s1_090846_01.jpg,104,market1501,1
market1501/bounding_box_train/0104_c3s1_017076_02.jpg,104,market1501,2
market1501/bounding_box_train/0104_c3s1_017426_02.jpg,104,market1501,2
market1501/bounding_box_train/0104_c3s1_017526_02.jpg,104,market1501,2
market1501/bounding_box_train/0104_c3s1_018926_01.jpg,104,market1501,2
market1501/bounding_box_train/0104_c3s1_018976_01.jpg,104,market1501,2
market1501/bounding_box_train/0104_c3s1_019026_01.jpg,104,market1501,2
market1501/bounding_box_train/0104_c3s1_091117_01.jpg,104,market1501,2
market1501/bounding_box_train/0104_c3s1_092042_05.jpg,104,market1501,2
market1501/bounding_box_train/0104_c4s2_019817_01.jpg,104,market1501,3
market1501/bounding_box_train/0104_c4s2_019867_01.jpg,104,market1501,3
market1501/bounding_box_train/0104_c4s2_019992_01.jpg,104,market1501,3
market1501/bounding_box_train/0104_c4s2_019992_05.jpg,104,market1501,3
market1501/bounding_box_train/0104_c5s1_017701_02.jpg,104,market1501,4
market1501/bounding_box_train/0104_c5s1_017826_01.jpg,104,market1501,4
market1501/bounding_box_train/0104_c5s1_017951_02.jpg,104,market1501,4
market1501/bounding_box_train/0104_c5s1_019776_01.jpg,104,market1501,4
market1501/bounding_box_train/0104_c5s1_019876_01.jpg,104,market1501,4
market1501/bounding_box_train/0104_c5s1_019951_01.jpg,104,market1501,4
market1501/bounding_box_train/0104_c5s1_020001_01.jpg,104,market1501,4
market1501/bounding_box_train/0104_c5s1_091448_04.jpg,104,market1501,4
market1501/bounding_box_train/0104_c5s1_092748_04.jpg,104,market1501,4
market1501/bounding_box_train/0104_c5s1_092773_04.jpg,104,market1501,4
market1501/bounding_box_train/0104_c5s1_092798_06.jpg,104,market1501,4
market1501/bounding_box_train/0104_c6s1_018001_01.jpg,104,market1501,5
market1501/bounding_box_train/0104_c6s1_018026_01.jpg,104,market1501,5
market1501/bounding_box_train/0104_c6s1_018026_04.jpg,104,market1501,5
market1501/bounding_box_train/0104_c6s1_018051_01.jpg,104,market1501,5
market1501/bounding_box_train/0104_c6s1_018076_01.jpg,104,market1501,5
market1501/bounding_box_train/0104_c6s1_018101_01.jpg,104,market1501,5
market1501/bounding_box_train/0104_c6s1_018126_01.jpg,104,market1501,5
market1501/bounding_box_train/0104_c6s1_019201_02.jpg,104,market1501,5
market1501/bounding_box_train/0104_c6s1_019226_03.jpg,104,market1501,5
market1501/bounding_box_train/0104_c6s1_019251_02.jpg,104,market1501,5
market1501/bounding_box_train/0104_c6s1_019276_01.jpg,104,market1501,5
market1501/bounding_box_train/0104_c6s1_019301_01.jpg,104,market1501,5
market1501/bounding_box_train/0104_c6s1_019326_01.jpg,104,market1501,5
market1501/bounding_box_train/0104_c6s1_019351_01.jpg,104,market1501,5
market1501/bounding_box_train/0104_c6s1_019401_03.jpg,104,market1501,5
market1501/bounding_box_train/0104_c6s1_019426_03.jpg,104,market1501,5
market1501/bounding_box_train/0104_c6s1_019476_04.jpg,104,market1501,5
market1501/bounding_box_train/1051_c2s2_133402_01.jpg,1051,market1501,1
market1501/bounding_box_train/1051_c3s2_136194_02.jpg,1051,market1501,2
market1501/bounding_box_train/1051_c3s2_136219_02.jpg,1051,market1501,2
market1501/bounding_box_train/1051_c6s2_130268_01.jpg,1051,market1501,5
market1501/bounding_box_train/1051_c6s2_130293_01.jpg,1051,market1501,5
market1501/bounding_box_train/1051_c6s2_130318_02.jpg,1051,market1501,5
market1501/bounding_box_train/1051_c6s2_130343_04.jpg,1051,market1501,5
market1501/bounding_box_train/1056_c1s5_003061_02.jpg,1056,market1501,0
market1501/bounding_box_train/1056_c1s5_003211_01.jpg,1056,market1501,0
market1501/bounding_box_train/1056_c3s2_138644_03.jpg,1056,market1501,2
market1501/bounding_box_train/1056_c3s2_138769_04.jpg,1056,market1501,2
market1501/bounding_box_train/1056_c3s2_138794_02.jpg,1056,market1501,2
market1501/bounding_box_train/1056_c5s2_139099_01.jpg,1056,market1501,4
market1501/bounding_box_train/1056_c5s2_139174_01.jpg,1056,market1501,4
market1501/bounding_box_train/1056_c5s2_139274_03.jpg,1056,market1501,4
market1501/bounding_box_train/1056_c6s3_000517_01.jpg,1056,market1501,5
market1501/bounding_box_train/1056_c6s3_000567_01.jpg,1056,market1501,5
market1501/bounding_box_train/1056_c6s3_000667_01.jpg,1056,market1501,5
market1501/bounding_box_train/1056_c6s3_000717_01.jpg,1056,market1501,5
market1501/bounding_box_train/1056_c6s3_000717_04.jpg,1056,market1501,5
market1501/bounding_box_train/1056_c6s3_000742_02.jpg,1056,market1501,5
market1501/bounding_box_train/1078_c1s5_008761_01.jpg,1078,market1501,0
market1501/bounding_box_train/1078_c2s2_141352_03.jpg,1078,market1501,1
market1501/bounding_box_train/1078_c2s2_141377_03.jpg,1078,market1501,1
market1501/bounding_box_train/1078_c3s2_144069_01.jpg,1078,market1501,2
market1501/bounding_box_train/1078_c3s2_144094_01.jpg,1078,market1501,2
market1501/bounding_box_train/1078_c3s2_144119_02.jpg,1078,market1501,2
market1501/bounding_box_train/1078_c4s5_008004_01.jpg,1078,market1501,3
market1501/bounding_box_train/1078_c4s5_008129_02.jpg,1078,market1501,3
market1501/bounding_box_train/1078_c5s2_144524_01.jpg,1078,market1501,4
market1501/bounding_box_train/1078_c5s2_144549_01.jpg,1078,market1501,4
market1501/bounding_box_train/1078_c5s2_144574_01.jpg,1078,market1501,4
market1501/bounding_box_train/0108_c1s1_018301_03.jpg,108,market1501,0
market1501/bounding_box_train/0108_c1s1_018351_03.jpg,108,market1501,0
market1501/bounding_box_train/0108_c2s1_017626_03.jpg,108,market1501,1
market1501/bounding_box_train/0108_c2s1_017626_07.jpg,108,market1501,1
market1501/bounding_box_train/0108_c4s1_018251_04.jpg,108,market1501,3
market1501/bounding_box_train/0108_c4s1_018301_03.jpg,108,market1501,3
market1501/bounding_box_train/1080_c2s2_141527_01.jpg,1080,market1501,1
market1501/bounding_box_train/1080_c2s2_141552_01.jpg,1080,market1501,1
market1501/bounding_box_train/1080_c2s2_141677_01.jpg,1080,market1501,1
market1501/bounding_box_train/1080_c3s2_144269_01.jpg,1080,market1501,2
market1501/bounding_box_train/1080_c3s2_144294_01.jpg,1080,market1501,2
market1501/bounding_box_train/1080_c3s2_144344_01.jpg,1080,market1501,2
market1501/bounding_box_train/1080_c6s3_006117_01.jpg,1080,market1501,5
market1501/bounding_box_train/1080_c6s3_006142_01.jpg,1080,market1501,5
market1501/bounding_box_train/1080_c6s3_006167_01.jpg,1080,market1501,5
market1501/bounding_box_train/1080_c6s3_006192_05.jpg,1080,market1501,5
market1501/bounding_box_train/1086_c1s5_010586_01.jpg,1086,market1501,0
market1501/bounding_box_train/1086_c1s5_010686_01.jpg,1086,market1501,0
market1501/bounding_box_train/1086_c1s5_010686_05.jpg,1086,market1501,0
market1501/bounding_box_train/1086_c1s5_010711_03.jpg,1086,market1501,0
market1501/bounding_box_train/1086_c1s5_015236_04.jpg,1086,market1501,0
market1501/bounding_box_train/1086_c1s5_015286_03.jpg,1086,market1501,0
market1501/bounding_box_train/1086_c3s2_146044_01.jpg,1086,market1501,2
market1501/bounding_box_train/1086_c3s2_146219_01.jpg,1086,market1501,2
market1501/bounding_box_train/1086_c3s2_146244_02.jpg,1086,market1501,2
market1501/bounding_box_train/1086_c3s2_150494_03.jpg,1086,market1501,2
market1501/bounding_box_train/1086_c3s2_150519_01.jpg,1086,market1501,2
market1501/bounding_box_train/1086_c3s2_150569_02.jpg,1086,market1501,2
market1501/bounding_box_train/1086_c5s2_146624_01.jpg,1086,market1501,4
market1501/bounding_box_train/1086_c5s2_146724_02.jpg,1086,market1501,4
market1501/bounding_box_train/1086_c5s2_146749_01.jpg,1086,market1501,4
market1501/bounding_box_train/1086_c5s2_151149_02.jpg,1086,market1501,4
market1501/bounding_box_train/1086_c5s2_151299_01.jpg,1086,market1501,4
market1501/bounding_box_train/1086_c6s3_008067_01.jpg,1086,market1501,5
market1501/bounding_box_train/1086_c6s3_008117_01.jpg,1086,market1501,5
market1501/bounding_box_train/1086_c6s3_008142_02.jpg,1086,market1501,5
market1501/bounding_box_train/1086_c6s3_012367_01.jpg,1086,market1501,5
market1501/bounding_box_train/1086_c6s3_012392_01.jpg,1086,market1501,5
market1501/bounding_box_train/1088_c1s5_010711_02.jpg,1088,market1501,0
market1501/bounding_box_train/1088_c1s5_010736_01.jpg,1088,market1501,0
market1501/bounding_box_train/1088_c1s5_019236_01.jpg,1088,market1501,0
market1501/bounding_box_train/1088_c1s5_019261_01.jpg,1088,market1501,0
market1501/bounding_box_train/1088_c1s5_019261_05.jpg,1088,market1501,0
market1501/bounding_box_train/1088_c2s2_143077_02.jpg,1088,market1501,1
market1501/bounding_box_train/1088_c2s2_143152_02.jpg,1088,market1501,1
market1501/bounding_box_train/1088_c2s2_151652_04.jpg,1088,market1501,1
market1501/bounding_box_train/1088_c2s2_151702_05.jpg,1088,market1501,1
market1501/bounding_box_train/1088_c2s2_151702_06.jpg,1088,market1501,1
market1501/bounding_box_train/1088_c3s2_146344_01.jpg,1088,market1501,2
market1501/bounding_box_train/1088_c3s2_146369_03.jpg,1088,market1501,2
market1501/bounding_box_train/1088_c3s2_154394_05.jpg,1088,market1501,2
market1501/bounding_box_train/1088_c3s2_154419_06.jpg,1088,market1501,2
market1501/bounding_box_train/1091_c1s6_021746_01.jpg,1091,market1501,0
market1501/bounding_box_train/1091_c2s3_064177_01.jpg,1091,market1501,1
market1501/bounding_box_train/1091_c2s3_064177_08.jpg,1091,market1501,1
market1501/bounding_box_train/1091_c2s3_064202_01.jpg,1091,market1501,1
market1501/bounding_box_train/1091_c2s3_064202_04.jpg,1091,market1501,1
market1501/bounding_box_train/1091_c2s3_064252_01.jpg,1091,market1501,1
market1501/bounding_box_train/1091_c3s3_070494_02.jpg,1091,market1501,2
market1501/bounding_box_train/1091_c3s3_070569_01.jpg,1091,market1501,2
market1501/bounding_box_train/1091_c5s3_070812_03.jpg,1091,market1501,4
market1501/bounding_box_train/1091_c6s3_094267_02.jpg,1091,market1501,5
market1501/bounding_box_train/1091_c6s3_094292_01.jpg,1091,market1501,5
market1501/bounding_box_train/1091_c6s3_094292_05.jpg,1091,market1501,5
market1501/bounding_box_train/1093_c2s2_142452_07.jpg,1093,market1501,1
market1501/bounding_box_train/1093_c2s2_142502_03.jpg,1093,market1501,1
market1501/bounding_box_train/1093_c2s2_142502_05.jpg,1093,market1501,1
market1501/bounding_box_train/1093_c2s2_156327_01.jpg,1093,market1501,1
market1501/bounding_box_train/1093_c2s2_156402_04.jpg,1093,market1501,1
market1501/bounding_box_train/1093_c3s2_145669_02.jpg,1093,market1501,2
market1501/bounding_box_train/1093_c3s2_145719_02.jpg,1093,market1501,2
market1501/bounding_box_train/1093_c3s2_159044_02.jpg,1093,market1501,2
market1501/bounding_box_train/1093_c3s2_159094_03.jpg,1093,market1501,2
market1501/bounding_box_train/1093_c5s2_146099_03.jpg,1093,market1501,4
market1501/bounding_box_train/1093_c6s3_007642_03.jpg,1093,market1501,5
market1501/bounding_box_train/1093_c6s3_020892_01.jpg,1093,market1501,5
market1501/bounding_box_train/1093_c6s3_020917_01.jpg,1093,market1501,5
market1501/bounding_box_train/1093_c6s3_020967_03.jpg,1093,market1501,5
market1501/bounding_box_train/1098_c1s6_038821_01.jpg,1098,market1501,0
market1501/bounding_box_train/1098_c2s3_080777_04.jpg,1098,market1501,1
market1501/bounding_box_train/1098_c2s3_080852_05.jpg,1098,market1501,1
market1501/bounding_box_train/1098_c2s3_081152_09.jpg,1098,market1501,1
market1501/bounding_box_train/1098_c2s3_081252_01.jpg,1098,market1501,1
market1501/bounding_box_train/1098_c2s3_081302_01.jpg,1098,market1501,1
market1501/bounding_box_train/1098_c2s3_081327_01.jpg,1098,market1501,1
market1501/bounding_box_train/1098_c2s3_081352_04.jpg,1098,market1501,1
market1501/bounding_box_train/1098_c3s3_087219_05.jpg,1098,market1501,2
market1501/bounding_box_train/1098_c3s3_087344_01.jpg,1098,market1501,2
market1501/bounding_box_train/1098_c3s3_087594_01.jpg,1098,market1501,2
market1501/bounding_box_train/1098_c5s3_087937_02.jpg,1098,market1501,4
market1501/bounding_box_train/1098_c5s3_087962_01.jpg,1098,market1501,4
market1501/bounding_box_train/1098_c6s4_014052_02.jpg,1098,market1501,5
market1501/bounding_box_train/1098_c6s4_014077_01.jpg,1098,market1501,5
market1501/bounding_box_train/1098_c6s4_014077_03.jpg,1098,market1501,5
market1501/bounding_box_train/1099_c1s5_013086_03.jpg,1099,market1501,0
market1501/bounding_box_train/1099_c1s5_013111_02.jpg,1099,market1501,0
market1501/bounding_box_train/1099_c2s2_145802_01.jpg,1099,market1501,1
market1501/bounding_box_train/1099_c2s2_145927_04.jpg,1099,market1501,1
market1501/bounding_box_train/1099_c3s2_148694_02.jpg,1099,market1501,2
market1501/bounding_box_train/1110_c1s5_016211_01.jpg,1110,market1501,0
market1501/bounding_box_train/1110_c2s2_148552_01.jpg,1110,market1501,1
market1501/bounding_box_train/1110_c2s2_148652_05.jpg,1110,market1501,1
market1501/bounding_box_train/1110_c3s2_151794_03.jpg,1110,market1501,2
market1501/bounding_box_train/1110_c3s2_151869_02.jpg,1110,market1501,2
market1501/bounding_box_train/1110_c5s2_152174_03.jpg,1110,market1501,4
market1501/bounding_box_train/1110_c5s2_152174_12.jpg,1110,market1501,4
market1501/bounding_box_train/1110_c6s3_013767_02.jpg,1110,market1501,5
market1501/bounding_box_train/1110_c6s3_013792_01.jpg,1110,market1501,5
market1501/bounding_box_train/1110_c6s3_013817_01.jpg,1110,market1501,5
market1501/bounding_box_train/1111_c1s5_016336_02.jpg,1111,market1501,0
market1501/bounding_box_train/1111_c1s5_016336_04.jpg,1111,market1501,0
market1501/bounding_box_train/1111_c1s5_016361_01.jpg,1111,market1501,0
market1501/bounding_box_train/1111_c1s5_024211_02.jpg,1111,market1501,0
market1501/bounding_box_train/1111_c1s5_024261_01.jpg,1111,market1501,0
market1501/bounding_box_train/1111_c2s2_148702_04.jpg,1111,market1501,1
market1501/bounding_box_train/1111_c2s2_148802_01.jpg,1111,market1501,1
market1501/bounding_box_train/1111_c3s2_151919_03.jpg,1111,market1501,2
market1501/bounding_box_train/1111_c3s2_151944_02.jpg,1111,market1501,2
market1501/bounding_box_train/1111_c3s2_151969_01.jpg,1111,market1501,2
market1501/bounding_box_train/1111_c3s2_159519_03.jpg,1111,market1501,2
market1501/bounding_box_train/1111_c3s2_159544_07.jpg,1111,market1501,2
market1501/bounding_box_train/1111_c5s2_152324_01.jpg,1111,market1501,4
market1501/bounding_box_train/1111_c5s2_160199_02.jpg,1111,market1501,4
market1501/bounding_box_train/1111_c6s3_013892_01.jpg,1111,market1501,5
market1501/bounding_box_train/1111_c6s3_013917_01.jpg,1111,market1501,5
market1501/bounding_box_train/1111_c6s3_021367_01.jpg,1111,market1501,5
market1501/bounding_box_train/1111_c6s3_021367_04.jpg,1111,market1501,5
market1501/bounding_box_train/1111_c6s3_021392_01.jpg,1111,market1501,5
market1501/bounding_box_train/1111_c6s3_021442_01.jpg,1111,market1501,5
market1501/bounding_box_train/1112_c1s5_016461_01.jpg,1112,market1501,0
market1501/bounding_box_train/1112_c1s5_016511_01.jpg,1112,market1501,0
market1501/bounding_box_train/1112_c1s5_016561_07.jpg,1112,market1501,0
market1501/bounding_box_train/1112_c2s2_149052_01.jpg,1112,market1501,1
market1501/bounding_box_train/1112_c2s2_149052_04.jpg,1112,market1501,1
market1501/bounding_box_train/1112_c3s2_151769_03.jpg,1112,market1501,2
market1501/bounding_box_train/1112_c3s2_151794_02.jpg,1112,market1501,2
market1501/bounding_box_train/1112_c3s2_151844_01.jpg,1112,market1501,2
market1501/bounding_box_train/1112_c4s5_014204_01.jpg,1112,market1501,3
market1501/bounding_box_train/1112_c4s5_014304_01.jpg,1112,market1501,3
market1501/bounding_box_train/1112_c5s2_152199_03.jpg,1112,market1501,4
market1501/bounding_box_train/1112_c5s2_152199_10.jpg,1112,market1501,4
market1501/bounding_box_train/1112_c5s2_152324_03.jpg,1112,market1501,4
market1501/bounding_box_train/1112_c5s2_152324_06.jpg,1112,market1501,4
market1501/bounding_box_train/1112_c6s3_013592_02.jpg,1112,market1501,5
market1501/bounding_box_train/1112_c6s3_013617_01.jpg,1112,market1501,5
market1501/bounding_box_train/1112_c6s3_013642_01.jpg,1112,market1501,5
market1501/bounding_box_train/1116_c1s5_017061_02.jpg,1116,market1501,0
market1501/bounding_box_train/1116_c1s5_017161_02.jpg,1116,market1501,0
market1501/bounding_box_train/1116_c1s5_017186_01.jpg,1116,market1501,0
market1501/bounding_box_train/1116_c1s5_017211_02.jpg,1116,market1501,0
market1501/bounding_box_train/1116_c1s5_017236_03.jpg,1116,market1501,0
market1501/bounding_box_train/1116_c1s5_017236_04.jpg,1116,market1501,0
market1501/bounding_box_train/1116_c2s2_149627_01.jpg,1116,market1501,1
market1501/bounding_box_train/1116_c2s2_149652_01.jpg,1116,market1501,1
market1501/bounding_box_train/1116_c2s2_149727_01.jpg,1116,market1501,1
market1501/bounding_box_train/1116_c3s2_152344_01.jpg,1116,market1501,2
market1501/bounding_box_train/1116_c3s2_152419_01.jpg,1116,market1501,2
market1501/bounding_box_train/1116_c3s2_152444_02.jpg,1116,market1501,2
market1501/bounding_box_train/1116_c4s5_016354_03.jpg,1116,market1501,3
market1501/bounding_box_train/1116_c4s5_016404_04.jpg,1116,market1501,3
market1501/bounding_box_train/1116_c5s2_152899_01.jpg,1116,market1501,4
market1501/bounding_box_train/1116_c5s2_152924_02.jpg,1116,market1501,4
market1501/bounding_box_train/1116_c6s3_014217_03.jpg,1116,market1501,5
market1501/bounding_box_train/1117_c1s5_018061_03.jpg,1117,market1501,0
market1501/bounding_box_train/1117_c1s5_029286_01.jpg,1117,market1501,0
market1501/bounding_box_train/1117_c2s2_150477_01.jpg,1117,market1501,1
market1501/bounding_box_train/1117_c2s2_150477_06.jpg,1117,market1501,1
market1501/bounding_box_train/1117_c2s2_150502_01.jpg,1117,market1501,1
market1501/bounding_box_train/1117_c2s2_161677_01.jpg,1117,market1501,1
market1501/bounding_box_train/1117_c2s2_161702_01.jpg,1117,market1501,1
market1501/bounding_box_train/1117_c3s2_153644_01.jpg,1117,market1501,2
market1501/bounding_box_train/1117_c3s2_153669_01.jpg,1117,market1501,2
market1501/bounding_box_train/1117_c3s2_153694_01.jpg,1117,market1501,2
market1501/bounding_box_train/1117_c3s3_002737_02.jpg,1117,market1501,2
market1501/bounding_box_train/1117_c3s3_002762_02.jpg,1117,market1501,2
market1501/bounding_box_train/1117_c5s2_154074_01.jpg,1117,market1501,4
market1501/bounding_box_train/1117_c6s3_015592_04.jpg,1117,market1501,5
market1501/bounding_box_train/1117_c6s3_015617_02.jpg,1117,market1501,5
market1501/bounding_box_train/1117_c6s3_026342_01.jpg,1117,market1501,5
market1501/bounding_box_train/1117_c6s3_026392_01.jpg,1117,market1501,5
market1501/bounding_box_train/1127_c1s5_024211_03.jpg,1127,market1501,0
market1501/bounding_box_train/1127_c3s2_157344_01.jpg,1127,market1501,2
market1501/bounding_box_train/1127_c3s2_157369_01.jpg,1127,market1501,2
market1501/bounding_box_train/1127_c3s2_159519_06.jpg,1127,market1501,2
market1501/bounding_box_train/1127_c3s2_159544_01.jpg,1127,market1501,2
market1501/bounding_box_train/1127_c3s2_159544_08.jpg,1127,market1501,2
market1501/bounding_box_train/1127_c5s2_157774_03.jpg,1127,market1501,4
market1501/bounding_box_train/1127_c5s2_157774_04.jpg,1127,market1501,4
market1501/bounding_box_train/1127_c5s2_160199_03.jpg,1127,market1501,4
market1501/bounding_box_train/1127_c5s2_160199_05.jpg,1127,market1501,4
market1501/bounding_box_train/1127_c6s3_019292_01.jpg,1127,market1501,5
market1501/bounding_box_train/1127_c6s3_019317_01.jpg,1127,market1501,5
market1501/bounding_box_train/1127_c6s3_021367_02.jpg,1127,market1501,5
market1501/bounding_box_train/1127_c6s3_021392_03.jpg,1127,market1501,5
market1501/bounding_box_train/1127_c6s3_021442_03.jpg,1127,market1501,5
market1501/bounding_box_train/1135_c1s5_022436_02.jpg,1135,market1501,0
market1501/bounding_box_train/1135_c1s5_022486_01.jpg,1135,market1501,0
market1501/bounding_box_train/1135_c1s5_022536_01.jpg,1135,market1501,0
market1501/bounding_box_train/1135_c1s5_022561_02.jpg,1135,market1501,0
market1501/bounding_box_train/1135_c1s5_025736_01.jpg,1135,market1501,0
market1501/bounding_box_train/1135_c1s5_025786_01.jpg,1135,market1501,0
market1501/bounding_box_train/1135_c3s2_157944_01.jpg,1135,market1501,2
market1501/bounding_box_train/1135_c3s2_158069_05.jpg,1135,market1501,2
market1501/bounding_box_train/1135_c3s2_158094_04.jpg,1135,market1501,2
market1501/bounding_box_train/1135_c3s2_158119_04.jpg,1135,market1501,2
market1501/bounding_box_train/1135_c3s2_161194_01.jpg,1135,market1501,2
market1501/bounding_box_train/1135_c3s2_161219_01.jpg,1135,market1501,2
market1501/bounding_box_train/1135_c5s2_158499_01.jpg,1135,market1501,4
market1501/bounding_box_train/1135_c5s2_158599_02.jpg,1135,market1501,4
market1501/bounding_box_train/1135_c5s2_161674_03.jpg,1135,market1501,4
market1501/bounding_box_train/1135_c5s2_161724_01.jpg,1135,market1501,4
market1501/bounding_box_train/1135_c5s2_161724_04.jpg,1135,market1501,4
market1501/bounding_box_train/1135_c6s3_020017_01.jpg,1135,market1501,5
market1501/bounding_box_train/1135_c6s3_020042_03.jpg,1135,market1501,5
market1501/bounding_box_train/1135_c6s3_023017_01.jpg,1135,market1501,5
market1501/bounding_box_train/1135_c6s3_023017_03.jpg,1135,market1501,5
market1501/bounding_box_train/1135_c6s3_023042_01.jpg,1135,market1501,5
market1501/bounding_box_train/1135_c6s3_023042_03.jpg,1135,market1501,5
market1501/bounding_box_train/1135_c6s3_023092_02.jpg,1135,market1501,5
market1501/bounding_box_train/1135_c6s3_045592_01.jpg,1135,market1501,5
market1501/bounding_box_train/0116_c1s1_018751_01.jpg,116,market1501,0
market1501/bounding_box_train/0116_c1s1_018776_01.jpg,116,market1501,0
market1501/bounding_box_train/0116_c1s1_019376_01.jpg,116,market1501,0
market1501/bounding_box_train/0116_c1s1_019426_01.jpg,116,market1501,0
market1501/bounding_box_train/0116_c1s4_024456_01.jpg,116,market1501,0
market1501/bounding_box_train/0116_c1s4_024481_04.jpg,116,market1501,0
market1501/bounding_box_train/0116_c2s2_082007_03.jpg,116,market1501,1
market1501/bounding_box_train/0116_c3s1_018326_04.jpg,116,market1501,2
market1501/bounding_box_train/0116_c3s1_018926_02.jpg,116,market1501,2
market1501/bounding_box_train/0116_c3s1_019076_01.jpg,116,market1501,2
market1501/bounding_box_train/0116_c3s2_084953_02.jpg,116,market1501,2
market1501/bounding_box_train/0116_c3s2_085453_04.jpg,116,market1501,2
market1501/bounding_box_train/0116_c4s2_029117_03.jpg,116,market1501,3
market1501/bounding_box_train/0116_c4s2_029142_03.jpg,116,market1501,3
market1501/bounding_box_train/0116_c4s3_074685_02.jpg,116,market1501,3
market1501/bounding_box_train/0116_c4s3_074735_03.jpg,116,market1501,3
market1501/bounding_box_train/0116_c4s3_074760_01.jpg,116,market1501,3
market1501/bounding_box_train/0116_c4s3_074785_01.jpg,116,market1501,3
market1501/bounding_box_train/0116_c4s3_074810_02.jpg,116,market1501,3
market1501/bounding_box_train/0116_c5s1_019201_04.jpg,116,market1501,4
market1501/bounding_box_train/0116_c5s1_019276_08.jpg,116,market1501,4
market1501/bounding_box_train/0116_c5s1_019301_07.jpg,116,market1501,4
market1501/bounding_box_train/0116_c5s1_019376_01.jpg,116,market1501,4
market1501/bounding_box_train/0116_c5s1_019526_01.jpg,116,market1501,4
market1501/bounding_box_train/0116_c5s1_019551_01.jpg,116,market1501,4
market1501/bounding_box_train/0116_c5s1_101973_01.jpg,116,market1501,4
market1501/bounding_box_train/0116_c5s1_102023_01.jpg,116,market1501,4
market1501/bounding_box_train/0116_c6s1_018901_07.jpg,116,market1501,5
market1501/bounding_box_train/0116_c6s1_019351_03.jpg,116,market1501,5
market1501/bounding_box_train/0116_c6s1_019351_06.jpg,116,market1501,5
market1501/bounding_box_train/0116_c6s1_019376_06.jpg,116,market1501,5
market1501/bounding_box_train/0116_c6s1_019401_01.jpg,116,market1501,5
market1501/bounding_box_train/0116_c6s1_019426_01.jpg,116,market1501,5
market1501/bounding_box_train/0116_c6s1_019451_01.jpg,116,market1501,5
market1501/bounding_box_train/0116_c6s1_019476_03.jpg,116,market1501,5
market1501/bounding_box_train/0116_c6s1_019601_02.jpg,116,market1501,5
market1501/bounding_box_train/0116_c6s2_079618_04.jpg,116,market1501,5
market1501/bounding_box_train/1165_c1s5_029036_01.jpg,1165,market1501,0
market1501/bounding_box_train/1165_c1s5_029086_01.jpg,1165,market1501,0
market1501/bounding_box_train/1165_c1s5_029111_01.jpg,1165,market1501,0
market1501/bounding_box_train/1165_c1s5_029161_02.jpg,1165,market1501,0
market1501/bounding_box_train/1165_c2s2_160977_02.jpg,1165,market1501,1
market1501/bounding_box_train/1165_c3s3_002837_02.jpg,1165,market1501,2
market1501/bounding_box_train/1165_c3s3_002862_01.jpg,1165,market1501,2
market1501/bounding_box_train/1165_c3s3_002912_01.jpg,1165,market1501,2
market1501/bounding_box_train/1165_c5s3_003268_01.jpg,1165,market1501,4
market1501/bounding_box_train/1165_c5s3_003268_02.jpg,1165,market1501,4
market1501/bounding_box_train/1165_c5s3_003293_01.jpg,1165,market1501,4
market1501/bounding_box_train/1165_c5s3_003293_02.jpg,1165,market1501,4
market1501/bounding_box_train/1165_c5s3_030690_05.jpg,1165,market1501,4
market1501/bounding_box_train/1165_c6s3_026567_01.jpg,1165,market1501,5
market1501/bounding_box_train/1165_c6s3_026592_01.jpg,1165,market1501,5
market1501/bounding_box_train/1165_c6s3_026617_01.jpg,1165,market1501,5
market1501/bounding_box_train/0117_c1s1_019576_02.jpg,117,market1501,0
market1501/bounding_box_train/0117_c1s1_019601_02.jpg,117,market1501,0
market1501/bounding_box_train/0117_c2s1_018926_01.jpg,117,market1501,1
market1501/bounding_box_train/0117_c4s1_019551_01.jpg,117,market1501,3
market1501/bounding_box_train/0117_c4s1_019576_02.jpg,117,market1501,3
market1501/bounding_box_train/0117_c4s1_019601_01.jpg,117,market1501,3
market1501/bounding_box_train/1177_c1s5_032861_01.jpg,1177,market1501,0
market1501/bounding_box_train/1177_c1s5_032911_02.jpg,1177,market1501,0
market1501/bounding_box_train/1177_c1s5_045416_01.jpg,1177,market1501,0
market1501/bounding_box_train/1177_c3s3_006737_03.jpg,1177,market1501,2
market1501/bounding_box_train/1177_c3s3_006787_01.jpg,1177,market1501,2
market1501/bounding_box_train/1177_c3s3_018928_02.jpg,1177,market1501,2
market1501/bounding_box_train/1177_c3s3_018953_03.jpg,1177,market1501,2
market1501/bounding_box_train/1177_c4s5_032554_01.jpg,1177,market1501,3
market1501/bounding_box_train/1177_c4s5_032604_01.jpg,1177,market1501,3
market1501/bounding_box_train/1177_c4s5_045485_01.jpg,1177,market1501,3
market1501/bounding_box_train/1177_c4s5_045485_07.jpg,1177,market1501,3
market1501/bounding_box_train/1177_c4s5_045510_01.jpg,1177,market1501,3
market1501/bounding_box_train/1177_c4s5_045585_01.jpg,1177,market1501,3
market1501/bounding_box_train/1177_c5s3_007143_01.jpg,1177,market1501,4
market1501/bounding_box_train/1177_c5s3_007193_01.jpg,1177,market1501,4
market1501/bounding_box_train/1177_c5s3_019565_01.jpg,1177,market1501,4
market1501/bounding_box_train/1177_c5s3_019590_01.jpg,1177,market1501,4
market1501/bounding_box_train/1177_c5s3_019590_04.jpg,1177,market1501,4
market1501/bounding_box_train/1177_c6s3_030342_01.jpg,1177,market1501,5
market1501/bounding_box_train/1177_c6s3_030392_01.jpg,1177,market1501,5
market1501/bounding_box_train/1177_c6s3_030467_01.jpg,1177,market1501,5
market1501/bounding_box_train/1177_c6s3_030492_01.jpg,1177,market1501,5
market1501/bounding_box_train/1177_c6s3_042517_01.jpg,1177,market1501,5
market1501/bounding_box_train/1177_c6s3_042642_05.jpg,1177,market1501,5
market1501/bounding_box_train/1177_c6s3_042667_03.jpg,1177,market1501,5
market1501/bounding_box_train/1177_c6s3_042692_03.jpg,1177,market1501,5
market1501/bounding_box_train/1179_c1s5_032211_03.jpg,1179,market1501,0
market1501/bounding_box_train/1179_c1s5_032261_04.jpg,1179,market1501,0
market1501/bounding_box_train/1179_c1s5_032286_03.jpg,1179,market1501,0
market1501/bounding_box_train/1179_c1s5_038441_04.jpg,1179,market1501,0
market1501/bounding_box_train/1179_c1s5_038541_02.jpg,1179,market1501,0
market1501/bounding_box_train/1179_c2s2_164502_02.jpg,1179,market1501,1
market1501/bounding_box_train/1179_c3s3_006062_04.jpg,1179,market1501,2
market1501/bounding_box_train/1179_c3s3_006112_04.jpg,1179,market1501,2
market1501/bounding_box_train/1179_c3s3_006387_03.jpg,1179,market1501,2
market1501/bounding_box_train/1179_c3s3_011828_02.jpg,1179,market1501,2
market1501/bounding_box_train/1179_c3s3_011903_01.jpg,1179,market1501,2
market1501/bounding_box_train/1179_c4s5_038360_05.jpg,1179,market1501,3
market1501/bounding_box_train/1179_c4s5_038410_03.jpg,1179,market1501,3
market1501/bounding_box_train/1179_c4s5_038435_04.jpg,1179,market1501,3
market1501/bounding_box_train/1179_c5s3_006593_02.jpg,1179,market1501,4
market1501/bounding_box_train/1179_c5s3_006843_03.jpg,1179,market1501,4
market1501/bounding_box_train/1179_c5s3_012565_05.jpg,1179,market1501,4
market1501/bounding_box_train/1179_c5s3_012590_03.jpg,1179,market1501,4
market1501/bounding_box_train/1179_c5s3_012690_07.jpg,1179,market1501,4
market1501/bounding_box_train/1179_c6s3_029942_02.jpg,1179,market1501,5
market1501/bounding_box_train/1179_c6s3_029967_02.jpg,1179,market1501,5
market1501/bounding_box_train/1179_c6s3_030042_02.jpg,1179,market1501,5
market1501/bounding_box_train/1179_c6s3_030042_05.jpg,1179,market1501,5
market1501/bounding_box_train/1179_c6s3_030142_02.jpg,1179,market1501,5
market1501/bounding_box_train/1179_c6s3_030167_02.jpg,1179,market1501,5
market1501/bounding_box_train/1179_c6s3_035517_05.jpg,1179,market1501,5
market1501/bounding_box_train/1197_c1s5_046741_01.jpg,1197,market1501,0
market1501/bounding_box_train/1197_c1s5_046766_01.jpg,1197,market1501,0
market1501/bounding_box_train/1197_c2s3_004657_01.jpg,1197,market1501,1
market1501/bounding_box_train/1197_c2s3_004707_03.jpg,1197,market1501,1
market1501/bounding_box_train/1197_c2s3_014282_01.jpg,1197,market1501,1
market1501/bounding_box_train/1197_c3s3_010953_01.jpg,1197,market1501,2
market1501/bounding_box_train/1197_c3s3_010978_02.jpg,1197,market1501,2
market1501/bounding_box_train/1197_c3s3_020153_01.jpg,1197,market1501,2
market1501/bounding_box_train/1197_c5s3_020915_05.jpg,1197,market1501,4
market1501/bounding_box_train/1197_c6s3_034692_01.jpg,1197,market1501,5
market1501/bounding_box_train/1197_c6s3_034717_01.jpg,1197,market1501,5
market1501/bounding_box_train/1197_c6s3_043792_01.jpg,1197,market1501,5
market1501/bounding_box_train/1197_c6s3_043817_02.jpg,1197,market1501,5
market1501/bounding_box_train/1206_c2s3_006432_02.jpg,1206,market1501,1
market1501/bounding_box_train/1206_c2s3_006432_05.jpg,1206,market1501,1
market1501/bounding_box_train/1206_c3s3_012203_03.jpg,1206,market1501,2
market1501/bounding_box_train/1206_c3s3_012228_01.jpg,1206,market1501,2
market1501/bounding_box_train/1206_c6s3_035867_03.jpg,1206,market1501,5
market1501/bounding_box_train/0121_c1s4_000056_01.jpg,121,market1501,0
market1501/bounding_box_train/0121_c1s4_024556_04.jpg,121,market1501,0
market1501/bounding_box_train/0121_c1s4_024656_04.jpg,121,market1501,0
market1501/bounding_box_train/0121_c1s5_008911_02.jpg,121,market1501,0
market1501/bounding_box_train/0121_c1s5_008936_02.jpg,121,market1501,0
market1501/bounding_box_train/0121_c2s1_020026_02.jpg,121,market1501,1
market1501/bounding_box_train/0121_c2s1_020076_01.jpg,121,market1501,1
market1501/bounding_box_train/0121_c2s2_141352_02.jpg,121,market1501,1
market1501/bounding_box_train/0121_c3s1_020176_03.jpg,121,market1501,2
market1501/bounding_box_train/0121_c3s1_020276_02.jpg,121,market1501,2
market1501/bounding_box_train/0121_c3s2_085303_03.jpg,121,market1501,2
market1501/bounding_box_train/0121_c3s2_085328_02.jpg,121,market1501,2
market1501/bounding_box_train/0121_c3s2_085378_02.jpg,121,market1501,2
market1501/bounding_box_train/0121_c3s2_143969_02.jpg,121,market1501,2
market1501/bounding_box_train/0121_c3s2_144019_01.jpg,121,market1501,2
market1501/bounding_box_train/0121_c4s3_074710_02.jpg,121,market1501,3
market1501/bounding_box_train/0121_c4s3_074760_03.jpg,121,market1501,3
market1501/bounding_box_train/0121_c4s3_074760_05.jpg,121,market1501,3
market1501/bounding_box_train/0121_c4s3_074785_02.jpg,121,market1501,3
market1501/bounding_box_train/0121_c5s2_085652_02.jpg,121,market1501,4
market1501/bounding_box_train/0121_c6s1_020801_03.jpg,121,market1501,5
market1501/bounding_box_train/0121_c6s1_020826_02.jpg,121,market1501,5
market1501/bounding_box_train/0121_c6s1_020826_05.jpg,121,market1501,5
market1501/bounding_box_train/0121_c6s1_020851_01.jpg,121,market1501,5
market1501/bounding_box_train/0121_c6s2_079518_01.jpg,121,market1501,5
market1501/bounding_box_train/0121_c6s2_079518_05.jpg,121,market1501,5
market1501/bounding_box_train/0121_c6s2_079543_02.jpg,121,market1501,5
market1501/bounding_box_train/0121_c6s3_005817_06.jpg,121,market1501,5
market1501/bounding_box_train/0121_c6s3_005842_01.jpg,121,market1501,5
market1501/bounding_box_train/1213_c1s5_039741_01.jpg,1213,market1501,0
market1501/bounding_box_train/1213_c1s5_039766_01.jpg,1213,market1501,0
market1501/bounding_box_train/1213_c1s5_052066_02.jpg,1213,market1501,0
market1501/bounding_box_train/1213_c1s5_052091_01.jpg,1213,market1501,0
market1501/bounding_box_train/1213_c2s3_007282_03.jpg,1213,market1501,1
market1501/bounding_box_train/1213_c2s3_019632_01.jpg,1213,market1501,1
market1501/bounding_box_train/1213_c3s3_013553_03.jpg,1213,market1501,2
market1501/bounding_box_train/1213_c3s3_013578_01.jpg,1213,market1501,2
market1501/bounding_box_train/1213_c3s3_025478_04.jpg,1213,market1501,2
market1501/bounding_box_train/1213_c3s3_025503_03.jpg,1213,market1501,2
market1501/bounding_box_train/1213_c5s3_013940_01.jpg,1213,market1501,4
market1501/bounding_box_train/1213_c6s3_037342_07.jpg,1213,market1501,5
market1501/bounding_box_train/1213_c6s3_037367_03.jpg,1213,market1501,5
market1501/bounding_box_train/1213_c6s3_049117_01.jpg,1213,market1501,5
market1501/bounding_box_train/1213_c6s3_049117_03.jpg,1213,market1501,5
market1501/bounding_box_train/1213_c6s3_049167_02.jpg,1213,market1501,5
market1501/bounding_box_train/1217_c1s5_040316_01.jpg,1217,market1501,0
market1501/bounding_box_train/1217_c1s5_040341_01.jpg,1217,market1501,0
market1501/bounding_box_train/1217_c2s3_007807_01.jpg,1217,market1501,1
market1501/bounding_box_train/1217_c2s3_007857_01.jpg,1217,market1501,1
market1501/bounding_box_train/1217_c2s3_007857_04.jpg,1217,market1501,1
market1501/bounding_box_train/1217_c3s3_014103_06.jpg,1217,market1501,2
market1501/bounding_box_train/0122_c1s1_019951_01.jpg,122,market1501,0
market1501/bounding_box_train/0122_c1s1_020001_01.jpg,122,market1501,0
market1501/bounding_box_train/0122_c4s1_020126_03.jpg,122,market1501,3
market1501/bounding_box_train/0122_c4s1_020151_03.jpg,122,market1501,3
market1501/bounding_box_train/1227_c1s5_041041_03.jpg,1227,market1501,0
market1501/bounding_box_train/1227_c1s5_049541_07.jpg,1227,market1501,0
market1501/bounding_box_train/1227_c1s5_049591_08.jpg,1227,market1501,0
market1501/bounding_box_train/1227_c2s3_008532_01.jpg,1227,market1501,1
market1501/bounding_box_train/1227_c2s3_008582_01.jpg,1227,market1501,1
market1501/bounding_box_train/1227_c2s3_008607_01.jpg,1227,market1501,1
market1501/bounding_box_train/1227_c2s3_017107_01.jpg,1227,market1501,1
market1501/bounding_box_train/1227_c2s3_017132_01.jpg,1227,market1501,1
market1501/bounding_box_train/1227_c3s3_014828_04.jpg,1227,market1501,2
market1501/bounding_box_train/1227_c3s3_014878_03.jpg,1227,market1501,2
market1501/bounding_box_train/1227_c3s3_023028_04.jpg,1227,market1501,2
market1501/bounding_box_train/1227_c6s3_046642_01.jpg,1227,market1501,5
market1501/bounding_box_train/1227_c6s3_046667_01.jpg,1227,market1501,5
market1501/bounding_box_train/1235_c1s5_042791_01.jpg,1235,market1501,0
market1501/bounding_box_train/1235_c1s5_042866_01.jpg,1235,market1501,0
market1501/bounding_box_train/1235_c1s5_048316_06.jpg,1235,market1501,0
market1501/bounding_box_train/1235_c1s5_048391_04.jpg,1235,market1501,0
market1501/bounding_box_train/1235_c1s5_048441_01.jpg,1235,market1501,0
market1501/bounding_box_train/1235_c1s5_048441_06.jpg,1235,market1501,0
market1501/bounding_box_train/1235_c3s3_016578_03.jpg,1235,market1501,2
market1501/bounding_box_train/1235_c3s3_016603_03.jpg,1235,market1501,2
market1501/bounding_box_train/1235_c3s3_016603_04.jpg,1235,market1501,2
market1501/bounding_box_train/1235_c3s3_016653_01.jpg,1235,market1501,2
market1501/bounding_box_train/1235_c3s3_021853_08.jpg,1235,market1501,2
market1501/bounding_box_train/1235_c3s3_021878_03.jpg,1235,market1501,2
market1501/bounding_box_train/1235_c3s3_021978_01.jpg,1235,market1501,2
market1501/bounding_box_train/1235_c4s5_042460_01.jpg,1235,market1501,3
market1501/bounding_box_train/1235_c4s5_042510_01.jpg,1235,market1501,3
market1501/bounding_box_train/1235_c4s5_042535_01.jpg,1235,market1501,3
market1501/bounding_box_train/1235_c4s5_048410_01.jpg,1235,market1501,3
market1501/bounding_box_train/1235_c4s5_048460_02.jpg,1235,market1501,3
market1501/bounding_box_train/1235_c4s5_048485_02.jpg,1235,market1501,3
market1501/bounding_box_train/1235_c5s3_016990_01.jpg,1235,market1501,4
market1501/bounding_box_train/1235_c5s3_016990_04.jpg,1235,market1501,4
market1501/bounding_box_train/1235_c5s3_017015_01.jpg,1235,market1501,4
market1501/bounding_box_train/1235_c5s3_017115_01.jpg,1235,market1501,4
market1501/bounding_box_train/1235_c5s3_022465_04.jpg,1235,market1501,4
market1501/bounding_box_train/1235_c5s3_022490_01.jpg,1235,market1501,4
market1501/bounding_box_train/1235_c5s3_022490_07.jpg,1235,market1501,4
market1501/bounding_box_train/1235_c5s3_022540_01.jpg,1235,market1501,4
market1501/bounding_box_train/1235_c5s3_022640_02.jpg,1235,market1501,4
market1501/bounding_box_train/1235_c6s3_040242_01.jpg,1235,market1501,5
market1501/bounding_box_train/1235_c6s3_040267_01.jpg,1235,market1501,5
market1501/bounding_box_train/1235_c6s3_040342_01.jpg,1235,market1501,5
market1501/bounding_box_train/1235_c6s3_040342_07.jpg,1235,market1501,5
market1501/bounding_box_train/1235_c6s3_040367_01.jpg,1235,market1501,5
market1501/bounding_box_train/1235_c6s3_040392_01.jpg,1235,market1501,5
market1501/bounding_box_train/1235_c6s3_045517_01.jpg,1235,market1501,5
market1501/bounding_box_train/1235_c6s3_045567_01.jpg,1235,market1501,5
market1501/bounding_box_train/1235_c6s3_045642_01.jpg,1235,market1501,5
market1501/bounding_box_train/1235_c6s3_045667_01.jpg,1235,market1501,5
market1501/bounding_box_train/1235_c6s3_045717_01.jpg,1235,market1501,5
market1501/bounding_box_train/1235_c6s3_045717_07.jpg,1235,market1501,5
market1501/bounding_box_train/0125_c1s1_021101_02.jpg,125,market1501,0
market1501/bounding_box_train/0125_c2s1_020701_01.jpg,125,market1501,1
market1501/bounding_box_train/0125_c4s1_020676_03.jpg,125,market1501,3
market1501/bounding_box_train/0125_c4s1_020726_03.jpg,125,market1501,3
market1501/bounding_box_train/1260_c1s5_047441_02.jpg,1260,market1501,0
market1501/bounding_box_train/1260_c1s5_047566_01.jpg,1260,market1501,0
market1501/bounding_box_train/1260_c1s5_047591_01.jpg,1260,market1501,0
market1501/bounding_box_train/1260_c1s5_051041_01.jpg,1260,market1501,0
market1501/bounding_box_train/1260_c1s6_013396_02.jpg,1260,market1501,0
market1501/bounding_box_train/1260_c1s6_013421_04.jpg,1260,market1501,0
market1501/bounding_box_train/1260_c1s6_013521_06.jpg,1260,market1501,0
market1501/bounding_box_train/1260_c3s3_021278_05.jpg,1260,market1501,2
market1501/bounding_box_train/1260_c3s3_024603_07.jpg,1260,market1501,2
market1501/bounding_box_train/1260_c3s3_024628_05.jpg,1260,market1501,2
market1501/bounding_box_train/1260_c3s3_062103_08.jpg,1260,market1501,2
market1501/bounding_box_train/1260_c3s3_062178_06.jpg,1260,market1501,2
market1501/bounding_box_train/1260_c3s3_062203_04.jpg,1260,market1501,2
market1501/bounding_box_train/1260_c3s3_062228_06.jpg,1260,market1501,2
market1501/bounding_box_train/1260_c5s3_025190_05.jpg,1260,market1501,4
market1501/bounding_box_train/1260_c5s3_025265_03.jpg,1260,market1501,4
market1501/bounding_box_train/1260_c5s3_062590_04.jpg,1260,market1501,4
market1501/bounding_box_train/1260_c5s3_062690_05.jpg,1260,market1501,4
market1501/bounding_box_train/1260_c5s3_071012_02.jpg,1260,market1501,4
market1501/bounding_box_train/1260_c5s3_071087_05.jpg,1260,market1501,4
market1501/bounding_box_train/1260_c5s3_071312_03.jpg,1260,market1501,4
market1501/bounding_box_train/1260_c5s3_071312_04.jpg,1260,market1501,4
market1501/bounding_box_train/1260_c6s3_044917_02.jpg,1260,market1501,5
market1501/bounding_box_train/1260_c6s3_044917_05.jpg,1260,market1501,5
market1501/bounding_box_train/1260_c6s3_044942_03.jpg,1260,market1501,5
market1501/bounding_box_train/1260_c6s3_045067_02.jpg,1260,market1501,5
market1501/bounding_box_train/1260_c6s3_048142_02.jpg,1260,market1501,5
market1501/bounding_box_train/1260_c6s3_048192_02.jpg,1260,market1501,5
market1501/bounding_box_train/1260_c6s3_048242_03.jpg,1260,market1501,5
market1501/bounding_box_train/1260_c6s3_048342_08.jpg,1260,market1501,5
market1501/bounding_box_train/1260_c6s3_085867_02.jpg,1260,market1501,5
market1501/bounding_box_train/1260_c6s3_085917_02.jpg,1260,market1501,5
market1501/bounding_box_train/1260_c6s3_085917_10.jpg,1260,market1501,5
market1501/bounding_box_train/1260_c6s3_085942_03.jpg,1260,market1501,5
market1501/bounding_box_train/1263_c1s5_049216_02.jpg,1263,market1501,0
market1501/bounding_box_train/1263_c1s5_049216_04.jpg,1263,market1501,0
market1501/bounding_box_train/1263_c1s5_049241_02.jpg,1263,market1501,0
market1501/bounding_box_train/1263_c1s5_049391_03.jpg,1263,market1501,0
market1501/bounding_box_train/1263_c1s5_049391_06.jpg,1263,market1501,0
market1501/bounding_box_train/1263_c2s3_016657_04.jpg,1263,market1501,1
market1501/bounding_box_train/1263_c3s3_022878_04.jpg,1263,market1501,2
market1501/bounding_box_train/1263_c3s3_023003_06.jpg,1263,market1501,2
market1501/bounding_box_train/1263_c4s5_049635_02.jpg,1263,market1501,3
market1501/bounding_box_train/1263_c4s5_049660_02.jpg,1263,market1501,3
market1501/bounding_box_train/1263_c4s5_049785_02.jpg,1263,market1501,3
market1501/bounding_box_train/1263_c4s5_049785_03.jpg,1263,market1501,3
market1501/bounding_box_train/1263_c5s3_023415_04.jpg,1263,market1501,4
market1501/bounding_box_train/1263_c5s3_023465_04.jpg,1263,market1501,4
market1501/bounding_box_train/1263_c5s3_023715_07.jpg,1263,market1501,4
market1501/bounding_box_train/1263_c5s3_023715_09.jpg,1263,market1501,4
market1501/bounding_box_train/1263_c6s3_066442_02.jpg,1263,market1501,5
market1501/bounding_box_train/1266_c1s5_050816_03.jpg,1266,market1501,0
market1501/bounding_box_train/1266_c1s5_050841_02.jpg,1266,market1501,0
market1501/bounding_box_train/1266_c1s5_068441_02.jpg,1266,market1501,0
market1501/bounding_box_train/1266_c1s5_068466_01.jpg,1266,market1501,0
market1501/bounding_box_train/1266_c2s3_018282_01.jpg,1266,market1501,1
market1501/bounding_box_train/1266_c2s3_018357_01.jpg,1266,market1501,1
market1501/bounding_box_train/1266_c2s3_036032_04.jpg,1266,market1501,1
market1501/bounding_box_train/1266_c3s3_024678_02.jpg,1266,market1501,2
market1501/bounding_box_train/1266_c3s3_024703_02.jpg,1266,market1501,2
market1501/bounding_box_train/1266_c3s3_024778_01.jpg,1266,market1501,2
market1501/bounding_box_train/1266_c3s3_041703_03.jpg,1266,market1501,2
market1501/bounding_box_train/1266_c3s3_041753_02.jpg,1266,market1501,2
market1501/bounding_box_train/1266_c5s3_024940_02.jpg,1266,market1501,4
market1501/bounding_box_train/1266_c6s3_048517_01.jpg,1266,market1501,5
market1501/bounding_box_train/1269_c1s5_051166_01.jpg,1269,market1501,0
market1501/bounding_box_train/1269_c1s5_051241_01.jpg,1269,market1501,0
market1501/bounding_box_train/1269_c1s5_071391_01.jpg,1269,market1501,0
market1501/bounding_box_train/1269_c1s5_071441_01.jpg,1269,market1501,0
market1501/bounding_box_train/1269_c2s3_038882_01.jpg,1269,market1501,1
market1501/bounding_box_train/1269_c2s3_038882_13.jpg,1269,market1501,1
market1501/bounding_box_train/1269_c3s3_024903_04.jpg,1269,market1501,2
market1501/bounding_box_train/1269_c3s3_024928_03.jpg,1269,market1501,2
market1501/bounding_box_train/1269_c3s3_025053_04.jpg,1269,market1501,2
market1501/bounding_box_train/1269_c3s3_044828_02.jpg,1269,market1501,2
market1501/bounding_box_train/1269_c3s3_044853_02.jpg,1269,market1501,2
market1501/bounding_box_train/1269_c4s5_050760_01.jpg,1269,market1501,3
market1501/bounding_box_train/1269_c4s5_050810_03.jpg,1269,market1501,3
market1501/bounding_box_train/1269_c4s5_071385_02.jpg,1269,market1501,3
market1501/bounding_box_train/1269_c4s5_071435_01.jpg,1269,market1501,3
market1501/bounding_box_train/1269_c5s3_025365_01.jpg,1269,market1501,4
market1501/bounding_box_train/1269_c5s3_025390_01.jpg,1269,market1501,4
market1501/bounding_box_train/1269_c5s3_025415_02.jpg,1269,market1501,4
market1501/bounding_box_train/1269_c6s3_048592_01.jpg,1269,market1501,5
market1501/bounding_box_train/1269_c6s3_048717_01.jpg,1269,market1501,5
market1501/bounding_box_train/1269_c6s3_048767_01.jpg,1269,market1501,5
market1501/bounding_box_train/1269_c6s3_068417_02.jpg,1269,market1501,5
market1501/bounding_box_train/1269_c6s3_068442_02.jpg,1269,market1501,5
market1501/bounding_box_train/0127_c1s3_074881_01.jpg,127,market1501,0
market1501/bounding_box_train/0127_c1s4_024456_03.jpg,127,market1501,0
market1501/bounding_box_train/0127_c1s4_024481_02.jpg,127,market1501,0
market1501/bounding_box_train/0127_c1s4_024556_02.jpg,127,market1501,0
market1501/bounding_box_train/0127_c2s1_020701_07.jpg,127,market1501,1
market1501/bounding_box_train/0127_c2s2_082007_01.jpg,127,market1501,1
market1501/bounding_box_train/0127_c3s1_020801_01.jpg,127,market1501,2
market1501/bounding_box_train/0127_c3s1_020851_03.jpg,127,market1501,2
market1501/bounding_box_train/0127_c3s2_085378_01.jpg,127,market1501,2
market1501/bounding_box_train/0127_c3s2_085403_02.jpg,127,market1501,2
market1501/bounding_box_train/0127_c4s3_074660_01.jpg,127,market1501,3
market1501/bounding_box_train/0127_c4s3_074685_01.jpg,127,market1501,3
market1501/bounding_box_train/0127_c4s3_074710_01.jpg,127,market1501,3
market1501/bounding_box_train/0127_c4s3_074735_01.jpg,127,market1501,3
market1501/bounding_box_train/0127_c4s3_074760_02.jpg,127,market1501,3
market1501/bounding_box_train/0127_c4s3_074785_03.jpg,127,market1501,3
market1501/bounding_box_train/0127_c5s2_085527_02.jpg,127,market1501,4
market1501/bounding_box_train/0127_c6s1_021376_02.jpg,127,market1501,5
market1501/bounding_box_train/0127_c6s1_021401_02.jpg,127,market1501,5
market1501/bounding_box_train/0127_c6s1_021426_02.jpg,127,market1501,5
market1501/bounding_box_train/0127_c6s1_021426_06.jpg,127,market1501,5
market1501/bounding_box_train/0127_c6s1_021451_02.jpg,127,market1501,5
market1501/bounding_box_train/0127_c6s2_079568_04.jpg,127,market1501,5
market1501/bounding_box_train/1286_c1s5_053791_02.jpg,1286,market1501,0
market1501/bounding_box_train/1286_c1s5_053816_01.jpg,1286,market1501,0
market1501/bounding_box_train/1286_c3s3_027578_03.jpg,1286,market1501,2
market1501/bounding_box_train/1286_c3s3_027603_01.jpg,1286,market1501,2
market1501/bounding_box_train/1286_c3s3_027628_03.jpg,1286,market1501,2
market1501/bounding_box_train/1286_c3s3_027653_02.jpg,1286,market1501,2
market1501/bounding_box_train/1286_c3s3_033103_05.jpg,1286,market1501,2
market1501/bounding_box_train/1286_c3s3_033128_04.jpg,1286,market1501,2
market1501/bounding_box_train/1286_c4s5_053460_01.jpg,1286,market1501,3
market1501/bounding_box_train/1286_c4s5_053535_01.jpg,1286,market1501,3
market1501/bounding_box_train/1286_c4s5_053560_01.jpg,1286,market1501,3
market1501/bounding_box_train/1286_c4s5_059435_01.jpg,1286,market1501,3
market1501/bounding_box_train/1286_c4s5_059460_01.jpg,1286,market1501,3
market1501/bounding_box_train/1286_c5s3_028015_02.jpg,1286,market1501,4
market1501/bounding_box_train/1286_c5s3_028040_01.jpg,1286,market1501,4
market1501/bounding_box_train/1286_c5s3_033715_08.jpg,1286,market1501,4
market1501/bounding_box_train/1286_c5s3_033740_07.jpg,1286,market1501,4
market1501/bounding_box_train/1286_c6s3_051267_01.jpg,1286,market1501,5
market1501/bounding_box_train/1286_c6s3_051367_01.jpg,1286,market1501,5
market1501/bounding_box_train/1286_c6s3_051392_01.jpg,1286,market1501,5
market1501/bounding_box_train/1286_c6s3_056717_02.jpg,1286,market1501,5
market1501/bounding_box_train/1286_c6s3_056767_02.jpg,1286,market1501,5
market1501/bounding_box_train/1289_c2s3_023082_03.jpg,1289,market1501,1
market1501/bounding_box_train/1289_c2s3_023107_03.jpg,1289,market1501,1
market1501/bounding_box_train/1289_c3s3_029528_03.jpg,1289,market1501,2
market1501/bounding_box_train/1289_c3s3_029578_03.jpg,1289,market1501,2
market1501/bounding_box_train/1289_c6s3_053292_01.jpg,1289,market1501,5
market1501/bounding_box_train/1289_c6s3_053317_01.jpg,1289,market1501,5
market1501/bounding_box_train/1296_c1s5_057791_02.jpg,1296,market1501,0
market1501/bounding_box_train/1296_c2s3_025257_02.jpg,1296,market1501,1
market1501/bounding_box_train/1296_c2s3_025332_02.jpg,1296,market1501,1
market1501/bounding_box_train/1296_c2s3_031482_01.jpg,1296,market1501,1
market1501/bounding_box_train/1296_c2s3_031482_02.jpg,1296,market1501,1
market1501/bounding_box_train/1296_c2s3_031482_08.jpg,1296,market1501,1
market1501/bounding_box_train/1296_c2s3_031507_01.jpg,1296,market1501,1
market1501/bounding_box_train/1296_c3s3_031603_02.jpg,1296,market1501,2
market1501/bounding_box_train/1296_c3s3_031628_01.jpg,1296,market1501,2
market1501/bounding_box_train/1296_c3s3_037403_01.jpg,1296,market1501,2
market1501/bounding_box_train/1296_c3s3_037428_01.jpg,1296,market1501,2
market1501/bounding_box_train/1296_c5s3_031965_04.jpg,1296,market1501,4
market1501/bounding_box_train/1296_c6s3_055317_01.jpg,1296,market1501,5
market1501/bounding_box_train/1296_c6s3_061042_01.jpg,1296,market1501,5
market1501/bounding_box_train/1296_c6s3_061067_01.jpg,1296,market1501,5
market1501/bounding_box_train/1304_c1s5_057866_01.jpg,1304,market1501,0
market1501/bounding_box_train/1304_c1s5_057891_04.jpg,1304,market1501,0
market1501/bounding_box_train/1304_c1s5_057991_05.jpg,1304,market1501,0
market1501/bounding_box_train/1304_c3s3_031353_03.jpg,1304,market1501,2
market1501/bounding_box_train/1304_c3s3_031378_04.jpg,1304,market1501,2
market1501/bounding_box_train/1304_c3s3_031428_02.jpg,1304,market1501,2
market1501/bounding_box_train/1304_c5s3_031990_05.jpg,1304,market1501,4
market1501/bounding_box_train/1304_c5s3_032065_01.jpg,1304,market1501,4
market1501/bounding_box_train/1304_c6s3_054867_03.jpg,1304,market1501,5
market1501/bounding_box_train/1304_c6s3_054917_04.jpg,1304,market1501,5
market1501/bounding_box_train/1304_c6s3_054917_06.jpg,1304,market1501,5
market1501/bounding_box_train/1304_c6s3_054967_08.jpg,1304,market1501,5
market1501/bounding_box_train/1304_c6s3_055017_04.jpg,1304,market1501,5
market1501/bounding_box_train/1304_c6s3_055042_01.jpg,1304,market1501,5
market1501/bounding_box_train/1304_c6s3_055067_03.jpg,1304,market1501,5
market1501/bounding_box_train/1304_c6s3_055117_01.jpg,1304,market1501,5
market1501/bounding_box_train/1304_c6s3_055167_01.jpg,1304,market1501,5
market1501/bounding_box_train/1318_c1s5_061641_02.jpg,1318,market1501,0
market1501/bounding_box_train/1318_c1s5_061666_02.jpg,1318,market1501,0
market1501/bounding_box_train/1318_c1s5_061691_03.jpg,1318,market1501,0
market1501/bounding_box_train/1318_c2s3_029307_01.jpg,1318,market1501,1
market1501/bounding_box_train/1318_c2s3_029307_02.jpg,1318,market1501,1
market1501/bounding_box_train/1318_c2s3_029332_01.jpg,1318,market1501,1
market1501/bounding_box_train/1318_c2s3_029357_01.jpg,1318,market1501,1
market1501/bounding_box_train/1318_c3s3_035053_01.jpg,1318,market1501,2
market1501/bounding_box_train/1318_c3s3_035078_01.jpg,1318,market1501,2
market1501/bounding_box_train/1318_c3s3_035103_01.jpg,1318,market1501,2
market1501/bounding_box_train/1318_c5s3_035690_02.jpg,1318,market1501,4
market1501/bounding_box_train/1318_c5s3_035715_01.jpg,1318,market1501,4
market1501/bounding_box_train/1318_c5s3_035715_05.jpg,1318,market1501,4
market1501/bounding_box_train/1318_c5s3_035790_01.jpg,1318,market1501,4
market1501/bounding_box_train/1318_c6s3_058667_01.jpg,1318,market1501,5
market1501/bounding_box_train/1318_c6s3_058742_01.jpg,1318,market1501,5
market1501/bounding_box_train/1318_c6s3_058792_03.jpg,1318,market1501,5
market1501/bounding_box_train/1318_c6s3_058817_01.jpg,1318,market1501,5
market1501/bounding_box_train/1321_c1s5_062016_03.jpg,1321,market1501,0
market1501/bounding_box_train/1321_c1s5_062066_02.jpg,1321,market1501,0
market1501/bounding_box_train/1321_c1s5_065066_01.jpg,1321,market1501,0
market1501/bounding_box_train/1321_c1s5_065091_01.jpg,1321,market1501,0
market1501/bounding_box_train/1321_c2s3_029582_01.jpg,1321,market1501,1
market1501/bounding_box_train/1321_c2s3_029582_02.jpg,1321,market1501,1
market1501/bounding_box_train/1321_c2s3_029607_01.jpg,1321,market1501,1
market1501/bounding_box_train/1321_c3s3_035853_02.jpg,1321,market1501,2
market1501/bounding_box_train/1321_c3s3_038528_01.jpg,1321,market1501,2
market1501/bounding_box_train/1321_c3s3_038578_01.jpg,1321,market1501,2
market1501/bounding_box_train/1321_c3s3_038578_03.jpg,1321,market1501,2
market1501/bounding_box_train/1321_c5s3_036215_03.jpg,1321,market1501,4
market1501/bounding_box_train/1321_c5s3_036240_03.jpg,1321,market1501,4
market1501/bounding_box_train/1321_c5s3_036240_04.jpg,1321,market1501,4
market1501/bounding_box_train/1321_c5s3_039115_01.jpg,1321,market1501,4
market1501/bounding_box_train/1321_c6s3_059592_03.jpg,1321,market1501,5
market1501/bounding_box_train/1321_c6s3_062142_01.jpg,1321,market1501,5
market1501/bounding_box_train/1321_c6s3_062167_01.jpg,1321,market1501,5
market1501/bounding_box_train/1325_c1s5_062791_01.jpg,1325,market1501,0
market1501/bounding_box_train/1325_c2s3_030532_01.jpg,1325,market1501,1
market1501/bounding_box_train/1325_c3s3_036228_03.jpg,1325,market1501,2
market1501/bounding_box_train/1325_c3s3_036253_04.jpg,1325,market1501,2
market1501/bounding_box_train/1325_c5s3_036940_01.jpg,1325,market1501,4
market1501/bounding_box_train/1325_c6s3_059867_01.jpg,1325,market1501,5
market1501/bounding_box_train/1325_c6s3_059892_02.jpg,1325,market1501,5
market1501/bounding_box_train/1332_c1s5_063866_02.jpg,1332,market1501,0
market1501/bounding_box_train/1332_c2s3_031357_02.jpg,1332,market1501,1
market1501/bounding_box_train/1332_c2s3_031407_02.jpg,1332,market1501,1
market1501/bounding_box_train/1332_c2s3_031432_03.jpg,1332,market1501,1
market1501/bounding_box_train/1332_c3s3_037253_02.jpg,1332,market1501,2
market1501/bounding_box_train/1332_c3s3_037278_03.jpg,1332,market1501,2
market1501/bounding_box_train/1332_c5s3_038040_02.jpg,1332,market1501,4
market1501/bounding_box_train/1332_c6s3_060842_03.jpg,1332,market1501,5
market1501/bounding_box_train/1336_c1s5_064116_02.jpg,1336,market1501,0
market1501/bounding_box_train/1336_c1s5_064141_02.jpg,1336,market1501,0
market1501/bounding_box_train/1336_c1s5_064166_02.jpg,1336,market1501,0
market1501/bounding_box_train/1336_c1s5_072241_01.jpg,1336,market1501,0
market1501/bounding_box_train/1336_c1s5_073416_03.jpg,1336,market1501,0
market1501/bounding_box_train/1336_c1s5_073541_03.jpg,1336,market1501,0
market1501/bounding_box_train/1336_c3s3_037853_03.jpg,1336,market1501,2
market1501/bounding_box_train/1336_c3s3_037953_02.jpg,1336,market1501,2
market1501/bounding_box_train/1336_c3s3_037978_01.jpg,1336,market1501,2
market1501/bounding_box_train/1336_c3s3_038028_01.jpg,1336,market1501,2
market1501/bounding_box_train/1336_c3s3_045753_01.jpg,1336,market1501,2
market1501/bounding_box_train/1336_c5s3_038390_02.jpg,1336,market1501,4
market1501/bounding_box_train/1336_c5s3_038465_02.jpg,1336,market1501,4
market1501/bounding_box_train/1336_c5s3_046390_01.jpg,1336,market1501,4
market1501/bounding_box_train/1336_c5s3_046415_01.jpg,1336,market1501,4
market1501/bounding_box_train/1336_c5s3_046690_02.jpg,1336,market1501,4
market1501/bounding_box_train/1336_c6s3_061692_01.jpg,1336,market1501,5
market1501/bounding_box_train/1336_c6s3_061717_01.jpg,1336,market1501,5
market1501/bounding_box_train/1336_c6s3_061767_01.jpg,1336,market1501,5
market1501/bounding_box_train/1336_c6s3_069317_01.jpg,1336,market1501,5
market1501/bounding_box_train/1336_c6s3_069367_01.jpg,1336,market1501,5
market1501/bounding_box_train/1336_c6s3_069392_01.jpg,1336,market1501,5
market1501/bounding_box_train/1336_c6s3_069392_03.jpg,1336,market1501,5
market1501/bounding_box_train/1336_c6s3_069467_01.jpg,1336,market1501,5
market1501/bounding_box_train/1336_c6s3_069467_03.jpg,1336,market1501,5
market1501/bounding_box_train/1336_c6s3_069967_01.jpg,1336,market1501,5
market1501/bounding_box_train/1336_c6s3_069967_05.jpg,1336,market1501,5
market1501/bounding_box_train/1336_c6s3_070592_01.jpg,1336,market1501,5
market1501/bounding_box_train/1336_c6s3_070642_02.jpg,1336,market1501,5
market1501/bounding_box_train/0134_c1s1_022501_01.jpg,134,market1501,0
market1501/bounding_box_train/0134_c1s1_022576_01.jpg,134,market1501,0
market1501/bounding_box_train/0134_c2s1_021826_06.jpg,134,market1501,1
market1501/bounding_box_train/0134_c4s1_022551_03.jpg,134,market1501,3
market1501/bounding_box_train/1341_c2s3_033232_05.jpg,1341,market1501,1
market1501/bounding_box_train/1341_c2s3_033257_05.jpg,1341,market1501,1
market1501/bounding_box_train/1341_c3s3_039628_03.jpg,1341,market1501,2
market1501/bounding_box_train/1341_c3s3_039678_04.jpg,1341,market1501,2
market1501/bounding_box_train/1341_c3s3_039728_03.jpg,1341,market1501,2
market1501/bounding_box_train/1341_c6s3_063442_05.jpg,1341,market1501,5
market1501/bounding_box_train/1341_c6s3_063467_04.jpg,1341,market1501,5
market1501/bounding_box_train/1341_c6s3_063517_02.jpg,1341,market1501,5
market1501/bounding_box_train/1379_c1s5_071266_02.jpg,1379,market1501,0
market1501/bounding_box_train/1379_c1s5_071291_02.jpg,1379,market1501,0
market1501/bounding_box_train/1379_c1s6_005341_01.jpg,1379,market1501,0
market1501/bounding_box_train/1379_c1s6_005416_01.jpg,1379,market1501,0
market1501/bounding_box_train/1379_c1s6_005416_04.jpg,1379,market1501,0
market1501/bounding_box_train/1379_c2s3_047832_03.jpg,1379,market1501,1
market1501/bounding_box_train/1379_c2s3_047857_04.jpg,1379,market1501,1
market1501/bounding_box_train/1379_c3s3_044953_01.jpg,1379,market1501,2
market1501/bounding_box_train/1379_c3s3_044978_01.jpg,1379,market1501,2
market1501/bounding_box_train/1379_c3s3_045003_01.jpg,1379,market1501,2
market1501/bounding_box_train/1379_c3s3_045103_04.jpg,1379,market1501,2
market1501/bounding_box_train/1379_c3s3_053703_02.jpg,1379,market1501,2
market1501/bounding_box_train/1379_c3s3_053728_05.jpg,1379,market1501,2
market1501/bounding_box_train/1379_c5s3_045440_02.jpg,1379,market1501,4
market1501/bounding_box_train/1379_c5s3_045515_01.jpg,1379,market1501,4
market1501/bounding_box_train/1379_c6s3_068742_01.jpg,1379,market1501,5
market1501/bounding_box_train/1379_c6s3_068792_01.jpg,1379,market1501,5
market1501/bounding_box_train/1380_c1s5_071591_04.jpg,1380,market1501,0
market1501/bounding_box_train/1380_c1s6_007741_01.jpg,1380,market1501,0
market1501/bounding_box_train/1380_c1s6_007916_03.jpg,1380,market1501,0
market1501/bounding_box_train/1380_c1s6_007941_04.jpg,1380,market1501,0
market1501/bounding_box_train/1380_c2s3_039032_01.jpg,1380,market1501,1
market1501/bounding_box_train/1380_c2s3_039107_01.jpg,1380,market1501,1
market1501/bounding_box_train/1380_c2s3_039107_03.jpg,1380,market1501,1
market1501/bounding_box_train/1380_c2s3_050582_06.jpg,1380,market1501,1
market1501/bounding_box_train/1380_c3s3_045378_04.jpg,1380,market1501,2
market1501/bounding_box_train/1380_c3s3_045403_02.jpg,1380,market1501,2
market1501/bounding_box_train/1380_c3s3_056178_11.jpg,1380,market1501,2
market1501/bounding_box_train/1380_c3s3_056203_05.jpg,1380,market1501,2
market1501/bounding_box_train/1380_c5s3_045740_01.jpg,1380,market1501,4
market1501/bounding_box_train/1380_c6s3_069092_01.jpg,1380,market1501,5
market1501/bounding_box_train/1380_c6s3_069117_01.jpg,1380,market1501,5
market1501/bounding_box_train/1380_c6s3_079742_03.jpg,1380,market1501,5
market1501/bounding_box_train/1385_c1s5_072116_01.jpg,1385,market1501,0
market1501/bounding_box_train/1385_c1s5_072141_01.jpg,1385,market1501,0
market1501/bounding_box_train/1385_c1s6_027521_01.jpg,1385,market1501,0
market1501/bounding_box_train/1385_c1s6_027621_01.jpg,1385,market1501,0
market1501/bounding_box_train/1385_c2s3_039557_03.jpg,1385,market1501,1
market1501/bounding_box_train/1385_c2s3_039582_01.jpg,1385,market1501,1
market1501/bounding_box_train/1385_c2s3_039657_02.jpg,1385,market1501,1
market1501/bounding_box_train/1385_c2s3_070077_01.jpg,1385,market1501,1
market1501/bounding_box_train/1385_c3s3_045978_04.jpg,1385,market1501,2
market1501/bounding_box_train/1385_c3s3_046003_03.jpg,1385,market1501,2
market1501/bounding_box_train/1385_c3s3_075844_02.jpg,1385,market1501,2
market1501/bounding_box_train/1385_c3s3_075919_01.jpg,1385,market1501,2
market1501/bounding_box_train/1385_c3s3_075919_11.jpg,1385,market1501,2
market1501/bounding_box_train/1385_c5s3_046265_01.jpg,1385,market1501,4
market1501/bounding_box_train/1385_c5s3_076462_03.jpg,1385,market1501,4
market1501/bounding_box_train/1385_c5s3_076462_09.jpg,1385,market1501,4
market1501/bounding_box_train/1385_c6s3_069742_02.jpg,1385,market1501,5
market1501/bounding_box_train/1385_c6s3_069767_03.jpg,1385,market1501,5
market1501/bounding_box_train/1385_c6s4_002202_03.jpg,1385,market1501,5
market1501/bounding_box_train/1385_c6s4_002252_01.jpg,1385,market1501,5
market1501/bounding_box_train/1385_c6s4_002252_05.jpg,1385,market1501,5
market1501/bounding_box_train/1385_c6s4_002302_01.jpg,1385,market1501,5
market1501/bounding_box_train/1386_c2s3_040657_01.jpg,1386,market1501,1
market1501/bounding_box_train/1386_c2s3_040782_08.jpg,1386,market1501,1
market1501/bounding_box_train/1386_c3s3_047078_05.jpg,1386,market1501,2
market1501/bounding_box_train/1386_c3s3_047103_08.jpg,1386,market1501,2
market1501/bounding_box_train/1386_c6s3_070817_03.jpg,1386,market1501,5
market1501/bounding_box_train/1400_c1s5_074466_02.jpg,1400,market1501,0
market1501/bounding_box_train/1400_c1s5_074591_02.jpg,1400,market1501,0
market1501/bounding_box_train/1400_c1s6_007691_03.jpg,1400,market1501,0
market1501/bounding_box_train/1400_c1s6_007716_01.jpg,1400,market1501,0
market1501/bounding_box_train/1400_c3s3_048228_01.jpg,1400,market1501,2
market1501/bounding_box_train/1400_c3s3_048253_02.jpg,1400,market1501,2
market1501/bounding_box_train/1400_c3s3_048278_02.jpg,1400,market1501,2
market1501/bounding_box_train/1400_c3s3_056003_04.jpg,1400,market1501,2
market1501/bounding_box_train/1400_c3s3_056028_01.jpg,1400,market1501,2
market1501/bounding_box_train/1400_c3s3_056053_01.jpg,1400,market1501,2
market1501/bounding_box_train/1400_c5s3_048690_02.jpg,1400,market1501,4
market1501/bounding_box_train/1400_c5s3_048765_03.jpg,1400,market1501,4
market1501/bounding_box_train/1400_c6s3_072067_01.jpg,1400,market1501,5
market1501/bounding_box_train/1400_c6s3_072092_01.jpg,1400,market1501,5
market1501/bounding_box_train/1400_c6s3_072142_01.jpg,1400,market1501,5
market1501/bounding_box_train/1400_c6s3_079692_02.jpg,1400,market1501,5
market1501/bounding_box_train/1400_c6s3_079742_04.jpg,1400,market1501,5
market1501/bounding_box_train/1402_c1s5_074766_01.jpg,1402,market1501,0
market1501/bounding_box_train/1402_c2s3_042232_01.jpg,1402,market1501,1
market1501/bounding_box_train/1402_c2s3_042332_02.jpg,1402,market1501,1
market1501/bounding_box_train/1402_c3s3_048628_03.jpg,1402,market1501,2
market1501/bounding_box_train/1402_c3s3_048653_03.jpg,1402,market1501,2
market1501/bounding_box_train/1402_c3s3_048703_01.jpg,1402,market1501,2
market1501/bounding_box_train/1402_c5s3_048915_02.jpg,1402,market1501,4
market1501/bounding_box_train/1402_c6s3_072392_04.jpg,1402,market1501,5
market1501/bounding_box_train/1402_c6s3_072417_01.jpg,1402,market1501,5
market1501/bounding_box_train/1402_c6s3_072442_01.jpg,1402,market1501,5
market1501/bounding_box_train/1405_c1s6_000516_01.jpg,1405,market1501,0
market1501/bounding_box_train/1405_c2s3_042982_03.jpg,1405,market1501,1
market1501/bounding_box_train/1405_c2s3_043032_02.jpg,1405,market1501,1
market1501/bounding_box_train/1405_c3s3_049128_04.jpg,1405,market1501,2
market1501/bounding_box_train/1405_c3s3_049153_01.jpg,1405,market1501,2
market1501/bounding_box_train/1405_c5s3_049540_02.jpg,1405,market1501,4
market1501/bounding_box_train/1405_c5s3_049565_02.jpg,1405,market1501,4
market1501/bounding_box_train/1405_c5s3_049790_01.jpg,1405,market1501,4
market1501/bounding_box_train/1406_c1s6_000591_01.jpg,1406,market1501,0
market1501/bounding_box_train/1406_c2s3_042982_04.jpg,1406,market1501,1
market1501/bounding_box_train/1406_c2s3_043032_04.jpg,1406,market1501,1
market1501/bounding_box_train/1406_c3s3_049128_02.jpg,1406,market1501,2
market1501/bounding_box_train/1406_c3s3_049153_02.jpg,1406,market1501,2
market1501/bounding_box_train/1406_c5s3_049690_01.jpg,1406,market1501,4
market1501/bounding_box_train/1409_c1s6_017171_02.jpg,1409,market1501,0
market1501/bounding_box_train/1409_c2s3_043382_02.jpg,1409,market1501,1
market1501/bounding_box_train/1409_c2s3_043382_08.jpg,1409,market1501,1
market1501/bounding_box_train/1409_c2s3_043457_03.jpg,1409,market1501,1
market1501/bounding_box_train/1409_c3s3_049753_03.jpg,1409,market1501,2
market1501/bounding_box_train/1409_c3s3_049803_05.jpg,1409,market1501,2
market1501/bounding_box_train/1409_c4s6_016766_02.jpg,1409,market1501,3
market1501/bounding_box_train/1409_c4s6_016841_03.jpg,1409,market1501,3
market1501/bounding_box_train/1409_c5s3_066337_01.jpg,1409,market1501,4
market1501/bounding_box_train/1409_c5s3_066362_02.jpg,1409,market1501,4
market1501/bounding_box_train/1409_c5s3_066362_04.jpg,1409,market1501,4
market1501/bounding_box_train/1409_c6s3_073517_01.jpg,1409,market1501,5
market1501/bounding_box_train/1409_c6s3_073542_02.jpg,1409,market1501,5
market1501/bounding_box_train/1411_c2s3_043832_03.jpg,1411,market1501,1
market1501/bounding_box_train/1411_c2s3_049907_05.jpg,1411,market1501,1
market1501/bounding_box_train/1411_c2s3_049932_03.jpg,1411,market1501,1
market1501/bounding_box_train/1411_c3s3_050103_03.jpg,1411,market1501,2
market1501/bounding_box_train/1411_c3s3_050128_03.jpg,1411,market1501,2
market1501/bounding_box_train/1411_c3s3_050153_02.jpg,1411,market1501,2
market1501/bounding_box_train/1411_c3s3_055778_02.jpg,1411,market1501,2
market1501/bounding_box_train/1411_c3s3_055828_03.jpg,1411,market1501,2
market1501/bounding_box_train/1411_c6s3_073867_01.jpg,1411,market1501,5
market1501/bounding_box_train/1411_c6s3_073892_01.jpg,1411,market1501,5
market1501/bounding_box_train/1411_c6s3_079392_02.jpg,1411,market1501,5
market1501/bounding_box_train/1411_c6s3_079417_01.jpg,1411,market1501,5
market1501/bounding_box_train/1411_c6s3_079467_02.jpg,1411,market1501,5
market1501/bounding_box_train/1415_c2s3_068377_01.jpg,1415,market1501,1
market1501/bounding_box_train/1415_c3s3_074669_05.jpg,1415,market1501,2
market1501/bounding_box_train/1415_c3s3_074694_04.jpg,1415,market1501,2
market1501/bounding_box_train/1415_c6s4_001202_01.jpg,1415,market1501,5
market1501/bounding_box_train/1415_c6s4_001227_02.jpg,1415,market1501,5
market1501/bounding_box_train/0142_c1s5_012511_03.jpg,142,market1501,0
market1501/bounding_box_train/0142_c1s5_012536_03.jpg,142,market1501,0
market1501/bounding_box_train/0142_c1s5_012661_02.jpg,142,market1501,0
market1501/bounding_box_train/0142_c1s5_046316_01.jpg,142,market1501,0
market1501/bounding_box_train/0142_c1s5_046341_01.jpg,142,market1501,0
market1501/bounding_box_train/0142_c2s1_022326_03.jpg,142,market1501,1
market1501/bounding_box_train/0142_c2s2_145102_05.jpg,142,market1501,1
market1501/bounding_box_train/0142_c2s2_145127_03.jpg,142,market1501,1
market1501/bounding_box_train/0142_c2s3_013732_02.jpg,142,market1501,1
market1501/bounding_box_train/0142_c2s3_013857_02.jpg,142,market1501,1
market1501/bounding_box_train/0142_c3s2_147819_04.jpg,142,market1501,2
market1501/bounding_box_train/0142_c3s2_147844_03.jpg,142,market1501,2
market1501/bounding_box_train/0142_c3s2_147869_04.jpg,142,market1501,2
market1501/bounding_box_train/0142_c3s3_020203_02.jpg,142,market1501,2
market1501/bounding_box_train/0142_c3s3_020253_04.jpg,142,market1501,2
market1501/bounding_box_train/0142_c4s1_023076_03.jpg,142,market1501,3
market1501/bounding_box_train/0142_c4s1_023751_06.jpg,142,market1501,3
market1501/bounding_box_train/0142_c4s1_023801_02.jpg,142,market1501,3
market1501/bounding_box_train/0142_c4s5_011779_03.jpg,142,market1501,3
market1501/bounding_box_train/0142_c4s5_011829_03.jpg,142,market1501,3
market1501/bounding_box_train/0142_c4s5_011879_03.jpg,142,market1501,3
market1501/bounding_box_train/0142_c4s5_011929_01.jpg,142,market1501,3
market1501/bounding_box_train/0142_c5s2_148274_02.jpg,142,market1501,4
market1501/bounding_box_train/0142_c5s2_148399_04.jpg,142,market1501,4
market1501/bounding_box_train/0142_c5s3_020415_01.jpg,142,market1501,4
market1501/bounding_box_train/0142_c6s3_009667_05.jpg,142,market1501,5
market1501/bounding_box_train/0142_c6s3_043917_03.jpg,142,market1501,5
market1501/bounding_box_train/0142_c6s3_043967_01.jpg,142,market1501,5
market1501/bounding_box_train/1420_c1s6_003041_01.jpg,1420,market1501,0
market1501/bounding_box_train/1420_c1s6_003066_01.jpg,1420,market1501,0
market1501/bounding_box_train/1420_c1s6_013446_04.jpg,1420,market1501,0
market1501/bounding_box_train/1420_c1s6_013521_02.jpg,1420,market1501,0
market1501/bounding_box_train/1420_c3s3_051653_01.jpg,1420,market1501,2
market1501/bounding_box_train/1420_c3s3_051678_01.jpg,1420,market1501,2
market1501/bounding_box_train/1420_c3s3_061978_03.jpg,1420,market1501,2
market1501/bounding_box_train/1420_c3s3_062003_05.jpg,1420,market1501,2
market1501/bounding_box_train/1420_c5s3_052165_01.jpg,1420,market1501,4
market1501/bounding_box_train/1420_c5s3_052190_02.jpg,1420,market1501,4
market1501/bounding_box_train/1420_c5s3_062565_05.jpg,1420,market1501,4
market1501/bounding_box_train/1420_c6s3_075492_03.jpg,1420,market1501,5
market1501/bounding_box_train/1420_c6s3_085492_06.jpg,1420,market1501,5
market1501/bounding_box_train/1420_c6s3_085567_02.jpg,1420,market1501,5
market1501/bounding_box_train/1420_c6s3_085592_04.jpg,1420,market1501,5
market1501/bounding_box_train/1433_c1s6_006591_01.jpg,1433,market1501,0
market1501/bounding_box_train/1433_c1s6_010941_01.jpg,1433,market1501,0
market1501/bounding_box_train/1433_c1s6_010991_02.jpg,1433,market1501,0
market1501/bounding_box_train/1433_c2s3_049082_02.jpg,1433,market1501,1
market1501/bounding_box_train/1433_c2s3_049107_02.jpg,1433,market1501,1
market1501/bounding_box_train/1433_c2s3_053482_01.jpg,1433,market1501,1
market1501/bounding_box_train/1433_c3s3_055328_05.jpg,1433,market1501,2
market1501/bounding_box_train/1433_c3s3_055353_02.jpg,1433,market1501,2
market1501/bounding_box_train/1433_c3s3_059328_01.jpg,1433,market1501,2
market1501/bounding_box_train/1433_c3s3_059353_04.jpg,1433,market1501,2
market1501/bounding_box_train/1433_c5s3_055690_02.jpg,1433,market1501,4
market1501/bounding_box_train/1433_c5s3_059965_01.jpg,1433,market1501,4
market1501/bounding_box_train/1433_c5s3_059965_06.jpg,1433,market1501,4
market1501/bounding_box_train/1433_c6s3_079042_01.jpg,1433,market1501,5
market1501/bounding_box_train/1433_c6s3_079067_01.jpg,1433,market1501,5
market1501/bounding_box_train/1433_c6s3_082992_01.jpg,1433,market1501,5
market1501/bounding_box_train/1437_c1s6_007191_02.jpg,1437,market1501,0
market1501/bounding_box_train/1437_c1s6_007216_02.jpg,1437,market1501,0
market1501/bounding_box_train/1437_c1s6_007266_04.jpg,1437,market1501,0
market1501/bounding_box_train/1437_c3s3_055928_02.jpg,1437,market1501,2
market1501/bounding_box_train/1437_c3s3_055928_05.jpg,1437,market1501,2
market1501/bounding_box_train/1437_c3s3_055953_03.jpg,1437,market1501,2
market1501/bounding_box_train/1437_c3s3_055978_03.jpg,1437,market1501,2
market1501/bounding_box_train/1437_c4s6_011735_01.jpg,1437,market1501,3
market1501/bounding_box_train/1437_c4s6_011735_03.jpg,1437,market1501,3
market1501/bounding_box_train/1437_c4s6_011760_01.jpg,1437,market1501,3
market1501/bounding_box_train/1437_c5s3_056365_03.jpg,1437,market1501,4
market1501/bounding_box_train/1437_c5s3_056390_02.jpg,1437,market1501,4
market1501/bounding_box_train/1437_c5s3_056440_01.jpg,1437,market1501,4
market1501/bounding_box_train/1437_c6s3_079542_01.jpg,1437,market1501,5
market1501/bounding_box_train/1437_c6s3_079567_01.jpg,1437,market1501,5
market1501/bounding_box_train/1437_c6s3_079692_03.jpg,1437,market1501,5
market1501/bounding_box_train/1443_c1s6_008341_01.jpg,1443,market1501,0
market1501/bounding_box_train/1443_c1s6_020296_03.jpg,1443,market1501,0
market1501/bounding_box_train/1443_c1s6_020371_03.jpg,1443,market1501,0
market1501/bounding_box_train/1443_c2s3_050807_04.jpg,1443,market1501,1
market1501/bounding_box_train/1443_c2s3_050832_04.jpg,1443,market1501,1
market1501/bounding_box_train/1443_c3s3_057078_08.jpg,1443,market1501,2
market1501/bounding_box_train/1443_c3s3_057153_02.jpg,1443,market1501,2
market1501/bounding_box_train/1443_c3s3_068594_03.jpg,1443,market1501,2
market1501/bounding_box_train/1443_c3s3_068619_02.jpg,1443,market1501,2
market1501/bounding_box_train/1443_c3s3_068644_03.jpg,1443,market1501,2
market1501/bounding_box_train/1443_c4s6_020066_01.jpg,1443,market1501,3
market1501/bounding_box_train/1443_c5s3_057415_02.jpg,1443,market1501,4
market1501/bounding_box_train/1443_c5s3_057415_13.jpg,1443,market1501,4
market1501/bounding_box_train/1443_c5s3_057490_04.jpg,1443,market1501,4
market1501/bounding_box_train/1443_c5s3_069287_04.jpg,1443,market1501,4
market1501/bounding_box_train/1443_c5s3_069337_03.jpg,1443,market1501,4
market1501/bounding_box_train/1443_c6s3_080842_02.jpg,1443,market1501,5
market1501/bounding_box_train/1443_c6s3_080842_05.jpg,1443,market1501,5
market1501/bounding_box_train/1443_c6s3_080867_02.jpg,1443,market1501,5
market1501/bounding_box_train/1443_c6s3_080892_01.jpg,1443,market1501,5
market1501/bounding_box_train/1443_c6s3_080917_01.jpg,1443,market1501,5
market1501/bounding_box_train/1443_c6s3_092267_03.jpg,1443,market1501,5
market1501/bounding_box_train/1443_c6s3_092342_02.jpg,1443,market1501,5
market1501/bounding_box_train/1443_c6s3_092367_02.jpg,1443,market1501,5
market1501/bounding_box_train/1455_c1s6_009191_01.jpg,1455,market1501,0
market1501/bounding_box_train/1455_c1s6_009241_01.jpg,1455,market1501,0
market1501/bounding_box_train/1455_c1s6_009241_06.jpg,1455,market1501,0
market1501/bounding_box_train/1455_c2s3_051582_01.jpg,1455,market1501,1
market1501/bounding_box_train/1455_c2s3_051607_02.jpg,1455,market1501,1
market1501/bounding_box_train/1455_c2s3_051682_01.jpg,1455,market1501,1
market1501/bounding_box_train/1455_c3s3_057903_01.jpg,1455,market1501,2
market1501/bounding_box_train/1455_c3s3_058028_03.jpg,1455,market1501,2
market1501/bounding_box_train/1455_c4s6_009685_01.jpg,1455,market1501,3
market1501/bounding_box_train/1455_c4s6_009710_01.jpg,1455,market1501,3
market1501/bounding_box_train/1455_c4s6_009760_01.jpg,1455,market1501,3
market1501/bounding_box_train/1455_c5s3_058515_02.jpg,1455,market1501,4
market1501/bounding_box_train/1455_c5s3_058765_01.jpg,1455,market1501,4
market1501/bounding_box_train/1455_c5s3_058790_01.jpg,1455,market1501,4
market1501/bounding_box_train/1458_c1s6_009541_02.jpg,1458,market1501,0
market1501/bounding_box_train/1458_c2s3_051857_02.jpg,1458,market1501,1
market1501/bounding_box_train/1458_c2s3_052082_04.jpg,1458,market1501,1
market1501/bounding_box_train/1458_c3s3_058353_04.jpg,1458,market1501,2
market1501/bounding_box_train/1458_c3s3_058378_02.jpg,1458,market1501,2
market1501/bounding_box_train/1458_c3s3_058428_02.jpg,1458,market1501,2
market1501/bounding_box_train/1458_c5s3_058640_02.jpg,1458,market1501,4
market1501/bounding_box_train/1458_c5s3_058640_09.jpg,1458,market1501,4
market1501/bounding_box_train/1458_c6s3_082092_04.jpg,1458,market1501,5
market1501/bounding_box_train/1458_c6s3_082142_01.jpg,1458,market1501,5
market1501/bounding_box_train/1466_c1s6_024371_02.jpg,1466,market1501,0
market1501/bounding_box_train/1466_c1s6_024571_03.jpg,1466,market1501,0
market1501/bounding_box_train/1466_c3s3_073169_02.jpg,1466,market1501,2
market1501/bounding_box_train/1466_c3s3_073194_02.jpg,1466,market1501,2
market1501/bounding_box_train/1466_c3s3_073294_04.jpg,1466,market1501,2
market1501/bounding_box_train/1466_c3s3_073319_01.jpg,1466,market1501,2
market1501/bounding_box_train/1466_c3s3_073419_12.jpg,1466,market1501,2
market1501/bounding_box_train/1466_c5s3_073637_05.jpg,1466,market1501,4
market1501/bounding_box_train/1466_c5s3_073812_07.jpg,1466,market1501,4
market1501/bounding_box_train/1466_c5s3_073862_04.jpg,1466,market1501,4
market1501/bounding_box_train/1466_c5s3_073862_08.jpg,1466,market1501,4
market1501/bounding_box_train/1495_c1s6_013321_01.jpg,1495,market1501,0
market1501/bounding_box_train/1495_c1s6_013371_01.jpg,1495,market1501,0
market1501/bounding_box_train/1495_c1s6_013396_01.jpg,1495,market1501,0
market1501/bounding_box_train/1495_c1s6_030596_04.jpg,1495,market1501,0
market1501/bounding_box_train/1495_c1s6_030646_03.jpg,1495,market1501,0
market1501/bounding_box_train/1495_c2s3_055757_06.jpg,1495,market1501,1
market1501/bounding_box_train/1495_c2s3_055807_01.jpg,1495,market1501,1
market1501/bounding_box_train/1495_c2s3_055857_03.jpg,1495,market1501,1
market1501/bounding_box_train/1495_c2s3_073102_01.jpg,1495,market1501,1
market1501/bounding_box_train/1495_c3s3_062153_02.jpg,1495,market1501,2
market1501/bounding_box_train/1495_c3s3_062178_07.jpg,1495,market1501,2
market1501/bounding_box_train/1495_c3s3_062228_05.jpg,1495,market1501,2
market1501/bounding_box_train/1495_c3s3_078944_05.jpg,1495,market1501,2
market1501/bounding_box_train/1495_c3s3_078969_03.jpg,1495,market1501,2
market1501/bounding_box_train/1495_c3s3_079044_08.jpg,1495,market1501,2
market1501/bounding_box_train/1495_c4s6_013666_01.jpg,1495,market1501,3
market1501/bounding_box_train/1495_c4s6_013691_01.jpg,1495,market1501,3
market1501/bounding_box_train/1495_c4s6_013741_02.jpg,1495,market1501,3
market1501/bounding_box_train/1495_c4s6_013816_07.jpg,1495,market1501,3
market1501/bounding_box_train/1495_c4s6_017266_01.jpg,1495,market1501,3
market1501/bounding_box_train/1495_c5s3_062565_03.jpg,1495,market1501,4
market1501/bounding_box_train/1495_c5s3_062665_04.jpg,1495,market1501,4
market1501/bounding_box_train/1495_c5s3_062740_02.jpg,1495,market1501,4
market1501/bounding_box_train/1495_c5s3_062740_11.jpg,1495,market1501,4
market1501/bounding_box_train/1495_c5s3_062815_02.jpg,1495,market1501,4
market1501/bounding_box_train/1495_c5s3_062890_05.jpg,1495,market1501,4
market1501/bounding_box_train/1495_c5s3_062890_09.jpg,1495,market1501,4
market1501/bounding_box_train/1495_c5s3_062940_01.jpg,1495,market1501,4
market1501/bounding_box_train/1495_c5s3_066712_02.jpg,1495,market1501,4
market1501/bounding_box_train/1495_c6s3_085917_09.jpg,1495,market1501,5
market1501/bounding_box_train/1495_c6s3_089942_02.jpg,1495,market1501,5
market1501/bounding_box_train/1495_c6s3_089992_05.jpg,1495,market1501,5
market1501/bounding_box_train/1495_c6s3_090067_02.jpg,1495,market1501,5
market1501/bounding_box_train/1496_c1s6_022296_02.jpg,1496,market1501,0
market1501/bounding_box_train/1496_c1s6_022296_03.jpg,1496,market1501,0
market1501/bounding_box_train/1496_c1s6_022396_01.jpg,1496,market1501,0
market1501/bounding_box_train/1496_c1s6_022396_05.jpg,1496,market1501,0
market1501/bounding_box_train/1496_c2s3_064927_01.jpg,1496,market1501,1
market1501/bounding_box_train/1496_c2s3_064952_01.jpg,1496,market1501,1
market1501/bounding_box_train/1496_c2s3_064952_07.jpg,1496,market1501,1
market1501/bounding_box_train/1496_c3s3_070644_01.jpg,1496,market1501,2
market1501/bounding_box_train/1496_c3s3_070719_01.jpg,1496,market1501,2
market1501/bounding_box_train/1496_c3s3_070719_02.jpg,1496,market1501,2
market1501/bounding_box_train/1496_c4s6_021591_03.jpg,1496,market1501,3
market1501/bounding_box_train/1496_c4s6_021591_07.jpg,1496,market1501,3
market1501/bounding_box_train/1496_c6s3_094292_04.jpg,1496,market1501,5
market1501/bounding_box_train/1496_c6s3_094342_03.jpg,1496,market1501,5
market1501/bounding_box_train/1496_c6s3_094367_04.jpg,1496,market1501,5
market1501/bounding_box_train/1496_c6s3_094367_06.jpg,1496,market1501,5
market1501/bounding_box_train/0151_c1s1_025051_01.jpg,151,market1501,0
market1501/bounding_box_train/0151_c1s1_025076_01.jpg,151,market1501,0
market1501/bounding_box_train/0151_c4s1_024726_03.jpg,151,market1501,3
market1501/bounding_box_train/0158_c1s1_028301_01.jpg,158,market1501,0
market1501/bounding_box_train/0158_c1s1_028326_01.jpg,158,market1501,0
market1501/bounding_box_train/0158_c1s1_037826_01.jpg,158,market1501,0
market1501/bounding_box_train/0158_c1s1_037926_01.jpg,158,market1501,0
market1501/bounding_box_train/0158_c1s1_037976_01.jpg,158,market1501,0
market1501/bounding_box_train/0158_c1s1_037976_03.jpg,158,market1501,0
market1501/bounding_box_train/0158_c1s1_038051_02.jpg,158,market1501,0
market1501/bounding_box_train/0158_c1s1_038076_02.jpg,158,market1501,0
market1501/bounding_box_train/0158_c2s1_026501_01.jpg,158,market1501,1
market1501/bounding_box_train/0158_c2s1_027651_01.jpg,158,market1501,1
market1501/bounding_box_train/0158_c2s1_027826_01.jpg,158,market1501,1
market1501/bounding_box_train/0158_c2s1_037501_03.jpg,158,market1501,1
market1501/bounding_box_train/0158_c3s1_027701_01.jpg,158,market1501,2
market1501/bounding_box_train/0158_c3s1_028001_01.jpg,158,market1501,2
market1501/bounding_box_train/0158_c3s1_037076_01.jpg,158,market1501,2
market1501/bounding_box_train/0158_c3s1_037126_03.jpg,158,market1501,2
market1501/bounding_box_train/0158_c5s1_028326_01.jpg,158,market1501,4
market1501/bounding_box_train/0158_c5s1_028326_03.jpg,158,market1501,4
market1501/bounding_box_train/0158_c5s1_028376_01.jpg,158,market1501,4
market1501/bounding_box_train/0158_c5s1_037751_04.jpg,158,market1501,4
market1501/bounding_box_train/0158_c5s1_037801_01.jpg,158,market1501,4
market1501/bounding_box_train/0158_c5s1_037801_05.jpg,158,market1501,4
market1501/bounding_box_train/0158_c5s1_037901_01.jpg,158,market1501,4
market1501/bounding_box_train/0158_c5s1_037901_02.jpg,158,market1501,4
market1501/bounding_box_train/0158_c5s1_038001_02.jpg,158,market1501,4
market1501/bounding_box_train/0158_c5s1_038001_07.jpg,158,market1501,4
market1501/bounding_box_train/0158_c5s1_038201_02.jpg,158,market1501,4
market1501/bounding_box_train/0158_c6s1_028551_01.jpg,158,market1501,5
market1501/bounding_box_train/0158_c6s1_028576_01.jpg,158,market1501,5
market1501/bounding_box_train/0158_c6s1_028601_01.jpg,158,market1501,5
market1501/bounding_box_train/0158_c6s1_037601_01.jpg,158,market1501,5
market1501/bounding_box_train/0158_c6s1_037626_01.jpg,158,market1501,5
market1501/bounding_box_train/0158_c6s1_037651_01.jpg,158,market1501,5
market1501/bounding_box_train/0158_c6s1_037651_03.jpg,158,market1501,5
market1501/bounding_box_train/0158_c6s1_037676_01.jpg,158,market1501,5
market1501/bounding_box_train/0160_c2s1_027351_01.jpg,160,market1501,1
market1501/bounding_box_train/0160_c2s1_027376_01.jpg,160,market1501,1
market1501/bounding_box_train/0160_c3s1_027501_01.jpg,160,market1501,2
market1501/bounding_box_train/0160_c3s1_027526_02.jpg,160,market1501,2
market1501/bounding_box_train/0160_c6s1_028076_01.jpg,160,market1501,5
market1501/bounding_box_train/0160_c6s1_028101_01.jpg,160,market1501,5
market1501/bounding_box_train/0160_c6s1_028126_01.jpg,160,market1501,5
market1501/bounding_box_train/0160_c6s1_028201_01.jpg,160,market1501,5
market1501/bounding_box_train/0160_c6s1_028226_01.jpg,160,market1501,5
market1501/bounding_box_train/0160_c6s1_028326_01.jpg,160,market1501,5
market1501/bounding_box_train/0160_c6s1_028401_01.jpg,160,market1501,5
market1501/bounding_box_train/0167_c1s1_030026_02.jpg,167,market1501,0
market1501/bounding_box_train/0167_c4s1_030451_01.jpg,167,market1501,3
market1501/bounding_box_train/0167_c4s5_012279_02.jpg,167,market1501,3
market1501/bounding_box_train/0167_c4s5_012379_03.jpg,167,market1501,3
market1501/bounding_box_train/0167_c4s5_012504_05.jpg,167,market1501,3
market1501/bounding_box_train/0167_c4s5_012554_03.jpg,167,market1501,3
market1501/bounding_box_train/0167_c4s5_012579_01.jpg,167,market1501,3
market1501/bounding_box_train/0167_c4s5_013304_04.jpg,167,market1501,3
market1501/bounding_box_train/0175_c1s1_031226_02.jpg,175,market1501,0
market1501/bounding_box_train/0175_c1s1_031251_02.jpg,175,market1501,0
market1501/bounding_box_train/0175_c4s1_031976_01.jpg,175,market1501,3
market1501/bounding_box_train/0175_c4s1_032076_03.jpg,175,market1501,3
market1501/bounding_box_train/0175_c4s5_013654_04.jpg,175,market1501,3
market1501/bounding_box_train/0175_c4s5_013679_02.jpg,175,market1501,3
market1501/bounding_box_train/0175_c4s5_013779_02.jpg,175,market1501,3
market1501/bounding_box_train/0175_c4s5_013779_10.jpg,175,market1501,3
market1501/bounding_box_train/0175_c4s5_013854_01.jpg,175,market1501,3
market1501/bounding_box_train/0175_c4s5_016004_04.jpg,175,market1501,3
market1501/bounding_box_train/0175_c4s6_017066_02.jpg,175,market1501,3
market1501/bounding_box_train/0175_c4s6_017116_02.jpg,175,market1501,3
market1501/bounding_box_train/0178_c1s1_033026_01.jpg,178,market1501,0
market1501/bounding_box_train/0178_c1s1_033051_01.jpg,178,market1501,0
market1501/bounding_box_train/0178_c1s1_037051_01.jpg,178,market1501,0
market1501/bounding_box_train/0178_c1s1_037101_01.jpg,178,market1501,0
market1501/bounding_box_train/0178_c2s1_032476_01.jpg,178,market1501,1
market1501/bounding_box_train/0178_c2s1_032501_02.jpg,178,market1501,1
market1501/bounding_box_train/0178_c2s1_032526_03.jpg,178,market1501,1
market1501/bounding_box_train/0178_c3s1_032601_02.jpg,178,market1501,2
market1501/bounding_box_train/0178_c3s1_036426_03.jpg,178,market1501,2
market1501/bounding_box_train/0178_c3s1_036501_01.jpg,178,market1501,2
market1501/bounding_box_train/0178_c5s1_033051_01.jpg,178,market1501,4
market1501/bounding_box_train/0178_c5s1_037051_01.jpg,178,market1501,4
market1501/bounding_box_train/0178_c5s1_037076_02.jpg,178,market1501,4
market1501/bounding_box_train/0178_c5s1_037126_01.jpg,178,market1501,4
market1501/bounding_box_train/0178_c5s1_037151_01.jpg,178,market1501,4
market1501/bounding_box_train/0178_c5s1_037176_01.jpg,178,market1501,4
market1501/bounding_box_train/0178_c6s1_033151_01.jpg,178,market1501,5
market1501/bounding_box_train/0178_c6s1_033176_01.jpg,178,market1501,5
market1501/bounding_box_train/0178_c6s1_033201_01.jpg,178,market1501,5
market1501/bounding_box_train/0178_c6s1_036851_02.jpg,178,market1501,5
market1501/bounding_box_train/0178_c6s1_036876_01.jpg,178,market1501,5
market1501/bounding_box_train/0178_c6s1_036926_01.jpg,178,market1501,5
market1501/bounding_box_train/0178_c6s1_036951_02.jpg,178,market1501,5
market1501/bounding_box_train/0178_c6s1_036976_02.jpg,178,market1501,5
market1501/bounding_box_train/0178_c6s1_036976_03.jpg,178,market1501,5
market1501/bounding_box_train/0184_c1s1_034701_03.jpg,184,market1501,0
market1501/bounding_box_train/0184_c1s5_012511_01.jpg,184,market1501,0
market1501/bounding_box_train/0184_c1s5_012536_02.jpg,184,market1501,0
market1501/bounding_box_train/0184_c1s5_012661_01.jpg,184,market1501,0
market1501/bounding_box_train/0184_c1s5_046291_01.jpg,184,market1501,0
market1501/bounding_box_train/0184_c2s2_145102_02.jpg,184,market1501,1
market1501/bounding_box_train/0184_c2s2_145127_02.jpg,184,market1501,1
market1501/bounding_box_train/0184_c2s3_013732_01.jpg,184,market1501,1
market1501/bounding_box_train/0184_c2s3_013857_01.jpg,184,market1501,1
market1501/bounding_box_train/0184_c3s2_147819_03.jpg,184,market1501,2
market1501/bounding_box_train/0184_c3s2_147844_01.jpg,184,market1501,2
market1501/bounding_box_train/0184_c3s2_147869_05.jpg,184,market1501,2
market1501/bounding_box_train/0184_c3s3_020128_01.jpg,184,market1501,2
market1501/bounding_box_train/0184_c3s3_020203_01.jpg,184,market1501,2
market1501/bounding_box_train/0184_c4s1_034376_01.jpg,184,market1501,3
market1501/bounding_box_train/0184_c4s1_034451_01.jpg,184,market1501,3
market1501/bounding_box_train/0184_c4s1_034501_03.jpg,184,market1501,3
market1501/bounding_box_train/0184_c4s1_034526_02.jpg,184,market1501,3
market1501/bounding_box_train/0184_c4s5_011679_01.jpg,184,market1501,3
market1501/bounding_box_train/0184_c4s5_011729_01.jpg,184,market1501,3
market1501/bounding_box_train/0184_c4s5_011779_01.jpg,184,market1501,3
market1501/bounding_box_train/0184_c4s5_011829_05.jpg,184,market1501,3
market1501/bounding_box_train/0184_c4s5_011879_02.jpg,184,market1501,3
market1501/bounding_box_train/0184_c5s1_033851_02.jpg,184,market1501,4
market1501/bounding_box_train/0184_c5s2_148199_01.jpg,184,market1501,4
market1501/bounding_box_train/0184_c5s2_148274_01.jpg,184,market1501,4
market1501/bounding_box_train/0184_c5s2_148299_01.jpg,184,market1501,4
market1501/bounding_box_train/0184_c5s2_148324_01.jpg,184,market1501,4
market1501/bounding_box_train/0184_c5s3_020415_02.jpg,184,market1501,4
market1501/bounding_box_train/0184_c6s3_009642_03.jpg,184,market1501,5
market1501/bounding_box_train/0184_c6s3_009642_04.jpg,184,market1501,5
market1501/bounding_box_train/0184_c6s3_009667_03.jpg,184,market1501,5
market1501/bounding_box_train/0184_c6s3_043917_01.jpg,184,market1501,5
market1501/bounding_box_train/0185_c1s1_034701_04.jpg,185,market1501,0
market1501/bounding_box_train/0185_c2s1_034026_01.jpg,185,market1501,1
market1501/bounding_box_train/0185_c2s1_034051_01.jpg,185,market1501,1
market1501/bounding_box_train/0185_c2s1_157416_03.jpg,185,market1501,1
market1501/bounding_box_train/0185_c3s1_034351_01.jpg,185,market1501,2
market1501/bounding_box_train/0185_c3s1_034426_02.jpg,185,market1501,2
market1501/bounding_box_train/0185_c3s1_034451_02.jpg,185,market1501,2
market1501/bounding_box_train/0185_c3s1_034501_01.jpg,185,market1501,2
market1501/bounding_box_train/0185_c5s1_034601_04.jpg,185,market1501,4
market1501/bounding_box_train/0185_c6s1_035001_03.jpg,185,market1501,5
market1501/bounding_box_train/0185_c6s1_035026_03.jpg,185,market1501,5
market1501/bounding_box_train/0185_c6s1_035051_03.jpg,185,market1501,5
market1501/bounding_box_train/0185_c6s1_035076_04.jpg,185,market1501,5
market1501/bounding_box_train/0185_c6s1_035101_03.jpg,185,market1501,5
market1501/bounding_box_train/0185_c6s1_035126_01.jpg,185,market1501,5
market1501/bounding_box_train/0190_c2s3_072077_03.jpg,190,market1501,1
market1501/bounding_box_train/0190_c2s3_072102_02.jpg,190,market1501,1
market1501/bounding_box_train/0190_c3s3_078394_02.jpg,190,market1501,2
market1501/bounding_box_train/0190_c3s3_078444_02.jpg,190,market1501,2
market1501/bounding_box_train/0190_c6s4_004927_04.jpg,190,market1501,5
market1501/bounding_box_train/0195_c1s1_070631_03.jpg,195,market1501,0
market1501/bounding_box_train/0195_c1s1_070656_02.jpg,195,market1501,0
market1501/bounding_box_train/0195_c2s1_037551_01.jpg,195,market1501,1
market1501/bounding_box_train/0195_c2s1_037601_01.jpg,195,market1501,1
market1501/bounding_box_train/0195_c2s1_037676_01.jpg,195,market1501,1
market1501/bounding_box_train/0195_c2s1_070021_02.jpg,195,market1501,1
market1501/bounding_box_train/0195_c2s1_070146_01.jpg,195,market1501,1
market1501/bounding_box_train/0195_c3s1_037351_03.jpg,195,market1501,2
market1501/bounding_box_train/0195_c3s1_037376_03.jpg,195,market1501,2
market1501/bounding_box_train/0195_c3s1_070317_03.jpg,195,market1501,2
market1501/bounding_box_train/0195_c3s1_070342_02.jpg,195,market1501,2
market1501/bounding_box_train/0195_c5s1_038176_04.jpg,195,market1501,4
market1501/bounding_box_train/0195_c5s1_070698_02.jpg,195,market1501,4
market1501/bounding_box_train/0195_c6s1_037801_01.jpg,195,market1501,5
market1501/bounding_box_train/0195_c6s1_037826_01.jpg,195,market1501,5
market1501/bounding_box_train/0195_c6s1_037876_01.jpg,195,market1501,5
market1501/bounding_box_train/0195_c6s1_070876_02.jpg,195,market1501,5
market1501/bounding_box_train/0195_c6s1_070901_03.jpg,195,market1501,5
market1501/bounding_box_train/0195_c6s1_071001_03.jpg,195,market1501,5
market1501/bounding_box_train/0195_c6s1_071076_01.jpg,195,market1501,5
market1501/bounding_box_train/0195_c6s1_071176_02.jpg,195,market1501,5
market1501/bounding_box_train/0197_c1s1_039276_01.jpg,197,market1501,0
market1501/bounding_box_train/0197_c1s1_039301_01.jpg,197,market1501,0
market1501/bounding_box_train/0197_c1s1_039426_01.jpg,197,market1501,0
market1501/bounding_box_train/0197_c1s1_045251_02.jpg,197,market1501,0
market1501/bounding_box_train/0197_c1s1_045276_07.jpg,197,market1501,0
market1501/bounding_box_train/0197_c1s1_045376_05.jpg,197,market1501,0
market1501/bounding_box_train/0197_c2s1_038651_02.jpg,197,market1501,1
market1501/bounding_box_train/0197_c2s1_038651_07.jpg,197,market1501,1
market1501/bounding_box_train/0197_c2s1_038676_02.jpg,197,market1501,1
market1501/bounding_box_train/0197_c2s1_038751_03.jpg,197,market1501,1
market1501/bounding_box_train/0197_c2s1_044851_02.jpg,197,market1501,1
market1501/bounding_box_train/0197_c2s1_044851_07.jpg,197,market1501,1
market1501/bounding_box_train/0197_c2s1_044926_02.jpg,197,market1501,1
market1501/bounding_box_train/0197_c3s1_038876_01.jpg,197,market1501,2
market1501/bounding_box_train/0197_c3s1_038926_02.jpg,197,market1501,2
market1501/bounding_box_train/0197_c3s1_038976_02.jpg,197,market1501,2
market1501/bounding_box_train/0197_c3s1_044451_03.jpg,197,market1501,2
market1501/bounding_box_train/0197_c3s1_044551_02.jpg,197,market1501,2
market1501/bounding_box_train/0197_c3s1_044601_01.jpg,197,market1501,2
market1501/bounding_box_train/0197_c3s1_044676_02.jpg,197,market1501,2
market1501/bounding_box_train/0197_c4s1_039551_05.jpg,197,market1501,3
market1501/bounding_box_train/0197_c4s1_039651_03.jpg,197,market1501,3
market1501/bounding_box_train/0197_c4s1_062907_02.jpg,197,market1501,3
market1501/bounding_box_train/0197_c4s1_062932_02.jpg,197,market1501,3
market1501/bounding_box_train/0197_c4s1_063032_03.jpg,197,market1501,3
market1501/bounding_box_train/0197_c4s1_066857_01.jpg,197,market1501,3
market1501/bounding_box_train/0197_c4s1_066882_03.jpg,197,market1501,3
market1501/bounding_box_train/0197_c5s1_039226_01.jpg,197,market1501,4
market1501/bounding_box_train/0197_c5s1_039351_01.jpg,197,market1501,4
market1501/bounding_box_train/0197_c5s1_039451_01.jpg,197,market1501,4
market1501/bounding_box_train/0197_c5s1_039701_06.jpg,197,market1501,4
market1501/bounding_box_train/0197_c5s1_045026_03.jpg,197,market1501,4
market1501/bounding_box_train/0197_c5s1_045051_03.jpg,197,market1501,4
market1501/bounding_box_train/0197_c5s1_045126_04.jpg,197,market1501,4
market1501/bounding_box_train/0197_c5s1_045151_05.jpg,197,market1501,4
market1501/bounding_box_train/0197_c5s1_045301_05.jpg,197,market1501,4
market1501/bounding_box_train/0197_c6s1_039551_07.jpg,197,market1501,5
market1501/bounding_box_train/0197_c6s1_045076_05.jpg,197,market1501,5
market1501/bounding_box_train/0197_c6s1_045126_05.jpg,197,market1501,5
market1501/bounding_box_train/0199_c1s6_023896_04.jpg,199,market1501,0
market1501/bounding_box_train/0199_c2s3_066402_02.jpg,199,market1501,1
market1501/bounding_box_train/0199_c2s3_066427_03.jpg,199,market1501,1
market1501/bounding_box_train/0199_c3s3_072769_07.jpg,199,market1501,2
market1501/bounding_box_train/0209_c1s1_042176_01.jpg,209,market1501,0
market1501/bounding_box_train/0209_c1s1_045276_03.jpg,209,market1501,0
market1501/bounding_box_train/0209_c1s1_045426_02.jpg,209,market1501,0
market1501/bounding_box_train/0209_c2s1_045176_04.jpg,209,market1501,1
market1501/bounding_box_train/0209_c2s1_045276_02.jpg,209,market1501,1
market1501/bounding_box_train/0209_c3s1_044751_02.jpg,209,market1501,2
market1501/bounding_box_train/0209_c3s1_044776_02.jpg,209,market1501,2
market1501/bounding_box_train/0209_c4s1_041626_02.jpg,209,market1501,3
market1501/bounding_box_train/0209_c4s1_041726_01.jpg,209,market1501,3
market1501/bounding_box_train/0209_c4s1_041751_01.jpg,209,market1501,3
market1501/bounding_box_train/0209_c5s1_042126_01.jpg,209,market1501,4
market1501/bounding_box_train/0209_c5s1_042151_01.jpg,209,market1501,4
market1501/bounding_box_train/0209_c5s1_042176_01.jpg,209,market1501,4
market1501/bounding_box_train/0209_c5s1_042526_01.jpg,209,market1501,4
market1501/bounding_box_train/0209_c5s1_043076_01.jpg,209,market1501,4
market1501/bounding_box_train/0209_c5s1_043151_03.jpg,209,market1501,4
market1501/bounding_box_train/0209_c5s1_043526_01.jpg,209,market1501,4
market1501/bounding_box_train/0209_c5s1_044826_01.jpg,209,market1501,4
market1501/bounding_box_train/0209_c6s1_042451_02.jpg,209,market1501,5
market1501/bounding_box_train/0209_c6s1_042451_06.jpg,209,market1501,5
market1501/bounding_box_train/0209_c6s1_042476_02.jpg,209,market1501,5
market1501/bounding_box_train/0209_c6s1_042501_02.jpg,209,market1501,5
market1501/bounding_box_train/0209_c6s1_042526_02.jpg,209,market1501,5
market1501/bounding_box_train/0209_c6s1_043076_01.jpg,209,market1501,5
market1501/bounding_box_train/0209_c6s1_044476_01.jpg,209,market1501,5
market1501/bounding_box_train/0209_c6s1_045226_02.jpg,209,market1501,5
market1501/bounding_box_train/0209_c6s1_045251_01.jpg,209,market1501,5
market1501/bounding_box_train/0209_c6s1_045251_07.jpg,209,market1501,5
market1501/bounding_box_train/0211_c2s1_042851_02.jpg,211,market1501,1
market1501/bounding_box_train/0211_c2s1_042876_01.jpg,211,market1501,1
market1501/bounding_box_train/0211_c3s1_042926_02.jpg,211,market1501,2
market1501/bounding_box_train/0211_c3s1_042976_03.jpg,211,market1501,2
market1501/bounding_box_train/0211_c5s1_043476_02.jpg,211,market1501,4
market1501/bounding_box_train/0211_c5s1_043526_03.jpg,211,market1501,4
market1501/bounding_box_train/0214_c2s1_043726_01.jpg,214,market1501,1
market1501/bounding_box_train/0214_c2s1_043751_01.jpg,214,market1501,1
market1501/bounding_box_train/0214_c4s1_043326_01.jpg,214,market1501,3
market1501/bounding_box_train/0214_c4s1_043351_01.jpg,214,market1501,3
market1501/bounding_box_train/0214_c4s1_043501_01.jpg,214,market1501,3
market1501/bounding_box_train/0224_c1s1_046901_01.jpg,224,market1501,0
market1501/bounding_box_train/0224_c1s1_055881_01.jpg,224,market1501,0
market1501/bounding_box_train/0224_c1s1_055956_01.jpg,224,market1501,0
market1501/bounding_box_train/0224_c1s1_056006_01.jpg,224,market1501,0
market1501/bounding_box_train/0224_c1s1_056106_01.jpg,224,market1501,0
market1501/bounding_box_train/0224_c1s1_056106_02.jpg,224,market1501,0
market1501/bounding_box_train/0224_c2s1_045801_01.jpg,224,market1501,1
market1501/bounding_box_train/0224_c2s1_046276_01.jpg,224,market1501,1
market1501/bounding_box_train/0224_c2s1_046426_07.jpg,224,market1501,1
market1501/bounding_box_train/0224_c2s1_055546_01.jpg,224,market1501,1
market1501/bounding_box_train/0224_c2s1_055571_03.jpg,224,market1501,1
market1501/bounding_box_train/0224_c2s1_055721_01.jpg,224,market1501,1
market1501/bounding_box_train/0224_c3s1_046551_01.jpg,224,market1501,2
market1501/bounding_box_train/0224_c3s1_046576_01.jpg,224,market1501,2
market1501/bounding_box_train/0224_c3s1_055176_03.jpg,224,market1501,2
market1501/bounding_box_train/0224_c3s1_055217_01.jpg,224,market1501,2
market1501/bounding_box_train/0224_c3s1_055292_02.jpg,224,market1501,2
market1501/bounding_box_train/0224_c4s1_057282_02.jpg,224,market1501,3
market1501/bounding_box_train/0224_c5s1_046826_01.jpg,224,market1501,4
market1501/bounding_box_train/0224_c5s1_046851_01.jpg,224,market1501,4
market1501/bounding_box_train/0224_c5s1_046951_02.jpg,224,market1501,4
market1501/bounding_box_train/0224_c5s1_055848_02.jpg,224,market1501,4
market1501/bounding_box_train/0224_c5s1_055923_01.jpg,224,market1501,4
market1501/bounding_box_train/0224_c5s1_055998_01.jpg,224,market1501,4
market1501/bounding_box_train/0224_c5s1_056123_01.jpg,224,market1501,4
market1501/bounding_box_train/0224_c6s1_047126_01.jpg,224,market1501,5
market1501/bounding_box_train/0224_c6s1_047151_01.jpg,224,market1501,5
market1501/bounding_box_train/0224_c6s1_047176_01.jpg,224,market1501,5
market1501/bounding_box_train/0224_c6s1_055601_06.jpg,224,market1501,5
market1501/bounding_box_train/0224_c6s1_055626_03.jpg,224,market1501,5
market1501/bounding_box_train/0224_c6s1_055651_03.jpg,224,market1501,5
market1501/bounding_box_train/0224_c6s1_055676_02.jpg,224,market1501,5
market1501/bounding_box_train/0224_c6s1_055701_02.jpg,224,market1501,5
market1501/bounding_box_train/0224_c6s1_055726_02.jpg,224,market1501,5
market1501/bounding_box_train/0224_c6s1_055751_03.jpg,224,market1501,5
market1501/bounding_box_train/0224_c6s1_055801_05.jpg,224,market1501,5
market1501/bounding_box_train/0224_c6s1_055801_09.jpg,224,market1501,5
market1501/bounding_box_train/0224_c6s1_055826_03.jpg,224,market1501,5
market1501/bounding_box_train/0023_c1s1_004101_02.jpg,23,market1501,0
market1501/bounding_box_train/0023_c1s1_004126_02.jpg,23,market1501,0
market1501/bounding_box_train/0023_c3s1_001951_03.jpg,23,market1501,2
market1501/bounding_box_train/0023_c4s1_004151_01.jpg,23,market1501,3
market1501/bounding_box_train/0023_c4s1_004376_01.jpg,23,market1501,3
market1501/bounding_box_train/0023_c5s1_004051_04.jpg,23,market1501,4
market1501/bounding_box_train/0023_c6s1_002351_02.jpg,23,market1501,5
market1501/bounding_box_train/0023_c6s1_002376_02.jpg,23,market1501,5
market1501/bounding_box_train/0023_c6s1_002401_01.jpg,23,market1501,5
market1501/bounding_box_train/0023_c6s1_002451_01.jpg,23,market1501,5
market1501/bounding_box_train/0023_c6s1_002476_02.jpg,23,market1501,5
market1501/bounding_box_train/0023_c6s1_002501_02.jpg,23,market1501,5
market1501/bounding_box_train/0023_c6s1_002526_02.jpg,23,market1501,5
market1501/bounding_box_train/0023_c6s1_002551_03.jpg,23,market1501,5
market1501/bounding_box_train/0023_c6s1_002576_01.jpg,23,market1501,5
market1501/bounding_box_train/0023_c6s1_002676_03.jpg,23,market1501,5
market1501/bounding_box_train/0023_c6s1_003826_03.jpg,23,market1501,5
market1501/bounding_box_train/0023_c6s1_003851_02.jpg,23,market1501,5
market1501/bounding_box_train/0023_c6s1_003876_03.jpg,23,market1501,5
market1501/bounding_box_train/0023_c6s1_003901_03.jpg,23,market1501,5
market1501/bounding_box_train/0239_c1s1_050326_01.jpg,239,market1501,0
market1501/bounding_box_train/0239_c1s1_050351_01.jpg,239,market1501,0
market1501/bounding_box_train/0239_c1s1_068756_03.jpg,239,market1501,0
market1501/bounding_box_train/0239_c1s1_068781_04.jpg,239,market1501,0
market1501/bounding_box_train/0239_c2s1_049726_02.jpg,239,market1501,1
market1501/bounding_box_train/0239_c2s1_049776_02.jpg,239,market1501,1
market1501/bounding_box_train/0239_c3s1_050001_01.jpg,239,market1501,2
market1501/bounding_box_train/0239_c3s1_068142_02.jpg,239,market1501,2
market1501/bounding_box_train/0239_c3s1_068242_01.jpg,239,market1501,2
market1501/bounding_box_train/0239_c4s1_068032_03.jpg,239,market1501,3
market1501/bounding_box_train/0239_c4s1_068157_07.jpg,239,market1501,3
market1501/bounding_box_train/0239_c5s1_050326_02.jpg,239,market1501,4
market1501/bounding_box_train/0239_c5s1_068523_03.jpg,239,market1501,4
market1501/bounding_box_train/0239_c5s1_068548_03.jpg,239,market1501,4
market1501/bounding_box_train/0239_c6s1_050551_02.jpg,239,market1501,5
market1501/bounding_box_train/0239_c6s1_050576_01.jpg,239,market1501,5
market1501/bounding_box_train/0239_c6s1_050601_01.jpg,239,market1501,5
market1501/bounding_box_train/0243_c1s1_050776_01.jpg,243,market1501,0
market1501/bounding_box_train/0243_c1s1_050801_03.jpg,243,market1501,0
market1501/bounding_box_train/0243_c1s1_066631_01.jpg,243,market1501,0
market1501/bounding_box_train/0243_c1s1_066631_06.jpg,243,market1501,0
market1501/bounding_box_train/0243_c1s1_066731_01.jpg,243,market1501,0
market1501/bounding_box_train/0243_c2s1_050151_01.jpg,243,market1501,1
market1501/bounding_box_train/0243_c2s1_050276_01.jpg,243,market1501,1
market1501/bounding_box_train/0243_c2s1_050276_05.jpg,243,market1501,1
market1501/bounding_box_train/0243_c2s1_066171_01.jpg,243,market1501,1
market1501/bounding_box_train/0243_c2s1_066196_01.jpg,243,market1501,1
market1501/bounding_box_train/0243_c2s1_066196_02.jpg,243,market1501,1
market1501/bounding_box_train/0243_c3s1_050451_02.jpg,243,market1501,2
market1501/bounding_box_train/0243_c3s1_065917_03.jpg,243,market1501,2
market1501/bounding_box_train/0243_c5s1_050651_01.jpg,243,market1501,4
market1501/bounding_box_train/0243_c5s1_050701_01.jpg,243,market1501,4
market1501/bounding_box_train/0243_c5s1_050801_01.jpg,243,market1501,4
market1501/bounding_box_train/0243_c5s1_066548_01.jpg,243,market1501,4
market1501/bounding_box_train/0243_c6s1_050976_02.jpg,243,market1501,5
market1501/bounding_box_train/0243_c6s1_051026_01.jpg,243,market1501,5
market1501/bounding_box_train/0243_c6s1_051051_01.jpg,243,market1501,5
market1501/bounding_box_train/0243_c6s1_051076_04.jpg,243,market1501,5
market1501/bounding_box_train/0243_c6s1_066376_01.jpg,243,market1501,5
market1501/bounding_box_train/0243_c6s1_066401_01.jpg,243,market1501,5
market1501/bounding_box_train/0243_c6s1_066426_01.jpg,243,market1501,5
market1501/bounding_box_train/0243_c6s1_066451_01.jpg,243,market1501,5
market1501/bounding_box_train/0243_c6s1_066451_03.jpg,243,market1501,5
market1501/bounding_box_train/0243_c6s1_066476_02.jpg,243,market1501,5
market1501/bounding_box_train/0243_c6s1_066501_02.jpg,243,market1501,5
market1501/bounding_box_train/0251_c1s1_052426_01.jpg,251,market1501,0
market1501/bounding_box_train/0251_c1s1_052476_01.jpg,251,market1501,0
market1501/bounding_box_train/0251_c1s1_064231_01.jpg,251,market1501,0
market1501/bounding_box_train/0251_c1s1_064281_01.jpg,251,market1501,0
market1501/bounding_box_train/0251_c2s1_063946_02.jpg,251,market1501,1
market1501/bounding_box_train/0251_c3s1_051851_03.jpg,251,market1501,2
market1501/bounding_box_train/0251_c3s1_051901_03.jpg,251,market1501,2
market1501/bounding_box_train/0251_c3s1_051926_03.jpg,251,market1501,2
market1501/bounding_box_train/0251_c3s1_063592_02.jpg,251,market1501,2
market1501/bounding_box_train/0251_c3s1_063617_02.jpg,251,market1501,2
market1501/bounding_box_train/0251_c3s1_063667_01.jpg,251,market1501,2
market1501/bounding_box_train/0251_c5s1_052426_01.jpg,251,market1501,4
market1501/bounding_box_train/0251_c5s1_052451_01.jpg,251,market1501,4
market1501/bounding_box_train/0251_c5s1_064348_04.jpg,251,market1501,4
market1501/bounding_box_train/0251_c6s1_052551_04.jpg,251,market1501,5
market1501/bounding_box_train/0251_c6s1_052576_03.jpg,251,market1501,5
market1501/bounding_box_train/0251_c6s1_052601_02.jpg,251,market1501,5
market1501/bounding_box_train/0251_c6s1_064051_01.jpg,251,market1501,5
market1501/bounding_box_train/0251_c6s1_064126_01.jpg,251,market1501,5
market1501/bounding_box_train/0264_c1s1_055981_01.jpg,264,market1501,0
market1501/bounding_box_train/0264_c1s1_056006_02.jpg,264,market1501,0
market1501/bounding_box_train/0264_c1s1_061881_01.jpg,264,market1501,0
market1501/bounding_box_train/0264_c1s1_062031_01.jpg,264,market1501,0
market1501/bounding_box_train/0264_c2s1_055346_02.jpg,264,market1501,1
market1501/bounding_box_train/0264_c2s1_055471_01.jpg,264,market1501,1
market1501/bounding_box_train/0264_c2s1_061521_03.jpg,264,market1501,1
market1501/bounding_box_train/0264_c2s1_061596_01.jpg,264,market1501,1
market1501/bounding_box_train/0264_c3s1_055592_04.jpg,264,market1501,2
market1501/bounding_box_train/0264_c3s1_055617_03.jpg,264,market1501,2
market1501/bounding_box_train/0264_c3s1_060542_03.jpg,264,market1501,2
market1501/bounding_box_train/0264_c3s1_061242_02.jpg,264,market1501,2
market1501/bounding_box_train/0264_c3s1_061292_02.jpg,264,market1501,2
market1501/bounding_box_train/0264_c4s1_060382_01.jpg,264,market1501,3
market1501/bounding_box_train/0264_c4s1_060407_02.jpg,264,market1501,3
market1501/bounding_box_train/0264_c5s1_055923_03.jpg,264,market1501,4
market1501/bounding_box_train/0264_c5s1_055998_02.jpg,264,market1501,4
market1501/bounding_box_train/0264_c5s1_060773_03.jpg,264,market1501,4
market1501/bounding_box_train/0264_c5s1_060798_01.jpg,264,market1501,4
market1501/bounding_box_train/0264_c5s1_060873_01.jpg,264,market1501,4
market1501/bounding_box_train/0264_c5s1_061248_01.jpg,264,market1501,4
market1501/bounding_box_train/0264_c5s1_061298_02.jpg,264,market1501,4
market1501/bounding_box_train/0264_c5s1_061348_03.jpg,264,market1501,4
market1501/bounding_box_train/0264_c5s1_061548_01.jpg,264,market1501,4
market1501/bounding_box_train/0264_c6s1_056176_02.jpg,264,market1501,5
market1501/bounding_box_train/0264_c6s1_056201_02.jpg,264,market1501,5
market1501/bounding_box_train/0264_c6s1_056226_02.jpg,264,market1501,5
market1501/bounding_box_train/0264_c6s1_056251_04.jpg,264,market1501,5
market1501/bounding_box_train/0264_c6s1_060826_03.jpg,264,market1501,5
market1501/bounding_box_train/0264_c6s1_060851_01.jpg,264,market1501,5
market1501/bounding_box_train/0264_c6s1_060876_02.jpg,264,market1501,5
market1501/bounding_box_train/0264_c6s1_061001_03.jpg,264,market1501,5
market1501/bounding_box_train/0264_c6s1_061026_03.jpg,264,market1501,5
market1501/bounding_box_train/0264_c6s1_061051_02.jpg,264,market1501,5
market1501/bounding_box_train/0264_c6s1_061126_03.jpg,264,market1501,5
market1501/bounding_box_train/0264_c6s1_061151_01.jpg,264,market1501,5
market1501/bounding_box_train/0264_c6s1_061401_01.jpg,264,market1501,5
market1501/bounding_box_train/0264_c6s1_061476_01.jpg,264,market1501,5
market1501/bounding_box_train/0264_c6s1_061776_01.jpg,264,market1501,5
market1501/bounding_box_train/0264_c6s1_061776_05.jpg,264,market1501,5
market1501/bounding_box_train/0273_c1s1_060331_03.jpg,273,market1501,0
market1501/bounding_box_train/0273_c1s1_068956_01.jpg,273,market1501,0
market1501/bounding_box_train/0273_c2s1_059721_03.jpg,273,market1501,1
market1501/bounding_box_train/0273_c2s1_059746_03.jpg,273,market1501,1
market1501/bounding_box_train/0273_c2s1_059846_07.jpg,273,market1501,1
market1501/bounding_box_train/0273_c2s1_068396_01.jpg,273,market1501,1
market1501/bounding_box_train/0273_c2s1_068496_02.jpg,273,market1501,1
market1501/bounding_box_train/0273_c3s1_059942_02.jpg,273,market1501,2
market1501/bounding_box_train/0273_c3s1_059967_03.jpg,273,market1501,2
market1501/bounding_box_train/0273_c3s1_068217_01.jpg,273,market1501,2
market1501/bounding_box_train/0273_c3s1_068242_02.jpg,273,market1501,2
market1501/bounding_box_train/0273_c5s1_060298_04.jpg,273,market1501,4
market1501/bounding_box_train/0273_c5s1_068973_02.jpg,273,market1501,4
market1501/bounding_box_train/0273_c6s1_060501_01.jpg,273,market1501,5
market1501/bounding_box_train/0273_c6s1_060551_01.jpg,273,market1501,5
market1501/bounding_box_train/0273_c6s1_060576_05.jpg,273,market1501,5
market1501/bounding_box_train/0273_c6s1_060601_03.jpg,273,market1501,5
market1501/bounding_box_train/0273_c6s1_068676_01.jpg,273,market1501,5
market1501/bounding_box_train/0273_c6s1_068701_01.jpg,273,market1501,5
market1501/bounding_box_train/0273_c6s1_068751_01.jpg,273,market1501,5
market1501/bounding_box_train/0028_c1s4_033506_01.jpg,28,market1501,0
market1501/bounding_box_train/0028_c1s4_033531_01.jpg,28,market1501,0
market1501/bounding_box_train/0028_c2s1_001751_02.jpg,28,market1501,1
market1501/bounding_box_train/0028_c2s1_001776_03.jpg,28,market1501,1
market1501/bounding_box_train/0028_c2s1_001801_03.jpg,28,market1501,1
market1501/bounding_box_train/0028_c3s1_001976_01.jpg,28,market1501,2
market1501/bounding_box_train/0028_c3s1_002001_02.jpg,28,market1501,2
market1501/bounding_box_train/0028_c3s1_002026_02.jpg,28,market1501,2
market1501/bounding_box_train/0028_c6s1_002551_02.jpg,28,market1501,5
market1501/bounding_box_train/0028_c6s1_002576_04.jpg,28,market1501,5
market1501/bounding_box_train/0028_c6s1_002601_02.jpg,28,market1501,5
market1501/bounding_box_train/0282_c2s1_061896_06.jpg,282,market1501,1
market1501/bounding_box_train/0282_c2s1_062771_01.jpg,282,market1501,1
market1501/bounding_box_train/0282_c3s1_061642_01.jpg,282,market1501,2
market1501/bounding_box_train/0282_c3s1_061717_01.jpg,282,market1501,2
market1501/bounding_box_train/0282_c3s1_061742_02.jpg,282,market1501,2
market1501/bounding_box_train/0282_c6s1_062101_01.jpg,282,market1501,5
market1501/bounding_box_train/0282_c6s1_062126_01.jpg,282,market1501,5
market1501/bounding_box_train/0282_c6s1_062151_01.jpg,282,market1501,5
market1501/bounding_box_train/0282_c6s1_062176_01.jpg,282,market1501,5
market1501/bounding_box_train/0287_c1s1_062781_02.jpg,287,market1501,0
market1501/bounding_box_train/0287_c1s1_062831_02.jpg,287,market1501,0
market1501/bounding_box_train/0287_c2s1_062546_01.jpg,287,market1501,1
market1501/bounding_box_train/0287_c2s1_062621_02.jpg,287,market1501,1
market1501/bounding_box_train/0287_c4s1_062057_01.jpg,287,market1501,3
market1501/bounding_box_train/0287_c4s1_062182_01.jpg,287,market1501,3
market1501/bounding_box_train/0287_c4s1_062332_01.jpg,287,market1501,3
market1501/bounding_box_train/0287_c5s1_062748_01.jpg,287,market1501,4
market1501/bounding_box_train/0287_c5s1_062748_03.jpg,287,market1501,4
market1501/bounding_box_train/0287_c5s1_062798_06.jpg,287,market1501,4
market1501/bounding_box_train/0287_c5s1_062823_04.jpg,287,market1501,4
market1501/bounding_box_train/0287_c5s1_062973_02.jpg,287,market1501,4
market1501/bounding_box_train/0296_c1s1_066706_02.jpg,296,market1501,0
market1501/bounding_box_train/0296_c1s1_066756_04.jpg,296,market1501,0
market1501/bounding_box_train/0296_c1s1_066781_03.jpg,296,market1501,0
market1501/bounding_box_train/0296_c1s1_071581_01.jpg,296,market1501,0
market1501/bounding_box_train/0296_c3s1_066267_04.jpg,296,market1501,2
market1501/bounding_box_train/0296_c3s1_066292_02.jpg,296,market1501,2
market1501/bounding_box_train/0296_c3s1_066342_04.jpg,296,market1501,2
market1501/bounding_box_train/0296_c3s1_070917_05.jpg,296,market1501,2
market1501/bounding_box_train/0296_c3s1_070942_02.jpg,296,market1501,2
market1501/bounding_box_train/0296_c4s1_072107_05.jpg,296,market1501,3
market1501/bounding_box_train/0296_c5s1_066773_01.jpg,296,market1501,4
market1501/bounding_box_train/0296_c5s1_066798_02.jpg,296,market1501,4
market1501/bounding_box_train/0296_c5s1_066848_02.jpg,296,market1501,4
market1501/bounding_box_train/0296_c5s1_071573_02.jpg,296,market1501,4
market1501/bounding_box_train/0296_c5s1_071673_02.jpg,296,market1501,4
market1501/bounding_box_train/0296_c6s1_066776_01.jpg,296,market1501,5
market1501/bounding_box_train/0296_c6s1_066801_01.jpg,296,market1501,5
market1501/bounding_box_train/0296_c6s1_066826_01.jpg,296,market1501,5
market1501/bounding_box_train/0296_c6s1_066851_01.jpg,296,market1501,5
market1501/bounding_box_train/0296_c6s1_066876_01.jpg,296,market1501,5
market1501/bounding_box_train/0296_c6s1_066901_01.jpg,296,market1501,5
market1501/bounding_box_train/0296_c6s1_066926_01.jpg,296,market1501,5
market1501/bounding_box_train/0296_c6s1_071451_01.jpg,296,market1501,5
market1501/bounding_box_train/0296_c6s1_071476_01.jpg,296,market1501,5
market1501/bounding_box_train/0296_c6s1_071476_02.jpg,296,market1501,5
market1501/bounding_box_train/0298_c2s1_064621_03.jpg,298,market1501,1
market1501/bounding_box_train/0298_c3s1_071267_02.jpg,298,market1501,2
market1501/bounding_box_train/0298_c3s1_071317_02.jpg,298,market1501,2
market1501/bounding_box_train/0298_c4s1_065532_03.jpg,298,market1501,3
market1501/bounding_box_train/0298_c4s1_065607_01.jpg,298,market1501,3
market1501/bounding_box_train/0298_c4s1_065682_03.jpg,298,market1501,3
market1501/bounding_box_train/0298_c5s1_071923_01.jpg,298,market1501,4
market1501/bounding_box_train/0298_c5s1_071923_04.jpg,298,market1501,4
market1501/bounding_box_train/0298_c6s1_071751_03.jpg,298,market1501,5
market1501/bounding_box_train/0298_c6s1_071776_02.jpg,298,market1501,5
market1501/bounding_box_train/0298_c6s1_071801_02.jpg,298,market1501,5
market1501/bounding_box_train/0298_c6s1_071876_01.jpg,298,market1501,5
market1501/bounding_box_train/0299_c1s1_067206_02.jpg,299,market1501,0
market1501/bounding_box_train/0299_c1s1_067256_01.jpg,299,market1501,0
market1501/bounding_box_train/0299_c1s1_067256_02.jpg,299,market1501,0
market1501/bounding_box_train/0299_c1s1_067306_02.jpg,299,market1501,0
market1501/bounding_box_train/0299_c1s1_067331_01.jpg,299,market1501,0
market1501/bounding_box_train/0299_c1s2_019616_02.jpg,299,market1501,0
market1501/bounding_box_train/0299_c1s2_019691_01.jpg,299,market1501,0
market1501/bounding_box_train/0299_c1s5_007961_01.jpg,299,market1501,0
market1501/bounding_box_train/0299_c1s5_008061_01.jpg,299,market1501,0
market1501/bounding_box_train/0299_c1s5_008111_01.jpg,299,market1501,0
market1501/bounding_box_train/0299_c2s1_066821_01.jpg,299,market1501,1
market1501/bounding_box_train/0299_c2s1_091871_01.jpg,299,market1501,1
market1501/bounding_box_train/0299_c2s1_091896_01.jpg,299,market1501,1
market1501/bounding_box_train/0299_c2s2_140527_06.jpg,299,market1501,1
market1501/bounding_box_train/0299_c3s1_066592_02.jpg,299,market1501,2
market1501/bounding_box_train/0299_c3s1_066642_02.jpg,299,market1501,2
market1501/bounding_box_train/0299_c3s1_091992_02.jpg,299,market1501,2
market1501/bounding_box_train/0299_c3s1_091992_04.jpg,299,market1501,2
market1501/bounding_box_train/0299_c3s1_092092_01.jpg,299,market1501,2
market1501/bounding_box_train/0299_c3s1_092167_01.jpg,299,market1501,2
market1501/bounding_box_train/0299_c3s2_143269_04.jpg,299,market1501,2
market1501/bounding_box_train/0299_c3s2_143344_04.jpg,299,market1501,2
market1501/bounding_box_train/0299_c3s2_143394_01.jpg,299,market1501,2
market1501/bounding_box_train/0299_c4s1_066607_02.jpg,299,market1501,3
market1501/bounding_box_train/0299_c4s1_066682_02.jpg,299,market1501,3
market1501/bounding_box_train/0299_c4s1_066707_01.jpg,299,market1501,3
market1501/bounding_box_train/0299_c4s2_019942_02.jpg,299,market1501,3
market1501/bounding_box_train/0299_c4s2_019992_02.jpg,299,market1501,3
market1501/bounding_box_train/0299_c4s2_020067_02.jpg,299,market1501,3
market1501/bounding_box_train/0299_c4s5_007354_01.jpg,299,market1501,3
market1501/bounding_box_train/0299_c4s5_007379_01.jpg,299,market1501,3
market1501/bounding_box_train/0299_c4s5_007429_01.jpg,299,market1501,3
market1501/bounding_box_train/0299_c5s1_067023_03.jpg,299,market1501,4
market1501/bounding_box_train/0299_c5s1_067048_02.jpg,299,market1501,4
market1501/bounding_box_train/0299_c5s1_067148_02.jpg,299,market1501,4
market1501/bounding_box_train/0299_c5s1_067173_02.jpg,299,market1501,4
market1501/bounding_box_train/0299_c5s1_067223_02.jpg,299,market1501,4
market1501/bounding_box_train/0299_c5s1_067223_08.jpg,299,market1501,4
market1501/bounding_box_train/0299_c5s1_067298_05.jpg,299,market1501,4
market1501/bounding_box_train/0299_c5s1_092523_02.jpg,299,market1501,4
market1501/bounding_box_train/0299_c5s1_092548_01.jpg,299,market1501,4
market1501/bounding_box_train/0299_c5s1_092623_01.jpg,299,market1501,4
market1501/bounding_box_train/0299_c5s1_092648_01.jpg,299,market1501,4
market1501/bounding_box_train/0299_c5s1_092673_01.jpg,299,market1501,4
market1501/bounding_box_train/0299_c5s1_092748_02.jpg,299,market1501,4
market1501/bounding_box_train/0299_c5s1_092773_02.jpg,299,market1501,4
market1501/bounding_box_train/0299_c5s1_092798_07.jpg,299,market1501,4
market1501/bounding_box_train/0299_c5s2_143749_06.jpg,299,market1501,4
market1501/bounding_box_train/0299_c5s2_143774_04.jpg,299,market1501,4
market1501/bounding_box_train/0299_c5s2_143849_01.jpg,299,market1501,4
market1501/bounding_box_train/0299_c6s1_067101_05.jpg,299,market1501,5
market1501/bounding_box_train/0299_c6s3_005142_03.jpg,299,market1501,5
market1501/bounding_box_train/0308_c1s1_069531_03.jpg,308,market1501,0
market1501/bounding_box_train/0308_c1s1_069556_02.jpg,308,market1501,0
market1501/bounding_box_train/0308_c1s1_069581_01.jpg,308,market1501,0
market1501/bounding_box_train/0308_c1s2_032716_01.jpg,308,market1501,0
market1501/bounding_box_train/0308_c1s2_032741_01.jpg,308,market1501,0
market1501/bounding_box_train/0308_c1s2_032916_03.jpg,308,market1501,0
market1501/bounding_box_train/0308_c1s2_033191_01.jpg,308,market1501,0
market1501/bounding_box_train/0308_c2s1_068896_01.jpg,308,market1501,1
market1501/bounding_box_train/0308_c2s1_068971_01.jpg,308,market1501,1
market1501/bounding_box_train/0308_c3s1_069192_05.jpg,308,market1501,2
market1501/bounding_box_train/0308_c3s1_069292_03.jpg,308,market1501,2
market1501/bounding_box_train/0308_c3s1_105467_03.jpg,308,market1501,2
market1501/bounding_box_train/0308_c3s1_105517_02.jpg,308,market1501,2
market1501/bounding_box_train/0308_c4s2_032517_01.jpg,308,market1501,3
market1501/bounding_box_train/0308_c4s2_032567_02.jpg,308,market1501,3
market1501/bounding_box_train/0308_c4s2_035267_02.jpg,308,market1501,3
market1501/bounding_box_train/0308_c4s2_035392_02.jpg,308,market1501,3
market1501/bounding_box_train/0308_c5s1_105798_01.jpg,308,market1501,4
market1501/bounding_box_train/0308_c5s1_105823_01.jpg,308,market1501,4
market1501/bounding_box_train/0308_c5s1_105848_01.jpg,308,market1501,4
market1501/bounding_box_train/0308_c5s1_105873_01.jpg,308,market1501,4
market1501/bounding_box_train/0308_c5s1_106023_01.jpg,308,market1501,4
market1501/bounding_box_train/0308_c5s1_106073_01.jpg,308,market1501,4
market1501/bounding_box_train/0308_c5s1_106098_03.jpg,308,market1501,4
market1501/bounding_box_train/0308_c5s1_106398_03.jpg,308,market1501,4
market1501/bounding_box_train/0308_c5s1_106423_02.jpg,308,market1501,4
market1501/bounding_box_train/0308_c6s1_069826_05.jpg,308,market1501,5
market1501/bounding_box_train/0308_c6s1_069851_02.jpg,308,market1501,5
market1501/bounding_box_train/0308_c6s1_069876_02.jpg,308,market1501,5
market1501/bounding_box_train/0308_c6s1_069901_02.jpg,308,market1501,5
market1501/bounding_box_train/0308_c6s1_069926_02.jpg,308,market1501,5
market1501/bounding_box_train/0308_c6s1_069951_02.jpg,308,market1501,5
market1501/bounding_box_train/0317_c1s1_072406_01.jpg,317,market1501,0
market1501/bounding_box_train/0317_c4s1_072007_01.jpg,317,market1501,3
market1501/bounding_box_train/0317_c4s1_072032_01.jpg,317,market1501,3
market1501/bounding_box_train/0317_c4s1_072107_01.jpg,317,market1501,3
market1501/bounding_box_train/0318_c3s1_071792_02.jpg,318,market1501,2
market1501/bounding_box_train/0318_c3s1_071842_01.jpg,318,market1501,2
market1501/bounding_box_train/0318_c6s1_071951_02.jpg,318,market1501,5
market1501/bounding_box_train/0318_c6s1_071976_02.jpg,318,market1501,5
market1501/bounding_box_train/0318_c6s1_072026_02.jpg,318,market1501,5
market1501/bounding_box_train/0318_c6s1_072051_02.jpg,318,market1501,5
market1501/bounding_box_train/0318_c6s1_072076_01.jpg,318,market1501,5
market1501/bounding_box_train/0318_c6s1_072076_03.jpg,318,market1501,5
market1501/bounding_box_train/0318_c6s1_072101_02.jpg,318,market1501,5
market1501/bounding_box_train/0318_c6s1_072151_02.jpg,318,market1501,5
market1501/bounding_box_train/0318_c6s1_072201_01.jpg,318,market1501,5
market1501/bounding_box_train/0318_c6s1_072351_01.jpg,318,market1501,5
market1501/bounding_box_train/0318_c6s1_073151_01.jpg,318,market1501,5
market1501/bounding_box_train/0318_c6s1_073251_01.jpg,318,market1501,5
market1501/bounding_box_train/0318_c6s1_073251_05.jpg,318,market1501,5
market1501/bounding_box_train/0321_c1s1_072506_01.jpg,321,market1501,0
market1501/bounding_box_train/0321_c1s2_008466_01.jpg,321,market1501,0
market1501/bounding_box_train/0321_c1s2_009291_02.jpg,321,market1501,0
market1501/bounding_box_train/0321_c2s1_072021_03.jpg,321,market1501,1
market1501/bounding_box_train/0321_c2s1_080971_02.jpg,321,market1501,1
market1501/bounding_box_train/0321_c2s1_081296_01.jpg,321,market1501,1
market1501/bounding_box_train/0321_c3s1_072067_04.jpg,321,market1501,2
market1501/bounding_box_train/0321_c3s1_072167_03.jpg,321,market1501,2
market1501/bounding_box_train/0321_c3s1_080567_01.jpg,321,market1501,2
market1501/bounding_box_train/0321_c3s1_080692_01.jpg,321,market1501,2
market1501/bounding_box_train/0321_c3s1_080692_03.jpg,321,market1501,2
market1501/bounding_box_train/0321_c3s1_080842_01.jpg,321,market1501,2
market1501/bounding_box_train/0321_c4s2_009242_02.jpg,321,market1501,3
market1501/bounding_box_train/0321_c4s2_009317_01.jpg,321,market1501,3
market1501/bounding_box_train/0321_c4s2_009317_03.jpg,321,market1501,3
market1501/bounding_box_train/0321_c5s1_072498_01.jpg,321,market1501,4
market1501/bounding_box_train/0321_c5s1_081223_02.jpg,321,market1501,4
market1501/bounding_box_train/0321_c5s1_081298_01.jpg,321,market1501,4
market1501/bounding_box_train/0321_c6s1_072701_03.jpg,321,market1501,5
market1501/bounding_box_train/0321_c6s1_072751_01.jpg,321,market1501,5
market1501/bounding_box_train/0321_c6s1_080976_06.jpg,321,market1501,5
market1501/bounding_box_train/0321_c6s1_081001_04.jpg,321,market1501,5
market1501/bounding_box_train/0321_c6s1_081026_02.jpg,321,market1501,5
market1501/bounding_box_train/0321_c6s1_081051_03.jpg,321,market1501,5
market1501/bounding_box_train/0321_c6s1_081076_02.jpg,321,market1501,5
market1501/bounding_box_train/0321_c6s1_081101_02.jpg,321,market1501,5
market1501/bounding_box_train/0321_c6s1_081151_04.jpg,321,market1501,5
market1501/bounding_box_train/0326_c1s6_032171_01.jpg,326,market1501,0
market1501/bounding_box_train/0326_c1s6_032196_01.jpg,326,market1501,0
market1501/bounding_box_train/0326_c2s3_074602_01.jpg,326,market1501,1
market1501/bounding_box_train/0326_c2s3_074702_03.jpg,326,market1501,1
market1501/bounding_box_train/0326_c3s3_080969_08.jpg,326,market1501,2
market1501/bounding_box_train/0326_c3s3_081044_04.jpg,326,market1501,2
market1501/bounding_box_train/0326_c5s3_081312_04.jpg,326,market1501,4
market1501/bounding_box_train/0326_c6s4_007527_02.jpg,326,market1501,5
market1501/bounding_box_train/0326_c6s4_007552_02.jpg,326,market1501,5
market1501/bounding_box_train/0327_c1s6_016996_01.jpg,327,market1501,0
market1501/bounding_box_train/0327_c2s3_059377_01.jpg,327,market1501,1
market1501/bounding_box_train/0327_c2s3_059452_01.jpg,327,market1501,1
market1501/bounding_box_train/0327_c2s3_059502_01.jpg,327,market1501,1
market1501/bounding_box_train/0327_c3s3_065819_01.jpg,327,market1501,2
market1501/bounding_box_train/0327_c3s3_065894_01.jpg,327,market1501,2
market1501/bounding_box_train/0327_c5s3_066012_02.jpg,327,market1501,4
market1501/bounding_box_train/0327_c5s3_066137_03.jpg,327,market1501,4
market1501/bounding_box_train/0327_c6s3_089667_01.jpg,327,market1501,5
market1501/bounding_box_train/0327_c6s3_089667_02.jpg,327,market1501,5
market1501/bounding_box_train/0333_c1s2_003766_03.jpg,333,market1501,0
market1501/bounding_box_train/0333_c1s2_003816_03.jpg,333,market1501,0
market1501/bounding_box_train/0333_c1s4_054886_02.jpg,333,market1501,0
market1501/bounding_box_train/0333_c1s4_054911_02.jpg,333,market1501,0
market1501/bounding_box_train/0333_c1s5_051591_05.jpg,333,market1501,0
market1501/bounding_box_train/0333_c1s5_051616_04.jpg,333,market1501,0
market1501/bounding_box_train/0333_c1s5_051641_04.jpg,333,market1501,0
market1501/bounding_box_train/0333_c1s5_051866_04.jpg,333,market1501,0
market1501/bounding_box_train/0333_c2s3_019282_02.jpg,333,market1501,1
market1501/bounding_box_train/0333_c2s3_019307_04.jpg,333,market1501,1
market1501/bounding_box_train/0333_c3s1_075767_01.jpg,333,market1501,2
market1501/bounding_box_train/0333_c3s1_075817_04.jpg,333,market1501,2
market1501/bounding_box_train/0333_c3s1_078267_01.jpg,333,market1501,2
market1501/bounding_box_train/0333_c3s1_078317_02.jpg,333,market1501,2
market1501/bounding_box_train/0333_c3s2_105528_05.jpg,333,market1501,2
market1501/bounding_box_train/0333_c3s2_105553_04.jpg,333,market1501,2
market1501/bounding_box_train/0333_c3s2_115144_04.jpg,333,market1501,2
market1501/bounding_box_train/0333_c3s2_115169_04.jpg,333,market1501,2
market1501/bounding_box_train/0333_c3s2_115194_02.jpg,333,market1501,2
market1501/bounding_box_train/0333_c3s3_025153_05.jpg,333,market1501,2
market1501/bounding_box_train/0333_c3s3_025178_10.jpg,333,market1501,2
market1501/bounding_box_train/0333_c4s2_003717_05.jpg,333,market1501,3
market1501/bounding_box_train/0333_c4s2_003742_02.jpg,333,market1501,3
market1501/bounding_box_train/0333_c4s2_003742_04.jpg,333,market1501,3
market1501/bounding_box_train/0333_c4s2_005517_08.jpg,333,market1501,3
market1501/bounding_box_train/0333_c4s2_005542_05.jpg,333,market1501,3
market1501/bounding_box_train/0333_c4s4_044685_04.jpg,333,market1501,3
market1501/bounding_box_train/0333_c4s4_044710_01.jpg,333,market1501,3
market1501/bounding_box_train/0333_c4s4_054766_02.jpg,333,market1501,3
market1501/bounding_box_train/0333_c4s5_050760_02.jpg,333,market1501,3
market1501/bounding_box_train/0333_c4s5_050810_04.jpg,333,market1501,3
market1501/bounding_box_train/0333_c5s1_076473_03.jpg,333,market1501,4
market1501/bounding_box_train/0333_c5s1_076523_03.jpg,333,market1501,4
market1501/bounding_box_train/0333_c5s1_076673_04.jpg,333,market1501,4
market1501/bounding_box_train/0333_c5s1_078673_02.jpg,333,market1501,4
market1501/bounding_box_train/0333_c5s1_078698_01.jpg,333,market1501,4
market1501/bounding_box_train/0333_c5s2_105927_02.jpg,333,market1501,4
market1501/bounding_box_train/0333_c5s2_105977_02.jpg,333,market1501,4
market1501/bounding_box_train/0333_c5s2_106002_05.jpg,333,market1501,4
market1501/bounding_box_train/0333_c5s2_115899_02.jpg,333,market1501,4
market1501/bounding_box_train/0333_c5s2_115924_01.jpg,333,market1501,4
market1501/bounding_box_train/0333_c6s1_076276_02.jpg,333,market1501,5
market1501/bounding_box_train/0333_c6s1_076301_02.jpg,333,market1501,5
market1501/bounding_box_train/0333_c6s1_076351_05.jpg,333,market1501,5
market1501/bounding_box_train/0333_c6s1_076401_04.jpg,333,market1501,5
market1501/bounding_box_train/0333_c6s1_076451_04.jpg,333,market1501,5
market1501/bounding_box_train/0333_c6s1_078801_04.jpg,333,market1501,5
market1501/bounding_box_train/0333_c6s1_078876_02.jpg,333,market1501,5
market1501/bounding_box_train/0333_c6s2_099668_06.jpg,333,market1501,5
market1501/bounding_box_train/0333_c6s2_099718_05.jpg,333,market1501,5
market1501/bounding_box_train/0333_c6s2_099743_02.jpg,333,market1501,5
market1501/bounding_box_train/0333_c6s2_099768_05.jpg,333,market1501,5
market1501/bounding_box_train/0333_c6s2_109218_02.jpg,333,market1501,5
market1501/bounding_box_train/0333_c6s2_109268_03.jpg,333,market1501,5
market1501/bounding_box_train/0333_c6s2_109318_02.jpg,333,market1501,5
market1501/bounding_box_train/0333_c6s2_109368_07.jpg,333,market1501,5
market1501/bounding_box_train/0339_c1s2_005191_04.jpg,339,market1501,0
market1501/bounding_box_train/0339_c1s2_005266_02.jpg,339,market1501,0
market1501/bounding_box_train/0339_c2s1_077996_02.jpg,339,market1501,1
market1501/bounding_box_train/0339_c2s1_078096_03.jpg,339,market1501,1
market1501/bounding_box_train/0339_c2s1_078121_02.jpg,339,market1501,1
market1501/bounding_box_train/0339_c3s1_077817_01.jpg,339,market1501,2
market1501/bounding_box_train/0339_c4s2_004467_03.jpg,339,market1501,3
market1501/bounding_box_train/0339_c4s2_004592_06.jpg,339,market1501,3
market1501/bounding_box_train/0339_c4s2_004817_05.jpg,339,market1501,3
market1501/bounding_box_train/0339_c5s1_078273_01.jpg,339,market1501,4
market1501/bounding_box_train/0339_c5s1_078298_01.jpg,339,market1501,4
market1501/bounding_box_train/0340_c1s2_007791_02.jpg,340,market1501,0
market1501/bounding_box_train/0340_c3s1_078292_02.jpg,340,market1501,2
market1501/bounding_box_train/0340_c3s1_078317_03.jpg,340,market1501,2
market1501/bounding_box_train/0340_c3s1_078342_02.jpg,340,market1501,2
market1501/bounding_box_train/0340_c3s1_079967_01.jpg,340,market1501,2
market1501/bounding_box_train/0340_c3s1_079992_02.jpg,340,market1501,2
market1501/bounding_box_train/0340_c4s2_005517_04.jpg,340,market1501,3
market1501/bounding_box_train/0340_c4s2_005617_03.jpg,340,market1501,3
market1501/bounding_box_train/0340_c4s2_005642_03.jpg,340,market1501,3
market1501/bounding_box_train/0340_c5s1_078748_04.jpg,340,market1501,4
market1501/bounding_box_train/0340_c5s1_078773_01.jpg,340,market1501,4
market1501/bounding_box_train/0340_c5s1_078798_03.jpg,340,market1501,4
market1501/bounding_box_train/0340_c5s1_078823_01.jpg,340,market1501,4
market1501/bounding_box_train/0340_c5s1_078848_03.jpg,340,market1501,4
market1501/bounding_box_train/0340_c5s1_080573_05.jpg,340,market1501,4
market1501/bounding_box_train/0340_c5s1_080623_01.jpg,340,market1501,4
market1501/bounding_box_train/0340_c5s1_080648_05.jpg,340,market1501,4
market1501/bounding_box_train/0340_c5s1_080698_01.jpg,340,market1501,4
market1501/bounding_box_train/0340_c6s1_078826_02.jpg,340,market1501,5
market1501/bounding_box_train/0340_c6s1_078851_02.jpg,340,market1501,5
market1501/bounding_box_train/0340_c6s1_078876_04.jpg,340,market1501,5
market1501/bounding_box_train/0340_c6s1_078901_06.jpg,340,market1501,5
market1501/bounding_box_train/0340_c6s1_079001_03.jpg,340,market1501,5
market1501/bounding_box_train/0340_c6s1_080426_02.jpg,340,market1501,5
market1501/bounding_box_train/0340_c6s1_080451_02.jpg,340,market1501,5
market1501/bounding_box_train/0340_c6s1_080526_03.jpg,340,market1501,5
market1501/bounding_box_train/0340_c6s1_080551_04.jpg,340,market1501,5
market1501/bounding_box_train/0344_c1s2_006391_01.jpg,344,market1501,0
market1501/bounding_box_train/0344_c1s2_006416_02.jpg,344,market1501,0
market1501/bounding_box_train/0344_c1s2_009266_01.jpg,344,market1501,0
market1501/bounding_box_train/0344_c1s2_009316_02.jpg,344,market1501,0
market1501/bounding_box_train/0344_c3s1_078767_04.jpg,344,market1501,2
market1501/bounding_box_train/0344_c3s1_078817_04.jpg,344,market1501,2
market1501/bounding_box_train/0344_c3s1_080842_03.jpg,344,market1501,2
market1501/bounding_box_train/0344_c3s1_080867_03.jpg,344,market1501,2
market1501/bounding_box_train/0344_c3s1_080942_04.jpg,344,market1501,2
market1501/bounding_box_train/0344_c4s2_009792_04.jpg,344,market1501,3
market1501/bounding_box_train/0344_c5s1_079198_02.jpg,344,market1501,4
market1501/bounding_box_train/0344_c5s1_079248_01.jpg,344,market1501,4
market1501/bounding_box_train/0344_c5s1_079298_02.jpg,344,market1501,4
market1501/bounding_box_train/0344_c5s1_082098_02.jpg,344,market1501,4
market1501/bounding_box_train/0344_c5s1_082123_01.jpg,344,market1501,4
market1501/bounding_box_train/0344_c5s1_082198_01.jpg,344,market1501,4
market1501/bounding_box_train/0344_c6s1_079251_05.jpg,344,market1501,5
market1501/bounding_box_train/0344_c6s1_079276_04.jpg,344,market1501,5
market1501/bounding_box_train/0344_c6s1_079301_04.jpg,344,market1501,5
market1501/bounding_box_train/0344_c6s1_079326_04.jpg,344,market1501,5
market1501/bounding_box_train/0344_c6s1_079401_05.jpg,344,market1501,5
market1501/bounding_box_train/0344_c6s1_081351_03.jpg,344,market1501,5
market1501/bounding_box_train/0344_c6s1_081376_03.jpg,344,market1501,5
market1501/bounding_box_train/0344_c6s1_081476_04.jpg,344,market1501,5
market1501/bounding_box_train/0344_c6s1_081501_04.jpg,344,market1501,5
market1501/bounding_box_train/0344_c6s1_081526_05.jpg,344,market1501,5
market1501/bounding_box_train/0344_c6s1_081551_04.jpg,344,market1501,5
market1501/bounding_box_train/0344_c6s1_081701_03.jpg,344,market1501,5
market1501/bounding_box_train/0344_c6s1_082001_04.jpg,344,market1501,5
market1501/bounding_box_train/0344_c6s1_082051_04.jpg,344,market1501,5
market1501/bounding_box_train/0344_c6s1_082051_05.jpg,344,market1501,5
market1501/bounding_box_train/0344_c6s1_082101_06.jpg,344,market1501,5
market1501/bounding_box_train/0354_c1s2_008066_01.jpg,354,market1501,0
market1501/bounding_box_train/0354_c1s2_032691_01.jpg,354,market1501,0
market1501/bounding_box_train/0354_c1s2_032916_02.jpg,354,market1501,0
market1501/bounding_box_train/0354_c3s1_080417_01.jpg,354,market1501,2
market1501/bounding_box_train/0354_c3s1_080542_01.jpg,354,market1501,2
market1501/bounding_box_train/0354_c3s1_080692_04.jpg,354,market1501,2
market1501/bounding_box_train/0354_c3s1_105467_01.jpg,354,market1501,2
market1501/bounding_box_train/0354_c3s1_105517_05.jpg,354,market1501,2
market1501/bounding_box_train/0354_c4s2_032517_04.jpg,354,market1501,3
market1501/bounding_box_train/0354_c4s2_035367_01.jpg,354,market1501,3
market1501/bounding_box_train/0354_c4s2_035392_01.jpg,354,market1501,3
market1501/bounding_box_train/0354_c5s1_080898_01.jpg,354,market1501,4
market1501/bounding_box_train/0354_c5s1_080973_01.jpg,354,market1501,4
market1501/bounding_box_train/0354_c5s1_081073_01.jpg,354,market1501,4
market1501/bounding_box_train/0354_c5s1_105823_02.jpg,354,market1501,4
market1501/bounding_box_train/0354_c5s1_106023_02.jpg,354,market1501,4
market1501/bounding_box_train/0354_c5s1_106073_03.jpg,354,market1501,4
market1501/bounding_box_train/0354_c5s1_106098_01.jpg,354,market1501,4
market1501/bounding_box_train/0354_c5s1_106348_01.jpg,354,market1501,4
market1501/bounding_box_train/0354_c5s1_106398_01.jpg,354,market1501,4
market1501/bounding_box_train/0354_c6s1_080926_07.jpg,354,market1501,5
market1501/bounding_box_train/0354_c6s1_080976_03.jpg,354,market1501,5
market1501/bounding_box_train/0354_c6s1_081001_03.jpg,354,market1501,5
market1501/bounding_box_train/0354_c6s1_081026_03.jpg,354,market1501,5
market1501/bounding_box_train/0354_c6s1_081051_02.jpg,354,market1501,5
market1501/bounding_box_train/0354_c6s1_081076_04.jpg,354,market1501,5
market1501/bounding_box_train/0354_c6s1_081151_02.jpg,354,market1501,5
market1501/bounding_box_train/0354_c6s1_081176_02.jpg,354,market1501,5
market1501/bounding_box_train/0354_c6s1_081276_02.jpg,354,market1501,5
market1501/bounding_box_train/0358_c1s2_009666_02.jpg,358,market1501,0
market1501/bounding_box_train/0358_c1s2_014416_03.jpg,358,market1501,0
market1501/bounding_box_train/0358_c1s2_026591_01.jpg,358,market1501,0
market1501/bounding_box_train/0358_c2s1_081796_02.jpg,358,market1501,1
market1501/bounding_box_train/0358_c2s1_081796_03.jpg,358,market1501,1
market1501/bounding_box_train/0358_c2s1_081996_01.jpg,358,market1501,1
market1501/bounding_box_train/0358_c2s1_086746_01.jpg,358,market1501,1
market1501/bounding_box_train/0358_c2s1_086771_03.jpg,358,market1501,1
market1501/bounding_box_train/0358_c3s1_082092_04.jpg,358,market1501,2
market1501/bounding_box_train/0358_c3s1_082117_05.jpg,358,market1501,2
market1501/bounding_box_train/0358_c3s1_086517_02.jpg,358,market1501,2
market1501/bounding_box_train/0358_c3s1_086592_02.jpg,358,market1501,2
market1501/bounding_box_train/0358_c5s1_082448_03.jpg,358,market1501,4
market1501/bounding_box_train/0358_c5s1_087198_02.jpg,358,market1501,4
market1501/bounding_box_train/0358_c5s1_087223_03.jpg,358,market1501,4
market1501/bounding_box_train/0358_c5s1_087473_03.jpg,358,market1501,4
market1501/bounding_box_train/0358_c5s1_099473_01.jpg,358,market1501,4
market1501/bounding_box_train/0358_c5s1_104423_03.jpg,358,market1501,4
market1501/bounding_box_train/0358_c5s1_104448_02.jpg,358,market1501,4
market1501/bounding_box_train/0358_c5s1_104498_01.jpg,358,market1501,4
market1501/bounding_box_train/0358_c6s1_087001_06.jpg,358,market1501,5
market1501/bounding_box_train/0361_c1s2_010716_01.jpg,361,market1501,0
market1501/bounding_box_train/0361_c1s2_010741_01.jpg,361,market1501,0
market1501/bounding_box_train/0361_c1s2_010816_01.jpg,361,market1501,0
market1501/bounding_box_train/0361_c2s1_082946_02.jpg,361,market1501,1
market1501/bounding_box_train/0361_c2s1_082996_02.jpg,361,market1501,1
market1501/bounding_box_train/0361_c3s1_083142_04.jpg,361,market1501,2
market1501/bounding_box_train/0361_c3s1_083192_03.jpg,361,market1501,2
market1501/bounding_box_train/0361_c4s2_010967_02.jpg,361,market1501,3
market1501/bounding_box_train/0361_c4s2_010992_02.jpg,361,market1501,3
market1501/bounding_box_train/0361_c4s2_011117_02.jpg,361,market1501,3
market1501/bounding_box_train/0361_c5s1_083648_01.jpg,361,market1501,4
market1501/bounding_box_train/0361_c5s1_083698_01.jpg,361,market1501,4
market1501/bounding_box_train/0361_c5s1_083773_01.jpg,361,market1501,4
market1501/bounding_box_train/0361_c5s1_083823_01.jpg,361,market1501,4
market1501/bounding_box_train/0361_c5s1_083873_01.jpg,361,market1501,4
market1501/bounding_box_train/0368_c1s2_013066_01.jpg,368,market1501,0
market1501/bounding_box_train/0368_c1s2_013091_01.jpg,368,market1501,0
market1501/bounding_box_train/0368_c1s2_016541_01.jpg,368,market1501,0
market1501/bounding_box_train/0368_c2s1_085296_01.jpg,368,market1501,1
market1501/bounding_box_train/0368_c2s1_085371_01.jpg,368,market1501,1
market1501/bounding_box_train/0368_c2s1_088846_01.jpg,368,market1501,1
market1501/bounding_box_train/0368_c3s1_085517_01.jpg,368,market1501,2
market1501/bounding_box_train/0368_c3s1_085592_01.jpg,368,market1501,2
market1501/bounding_box_train/0368_c3s1_088592_02.jpg,368,market1501,2
market1501/bounding_box_train/0368_c3s1_088617_02.jpg,368,market1501,2
market1501/bounding_box_train/0368_c5s1_085948_03.jpg,368,market1501,4
market1501/bounding_box_train/0368_c5s1_089373_02.jpg,368,market1501,4
market1501/bounding_box_train/0368_c5s1_089423_04.jpg,368,market1501,4
market1501/bounding_box_train/0368_c5s1_089498_03.jpg,368,market1501,4
market1501/bounding_box_train/0368_c6s1_086126_03.jpg,368,market1501,5
market1501/bounding_box_train/0368_c6s1_086151_03.jpg,368,market1501,5
market1501/bounding_box_train/0368_c6s1_086176_02.jpg,368,market1501,5
market1501/bounding_box_train/0368_c6s1_086201_03.jpg,368,market1501,5
market1501/bounding_box_train/0368_c6s1_086226_03.jpg,368,market1501,5
market1501/bounding_box_train/0368_c6s1_086251_03.jpg,368,market1501,5
market1501/bounding_box_train/0369_c1s2_014866_03.jpg,369,market1501,0
market1501/bounding_box_train/0369_c1s2_014891_01.jpg,369,market1501,0
market1501/bounding_box_train/0369_c1s2_021291_01.jpg,369,market1501,0
market1501/bounding_box_train/0369_c3s1_087192_02.jpg,369,market1501,2
market1501/bounding_box_train/0369_c3s1_087342_01.jpg,369,market1501,2
market1501/bounding_box_train/0369_c5s1_087473_01.jpg,369,market1501,4
market1501/bounding_box_train/0369_c5s1_087698_03.jpg,369,market1501,4
market1501/bounding_box_train/0369_c5s1_087773_02.jpg,369,market1501,4
market1501/bounding_box_train/0369_c5s1_087798_02.jpg,369,market1501,4
market1501/bounding_box_train/0369_c5s1_094073_01.jpg,369,market1501,4
market1501/bounding_box_train/0369_c5s1_094098_01.jpg,369,market1501,4
market1501/bounding_box_train/0369_c5s1_094148_01.jpg,369,market1501,4
market1501/bounding_box_train/0369_c5s1_094223_01.jpg,369,market1501,4
market1501/bounding_box_train/0037_c1s1_003926_01.jpg,37,market1501,0
market1501/bounding_box_train/0037_c1s1_003951_01.jpg,37,market1501,0
market1501/bounding_box_train/0037_c1s1_004376_04.jpg,37,market1501,0
market1501/bounding_box_train/0037_c2s1_002976_01.jpg,37,market1501,1
market1501/bounding_box_train/0037_c2s1_003126_01.jpg,37,market1501,1
market1501/bounding_box_train/0037_c2s1_003176_01.jpg,37,market1501,1
market1501/bounding_box_train/0037_c2s1_003301_01.jpg,37,market1501,1
market1501/bounding_box_train/0037_c2s1_003976_04.jpg,37,market1501,1
market1501/bounding_box_train/0037_c2s1_004476_01.jpg,37,market1501,1
market1501/bounding_box_train/0037_c3s1_003151_01.jpg,37,market1501,2
market1501/bounding_box_train/0037_c3s1_003301_03.jpg,37,market1501,2
market1501/bounding_box_train/0037_c3s1_003451_04.jpg,37,market1501,2
market1501/bounding_box_train/0037_c3s1_003476_03.jpg,37,market1501,2
market1501/bounding_box_train/0037_c3s1_003476_04.jpg,37,market1501,2
market1501/bounding_box_train/0037_c3s1_003851_04.jpg,37,market1501,2
market1501/bounding_box_train/0037_c5s1_003801_02.jpg,37,market1501,4
market1501/bounding_box_train/0037_c5s1_004151_04.jpg,37,market1501,4
market1501/bounding_box_train/0037_c5s1_004426_02.jpg,37,market1501,4
market1501/bounding_box_train/0037_c5s1_004651_04.jpg,37,market1501,4
market1501/bounding_box_train/0037_c5s1_005176_04.jpg,37,market1501,4
market1501/bounding_box_train/0379_c1s2_016791_01.jpg,379,market1501,0
market1501/bounding_box_train/0379_c1s2_022341_01.jpg,379,market1501,0
market1501/bounding_box_train/0379_c1s2_022366_02.jpg,379,market1501,0
market1501/bounding_box_train/0379_c2s1_089071_02.jpg,379,market1501,1
market1501/bounding_box_train/0379_c2s1_089096_02.jpg,379,market1501,1
market1501/bounding_box_train/0379_c2s1_094596_01.jpg,379,market1501,1
market1501/bounding_box_train/0379_c3s1_089292_02.jpg,379,market1501,2
market1501/bounding_box_train/0379_c3s1_089342_01.jpg,379,market1501,2
market1501/bounding_box_train/0379_c3s1_094392_01.jpg,379,market1501,2
market1501/bounding_box_train/0379_c5s1_089598_03.jpg,379,market1501,4
market1501/bounding_box_train/0379_c5s1_089623_03.jpg,379,market1501,4
market1501/bounding_box_train/0379_c5s1_095273_02.jpg,379,market1501,4
market1501/bounding_box_train/0379_c5s1_095323_02.jpg,379,market1501,4
market1501/bounding_box_train/0386_c1s6_032171_02.jpg,386,market1501,0
market1501/bounding_box_train/0386_c2s3_074602_02.jpg,386,market1501,1
market1501/bounding_box_train/0386_c2s3_074702_02.jpg,386,market1501,1
market1501/bounding_box_train/0386_c3s3_080969_07.jpg,386,market1501,2
market1501/bounding_box_train/0386_c3s3_081019_02.jpg,386,market1501,2
market1501/bounding_box_train/0386_c3s3_081044_03.jpg,386,market1501,2
market1501/bounding_box_train/0386_c5s3_081312_05.jpg,386,market1501,4
market1501/bounding_box_train/0386_c6s4_007602_03.jpg,386,market1501,5
market1501/bounding_box_train/0389_c2s1_091471_03.jpg,389,market1501,1
market1501/bounding_box_train/0389_c3s1_091642_02.jpg,389,market1501,2
market1501/bounding_box_train/0389_c3s1_091692_02.jpg,389,market1501,2
market1501/bounding_box_train/0398_c1s2_022116_01.jpg,398,market1501,0
market1501/bounding_box_train/0398_c1s2_027466_02.jpg,398,market1501,0
market1501/bounding_box_train/0398_c3s1_094467_02.jpg,398,market1501,2
market1501/bounding_box_train/0398_c3s1_094567_03.jpg,398,market1501,2
market1501/bounding_box_train/0398_c3s1_099717_02.jpg,398,market1501,2
market1501/bounding_box_train/0398_c3s1_099742_01.jpg,398,market1501,2
market1501/bounding_box_train/0398_c5s1_094873_03.jpg,398,market1501,4
market1501/bounding_box_train/0398_c5s1_095098_05.jpg,398,market1501,4
market1501/bounding_box_train/0399_c1s2_022316_02.jpg,399,market1501,0
market1501/bounding_box_train/0399_c2s1_094396_01.jpg,399,market1501,1
market1501/bounding_box_train/0399_c2s1_094446_01.jpg,399,market1501,1
market1501/bounding_box_train/0399_c2s1_094471_01.jpg,399,market1501,1
market1501/bounding_box_train/0399_c2s1_107021_02.jpg,399,market1501,1
market1501/bounding_box_train/0399_c2s1_107046_01.jpg,399,market1501,1
market1501/bounding_box_train/0399_c3s1_094567_02.jpg,399,market1501,2
market1501/bounding_box_train/0399_c3s1_094592_02.jpg,399,market1501,2
market1501/bounding_box_train/0399_c3s1_106742_01.jpg,399,market1501,2
market1501/bounding_box_train/0399_c3s1_106767_02.jpg,399,market1501,2
market1501/bounding_box_train/0399_c5s1_095098_03.jpg,399,market1501,4
market1501/bounding_box_train/0399_c5s1_095123_03.jpg,399,market1501,4
market1501/bounding_box_train/0414_c1s2_025391_05.jpg,414,market1501,0
market1501/bounding_box_train/0414_c1s2_025416_03.jpg,414,market1501,0
market1501/bounding_box_train/0414_c1s2_025441_04.jpg,414,market1501,0
market1501/bounding_box_train/0414_c1s2_044496_02.jpg,414,market1501,0
market1501/bounding_box_train/0414_c1s2_044546_01.jpg,414,market1501,0
market1501/bounding_box_train/0414_c1s2_044546_04.jpg,414,market1501,0
market1501/bounding_box_train/0414_c1s2_044596_01.jpg,414,market1501,0
market1501/bounding_box_train/0414_c2s1_116966_01.jpg,414,market1501,1
market1501/bounding_box_train/0414_c3s1_097817_05.jpg,414,market1501,2
market1501/bounding_box_train/0414_c3s1_097842_06.jpg,414,market1501,2
market1501/bounding_box_train/0414_c3s1_116708_02.jpg,414,market1501,2
market1501/bounding_box_train/0414_c3s1_116733_01.jpg,414,market1501,2
market1501/bounding_box_train/0414_c3s1_116758_01.jpg,414,market1501,2
market1501/bounding_box_train/0414_c3s1_116758_05.jpg,414,market1501,2
market1501/bounding_box_train/0414_c5s1_098248_03.jpg,414,market1501,4
market1501/bounding_box_train/0414_c5s1_098273_03.jpg,414,market1501,4
market1501/bounding_box_train/0414_c5s1_098323_07.jpg,414,market1501,4
market1501/bounding_box_train/0414_c5s1_117320_01.jpg,414,market1501,4
market1501/bounding_box_train/0414_c5s1_117320_04.jpg,414,market1501,4
market1501/bounding_box_train/0414_c5s1_117345_02.jpg,414,market1501,4
market1501/bounding_box_train/0414_c5s1_117345_03.jpg,414,market1501,4
market1501/bounding_box_train/0414_c5s1_117395_02.jpg,414,market1501,4
market1501/bounding_box_train/0420_c1s2_028266_03.jpg,420,market1501,0
market1501/bounding_box_train/0420_c1s2_028291_01.jpg,420,market1501,0
market1501/bounding_box_train/0420_c1s2_033341_01.jpg,420,market1501,0
market1501/bounding_box_train/0420_c2s1_100321_03.jpg,420,market1501,1
market1501/bounding_box_train/0420_c2s1_100571_01.jpg,420,market1501,1
market1501/bounding_box_train/0420_c2s1_100571_02.jpg,420,market1501,1
market1501/bounding_box_train/0420_c2s1_105646_01.jpg,420,market1501,1
market1501/bounding_box_train/0420_c2s1_105646_03.jpg,420,market1501,1
market1501/bounding_box_train/0420_c2s1_105696_01.jpg,420,market1501,1
market1501/bounding_box_train/0420_c3s1_100792_03.jpg,420,market1501,2
market1501/bounding_box_train/0420_c3s1_100792_04.jpg,420,market1501,2
market1501/bounding_box_train/0420_c3s1_100817_03.jpg,420,market1501,2
market1501/bounding_box_train/0420_c3s1_105392_02.jpg,420,market1501,2
market1501/bounding_box_train/0420_c3s1_105442_03.jpg,420,market1501,2
market1501/bounding_box_train/0420_c5s1_101073_02.jpg,420,market1501,4
market1501/bounding_box_train/0420_c5s1_101098_02.jpg,420,market1501,4
market1501/bounding_box_train/0420_c5s1_101148_03.jpg,420,market1501,4
market1501/bounding_box_train/0420_c5s1_101198_03.jpg,420,market1501,4
market1501/bounding_box_train/0420_c5s1_106198_02.jpg,420,market1501,4
market1501/bounding_box_train/0421_c1s2_030766_01.jpg,421,market1501,0
market1501/bounding_box_train/0421_c1s2_030941_01.jpg,421,market1501,0
market1501/bounding_box_train/0421_c1s2_031141_03.jpg,421,market1501,0
market1501/bounding_box_train/0421_c1s2_038771_02.jpg,421,market1501,0
market1501/bounding_box_train/0421_c1s2_038896_02.jpg,421,market1501,0
market1501/bounding_box_train/0421_c2s1_103021_02.jpg,421,market1501,1
market1501/bounding_box_train/0421_c2s1_103046_01.jpg,421,market1501,1
market1501/bounding_box_train/0421_c2s1_103046_06.jpg,421,market1501,1
market1501/bounding_box_train/0421_c2s1_103421_01.jpg,421,market1501,1
market1501/bounding_box_train/0421_c2s1_111216_01.jpg,421,market1501,1
market1501/bounding_box_train/0421_c3s1_103292_01.jpg,421,market1501,2
market1501/bounding_box_train/0421_c3s1_103767_01.jpg,421,market1501,2
market1501/bounding_box_train/0421_c3s1_110883_02.jpg,421,market1501,2
market1501/bounding_box_train/0421_c5s1_103673_01.jpg,421,market1501,4
market1501/bounding_box_train/0421_c5s1_103698_01.jpg,421,market1501,4
market1501/bounding_box_train/0421_c5s1_103748_01.jpg,421,market1501,4
market1501/bounding_box_train/0421_c5s1_103773_02.jpg,421,market1501,4
market1501/bounding_box_train/0421_c5s1_103873_01.jpg,421,market1501,4
market1501/bounding_box_train/0421_c5s1_103898_01.jpg,421,market1501,4
market1501/bounding_box_train/0421_c5s1_103923_01.jpg,421,market1501,4
market1501/bounding_box_train/0421_c5s1_104073_01.jpg,421,market1501,4
market1501/bounding_box_train/0421_c5s1_104123_01.jpg,421,market1501,4
market1501/bounding_box_train/0421_c5s1_104173_01.jpg,421,market1501,4
market1501/bounding_box_train/0421_c5s1_104173_02.jpg,421,market1501,4
market1501/bounding_box_train/0421_c5s1_111470_04.jpg,421,market1501,4
market1501/bounding_box_train/0421_c5s1_111495_01.jpg,421,market1501,4
market1501/bounding_box_train/0421_c5s1_111570_02.jpg,421,market1501,4
market1501/bounding_box_train/0424_c1s2_036441_01.jpg,424,market1501,0
market1501/bounding_box_train/0424_c1s2_036516_02.jpg,424,market1501,0
market1501/bounding_box_train/0424_c2s1_103246_01.jpg,424,market1501,1
market1501/bounding_box_train/0424_c2s1_103321_01.jpg,424,market1501,1
market1501/bounding_box_train/0424_c3s1_103517_01.jpg,424,market1501,2
market1501/bounding_box_train/0424_c3s1_103542_03.jpg,424,market1501,2
market1501/bounding_box_train/0424_c3s1_108467_01.jpg,424,market1501,2
market1501/bounding_box_train/0424_c4s2_036267_01.jpg,424,market1501,3
market1501/bounding_box_train/0424_c4s2_036292_01.jpg,424,market1501,3
market1501/bounding_box_train/0424_c4s2_036317_01.jpg,424,market1501,3
market1501/bounding_box_train/0424_c5s1_109123_01.jpg,424,market1501,4
market1501/bounding_box_train/0424_c5s1_109148_01.jpg,424,market1501,4
market1501/bounding_box_train/0424_c5s1_109173_01.jpg,424,market1501,4
market1501/bounding_box_train/0424_c5s1_109223_01.jpg,424,market1501,4
market1501/bounding_box_train/0424_c5s1_109273_02.jpg,424,market1501,4
market1501/bounding_box_train/0424_c5s1_109298_03.jpg,424,market1501,4
market1501/bounding_box_train/0429_c2s1_104171_02.jpg,429,market1501,1
market1501/bounding_box_train/0429_c2s1_104196_03.jpg,429,market1501,1
market1501/bounding_box_train/0429_c3s1_104367_01.jpg,429,market1501,2
market1501/bounding_box_train/0429_c3s1_104392_04.jpg,429,market1501,2
market1501/bounding_box_train/0432_c1s2_032516_01.jpg,432,market1501,0
market1501/bounding_box_train/0432_c1s2_032591_01.jpg,432,market1501,0
market1501/bounding_box_train/0432_c1s4_009931_03.jpg,432,market1501,0
market1501/bounding_box_train/0432_c1s4_009981_02.jpg,432,market1501,0
market1501/bounding_box_train/0432_c1s4_010031_04.jpg,432,market1501,0
market1501/bounding_box_train/0432_c1s4_010056_03.jpg,432,market1501,0
market1501/bounding_box_train/0432_c2s1_104746_04.jpg,432,market1501,1
market1501/bounding_box_train/0432_c2s1_104821_02.jpg,432,market1501,1
market1501/bounding_box_train/0432_c2s2_067557_02.jpg,432,market1501,1
market1501/bounding_box_train/0432_c2s2_067557_05.jpg,432,market1501,1
market1501/bounding_box_train/0432_c2s2_067632_01.jpg,432,market1501,1
market1501/bounding_box_train/0432_c3s1_104892_01.jpg,432,market1501,2
market1501/bounding_box_train/0432_c3s1_104967_01.jpg,432,market1501,2
market1501/bounding_box_train/0432_c3s2_070278_06.jpg,432,market1501,2
market1501/bounding_box_train/0432_c3s2_070303_03.jpg,432,market1501,2
market1501/bounding_box_train/0432_c3s2_070328_02.jpg,432,market1501,2
market1501/bounding_box_train/0432_c5s1_105273_03.jpg,432,market1501,4
market1501/bounding_box_train/0432_c5s1_105323_02.jpg,432,market1501,4
market1501/bounding_box_train/0432_c5s1_105323_05.jpg,432,market1501,4
market1501/bounding_box_train/0432_c5s1_105373_01.jpg,432,market1501,4
market1501/bounding_box_train/0432_c5s1_105448_01.jpg,432,market1501,4
market1501/bounding_box_train/0432_c5s1_105498_02.jpg,432,market1501,4
market1501/bounding_box_train/0432_c5s2_070902_04.jpg,432,market1501,4
market1501/bounding_box_train/0432_c5s2_070977_04.jpg,432,market1501,4
market1501/bounding_box_train/0432_c6s2_064393_06.jpg,432,market1501,5
market1501/bounding_box_train/0433_c2s1_126641_01.jpg,433,market1501,1
market1501/bounding_box_train/0433_c3s1_126383_01.jpg,433,market1501,2
market1501/bounding_box_train/0433_c4s2_032242_03.jpg,433,market1501,3
market1501/bounding_box_train/0433_c4s2_032267_03.jpg,433,market1501,3
market1501/bounding_box_train/0433_c5s1_105523_04.jpg,433,market1501,4
market1501/bounding_box_train/0433_c5s1_105598_02.jpg,433,market1501,4
market1501/bounding_box_train/0433_c5s1_105623_02.jpg,433,market1501,4
market1501/bounding_box_train/0472_c1s2_050096_01.jpg,472,market1501,0
market1501/bounding_box_train/0472_c1s2_050146_01.jpg,472,market1501,0
market1501/bounding_box_train/0472_c1s3_005721_03.jpg,472,market1501,0
market1501/bounding_box_train/0472_c1s3_005746_06.jpg,472,market1501,0
market1501/bounding_box_train/0472_c2s1_122316_03.jpg,472,market1501,1
market1501/bounding_box_train/0472_c2s1_122391_03.jpg,472,market1501,1
market1501/bounding_box_train/0472_c2s1_122416_02.jpg,472,market1501,1
market1501/bounding_box_train/0472_c2s1_122416_05.jpg,472,market1501,1
market1501/bounding_box_train/0472_c2s1_152991_02.jpg,472,market1501,1
market1501/bounding_box_train/0472_c2s1_153016_01.jpg,472,market1501,1
market1501/bounding_box_train/0472_c3s1_122333_03.jpg,472,market1501,2
market1501/bounding_box_train/0472_c3s1_122633_03.jpg,472,market1501,2
market1501/bounding_box_train/0472_c3s1_122658_03.jpg,472,market1501,2
market1501/bounding_box_train/0472_c3s1_152808_06.jpg,472,market1501,2
market1501/bounding_box_train/0472_c3s1_152833_06.jpg,472,market1501,2
market1501/bounding_box_train/0472_c5s1_122920_02.jpg,472,market1501,4
market1501/bounding_box_train/0472_c5s1_122970_01.jpg,472,market1501,4
market1501/bounding_box_train/0472_c5s1_122970_03.jpg,472,market1501,4
market1501/bounding_box_train/0477_c1s2_052521_01.jpg,477,market1501,0
market1501/bounding_box_train/0477_c1s2_056796_01.jpg,477,market1501,0
market1501/bounding_box_train/0477_c2s1_124766_01.jpg,477,market1501,1
market1501/bounding_box_train/0477_c2s1_124841_01.jpg,477,market1501,1
market1501/bounding_box_train/0477_c2s1_129116_01.jpg,477,market1501,1
market1501/bounding_box_train/0477_c3s1_124733_01.jpg,477,market1501,2
market1501/bounding_box_train/0477_c3s1_124958_01.jpg,477,market1501,2
market1501/bounding_box_train/0477_c3s1_124983_01.jpg,477,market1501,2
market1501/bounding_box_train/0477_c3s1_128883_02.jpg,477,market1501,2
market1501/bounding_box_train/0477_c3s1_128908_01.jpg,477,market1501,2
market1501/bounding_box_train/0477_c3s1_129058_01.jpg,477,market1501,2
market1501/bounding_box_train/0477_c5s1_125370_01.jpg,477,market1501,4
market1501/bounding_box_train/0477_c5s1_129720_01.jpg,477,market1501,4
market1501/bounding_box_train/0048_c1s1_005001_01.jpg,48,market1501,0
market1501/bounding_box_train/0048_c1s1_005101_01.jpg,48,market1501,0
market1501/bounding_box_train/0048_c1s1_005101_03.jpg,48,market1501,0
market1501/bounding_box_train/0048_c1s1_005351_01.jpg,48,market1501,0
market1501/bounding_box_train/0048_c2s1_004326_01.jpg,48,market1501,1
market1501/bounding_box_train/0048_c2s1_004326_05.jpg,48,market1501,1
market1501/bounding_box_train/0048_c2s1_004401_01.jpg,48,market1501,1
market1501/bounding_box_train/0048_c3s1_004451_01.jpg,48,market1501,2
market1501/bounding_box_train/0048_c3s1_004526_01.jpg,48,market1501,2
market1501/bounding_box_train/0048_c3s1_004626_01.jpg,48,market1501,2
market1501/bounding_box_train/0048_c3s1_004626_02.jpg,48,market1501,2
market1501/bounding_box_train/0048_c3s1_004651_01.jpg,48,market1501,2
market1501/bounding_box_train/0048_c4s1_005526_02.jpg,48,market1501,3
market1501/bounding_box_train/0048_c4s1_005551_01.jpg,48,market1501,3
market1501/bounding_box_train/0048_c4s1_005651_01.jpg,48,market1501,3
market1501/bounding_box_train/0048_c5s1_005001_01.jpg,48,market1501,4
market1501/bounding_box_train/0048_c5s1_005051_01.jpg,48,market1501,4
market1501/bounding_box_train/0048_c5s1_005176_01.jpg,48,market1501,4
market1501/bounding_box_train/0048_c5s1_005251_01.jpg,48,market1501,4
market1501/bounding_box_train/0048_c5s1_005251_02.jpg,48,market1501,4
market1501/bounding_box_train/0048_c5s1_005301_02.jpg,48,market1501,4
market1501/bounding_box_train/0048_c5s1_005401_01.jpg,48,market1501,4
market1501/bounding_box_train/0048_c5s1_005451_01.jpg,48,market1501,4
market1501/bounding_box_train/0048_c5s1_005576_01.jpg,48,market1501,4
market1501/bounding_box_train/0048_c5s1_005576_03.jpg,48,market1501,4
market1501/bounding_box_train/0048_c5s1_005651_01.jpg,48,market1501,4
market1501/bounding_box_train/0048_c6s1_005276_01.jpg,48,market1501,5
market1501/bounding_box_train/0048_c6s1_005326_01.jpg,48,market1501,5
market1501/bounding_box_train/0048_c6s1_005326_04.jpg,48,market1501,5
market1501/bounding_box_train/0048_c6s1_005376_01.jpg,48,market1501,5
market1501/bounding_box_train/0048_c6s1_005376_02.jpg,48,market1501,5
market1501/bounding_box_train/0482_c1s2_053121_01.jpg,482,market1501,0
market1501/bounding_box_train/0482_c1s2_053146_01.jpg,482,market1501,0
market1501/bounding_box_train/0482_c1s2_067196_01.jpg,482,market1501,0
market1501/bounding_box_train/0482_c2s1_139491_01.jpg,482,market1501,1
market1501/bounding_box_train/0482_c3s1_125333_02.jpg,482,market1501,2
market1501/bounding_box_train/0482_c3s1_125433_02.jpg,482,market1501,2
market1501/bounding_box_train/0482_c3s1_125458_04.jpg,482,market1501,2
market1501/bounding_box_train/0482_c3s1_125508_01.jpg,482,market1501,2
market1501/bounding_box_train/0482_c3s1_125533_01.jpg,482,market1501,2
market1501/bounding_box_train/0482_c3s1_125533_04.jpg,482,market1501,2
market1501/bounding_box_train/0482_c3s1_125583_04.jpg,482,market1501,2
market1501/bounding_box_train/0482_c3s1_125633_02.jpg,482,market1501,2
market1501/bounding_box_train/0482_c3s1_139183_03.jpg,482,market1501,2
market1501/bounding_box_train/0482_c3s1_139208_03.jpg,482,market1501,2
market1501/bounding_box_train/0482_c5s1_126045_02.jpg,482,market1501,4
market1501/bounding_box_train/0482_c5s1_126095_02.jpg,482,market1501,4
market1501/bounding_box_train/0486_c1s2_074096_02.jpg,486,market1501,0
market1501/bounding_box_train/0486_c1s2_074271_03.jpg,486,market1501,0
market1501/bounding_box_train/0486_c1s3_015696_01.jpg,486,market1501,0
market1501/bounding_box_train/0486_c1s4_048181_04.jpg,486,market1501,0
market1501/bounding_box_train/0486_c2s1_128316_02.jpg,486,market1501,1
market1501/bounding_box_train/0486_c2s1_128391_04.jpg,486,market1501,1
market1501/bounding_box_train/0486_c2s1_146741_04.jpg,486,market1501,1
market1501/bounding_box_train/0486_c2s1_162841_02.jpg,486,market1501,1
market1501/bounding_box_train/0486_c2s1_162916_03.jpg,486,market1501,1
market1501/bounding_box_train/0486_c3s1_128683_04.jpg,486,market1501,2
market1501/bounding_box_train/0486_c3s1_146408_06.jpg,486,market1501,2
market1501/bounding_box_train/0486_c3s2_001421_02.jpg,486,market1501,2
market1501/bounding_box_train/0486_c3s2_001446_02.jpg,486,market1501,2
market1501/bounding_box_train/0486_c5s1_128795_06.jpg,486,market1501,4
market1501/bounding_box_train/0486_c5s1_146945_06.jpg,486,market1501,4
market1501/bounding_box_train/0486_c5s2_109127_08.jpg,486,market1501,4
market1501/bounding_box_train/0486_c5s2_109152_06.jpg,486,market1501,4
market1501/bounding_box_train/0486_c5s2_109177_08.jpg,486,market1501,4
market1501/bounding_box_train/0500_c1s2_060596_02.jpg,500,market1501,0
market1501/bounding_box_train/0500_c1s2_060796_02.jpg,500,market1501,0
market1501/bounding_box_train/0500_c1s2_065496_02.jpg,500,market1501,0
market1501/bounding_box_train/0500_c3s1_133183_01.jpg,500,market1501,2
market1501/bounding_box_train/0500_c3s1_133233_01.jpg,500,market1501,2
market1501/bounding_box_train/0500_c3s1_137708_01.jpg,500,market1501,2
market1501/bounding_box_train/0500_c3s1_137733_01.jpg,500,market1501,2
market1501/bounding_box_train/0500_c3s1_137808_01.jpg,500,market1501,2
market1501/bounding_box_train/0500_c4s2_060473_01.jpg,500,market1501,3
market1501/bounding_box_train/0500_c4s2_060498_01.jpg,500,market1501,3
market1501/bounding_box_train/0500_c4s2_066098_01.jpg,500,market1501,3
market1501/bounding_box_train/0500_c5s1_133645_02.jpg,500,market1501,4
market1501/bounding_box_train/0500_c5s1_133670_02.jpg,500,market1501,4
market1501/bounding_box_train/0500_c5s1_133745_01.jpg,500,market1501,4
market1501/bounding_box_train/0500_c5s1_138320_01.jpg,500,market1501,4
market1501/bounding_box_train/0500_c5s1_138370_01.jpg,500,market1501,4
market1501/bounding_box_train/0509_c1s2_065771_04.jpg,509,market1501,0
market1501/bounding_box_train/0509_c1s2_065871_05.jpg,509,market1501,0
market1501/bounding_box_train/0509_c2s1_139891_03.jpg,509,market1501,1
market1501/bounding_box_train/0509_c2s1_139941_02.jpg,509,market1501,1
market1501/bounding_box_train/0509_c4s2_066223_04.jpg,509,market1501,3
market1501/bounding_box_train/0509_c4s2_066498_02.jpg,509,market1501,3
market1501/bounding_box_train/0515_c1s2_069346_02.jpg,515,market1501,0
market1501/bounding_box_train/0515_c1s2_069371_02.jpg,515,market1501,0
market1501/bounding_box_train/0515_c3s1_141658_03.jpg,515,market1501,2
market1501/bounding_box_train/0515_c4s2_068373_01.jpg,515,market1501,3
market1501/bounding_box_train/0515_c4s2_068423_02.jpg,515,market1501,3
market1501/bounding_box_train/0515_c4s2_068548_01.jpg,515,market1501,3
market1501/bounding_box_train/0515_c5s1_141920_03.jpg,515,market1501,4
market1501/bounding_box_train/0515_c5s1_141970_06.jpg,515,market1501,4
market1501/bounding_box_train/0515_c5s1_142245_01.jpg,515,market1501,4
market1501/bounding_box_train/0516_c1s2_070196_01.jpg,516,market1501,0
market1501/bounding_box_train/0516_c2s1_142391_02.jpg,516,market1501,1
market1501/bounding_box_train/0516_c2s1_142491_02.jpg,516,market1501,1
market1501/bounding_box_train/0516_c2s2_001462_01.jpg,516,market1501,1
market1501/bounding_box_train/0516_c2s2_001537_01.jpg,516,market1501,1
market1501/bounding_box_train/0516_c3s1_142658_01.jpg,516,market1501,2
market1501/bounding_box_train/0516_c3s1_142683_01.jpg,516,market1501,2
market1501/bounding_box_train/0516_c3s1_142708_01.jpg,516,market1501,2
market1501/bounding_box_train/0516_c3s2_004562_02.jpg,516,market1501,2
market1501/bounding_box_train/0516_c5s1_143070_01.jpg,516,market1501,4
market1501/bounding_box_train/0516_c6s2_014218_01.jpg,516,market1501,5
market1501/bounding_box_train/0516_c6s2_014243_02.jpg,516,market1501,5
market1501/bounding_box_train/0516_c6s2_014268_02.jpg,516,market1501,5
market1501/bounding_box_train/0516_c6s2_014343_01.jpg,516,market1501,5
market1501/bounding_box_train/0516_c6s2_014393_01.jpg,516,market1501,5
market1501/bounding_box_train/0519_c1s2_070871_01.jpg,519,market1501,0
market1501/bounding_box_train/0519_c1s2_070971_01.jpg,519,market1501,0
market1501/bounding_box_train/0519_c1s4_032981_01.jpg,519,market1501,0
market1501/bounding_box_train/0519_c1s4_033031_01.jpg,519,market1501,0
market1501/bounding_box_train/0519_c3s1_143133_02.jpg,519,market1501,2
market1501/bounding_box_train/0519_c3s1_143158_04.jpg,519,market1501,2
market1501/bounding_box_train/0519_c3s1_143208_03.jpg,519,market1501,2
market1501/bounding_box_train/0519_c3s1_143233_03.jpg,519,market1501,2
market1501/bounding_box_train/0519_c3s1_143383_03.jpg,519,market1501,2
market1501/bounding_box_train/0519_c3s1_143433_03.jpg,519,market1501,2
market1501/bounding_box_train/0519_c3s2_093228_01.jpg,519,market1501,2
market1501/bounding_box_train/0519_c3s2_093253_01.jpg,519,market1501,2
market1501/bounding_box_train/0519_c3s2_093328_01.jpg,519,market1501,2
market1501/bounding_box_train/0519_c3s2_093403_01.jpg,519,market1501,2
market1501/bounding_box_train/0519_c5s1_143620_05.jpg,519,market1501,4
market1501/bounding_box_train/0519_c5s1_143720_03.jpg,519,market1501,4
market1501/bounding_box_train/0519_c5s1_143820_03.jpg,519,market1501,4
market1501/bounding_box_train/0519_c5s1_143895_04.jpg,519,market1501,4
market1501/bounding_box_train/0519_c5s2_093927_01.jpg,519,market1501,4
market1501/bounding_box_train/0519_c5s2_093952_02.jpg,519,market1501,4
market1501/bounding_box_train/0519_c5s2_094002_01.jpg,519,market1501,4
market1501/bounding_box_train/0519_c5s2_094077_01.jpg,519,market1501,4
market1501/bounding_box_train/0519_c6s2_087318_01.jpg,519,market1501,5
market1501/bounding_box_train/0519_c6s2_087343_02.jpg,519,market1501,5
market1501/bounding_box_train/0519_c6s2_087368_02.jpg,519,market1501,5
market1501/bounding_box_train/0519_c6s2_087418_01.jpg,519,market1501,5
market1501/bounding_box_train/0052_c2s1_005076_01.jpg,52,market1501,1
market1501/bounding_box_train/0052_c2s1_005101_01.jpg,52,market1501,1
market1501/bounding_box_train/0052_c3s1_005251_01.jpg,52,market1501,2
market1501/bounding_box_train/0052_c3s1_005276_01.jpg,52,market1501,2
market1501/bounding_box_train/0052_c5s1_005651_02.jpg,52,market1501,4
market1501/bounding_box_train/0052_c6s1_005801_02.jpg,52,market1501,5
market1501/bounding_box_train/0052_c6s1_005826_01.jpg,52,market1501,5
market1501/bounding_box_train/0052_c6s1_005851_01.jpg,52,market1501,5
market1501/bounding_box_train/0052_c6s1_005876_01.jpg,52,market1501,5
market1501/bounding_box_train/0052_c6s1_005901_01.jpg,52,market1501,5
market1501/bounding_box_train/0524_c1s2_072421_06.jpg,524,market1501,0
market1501/bounding_box_train/0524_c1s2_072496_03.jpg,524,market1501,0
market1501/bounding_box_train/0524_c3s1_144908_07.jpg,524,market1501,2
market1501/bounding_box_train/0524_c4s2_072073_02.jpg,524,market1501,3
market1501/bounding_box_train/0524_c4s2_072098_03.jpg,524,market1501,3
market1501/bounding_box_train/0524_c4s2_072123_03.jpg,524,market1501,3
market1501/bounding_box_train/0525_c1s2_074396_01.jpg,525,market1501,0
market1501/bounding_box_train/0525_c1s2_074546_01.jpg,525,market1501,0
market1501/bounding_box_train/0525_c1s3_022751_01.jpg,525,market1501,0
market1501/bounding_box_train/0525_c1s3_022876_01.jpg,525,market1501,0
market1501/bounding_box_train/0525_c2s1_146516_01.jpg,525,market1501,1
market1501/bounding_box_train/0525_c2s1_146616_01.jpg,525,market1501,1
market1501/bounding_box_train/0525_c2s2_005437_01.jpg,525,market1501,1
market1501/bounding_box_train/0525_c2s2_005512_01.jpg,525,market1501,1
market1501/bounding_box_train/0525_c3s1_147083_02.jpg,525,market1501,2
market1501/bounding_box_train/0525_c3s1_147083_04.jpg,525,market1501,2
market1501/bounding_box_train/0525_c3s1_147358_02.jpg,525,market1501,2
market1501/bounding_box_train/0525_c3s2_008037_01.jpg,525,market1501,2
market1501/bounding_box_train/0525_c3s2_008087_02.jpg,525,market1501,2
market1501/bounding_box_train/0525_c5s1_147420_01.jpg,525,market1501,4
market1501/bounding_box_train/0525_c5s1_147745_02.jpg,525,market1501,4
market1501/bounding_box_train/0525_c5s1_147745_05.jpg,525,market1501,4
market1501/bounding_box_train/0525_c5s2_008705_01.jpg,525,market1501,4
market1501/bounding_box_train/0525_c5s2_008730_01.jpg,525,market1501,4
market1501/bounding_box_train/0525_c5s2_008730_05.jpg,525,market1501,4
market1501/bounding_box_train/0525_c6s2_002143_01.jpg,525,market1501,5
market1501/bounding_box_train/0525_c6s2_002143_06.jpg,525,market1501,5
market1501/bounding_box_train/0525_c6s2_002218_01.jpg,525,market1501,5
market1501/bounding_box_train/0525_c6s2_002218_03.jpg,525,market1501,5
market1501/bounding_box_train/0529_c1s3_007046_03.jpg,529,market1501,0
market1501/bounding_box_train/0529_c2s1_148341_04.jpg,529,market1501,1
market1501/bounding_box_train/0529_c2s1_148416_03.jpg,529,market1501,1
market1501/bounding_box_train/0529_c3s1_148583_02.jpg,529,market1501,2
market1501/bounding_box_train/0529_c3s1_148608_02.jpg,529,market1501,2
market1501/bounding_box_train/0529_c3s1_154133_04.jpg,529,market1501,2
market1501/bounding_box_train/0529_c5s1_154770_04.jpg,529,market1501,4
market1501/bounding_box_train/0053_c2s1_005476_02.jpg,53,market1501,1
market1501/bounding_box_train/0053_c4s1_006101_01.jpg,53,market1501,3
market1501/bounding_box_train/0053_c4s1_006126_01.jpg,53,market1501,3
market1501/bounding_box_train/0053_c4s1_006151_01.jpg,53,market1501,3
market1501/bounding_box_train/0053_c4s1_006151_02.jpg,53,market1501,3
market1501/bounding_box_train/0539_c1s3_007796_04.jpg,539,market1501,0
market1501/bounding_box_train/0539_c1s3_007821_05.jpg,539,market1501,0
market1501/bounding_box_train/0539_c1s3_007846_04.jpg,539,market1501,0
market1501/bounding_box_train/0539_c2s1_154666_03.jpg,539,market1501,1
market1501/bounding_box_train/0539_c2s1_154691_03.jpg,539,market1501,1
market1501/bounding_box_train/0539_c2s1_154791_01.jpg,539,market1501,1
market1501/bounding_box_train/0539_c4s3_007873_02.jpg,539,market1501,3
market1501/bounding_box_train/0539_c4s3_007973_02.jpg,539,market1501,3
market1501/bounding_box_train/0539_c5s1_155495_07.jpg,539,market1501,4
market1501/bounding_box_train/0539_c5s1_155520_07.jpg,539,market1501,4
market1501/bounding_box_train/0546_c1s3_010146_04.jpg,546,market1501,0
market1501/bounding_box_train/0546_c2s1_157316_02.jpg,546,market1501,1
market1501/bounding_box_train/0546_c2s1_157341_03.jpg,546,market1501,1
market1501/bounding_box_train/0546_c2s1_157416_02.jpg,546,market1501,1
market1501/bounding_box_train/0546_c3s1_157358_06.jpg,546,market1501,2
market1501/bounding_box_train/0546_c3s1_157533_06.jpg,546,market1501,2
market1501/bounding_box_train/0546_c3s1_157608_05.jpg,546,market1501,2
market1501/bounding_box_train/0546_c3s1_157633_08.jpg,546,market1501,2
market1501/bounding_box_train/0547_c1s3_009696_03.jpg,547,market1501,0
market1501/bounding_box_train/0547_c1s3_009796_03.jpg,547,market1501,0
market1501/bounding_box_train/0547_c1s3_010146_02.jpg,547,market1501,0
market1501/bounding_box_train/0547_c2s1_157091_03.jpg,547,market1501,1
market1501/bounding_box_train/0547_c2s1_157316_03.jpg,547,market1501,1
market1501/bounding_box_train/0547_c2s1_157341_02.jpg,547,market1501,1
market1501/bounding_box_train/0547_c2s1_157416_01.jpg,547,market1501,1
market1501/bounding_box_train/0547_c3s1_156883_03.jpg,547,market1501,2
market1501/bounding_box_train/0547_c3s1_157358_03.jpg,547,market1501,2
market1501/bounding_box_train/0547_c3s1_157633_02.jpg,547,market1501,2
market1501/bounding_box_train/0547_c3s1_157658_07.jpg,547,market1501,2
market1501/bounding_box_train/0547_c4s3_009023_01.jpg,547,market1501,3
market1501/bounding_box_train/0547_c4s3_009098_01.jpg,547,market1501,3
market1501/bounding_box_train/0547_c4s3_009148_01.jpg,547,market1501,3
market1501/bounding_box_train/0547_c5s1_157320_04.jpg,547,market1501,4
market1501/bounding_box_train/0547_c5s1_157345_02.jpg,547,market1501,4
market1501/bounding_box_train/0547_c5s1_157470_06.jpg,547,market1501,4
market1501/bounding_box_train/0556_c1s3_011321_04.jpg,556,market1501,0
market1501/bounding_box_train/0556_c1s3_011371_03.jpg,556,market1501,0
market1501/bounding_box_train/0556_c1s3_013996_02.jpg,556,market1501,0
market1501/bounding_box_train/0556_c1s3_014071_04.jpg,556,market1501,0
market1501/bounding_box_train/0556_c3s1_158683_02.jpg,556,market1501,2
market1501/bounding_box_train/0556_c3s1_161008_01.jpg,556,market1501,2
market1501/bounding_box_train/0556_c3s1_161133_01.jpg,556,market1501,2
market1501/bounding_box_train/0556_c3s1_161158_01.jpg,556,market1501,2
market1501/bounding_box_train/0556_c3s1_161158_05.jpg,556,market1501,2
market1501/bounding_box_train/0556_c5s1_159145_03.jpg,556,market1501,4
market1501/bounding_box_train/0556_c5s1_159170_01.jpg,556,market1501,4
market1501/bounding_box_train/0556_c5s1_159170_04.jpg,556,market1501,4
market1501/bounding_box_train/0556_c5s1_159220_01.jpg,556,market1501,4
market1501/bounding_box_train/0556_c5s1_159220_05.jpg,556,market1501,4
market1501/bounding_box_train/0556_c5s1_159245_02.jpg,556,market1501,4
market1501/bounding_box_train/0556_c5s2_000033_02.jpg,556,market1501,4
market1501/bounding_box_train/0556_c5s2_000108_03.jpg,556,market1501,4
market1501/bounding_box_train/0558_c1s3_015596_01.jpg,558,market1501,0
market1501/bounding_box_train/0558_c1s3_015621_01.jpg,558,market1501,0
market1501/bounding_box_train/0558_c1s3_044476_01.jpg,558,market1501,0
market1501/bounding_box_train/0558_c2s1_162016_01.jpg,558,market1501,1
market1501/bounding_box_train/0558_c2s1_162841_01.jpg,558,market1501,1
market1501/bounding_box_train/0558_c2s1_162916_01.jpg,558,market1501,1
market1501/bounding_box_train/0558_c2s2_027087_01.jpg,558,market1501,1
market1501/bounding_box_train/0558_c3s2_001296_01.jpg,558,market1501,2
market1501/bounding_box_train/0558_c3s2_001321_01.jpg,558,market1501,2
market1501/bounding_box_train/0558_c3s2_001371_02.jpg,558,market1501,2
market1501/bounding_box_train/0558_c3s2_029737_01.jpg,558,market1501,2
market1501/bounding_box_train/0558_c3s2_029762_02.jpg,558,market1501,2
market1501/bounding_box_train/0558_c3s2_029812_01.jpg,558,market1501,2
market1501/bounding_box_train/0558_c5s2_030405_02.jpg,558,market1501,4
market1501/bounding_box_train/0558_c6s2_023843_02.jpg,558,market1501,5
market1501/bounding_box_train/0558_c6s2_023868_02.jpg,558,market1501,5
market1501/bounding_box_train/0558_c6s2_023918_01.jpg,558,market1501,5
market1501/bounding_box_train/0558_c6s2_023943_04.jpg,558,market1501,5
market1501/bounding_box_train/0056_c1s1_007401_01.jpg,56,market1501,0
market1501/bounding_box_train/0056_c1s1_007451_01.jpg,56,market1501,0
market1501/bounding_box_train/0056_c2s1_006551_01.jpg,56,market1501,1
market1501/bounding_box_train/0056_c3s1_006551_01.jpg,56,market1501,2
market1501/bounding_box_train/0056_c3s1_006851_02.jpg,56,market1501,2
market1501/bounding_box_train/0056_c4s1_007701_02.jpg,56,market1501,3
market1501/bounding_box_train/0056_c4s1_007801_01.jpg,56,market1501,3
market1501/bounding_box_train/0056_c4s1_009076_01.jpg,56,market1501,3
market1501/bounding_box_train/0056_c5s1_007326_01.jpg,56,market1501,4
market1501/bounding_box_train/0056_c5s1_007501_02.jpg,56,market1501,4
market1501/bounding_box_train/0056_c5s1_007526_01.jpg,56,market1501,4
market1501/bounding_box_train/0056_c5s1_007626_01.jpg,56,market1501,4
market1501/bounding_box_train/0565_c1s3_018151_01.jpg,565,market1501,0
market1501/bounding_box_train/0565_c1s3_018201_03.jpg,565,market1501,0
market1501/bounding_box_train/0565_c1s3_018251_02.jpg,565,market1501,0
market1501/bounding_box_train/0565_c1s4_052506_05.jpg,565,market1501,0
market1501/bounding_box_train/0565_c1s4_052581_02.jpg,565,market1501,0
market1501/bounding_box_train/0565_c1s5_046716_01.jpg,565,market1501,0
market1501/bounding_box_train/0565_c1s5_055041_02.jpg,565,market1501,0
market1501/bounding_box_train/0565_c3s2_003846_02.jpg,565,market1501,2
market1501/bounding_box_train/0565_c3s2_003937_04.jpg,565,market1501,2
market1501/bounding_box_train/0565_c3s2_003962_03.jpg,565,market1501,2
market1501/bounding_box_train/0565_c3s2_112803_04.jpg,565,market1501,2
market1501/bounding_box_train/0565_c3s2_112828_04.jpg,565,market1501,2
market1501/bounding_box_train/0565_c3s2_112853_05.jpg,565,market1501,2
market1501/bounding_box_train/0565_c3s2_112953_03.jpg,565,market1501,2
market1501/bounding_box_train/0565_c3s3_020428_05.jpg,565,market1501,2
market1501/bounding_box_train/0565_c3s3_020478_06.jpg,565,market1501,2
market1501/bounding_box_train/0565_c3s3_028478_04.jpg,565,market1501,2
market1501/bounding_box_train/0565_c4s3_017854_01.jpg,565,market1501,3
market1501/bounding_box_train/0565_c4s3_017904_01.jpg,565,market1501,3
market1501/bounding_box_train/0565_c5s2_004280_08.jpg,565,market1501,4
market1501/bounding_box_train/0565_c5s2_004380_06.jpg,565,market1501,4
market1501/bounding_box_train/0565_c5s2_004405_04.jpg,565,market1501,4
market1501/bounding_box_train/0565_c5s2_113552_02.jpg,565,market1501,4
market1501/bounding_box_train/0565_c5s2_113652_02.jpg,565,market1501,4
market1501/bounding_box_train/0565_c5s3_020915_03.jpg,565,market1501,4
market1501/bounding_box_train/0565_c5s3_029065_05.jpg,565,market1501,4
market1501/bounding_box_train/0565_c5s3_029140_04.jpg,565,market1501,4
market1501/bounding_box_train/0565_c5s3_029165_03.jpg,565,market1501,4
market1501/bounding_box_train/0565_c5s3_029240_04.jpg,565,market1501,4
market1501/bounding_box_train/0565_c5s3_029240_08.jpg,565,market1501,4
market1501/bounding_box_train/0565_c6s2_106868_01.jpg,565,market1501,5
market1501/bounding_box_train/0565_c6s2_106893_01.jpg,565,market1501,5
market1501/bounding_box_train/0565_c6s2_106918_01.jpg,565,market1501,5
market1501/bounding_box_train/0565_c6s2_106993_01.jpg,565,market1501,5
market1501/bounding_box_train/0565_c6s2_107018_01.jpg,565,market1501,5
market1501/bounding_box_train/0565_c6s2_107018_02.jpg,565,market1501,5
market1501/bounding_box_train/0565_c6s2_107093_03.jpg,565,market1501,5
market1501/bounding_box_train/0565_c6s2_107143_04.jpg,565,market1501,5
market1501/bounding_box_train/0565_c6s2_107168_01.jpg,565,market1501,5
market1501/bounding_box_train/0565_c6s2_107168_06.jpg,565,market1501,5
market1501/bounding_box_train/0565_c6s3_044217_02.jpg,565,market1501,5
market1501/bounding_box_train/0565_c6s3_044267_04.jpg,565,market1501,5
market1501/bounding_box_train/0565_c6s3_044292_04.jpg,565,market1501,5
market1501/bounding_box_train/0565_c6s3_044367_04.jpg,565,market1501,5
market1501/bounding_box_train/0565_c6s3_052117_01.jpg,565,market1501,5
market1501/bounding_box_train/0565_c6s3_052117_04.jpg,565,market1501,5
market1501/bounding_box_train/0565_c6s3_052217_01.jpg,565,market1501,5
market1501/bounding_box_train/0565_c6s3_052217_03.jpg,565,market1501,5
market1501/bounding_box_train/0565_c6s3_052267_02.jpg,565,market1501,5
market1501/bounding_box_train/0566_c2s2_001462_02.jpg,566,market1501,1
market1501/bounding_box_train/0566_c2s2_010912_01.jpg,566,market1501,1
market1501/bounding_box_train/0566_c2s2_010937_01.jpg,566,market1501,1
market1501/bounding_box_train/0566_c3s2_004562_03.jpg,566,market1501,2
market1501/bounding_box_train/0566_c3s2_004562_05.jpg,566,market1501,2
market1501/bounding_box_train/0566_c3s2_004612_02.jpg,566,market1501,2
market1501/bounding_box_train/0566_c3s2_004637_02.jpg,566,market1501,2
market1501/bounding_box_train/0566_c3s2_013637_01.jpg,566,market1501,2
market1501/bounding_box_train/0566_c3s2_013737_01.jpg,566,market1501,2
market1501/bounding_box_train/0566_c6s2_007693_02.jpg,566,market1501,5
market1501/bounding_box_train/0566_c6s2_007718_02.jpg,566,market1501,5
market1501/bounding_box_train/0566_c6s2_007743_02.jpg,566,market1501,5
market1501/bounding_box_train/0566_c6s2_007768_03.jpg,566,market1501,5
market1501/bounding_box_train/0566_c6s2_007818_03.jpg,566,market1501,5
market1501/bounding_box_train/0570_c1s3_021826_02.jpg,570,market1501,0
market1501/bounding_box_train/0570_c1s3_021851_02.jpg,570,market1501,0
market1501/bounding_box_train/0570_c2s2_004237_02.jpg,570,market1501,1
market1501/bounding_box_train/0570_c2s2_004337_01.jpg,570,market1501,1
market1501/bounding_box_train/0570_c2s2_021537_03.jpg,570,market1501,1
market1501/bounding_box_train/0570_c2s2_021562_02.jpg,570,market1501,1
market1501/bounding_box_train/0570_c2s2_021637_01.jpg,570,market1501,1
market1501/bounding_box_train/0570_c2s2_021637_08.jpg,570,market1501,1
market1501/bounding_box_train/0570_c3s2_007312_02.jpg,570,market1501,2
market1501/bounding_box_train/0570_c3s2_007512_02.jpg,570,market1501,2
market1501/bounding_box_train/0570_c3s2_007562_01.jpg,570,market1501,2
market1501/bounding_box_train/0570_c3s2_007587_01.jpg,570,market1501,2
market1501/bounding_box_train/0570_c3s2_024362_02.jpg,570,market1501,2
market1501/bounding_box_train/0570_c3s2_024412_03.jpg,570,market1501,2
market1501/bounding_box_train/0570_c5s2_025255_04.jpg,570,market1501,4
market1501/bounding_box_train/0570_c6s2_001743_01.jpg,570,market1501,5
market1501/bounding_box_train/0570_c6s2_001768_01.jpg,570,market1501,5
market1501/bounding_box_train/0570_c6s2_018493_02.jpg,570,market1501,5
market1501/bounding_box_train/0572_c1s3_027976_02.jpg,572,market1501,0
market1501/bounding_box_train/0572_c1s3_028126_01.jpg,572,market1501,0
market1501/bounding_box_train/0572_c2s2_005337_01.jpg,572,market1501,1
market1501/bounding_box_train/0572_c2s2_005437_02.jpg,572,market1501,1
market1501/bounding_box_train/0572_c3s2_008562_06.jpg,572,market1501,2
market1501/bounding_box_train/0572_c3s2_008612_01.jpg,572,market1501,2
market1501/bounding_box_train/0572_c3s2_013437_01.jpg,572,market1501,2
market1501/bounding_box_train/0572_c3s2_013487_01.jpg,572,market1501,2
market1501/bounding_box_train/0572_c5s2_014105_03.jpg,572,market1501,4
market1501/bounding_box_train/0572_c5s2_014155_06.jpg,572,market1501,4
market1501/bounding_box_train/0572_c5s2_014180_02.jpg,572,market1501,4
market1501/bounding_box_train/0572_c6s2_002793_01.jpg,572,market1501,5
market1501/bounding_box_train/0572_c6s2_002818_01.jpg,572,market1501,5
market1501/bounding_box_train/0572_c6s2_007518_01.jpg,572,market1501,5
market1501/bounding_box_train/0572_c6s2_007593_01.jpg,572,market1501,5
market1501/bounding_box_train/0572_c6s2_007618_01.jpg,572,market1501,5
market1501/bounding_box_train/0572_c6s2_007668_01.jpg,572,market1501,5
market1501/bounding_box_train/0572_c6s2_007693_01.jpg,572,market1501,5
market1501/bounding_box_train/0572_c6s2_007718_01.jpg,572,market1501,5
market1501/bounding_box_train/0575_c1s3_024126_02.jpg,575,market1501,0
market1501/bounding_box_train/0575_c1s4_020706_01.jpg,575,market1501,0
market1501/bounding_box_train/0575_c1s4_020856_01.jpg,575,market1501,0
market1501/bounding_box_train/0575_c3s2_009662_01.jpg,575,market1501,2
market1501/bounding_box_train/0575_c3s2_009687_02.jpg,575,market1501,2
market1501/bounding_box_train/0575_c3s2_009762_02.jpg,575,market1501,2
market1501/bounding_box_train/0575_c3s2_009987_01.jpg,575,market1501,2
market1501/bounding_box_train/0575_c3s2_080953_01.jpg,575,market1501,2
market1501/bounding_box_train/0575_c3s2_081078_01.jpg,575,market1501,2
market1501/bounding_box_train/0575_c3s2_081103_01.jpg,575,market1501,2
market1501/bounding_box_train/0575_c3s2_081153_01.jpg,575,market1501,2
market1501/bounding_box_train/0575_c3s2_081153_06.jpg,575,market1501,2
market1501/bounding_box_train/0575_c5s2_010155_02.jpg,575,market1501,4
market1501/bounding_box_train/0575_c5s2_010330_02.jpg,575,market1501,4
market1501/bounding_box_train/0575_c5s2_081702_01.jpg,575,market1501,4
market1501/bounding_box_train/0575_c5s2_081702_02.jpg,575,market1501,4
market1501/bounding_box_train/0575_c5s2_081802_01.jpg,575,market1501,4
market1501/bounding_box_train/0575_c5s2_081802_05.jpg,575,market1501,4
market1501/bounding_box_train/0575_c6s2_003868_01.jpg,575,market1501,5
market1501/bounding_box_train/0575_c6s2_003893_01.jpg,575,market1501,5
market1501/bounding_box_train/0575_c6s2_003943_01.jpg,575,market1501,5
market1501/bounding_box_train/0575_c6s2_003968_02.jpg,575,market1501,5
market1501/bounding_box_train/0575_c6s2_004018_01.jpg,575,market1501,5
market1501/bounding_box_train/0575_c6s2_004068_01.jpg,575,market1501,5
market1501/bounding_box_train/0575_c6s2_004118_02.jpg,575,market1501,5
market1501/bounding_box_train/0575_c6s2_074993_02.jpg,575,market1501,5
market1501/bounding_box_train/0575_c6s2_075018_01.jpg,575,market1501,5
market1501/bounding_box_train/0575_c6s2_075068_01.jpg,575,market1501,5
market1501/bounding_box_train/0575_c6s2_075093_01.jpg,575,market1501,5
market1501/bounding_box_train/0575_c6s2_075143_01.jpg,575,market1501,5
market1501/bounding_box_train/0575_c6s2_075168_01.jpg,575,market1501,5
market1501/bounding_box_train/0575_c6s2_075218_01.jpg,575,market1501,5
market1501/bounding_box_train/0575_c6s2_075218_06.jpg,575,market1501,5
market1501/bounding_box_train/0575_c6s2_075293_01.jpg,575,market1501,5
market1501/bounding_box_train/0593_c3s2_013562_02.jpg,593,market1501,2
market1501/bounding_box_train/0593_c3s2_013587_02.jpg,593,market1501,2
market1501/bounding_box_train/0593_c3s2_013762_01.jpg,593,market1501,2
market1501/bounding_box_train/0593_c6s2_007868_01.jpg,593,market1501,5
market1501/bounding_box_train/0593_c6s2_007893_02.jpg,593,market1501,5
market1501/bounding_box_train/0593_c6s2_007893_04.jpg,593,market1501,5
market1501/bounding_box_train/0593_c6s2_007918_02.jpg,593,market1501,5
market1501/bounding_box_train/0593_c6s2_007968_01.jpg,593,market1501,5
market1501/bounding_box_train/0597_c1s3_029601_02.jpg,597,market1501,0
market1501/bounding_box_train/0597_c1s3_029651_01.jpg,597,market1501,0
market1501/bounding_box_train/0597_c1s3_033951_01.jpg,597,market1501,0
market1501/bounding_box_train/0597_c1s3_033976_02.jpg,597,market1501,0
market1501/bounding_box_train/0597_c2s2_012112_01.jpg,597,market1501,1
market1501/bounding_box_train/0597_c2s2_012212_02.jpg,597,market1501,1
market1501/bounding_box_train/0597_c2s2_012237_02.jpg,597,market1501,1
market1501/bounding_box_train/0597_c2s2_016487_01.jpg,597,market1501,1
market1501/bounding_box_train/0597_c3s2_015412_01.jpg,597,market1501,2
market1501/bounding_box_train/0597_c3s2_015437_02.jpg,597,market1501,2
market1501/bounding_box_train/0597_c3s2_019262_03.jpg,597,market1501,2
market1501/bounding_box_train/0597_c3s2_019287_03.jpg,597,market1501,2
market1501/bounding_box_train/0597_c5s2_020130_03.jpg,597,market1501,4
market1501/bounding_box_train/0597_c6s2_009568_02.jpg,597,market1501,5
market1501/bounding_box_train/0597_c6s2_009593_01.jpg,597,market1501,5
market1501/bounding_box_train/0597_c6s2_009618_01.jpg,597,market1501,5
market1501/bounding_box_train/0597_c6s2_013343_01.jpg,597,market1501,5
market1501/bounding_box_train/0597_c6s2_013368_01.jpg,597,market1501,5
market1501/bounding_box_train/0597_c6s2_013393_01.jpg,597,market1501,5
market1501/bounding_box_train/0597_c6s2_013418_01.jpg,597,market1501,5
market1501/bounding_box_train/0605_c1s3_032001_02.jpg,605,market1501,0
market1501/bounding_box_train/0605_c1s3_032051_02.jpg,605,market1501,0
market1501/bounding_box_train/0605_c1s3_032101_03.jpg,605,market1501,0
market1501/bounding_box_train/0605_c1s3_032201_01.jpg,605,market1501,0
market1501/bounding_box_train/0605_c1s4_017081_03.jpg,605,market1501,0
market1501/bounding_box_train/0605_c3s2_017462_03.jpg,605,market1501,2
market1501/bounding_box_train/0605_c3s2_017512_03.jpg,605,market1501,2
market1501/bounding_box_train/0605_c3s2_017962_03.jpg,605,market1501,2
market1501/bounding_box_train/0605_c3s2_017987_02.jpg,605,market1501,2
market1501/bounding_box_train/0605_c3s2_056962_03.jpg,605,market1501,2
market1501/bounding_box_train/0605_c3s2_057162_04.jpg,605,market1501,2
market1501/bounding_box_train/0605_c3s2_057287_04.jpg,605,market1501,2
market1501/bounding_box_train/0605_c3s2_057337_04.jpg,605,market1501,2
market1501/bounding_box_train/0605_c3s2_077253_03.jpg,605,market1501,2
market1501/bounding_box_train/0605_c3s2_077278_02.jpg,605,market1501,2
market1501/bounding_box_train/0605_c4s3_030954_02.jpg,605,market1501,3
market1501/bounding_box_train/0605_c4s3_031029_03.jpg,605,market1501,3
market1501/bounding_box_train/0605_c4s3_031304_01.jpg,605,market1501,3
market1501/bounding_box_train/0605_c4s3_031354_02.jpg,605,market1501,3
market1501/bounding_box_train/0605_c4s3_031404_02.jpg,605,market1501,3
market1501/bounding_box_train/0605_c4s4_017010_05.jpg,605,market1501,3
market1501/bounding_box_train/0605_c4s4_017185_02.jpg,605,market1501,3
market1501/bounding_box_train/0605_c5s2_018030_01.jpg,605,market1501,4
market1501/bounding_box_train/0605_c5s2_018055_03.jpg,605,market1501,4
market1501/bounding_box_train/0605_c5s2_057805_04.jpg,605,market1501,4
market1501/bounding_box_train/0605_c5s2_057930_04.jpg,605,market1501,4
market1501/bounding_box_train/0605_c5s2_058180_01.jpg,605,market1501,4
market1501/bounding_box_train/0605_c5s2_058230_02.jpg,605,market1501,4
market1501/bounding_box_train/0605_c5s2_077952_02.jpg,605,market1501,4
market1501/bounding_box_train/0605_c5s2_078052_03.jpg,605,market1501,4
market1501/bounding_box_train/0605_c5s2_078077_03.jpg,605,market1501,4
market1501/bounding_box_train/0605_c6s2_011593_06.jpg,605,market1501,5
market1501/bounding_box_train/0605_c6s2_011618_01.jpg,605,market1501,5
market1501/bounding_box_train/0605_c6s2_012168_01.jpg,605,market1501,5
market1501/bounding_box_train/0605_c6s2_012193_01.jpg,605,market1501,5
market1501/bounding_box_train/0605_c6s2_051018_03.jpg,605,market1501,5
market1501/bounding_box_train/0605_c6s2_051068_03.jpg,605,market1501,5
market1501/bounding_box_train/0605_c6s2_051118_03.jpg,605,market1501,5
market1501/bounding_box_train/0605_c6s2_051218_02.jpg,605,market1501,5
market1501/bounding_box_train/0605_c6s2_051218_03.jpg,605,market1501,5
market1501/bounding_box_train/0605_c6s2_051443_05.jpg,605,market1501,5
market1501/bounding_box_train/0605_c6s2_051468_06.jpg,605,market1501,5
market1501/bounding_box_train/0605_c6s2_051543_07.jpg,605,market1501,5
market1501/bounding_box_train/0605_c6s2_051843_02.jpg,605,market1501,5
market1501/bounding_box_train/0605_c6s2_071193_01.jpg,605,market1501,5
market1501/bounding_box_train/0605_c6s2_071268_02.jpg,605,market1501,5
market1501/bounding_box_train/0605_c6s2_071343_02.jpg,605,market1501,5
market1501/bounding_box_train/0612_c1s3_032751_01.jpg,612,market1501,0
market1501/bounding_box_train/0612_c1s3_032776_02.jpg,612,market1501,0
market1501/bounding_box_train/0612_c1s3_052051_02.jpg,612,market1501,0
market1501/bounding_box_train/0612_c1s3_052101_01.jpg,612,market1501,0
market1501/bounding_box_train/0612_c2s2_015212_01.jpg,612,market1501,1
market1501/bounding_box_train/0612_c2s2_015287_02.jpg,612,market1501,1
market1501/bounding_box_train/0612_c2s2_034712_01.jpg,612,market1501,1
market1501/bounding_box_train/0612_c3s2_018487_05.jpg,612,market1501,2
market1501/bounding_box_train/0612_c3s2_018537_05.jpg,612,market1501,2
market1501/bounding_box_train/0612_c3s2_037512_02.jpg,612,market1501,2
market1501/bounding_box_train/0612_c3s2_037562_03.jpg,612,market1501,2
market1501/bounding_box_train/0612_c4s3_051429_01.jpg,612,market1501,3
market1501/bounding_box_train/0612_c4s3_051454_01.jpg,612,market1501,3
market1501/bounding_box_train/0612_c4s3_051479_01.jpg,612,market1501,3
market1501/bounding_box_train/0612_c4s3_051504_01.jpg,612,market1501,3
market1501/bounding_box_train/0612_c5s2_018880_02.jpg,612,market1501,4
market1501/bounding_box_train/0612_c5s2_037855_01.jpg,612,market1501,4
market1501/bounding_box_train/0612_c5s2_037880_01.jpg,612,market1501,4
market1501/bounding_box_train/0612_c5s2_037930_02.jpg,612,market1501,4
market1501/bounding_box_train/0612_c6s2_012668_04.jpg,612,market1501,5
market1501/bounding_box_train/0612_c6s2_012693_02.jpg,612,market1501,5
market1501/bounding_box_train/0612_c6s2_030168_01.jpg,612,market1501,5
market1501/bounding_box_train/0612_c6s2_030493_01.jpg,612,market1501,5
market1501/bounding_box_train/0612_c6s2_030568_01.jpg,612,market1501,5
market1501/bounding_box_train/0612_c6s2_031568_02.jpg,612,market1501,5
market1501/bounding_box_train/0612_c6s2_031593_01.jpg,612,market1501,5
market1501/bounding_box_train/0613_c1s3_032751_02.jpg,613,market1501,0
market1501/bounding_box_train/0613_c1s3_032776_01.jpg,613,market1501,0
market1501/bounding_box_train/0613_c1s3_039926_03.jpg,613,market1501,0
market1501/bounding_box_train/0613_c1s3_040026_02.jpg,613,market1501,0
market1501/bounding_box_train/0613_c2s2_015212_02.jpg,613,market1501,1
market1501/bounding_box_train/0613_c2s2_015287_01.jpg,613,market1501,1
market1501/bounding_box_train/0613_c2s2_015287_04.jpg,613,market1501,1
market1501/bounding_box_train/0613_c2s2_022587_01.jpg,613,market1501,1
market1501/bounding_box_train/0613_c3s2_018387_04.jpg,613,market1501,2
market1501/bounding_box_train/0613_c3s2_018487_06.jpg,613,market1501,2
market1501/bounding_box_train/0613_c3s2_025012_04.jpg,613,market1501,2
market1501/bounding_box_train/0613_c3s2_025262_01.jpg,613,market1501,2
market1501/bounding_box_train/0613_c3s2_025287_01.jpg,613,market1501,2
market1501/bounding_box_train/0613_c5s2_018905_01.jpg,613,market1501,4
market1501/bounding_box_train/0613_c5s2_018905_02.jpg,613,market1501,4
market1501/bounding_box_train/0613_c5s2_018955_02.jpg,613,market1501,4
market1501/bounding_box_train/0613_c5s2_025855_01.jpg,613,market1501,4
market1501/bounding_box_train/0613_c5s2_025930_03.jpg,613,market1501,4
market1501/bounding_box_train/0613_c6s2_012643_07.jpg,613,market1501,5
market1501/bounding_box_train/0613_c6s2_012668_03.jpg,613,market1501,5
market1501/bounding_box_train/0613_c6s2_012693_03.jpg,613,market1501,5
market1501/bounding_box_train/0613_c6s2_019068_02.jpg,613,market1501,5
market1501/bounding_box_train/0613_c6s2_019118_01.jpg,613,market1501,5
market1501/bounding_box_train/0613_c6s2_019143_02.jpg,613,market1501,5
market1501/bounding_box_train/0613_c6s2_019293_01.jpg,613,market1501,5
market1501/bounding_box_train/0613_c6s2_019393_01.jpg,613,market1501,5
market1501/bounding_box_train/0614_c1s3_033676_01.jpg,614,market1501,0
market1501/bounding_box_train/0614_c1s3_033701_01.jpg,614,market1501,0
market1501/bounding_box_train/0614_c1s4_020506_01.jpg,614,market1501,0
market1501/bounding_box_train/0614_c1s4_020556_01.jpg,614,market1501,0
market1501/bounding_box_train/0614_c2s2_016187_01.jpg,614,market1501,1
market1501/bounding_box_train/0614_c2s2_016212_01.jpg,614,market1501,1
market1501/bounding_box_train/0614_c2s2_078007_01.jpg,614,market1501,1
market1501/bounding_box_train/0614_c2s2_078007_07.jpg,614,market1501,1
market1501/bounding_box_train/0614_c2s2_078032_01.jpg,614,market1501,1
market1501/bounding_box_train/0614_c3s2_019362_03.jpg,614,market1501,2
market1501/bounding_box_train/0614_c3s2_019387_03.jpg,614,market1501,2
market1501/bounding_box_train/0614_c3s2_080803_01.jpg,614,market1501,2
market1501/bounding_box_train/0614_c3s2_080828_01.jpg,614,market1501,2
market1501/bounding_box_train/0614_c3s2_080853_01.jpg,614,market1501,2
market1501/bounding_box_train/0614_c5s2_081577_01.jpg,614,market1501,4
market1501/bounding_box_train/0614_c6s2_013543_02.jpg,614,market1501,5
market1501/bounding_box_train/0614_c6s2_013568_01.jpg,614,market1501,5
market1501/bounding_box_train/0614_c6s2_013568_02.jpg,614,market1501,5
market1501/bounding_box_train/0614_c6s2_013593_01.jpg,614,market1501,5
market1501/bounding_box_train/0614_c6s2_074918_02.jpg,614,market1501,5
market1501/bounding_box_train/0614_c6s2_074943_02.jpg,614,market1501,5
market1501/bounding_box_train/0614_c6s2_074968_03.jpg,614,market1501,5
market1501/bounding_box_train/0615_c1s3_033901_02.jpg,615,market1501,0
market1501/bounding_box_train/0615_c1s3_050051_01.jpg,615,market1501,0
market1501/bounding_box_train/0615_c1s3_050101_01.jpg,615,market1501,0
market1501/bounding_box_train/0615_c2s2_016362_01.jpg,615,market1501,1
market1501/bounding_box_train/0615_c2s2_016487_02.jpg,615,market1501,1
market1501/bounding_box_train/0615_c3s2_019562_05.jpg,615,market1501,2
market1501/bounding_box_train/0615_c3s2_019612_03.jpg,615,market1501,2
market1501/bounding_box_train/0615_c3s2_035412_02.jpg,615,market1501,2
market1501/bounding_box_train/0615_c3s2_035437_01.jpg,615,market1501,2
market1501/bounding_box_train/0615_c3s2_035437_05.jpg,615,market1501,2
market1501/bounding_box_train/0615_c5s2_019955_02.jpg,615,market1501,4
market1501/bounding_box_train/0615_c5s2_036105_01.jpg,615,market1501,4
market1501/bounding_box_train/0615_c6s2_013843_01.jpg,615,market1501,5
market1501/bounding_box_train/0615_c6s2_029518_01.jpg,615,market1501,5
market1501/bounding_box_train/0623_c1s3_037376_03.jpg,623,market1501,0
market1501/bounding_box_train/0623_c1s3_037401_03.jpg,623,market1501,0
market1501/bounding_box_train/0623_c1s3_048876_02.jpg,623,market1501,0
market1501/bounding_box_train/0623_c2s2_019812_01.jpg,623,market1501,1
market1501/bounding_box_train/0623_c2s2_019887_01.jpg,623,market1501,1
market1501/bounding_box_train/0623_c2s2_031637_04.jpg,623,market1501,1
market1501/bounding_box_train/0623_c3s2_023087_03.jpg,623,market1501,2
market1501/bounding_box_train/0623_c3s2_023112_06.jpg,623,market1501,2
market1501/bounding_box_train/0623_c3s2_023162_05.jpg,623,market1501,2
market1501/bounding_box_train/0623_c3s2_034287_04.jpg,623,market1501,2
market1501/bounding_box_train/0623_c5s2_023505_04.jpg,623,market1501,4
market1501/bounding_box_train/0623_c5s2_034880_03.jpg,623,market1501,4
market1501/bounding_box_train/0623_c5s2_034930_02.jpg,623,market1501,4
market1501/bounding_box_train/0623_c6s2_017293_01.jpg,623,market1501,5
market1501/bounding_box_train/0623_c6s2_017318_02.jpg,623,market1501,5
market1501/bounding_box_train/0623_c6s2_017343_01.jpg,623,market1501,5
market1501/bounding_box_train/0623_c6s2_028393_03.jpg,623,market1501,5
market1501/bounding_box_train/0623_c6s2_028443_02.jpg,623,market1501,5
market1501/bounding_box_train/0629_c1s3_038551_03.jpg,629,market1501,0
market1501/bounding_box_train/0629_c1s3_038626_05.jpg,629,market1501,0
market1501/bounding_box_train/0629_c1s3_049926_02.jpg,629,market1501,0
market1501/bounding_box_train/0629_c1s3_050001_03.jpg,629,market1501,0
market1501/bounding_box_train/0629_c3s2_024137_08.jpg,629,market1501,2
market1501/bounding_box_train/0629_c3s2_024212_04.jpg,629,market1501,2
market1501/bounding_box_train/0629_c3s2_024237_06.jpg,629,market1501,2
market1501/bounding_box_train/0629_c3s2_035087_01.jpg,629,market1501,2
market1501/bounding_box_train/0629_c3s2_035137_02.jpg,629,market1501,2
market1501/bounding_box_train/0629_c3s2_035262_02.jpg,629,market1501,2
market1501/bounding_box_train/0629_c3s2_035312_04.jpg,629,market1501,2
market1501/bounding_box_train/0629_c5s2_024630_04.jpg,629,market1501,4
market1501/bounding_box_train/0629_c5s2_024655_02.jpg,629,market1501,4
market1501/bounding_box_train/0629_c5s2_024655_06.jpg,629,market1501,4
market1501/bounding_box_train/0629_c5s2_024705_03.jpg,629,market1501,4
market1501/bounding_box_train/0629_c5s2_024780_06.jpg,629,market1501,4
market1501/bounding_box_train/0629_c5s2_035930_03.jpg,629,market1501,4
market1501/bounding_box_train/0629_c5s2_036030_02.jpg,629,market1501,4
market1501/bounding_box_train/0629_c6s2_018218_01.jpg,629,market1501,5
market1501/bounding_box_train/0629_c6s2_018243_01.jpg,629,market1501,5
market1501/bounding_box_train/0629_c6s2_018268_01.jpg,629,market1501,5
market1501/bounding_box_train/0629_c6s2_018343_01.jpg,629,market1501,5
market1501/bounding_box_train/0629_c6s2_018368_02.jpg,629,market1501,5
market1501/bounding_box_train/0629_c6s2_018468_02.jpg,629,market1501,5
market1501/bounding_box_train/0629_c6s2_029218_02.jpg,629,market1501,5
market1501/bounding_box_train/0629_c6s2_029243_02.jpg,629,market1501,5
market1501/bounding_box_train/0629_c6s2_029243_07.jpg,629,market1501,5
market1501/bounding_box_train/0629_c6s2_029468_02.jpg,629,market1501,5
market1501/bounding_box_train/0629_c6s2_029493_02.jpg,629,market1501,5
market1501/bounding_box_train/0629_c6s2_029568_02.jpg,629,market1501,5
market1501/bounding_box_train/0064_c2s1_008301_01.jpg,64,market1501,1
market1501/bounding_box_train/0064_c2s1_008326_01.jpg,64,market1501,1
market1501/bounding_box_train/0064_c2s1_008351_02.jpg,64,market1501,1
market1501/bounding_box_train/0064_c3s1_008526_01.jpg,64,market1501,2
market1501/bounding_box_train/0064_c3s1_008551_01.jpg,64,market1501,2
market1501/bounding_box_train/0064_c6s1_009101_01.jpg,64,market1501,5
market1501/bounding_box_train/0064_c6s1_009126_01.jpg,64,market1501,5
market1501/bounding_box_train/0064_c6s1_009151_01.jpg,64,market1501,5
market1501/bounding_box_train/0064_c6s1_009176_01.jpg,64,market1501,5
market1501/bounding_box_train/0645_c1s3_046676_01.jpg,645,market1501,0
market1501/bounding_box_train/0645_c1s3_046826_01.jpg,645,market1501,0
market1501/bounding_box_train/0645_c2s2_028712_02.jpg,645,market1501,1
market1501/bounding_box_train/0645_c2s2_029062_09.jpg,645,market1501,1
market1501/bounding_box_train/0645_c3s2_032312_01.jpg,645,market1501,2
market1501/bounding_box_train/0645_c3s2_032437_02.jpg,645,market1501,2
market1501/bounding_box_train/0645_c3s2_032462_03.jpg,645,market1501,2
market1501/bounding_box_train/0645_c3s2_032512_02.jpg,645,market1501,2
market1501/bounding_box_train/0645_c5s2_032855_01.jpg,645,market1501,4
market1501/bounding_box_train/0645_c5s2_032855_03.jpg,645,market1501,4
market1501/bounding_box_train/0645_c5s2_032905_01.jpg,645,market1501,4
market1501/bounding_box_train/0645_c6s2_026643_02.jpg,645,market1501,5
market1501/bounding_box_train/0645_c6s2_026668_01.jpg,645,market1501,5
market1501/bounding_box_train/0645_c6s2_026693_01.jpg,645,market1501,5
market1501/bounding_box_train/0647_c1s3_048326_01.jpg,647,market1501,0
market1501/bounding_box_train/0647_c1s4_004031_01.jpg,647,market1501,0
market1501/bounding_box_train/0647_c1s4_004056_01.jpg,647,market1501,0
market1501/bounding_box_train/0647_c2s2_030787_01.jpg,647,market1501,1
market1501/bounding_box_train/0647_c2s2_030812_01.jpg,647,market1501,1
market1501/bounding_box_train/0647_c2s2_030812_09.jpg,647,market1501,1
market1501/bounding_box_train/0647_c2s2_030887_01.jpg,647,market1501,1
market1501/bounding_box_train/0647_c2s2_061532_01.jpg,647,market1501,1
market1501/bounding_box_train/0647_c2s2_061557_01.jpg,647,market1501,1
market1501/bounding_box_train/0647_c3s2_034087_01.jpg,647,market1501,2
market1501/bounding_box_train/0647_c3s2_034137_01.jpg,647,market1501,2
market1501/bounding_box_train/0647_c3s2_064303_02.jpg,647,market1501,2
market1501/bounding_box_train/0647_c5s2_034405_01.jpg,647,market1501,4
market1501/bounding_box_train/0647_c5s2_065077_01.jpg,647,market1501,4
market1501/bounding_box_train/0647_c6s2_028293_01.jpg,647,market1501,5
market1501/bounding_box_train/0647_c6s2_028318_01.jpg,647,market1501,5
market1501/bounding_box_train/0647_c6s2_058418_02.jpg,647,market1501,5
market1501/bounding_box_train/0648_c1s3_048551_01.jpg,648,market1501,0
market1501/bounding_box_train/0648_c1s3_048576_01.jpg,648,market1501,0
market1501/bounding_box_train/0648_c1s3_063026_01.jpg,648,market1501,0
market1501/bounding_box_train/0648_c1s3_063126_02.jpg,648,market1501,0
market1501/bounding_box_train/0648_c1s3_063151_03.jpg,648,market1501,0
market1501/bounding_box_train/0648_c1s3_063201_02.jpg,648,market1501,0
market1501/bounding_box_train/0648_c2s2_031037_01.jpg,648,market1501,1
market1501/bounding_box_train/0648_c2s2_045812_01.jpg,648,market1501,1
market1501/bounding_box_train/0648_c3s2_034237_02.jpg,648,market1501,2
market1501/bounding_box_train/0648_c3s2_034262_04.jpg,648,market1501,2
market1501/bounding_box_train/0648_c3s2_048412_01.jpg,648,market1501,2
market1501/bounding_box_train/0648_c3s2_048487_02.jpg,648,market1501,2
market1501/bounding_box_train/0648_c5s2_034655_01.jpg,648,market1501,4
market1501/bounding_box_train/0648_c5s2_049055_01.jpg,648,market1501,4
market1501/bounding_box_train/0648_c6s2_028468_02.jpg,648,market1501,5
market1501/bounding_box_train/0648_c6s2_028518_02.jpg,648,market1501,5
market1501/bounding_box_train/0648_c6s2_042468_01.jpg,648,market1501,5
market1501/bounding_box_train/0648_c6s2_042493_01.jpg,648,market1501,5
market1501/bounding_box_train/0648_c6s2_042518_01.jpg,648,market1501,5
market1501/bounding_box_train/0648_c6s2_042568_01.jpg,648,market1501,5
market1501/bounding_box_train/0649_c1s3_047801_05.jpg,649,market1501,0
market1501/bounding_box_train/0649_c3s2_033412_01.jpg,649,market1501,2
market1501/bounding_box_train/0649_c5s2_033555_03.jpg,649,market1501,4
market1501/bounding_box_train/0649_c5s2_033830_03.jpg,649,market1501,4
market1501/bounding_box_train/0649_c5s2_033880_04.jpg,649,market1501,4
market1501/bounding_box_train/0649_c6s2_027368_01.jpg,649,market1501,5
market1501/bounding_box_train/0649_c6s2_027368_06.jpg,649,market1501,5
market1501/bounding_box_train/0649_c6s2_027393_01.jpg,649,market1501,5
market1501/bounding_box_train/0649_c6s2_027393_03.jpg,649,market1501,5
market1501/bounding_box_train/0649_c6s2_027418_01.jpg,649,market1501,5
market1501/bounding_box_train/0649_c6s2_027418_05.jpg,649,market1501,5
market1501/bounding_box_train/0649_c6s2_027468_01.jpg,649,market1501,5
market1501/bounding_box_train/0655_c1s3_051276_01.jpg,655,market1501,0
market1501/bounding_box_train/0655_c1s4_003181_01.jpg,655,market1501,0
market1501/bounding_box_train/0655_c1s4_003206_01.jpg,655,market1501,0
market1501/bounding_box_train/0655_c3s2_036887_01.jpg,655,market1501,2
market1501/bounding_box_train/0655_c3s2_036912_01.jpg,655,market1501,2
market1501/bounding_box_train/0655_c3s2_036987_01.jpg,655,market1501,2
market1501/bounding_box_train/0655_c3s2_063503_02.jpg,655,market1501,2
market1501/bounding_box_train/0655_c3s2_063528_02.jpg,655,market1501,2
market1501/bounding_box_train/0655_c3s2_063553_02.jpg,655,market1501,2
market1501/bounding_box_train/0655_c3s2_063753_01.jpg,655,market1501,2
market1501/bounding_box_train/0655_c5s2_037230_01.jpg,655,market1501,4
market1501/bounding_box_train/0655_c5s2_037230_03.jpg,655,market1501,4
market1501/bounding_box_train/0655_c5s2_037305_01.jpg,655,market1501,4
market1501/bounding_box_train/0655_c5s2_037380_01.jpg,655,market1501,4
market1501/bounding_box_train/0655_c5s2_064177_01.jpg,655,market1501,4
market1501/bounding_box_train/0655_c5s2_064227_01.jpg,655,market1501,4
market1501/bounding_box_train/0655_c5s2_064252_01.jpg,655,market1501,4
market1501/bounding_box_train/0655_c5s2_064252_03.jpg,655,market1501,4
market1501/bounding_box_train/0655_c5s2_064302_01.jpg,655,market1501,4
market1501/bounding_box_train/0655_c5s2_064327_01.jpg,655,market1501,4
market1501/bounding_box_train/0655_c5s2_064327_03.jpg,655,market1501,4
market1501/bounding_box_train/0655_c6s2_030968_01.jpg,655,market1501,5
market1501/bounding_box_train/0655_c6s2_030993_01.jpg,655,market1501,5
market1501/bounding_box_train/0655_c6s2_031018_01.jpg,655,market1501,5
market1501/bounding_box_train/0655_c6s2_031043_01.jpg,655,market1501,5
market1501/bounding_box_train/0655_c6s2_031068_01.jpg,655,market1501,5
market1501/bounding_box_train/0655_c6s2_031193_01.jpg,655,market1501,5
market1501/bounding_box_train/0655_c6s2_031218_01.jpg,655,market1501,5
market1501/bounding_box_train/0655_c6s2_057593_02.jpg,655,market1501,5
market1501/bounding_box_train/0655_c6s2_057618_01.jpg,655,market1501,5
market1501/bounding_box_train/0655_c6s2_057618_06.jpg,655,market1501,5
market1501/bounding_box_train/0655_c6s2_057668_01.jpg,655,market1501,5
market1501/bounding_box_train/0655_c6s2_057668_02.jpg,655,market1501,5
market1501/bounding_box_train/0655_c6s2_057693_04.jpg,655,market1501,5
market1501/bounding_box_train/0656_c1s3_051651_02.jpg,656,market1501,0
market1501/bounding_box_train/0656_c1s3_051676_01.jpg,656,market1501,0
market1501/bounding_box_train/0656_c1s3_065901_02.jpg,656,market1501,0
market1501/bounding_box_train/0656_c1s3_066026_01.jpg,656,market1501,0
market1501/bounding_box_train/0656_c2s2_034062_02.jpg,656,market1501,1
market1501/bounding_box_train/0656_c2s2_048637_01.jpg,656,market1501,1
market1501/bounding_box_train/0656_c3s2_037387_02.jpg,656,market1501,2
market1501/bounding_box_train/0656_c3s2_037412_02.jpg,656,market1501,2
market1501/bounding_box_train/0656_c3s2_037437_02.jpg,656,market1501,2
market1501/bounding_box_train/0656_c3s2_051237_01.jpg,656,market1501,2
market1501/bounding_box_train/0656_c3s2_051262_02.jpg,656,market1501,2
market1501/bounding_box_train/0656_c5s2_037780_01.jpg,656,market1501,4
market1501/bounding_box_train/0656_c5s2_037855_02.jpg,656,market1501,4
market1501/bounding_box_train/0656_c5s2_037880_03.jpg,656,market1501,4
market1501/bounding_box_train/0656_c5s2_051905_03.jpg,656,market1501,4
market1501/bounding_box_train/0656_c5s2_051930_01.jpg,656,market1501,4
market1501/bounding_box_train/0656_c5s2_052005_01.jpg,656,market1501,4
market1501/bounding_box_train/0656_c6s2_031543_01.jpg,656,market1501,5
market1501/bounding_box_train/0656_c6s2_031568_01.jpg,656,market1501,5
market1501/bounding_box_train/0656_c6s2_031593_02.jpg,656,market1501,5
market1501/bounding_box_train/0656_c6s2_031618_01.jpg,656,market1501,5
market1501/bounding_box_train/0656_c6s2_031643_01.jpg,656,market1501,5
market1501/bounding_box_train/0656_c6s2_045318_02.jpg,656,market1501,5
market1501/bounding_box_train/0656_c6s2_045343_01.jpg,656,market1501,5
market1501/bounding_box_train/0656_c6s2_045393_01.jpg,656,market1501,5
market1501/bounding_box_train/0656_c6s2_045393_05.jpg,656,market1501,5
market1501/bounding_box_train/0656_c6s2_045443_01.jpg,656,market1501,5
market1501/bounding_box_train/0657_c1s3_053851_01.jpg,657,market1501,0
market1501/bounding_box_train/0657_c1s3_053851_02.jpg,657,market1501,0
market1501/bounding_box_train/0657_c1s3_053901_01.jpg,657,market1501,0
market1501/bounding_box_train/0657_c1s4_002656_01.jpg,657,market1501,0
market1501/bounding_box_train/0657_c2s2_036262_01.jpg,657,market1501,1
market1501/bounding_box_train/0657_c2s2_036412_01.jpg,657,market1501,1
market1501/bounding_box_train/0657_c2s2_060107_01.jpg,657,market1501,1
market1501/bounding_box_train/0657_c2s2_060107_04.jpg,657,market1501,1
market1501/bounding_box_train/0657_c3s2_039612_01.jpg,657,market1501,2
market1501/bounding_box_train/0657_c3s2_039637_01.jpg,657,market1501,2
market1501/bounding_box_train/0657_c3s2_062878_01.jpg,657,market1501,2
market1501/bounding_box_train/0657_c5s2_039930_01.jpg,657,market1501,4
market1501/bounding_box_train/0657_c5s2_039930_02.jpg,657,market1501,4
market1501/bounding_box_train/0657_c6s2_033793_02.jpg,657,market1501,5
market1501/bounding_box_train/0657_c6s2_033818_01.jpg,657,market1501,5
market1501/bounding_box_train/0657_c6s2_033843_01.jpg,657,market1501,5
market1501/bounding_box_train/0657_c6s2_056968_01.jpg,657,market1501,5
market1501/bounding_box_train/0657_c6s2_056993_01.jpg,657,market1501,5
market1501/bounding_box_train/0657_c6s2_057018_01.jpg,657,market1501,5
market1501/bounding_box_train/0659_c1s3_039551_03.jpg,659,market1501,0
market1501/bounding_box_train/0659_c1s3_039601_02.jpg,659,market1501,0
market1501/bounding_box_train/0659_c1s3_039651_03.jpg,659,market1501,0
market1501/bounding_box_train/0659_c1s3_052726_01.jpg,659,market1501,0
market1501/bounding_box_train/0659_c1s3_052776_02.jpg,659,market1501,0
market1501/bounding_box_train/0659_c3s2_025012_03.jpg,659,market1501,2
market1501/bounding_box_train/0659_c3s2_025312_04.jpg,659,market1501,2
market1501/bounding_box_train/0659_c3s2_038062_01.jpg,659,market1501,2
market1501/bounding_box_train/0659_c3s2_038087_02.jpg,659,market1501,2
market1501/bounding_box_train/0659_c5s2_038830_01.jpg,659,market1501,4
market1501/bounding_box_train/0659_c6s2_032168_01.jpg,659,market1501,5
market1501/bounding_box_train/0659_c6s2_032193_04.jpg,659,market1501,5
market1501/bounding_box_train/0661_c1s3_053901_02.jpg,661,market1501,0
market1501/bounding_box_train/0661_c1s3_053976_01.jpg,661,market1501,0
market1501/bounding_box_train/0661_c2s2_036412_03.jpg,661,market1501,1
market1501/bounding_box_train/0661_c3s2_039562_05.jpg,661,market1501,2
market1501/bounding_box_train/0661_c4s3_053979_02.jpg,661,market1501,3
market1501/bounding_box_train/0661_c4s3_054004_02.jpg,661,market1501,3
market1501/bounding_box_train/0661_c4s3_054054_01.jpg,661,market1501,3
market1501/bounding_box_train/0661_c5s2_040055_01.jpg,661,market1501,4
market1501/bounding_box_train/0661_c5s2_040080_02.jpg,661,market1501,4
market1501/bounding_box_train/0661_c5s2_040180_02.jpg,661,market1501,4
market1501/bounding_box_train/0662_c1s3_054251_01.jpg,662,market1501,0
market1501/bounding_box_train/0662_c1s3_054251_02.jpg,662,market1501,0
market1501/bounding_box_train/0662_c2s2_036662_02.jpg,662,market1501,1
market1501/bounding_box_train/0662_c2s2_036662_05.jpg,662,market1501,1
market1501/bounding_box_train/0662_c2s2_036787_01.jpg,662,market1501,1
market1501/bounding_box_train/0662_c2s2_036787_03.jpg,662,market1501,1
market1501/bounding_box_train/0662_c3s2_039987_02.jpg,662,market1501,2
market1501/bounding_box_train/0662_c3s2_040012_02.jpg,662,market1501,2
market1501/bounding_box_train/0662_c3s2_040037_03.jpg,662,market1501,2
market1501/bounding_box_train/0662_c5s2_040255_02.jpg,662,market1501,4
market1501/bounding_box_train/0662_c6s2_034218_01.jpg,662,market1501,5
market1501/bounding_box_train/0662_c6s2_034243_01.jpg,662,market1501,5
market1501/bounding_box_train/0662_c6s2_034268_01.jpg,662,market1501,5
market1501/bounding_box_train/0666_c1s3_056726_02.jpg,666,market1501,0
market1501/bounding_box_train/0666_c1s3_056776_01.jpg,666,market1501,0
market1501/bounding_box_train/0666_c1s3_070926_02.jpg,666,market1501,0
market1501/bounding_box_train/0666_c1s3_070976_05.jpg,666,market1501,0
market1501/bounding_box_train/0666_c3s2_042387_01.jpg,666,market1501,2
market1501/bounding_box_train/0666_c3s2_042437_02.jpg,666,market1501,2
market1501/bounding_box_train/0666_c3s2_042512_02.jpg,666,market1501,2
market1501/bounding_box_train/0666_c3s2_056362_01.jpg,666,market1501,2
market1501/bounding_box_train/0666_c3s2_056387_01.jpg,666,market1501,2
market1501/bounding_box_train/0666_c5s2_042805_01.jpg,666,market1501,4
market1501/bounding_box_train/0666_c5s2_042955_01.jpg,666,market1501,4
market1501/bounding_box_train/0666_c5s2_043030_02.jpg,666,market1501,4
market1501/bounding_box_train/0666_c5s2_056980_02.jpg,666,market1501,4
market1501/bounding_box_train/0666_c5s2_057005_03.jpg,666,market1501,4
market1501/bounding_box_train/0666_c5s2_057080_01.jpg,666,market1501,4
market1501/bounding_box_train/0666_c6s2_036443_02.jpg,666,market1501,5
market1501/bounding_box_train/0666_c6s2_036468_01.jpg,666,market1501,5
market1501/bounding_box_train/0666_c6s2_036493_01.jpg,666,market1501,5
market1501/bounding_box_train/0666_c6s2_036668_01.jpg,666,market1501,5
market1501/bounding_box_train/0666_c6s2_036668_04.jpg,666,market1501,5
market1501/bounding_box_train/0666_c6s2_036743_01.jpg,666,market1501,5
market1501/bounding_box_train/0666_c6s2_036768_01.jpg,666,market1501,5
market1501/bounding_box_train/0666_c6s2_050393_02.jpg,666,market1501,5
market1501/bounding_box_train/0666_c6s2_050418_01.jpg,666,market1501,5
market1501/bounding_box_train/0666_c6s2_050443_01.jpg,666,market1501,5
market1501/bounding_box_train/0666_c6s2_050468_01.jpg,666,market1501,5
market1501/bounding_box_train/0666_c6s2_050468_09.jpg,666,market1501,5
market1501/bounding_box_train/0666_c6s2_050518_01.jpg,666,market1501,5
market1501/bounding_box_train/0666_c6s2_050518_04.jpg,666,market1501,5
market1501/bounding_box_train/0666_c6s2_050543_01.jpg,666,market1501,5
market1501/bounding_box_train/0666_c6s2_050543_03.jpg,666,market1501,5
market1501/bounding_box_train/0666_c6s2_050618_01.jpg,666,market1501,5
market1501/bounding_box_train/0666_c6s2_050618_03.jpg,666,market1501,5
market1501/bounding_box_train/0676_c1s3_062126_01.jpg,676,market1501,0
market1501/bounding_box_train/0676_c1s3_062201_01.jpg,676,market1501,0
market1501/bounding_box_train/0676_c1s3_072501_01.jpg,676,market1501,0
market1501/bounding_box_train/0676_c1s3_072731_01.jpg,676,market1501,0
market1501/bounding_box_train/0676_c2s2_055287_01.jpg,676,market1501,1
market1501/bounding_box_train/0676_c2s2_055312_01.jpg,676,market1501,1
market1501/bounding_box_train/0676_c3s2_047862_02.jpg,676,market1501,2
market1501/bounding_box_train/0676_c3s2_047887_01.jpg,676,market1501,2
market1501/bounding_box_train/0676_c3s2_047937_01.jpg,676,market1501,2
market1501/bounding_box_train/0676_c3s2_057562_06.jpg,676,market1501,2
market1501/bounding_box_train/0676_c3s2_057587_01.jpg,676,market1501,2
market1501/bounding_box_train/0676_c3s2_057837_01.jpg,676,market1501,2
market1501/bounding_box_train/0676_c3s2_057862_01.jpg,676,market1501,2
market1501/bounding_box_train/0676_c4s3_061879_01.jpg,676,market1501,3
market1501/bounding_box_train/0676_c4s3_061929_01.jpg,676,market1501,3
market1501/bounding_box_train/0676_c4s3_061954_01.jpg,676,market1501,3
market1501/bounding_box_train/0676_c5s2_048280_01.jpg,676,market1501,4
market1501/bounding_box_train/0676_c5s2_048305_01.jpg,676,market1501,4
market1501/bounding_box_train/0676_c5s2_048355_01.jpg,676,market1501,4
market1501/bounding_box_train/0676_c5s2_058330_01.jpg,676,market1501,4
market1501/bounding_box_train/0676_c5s2_058380_01.jpg,676,market1501,4
market1501/bounding_box_train/0676_c5s2_058405_01.jpg,676,market1501,4
market1501/bounding_box_train/0676_c5s2_058405_03.jpg,676,market1501,4
market1501/bounding_box_train/0676_c5s2_058455_01.jpg,676,market1501,4
market1501/bounding_box_train/0676_c6s2_042043_01.jpg,676,market1501,5
market1501/bounding_box_train/0676_c6s2_042068_01.jpg,676,market1501,5
market1501/bounding_box_train/0676_c6s2_042168_01.jpg,676,market1501,5
market1501/bounding_box_train/0676_c6s2_042193_01.jpg,676,market1501,5
market1501/bounding_box_train/0676_c6s2_042218_01.jpg,676,market1501,5
market1501/bounding_box_train/0676_c6s2_050918_06.jpg,676,market1501,5
market1501/bounding_box_train/0676_c6s2_050968_03.jpg,676,market1501,5
market1501/bounding_box_train/0676_c6s2_051018_02.jpg,676,market1501,5
market1501/bounding_box_train/0676_c6s2_051043_04.jpg,676,market1501,5
market1501/bounding_box_train/0676_c6s2_051668_05.jpg,676,market1501,5
market1501/bounding_box_train/0676_c6s2_052043_04.jpg,676,market1501,5
market1501/bounding_box_train/0676_c6s2_052068_04.jpg,676,market1501,5
market1501/bounding_box_train/0677_c1s3_063026_03.jpg,677,market1501,0
market1501/bounding_box_train/0677_c1s3_063126_03.jpg,677,market1501,0
market1501/bounding_box_train/0677_c1s3_063151_02.jpg,677,market1501,0
market1501/bounding_box_train/0677_c2s2_045812_04.jpg,677,market1501,1
market1501/bounding_box_train/0677_c3s2_048487_01.jpg,677,market1501,2
market1501/bounding_box_train/0677_c3s2_048537_04.jpg,677,market1501,2
market1501/bounding_box_train/0677_c3s2_048562_06.jpg,677,market1501,2
market1501/bounding_box_train/0677_c4s3_062354_01.jpg,677,market1501,3
market1501/bounding_box_train/0677_c4s3_062404_01.jpg,677,market1501,3
market1501/bounding_box_train/0677_c4s3_062429_01.jpg,677,market1501,3
market1501/bounding_box_train/0677_c4s3_062479_01.jpg,677,market1501,3
market1501/bounding_box_train/0677_c5s2_048955_01.jpg,677,market1501,4
market1501/bounding_box_train/0677_c5s2_048980_01.jpg,677,market1501,4
market1501/bounding_box_train/0677_c5s2_049030_04.jpg,677,market1501,4
market1501/bounding_box_train/0683_c1s4_010056_01.jpg,683,market1501,0
market1501/bounding_box_train/0683_c3s2_064053_03.jpg,683,market1501,2
market1501/bounding_box_train/0683_c3s2_064078_01.jpg,683,market1501,2
market1501/bounding_box_train/0683_c3s2_064128_01.jpg,683,market1501,2
market1501/bounding_box_train/0683_c3s2_070278_02.jpg,683,market1501,2
market1501/bounding_box_train/0683_c4s3_062854_01.jpg,683,market1501,3
market1501/bounding_box_train/0683_c4s3_062979_01.jpg,683,market1501,3
market1501/bounding_box_train/0683_c4s3_063004_02.jpg,683,market1501,3
market1501/bounding_box_train/0683_c4s3_063029_02.jpg,683,market1501,3
market1501/bounding_box_train/0683_c4s3_063054_01.jpg,683,market1501,3
market1501/bounding_box_train/0683_c4s3_063079_01.jpg,683,market1501,3
market1501/bounding_box_train/0683_c4s3_063104_02.jpg,683,market1501,3
market1501/bounding_box_train/0683_c4s4_010210_03.jpg,683,market1501,3
market1501/bounding_box_train/0683_c5s2_049430_02.jpg,683,market1501,4
market1501/bounding_box_train/0683_c5s2_049455_02.jpg,683,market1501,4
market1501/bounding_box_train/0683_c5s2_064752_01.jpg,683,market1501,4
market1501/bounding_box_train/0683_c5s2_071202_04.jpg,683,market1501,4
market1501/bounding_box_train/0683_c6s2_043168_01.jpg,683,market1501,5
market1501/bounding_box_train/0683_c6s2_043543_02.jpg,683,market1501,5
market1501/bounding_box_train/0683_c6s2_058093_02.jpg,683,market1501,5
market1501/bounding_box_train/0683_c6s2_058143_01.jpg,683,market1501,5
market1501/bounding_box_train/0683_c6s2_058168_01.jpg,683,market1501,5
market1501/bounding_box_train/0683_c6s2_058243_04.jpg,683,market1501,5
market1501/bounding_box_train/0683_c6s2_064543_02.jpg,683,market1501,5
market1501/bounding_box_train/0683_c6s2_064593_01.jpg,683,market1501,5
market1501/bounding_box_train/0683_c6s2_064643_01.jpg,683,market1501,5
market1501/bounding_box_train/0683_c6s2_064693_02.jpg,683,market1501,5
market1501/bounding_box_train/0685_c1s4_000556_01.jpg,685,market1501,0
market1501/bounding_box_train/0685_c1s4_000581_01.jpg,685,market1501,0
market1501/bounding_box_train/0685_c1s4_000631_01.jpg,685,market1501,0
market1501/bounding_box_train/0685_c3s2_049212_01.jpg,685,market1501,2
market1501/bounding_box_train/0685_c3s2_049237_01.jpg,685,market1501,2
market1501/bounding_box_train/0685_c3s2_049262_01.jpg,685,market1501,2
market1501/bounding_box_train/0685_c3s2_049337_02.jpg,685,market1501,2
market1501/bounding_box_train/0685_c3s2_060778_01.jpg,685,market1501,2
market1501/bounding_box_train/0685_c3s2_060828_01.jpg,685,market1501,2
market1501/bounding_box_train/0685_c4s3_063104_01.jpg,685,market1501,3
market1501/bounding_box_train/0685_c4s3_063129_01.jpg,685,market1501,3
market1501/bounding_box_train/0685_c4s3_063154_01.jpg,685,market1501,3
market1501/bounding_box_train/0685_c4s3_063179_02.jpg,685,market1501,3
market1501/bounding_box_train/0685_c4s3_063204_01.jpg,685,market1501,3
market1501/bounding_box_train/0685_c4s3_063254_01.jpg,685,market1501,3
market1501/bounding_box_train/0685_c4s3_063279_01.jpg,685,market1501,3
market1501/bounding_box_train/0685_c4s3_063304_03.jpg,685,market1501,3
market1501/bounding_box_train/0685_c4s4_000410_01.jpg,685,market1501,3
market1501/bounding_box_train/0685_c4s4_000435_01.jpg,685,market1501,3
market1501/bounding_box_train/0685_c4s4_000460_01.jpg,685,market1501,3
market1501/bounding_box_train/0685_c4s4_000510_01.jpg,685,market1501,3
market1501/bounding_box_train/0685_c5s2_049630_05.jpg,685,market1501,4
market1501/bounding_box_train/0685_c5s2_049655_03.jpg,685,market1501,4
market1501/bounding_box_train/0685_c5s2_049680_02.jpg,685,market1501,4
market1501/bounding_box_train/0685_c5s2_061502_01.jpg,685,market1501,4
market1501/bounding_box_train/0685_c5s2_061552_01.jpg,685,market1501,4
market1501/bounding_box_train/0685_c5s2_061577_01.jpg,685,market1501,4
market1501/bounding_box_train/0685_c5s2_061602_01.jpg,685,market1501,4
market1501/bounding_box_train/0685_c6s2_043368_02.jpg,685,market1501,5
market1501/bounding_box_train/0685_c6s2_043543_01.jpg,685,market1501,5
market1501/bounding_box_train/0685_c6s2_043643_01.jpg,685,market1501,5
market1501/bounding_box_train/0685_c6s2_054868_02.jpg,685,market1501,5
market1501/bounding_box_train/0685_c6s2_054893_01.jpg,685,market1501,5
market1501/bounding_box_train/0685_c6s2_054968_02.jpg,685,market1501,5
market1501/bounding_box_train/0685_c6s2_054993_03.jpg,685,market1501,5
market1501/bounding_box_train/0688_c1s4_009856_03.jpg,688,market1501,0
market1501/bounding_box_train/0688_c1s4_009931_01.jpg,688,market1501,0
market1501/bounding_box_train/0688_c1s4_032081_01.jpg,688,market1501,0
market1501/bounding_box_train/0688_c1s4_032131_01.jpg,688,market1501,0
market1501/bounding_box_train/0688_c2s2_067382_01.jpg,688,market1501,1
market1501/bounding_box_train/0688_c2s2_067482_01.jpg,688,market1501,1
market1501/bounding_box_train/0688_c2s2_067557_01.jpg,688,market1501,1
market1501/bounding_box_train/0688_c2s2_067557_07.jpg,688,market1501,1
market1501/bounding_box_train/0688_c2s2_089582_01.jpg,688,market1501,1
market1501/bounding_box_train/0688_c3s2_064303_03.jpg,688,market1501,2
market1501/bounding_box_train/0688_c3s2_064353_04.jpg,688,market1501,2
market1501/bounding_box_train/0688_c3s2_092678_01.jpg,688,market1501,2
market1501/bounding_box_train/0688_c3s2_092878_01.jpg,688,market1501,2
market1501/bounding_box_train/0688_c4s3_063079_02.jpg,688,market1501,3
market1501/bounding_box_train/0688_c4s3_063229_03.jpg,688,market1501,3
market1501/bounding_box_train/0688_c4s4_032685_01.jpg,688,market1501,3
market1501/bounding_box_train/0688_c4s4_032735_01.jpg,688,market1501,3
market1501/bounding_box_train/0688_c5s2_049630_02.jpg,688,market1501,4
market1501/bounding_box_train/0688_c5s2_093552_01.jpg,688,market1501,4
market1501/bounding_box_train/0688_c5s2_093602_02.jpg,688,market1501,4
market1501/bounding_box_train/0688_c6s2_043368_05.jpg,688,market1501,5
market1501/bounding_box_train/0688_c6s2_043418_02.jpg,688,market1501,5
market1501/bounding_box_train/0688_c6s2_043443_01.jpg,688,market1501,5
market1501/bounding_box_train/0688_c6s2_043443_09.jpg,688,market1501,5
market1501/bounding_box_train/0688_c6s2_058368_01.jpg,688,market1501,5
market1501/bounding_box_train/0688_c6s2_058393_01.jpg,688,market1501,5
market1501/bounding_box_train/0688_c6s2_058418_04.jpg,688,market1501,5
market1501/bounding_box_train/0688_c6s2_058468_03.jpg,688,market1501,5
market1501/bounding_box_train/0701_c2s2_051562_06.jpg,701,market1501,1
market1501/bounding_box_train/0701_c6s2_046218_01.jpg,701,market1501,5
market1501/bounding_box_train/0701_c6s2_046243_03.jpg,701,market1501,5
market1501/bounding_box_train/0701_c6s2_046343_04.jpg,701,market1501,5
market1501/bounding_box_train/0701_c6s2_046368_02.jpg,701,market1501,5
market1501/bounding_box_train/0701_c6s2_048268_03.jpg,701,market1501,5
market1501/bounding_box_train/0701_c6s2_048293_03.jpg,701,market1501,5
market1501/bounding_box_train/0701_c6s2_048393_02.jpg,701,market1501,5
market1501/bounding_box_train/0703_c1s3_069251_01.jpg,703,market1501,0
market1501/bounding_box_train/0703_c1s3_069276_02.jpg,703,market1501,0
market1501/bounding_box_train/0703_c1s4_004631_01.jpg,703,market1501,0
market1501/bounding_box_train/0703_c3s2_054862_02.jpg,703,market1501,2
market1501/bounding_box_train/0703_c3s2_055012_02.jpg,703,market1501,2
market1501/bounding_box_train/0703_c3s2_055037_01.jpg,703,market1501,2
market1501/bounding_box_train/0703_c3s2_064953_05.jpg,703,market1501,2
market1501/bounding_box_train/0703_c3s2_065053_02.jpg,703,market1501,2
market1501/bounding_box_train/0703_c5s2_055355_03.jpg,703,market1501,4
market1501/bounding_box_train/0703_c5s2_055405_01.jpg,703,market1501,4
market1501/bounding_box_train/0703_c5s2_055430_02.jpg,703,market1501,4
market1501/bounding_box_train/0703_c5s2_065652_03.jpg,703,market1501,4
market1501/bounding_box_train/0703_c5s2_065677_01.jpg,703,market1501,4
market1501/bounding_box_train/0703_c5s2_065727_01.jpg,703,market1501,4
market1501/bounding_box_train/0703_c6s2_049168_02.jpg,703,market1501,5
market1501/bounding_box_train/0703_c6s2_049193_02.jpg,703,market1501,5
market1501/bounding_box_train/0703_c6s2_049218_01.jpg,703,market1501,5
market1501/bounding_box_train/0703_c6s2_049243_02.jpg,703,market1501,5
market1501/bounding_box_train/0703_c6s2_059018_01.jpg,703,market1501,5
market1501/bounding_box_train/0703_c6s2_059068_01.jpg,703,market1501,5
market1501/bounding_box_train/0703_c6s2_059118_01.jpg,703,market1501,5
market1501/bounding_box_train/0703_c6s2_059143_01.jpg,703,market1501,5
market1501/bounding_box_train/0707_c1s3_070301_01.jpg,707,market1501,0
market1501/bounding_box_train/0707_c1s3_073106_02.jpg,707,market1501,0
market1501/bounding_box_train/0707_c1s3_073156_01.jpg,707,market1501,0
market1501/bounding_box_train/0707_c2s2_052737_01.jpg,707,market1501,1
market1501/bounding_box_train/0707_c2s2_052737_07.jpg,707,market1501,1
market1501/bounding_box_train/0707_c2s2_052837_01.jpg,707,market1501,1
market1501/bounding_box_train/0707_c2s2_052837_06.jpg,707,market1501,1
market1501/bounding_box_train/0707_c3s2_055987_02.jpg,707,market1501,2
market1501/bounding_box_train/0707_c3s2_056012_01.jpg,707,market1501,2
market1501/bounding_box_train/0707_c3s2_058487_02.jpg,707,market1501,2
market1501/bounding_box_train/0707_c3s2_058512_04.jpg,707,market1501,2
market1501/bounding_box_train/0707_c3s2_058562_01.jpg,707,market1501,2
market1501/bounding_box_train/0707_c3s2_058637_01.jpg,707,market1501,2
market1501/bounding_box_train/0707_c5s2_056405_02.jpg,707,market1501,4
market1501/bounding_box_train/0707_c5s2_059130_02.jpg,707,market1501,4
market1501/bounding_box_train/0707_c5s2_059202_02.jpg,707,market1501,4
market1501/bounding_box_train/0707_c5s2_059202_04.jpg,707,market1501,4
market1501/bounding_box_train/0707_c5s2_059252_02.jpg,707,market1501,4
market1501/bounding_box_train/0707_c5s2_059252_03.jpg,707,market1501,4
market1501/bounding_box_train/0707_c6s2_050193_01.jpg,707,market1501,5
market1501/bounding_box_train/0707_c6s2_050218_01.jpg,707,market1501,5
market1501/bounding_box_train/0707_c6s2_050243_01.jpg,707,market1501,5
market1501/bounding_box_train/0707_c6s2_052543_03.jpg,707,market1501,5
market1501/bounding_box_train/0707_c6s2_052618_02.jpg,707,market1501,5
market1501/bounding_box_train/0707_c6s2_052643_03.jpg,707,market1501,5
market1501/bounding_box_train/0707_c6s2_052693_02.jpg,707,market1501,5
market1501/bounding_box_train/0707_c6s2_052743_01.jpg,707,market1501,5
market1501/bounding_box_train/0707_c6s2_052793_02.jpg,707,market1501,5
market1501/bounding_box_train/0707_c6s2_052818_01.jpg,707,market1501,5
market1501/bounding_box_train/0718_c1s4_000806_01.jpg,718,market1501,0
market1501/bounding_box_train/0718_c1s4_000831_01.jpg,718,market1501,0
market1501/bounding_box_train/0718_c1s4_000856_01.jpg,718,market1501,0
market1501/bounding_box_train/0718_c1s4_013231_02.jpg,718,market1501,0
market1501/bounding_box_train/0718_c2s2_058132_01.jpg,718,market1501,1
market1501/bounding_box_train/0718_c2s2_058282_01.jpg,718,market1501,1
market1501/bounding_box_train/0718_c2s2_058282_08.jpg,718,market1501,1
market1501/bounding_box_train/0718_c2s2_070707_02.jpg,718,market1501,1
market1501/bounding_box_train/0718_c3s2_061478_01.jpg,718,market1501,2
market1501/bounding_box_train/0718_c3s2_061503_02.jpg,718,market1501,2
market1501/bounding_box_train/0718_c3s2_073503_01.jpg,718,market1501,2
market1501/bounding_box_train/0718_c5s2_074252_01.jpg,718,market1501,4
market1501/bounding_box_train/0718_c6s2_055693_02.jpg,718,market1501,5
market1501/bounding_box_train/0718_c6s2_055718_05.jpg,718,market1501,5
market1501/bounding_box_train/0718_c6s2_067618_02.jpg,718,market1501,5
market1501/bounding_box_train/0718_c6s2_067643_02.jpg,718,market1501,5
market1501/bounding_box_train/0729_c1s4_002381_06.jpg,729,market1501,0
market1501/bounding_box_train/0729_c1s4_002406_07.jpg,729,market1501,0
market1501/bounding_box_train/0729_c1s4_002431_03.jpg,729,market1501,0
market1501/bounding_box_train/0729_c1s4_002481_01.jpg,729,market1501,0
market1501/bounding_box_train/0729_c1s4_002506_01.jpg,729,market1501,0
market1501/bounding_box_train/0729_c1s4_026181_01.jpg,729,market1501,0
market1501/bounding_box_train/0729_c1s4_026381_01.jpg,729,market1501,0
market1501/bounding_box_train/0729_c2s2_059432_02.jpg,729,market1501,1
market1501/bounding_box_train/0729_c2s2_059782_02.jpg,729,market1501,1
market1501/bounding_box_train/0729_c2s2_084057_01.jpg,729,market1501,1
market1501/bounding_box_train/0729_c3s2_063028_02.jpg,729,market1501,2
market1501/bounding_box_train/0729_c3s2_063078_01.jpg,729,market1501,2
market1501/bounding_box_train/0729_c3s2_063153_02.jpg,729,market1501,2
market1501/bounding_box_train/0729_c3s2_086553_01.jpg,729,market1501,2
market1501/bounding_box_train/0729_c3s2_086578_01.jpg,729,market1501,2
market1501/bounding_box_train/0729_c3s2_086603_01.jpg,729,market1501,2
market1501/bounding_box_train/0729_c4s4_044010_01.jpg,729,market1501,3
market1501/bounding_box_train/0729_c5s2_063502_02.jpg,729,market1501,4
market1501/bounding_box_train/0729_c5s2_063552_02.jpg,729,market1501,4
market1501/bounding_box_train/0729_c5s2_063577_02.jpg,729,market1501,4
market1501/bounding_box_train/0729_c5s2_063652_01.jpg,729,market1501,4
market1501/bounding_box_train/0729_c5s2_087127_01.jpg,729,market1501,4
market1501/bounding_box_train/0729_c5s2_087127_02.jpg,729,market1501,4
market1501/bounding_box_train/0729_c5s2_087152_01.jpg,729,market1501,4
market1501/bounding_box_train/0729_c5s2_087302_01.jpg,729,market1501,4
market1501/bounding_box_train/0729_c6s2_057268_02.jpg,729,market1501,5
market1501/bounding_box_train/0729_c6s2_057268_08.jpg,729,market1501,5
market1501/bounding_box_train/0729_c6s2_057293_03.jpg,729,market1501,5
market1501/bounding_box_train/0729_c6s2_057318_01.jpg,729,market1501,5
market1501/bounding_box_train/0729_c6s2_057343_03.jpg,729,market1501,5
market1501/bounding_box_train/0729_c6s2_080718_01.jpg,729,market1501,5
market1501/bounding_box_train/0729_c6s2_080768_01.jpg,729,market1501,5
market1501/bounding_box_train/0730_c1s4_002431_07.jpg,730,market1501,0
market1501/bounding_box_train/0730_c1s4_049306_03.jpg,730,market1501,0
market1501/bounding_box_train/0730_c3s2_062878_05.jpg,730,market1501,2
market1501/bounding_box_train/0730_c3s2_063128_05.jpg,730,market1501,2
market1501/bounding_box_train/0730_c3s2_108253_08.jpg,730,market1501,2
market1501/bounding_box_train/0730_c3s2_108378_12.jpg,730,market1501,2
market1501/bounding_box_train/0730_c5s2_063477_05.jpg,730,market1501,4
market1501/bounding_box_train/0730_c5s2_063502_07.jpg,730,market1501,4
market1501/bounding_box_train/0730_c5s2_110327_09.jpg,730,market1501,4
market1501/bounding_box_train/0730_c5s2_110352_04.jpg,730,market1501,4
market1501/bounding_box_train/0730_c6s2_057318_05.jpg,730,market1501,5
market1501/bounding_box_train/0730_c6s2_101618_05.jpg,730,market1501,5
market1501/bounding_box_train/0730_c6s2_101693_08.jpg,730,market1501,5
market1501/bounding_box_train/0730_c6s2_101768_05.jpg,730,market1501,5
market1501/bounding_box_train/0730_c6s2_101818_05.jpg,730,market1501,5
market1501/bounding_box_train/0730_c6s2_101868_03.jpg,730,market1501,5
market1501/bounding_box_train/0730_c6s2_102043_03.jpg,730,market1501,5
market1501/bounding_box_train/0730_c6s2_102043_09.jpg,730,market1501,5
market1501/bounding_box_train/0730_c6s2_102068_04.jpg,730,market1501,5
market1501/bounding_box_train/0730_c6s2_102093_04.jpg,730,market1501,5
market1501/bounding_box_train/0730_c6s2_102118_06.jpg,730,market1501,5
market1501/bounding_box_train/0730_c6s2_102143_03.jpg,730,market1501,5
market1501/bounding_box_train/0730_c6s2_102143_06.jpg,730,market1501,5
market1501/bounding_box_train/0730_c6s2_102643_01.jpg,730,market1501,5
market1501/bounding_box_train/0730_c6s2_102818_04.jpg,730,market1501,5
market1501/bounding_box_train/0730_c6s2_103243_04.jpg,730,market1501,5
market1501/bounding_box_train/0730_c6s2_103393_04.jpg,730,market1501,5
market1501/bounding_box_train/0730_c6s2_103618_05.jpg,730,market1501,5
market1501/bounding_box_train/0734_c2s2_061382_01.jpg,734,market1501,1
market1501/bounding_box_train/0734_c2s2_061407_01.jpg,734,market1501,1
market1501/bounding_box_train/0734_c2s2_061457_01.jpg,734,market1501,1
market1501/bounding_box_train/0734_c2s2_066182_01.jpg,734,market1501,1
market1501/bounding_box_train/0734_c2s2_066207_01.jpg,734,market1501,1
market1501/bounding_box_train/0734_c3s2_064653_07.jpg,734,market1501,2
market1501/bounding_box_train/0734_c3s2_064678_06.jpg,734,market1501,2
market1501/bounding_box_train/0734_c3s2_068928_05.jpg,734,market1501,2
market1501/bounding_box_train/0734_c3s2_068978_05.jpg,734,market1501,2
market1501/bounding_box_train/0734_c6s2_063043_01.jpg,734,market1501,5
market1501/bounding_box_train/0752_c1s4_009256_03.jpg,752,market1501,0
market1501/bounding_box_train/0752_c1s4_009381_02.jpg,752,market1501,0
market1501/bounding_box_train/0752_c3s2_069553_06.jpg,752,market1501,2
market1501/bounding_box_train/0752_c3s2_069728_05.jpg,752,market1501,2
market1501/bounding_box_train/0752_c5s2_070327_06.jpg,752,market1501,4
market1501/bounding_box_train/0752_c5s2_070427_04.jpg,752,market1501,4
market1501/bounding_box_train/0752_c6s2_063818_04.jpg,752,market1501,5
market1501/bounding_box_train/0757_c1s4_011706_01.jpg,757,market1501,0
market1501/bounding_box_train/0757_c1s4_011731_01.jpg,757,market1501,0
market1501/bounding_box_train/0757_c1s4_014406_01.jpg,757,market1501,0
market1501/bounding_box_train/0757_c1s4_014431_01.jpg,757,market1501,0
market1501/bounding_box_train/0757_c2s2_069132_02.jpg,757,market1501,1
market1501/bounding_box_train/0757_c2s2_069157_02.jpg,757,market1501,1
market1501/bounding_box_train/0757_c2s2_069207_01.jpg,757,market1501,1
market1501/bounding_box_train/0757_c2s2_069232_01.jpg,757,market1501,1
market1501/bounding_box_train/0757_c2s2_069257_01.jpg,757,market1501,1
market1501/bounding_box_train/0757_c3s2_072353_01.jpg,757,market1501,2
market1501/bounding_box_train/0757_c3s2_072378_01.jpg,757,market1501,2
market1501/bounding_box_train/0757_c3s2_072403_01.jpg,757,market1501,2
market1501/bounding_box_train/0757_c3s2_074753_02.jpg,757,market1501,2
market1501/bounding_box_train/0757_c3s2_074803_01.jpg,757,market1501,2
market1501/bounding_box_train/0757_c5s2_075377_04.jpg,757,market1501,4
market1501/bounding_box_train/0757_c5s2_075402_02.jpg,757,market1501,4
market1501/bounding_box_train/0757_c6s2_066618_03.jpg,757,market1501,5
market1501/bounding_box_train/0757_c6s2_066643_02.jpg,757,market1501,5
market1501/bounding_box_train/0757_c6s2_066668_02.jpg,757,market1501,5
market1501/bounding_box_train/0757_c6s2_066693_02.jpg,757,market1501,5
market1501/bounding_box_train/0757_c6s2_066718_01.jpg,757,market1501,5
market1501/bounding_box_train/0757_c6s2_068868_02.jpg,757,market1501,5
market1501/bounding_box_train/0757_c6s2_068893_02.jpg,757,market1501,5
market1501/bounding_box_train/0759_c1s4_012631_02.jpg,759,market1501,0
market1501/bounding_box_train/0759_c1s4_012656_01.jpg,759,market1501,0
market1501/bounding_box_train/0759_c1s4_037806_02.jpg,759,market1501,0
market1501/bounding_box_train/0759_c1s4_037856_02.jpg,759,market1501,0
market1501/bounding_box_train/0759_c1s4_037881_03.jpg,759,market1501,0
market1501/bounding_box_train/0759_c2s2_070057_02.jpg,759,market1501,1
market1501/bounding_box_train/0759_c2s2_070107_01.jpg,759,market1501,1
market1501/bounding_box_train/0759_c2s2_070207_02.jpg,759,market1501,1
market1501/bounding_box_train/0759_c2s2_095357_01.jpg,759,market1501,1
market1501/bounding_box_train/0759_c3s2_073278_01.jpg,759,market1501,2
market1501/bounding_box_train/0759_c3s2_073303_01.jpg,759,market1501,2
market1501/bounding_box_train/0759_c3s2_073328_01.jpg,759,market1501,2
market1501/bounding_box_train/0759_c3s2_098103_01.jpg,759,market1501,2
market1501/bounding_box_train/0759_c3s2_098128_01.jpg,759,market1501,2
market1501/bounding_box_train/0759_c5s2_073752_01.jpg,759,market1501,4
market1501/bounding_box_train/0759_c5s2_098552_02.jpg,759,market1501,4
market1501/bounding_box_train/0759_c5s2_098602_03.jpg,759,market1501,4
market1501/bounding_box_train/0759_c5s2_098627_02.jpg,759,market1501,4
market1501/bounding_box_train/0759_c5s2_098802_03.jpg,759,market1501,4
market1501/bounding_box_train/0759_c6s2_067493_02.jpg,759,market1501,5
market1501/bounding_box_train/0759_c6s2_067518_01.jpg,759,market1501,5
market1501/bounding_box_train/0759_c6s2_067543_01.jpg,759,market1501,5
market1501/bounding_box_train/0759_c6s2_092193_01.jpg,759,market1501,5
market1501/bounding_box_train/0759_c6s2_092218_03.jpg,759,market1501,5
market1501/bounding_box_train/0759_c6s2_092268_06.jpg,759,market1501,5
market1501/bounding_box_train/0076_c1s1_011501_04.jpg,76,market1501,0
market1501/bounding_box_train/0076_c1s1_011551_03.jpg,76,market1501,0
market1501/bounding_box_train/0076_c1s1_018376_02.jpg,76,market1501,0
market1501/bounding_box_train/0076_c1s1_018401_01.jpg,76,market1501,0
market1501/bounding_box_train/0076_c1s1_018451_01.jpg,76,market1501,0
market1501/bounding_box_train/0076_c1s1_019001_01.jpg,76,market1501,0
market1501/bounding_box_train/0076_c1s1_019051_01.jpg,76,market1501,0
market1501/bounding_box_train/0076_c1s1_053026_02.jpg,76,market1501,0
market1501/bounding_box_train/0076_c1s1_053126_01.jpg,76,market1501,0
market1501/bounding_box_train/0076_c1s1_062831_01.jpg,76,market1501,0
market1501/bounding_box_train/0076_c2s1_017826_04.jpg,76,market1501,1
market1501/bounding_box_train/0076_c3s1_010901_02.jpg,76,market1501,2
market1501/bounding_box_train/0076_c3s1_010926_02.jpg,76,market1501,2
market1501/bounding_box_train/0076_c3s1_018601_01.jpg,76,market1501,2
market1501/bounding_box_train/0076_c4s1_052726_01.jpg,76,market1501,3
market1501/bounding_box_train/0076_c4s1_052751_02.jpg,76,market1501,3
market1501/bounding_box_train/0076_c4s1_052776_02.jpg,76,market1501,3
market1501/bounding_box_train/0076_c5s1_011476_01.jpg,76,market1501,4
market1501/bounding_box_train/0076_c5s1_011501_03.jpg,76,market1501,4
market1501/bounding_box_train/0076_c5s1_011526_01.jpg,76,market1501,4
market1501/bounding_box_train/0076_c5s1_018451_04.jpg,76,market1501,4
market1501/bounding_box_train/0076_c5s1_018976_01.jpg,76,market1501,4
market1501/bounding_box_train/0076_c5s1_019001_01.jpg,76,market1501,4
market1501/bounding_box_train/0076_c5s1_019051_01.jpg,76,market1501,4
market1501/bounding_box_train/0076_c5s1_052926_04.jpg,76,market1501,4
market1501/bounding_box_train/0076_c6s1_011451_04.jpg,76,market1501,5
market1501/bounding_box_train/0076_c6s1_011476_06.jpg,76,market1501,5
market1501/bounding_box_train/0076_c6s1_019026_02.jpg,76,market1501,5
market1501/bounding_box_train/0076_c6s1_019051_01.jpg,76,market1501,5
market1501/bounding_box_train/0076_c6s1_019101_01.jpg,76,market1501,5
market1501/bounding_box_train/0076_c6s1_019101_02.jpg,76,market1501,5
market1501/bounding_box_train/0076_c6s1_019126_01.jpg,76,market1501,5
market1501/bounding_box_train/0076_c6s1_019126_04.jpg,76,market1501,5
market1501/bounding_box_train/0076_c6s1_019176_01.jpg,76,market1501,5
market1501/bounding_box_train/0076_c6s1_019201_01.jpg,76,market1501,5
market1501/bounding_box_train/0076_c6s1_019226_01.jpg,76,market1501,5
market1501/bounding_box_train/0076_c6s1_019226_07.jpg,76,market1501,5
market1501/bounding_box_train/0076_c6s1_019251_01.jpg,76,market1501,5
market1501/bounding_box_train/0076_c6s1_019276_02.jpg,76,market1501,5
market1501/bounding_box_train/0762_c1s4_013456_02.jpg,762,market1501,0
market1501/bounding_box_train/0762_c1s4_037681_02.jpg,762,market1501,0
market1501/bounding_box_train/0762_c1s4_037681_03.jpg,762,market1501,0
market1501/bounding_box_train/0762_c1s4_037856_03.jpg,762,market1501,0
market1501/bounding_box_train/0762_c1s4_037881_01.jpg,762,market1501,0
market1501/bounding_box_train/0762_c2s2_070707_01.jpg,762,market1501,1
market1501/bounding_box_train/0762_c2s2_070707_05.jpg,762,market1501,1
market1501/bounding_box_train/0762_c2s2_070732_01.jpg,762,market1501,1
market1501/bounding_box_train/0762_c2s2_070982_01.jpg,762,market1501,1
market1501/bounding_box_train/0762_c2s2_070982_04.jpg,762,market1501,1
market1501/bounding_box_train/0762_c2s2_095357_02.jpg,762,market1501,1
market1501/bounding_box_train/0762_c2s2_095357_03.jpg,762,market1501,1
market1501/bounding_box_train/0762_c3s2_074278_01.jpg,762,market1501,2
market1501/bounding_box_train/0762_c3s2_074278_02.jpg,762,market1501,2
market1501/bounding_box_train/0762_c3s2_074353_01.jpg,762,market1501,2
market1501/bounding_box_train/0762_c3s2_074403_01.jpg,762,market1501,2
market1501/bounding_box_train/0762_c3s2_097753_01.jpg,762,market1501,2
market1501/bounding_box_train/0762_c3s2_097778_01.jpg,762,market1501,2
market1501/bounding_box_train/0762_c3s2_097878_01.jpg,762,market1501,2
market1501/bounding_box_train/0762_c3s2_097878_02.jpg,762,market1501,2
market1501/bounding_box_train/0762_c5s2_074477_01.jpg,762,market1501,4
market1501/bounding_box_train/0762_c5s2_098302_01.jpg,762,market1501,4
market1501/bounding_box_train/0762_c5s2_098302_02.jpg,762,market1501,4
market1501/bounding_box_train/0762_c5s2_098327_01.jpg,762,market1501,4
market1501/bounding_box_train/0762_c5s2_098327_02.jpg,762,market1501,4
market1501/bounding_box_train/0762_c5s2_098452_01.jpg,762,market1501,4
market1501/bounding_box_train/0762_c5s2_098452_02.jpg,762,market1501,4
market1501/bounding_box_train/0762_c5s2_098577_01.jpg,762,market1501,4
market1501/bounding_box_train/0762_c5s2_098577_04.jpg,762,market1501,4
market1501/bounding_box_train/0762_c6s2_068568_05.jpg,762,market1501,5
market1501/bounding_box_train/0762_c6s2_068593_03.jpg,762,market1501,5
market1501/bounding_box_train/0762_c6s2_068618_02.jpg,762,market1501,5
market1501/bounding_box_train/0762_c6s2_068643_01.jpg,762,market1501,5
market1501/bounding_box_train/0762_c6s2_068693_01.jpg,762,market1501,5
market1501/bounding_box_train/0762_c6s2_091943_02.jpg,762,market1501,5
market1501/bounding_box_train/0762_c6s2_091968_01.jpg,762,market1501,5
market1501/bounding_box_train/0762_c6s2_091968_07.jpg,762,market1501,5
market1501/bounding_box_train/0762_c6s2_092043_02.jpg,762,market1501,5
market1501/bounding_box_train/0762_c6s2_092043_04.jpg,762,market1501,5
market1501/bounding_box_train/0077_c1s1_018726_02.jpg,77,market1501,0
market1501/bounding_box_train/0077_c4s1_010876_01.jpg,77,market1501,3
market1501/bounding_box_train/0077_c4s1_010951_01.jpg,77,market1501,3
market1501/bounding_box_train/0077_c4s1_011001_02.jpg,77,market1501,3
market1501/bounding_box_train/0077_c4s1_018376_01.jpg,77,market1501,3
market1501/bounding_box_train/0077_c4s1_018401_01.jpg,77,market1501,3
market1501/bounding_box_train/0077_c4s1_018426_03.jpg,77,market1501,3
market1501/bounding_box_train/0779_c2s2_078157_05.jpg,779,market1501,1
market1501/bounding_box_train/0779_c2s2_078232_03.jpg,779,market1501,1
market1501/bounding_box_train/0779_c2s2_124952_10.jpg,779,market1501,1
market1501/bounding_box_train/0779_c2s2_124977_08.jpg,779,market1501,1
market1501/bounding_box_train/0779_c2s2_125102_02.jpg,779,market1501,1
market1501/bounding_box_train/0779_c3s2_081553_04.jpg,779,market1501,2
market1501/bounding_box_train/0779_c3s2_127969_06.jpg,779,market1501,2
market1501/bounding_box_train/0779_c5s2_081802_04.jpg,779,market1501,4
market1501/bounding_box_train/0779_c5s2_128699_05.jpg,779,market1501,4
market1501/bounding_box_train/0779_c6s2_075793_04.jpg,779,market1501,5
market1501/bounding_box_train/0779_c6s2_075818_02.jpg,779,market1501,5
market1501/bounding_box_train/0779_c6s2_075893_03.jpg,779,market1501,5
market1501/bounding_box_train/0779_c6s2_121743_04.jpg,779,market1501,5
market1501/bounding_box_train/0779_c6s2_121768_03.jpg,779,market1501,5
market1501/bounding_box_train/0779_c6s2_121818_06.jpg,779,market1501,5
market1501/bounding_box_train/0782_c2s2_077407_02.jpg,782,market1501,1
market1501/bounding_box_train/0782_c2s2_077482_02.jpg,782,market1501,1
market1501/bounding_box_train/0782_c3s2_080703_02.jpg,782,market1501,2
market1501/bounding_box_train/0782_c3s2_080753_01.jpg,782,market1501,2
market1501/bounding_box_train/0782_c5s2_081002_04.jpg,782,market1501,4
market1501/bounding_box_train/0785_c1s4_021506_01.jpg,785,market1501,0
market1501/bounding_box_train/0785_c1s4_021581_02.jpg,785,market1501,0
market1501/bounding_box_train/0785_c1s4_021631_02.jpg,785,market1501,0
market1501/bounding_box_train/0785_c1s4_021631_04.jpg,785,market1501,0
market1501/bounding_box_train/0785_c1s4_040731_01.jpg,785,market1501,0
market1501/bounding_box_train/0785_c1s4_040781_01.jpg,785,market1501,0
market1501/bounding_box_train/0785_c1s4_040856_01.jpg,785,market1501,0
market1501/bounding_box_train/0785_c3s2_082128_01.jpg,785,market1501,2
market1501/bounding_box_train/0785_c3s2_082153_02.jpg,785,market1501,2
market1501/bounding_box_train/0785_c3s2_082178_04.jpg,785,market1501,2
market1501/bounding_box_train/0785_c3s2_082253_02.jpg,785,market1501,2
market1501/bounding_box_train/0785_c3s2_101078_04.jpg,785,market1501,2
market1501/bounding_box_train/0785_c3s2_101178_01.jpg,785,market1501,2
market1501/bounding_box_train/0785_c5s2_082552_01.jpg,785,market1501,4
market1501/bounding_box_train/0785_c5s2_082552_04.jpg,785,market1501,4
market1501/bounding_box_train/0785_c5s2_082627_01.jpg,785,market1501,4
market1501/bounding_box_train/0785_c5s2_082627_03.jpg,785,market1501,4
market1501/bounding_box_train/0785_c5s2_082677_01.jpg,785,market1501,4
market1501/bounding_box_train/0785_c5s2_082727_01.jpg,785,market1501,4
market1501/bounding_box_train/0785_c5s2_082727_02.jpg,785,market1501,4
market1501/bounding_box_train/0785_c5s2_101752_03.jpg,785,market1501,4
market1501/bounding_box_train/0785_c5s2_101802_01.jpg,785,market1501,4
market1501/bounding_box_train/0785_c5s2_101802_05.jpg,785,market1501,4
market1501/bounding_box_train/0785_c5s2_101927_01.jpg,785,market1501,4
market1501/bounding_box_train/0785_c6s2_076218_01.jpg,785,market1501,5
market1501/bounding_box_train/0785_c6s2_076243_01.jpg,785,market1501,5
market1501/bounding_box_train/0785_c6s2_076268_01.jpg,785,market1501,5
market1501/bounding_box_train/0785_c6s2_076293_01.jpg,785,market1501,5
market1501/bounding_box_train/0785_c6s2_076293_04.jpg,785,market1501,5
market1501/bounding_box_train/0785_c6s2_076318_01.jpg,785,market1501,5
market1501/bounding_box_train/0785_c6s2_076318_03.jpg,785,market1501,5
market1501/bounding_box_train/0785_c6s2_076343_01.jpg,785,market1501,5
market1501/bounding_box_train/0785_c6s2_076393_01.jpg,785,market1501,5
market1501/bounding_box_train/0785_c6s2_076418_01.jpg,785,market1501,5
market1501/bounding_box_train/0785_c6s2_095193_02.jpg,785,market1501,5
market1501/bounding_box_train/0785_c6s2_095218_01.jpg,785,market1501,5
market1501/bounding_box_train/0785_c6s2_095243_02.jpg,785,market1501,5
market1501/bounding_box_train/0785_c6s2_095318_01.jpg,785,market1501,5
market1501/bounding_box_train/0795_c1s4_028881_04.jpg,795,market1501,0
market1501/bounding_box_train/0795_c1s4_062561_04.jpg,795,market1501,0
market1501/bounding_box_train/0795_c2s2_086307_01.jpg,795,market1501,1
market1501/bounding_box_train/0795_c2s2_086332_01.jpg,795,market1501,1
market1501/bounding_box_train/0795_c2s2_120027_02.jpg,795,market1501,1
market1501/bounding_box_train/0795_c2s2_120127_01.jpg,795,market1501,1
market1501/bounding_box_train/0795_c3s2_089603_03.jpg,795,market1501,2
market1501/bounding_box_train/0795_c3s2_089628_02.jpg,795,market1501,2
market1501/bounding_box_train/0795_c3s2_089653_04.jpg,795,market1501,2
market1501/bounding_box_train/0795_c3s2_122719_04.jpg,795,market1501,2
market1501/bounding_box_train/0795_c5s2_089852_03.jpg,795,market1501,4
market1501/bounding_box_train/0795_c5s2_089927_03.jpg,795,market1501,4
market1501/bounding_box_train/0795_c6s2_083868_02.jpg,795,market1501,5
market1501/bounding_box_train/0795_c6s2_116818_02.jpg,795,market1501,5
market1501/bounding_box_train/0795_c6s2_116868_03.jpg,795,market1501,5
market1501/bounding_box_train/0802_c2s2_091032_01.jpg,802,market1501,1
market1501/bounding_box_train/0802_c2s2_091082_01.jpg,802,market1501,1
market1501/bounding_box_train/0802_c3s2_093628_01.jpg,802,market1501,2
market1501/bounding_box_train/0802_c4s4_030460_01.jpg,802,market1501,3
market1501/bounding_box_train/0802_c4s4_030485_01.jpg,802,market1501,3
market1501/bounding_box_train/0802_c4s4_030510_01.jpg,802,market1501,3
market1501/bounding_box_train/0802_c4s4_030535_01.jpg,802,market1501,3
market1501/bounding_box_train/0802_c4s4_030535_02.jpg,802,market1501,3
market1501/bounding_box_train/0802_c4s4_030610_01.jpg,802,market1501,3
market1501/bounding_box_train/0802_c4s4_030635_02.jpg,802,market1501,3
market1501/bounding_box_train/0802_c4s4_030685_01.jpg,802,market1501,3
market1501/bounding_box_train/0802_c4s4_045060_01.jpg,802,market1501,3
market1501/bounding_box_train/0802_c4s4_045085_01.jpg,802,market1501,3
market1501/bounding_box_train/0802_c4s4_045235_02.jpg,802,market1501,3
market1501/bounding_box_train/0081_c1s1_013176_01.jpg,81,market1501,0
market1501/bounding_box_train/0081_c1s1_013226_03.jpg,81,market1501,0
market1501/bounding_box_train/0081_c1s1_013476_03.jpg,81,market1501,0
market1501/bounding_box_train/0081_c1s1_013626_01.jpg,81,market1501,0
market1501/bounding_box_train/0081_c1s5_014111_02.jpg,81,market1501,0
market1501/bounding_box_train/0081_c1s5_014136_05.jpg,81,market1501,0
market1501/bounding_box_train/0081_c1s5_059141_01.jpg,81,market1501,0
market1501/bounding_box_train/0081_c1s5_059166_02.jpg,81,market1501,0
market1501/bounding_box_train/0081_c1s5_059191_03.jpg,81,market1501,0
market1501/bounding_box_train/0081_c1s5_064216_01.jpg,81,market1501,0
market1501/bounding_box_train/0081_c1s5_064241_01.jpg,81,market1501,0
market1501/bounding_box_train/0081_c2s1_012376_01.jpg,81,market1501,1
market1501/bounding_box_train/0081_c2s2_146652_07.jpg,81,market1501,1
market1501/bounding_box_train/0081_c2s3_026607_05.jpg,81,market1501,1
market1501/bounding_box_train/0081_c3s1_012576_03.jpg,81,market1501,2
market1501/bounding_box_train/0081_c3s1_013001_01.jpg,81,market1501,2
market1501/bounding_box_train/0081_c3s1_013051_02.jpg,81,market1501,2
market1501/bounding_box_train/0081_c3s1_013076_01.jpg,81,market1501,2
market1501/bounding_box_train/0081_c3s2_149294_03.jpg,81,market1501,2
market1501/bounding_box_train/0081_c3s2_149319_04.jpg,81,market1501,2
market1501/bounding_box_train/0081_c3s2_149394_03.jpg,81,market1501,2
market1501/bounding_box_train/0081_c3s2_149469_05.jpg,81,market1501,2
market1501/bounding_box_train/0081_c3s3_033028_05.jpg,81,market1501,2
market1501/bounding_box_train/0081_c3s3_033078_03.jpg,81,market1501,2
market1501/bounding_box_train/0081_c3s3_037753_01.jpg,81,market1501,2
market1501/bounding_box_train/0081_c3s3_037778_05.jpg,81,market1501,2
market1501/bounding_box_train/0081_c4s1_013651_01.jpg,81,market1501,3
market1501/bounding_box_train/0081_c4s1_013701_02.jpg,81,market1501,3
market1501/bounding_box_train/0081_c4s1_013776_01.jpg,81,market1501,3
market1501/bounding_box_train/0081_c4s5_013329_02.jpg,81,market1501,3
market1501/bounding_box_train/0081_c4s5_013354_04.jpg,81,market1501,3
market1501/bounding_box_train/0081_c4s5_059485_02.jpg,81,market1501,3
market1501/bounding_box_train/0081_c4s5_063535_01.jpg,81,market1501,3
market1501/bounding_box_train/0081_c4s5_063610_01.jpg,81,market1501,3
market1501/bounding_box_train/0081_c4s5_063635_01.jpg,81,market1501,3
market1501/bounding_box_train/0081_c5s1_013551_01.jpg,81,market1501,4
market1501/bounding_box_train/0081_c5s1_013651_01.jpg,81,market1501,4
market1501/bounding_box_train/0081_c5s1_013726_01.jpg,81,market1501,4
market1501/bounding_box_train/0081_c5s1_013776_01.jpg,81,market1501,4
market1501/bounding_box_train/0081_c5s2_149724_03.jpg,81,market1501,4
market1501/bounding_box_train/0081_c5s2_149749_03.jpg,81,market1501,4
market1501/bounding_box_train/0081_c5s3_033615_05.jpg,81,market1501,4
market1501/bounding_box_train/0081_c5s3_033715_04.jpg,81,market1501,4
market1501/bounding_box_train/0081_c5s3_033740_03.jpg,81,market1501,4
market1501/bounding_box_train/0081_c5s3_038090_01.jpg,81,market1501,4
market1501/bounding_box_train/0081_c5s3_038115_01.jpg,81,market1501,4
market1501/bounding_box_train/0081_c5s3_038190_01.jpg,81,market1501,4
market1501/bounding_box_train/0081_c5s3_038290_01.jpg,81,market1501,4
market1501/bounding_box_train/0081_c6s3_011142_02.jpg,81,market1501,5
market1501/bounding_box_train/0081_c6s3_011192_02.jpg,81,market1501,5
market1501/bounding_box_train/0081_c6s3_056792_05.jpg,81,market1501,5
market1501/bounding_box_train/0820_c1s4_041531_01.jpg,820,market1501,0
market1501/bounding_box_train/0820_c1s4_041656_01.jpg,820,market1501,0
market1501/bounding_box_train/0820_c1s4_044181_05.jpg,820,market1501,0
market1501/bounding_box_train/0820_c1s4_044231_07.jpg,820,market1501,0
market1501/bounding_box_train/0820_c3s2_102178_02.jpg,820,market1501,2
market1501/bounding_box_train/0820_c3s2_102203_02.jpg,820,market1501,2
market1501/bounding_box_train/0820_c3s2_102303_02.jpg,820,market1501,2
market1501/bounding_box_train/0820_c3s2_102328_01.jpg,820,market1501,2
market1501/bounding_box_train/0820_c3s2_104403_04.jpg,820,market1501,2
market1501/bounding_box_train/0820_c3s2_104428_05.jpg,820,market1501,2
market1501/bounding_box_train/0820_c3s2_104453_03.jpg,820,market1501,2
market1501/bounding_box_train/0820_c4s4_040135_01.jpg,820,market1501,3
market1501/bounding_box_train/0820_c4s4_040160_01.jpg,820,market1501,3
market1501/bounding_box_train/0820_c4s4_044010_03.jpg,820,market1501,3
market1501/bounding_box_train/0820_c4s4_044110_01.jpg,820,market1501,3
market1501/bounding_box_train/0820_c4s4_044185_05.jpg,820,market1501,3
market1501/bounding_box_train/0820_c4s4_044985_01.jpg,820,market1501,3
market1501/bounding_box_train/0820_c4s4_044985_03.jpg,820,market1501,3
market1501/bounding_box_train/0820_c4s4_045210_03.jpg,820,market1501,3
market1501/bounding_box_train/0820_c5s2_102527_04.jpg,820,market1501,4
market1501/bounding_box_train/0820_c5s2_105127_04.jpg,820,market1501,4
market1501/bounding_box_train/0820_c5s2_105202_03.jpg,820,market1501,4
market1501/bounding_box_train/0820_c5s2_105202_04.jpg,820,market1501,4
market1501/bounding_box_train/0820_c5s2_105227_08.jpg,820,market1501,4
market1501/bounding_box_train/0820_c5s2_105252_05.jpg,820,market1501,4
market1501/bounding_box_train/0820_c6s2_096218_01.jpg,820,market1501,5
market1501/bounding_box_train/0820_c6s2_096293_01.jpg,820,market1501,5
market1501/bounding_box_train/0820_c6s2_096293_07.jpg,820,market1501,5
market1501/bounding_box_train/0820_c6s2_096318_01.jpg,820,market1501,5
market1501/bounding_box_train/0820_c6s2_096393_02.jpg,820,market1501,5
market1501/bounding_box_train/0820_c6s2_096443_01.jpg,820,market1501,5
market1501/bounding_box_train/0820_c6s2_096468_02.jpg,820,market1501,5
market1501/bounding_box_train/0820_c6s2_096518_01.jpg,820,market1501,5
market1501/bounding_box_train/0820_c6s2_096543_01.jpg,820,market1501,5
market1501/bounding_box_train/0820_c6s2_096568_05.jpg,820,market1501,5
market1501/bounding_box_train/0820_c6s2_096618_03.jpg,820,market1501,5
market1501/bounding_box_train/0820_c6s2_098068_03.jpg,820,market1501,5
market1501/bounding_box_train/0820_c6s2_098268_04.jpg,820,market1501,5
market1501/bounding_box_train/0820_c6s2_098393_02.jpg,820,market1501,5
market1501/bounding_box_train/0820_c6s2_098443_02.jpg,820,market1501,5
market1501/bounding_box_train/0820_c6s2_098593_10.jpg,820,market1501,5
market1501/bounding_box_train/0821_c2s2_099407_01.jpg,821,market1501,1
market1501/bounding_box_train/0821_c2s2_099432_01.jpg,821,market1501,1
market1501/bounding_box_train/0821_c3s2_102178_01.jpg,821,market1501,2
market1501/bounding_box_train/0821_c3s2_102203_01.jpg,821,market1501,2
market1501/bounding_box_train/0821_c6s2_096218_03.jpg,821,market1501,5
market1501/bounding_box_train/0821_c6s2_096293_02.jpg,821,market1501,5
market1501/bounding_box_train/0821_c6s2_096318_02.jpg,821,market1501,5
market1501/bounding_box_train/0821_c6s2_096318_07.jpg,821,market1501,5
market1501/bounding_box_train/0826_c1s4_043631_04.jpg,826,market1501,0
market1501/bounding_box_train/0826_c1s4_043706_07.jpg,826,market1501,0
market1501/bounding_box_train/0826_c3s2_104303_01.jpg,826,market1501,2
market1501/bounding_box_train/0826_c4s4_043310_02.jpg,826,market1501,3
market1501/bounding_box_train/0826_c4s4_043310_05.jpg,826,market1501,3
market1501/bounding_box_train/0826_c4s4_043385_01.jpg,826,market1501,3
market1501/bounding_box_train/0826_c4s4_043435_01.jpg,826,market1501,3
market1501/bounding_box_train/0826_c5s2_104702_01.jpg,826,market1501,4
market1501/bounding_box_train/0826_c5s2_104727_01.jpg,826,market1501,4
market1501/bounding_box_train/0826_c5s2_104727_06.jpg,826,market1501,4
market1501/bounding_box_train/0826_c6s2_098393_01.jpg,826,market1501,5
market1501/bounding_box_train/0826_c6s2_098443_01.jpg,826,market1501,5
market1501/bounding_box_train/0826_c6s2_098468_01.jpg,826,market1501,5
market1501/bounding_box_train/0826_c6s2_098518_01.jpg,826,market1501,5
market1501/bounding_box_train/0826_c6s2_098568_02.jpg,826,market1501,5
market1501/bounding_box_train/0830_c1s4_044456_03.jpg,830,market1501,0
market1501/bounding_box_train/0830_c1s4_044506_03.jpg,830,market1501,0
market1501/bounding_box_train/0830_c1s4_044556_03.jpg,830,market1501,0
market1501/bounding_box_train/0830_c1s4_044581_03.jpg,830,market1501,0
market1501/bounding_box_train/0830_c1s4_056036_01.jpg,830,market1501,0
market1501/bounding_box_train/0830_c1s4_056086_01.jpg,830,market1501,0
market1501/bounding_box_train/0830_c1s4_056111_02.jpg,830,market1501,0
market1501/bounding_box_train/0830_c1s4_056136_07.jpg,830,market1501,0
market1501/bounding_box_train/0830_c1s4_056711_01.jpg,830,market1501,0
market1501/bounding_box_train/0830_c2s2_113602_02.jpg,830,market1501,1
market1501/bounding_box_train/0830_c2s2_113652_03.jpg,830,market1501,1
market1501/bounding_box_train/0830_c2s2_113927_01.jpg,830,market1501,1
market1501/bounding_box_train/0830_c2s2_114202_01.jpg,830,market1501,1
market1501/bounding_box_train/0830_c3s2_104978_02.jpg,830,market1501,2
market1501/bounding_box_train/0830_c3s2_105078_02.jpg,830,market1501,2
market1501/bounding_box_train/0830_c3s2_105178_03.jpg,830,market1501,2
market1501/bounding_box_train/0830_c3s2_105228_05.jpg,830,market1501,2
market1501/bounding_box_train/0830_c3s2_116319_02.jpg,830,market1501,2
market1501/bounding_box_train/0830_c3s2_116344_04.jpg,830,market1501,2
market1501/bounding_box_train/0830_c3s2_116394_03.jpg,830,market1501,2
market1501/bounding_box_train/0830_c3s2_116394_06.jpg,830,market1501,2
market1501/bounding_box_train/0830_c3s2_116419_01.jpg,830,market1501,2
market1501/bounding_box_train/0830_c3s2_117519_02.jpg,830,market1501,2
market1501/bounding_box_train/0830_c5s2_105477_04.jpg,830,market1501,4
market1501/bounding_box_train/0830_c5s2_105652_04.jpg,830,market1501,4
market1501/bounding_box_train/0830_c5s2_116974_01.jpg,830,market1501,4
market1501/bounding_box_train/0830_c5s2_117799_03.jpg,830,market1501,4
market1501/bounding_box_train/0830_c5s2_117924_03.jpg,830,market1501,4
market1501/bounding_box_train/0830_c5s2_118274_03.jpg,830,market1501,4
market1501/bounding_box_train/0830_c5s2_118349_02.jpg,830,market1501,4
market1501/bounding_box_train/0830_c6s2_099318_03.jpg,830,market1501,5
market1501/bounding_box_train/0830_c6s2_099368_02.jpg,830,market1501,5
market1501/bounding_box_train/0830_c6s2_099368_05.jpg,830,market1501,5
market1501/bounding_box_train/0830_c6s2_099393_02.jpg,830,market1501,5
market1501/bounding_box_train/0830_c6s2_099418_02.jpg,830,market1501,5
market1501/bounding_box_train/0830_c6s2_110443_01.jpg,830,market1501,5
market1501/bounding_box_train/0830_c6s2_110468_01.jpg,830,market1501,5
market1501/bounding_box_train/0830_c6s2_110493_01.jpg,830,market1501,5
market1501/bounding_box_train/0844_c1s4_046931_01.jpg,844,market1501,0
market1501/bounding_box_train/0844_c1s4_047056_01.jpg,844,market1501,0
market1501/bounding_box_train/0844_c1s4_047081_01.jpg,844,market1501,0
market1501/bounding_box_train/0844_c1s4_047081_03.jpg,844,market1501,0
market1501/bounding_box_train/0844_c1s4_047106_02.jpg,844,market1501,0
market1501/bounding_box_train/0844_c2s2_104532_09.jpg,844,market1501,1
market1501/bounding_box_train/0844_c2s2_104557_03.jpg,844,market1501,1
market1501/bounding_box_train/0844_c2s2_104707_02.jpg,844,market1501,1
market1501/bounding_box_train/0844_c3s2_107278_05.jpg,844,market1501,2
market1501/bounding_box_train/0844_c3s2_107328_01.jpg,844,market1501,2
market1501/bounding_box_train/0844_c3s2_107328_11.jpg,844,market1501,2
market1501/bounding_box_train/0844_c5s2_107902_06.jpg,844,market1501,4
market1501/bounding_box_train/0844_c5s2_107952_03.jpg,844,market1501,4
market1501/bounding_box_train/0844_c5s2_108027_03.jpg,844,market1501,4
market1501/bounding_box_train/0844_c6s2_101318_02.jpg,844,market1501,5
market1501/bounding_box_train/0844_c6s2_101368_01.jpg,844,market1501,5
market1501/bounding_box_train/0844_c6s2_101393_01.jpg,844,market1501,5
market1501/bounding_box_train/0855_c1s4_047481_02.jpg,855,market1501,0
market1501/bounding_box_train/0855_c2s2_104882_04.jpg,855,market1501,1
market1501/bounding_box_train/0855_c2s2_104907_06.jpg,855,market1501,1
market1501/bounding_box_train/0855_c3s2_107603_03.jpg,855,market1501,2
market1501/bounding_box_train/0855_c3s2_107653_07.jpg,855,market1501,2
market1501/bounding_box_train/0855_c3s2_107678_09.jpg,855,market1501,2
market1501/bounding_box_train/0891_c2s2_106982_01.jpg,891,market1501,1
market1501/bounding_box_train/0891_c2s2_107082_07.jpg,891,market1501,1
market1501/bounding_box_train/0891_c3s2_109678_09.jpg,891,market1501,2
market1501/bounding_box_train/0891_c3s2_109703_10.jpg,891,market1501,2
market1501/bounding_box_train/0891_c6s2_103793_05.jpg,891,market1501,5
market1501/bounding_box_train/0891_c6s2_103818_06.jpg,891,market1501,5
market1501/bounding_box_train/0904_c1s4_050931_02.jpg,904,market1501,0
market1501/bounding_box_train/0904_c1s4_051006_02.jpg,904,market1501,0
market1501/bounding_box_train/0904_c1s4_051006_06.jpg,904,market1501,0
market1501/bounding_box_train/0904_c2s2_108507_03.jpg,904,market1501,1
market1501/bounding_box_train/0904_c2s2_108682_01.jpg,904,market1501,1
market1501/bounding_box_train/0904_c3s2_111203_03.jpg,904,market1501,2
market1501/bounding_box_train/0904_c3s2_111228_01.jpg,904,market1501,2
market1501/bounding_box_train/0904_c3s2_111278_01.jpg,904,market1501,2
market1501/bounding_box_train/0904_c3s2_111278_07.jpg,904,market1501,2
market1501/bounding_box_train/0904_c5s2_111852_02.jpg,904,market1501,4
market1501/bounding_box_train/0904_c5s2_111877_01.jpg,904,market1501,4
market1501/bounding_box_train/0904_c5s2_111877_04.jpg,904,market1501,4
market1501/bounding_box_train/0904_c6s2_105268_02.jpg,904,market1501,5
market1501/bounding_box_train/0904_c6s2_105293_02.jpg,904,market1501,5
market1501/bounding_box_train/0905_c2s2_109307_04.jpg,905,market1501,1
market1501/bounding_box_train/0905_c2s2_109332_03.jpg,905,market1501,1
market1501/bounding_box_train/0905_c2s2_156352_02.jpg,905,market1501,1
market1501/bounding_box_train/0905_c2s2_156377_02.jpg,905,market1501,1
market1501/bounding_box_train/0905_c2s2_156402_01.jpg,905,market1501,1
market1501/bounding_box_train/0905_c3s2_112053_03.jpg,905,market1501,2
market1501/bounding_box_train/0905_c3s2_112078_02.jpg,905,market1501,2
market1501/bounding_box_train/0905_c6s2_106143_01.jpg,905,market1501,5
market1501/bounding_box_train/0905_c6s2_106168_01.jpg,905,market1501,5
market1501/bounding_box_train/0905_c6s2_106193_02.jpg,905,market1501,5
market1501/bounding_box_train/0905_c6s2_106218_02.jpg,905,market1501,5
market1501/bounding_box_train/0905_c6s3_021542_02.jpg,905,market1501,5
market1501/bounding_box_train/0905_c6s3_021567_01.jpg,905,market1501,5
market1501/bounding_box_train/0905_c6s3_021592_01.jpg,905,market1501,5
market1501/bounding_box_train/0917_c3s2_114569_02.jpg,917,market1501,2
market1501/bounding_box_train/0917_c3s2_114594_03.jpg,917,market1501,2
market1501/bounding_box_train/0917_c4s4_053616_02.jpg,917,market1501,3
market1501/bounding_box_train/0917_c4s4_053641_02.jpg,917,market1501,3
market1501/bounding_box_train/0917_c4s4_053666_03.jpg,917,market1501,3
market1501/bounding_box_train/0917_c4s4_053691_03.jpg,917,market1501,3
market1501/bounding_box_train/0917_c5s2_114974_01.jpg,917,market1501,4
market1501/bounding_box_train/0917_c5s2_115024_01.jpg,917,market1501,4
market1501/bounding_box_train/0917_c6s2_108693_05.jpg,917,market1501,5
market1501/bounding_box_train/0917_c6s2_108793_07.jpg,917,market1501,5
market1501/bounding_box_train/0917_c6s2_108818_04.jpg,917,market1501,5
market1501/bounding_box_train/0093_c1s1_014776_03.jpg,93,market1501,0
market1501/bounding_box_train/0093_c2s1_014176_01.jpg,93,market1501,1
market1501/bounding_box_train/0093_c2s1_014226_01.jpg,93,market1501,1
market1501/bounding_box_train/0093_c3s1_014401_02.jpg,93,market1501,2
market1501/bounding_box_train/0093_c3s1_014451_01.jpg,93,market1501,2
market1501/bounding_box_train/0093_c5s1_014751_01.jpg,93,market1501,4
market1501/bounding_box_train/0093_c6s1_015001_02.jpg,93,market1501,5
market1501/bounding_box_train/0093_c6s1_015026_02.jpg,93,market1501,5
market1501/bounding_box_train/0093_c6s1_015051_02.jpg,93,market1501,5
market1501/bounding_box_train/0093_c6s1_015076_02.jpg,93,market1501,5
market1501/bounding_box_train/0936_c1s4_056861_05.jpg,936,market1501,0
market1501/bounding_box_train/0936_c1s4_056936_02.jpg,936,market1501,0
market1501/bounding_box_train/0936_c3s2_117194_04.jpg,936,market1501,2
market1501/bounding_box_train/0936_c3s2_117219_02.jpg,936,market1501,2
market1501/bounding_box_train/0936_c3s2_117419_01.jpg,936,market1501,2
market1501/bounding_box_train/0936_c5s2_117874_02.jpg,936,market1501,4
market1501/bounding_box_train/0936_c5s2_117899_02.jpg,936,market1501,4
market1501/bounding_box_train/0936_c6s2_111243_01.jpg,936,market1501,5
market1501/bounding_box_train/0936_c6s2_111268_01.jpg,936,market1501,5
market1501/bounding_box_train/0936_c6s2_111318_01.jpg,936,market1501,5
market1501/bounding_box_train/0936_c6s2_111368_01.jpg,936,market1501,5
market1501/bounding_box_train/0936_c6s2_111418_02.jpg,936,market1501,5
market1501/bounding_box_train/0945_c1s4_058161_06.jpg,945,market1501,0
market1501/bounding_box_train/0945_c1s4_058211_02.jpg,945,market1501,0
market1501/bounding_box_train/0945_c2s2_116277_04.jpg,945,market1501,1
market1501/bounding_box_train/0945_c3s2_118344_05.jpg,945,market1501,2
market1501/bounding_box_train/0945_c3s2_118469_01.jpg,945,market1501,2
market1501/bounding_box_train/0945_c3s2_118494_03.jpg,945,market1501,2
market1501/bounding_box_train/0945_c5s2_119049_04.jpg,945,market1501,4
market1501/bounding_box_train/0945_c6s2_112518_04.jpg,945,market1501,5
market1501/bounding_box_train/0945_c6s2_112543_04.jpg,945,market1501,5
market1501/bounding_box_train/0946_c1s4_058161_03.jpg,946,market1501,0
market1501/bounding_box_train/0946_c1s4_058211_07.jpg,946,market1501,0
market1501/bounding_box_train/0946_c1s4_058286_02.jpg,946,market1501,0
market1501/bounding_box_train/0946_c2s2_115802_02.jpg,946,market1501,1
market1501/bounding_box_train/0946_c3s2_118494_06.jpg,946,market1501,2
market1501/bounding_box_train/0946_c5s2_119224_06.jpg,946,market1501,4
market1501/bounding_box_train/0946_c6s2_112543_07.jpg,946,market1501,5
market1501/bounding_box_train/0952_c1s4_059636_04.jpg,952,market1501,0
market1501/bounding_box_train/0952_c3s2_119494_13.jpg,952,market1501,2
market1501/bounding_box_train/0952_c3s2_119544_08.jpg,952,market1501,2
market1501/bounding_box_train/0952_c3s2_119869_03.jpg,952,market1501,2
market1501/bounding_box_train/0952_c3s2_119894_04.jpg,952,market1501,2
market1501/bounding_box_train/0952_c4s4_060066_06.jpg,952,market1501,3
market1501/bounding_box_train/0952_c4s4_060116_05.jpg,952,market1501,3
market1501/bounding_box_train/0952_c4s4_060341_07.jpg,952,market1501,3
market1501/bounding_box_train/0952_c5s2_120574_02.jpg,952,market1501,4
market1501/bounding_box_train/0952_c5s2_120599_02.jpg,952,market1501,4
market1501/bounding_box_train/0952_c5s2_120624_01.jpg,952,market1501,4
market1501/bounding_box_train/0952_c5s2_120724_01.jpg,952,market1501,4
market1501/bounding_box_train/0952_c5s2_120799_01.jpg,952,market1501,4
market1501/bounding_box_train/0952_c5s2_120824_02.jpg,952,market1501,4
market1501/bounding_box_train/0952_c5s2_121224_02.jpg,952,market1501,4
market1501/bounding_box_train/0952_c6s2_114218_06.jpg,952,market1501,5
market1501/bounding_box_train/0952_c6s2_114293_05.jpg,952,market1501,5
market1501/bounding_box_train/0952_c6s2_114343_03.jpg,952,market1501,5
market1501/bounding_box_train/0957_c2s2_117127_07.jpg,957,market1501,1
market1501/bounding_box_train/0957_c2s2_117152_02.jpg,957,market1501,1
market1501/bounding_box_train/0957_c2s2_139452_04.jpg,957,market1501,1
market1501/bounding_box_train/0957_c3s2_120394_11.jpg,957,market1501,2
market1501/bounding_box_train/0957_c3s2_120419_04.jpg,957,market1501,2
market1501/bounding_box_train/0957_c3s2_142119_02.jpg,957,market1501,2
market1501/bounding_box_train/0957_c3s2_142144_03.jpg,957,market1501,2
market1501/bounding_box_train/0957_c5s2_143024_03.jpg,957,market1501,4
market1501/bounding_box_train/0957_c6s3_003917_02.jpg,957,market1501,5
market1501/bounding_box_train/0957_c6s3_003967_03.jpg,957,market1501,5
market1501/bounding_box_train/0957_c6s3_004017_02.jpg,957,market1501,5
market1501/bounding_box_train/0970_c1s4_062336_01.jpg,970,market1501,0
market1501/bounding_box_train/0970_c1s4_062386_01.jpg,970,market1501,0
market1501/bounding_box_train/0970_c1s4_062436_01.jpg,970,market1501,0
market1501/bounding_box_train/0970_c1s4_062536_01.jpg,970,market1501,0
market1501/bounding_box_train/0970_c2s2_119777_01.jpg,970,market1501,1
market1501/bounding_box_train/0970_c2s2_119802_01.jpg,970,market1501,1
market1501/bounding_box_train/0970_c3s2_122944_02.jpg,970,market1501,2
market1501/bounding_box_train/0970_c3s2_123044_04.jpg,970,market1501,2
market1501/bounding_box_train/0970_c4s4_062616_02.jpg,970,market1501,3
market1501/bounding_box_train/0970_c4s4_062691_01.jpg,970,market1501,3
market1501/bounding_box_train/0970_c4s4_062716_02.jpg,970,market1501,3
market1501/bounding_box_train/0970_c5s2_123599_05.jpg,970,market1501,4
market1501/bounding_box_train/0970_c5s2_123724_05.jpg,970,market1501,4
market1501/bounding_box_train/0970_c5s2_123749_02.jpg,970,market1501,4
market1501/bounding_box_train/0970_c6s2_117218_05.jpg,970,market1501,5
market1501/bounding_box_train/0970_c6s2_117243_02.jpg,970,market1501,5
market1501/bounding_box_train/0972_c1s4_064611_02.jpg,972,market1501,0
market1501/bounding_box_train/0972_c2s2_122352_03.jpg,972,market1501,1
market1501/bounding_box_train/0972_c3s2_122819_08.jpg,972,market1501,2
market1501/bounding_box_train/0972_c3s2_123019_02.jpg,972,market1501,2
market1501/bounding_box_train/0972_c3s2_123819_01.jpg,972,market1501,2
market1501/bounding_box_train/0972_c6s2_116943_03.jpg,972,market1501,5
market1501/bounding_box_train/0972_c6s2_116968_04.jpg,972,market1501,5
market1501/bounding_box_train/0972_c6s2_116993_03.jpg,972,market1501,5
market1501/bounding_box_train/0972_c6s2_117043_03.jpg,972,market1501,5
market1501/bounding_box_train/0972_c6s2_117193_02.jpg,972,market1501,5
market1501/bounding_box_train/0975_c1s6_020946_02.jpg,975,market1501,0
market1501/bounding_box_train/0975_c1s6_020996_02.jpg,975,market1501,0
market1501/bounding_box_train/0975_c1s6_021046_01.jpg,975,market1501,0
market1501/bounding_box_train/0975_c1s6_037171_06.jpg,975,market1501,0
market1501/bounding_box_train/0975_c1s6_037221_05.jpg,975,market1501,0
market1501/bounding_box_train/0975_c1s6_037271_07.jpg,975,market1501,0
market1501/bounding_box_train/0975_c3s3_085944_02.jpg,975,market1501,2
market1501/bounding_box_train/0975_c3s3_085969_03.jpg,975,market1501,2
market1501/bounding_box_train/0975_c5s3_086412_07.jpg,975,market1501,4
market1501/bounding_box_train/0975_c5s3_086412_13.jpg,975,market1501,4
market1501/bounding_box_train/0975_c5s3_086437_04.jpg,975,market1501,4
market1501/bounding_box_train/0975_c6s4_012427_03.jpg,975,market1501,5
market1501/bounding_box_train/0975_c6s4_012452_03.jpg,975,market1501,5
market1501/bounding_box_train/0975_c6s4_012502_04.jpg,975,market1501,5
market1501/bounding_box_train/0982_c2s2_122952_04.jpg,982,market1501,1
market1501/bounding_box_train/0982_c2s2_122977_03.jpg,982,market1501,1
market1501/bounding_box_train/0982_c2s2_141652_03.jpg,982,market1501,1
market1501/bounding_box_train/0982_c2s2_141677_02.jpg,982,market1501,1
market1501/bounding_box_train/0982_c3s2_126119_04.jpg,982,market1501,2
market1501/bounding_box_train/0982_c3s2_126194_10.jpg,982,market1501,2
market1501/bounding_box_train/0982_c3s2_144419_01.jpg,982,market1501,2
market1501/bounding_box_train/0982_c6s2_120368_02.jpg,982,market1501,5
market1501/bounding_box_train/0982_c6s2_120393_02.jpg,982,market1501,5
market1501/bounding_box_train/0986_c1s4_064786_04.jpg,986,market1501,0
market1501/bounding_box_train/0986_c2s2_123452_04.jpg,986,market1501,1
market1501/bounding_box_train/0986_c2s2_123602_02.jpg,986,market1501,1
market1501/bounding_box_train/0986_c3s2_125044_01.jpg,986,market1501,2
market1501/bounding_box_train/0986_c5s2_125649_02.jpg,986,market1501,4
market1501/bounding_box_train/0986_c5s2_125874_04.jpg,986,market1501,4
market1501/bounding_box_train/0986_c6s2_118968_02.jpg,986,market1501,5
market1501/bounding_box_train/0986_c6s2_118993_01.jpg,986,market1501,5
market1501/bounding_box_train/0986_c6s2_119093_04.jpg,986,market1501,5
market1501/bounding_box_train/0986_c6s2_119168_02.jpg,986,market1501,5
market1501/bounding_box_train/0986_c6s2_119193_02.jpg,986,market1501,5
market1501/bounding_box_train/0986_c6s2_119268_01.jpg,986,market1501,5
market1501/bounding_box_train/0987_c1s4_064686_01.jpg,987,market1501,0
market1501/bounding_box_train/0987_c1s4_064736_04.jpg,987,market1501,0
market1501/bounding_box_train/0987_c1s4_064786_06.jpg,987,market1501,0
market1501/bounding_box_train/0987_c1s4_065511_02.jpg,987,market1501,0
market1501/bounding_box_train/0987_c1s4_065611_01.jpg,987,market1501,0
market1501/bounding_box_train/0987_c2s2_123077_03.jpg,987,market1501,1
market1501/bounding_box_train/0987_c3s2_125144_03.jpg,987,market1501,2
market1501/bounding_box_train/0987_c3s2_125219_03.jpg,987,market1501,2
market1501/bounding_box_train/0987_c5s2_125774_06.jpg,987,market1501,4
market1501/bounding_box_train/0987_c5s2_125974_04.jpg,987,market1501,4
market1501/bounding_box_train/0987_c6s2_119043_02.jpg,987,market1501,5
market1501/bounding_box_train/0987_c6s2_119068_03.jpg,987,market1501,5
market1501/bounding_box_train/0987_c6s2_119093_03.jpg,987,market1501,5
market1501/bounding_box_train/0987_c6s2_119093_05.jpg,987,market1501,5
market1501/bounding_box_train/0987_c6s2_119143_04.jpg,987,market1501,5
market1501/bounding_box_train/0998_c1s4_068061_01.jpg,998,market1501,0
market1501/bounding_box_train/0998_c1s4_068086_01.jpg,998,market1501,0
market1501/bounding_box_train/0998_c1s5_019211_02.jpg,998,market1501,0
market1501/bounding_box_train/0998_c2s2_125427_01.jpg,998,market1501,1
market1501/bounding_box_train/0998_c2s2_125527_03.jpg,998,market1501,1
market1501/bounding_box_train/0998_c2s2_125552_02.jpg,998,market1501,1
market1501/bounding_box_train/0998_c2s2_151702_03.jpg,998,market1501,1
market1501/bounding_box_train/0998_c3s2_128969_06.jpg,998,market1501,2
market1501/bounding_box_train/0998_c3s2_129094_01.jpg,998,market1501,2
market1501/bounding_box_train/0998_c3s2_154194_01.jpg,998,market1501,2
market1501/bounding_box_train/0998_c3s2_154244_01.jpg,998,market1501,2
market1501/bounding_box_train/0998_c3s2_154294_01.jpg,998,market1501,2
market1501/bounding_box_train/0998_c3s2_154369_02.jpg,998,market1501,2
market1501/bounding_box_train/0998_c5s2_154949_02.jpg,998,market1501,4
market1501/bounding_box_train/0998_c6s2_123293_02.jpg,998,market1501,5
market1501/bounding_box_train/0998_c6s3_016067_04.jpg,998,market1501,5
market1501/bounding_box_train/0998_c6s3_016167_02.jpg,998,market1501,5
market1501/bounding_box_train/0998_c6s3_016217_03.jpg,998,market1501,5
