path,original_pid,source_dataset,camid
iPanda50/00_aibang/00_v001_f000455.jpg,00,ipanda50,0
iPanda50/00_aibang/00_v001_f000765.jpg,00,ipanda50,0
iPanda50/00_aibang/00_v001_f000945.jpg,00,ipanda50,0
iPanda50/00_aibang/00_v002_f000690.jpg,00,ipanda50,1
iPanda50/00_aibang/00_v002_f001250.jpg,00,ipanda50,1
iPanda50/00_aibang/00_v002_f001340.jpg,00,ipanda50,1
iPanda50/00_aibang/00_v002_f001425.jpg,00,ipanda50,1
iPanda50/00_aibang/00_v002_f001500.jpg,00,ipanda50,1
iPanda50/00_aibang/00_v002_f002095.jpg,00,ipanda50,1
iPanda50/00_aibang/00_v002_f002930.jpg,00,ipanda50,1
iPanda50/00_aibang/00_v002_f003980.jpg,00,ipanda50,1
iPanda50/00_aibang/00_v002_f004160.jpg,00,ipanda50,1
iPanda50/00_aibang/00_v003_f000405.jpg,00,ipanda50,2
iPanda50/00_aibang/00_v003_f000440.jpg,00,ipanda50,2
iPanda50/00_aibang/00_v003_f000650.jpg,00,ipanda50,2
iPanda50/00_aibang/00_v003_f002620.jpg,00,ipanda50,2
iPanda50/00_aibang/00_v004_f000100.jpg,00,ipanda50,3
iPanda50/00_aibang/00_v004_f000485.jpg,00,ipanda50,3
iPanda50/00_aibang/00_v005_f000280.jpg,00,ipanda50,4
iPanda50/00_aibang/00_v005_f001295.jpg,00,ipanda50,4
iPanda50/00_aibang/00_v005_f002180.jpg,00,ipanda50,4
iPanda50/00_aibang/00_v006_f000305.jpg,00,ipanda50,5
iPanda50/00_aibang/00_v006_f001225.jpg,00,ipanda50,5
iPanda50/00_aibang/00_v007_f000115.jpg,00,ipanda50,6
iPanda50/00_aibang/00_v007_f003230.jpg,00,ipanda50,6
iPanda50/00_aibang/00_v007_f004345.jpg,00,ipanda50,6
iPanda50/00_aibang/00_v008_f000025.jpg,00,ipanda50,7
iPanda50/00_aibang/00_v008_f000275.jpg,00,ipanda50,7
iPanda50/00_aibang/00_v009_f003120.jpg,00,ipanda50,8
iPanda50/00_aibang/00_v010_f001800.jpg,00,ipanda50,9
iPanda50/00_aibang/00_v010_f003780.jpg,00,ipanda50,9
iPanda50/00_aibang/00_v011_f000600.jpg,00,ipanda50,10
iPanda50/00_aibang/00_v012_f000830.jpg,00,ipanda50,11
iPanda50/00_aibang/00_v013_f000310.jpg,00,ipanda50,12
iPanda50/00_aibang/00_v013_f000695.jpg,00,ipanda50,12
iPanda50/00_aibang/00_v013_f000975.jpg,00,ipanda50,12
iPanda50/00_aibang/00_v014_f000270.jpg,00,ipanda50,13
iPanda50/00_aibang/00_v014_f002070.jpg,00,ipanda50,13
iPanda50/00_aibang/00_v015_f000060.jpg,00,ipanda50,14
iPanda50/00_aibang/00_v015_f002760.jpg,00,ipanda50,14
iPanda50/00_aibang/00_v017_f000510.jpg,00,ipanda50,15
iPanda50/00_aibang/00_v017_f007055.jpg,00,ipanda50,15
iPanda50/00_aibang/00_v018_f000230.jpg,00,ipanda50,16
iPanda50/00_aibang/00_v019_f000195.jpg,00,ipanda50,17
iPanda50/00_aibang/00_v020_f000015.jpg,00,ipanda50,18
iPanda50/00_aibang/00_v020_f000525.jpg,00,ipanda50,18
iPanda50/00_aibang/00_v020_f000990.jpg,00,ipanda50,18
iPanda50/00_aibang/00_v021_f000455.jpg,00,ipanda50,19
iPanda50/00_aibang/00_v021_f001130.jpg,00,ipanda50,19
iPanda50/00_aibang/00_v021_f001515.jpg,00,ipanda50,19
iPanda50/00_aibang/00_v021_f001650.jpg,00,ipanda50,19
iPanda50/00_aibang/00_v021_f002355.jpg,00,ipanda50,19
iPanda50/00_aibang/00_v021_f002550.jpg,00,ipanda50,19
iPanda50/00_aibang/00_v021_f003255.jpg,00,ipanda50,19
iPanda50/00_aibang/00_v021_f003330.jpg,00,ipanda50,19
iPanda50/00_aibang/00_v021_f003605.jpg,00,ipanda50,19
iPanda50/00_aibang/00_v021_f004155.jpg,00,ipanda50,19
iPanda50/00_aibang/00_v021_f004380.jpg,00,ipanda50,19
iPanda50/00_aibang/00_v021_f004505.jpg,00,ipanda50,19
iPanda50/00_aibang/00_v021_f004680.jpg,00,ipanda50,19
iPanda50/00_aibang/00_v021_f004755.jpg,00,ipanda50,19
iPanda50/00_aibang/00_v021_f005270.jpg,00,ipanda50,19
iPanda50/00_aibang/00_v021_f005475.jpg,00,ipanda50,19
iPanda50/00_aibang/00_v021_f005530.jpg,00,ipanda50,19
iPanda50/00_aibang/00_v021_f005875.jpg,00,ipanda50,19
iPanda50/00_aibang/00_v021_f006900.jpg,00,ipanda50,19
iPanda50/00_aibang/00_v021_f007095.jpg,00,ipanda50,19
iPanda50/00_aibang/00_v022_f000445.jpg,00,ipanda50,20
iPanda50/00_aibang/00_v022_f001595.jpg,00,ipanda50,20
iPanda50/00_aibang/00_v024_f000005.jpg,00,ipanda50,21
iPanda50/00_aibang/00_v025_f000325.jpg,00,ipanda50,22
iPanda50/00_aibang/00_v025_f001125.jpg,00,ipanda50,22
iPanda50/00_aibang/00_v026_f001850.jpg,00,ipanda50,23
iPanda50/00_aibang/00_v026_f003850.jpg,00,ipanda50,23
iPanda50/00_aibang/00_v026_f004005.jpg,00,ipanda50,23
iPanda50/00_aibang/00_v026_f004320.jpg,00,ipanda50,23
iPanda50/00_aibang/00_v026_f004575.jpg,00,ipanda50,23
iPanda50/00_aibang/00_v026_f004725.jpg,00,ipanda50,23
iPanda50/00_aibang/00_v027_f000075.jpg,00,ipanda50,24
iPanda50/00_aibang/00_v027_f000230.jpg,00,ipanda50,24
iPanda50/00_aibang/00_v028_f001080.jpg,00,ipanda50,25
iPanda50/00_aibang/00_v028_f001320.jpg,00,ipanda50,25
iPanda50/00_aibang/00_v029_f000170.jpg,00,ipanda50,26
iPanda50/00_aibang/00_v029_f005610.jpg,00,ipanda50,26
iPanda50/00_aibang/00_v029_f005950.jpg,00,ipanda50,26
iPanda50/00_aibang/00_v030_f000005.jpg,00,ipanda50,27
iPanda50/00_aibang/00_v030_f000080.jpg,00,ipanda50,27
iPanda50/00_aibang/00_v030_f000110.jpg,00,ipanda50,27
iPanda50/00_aibang/00_v030_f000165.jpg,00,ipanda50,27
iPanda50/00_aibang/00_v030_f000195.jpg,00,ipanda50,27
iPanda50/00_aibang/00_v030_f000205.jpg,00,ipanda50,27
iPanda50/00_aibang/00_v030_f000335.jpg,00,ipanda50,27
iPanda50/00_aibang/00_v030_f001480.jpg,00,ipanda50,27
iPanda50/00_aibang/00_v030_f002805.jpg,00,ipanda50,27
iPanda50/00_aibang/00_v030_f004605.jpg,00,ipanda50,27
iPanda50/00_aibang/00_v031_f000895.jpg,00,ipanda50,28
iPanda50/00_aibang/00_v032_f000005.jpg,00,ipanda50,29
iPanda50/00_aibang/00_v032_f001450.jpg,00,ipanda50,29
iPanda50/00_aibang/00_v032_f001665.jpg,00,ipanda50,29
iPanda50/00_aibang/00_v033_f000550.jpg,00,ipanda50,30
iPanda50/00_aibang/00_v033_f000830.jpg,00,ipanda50,30
iPanda50/00_aibang/00_v033_f002005.jpg,00,ipanda50,30
iPanda50/00_aibang/00_v034_f000005.jpg,00,ipanda50,31
iPanda50/00_aibang/00_v034_f000030.jpg,00,ipanda50,31
iPanda50/00_aibang/00_v034_f000105.jpg,00,ipanda50,31
iPanda50/00_aibang/00_v034_f000650.jpg,00,ipanda50,31
iPanda50/00_aibang/00_v034_f000755.jpg,00,ipanda50,31
iPanda50/00_aibang/00_v035_f000075.jpg,00,ipanda50,32
iPanda50/00_aibang/00_v038_f001360.jpg,00,ipanda50,33
iPanda50/00_aibang/00_v038_f004505.jpg,00,ipanda50,33
iPanda50/00_aibang/00_v038_f005360.jpg,00,ipanda50,33
iPanda50/00_aibang/00_v039_f002465.jpg,00,ipanda50,34
iPanda50/00_aibang/00_v039_f014875.jpg,00,ipanda50,34
iPanda50/00_aibang/00_v042_f000495.jpg,00,ipanda50,35
iPanda50/00_aibang/00_v042_f000945.jpg,00,ipanda50,35
iPanda50/00_aibang/00_v042_f002790.jpg,00,ipanda50,35
iPanda50/00_aibang/00_v043_f000090.jpg,00,ipanda50,36
iPanda50/00_aibang/00_v043_f000255.jpg,00,ipanda50,36
iPanda50/00_aibang/00_v044_f000625.jpg,00,ipanda50,37
iPanda50/00_aibang/00_v046_f000225.jpg,00,ipanda50,38
iPanda50/00_aibang/00_v047_f000050.jpg,00,ipanda50,39
iPanda50/00_aibang/00_v048_f000735.jpg,00,ipanda50,40
iPanda50/00_aibang/00_v048_f001085.jpg,00,ipanda50,40
iPanda50/00_aibang/00_v049_f000005.jpg,00,ipanda50,41
iPanda50/00_aibang/00_v049_f001810.jpg,00,ipanda50,41
iPanda50/00_aibang/00_v050_f000535.jpg,00,ipanda50,42
iPanda50/00_aibang/00_v051_f000085.jpg,00,ipanda50,43
iPanda50/00_aibang/00_v051_f000140.jpg,00,ipanda50,43
iPanda50/00_aibang/00_v052_f000085.jpg,00,ipanda50,44
iPanda50/00_aibang/00_v052_f001955.jpg,00,ipanda50,44
iPanda50/00_aibang/00_v053_f000270.jpg,00,ipanda50,45
iPanda50/00_aibang/00_v056_f003420.jpg,00,ipanda50,46
iPanda50/00_aibang/00_v057_f000005.jpg,00,ipanda50,47
iPanda50/00_aibang/00_v057_f003460.jpg,00,ipanda50,47
iPanda50/00_aibang/00_v057_f005635.jpg,00,ipanda50,47
iPanda50/00_aibang/00_v058_f000005.jpg,00,ipanda50,48
iPanda50/00_aibang/00_v058_f002890.jpg,00,ipanda50,48
iPanda50/00_aibang/00_v059_f000405.jpg,00,ipanda50,49
iPanda50/00_aibang/00_v060_f000075.jpg,00,ipanda50,50
iPanda50/00_aibang/00_v063_f000005.jpg,00,ipanda50,51
iPanda50/00_aibang/00_v067_f001620.jpg,00,ipanda50,52
iPanda50/00_aibang/00_v071_f001440.jpg,00,ipanda50,53
iPanda50/00_aibang/00_v071_f001620.jpg,00,ipanda50,53
iPanda50/00_aibang/00_v073_f000050.jpg,00,ipanda50,54
iPanda50/00_aibang/00_v073_f002585.jpg,00,ipanda50,54
iPanda50/00_aibang/00_v074_f000720.jpg,00,ipanda50,55
iPanda50/00_aibang/00_v077_f000155.jpg,00,ipanda50,56
iPanda50/00_aibang/00_v077_f001350.jpg,00,ipanda50,56
iPanda50/00_aibang/00_v077_f001455.jpg,00,ipanda50,56
iPanda50/00_aibang/00_v081_f000005.jpg,00,ipanda50,57
iPanda50/00_aibang/00_v081_f000385.jpg,00,ipanda50,57
iPanda50/00_aibang/00_v081_f001580.jpg,00,ipanda50,57
iPanda50/00_aibang/00_v083_f000795.jpg,00,ipanda50,58
iPanda50/00_aibang/00_v084_f000005.jpg,00,ipanda50,59
iPanda50/00_aibang/00_v084_f000095.jpg,00,ipanda50,59
iPanda50/00_aibang/00_v084_f000330.jpg,00,ipanda50,59
iPanda50/00_aibang/00_v084_f000925.jpg,00,ipanda50,59
iPanda50/00_aibang/00_v084_f001005.jpg,00,ipanda50,59
iPanda50/00_aibang/00_v084_f001515.jpg,00,ipanda50,59
iPanda50/00_aibang/00_v084_f002245.jpg,00,ipanda50,59
iPanda50/00_aibang/00_v084_f002540.jpg,00,ipanda50,59
iPanda50/00_aibang/00_v084_f008400.jpg,00,ipanda50,59
iPanda50/00_aibang/00_v084_f010040.jpg,00,ipanda50,59
iPanda50/00_aibang/00_v084_f010270.jpg,00,ipanda50,59
iPanda50/00_aibang/00_v085_f000300.jpg,00,ipanda50,60
iPanda50/00_aibang/00_v085_f002220.jpg,00,ipanda50,60
iPanda50/00_aibang/00_v088_f000450.jpg,00,ipanda50,61
iPanda50/00_aibang/00_v092_f002880.jpg,00,ipanda50,62
iPanda50/00_aibang/00_v093_f000005.jpg,00,ipanda50,63
iPanda50/00_aibang/00_v094_f000005.jpg,00,ipanda50,64
iPanda50/00_aibang/00_v094_f000260.jpg,00,ipanda50,64
iPanda50/00_aibang/00_v094_f001245.jpg,00,ipanda50,64
iPanda50/00_aibang/00_v095_f000060.jpg,00,ipanda50,65
iPanda50/00_aibang/00_v096_f000005.jpg,00,ipanda50,66
iPanda50/00_aibang/00_v098_f000875.jpg,00,ipanda50,67
iPanda50/00_aibang/00_v098_f001190.jpg,00,ipanda50,67
iPanda50/00_aibang/00_v098_f001535.jpg,00,ipanda50,67
iPanda50/00_aibang/00_v098_f004665.jpg,00,ipanda50,67
iPanda50/00_aibang/00_v098_f004765.jpg,00,ipanda50,67
iPanda50/00_aibang/00_v098_f004930.jpg,00,ipanda50,67
iPanda50/00_aibang/00_v098_f005205.jpg,00,ipanda50,67
iPanda50/00_aibang/00_v099_f000125.jpg,00,ipanda50,68
iPanda50/00_aibang/00_v100_f000350.jpg,00,ipanda50,69
iPanda50/00_aibang/00_v109_f000090.jpg,00,ipanda50,70
iPanda50/00_aibang/00_v111_f000005.jpg,00,ipanda50,71
iPanda50/00_aibang/00_v111_f002170.jpg,00,ipanda50,71
iPanda50/00_aibang/00_v111_f002340.jpg,00,ipanda50,71
iPanda50/00_aibang/00_v113_f000050.jpg,00,ipanda50,72
iPanda50/00_aibang/00_v113_f000190.jpg,00,ipanda50,72
iPanda50/00_aibang/00_v116_f000500.jpg,00,ipanda50,73
iPanda50/00_aibang/00_v116_f000885.jpg,00,ipanda50,73
iPanda50/00_aibang/00_v116_f001365.jpg,00,ipanda50,73
iPanda50/00_aibang/00_v117_f000005.jpg,00,ipanda50,74
iPanda50/00_aibang/00_v119_f000740.jpg,00,ipanda50,75
iPanda50/00_aibang/00_v119_f001415.jpg,00,ipanda50,75
iPanda50/00_aibang/00_v125_f000380.jpg,00,ipanda50,76
iPanda50/00_aibang/00_v125_f001370.jpg,00,ipanda50,76
iPanda50/00_aibang/00_v127_f000005.jpg,00,ipanda50,77
iPanda50/00_aibang/00_v127_f001785.jpg,00,ipanda50,77
iPanda50/00_aibang/00_v127_f003270.jpg,00,ipanda50,77
iPanda50/00_aibang/00_v127_f003290.jpg,00,ipanda50,77
iPanda50/00_aibang/00_v127_f003330.jpg,00,ipanda50,77
iPanda50/00_aibang/00_v130_f000050.jpg,00,ipanda50,78
iPanda50/00_aibang/00_v130_f001380.jpg,00,ipanda50,78
iPanda50/00_aibang/00_v133_f000005.jpg,00,ipanda50,79
iPanda50/00_aibang/00_v133_f000100.jpg,00,ipanda50,79
iPanda50/00_aibang/00_v133_f000330.jpg,00,ipanda50,79
iPanda50/00_aibang/00_v133_f000615.jpg,00,ipanda50,79
iPanda50/00_aibang/00_v134_f002055.jpg,00,ipanda50,80
iPanda50/00_aibang/00_v134_f003220.jpg,00,ipanda50,80
iPanda50/00_aibang/00_v134_f003430.jpg,00,ipanda50,80
iPanda50/00_aibang/00_v136_f001020.jpg,00,ipanda50,81
iPanda50/00_aibang/00_v137_f000005.jpg,00,ipanda50,82
iPanda50/00_aibang/00_v137_f000760.jpg,00,ipanda50,82
iPanda50/00_aibang/00_v137_f000805.jpg,00,ipanda50,82
iPanda50/00_aibang/00_v137_f000835.jpg,00,ipanda50,82
iPanda50/00_aibang/00_v137_f002240.jpg,00,ipanda50,82
iPanda50/00_aibang/00_v137_f002555.jpg,00,ipanda50,82
iPanda50/00_aibang/00_v137_f002685.jpg,00,ipanda50,82
iPanda50/00_aibang/00_v137_f002755.jpg,00,ipanda50,82
iPanda50/00_aibang/00_v144_f000005.jpg,00,ipanda50,83
iPanda50/00_aibang/00_v145_f000005.jpg,00,ipanda50,84
iPanda50/00_aibang/00_v146_f000545.jpg,00,ipanda50,85
iPanda50/00_aibang/00_v146_f001360.jpg,00,ipanda50,85
iPanda50/00_aibang/00_v146_f002040.jpg,00,ipanda50,85
iPanda50/00_aibang/00_v148_f000005.jpg,00,ipanda50,86
iPanda50/00_aibang/00_v148_f002425.jpg,00,ipanda50,86
iPanda50/00_aibang/00_v148_f002805.jpg,00,ipanda50,86
iPanda50/00_aibang/00_v150_f001680.jpg,00,ipanda50,87
iPanda50/00_aibang/00_v150_f002485.jpg,00,ipanda50,87
iPanda50/00_aibang/00_v150_f002705.jpg,00,ipanda50,87
iPanda50/00_aibang/00_v150_f003655.jpg,00,ipanda50,87
iPanda50/00_aibang/00_v150_f007385.jpg,00,ipanda50,87
iPanda50/00_aibang/00_v151_f000105.jpg,00,ipanda50,88
iPanda50/00_aibang/00_v151_f001285.jpg,00,ipanda50,88
iPanda50/00_aibang/00_v151_f001395.jpg,00,ipanda50,88
iPanda50/00_aibang/00_v151_f001490.jpg,00,ipanda50,88
iPanda50/00_aibang/00_v151_f003065.jpg,00,ipanda50,88
iPanda50/00_aibang/00_v153_f000725.jpg,00,ipanda50,89
iPanda50/00_aibang/00_v154_f000105.jpg,00,ipanda50,90
iPanda50/00_aibang/00_v154_f002955.jpg,00,ipanda50,90
iPanda50/00_aibang/00_v156_f000075.jpg,00,ipanda50,91
iPanda50/00_aibang/00_v156_f000410.jpg,00,ipanda50,91
iPanda50/00_aibang/00_v156_f000910.jpg,00,ipanda50,91
iPanda50/00_aibang/00_v156_f001065.jpg,00,ipanda50,91
iPanda50/00_aibang/00_v156_f002350.jpg,00,ipanda50,91
iPanda50/00_aibang/00_v159_f003905.jpg,00,ipanda50,92
iPanda50/00_aibang/00_v159_f004605.jpg,00,ipanda50,92
iPanda50/00_aibang/00_v159_f006305.jpg,00,ipanda50,92
iPanda50/00_aibang/00_v159_f006335.jpg,00,ipanda50,92
iPanda50/00_aibang/00_v159_f006405.jpg,00,ipanda50,92
iPanda50/00_aibang/00_v162_f000640.jpg,00,ipanda50,93
iPanda50/00_aibang/00_v162_f001335.jpg,00,ipanda50,93
iPanda50/00_aibang/00_v162_f002190.jpg,00,ipanda50,93
iPanda50/00_aibang/00_v162_f003040.jpg,00,ipanda50,93
iPanda50/00_aibang/00_v162_f003115.jpg,00,ipanda50,93
iPanda50/00_aibang/00_v162_f003455.jpg,00,ipanda50,93
iPanda50/00_aibang/00_v163_f000745.jpg,00,ipanda50,94
iPanda50/00_aibang/00_v163_f000845.jpg,00,ipanda50,94
iPanda50/00_aibang/00_v163_f000955.jpg,00,ipanda50,94
iPanda50/00_aibang/00_v163_f001055.jpg,00,ipanda50,94
iPanda50/02_baolan/02_v001_f000020.jpg,02,ipanda50,784
iPanda50/02_baolan/02_v001_f001315.jpg,02,ipanda50,784
iPanda50/02_baolan/02_v001_f001840.jpg,02,ipanda50,784
iPanda50/02_baolan/02_v001_f002075.jpg,02,ipanda50,784
iPanda50/02_baolan/02_v002_f000425.jpg,02,ipanda50,785
iPanda50/02_baolan/02_v002_f001420.jpg,02,ipanda50,785
iPanda50/02_baolan/02_v003_f000125.jpg,02,ipanda50,786
iPanda50/02_baolan/02_v003_f000235.jpg,02,ipanda50,786
iPanda50/02_baolan/02_v003_f001945.jpg,02,ipanda50,786
iPanda50/02_baolan/02_v004_f000185.jpg,02,ipanda50,787
iPanda50/02_baolan/02_v004_f000605.jpg,02,ipanda50,787
iPanda50/02_baolan/02_v004_f001135.jpg,02,ipanda50,787
iPanda50/02_baolan/02_v004_f001245.jpg,02,ipanda50,787
iPanda50/02_baolan/02_v004_f002200.jpg,02,ipanda50,787
iPanda50/02_baolan/02_v004_f002210.jpg,02,ipanda50,787
iPanda50/02_baolan/02_v004_f002415.jpg,02,ipanda50,787
iPanda50/02_baolan/02_v004_f003755.jpg,02,ipanda50,787
iPanda50/02_baolan/02_v004_f003850.jpg,02,ipanda50,787
iPanda50/02_baolan/02_v005_f003860.jpg,02,ipanda50,788
iPanda50/02_baolan/02_v006_f000005.jpg,02,ipanda50,789
iPanda50/02_baolan/02_v007_f000005.jpg,02,ipanda50,790
iPanda50/02_baolan/02_v007_f000055.jpg,02,ipanda50,790
iPanda50/02_baolan/02_v007_f002140.jpg,02,ipanda50,790
iPanda50/02_baolan/02_v007_f002205.jpg,02,ipanda50,790
iPanda50/02_baolan/02_v007_f031190.jpg,02,ipanda50,790
iPanda50/02_baolan/02_v007_f031305.jpg,02,ipanda50,790
iPanda50/02_baolan/02_v007_f040180.jpg,02,ipanda50,790
iPanda50/02_baolan/02_v008_f000005.jpg,02,ipanda50,791
iPanda50/02_baolan/02_v009_f000005.jpg,02,ipanda50,792
iPanda50/02_baolan/02_v009_f000230.jpg,02,ipanda50,792
iPanda50/02_baolan/02_v009_f000555.jpg,02,ipanda50,792
iPanda50/02_baolan/02_v009_f001195.jpg,02,ipanda50,792
iPanda50/02_baolan/02_v009_f001250.jpg,02,ipanda50,792
iPanda50/02_baolan/02_v009_f001420.jpg,02,ipanda50,792
iPanda50/02_baolan/02_v010_f000005.jpg,02,ipanda50,793
iPanda50/02_baolan/02_v010_f000510.jpg,02,ipanda50,793
iPanda50/02_baolan/02_v010_f001125.jpg,02,ipanda50,793
iPanda50/02_baolan/02_v011_f000805.jpg,02,ipanda50,794
iPanda50/02_baolan/02_v011_f001215.jpg,02,ipanda50,794
iPanda50/02_baolan/02_v011_f001280.jpg,02,ipanda50,794
iPanda50/02_baolan/02_v011_f001315.jpg,02,ipanda50,794
iPanda50/02_baolan/02_v012_f000005.jpg,02,ipanda50,795
iPanda50/02_baolan/02_v013_f000005.jpg,02,ipanda50,796
iPanda50/02_baolan/02_v013_f001085.jpg,02,ipanda50,796
iPanda50/02_baolan/02_v013_f001330.jpg,02,ipanda50,796
iPanda50/02_baolan/02_v013_f001470.jpg,02,ipanda50,796
iPanda50/02_baolan/02_v014_f000130.jpg,02,ipanda50,797
iPanda50/02_baolan/02_v015_f000005.jpg,02,ipanda50,798
iPanda50/02_baolan/02_v015_f000800.jpg,02,ipanda50,798
iPanda50/02_baolan/02_v015_f000890.jpg,02,ipanda50,798
iPanda50/02_baolan/02_v015_f001875.jpg,02,ipanda50,798
iPanda50/02_baolan/02_v015_f001905.jpg,02,ipanda50,798
iPanda50/02_baolan/02_v015_f002215.jpg,02,ipanda50,798
iPanda50/02_baolan/02_v015_f004520.jpg,02,ipanda50,798
iPanda50/02_baolan/02_v015_f004895.jpg,02,ipanda50,798
iPanda50/02_baolan/02_v015_f005250.jpg,02,ipanda50,798
iPanda50/02_baolan/02_v015_f005355.jpg,02,ipanda50,798
iPanda50/02_baolan/02_v015_f005680.jpg,02,ipanda50,798
iPanda50/02_baolan/02_v015_f005705.jpg,02,ipanda50,798
iPanda50/02_baolan/02_v015_f005730.jpg,02,ipanda50,798
iPanda50/02_baolan/02_v015_f005780.jpg,02,ipanda50,798
iPanda50/02_baolan/02_v015_f005820.jpg,02,ipanda50,798
iPanda50/02_baolan/02_v016_f000015.jpg,02,ipanda50,799
iPanda50/02_baolan/02_v016_f000160.jpg,02,ipanda50,799
iPanda50/02_baolan/02_v016_f000720.jpg,02,ipanda50,799
iPanda50/02_baolan/02_v016_f000950.jpg,02,ipanda50,799
iPanda50/02_baolan/02_v017_f000005.jpg,02,ipanda50,800
iPanda50/02_baolan/02_v017_f000095.jpg,02,ipanda50,800
iPanda50/02_baolan/02_v017_f000125.jpg,02,ipanda50,800
iPanda50/02_baolan/02_v017_f000145.jpg,02,ipanda50,800
iPanda50/02_baolan/02_v017_f000280.jpg,02,ipanda50,800
iPanda50/02_baolan/02_v017_f000320.jpg,02,ipanda50,800
iPanda50/02_baolan/02_v017_f000370.jpg,02,ipanda50,800
iPanda50/02_baolan/02_v017_f000565.jpg,02,ipanda50,800
iPanda50/02_baolan/02_v017_f000585.jpg,02,ipanda50,800
iPanda50/02_baolan/02_v017_f000910.jpg,02,ipanda50,800
iPanda50/02_baolan/02_v017_f001290.jpg,02,ipanda50,800
iPanda50/02_baolan/02_v017_f001760.jpg,02,ipanda50,800
iPanda50/02_baolan/02_v017_f001980.jpg,02,ipanda50,800
iPanda50/02_baolan/02_v017_f002175.jpg,02,ipanda50,800
iPanda50/02_baolan/02_v017_f002310.jpg,02,ipanda50,800
iPanda50/02_baolan/02_v017_f002360.jpg,02,ipanda50,800
iPanda50/02_baolan/02_v017_f003000.jpg,02,ipanda50,800
iPanda50/02_baolan/02_v018_f000225.jpg,02,ipanda50,801
iPanda50/02_baolan/02_v018_f000670.jpg,02,ipanda50,801
iPanda50/02_baolan/02_v018_f000995.jpg,02,ipanda50,801
iPanda50/02_baolan/02_v018_f001835.jpg,02,ipanda50,801
iPanda50/02_baolan/02_v018_f002715.jpg,02,ipanda50,801
iPanda50/02_baolan/02_v018_f002745.jpg,02,ipanda50,801
iPanda50/02_baolan/02_v018_f003135.jpg,02,ipanda50,801
iPanda50/02_baolan/02_v018_f003240.jpg,02,ipanda50,801
iPanda50/02_baolan/02_v019_f000005.jpg,02,ipanda50,802
iPanda50/02_baolan/02_v019_f000270.jpg,02,ipanda50,802
iPanda50/02_baolan/02_v019_f000295.jpg,02,ipanda50,802
iPanda50/02_baolan/02_v019_f000360.jpg,02,ipanda50,802
iPanda50/02_baolan/02_v019_f002805.jpg,02,ipanda50,802
iPanda50/02_baolan/02_v019_f003180.jpg,02,ipanda50,802
iPanda50/02_baolan/02_v020_f000005.jpg,02,ipanda50,803
iPanda50/02_baolan/02_v020_f000110.jpg,02,ipanda50,803
iPanda50/02_baolan/02_v020_f000925.jpg,02,ipanda50,803
iPanda50/02_baolan/02_v020_f001250.jpg,02,ipanda50,803
iPanda50/02_baolan/02_v020_f001330.jpg,02,ipanda50,803
iPanda50/02_baolan/02_v020_f001400.jpg,02,ipanda50,803
iPanda50/02_baolan/02_v020_f001420.jpg,02,ipanda50,803
iPanda50/02_baolan/02_v021_f000005.jpg,02,ipanda50,804
iPanda50/02_baolan/02_v021_f000150.jpg,02,ipanda50,804
iPanda50/02_baolan/02_v021_f000755.jpg,02,ipanda50,804
iPanda50/02_baolan/02_v021_f003565.jpg,02,ipanda50,804
iPanda50/02_baolan/02_v022_f000005.jpg,02,ipanda50,805
iPanda50/02_baolan/02_v022_f002300.jpg,02,ipanda50,805
iPanda50/02_baolan/02_v022_f002705.jpg,02,ipanda50,805
iPanda50/02_baolan/02_v022_f004275.jpg,02,ipanda50,805
iPanda50/02_baolan/02_v023_f000005.jpg,02,ipanda50,806
iPanda50/02_baolan/02_v023_f000175.jpg,02,ipanda50,806
iPanda50/02_baolan/02_v024_f000005.jpg,02,ipanda50,807
iPanda50/02_baolan/02_v025_f000005.jpg,02,ipanda50,808
iPanda50/02_baolan/02_v025_f000180.jpg,02,ipanda50,808
iPanda50/02_baolan/02_v025_f000470.jpg,02,ipanda50,808
iPanda50/02_baolan/02_v025_f000510.jpg,02,ipanda50,808
iPanda50/02_baolan/02_v025_f000545.jpg,02,ipanda50,808
iPanda50/02_baolan/02_v025_f000660.jpg,02,ipanda50,808
iPanda50/02_baolan/02_v025_f000805.jpg,02,ipanda50,808
iPanda50/02_baolan/02_v025_f000855.jpg,02,ipanda50,808
iPanda50/02_baolan/02_v025_f001120.jpg,02,ipanda50,808
iPanda50/02_baolan/02_v025_f001285.jpg,02,ipanda50,808
iPanda50/02_baolan/02_v025_f001605.jpg,02,ipanda50,808
iPanda50/02_baolan/02_v025_f003715.jpg,02,ipanda50,808
iPanda50/02_baolan/02_v025_f003735.jpg,02,ipanda50,808
iPanda50/02_baolan/02_v025_f003875.jpg,02,ipanda50,808
iPanda50/02_baolan/02_v026_f000070.jpg,02,ipanda50,809
iPanda50/02_baolan/02_v026_f000465.jpg,02,ipanda50,809
iPanda50/02_baolan/02_v026_f001470.jpg,02,ipanda50,809
iPanda50/02_baolan/02_v026_f001710.jpg,02,ipanda50,809
iPanda50/02_baolan/02_v026_f003065.jpg,02,ipanda50,809
iPanda50/02_baolan/02_v026_f003295.jpg,02,ipanda50,809
iPanda50/02_baolan/02_v026_f005655.jpg,02,ipanda50,809
iPanda50/02_baolan/02_v026_f005880.jpg,02,ipanda50,809
iPanda50/02_baolan/02_v026_f006235.jpg,02,ipanda50,809
iPanda50/02_baolan/02_v027_f000005.jpg,02,ipanda50,810
iPanda50/02_baolan/02_v029_f000005.jpg,02,ipanda50,811
iPanda50/02_baolan/02_v030_f000005.jpg,02,ipanda50,812
iPanda50/02_baolan/02_v030_f000465.jpg,02,ipanda50,812
iPanda50/02_baolan/02_v030_f000750.jpg,02,ipanda50,812
iPanda50/02_baolan/02_v030_f000840.jpg,02,ipanda50,812
iPanda50/02_baolan/02_v030_f000850.jpg,02,ipanda50,812
iPanda50/02_baolan/02_v030_f000935.jpg,02,ipanda50,812
iPanda50/02_baolan/02_v030_f001690.jpg,02,ipanda50,812
iPanda50/02_baolan/02_v030_f002105.jpg,02,ipanda50,812
iPanda50/02_baolan/02_v030_f002230.jpg,02,ipanda50,812
iPanda50/02_baolan/02_v030_f002355.jpg,02,ipanda50,812
iPanda50/02_baolan/02_v030_f002680.jpg,02,ipanda50,812
iPanda50/02_baolan/02_v030_f003070.jpg,02,ipanda50,812
iPanda50/02_baolan/02_v031_f001170.jpg,02,ipanda50,813
iPanda50/02_baolan/02_v031_f001305.jpg,02,ipanda50,813
iPanda50/02_baolan/02_v032_f000005.jpg,02,ipanda50,814
iPanda50/02_baolan/02_v032_f000145.jpg,02,ipanda50,814
iPanda50/02_baolan/02_v032_f000225.jpg,02,ipanda50,814
iPanda50/02_baolan/02_v032_f002610.jpg,02,ipanda50,814
iPanda50/02_baolan/02_v032_f002745.jpg,02,ipanda50,814
iPanda50/02_baolan/02_v033_f000005.jpg,02,ipanda50,815
iPanda50/02_baolan/02_v033_f000360.jpg,02,ipanda50,815
iPanda50/02_baolan/02_v033_f003540.jpg,02,ipanda50,815
iPanda50/02_baolan/02_v034_f000005.jpg,02,ipanda50,816
iPanda50/02_baolan/02_v034_f000850.jpg,02,ipanda50,816
iPanda50/02_baolan/02_v034_f002125.jpg,02,ipanda50,816
iPanda50/02_baolan/02_v035_f000005.jpg,02,ipanda50,817
iPanda50/02_baolan/02_v035_f000150.jpg,02,ipanda50,817
iPanda50/02_baolan/02_v035_f001055.jpg,02,ipanda50,817
iPanda50/02_baolan/02_v035_f001125.jpg,02,ipanda50,817
iPanda50/02_baolan/02_v036_f000005.jpg,02,ipanda50,818
iPanda50/02_baolan/02_v036_f000530.jpg,02,ipanda50,818
iPanda50/02_baolan/02_v036_f000565.jpg,02,ipanda50,818
iPanda50/02_baolan/02_v036_f000720.jpg,02,ipanda50,818
iPanda50/02_baolan/02_v036_f000750.jpg,02,ipanda50,818
iPanda50/02_baolan/02_v036_f000815.jpg,02,ipanda50,818
iPanda50/02_baolan/02_v036_f000945.jpg,02,ipanda50,818
iPanda50/02_baolan/02_v036_f001030.jpg,02,ipanda50,818
iPanda50/02_baolan/02_v036_f001080.jpg,02,ipanda50,818
iPanda50/02_baolan/02_v036_f001720.jpg,02,ipanda50,818
iPanda50/02_baolan/02_v036_f001830.jpg,02,ipanda50,818
iPanda50/02_baolan/02_v036_f002130.jpg,02,ipanda50,818
iPanda50/02_baolan/02_v036_f002560.jpg,02,ipanda50,818
iPanda50/02_baolan/02_v036_f002615.jpg,02,ipanda50,818
iPanda50/02_baolan/02_v036_f002715.jpg,02,ipanda50,818
iPanda50/02_baolan/02_v036_f002950.jpg,02,ipanda50,818
iPanda50/02_baolan/02_v037_f000005.jpg,02,ipanda50,819
iPanda50/06_chengshi/06_v002_f000005.jpg,06,ipanda50,1633
iPanda50/06_chengshi/06_v002_f001025.jpg,06,ipanda50,1633
iPanda50/06_chengshi/06_v002_f001115.jpg,06,ipanda50,1633
iPanda50/06_chengshi/06_v002_f001130.jpg,06,ipanda50,1633
iPanda50/06_chengshi/06_v002_f001505.jpg,06,ipanda50,1633
iPanda50/06_chengshi/06_v002_f001620.jpg,06,ipanda50,1633
iPanda50/06_chengshi/06_v003_f000455.jpg,06,ipanda50,1634
iPanda50/06_chengshi/06_v003_f000555.jpg,06,ipanda50,1634
iPanda50/06_chengshi/06_v005_f000200.jpg,06,ipanda50,1635
iPanda50/06_chengshi/06_v005_f000305.jpg,06,ipanda50,1635
iPanda50/06_chengshi/06_v005_f000505.jpg,06,ipanda50,1635
iPanda50/06_chengshi/06_v005_f000735.jpg,06,ipanda50,1635
iPanda50/06_chengshi/06_v005_f000780.jpg,06,ipanda50,1635
iPanda50/06_chengshi/06_v006_f000005.jpg,06,ipanda50,1636
iPanda50/06_chengshi/06_v006_f000670.jpg,06,ipanda50,1636
iPanda50/06_chengshi/06_v006_f000805.jpg,06,ipanda50,1636
iPanda50/06_chengshi/06_v006_f000920.jpg,06,ipanda50,1636
iPanda50/06_chengshi/06_v007_f000045.jpg,06,ipanda50,1637
iPanda50/06_chengshi/06_v007_f002095.jpg,06,ipanda50,1637
iPanda50/06_chengshi/06_v007_f002120.jpg,06,ipanda50,1637
iPanda50/06_chengshi/06_v009_f000525.jpg,06,ipanda50,1638
iPanda50/06_chengshi/06_v009_f000850.jpg,06,ipanda50,1638
iPanda50/06_chengshi/06_v009_f002750.jpg,06,ipanda50,1638
iPanda50/06_chengshi/06_v010_f000230.jpg,06,ipanda50,1639
iPanda50/06_chengshi/06_v010_f001215.jpg,06,ipanda50,1639
iPanda50/06_chengshi/06_v010_f001240.jpg,06,ipanda50,1639
iPanda50/06_chengshi/06_v010_f001635.jpg,06,ipanda50,1639
iPanda50/06_chengshi/06_v010_f001680.jpg,06,ipanda50,1639
iPanda50/06_chengshi/06_v010_f001735.jpg,06,ipanda50,1639
iPanda50/06_chengshi/06_v014_f000005.jpg,06,ipanda50,1640
iPanda50/06_chengshi/06_v014_f000055.jpg,06,ipanda50,1640
iPanda50/06_chengshi/06_v014_f000445.jpg,06,ipanda50,1640
iPanda50/06_chengshi/06_v014_f000805.jpg,06,ipanda50,1640
iPanda50/06_chengshi/06_v015_f000005.jpg,06,ipanda50,1641
iPanda50/06_chengshi/06_v015_f000420.jpg,06,ipanda50,1641
iPanda50/06_chengshi/06_v015_f000800.jpg,06,ipanda50,1641
iPanda50/06_chengshi/06_v015_f000845.jpg,06,ipanda50,1641
iPanda50/06_chengshi/06_v016_f001285.jpg,06,ipanda50,1642
iPanda50/06_chengshi/06_v016_f001355.jpg,06,ipanda50,1642
iPanda50/06_chengshi/06_v016_f001440.jpg,06,ipanda50,1642
iPanda50/06_chengshi/06_v017_f000005.jpg,06,ipanda50,1643
iPanda50/06_chengshi/06_v017_f000115.jpg,06,ipanda50,1643
iPanda50/06_chengshi/06_v017_f000130.jpg,06,ipanda50,1643
iPanda50/06_chengshi/06_v017_f000145.jpg,06,ipanda50,1643
iPanda50/06_chengshi/06_v017_f000705.jpg,06,ipanda50,1643
iPanda50/06_chengshi/06_v017_f000880.jpg,06,ipanda50,1643
iPanda50/06_chengshi/06_v017_f000940.jpg,06,ipanda50,1643
iPanda50/06_chengshi/06_v017_f001005.jpg,06,ipanda50,1643
iPanda50/06_chengshi/06_v017_f001190.jpg,06,ipanda50,1643
iPanda50/06_chengshi/06_v017_f001300.jpg,06,ipanda50,1643
iPanda50/06_chengshi/06_v017_f001555.jpg,06,ipanda50,1643
iPanda50/06_chengshi/06_v017_f001575.jpg,06,ipanda50,1643
iPanda50/06_chengshi/06_v017_f001640.jpg,06,ipanda50,1643
iPanda50/06_chengshi/06_v017_f001760.jpg,06,ipanda50,1643
iPanda50/06_chengshi/06_v018_f000005.jpg,06,ipanda50,1644
iPanda50/06_chengshi/06_v018_f000905.jpg,06,ipanda50,1644
iPanda50/06_chengshi/06_v018_f001405.jpg,06,ipanda50,1644
iPanda50/06_chengshi/06_v019_f000155.jpg,06,ipanda50,1645
iPanda50/06_chengshi/06_v019_f000210.jpg,06,ipanda50,1645
iPanda50/06_chengshi/06_v019_f000265.jpg,06,ipanda50,1645
iPanda50/06_chengshi/06_v019_f000390.jpg,06,ipanda50,1645
iPanda50/06_chengshi/06_v019_f000465.jpg,06,ipanda50,1645
iPanda50/06_chengshi/06_v020_f000200.jpg,06,ipanda50,1646
iPanda50/06_chengshi/06_v020_f000275.jpg,06,ipanda50,1646
iPanda50/06_chengshi/06_v020_f000840.jpg,06,ipanda50,1646
iPanda50/06_chengshi/06_v020_f001085.jpg,06,ipanda50,1646
iPanda50/06_chengshi/06_v020_f001115.jpg,06,ipanda50,1646
iPanda50/06_chengshi/06_v021_f000015.jpg,06,ipanda50,1647
iPanda50/06_chengshi/06_v021_f000410.jpg,06,ipanda50,1647
iPanda50/06_chengshi/06_v021_f000500.jpg,06,ipanda50,1647
iPanda50/06_chengshi/06_v021_f000525.jpg,06,ipanda50,1647
iPanda50/06_chengshi/06_v021_f000745.jpg,06,ipanda50,1647
iPanda50/06_chengshi/06_v021_f002075.jpg,06,ipanda50,1647
iPanda50/06_chengshi/06_v021_f002160.jpg,06,ipanda50,1647
iPanda50/06_chengshi/06_v021_f002290.jpg,06,ipanda50,1647
iPanda50/06_chengshi/06_v021_f002385.jpg,06,ipanda50,1647
iPanda50/06_chengshi/06_v021_f002455.jpg,06,ipanda50,1647
iPanda50/06_chengshi/06_v021_f002480.jpg,06,ipanda50,1647
iPanda50/06_chengshi/06_v021_f002505.jpg,06,ipanda50,1647
iPanda50/06_chengshi/06_v021_f002880.jpg,06,ipanda50,1647
iPanda50/07_chengshuang/07_1.jpg,07,ipanda50,1648
iPanda50/07_chengshuang/07_1010.jpg,07,ipanda50,1648
iPanda50/07_chengshuang/07_1170.jpg,07,ipanda50,1648
iPanda50/07_chengshuang/07_465.jpg,07,ipanda50,1648
iPanda50/07_chengshuang/07_540.jpg,07,ipanda50,1648
iPanda50/07_chengshuang/07_710.jpg,07,ipanda50,1648
iPanda50/07_chengshuang/07_730.jpg,07,ipanda50,1648
iPanda50/07_chengshuang/07_790.jpg,07,ipanda50,1648
iPanda50/07_chengshuang/07_865.jpg,07,ipanda50,1648
iPanda50/07_chengshuang/07_955.jpg,07,ipanda50,1648
iPanda50/07_chengshuang/07_v002_f000005.jpg,07,ipanda50,1649
iPanda50/07_chengshuang/07_v002_f000360.jpg,07,ipanda50,1649
iPanda50/07_chengshuang/07_v002_f000420.jpg,07,ipanda50,1649
iPanda50/07_chengshuang/07_v002_f000570.jpg,07,ipanda50,1649
iPanda50/07_chengshuang/07_v002_f000860.jpg,07,ipanda50,1649
iPanda50/07_chengshuang/07_v002_f001075.jpg,07,ipanda50,1649
iPanda50/07_chengshuang/07_v002_f001215.jpg,07,ipanda50,1649
iPanda50/07_chengshuang/07_v002_f001275.jpg,07,ipanda50,1649
iPanda50/07_chengshuang/07_v002_f001610.jpg,07,ipanda50,1649
iPanda50/07_chengshuang/07_v002_f001670.jpg,07,ipanda50,1649
iPanda50/07_chengshuang/07_v002_f001840.jpg,07,ipanda50,1649
iPanda50/07_chengshuang/07_v002_f001940.jpg,07,ipanda50,1649
iPanda50/07_chengshuang/07_v002_f002140.jpg,07,ipanda50,1649
iPanda50/07_chengshuang/07_v005_f001500.jpg,07,ipanda50,1650
iPanda50/07_chengshuang/07_v005_f001740.jpg,07,ipanda50,1650
iPanda50/07_chengshuang/07_v005_f001795.jpg,07,ipanda50,1650
iPanda50/07_chengshuang/07_v005_f001860.jpg,07,ipanda50,1650
iPanda50/07_chengshuang/07_v005_f001885.jpg,07,ipanda50,1650
iPanda50/07_chengshuang/07_v005_f002170.jpg,07,ipanda50,1650
iPanda50/07_chengshuang/07_v005_f002200.jpg,07,ipanda50,1650
iPanda50/07_chengshuang/07_v005_f002245.jpg,07,ipanda50,1650
iPanda50/07_chengshuang/07_v005_f002275.jpg,07,ipanda50,1650
iPanda50/07_chengshuang/07_v006_f000220.jpg,07,ipanda50,1651
iPanda50/07_chengshuang/07_v006_f000250.jpg,07,ipanda50,1651
iPanda50/07_chengshuang/07_v006_f000300.jpg,07,ipanda50,1651
iPanda50/07_chengshuang/07_v006_f000320.jpg,07,ipanda50,1651
iPanda50/07_chengshuang/07_v006_f000335.jpg,07,ipanda50,1651
iPanda50/07_chengshuang/07_v006_f000350.jpg,07,ipanda50,1651
iPanda50/07_chengshuang/07_v006_f000360.jpg,07,ipanda50,1651
iPanda50/07_chengshuang/07_v006_f000460.jpg,07,ipanda50,1651
iPanda50/07_chengshuang/07_v006_f000555.jpg,07,ipanda50,1651
iPanda50/07_chengshuang/07_v006_f000630.jpg,07,ipanda50,1651
iPanda50/07_chengshuang/07_v006_f000650.jpg,07,ipanda50,1651
iPanda50/07_chengshuang/07_v006_f000675.jpg,07,ipanda50,1651
iPanda50/07_chengshuang/07_v006_f000820.jpg,07,ipanda50,1651
iPanda50/07_chengshuang/07_v007_f000005.jpg,07,ipanda50,1652
iPanda50/07_chengshuang/07_v007_f000380.jpg,07,ipanda50,1652
iPanda50/07_chengshuang/07_v007_f000885.jpg,07,ipanda50,1652
iPanda50/07_chengshuang/07_v007_f001640.jpg,07,ipanda50,1652
iPanda50/07_chengshuang/07_v007_f001710.jpg,07,ipanda50,1652
iPanda50/07_chengshuang/07_v007_f001890.jpg,07,ipanda50,1652
iPanda50/07_chengshuang/07_v007_f001985.jpg,07,ipanda50,1652
iPanda50/13_jingliang/13_v002_f002460.jpg,13,ipanda50,192
iPanda50/13_jingliang/13_v002_f002520.jpg,13,ipanda50,192
iPanda50/13_jingliang/13_v004_f000060.jpg,13,ipanda50,193
iPanda50/13_jingliang/13_v004_f000135.jpg,13,ipanda50,193
iPanda50/13_jingliang/13_v004_f000180.jpg,13,ipanda50,193
iPanda50/13_jingliang/13_v004_f000300.jpg,13,ipanda50,193
iPanda50/13_jingliang/13_v004_f000950.jpg,13,ipanda50,193
iPanda50/13_jingliang/13_v004_f001485.jpg,13,ipanda50,193
iPanda50/13_jingliang/13_v004_f001565.jpg,13,ipanda50,193
iPanda50/13_jingliang/13_v004_f001610.jpg,13,ipanda50,193
iPanda50/13_jingliang/13_v004_f001655.jpg,13,ipanda50,193
iPanda50/13_jingliang/13_v004_f001825.jpg,13,ipanda50,193
iPanda50/13_jingliang/13_v004_f002105.jpg,13,ipanda50,193
iPanda50/13_jingliang/13_v004_f002160.jpg,13,ipanda50,193
iPanda50/13_jingliang/13_v004_f002245.jpg,13,ipanda50,193
iPanda50/13_jingliang/13_v004_f002755.jpg,13,ipanda50,193
iPanda50/13_jingliang/13_v005_f000015.jpg,13,ipanda50,194
iPanda50/13_jingliang/13_v005_f002495.jpg,13,ipanda50,194
iPanda50/13_jingliang/13_v006_f000240.jpg,13,ipanda50,195
iPanda50/13_jingliang/13_v006_f000600.jpg,13,ipanda50,195
iPanda50/13_jingliang/13_v006_f001425.jpg,13,ipanda50,195
iPanda50/13_jingliang/13_v007_f000005.jpg,13,ipanda50,196
iPanda50/13_jingliang/13_v007_f000735.jpg,13,ipanda50,196
iPanda50/13_jingliang/13_v007_f000905.jpg,13,ipanda50,196
iPanda50/13_jingliang/13_v007_f001370.jpg,13,ipanda50,196
iPanda50/13_jingliang/13_v007_f001505.jpg,13,ipanda50,196
iPanda50/13_jingliang/13_v009_f000005.jpg,13,ipanda50,197
iPanda50/13_jingliang/13_v009_f000340.jpg,13,ipanda50,197
iPanda50/13_jingliang/13_v009_f000490.jpg,13,ipanda50,197
iPanda50/13_jingliang/13_v009_f000520.jpg,13,ipanda50,197
iPanda50/13_jingliang/13_v009_f000600.jpg,13,ipanda50,197
iPanda50/13_jingliang/13_v009_f000895.jpg,13,ipanda50,197
iPanda50/13_jingliang/13_v009_f001255.jpg,13,ipanda50,197
iPanda50/13_jingliang/13_v009_f001365.jpg,13,ipanda50,197
iPanda50/13_jingliang/13_v010_f000040.jpg,13,ipanda50,198
iPanda50/13_jingliang/13_v010_f000150.jpg,13,ipanda50,198
iPanda50/13_jingliang/13_v010_f000205.jpg,13,ipanda50,198
iPanda50/13_jingliang/13_v010_f001000.jpg,13,ipanda50,198
iPanda50/13_jingliang/13_v010_f001115.jpg,13,ipanda50,198
iPanda50/13_jingliang/13_v011_f000005.jpg,13,ipanda50,199
iPanda50/13_jingliang/13_v011_f000575.jpg,13,ipanda50,199
iPanda50/13_jingliang/13_v011_f000740.jpg,13,ipanda50,199
iPanda50/13_jingliang/13_v011_f001010.jpg,13,ipanda50,199
iPanda50/13_jingliang/13_v011_f002900.jpg,13,ipanda50,199
iPanda50/13_jingliang/13_v011_f003570.jpg,13,ipanda50,199
iPanda50/13_jingliang/13_v011_f004285.jpg,13,ipanda50,199
iPanda50/13_jingliang/13_v011_f004460.jpg,13,ipanda50,199
iPanda50/13_jingliang/13_v011_f004705.jpg,13,ipanda50,199
iPanda50/13_jingliang/13_v012_f000005.jpg,13,ipanda50,200
iPanda50/13_jingliang/13_v012_f000355.jpg,13,ipanda50,200
iPanda50/13_jingliang/13_v012_f001075.jpg,13,ipanda50,200
iPanda50/13_jingliang/13_v012_f001930.jpg,13,ipanda50,200
iPanda50/13_jingliang/13_v012_f004740.jpg,13,ipanda50,200
iPanda50/13_jingliang/13_v013_f000890.jpg,13,ipanda50,201
iPanda50/13_jingliang/13_v013_f000975.jpg,13,ipanda50,201
iPanda50/13_jingliang/13_v013_f001140.jpg,13,ipanda50,201
iPanda50/13_jingliang/13_v013_f001685.jpg,13,ipanda50,201
iPanda50/13_jingliang/13_v013_f001710.jpg,13,ipanda50,201
iPanda50/13_jingliang/13_v013_f001730.jpg,13,ipanda50,201
iPanda50/13_jingliang/13_v013_f001755.jpg,13,ipanda50,201
iPanda50/13_jingliang/13_v013_f001810.jpg,13,ipanda50,201
iPanda50/13_jingliang/13_v013_f001845.jpg,13,ipanda50,201
iPanda50/13_jingliang/13_v013_f001890.jpg,13,ipanda50,201
iPanda50/13_jingliang/13_v013_f001935.jpg,13,ipanda50,201
iPanda50/13_jingliang/13_v016_f000560.jpg,13,ipanda50,202
iPanda50/13_jingliang/13_v016_f000640.jpg,13,ipanda50,202
iPanda50/13_jingliang/13_v016_f001015.jpg,13,ipanda50,202
iPanda50/13_jingliang/13_v018_f000020.jpg,13,ipanda50,203
iPanda50/13_jingliang/13_v018_f000230.jpg,13,ipanda50,203
iPanda50/13_jingliang/13_v018_f000790.jpg,13,ipanda50,203
iPanda50/13_jingliang/13_v019_f000020.jpg,13,ipanda50,204
iPanda50/13_jingliang/13_v019_f000515.jpg,13,ipanda50,204
iPanda50/13_jingliang/13_v019_f000970.jpg,13,ipanda50,204
iPanda50/13_jingliang/13_v019_f002700.jpg,13,ipanda50,204
iPanda50/13_jingliang/13_v021_f000005.jpg,13,ipanda50,205
iPanda50/13_jingliang/13_v021_f000330.jpg,13,ipanda50,205
iPanda50/13_jingliang/13_v021_f000745.jpg,13,ipanda50,205
iPanda50/13_jingliang/13_v023_f000005.jpg,13,ipanda50,206
iPanda50/13_jingliang/13_v023_f001605.jpg,13,ipanda50,206
iPanda50/13_jingliang/13_v023_f001805.jpg,13,ipanda50,206
iPanda50/13_jingliang/13_v023_f001825.jpg,13,ipanda50,206
iPanda50/13_jingliang/13_v023_f001875.jpg,13,ipanda50,206
iPanda50/13_jingliang/13_v023_f001920.jpg,13,ipanda50,206
iPanda50/13_jingliang/13_v023_f001975.jpg,13,ipanda50,206
iPanda50/13_jingliang/13_v023_f002005.jpg,13,ipanda50,206
iPanda50/13_jingliang/13_v023_f002135.jpg,13,ipanda50,206
iPanda50/13_jingliang/13_v023_f002305.jpg,13,ipanda50,206
iPanda50/13_jingliang/13_v023_f002345.jpg,13,ipanda50,206
iPanda50/13_jingliang/13_v023_f002580.jpg,13,ipanda50,206
iPanda50/13_jingliang/13_v023_f004505.jpg,13,ipanda50,206
iPanda50/13_jingliang/13_v023_f005105.jpg,13,ipanda50,206
iPanda50/13_jingliang/13_v023_f005130.jpg,13,ipanda50,206
iPanda50/13_jingliang/13_v023_f005160.jpg,13,ipanda50,206
iPanda50/13_jingliang/13_v023_f005205.jpg,13,ipanda50,206
iPanda50/13_jingliang/13_v023_f005485.jpg,13,ipanda50,206
iPanda50/13_jingliang/13_v023_f005535.jpg,13,ipanda50,206
iPanda50/13_jingliang/13_v024_f000685.jpg,13,ipanda50,207
iPanda50/13_jingliang/13_v024_f000735.jpg,13,ipanda50,207
iPanda50/13_jingliang/13_v024_f000785.jpg,13,ipanda50,207
iPanda50/13_jingliang/13_v024_f000865.jpg,13,ipanda50,207
iPanda50/13_jingliang/13_v024_f000875.jpg,13,ipanda50,207
iPanda50/13_jingliang/13_v024_f000970.jpg,13,ipanda50,207
iPanda50/13_jingliang/13_v024_f001670.jpg,13,ipanda50,207
iPanda50/13_jingliang/13_v024_f001725.jpg,13,ipanda50,207
iPanda50/13_jingliang/13_v024_f001750.jpg,13,ipanda50,207
iPanda50/13_jingliang/13_v024_f002060.jpg,13,ipanda50,207
iPanda50/13_jingliang/13_v024_f002700.jpg,13,ipanda50,207
iPanda50/13_jingliang/13_v024_f002725.jpg,13,ipanda50,207
iPanda50/13_jingliang/13_v024_f003255.jpg,13,ipanda50,207
iPanda50/13_jingliang/13_v025_f001420.jpg,13,ipanda50,208
iPanda50/13_jingliang/13_v025_f001515.jpg,13,ipanda50,208
iPanda50/13_jingliang/13_v025_f001550.jpg,13,ipanda50,208
iPanda50/13_jingliang/13_v025_f001560.jpg,13,ipanda50,208
iPanda50/13_jingliang/13_v025_f001580.jpg,13,ipanda50,208
iPanda50/13_jingliang/13_v025_f001590.jpg,13,ipanda50,208
iPanda50/13_jingliang/13_v025_f001725.jpg,13,ipanda50,208
iPanda50/13_jingliang/13_v025_f001775.jpg,13,ipanda50,208
iPanda50/13_jingliang/13_v025_f002520.jpg,13,ipanda50,208
iPanda50/13_jingliang/13_v025_f002580.jpg,13,ipanda50,208
iPanda50/13_jingliang/13_v025_f002810.jpg,13,ipanda50,208
iPanda50/13_jingliang/13_v025_f003100.jpg,13,ipanda50,208
iPanda50/13_jingliang/13_v025_f003185.jpg,13,ipanda50,208
iPanda50/13_jingliang/13_v026_f000360.jpg,13,ipanda50,209
iPanda50/13_jingliang/13_v026_f002520.jpg,13,ipanda50,209
iPanda50/13_jingliang/13_v026_f002580.jpg,13,ipanda50,209
iPanda50/13_jingliang/13_v026_f002940.jpg,13,ipanda50,209
iPanda50/13_jingliang/13_v027_f000005.jpg,13,ipanda50,210
iPanda50/13_jingliang/13_v027_f000105.jpg,13,ipanda50,210
iPanda50/13_jingliang/13_v027_f000215.jpg,13,ipanda50,210
iPanda50/13_jingliang/13_v027_f000340.jpg,13,ipanda50,210
iPanda50/13_jingliang/13_v027_f000490.jpg,13,ipanda50,210
iPanda50/13_jingliang/13_v027_f000555.jpg,13,ipanda50,210
iPanda50/13_jingliang/13_v027_f000925.jpg,13,ipanda50,210
iPanda50/13_jingliang/13_v027_f001190.jpg,13,ipanda50,210
iPanda50/13_jingliang/13_v027_f001225.jpg,13,ipanda50,210
iPanda50/13_jingliang/13_v027_f002020.jpg,13,ipanda50,210
iPanda50/13_jingliang/13_v029_f000035.jpg,13,ipanda50,211
iPanda50/13_jingliang/13_v029_f000410.jpg,13,ipanda50,211
iPanda50/13_jingliang/13_v029_f000460.jpg,13,ipanda50,211
iPanda50/13_jingliang/13_v029_f004045.jpg,13,ipanda50,211
iPanda50/13_jingliang/13_v030_f000005.jpg,13,ipanda50,212
iPanda50/13_jingliang/13_v030_f000240.jpg,13,ipanda50,212
iPanda50/13_jingliang/13_v030_f000255.jpg,13,ipanda50,212
iPanda50/13_jingliang/13_v030_f000325.jpg,13,ipanda50,212
iPanda50/13_jingliang/13_v030_f000895.jpg,13,ipanda50,212
iPanda50/13_jingliang/13_v030_f001435.jpg,13,ipanda50,212
iPanda50/13_jingliang/13_v039_f000005.jpg,13,ipanda50,213
iPanda50/13_jingliang/13_v039_f001565.jpg,13,ipanda50,213
iPanda50/13_jingliang/13_v039_f001750.jpg,13,ipanda50,213
iPanda50/13_jingliang/13_v045_f000390.jpg,13,ipanda50,214
iPanda50/13_jingliang/13_v045_f000840.jpg,13,ipanda50,214
iPanda50/13_jingliang/13_v045_f002475.jpg,13,ipanda50,214
iPanda50/13_jingliang/13_v045_f002760.jpg,13,ipanda50,214
iPanda50/13_jingliang/13_v047_f000025.jpg,13,ipanda50,215
iPanda50/13_jingliang/13_v047_f000155.jpg,13,ipanda50,215
iPanda50/13_jingliang/13_v047_f000525.jpg,13,ipanda50,215
iPanda50/13_jingliang/13_v048_f001840.jpg,13,ipanda50,216
iPanda50/13_jingliang/13_v048_f001920.jpg,13,ipanda50,216
iPanda50/13_jingliang/13_v048_f002255.jpg,13,ipanda50,216
iPanda50/13_jingliang/13_v048_f002605.jpg,13,ipanda50,216
iPanda50/13_jingliang/13_v048_f002705.jpg,13,ipanda50,216
iPanda50/13_jingliang/13_v048_f002720.jpg,13,ipanda50,216
iPanda50/13_jingliang/13_v048_f002965.jpg,13,ipanda50,216
iPanda50/13_jingliang/13_v052_f001230.jpg,13,ipanda50,217
iPanda50/13_jingliang/13_v052_f001290.jpg,13,ipanda50,217
iPanda50/13_jingliang/13_v052_f001740.jpg,13,ipanda50,217
iPanda50/13_jingliang/13_v052_f001830.jpg,13,ipanda50,217
iPanda50/13_jingliang/13_v052_f001890.jpg,13,ipanda50,217
iPanda50/13_jingliang/13_v052_f002070.jpg,13,ipanda50,217
iPanda50/13_jingliang/13_v052_f002205.jpg,13,ipanda50,217
iPanda50/13_jingliang/13_v052_f002375.jpg,13,ipanda50,217
iPanda50/13_jingliang/13_v053_f000375.jpg,13,ipanda50,218
iPanda50/13_jingliang/13_v053_f000470.jpg,13,ipanda50,218
iPanda50/13_jingliang/13_v053_f000545.jpg,13,ipanda50,218
iPanda50/13_jingliang/13_v055_f000010.jpg,13,ipanda50,219
iPanda50/13_jingliang/13_v055_f000315.jpg,13,ipanda50,219
iPanda50/13_jingliang/13_v055_f001400.jpg,13,ipanda50,219
iPanda50/13_jingliang/13_v055_f003230.jpg,13,ipanda50,219
iPanda50/13_jingliang/13_v056_f000005.jpg,13,ipanda50,220
iPanda50/13_jingliang/13_v056_f000520.jpg,13,ipanda50,220
iPanda50/13_jingliang/13_v058_f000550.jpg,13,ipanda50,221
iPanda50/13_jingliang/13_v058_f000725.jpg,13,ipanda50,221
iPanda50/13_jingliang/13_v058_f002350.jpg,13,ipanda50,221
iPanda50/13_jingliang/13_v058_f002575.jpg,13,ipanda50,221
iPanda50/13_jingliang/13_v058_f002665.jpg,13,ipanda50,221
iPanda50/13_jingliang/13_v058_f002980.jpg,13,ipanda50,221
iPanda50/13_jingliang/13_v061_f000060.jpg,13,ipanda50,222
iPanda50/13_jingliang/13_v061_f000070.jpg,13,ipanda50,222
iPanda50/13_jingliang/13_v061_f000300.jpg,13,ipanda50,222
iPanda50/13_jingliang/13_v061_f000370.jpg,13,ipanda50,222
iPanda50/13_jingliang/13_v061_f000565.jpg,13,ipanda50,222
iPanda50/13_jingliang/13_v061_f000680.jpg,13,ipanda50,222
iPanda50/13_jingliang/13_v061_f000725.jpg,13,ipanda50,222
iPanda50/13_jingliang/13_v065_f000115.jpg,13,ipanda50,223
iPanda50/13_jingliang/13_v065_f000170.jpg,13,ipanda50,223
iPanda50/13_jingliang/13_v065_f000205.jpg,13,ipanda50,223
iPanda50/13_jingliang/13_v067_f000570.jpg,13,ipanda50,224
iPanda50/13_jingliang/13_v067_f001125.jpg,13,ipanda50,224
iPanda50/13_jingliang/13_v067_f001615.jpg,13,ipanda50,224
iPanda50/13_jingliang/13_v067_f002570.jpg,13,ipanda50,224
iPanda50/13_jingliang/13_v068_f000325.jpg,13,ipanda50,225
iPanda50/13_jingliang/13_v068_f000475.jpg,13,ipanda50,225
iPanda50/13_jingliang/13_v068_f000575.jpg,13,ipanda50,225
iPanda50/13_jingliang/13_v068_f000720.jpg,13,ipanda50,225
iPanda50/13_jingliang/13_v068_f000935.jpg,13,ipanda50,225
iPanda50/13_jingliang/13_v068_f000980.jpg,13,ipanda50,225
iPanda50/13_jingliang/13_v068_f001015.jpg,13,ipanda50,225
iPanda50/13_jingliang/13_v068_f001055.jpg,13,ipanda50,225
iPanda50/13_jingliang/13_v068_f001230.jpg,13,ipanda50,225
iPanda50/13_jingliang/13_v068_f001260.jpg,13,ipanda50,225
iPanda50/13_jingliang/13_v068_f001505.jpg,13,ipanda50,225
iPanda50/13_jingliang/13_v068_f001730.jpg,13,ipanda50,225
iPanda50/13_jingliang/13_v068_f001775.jpg,13,ipanda50,225
iPanda50/13_jingliang/13_v068_f001805.jpg,13,ipanda50,225
iPanda50/13_jingliang/13_v068_f001825.jpg,13,ipanda50,225
iPanda50/13_jingliang/13_v068_f001905.jpg,13,ipanda50,225
iPanda50/13_jingliang/13_v068_f001980.jpg,13,ipanda50,225
iPanda50/13_jingliang/13_v068_f002060.jpg,13,ipanda50,225
iPanda50/13_jingliang/13_v068_f002680.jpg,13,ipanda50,225
iPanda50/13_jingliang/13_v068_f002755.jpg,13,ipanda50,225
iPanda50/13_jingliang/13_v069_f000230.jpg,13,ipanda50,226
iPanda50/13_jingliang/13_v069_f001945.jpg,13,ipanda50,226
iPanda50/13_jingliang/13_v070_f000840.jpg,13,ipanda50,227
iPanda50/13_jingliang/13_v070_f001015.jpg,13,ipanda50,227
iPanda50/13_jingliang/13_v070_f001260.jpg,13,ipanda50,227
iPanda50/13_jingliang/13_v073_f000435.jpg,13,ipanda50,228
iPanda50/13_jingliang/13_v073_f000675.jpg,13,ipanda50,228
iPanda50/13_jingliang/13_v073_f000840.jpg,13,ipanda50,228
iPanda50/13_jingliang/13_v073_f001010.jpg,13,ipanda50,228
iPanda50/13_jingliang/13_v073_f001105.jpg,13,ipanda50,228
iPanda50/13_jingliang/13_v073_f001160.jpg,13,ipanda50,228
iPanda50/13_jingliang/13_v073_f001220.jpg,13,ipanda50,228
iPanda50/13_jingliang/13_v073_f001300.jpg,13,ipanda50,228
iPanda50/13_jingliang/13_v073_f001715.jpg,13,ipanda50,228
iPanda50/13_jingliang/13_v073_f002335.jpg,13,ipanda50,228
iPanda50/13_jingliang/13_v073_f002530.jpg,13,ipanda50,228
iPanda50/13_jingliang/13_v073_f002730.jpg,13,ipanda50,228
iPanda50/13_jingliang/13_v074_f000220.jpg,13,ipanda50,229
iPanda50/13_jingliang/13_v074_f001560.jpg,13,ipanda50,229
iPanda50/13_jingliang/13_v074_f001890.jpg,13,ipanda50,229
iPanda50/13_jingliang/13_v074_f001970.jpg,13,ipanda50,229
iPanda50/13_jingliang/13_v075_f000005.jpg,13,ipanda50,230
iPanda50/13_jingliang/13_v075_f000065.jpg,13,ipanda50,230
iPanda50/13_jingliang/13_v075_f000105.jpg,13,ipanda50,230
iPanda50/13_jingliang/13_v075_f000295.jpg,13,ipanda50,230
iPanda50/13_jingliang/13_v075_f000405.jpg,13,ipanda50,230
iPanda50/13_jingliang/13_v075_f000705.jpg,13,ipanda50,230
iPanda50/13_jingliang/13_v075_f000770.jpg,13,ipanda50,230
iPanda50/13_jingliang/13_v075_f000785.jpg,13,ipanda50,230
iPanda50/13_jingliang/13_v075_f000910.jpg,13,ipanda50,230
iPanda50/13_jingliang/13_v075_f001120.jpg,13,ipanda50,230
iPanda50/13_jingliang/13_v075_f001205.jpg,13,ipanda50,230
iPanda50/13_jingliang/13_v077_f000005.jpg,13,ipanda50,231
iPanda50/13_jingliang/13_v077_f000380.jpg,13,ipanda50,231
iPanda50/13_jingliang/13_v077_f000830.jpg,13,ipanda50,231
iPanda50/13_jingliang/13_v077_f000895.jpg,13,ipanda50,231
iPanda50/13_jingliang/13_v077_f001030.jpg,13,ipanda50,231
iPanda50/13_jingliang/13_v077_f001340.jpg,13,ipanda50,231
iPanda50/13_jingliang/13_v077_f001405.jpg,13,ipanda50,231
iPanda50/13_jingliang/13_v077_f001635.jpg,13,ipanda50,231
iPanda50/13_jingliang/13_v077_f002175.jpg,13,ipanda50,231
iPanda50/13_jingliang/13_v077_f002400.jpg,13,ipanda50,231
iPanda50/13_jingliang/13_v077_f002835.jpg,13,ipanda50,231
iPanda50/13_jingliang/13_v077_f003065.jpg,13,ipanda50,231
iPanda50/13_jingliang/13_v077_f003225.jpg,13,ipanda50,231
iPanda50/13_jingliang/13_v077_f003290.jpg,13,ipanda50,231
iPanda50/13_jingliang/13_v080_f000005.jpg,13,ipanda50,232
iPanda50/13_jingliang/13_v080_f000160.jpg,13,ipanda50,232
iPanda50/13_jingliang/13_v080_f000375.jpg,13,ipanda50,232
iPanda50/13_jingliang/13_v080_f000435.jpg,13,ipanda50,232
iPanda50/13_jingliang/13_v080_f000495.jpg,13,ipanda50,232
iPanda50/13_jingliang/13_v080_f001440.jpg,13,ipanda50,232
iPanda50/13_jingliang/13_v080_f001950.jpg,13,ipanda50,232
iPanda50/13_jingliang/13_v082_f000185.jpg,13,ipanda50,233
iPanda50/13_jingliang/13_v082_f000435.jpg,13,ipanda50,233
iPanda50/13_jingliang/13_v082_f000505.jpg,13,ipanda50,233
iPanda50/13_jingliang/13_v082_f000865.jpg,13,ipanda50,233
iPanda50/13_jingliang/13_v082_f001765.jpg,13,ipanda50,233
iPanda50/13_jingliang/13_v083_f000340.jpg,13,ipanda50,234
iPanda50/13_jingliang/13_v083_f000455.jpg,13,ipanda50,234
iPanda50/13_jingliang/13_v086_f000005.jpg,13,ipanda50,235
iPanda50/13_jingliang/13_v086_f000105.jpg,13,ipanda50,235
iPanda50/13_jingliang/13_v086_f000245.jpg,13,ipanda50,235
iPanda50/13_jingliang/13_v086_f000325.jpg,13,ipanda50,235
iPanda50/13_jingliang/13_v086_f000505.jpg,13,ipanda50,235
iPanda50/13_jingliang/13_v087_f000035.jpg,13,ipanda50,236
iPanda50/13_jingliang/13_v087_f000190.jpg,13,ipanda50,236
iPanda50/13_jingliang/13_v087_f001270.jpg,13,ipanda50,236
iPanda50/13_jingliang/13_v087_f001390.jpg,13,ipanda50,236
iPanda50/13_jingliang/13_v088_f000320.jpg,13,ipanda50,237
iPanda50/13_jingliang/13_v088_f000690.jpg,13,ipanda50,237
iPanda50/13_jingliang/13_v088_f001010.jpg,13,ipanda50,237
iPanda50/15_maosun/15_v001_f000005.jpg,15,ipanda50,269
iPanda50/15_maosun/15_v001_f000390.jpg,15,ipanda50,269
iPanda50/15_maosun/15_v001_f000430.jpg,15,ipanda50,269
iPanda50/15_maosun/15_v001_f000505.jpg,15,ipanda50,269
iPanda50/15_maosun/15_v002_f000005.jpg,15,ipanda50,270
iPanda50/15_maosun/15_v002_f000355.jpg,15,ipanda50,270
iPanda50/15_maosun/15_v003_f000005.jpg,15,ipanda50,271
iPanda50/15_maosun/15_v003_f000040.jpg,15,ipanda50,271
iPanda50/15_maosun/15_v003_f000145.jpg,15,ipanda50,271
iPanda50/15_maosun/15_v003_f000215.jpg,15,ipanda50,271
iPanda50/15_maosun/15_v003_f000260.jpg,15,ipanda50,271
iPanda50/15_maosun/15_v003_f000320.jpg,15,ipanda50,271
iPanda50/15_maosun/15_v003_f000555.jpg,15,ipanda50,271
iPanda50/15_maosun/15_v003_f001320.jpg,15,ipanda50,271
iPanda50/15_maosun/15_v003_f001335.jpg,15,ipanda50,271
iPanda50/15_maosun/15_v003_f001385.jpg,15,ipanda50,271
iPanda50/15_maosun/15_v003_f001410.jpg,15,ipanda50,271
iPanda50/15_maosun/15_v003_f001430.jpg,15,ipanda50,271
iPanda50/15_maosun/15_v003_f001450.jpg,15,ipanda50,271
iPanda50/15_maosun/15_v003_f001460.jpg,15,ipanda50,271
iPanda50/15_maosun/15_v003_f001550.jpg,15,ipanda50,271
iPanda50/15_maosun/15_v003_f001680.jpg,15,ipanda50,271
iPanda50/15_maosun/15_v003_f001705.jpg,15,ipanda50,271
iPanda50/15_maosun/15_v003_f001725.jpg,15,ipanda50,271
iPanda50/15_maosun/15_v003_f001745.jpg,15,ipanda50,271
iPanda50/15_maosun/15_v004_f000005.jpg,15,ipanda50,272
iPanda50/15_maosun/15_v004_f000195.jpg,15,ipanda50,272
iPanda50/15_maosun/15_v004_f000255.jpg,15,ipanda50,272
iPanda50/15_maosun/15_v004_f000295.jpg,15,ipanda50,272
iPanda50/15_maosun/15_v004_f000355.jpg,15,ipanda50,272
iPanda50/15_maosun/15_v004_f000455.jpg,15,ipanda50,272
iPanda50/15_maosun/15_v004_f000600.jpg,15,ipanda50,272
iPanda50/15_maosun/15_v005_f000115.jpg,15,ipanda50,273
iPanda50/15_maosun/15_v005_f000415.jpg,15,ipanda50,273
iPanda50/15_maosun/15_v006_f000270.jpg,15,ipanda50,274
iPanda50/15_maosun/15_v006_f000355.jpg,15,ipanda50,274
iPanda50/15_maosun/15_v006_f000370.jpg,15,ipanda50,274
iPanda50/15_maosun/15_v006_f000385.jpg,15,ipanda50,274
iPanda50/15_maosun/15_v006_f000480.jpg,15,ipanda50,274
iPanda50/15_maosun/15_v006_f000535.jpg,15,ipanda50,274
iPanda50/15_maosun/15_v006_f000600.jpg,15,ipanda50,274
iPanda50/15_maosun/15_v006_f000785.jpg,15,ipanda50,274
iPanda50/15_maosun/15_v006_f000935.jpg,15,ipanda50,274
iPanda50/15_maosun/15_v006_f000965.jpg,15,ipanda50,274
iPanda50/15_maosun/15_v006_f001040.jpg,15,ipanda50,274
iPanda50/15_maosun/15_v006_f001075.jpg,15,ipanda50,274
iPanda50/15_maosun/15_v006_f001110.jpg,15,ipanda50,274
iPanda50/15_maosun/15_v006_f001155.jpg,15,ipanda50,274
iPanda50/15_maosun/15_v006_f001200.jpg,15,ipanda50,274
iPanda50/15_maosun/15_v006_f001230.jpg,15,ipanda50,274
iPanda50/15_maosun/15_v007_f000005.jpg,15,ipanda50,275
iPanda50/15_maosun/15_v007_f000225.jpg,15,ipanda50,275
iPanda50/15_maosun/15_v007_f000295.jpg,15,ipanda50,275
iPanda50/15_maosun/15_v007_f000395.jpg,15,ipanda50,275
iPanda50/15_maosun/15_v008_f000005.jpg,15,ipanda50,276
iPanda50/15_maosun/15_v008_f000150.jpg,15,ipanda50,276
iPanda50/15_maosun/15_v008_f000545.jpg,15,ipanda50,276
iPanda50/15_maosun/15_v008_f000565.jpg,15,ipanda50,276
iPanda50/15_maosun/15_v008_f000850.jpg,15,ipanda50,276
iPanda50/15_maosun/15_v008_f000890.jpg,15,ipanda50,276
iPanda50/15_maosun/15_v008_f001470.jpg,15,ipanda50,276
iPanda50/15_maosun/15_v008_f001505.jpg,15,ipanda50,276
iPanda50/15_maosun/15_v009_f000005.jpg,15,ipanda50,277
iPanda50/15_maosun/15_v009_f000045.jpg,15,ipanda50,277
iPanda50/15_maosun/15_v009_f000070.jpg,15,ipanda50,277
iPanda50/15_maosun/15_v009_f000120.jpg,15,ipanda50,277
iPanda50/15_maosun/15_v009_f000375.jpg,15,ipanda50,277
iPanda50/15_maosun/15_v009_f000395.jpg,15,ipanda50,277
iPanda50/15_maosun/15_v009_f000420.jpg,15,ipanda50,277
iPanda50/15_maosun/15_v009_f000505.jpg,15,ipanda50,277
iPanda50/15_maosun/15_v009_f001220.jpg,15,ipanda50,277
iPanda50/15_maosun/15_v009_f002350.jpg,15,ipanda50,277
iPanda50/15_maosun/15_v009_f003000.jpg,15,ipanda50,277
iPanda50/15_maosun/15_v009_f003510.jpg,15,ipanda50,277
iPanda50/15_maosun/15_v009_f003580.jpg,15,ipanda50,277
iPanda50/15_maosun/15_v009_f003630.jpg,15,ipanda50,277
iPanda50/15_maosun/15_v009_f003745.jpg,15,ipanda50,277
iPanda50/15_maosun/15_v010_f000080.jpg,15,ipanda50,278
iPanda50/15_maosun/15_v010_f000165.jpg,15,ipanda50,278
iPanda50/15_maosun/15_v010_f000335.jpg,15,ipanda50,278
iPanda50/15_maosun/15_v010_f000480.jpg,15,ipanda50,278
iPanda50/15_maosun/15_v011_f000005.jpg,15,ipanda50,279
iPanda50/15_maosun/15_v011_f000865.jpg,15,ipanda50,279
iPanda50/15_maosun/15_v011_f001575.jpg,15,ipanda50,279
iPanda50/15_maosun/15_v012_f000090.jpg,15,ipanda50,280
iPanda50/15_maosun/15_v012_f000245.jpg,15,ipanda50,280
iPanda50/15_maosun/15_v012_f000320.jpg,15,ipanda50,280
iPanda50/15_maosun/15_v012_f000455.jpg,15,ipanda50,280
iPanda50/15_maosun/15_v012_f000470.jpg,15,ipanda50,280
iPanda50/15_maosun/15_v012_f000510.jpg,15,ipanda50,280
iPanda50/15_maosun/15_v012_f000535.jpg,15,ipanda50,280
iPanda50/15_maosun/15_v012_f000555.jpg,15,ipanda50,280
iPanda50/15_maosun/15_v012_f000710.jpg,15,ipanda50,280
iPanda50/15_maosun/15_v012_f000835.jpg,15,ipanda50,280
iPanda50/15_maosun/15_v012_f000890.jpg,15,ipanda50,280
iPanda50/15_maosun/15_v012_f000915.jpg,15,ipanda50,280
iPanda50/15_maosun/15_v012_f001090.jpg,15,ipanda50,280
iPanda50/15_maosun/15_v013_f000065.jpg,15,ipanda50,281
iPanda50/15_maosun/15_v013_f000095.jpg,15,ipanda50,281
iPanda50/15_maosun/15_v013_f000135.jpg,15,ipanda50,281
iPanda50/15_maosun/15_v013_f000175.jpg,15,ipanda50,281
iPanda50/15_maosun/15_v013_f000570.jpg,15,ipanda50,281
iPanda50/15_maosun/15_v013_f000705.jpg,15,ipanda50,281
iPanda50/15_maosun/15_v013_f000905.jpg,15,ipanda50,281
iPanda50/15_maosun/15_v013_f001155.jpg,15,ipanda50,281
iPanda50/15_maosun/15_v013_f001160.jpg,15,ipanda50,281
iPanda50/15_maosun/15_v013_f001305.jpg,15,ipanda50,281
iPanda50/15_maosun/15_v013_f001380.jpg,15,ipanda50,281
iPanda50/15_maosun/15_v014_f000005.jpg,15,ipanda50,282
iPanda50/15_maosun/15_v014_f000395.jpg,15,ipanda50,282
iPanda50/15_maosun/15_v014_f000420.jpg,15,ipanda50,282
iPanda50/15_maosun/15_v014_f000905.jpg,15,ipanda50,282
iPanda50/15_maosun/15_v014_f001205.jpg,15,ipanda50,282
iPanda50/15_maosun/15_v014_f001260.jpg,15,ipanda50,282
iPanda50/15_maosun/15_v014_f001310.jpg,15,ipanda50,282
iPanda50/15_maosun/15_v014_f001500.jpg,15,ipanda50,282
iPanda50/15_maosun/15_v014_f001595.jpg,15,ipanda50,282
iPanda50/15_maosun/15_v015_f000005.jpg,15,ipanda50,283
iPanda50/15_maosun/15_v015_f000150.jpg,15,ipanda50,283
iPanda50/15_maosun/15_v015_f000455.jpg,15,ipanda50,283
iPanda50/15_maosun/15_v015_f000915.jpg,15,ipanda50,283
iPanda50/15_maosun/15_v016_f000105.jpg,15,ipanda50,284
iPanda50/15_maosun/15_v017_f000005.jpg,15,ipanda50,285
iPanda50/15_maosun/15_v017_f000085.jpg,15,ipanda50,285
iPanda50/15_maosun/15_v017_f000130.jpg,15,ipanda50,285
iPanda50/15_maosun/15_v017_f000150.jpg,15,ipanda50,285
iPanda50/15_maosun/15_v017_f000175.jpg,15,ipanda50,285
iPanda50/15_maosun/15_v017_f000340.jpg,15,ipanda50,285
iPanda50/15_maosun/15_v017_f000415.jpg,15,ipanda50,285
iPanda50/15_maosun/15_v018_f000005.jpg,15,ipanda50,286
iPanda50/15_maosun/15_v018_f000195.jpg,15,ipanda50,286
iPanda50/15_maosun/15_v018_f000700.jpg,15,ipanda50,286
iPanda50/15_maosun/15_v018_f000905.jpg,15,ipanda50,286
iPanda50/15_maosun/15_v018_f001045.jpg,15,ipanda50,286
iPanda50/15_maosun/15_v018_f001385.jpg,15,ipanda50,286
iPanda50/15_maosun/15_v018_f001430.jpg,15,ipanda50,286
iPanda50/15_maosun/15_v019_f000005.jpg,15,ipanda50,287
iPanda50/15_maosun/15_v019_f000105.jpg,15,ipanda50,287
iPanda50/15_maosun/15_v019_f000750.jpg,15,ipanda50,287
iPanda50/15_maosun/15_v019_f000990.jpg,15,ipanda50,287
iPanda50/15_maosun/15_v020_f000005.jpg,15,ipanda50,288
iPanda50/15_maosun/15_v021_f000005.jpg,15,ipanda50,289
iPanda50/15_maosun/15_v023_f000140.jpg,15,ipanda50,290
iPanda50/15_maosun/15_v023_f000220.jpg,15,ipanda50,290
iPanda50/15_maosun/15_v023_f000250.jpg,15,ipanda50,290
iPanda50/15_maosun/15_v023_f000275.jpg,15,ipanda50,290
iPanda50/15_maosun/15_v023_f000315.jpg,15,ipanda50,290
iPanda50/15_maosun/15_v023_f000350.jpg,15,ipanda50,290
iPanda50/15_maosun/15_v023_f000365.jpg,15,ipanda50,290
iPanda50/15_maosun/15_v023_f000385.jpg,15,ipanda50,290
iPanda50/15_maosun/15_v023_f001050.jpg,15,ipanda50,290
iPanda50/15_maosun/15_v023_f001125.jpg,15,ipanda50,290
iPanda50/15_maosun/15_v024_f000670.jpg,15,ipanda50,291
iPanda50/15_maosun/15_v024_f001385.jpg,15,ipanda50,291
iPanda50/15_maosun/15_v024_f002205.jpg,15,ipanda50,291
iPanda50/15_maosun/15_v024_f002275.jpg,15,ipanda50,291
iPanda50/15_maosun/15_v024_f002305.jpg,15,ipanda50,291
iPanda50/15_maosun/15_v024_f002655.jpg,15,ipanda50,291
iPanda50/15_maosun/15_v024_f002710.jpg,15,ipanda50,291
iPanda50/15_maosun/15_v025_f000630.jpg,15,ipanda50,292
iPanda50/15_maosun/15_v025_f000980.jpg,15,ipanda50,292
iPanda50/15_maosun/15_v025_f001475.jpg,15,ipanda50,292
iPanda50/15_maosun/15_v026_f000175.jpg,15,ipanda50,293
iPanda50/15_maosun/15_v026_f000770.jpg,15,ipanda50,293
iPanda50/15_maosun/15_v026_f000840.jpg,15,ipanda50,293
iPanda50/15_maosun/15_v026_f000955.jpg,15,ipanda50,293
iPanda50/15_maosun/15_v026_f000985.jpg,15,ipanda50,293
iPanda50/15_maosun/15_v026_f001075.jpg,15,ipanda50,293
iPanda50/15_maosun/15_v026_f001265.jpg,15,ipanda50,293
iPanda50/15_maosun/15_v026_f001525.jpg,15,ipanda50,293
iPanda50/15_maosun/15_v027_f000670.jpg,15,ipanda50,294
iPanda50/15_maosun/15_v027_f001005.jpg,15,ipanda50,294
iPanda50/15_maosun/15_v027_f001035.jpg,15,ipanda50,294
iPanda50/15_maosun/15_v027_f001205.jpg,15,ipanda50,294
iPanda50/15_maosun/15_v027_f001305.jpg,15,ipanda50,294
iPanda50/15_maosun/15_v027_f001590.jpg,15,ipanda50,294
iPanda50/15_maosun/15_v027_f001680.jpg,15,ipanda50,294
iPanda50/15_maosun/15_v027_f001705.jpg,15,ipanda50,294
iPanda50/15_maosun/15_v027_f001780.jpg,15,ipanda50,294
iPanda50/15_maosun/15_v027_f001875.jpg,15,ipanda50,294
iPanda50/17_meibang/17_v001_f000005.jpg,17,ipanda50,322
iPanda50/17_meibang/17_v001_f000070.jpg,17,ipanda50,322
iPanda50/17_meibang/17_v001_f000470.jpg,17,ipanda50,322
iPanda50/17_meibang/17_v001_f000750.jpg,17,ipanda50,322
iPanda50/17_meibang/17_v002_f000990.jpg,17,ipanda50,323
iPanda50/17_meibang/17_v002_f001030.jpg,17,ipanda50,323
iPanda50/17_meibang/17_v002_f001090.jpg,17,ipanda50,323
iPanda50/17_meibang/17_v002_f001160.jpg,17,ipanda50,323
iPanda50/17_meibang/17_v002_f001190.jpg,17,ipanda50,323
iPanda50/17_meibang/17_v002_f001335.jpg,17,ipanda50,323
iPanda50/17_meibang/17_v002_f001360.jpg,17,ipanda50,323
iPanda50/17_meibang/17_v002_f001475.jpg,17,ipanda50,323
iPanda50/17_meibang/17_v002_f001485.jpg,17,ipanda50,323
iPanda50/17_meibang/17_v002_f001510.jpg,17,ipanda50,323
iPanda50/17_meibang/17_v002_f001520.jpg,17,ipanda50,323
iPanda50/17_meibang/17_v002_f001560.jpg,17,ipanda50,323
iPanda50/17_meibang/17_v002_f001585.jpg,17,ipanda50,323
iPanda50/17_meibang/17_v002_f001630.jpg,17,ipanda50,323
iPanda50/17_meibang/17_v002_f001680.jpg,17,ipanda50,323
iPanda50/17_meibang/17_v002_f001710.jpg,17,ipanda50,323
iPanda50/17_meibang/17_v002_f001765.jpg,17,ipanda50,323
iPanda50/17_meibang/17_v002_f001920.jpg,17,ipanda50,323
iPanda50/17_meibang/17_v002_f002410.jpg,17,ipanda50,323
iPanda50/17_meibang/17_v002_f002515.jpg,17,ipanda50,323
iPanda50/17_meibang/17_v002_f002695.jpg,17,ipanda50,323
iPanda50/17_meibang/17_v002_f002750.jpg,17,ipanda50,323
iPanda50/17_meibang/17_v002_f002930.jpg,17,ipanda50,323
iPanda50/17_meibang/17_v002_f004260.jpg,17,ipanda50,323
iPanda50/17_meibang/17_v002_f004920.jpg,17,ipanda50,323
iPanda50/17_meibang/17_v002_f006070.jpg,17,ipanda50,323
iPanda50/17_meibang/17_v002_f006460.jpg,17,ipanda50,323
iPanda50/17_meibang/17_v002_f010295.jpg,17,ipanda50,323
iPanda50/17_meibang/17_v002_f010970.jpg,17,ipanda50,323
iPanda50/17_meibang/17_v002_f011225.jpg,17,ipanda50,323
iPanda50/17_meibang/17_v002_f011765.jpg,17,ipanda50,323
iPanda50/17_meibang/17_v002_f012905.jpg,17,ipanda50,323
iPanda50/17_meibang/17_v002_f013135.jpg,17,ipanda50,323
iPanda50/17_meibang/17_v002_f013240.jpg,17,ipanda50,323
iPanda50/17_meibang/17_v003_f000005.jpg,17,ipanda50,324
iPanda50/17_meibang/17_v003_f000175.jpg,17,ipanda50,324
iPanda50/17_meibang/17_v003_f000255.jpg,17,ipanda50,324
iPanda50/17_meibang/17_v004_f001270.jpg,17,ipanda50,325
iPanda50/17_meibang/17_v004_f001520.jpg,17,ipanda50,325
iPanda50/17_meibang/17_v004_f002570.jpg,17,ipanda50,325
iPanda50/17_meibang/17_v004_f002585.jpg,17,ipanda50,325
iPanda50/17_meibang/17_v004_f002730.jpg,17,ipanda50,325
iPanda50/17_meibang/17_v004_f002750.jpg,17,ipanda50,325
iPanda50/17_meibang/17_v004_f002830.jpg,17,ipanda50,325
iPanda50/17_meibang/17_v004_f002915.jpg,17,ipanda50,325
iPanda50/17_meibang/17_v004_f003215.jpg,17,ipanda50,325
iPanda50/17_meibang/17_v004_f003440.jpg,17,ipanda50,325
iPanda50/17_meibang/17_v004_f003510.jpg,17,ipanda50,325
iPanda50/17_meibang/17_v005_f000005.jpg,17,ipanda50,326
iPanda50/17_meibang/17_v005_f001985.jpg,17,ipanda50,326
iPanda50/17_meibang/17_v005_f003000.jpg,17,ipanda50,326
iPanda50/17_meibang/17_v005_f004235.jpg,17,ipanda50,326
iPanda50/17_meibang/17_v006_f000180.jpg,17,ipanda50,327
iPanda50/17_meibang/17_v006_f000205.jpg,17,ipanda50,327
iPanda50/17_meibang/17_v006_f000240.jpg,17,ipanda50,327
iPanda50/17_meibang/17_v006_f000250.jpg,17,ipanda50,327
iPanda50/17_meibang/17_v006_f000470.jpg,17,ipanda50,327
iPanda50/17_meibang/17_v006_f000705.jpg,17,ipanda50,327
iPanda50/17_meibang/17_v006_f000770.jpg,17,ipanda50,327
iPanda50/17_meibang/17_v006_f000810.jpg,17,ipanda50,327
iPanda50/17_meibang/17_v006_f000825.jpg,17,ipanda50,327
iPanda50/17_meibang/17_v006_f000855.jpg,17,ipanda50,327
iPanda50/17_meibang/17_v007_f000460.jpg,17,ipanda50,328
iPanda50/17_meibang/17_v007_f000535.jpg,17,ipanda50,328
iPanda50/17_meibang/17_v007_f000630.jpg,17,ipanda50,328
iPanda50/17_meibang/17_v007_f000760.jpg,17,ipanda50,328
iPanda50/17_meibang/17_v007_f000870.jpg,17,ipanda50,328
iPanda50/17_meibang/17_v007_f000880.jpg,17,ipanda50,328
iPanda50/17_meibang/17_v007_f000920.jpg,17,ipanda50,328
iPanda50/17_meibang/17_v007_f000945.jpg,17,ipanda50,328
iPanda50/17_meibang/17_v007_f000980.jpg,17,ipanda50,328
iPanda50/17_meibang/17_v007_f001050.jpg,17,ipanda50,328
iPanda50/17_meibang/17_v007_f001105.jpg,17,ipanda50,328
iPanda50/17_meibang/17_v007_f001200.jpg,17,ipanda50,328
iPanda50/17_meibang/17_v008_f000370.jpg,17,ipanda50,329
iPanda50/17_meibang/17_v008_f000670.jpg,17,ipanda50,329
iPanda50/17_meibang/17_v008_f000720.jpg,17,ipanda50,329
iPanda50/17_meibang/17_v008_f000805.jpg,17,ipanda50,329
iPanda50/17_meibang/17_v009_f000005.jpg,17,ipanda50,330
iPanda50/17_meibang/17_v009_f001155.jpg,17,ipanda50,330
iPanda50/17_meibang/17_v010_f000005.jpg,17,ipanda50,331
iPanda50/17_meibang/17_v010_f000705.jpg,17,ipanda50,331
iPanda50/17_meibang/17_v010_f000880.jpg,17,ipanda50,331
iPanda50/17_meibang/17_v010_f001400.jpg,17,ipanda50,331
iPanda50/17_meibang/17_v010_f001475.jpg,17,ipanda50,331
iPanda50/17_meibang/17_v010_f001555.jpg,17,ipanda50,331
iPanda50/17_meibang/17_v010_f001575.jpg,17,ipanda50,331
iPanda50/17_meibang/17_v010_f001870.jpg,17,ipanda50,331
iPanda50/17_meibang/17_v010_f002025.jpg,17,ipanda50,331
iPanda50/17_meibang/17_v010_f002045.jpg,17,ipanda50,331
iPanda50/17_meibang/17_v010_f002080.jpg,17,ipanda50,331
iPanda50/17_meibang/17_v010_f002100.jpg,17,ipanda50,331
iPanda50/17_meibang/17_v010_f002185.jpg,17,ipanda50,331
iPanda50/17_meibang/17_v010_f002265.jpg,17,ipanda50,331
iPanda50/17_meibang/17_v010_f002555.jpg,17,ipanda50,331
iPanda50/17_meibang/17_v010_f002795.jpg,17,ipanda50,331
iPanda50/17_meibang/17_v010_f002895.jpg,17,ipanda50,331
iPanda50/17_meibang/17_v010_f003020.jpg,17,ipanda50,331
iPanda50/17_meibang/17_v011_f000005.jpg,17,ipanda50,332
iPanda50/17_meibang/17_v011_f000205.jpg,17,ipanda50,332
iPanda50/17_meibang/17_v011_f000270.jpg,17,ipanda50,332
iPanda50/17_meibang/17_v011_f000295.jpg,17,ipanda50,332
iPanda50/17_meibang/17_v011_f000460.jpg,17,ipanda50,332
iPanda50/17_meibang/17_v011_f000520.jpg,17,ipanda50,332
iPanda50/17_meibang/17_v011_f000535.jpg,17,ipanda50,332
iPanda50/17_meibang/17_v011_f000615.jpg,17,ipanda50,332
iPanda50/17_meibang/17_v011_f000635.jpg,17,ipanda50,332
iPanda50/17_meibang/17_v011_f000770.jpg,17,ipanda50,332
iPanda50/17_meibang/17_v011_f000920.jpg,17,ipanda50,332
iPanda50/17_meibang/17_v011_f001005.jpg,17,ipanda50,332
iPanda50/17_meibang/17_v011_f001060.jpg,17,ipanda50,332
iPanda50/17_meibang/17_v011_f001300.jpg,17,ipanda50,332
iPanda50/17_meibang/17_v011_f001555.jpg,17,ipanda50,332
iPanda50/17_meibang/17_v011_f001620.jpg,17,ipanda50,332
iPanda50/17_meibang/17_v011_f001645.jpg,17,ipanda50,332
iPanda50/17_meibang/17_v011_f001695.jpg,17,ipanda50,332
iPanda50/17_meibang/17_v012_f000105.jpg,17,ipanda50,333
iPanda50/17_meibang/17_v012_f000240.jpg,17,ipanda50,333
iPanda50/17_meibang/17_v012_f000380.jpg,17,ipanda50,333
iPanda50/17_meibang/17_v013_f000005.jpg,17,ipanda50,334
iPanda50/17_meibang/17_v013_f000180.jpg,17,ipanda50,334
iPanda50/17_meibang/17_v013_f000195.jpg,17,ipanda50,334
iPanda50/17_meibang/17_v013_f000350.jpg,17,ipanda50,334
iPanda50/17_meibang/17_v013_f000650.jpg,17,ipanda50,334
iPanda50/17_meibang/17_v013_f000695.jpg,17,ipanda50,334
iPanda50/17_meibang/17_v013_f000915.jpg,17,ipanda50,334
iPanda50/17_meibang/17_v013_f001010.jpg,17,ipanda50,334
iPanda50/17_meibang/17_v013_f001415.jpg,17,ipanda50,334
iPanda50/17_meibang/17_v013_f002200.jpg,17,ipanda50,334
iPanda50/17_meibang/17_v013_f002455.jpg,17,ipanda50,334
iPanda50/17_meibang/17_v013_f002540.jpg,17,ipanda50,334
iPanda50/17_meibang/17_v014_f000175.jpg,17,ipanda50,335
iPanda50/17_meibang/17_v014_f000235.jpg,17,ipanda50,335
iPanda50/17_meibang/17_v014_f000300.jpg,17,ipanda50,335
iPanda50/17_meibang/17_v014_f000330.jpg,17,ipanda50,335
iPanda50/17_meibang/17_v014_f000400.jpg,17,ipanda50,335
iPanda50/17_meibang/17_v014_f000605.jpg,17,ipanda50,335
iPanda50/17_meibang/17_v014_f001155.jpg,17,ipanda50,335
iPanda50/17_meibang/17_v014_f001235.jpg,17,ipanda50,335
iPanda50/17_meibang/17_v014_f001335.jpg,17,ipanda50,335
iPanda50/17_meibang/17_v014_f001370.jpg,17,ipanda50,335
iPanda50/17_meibang/17_v014_f002440.jpg,17,ipanda50,335
iPanda50/17_meibang/17_v014_f002685.jpg,17,ipanda50,335
iPanda50/17_meibang/17_v015_f000235.jpg,17,ipanda50,336
iPanda50/17_meibang/17_v015_f000410.jpg,17,ipanda50,336
iPanda50/17_meibang/17_v016_f000155.jpg,17,ipanda50,337
iPanda50/17_meibang/17_v016_f000210.jpg,17,ipanda50,337
iPanda50/17_meibang/17_v016_f000270.jpg,17,ipanda50,337
iPanda50/17_meibang/17_v016_f000395.jpg,17,ipanda50,337
iPanda50/17_meibang/17_v017_f000005.jpg,17,ipanda50,338
iPanda50/17_meibang/17_v017_f000305.jpg,17,ipanda50,338
iPanda50/17_meibang/17_v017_f000350.jpg,17,ipanda50,338
iPanda50/17_meibang/17_v017_f000540.jpg,17,ipanda50,338
iPanda50/17_meibang/17_v017_f000580.jpg,17,ipanda50,338
iPanda50/17_meibang/17_v017_f000665.jpg,17,ipanda50,338
iPanda50/17_meibang/17_v017_f000795.jpg,17,ipanda50,338
iPanda50/17_meibang/17_v017_f000825.jpg,17,ipanda50,338
iPanda50/17_meibang/17_v017_f000900.jpg,17,ipanda50,338
iPanda50/17_meibang/17_v017_f001080.jpg,17,ipanda50,338
iPanda50/17_meibang/17_v017_f001100.jpg,17,ipanda50,338
iPanda50/17_meibang/17_v017_f001530.jpg,17,ipanda50,338
iPanda50/17_meibang/17_v017_f001610.jpg,17,ipanda50,338
iPanda50/17_meibang/17_v017_f001635.jpg,17,ipanda50,338
iPanda50/17_meibang/17_v017_f001650.jpg,17,ipanda50,338
iPanda50/17_meibang/17_v017_f001680.jpg,17,ipanda50,338
iPanda50/17_meibang/17_v017_f001890.jpg,17,ipanda50,338
iPanda50/17_meibang/17_v017_f001935.jpg,17,ipanda50,338
iPanda50/17_meibang/17_v017_f001990.jpg,17,ipanda50,338
iPanda50/17_meibang/17_v018_f000195.jpg,17,ipanda50,339
iPanda50/17_meibang/17_v018_f000260.jpg,17,ipanda50,339
iPanda50/17_meibang/17_v018_f000380.jpg,17,ipanda50,339
iPanda50/17_meibang/17_v018_f000430.jpg,17,ipanda50,339
iPanda50/17_meibang/17_v018_f000480.jpg,17,ipanda50,339
iPanda50/17_meibang/17_v019_f000545.jpg,17,ipanda50,340
iPanda50/17_meibang/17_v019_f000990.jpg,17,ipanda50,340
iPanda50/17_meibang/17_v019_f001055.jpg,17,ipanda50,340
iPanda50/17_meibang/17_v019_f001185.jpg,17,ipanda50,340
iPanda50/17_meibang/17_v019_f002710.jpg,17,ipanda50,340
iPanda50/17_meibang/17_v019_f002780.jpg,17,ipanda50,340
iPanda50/17_meibang/17_v019_f002960.jpg,17,ipanda50,340
iPanda50/17_meibang/17_v020_f000165.jpg,17,ipanda50,341
iPanda50/17_meibang/17_v020_f000335.jpg,17,ipanda50,341
iPanda50/17_meibang/17_v020_f000705.jpg,17,ipanda50,341
iPanda50/17_meibang/17_v020_f001865.jpg,17,ipanda50,341
iPanda50/17_meibang/17_v020_f002340.jpg,17,ipanda50,341
iPanda50/32_susu/32_v001_f000070.jpg,32,ipanda50,851
iPanda50/32_susu/32_v001_f000350.jpg,32,ipanda50,851
iPanda50/32_susu/32_v002_f000005.jpg,32,ipanda50,852
iPanda50/32_susu/32_v002_f000265.jpg,32,ipanda50,852
iPanda50/32_susu/32_v002_f001710.jpg,32,ipanda50,852
iPanda50/32_susu/32_v002_f002345.jpg,32,ipanda50,852
iPanda50/32_susu/32_v002_f002445.jpg,32,ipanda50,852
iPanda50/32_susu/32_v002_f002665.jpg,32,ipanda50,852
iPanda50/32_susu/32_v002_f002715.jpg,32,ipanda50,852
iPanda50/32_susu/32_v003_f000005.jpg,32,ipanda50,853
iPanda50/32_susu/32_v003_f000430.jpg,32,ipanda50,853
iPanda50/32_susu/32_v003_f001945.jpg,32,ipanda50,853
iPanda50/32_susu/32_v003_f002120.jpg,32,ipanda50,853
iPanda50/32_susu/32_v003_f002705.jpg,32,ipanda50,853
iPanda50/32_susu/32_v003_f002825.jpg,32,ipanda50,853
iPanda50/32_susu/32_v003_f002870.jpg,32,ipanda50,853
iPanda50/32_susu/32_v003_f002890.jpg,32,ipanda50,853
iPanda50/32_susu/32_v004_f001640.jpg,32,ipanda50,854
iPanda50/32_susu/32_v004_f002210.jpg,32,ipanda50,854
iPanda50/32_susu/32_v004_f003190.jpg,32,ipanda50,854
iPanda50/32_susu/32_v005_f000005.jpg,32,ipanda50,855
iPanda50/32_susu/32_v005_f001235.jpg,32,ipanda50,855
iPanda50/32_susu/32_v005_f001325.jpg,32,ipanda50,855
iPanda50/32_susu/32_v005_f001355.jpg,32,ipanda50,855
iPanda50/32_susu/32_v005_f001555.jpg,32,ipanda50,855
iPanda50/32_susu/32_v005_f003780.jpg,32,ipanda50,855
iPanda50/32_susu/32_v006_f000675.jpg,32,ipanda50,856
iPanda50/32_susu/32_v006_f004085.jpg,32,ipanda50,856
iPanda50/32_susu/32_v007_f000085.jpg,32,ipanda50,857
iPanda50/32_susu/32_v007_f000480.jpg,32,ipanda50,857
iPanda50/32_susu/32_v008_f003415.jpg,32,ipanda50,858
iPanda50/32_susu/32_v008_f005190.jpg,32,ipanda50,858
iPanda50/32_susu/32_v008_f007860.jpg,32,ipanda50,858
iPanda50/32_susu/32_v008_f007910.jpg,32,ipanda50,858
iPanda50/32_susu/32_v008_f007935.jpg,32,ipanda50,858
iPanda50/32_susu/32_v009_f000155.jpg,32,ipanda50,859
iPanda50/32_susu/32_v009_f010690.jpg,32,ipanda50,859
iPanda50/32_susu/32_v009_f010995.jpg,32,ipanda50,859
iPanda50/32_susu/32_v010_f000410.jpg,32,ipanda50,860
iPanda50/32_susu/32_v010_f000770.jpg,32,ipanda50,860
iPanda50/32_susu/32_v011_f000765.jpg,32,ipanda50,861
iPanda50/32_susu/32_v011_f001615.jpg,32,ipanda50,861
iPanda50/32_susu/32_v011_f003570.jpg,32,ipanda50,861
iPanda50/32_susu/32_v011_f003655.jpg,32,ipanda50,861
iPanda50/32_susu/32_v012_f000005.jpg,32,ipanda50,862
iPanda50/32_susu/32_v012_f000035.jpg,32,ipanda50,862
iPanda50/32_susu/32_v012_f000340.jpg,32,ipanda50,862
iPanda50/32_susu/32_v012_f000385.jpg,32,ipanda50,862
iPanda50/32_susu/32_v012_f000490.jpg,32,ipanda50,862
iPanda50/32_susu/32_v012_f001200.jpg,32,ipanda50,862
iPanda50/32_susu/32_v013_f000225.jpg,32,ipanda50,863
iPanda50/32_susu/32_v013_f000765.jpg,32,ipanda50,863
iPanda50/32_susu/32_v013_f001710.jpg,32,ipanda50,863
iPanda50/32_susu/32_v014_f000005.jpg,32,ipanda50,864
iPanda50/32_susu/32_v014_f001555.jpg,32,ipanda50,864
iPanda50/32_susu/32_v015_f003715.jpg,32,ipanda50,865
iPanda50/32_susu/32_v016_f000005.jpg,32,ipanda50,866
iPanda50/32_susu/32_v016_f002355.jpg,32,ipanda50,866
iPanda50/32_susu/32_v017_f000420.jpg,32,ipanda50,867
iPanda50/32_susu/32_v017_f002700.jpg,32,ipanda50,867
iPanda50/32_susu/32_v018_f011050.jpg,32,ipanda50,868
iPanda50/32_susu/32_v018_f011390.jpg,32,ipanda50,868
iPanda50/32_susu/32_v019_f000935.jpg,32,ipanda50,869
iPanda50/32_susu/32_v019_f001555.jpg,32,ipanda50,869
iPanda50/32_susu/32_v019_f001775.jpg,32,ipanda50,869
iPanda50/32_susu/32_v019_f010300.jpg,32,ipanda50,869
iPanda50/32_susu/32_v019_f010315.jpg,32,ipanda50,869
iPanda50/32_susu/32_v019_f010370.jpg,32,ipanda50,869
iPanda50/32_susu/32_v019_f010865.jpg,32,ipanda50,869
iPanda50/32_susu/32_v019_f011140.jpg,32,ipanda50,869
iPanda50/32_susu/32_v019_f011255.jpg,32,ipanda50,869
iPanda50/32_susu/32_v019_f011365.jpg,32,ipanda50,869
iPanda50/32_susu/32_v020_f000005.jpg,32,ipanda50,870
iPanda50/32_susu/32_v020_f000080.jpg,32,ipanda50,870
iPanda50/32_susu/32_v020_f000475.jpg,32,ipanda50,870
iPanda50/32_susu/32_v021_f000085.jpg,32,ipanda50,871
iPanda50/32_susu/32_v021_f004990.jpg,32,ipanda50,871
iPanda50/32_susu/32_v021_f010995.jpg,32,ipanda50,871
iPanda50/32_susu/32_v022_f000085.jpg,32,ipanda50,872
iPanda50/32_susu/32_v024_f000005.jpg,32,ipanda50,873
iPanda50/32_susu/32_v024_f000175.jpg,32,ipanda50,873
iPanda50/32_susu/32_v024_f000305.jpg,32,ipanda50,873
iPanda50/32_susu/32_v024_f000895.jpg,32,ipanda50,873
iPanda50/32_susu/32_v024_f000925.jpg,32,ipanda50,873
iPanda50/32_susu/32_v024_f000995.jpg,32,ipanda50,873
iPanda50/32_susu/32_v024_f001430.jpg,32,ipanda50,873
iPanda50/32_susu/32_v024_f001540.jpg,32,ipanda50,873
iPanda50/32_susu/32_v024_f001605.jpg,32,ipanda50,873
iPanda50/32_susu/32_v024_f001645.jpg,32,ipanda50,873
iPanda50/32_susu/32_v024_f001955.jpg,32,ipanda50,873
iPanda50/32_susu/32_v024_f002825.jpg,32,ipanda50,873
iPanda50/32_susu/32_v024_f002915.jpg,32,ipanda50,873
iPanda50/32_susu/32_v025_f000005.jpg,32,ipanda50,874
iPanda50/32_susu/32_v026_f000005.jpg,32,ipanda50,875
iPanda50/32_susu/32_v026_f000085.jpg,32,ipanda50,875
iPanda50/32_susu/32_v027_f000425.jpg,32,ipanda50,876
iPanda50/32_susu/32_v027_f001530.jpg,32,ipanda50,876
iPanda50/32_susu/32_v027_f001870.jpg,32,ipanda50,876
iPanda50/32_susu/32_v027_f002295.jpg,32,ipanda50,876
iPanda50/32_susu/32_v027_f008925.jpg,32,ipanda50,876
iPanda50/32_susu/32_v028_f000005.jpg,32,ipanda50,877
iPanda50/32_susu/32_v028_f000205.jpg,32,ipanda50,877
iPanda50/32_susu/32_v028_f000305.jpg,32,ipanda50,877
iPanda50/32_susu/32_v028_f000670.jpg,32,ipanda50,877
iPanda50/32_susu/32_v029_f000030.jpg,32,ipanda50,878
iPanda50/32_susu/32_v029_f000370.jpg,32,ipanda50,878
iPanda50/32_susu/32_v029_f000855.jpg,32,ipanda50,878
iPanda50/32_susu/32_v029_f001260.jpg,32,ipanda50,878
iPanda50/32_susu/32_v029_f001655.jpg,32,ipanda50,878
iPanda50/32_susu/32_v030_f000005.jpg,32,ipanda50,879
iPanda50/32_susu/32_v030_f000520.jpg,32,ipanda50,879
iPanda50/32_susu/32_v030_f002445.jpg,32,ipanda50,879
iPanda50/32_susu/32_v030_f003005.jpg,32,ipanda50,879
iPanda50/32_susu/32_v030_f003180.jpg,32,ipanda50,879
iPanda50/32_susu/32_v031_f000850.jpg,32,ipanda50,880
iPanda50/32_susu/32_v031_f001130.jpg,32,ipanda50,880
iPanda50/32_susu/32_v031_f002910.jpg,32,ipanda50,880
iPanda50/32_susu/32_v032_f000160.jpg,32,ipanda50,881
iPanda50/32_susu/32_v032_f000605.jpg,32,ipanda50,881
iPanda50/32_susu/32_v032_f000755.jpg,32,ipanda50,881
iPanda50/32_susu/32_v032_f000950.jpg,32,ipanda50,881
iPanda50/32_susu/32_v032_f001180.jpg,32,ipanda50,881
iPanda50/32_susu/32_v032_f005680.jpg,32,ipanda50,881
iPanda50/32_susu/32_v032_f007405.jpg,32,ipanda50,881
iPanda50/32_susu/32_v033_f000225.jpg,32,ipanda50,882
iPanda50/32_susu/32_v033_f000555.jpg,32,ipanda50,882
iPanda50/32_susu/32_v033_f000720.jpg,32,ipanda50,882
iPanda50/32_susu/32_v033_f000770.jpg,32,ipanda50,882
iPanda50/32_susu/32_v033_f001060.jpg,32,ipanda50,882
iPanda50/32_susu/32_v033_f001380.jpg,32,ipanda50,882
iPanda50/32_susu/32_v033_f002160.jpg,32,ipanda50,882
iPanda50/32_susu/32_v033_f002510.jpg,32,ipanda50,882
iPanda50/32_susu/32_v033_f002805.jpg,32,ipanda50,882
iPanda50/32_susu/32_v033_f003010.jpg,32,ipanda50,882
iPanda50/32_susu/32_v034_f000720.jpg,32,ipanda50,883
iPanda50/32_susu/32_v035_f000055.jpg,32,ipanda50,884
iPanda50/32_susu/32_v035_f000130.jpg,32,ipanda50,884
iPanda50/32_susu/32_v035_f002105.jpg,32,ipanda50,884
iPanda50/32_susu/32_v036_f000005.jpg,32,ipanda50,885
iPanda50/32_susu/32_v036_f000185.jpg,32,ipanda50,885
iPanda50/32_susu/32_v037_f000620.jpg,32,ipanda50,886
iPanda50/32_susu/32_v037_f000670.jpg,32,ipanda50,886
iPanda50/32_susu/32_v037_f000765.jpg,32,ipanda50,886
iPanda50/32_susu/32_v037_f000970.jpg,32,ipanda50,886
iPanda50/32_susu/32_v037_f012980.jpg,32,ipanda50,886
iPanda50/32_susu/32_v037_f014630.jpg,32,ipanda50,886
iPanda50/32_susu/32_v038_f000600.jpg,32,ipanda50,887
iPanda50/32_susu/32_v039_f000050.jpg,32,ipanda50,888
iPanda50/32_susu/32_v040_f000895.jpg,32,ipanda50,889
iPanda50/32_susu/32_v040_f001425.jpg,32,ipanda50,889
iPanda50/32_susu/32_v040_f001655.jpg,32,ipanda50,889
iPanda50/32_susu/32_v045_f000070.jpg,32,ipanda50,890
iPanda50/32_susu/32_v045_f001085.jpg,32,ipanda50,890
iPanda50/32_susu/32_v046_f000420.jpg,32,ipanda50,891
iPanda50/32_susu/32_v046_f004620.jpg,32,ipanda50,891
iPanda50/32_susu/32_v048_f000055.jpg,32,ipanda50,892
iPanda50/32_susu/32_v048_f000235.jpg,32,ipanda50,892
iPanda50/32_susu/32_v048_f000550.jpg,32,ipanda50,892
iPanda50/32_susu/32_v048_f000765.jpg,32,ipanda50,892
iPanda50/32_susu/32_v048_f001055.jpg,32,ipanda50,892
iPanda50/32_susu/32_v048_f001470.jpg,32,ipanda50,892
iPanda50/32_susu/32_v049_f000525.jpg,32,ipanda50,893
iPanda50/32_susu/32_v049_f000595.jpg,32,ipanda50,893
iPanda50/32_susu/32_v049_f000875.jpg,32,ipanda50,893
iPanda50/32_susu/32_v050_f000005.jpg,32,ipanda50,894
iPanda50/32_susu/32_v051_f000255.jpg,32,ipanda50,895
iPanda50/32_susu/32_v051_f000525.jpg,32,ipanda50,895
iPanda50/32_susu/32_v051_f000755.jpg,32,ipanda50,895
iPanda50/32_susu/32_v051_f001095.jpg,32,ipanda50,895
iPanda50/32_susu/32_v051_f001645.jpg,32,ipanda50,895
iPanda50/32_susu/32_v051_f001690.jpg,32,ipanda50,895
iPanda50/32_susu/32_v051_f001895.jpg,32,ipanda50,895
iPanda50/32_susu/32_v052_f000175.jpg,32,ipanda50,896
iPanda50/32_susu/32_v052_f000305.jpg,32,ipanda50,896
iPanda50/32_susu/32_v052_f000430.jpg,32,ipanda50,896
iPanda50/32_susu/32_v053_f000500.jpg,32,ipanda50,897
iPanda50/32_susu/32_v054_f000760.jpg,32,ipanda50,898
iPanda50/32_susu/32_v054_f001325.jpg,32,ipanda50,898
iPanda50/32_susu/32_v054_f001475.jpg,32,ipanda50,898
iPanda50/32_susu/32_v054_f002255.jpg,32,ipanda50,898
iPanda50/32_susu/32_v054_f002755.jpg,32,ipanda50,898
iPanda50/32_susu/32_v054_f003855.jpg,32,ipanda50,898
iPanda50/32_susu/32_v054_f004175.jpg,32,ipanda50,898
iPanda50/32_susu/32_v054_f004945.jpg,32,ipanda50,898
iPanda50/32_susu/32_v055_f000005.jpg,32,ipanda50,899
iPanda50/32_susu/32_v056_f000005.jpg,32,ipanda50,900
iPanda50/32_susu/32_v056_f000155.jpg,32,ipanda50,900
iPanda50/32_susu/32_v056_f000290.jpg,32,ipanda50,900
iPanda50/32_susu/32_v056_f000555.jpg,32,ipanda50,900
iPanda50/32_susu/32_v056_f001155.jpg,32,ipanda50,900
iPanda50/32_susu/32_v056_f002950.jpg,32,ipanda50,900
iPanda50/32_susu/32_v057_f000005.jpg,32,ipanda50,901
iPanda50/32_susu/32_v058_f000005.jpg,32,ipanda50,902
iPanda50/32_susu/32_v058_f001490.jpg,32,ipanda50,902
iPanda50/32_susu/32_v059_f000005.jpg,32,ipanda50,903
iPanda50/32_susu/32_v059_f001355.jpg,32,ipanda50,903
iPanda50/32_susu/32_v059_f001425.jpg,32,ipanda50,903
iPanda50/32_susu/32_v060_f000660.jpg,32,ipanda50,904
iPanda50/32_susu/32_v060_f000695.jpg,32,ipanda50,904
iPanda50/32_susu/32_v060_f000740.jpg,32,ipanda50,904
iPanda50/32_susu/32_v060_f000805.jpg,32,ipanda50,904
iPanda50/32_susu/32_v060_f000885.jpg,32,ipanda50,904
iPanda50/32_susu/32_v060_f001050.jpg,32,ipanda50,904
iPanda50/32_susu/32_v060_f001485.jpg,32,ipanda50,904
iPanda50/32_susu/32_v062_f000045.jpg,32,ipanda50,905
iPanda50/32_susu/32_v062_f000225.jpg,32,ipanda50,905
iPanda50/32_susu/32_v062_f000360.jpg,32,ipanda50,905
iPanda50/32_susu/32_v062_f002430.jpg,32,ipanda50,905
iPanda50/32_susu/32_v062_f002520.jpg,32,ipanda50,905
iPanda50/32_susu/32_v062_f002700.jpg,32,ipanda50,905
iPanda50/32_susu/32_v062_f003015.jpg,32,ipanda50,905
iPanda50/32_susu/32_v065_f000005.jpg,32,ipanda50,906
iPanda50/32_susu/32_v065_f000125.jpg,32,ipanda50,906
iPanda50/32_susu/32_v065_f000155.jpg,32,ipanda50,906
iPanda50/32_susu/32_v065_f001005.jpg,32,ipanda50,906
iPanda50/32_susu/32_v066_f000005.jpg,32,ipanda50,907
iPanda50/32_susu/32_v068_f000005.jpg,32,ipanda50,908
iPanda50/32_susu/32_v068_f003550.jpg,32,ipanda50,908
iPanda50/32_susu/32_v069_f000300.jpg,32,ipanda50,909
iPanda50/32_susu/32_v069_f000690.jpg,32,ipanda50,909
iPanda50/32_susu/32_v069_f001855.jpg,32,ipanda50,909
iPanda50/32_susu/32_v069_f002350.jpg,32,ipanda50,909
iPanda50/32_susu/32_v069_f003985.jpg,32,ipanda50,909
iPanda50/32_susu/32_v071_f000005.jpg,32,ipanda50,910
iPanda50/32_susu/32_v071_f005155.jpg,32,ipanda50,910
iPanda50/32_susu/32_v072_f000740.jpg,32,ipanda50,911
iPanda50/32_susu/32_v072_f001710.jpg,32,ipanda50,911
iPanda50/32_susu/32_v072_f001800.jpg,32,ipanda50,911
iPanda50/32_susu/32_v072_f001980.jpg,32,ipanda50,911
iPanda50/35_xilan/35_v002_f000005.jpg,35,ipanda50,1011
iPanda50/35_xilan/35_v002_f000060.jpg,35,ipanda50,1011
iPanda50/35_xilan/35_v002_f000260.jpg,35,ipanda50,1011
iPanda50/35_xilan/35_v003_f000895.jpg,35,ipanda50,1012
iPanda50/35_xilan/35_v003_f000980.jpg,35,ipanda50,1012
iPanda50/35_xilan/35_v003_f001120.jpg,35,ipanda50,1012
iPanda50/35_xilan/35_v003_f001165.jpg,35,ipanda50,1012
iPanda50/35_xilan/35_v004_f000545.jpg,35,ipanda50,1013
iPanda50/35_xilan/35_v004_f000675.jpg,35,ipanda50,1013
iPanda50/35_xilan/35_v004_f000900.jpg,35,ipanda50,1013
iPanda50/35_xilan/35_v005_f000230.jpg,35,ipanda50,1014
iPanda50/35_xilan/35_v005_f000475.jpg,35,ipanda50,1014
iPanda50/35_xilan/35_v006_f000100.jpg,35,ipanda50,1015
iPanda50/35_xilan/35_v006_f000450.jpg,35,ipanda50,1015
iPanda50/35_xilan/35_v007_f000015.jpg,35,ipanda50,1016
iPanda50/35_xilan/35_v007_f000420.jpg,35,ipanda50,1016
iPanda50/35_xilan/35_v007_f002660.jpg,35,ipanda50,1016
iPanda50/35_xilan/35_v007_f002710.jpg,35,ipanda50,1016
iPanda50/35_xilan/35_v008_f000005.jpg,35,ipanda50,1017
iPanda50/35_xilan/35_v008_f000270.jpg,35,ipanda50,1017
iPanda50/35_xilan/35_v008_f000510.jpg,35,ipanda50,1017
iPanda50/35_xilan/35_v008_f000540.jpg,35,ipanda50,1017
iPanda50/35_xilan/35_v008_f001055.jpg,35,ipanda50,1017
iPanda50/35_xilan/35_v009_f000090.jpg,35,ipanda50,1018
iPanda50/35_xilan/35_v009_f001085.jpg,35,ipanda50,1018
iPanda50/35_xilan/35_v009_f002180.jpg,35,ipanda50,1018
iPanda50/35_xilan/35_v010_f001725.jpg,35,ipanda50,1019
iPanda50/35_xilan/35_v010_f002055.jpg,35,ipanda50,1019
iPanda50/35_xilan/35_v010_f003030.jpg,35,ipanda50,1019
iPanda50/35_xilan/35_v010_f004185.jpg,35,ipanda50,1019
iPanda50/35_xilan/35_v010_f005570.jpg,35,ipanda50,1019
iPanda50/35_xilan/35_v010_f005625.jpg,35,ipanda50,1019
iPanda50/35_xilan/35_v010_f005650.jpg,35,ipanda50,1019
iPanda50/35_xilan/35_v010_f006290.jpg,35,ipanda50,1019
iPanda50/35_xilan/35_v011_f000990.jpg,35,ipanda50,1020
iPanda50/35_xilan/35_v011_f001040.jpg,35,ipanda50,1020
iPanda50/35_xilan/35_v012_f000225.jpg,35,ipanda50,1021
iPanda50/35_xilan/35_v012_f000930.jpg,35,ipanda50,1021
iPanda50/35_xilan/35_v013_f000050.jpg,35,ipanda50,1022
iPanda50/35_xilan/35_v014_f000005.jpg,35,ipanda50,1023
iPanda50/35_xilan/35_v014_f000145.jpg,35,ipanda50,1023
iPanda50/35_xilan/35_v014_f000240.jpg,35,ipanda50,1023
iPanda50/35_xilan/35_v014_f000350.jpg,35,ipanda50,1023
iPanda50/35_xilan/35_v015_f000025.jpg,35,ipanda50,1024
iPanda50/35_xilan/35_v015_f000135.jpg,35,ipanda50,1024
iPanda50/35_xilan/35_v015_f000395.jpg,35,ipanda50,1024
iPanda50/35_xilan/35_v015_f004590.jpg,35,ipanda50,1024
iPanda50/35_xilan/35_v016_f000195.jpg,35,ipanda50,1025
iPanda50/35_xilan/35_v016_f000335.jpg,35,ipanda50,1025
iPanda50/35_xilan/35_v016_f001490.jpg,35,ipanda50,1025
iPanda50/35_xilan/35_v016_f001945.jpg,35,ipanda50,1025
iPanda50/35_xilan/35_v017_f000020.jpg,35,ipanda50,1026
iPanda50/35_xilan/35_v017_f000340.jpg,35,ipanda50,1026
iPanda50/35_xilan/35_v017_f001115.jpg,35,ipanda50,1026
iPanda50/35_xilan/35_v017_f001440.jpg,35,ipanda50,1026
iPanda50/35_xilan/35_v018_f000560.jpg,35,ipanda50,1027
iPanda50/35_xilan/35_v018_f001330.jpg,35,ipanda50,1027
iPanda50/35_xilan/35_v019_f000335.jpg,35,ipanda50,1028
iPanda50/35_xilan/35_v019_f000690.jpg,35,ipanda50,1028
iPanda50/35_xilan/35_v022_f000005.jpg,35,ipanda50,1029
iPanda50/35_xilan/35_v022_f000105.jpg,35,ipanda50,1029
iPanda50/35_xilan/35_v023_f000640.jpg,35,ipanda50,1030
iPanda50/35_xilan/35_v023_f000725.jpg,35,ipanda50,1030
iPanda50/35_xilan/35_v023_f000750.jpg,35,ipanda50,1030
iPanda50/35_xilan/35_v023_f000975.jpg,35,ipanda50,1030
iPanda50/35_xilan/35_v025_f000510.jpg,35,ipanda50,1031
iPanda50/35_xilan/35_v025_f000565.jpg,35,ipanda50,1031
iPanda50/35_xilan/35_v025_f000700.jpg,35,ipanda50,1031
iPanda50/35_xilan/35_v026_f000875.jpg,35,ipanda50,1032
iPanda50/35_xilan/35_v027_f000045.jpg,35,ipanda50,1033
iPanda50/35_xilan/35_v027_f000075.jpg,35,ipanda50,1033
iPanda50/35_xilan/35_v027_f000120.jpg,35,ipanda50,1033
iPanda50/35_xilan/35_v027_f000545.jpg,35,ipanda50,1033
iPanda50/35_xilan/35_v027_f000725.jpg,35,ipanda50,1033
iPanda50/35_xilan/35_v027_f000835.jpg,35,ipanda50,1033
iPanda50/35_xilan/35_v027_f001035.jpg,35,ipanda50,1033
iPanda50/35_xilan/35_v027_f001170.jpg,35,ipanda50,1033
iPanda50/35_xilan/35_v027_f001200.jpg,35,ipanda50,1033
iPanda50/35_xilan/35_v027_f001310.jpg,35,ipanda50,1033
iPanda50/35_xilan/35_v027_f001405.jpg,35,ipanda50,1033
iPanda50/35_xilan/35_v027_f001425.jpg,35,ipanda50,1033
iPanda50/35_xilan/35_v027_f001580.jpg,35,ipanda50,1033
iPanda50/35_xilan/35_v027_f001665.jpg,35,ipanda50,1033
iPanda50/35_xilan/35_v027_f001860.jpg,35,ipanda50,1033
iPanda50/35_xilan/35_v027_f001885.jpg,35,ipanda50,1033
iPanda50/35_xilan/35_v027_f002190.jpg,35,ipanda50,1033
iPanda50/35_xilan/35_v027_f002315.jpg,35,ipanda50,1033
iPanda50/35_xilan/35_v027_f002460.jpg,35,ipanda50,1033
iPanda50/35_xilan/35_v027_f002560.jpg,35,ipanda50,1033
iPanda50/35_xilan/35_v027_f002685.jpg,35,ipanda50,1033
iPanda50/35_xilan/35_v027_f002825.jpg,35,ipanda50,1033
iPanda50/35_xilan/35_v027_f003060.jpg,35,ipanda50,1033
iPanda50/35_xilan/35_v027_f003125.jpg,35,ipanda50,1033
iPanda50/35_xilan/35_v027_f003330.jpg,35,ipanda50,1033
iPanda50/35_xilan/35_v027_f003365.jpg,35,ipanda50,1033
iPanda50/35_xilan/35_v028_f000005.jpg,35,ipanda50,1034
iPanda50/35_xilan/35_v028_f001305.jpg,35,ipanda50,1034
iPanda50/35_xilan/35_v029_f000005.jpg,35,ipanda50,1035
iPanda50/35_xilan/35_v029_f001925.jpg,35,ipanda50,1035
iPanda50/35_xilan/35_v029_f001950.jpg,35,ipanda50,1035
iPanda50/35_xilan/35_v029_f002095.jpg,35,ipanda50,1035
iPanda50/35_xilan/35_v029_f002125.jpg,35,ipanda50,1035
iPanda50/35_xilan/35_v030_f000005.jpg,35,ipanda50,1036
iPanda50/35_xilan/35_v030_f000095.jpg,35,ipanda50,1036
iPanda50/35_xilan/35_v030_f000985.jpg,35,ipanda50,1036
iPanda50/35_xilan/35_v031_f000005.jpg,35,ipanda50,1037
iPanda50/35_xilan/35_v033_f000890.jpg,35,ipanda50,1038
iPanda50/35_xilan/35_v033_f000935.jpg,35,ipanda50,1038
iPanda50/35_xilan/35_v033_f000985.jpg,35,ipanda50,1038
iPanda50/35_xilan/35_v033_f001300.jpg,35,ipanda50,1038
iPanda50/35_xilan/35_v033_f001440.jpg,35,ipanda50,1038
iPanda50/35_xilan/35_v034_f000005.jpg,35,ipanda50,1039
iPanda50/35_xilan/35_v035_f000005.jpg,35,ipanda50,1040
iPanda50/35_xilan/35_v036_f000005.jpg,35,ipanda50,1041
iPanda50/35_xilan/35_v036_f001935.jpg,35,ipanda50,1041
iPanda50/35_xilan/35_v036_f002835.jpg,35,ipanda50,1041
iPanda50/35_xilan/35_v036_f002880.jpg,35,ipanda50,1041
iPanda50/35_xilan/35_v037_f000005.jpg,35,ipanda50,1042
iPanda50/35_xilan/35_v037_f000930.jpg,35,ipanda50,1042
iPanda50/35_xilan/35_v038_f000015.jpg,35,ipanda50,1043
iPanda50/35_xilan/35_v038_f001125.jpg,35,ipanda50,1043
iPanda50/35_xilan/35_v038_f003630.jpg,35,ipanda50,1043
iPanda50/35_xilan/35_v038_f009390.jpg,35,ipanda50,1043
iPanda50/35_xilan/35_v038_f009740.jpg,35,ipanda50,1043
iPanda50/35_xilan/35_v040_f001080.jpg,35,ipanda50,1044
iPanda50/35_xilan/35_v040_f001755.jpg,35,ipanda50,1044
iPanda50/35_xilan/35_v041_f001275.jpg,35,ipanda50,1045
iPanda50/35_xilan/35_v041_f006375.jpg,35,ipanda50,1045
iPanda50/35_xilan/35_v041_f008585.jpg,35,ipanda50,1045
iPanda50/35_xilan/35_v042_f004305.jpg,35,ipanda50,1046
iPanda50/35_xilan/35_v043_f001180.jpg,35,ipanda50,1047
iPanda50/35_xilan/35_v043_f001245.jpg,35,ipanda50,1047
iPanda50/35_xilan/35_v043_f001400.jpg,35,ipanda50,1047
iPanda50/35_xilan/35_v043_f001450.jpg,35,ipanda50,1047
iPanda50/35_xilan/35_v043_f001505.jpg,35,ipanda50,1047
iPanda50/35_xilan/35_v043_f001920.jpg,35,ipanda50,1047
iPanda50/35_xilan/35_v043_f002165.jpg,35,ipanda50,1047
iPanda50/35_xilan/35_v044_f000040.jpg,35,ipanda50,1048
iPanda50/35_xilan/35_v044_f000070.jpg,35,ipanda50,1048
iPanda50/35_xilan/35_v044_f000275.jpg,35,ipanda50,1048
iPanda50/35_xilan/35_v044_f000950.jpg,35,ipanda50,1048
iPanda50/35_xilan/35_v044_f001980.jpg,35,ipanda50,1048
iPanda50/35_xilan/35_v044_f002715.jpg,35,ipanda50,1048
iPanda50/35_xilan/35_v044_f002755.jpg,35,ipanda50,1048
iPanda50/35_xilan/35_v044_f003115.jpg,35,ipanda50,1048
iPanda50/35_xilan/35_v045_f001030.jpg,35,ipanda50,1049
iPanda50/35_xilan/35_v045_f001110.jpg,35,ipanda50,1049
iPanda50/35_xilan/35_v045_f001255.jpg,35,ipanda50,1049
iPanda50/35_xilan/35_v045_f001560.jpg,35,ipanda50,1049
iPanda50/35_xilan/35_v045_f002075.jpg,35,ipanda50,1049
iPanda50/35_xilan/35_v045_f003255.jpg,35,ipanda50,1049
iPanda50/35_xilan/35_v046_f000680.jpg,35,ipanda50,1050
iPanda50/35_xilan/35_v046_f001505.jpg,35,ipanda50,1050
iPanda50/35_xilan/35_v046_f001855.jpg,35,ipanda50,1050
iPanda50/35_xilan/35_v048_f000835.jpg,35,ipanda50,1051
iPanda50/35_xilan/35_v048_f001320.jpg,35,ipanda50,1051
iPanda50/35_xilan/35_v048_f003160.jpg,35,ipanda50,1051
iPanda50/35_xilan/35_v048_f004200.jpg,35,ipanda50,1051
iPanda50/35_xilan/35_v048_f004545.jpg,35,ipanda50,1051
iPanda50/35_xilan/35_v048_f004895.jpg,35,ipanda50,1051
iPanda50/35_xilan/35_v048_f004985.jpg,35,ipanda50,1051
iPanda50/35_xilan/35_v048_f005085.jpg,35,ipanda50,1051
iPanda50/35_xilan/35_v048_f005220.jpg,35,ipanda50,1051
iPanda50/35_xilan/35_v050_f000235.jpg,35,ipanda50,1052
iPanda50/35_xilan/35_v050_f000350.jpg,35,ipanda50,1052
iPanda50/35_xilan/35_v050_f001070.jpg,35,ipanda50,1052
iPanda50/35_xilan/35_v050_f001645.jpg,35,ipanda50,1052
iPanda50/35_xilan/35_v051_f000495.jpg,35,ipanda50,1053
iPanda50/35_xilan/35_v052_f000255.jpg,35,ipanda50,1054
iPanda50/35_xilan/35_v052_f009775.jpg,35,ipanda50,1054
iPanda50/35_xilan/35_v053_f000595.jpg,35,ipanda50,1055
iPanda50/35_xilan/35_v054_f000005.jpg,35,ipanda50,1056
iPanda50/35_xilan/35_v054_f000270.jpg,35,ipanda50,1056
iPanda50/35_xilan/35_v054_f001995.jpg,35,ipanda50,1056
iPanda50/35_xilan/35_v054_f002230.jpg,35,ipanda50,1056
iPanda50/35_xilan/35_v055_f001445.jpg,35,ipanda50,1057
iPanda50/35_xilan/35_v055_f007310.jpg,35,ipanda50,1057
iPanda50/35_xilan/35_v056_f003000.jpg,35,ipanda50,1058
iPanda50/35_xilan/35_v057_f000125.jpg,35,ipanda50,1059
iPanda50/35_xilan/35_v058_f000005.jpg,35,ipanda50,1060
iPanda50/35_xilan/35_v058_f001205.jpg,35,ipanda50,1060
iPanda50/35_xilan/35_v058_f001225.jpg,35,ipanda50,1060
iPanda50/35_xilan/35_v058_f002585.jpg,35,ipanda50,1060
iPanda50/35_xilan/35_v059_f001560.jpg,35,ipanda50,1061
iPanda50/35_xilan/35_v060_f000060.jpg,35,ipanda50,1062
iPanda50/35_xilan/35_v061_f001710.jpg,35,ipanda50,1063
iPanda50/35_xilan/35_v061_f002515.jpg,35,ipanda50,1063
iPanda50/35_xilan/35_v061_f002530.jpg,35,ipanda50,1063
iPanda50/35_xilan/35_v061_f002605.jpg,35,ipanda50,1063
iPanda50/35_xilan/35_v061_f002710.jpg,35,ipanda50,1063
iPanda50/35_xilan/35_v061_f002815.jpg,35,ipanda50,1063
iPanda50/35_xilan/35_v062_f001530.jpg,35,ipanda50,1064
iPanda50/35_xilan/35_v062_f002970.jpg,35,ipanda50,1064
iPanda50/35_xilan/35_v063_f000240.jpg,35,ipanda50,1065
iPanda50/35_xilan/35_v063_f001860.jpg,35,ipanda50,1065
iPanda50/35_xilan/35_v064_f000005.jpg,35,ipanda50,1066
iPanda50/35_xilan/35_v064_f000600.jpg,35,ipanda50,1066
iPanda50/35_xilan/35_v064_f004200.jpg,35,ipanda50,1066
iPanda50/35_xilan/35_v065_f000150.jpg,35,ipanda50,1067
iPanda50/35_xilan/35_v066_f000305.jpg,35,ipanda50,1068
iPanda50/35_xilan/35_v066_f002695.jpg,35,ipanda50,1068
iPanda50/35_xilan/35_v066_f005165.jpg,35,ipanda50,1068
iPanda50/35_xilan/35_v067_f000055.jpg,35,ipanda50,1069
iPanda50/35_xilan/35_v068_f000900.jpg,35,ipanda50,1070
iPanda50/35_xilan/35_v068_f003120.jpg,35,ipanda50,1070
iPanda50/35_xilan/35_v069_f000005.jpg,35,ipanda50,1071
iPanda50/35_xilan/35_v069_f000980.jpg,35,ipanda50,1071
iPanda50/35_xilan/35_v079_f000005.jpg,35,ipanda50,1072
iPanda50/35_xilan/35_v079_f000575.jpg,35,ipanda50,1072
iPanda50/35_xilan/35_v079_f000610.jpg,35,ipanda50,1072
iPanda50/35_xilan/35_v079_f000805.jpg,35,ipanda50,1072
iPanda50/35_xilan/35_v081_f000005.jpg,35,ipanda50,1073
iPanda50/35_xilan/35_v081_f000105.jpg,35,ipanda50,1073
iPanda50/35_xilan/35_v081_f000855.jpg,35,ipanda50,1073
iPanda50/35_xilan/35_v083_f000005.jpg,35,ipanda50,1074
iPanda50/35_xilan/35_v083_f000850.jpg,35,ipanda50,1074
iPanda50/35_xilan/35_v083_f000945.jpg,35,ipanda50,1074
iPanda50/35_xilan/35_v083_f001830.jpg,35,ipanda50,1074
iPanda50/35_xilan/35_v086_f000005.jpg,35,ipanda50,1075
iPanda50/35_xilan/35_v086_f000475.jpg,35,ipanda50,1075
iPanda50/35_xilan/35_v086_f002630.jpg,35,ipanda50,1075
iPanda50/35_xilan/35_v087_f003810.jpg,35,ipanda50,1076
iPanda50/35_xilan/35_v087_f005590.jpg,35,ipanda50,1076
iPanda50/35_xilan/35_v091_f000005.jpg,35,ipanda50,1077
iPanda50/35_xilan/35_v092_f000600.jpg,35,ipanda50,1078
iPanda50/35_xilan/35_v092_f000640.jpg,35,ipanda50,1078
iPanda50/35_xilan/35_v092_f000655.jpg,35,ipanda50,1078
iPanda50/35_xilan/35_v092_f000670.jpg,35,ipanda50,1078
iPanda50/35_xilan/35_v092_f000760.jpg,35,ipanda50,1078
iPanda50/35_xilan/35_v092_f000940.jpg,35,ipanda50,1078
iPanda50/35_xilan/35_v092_f001540.jpg,35,ipanda50,1078
iPanda50/35_xilan/35_v092_f002160.jpg,35,ipanda50,1078
iPanda50/35_xilan/35_v092_f002430.jpg,35,ipanda50,1078
iPanda50/35_xilan/35_v092_f003020.jpg,35,ipanda50,1078
iPanda50/35_xilan/35_v092_f003970.jpg,35,ipanda50,1078
iPanda50/36_xingda/36_v001_f000300.jpg,36,ipanda50,1079
iPanda50/36_xingda/36_v001_f000830.jpg,36,ipanda50,1079
iPanda50/36_xingda/36_v001_f001005.jpg,36,ipanda50,1079
iPanda50/36_xingda/36_v001_f001400.jpg,36,ipanda50,1079
iPanda50/36_xingda/36_v001_f001805.jpg,36,ipanda50,1079
iPanda50/36_xingda/36_v001_f001920.jpg,36,ipanda50,1079
iPanda50/36_xingda/36_v003_f000865.jpg,36,ipanda50,1080
iPanda50/36_xingda/36_v003_f001035.jpg,36,ipanda50,1080
iPanda50/36_xingda/36_v003_f001200.jpg,36,ipanda50,1080
iPanda50/36_xingda/36_v003_f001610.jpg,36,ipanda50,1080
iPanda50/36_xingda/36_v003_f001860.jpg,36,ipanda50,1080
iPanda50/36_xingda/36_v003_f001955.jpg,36,ipanda50,1080
iPanda50/36_xingda/36_v003_f002115.jpg,36,ipanda50,1080
iPanda50/36_xingda/36_v004_f000005.jpg,36,ipanda50,1081
iPanda50/36_xingda/36_v004_f000425.jpg,36,ipanda50,1081
iPanda50/36_xingda/36_v004_f000780.jpg,36,ipanda50,1081
iPanda50/36_xingda/36_v005_f000005.jpg,36,ipanda50,1082
iPanda50/36_xingda/36_v005_f000825.jpg,36,ipanda50,1082
iPanda50/36_xingda/36_v006_f000005.jpg,36,ipanda50,1083
iPanda50/36_xingda/36_v006_f000330.jpg,36,ipanda50,1083
iPanda50/36_xingda/36_v012_f000005.jpg,36,ipanda50,1084
iPanda50/36_xingda/36_v015_f001325.jpg,36,ipanda50,1085
iPanda50/36_xingda/36_v015_f001450.jpg,36,ipanda50,1085
iPanda50/36_xingda/36_v016_f000680.jpg,36,ipanda50,1086
iPanda50/36_xingda/36_v016_f001615.jpg,36,ipanda50,1086
iPanda50/36_xingda/36_v016_f012410.jpg,36,ipanda50,1086
iPanda50/36_xingda/36_v017_f000085.jpg,36,ipanda50,1087
iPanda50/36_xingda/36_v017_f000510.jpg,36,ipanda50,1087
iPanda50/36_xingda/36_v017_f000645.jpg,36,ipanda50,1087
iPanda50/36_xingda/36_v017_f001305.jpg,36,ipanda50,1087
iPanda50/36_xingda/36_v017_f003275.jpg,36,ipanda50,1087
iPanda50/36_xingda/36_v017_f006420.jpg,36,ipanda50,1087
iPanda50/36_xingda/36_v017_f013235.jpg,36,ipanda50,1087
iPanda50/36_xingda/36_v017_f014475.jpg,36,ipanda50,1087
iPanda50/36_xingda/36_v017_f014915.jpg,36,ipanda50,1087
iPanda50/36_xingda/36_v017_f014955.jpg,36,ipanda50,1087
iPanda50/36_xingda/36_v017_f015050.jpg,36,ipanda50,1087
iPanda50/36_xingda/36_v017_f015130.jpg,36,ipanda50,1087
iPanda50/36_xingda/36_v017_f015500.jpg,36,ipanda50,1087
iPanda50/36_xingda/36_v018_f000005.jpg,36,ipanda50,1088
iPanda50/36_xingda/36_v018_f000155.jpg,36,ipanda50,1088
iPanda50/36_xingda/36_v018_f000285.jpg,36,ipanda50,1088
iPanda50/36_xingda/36_v018_f000735.jpg,36,ipanda50,1088
iPanda50/36_xingda/36_v020_f000090.jpg,36,ipanda50,1089
iPanda50/36_xingda/36_v020_f000450.jpg,36,ipanda50,1089
iPanda50/36_xingda/36_v020_f001480.jpg,36,ipanda50,1089
iPanda50/36_xingda/36_v020_f002925.jpg,36,ipanda50,1089
iPanda50/36_xingda/36_v021_f000135.jpg,36,ipanda50,1090
iPanda50/36_xingda/36_v021_f000495.jpg,36,ipanda50,1090
iPanda50/36_xingda/36_v021_f001350.jpg,36,ipanda50,1090
iPanda50/36_xingda/36_v021_f001845.jpg,36,ipanda50,1090
iPanda50/36_xingda/36_v021_f002880.jpg,36,ipanda50,1090
iPanda50/36_xingda/36_v022_f000060.jpg,36,ipanda50,1091
iPanda50/36_xingda/36_v022_f000420.jpg,36,ipanda50,1091
iPanda50/36_xingda/36_v022_f001380.jpg,36,ipanda50,1091
iPanda50/36_xingda/36_v023_f000005.jpg,36,ipanda50,1092
iPanda50/36_xingda/36_v023_f000580.jpg,36,ipanda50,1092
iPanda50/36_xingda/36_v024_f000250.jpg,36,ipanda50,1093
iPanda50/36_xingda/36_v025_f001190.jpg,36,ipanda50,1094
iPanda50/36_xingda/36_v025_f001225.jpg,36,ipanda50,1094
iPanda50/36_xingda/36_v025_f002220.jpg,36,ipanda50,1094
iPanda50/36_xingda/36_v026_f000125.jpg,36,ipanda50,1095
iPanda50/36_xingda/36_v026_f000325.jpg,36,ipanda50,1095
iPanda50/36_xingda/36_v026_f000575.jpg,36,ipanda50,1095
iPanda50/36_xingda/36_v029_f001505.jpg,36,ipanda50,1096
iPanda50/36_xingda/36_v030_f000415.jpg,36,ipanda50,1097
iPanda50/36_xingda/36_v030_f001380.jpg,36,ipanda50,1097
iPanda50/36_xingda/36_v030_f001760.jpg,36,ipanda50,1097
iPanda50/36_xingda/36_v030_f004780.jpg,36,ipanda50,1097
iPanda50/36_xingda/36_v030_f007055.jpg,36,ipanda50,1097
iPanda50/36_xingda/36_v031_f000005.jpg,36,ipanda50,1098
iPanda50/36_xingda/36_v031_f000025.jpg,36,ipanda50,1098
iPanda50/36_xingda/36_v031_f007310.jpg,36,ipanda50,1098
iPanda50/36_xingda/36_v033_f000005.jpg,36,ipanda50,1099
iPanda50/36_xingda/36_v033_f000325.jpg,36,ipanda50,1099
iPanda50/36_xingda/36_v033_f000575.jpg,36,ipanda50,1099
iPanda50/36_xingda/36_v033_f000700.jpg,36,ipanda50,1099
iPanda50/36_xingda/36_v033_f000985.jpg,36,ipanda50,1099
iPanda50/36_xingda/36_v033_f001160.jpg,36,ipanda50,1099
iPanda50/36_xingda/36_v033_f001270.jpg,36,ipanda50,1099
iPanda50/36_xingda/36_v033_f001480.jpg,36,ipanda50,1099
iPanda50/36_xingda/36_v033_f003005.jpg,36,ipanda50,1099
iPanda50/36_xingda/36_v035_f000145.jpg,36,ipanda50,1100
iPanda50/36_xingda/36_v037_f000350.jpg,36,ipanda50,1101
iPanda50/36_xingda/36_v037_f001275.jpg,36,ipanda50,1101
iPanda50/36_xingda/36_v037_f001475.jpg,36,ipanda50,1101
iPanda50/36_xingda/36_v039_f000005.jpg,36,ipanda50,1102
iPanda50/36_xingda/36_v039_f000190.jpg,36,ipanda50,1102
iPanda50/36_xingda/36_v040_f000110.jpg,36,ipanda50,1103
iPanda50/36_xingda/36_v040_f001645.jpg,36,ipanda50,1103
iPanda50/36_xingda/36_v040_f001935.jpg,36,ipanda50,1103
iPanda50/36_xingda/36_v040_f002000.jpg,36,ipanda50,1103
iPanda50/36_xingda/36_v041_f000005.jpg,36,ipanda50,1104
iPanda50/36_xingda/36_v042_f000005.jpg,36,ipanda50,1105
iPanda50/36_xingda/36_v042_f000030.jpg,36,ipanda50,1105
iPanda50/36_xingda/36_v042_f000110.jpg,36,ipanda50,1105
iPanda50/36_xingda/36_v042_f000325.jpg,36,ipanda50,1105
iPanda50/36_xingda/36_v042_f000355.jpg,36,ipanda50,1105
iPanda50/36_xingda/36_v042_f000960.jpg,36,ipanda50,1105
iPanda50/36_xingda/36_v042_f001080.jpg,36,ipanda50,1105
iPanda50/36_xingda/36_v042_f001260.jpg,36,ipanda50,1105
iPanda50/36_xingda/36_v042_f001455.jpg,36,ipanda50,1105
iPanda50/36_xingda/36_v042_f001580.jpg,36,ipanda50,1105
iPanda50/36_xingda/36_v042_f001710.jpg,36,ipanda50,1105
iPanda50/36_xingda/36_v042_f001770.jpg,36,ipanda50,1105
iPanda50/36_xingda/36_v042_f001975.jpg,36,ipanda50,1105
iPanda50/36_xingda/36_v042_f002040.jpg,36,ipanda50,1105
iPanda50/36_xingda/36_v042_f002175.jpg,36,ipanda50,1105
iPanda50/36_xingda/36_v042_f002285.jpg,36,ipanda50,1105
iPanda50/36_xingda/36_v042_f002355.jpg,36,ipanda50,1105
iPanda50/36_xingda/36_v042_f002560.jpg,36,ipanda50,1105
iPanda50/36_xingda/36_v043_f000625.jpg,36,ipanda50,1106
iPanda50/36_xingda/36_v043_f001105.jpg,36,ipanda50,1106
iPanda50/36_xingda/36_v044_f000005.jpg,36,ipanda50,1107
iPanda50/36_xingda/36_v044_f000585.jpg,36,ipanda50,1107
iPanda50/36_xingda/36_v044_f001845.jpg,36,ipanda50,1107
iPanda50/36_xingda/36_v044_f001900.jpg,36,ipanda50,1107
iPanda50/36_xingda/36_v044_f002115.jpg,36,ipanda50,1107
iPanda50/36_xingda/36_v045_f000120.jpg,36,ipanda50,1108
iPanda50/36_xingda/36_v045_f000660.jpg,36,ipanda50,1108
iPanda50/36_xingda/36_v045_f001020.jpg,36,ipanda50,1108
iPanda50/36_xingda/36_v045_f004500.jpg,36,ipanda50,1108
iPanda50/36_xingda/36_v046_f000005.jpg,36,ipanda50,1109
iPanda50/36_xingda/36_v046_f000185.jpg,36,ipanda50,1109
iPanda50/36_xingda/36_v046_f000455.jpg,36,ipanda50,1109
iPanda50/36_xingda/36_v046_f001635.jpg,36,ipanda50,1109
iPanda50/36_xingda/36_v046_f002705.jpg,36,ipanda50,1109
iPanda50/36_xingda/36_v046_f004075.jpg,36,ipanda50,1109
iPanda50/36_xingda/36_v047_f000005.jpg,36,ipanda50,1110
iPanda50/36_xingda/36_v048_f000005.jpg,36,ipanda50,1111
iPanda50/36_xingda/36_v048_f000360.jpg,36,ipanda50,1111
iPanda50/36_xingda/36_v048_f002280.jpg,36,ipanda50,1111
iPanda50/36_xingda/36_v049_f000225.jpg,36,ipanda50,1112
iPanda50/36_xingda/36_v049_f001435.jpg,36,ipanda50,1112
iPanda50/36_xingda/36_v050_f000300.jpg,36,ipanda50,1113
iPanda50/36_xingda/36_v050_f000600.jpg,36,ipanda50,1113
iPanda50/36_xingda/36_v050_f001080.jpg,36,ipanda50,1113
iPanda50/36_xingda/36_v050_f003240.jpg,36,ipanda50,1113
iPanda50/36_xingda/36_v052_f000005.jpg,36,ipanda50,1114
iPanda50/36_xingda/36_v053_f000005.jpg,36,ipanda50,1115
iPanda50/36_xingda/36_v053_f000090.jpg,36,ipanda50,1115
iPanda50/36_xingda/36_v053_f000415.jpg,36,ipanda50,1115
iPanda50/36_xingda/36_v053_f000875.jpg,36,ipanda50,1115
iPanda50/36_xingda/36_v053_f001030.jpg,36,ipanda50,1115
iPanda50/36_xingda/36_v057_f000300.jpg,36,ipanda50,1116
iPanda50/36_xingda/36_v057_f003720.jpg,36,ipanda50,1116
iPanda50/36_xingda/36_v058_f000075.jpg,36,ipanda50,1117
iPanda50/36_xingda/36_v058_f000495.jpg,36,ipanda50,1117
iPanda50/36_xingda/36_v059_f000005.jpg,36,ipanda50,1118
iPanda50/36_xingda/36_v060_f000230.jpg,36,ipanda50,1119
iPanda50/36_xingda/36_v060_f000565.jpg,36,ipanda50,1119
iPanda50/36_xingda/36_v060_f000690.jpg,36,ipanda50,1119
iPanda50/36_xingda/36_v061_f000005.jpg,36,ipanda50,1120
iPanda50/36_xingda/36_v062_f000300.jpg,36,ipanda50,1121
iPanda50/36_xingda/36_v062_f002040.jpg,36,ipanda50,1121
iPanda50/36_xingda/36_v062_f003000.jpg,36,ipanda50,1121
iPanda50/36_xingda/36_v064_f000025.jpg,36,ipanda50,1122
iPanda50/36_xingda/36_v064_f001475.jpg,36,ipanda50,1122
iPanda50/36_xingda/36_v065_f000050.jpg,36,ipanda50,1123
iPanda50/36_xingda/36_v065_f000350.jpg,36,ipanda50,1123
iPanda50/36_xingda/36_v065_f001425.jpg,36,ipanda50,1123
iPanda50/36_xingda/36_v066_f000005.jpg,36,ipanda50,1124
iPanda50/36_xingda/36_v066_f001005.jpg,36,ipanda50,1124
iPanda50/36_xingda/36_v070_f000380.jpg,36,ipanda50,1125
iPanda50/36_xingda/36_v070_f000755.jpg,36,ipanda50,1125
iPanda50/36_xingda/36_v071_f000030.jpg,36,ipanda50,1126
iPanda50/36_xingda/36_v071_f001080.jpg,36,ipanda50,1126
iPanda50/36_xingda/36_v071_f001305.jpg,36,ipanda50,1126
iPanda50/36_xingda/36_v071_f001730.jpg,36,ipanda50,1126
iPanda50/36_xingda/36_v071_f004235.jpg,36,ipanda50,1126
iPanda50/36_xingda/36_v071_f004395.jpg,36,ipanda50,1126
iPanda50/36_xingda/36_v071_f004470.jpg,36,ipanda50,1126
iPanda50/36_xingda/36_v072_f000005.jpg,36,ipanda50,1127
iPanda50/36_xingda/36_v072_f000250.jpg,36,ipanda50,1127
iPanda50/36_xingda/36_v072_f000825.jpg,36,ipanda50,1127
iPanda50/36_xingda/36_v072_f000875.jpg,36,ipanda50,1127
iPanda50/36_xingda/36_v073_f000005.jpg,36,ipanda50,1128
iPanda50/36_xingda/36_v073_f000205.jpg,36,ipanda50,1128
iPanda50/36_xingda/36_v073_f000920.jpg,36,ipanda50,1128
iPanda50/36_xingda/36_v073_f000980.jpg,36,ipanda50,1128
iPanda50/36_xingda/36_v073_f001030.jpg,36,ipanda50,1128
iPanda50/36_xingda/36_v073_f001150.jpg,36,ipanda50,1128
iPanda50/38_xingfan/38_v001_f000005.jpg,38,ipanda50,1157
iPanda50/38_xingfan/38_v002_f001005.jpg,38,ipanda50,1158
iPanda50/38_xingfan/38_v003_f000005.jpg,38,ipanda50,1159
iPanda50/38_xingfan/38_v003_f000180.jpg,38,ipanda50,1159
iPanda50/38_xingfan/38_v004_f000005.jpg,38,ipanda50,1160
iPanda50/38_xingfan/38_v005_f000005.jpg,38,ipanda50,1161
iPanda50/38_xingfan/38_v005_f001105.jpg,38,ipanda50,1161
iPanda50/38_xingfan/38_v005_f002605.jpg,38,ipanda50,1161
iPanda50/38_xingfan/38_v006_f000005.jpg,38,ipanda50,1162
iPanda50/38_xingfan/38_v006_f000265.jpg,38,ipanda50,1162
iPanda50/38_xingfan/38_v006_f000330.jpg,38,ipanda50,1162
iPanda50/38_xingfan/38_v007_f000005.jpg,38,ipanda50,1163
iPanda50/38_xingfan/38_v007_f000485.jpg,38,ipanda50,1163
iPanda50/38_xingfan/38_v007_f001035.jpg,38,ipanda50,1163
iPanda50/38_xingfan/38_v007_f001120.jpg,38,ipanda50,1163
iPanda50/38_xingfan/38_v009_f000005.jpg,38,ipanda50,1164
iPanda50/38_xingfan/38_v009_f000340.jpg,38,ipanda50,1164
iPanda50/38_xingfan/38_v009_f000405.jpg,38,ipanda50,1164
iPanda50/38_xingfan/38_v009_f000440.jpg,38,ipanda50,1164
iPanda50/38_xingfan/38_v010_f000005.jpg,38,ipanda50,1165
iPanda50/38_xingfan/38_v010_f000775.jpg,38,ipanda50,1165
iPanda50/38_xingfan/38_v010_f000830.jpg,38,ipanda50,1165
iPanda50/38_xingfan/38_v011_f000005.jpg,38,ipanda50,1166
iPanda50/38_xingfan/38_v011_f000095.jpg,38,ipanda50,1166
iPanda50/38_xingfan/38_v011_f001680.jpg,38,ipanda50,1166
iPanda50/38_xingfan/38_v011_f001980.jpg,38,ipanda50,1166
iPanda50/38_xingfan/38_v012_f000660.jpg,38,ipanda50,1167
iPanda50/38_xingfan/38_v013_f000005.jpg,38,ipanda50,1168
iPanda50/38_xingfan/38_v013_f000145.jpg,38,ipanda50,1168
iPanda50/38_xingfan/38_v013_f000335.jpg,38,ipanda50,1168
iPanda50/38_xingfan/38_v013_f000375.jpg,38,ipanda50,1168
iPanda50/38_xingfan/38_v013_f000825.jpg,38,ipanda50,1168
iPanda50/38_xingfan/38_v013_f000895.jpg,38,ipanda50,1168
iPanda50/38_xingfan/38_v013_f000935.jpg,38,ipanda50,1168
iPanda50/38_xingfan/38_v014_f000005.jpg,38,ipanda50,1169
iPanda50/38_xingfan/38_v014_f000445.jpg,38,ipanda50,1169
iPanda50/38_xingfan/38_v014_f000795.jpg,38,ipanda50,1169
iPanda50/38_xingfan/38_v014_f001175.jpg,38,ipanda50,1169
iPanda50/38_xingfan/38_v014_f001250.jpg,38,ipanda50,1169
iPanda50/38_xingfan/38_v014_f001280.jpg,38,ipanda50,1169
iPanda50/38_xingfan/38_v014_f001340.jpg,38,ipanda50,1169
iPanda50/38_xingfan/38_v014_f001405.jpg,38,ipanda50,1169
iPanda50/38_xingfan/38_v014_f001470.jpg,38,ipanda50,1169
iPanda50/38_xingfan/38_v014_f001520.jpg,38,ipanda50,1169
iPanda50/38_xingfan/38_v014_f001640.jpg,38,ipanda50,1169
iPanda50/38_xingfan/38_v014_f001730.jpg,38,ipanda50,1169
iPanda50/38_xingfan/38_v016_f000200.jpg,38,ipanda50,1170
iPanda50/38_xingfan/38_v018_f000310.jpg,38,ipanda50,1171
iPanda50/38_xingfan/38_v018_f000430.jpg,38,ipanda50,1171
iPanda50/38_xingfan/38_v018_f000600.jpg,38,ipanda50,1171
iPanda50/38_xingfan/38_v018_f000740.jpg,38,ipanda50,1171
iPanda50/38_xingfan/38_v018_f001395.jpg,38,ipanda50,1171
iPanda50/38_xingfan/38_v019_f000005.jpg,38,ipanda50,1172
iPanda50/38_xingfan/38_v019_f000500.jpg,38,ipanda50,1172
iPanda50/38_xingfan/38_v019_f000650.jpg,38,ipanda50,1172
iPanda50/38_xingfan/38_v019_f000780.jpg,38,ipanda50,1172
iPanda50/38_xingfan/38_v019_f001775.jpg,38,ipanda50,1172
iPanda50/38_xingfan/38_v019_f002105.jpg,38,ipanda50,1172
iPanda50/38_xingfan/38_v019_f002685.jpg,38,ipanda50,1172
iPanda50/38_xingfan/38_v019_f002735.jpg,38,ipanda50,1172
iPanda50/38_xingfan/38_v020_f000005.jpg,38,ipanda50,1173
iPanda50/38_xingfan/38_v020_f000150.jpg,38,ipanda50,1173
iPanda50/38_xingfan/38_v021_f000420.jpg,38,ipanda50,1174
iPanda50/38_xingfan/38_v021_f000465.jpg,38,ipanda50,1174
iPanda50/38_xingfan/38_v021_f000575.jpg,38,ipanda50,1174
iPanda50/38_xingfan/38_v021_f000740.jpg,38,ipanda50,1174
iPanda50/38_xingfan/38_v021_f000785.jpg,38,ipanda50,1174
iPanda50/38_xingfan/38_v021_f001030.jpg,38,ipanda50,1174
iPanda50/43_yaxing/43_v001_f000005.jpg,43,ipanda50,1301
iPanda50/43_yaxing/43_v001_f000545.jpg,43,ipanda50,1301
iPanda50/43_yaxing/43_v001_f000905.jpg,43,ipanda50,1301
iPanda50/43_yaxing/43_v002_f000585.jpg,43,ipanda50,1302
iPanda50/43_yaxing/43_v002_f000655.jpg,43,ipanda50,1302
iPanda50/43_yaxing/43_v003_f000005.jpg,43,ipanda50,1303
iPanda50/43_yaxing/43_v003_f000325.jpg,43,ipanda50,1303
iPanda50/43_yaxing/43_v004_f000005.jpg,43,ipanda50,1304
iPanda50/43_yaxing/43_v008_f000295.jpg,43,ipanda50,1305
iPanda50/43_yaxing/43_v008_f001050.jpg,43,ipanda50,1305
iPanda50/43_yaxing/43_v008_f002545.jpg,43,ipanda50,1305
iPanda50/43_yaxing/43_v008_f002595.jpg,43,ipanda50,1305
iPanda50/43_yaxing/43_v008_f002775.jpg,43,ipanda50,1305
iPanda50/43_yaxing/43_v008_f004225.jpg,43,ipanda50,1305
iPanda50/43_yaxing/43_v009_f000315.jpg,43,ipanda50,1306
iPanda50/43_yaxing/43_v009_f000355.jpg,43,ipanda50,1306
iPanda50/43_yaxing/43_v009_f000385.jpg,43,ipanda50,1306
iPanda50/43_yaxing/43_v009_f000480.jpg,43,ipanda50,1306
iPanda50/43_yaxing/43_v009_f000780.jpg,43,ipanda50,1306
iPanda50/43_yaxing/43_v011_f000105.jpg,43,ipanda50,1307
iPanda50/43_yaxing/43_v011_f000240.jpg,43,ipanda50,1307
iPanda50/43_yaxing/43_v011_f000355.jpg,43,ipanda50,1307
iPanda50/43_yaxing/43_v011_f000375.jpg,43,ipanda50,1307
iPanda50/43_yaxing/43_v011_f000435.jpg,43,ipanda50,1307
iPanda50/43_yaxing/43_v011_f000455.jpg,43,ipanda50,1307
iPanda50/43_yaxing/43_v011_f000505.jpg,43,ipanda50,1307
iPanda50/43_yaxing/43_v011_f000595.jpg,43,ipanda50,1307
iPanda50/43_yaxing/43_v012_f000355.jpg,43,ipanda50,1308
iPanda50/43_yaxing/43_v012_f000805.jpg,43,ipanda50,1308
iPanda50/43_yaxing/43_v012_f001145.jpg,43,ipanda50,1308
iPanda50/43_yaxing/43_v012_f001180.jpg,43,ipanda50,1308
iPanda50/43_yaxing/43_v012_f001220.jpg,43,ipanda50,1308
iPanda50/43_yaxing/43_v012_f001245.jpg,43,ipanda50,1308
iPanda50/43_yaxing/43_v012_f001405.jpg,43,ipanda50,1308
iPanda50/43_yaxing/43_v012_f001485.jpg,43,ipanda50,1308
iPanda50/43_yaxing/43_v012_f001575.jpg,43,ipanda50,1308
iPanda50/43_yaxing/43_v013_f000005.jpg,43,ipanda50,1309
iPanda50/43_yaxing/43_v013_f001770.jpg,43,ipanda50,1309
iPanda50/43_yaxing/43_v015_f000005.jpg,43,ipanda50,1310
iPanda50/43_yaxing/43_v016_f000005.jpg,43,ipanda50,1311
iPanda50/43_yaxing/43_v017_f000005.jpg,43,ipanda50,1312
iPanda50/43_yaxing/43_v018_f000375.jpg,43,ipanda50,1313
iPanda50/43_yaxing/43_v018_f000630.jpg,43,ipanda50,1313
iPanda50/43_yaxing/43_v018_f002135.jpg,43,ipanda50,1313
iPanda50/43_yaxing/43_v020_f000005.jpg,43,ipanda50,1314
iPanda50/43_yaxing/43_v020_f000585.jpg,43,ipanda50,1314
iPanda50/43_yaxing/43_v020_f000775.jpg,43,ipanda50,1314
iPanda50/43_yaxing/43_v020_f001165.jpg,43,ipanda50,1314
iPanda50/43_yaxing/43_v021_f000005.jpg,43,ipanda50,1315
iPanda50/43_yaxing/43_v021_f001870.jpg,43,ipanda50,1315
iPanda50/43_yaxing/43_v023_f002375.jpg,43,ipanda50,1316
iPanda50/43_yaxing/43_v027_f000005.jpg,43,ipanda50,1317
iPanda50/43_yaxing/43_v028_f000005.jpg,43,ipanda50,1318
iPanda50/43_yaxing/43_v029_f000005.jpg,43,ipanda50,1319
iPanda50/43_yaxing/43_v030_f000005.jpg,43,ipanda50,1320
iPanda50/43_yaxing/43_v030_f000690.jpg,43,ipanda50,1320
iPanda50/43_yaxing/43_v031_f000005.jpg,43,ipanda50,1321
iPanda50/43_yaxing/43_v032_f000005.jpg,43,ipanda50,1322
iPanda50/43_yaxing/43_v032_f001190.jpg,43,ipanda50,1322
iPanda50/43_yaxing/43_v033_f000400.jpg,43,ipanda50,1323
iPanda50/43_yaxing/43_v033_f000610.jpg,43,ipanda50,1323
iPanda50/44_yayi/44_v001_f000005.jpg,44,ipanda50,1324
iPanda50/44_yayi/44_v001_f000155.jpg,44,ipanda50,1324
iPanda50/44_yayi/44_v001_f000540.jpg,44,ipanda50,1324
iPanda50/44_yayi/44_v001_f000560.jpg,44,ipanda50,1324
iPanda50/44_yayi/44_v001_f000600.jpg,44,ipanda50,1324
iPanda50/44_yayi/44_v002_f000075.jpg,44,ipanda50,1325
iPanda50/44_yayi/44_v002_f000510.jpg,44,ipanda50,1325
iPanda50/44_yayi/44_v003_f000250.jpg,44,ipanda50,1326
iPanda50/44_yayi/44_v004_f000005.jpg,44,ipanda50,1327
iPanda50/44_yayi/44_v004_f000325.jpg,44,ipanda50,1327
iPanda50/44_yayi/44_v004_f000625.jpg,44,ipanda50,1327
iPanda50/44_yayi/44_v004_f000925.jpg,44,ipanda50,1327
iPanda50/44_yayi/44_v004_f001405.jpg,44,ipanda50,1327
iPanda50/44_yayi/44_v004_f001470.jpg,44,ipanda50,1327
iPanda50/44_yayi/44_v006_f000050.jpg,44,ipanda50,1328
iPanda50/44_yayi/44_v006_f000350.jpg,44,ipanda50,1328
iPanda50/44_yayi/44_v006_f000550.jpg,44,ipanda50,1328
iPanda50/44_yayi/44_v007_f000050.jpg,44,ipanda50,1329
iPanda50/44_yayi/44_v007_f000725.jpg,44,ipanda50,1329
iPanda50/44_yayi/44_v008_f000425.jpg,44,ipanda50,1330
iPanda50/44_yayi/44_v008_f000650.jpg,44,ipanda50,1330
iPanda50/44_yayi/44_v009_f000635.jpg,44,ipanda50,1331
iPanda50/44_yayi/44_v009_f002180.jpg,44,ipanda50,1331
iPanda50/44_yayi/44_v011_f002205.jpg,44,ipanda50,1332
iPanda50/44_yayi/44_v011_f002385.jpg,44,ipanda50,1332
iPanda50/44_yayi/44_v011_f002475.jpg,44,ipanda50,1332
iPanda50/44_yayi/44_v013_f000375.jpg,44,ipanda50,1333
iPanda50/44_yayi/44_v014_f000405.jpg,44,ipanda50,1334
iPanda50/44_yayi/44_v014_f000455.jpg,44,ipanda50,1334
iPanda50/44_yayi/44_v014_f004265.jpg,44,ipanda50,1334
iPanda50/44_yayi/44_v014_f004830.jpg,44,ipanda50,1334
iPanda50/44_yayi/44_v014_f005295.jpg,44,ipanda50,1334
iPanda50/44_yayi/44_v014_f005350.jpg,44,ipanda50,1334
iPanda50/44_yayi/44_v014_f009640.jpg,44,ipanda50,1334
iPanda50/44_yayi/44_v014_f012370.jpg,44,ipanda50,1334
iPanda50/44_yayi/44_v014_f016730.jpg,44,ipanda50,1334
iPanda50/44_yayi/44_v015_f000295.jpg,44,ipanda50,1335
iPanda50/44_yayi/44_v015_f000985.jpg,44,ipanda50,1335
iPanda50/44_yayi/44_v015_f001475.jpg,44,ipanda50,1335
iPanda50/44_yayi/44_v016_f000005.jpg,44,ipanda50,1336
iPanda50/44_yayi/44_v016_f000350.jpg,44,ipanda50,1336
iPanda50/44_yayi/44_v016_f000865.jpg,44,ipanda50,1336
iPanda50/44_yayi/44_v017_f000485.jpg,44,ipanda50,1337
iPanda50/44_yayi/44_v017_f000525.jpg,44,ipanda50,1337
iPanda50/44_yayi/44_v017_f002450.jpg,44,ipanda50,1337
iPanda50/44_yayi/44_v017_f005965.jpg,44,ipanda50,1337
iPanda50/44_yayi/44_v018_f000700.jpg,44,ipanda50,1338
iPanda50/44_yayi/44_v018_f001675.jpg,44,ipanda50,1338
iPanda50/44_yayi/44_v018_f002030.jpg,44,ipanda50,1338
iPanda50/44_yayi/44_v018_f002155.jpg,44,ipanda50,1338
iPanda50/44_yayi/44_v018_f003675.jpg,44,ipanda50,1338
iPanda50/44_yayi/44_v019_f000005.jpg,44,ipanda50,1339
iPanda50/44_yayi/44_v019_f000245.jpg,44,ipanda50,1339
iPanda50/44_yayi/44_v019_f000340.jpg,44,ipanda50,1339
iPanda50/44_yayi/44_v019_f000630.jpg,44,ipanda50,1339
iPanda50/44_yayi/44_v019_f000850.jpg,44,ipanda50,1339
iPanda50/44_yayi/44_v019_f001045.jpg,44,ipanda50,1339
iPanda50/44_yayi/44_v019_f001075.jpg,44,ipanda50,1339
iPanda50/44_yayi/44_v019_f001540.jpg,44,ipanda50,1339
iPanda50/44_yayi/44_v019_f002180.jpg,44,ipanda50,1339
iPanda50/44_yayi/44_v019_f002400.jpg,44,ipanda50,1339
iPanda50/44_yayi/44_v019_f002450.jpg,44,ipanda50,1339
iPanda50/44_yayi/44_v019_f002645.jpg,44,ipanda50,1339
iPanda50/44_yayi/44_v019_f002710.jpg,44,ipanda50,1339
iPanda50/44_yayi/44_v020_f000525.jpg,44,ipanda50,1340
iPanda50/44_yayi/44_v020_f000635.jpg,44,ipanda50,1340
iPanda50/44_yayi/44_v021_f000590.jpg,44,ipanda50,1341
iPanda50/44_yayi/44_v021_f000705.jpg,44,ipanda50,1341
iPanda50/44_yayi/44_v022_f001135.jpg,44,ipanda50,1342
iPanda50/44_yayi/44_v022_f001285.jpg,44,ipanda50,1342
iPanda50/44_yayi/44_v023_f000005.jpg,44,ipanda50,1343
iPanda50/44_yayi/44_v023_f001145.jpg,44,ipanda50,1343
iPanda50/44_yayi/44_v025_f000130.jpg,44,ipanda50,1344
iPanda50/44_yayi/44_v025_f002440.jpg,44,ipanda50,1344
iPanda50/44_yayi/44_v026_f000005.jpg,44,ipanda50,1345
iPanda50/44_yayi/44_v026_f000210.jpg,44,ipanda50,1345
iPanda50/44_yayi/44_v026_f000380.jpg,44,ipanda50,1345
iPanda50/44_yayi/44_v026_f001255.jpg,44,ipanda50,1345
iPanda50/44_yayi/44_v026_f002175.jpg,44,ipanda50,1345
iPanda50/44_yayi/44_v026_f002720.jpg,44,ipanda50,1345
iPanda50/44_yayi/44_v027_f000010.jpg,44,ipanda50,1346
iPanda50/44_yayi/44_v027_f000205.jpg,44,ipanda50,1346
iPanda50/44_yayi/44_v027_f000845.jpg,44,ipanda50,1346
iPanda50/44_yayi/44_v027_f000870.jpg,44,ipanda50,1346
iPanda50/44_yayi/44_v027_f002090.jpg,44,ipanda50,1346
iPanda50/44_yayi/44_v027_f002370.jpg,44,ipanda50,1346
iPanda50/44_yayi/44_v027_f002490.jpg,44,ipanda50,1346
iPanda50/44_yayi/44_v028_f000005.jpg,44,ipanda50,1347
iPanda50/44_yayi/44_v029_f000005.jpg,44,ipanda50,1348
iPanda50/44_yayi/44_v029_f000050.jpg,44,ipanda50,1348
iPanda50/44_yayi/44_v029_f000290.jpg,44,ipanda50,1348
iPanda50/44_yayi/44_v029_f001055.jpg,44,ipanda50,1348
iPanda50/44_yayi/44_v029_f001315.jpg,44,ipanda50,1348
iPanda50/44_yayi/44_v030_f000605.jpg,44,ipanda50,1349
iPanda50/44_yayi/44_v031_f000005.jpg,44,ipanda50,1350
iPanda50/44_yayi/44_v031_f000525.jpg,44,ipanda50,1350
iPanda50/44_yayi/44_v031_f001785.jpg,44,ipanda50,1350
iPanda50/44_yayi/44_v031_f004610.jpg,44,ipanda50,1350
iPanda50/44_yayi/44_v031_f004755.jpg,44,ipanda50,1350
iPanda50/44_yayi/44_v032_f000005.jpg,44,ipanda50,1351
iPanda50/44_yayi/44_v032_f001400.jpg,44,ipanda50,1351
iPanda50/44_yayi/44_v032_f001550.jpg,44,ipanda50,1351
iPanda50/44_yayi/44_v032_f002665.jpg,44,ipanda50,1351
iPanda50/44_yayi/44_v032_f003275.jpg,44,ipanda50,1351
iPanda50/44_yayi/44_v032_f003395.jpg,44,ipanda50,1351
iPanda50/44_yayi/44_v032_f004365.jpg,44,ipanda50,1351
iPanda50/44_yayi/44_v032_f004425.jpg,44,ipanda50,1351
iPanda50/44_yayi/44_v033_f001120.jpg,44,ipanda50,1352
iPanda50/44_yayi/44_v033_f001765.jpg,44,ipanda50,1352
iPanda50/44_yayi/44_v033_f002545.jpg,44,ipanda50,1352
iPanda50/44_yayi/44_v033_f002620.jpg,44,ipanda50,1352
iPanda50/44_yayi/44_v033_f003170.jpg,44,ipanda50,1352
iPanda50/44_yayi/44_v034_f000005.jpg,44,ipanda50,1353
iPanda50/44_yayi/44_v034_f001110.jpg,44,ipanda50,1353
iPanda50/44_yayi/44_v034_f001670.jpg,44,ipanda50,1353
iPanda50/44_yayi/44_v035_f000025.jpg,44,ipanda50,1354
iPanda50/44_yayi/44_v035_f000250.jpg,44,ipanda50,1354
iPanda50/44_yayi/44_v038_f000375.jpg,44,ipanda50,1355
iPanda50/44_yayi/44_v038_f000705.jpg,44,ipanda50,1355
iPanda50/44_yayi/44_v038_f000755.jpg,44,ipanda50,1355
iPanda50/44_yayi/44_v038_f001940.jpg,44,ipanda50,1355
iPanda50/44_yayi/44_v038_f002405.jpg,44,ipanda50,1355
iPanda50/44_yayi/44_v040_f000005.jpg,44,ipanda50,1356
iPanda50/44_yayi/44_v041_f000005.jpg,44,ipanda50,1357
iPanda50/44_yayi/44_v041_f000395.jpg,44,ipanda50,1357
iPanda50/44_yayi/44_v041_f000415.jpg,44,ipanda50,1357
iPanda50/44_yayi/44_v041_f000840.jpg,44,ipanda50,1357
iPanda50/44_yayi/44_v041_f002975.jpg,44,ipanda50,1357
iPanda50/44_yayi/44_v042_f000165.jpg,44,ipanda50,1358
iPanda50/44_yayi/44_v042_f000340.jpg,44,ipanda50,1358
iPanda50/44_yayi/44_v042_f000450.jpg,44,ipanda50,1358
iPanda50/44_yayi/44_v042_f002585.jpg,44,ipanda50,1358
iPanda50/44_yayi/44_v045_f000120.jpg,44,ipanda50,1359
iPanda50/44_yayi/44_v045_f000595.jpg,44,ipanda50,1359
iPanda50/44_yayi/44_v045_f001995.jpg,44,ipanda50,1359
iPanda50/44_yayi/44_v045_f002045.jpg,44,ipanda50,1359
iPanda50/44_yayi/44_v045_f002230.jpg,44,ipanda50,1359
iPanda50/44_yayi/44_v045_f002540.jpg,44,ipanda50,1359
iPanda50/44_yayi/44_v045_f003160.jpg,44,ipanda50,1359
iPanda50/44_yayi/44_v045_f003295.jpg,44,ipanda50,1359
iPanda50/44_yayi/44_v045_f004900.jpg,44,ipanda50,1359
iPanda50/44_yayi/44_v045_f006190.jpg,44,ipanda50,1359
iPanda50/44_yayi/44_v045_f006320.jpg,44,ipanda50,1359
iPanda50/44_yayi/44_v045_f006645.jpg,44,ipanda50,1359
iPanda50/44_yayi/44_v046_f001485.jpg,44,ipanda50,1360
iPanda50/44_yayi/44_v047_f000375.jpg,44,ipanda50,1361
iPanda50/44_yayi/44_v047_f000460.jpg,44,ipanda50,1361
iPanda50/44_yayi/44_v047_f000615.jpg,44,ipanda50,1361
iPanda50/44_yayi/44_v048_f001675.jpg,44,ipanda50,1362
iPanda50/44_yayi/44_v049_f000340.jpg,44,ipanda50,1363
iPanda50/44_yayi/44_v049_f001575.jpg,44,ipanda50,1363
iPanda50/44_yayi/44_v054_f000005.jpg,44,ipanda50,1364
iPanda50/44_yayi/44_v054_f001195.jpg,44,ipanda50,1364
iPanda50/44_yayi/44_v054_f001325.jpg,44,ipanda50,1364
iPanda50/44_yayi/44_v054_f003740.jpg,44,ipanda50,1364
iPanda50/44_yayi/44_v054_f005535.jpg,44,ipanda50,1364
iPanda50/44_yayi/44_v054_f005790.jpg,44,ipanda50,1364
iPanda50/44_yayi/44_v055_f000945.jpg,44,ipanda50,1365
iPanda50/44_yayi/44_v055_f001545.jpg,44,ipanda50,1365
iPanda50/44_yayi/44_v055_f001630.jpg,44,ipanda50,1365
iPanda50/44_yayi/44_v055_f001840.jpg,44,ipanda50,1365
iPanda50/44_yayi/44_v055_f001945.jpg,44,ipanda50,1365
iPanda50/44_yayi/44_v055_f001990.jpg,44,ipanda50,1365
iPanda50/44_yayi/44_v055_f002115.jpg,44,ipanda50,1365
iPanda50/44_yayi/44_v055_f002820.jpg,44,ipanda50,1365
iPanda50/44_yayi/44_v055_f002945.jpg,44,ipanda50,1365
iPanda50/44_yayi/44_v056_f000265.jpg,44,ipanda50,1366
iPanda50/44_yayi/44_v056_f000460.jpg,44,ipanda50,1366
iPanda50/44_yayi/44_v056_f000505.jpg,44,ipanda50,1366
iPanda50/44_yayi/44_v058_f000005.jpg,44,ipanda50,1367
iPanda50/44_yayi/44_v058_f000685.jpg,44,ipanda50,1367
iPanda50/44_yayi/44_v058_f001660.jpg,44,ipanda50,1367
iPanda50/44_yayi/44_v058_f001865.jpg,44,ipanda50,1367
iPanda50/44_yayi/44_v058_f001940.jpg,44,ipanda50,1367
iPanda50/44_yayi/44_v059_f000005.jpg,44,ipanda50,1368
iPanda50/44_yayi/44_v060_f001555.jpg,44,ipanda50,1369
iPanda50/44_yayi/44_v060_f001795.jpg,44,ipanda50,1369
iPanda50/44_yayi/44_v060_f002005.jpg,44,ipanda50,1369
iPanda50/44_yayi/44_v060_f002070.jpg,44,ipanda50,1369
iPanda50/44_yayi/44_v060_f002160.jpg,44,ipanda50,1369
iPanda50/44_yayi/44_v060_f002545.jpg,44,ipanda50,1369
iPanda50/44_yayi/44_v060_f002965.jpg,44,ipanda50,1369
iPanda50/44_yayi/44_v060_f003035.jpg,44,ipanda50,1369
iPanda50/44_yayi/44_v060_f003125.jpg,44,ipanda50,1369
iPanda50/44_yayi/44_v061_f001615.jpg,44,ipanda50,1370
iPanda50/44_yayi/44_v061_f002780.jpg,44,ipanda50,1370
iPanda50/44_yayi/44_v061_f003280.jpg,44,ipanda50,1370
iPanda50/44_yayi/44_v061_f003710.jpg,44,ipanda50,1370
iPanda50/44_yayi/44_v062_f000005.jpg,44,ipanda50,1371
iPanda50/44_yayi/44_v062_f001190.jpg,44,ipanda50,1371
iPanda50/44_yayi/44_v062_f001365.jpg,44,ipanda50,1371
iPanda50/44_yayi/44_v063_f000090.jpg,44,ipanda50,1372
iPanda50/44_yayi/44_v063_f000285.jpg,44,ipanda50,1372
iPanda50/44_yayi/44_v063_f001070.jpg,44,ipanda50,1372
iPanda50/44_yayi/44_v063_f001490.jpg,44,ipanda50,1372
iPanda50/44_yayi/44_v064_f000005.jpg,44,ipanda50,1373
iPanda50/44_yayi/44_v064_f002245.jpg,44,ipanda50,1373
iPanda50/44_yayi/44_v066_f000090.jpg,44,ipanda50,1374
iPanda50/44_yayi/44_v066_f000185.jpg,44,ipanda50,1374
iPanda50/44_yayi/44_v066_f000270.jpg,44,ipanda50,1374
iPanda50/47_yingying/47_v001_f000005.jpg,47,ipanda50,1421
iPanda50/47_yingying/47_v001_f000150.jpg,47,ipanda50,1421
iPanda50/47_yingying/47_v001_f000615.jpg,47,ipanda50,1421
iPanda50/47_yingying/47_v003_f000045.jpg,47,ipanda50,1422
iPanda50/47_yingying/47_v003_f001035.jpg,47,ipanda50,1422
iPanda50/47_yingying/47_v004_f000270.jpg,47,ipanda50,1423
iPanda50/47_yingying/47_v004_f000450.jpg,47,ipanda50,1423
iPanda50/47_yingying/47_v005_f000170.jpg,47,ipanda50,1424
iPanda50/47_yingying/47_v005_f002550.jpg,47,ipanda50,1424
iPanda50/47_yingying/47_v006_f000025.jpg,47,ipanda50,1425
iPanda50/47_yingying/47_v006_f001050.jpg,47,ipanda50,1425
iPanda50/47_yingying/47_v008_f000005.jpg,47,ipanda50,1426
iPanda50/47_yingying/47_v009_f000025.jpg,47,ipanda50,1427
iPanda50/47_yingying/47_v009_f001250.jpg,47,ipanda50,1427
iPanda50/47_yingying/47_v010_f000715.jpg,47,ipanda50,1428
iPanda50/47_yingying/47_v011_f000050.jpg,47,ipanda50,1429
iPanda50/47_yingying/47_v012_f000475.jpg,47,ipanda50,1430
iPanda50/47_yingying/47_v012_f000800.jpg,47,ipanda50,1430
iPanda50/47_yingying/47_v014_f000025.jpg,47,ipanda50,1431
iPanda50/47_yingying/47_v014_f000250.jpg,47,ipanda50,1431
iPanda50/47_yingying/47_v015_f000015.jpg,47,ipanda50,1432
iPanda50/47_yingying/47_v015_f000435.jpg,47,ipanda50,1432
iPanda50/47_yingying/47_v016_f000750.jpg,47,ipanda50,1433
iPanda50/47_yingying/47_v017_f000210.jpg,47,ipanda50,1434
iPanda50/47_yingying/47_v018_f000125.jpg,47,ipanda50,1435
iPanda50/47_yingying/47_v019_f000275.jpg,47,ipanda50,1436
iPanda50/47_yingying/47_v022_f000070.jpg,47,ipanda50,1437
iPanda50/47_yingying/47_v022_f001575.jpg,47,ipanda50,1437
iPanda50/47_yingying/47_v022_f001960.jpg,47,ipanda50,1437
iPanda50/47_yingying/47_v023_f000065.jpg,47,ipanda50,1438
iPanda50/47_yingying/47_v023_f000105.jpg,47,ipanda50,1438
iPanda50/47_yingying/47_v025_f000060.jpg,47,ipanda50,1439
iPanda50/47_yingying/47_v025_f000660.jpg,47,ipanda50,1439
iPanda50/47_yingying/47_v027_f000315.jpg,47,ipanda50,1440
iPanda50/47_yingying/47_v027_f000495.jpg,47,ipanda50,1440
iPanda50/47_yingying/47_v030_f000035.jpg,47,ipanda50,1441
iPanda50/47_yingying/47_v030_f000385.jpg,47,ipanda50,1441
iPanda50/47_yingying/47_v030_f001295.jpg,47,ipanda50,1441
iPanda50/47_yingying/47_v033_f000005.jpg,47,ipanda50,1442
iPanda50/47_yingying/47_v033_f000165.jpg,47,ipanda50,1442
iPanda50/47_yingying/47_v033_f000205.jpg,47,ipanda50,1442
iPanda50/47_yingying/47_v033_f000350.jpg,47,ipanda50,1442
iPanda50/47_yingying/47_v034_f000150.jpg,47,ipanda50,1443
iPanda50/47_yingying/47_v035_f000015.jpg,47,ipanda50,1444
iPanda50/47_yingying/47_v036_f000035.jpg,47,ipanda50,1445
iPanda50/47_yingying/47_v036_f000490.jpg,47,ipanda50,1445
iPanda50/47_yingying/47_v036_f000630.jpg,47,ipanda50,1445
iPanda50/47_yingying/47_v039_f000025.jpg,47,ipanda50,1446
iPanda50/47_yingying/47_v039_f000150.jpg,47,ipanda50,1446
iPanda50/47_yingying/47_v039_f001325.jpg,47,ipanda50,1446
iPanda50/47_yingying/47_v041_f000330.jpg,47,ipanda50,1447
iPanda50/47_yingying/47_v041_f000690.jpg,47,ipanda50,1447
iPanda50/47_yingying/47_v043_f000125.jpg,47,ipanda50,1448
iPanda50/47_yingying/47_v044_f000600.jpg,47,ipanda50,1449
iPanda50/47_yingying/47_v045_f001425.jpg,47,ipanda50,1450
iPanda50/47_yingying/47_v045_f001475.jpg,47,ipanda50,1450
iPanda50/47_yingying/47_v046_f000075.jpg,47,ipanda50,1451
iPanda50/47_yingying/47_v046_f000100.jpg,47,ipanda50,1451
iPanda50/47_yingying/47_v046_f000145.jpg,47,ipanda50,1451
iPanda50/47_yingying/47_v046_f000205.jpg,47,ipanda50,1451
iPanda50/47_yingying/47_v046_f000795.jpg,47,ipanda50,1451
iPanda50/47_yingying/47_v046_f001200.jpg,47,ipanda50,1451
iPanda50/47_yingying/47_v046_f001295.jpg,47,ipanda50,1451
iPanda50/47_yingying/47_v046_f001610.jpg,47,ipanda50,1451
iPanda50/47_yingying/47_v046_f002040.jpg,47,ipanda50,1451
iPanda50/47_yingying/47_v049_f000425.jpg,47,ipanda50,1452
iPanda50/47_yingying/47_v049_f000510.jpg,47,ipanda50,1452
iPanda50/47_yingying/47_v049_f000935.jpg,47,ipanda50,1452
iPanda50/47_yingying/47_v049_f001530.jpg,47,ipanda50,1452
iPanda50/47_yingying/47_v052_f000350.jpg,47,ipanda50,1453
iPanda50/47_yingying/47_v052_f000490.jpg,47,ipanda50,1453
iPanda50/47_yingying/47_v052_f001435.jpg,47,ipanda50,1453
iPanda50/47_yingying/47_v052_f001470.jpg,47,ipanda50,1453
iPanda50/47_yingying/47_v055_f001020.jpg,47,ipanda50,1454
iPanda50/47_yingying/47_v057_f000005.jpg,47,ipanda50,1455
iPanda50/47_yingying/47_v057_f000845.jpg,47,ipanda50,1455
iPanda50/47_yingying/47_v057_f001360.jpg,47,ipanda50,1455
iPanda50/47_yingying/47_v057_f001505.jpg,47,ipanda50,1455
iPanda50/47_yingying/47_v057_f002940.jpg,47,ipanda50,1455
iPanda50/47_yingying/47_v057_f003430.jpg,47,ipanda50,1455
iPanda50/47_yingying/47_v058_f002205.jpg,47,ipanda50,1456
iPanda50/47_yingying/47_v058_f002520.jpg,47,ipanda50,1456
iPanda50/47_yingying/47_v058_f002835.jpg,47,ipanda50,1456
iPanda50/47_yingying/47_v059_f001050.jpg,47,ipanda50,1457
iPanda50/47_yingying/47_v059_f001190.jpg,47,ipanda50,1457
iPanda50/47_yingying/47_v060_f000420.jpg,47,ipanda50,1458
iPanda50/47_yingying/47_v060_f000540.jpg,47,ipanda50,1458
iPanda50/47_yingying/47_v061_f000025.jpg,47,ipanda50,1459
iPanda50/47_yingying/47_v061_f000225.jpg,47,ipanda50,1459
iPanda50/47_yingying/47_v061_f000925.jpg,47,ipanda50,1459
iPanda50/47_yingying/47_v062_f000780.jpg,47,ipanda50,1460
iPanda50/47_yingying/47_v062_f002280.jpg,47,ipanda50,1460
iPanda50/47_yingying/47_v063_f000015.jpg,47,ipanda50,1461
iPanda50/47_yingying/47_v063_f000585.jpg,47,ipanda50,1461
iPanda50/47_yingying/47_v064_f000275.jpg,47,ipanda50,1462
iPanda50/47_yingying/47_v064_f000625.jpg,47,ipanda50,1462
iPanda50/47_yingying/47_v066_f000085.jpg,47,ipanda50,1463
iPanda50/47_yingying/47_v066_f001870.jpg,47,ipanda50,1463
iPanda50/47_yingying/47_v066_f005270.jpg,47,ipanda50,1463
iPanda50/47_yingying/47_v066_f005525.jpg,47,ipanda50,1463
iPanda50/47_yingying/47_v067_f000120.jpg,47,ipanda50,1464
iPanda50/47_yingying/47_v067_f003000.jpg,47,ipanda50,1464
iPanda50/47_yingying/47_v068_f000090.jpg,47,ipanda50,1465
iPanda50/47_yingying/47_v068_f000135.jpg,47,ipanda50,1465
iPanda50/47_yingying/47_v068_f000945.jpg,47,ipanda50,1465
iPanda50/47_yingying/47_v068_f001710.jpg,47,ipanda50,1465
iPanda50/47_yingying/47_v068_f002610.jpg,47,ipanda50,1465
iPanda50/47_yingying/47_v068_f002970.jpg,47,ipanda50,1465
iPanda50/47_yingying/47_v069_f000225.jpg,47,ipanda50,1466
iPanda50/47_yingying/47_v071_f000005.jpg,47,ipanda50,1467
iPanda50/47_yingying/47_v071_f001295.jpg,47,ipanda50,1467
iPanda50/47_yingying/47_v071_f001855.jpg,47,ipanda50,1467
iPanda50/47_yingying/47_v071_f001995.jpg,47,ipanda50,1467
iPanda50/47_yingying/47_v072_f000005.jpg,47,ipanda50,1468
iPanda50/47_yingying/47_v072_f000210.jpg,47,ipanda50,1468
iPanda50/47_yingying/47_v072_f000270.jpg,47,ipanda50,1468
iPanda50/47_yingying/47_v072_f000310.jpg,47,ipanda50,1468
iPanda50/47_yingying/47_v072_f000505.jpg,47,ipanda50,1468
iPanda50/47_yingying/47_v073_f000765.jpg,47,ipanda50,1469
iPanda50/47_yingying/47_v073_f000810.jpg,47,ipanda50,1469
iPanda50/47_yingying/47_v073_f000855.jpg,47,ipanda50,1469
iPanda50/47_yingying/47_v073_f002385.jpg,47,ipanda50,1469
iPanda50/47_yingying/47_v075_f000540.jpg,47,ipanda50,1470
iPanda50/47_yingying/47_v075_f001320.jpg,47,ipanda50,1470
iPanda50/47_yingying/47_v075_f004680.jpg,47,ipanda50,1470
iPanda50/47_yingying/47_v077_f000175.jpg,47,ipanda50,1471
iPanda50/47_yingying/47_v077_f000650.jpg,47,ipanda50,1471
iPanda50/47_yingying/47_v077_f000950.jpg,47,ipanda50,1471
iPanda50/47_yingying/47_v077_f001025.jpg,47,ipanda50,1471
iPanda50/47_yingying/47_v078_f000060.jpg,47,ipanda50,1472
iPanda50/47_yingying/47_v078_f000180.jpg,47,ipanda50,1472
iPanda50/47_yingying/47_v078_f001320.jpg,47,ipanda50,1472
iPanda50/47_yingying/47_v081_f000765.jpg,47,ipanda50,1473
iPanda50/47_yingying/47_v081_f002550.jpg,47,ipanda50,1473
iPanda50/47_yingying/47_v081_f003485.jpg,47,ipanda50,1473
iPanda50/47_yingying/47_v081_f005270.jpg,47,ipanda50,1473
iPanda50/47_yingying/47_v082_f000425.jpg,47,ipanda50,1474
iPanda50/47_yingying/47_v083_f000175.jpg,47,ipanda50,1475
iPanda50/47_yingying/47_v084_f000225.jpg,47,ipanda50,1476
iPanda50/47_yingying/47_v084_f000850.jpg,47,ipanda50,1476
iPanda50/47_yingying/47_v085_f000270.jpg,47,ipanda50,1477
iPanda50/47_yingying/47_v085_f002925.jpg,47,ipanda50,1477
iPanda50/47_yingying/47_v086_f000090.jpg,47,ipanda50,1478
iPanda50/47_yingying/47_v087_f003230.jpg,47,ipanda50,1479
iPanda50/47_yingying/47_v093_f000450.jpg,47,ipanda50,1480
iPanda50/47_yingying/47_v094_f000350.jpg,47,ipanda50,1481
iPanda50/47_yingying/47_v094_f001225.jpg,47,ipanda50,1481
iPanda50/47_yingying/47_v097_f005160.jpg,47,ipanda50,1482
iPanda50/47_yingying/47_v098_f003480.jpg,47,ipanda50,1483
iPanda50/47_yingying/47_v098_f003540.jpg,47,ipanda50,1483
iPanda50/47_yingying/47_v099_f000250.jpg,47,ipanda50,1484
iPanda50/47_yingying/47_v099_f000650.jpg,47,ipanda50,1484
iPanda50/47_yingying/47_v102_f000125.jpg,47,ipanda50,1485
iPanda50/47_yingying/47_v102_f000425.jpg,47,ipanda50,1485
iPanda50/47_yingying/47_v102_f000725.jpg,47,ipanda50,1485
iPanda50/47_yingying/47_v103_f000005.jpg,47,ipanda50,1486
iPanda50/47_yingying/47_v109_f000630.jpg,47,ipanda50,1487
iPanda50/47_yingying/47_v109_f001350.jpg,47,ipanda50,1487
iPanda50/47_yingying/47_v112_f000405.jpg,47,ipanda50,1488
iPanda50/47_yingying/47_v114_f002700.jpg,47,ipanda50,1489
iPanda50/47_yingying/47_v114_f003240.jpg,47,ipanda50,1489
iPanda50/47_yingying/47_v115_f001260.jpg,47,ipanda50,1490
iPanda50/47_yingying/47_v118_f000240.jpg,47,ipanda50,1491
iPanda50/47_yingying/47_v118_f001390.jpg,47,ipanda50,1491
iPanda50/47_yingying/47_v120_f000450.jpg,47,ipanda50,1492
iPanda50/47_yingying/47_v122_f000765.jpg,47,ipanda50,1493
iPanda50/47_yingying/47_v122_f003570.jpg,47,ipanda50,1493
iPanda50/47_yingying/47_v123_f003060.jpg,47,ipanda50,1494
iPanda50/47_yingying/47_v128_f000005.jpg,47,ipanda50,1495
iPanda50/47_yingying/47_v128_f000895.jpg,47,ipanda50,1495
iPanda50/47_yingying/47_v128_f001155.jpg,47,ipanda50,1495
iPanda50/47_yingying/47_v128_f001455.jpg,47,ipanda50,1495
iPanda50/47_yingying/47_v138_f000220.jpg,47,ipanda50,1496
iPanda50/47_yingying/47_v145_f000005.jpg,47,ipanda50,1497
iPanda50/47_yingying/47_v162_f000005.jpg,47,ipanda50,1498
iPanda50/47_yingying/47_v162_f000035.jpg,47,ipanda50,1498
iPanda50/47_yingying/47_v162_f000105.jpg,47,ipanda50,1498
iPanda50/47_yingying/47_v162_f001400.jpg,47,ipanda50,1498
iPanda50/47_yingying/47_v164_f000005.jpg,47,ipanda50,1499
iPanda50/47_yingying/47_v164_f001915.jpg,47,ipanda50,1499
iPanda50/47_yingying/47_v164_f004370.jpg,47,ipanda50,1499
iPanda50/47_yingying/47_v164_f004385.jpg,47,ipanda50,1499
iPanda50/47_yingying/47_v164_f005670.jpg,47,ipanda50,1499
iPanda50/47_yingying/47_v168_f000005.jpg,47,ipanda50,1500
iPanda50/47_yingying/47_v168_f000105.jpg,47,ipanda50,1500
iPanda50/47_yingying/47_v168_f001335.jpg,47,ipanda50,1500
iPanda50/47_yingying/47_v175_f000005.jpg,47,ipanda50,1501
iPanda50/47_yingying/47_v175_f002330.jpg,47,ipanda50,1501
iPanda50/47_yingying/47_v175_f002370.jpg,47,ipanda50,1501
iPanda50/47_yingying/47_v178_f000005.jpg,47,ipanda50,1502
iPanda50/47_yingying/47_v195_f000005.jpg,47,ipanda50,1503
iPanda50/47_yingying/47_v208_f000005.jpg,47,ipanda50,1504
iPanda50/47_yingying/47_v208_f000530.jpg,47,ipanda50,1504
iPanda50/47_yingying/47_v208_f000585.jpg,47,ipanda50,1504
iPanda50/47_yingying/47_v210_f000005.jpg,47,ipanda50,1505
iPanda50/47_yingying/47_v210_f000040.jpg,47,ipanda50,1505
iPanda50/47_yingying/47_v210_f000895.jpg,47,ipanda50,1505
iPanda50/47_yingying/47_v229_f000005.jpg,47,ipanda50,1506
iPanda50/47_yingying/47_v229_f002425.jpg,47,ipanda50,1506
iPanda50/47_yingying/47_v229_f002550.jpg,47,ipanda50,1506
iPanda50/47_yingying/47_v229_f003455.jpg,47,ipanda50,1506
iPanda50/47_yingying/47_v229_f003555.jpg,47,ipanda50,1506
iPanda50/47_yingying/47_v229_f003740.jpg,47,ipanda50,1506
iPanda50/47_yingying/47_v229_f003925.jpg,47,ipanda50,1506
iPanda50/47_yingying/47_v253_f000005.jpg,47,ipanda50,1507
iPanda50/47_yingying/47_v253_f002270.jpg,47,ipanda50,1507
iPanda50/47_yingying/47_v253_f002295.jpg,47,ipanda50,1507
iPanda50/47_yingying/47_v253_f002650.jpg,47,ipanda50,1507
iPanda50/47_yingying/47_v253_f002745.jpg,47,ipanda50,1507
iPanda50/47_yingying/47_v280_f000005.jpg,47,ipanda50,1508
iPanda50/47_yingying/47_v280_f000160.jpg,47,ipanda50,1508
iPanda50/47_yingying/47_v280_f000175.jpg,47,ipanda50,1508
iPanda50/47_yingying/47_v280_f000570.jpg,47,ipanda50,1508
iPanda50/47_yingying/47_v280_f000650.jpg,47,ipanda50,1508
iPanda50/47_yingying/47_v280_f000750.jpg,47,ipanda50,1508
iPanda50/47_yingying/47_v280_f001170.jpg,47,ipanda50,1508
iPanda50/47_yingying/47_v280_f002505.jpg,47,ipanda50,1508
iPanda50/47_yingying/47_v280_f002610.jpg,47,ipanda50,1508
iPanda50/47_yingying/47_v280_f002665.jpg,47,ipanda50,1508
iPanda50/47_yingying/47_v280_f002755.jpg,47,ipanda50,1508
iPanda50/47_yingying/47_v280_f003445.jpg,47,ipanda50,1508
iPanda50/47_yingying/47_v280_f003515.jpg,47,ipanda50,1508
iPanda50/47_yingying/47_v280_f003680.jpg,47,ipanda50,1508
iPanda50/47_yingying/47_v280_f004560.jpg,47,ipanda50,1508
iPanda50/47_yingying/47_v283_f000005.jpg,47,ipanda50,1509
iPanda50/47_yingying/47_v283_f001180.jpg,47,ipanda50,1509
iPanda50/47_yingying/47_v283_f002505.jpg,47,ipanda50,1509
iPanda50/47_yingying/47_v284_f000005.jpg,47,ipanda50,1510
iPanda50/47_yingying/47_v286_f000005.jpg,47,ipanda50,1511
iPanda50/47_yingying/47_v311_f000005.jpg,47,ipanda50,1512
iPanda50/47_yingying/47_v311_f000250.jpg,47,ipanda50,1512
iPanda50/47_yingying/47_v319_f000025.jpg,47,ipanda50,1513
iPanda50/47_yingying/47_v338_f000005.jpg,47,ipanda50,1514
iPanda50/47_yingying/47_v338_f000605.jpg,47,ipanda50,1514
iPanda50/47_yingying/47_v349_f000005.jpg,47,ipanda50,1515
iPanda50/47_yingying/47_v349_f000350.jpg,47,ipanda50,1515
iPanda50/47_yingying/47_v350_f000005.jpg,47,ipanda50,1516
iPanda50/47_yingying/47_v365_f000400.jpg,47,ipanda50,1517
iPanda50/47_yingying/47_v369_f000005.jpg,47,ipanda50,1518
iPanda50/47_yingying/47_v369_f001585.jpg,47,ipanda50,1518
iPanda50/47_yingying/47_v406_f000005.jpg,47,ipanda50,1519
iPanda50/47_yingying/47_v409_f000755.jpg,47,ipanda50,1520
iPanda50/47_yingying/47_v409_f001925.jpg,47,ipanda50,1520
iPanda50/47_yingying/47_v409_f002000.jpg,47,ipanda50,1520
iPanda50/47_yingying/47_v409_f002685.jpg,47,ipanda50,1520
iPanda50/47_yingying/47_v409_f004790.jpg,47,ipanda50,1520
iPanda50/47_yingying/47_v409_f005020.jpg,47,ipanda50,1520
iPanda50/47_yingying/47_v409_f005240.jpg,47,ipanda50,1520
iPanda50/48_yongbang/48_v002_f001500.jpg,48,ipanda50,1521
iPanda50/48_yongbang/48_v003_f002915.jpg,48,ipanda50,1522
iPanda50/48_yongbang/48_v005_f004590.jpg,48,ipanda50,1523
iPanda50/48_yongbang/48_v005_f008325.jpg,48,ipanda50,1523
iPanda50/48_yongbang/48_v006_f000360.jpg,48,ipanda50,1524
iPanda50/48_yongbang/48_v008_f000005.jpg,48,ipanda50,1525
iPanda50/48_yongbang/48_v008_f000955.jpg,48,ipanda50,1525
iPanda50/48_yongbang/48_v008_f000990.jpg,48,ipanda50,1525
iPanda50/48_yongbang/48_v010_f000005.jpg,48,ipanda50,1526
iPanda50/48_yongbang/48_v010_f000060.jpg,48,ipanda50,1526
iPanda50/48_yongbang/48_v010_f000265.jpg,48,ipanda50,1526
iPanda50/48_yongbang/48_v010_f000700.jpg,48,ipanda50,1526
iPanda50/48_yongbang/48_v011_f002335.jpg,48,ipanda50,1527
iPanda50/48_yongbang/48_v011_f006085.jpg,48,ipanda50,1527
iPanda50/48_yongbang/48_v012_f000185.jpg,48,ipanda50,1528
iPanda50/48_yongbang/48_v012_f000675.jpg,48,ipanda50,1528
iPanda50/48_yongbang/48_v012_f002295.jpg,48,ipanda50,1528
iPanda50/48_yongbang/48_v013_f000650.jpg,48,ipanda50,1529
iPanda50/48_yongbang/48_v014_f000005.jpg,48,ipanda50,1530
iPanda50/48_yongbang/48_v015_f001485.jpg,48,ipanda50,1531
iPanda50/48_yongbang/48_v015_f001665.jpg,48,ipanda50,1531
iPanda50/48_yongbang/48_v016_f000090.jpg,48,ipanda50,1532
iPanda50/48_yongbang/48_v017_f000005.jpg,48,ipanda50,1533
iPanda50/48_yongbang/48_v018_f003455.jpg,48,ipanda50,1534
iPanda50/48_yongbang/48_v018_f003720.jpg,48,ipanda50,1534
iPanda50/48_yongbang/48_v018_f009605.jpg,48,ipanda50,1534
iPanda50/48_yongbang/48_v018_f010505.jpg,48,ipanda50,1534
iPanda50/48_yongbang/48_v019_f000200.jpg,48,ipanda50,1535
iPanda50/48_yongbang/48_v019_f001485.jpg,48,ipanda50,1535
iPanda50/48_yongbang/48_v020_f000725.jpg,48,ipanda50,1536
iPanda50/48_yongbang/48_v022_f000090.jpg,48,ipanda50,1537
iPanda50/48_yongbang/48_v022_f002025.jpg,48,ipanda50,1537
iPanda50/48_yongbang/48_v023_f001400.jpg,48,ipanda50,1538
iPanda50/48_yongbang/48_v023_f001515.jpg,48,ipanda50,1538
iPanda50/48_yongbang/48_v023_f002560.jpg,48,ipanda50,1538
iPanda50/48_yongbang/48_v023_f003245.jpg,48,ipanda50,1538
iPanda50/48_yongbang/48_v023_f003340.jpg,48,ipanda50,1538
iPanda50/48_yongbang/48_v023_f004335.jpg,48,ipanda50,1538
iPanda50/48_yongbang/48_v023_f004425.jpg,48,ipanda50,1538
iPanda50/48_yongbang/48_v024_f003220.jpg,48,ipanda50,1539
iPanda50/48_yongbang/48_v024_f003825.jpg,48,ipanda50,1539
iPanda50/48_yongbang/48_v024_f007950.jpg,48,ipanda50,1539
iPanda50/48_yongbang/48_v027_f000005.jpg,48,ipanda50,1540
iPanda50/48_yongbang/48_v027_f000455.jpg,48,ipanda50,1540
iPanda50/48_yongbang/48_v027_f000705.jpg,48,ipanda50,1540
iPanda50/48_yongbang/48_v029_f000035.jpg,48,ipanda50,1541
iPanda50/48_yongbang/48_v030_f001250.jpg,48,ipanda50,1542
iPanda50/48_yongbang/48_v031_f000225.jpg,48,ipanda50,1543
iPanda50/48_yongbang/48_v031_f000970.jpg,48,ipanda50,1543
iPanda50/48_yongbang/48_v031_f006800.jpg,48,ipanda50,1543
iPanda50/48_yongbang/48_v033_f000005.jpg,48,ipanda50,1544
iPanda50/48_yongbang/48_v036_f000825.jpg,48,ipanda50,1545
iPanda50/48_yongbang/48_v036_f000950.jpg,48,ipanda50,1545
iPanda50/48_yongbang/48_v038_f000005.jpg,48,ipanda50,1546
iPanda50/48_yongbang/48_v039_f000270.jpg,48,ipanda50,1547
iPanda50/48_yongbang/48_v039_f001350.jpg,48,ipanda50,1547
iPanda50/48_yongbang/48_v041_f000050.jpg,48,ipanda50,1548
iPanda50/48_yongbang/48_v041_f000835.jpg,48,ipanda50,1548
iPanda50/48_yongbang/48_v042_f000615.jpg,48,ipanda50,1549
iPanda50/48_yongbang/48_v042_f000675.jpg,48,ipanda50,1549
iPanda50/48_yongbang/48_v043_f001260.jpg,48,ipanda50,1550
iPanda50/48_yongbang/48_v045_f000325.jpg,48,ipanda50,1551
iPanda50/48_yongbang/48_v045_f000775.jpg,48,ipanda50,1551
iPanda50/48_yongbang/48_v046_f000425.jpg,48,ipanda50,1552
iPanda50/48_yongbang/48_v046_f002295.jpg,48,ipanda50,1552
iPanda50/48_yongbang/48_v046_f006205.jpg,48,ipanda50,1552
iPanda50/48_yongbang/48_v047_f000005.jpg,48,ipanda50,1553
iPanda50/48_yongbang/48_v048_f001190.jpg,48,ipanda50,1554
iPanda50/48_yongbang/48_v048_f003230.jpg,48,ipanda50,1554
iPanda50/48_yongbang/48_v048_f007990.jpg,48,ipanda50,1554
iPanda50/48_yongbang/48_v049_f000350.jpg,48,ipanda50,1555
iPanda50/48_yongbang/48_v051_f001020.jpg,48,ipanda50,1556
iPanda50/48_yongbang/48_v051_f002125.jpg,48,ipanda50,1556
iPanda50/48_yongbang/48_v052_f000990.jpg,48,ipanda50,1557
iPanda50/48_yongbang/48_v052_f001395.jpg,48,ipanda50,1557
iPanda50/48_yongbang/48_v053_f000850.jpg,48,ipanda50,1558
iPanda50/48_yongbang/48_v053_f006705.jpg,48,ipanda50,1558
iPanda50/48_yongbang/48_v053_f013150.jpg,48,ipanda50,1558
iPanda50/48_yongbang/48_v054_f003060.jpg,48,ipanda50,1559
iPanda50/48_yongbang/48_v054_f006290.jpg,48,ipanda50,1559
iPanda50/48_yongbang/48_v055_f000005.jpg,48,ipanda50,1560
iPanda50/48_yongbang/48_v055_f000145.jpg,48,ipanda50,1560
iPanda50/48_yongbang/48_v058_f000005.jpg,48,ipanda50,1561
iPanda50/48_yongbang/48_v059_f000425.jpg,48,ipanda50,1562
iPanda50/48_yongbang/48_v059_f000500.jpg,48,ipanda50,1562
iPanda50/48_yongbang/48_v059_f001300.jpg,48,ipanda50,1562
iPanda50/48_yongbang/48_v060_f000005.jpg,48,ipanda50,1563
iPanda50/48_yongbang/48_v061_f000850.jpg,48,ipanda50,1564
iPanda50/48_yongbang/48_v061_f005015.jpg,48,ipanda50,1564
iPanda50/48_yongbang/48_v061_f011050.jpg,48,ipanda50,1564
iPanda50/48_yongbang/48_v061_f016235.jpg,48,ipanda50,1564
iPanda50/48_yongbang/48_v062_f000050.jpg,48,ipanda50,1565
iPanda50/48_yongbang/48_v062_f000155.jpg,48,ipanda50,1565
iPanda50/48_yongbang/48_v062_f002020.jpg,48,ipanda50,1565
iPanda50/48_yongbang/48_v062_f002275.jpg,48,ipanda50,1565
iPanda50/48_yongbang/48_v062_f002360.jpg,48,ipanda50,1565
iPanda50/48_yongbang/48_v062_f002445.jpg,48,ipanda50,1565
iPanda50/48_yongbang/48_v062_f002480.jpg,48,ipanda50,1565
iPanda50/48_yongbang/48_v063_f000770.jpg,48,ipanda50,1566
iPanda50/48_yongbang/48_v063_f001155.jpg,48,ipanda50,1566
iPanda50/48_yongbang/48_v066_f000005.jpg,48,ipanda50,1567
iPanda50/48_yongbang/48_v066_f001125.jpg,48,ipanda50,1567
iPanda50/48_yongbang/48_v066_f001720.jpg,48,ipanda50,1567
iPanda50/48_yongbang/48_v066_f001830.jpg,48,ipanda50,1567
iPanda50/48_yongbang/48_v066_f002170.jpg,48,ipanda50,1567
iPanda50/48_yongbang/48_v066_f002775.jpg,48,ipanda50,1567
iPanda50/48_yongbang/48_v072_f000550.jpg,48,ipanda50,1568
iPanda50/48_yongbang/48_v073_f000005.jpg,48,ipanda50,1569
iPanda50/48_yongbang/48_v073_f000315.jpg,48,ipanda50,1569
iPanda50/48_yongbang/48_v073_f001155.jpg,48,ipanda50,1569
iPanda50/48_yongbang/48_v073_f001185.jpg,48,ipanda50,1569
iPanda50/48_yongbang/48_v073_f001240.jpg,48,ipanda50,1569
iPanda50/48_yongbang/48_v073_f001270.jpg,48,ipanda50,1569
iPanda50/48_yongbang/48_v073_f001430.jpg,48,ipanda50,1569
iPanda50/48_yongbang/48_v073_f001510.jpg,48,ipanda50,1569
iPanda50/48_yongbang/48_v073_f004025.jpg,48,ipanda50,1569
iPanda50/48_yongbang/48_v073_f005100.jpg,48,ipanda50,1569
iPanda50/48_yongbang/48_v073_f005685.jpg,48,ipanda50,1569
iPanda50/48_yongbang/48_v074_f000005.jpg,48,ipanda50,1570
iPanda50/48_yongbang/48_v075_f003420.jpg,48,ipanda50,1571
iPanda50/48_yongbang/48_v076_f000005.jpg,48,ipanda50,1572
iPanda50/48_yongbang/48_v076_f001405.jpg,48,ipanda50,1572
iPanda50/48_yongbang/48_v077_f000300.jpg,48,ipanda50,1573
iPanda50/48_yongbang/48_v079_f001170.jpg,48,ipanda50,1574
iPanda50/48_yongbang/48_v081_f000005.jpg,48,ipanda50,1575
iPanda50/48_yongbang/48_v081_f014740.jpg,48,ipanda50,1575
iPanda50/48_yongbang/48_v082_f000245.jpg,48,ipanda50,1576
iPanda50/48_yongbang/48_v082_f000385.jpg,48,ipanda50,1576
iPanda50/48_yongbang/48_v085_f000005.jpg,48,ipanda50,1577
iPanda50/48_yongbang/48_v085_f001005.jpg,48,ipanda50,1577
iPanda50/48_yongbang/48_v086_f000005.jpg,48,ipanda50,1578
iPanda50/48_yongbang/48_v086_f000270.jpg,48,ipanda50,1578
iPanda50/48_yongbang/48_v087_f000005.jpg,48,ipanda50,1579
iPanda50/48_yongbang/48_v088_f000005.jpg,48,ipanda50,1580
iPanda50/48_yongbang/48_v088_f000780.jpg,48,ipanda50,1580
iPanda50/48_yongbang/48_v091_f000175.jpg,48,ipanda50,1581
iPanda50/48_yongbang/48_v091_f000515.jpg,48,ipanda50,1581
iPanda50/48_yongbang/48_v091_f000580.jpg,48,ipanda50,1581
iPanda50/48_yongbang/48_v091_f001175.jpg,48,ipanda50,1581
iPanda50/48_yongbang/48_v091_f001805.jpg,48,ipanda50,1581
iPanda50/48_yongbang/48_v092_f000005.jpg,48,ipanda50,1582
iPanda50/48_yongbang/48_v092_f000180.jpg,48,ipanda50,1582
iPanda50/48_yongbang/48_v092_f000690.jpg,48,ipanda50,1582
iPanda50/48_yongbang/48_v097_f000055.jpg,48,ipanda50,1583
iPanda50/48_yongbang/48_v098_f000225.jpg,48,ipanda50,1584
iPanda50/48_yongbang/48_v099_f000740.jpg,48,ipanda50,1585
iPanda50/48_yongbang/48_v099_f004410.jpg,48,ipanda50,1585
iPanda50/48_yongbang/48_v099_f004655.jpg,48,ipanda50,1585
iPanda50/48_yongbang/48_v102_f000630.jpg,48,ipanda50,1586
iPanda50/48_yongbang/48_v105_f000365.jpg,48,ipanda50,1587
iPanda50/48_yongbang/48_v105_f004320.jpg,48,ipanda50,1587
iPanda50/48_yongbang/48_v106_f000620.jpg,48,ipanda50,1588
iPanda50/48_yongbang/48_v106_f000980.jpg,48,ipanda50,1588
iPanda50/48_yongbang/48_v106_f001530.jpg,48,ipanda50,1588
iPanda50/48_yongbang/48_v110_f000850.jpg,48,ipanda50,1589
iPanda50/48_yongbang/48_v112_f000650.jpg,48,ipanda50,1590
iPanda50/48_yongbang/48_v113_f000795.jpg,48,ipanda50,1591
iPanda50/48_yongbang/48_v113_f001115.jpg,48,ipanda50,1591
iPanda50/48_yongbang/48_v113_f001955.jpg,48,ipanda50,1591
iPanda50/48_yongbang/48_v113_f003275.jpg,48,ipanda50,1591
iPanda50/48_yongbang/48_v114_f000765.jpg,48,ipanda50,1592
iPanda50/48_yongbang/48_v114_f003995.jpg,48,ipanda50,1592
iPanda50/48_yongbang/48_v115_f000675.jpg,48,ipanda50,1593
iPanda50/48_yongbang/48_v115_f000780.jpg,48,ipanda50,1593
iPanda50/48_yongbang/48_v115_f000800.jpg,48,ipanda50,1593
iPanda50/48_yongbang/48_v115_f000825.jpg,48,ipanda50,1593
iPanda50/48_yongbang/48_v115_f000850.jpg,48,ipanda50,1593
iPanda50/48_yongbang/48_v115_f000980.jpg,48,ipanda50,1593
iPanda50/48_yongbang/48_v115_f001080.jpg,48,ipanda50,1593
iPanda50/48_yongbang/48_v115_f001345.jpg,48,ipanda50,1593
iPanda50/48_yongbang/48_v115_f001405.jpg,48,ipanda50,1593
iPanda50/48_yongbang/48_v115_f001430.jpg,48,ipanda50,1593
iPanda50/48_yongbang/48_v115_f001665.jpg,48,ipanda50,1593
iPanda50/48_yongbang/48_v115_f001880.jpg,48,ipanda50,1593
iPanda50/48_yongbang/48_v121_f000225.jpg,48,ipanda50,1594
iPanda50/48_yongbang/48_v121_f002790.jpg,48,ipanda50,1594
iPanda50/48_yongbang/48_v122_f000005.jpg,48,ipanda50,1595
iPanda50/48_yongbang/48_v127_f003545.jpg,48,ipanda50,1596
iPanda50/48_yongbang/48_v131_f000615.jpg,48,ipanda50,1597
iPanda50/48_yongbang/48_v131_f000840.jpg,48,ipanda50,1597
iPanda50/48_yongbang/48_v134_f000005.jpg,48,ipanda50,1598
iPanda50/48_yongbang/48_v134_f001270.jpg,48,ipanda50,1598
iPanda50/48_yongbang/48_v134_f002105.jpg,48,ipanda50,1598
iPanda50/48_yongbang/48_v136_f000105.jpg,48,ipanda50,1599
iPanda50/48_yongbang/48_v136_f001855.jpg,48,ipanda50,1599
iPanda50/48_yongbang/48_v136_f001920.jpg,48,ipanda50,1599
iPanda50/48_yongbang/48_v136_f002055.jpg,48,ipanda50,1599
iPanda50/48_yongbang/48_v136_f002135.jpg,48,ipanda50,1599
iPanda50/48_yongbang/48_v136_f002260.jpg,48,ipanda50,1599
iPanda50/48_yongbang/48_v138_f001225.jpg,48,ipanda50,1600
iPanda50/48_yongbang/48_v138_f002290.jpg,48,ipanda50,1600
iPanda50/48_yongbang/48_v138_f002465.jpg,48,ipanda50,1600
iPanda50/48_yongbang/48_v140_f000005.jpg,48,ipanda50,1601
iPanda50/48_yongbang/48_v143_f000015.jpg,48,ipanda50,1602
iPanda50/48_yongbang/48_v143_f001580.jpg,48,ipanda50,1602
iPanda50/48_yongbang/48_v150_f000010.jpg,48,ipanda50,1603
iPanda50/48_yongbang/48_v150_f000285.jpg,48,ipanda50,1603
