path,original_pid,source_dataset,camid
iPanda50/01_aoliao/01_1.jpg,01,ipanda50,436
iPanda50/01_aoliao/01_1195.jpg,01,ipanda50,436
iPanda50/01_aoliao/01_140.jpg,01,ipanda50,436
iPanda50/01_aoliao/01_465.jpg,01,ipanda50,436
iPanda50/01_aoliao/01_5.jpg,01,ipanda50,436
iPanda50/01_aoliao/01_65.jpg,01,ipanda50,436
iPanda50/01_aoliao/01_655.jpg,01,ipanda50,436
iPanda50/01_aoliao/01_v002_f000050.jpg,01,ipanda50,437
iPanda50/01_aoliao/01_v002_f000120.jpg,01,ipanda50,437
iPanda50/01_aoliao/01_v002_f000150.jpg,01,ipanda50,437
iPanda50/01_aoliao/01_v002_f000200.jpg,01,ipanda50,437
iPanda50/01_aoliao/01_v002_f000220.jpg,01,ipanda50,437
iPanda50/01_aoliao/01_v002_f000325.jpg,01,ipanda50,437
iPanda50/01_aoliao/01_v002_f000915.jpg,01,ipanda50,437
iPanda50/01_aoliao/01_v002_f001080.jpg,01,ipanda50,437
iPanda50/01_aoliao/01_v002_f001135.jpg,01,ipanda50,437
iPanda50/01_aoliao/01_v002_f001520.jpg,01,ipanda50,437
iPanda50/01_aoliao/01_v002_f001555.jpg,01,ipanda50,437
iPanda50/01_aoliao/01_v002_f001575.jpg,01,ipanda50,437
iPanda50/01_aoliao/01_v002_f001680.jpg,01,ipanda50,437
iPanda50/01_aoliao/01_v002_f001715.jpg,01,ipanda50,437
iPanda50/01_aoliao/01_v002_f001995.jpg,01,ipanda50,437
iPanda50/01_aoliao/01_v002_f002065.jpg,01,ipanda50,437
iPanda50/01_aoliao/01_v002_f002090.jpg,01,ipanda50,437
iPanda50/01_aoliao/01_v003_f000050.jpg,01,ipanda50,438
iPanda50/01_aoliao/01_v003_f000145.jpg,01,ipanda50,438
iPanda50/01_aoliao/01_v003_f000245.jpg,01,ipanda50,438
iPanda50/01_aoliao/01_v003_f000280.jpg,01,ipanda50,438
iPanda50/01_aoliao/01_v003_f000455.jpg,01,ipanda50,438
iPanda50/01_aoliao/01_v004_f000005.jpg,01,ipanda50,439
iPanda50/01_aoliao/01_v004_f000455.jpg,01,ipanda50,439
iPanda50/01_aoliao/01_v004_f000500.jpg,01,ipanda50,439
iPanda50/01_aoliao/01_v004_f000930.jpg,01,ipanda50,439
iPanda50/01_aoliao/01_v004_f001025.jpg,01,ipanda50,439
iPanda50/01_aoliao/01_v006_f000005.jpg,01,ipanda50,440
iPanda50/01_aoliao/01_v006_f000205.jpg,01,ipanda50,440
iPanda50/01_aoliao/01_v006_f000355.jpg,01,ipanda50,440
iPanda50/01_aoliao/01_v006_f000555.jpg,01,ipanda50,440
iPanda50/01_aoliao/01_v006_f000580.jpg,01,ipanda50,440
iPanda50/01_aoliao/01_v006_f000605.jpg,01,ipanda50,440
iPanda50/01_aoliao/01_v006_f000735.jpg,01,ipanda50,440
iPanda50/01_aoliao/01_v006_f000780.jpg,01,ipanda50,440
iPanda50/01_aoliao/01_v006_f000925.jpg,01,ipanda50,440
iPanda50/01_aoliao/01_v006_f001005.jpg,01,ipanda50,440
iPanda50/01_aoliao/01_v007_f000010.jpg,01,ipanda50,441
iPanda50/01_aoliao/01_v007_f000280.jpg,01,ipanda50,441
iPanda50/01_aoliao/01_v007_f000700.jpg,01,ipanda50,441
iPanda50/01_aoliao/01_v007_f000880.jpg,01,ipanda50,441
iPanda50/01_aoliao/01_v007_f000885.jpg,01,ipanda50,441
iPanda50/01_aoliao/01_v007_f001660.jpg,01,ipanda50,441
iPanda50/01_aoliao/01_v007_f001685.jpg,01,ipanda50,441
iPanda50/01_aoliao/01_v007_f001725.jpg,01,ipanda50,441
iPanda50/01_aoliao/01_v007_f001905.jpg,01,ipanda50,441
iPanda50/01_aoliao/01_v007_f002130.jpg,01,ipanda50,441
iPanda50/01_aoliao/01_v007_f002140.jpg,01,ipanda50,441
iPanda50/01_aoliao/01_v007_f002465.jpg,01,ipanda50,441
iPanda50/01_aoliao/01_v007_f002950.jpg,01,ipanda50,441
iPanda50/01_aoliao/01_v008_f000090.jpg,01,ipanda50,442
iPanda50/01_aoliao/01_v008_f000105.jpg,01,ipanda50,442
iPanda50/01_aoliao/01_v008_f000120.jpg,01,ipanda50,442
iPanda50/01_aoliao/01_v008_f000150.jpg,01,ipanda50,442
iPanda50/01_aoliao/01_v008_f000500.jpg,01,ipanda50,442
iPanda50/08_fulai/08_v001_f000465.jpg,08,ipanda50,1653
iPanda50/08_fulai/08_v002_f000185.jpg,08,ipanda50,1654
iPanda50/08_fulai/08_v002_f000195.jpg,08,ipanda50,1654
iPanda50/08_fulai/08_v002_f000225.jpg,08,ipanda50,1654
iPanda50/08_fulai/08_v002_f000305.jpg,08,ipanda50,1654
iPanda50/08_fulai/08_v002_f000470.jpg,08,ipanda50,1654
iPanda50/08_fulai/08_v002_f000475.jpg,08,ipanda50,1654
iPanda50/08_fulai/08_v002_f000490.jpg,08,ipanda50,1654
iPanda50/08_fulai/08_v002_f000520.jpg,08,ipanda50,1654
iPanda50/08_fulai/08_v002_f000545.jpg,08,ipanda50,1654
iPanda50/08_fulai/08_v002_f000570.jpg,08,ipanda50,1654
iPanda50/08_fulai/08_v002_f000615.jpg,08,ipanda50,1654
iPanda50/08_fulai/08_v002_f000640.jpg,08,ipanda50,1654
iPanda50/08_fulai/08_v002_f000670.jpg,08,ipanda50,1654
iPanda50/08_fulai/08_v002_f000680.jpg,08,ipanda50,1654
iPanda50/08_fulai/08_v002_f000730.jpg,08,ipanda50,1654
iPanda50/08_fulai/08_v002_f000760.jpg,08,ipanda50,1654
iPanda50/08_fulai/08_v002_f000775.jpg,08,ipanda50,1654
iPanda50/08_fulai/08_v002_f000865.jpg,08,ipanda50,1654
iPanda50/08_fulai/08_v002_f001055.jpg,08,ipanda50,1654
iPanda50/08_fulai/08_v002_f001505.jpg,08,ipanda50,1654
iPanda50/08_fulai/08_v002_f001590.jpg,08,ipanda50,1654
iPanda50/08_fulai/08_v002_f001665.jpg,08,ipanda50,1654
iPanda50/08_fulai/08_v002_f001790.jpg,08,ipanda50,1654
iPanda50/08_fulai/08_v002_f002300.jpg,08,ipanda50,1654
iPanda50/08_fulai/08_v002_f002335.jpg,08,ipanda50,1654
iPanda50/08_fulai/08_v002_f002700.jpg,08,ipanda50,1654
iPanda50/08_fulai/08_v002_f003305.jpg,08,ipanda50,1654
iPanda50/08_fulai/08_v002_f003335.jpg,08,ipanda50,1654
iPanda50/08_fulai/08_v002_f003790.jpg,08,ipanda50,1654
iPanda50/08_fulai/08_v002_f003940.jpg,08,ipanda50,1654
iPanda50/08_fulai/08_v002_f004045.jpg,08,ipanda50,1654
iPanda50/08_fulai/08_v002_f004520.jpg,08,ipanda50,1654
iPanda50/08_fulai/08_v002_f004580.jpg,08,ipanda50,1654
iPanda50/08_fulai/08_v002_f004980.jpg,08,ipanda50,1654
iPanda50/08_fulai/08_v002_f005205.jpg,08,ipanda50,1654
iPanda50/08_fulai/08_v002_f005420.jpg,08,ipanda50,1654
iPanda50/08_fulai/08_v002_f005750.jpg,08,ipanda50,1654
iPanda50/08_fulai/08_v002_f006140.jpg,08,ipanda50,1654
iPanda50/08_fulai/08_v002_f006330.jpg,08,ipanda50,1654
iPanda50/08_fulai/08_v002_f006390.jpg,08,ipanda50,1654
iPanda50/08_fulai/08_v003_f000515.jpg,08,ipanda50,1655
iPanda50/08_fulai/08_v003_f000605.jpg,08,ipanda50,1655
iPanda50/08_fulai/08_v003_f000655.jpg,08,ipanda50,1655
iPanda50/08_fulai/08_v003_f000725.jpg,08,ipanda50,1655
iPanda50/08_fulai/08_v003_f000915.jpg,08,ipanda50,1655
iPanda50/08_fulai/08_v003_f001205.jpg,08,ipanda50,1655
iPanda50/08_fulai/08_v003_f001415.jpg,08,ipanda50,1655
iPanda50/08_fulai/08_v003_f001545.jpg,08,ipanda50,1655
iPanda50/08_fulai/08_v003_f001745.jpg,08,ipanda50,1655
iPanda50/08_fulai/08_v003_f001815.jpg,08,ipanda50,1655
iPanda50/08_fulai/08_v003_f001965.jpg,08,ipanda50,1655
iPanda50/08_fulai/08_v003_f002235.jpg,08,ipanda50,1655
iPanda50/08_fulai/08_v003_f002320.jpg,08,ipanda50,1655
iPanda50/08_fulai/08_v003_f002430.jpg,08,ipanda50,1655
iPanda50/08_fulai/08_v003_f002475.jpg,08,ipanda50,1655
iPanda50/08_fulai/08_v003_f003705.jpg,08,ipanda50,1655
iPanda50/08_fulai/08_v003_f005080.jpg,08,ipanda50,1655
iPanda50/08_fulai/08_v003_f005505.jpg,08,ipanda50,1655
iPanda50/08_fulai/08_v003_f005590.jpg,08,ipanda50,1655
iPanda50/08_fulai/08_v005_f000845.jpg,08,ipanda50,1656
iPanda50/08_fulai/08_v005_f000895.jpg,08,ipanda50,1656
iPanda50/08_fulai/08_v005_f001505.jpg,08,ipanda50,1656
iPanda50/08_fulai/08_v005_f001685.jpg,08,ipanda50,1656
iPanda50/08_fulai/08_v005_f002020.jpg,08,ipanda50,1656
iPanda50/08_fulai/08_v005_f002085.jpg,08,ipanda50,1656
iPanda50/08_fulai/08_v005_f002205.jpg,08,ipanda50,1656
iPanda50/08_fulai/08_v005_f002440.jpg,08,ipanda50,1656
iPanda50/08_fulai/08_v006_f001080.jpg,08,ipanda50,1657
iPanda50/08_fulai/08_v006_f001330.jpg,08,ipanda50,1657
iPanda50/08_fulai/08_v006_f001640.jpg,08,ipanda50,1657
iPanda50/08_fulai/08_v006_f002215.jpg,08,ipanda50,1657
iPanda50/08_fulai/08_v006_f002380.jpg,08,ipanda50,1657
iPanda50/08_fulai/08_v007_f002570.jpg,08,ipanda50,1658
iPanda50/08_fulai/08_v007_f003015.jpg,08,ipanda50,1658
iPanda50/08_fulai/08_v007_f003095.jpg,08,ipanda50,1658
iPanda50/08_fulai/08_v008_f000205.jpg,08,ipanda50,1659
iPanda50/08_fulai/08_v008_f001050.jpg,08,ipanda50,1659
iPanda50/08_fulai/08_v008_f001130.jpg,08,ipanda50,1659
iPanda50/14_maodou/14_v002_f000005.jpg,14,ipanda50,238
iPanda50/14_maodou/14_v002_f000120.jpg,14,ipanda50,238
iPanda50/14_maodou/14_v002_f000180.jpg,14,ipanda50,238
iPanda50/14_maodou/14_v002_f000600.jpg,14,ipanda50,238
iPanda50/14_maodou/14_v002_f000795.jpg,14,ipanda50,238
iPanda50/14_maodou/14_v002_f001495.jpg,14,ipanda50,238
iPanda50/14_maodou/14_v002_f001545.jpg,14,ipanda50,238
iPanda50/14_maodou/14_v002_f001905.jpg,14,ipanda50,238
iPanda50/14_maodou/14_v003_f000005.jpg,14,ipanda50,239
iPanda50/14_maodou/14_v003_f000035.jpg,14,ipanda50,239
iPanda50/14_maodou/14_v003_f000355.jpg,14,ipanda50,239
iPanda50/14_maodou/14_v003_f000465.jpg,14,ipanda50,239
iPanda50/14_maodou/14_v003_f000710.jpg,14,ipanda50,239
iPanda50/14_maodou/14_v003_f000755.jpg,14,ipanda50,239
iPanda50/14_maodou/14_v004_f000005.jpg,14,ipanda50,240
iPanda50/14_maodou/14_v004_f000710.jpg,14,ipanda50,240
iPanda50/14_maodou/14_v004_f000810.jpg,14,ipanda50,240
iPanda50/14_maodou/14_v004_f000920.jpg,14,ipanda50,240
iPanda50/14_maodou/14_v004_f001330.jpg,14,ipanda50,240
iPanda50/14_maodou/14_v004_f001340.jpg,14,ipanda50,240
iPanda50/14_maodou/14_v004_f001365.jpg,14,ipanda50,240
iPanda50/14_maodou/14_v004_f001480.jpg,14,ipanda50,240
iPanda50/14_maodou/14_v007_f000115.jpg,14,ipanda50,241
iPanda50/14_maodou/14_v007_f000220.jpg,14,ipanda50,241
iPanda50/14_maodou/14_v007_f000270.jpg,14,ipanda50,241
iPanda50/14_maodou/14_v007_f000480.jpg,14,ipanda50,241
iPanda50/14_maodou/14_v007_f000610.jpg,14,ipanda50,241
iPanda50/14_maodou/14_v007_f000695.jpg,14,ipanda50,241
iPanda50/14_maodou/14_v008_f000005.jpg,14,ipanda50,242
iPanda50/14_maodou/14_v008_f000085.jpg,14,ipanda50,242
iPanda50/14_maodou/14_v008_f000320.jpg,14,ipanda50,242
iPanda50/14_maodou/14_v008_f000795.jpg,14,ipanda50,242
iPanda50/14_maodou/14_v008_f001450.jpg,14,ipanda50,242
iPanda50/14_maodou/14_v008_f001660.jpg,14,ipanda50,242
iPanda50/14_maodou/14_v008_f001790.jpg,14,ipanda50,242
iPanda50/14_maodou/14_v008_f001845.jpg,14,ipanda50,242
iPanda50/14_maodou/14_v008_f001885.jpg,14,ipanda50,242
iPanda50/14_maodou/14_v008_f001905.jpg,14,ipanda50,242
iPanda50/14_maodou/14_v008_f002090.jpg,14,ipanda50,242
iPanda50/14_maodou/14_v008_f002190.jpg,14,ipanda50,242
iPanda50/14_maodou/14_v009_f000005.jpg,14,ipanda50,243
iPanda50/14_maodou/14_v010_f000005.jpg,14,ipanda50,244
iPanda50/14_maodou/14_v010_f000255.jpg,14,ipanda50,244
iPanda50/14_maodou/14_v010_f000330.jpg,14,ipanda50,244
iPanda50/14_maodou/14_v010_f000505.jpg,14,ipanda50,244
iPanda50/14_maodou/14_v010_f000555.jpg,14,ipanda50,244
iPanda50/14_maodou/14_v010_f000745.jpg,14,ipanda50,244
iPanda50/14_maodou/14_v010_f000820.jpg,14,ipanda50,244
iPanda50/14_maodou/14_v010_f000840.jpg,14,ipanda50,244
iPanda50/14_maodou/14_v010_f000855.jpg,14,ipanda50,244
iPanda50/14_maodou/14_v010_f000885.jpg,14,ipanda50,244
iPanda50/14_maodou/14_v010_f000905.jpg,14,ipanda50,244
iPanda50/14_maodou/14_v010_f000950.jpg,14,ipanda50,244
iPanda50/14_maodou/14_v010_f001005.jpg,14,ipanda50,244
iPanda50/14_maodou/14_v010_f001110.jpg,14,ipanda50,244
iPanda50/14_maodou/14_v010_f001160.jpg,14,ipanda50,244
iPanda50/14_maodou/14_v011_f000005.jpg,14,ipanda50,245
iPanda50/14_maodou/14_v011_f000585.jpg,14,ipanda50,245
iPanda50/14_maodou/14_v011_f000630.jpg,14,ipanda50,245
iPanda50/14_maodou/14_v011_f000655.jpg,14,ipanda50,245
iPanda50/14_maodou/14_v012_f000765.jpg,14,ipanda50,246
iPanda50/14_maodou/14_v012_f001010.jpg,14,ipanda50,246
iPanda50/14_maodou/14_v013_f000005.jpg,14,ipanda50,247
iPanda50/14_maodou/14_v013_f000845.jpg,14,ipanda50,247
iPanda50/14_maodou/14_v013_f000855.jpg,14,ipanda50,247
iPanda50/14_maodou/14_v013_f000930.jpg,14,ipanda50,247
iPanda50/14_maodou/14_v014_f000045.jpg,14,ipanda50,248
iPanda50/14_maodou/14_v014_f000180.jpg,14,ipanda50,248
iPanda50/14_maodou/14_v014_f000200.jpg,14,ipanda50,248
iPanda50/14_maodou/14_v014_f000295.jpg,14,ipanda50,248
iPanda50/14_maodou/14_v014_f000370.jpg,14,ipanda50,248
iPanda50/14_maodou/14_v014_f000420.jpg,14,ipanda50,248
iPanda50/14_maodou/14_v015_f000010.jpg,14,ipanda50,249
iPanda50/14_maodou/14_v015_f000090.jpg,14,ipanda50,249
iPanda50/14_maodou/14_v015_f000215.jpg,14,ipanda50,249
iPanda50/14_maodou/14_v015_f000255.jpg,14,ipanda50,249
iPanda50/14_maodou/14_v015_f000295.jpg,14,ipanda50,249
iPanda50/14_maodou/14_v015_f000325.jpg,14,ipanda50,249
iPanda50/14_maodou/14_v015_f000410.jpg,14,ipanda50,249
iPanda50/14_maodou/14_v015_f000455.jpg,14,ipanda50,249
iPanda50/14_maodou/14_v015_f000515.jpg,14,ipanda50,249
iPanda50/14_maodou/14_v015_f000590.jpg,14,ipanda50,249
iPanda50/14_maodou/14_v015_f000675.jpg,14,ipanda50,249
iPanda50/14_maodou/14_v015_f000705.jpg,14,ipanda50,249
iPanda50/14_maodou/14_v015_f000865.jpg,14,ipanda50,249
iPanda50/14_maodou/14_v018_f000195.jpg,14,ipanda50,250
iPanda50/14_maodou/14_v018_f001135.jpg,14,ipanda50,250
iPanda50/14_maodou/14_v019_f000500.jpg,14,ipanda50,251
iPanda50/14_maodou/14_v019_f001590.jpg,14,ipanda50,251
iPanda50/14_maodou/14_v019_f002015.jpg,14,ipanda50,251
iPanda50/14_maodou/14_v019_f002610.jpg,14,ipanda50,251
iPanda50/14_maodou/14_v019_f002675.jpg,14,ipanda50,251
iPanda50/14_maodou/14_v019_f002810.jpg,14,ipanda50,251
iPanda50/14_maodou/14_v019_f003305.jpg,14,ipanda50,251
iPanda50/14_maodou/14_v019_f004385.jpg,14,ipanda50,251
iPanda50/14_maodou/14_v020_f000005.jpg,14,ipanda50,252
iPanda50/14_maodou/14_v021_f000005.jpg,14,ipanda50,253
iPanda50/14_maodou/14_v021_f000605.jpg,14,ipanda50,253
iPanda50/14_maodou/14_v022_f000005.jpg,14,ipanda50,254
iPanda50/14_maodou/14_v022_f000240.jpg,14,ipanda50,254
iPanda50/14_maodou/14_v022_f000825.jpg,14,ipanda50,254
iPanda50/14_maodou/14_v022_f000855.jpg,14,ipanda50,254
iPanda50/14_maodou/14_v022_f000945.jpg,14,ipanda50,254
iPanda50/14_maodou/14_v022_f000960.jpg,14,ipanda50,254
iPanda50/14_maodou/14_v022_f001005.jpg,14,ipanda50,254
iPanda50/14_maodou/14_v022_f002000.jpg,14,ipanda50,254
iPanda50/14_maodou/14_v023_f000005.jpg,14,ipanda50,255
iPanda50/14_maodou/14_v023_f000060.jpg,14,ipanda50,255
iPanda50/14_maodou/14_v023_f000200.jpg,14,ipanda50,255
iPanda50/14_maodou/14_v023_f000360.jpg,14,ipanda50,255
iPanda50/14_maodou/14_v023_f001160.jpg,14,ipanda50,255
iPanda50/14_maodou/14_v023_f001245.jpg,14,ipanda50,255
iPanda50/14_maodou/14_v023_f001485.jpg,14,ipanda50,255
iPanda50/14_maodou/14_v025_f000105.jpg,14,ipanda50,256
iPanda50/14_maodou/14_v025_f001250.jpg,14,ipanda50,256
iPanda50/14_maodou/14_v025_f001305.jpg,14,ipanda50,256
iPanda50/14_maodou/14_v025_f001330.jpg,14,ipanda50,256
iPanda50/14_maodou/14_v025_f001445.jpg,14,ipanda50,256
iPanda50/14_maodou/14_v025_f001510.jpg,14,ipanda50,256
iPanda50/14_maodou/14_v028_f002410.jpg,14,ipanda50,257
iPanda50/14_maodou/14_v028_f002435.jpg,14,ipanda50,257
iPanda50/14_maodou/14_v028_f002465.jpg,14,ipanda50,257
iPanda50/14_maodou/14_v028_f002535.jpg,14,ipanda50,257
iPanda50/14_maodou/14_v028_f002555.jpg,14,ipanda50,257
iPanda50/14_maodou/14_v028_f002590.jpg,14,ipanda50,257
iPanda50/14_maodou/14_v028_f002955.jpg,14,ipanda50,257
iPanda50/14_maodou/14_v029_f000005.jpg,14,ipanda50,258
iPanda50/14_maodou/14_v030_f000300.jpg,14,ipanda50,259
iPanda50/14_maodou/14_v030_f000610.jpg,14,ipanda50,259
iPanda50/14_maodou/14_v030_f000895.jpg,14,ipanda50,259
iPanda50/14_maodou/14_v030_f000905.jpg,14,ipanda50,259
iPanda50/14_maodou/14_v030_f000945.jpg,14,ipanda50,259
iPanda50/14_maodou/14_v031_f000005.jpg,14,ipanda50,260
iPanda50/14_maodou/14_v031_f000925.jpg,14,ipanda50,260
iPanda50/14_maodou/14_v032_f000135.jpg,14,ipanda50,261
iPanda50/14_maodou/14_v032_f000165.jpg,14,ipanda50,261
iPanda50/14_maodou/14_v032_f000265.jpg,14,ipanda50,261
iPanda50/14_maodou/14_v032_f000305.jpg,14,ipanda50,261
iPanda50/14_maodou/14_v033_f000230.jpg,14,ipanda50,262
iPanda50/14_maodou/14_v033_f001040.jpg,14,ipanda50,262
iPanda50/14_maodou/14_v033_f001055.jpg,14,ipanda50,262
iPanda50/14_maodou/14_v034_f000215.jpg,14,ipanda50,263
iPanda50/14_maodou/14_v034_f000405.jpg,14,ipanda50,263
iPanda50/14_maodou/14_v034_f000420.jpg,14,ipanda50,263
iPanda50/14_maodou/14_v034_f000470.jpg,14,ipanda50,263
iPanda50/14_maodou/14_v034_f000605.jpg,14,ipanda50,263
iPanda50/14_maodou/14_v036_f000085.jpg,14,ipanda50,264
iPanda50/14_maodou/14_v036_f000110.jpg,14,ipanda50,264
iPanda50/14_maodou/14_v036_f000150.jpg,14,ipanda50,264
iPanda50/14_maodou/14_v036_f000410.jpg,14,ipanda50,264
iPanda50/14_maodou/14_v037_f000005.jpg,14,ipanda50,265
iPanda50/14_maodou/14_v037_f000700.jpg,14,ipanda50,265
iPanda50/14_maodou/14_v037_f001140.jpg,14,ipanda50,265
iPanda50/14_maodou/14_v037_f001285.jpg,14,ipanda50,265
iPanda50/14_maodou/14_v037_f001450.jpg,14,ipanda50,265
iPanda50/14_maodou/14_v037_f002245.jpg,14,ipanda50,265
iPanda50/14_maodou/14_v038_f000800.jpg,14,ipanda50,266
iPanda50/14_maodou/14_v039_f000070.jpg,14,ipanda50,267
iPanda50/14_maodou/14_v039_f000220.jpg,14,ipanda50,267
iPanda50/14_maodou/14_v039_f000355.jpg,14,ipanda50,267
iPanda50/14_maodou/14_v039_f000650.jpg,14,ipanda50,267
iPanda50/14_maodou/14_v039_f000710.jpg,14,ipanda50,267
iPanda50/14_maodou/14_v040_f000235.jpg,14,ipanda50,268
iPanda50/14_maodou/14_v040_f000505.jpg,14,ipanda50,268
iPanda50/14_maodou/14_v040_f000805.jpg,14,ipanda50,268
iPanda50/14_maodou/14_v040_f000905.jpg,14,ipanda50,268
iPanda50/18_miaomiao/18_1.jpg,18,ipanda50,343
iPanda50/18_miaomiao/18_1230.jpg,18,ipanda50,343
iPanda50/18_miaomiao/18_20150312-145900_幼年园_淼淼_独自玩耍遭成对偷袭_1.jpg,18,ipanda50,342
iPanda50/18_miaomiao/18_20150312-145900_幼年园_淼淼_独自玩耍遭成对偷袭_210.jpg,18,ipanda50,342
iPanda50/18_miaomiao/18_20150312-145900_幼年园_淼淼_独自玩耍遭成对偷袭_605.jpg,18,ipanda50,342
iPanda50/18_miaomiao/18_20150312-145900_幼年园_淼淼_独自玩耍遭成对偷袭_915.jpg,18,ipanda50,342
iPanda50/18_miaomiao/18_530.jpg,18,ipanda50,343
iPanda50/18_miaomiao/18_595.jpg,18,ipanda50,343
iPanda50/18_miaomiao/18_v002_f000005.jpg,18,ipanda50,344
iPanda50/18_miaomiao/18_v002_f001165.jpg,18,ipanda50,344
iPanda50/18_miaomiao/18_v003_f000125.jpg,18,ipanda50,345
iPanda50/18_miaomiao/18_v003_f000480.jpg,18,ipanda50,345
iPanda50/18_miaomiao/18_v003_f001120.jpg,18,ipanda50,345
iPanda50/18_miaomiao/18_v006_f000005.jpg,18,ipanda50,346
iPanda50/18_miaomiao/18_v006_f000660.jpg,18,ipanda50,346
iPanda50/18_miaomiao/18_v007_f001850.jpg,18,ipanda50,347
iPanda50/18_miaomiao/18_v007_f002400.jpg,18,ipanda50,347
iPanda50/18_miaomiao/18_v007_f002945.jpg,18,ipanda50,347
iPanda50/18_miaomiao/18_v007_f003235.jpg,18,ipanda50,347
iPanda50/18_miaomiao/18_v007_f003560.jpg,18,ipanda50,347
iPanda50/18_miaomiao/18_v009_f000005.jpg,18,ipanda50,348
iPanda50/18_miaomiao/18_v009_f000390.jpg,18,ipanda50,348
iPanda50/18_miaomiao/18_v009_f000740.jpg,18,ipanda50,348
iPanda50/18_miaomiao/18_v009_f000830.jpg,18,ipanda50,348
iPanda50/18_miaomiao/18_v009_f000855.jpg,18,ipanda50,348
iPanda50/18_miaomiao/18_v009_f000885.jpg,18,ipanda50,348
iPanda50/18_miaomiao/18_v009_f000905.jpg,18,ipanda50,348
iPanda50/18_miaomiao/18_v009_f000980.jpg,18,ipanda50,348
iPanda50/18_miaomiao/18_v009_f001330.jpg,18,ipanda50,348
iPanda50/18_miaomiao/18_v009_f001485.jpg,18,ipanda50,348
iPanda50/18_miaomiao/18_v010_f000005.jpg,18,ipanda50,349
iPanda50/18_miaomiao/18_v011_f000005.jpg,18,ipanda50,350
iPanda50/18_miaomiao/18_v011_f000270.jpg,18,ipanda50,350
iPanda50/18_miaomiao/18_v011_f000480.jpg,18,ipanda50,350
iPanda50/18_miaomiao/18_v011_f000525.jpg,18,ipanda50,350
iPanda50/18_miaomiao/18_v011_f000535.jpg,18,ipanda50,350
iPanda50/18_miaomiao/18_v011_f000565.jpg,18,ipanda50,350
iPanda50/18_miaomiao/18_v011_f000645.jpg,18,ipanda50,350
iPanda50/18_miaomiao/18_v011_f000685.jpg,18,ipanda50,350
iPanda50/18_miaomiao/18_v011_f001030.jpg,18,ipanda50,350
iPanda50/18_miaomiao/18_v011_f003790.jpg,18,ipanda50,350
iPanda50/18_miaomiao/18_v011_f004440.jpg,18,ipanda50,350
iPanda50/18_miaomiao/18_v011_f005475.jpg,18,ipanda50,350
iPanda50/18_miaomiao/18_v011_f006375.jpg,18,ipanda50,350
iPanda50/18_miaomiao/18_v011_f006515.jpg,18,ipanda50,350
iPanda50/18_miaomiao/18_v011_f006540.jpg,18,ipanda50,350
iPanda50/18_miaomiao/18_v012_f000005.jpg,18,ipanda50,351
iPanda50/18_miaomiao/18_v012_f000085.jpg,18,ipanda50,351
iPanda50/18_miaomiao/18_v013_f000005.jpg,18,ipanda50,352
iPanda50/18_miaomiao/18_v013_f000190.jpg,18,ipanda50,352
iPanda50/20_nike/20_v001_f000005.jpg,20,ipanda50,443
iPanda50/20_nike/20_v001_f000305.jpg,20,ipanda50,443
iPanda50/20_nike/20_v001_f001860.jpg,20,ipanda50,443
iPanda50/20_nike/20_v001_f002125.jpg,20,ipanda50,443
iPanda50/20_nike/20_v001_f002175.jpg,20,ipanda50,443
iPanda50/20_nike/20_v001_f003645.jpg,20,ipanda50,443
iPanda50/20_nike/20_v001_f005065.jpg,20,ipanda50,443
iPanda50/20_nike/20_v001_f007085.jpg,20,ipanda50,443
iPanda50/20_nike/20_v001_f007490.jpg,20,ipanda50,443
iPanda50/20_nike/20_v001_f007570.jpg,20,ipanda50,443
iPanda50/20_nike/20_v001_f007765.jpg,20,ipanda50,443
iPanda50/20_nike/20_v002_f000300.jpg,20,ipanda50,444
iPanda50/20_nike/20_v002_f000705.jpg,20,ipanda50,444
iPanda50/20_nike/20_v002_f000795.jpg,20,ipanda50,444
iPanda50/20_nike/20_v003_f001770.jpg,20,ipanda50,445
iPanda50/20_nike/20_v003_f001870.jpg,20,ipanda50,445
iPanda50/20_nike/20_v003_f002005.jpg,20,ipanda50,445
iPanda50/20_nike/20_v003_f002035.jpg,20,ipanda50,445
iPanda50/20_nike/20_v003_f002755.jpg,20,ipanda50,445
iPanda50/20_nike/20_v003_f002825.jpg,20,ipanda50,445
iPanda50/20_nike/20_v003_f002855.jpg,20,ipanda50,445
iPanda50/20_nike/20_v003_f002875.jpg,20,ipanda50,445
iPanda50/20_nike/20_v003_f002965.jpg,20,ipanda50,445
iPanda50/20_nike/20_v003_f003005.jpg,20,ipanda50,445
iPanda50/20_nike/20_v004_f000040.jpg,20,ipanda50,446
iPanda50/20_nike/20_v004_f000070.jpg,20,ipanda50,446
iPanda50/20_nike/20_v004_f000215.jpg,20,ipanda50,446
iPanda50/20_nike/20_v004_f000280.jpg,20,ipanda50,446
iPanda50/20_nike/20_v004_f000355.jpg,20,ipanda50,446
iPanda50/20_nike/20_v004_f000405.jpg,20,ipanda50,446
iPanda50/20_nike/20_v004_f000445.jpg,20,ipanda50,446
iPanda50/20_nike/20_v004_f000880.jpg,20,ipanda50,446
iPanda50/20_nike/20_v004_f001305.jpg,20,ipanda50,446
iPanda50/20_nike/20_v004_f003050.jpg,20,ipanda50,446
iPanda50/20_nike/20_v004_f003505.jpg,20,ipanda50,446
iPanda50/20_nike/20_v004_f003540.jpg,20,ipanda50,446
iPanda50/20_nike/20_v004_f003615.jpg,20,ipanda50,446
iPanda50/20_nike/20_v004_f003705.jpg,20,ipanda50,446
iPanda50/20_nike/20_v004_f004065.jpg,20,ipanda50,446
iPanda50/20_nike/20_v004_f004205.jpg,20,ipanda50,446
iPanda50/20_nike/20_v004_f004400.jpg,20,ipanda50,446
iPanda50/20_nike/20_v004_f004480.jpg,20,ipanda50,446
iPanda50/20_nike/20_v004_f004765.jpg,20,ipanda50,446
iPanda50/20_nike/20_v004_f005025.jpg,20,ipanda50,446
iPanda50/20_nike/20_v004_f005055.jpg,20,ipanda50,446
iPanda50/20_nike/20_v004_f005275.jpg,20,ipanda50,446
iPanda50/20_nike/20_v004_f005295.jpg,20,ipanda50,446
iPanda50/20_nike/20_v004_f005335.jpg,20,ipanda50,446
iPanda50/20_nike/20_v004_f005365.jpg,20,ipanda50,446
iPanda50/20_nike/20_v004_f005530.jpg,20,ipanda50,446
iPanda50/20_nike/20_v004_f005635.jpg,20,ipanda50,446
iPanda50/20_nike/20_v004_f005995.jpg,20,ipanda50,446
iPanda50/20_nike/20_v005_f000005.jpg,20,ipanda50,447
iPanda50/20_nike/20_v005_f000145.jpg,20,ipanda50,447
iPanda50/20_nike/20_v005_f000220.jpg,20,ipanda50,447
iPanda50/20_nike/20_v005_f000605.jpg,20,ipanda50,447
iPanda50/20_nike/20_v005_f000895.jpg,20,ipanda50,447
iPanda50/20_nike/20_v005_f000955.jpg,20,ipanda50,447
iPanda50/20_nike/20_v005_f001255.jpg,20,ipanda50,447
iPanda50/20_nike/20_v005_f001435.jpg,20,ipanda50,447
iPanda50/20_nike/20_v006_f000215.jpg,20,ipanda50,448
iPanda50/20_nike/20_v006_f000330.jpg,20,ipanda50,448
iPanda50/20_nike/20_v006_f000425.jpg,20,ipanda50,448
iPanda50/20_nike/20_v007_f000465.jpg,20,ipanda50,449
iPanda50/20_nike/20_v007_f000575.jpg,20,ipanda50,449
iPanda50/20_nike/20_v007_f000625.jpg,20,ipanda50,449
iPanda50/20_nike/20_v007_f000705.jpg,20,ipanda50,449
iPanda50/20_nike/20_v007_f000755.jpg,20,ipanda50,449
iPanda50/20_nike/20_v007_f000990.jpg,20,ipanda50,449
iPanda50/20_nike/20_v008_f000005.jpg,20,ipanda50,450
iPanda50/20_nike/20_v008_f000275.jpg,20,ipanda50,450
iPanda50/20_nike/20_v009_f000050.jpg,20,ipanda50,451
iPanda50/20_nike/20_v009_f000625.jpg,20,ipanda50,451
iPanda50/20_nike/20_v011_f000005.jpg,20,ipanda50,452
iPanda50/20_nike/20_v011_f000405.jpg,20,ipanda50,452
iPanda50/20_nike/20_v012_f000660.jpg,20,ipanda50,453
iPanda50/20_nike/20_v012_f000820.jpg,20,ipanda50,453
iPanda50/20_nike/20_v012_f000850.jpg,20,ipanda50,453
iPanda50/20_nike/20_v012_f001035.jpg,20,ipanda50,453
iPanda50/20_nike/20_v012_f001075.jpg,20,ipanda50,453
iPanda50/20_nike/20_v012_f001345.jpg,20,ipanda50,453
iPanda50/20_nike/20_v012_f001405.jpg,20,ipanda50,453
iPanda50/20_nike/20_v012_f002240.jpg,20,ipanda50,453
iPanda50/20_nike/20_v012_f002805.jpg,20,ipanda50,453
iPanda50/20_nike/20_v012_f003120.jpg,20,ipanda50,453
iPanda50/20_nike/20_v012_f003535.jpg,20,ipanda50,453
iPanda50/20_nike/20_v013_f000005.jpg,20,ipanda50,454
iPanda50/20_nike/20_v013_f000090.jpg,20,ipanda50,454
iPanda50/20_nike/20_v013_f000485.jpg,20,ipanda50,454
iPanda50/20_nike/20_v013_f000805.jpg,20,ipanda50,454
iPanda50/20_nike/20_v013_f001205.jpg,20,ipanda50,454
iPanda50/20_nike/20_v013_f001430.jpg,20,ipanda50,454
iPanda50/20_nike/20_v015_f000005.jpg,20,ipanda50,455
iPanda50/20_nike/20_v015_f000125.jpg,20,ipanda50,455
iPanda50/20_nike/20_v015_f000205.jpg,20,ipanda50,455
iPanda50/20_nike/20_v015_f000330.jpg,20,ipanda50,455
iPanda50/20_nike/20_v015_f000460.jpg,20,ipanda50,455
iPanda50/20_nike/20_v015_f001770.jpg,20,ipanda50,455
iPanda50/20_nike/20_v015_f001905.jpg,20,ipanda50,455
iPanda50/20_nike/20_v015_f002015.jpg,20,ipanda50,455
iPanda50/20_nike/20_v016_f000570.jpg,20,ipanda50,456
iPanda50/20_nike/20_v016_f000605.jpg,20,ipanda50,456
iPanda50/20_nike/20_v016_f000705.jpg,20,ipanda50,456
iPanda50/20_nike/20_v016_f000785.jpg,20,ipanda50,456
iPanda50/20_nike/20_v016_f000930.jpg,20,ipanda50,456
iPanda50/20_nike/20_v016_f001030.jpg,20,ipanda50,456
iPanda50/20_nike/20_v016_f001055.jpg,20,ipanda50,456
iPanda50/20_nike/20_v016_f001120.jpg,20,ipanda50,456
iPanda50/22_nini/22_v002_f001235.jpg,22,ipanda50,482
iPanda50/22_nini/22_v002_f002005.jpg,22,ipanda50,482
iPanda50/22_nini/22_v002_f002710.jpg,22,ipanda50,482
iPanda50/22_nini/22_v003_f000575.jpg,22,ipanda50,483
iPanda50/22_nini/22_v003_f000825.jpg,22,ipanda50,483
iPanda50/22_nini/22_v004_f000315.jpg,22,ipanda50,484
iPanda50/22_nini/22_v004_f000485.jpg,22,ipanda50,484
iPanda50/22_nini/22_v004_f000665.jpg,22,ipanda50,484
iPanda50/22_nini/22_v004_f000755.jpg,22,ipanda50,484
iPanda50/22_nini/22_v004_f000765.jpg,22,ipanda50,484
iPanda50/22_nini/22_v004_f001130.jpg,22,ipanda50,484
iPanda50/22_nini/22_v004_f001280.jpg,22,ipanda50,484
iPanda50/22_nini/22_v004_f001345.jpg,22,ipanda50,484
iPanda50/22_nini/22_v004_f001440.jpg,22,ipanda50,484
iPanda50/22_nini/22_v005_f000230.jpg,22,ipanda50,485
iPanda50/22_nini/22_v005_f000375.jpg,22,ipanda50,485
iPanda50/22_nini/22_v005_f000820.jpg,22,ipanda50,485
iPanda50/22_nini/22_v005_f000925.jpg,22,ipanda50,485
iPanda50/22_nini/22_v005_f004780.jpg,22,ipanda50,485
iPanda50/22_nini/22_v005_f005200.jpg,22,ipanda50,485
iPanda50/22_nini/22_v005_f005545.jpg,22,ipanda50,485
iPanda50/22_nini/22_v005_f005600.jpg,22,ipanda50,485
iPanda50/22_nini/22_v005_f005630.jpg,22,ipanda50,485
iPanda50/22_nini/22_v005_f005780.jpg,22,ipanda50,485
iPanda50/22_nini/22_v005_f005895.jpg,22,ipanda50,485
iPanda50/22_nini/22_v005_f005930.jpg,22,ipanda50,485
iPanda50/22_nini/22_v005_f005955.jpg,22,ipanda50,485
iPanda50/22_nini/22_v005_f006565.jpg,22,ipanda50,485
iPanda50/22_nini/22_v005_f006715.jpg,22,ipanda50,485
iPanda50/22_nini/22_v005_f007325.jpg,22,ipanda50,485
iPanda50/22_nini/22_v007_f000395.jpg,22,ipanda50,486
iPanda50/22_nini/22_v007_f000540.jpg,22,ipanda50,486
iPanda50/22_nini/22_v007_f000680.jpg,22,ipanda50,486
iPanda50/22_nini/22_v007_f001285.jpg,22,ipanda50,486
iPanda50/22_nini/22_v007_f001655.jpg,22,ipanda50,486
iPanda50/22_nini/22_v007_f001845.jpg,22,ipanda50,486
iPanda50/22_nini/22_v007_f003105.jpg,22,ipanda50,486
iPanda50/22_nini/22_v007_f003235.jpg,22,ipanda50,486
iPanda50/22_nini/22_v007_f003530.jpg,22,ipanda50,486
iPanda50/22_nini/22_v007_f003605.jpg,22,ipanda50,486
iPanda50/22_nini/22_v007_f003700.jpg,22,ipanda50,486
iPanda50/22_nini/22_v008_f000650.jpg,22,ipanda50,487
iPanda50/22_nini/22_v008_f000730.jpg,22,ipanda50,487
iPanda50/22_nini/22_v008_f000915.jpg,22,ipanda50,487
iPanda50/22_nini/22_v009_f000005.jpg,22,ipanda50,488
iPanda50/22_nini/22_v009_f000100.jpg,22,ipanda50,488
iPanda50/22_nini/22_v009_f000130.jpg,22,ipanda50,488
iPanda50/22_nini/22_v009_f000325.jpg,22,ipanda50,488
iPanda50/22_nini/22_v009_f000445.jpg,22,ipanda50,488
iPanda50/22_nini/22_v009_f001445.jpg,22,ipanda50,488
iPanda50/22_nini/22_v009_f001980.jpg,22,ipanda50,488
iPanda50/22_nini/22_v009_f002085.jpg,22,ipanda50,488
iPanda50/22_nini/22_v009_f002230.jpg,22,ipanda50,488
iPanda50/22_nini/22_v009_f002615.jpg,22,ipanda50,488
iPanda50/22_nini/22_v009_f002730.jpg,22,ipanda50,488
iPanda50/22_nini/22_v010_f000175.jpg,22,ipanda50,489
iPanda50/22_nini/22_v010_f000425.jpg,22,ipanda50,489
iPanda50/22_nini/22_v010_f000665.jpg,22,ipanda50,489
iPanda50/22_nini/22_v010_f000870.jpg,22,ipanda50,489
iPanda50/22_nini/22_v010_f002300.jpg,22,ipanda50,489
iPanda50/22_nini/22_v010_f002655.jpg,22,ipanda50,489
iPanda50/22_nini/22_v010_f003785.jpg,22,ipanda50,489
iPanda50/22_nini/22_v010_f003795.jpg,22,ipanda50,489
iPanda50/22_nini/22_v010_f003925.jpg,22,ipanda50,489
iPanda50/22_nini/22_v010_f004100.jpg,22,ipanda50,489
iPanda50/22_nini/22_v010_f004370.jpg,22,ipanda50,489
iPanda50/22_nini/22_v012_f000195.jpg,22,ipanda50,490
iPanda50/22_nini/22_v012_f000270.jpg,22,ipanda50,490
iPanda50/22_nini/22_v012_f000565.jpg,22,ipanda50,490
iPanda50/22_nini/22_v012_f001275.jpg,22,ipanda50,490
iPanda50/22_nini/22_v012_f001800.jpg,22,ipanda50,490
iPanda50/22_nini/22_v012_f002130.jpg,22,ipanda50,490
iPanda50/22_nini/22_v013_f000880.jpg,22,ipanda50,491
iPanda50/22_nini/22_v013_f001780.jpg,22,ipanda50,491
iPanda50/22_nini/22_v014_f000005.jpg,22,ipanda50,492
iPanda50/22_nini/22_v014_f000160.jpg,22,ipanda50,492
iPanda50/22_nini/22_v014_f000205.jpg,22,ipanda50,492
iPanda50/22_nini/22_v014_f000290.jpg,22,ipanda50,492
iPanda50/22_nini/22_v014_f002040.jpg,22,ipanda50,492
iPanda50/22_nini/22_v014_f002140.jpg,22,ipanda50,492
iPanda50/22_nini/22_v014_f002170.jpg,22,ipanda50,492
iPanda50/22_nini/22_v015_f000005.jpg,22,ipanda50,493
iPanda50/22_nini/22_v015_f001115.jpg,22,ipanda50,493
iPanda50/22_nini/22_v016_f000005.jpg,22,ipanda50,494
iPanda50/22_nini/22_v016_f002750.jpg,22,ipanda50,494
iPanda50/22_nini/22_v016_f002935.jpg,22,ipanda50,494
iPanda50/22_nini/22_v016_f003005.jpg,22,ipanda50,494
iPanda50/22_nini/22_v016_f003690.jpg,22,ipanda50,494
iPanda50/22_nini/22_v016_f003730.jpg,22,ipanda50,494
iPanda50/22_nini/22_v016_f003775.jpg,22,ipanda50,494
iPanda50/22_nini/22_v016_f003965.jpg,22,ipanda50,494
iPanda50/22_nini/22_v016_f004030.jpg,22,ipanda50,494
iPanda50/22_nini/22_v016_f004135.jpg,22,ipanda50,494
iPanda50/22_nini/22_v018_f000875.jpg,22,ipanda50,495
iPanda50/22_nini/22_v018_f002215.jpg,22,ipanda50,495
iPanda50/22_nini/22_v018_f003120.jpg,22,ipanda50,495
iPanda50/22_nini/22_v018_f004140.jpg,22,ipanda50,495
iPanda50/22_nini/22_v018_f004555.jpg,22,ipanda50,495
iPanda50/22_nini/22_v018_f004835.jpg,22,ipanda50,495
iPanda50/22_nini/22_v019_f000150.jpg,22,ipanda50,496
iPanda50/22_nini/22_v019_f000230.jpg,22,ipanda50,496
iPanda50/22_nini/22_v019_f002960.jpg,22,ipanda50,496
iPanda50/22_nini/22_v019_f002965.jpg,22,ipanda50,496
iPanda50/22_nini/22_v019_f002975.jpg,22,ipanda50,496
iPanda50/22_nini/22_v019_f002980.jpg,22,ipanda50,496
iPanda50/22_nini/22_v020_f000005.jpg,22,ipanda50,497
iPanda50/22_nini/22_v020_f000570.jpg,22,ipanda50,497
iPanda50/22_nini/22_v020_f000600.jpg,22,ipanda50,497
iPanda50/22_nini/22_v020_f000625.jpg,22,ipanda50,497
iPanda50/22_nini/22_v020_f000675.jpg,22,ipanda50,497
iPanda50/22_nini/22_v020_f000725.jpg,22,ipanda50,497
iPanda50/22_nini/22_v020_f000780.jpg,22,ipanda50,497
iPanda50/22_nini/22_v020_f000890.jpg,22,ipanda50,497
iPanda50/22_nini/22_v021_f000005.jpg,22,ipanda50,498
iPanda50/22_nini/22_v021_f001930.jpg,22,ipanda50,498
iPanda50/22_nini/22_v021_f003965.jpg,22,ipanda50,498
iPanda50/22_nini/22_v021_f003990.jpg,22,ipanda50,498
iPanda50/22_nini/22_v021_f004000.jpg,22,ipanda50,498
iPanda50/22_nini/22_v021_f004465.jpg,22,ipanda50,498
iPanda50/22_nini/22_v022_f000595.jpg,22,ipanda50,499
iPanda50/22_nini/22_v022_f000645.jpg,22,ipanda50,499
iPanda50/22_nini/22_v022_f001600.jpg,22,ipanda50,499
iPanda50/22_nini/22_v022_f001680.jpg,22,ipanda50,499
iPanda50/22_nini/22_v024_f000520.jpg,22,ipanda50,500
iPanda50/22_nini/22_v024_f000535.jpg,22,ipanda50,500
iPanda50/22_nini/22_v024_f000815.jpg,22,ipanda50,500
iPanda50/22_nini/22_v024_f000945.jpg,22,ipanda50,500
iPanda50/22_nini/22_v025_f011220.jpg,22,ipanda50,501
iPanda50/22_nini/22_v025_f011815.jpg,22,ipanda50,501
iPanda50/22_nini/22_v025_f012835.jpg,22,ipanda50,501
iPanda50/22_nini/22_v026_f000090.jpg,22,ipanda50,502
iPanda50/22_nini/22_v026_f000405.jpg,22,ipanda50,502
iPanda50/22_nini/22_v026_f000720.jpg,22,ipanda50,502
iPanda50/22_nini/22_v026_f001530.jpg,22,ipanda50,502
iPanda50/22_nini/22_v026_f002115.jpg,22,ipanda50,502
iPanda50/22_nini/22_v027_f000190.jpg,22,ipanda50,503
iPanda50/22_nini/22_v027_f000740.jpg,22,ipanda50,503
iPanda50/22_nini/22_v027_f001230.jpg,22,ipanda50,503
iPanda50/22_nini/22_v027_f002400.jpg,22,ipanda50,503
iPanda50/22_nini/22_v027_f002970.jpg,22,ipanda50,503
iPanda50/22_nini/22_v028_f000005.jpg,22,ipanda50,504
iPanda50/22_nini/22_v028_f000055.jpg,22,ipanda50,504
iPanda50/22_nini/22_v028_f000205.jpg,22,ipanda50,504
iPanda50/22_nini/22_v029_f001320.jpg,22,ipanda50,505
iPanda50/22_nini/22_v029_f002255.jpg,22,ipanda50,505
iPanda50/22_nini/22_v029_f003115.jpg,22,ipanda50,505
iPanda50/22_nini/22_v029_f003300.jpg,22,ipanda50,505
iPanda50/22_nini/22_v029_f003755.jpg,22,ipanda50,505
iPanda50/22_nini/22_v032_f001035.jpg,22,ipanda50,506
iPanda50/22_nini/22_v032_f001345.jpg,22,ipanda50,506
iPanda50/22_nini/22_v032_f001670.jpg,22,ipanda50,506
iPanda50/22_nini/22_v032_f002060.jpg,22,ipanda50,506
iPanda50/22_nini/22_v032_f002090.jpg,22,ipanda50,506
iPanda50/22_nini/22_v032_f002280.jpg,22,ipanda50,506
iPanda50/22_nini/22_v032_f002375.jpg,22,ipanda50,506
iPanda50/22_nini/22_v033_f000850.jpg,22,ipanda50,507
iPanda50/22_nini/22_v033_f002805.jpg,22,ipanda50,507
iPanda50/22_nini/22_v033_f006405.jpg,22,ipanda50,507
iPanda50/22_nini/22_v033_f016085.jpg,22,ipanda50,507
iPanda50/22_nini/22_v033_f016405.jpg,22,ipanda50,507
iPanda50/22_nini/22_v033_f030005.jpg,22,ipanda50,507
iPanda50/22_nini/22_v033_f043605.jpg,22,ipanda50,507
iPanda50/22_nini/22_v033_f049905.jpg,22,ipanda50,507
iPanda50/22_nini/22_v033_f053160.jpg,22,ipanda50,507
iPanda50/22_nini/22_v033_f053485.jpg,22,ipanda50,507
iPanda50/22_nini/22_v033_f056905.jpg,22,ipanda50,507
iPanda50/22_nini/22_v033_f059330.jpg,22,ipanda50,507
iPanda50/22_nini/22_v033_f061105.jpg,22,ipanda50,507
iPanda50/22_nini/22_v033_f062305.jpg,22,ipanda50,507
iPanda50/22_nini/22_v033_f067705.jpg,22,ipanda50,507
iPanda50/22_nini/22_v033_f070210.jpg,22,ipanda50,507
iPanda50/22_nini/22_v033_f073620.jpg,22,ipanda50,507
iPanda50/22_nini/22_v033_f075605.jpg,22,ipanda50,507
iPanda50/22_nini/22_v033_f111805.jpg,22,ipanda50,507
iPanda50/22_nini/22_v033_f112080.jpg,22,ipanda50,507
iPanda50/22_nini/22_v033_f112675.jpg,22,ipanda50,507
iPanda50/22_nini/22_v033_f112735.jpg,22,ipanda50,507
iPanda50/22_nini/22_v033_f113335.jpg,22,ipanda50,507
iPanda50/22_nini/22_v034_f001020.jpg,22,ipanda50,508
iPanda50/22_nini/22_v035_f000715.jpg,22,ipanda50,509
iPanda50/22_nini/22_v036_f000360.jpg,22,ipanda50,510
iPanda50/22_nini/22_v036_f000385.jpg,22,ipanda50,510
iPanda50/22_nini/22_v036_f000425.jpg,22,ipanda50,510
iPanda50/22_nini/22_v036_f000475.jpg,22,ipanda50,510
iPanda50/22_nini/22_v036_f000530.jpg,22,ipanda50,510
iPanda50/22_nini/22_v036_f001005.jpg,22,ipanda50,510
iPanda50/22_nini/22_v036_f001420.jpg,22,ipanda50,510
iPanda50/22_nini/22_v037_f000005.jpg,22,ipanda50,511
iPanda50/22_nini/22_v037_f000085.jpg,22,ipanda50,511
iPanda50/22_nini/22_v037_f000735.jpg,22,ipanda50,511
iPanda50/22_nini/22_v037_f003905.jpg,22,ipanda50,511
iPanda50/22_nini/22_v037_f003940.jpg,22,ipanda50,511
iPanda50/22_nini/22_v037_f004075.jpg,22,ipanda50,511
iPanda50/22_nini/22_v037_f004425.jpg,22,ipanda50,511
iPanda50/22_nini/22_v038_f000005.jpg,22,ipanda50,512
iPanda50/22_nini/22_v038_f000735.jpg,22,ipanda50,512
iPanda50/22_nini/22_v038_f000770.jpg,22,ipanda50,512
iPanda50/22_nini/22_v038_f001285.jpg,22,ipanda50,512
iPanda50/22_nini/22_v038_f001610.jpg,22,ipanda50,512
iPanda50/22_nini/22_v039_f000005.jpg,22,ipanda50,513
iPanda50/22_nini/22_v039_f000230.jpg,22,ipanda50,513
iPanda50/22_nini/22_v039_f000655.jpg,22,ipanda50,513
iPanda50/27_rourou/27_v001_f000005.jpg,27,ipanda50,674
iPanda50/27_rourou/27_v001_f000165.jpg,27,ipanda50,674
iPanda50/27_rourou/27_v001_f000205.jpg,27,ipanda50,674
iPanda50/27_rourou/27_v001_f000225.jpg,27,ipanda50,674
iPanda50/27_rourou/27_v001_f000265.jpg,27,ipanda50,674
iPanda50/27_rourou/27_v001_f000495.jpg,27,ipanda50,674
iPanda50/27_rourou/27_v003_f000040.jpg,27,ipanda50,675
iPanda50/27_rourou/27_v003_f000550.jpg,27,ipanda50,675
iPanda50/27_rourou/27_v003_f001165.jpg,27,ipanda50,675
iPanda50/27_rourou/27_v005_f000005.jpg,27,ipanda50,676
iPanda50/27_rourou/27_v005_f000225.jpg,27,ipanda50,676
iPanda50/27_rourou/27_v005_f000650.jpg,27,ipanda50,676
iPanda50/27_rourou/27_v005_f000875.jpg,27,ipanda50,676
iPanda50/27_rourou/27_v006_f000005.jpg,27,ipanda50,677
iPanda50/27_rourou/27_v007_f000130.jpg,27,ipanda50,678
iPanda50/27_rourou/27_v007_f002105.jpg,27,ipanda50,678
iPanda50/27_rourou/27_v007_f002970.jpg,27,ipanda50,678
iPanda50/27_rourou/27_v007_f002985.jpg,27,ipanda50,678
iPanda50/27_rourou/27_v008_f000065.jpg,27,ipanda50,679
iPanda50/27_rourou/27_v008_f000265.jpg,27,ipanda50,679
iPanda50/27_rourou/27_v008_f000615.jpg,27,ipanda50,679
iPanda50/27_rourou/27_v008_f000630.jpg,27,ipanda50,679
iPanda50/27_rourou/27_v008_f000645.jpg,27,ipanda50,679
iPanda50/27_rourou/27_v010_f000005.jpg,27,ipanda50,680
iPanda50/27_rourou/27_v010_f000120.jpg,27,ipanda50,680
iPanda50/27_rourou/27_v010_f000555.jpg,27,ipanda50,680
iPanda50/27_rourou/27_v010_f000705.jpg,27,ipanda50,680
iPanda50/27_rourou/27_v010_f000740.jpg,27,ipanda50,680
iPanda50/27_rourou/27_v011_f000005.jpg,27,ipanda50,681
iPanda50/27_rourou/27_v011_f000235.jpg,27,ipanda50,681
iPanda50/27_rourou/27_v011_f000860.jpg,27,ipanda50,681
iPanda50/27_rourou/27_v011_f000980.jpg,27,ipanda50,681
iPanda50/27_rourou/27_v011_f001430.jpg,27,ipanda50,681
iPanda50/27_rourou/27_v012_f000440.jpg,27,ipanda50,682
iPanda50/27_rourou/27_v012_f000660.jpg,27,ipanda50,682
iPanda50/27_rourou/27_v012_f001460.jpg,27,ipanda50,682
iPanda50/27_rourou/27_v012_f001765.jpg,27,ipanda50,682
iPanda50/27_rourou/27_v012_f001780.jpg,27,ipanda50,682
iPanda50/27_rourou/27_v012_f001895.jpg,27,ipanda50,682
iPanda50/27_rourou/27_v012_f002310.jpg,27,ipanda50,682
iPanda50/27_rourou/27_v012_f002375.jpg,27,ipanda50,682
iPanda50/27_rourou/27_v012_f002420.jpg,27,ipanda50,682
iPanda50/27_rourou/27_v012_f002740.jpg,27,ipanda50,682
iPanda50/27_rourou/27_v012_f002885.jpg,27,ipanda50,682
iPanda50/27_rourou/27_v013_f000005.jpg,27,ipanda50,683
iPanda50/27_rourou/27_v013_f000355.jpg,27,ipanda50,683
iPanda50/27_rourou/27_v013_f000415.jpg,27,ipanda50,683
iPanda50/27_rourou/27_v013_f000430.jpg,27,ipanda50,683
iPanda50/27_rourou/27_v013_f000455.jpg,27,ipanda50,683
iPanda50/27_rourou/27_v013_f000485.jpg,27,ipanda50,683
iPanda50/27_rourou/27_v013_f000550.jpg,27,ipanda50,683
iPanda50/27_rourou/27_v013_f000650.jpg,27,ipanda50,683
iPanda50/27_rourou/27_v015_f000005.jpg,27,ipanda50,684
iPanda50/27_rourou/27_v015_f000575.jpg,27,ipanda50,684
iPanda50/27_rourou/27_v015_f000705.jpg,27,ipanda50,684
iPanda50/27_rourou/27_v015_f001095.jpg,27,ipanda50,684
iPanda50/27_rourou/27_v015_f001430.jpg,27,ipanda50,684
iPanda50/27_rourou/27_v017_f000005.jpg,27,ipanda50,685
iPanda50/27_rourou/27_v017_f000455.jpg,27,ipanda50,685
iPanda50/27_rourou/27_v017_f000610.jpg,27,ipanda50,685
iPanda50/27_rourou/27_v017_f000730.jpg,27,ipanda50,685
iPanda50/27_rourou/27_v017_f000775.jpg,27,ipanda50,685
iPanda50/27_rourou/27_v017_f000850.jpg,27,ipanda50,685
iPanda50/27_rourou/27_v017_f000955.jpg,27,ipanda50,685
iPanda50/27_rourou/27_v017_f001045.jpg,27,ipanda50,685
iPanda50/27_rourou/27_v017_f001090.jpg,27,ipanda50,685
iPanda50/27_rourou/27_v017_f001415.jpg,27,ipanda50,685
iPanda50/27_rourou/27_v017_f001625.jpg,27,ipanda50,685
iPanda50/27_rourou/27_v017_f001665.jpg,27,ipanda50,685
iPanda50/27_rourou/27_v017_f001855.jpg,27,ipanda50,685
iPanda50/27_rourou/27_v017_f001905.jpg,27,ipanda50,685
iPanda50/27_rourou/27_v018_f000425.jpg,27,ipanda50,686
iPanda50/27_rourou/27_v018_f001615.jpg,27,ipanda50,686
iPanda50/27_rourou/27_v018_f001745.jpg,27,ipanda50,686
iPanda50/27_rourou/27_v018_f001775.jpg,27,ipanda50,686
iPanda50/27_rourou/27_v018_f001800.jpg,27,ipanda50,686
iPanda50/27_rourou/27_v018_f001860.jpg,27,ipanda50,686
iPanda50/27_rourou/27_v018_f002025.jpg,27,ipanda50,686
iPanda50/27_rourou/27_v019_f000190.jpg,27,ipanda50,687
iPanda50/27_rourou/27_v019_f000220.jpg,27,ipanda50,687
iPanda50/27_rourou/27_v019_f000695.jpg,27,ipanda50,687
iPanda50/27_rourou/27_v019_f000730.jpg,27,ipanda50,687
iPanda50/27_rourou/27_v019_f000765.jpg,27,ipanda50,687
iPanda50/27_rourou/27_v020_f000005.jpg,27,ipanda50,688
iPanda50/27_rourou/27_v021_f001045.jpg,27,ipanda50,689
iPanda50/27_rourou/27_v024_f000015.jpg,27,ipanda50,690
iPanda50/27_rourou/27_v024_f000110.jpg,27,ipanda50,690
iPanda50/27_rourou/27_v024_f000455.jpg,27,ipanda50,690
iPanda50/27_rourou/27_v024_f002050.jpg,27,ipanda50,690
iPanda50/27_rourou/27_v024_f002275.jpg,27,ipanda50,690
iPanda50/27_rourou/27_v024_f002670.jpg,27,ipanda50,690
iPanda50/27_rourou/27_v025_f000005.jpg,27,ipanda50,691
iPanda50/27_rourou/27_v025_f000230.jpg,27,ipanda50,691
iPanda50/27_rourou/27_v025_f000240.jpg,27,ipanda50,691
iPanda50/27_rourou/27_v025_f000250.jpg,27,ipanda50,691
iPanda50/27_rourou/27_v025_f000270.jpg,27,ipanda50,691
iPanda50/27_rourou/27_v025_f000290.jpg,27,ipanda50,691
iPanda50/27_rourou/27_v025_f000300.jpg,27,ipanda50,691
iPanda50/27_rourou/27_v025_f000655.jpg,27,ipanda50,691
iPanda50/27_rourou/27_v025_f000680.jpg,27,ipanda50,691
iPanda50/27_rourou/27_v025_f000750.jpg,27,ipanda50,691
iPanda50/27_rourou/27_v028_f001330.jpg,27,ipanda50,692
iPanda50/27_rourou/27_v028_f001460.jpg,27,ipanda50,692
iPanda50/27_rourou/27_v029_f000005.jpg,27,ipanda50,693
iPanda50/27_rourou/27_v029_f000640.jpg,27,ipanda50,693
iPanda50/27_rourou/27_v030_f000230.jpg,27,ipanda50,694
iPanda50/27_rourou/27_v030_f000260.jpg,27,ipanda50,694
iPanda50/27_rourou/27_v030_f000450.jpg,27,ipanda50,694
iPanda50/27_rourou/27_v030_f000900.jpg,27,ipanda50,694
iPanda50/27_rourou/27_v030_f001015.jpg,27,ipanda50,694
iPanda50/27_rourou/27_v030_f001080.jpg,27,ipanda50,694
iPanda50/27_rourou/27_v030_f001110.jpg,27,ipanda50,694
iPanda50/27_rourou/27_v030_f001175.jpg,27,ipanda50,694
iPanda50/27_rourou/27_v032_f000005.jpg,27,ipanda50,695
iPanda50/27_rourou/27_v033_f000005.jpg,27,ipanda50,696
iPanda50/27_rourou/27_v033_f000245.jpg,27,ipanda50,696
iPanda50/27_rourou/27_v033_f001750.jpg,27,ipanda50,696
iPanda50/27_rourou/27_v034_f000375.jpg,27,ipanda50,697
iPanda50/27_rourou/27_v034_f000640.jpg,27,ipanda50,697
iPanda50/27_rourou/27_v034_f001125.jpg,27,ipanda50,697
iPanda50/27_rourou/27_v034_f001250.jpg,27,ipanda50,697
iPanda50/27_rourou/27_v034_f001290.jpg,27,ipanda50,697
iPanda50/27_rourou/27_v034_f001355.jpg,27,ipanda50,697
iPanda50/27_rourou/27_v034_f001485.jpg,27,ipanda50,697
iPanda50/27_rourou/27_v034_f002100.jpg,27,ipanda50,697
iPanda50/27_rourou/27_v034_f003310.jpg,27,ipanda50,697
iPanda50/27_rourou/27_v034_f003410.jpg,27,ipanda50,697
iPanda50/27_rourou/27_v037_f000260.jpg,27,ipanda50,698
iPanda50/27_rourou/27_v037_f000450.jpg,27,ipanda50,698
iPanda50/27_rourou/27_v037_f000530.jpg,27,ipanda50,698
iPanda50/27_rourou/27_v038_f000005.jpg,27,ipanda50,699
iPanda50/27_rourou/27_v038_f000460.jpg,27,ipanda50,699
iPanda50/27_rourou/27_v038_f000695.jpg,27,ipanda50,699
iPanda50/27_rourou/27_v038_f000790.jpg,27,ipanda50,699
iPanda50/27_rourou/27_v038_f000925.jpg,27,ipanda50,699
iPanda50/27_rourou/27_v039_f000440.jpg,27,ipanda50,700
iPanda50/27_rourou/27_v039_f000495.jpg,27,ipanda50,700
iPanda50/27_rourou/27_v039_f000720.jpg,27,ipanda50,700
iPanda50/27_rourou/27_v039_f000835.jpg,27,ipanda50,700
iPanda50/27_rourou/27_v039_f001705.jpg,27,ipanda50,700
iPanda50/27_rourou/27_v039_f002200.jpg,27,ipanda50,700
iPanda50/28_sa/28_v004_f000190.jpg,28,ipanda50,701
iPanda50/28_sa/28_v004_f000245.jpg,28,ipanda50,701
iPanda50/28_sa/28_v004_f000300.jpg,28,ipanda50,701
iPanda50/28_sa/28_v004_f000335.jpg,28,ipanda50,701
iPanda50/28_sa/28_v004_f000405.jpg,28,ipanda50,701
iPanda50/28_sa/28_v004_f000595.jpg,28,ipanda50,701
iPanda50/28_sa/28_v004_f000790.jpg,28,ipanda50,701
iPanda50/28_sa/28_v004_f000890.jpg,28,ipanda50,701
iPanda50/28_sa/28_v005_f000630.jpg,28,ipanda50,702
iPanda50/28_sa/28_v005_f002455.jpg,28,ipanda50,702
iPanda50/28_sa/28_v005_f002510.jpg,28,ipanda50,702
iPanda50/28_sa/28_v006_f000005.jpg,28,ipanda50,703
iPanda50/28_sa/28_v006_f000245.jpg,28,ipanda50,703
iPanda50/28_sa/28_v006_f000450.jpg,28,ipanda50,703
iPanda50/28_sa/28_v006_f000745.jpg,28,ipanda50,703
iPanda50/28_sa/28_v006_f000845.jpg,28,ipanda50,703
iPanda50/28_sa/28_v006_f001365.jpg,28,ipanda50,703
iPanda50/28_sa/28_v006_f001545.jpg,28,ipanda50,703
iPanda50/28_sa/28_v007_f000005.jpg,28,ipanda50,704
iPanda50/28_sa/28_v007_f000065.jpg,28,ipanda50,704
iPanda50/28_sa/28_v007_f000120.jpg,28,ipanda50,704
iPanda50/28_sa/28_v007_f000240.jpg,28,ipanda50,704
iPanda50/28_sa/28_v007_f000495.jpg,28,ipanda50,704
iPanda50/28_sa/28_v007_f000520.jpg,28,ipanda50,704
iPanda50/28_sa/28_v007_f000745.jpg,28,ipanda50,704
iPanda50/28_sa/28_v007_f000995.jpg,28,ipanda50,704
iPanda50/28_sa/28_v009_f000300.jpg,28,ipanda50,705
iPanda50/28_sa/28_v009_f000425.jpg,28,ipanda50,705
iPanda50/28_sa/28_v009_f000585.jpg,28,ipanda50,705
iPanda50/28_sa/28_v009_f000890.jpg,28,ipanda50,705
iPanda50/28_sa/28_v009_f001240.jpg,28,ipanda50,705
iPanda50/28_sa/28_v009_f001470.jpg,28,ipanda50,705
iPanda50/28_sa/28_v010_f000010.jpg,28,ipanda50,706
iPanda50/28_sa/28_v010_f000390.jpg,28,ipanda50,706
iPanda50/28_sa/28_v010_f001395.jpg,28,ipanda50,706
iPanda50/28_sa/28_v011_f000195.jpg,28,ipanda50,707
iPanda50/28_sa/28_v011_f000290.jpg,28,ipanda50,707
iPanda50/28_sa/28_v011_f000390.jpg,28,ipanda50,707
iPanda50/28_sa/28_v012_f000005.jpg,28,ipanda50,708
iPanda50/28_sa/28_v012_f000375.jpg,28,ipanda50,708
iPanda50/28_sa/28_v012_f000770.jpg,28,ipanda50,708
iPanda50/28_sa/28_v012_f000940.jpg,28,ipanda50,708
iPanda50/28_sa/28_v012_f001980.jpg,28,ipanda50,708
iPanda50/28_sa/28_v012_f002525.jpg,28,ipanda50,708
iPanda50/28_sa/28_v012_f002690.jpg,28,ipanda50,708
iPanda50/28_sa/28_v013_f000790.jpg,28,ipanda50,709
iPanda50/28_sa/28_v015_f000045.jpg,28,ipanda50,710
iPanda50/28_sa/28_v015_f000830.jpg,28,ipanda50,710
iPanda50/28_sa/28_v016_f000745.jpg,28,ipanda50,711
iPanda50/28_sa/28_v016_f000775.jpg,28,ipanda50,711
iPanda50/28_sa/28_v017_f000005.jpg,28,ipanda50,712
iPanda50/28_sa/28_v017_f001295.jpg,28,ipanda50,712
iPanda50/28_sa/28_v017_f001870.jpg,28,ipanda50,712
iPanda50/28_sa/28_v018_f000005.jpg,28,ipanda50,713
iPanda50/28_sa/28_v018_f000570.jpg,28,ipanda50,713
iPanda50/28_sa/28_v018_f000785.jpg,28,ipanda50,713
iPanda50/28_sa/28_v018_f002650.jpg,28,ipanda50,713
iPanda50/28_sa/28_v018_f003000.jpg,28,ipanda50,713
iPanda50/28_sa/28_v019_f000035.jpg,28,ipanda50,714
iPanda50/28_sa/28_v019_f000345.jpg,28,ipanda50,714
iPanda50/28_sa/28_v019_f000750.jpg,28,ipanda50,714
iPanda50/28_sa/28_v019_f000790.jpg,28,ipanda50,714
iPanda50/28_sa/28_v019_f001045.jpg,28,ipanda50,714
iPanda50/28_sa/28_v019_f001600.jpg,28,ipanda50,714
iPanda50/28_sa/28_v019_f001740.jpg,28,ipanda50,714
iPanda50/28_sa/28_v020_f000215.jpg,28,ipanda50,715
iPanda50/28_sa/28_v020_f000310.jpg,28,ipanda50,715
iPanda50/28_sa/28_v020_f001120.jpg,28,ipanda50,715
iPanda50/28_sa/28_v020_f002895.jpg,28,ipanda50,715
iPanda50/28_sa/28_v020_f003215.jpg,28,ipanda50,715
iPanda50/28_sa/28_v020_f003490.jpg,28,ipanda50,715
iPanda50/28_sa/28_v020_f003695.jpg,28,ipanda50,715
iPanda50/28_sa/28_v020_f003875.jpg,28,ipanda50,715
iPanda50/28_sa/28_v022_f000005.jpg,28,ipanda50,716
iPanda50/28_sa/28_v022_f000235.jpg,28,ipanda50,716
iPanda50/28_sa/28_v022_f000350.jpg,28,ipanda50,716
iPanda50/28_sa/28_v022_f001575.jpg,28,ipanda50,716
iPanda50/28_sa/28_v023_f000040.jpg,28,ipanda50,717
iPanda50/28_sa/28_v023_f000465.jpg,28,ipanda50,717
iPanda50/28_sa/28_v023_f000580.jpg,28,ipanda50,717
iPanda50/28_sa/28_v023_f001415.jpg,28,ipanda50,717
iPanda50/28_sa/28_v023_f001550.jpg,28,ipanda50,717
iPanda50/28_sa/28_v023_f001730.jpg,28,ipanda50,717
iPanda50/28_sa/28_v023_f002810.jpg,28,ipanda50,717
iPanda50/28_sa/28_v024_f000015.jpg,28,ipanda50,718
iPanda50/28_sa/28_v024_f001115.jpg,28,ipanda50,718
iPanda50/28_sa/28_v024_f001240.jpg,28,ipanda50,718
iPanda50/28_sa/28_v024_f001935.jpg,28,ipanda50,718
iPanda50/28_sa/28_v025_f000005.jpg,28,ipanda50,719
iPanda50/28_sa/28_v025_f000465.jpg,28,ipanda50,719
iPanda50/28_sa/28_v025_f001720.jpg,28,ipanda50,719
iPanda50/28_sa/28_v025_f002240.jpg,28,ipanda50,719
iPanda50/28_sa/28_v025_f003450.jpg,28,ipanda50,719
iPanda50/28_sa/28_v025_f005010.jpg,28,ipanda50,719
iPanda50/28_sa/28_v027_f001270.jpg,28,ipanda50,720
iPanda50/28_sa/28_v027_f001495.jpg,28,ipanda50,720
iPanda50/28_sa/28_v027_f002045.jpg,28,ipanda50,720
iPanda50/28_sa/28_v027_f005485.jpg,28,ipanda50,720
iPanda50/28_sa/28_v028_f000040.jpg,28,ipanda50,721
iPanda50/28_sa/28_v028_f000145.jpg,28,ipanda50,721
iPanda50/28_sa/28_v028_f001695.jpg,28,ipanda50,721
iPanda50/28_sa/28_v028_f001890.jpg,28,ipanda50,721
iPanda50/28_sa/28_v028_f003300.jpg,28,ipanda50,721
iPanda50/28_sa/28_v029_f000290.jpg,28,ipanda50,722
iPanda50/28_sa/28_v030_f000005.jpg,28,ipanda50,723
iPanda50/28_sa/28_v030_f000955.jpg,28,ipanda50,723
iPanda50/28_sa/28_v032_f000395.jpg,28,ipanda50,724
iPanda50/28_sa/28_v035_f000005.jpg,28,ipanda50,725
iPanda50/28_sa/28_v035_f002360.jpg,28,ipanda50,725
iPanda50/28_sa/28_v035_f002405.jpg,28,ipanda50,725
iPanda50/28_sa/28_v035_f002495.jpg,28,ipanda50,725
iPanda50/28_sa/28_v038_f000645.jpg,28,ipanda50,726
iPanda50/28_sa/28_v038_f000870.jpg,28,ipanda50,726
iPanda50/28_sa/28_v038_f001120.jpg,28,ipanda50,726
iPanda50/28_sa/28_v038_f001890.jpg,28,ipanda50,726
iPanda50/28_sa/28_v038_f001960.jpg,28,ipanda50,726
iPanda50/28_sa/28_v039_f000005.jpg,28,ipanda50,727
iPanda50/28_sa/28_v042_f000005.jpg,28,ipanda50,728
iPanda50/28_sa/28_v042_f000750.jpg,28,ipanda50,728
iPanda50/28_sa/28_v042_f000770.jpg,28,ipanda50,728
iPanda50/28_sa/28_v045_f000100.jpg,28,ipanda50,729
iPanda50/28_sa/28_v045_f000810.jpg,28,ipanda50,729
iPanda50/28_sa/28_v045_f001105.jpg,28,ipanda50,729
iPanda50/28_sa/28_v045_f001815.jpg,28,ipanda50,729
iPanda50/28_sa/28_v045_f001850.jpg,28,ipanda50,729
iPanda50/28_sa/28_v050_f000330.jpg,28,ipanda50,730
iPanda50/28_sa/28_v050_f000435.jpg,28,ipanda50,730
iPanda50/28_sa/28_v051_f000445.jpg,28,ipanda50,731
iPanda50/28_sa/28_v051_f000895.jpg,28,ipanda50,731
iPanda50/28_sa/28_v051_f001520.jpg,28,ipanda50,731
iPanda50/28_sa/28_v051_f002495.jpg,28,ipanda50,731
iPanda50/28_sa/28_v051_f003190.jpg,28,ipanda50,731
iPanda50/28_sa/28_v054_f000545.jpg,28,ipanda50,732
iPanda50/28_sa/28_v054_f000745.jpg,28,ipanda50,732
iPanda50/28_sa/28_v054_f000865.jpg,28,ipanda50,732
iPanda50/28_sa/28_v056_f000445.jpg,28,ipanda50,733
iPanda50/28_sa/28_v056_f000465.jpg,28,ipanda50,733
iPanda50/28_sa/28_v056_f000550.jpg,28,ipanda50,733
iPanda50/28_sa/28_v057_f000005.jpg,28,ipanda50,734
iPanda50/28_sa/28_v058_f000005.jpg,28,ipanda50,735
iPanda50/28_sa/28_v058_f002010.jpg,28,ipanda50,735
iPanda50/28_sa/28_v059_f000475.jpg,28,ipanda50,736
iPanda50/28_sa/28_v059_f000555.jpg,28,ipanda50,736
iPanda50/28_sa/28_v061_f000010.jpg,28,ipanda50,737
iPanda50/28_sa/28_v061_f000415.jpg,28,ipanda50,737
iPanda50/28_sa/28_v061_f000465.jpg,28,ipanda50,737
iPanda50/28_sa/28_v061_f000620.jpg,28,ipanda50,737
iPanda50/28_sa/28_v061_f000790.jpg,28,ipanda50,737
iPanda50/28_sa/28_v061_f001345.jpg,28,ipanda50,737
iPanda50/28_sa/28_v061_f001985.jpg,28,ipanda50,737
iPanda50/28_sa/28_v061_f003480.jpg,28,ipanda50,737
iPanda50/28_sa/28_v061_f004015.jpg,28,ipanda50,737
iPanda50/28_sa/28_v061_f004375.jpg,28,ipanda50,737
iPanda50/28_sa/28_v061_f004585.jpg,28,ipanda50,737
iPanda50/28_sa/28_v061_f004815.jpg,28,ipanda50,737
iPanda50/28_sa/28_v062_f000290.jpg,28,ipanda50,738
iPanda50/28_sa/28_v062_f000400.jpg,28,ipanda50,738
iPanda50/28_sa/28_v064_f001230.jpg,28,ipanda50,739
iPanda50/28_sa/28_v064_f001600.jpg,28,ipanda50,739
iPanda50/28_sa/28_v064_f002200.jpg,28,ipanda50,739
iPanda50/28_sa/28_v064_f002245.jpg,28,ipanda50,739
iPanda50/28_sa/28_v065_f000005.jpg,28,ipanda50,740
iPanda50/28_sa/28_v065_f004750.jpg,28,ipanda50,740
iPanda50/28_sa/28_v068_f000075.jpg,28,ipanda50,741
iPanda50/28_sa/28_v069_f000030.jpg,28,ipanda50,742
iPanda50/28_sa/28_v069_f000550.jpg,28,ipanda50,742
iPanda50/28_sa/28_v070_f000355.jpg,28,ipanda50,743
iPanda50/28_sa/28_v071_f001650.jpg,28,ipanda50,744
iPanda50/28_sa/28_v071_f002615.jpg,28,ipanda50,744
iPanda50/28_sa/28_v072_f000300.jpg,28,ipanda50,745
iPanda50/28_sa/28_v072_f001450.jpg,28,ipanda50,745
iPanda50/28_sa/28_v072_f002495.jpg,28,ipanda50,745
iPanda50/28_sa/28_v072_f003280.jpg,28,ipanda50,745
iPanda50/28_sa/28_v072_f006335.jpg,28,ipanda50,745
iPanda50/28_sa/28_v073_f000290.jpg,28,ipanda50,746
iPanda50/28_sa/28_v073_f000995.jpg,28,ipanda50,746
iPanda50/28_sa/28_v073_f001440.jpg,28,ipanda50,746
iPanda50/28_sa/28_v073_f003590.jpg,28,ipanda50,746
iPanda50/28_sa/28_v075_f000005.jpg,28,ipanda50,747
iPanda50/28_sa/28_v075_f001285.jpg,28,ipanda50,747
iPanda50/28_sa/28_v075_f001405.jpg,28,ipanda50,747
iPanda50/28_sa/28_v077_f000215.jpg,28,ipanda50,748
iPanda50/28_sa/28_v077_f000400.jpg,28,ipanda50,748
iPanda50/28_sa/28_v078_f000035.jpg,28,ipanda50,749
iPanda50/28_sa/28_v078_f000140.jpg,28,ipanda50,749
iPanda50/28_sa/28_v078_f000545.jpg,28,ipanda50,749
iPanda50/28_sa/28_v078_f000820.jpg,28,ipanda50,749
iPanda50/28_sa/28_v082_f000005.jpg,28,ipanda50,750
iPanda50/28_sa/28_v082_f000155.jpg,28,ipanda50,750
iPanda50/28_sa/28_v082_f000930.jpg,28,ipanda50,750
iPanda50/28_sa/28_v082_f000955.jpg,28,ipanda50,750
iPanda50/28_sa/28_v082_f001675.jpg,28,ipanda50,750
iPanda50/28_sa/28_v082_f002640.jpg,28,ipanda50,750
iPanda50/28_sa/28_v082_f005530.jpg,28,ipanda50,750
iPanda50/28_sa/28_v082_f006015.jpg,28,ipanda50,750
iPanda50/28_sa/28_v083_f000065.jpg,28,ipanda50,751
iPanda50/28_sa/28_v084_f000005.jpg,28,ipanda50,752
iPanda50/28_sa/28_v084_f000480.jpg,28,ipanda50,752
iPanda50/28_sa/28_v084_f056305.jpg,28,ipanda50,752
iPanda50/28_sa/28_v084_f071035.jpg,28,ipanda50,752
iPanda50/28_sa/28_v084_f074235.jpg,28,ipanda50,752
iPanda50/28_sa/28_v084_f082300.jpg,28,ipanda50,752
iPanda50/28_sa/28_v085_f000005.jpg,28,ipanda50,753
iPanda50/28_sa/28_v088_f000005.jpg,28,ipanda50,754
iPanda50/28_sa/28_v089_f000065.jpg,28,ipanda50,755
iPanda50/28_sa/28_v089_f000820.jpg,28,ipanda50,755
iPanda50/28_sa/28_v092_f000180.jpg,28,ipanda50,756
iPanda50/28_sa/28_v092_f000720.jpg,28,ipanda50,756
iPanda50/28_sa/28_v092_f001665.jpg,28,ipanda50,756
iPanda50/28_sa/28_v094_f000075.jpg,28,ipanda50,757
iPanda50/28_sa/28_v095_f000005.jpg,28,ipanda50,758
iPanda50/28_sa/28_v096_f000005.jpg,28,ipanda50,759
iPanda50/28_sa/28_v096_f000570.jpg,28,ipanda50,759
iPanda50/28_sa/28_v096_f000650.jpg,28,ipanda50,759
iPanda50/28_sa/28_v098_f000570.jpg,28,ipanda50,760
iPanda50/28_sa/28_v098_f000745.jpg,28,ipanda50,760
iPanda50/28_sa/28_v098_f000930.jpg,28,ipanda50,760
iPanda50/28_sa/28_v099_f000165.jpg,28,ipanda50,761
iPanda50/28_sa/28_v099_f000305.jpg,28,ipanda50,761
iPanda50/28_sa/28_v099_f002260.jpg,28,ipanda50,761
iPanda50/28_sa/28_v101_f000005.jpg,28,ipanda50,762
iPanda50/28_sa/28_v101_f001460.jpg,28,ipanda50,762
iPanda50/28_sa/28_v101_f001485.jpg,28,ipanda50,762
iPanda50/28_sa/28_v101_f001885.jpg,28,ipanda50,762
iPanda50/28_sa/28_v101_f002050.jpg,28,ipanda50,762
iPanda50/28_sa/28_v101_f003820.jpg,28,ipanda50,762
iPanda50/28_sa/28_v102_f000150.jpg,28,ipanda50,763
iPanda50/28_sa/28_v102_f000280.jpg,28,ipanda50,763
iPanda50/28_sa/28_v102_f000570.jpg,28,ipanda50,763
iPanda50/28_sa/28_v102_f002565.jpg,28,ipanda50,763
iPanda50/28_sa/28_v102_f002820.jpg,28,ipanda50,763
iPanda50/28_sa/28_v104_f001785.jpg,28,ipanda50,764
iPanda50/28_sa/28_v105_f000100.jpg,28,ipanda50,765
iPanda50/28_sa/28_v105_f000750.jpg,28,ipanda50,765
iPanda50/28_sa/28_v105_f001580.jpg,28,ipanda50,765
iPanda50/28_sa/28_v110_f000085.jpg,28,ipanda50,766
iPanda50/28_sa/28_v110_f000155.jpg,28,ipanda50,766
iPanda50/28_sa/28_v110_f000630.jpg,28,ipanda50,766
iPanda50/28_sa/28_v113_f000930.jpg,28,ipanda50,767
iPanda50/28_sa/28_v114_f000005.jpg,28,ipanda50,768
iPanda50/28_sa/28_v114_f000075.jpg,28,ipanda50,768
iPanda50/28_sa/28_v114_f000140.jpg,28,ipanda50,768
iPanda50/28_sa/28_v114_f000165.jpg,28,ipanda50,768
iPanda50/28_sa/28_v114_f000195.jpg,28,ipanda50,768
iPanda50/28_sa/28_v114_f000870.jpg,28,ipanda50,768
iPanda50/28_sa/28_v114_f001195.jpg,28,ipanda50,768
iPanda50/28_sa/28_v116_f000005.jpg,28,ipanda50,769
iPanda50/28_sa/28_v116_f000710.jpg,28,ipanda50,769
iPanda50/28_sa/28_v116_f001780.jpg,28,ipanda50,769
iPanda50/28_sa/28_v116_f002920.jpg,28,ipanda50,769
iPanda50/28_sa/28_v119_f000265.jpg,28,ipanda50,770
iPanda50/28_sa/28_v119_f000400.jpg,28,ipanda50,770
iPanda50/28_sa/28_v119_f000570.jpg,28,ipanda50,770
iPanda50/28_sa/28_v119_f000675.jpg,28,ipanda50,770
iPanda50/28_sa/28_v119_f000785.jpg,28,ipanda50,770
iPanda50/28_sa/28_v120_f000265.jpg,28,ipanda50,771
iPanda50/28_sa/28_v120_f000410.jpg,28,ipanda50,771
iPanda50/28_sa/28_v120_f001365.jpg,28,ipanda50,771
iPanda50/28_sa/28_v127_f000095.jpg,28,ipanda50,772
iPanda50/28_sa/28_v127_f000410.jpg,28,ipanda50,772
iPanda50/30_shuqing/30_v001_f000050.jpg,30,ipanda50,820
iPanda50/30_shuqing/30_v001_f000370.jpg,30,ipanda50,820
iPanda50/30_shuqing/30_v001_f001190.jpg,30,ipanda50,820
iPanda50/30_shuqing/30_v001_f002040.jpg,30,ipanda50,820
iPanda50/30_shuqing/30_v001_f004480.jpg,30,ipanda50,820
iPanda50/30_shuqing/30_v001_f004835.jpg,30,ipanda50,820
iPanda50/30_shuqing/30_v001_f005695.jpg,30,ipanda50,820
iPanda50/30_shuqing/30_v001_f006640.jpg,30,ipanda50,820
iPanda50/30_shuqing/30_v002_f000520.jpg,30,ipanda50,821
iPanda50/30_shuqing/30_v003_f000085.jpg,30,ipanda50,822
iPanda50/30_shuqing/30_v003_f000105.jpg,30,ipanda50,822
iPanda50/30_shuqing/30_v003_f000115.jpg,30,ipanda50,822
iPanda50/30_shuqing/30_v003_f000205.jpg,30,ipanda50,822
iPanda50/30_shuqing/30_v003_f001185.jpg,30,ipanda50,822
iPanda50/30_shuqing/30_v003_f001415.jpg,30,ipanda50,822
iPanda50/30_shuqing/30_v003_f002635.jpg,30,ipanda50,822
iPanda50/30_shuqing/30_v003_f003120.jpg,30,ipanda50,822
iPanda50/30_shuqing/30_v003_f003175.jpg,30,ipanda50,822
iPanda50/30_shuqing/30_v003_f003570.jpg,30,ipanda50,822
iPanda50/30_shuqing/30_v003_f003845.jpg,30,ipanda50,822
iPanda50/30_shuqing/30_v003_f003910.jpg,30,ipanda50,822
iPanda50/30_shuqing/30_v003_f004125.jpg,30,ipanda50,822
iPanda50/30_shuqing/30_v003_f005150.jpg,30,ipanda50,822
iPanda50/30_shuqing/30_v003_f005925.jpg,30,ipanda50,822
iPanda50/30_shuqing/30_v003_f005965.jpg,30,ipanda50,822
iPanda50/30_shuqing/30_v003_f006065.jpg,30,ipanda50,822
iPanda50/30_shuqing/30_v003_f006210.jpg,30,ipanda50,822
iPanda50/30_shuqing/30_v003_f006460.jpg,30,ipanda50,822
iPanda50/30_shuqing/30_v003_f006825.jpg,30,ipanda50,822
iPanda50/30_shuqing/30_v003_f007135.jpg,30,ipanda50,822
iPanda50/30_shuqing/30_v003_f007235.jpg,30,ipanda50,822
iPanda50/30_shuqing/30_v003_f008170.jpg,30,ipanda50,822
iPanda50/30_shuqing/30_v003_f008205.jpg,30,ipanda50,822
iPanda50/30_shuqing/30_v003_f008245.jpg,30,ipanda50,822
iPanda50/30_shuqing/30_v004_f000630.jpg,30,ipanda50,823
iPanda50/30_shuqing/30_v004_f000645.jpg,30,ipanda50,823
iPanda50/30_shuqing/30_v004_f000740.jpg,30,ipanda50,823
iPanda50/30_shuqing/30_v004_f000840.jpg,30,ipanda50,823
iPanda50/30_shuqing/30_v004_f001070.jpg,30,ipanda50,823
iPanda50/30_shuqing/30_v004_f001175.jpg,30,ipanda50,823
iPanda50/30_shuqing/30_v004_f001255.jpg,30,ipanda50,823
iPanda50/30_shuqing/30_v004_f002375.jpg,30,ipanda50,823
iPanda50/30_shuqing/30_v004_f002415.jpg,30,ipanda50,823
iPanda50/30_shuqing/30_v004_f002460.jpg,30,ipanda50,823
iPanda50/30_shuqing/30_v004_f003575.jpg,30,ipanda50,823
iPanda50/30_shuqing/30_v004_f003930.jpg,30,ipanda50,823
iPanda50/30_shuqing/30_v004_f003980.jpg,30,ipanda50,823
iPanda50/30_shuqing/30_v004_f004015.jpg,30,ipanda50,823
iPanda50/30_shuqing/30_v004_f004045.jpg,30,ipanda50,823
iPanda50/30_shuqing/30_v004_f009350.jpg,30,ipanda50,823
iPanda50/30_shuqing/30_v004_f009605.jpg,30,ipanda50,823
iPanda50/30_shuqing/30_v004_f010710.jpg,30,ipanda50,823
iPanda50/30_shuqing/30_v005_f000005.jpg,30,ipanda50,824
iPanda50/30_shuqing/30_v005_f000080.jpg,30,ipanda50,824
iPanda50/30_shuqing/30_v005_f000105.jpg,30,ipanda50,824
iPanda50/30_shuqing/30_v005_f000180.jpg,30,ipanda50,824
iPanda50/30_shuqing/30_v005_f000355.jpg,30,ipanda50,824
iPanda50/30_shuqing/30_v005_f000460.jpg,30,ipanda50,824
iPanda50/30_shuqing/30_v005_f000495.jpg,30,ipanda50,824
iPanda50/30_shuqing/30_v005_f000600.jpg,30,ipanda50,824
iPanda50/30_shuqing/30_v005_f000650.jpg,30,ipanda50,824
iPanda50/30_shuqing/30_v005_f000750.jpg,30,ipanda50,824
iPanda50/30_shuqing/30_v005_f000925.jpg,30,ipanda50,824
iPanda50/30_shuqing/30_v005_f000985.jpg,30,ipanda50,824
iPanda50/30_shuqing/30_v005_f001050.jpg,30,ipanda50,824
iPanda50/30_shuqing/30_v005_f001165.jpg,30,ipanda50,824
iPanda50/30_shuqing/30_v006_f000780.jpg,30,ipanda50,825
iPanda50/30_shuqing/30_v006_f001800.jpg,30,ipanda50,825
iPanda50/30_shuqing/30_v007_f000275.jpg,30,ipanda50,826
iPanda50/30_shuqing/30_v007_f000450.jpg,30,ipanda50,826
iPanda50/30_shuqing/30_v007_f000500.jpg,30,ipanda50,826
iPanda50/30_shuqing/30_v007_f000535.jpg,30,ipanda50,826
iPanda50/30_shuqing/30_v007_f001170.jpg,30,ipanda50,826
iPanda50/30_shuqing/30_v007_f002195.jpg,30,ipanda50,826
iPanda50/30_shuqing/30_v007_f002295.jpg,30,ipanda50,826
iPanda50/30_shuqing/30_v008_f000205.jpg,30,ipanda50,827
iPanda50/30_shuqing/30_v008_f000680.jpg,30,ipanda50,827
iPanda50/30_shuqing/30_v009_f000005.jpg,30,ipanda50,828
iPanda50/30_shuqing/30_v009_f000055.jpg,30,ipanda50,828
iPanda50/30_shuqing/30_v009_f000120.jpg,30,ipanda50,828
iPanda50/30_shuqing/30_v009_f000175.jpg,30,ipanda50,828
iPanda50/30_shuqing/30_v009_f000470.jpg,30,ipanda50,828
iPanda50/30_shuqing/30_v009_f000485.jpg,30,ipanda50,828
iPanda50/30_shuqing/30_v009_f001440.jpg,30,ipanda50,828
iPanda50/30_shuqing/30_v009_f002405.jpg,30,ipanda50,828
iPanda50/30_shuqing/30_v009_f002820.jpg,30,ipanda50,828
iPanda50/30_shuqing/30_v010_f001355.jpg,30,ipanda50,829
iPanda50/30_shuqing/30_v011_f000005.jpg,30,ipanda50,830
iPanda50/30_shuqing/30_v011_f000135.jpg,30,ipanda50,830
iPanda50/30_shuqing/30_v011_f000305.jpg,30,ipanda50,830
iPanda50/30_shuqing/30_v012_f000010.jpg,30,ipanda50,831
iPanda50/30_shuqing/30_v012_f000030.jpg,30,ipanda50,831
iPanda50/30_shuqing/30_v012_f000405.jpg,30,ipanda50,831
iPanda50/30_shuqing/30_v012_f000480.jpg,30,ipanda50,831
iPanda50/30_shuqing/30_v012_f000530.jpg,30,ipanda50,831
iPanda50/30_shuqing/30_v012_f000555.jpg,30,ipanda50,831
iPanda50/30_shuqing/30_v012_f000680.jpg,30,ipanda50,831
iPanda50/30_shuqing/30_v012_f000955.jpg,30,ipanda50,831
iPanda50/30_shuqing/30_v012_f001020.jpg,30,ipanda50,831
iPanda50/30_shuqing/30_v015_f000005.jpg,30,ipanda50,832
iPanda50/30_shuqing/30_v015_f000430.jpg,30,ipanda50,832
iPanda50/30_shuqing/30_v015_f003660.jpg,30,ipanda50,832
iPanda50/30_shuqing/30_v015_f003695.jpg,30,ipanda50,832
iPanda50/30_shuqing/30_v015_f003735.jpg,30,ipanda50,832
iPanda50/30_shuqing/30_v015_f003840.jpg,30,ipanda50,832
iPanda50/30_shuqing/30_v016_f000005.jpg,30,ipanda50,833
iPanda50/30_shuqing/30_v016_f000830.jpg,30,ipanda50,833
iPanda50/30_shuqing/30_v016_f000855.jpg,30,ipanda50,833
iPanda50/30_shuqing/30_v016_f000905.jpg,30,ipanda50,833
iPanda50/30_shuqing/30_v016_f001760.jpg,30,ipanda50,833
iPanda50/30_shuqing/30_v016_f002080.jpg,30,ipanda50,833
iPanda50/30_shuqing/30_v016_f002430.jpg,30,ipanda50,833
iPanda50/30_shuqing/30_v016_f003080.jpg,30,ipanda50,833
iPanda50/30_shuqing/30_v016_f003245.jpg,30,ipanda50,833
iPanda50/30_shuqing/30_v016_f003295.jpg,30,ipanda50,833
iPanda50/30_shuqing/30_v016_f003350.jpg,30,ipanda50,833
iPanda50/30_shuqing/30_v016_f003615.jpg,30,ipanda50,833
iPanda50/30_shuqing/30_v016_f003810.jpg,30,ipanda50,833
iPanda50/30_shuqing/30_v016_f003895.jpg,30,ipanda50,833
iPanda50/30_shuqing/30_v016_f004195.jpg,30,ipanda50,833
iPanda50/30_shuqing/30_v016_f004380.jpg,30,ipanda50,833
iPanda50/30_shuqing/30_v016_f005945.jpg,30,ipanda50,833
iPanda50/30_shuqing/30_v017_f000005.jpg,30,ipanda50,834
iPanda50/30_shuqing/30_v017_f000070.jpg,30,ipanda50,834
iPanda50/30_shuqing/30_v017_f000300.jpg,30,ipanda50,834
iPanda50/30_shuqing/30_v017_f000995.jpg,30,ipanda50,834
iPanda50/30_shuqing/30_v017_f001100.jpg,30,ipanda50,834
iPanda50/30_shuqing/30_v017_f001620.jpg,30,ipanda50,834
iPanda50/30_shuqing/30_v017_f002220.jpg,30,ipanda50,834
iPanda50/30_shuqing/30_v017_f002400.jpg,30,ipanda50,834
iPanda50/30_shuqing/30_v017_f004215.jpg,30,ipanda50,834
iPanda50/30_shuqing/30_v018_f000270.jpg,30,ipanda50,835
iPanda50/30_shuqing/30_v018_f001130.jpg,30,ipanda50,835
iPanda50/30_shuqing/30_v018_f001145.jpg,30,ipanda50,835
iPanda50/30_shuqing/30_v019_f000140.jpg,30,ipanda50,836
iPanda50/30_shuqing/30_v019_f000175.jpg,30,ipanda50,836
iPanda50/30_shuqing/30_v019_f000955.jpg,30,ipanda50,836
iPanda50/30_shuqing/30_v020_f000300.jpg,30,ipanda50,837
iPanda50/30_shuqing/30_v020_f002295.jpg,30,ipanda50,837
iPanda50/30_shuqing/30_v020_f002740.jpg,30,ipanda50,837
iPanda50/30_shuqing/30_v020_f002865.jpg,30,ipanda50,837
iPanda50/30_shuqing/30_v020_f002890.jpg,30,ipanda50,837
iPanda50/30_shuqing/30_v020_f003010.jpg,30,ipanda50,837
iPanda50/30_shuqing/30_v021_f002260.jpg,30,ipanda50,838
iPanda50/30_shuqing/30_v021_f006580.jpg,30,ipanda50,838
iPanda50/30_shuqing/30_v021_f006615.jpg,30,ipanda50,838
iPanda50/30_shuqing/30_v021_f006630.jpg,30,ipanda50,838
iPanda50/30_shuqing/30_v022_f001170.jpg,30,ipanda50,839
iPanda50/30_shuqing/30_v022_f001215.jpg,30,ipanda50,839
iPanda50/30_shuqing/30_v022_f002185.jpg,30,ipanda50,839
iPanda50/30_shuqing/30_v022_f002215.jpg,30,ipanda50,839
iPanda50/30_shuqing/30_v022_f002330.jpg,30,ipanda50,839
iPanda50/30_shuqing/30_v023_f000935.jpg,30,ipanda50,840
iPanda50/30_shuqing/30_v023_f001360.jpg,30,ipanda50,840
iPanda50/30_shuqing/30_v023_f002210.jpg,30,ipanda50,840
iPanda50/30_shuqing/30_v023_f002275.jpg,30,ipanda50,840
iPanda50/30_shuqing/30_v023_f002380.jpg,30,ipanda50,840
iPanda50/30_shuqing/30_v023_f003655.jpg,30,ipanda50,840
iPanda50/30_shuqing/30_v023_f003860.jpg,30,ipanda50,840
iPanda50/30_shuqing/30_v023_f006810.jpg,30,ipanda50,840
iPanda50/30_shuqing/30_v023_f007310.jpg,30,ipanda50,840
iPanda50/30_shuqing/30_v024_f000625.jpg,30,ipanda50,841
iPanda50/30_shuqing/30_v024_f000725.jpg,30,ipanda50,841
iPanda50/30_shuqing/30_v025_f002170.jpg,30,ipanda50,842
iPanda50/33_wuyi/33_v001_f000825.jpg,33,ipanda50,912
iPanda50/33_wuyi/33_v002_f000280.jpg,33,ipanda50,913
iPanda50/33_wuyi/33_v002_f000510.jpg,33,ipanda50,913
iPanda50/33_wuyi/33_v002_f001355.jpg,33,ipanda50,913
iPanda50/33_wuyi/33_v002_f003600.jpg,33,ipanda50,913
iPanda50/33_wuyi/33_v002_f003675.jpg,33,ipanda50,913
iPanda50/33_wuyi/33_v002_f003715.jpg,33,ipanda50,913
iPanda50/33_wuyi/33_v003_f000100.jpg,33,ipanda50,914
iPanda50/33_wuyi/33_v003_f000650.jpg,33,ipanda50,914
iPanda50/33_wuyi/33_v004_f000065.jpg,33,ipanda50,915
iPanda50/33_wuyi/33_v004_f000435.jpg,33,ipanda50,915
iPanda50/33_wuyi/33_v004_f000975.jpg,33,ipanda50,915
iPanda50/33_wuyi/33_v006_f002160.jpg,33,ipanda50,916
iPanda50/33_wuyi/33_v006_f002520.jpg,33,ipanda50,916
iPanda50/33_wuyi/33_v007_f000225.jpg,33,ipanda50,917
iPanda50/33_wuyi/33_v007_f001530.jpg,33,ipanda50,917
iPanda50/33_wuyi/33_v008_f002700.jpg,33,ipanda50,918
iPanda50/33_wuyi/33_v008_f002820.jpg,33,ipanda50,918
iPanda50/33_wuyi/33_v009_f000150.jpg,33,ipanda50,919
iPanda50/33_wuyi/33_v009_f001075.jpg,33,ipanda50,919
iPanda50/33_wuyi/33_v010_f000100.jpg,33,ipanda50,920
iPanda50/33_wuyi/33_v010_f001450.jpg,33,ipanda50,920
iPanda50/33_wuyi/33_v011_f000060.jpg,33,ipanda50,921
iPanda50/33_wuyi/33_v011_f002400.jpg,33,ipanda50,921
iPanda50/33_wuyi/33_v012_f000015.jpg,33,ipanda50,922
iPanda50/33_wuyi/33_v013_f000700.jpg,33,ipanda50,923
iPanda50/33_wuyi/33_v013_f001500.jpg,33,ipanda50,923
iPanda50/33_wuyi/33_v014_f000840.jpg,33,ipanda50,924
iPanda50/33_wuyi/33_v014_f001440.jpg,33,ipanda50,924
iPanda50/33_wuyi/33_v015_f000005.jpg,33,ipanda50,925
iPanda50/33_wuyi/33_v015_f001105.jpg,33,ipanda50,925
iPanda50/33_wuyi/33_v016_f000265.jpg,33,ipanda50,926
iPanda50/33_wuyi/33_v018_f002295.jpg,33,ipanda50,927
iPanda50/33_wuyi/33_v018_f002340.jpg,33,ipanda50,927
iPanda50/33_wuyi/33_v019_f000005.jpg,33,ipanda50,928
iPanda50/33_wuyi/33_v019_f001560.jpg,33,ipanda50,928
iPanda50/33_wuyi/33_v024_f000025.jpg,33,ipanda50,929
iPanda50/33_wuyi/33_v024_f000925.jpg,33,ipanda50,929
iPanda50/33_wuyi/33_v024_f001350.jpg,33,ipanda50,929
iPanda50/33_wuyi/33_v025_f000005.jpg,33,ipanda50,930
iPanda50/33_wuyi/33_v025_f000945.jpg,33,ipanda50,930
iPanda50/33_wuyi/33_v026_f000005.jpg,33,ipanda50,931
iPanda50/33_wuyi/33_v026_f000540.jpg,33,ipanda50,931
iPanda50/33_wuyi/33_v026_f001370.jpg,33,ipanda50,931
iPanda50/33_wuyi/33_v030_f000060.jpg,33,ipanda50,932
iPanda50/33_wuyi/33_v030_f000420.jpg,33,ipanda50,932
iPanda50/33_wuyi/33_v031_f000050.jpg,33,ipanda50,933
iPanda50/33_wuyi/33_v033_f000150.jpg,33,ipanda50,934
iPanda50/33_wuyi/33_v036_f000085.jpg,33,ipanda50,935
iPanda50/33_wuyi/33_v037_f003300.jpg,33,ipanda50,936
iPanda50/33_wuyi/33_v037_f003360.jpg,33,ipanda50,936
iPanda50/33_wuyi/33_v038_f001190.jpg,33,ipanda50,937
iPanda50/33_wuyi/33_v039_f000010.jpg,33,ipanda50,938
iPanda50/33_wuyi/33_v039_f001075.jpg,33,ipanda50,938
iPanda50/33_wuyi/33_v039_f001335.jpg,33,ipanda50,938
iPanda50/33_wuyi/33_v040_f001075.jpg,33,ipanda50,939
iPanda50/33_wuyi/33_v040_f001125.jpg,33,ipanda50,939
iPanda50/33_wuyi/33_v040_f001250.jpg,33,ipanda50,939
iPanda50/33_wuyi/33_v043_f000045.jpg,33,ipanda50,940
iPanda50/33_wuyi/33_v043_f000110.jpg,33,ipanda50,940
iPanda50/33_wuyi/33_v044_f000875.jpg,33,ipanda50,941
iPanda50/33_wuyi/33_v047_f002250.jpg,33,ipanda50,942
iPanda50/33_wuyi/33_v047_f002970.jpg,33,ipanda50,942
iPanda50/33_wuyi/33_v050_f005015.jpg,33,ipanda50,943
iPanda50/33_wuyi/33_v050_f005950.jpg,33,ipanda50,943
iPanda50/33_wuyi/33_v051_f000350.jpg,33,ipanda50,944
iPanda50/33_wuyi/33_v052_f003485.jpg,33,ipanda50,945
iPanda50/33_wuyi/33_v052_f004335.jpg,33,ipanda50,945
iPanda50/33_wuyi/33_v053_f000270.jpg,33,ipanda50,946
iPanda50/33_wuyi/33_v053_f000900.jpg,33,ipanda50,946
iPanda50/33_wuyi/33_v054_f000030.jpg,33,ipanda50,947
iPanda50/33_wuyi/33_v054_f000095.jpg,33,ipanda50,947
iPanda50/33_wuyi/33_v054_f002300.jpg,33,ipanda50,947
iPanda50/33_wuyi/33_v054_f002555.jpg,33,ipanda50,947
iPanda50/33_wuyi/33_v055_f000020.jpg,33,ipanda50,948
iPanda50/33_wuyi/33_v055_f000855.jpg,33,ipanda50,948
iPanda50/33_wuyi/33_v056_f000005.jpg,33,ipanda50,949
iPanda50/33_wuyi/33_v056_f000075.jpg,33,ipanda50,949
iPanda50/33_wuyi/33_v059_f000270.jpg,33,ipanda50,950
iPanda50/33_wuyi/33_v059_f002970.jpg,33,ipanda50,950
iPanda50/33_wuyi/33_v060_f001305.jpg,33,ipanda50,951
iPanda50/33_wuyi/33_v060_f002655.jpg,33,ipanda50,951
iPanda50/33_wuyi/33_v062_f000255.jpg,33,ipanda50,952
iPanda50/33_wuyi/33_v063_f000270.jpg,33,ipanda50,953
iPanda50/33_wuyi/33_v063_f002610.jpg,33,ipanda50,953
iPanda50/33_wuyi/33_v064_f000035.jpg,33,ipanda50,954
iPanda50/33_wuyi/33_v064_f001085.jpg,33,ipanda50,954
iPanda50/33_wuyi/33_v064_f001435.jpg,33,ipanda50,954
iPanda50/33_wuyi/33_v068_f011645.jpg,33,ipanda50,955
iPanda50/33_wuyi/33_v070_f000005.jpg,33,ipanda50,956
iPanda50/33_wuyi/33_v070_f000015.jpg,33,ipanda50,956
iPanda50/33_wuyi/33_v070_f000405.jpg,33,ipanda50,956
iPanda50/33_wuyi/33_v071_f000005.jpg,33,ipanda50,957
iPanda50/33_wuyi/33_v071_f000045.jpg,33,ipanda50,957
iPanda50/33_wuyi/33_v071_f000235.jpg,33,ipanda50,957
iPanda50/33_wuyi/33_v071_f000330.jpg,33,ipanda50,957
iPanda50/33_wuyi/33_v071_f000340.jpg,33,ipanda50,957
iPanda50/33_wuyi/33_v071_f000580.jpg,33,ipanda50,957
iPanda50/33_wuyi/33_v071_f000600.jpg,33,ipanda50,957
iPanda50/33_wuyi/33_v071_f000705.jpg,33,ipanda50,957
iPanda50/33_wuyi/33_v071_f000955.jpg,33,ipanda50,957
iPanda50/33_wuyi/33_v071_f001670.jpg,33,ipanda50,957
iPanda50/33_wuyi/33_v074_f000025.jpg,33,ipanda50,958
iPanda50/33_wuyi/33_v074_f001225.jpg,33,ipanda50,958
iPanda50/33_wuyi/33_v076_f000005.jpg,33,ipanda50,959
iPanda50/33_wuyi/33_v077_f002355.jpg,33,ipanda50,960
iPanda50/33_wuyi/33_v077_f002970.jpg,33,ipanda50,960
iPanda50/33_wuyi/33_v077_f004380.jpg,33,ipanda50,960
iPanda50/33_wuyi/33_v077_f005940.jpg,33,ipanda50,960
iPanda50/33_wuyi/33_v077_f005955.jpg,33,ipanda50,960
iPanda50/33_wuyi/33_v078_f000005.jpg,33,ipanda50,961
iPanda50/33_wuyi/33_v078_f000260.jpg,33,ipanda50,961
iPanda50/33_wuyi/33_v078_f001895.jpg,33,ipanda50,961
iPanda50/33_wuyi/33_v078_f002675.jpg,33,ipanda50,961
iPanda50/33_wuyi/33_v079_f000535.jpg,33,ipanda50,962
iPanda50/33_wuyi/33_v079_f000770.jpg,33,ipanda50,962
iPanda50/33_wuyi/33_v079_f000865.jpg,33,ipanda50,962
iPanda50/33_wuyi/33_v084_f000005.jpg,33,ipanda50,963
iPanda50/33_wuyi/33_v084_f001170.jpg,33,ipanda50,963
iPanda50/33_wuyi/33_v085_f000425.jpg,33,ipanda50,964
iPanda50/33_wuyi/33_v085_f003230.jpg,33,ipanda50,964
iPanda50/33_wuyi/33_v086_f000270.jpg,33,ipanda50,965
iPanda50/33_wuyi/33_v088_f000050.jpg,33,ipanda50,966
iPanda50/33_wuyi/33_v088_f001150.jpg,33,ipanda50,966
iPanda50/33_wuyi/33_v089_f001200.jpg,33,ipanda50,967
iPanda50/33_wuyi/33_v090_f000005.jpg,33,ipanda50,968
iPanda50/33_wuyi/33_v092_f000595.jpg,33,ipanda50,969
iPanda50/33_wuyi/33_v094_f001275.jpg,33,ipanda50,970
iPanda50/33_wuyi/33_v094_f002125.jpg,33,ipanda50,970
iPanda50/33_wuyi/33_v099_f000850.jpg,33,ipanda50,971
iPanda50/33_wuyi/33_v100_f002890.jpg,33,ipanda50,972
iPanda50/33_wuyi/33_v100_f003655.jpg,33,ipanda50,972
iPanda50/33_wuyi/33_v101_f000270.jpg,33,ipanda50,973
iPanda50/33_wuyi/33_v119_f000350.jpg,33,ipanda50,974
iPanda50/33_wuyi/33_v119_f001200.jpg,33,ipanda50,974
iPanda50/33_wuyi/33_v121_f001125.jpg,33,ipanda50,975
iPanda50/33_wuyi/33_v123_f000765.jpg,33,ipanda50,976
iPanda50/33_wuyi/33_v123_f002115.jpg,33,ipanda50,976
iPanda50/33_wuyi/33_v130_f000005.jpg,33,ipanda50,977
iPanda50/33_wuyi/33_v131_f000420.jpg,33,ipanda50,978
iPanda50/33_wuyi/33_v138_f001620.jpg,33,ipanda50,979
iPanda50/33_wuyi/33_v138_f002745.jpg,33,ipanda50,979
iPanda50/33_wuyi/33_v140_f000005.jpg,33,ipanda50,980
iPanda50/33_wuyi/33_v140_f002095.jpg,33,ipanda50,980
iPanda50/33_wuyi/33_v141_f001020.jpg,33,ipanda50,981
iPanda50/33_wuyi/33_v141_f003660.jpg,33,ipanda50,981
iPanda50/33_wuyi/33_v154_f000005.jpg,33,ipanda50,982
iPanda50/33_wuyi/33_v163_f000975.jpg,33,ipanda50,983
iPanda50/33_wuyi/33_v164_f000670.jpg,33,ipanda50,984
iPanda50/33_wuyi/33_v164_f002335.jpg,33,ipanda50,984
iPanda50/33_wuyi/33_v164_f002470.jpg,33,ipanda50,984
iPanda50/33_wuyi/33_v164_f003070.jpg,33,ipanda50,984
iPanda50/33_wuyi/33_v164_f003940.jpg,33,ipanda50,984
iPanda50/33_wuyi/33_v164_f004230.jpg,33,ipanda50,984
iPanda50/33_wuyi/33_v164_f004270.jpg,33,ipanda50,984
iPanda50/33_wuyi/33_v164_f004410.jpg,33,ipanda50,984
iPanda50/33_wuyi/33_v166_f000760.jpg,33,ipanda50,985
iPanda50/33_wuyi/33_v171_f000005.jpg,33,ipanda50,986
iPanda50/33_wuyi/33_v171_f000630.jpg,33,ipanda50,986
iPanda50/33_wuyi/33_v171_f002055.jpg,33,ipanda50,986
iPanda50/33_wuyi/33_v171_f002505.jpg,33,ipanda50,986
iPanda50/33_wuyi/33_v173_f000005.jpg,33,ipanda50,987
iPanda50/33_wuyi/33_v174_f000005.jpg,33,ipanda50,988
iPanda50/33_wuyi/33_v182_f000005.jpg,33,ipanda50,989
iPanda50/33_wuyi/33_v188_f000005.jpg,33,ipanda50,990
iPanda50/33_wuyi/33_v188_f000435.jpg,33,ipanda50,990
iPanda50/33_wuyi/33_v188_f000735.jpg,33,ipanda50,990
iPanda50/33_wuyi/33_v188_f000800.jpg,33,ipanda50,990
iPanda50/33_wuyi/33_v188_f000830.jpg,33,ipanda50,990
iPanda50/33_wuyi/33_v188_f001110.jpg,33,ipanda50,990
iPanda50/33_wuyi/33_v188_f001330.jpg,33,ipanda50,990
iPanda50/33_wuyi/33_v188_f001645.jpg,33,ipanda50,990
iPanda50/33_wuyi/33_v188_f001825.jpg,33,ipanda50,990
iPanda50/33_wuyi/33_v189_f000005.jpg,33,ipanda50,991
iPanda50/33_wuyi/33_v189_f002405.jpg,33,ipanda50,991
iPanda50/33_wuyi/33_v189_f005110.jpg,33,ipanda50,991
iPanda50/33_wuyi/33_v189_f005880.jpg,33,ipanda50,991
iPanda50/33_wuyi/33_v189_f006020.jpg,33,ipanda50,991
iPanda50/33_wuyi/33_v189_f006870.jpg,33,ipanda50,991
iPanda50/33_wuyi/33_v192_f000005.jpg,33,ipanda50,992
iPanda50/33_wuyi/33_v192_f000125.jpg,33,ipanda50,992
iPanda50/33_wuyi/33_v192_f002855.jpg,33,ipanda50,992
iPanda50/33_wuyi/33_v202_f000005.jpg,33,ipanda50,993
iPanda50/33_wuyi/33_v206_f000005.jpg,33,ipanda50,994
iPanda50/33_wuyi/33_v206_f001910.jpg,33,ipanda50,994
iPanda50/33_wuyi/33_v210_f000005.jpg,33,ipanda50,995
iPanda50/33_wuyi/33_v213_f000005.jpg,33,ipanda50,996
iPanda50/33_wuyi/33_v213_f000605.jpg,33,ipanda50,996
iPanda50/33_wuyi/33_v213_f002255.jpg,33,ipanda50,996
iPanda50/33_wuyi/33_v213_f002580.jpg,33,ipanda50,996
iPanda50/33_wuyi/33_v217_f000005.jpg,33,ipanda50,997
iPanda50/33_wuyi/33_v217_f000030.jpg,33,ipanda50,997
iPanda50/33_wuyi/33_v217_f000045.jpg,33,ipanda50,997
iPanda50/33_wuyi/33_v217_f000450.jpg,33,ipanda50,997
iPanda50/33_wuyi/33_v217_f000680.jpg,33,ipanda50,997
iPanda50/33_wuyi/33_v217_f001340.jpg,33,ipanda50,997
iPanda50/33_wuyi/33_v217_f001905.jpg,33,ipanda50,997
iPanda50/33_wuyi/33_v217_f004825.jpg,33,ipanda50,997
iPanda50/33_wuyi/33_v217_f005705.jpg,33,ipanda50,997
iPanda50/33_wuyi/33_v217_f005730.jpg,33,ipanda50,997
iPanda50/33_wuyi/33_v217_f005985.jpg,33,ipanda50,997
iPanda50/33_wuyi/33_v222_f000005.jpg,33,ipanda50,998
iPanda50/33_wuyi/33_v226_f000730.jpg,33,ipanda50,999
iPanda50/33_wuyi/33_v226_f001230.jpg,33,ipanda50,999
iPanda50/33_wuyi/33_v226_f001255.jpg,33,ipanda50,999
iPanda50/34_xiaoqiao/34_v002_f000925.jpg,34,ipanda50,1000
iPanda50/34_xiaoqiao/34_v002_f001090.jpg,34,ipanda50,1000
iPanda50/34_xiaoqiao/34_v002_f001210.jpg,34,ipanda50,1000
iPanda50/34_xiaoqiao/34_v004_f000415.jpg,34,ipanda50,1001
iPanda50/34_xiaoqiao/34_v004_f000660.jpg,34,ipanda50,1001
iPanda50/34_xiaoqiao/34_v004_f000750.jpg,34,ipanda50,1001
iPanda50/34_xiaoqiao/34_v004_f000810.jpg,34,ipanda50,1001
iPanda50/34_xiaoqiao/34_v004_f000975.jpg,34,ipanda50,1001
iPanda50/34_xiaoqiao/34_v004_f001010.jpg,34,ipanda50,1001
iPanda50/34_xiaoqiao/34_v004_f001105.jpg,34,ipanda50,1001
iPanda50/34_xiaoqiao/34_v004_f001150.jpg,34,ipanda50,1001
iPanda50/34_xiaoqiao/34_v009_f000200.jpg,34,ipanda50,1002
iPanda50/34_xiaoqiao/34_v009_f000250.jpg,34,ipanda50,1002
iPanda50/34_xiaoqiao/34_v009_f000405.jpg,34,ipanda50,1002
iPanda50/34_xiaoqiao/34_v009_f000460.jpg,34,ipanda50,1002
iPanda50/34_xiaoqiao/34_v009_f000510.jpg,34,ipanda50,1002
iPanda50/34_xiaoqiao/34_v009_f000695.jpg,34,ipanda50,1002
iPanda50/34_xiaoqiao/34_v009_f001005.jpg,34,ipanda50,1002
iPanda50/34_xiaoqiao/34_v009_f001255.jpg,34,ipanda50,1002
iPanda50/34_xiaoqiao/34_v009_f001315.jpg,34,ipanda50,1002
iPanda50/34_xiaoqiao/34_v009_f001455.jpg,34,ipanda50,1002
iPanda50/34_xiaoqiao/34_v009_f001480.jpg,34,ipanda50,1002
iPanda50/34_xiaoqiao/34_v009_f001510.jpg,34,ipanda50,1002
iPanda50/34_xiaoqiao/34_v009_f001555.jpg,34,ipanda50,1002
iPanda50/34_xiaoqiao/34_v011_f000005.jpg,34,ipanda50,1003
iPanda50/34_xiaoqiao/34_v011_f000775.jpg,34,ipanda50,1003
iPanda50/34_xiaoqiao/34_v011_f000845.jpg,34,ipanda50,1003
iPanda50/34_xiaoqiao/34_v011_f001350.jpg,34,ipanda50,1003
iPanda50/34_xiaoqiao/34_v011_f001360.jpg,34,ipanda50,1003
iPanda50/34_xiaoqiao/34_v011_f001375.jpg,34,ipanda50,1003
iPanda50/34_xiaoqiao/34_v011_f001430.jpg,34,ipanda50,1003
iPanda50/34_xiaoqiao/34_v012_f000005.jpg,34,ipanda50,1004
iPanda50/34_xiaoqiao/34_v012_f000205.jpg,34,ipanda50,1004
iPanda50/34_xiaoqiao/34_v012_f000255.jpg,34,ipanda50,1004
iPanda50/34_xiaoqiao/34_v012_f000515.jpg,34,ipanda50,1004
iPanda50/34_xiaoqiao/34_v012_f000785.jpg,34,ipanda50,1004
iPanda50/34_xiaoqiao/34_v012_f000820.jpg,34,ipanda50,1004
iPanda50/34_xiaoqiao/34_v012_f000845.jpg,34,ipanda50,1004
iPanda50/34_xiaoqiao/34_v012_f000880.jpg,34,ipanda50,1004
iPanda50/34_xiaoqiao/34_v012_f001115.jpg,34,ipanda50,1004
iPanda50/34_xiaoqiao/34_v012_f002690.jpg,34,ipanda50,1004
iPanda50/34_xiaoqiao/34_v012_f002720.jpg,34,ipanda50,1004
iPanda50/34_xiaoqiao/34_v012_f002770.jpg,34,ipanda50,1004
iPanda50/34_xiaoqiao/34_v013_f000460.jpg,34,ipanda50,1005
iPanda50/34_xiaoqiao/34_v013_f000870.jpg,34,ipanda50,1005
iPanda50/34_xiaoqiao/34_v013_f000925.jpg,34,ipanda50,1005
iPanda50/34_xiaoqiao/34_v013_f001035.jpg,34,ipanda50,1005
iPanda50/34_xiaoqiao/34_v013_f001310.jpg,34,ipanda50,1005
iPanda50/34_xiaoqiao/34_v013_f002000.jpg,34,ipanda50,1005
iPanda50/34_xiaoqiao/34_v013_f002885.jpg,34,ipanda50,1005
iPanda50/34_xiaoqiao/34_v013_f002950.jpg,34,ipanda50,1005
iPanda50/34_xiaoqiao/34_v013_f003020.jpg,34,ipanda50,1005
iPanda50/34_xiaoqiao/34_v013_f003465.jpg,34,ipanda50,1005
iPanda50/34_xiaoqiao/34_v013_f003685.jpg,34,ipanda50,1005
iPanda50/34_xiaoqiao/34_v014_f000235.jpg,34,ipanda50,1006
iPanda50/34_xiaoqiao/34_v014_f000565.jpg,34,ipanda50,1006
iPanda50/34_xiaoqiao/34_v014_f000710.jpg,34,ipanda50,1006
iPanda50/34_xiaoqiao/34_v014_f001465.jpg,34,ipanda50,1006
iPanda50/34_xiaoqiao/34_v015_f000005.jpg,34,ipanda50,1007
iPanda50/34_xiaoqiao/34_v015_f001095.jpg,34,ipanda50,1007
iPanda50/34_xiaoqiao/34_v017_f000005.jpg,34,ipanda50,1008
iPanda50/34_xiaoqiao/34_v017_f000140.jpg,34,ipanda50,1008
iPanda50/34_xiaoqiao/34_v017_f002255.jpg,34,ipanda50,1008
iPanda50/34_xiaoqiao/34_v020_f000075.jpg,34,ipanda50,1009
iPanda50/34_xiaoqiao/34_v020_f001100.jpg,34,ipanda50,1009
iPanda50/34_xiaoqiao/34_v022_f000115.jpg,34,ipanda50,1010
iPanda50/34_xiaoqiao/34_v022_f000210.jpg,34,ipanda50,1010
iPanda50/34_xiaoqiao/34_v022_f000260.jpg,34,ipanda50,1010
iPanda50/34_xiaoqiao/34_v022_f000875.jpg,34,ipanda50,1010
iPanda50/37_xinger/37_v001_f000005.jpg,37,ipanda50,1129
iPanda50/37_xinger/37_v001_f000835.jpg,37,ipanda50,1129
iPanda50/37_xinger/37_v001_f001265.jpg,37,ipanda50,1129
iPanda50/37_xinger/37_v001_f001505.jpg,37,ipanda50,1129
iPanda50/37_xinger/37_v001_f001660.jpg,37,ipanda50,1129
iPanda50/37_xinger/37_v001_f001725.jpg,37,ipanda50,1129
iPanda50/37_xinger/37_v001_f002970.jpg,37,ipanda50,1129
iPanda50/37_xinger/37_v001_f003825.jpg,37,ipanda50,1129
iPanda50/37_xinger/37_v001_f005465.jpg,37,ipanda50,1129
iPanda50/37_xinger/37_v001_f006005.jpg,37,ipanda50,1129
iPanda50/37_xinger/37_v001_f006025.jpg,37,ipanda50,1129
iPanda50/37_xinger/37_v001_f006420.jpg,37,ipanda50,1129
iPanda50/37_xinger/37_v001_f006495.jpg,37,ipanda50,1129
iPanda50/37_xinger/37_v001_f006625.jpg,37,ipanda50,1129
iPanda50/37_xinger/37_v001_f006785.jpg,37,ipanda50,1129
iPanda50/37_xinger/37_v004_f000135.jpg,37,ipanda50,1130
iPanda50/37_xinger/37_v004_f000455.jpg,37,ipanda50,1130
iPanda50/37_xinger/37_v004_f000560.jpg,37,ipanda50,1130
iPanda50/37_xinger/37_v005_f000665.jpg,37,ipanda50,1131
iPanda50/37_xinger/37_v006_f000555.jpg,37,ipanda50,1132
iPanda50/37_xinger/37_v007_f000005.jpg,37,ipanda50,1133
iPanda50/37_xinger/37_v007_f000045.jpg,37,ipanda50,1133
iPanda50/37_xinger/37_v007_f000070.jpg,37,ipanda50,1133
iPanda50/37_xinger/37_v007_f000135.jpg,37,ipanda50,1133
iPanda50/37_xinger/37_v007_f000170.jpg,37,ipanda50,1133
iPanda50/37_xinger/37_v007_f000395.jpg,37,ipanda50,1133
iPanda50/37_xinger/37_v007_f001115.jpg,37,ipanda50,1133
iPanda50/37_xinger/37_v007_f001265.jpg,37,ipanda50,1133
iPanda50/37_xinger/37_v007_f001305.jpg,37,ipanda50,1133
iPanda50/37_xinger/37_v009_f000005.jpg,37,ipanda50,1134
iPanda50/37_xinger/37_v009_f000135.jpg,37,ipanda50,1134
iPanda50/37_xinger/37_v009_f000145.jpg,37,ipanda50,1134
iPanda50/37_xinger/37_v009_f000175.jpg,37,ipanda50,1134
iPanda50/37_xinger/37_v009_f000230.jpg,37,ipanda50,1134
iPanda50/37_xinger/37_v009_f000305.jpg,37,ipanda50,1134
iPanda50/37_xinger/37_v009_f000330.jpg,37,ipanda50,1134
iPanda50/37_xinger/37_v009_f001555.jpg,37,ipanda50,1134
iPanda50/37_xinger/37_v009_f001905.jpg,37,ipanda50,1134
iPanda50/37_xinger/37_v009_f001920.jpg,37,ipanda50,1134
iPanda50/37_xinger/37_v009_f002000.jpg,37,ipanda50,1134
iPanda50/37_xinger/37_v009_f002155.jpg,37,ipanda50,1134
iPanda50/37_xinger/37_v009_f002530.jpg,37,ipanda50,1134
iPanda50/37_xinger/37_v009_f002760.jpg,37,ipanda50,1134
iPanda50/37_xinger/37_v009_f003020.jpg,37,ipanda50,1134
iPanda50/37_xinger/37_v009_f003545.jpg,37,ipanda50,1134
iPanda50/37_xinger/37_v010_f000005.jpg,37,ipanda50,1135
iPanda50/37_xinger/37_v010_f000140.jpg,37,ipanda50,1135
iPanda50/37_xinger/37_v010_f000155.jpg,37,ipanda50,1135
iPanda50/37_xinger/37_v010_f001610.jpg,37,ipanda50,1135
iPanda50/37_xinger/37_v010_f001905.jpg,37,ipanda50,1135
iPanda50/37_xinger/37_v010_f003205.jpg,37,ipanda50,1135
iPanda50/37_xinger/37_v010_f004470.jpg,37,ipanda50,1135
iPanda50/37_xinger/37_v010_f005255.jpg,37,ipanda50,1135
iPanda50/37_xinger/37_v010_f005740.jpg,37,ipanda50,1135
iPanda50/37_xinger/37_v013_f000005.jpg,37,ipanda50,1136
iPanda50/37_xinger/37_v013_f000115.jpg,37,ipanda50,1136
iPanda50/37_xinger/37_v014_f000190.jpg,37,ipanda50,1137
iPanda50/37_xinger/37_v014_f000240.jpg,37,ipanda50,1137
iPanda50/37_xinger/37_v014_f000280.jpg,37,ipanda50,1137
iPanda50/37_xinger/37_v014_f000380.jpg,37,ipanda50,1137
iPanda50/37_xinger/37_v014_f001780.jpg,37,ipanda50,1137
iPanda50/37_xinger/37_v015_f000050.jpg,37,ipanda50,1138
iPanda50/37_xinger/37_v015_f000165.jpg,37,ipanda50,1138
iPanda50/37_xinger/37_v015_f000930.jpg,37,ipanda50,1138
iPanda50/37_xinger/37_v015_f002430.jpg,37,ipanda50,1138
iPanda50/37_xinger/37_v016_f000005.jpg,37,ipanda50,1139
iPanda50/37_xinger/37_v016_f000395.jpg,37,ipanda50,1139
iPanda50/37_xinger/37_v016_f000455.jpg,37,ipanda50,1139
iPanda50/37_xinger/37_v016_f000580.jpg,37,ipanda50,1139
iPanda50/37_xinger/37_v016_f000675.jpg,37,ipanda50,1139
iPanda50/37_xinger/37_v016_f000720.jpg,37,ipanda50,1139
iPanda50/37_xinger/37_v016_f000865.jpg,37,ipanda50,1139
iPanda50/37_xinger/37_v018_f000005.jpg,37,ipanda50,1140
iPanda50/37_xinger/37_v019_f000020.jpg,37,ipanda50,1141
iPanda50/37_xinger/37_v019_f000060.jpg,37,ipanda50,1141
iPanda50/37_xinger/37_v019_f000155.jpg,37,ipanda50,1141
iPanda50/37_xinger/37_v019_f001340.jpg,37,ipanda50,1141
iPanda50/37_xinger/37_v021_f000045.jpg,37,ipanda50,1142
iPanda50/37_xinger/37_v021_f000165.jpg,37,ipanda50,1142
iPanda50/37_xinger/37_v021_f000265.jpg,37,ipanda50,1142
iPanda50/37_xinger/37_v022_f000005.jpg,37,ipanda50,1143
iPanda50/37_xinger/37_v022_f000025.jpg,37,ipanda50,1143
iPanda50/37_xinger/37_v022_f001050.jpg,37,ipanda50,1143
iPanda50/37_xinger/37_v022_f001160.jpg,37,ipanda50,1143
iPanda50/37_xinger/37_v023_f000415.jpg,37,ipanda50,1144
iPanda50/37_xinger/37_v024_f000210.jpg,37,ipanda50,1145
iPanda50/37_xinger/37_v024_f001585.jpg,37,ipanda50,1145
iPanda50/37_xinger/37_v028_f000035.jpg,37,ipanda50,1146
iPanda50/37_xinger/37_v028_f000150.jpg,37,ipanda50,1146
iPanda50/37_xinger/37_v028_f000245.jpg,37,ipanda50,1146
iPanda50/37_xinger/37_v028_f000395.jpg,37,ipanda50,1146
iPanda50/37_xinger/37_v028_f000525.jpg,37,ipanda50,1146
iPanda50/37_xinger/37_v028_f000770.jpg,37,ipanda50,1146
iPanda50/37_xinger/37_v028_f001050.jpg,37,ipanda50,1146
iPanda50/37_xinger/37_v028_f001290.jpg,37,ipanda50,1146
iPanda50/37_xinger/37_v028_f001335.jpg,37,ipanda50,1146
iPanda50/37_xinger/37_v030_f001530.jpg,37,ipanda50,1147
iPanda50/37_xinger/37_v030_f002210.jpg,37,ipanda50,1147
iPanda50/37_xinger/37_v030_f003525.jpg,37,ipanda50,1147
iPanda50/37_xinger/37_v030_f003790.jpg,37,ipanda50,1147
iPanda50/37_xinger/37_v030_f003960.jpg,37,ipanda50,1147
iPanda50/37_xinger/37_v030_f004000.jpg,37,ipanda50,1147
iPanda50/37_xinger/37_v030_f004120.jpg,37,ipanda50,1147
iPanda50/37_xinger/37_v030_f004250.jpg,37,ipanda50,1147
iPanda50/37_xinger/37_v030_f004400.jpg,37,ipanda50,1147
iPanda50/37_xinger/37_v030_f004960.jpg,37,ipanda50,1147
iPanda50/37_xinger/37_v030_f005100.jpg,37,ipanda50,1147
iPanda50/37_xinger/37_v030_f005325.jpg,37,ipanda50,1147
iPanda50/37_xinger/37_v030_f005375.jpg,37,ipanda50,1147
iPanda50/37_xinger/37_v030_f005400.jpg,37,ipanda50,1147
iPanda50/37_xinger/37_v030_f005465.jpg,37,ipanda50,1147
iPanda50/37_xinger/37_v030_f005630.jpg,37,ipanda50,1147
iPanda50/37_xinger/37_v030_f005945.jpg,37,ipanda50,1147
iPanda50/37_xinger/37_v030_f006040.jpg,37,ipanda50,1147
iPanda50/37_xinger/37_v030_f006800.jpg,37,ipanda50,1147
iPanda50/37_xinger/37_v030_f006925.jpg,37,ipanda50,1147
iPanda50/37_xinger/37_v030_f007170.jpg,37,ipanda50,1147
iPanda50/37_xinger/37_v030_f008620.jpg,37,ipanda50,1147
iPanda50/37_xinger/37_v030_f010660.jpg,37,ipanda50,1147
iPanda50/37_xinger/37_v031_f001180.jpg,37,ipanda50,1148
iPanda50/37_xinger/37_v032_f000580.jpg,37,ipanda50,1149
iPanda50/37_xinger/37_v032_f000845.jpg,37,ipanda50,1149
iPanda50/37_xinger/37_v032_f001260.jpg,37,ipanda50,1149
iPanda50/37_xinger/37_v032_f002745.jpg,37,ipanda50,1149
iPanda50/37_xinger/37_v032_f002895.jpg,37,ipanda50,1149
iPanda50/37_xinger/37_v032_f003035.jpg,37,ipanda50,1149
iPanda50/37_xinger/37_v033_f000005.jpg,37,ipanda50,1150
iPanda50/37_xinger/37_v033_f000070.jpg,37,ipanda50,1150
iPanda50/37_xinger/37_v033_f001750.jpg,37,ipanda50,1150
iPanda50/37_xinger/37_v035_f001275.jpg,37,ipanda50,1151
iPanda50/37_xinger/37_v035_f001555.jpg,37,ipanda50,1151
iPanda50/37_xinger/37_v035_f002750.jpg,37,ipanda50,1151
iPanda50/37_xinger/37_v035_f003185.jpg,37,ipanda50,1151
iPanda50/37_xinger/37_v036_f000005.jpg,37,ipanda50,1152
iPanda50/37_xinger/37_v036_f000305.jpg,37,ipanda50,1152
iPanda50/37_xinger/37_v037_f000315.jpg,37,ipanda50,1153
iPanda50/37_xinger/37_v037_f000355.jpg,37,ipanda50,1153
iPanda50/37_xinger/37_v037_f000450.jpg,37,ipanda50,1153
iPanda50/37_xinger/37_v037_f000590.jpg,37,ipanda50,1153
iPanda50/37_xinger/37_v037_f000675.jpg,37,ipanda50,1153
iPanda50/37_xinger/37_v037_f000830.jpg,37,ipanda50,1153
iPanda50/37_xinger/37_v038_f000210.jpg,37,ipanda50,1154
iPanda50/37_xinger/37_v038_f000255.jpg,37,ipanda50,1154
iPanda50/37_xinger/37_v038_f000670.jpg,37,ipanda50,1154
iPanda50/37_xinger/37_v038_f000845.jpg,37,ipanda50,1154
iPanda50/37_xinger/37_v038_f000930.jpg,37,ipanda50,1154
iPanda50/37_xinger/37_v038_f001170.jpg,37,ipanda50,1154
iPanda50/37_xinger/37_v038_f001205.jpg,37,ipanda50,1154
iPanda50/37_xinger/37_v038_f001265.jpg,37,ipanda50,1154
iPanda50/37_xinger/37_v038_f001350.jpg,37,ipanda50,1154
iPanda50/37_xinger/37_v038_f001370.jpg,37,ipanda50,1154
iPanda50/37_xinger/37_v038_f001495.jpg,37,ipanda50,1154
iPanda50/37_xinger/37_v040_f000275.jpg,37,ipanda50,1155
iPanda50/37_xinger/37_v040_f000405.jpg,37,ipanda50,1155
iPanda50/37_xinger/37_v040_f000425.jpg,37,ipanda50,1155
iPanda50/37_xinger/37_v040_f000560.jpg,37,ipanda50,1155
iPanda50/37_xinger/37_v040_f000685.jpg,37,ipanda50,1155
iPanda50/37_xinger/37_v040_f000765.jpg,37,ipanda50,1155
iPanda50/37_xinger/37_v041_f000070.jpg,37,ipanda50,1156
iPanda50/37_xinger/37_v041_f000445.jpg,37,ipanda50,1156
iPanda50/37_xinger/37_v041_f000900.jpg,37,ipanda50,1156
iPanda50/37_xinger/37_v041_f001380.jpg,37,ipanda50,1156
iPanda50/40_xingrong/40_v018_f000001.jpg,40,ipanda50,1206
iPanda50/40_xingrong/40_v023_f000895.jpg,40,ipanda50,1207
iPanda50/40_xingrong/40_v025_f000001.jpg,40,ipanda50,1208
iPanda50/40_xingrong/40_v025_f000625.jpg,40,ipanda50,1208
iPanda50/40_xingrong/40_v032_f000001.jpg,40,ipanda50,1209
iPanda50/40_xingrong/40_v034_f000075.jpg,40,ipanda50,1210
iPanda50/40_xingrong/40_v034_f000255.jpg,40,ipanda50,1210
iPanda50/40_xingrong/40_v034_f000995.jpg,40,ipanda50,1210
iPanda50/40_xingrong/40_v034_f005285.jpg,40,ipanda50,1210
iPanda50/40_xingrong/40_v034_f005425.jpg,40,ipanda50,1210
iPanda50/40_xingrong/40_v034_f005545.jpg,40,ipanda50,1210
iPanda50/40_xingrong/40_v035_f000001.jpg,40,ipanda50,1211
iPanda50/40_xingrong/40_v036_f000001.jpg,40,ipanda50,1212
iPanda50/40_xingrong/40_v036_f009665.jpg,40,ipanda50,1212
iPanda50/40_xingrong/40_v050_f000001.jpg,40,ipanda50,1213
iPanda50/40_xingrong/40_v052_f000295.jpg,40,ipanda50,1214
iPanda50/40_xingrong/40_v052_f000665.jpg,40,ipanda50,1214
iPanda50/40_xingrong/40_v052_f000970.jpg,40,ipanda50,1214
iPanda50/40_xingrong/40_v052_f001680.jpg,40,ipanda50,1214
iPanda50/40_xingrong/40_v052_f001845.jpg,40,ipanda50,1214
iPanda50/40_xingrong/40_v052_f002150.jpg,40,ipanda50,1214
iPanda50/40_xingrong/40_v061_f000001.jpg,40,ipanda50,1215
iPanda50/40_xingrong/40_v061_f002370.jpg,40,ipanda50,1215
iPanda50/40_xingrong/40_v062_f000001.jpg,40,ipanda50,1216
iPanda50/40_xingrong/40_v067_f000001.jpg,40,ipanda50,1217
iPanda50/40_xingrong/40_v069_f000001.jpg,40,ipanda50,1218
iPanda50/40_xingrong/40_v069_f000060.jpg,40,ipanda50,1218
iPanda50/40_xingrong/40_v069_f000220.jpg,40,ipanda50,1218
iPanda50/40_xingrong/40_v069_f000425.jpg,40,ipanda50,1218
iPanda50/40_xingrong/40_v069_f000500.jpg,40,ipanda50,1218
iPanda50/40_xingrong/40_v069_f000725.jpg,40,ipanda50,1218
iPanda50/40_xingrong/40_v069_f000805.jpg,40,ipanda50,1218
iPanda50/40_xingrong/40_v069_f000830.jpg,40,ipanda50,1218
iPanda50/40_xingrong/40_v071_f000480.jpg,40,ipanda50,1219
iPanda50/40_xingrong/40_v071_f000540.jpg,40,ipanda50,1219
iPanda50/40_xingrong/40_v072_f000325.jpg,40,ipanda50,1220
iPanda50/40_xingrong/40_v072_f000420.jpg,40,ipanda50,1220
iPanda50/40_xingrong/40_v072_f000445.jpg,40,ipanda50,1220
iPanda50/40_xingrong/40_v072_f000495.jpg,40,ipanda50,1220
iPanda50/40_xingrong/40_v072_f006780.jpg,40,ipanda50,1220
iPanda50/40_xingrong/40_v072_f007620.jpg,40,ipanda50,1220
iPanda50/40_xingrong/40_v075_f007005.jpg,40,ipanda50,1221
iPanda50/40_xingrong/40_v076_f000001.jpg,40,ipanda50,1222
iPanda50/40_xingrong/40_v076_f009070.jpg,40,ipanda50,1222
iPanda50/40_xingrong/40_v079_f000615.jpg,40,ipanda50,1223
iPanda50/40_xingrong/40_v079_f001765.jpg,40,ipanda50,1223
iPanda50/40_xingrong/40_v079_f001855.jpg,40,ipanda50,1223
iPanda50/40_xingrong/40_v079_f004470.jpg,40,ipanda50,1223
iPanda50/40_xingrong/40_v085_f000060.jpg,40,ipanda50,1224
iPanda50/40_xingrong/40_v085_f000225.jpg,40,ipanda50,1224
iPanda50/40_xingrong/40_v086_f000001.jpg,40,ipanda50,1225
iPanda50/40_xingrong/40_v088_f000001.jpg,40,ipanda50,1226
iPanda50/40_xingrong/40_v088_f004340.jpg,40,ipanda50,1226
iPanda50/40_xingrong/40_v088_f004390.jpg,40,ipanda50,1226
iPanda50/40_xingrong/40_v099_f000515.jpg,40,ipanda50,1227
iPanda50/40_xingrong/40_v099_f000970.jpg,40,ipanda50,1227
iPanda50/40_xingrong/40_v103_f002080.jpg,40,ipanda50,1228
iPanda50/40_xingrong/40_v103_f002220.jpg,40,ipanda50,1228
iPanda50/40_xingrong/40_v107_f001615.jpg,40,ipanda50,1229
iPanda50/40_xingrong/40_v107_f004930.jpg,40,ipanda50,1229
iPanda50/40_xingrong/40_v107_f006715.jpg,40,ipanda50,1229
iPanda50/40_xingrong/40_v112_f000605.jpg,40,ipanda50,1230
iPanda50/40_xingrong/40_v112_f007030.jpg,40,ipanda50,1230
iPanda50/40_xingrong/40_v112_f007330.jpg,40,ipanda50,1230
iPanda50/40_xingrong/40_v113_f000220.jpg,40,ipanda50,1231
iPanda50/40_xingrong/40_v113_f000285.jpg,40,ipanda50,1231
iPanda50/40_xingrong/40_v116_f002205.jpg,40,ipanda50,1232
iPanda50/40_xingrong/40_v146_f000160.jpg,40,ipanda50,1233
iPanda50/40_xingrong/40_v146_f000400.jpg,40,ipanda50,1233
iPanda50/40_xingrong/40_v146_f000430.jpg,40,ipanda50,1233
iPanda50/40_xingrong/40_v146_f000455.jpg,40,ipanda50,1233
iPanda50/40_xingrong/40_v146_f000505.jpg,40,ipanda50,1233
iPanda50/40_xingrong/40_v146_f000520.jpg,40,ipanda50,1233
iPanda50/40_xingrong/40_v146_f000540.jpg,40,ipanda50,1233
iPanda50/40_xingrong/40_v146_f000750.jpg,40,ipanda50,1233
iPanda50/40_xingrong/40_v159_f000160.jpg,40,ipanda50,1234
iPanda50/40_xingrong/40_v159_f000490.jpg,40,ipanda50,1234
iPanda50/40_xingrong/40_v159_f000620.jpg,40,ipanda50,1234
iPanda50/40_xingrong/40_v166_f000001.jpg,40,ipanda50,1235
iPanda50/40_xingrong/40_v166_f000080.jpg,40,ipanda50,1235
iPanda50/40_xingrong/40_v171_f000225.jpg,40,ipanda50,1236
iPanda50/40_xingrong/40_v172_f000005.jpg,40,ipanda50,1237
iPanda50/40_xingrong/40_v172_f000320.jpg,40,ipanda50,1237
iPanda50/40_xingrong/40_v172_f000705.jpg,40,ipanda50,1237
iPanda50/40_xingrong/40_v183_f000125.jpg,40,ipanda50,1238
iPanda50/40_xingrong/40_v183_f000325.jpg,40,ipanda50,1238
iPanda50/40_xingrong/40_v202_f000001.jpg,40,ipanda50,1239
iPanda50/40_xingrong/40_v202_f000240.jpg,40,ipanda50,1239
iPanda50/40_xingrong/40_v202_f000345.jpg,40,ipanda50,1239
iPanda50/41_xingxiao/41_v002_f000005.jpg,41,ipanda50,1240
iPanda50/41_xingxiao/41_v005_f000005.jpg,41,ipanda50,1241
iPanda50/41_xingxiao/41_v005_f000105.jpg,41,ipanda50,1241
iPanda50/41_xingxiao/41_v005_f000205.jpg,41,ipanda50,1241
iPanda50/41_xingxiao/41_v005_f002145.jpg,41,ipanda50,1241
iPanda50/41_xingxiao/41_v005_f003100.jpg,41,ipanda50,1241
iPanda50/41_xingxiao/41_v005_f003460.jpg,41,ipanda50,1241
iPanda50/41_xingxiao/41_v006_f000005.jpg,41,ipanda50,1242
iPanda50/41_xingxiao/41_v007_f000150.jpg,41,ipanda50,1243
iPanda50/41_xingxiao/41_v007_f000235.jpg,41,ipanda50,1243
iPanda50/41_xingxiao/41_v007_f000295.jpg,41,ipanda50,1243
iPanda50/41_xingxiao/41_v007_f001500.jpg,41,ipanda50,1243
iPanda50/41_xingxiao/41_v007_f002540.jpg,41,ipanda50,1243
iPanda50/41_xingxiao/41_v008_f000060.jpg,41,ipanda50,1244
iPanda50/41_xingxiao/41_v008_f000590.jpg,41,ipanda50,1244
iPanda50/41_xingxiao/41_v009_f000435.jpg,41,ipanda50,1245
iPanda50/41_xingxiao/41_v009_f000630.jpg,41,ipanda50,1245
iPanda50/41_xingxiao/41_v009_f000725.jpg,41,ipanda50,1245
iPanda50/41_xingxiao/41_v009_f000905.jpg,41,ipanda50,1245
iPanda50/41_xingxiao/41_v009_f001095.jpg,41,ipanda50,1245
iPanda50/41_xingxiao/41_v010_f000250.jpg,41,ipanda50,1246
iPanda50/41_xingxiao/41_v010_f001500.jpg,41,ipanda50,1246
iPanda50/41_xingxiao/41_v012_f000035.jpg,41,ipanda50,1247
iPanda50/41_xingxiao/41_v012_f000525.jpg,41,ipanda50,1247
iPanda50/41_xingxiao/41_v012_f001435.jpg,41,ipanda50,1247
iPanda50/41_xingxiao/41_v013_f000455.jpg,41,ipanda50,1248
iPanda50/41_xingxiao/41_v013_f000980.jpg,41,ipanda50,1248
iPanda50/41_xingxiao/41_v013_f003505.jpg,41,ipanda50,1248
iPanda50/41_xingxiao/41_v013_f003730.jpg,41,ipanda50,1248
iPanda50/41_xingxiao/41_v013_f004805.jpg,41,ipanda50,1248
iPanda50/41_xingxiao/41_v013_f006320.jpg,41,ipanda50,1248
iPanda50/41_xingxiao/41_v015_f000305.jpg,41,ipanda50,1249
iPanda50/41_xingxiao/41_v015_f000390.jpg,41,ipanda50,1249
iPanda50/41_xingxiao/41_v015_f000470.jpg,41,ipanda50,1249
iPanda50/41_xingxiao/41_v015_f000645.jpg,41,ipanda50,1249
iPanda50/41_xingxiao/41_v015_f000665.jpg,41,ipanda50,1249
iPanda50/41_xingxiao/41_v015_f000810.jpg,41,ipanda50,1249
iPanda50/41_xingxiao/41_v016_f002150.jpg,41,ipanda50,1250
iPanda50/41_xingxiao/41_v017_f000365.jpg,41,ipanda50,1251
iPanda50/41_xingxiao/41_v017_f002865.jpg,41,ipanda50,1251
iPanda50/41_xingxiao/41_v018_f000585.jpg,41,ipanda50,1252
iPanda50/41_xingxiao/41_v018_f000675.jpg,41,ipanda50,1252
iPanda50/41_xingxiao/41_v019_f000005.jpg,41,ipanda50,1253
iPanda50/41_xingxiao/41_v019_f000730.jpg,41,ipanda50,1253
iPanda50/41_xingxiao/41_v019_f000750.jpg,41,ipanda50,1253
iPanda50/41_xingxiao/41_v020_f000005.jpg,41,ipanda50,1254
iPanda50/41_xingxiao/41_v020_f000170.jpg,41,ipanda50,1254
iPanda50/41_xingxiao/41_v020_f000855.jpg,41,ipanda50,1254
iPanda50/41_xingxiao/41_v020_f001115.jpg,41,ipanda50,1254
iPanda50/41_xingxiao/41_v020_f001480.jpg,41,ipanda50,1254
iPanda50/41_xingxiao/41_v020_f001955.jpg,41,ipanda50,1254
iPanda50/41_xingxiao/41_v020_f002055.jpg,41,ipanda50,1254
iPanda50/41_xingxiao/41_v020_f002130.jpg,41,ipanda50,1254
iPanda50/41_xingxiao/41_v020_f002550.jpg,41,ipanda50,1254
iPanda50/41_xingxiao/41_v020_f002655.jpg,41,ipanda50,1254
iPanda50/41_xingxiao/41_v020_f003430.jpg,41,ipanda50,1254
iPanda50/41_xingxiao/41_v020_f003590.jpg,41,ipanda50,1254
iPanda50/41_xingxiao/41_v020_f003655.jpg,41,ipanda50,1254
iPanda50/41_xingxiao/41_v020_f003705.jpg,41,ipanda50,1254
iPanda50/41_xingxiao/41_v020_f006375.jpg,41,ipanda50,1254
iPanda50/41_xingxiao/41_v020_f006680.jpg,41,ipanda50,1254
iPanda50/41_xingxiao/41_v022_f002670.jpg,41,ipanda50,1255
iPanda50/41_xingxiao/41_v023_f000060.jpg,41,ipanda50,1256
iPanda50/41_xingxiao/41_v023_f002405.jpg,41,ipanda50,1256
iPanda50/41_xingxiao/41_v026_f000920.jpg,41,ipanda50,1257
iPanda50/41_xingxiao/41_v026_f001080.jpg,41,ipanda50,1257
iPanda50/41_xingxiao/41_v026_f001170.jpg,41,ipanda50,1257
iPanda50/41_xingxiao/41_v026_f001230.jpg,41,ipanda50,1257
iPanda50/41_xingxiao/41_v026_f001330.jpg,41,ipanda50,1257
iPanda50/41_xingxiao/41_v027_f000160.jpg,41,ipanda50,1258
iPanda50/41_xingxiao/41_v027_f001475.jpg,41,ipanda50,1258
iPanda50/41_xingxiao/41_v028_f000055.jpg,41,ipanda50,1259
iPanda50/41_xingxiao/41_v028_f000255.jpg,41,ipanda50,1259
iPanda50/41_xingxiao/41_v028_f001880.jpg,41,ipanda50,1259
iPanda50/41_xingxiao/41_v028_f002180.jpg,41,ipanda50,1259
iPanda50/41_xingxiao/41_v028_f002380.jpg,41,ipanda50,1259
iPanda50/41_xingxiao/41_v028_f002690.jpg,41,ipanda50,1259
iPanda50/41_xingxiao/41_v030_f001180.jpg,41,ipanda50,1260
iPanda50/41_xingxiao/41_v031_f000060.jpg,41,ipanda50,1261
iPanda50/41_xingxiao/41_v031_f001680.jpg,41,ipanda50,1261
iPanda50/41_xingxiao/41_v031_f002360.jpg,41,ipanda50,1261
iPanda50/41_xingxiao/41_v031_f002900.jpg,41,ipanda50,1261
iPanda50/41_xingxiao/41_v031_f003740.jpg,41,ipanda50,1261
iPanda50/41_xingxiao/41_v031_f004030.jpg,41,ipanda50,1261
iPanda50/41_xingxiao/41_v031_f004395.jpg,41,ipanda50,1261
iPanda50/41_xingxiao/41_v031_f004640.jpg,41,ipanda50,1261
iPanda50/41_xingxiao/41_v032_f000055.jpg,41,ipanda50,1262
iPanda50/41_xingxiao/41_v032_f004420.jpg,41,ipanda50,1262
iPanda50/41_xingxiao/41_v033_f000255.jpg,41,ipanda50,1263
iPanda50/41_xingxiao/41_v033_f000335.jpg,41,ipanda50,1263
iPanda50/41_xingxiao/41_v033_f001215.jpg,41,ipanda50,1263
iPanda50/41_xingxiao/41_v033_f001295.jpg,41,ipanda50,1263
iPanda50/41_xingxiao/41_v034_f000005.jpg,41,ipanda50,1264
iPanda50/41_xingxiao/41_v035_f000005.jpg,41,ipanda50,1265
iPanda50/41_xingxiao/41_v035_f001615.jpg,41,ipanda50,1265
iPanda50/41_xingxiao/41_v036_f000005.jpg,41,ipanda50,1266
iPanda50/41_xingxiao/41_v036_f002225.jpg,41,ipanda50,1266
iPanda50/41_xingxiao/41_v036_f002910.jpg,41,ipanda50,1266
iPanda50/41_xingxiao/41_v037_f000415.jpg,41,ipanda50,1267
iPanda50/41_xingxiao/41_v037_f006760.jpg,41,ipanda50,1267
iPanda50/41_xingxiao/41_v037_f007200.jpg,41,ipanda50,1267
iPanda50/41_xingxiao/41_v041_f000110.jpg,41,ipanda50,1268
iPanda50/41_xingxiao/41_v041_f002095.jpg,41,ipanda50,1268
iPanda50/41_xingxiao/41_v041_f005625.jpg,41,ipanda50,1268
iPanda50/41_xingxiao/41_v043_f000005.jpg,41,ipanda50,1269
iPanda50/41_xingxiao/41_v044_f000375.jpg,41,ipanda50,1270
iPanda50/41_xingxiao/41_v044_f000795.jpg,41,ipanda50,1270
iPanda50/41_xingxiao/41_v044_f001560.jpg,41,ipanda50,1270
iPanda50/41_xingxiao/41_v044_f003210.jpg,41,ipanda50,1270
iPanda50/41_xingxiao/41_v044_f004805.jpg,41,ipanda50,1270
iPanda50/41_xingxiao/41_v044_f005825.jpg,41,ipanda50,1270
iPanda50/41_xingxiao/41_v044_f016215.jpg,41,ipanda50,1270
iPanda50/41_xingxiao/41_v044_f025930.jpg,41,ipanda50,1270
iPanda50/41_xingxiao/41_v044_f027690.jpg,41,ipanda50,1270
iPanda50/41_xingxiao/41_v044_f027980.jpg,41,ipanda50,1270
iPanda50/41_xingxiao/41_v044_f028045.jpg,41,ipanda50,1270
iPanda50/41_xingxiao/41_v044_f028180.jpg,41,ipanda50,1270
iPanda50/41_xingxiao/41_v044_f028250.jpg,41,ipanda50,1270
iPanda50/41_xingxiao/41_v044_f029530.jpg,41,ipanda50,1270
iPanda50/41_xingxiao/41_v044_f030000.jpg,41,ipanda50,1270
iPanda50/41_xingxiao/41_v046_f000085.jpg,41,ipanda50,1271
iPanda50/41_xingxiao/41_v046_f000170.jpg,41,ipanda50,1271
iPanda50/41_xingxiao/41_v046_f002805.jpg,41,ipanda50,1271
iPanda50/41_xingxiao/41_v046_f003655.jpg,41,ipanda50,1271
iPanda50/41_xingxiao/41_v046_f007225.jpg,41,ipanda50,1271
iPanda50/41_xingxiao/41_v048_f000480.jpg,41,ipanda50,1272
iPanda50/41_xingxiao/41_v048_f000935.jpg,41,ipanda50,1272
iPanda50/41_xingxiao/41_v048_f002355.jpg,41,ipanda50,1272
iPanda50/41_xingxiao/41_v051_f000090.jpg,41,ipanda50,1273
iPanda50/41_xingxiao/41_v051_f003560.jpg,41,ipanda50,1273
iPanda50/41_xingxiao/41_v052_f000460.jpg,41,ipanda50,1274
iPanda50/41_xingxiao/41_v052_f000495.jpg,41,ipanda50,1274
iPanda50/41_xingxiao/41_v052_f000880.jpg,41,ipanda50,1274
iPanda50/41_xingxiao/41_v052_f000930.jpg,41,ipanda50,1274
iPanda50/41_xingxiao/41_v052_f001055.jpg,41,ipanda50,1274
iPanda50/41_xingxiao/41_v052_f001280.jpg,41,ipanda50,1274
iPanda50/41_xingxiao/41_v052_f001675.jpg,41,ipanda50,1274
iPanda50/41_xingxiao/41_v052_f001710.jpg,41,ipanda50,1274
iPanda50/41_xingxiao/41_v052_f001730.jpg,41,ipanda50,1274
iPanda50/41_xingxiao/41_v052_f002630.jpg,41,ipanda50,1274
iPanda50/41_xingxiao/41_v055_f000005.jpg,41,ipanda50,1275
iPanda50/41_xingxiao/41_v058_f000005.jpg,41,ipanda50,1276
iPanda50/41_xingxiao/41_v059_f000070.jpg,41,ipanda50,1277
iPanda50/41_xingxiao/41_v059_f000345.jpg,41,ipanda50,1277
iPanda50/41_xingxiao/41_v059_f000405.jpg,41,ipanda50,1277
iPanda50/41_xingxiao/41_v059_f000910.jpg,41,ipanda50,1277
iPanda50/41_xingxiao/41_v064_f000005.jpg,41,ipanda50,1278
iPanda50/41_xingxiao/41_v064_f000200.jpg,41,ipanda50,1278
iPanda50/41_xingxiao/41_v064_f000305.jpg,41,ipanda50,1278
iPanda50/41_xingxiao/41_v064_f000490.jpg,41,ipanda50,1278
iPanda50/41_xingxiao/41_v064_f000695.jpg,41,ipanda50,1278
iPanda50/41_xingxiao/41_v064_f000815.jpg,41,ipanda50,1278
iPanda50/41_xingxiao/41_v065_f000510.jpg,41,ipanda50,1279
iPanda50/41_xingxiao/41_v065_f000660.jpg,41,ipanda50,1279
iPanda50/41_xingxiao/41_v065_f000835.jpg,41,ipanda50,1279
iPanda50/41_xingxiao/41_v065_f001670.jpg,41,ipanda50,1279
iPanda50/41_xingxiao/41_v072_f000005.jpg,41,ipanda50,1280
iPanda50/41_xingxiao/41_v072_f002970.jpg,41,ipanda50,1280
iPanda50/42_xingyi/42_v001_f000680.jpg,42,ipanda50,1281
iPanda50/42_xingyi/42_v001_f001125.jpg,42,ipanda50,1281
iPanda50/42_xingyi/42_v001_f001255.jpg,42,ipanda50,1281
iPanda50/42_xingyi/42_v002_f000005.jpg,42,ipanda50,1282
iPanda50/42_xingyi/42_v003_f000435.jpg,42,ipanda50,1283
iPanda50/42_xingyi/42_v003_f000905.jpg,42,ipanda50,1283
iPanda50/42_xingyi/42_v003_f000945.jpg,42,ipanda50,1283
iPanda50/42_xingyi/42_v004_f000115.jpg,42,ipanda50,1284
iPanda50/42_xingyi/42_v004_f000510.jpg,42,ipanda50,1284
iPanda50/42_xingyi/42_v004_f000605.jpg,42,ipanda50,1284
iPanda50/42_xingyi/42_v004_f000685.jpg,42,ipanda50,1284
iPanda50/42_xingyi/42_v005_f000005.jpg,42,ipanda50,1285
iPanda50/42_xingyi/42_v005_f000235.jpg,42,ipanda50,1285
iPanda50/42_xingyi/42_v005_f001485.jpg,42,ipanda50,1285
iPanda50/42_xingyi/42_v005_f001615.jpg,42,ipanda50,1285
iPanda50/42_xingyi/42_v005_f001810.jpg,42,ipanda50,1285
iPanda50/42_xingyi/42_v005_f002090.jpg,42,ipanda50,1285
iPanda50/42_xingyi/42_v005_f002905.jpg,42,ipanda50,1285
iPanda50/42_xingyi/42_v006_f000005.jpg,42,ipanda50,1286
iPanda50/42_xingyi/42_v007_f000405.jpg,42,ipanda50,1287
iPanda50/42_xingyi/42_v007_f000700.jpg,42,ipanda50,1287
iPanda50/42_xingyi/42_v007_f000730.jpg,42,ipanda50,1287
iPanda50/42_xingyi/42_v008_f000005.jpg,42,ipanda50,1288
iPanda50/42_xingyi/42_v009_f000005.jpg,42,ipanda50,1289
iPanda50/42_xingyi/42_v010_f000005.jpg,42,ipanda50,1290
iPanda50/42_xingyi/42_v010_f000480.jpg,42,ipanda50,1290
iPanda50/42_xingyi/42_v010_f001155.jpg,42,ipanda50,1290
iPanda50/42_xingyi/42_v010_f001330.jpg,42,ipanda50,1290
iPanda50/42_xingyi/42_v010_f001400.jpg,42,ipanda50,1290
iPanda50/42_xingyi/42_v010_f001435.jpg,42,ipanda50,1290
iPanda50/42_xingyi/42_v011_f000005.jpg,42,ipanda50,1291
iPanda50/42_xingyi/42_v011_f001175.jpg,42,ipanda50,1291
iPanda50/42_xingyi/42_v011_f001735.jpg,42,ipanda50,1291
iPanda50/42_xingyi/42_v012_f000005.jpg,42,ipanda50,1292
iPanda50/42_xingyi/42_v012_f000555.jpg,42,ipanda50,1292
iPanda50/42_xingyi/42_v013_f000005.jpg,42,ipanda50,1293
iPanda50/42_xingyi/42_v013_f000780.jpg,42,ipanda50,1293
iPanda50/42_xingyi/42_v013_f000905.jpg,42,ipanda50,1293
iPanda50/42_xingyi/42_v013_f001395.jpg,42,ipanda50,1293
iPanda50/42_xingyi/42_v013_f001480.jpg,42,ipanda50,1293
iPanda50/42_xingyi/42_v014_f000005.jpg,42,ipanda50,1294
iPanda50/42_xingyi/42_v014_f000170.jpg,42,ipanda50,1294
iPanda50/42_xingyi/42_v014_f000360.jpg,42,ipanda50,1294
iPanda50/42_xingyi/42_v014_f000455.jpg,42,ipanda50,1294
iPanda50/42_xingyi/42_v014_f000540.jpg,42,ipanda50,1294
iPanda50/42_xingyi/42_v014_f000650.jpg,42,ipanda50,1294
iPanda50/42_xingyi/42_v014_f001230.jpg,42,ipanda50,1294
iPanda50/42_xingyi/42_v016_f000005.jpg,42,ipanda50,1295
iPanda50/42_xingyi/42_v016_f001740.jpg,42,ipanda50,1295
iPanda50/42_xingyi/42_v017_f000640.jpg,42,ipanda50,1296
iPanda50/42_xingyi/42_v018_f000005.jpg,42,ipanda50,1297
iPanda50/42_xingyi/42_v019_f000830.jpg,42,ipanda50,1298
iPanda50/42_xingyi/42_v021_f000005.jpg,42,ipanda50,1299
iPanda50/42_xingyi/42_v021_f000200.jpg,42,ipanda50,1299
iPanda50/42_xingyi/42_v021_f000965.jpg,42,ipanda50,1299
iPanda50/42_xingyi/42_v021_f001105.jpg,42,ipanda50,1299
iPanda50/42_xingyi/42_v021_f001335.jpg,42,ipanda50,1299
iPanda50/42_xingyi/42_v022_f000005.jpg,42,ipanda50,1300
iPanda50/42_xingyi/42_v022_f000690.jpg,42,ipanda50,1300
iPanda50/49_yuanrun/49_20150206-085020_幼年园_园润倒退下坡，思一连忙追赶_595.jpg,49,ipanda50,1604
iPanda50/49_yuanrun/49_20150206-085020_幼年园_园润倒退下坡，思一连忙追赶_665.jpg,49,ipanda50,1604
iPanda50/49_yuanrun/49_20150303-110300_س×ؤê_ش°بَ±كؤسر÷±ك؟ذيµيµئ¨¹ة_1.jpg,49,ipanda50,1605
iPanda50/49_yuanrun/49_20150303-110300_س×ؤê_ش°بَ±كؤسر÷±ك؟ذيµيµئ¨¹ة_1655.jpg,49,ipanda50,1605
iPanda50/49_yuanrun/49_20150303-110300_س×ؤê_ش°بَ±كؤسر÷±ك؟ذيµيµئ¨¹ة_2080.jpg,49,ipanda50,1605
iPanda50/49_yuanrun/49_20150303-110300_س×ؤê_ش°بَ±كؤسر÷±ك؟ذيµيµئ¨¹ة_925.jpg,49,ipanda50,1605
iPanda50/49_yuanrun/49_20150401-101005_س×ؤêش°_ش°بَ؟ة°®أبأبث¯×ث_1.jpg,49,ipanda50,1606
iPanda50/49_yuanrun/49_20150401-101005_س×ؤêش°_ش°بَ؟ة°®أبأبث¯×ث_355.jpg,49,ipanda50,1606
iPanda50/49_yuanrun/49_20150401-101005_س×ؤêش°_ش°بَ؟ة°®أبأبث¯×ث_380.jpg,49,ipanda50,1606
iPanda50/49_yuanrun/49_20150401-101005_س×ؤêش°_ش°بَ؟ة°®أبأبث¯×ث_75.jpg,49,ipanda50,1606
iPanda50/49_yuanrun/49_20150403-094000_幼年园_园润_找竹笋吃找到了奥莉奥的身上_1.jpg,49,ipanda50,1607
iPanda50/49_yuanrun/49_20150403-094000_幼年园_园润_找竹笋吃找到了奥莉奥的身上_1035.jpg,49,ipanda50,1607
iPanda50/49_yuanrun/49_20150403-094000_幼年园_园润_找竹笋吃找到了奥莉奥的身上_1430.jpg,49,ipanda50,1607
iPanda50/49_yuanrun/49_20150403-094000_幼年园_园润_找竹笋吃找到了奥莉奥的身上_1890.jpg,49,ipanda50,1607
iPanda50/49_yuanrun/49_20150403-094000_幼年园_园润_找竹笋吃找到了奥莉奥的身上_190.jpg,49,ipanda50,1607
iPanda50/49_yuanrun/49_20150403-094000_幼年园_园润_找竹笋吃找到了奥莉奥的身上_2185.jpg,49,ipanda50,1607
iPanda50/49_yuanrun/49_20150403-094000_幼年园_园润_找竹笋吃找到了奥莉奥的身上_2295.jpg,49,ipanda50,1607
iPanda50/49_yuanrun/49_20150403-094000_幼年园_园润_找竹笋吃找到了奥莉奥的身上_2335.jpg,49,ipanda50,1607
iPanda50/49_yuanrun/49_v001_f000005.jpg,49,ipanda50,1608
iPanda50/49_yuanrun/49_v001_f000210.jpg,49,ipanda50,1608
iPanda50/49_yuanrun/49_v001_f000770.jpg,49,ipanda50,1608
iPanda50/49_yuanrun/49_v001_f002130.jpg,49,ipanda50,1608
iPanda50/49_yuanrun/49_v001_f002175.jpg,49,ipanda50,1608
iPanda50/49_yuanrun/49_v001_f002300.jpg,49,ipanda50,1608
iPanda50/49_yuanrun/49_v001_f002495.jpg,49,ipanda50,1608
iPanda50/49_yuanrun/49_v001_f002825.jpg,49,ipanda50,1608
iPanda50/49_yuanrun/49_v001_f002850.jpg,49,ipanda50,1608
iPanda50/49_yuanrun/49_v001_f003050.jpg,49,ipanda50,1608
iPanda50/49_yuanrun/49_v001_f004450.jpg,49,ipanda50,1608
iPanda50/49_yuanrun/49_v001_f004825.jpg,49,ipanda50,1608
iPanda50/49_yuanrun/49_v006_f000001.jpg,49,ipanda50,1609
iPanda50/49_yuanrun/49_v006_f001400.jpg,49,ipanda50,1609
iPanda50/49_yuanrun/49_v006_f001585.jpg,49,ipanda50,1609
iPanda50/49_yuanrun/49_v008_f000001.jpg,49,ipanda50,1610
iPanda50/49_yuanrun/49_v008_f001720.jpg,49,ipanda50,1610
iPanda50/49_yuanrun/49_v008_f003795.jpg,49,ipanda50,1610
iPanda50/49_yuanrun/49_v008_f004655.jpg,49,ipanda50,1610
iPanda50/49_yuanrun/49_v009_f000001.jpg,49,ipanda50,1611
iPanda50/49_yuanrun/49_v012_f000005.jpg,49,ipanda50,1612
iPanda50/49_yuanrun/49_v012_f000060.jpg,49,ipanda50,1612
iPanda50/49_yuanrun/49_v012_f000365.jpg,49,ipanda50,1612
iPanda50/49_yuanrun/49_v012_f000690.jpg,49,ipanda50,1612
iPanda50/49_yuanrun/49_v012_f000780.jpg,49,ipanda50,1612
iPanda50/49_yuanrun/49_v012_f000955.jpg,49,ipanda50,1612
iPanda50/49_yuanrun/49_v016_f002125.jpg,49,ipanda50,1613
iPanda50/49_yuanrun/49_v016_f002945.jpg,49,ipanda50,1613
iPanda50/49_yuanrun/49_v016_f003355.jpg,49,ipanda50,1613
iPanda50/49_yuanrun/49_v017_f001440.jpg,49,ipanda50,1614
iPanda50/49_yuanrun/49_v018_f000005.jpg,49,ipanda50,1615
iPanda50/49_yuanrun/49_v018_f000465.jpg,49,ipanda50,1615
iPanda50/49_yuanrun/49_v018_f000960.jpg,49,ipanda50,1615
iPanda50/49_yuanrun/49_v021_f000035.jpg,49,ipanda50,1616
iPanda50/49_yuanrun/49_v021_f000075.jpg,49,ipanda50,1616
iPanda50/49_yuanrun/49_v021_f000415.jpg,49,ipanda50,1616
iPanda50/49_yuanrun/49_v021_f000490.jpg,49,ipanda50,1616
iPanda50/49_yuanrun/49_v021_f001150.jpg,49,ipanda50,1616
iPanda50/49_yuanrun/49_v021_f001180.jpg,49,ipanda50,1616
iPanda50/49_yuanrun/49_v021_f001495.jpg,49,ipanda50,1616
