path,original_pid,source_dataset,camid
market1501/bounding_box_train/0100_c1s1_016851_02.jpg,100,market1501,0
market1501/bounding_box_train/0100_c1s1_016876_02.jpg,100,market1501,0
market1501/bounding_box_train/0100_c1s1_016901_01.jpg,100,market1501,0
market1501/bounding_box_train/0100_c1s1_016901_02.jpg,100,market1501,0
market1501/bounding_box_train/0100_c1s1_016926_01.jpg,100,market1501,0
market1501/bounding_box_train/0100_c1s1_016926_03.jpg,100,market1501,0
market1501/bounding_box_train/0100_c1s5_014111_01.jpg,100,market1501,0
market1501/bounding_box_train/0100_c1s5_014111_10.jpg,100,market1501,0
market1501/bounding_box_train/0100_c1s5_014136_01.jpg,100,market1501,0
market1501/bounding_box_train/0100_c1s5_059166_01.jpg,100,market1501,0
market1501/bounding_box_train/0100_c1s5_059191_01.jpg,100,market1501,0
market1501/bounding_box_train/0100_c1s5_059241_04.jpg,100,market1501,0
market1501/bounding_box_train/0100_c2s1_016276_01.jpg,100,market1501,1
market1501/bounding_box_train/0100_c2s1_016326_01.jpg,100,market1501,1
market1501/bounding_box_train/0100_c2s2_146627_02.jpg,100,market1501,1
market1501/bounding_box_train/0100_c2s2_146652_03.jpg,100,market1501,1
market1501/bounding_box_train/0100_c2s3_026557_04.jpg,100,market1501,1
market1501/bounding_box_train/0100_c3s1_016576_01.jpg,100,market1501,2
market1501/bounding_box_train/0100_c3s1_016601_02.jpg,100,market1501,2
market1501/bounding_box_train/0100_c3s2_149244_01.jpg,100,market1501,2
market1501/bounding_box_train/0100_c3s2_149269_01.jpg,100,market1501,2
market1501/bounding_box_train/0100_c3s2_149294_01.jpg,100,market1501,2
market1501/bounding_box_train/0100_c3s2_149469_02.jpg,100,market1501,2
market1501/bounding_box_train/0100_c4s1_017176_01.jpg,100,market1501,3
market1501/bounding_box_train/0100_c4s1_017226_02.jpg,100,market1501,3
market1501/bounding_box_train/0100_c4s5_013329_01.jpg,100,market1501,3
market1501/bounding_box_train/0100_c4s5_013354_01.jpg,100,market1501,3
market1501/bounding_box_train/0100_c4s5_059610_01.jpg,100,market1501,3
market1501/bounding_box_train/0100_c5s1_016776_02.jpg,100,market1501,4
market1501/bounding_box_train/0100_c5s1_016976_01.jpg,100,market1501,4
market1501/bounding_box_train/0100_c5s1_016976_03.jpg,100,market1501,4
market1501/bounding_box_train/0100_c5s1_017051_01.jpg,100,market1501,4
market1501/bounding_box_train/0100_c5s1_017226_02.jpg,100,market1501,4
market1501/bounding_box_train/0100_c5s1_017301_01.jpg,100,market1501,4
market1501/bounding_box_train/0100_c5s1_017351_02.jpg,100,market1501,4
market1501/bounding_box_train/0100_c5s2_149724_01.jpg,100,market1501,4
market1501/bounding_box_train/0100_c5s2_149749_02.jpg,100,market1501,4
market1501/bounding_box_train/0100_c5s2_149799_02.jpg,100,market1501,4
market1501/bounding_box_train/0100_c5s2_149799_07.jpg,100,market1501,4
market1501/bounding_box_train/0100_c6s1_017101_01.jpg,100,market1501,5
market1501/bounding_box_train/0100_c6s1_017126_02.jpg,100,market1501,5
market1501/bounding_box_train/0100_c6s1_017151_02.jpg,100,market1501,5
market1501/bounding_box_train/0100_c6s3_011117_03.jpg,100,market1501,5
market1501/bounding_box_train/0100_c6s3_056817_01.jpg,100,market1501,5
market1501/bounding_box_train/1003_c1s4_068586_01.jpg,1003,market1501,0
market1501/bounding_box_train/1003_c1s4_068611_01.jpg,1003,market1501,0
market1501/bounding_box_train/1003_c1s5_003361_01.jpg,1003,market1501,0
market1501/bounding_box_train/1003_c1s5_003411_02.jpg,1003,market1501,0
market1501/bounding_box_train/1003_c2s2_126027_01.jpg,1003,market1501,1
market1501/bounding_box_train/1003_c2s2_126052_01.jpg,1003,market1501,1
market1501/bounding_box_train/1003_c2s2_126052_06.jpg,1003,market1501,1
market1501/bounding_box_train/1003_c2s2_126127_01.jpg,1003,market1501,1
market1501/bounding_box_train/1003_c3s2_129269_01.jpg,1003,market1501,2
market1501/bounding_box_train/1003_c3s2_129319_01.jpg,1003,market1501,2
market1501/bounding_box_train/1003_c3s2_129344_01.jpg,1003,market1501,2
market1501/bounding_box_train/1003_c3s2_138519_04.jpg,1003,market1501,2
market1501/bounding_box_train/1003_c3s2_138569_03.jpg,1003,market1501,2
market1501/bounding_box_train/1003_c4s5_003154_01.jpg,1003,market1501,3
market1501/bounding_box_train/1003_c4s5_003179_03.jpg,1003,market1501,3
market1501/bounding_box_train/1003_c5s2_129599_01.jpg,1003,market1501,4
market1501/bounding_box_train/1003_c5s2_139224_03.jpg,1003,market1501,4
market1501/bounding_box_train/1003_c5s2_139274_01.jpg,1003,market1501,4
market1501/bounding_box_train/1003_c6s2_123518_02.jpg,1003,market1501,5
market1501/bounding_box_train/1003_c6s2_123543_02.jpg,1003,market1501,5
market1501/bounding_box_train/1003_c6s2_123593_01.jpg,1003,market1501,5
market1501/bounding_box_train/1003_c6s3_000317_01.jpg,1003,market1501,5
market1501/bounding_box_train/1003_c6s3_000367_02.jpg,1003,market1501,5
market1501/bounding_box_train/1003_c6s3_000392_01.jpg,1003,market1501,5
market1501/bounding_box_train/1003_c6s3_000467_01.jpg,1003,market1501,5
market1501/bounding_box_train/1007_c1s4_069736_04.jpg,1007,market1501,0
market1501/bounding_box_train/1007_c1s4_069761_03.jpg,1007,market1501,0
market1501/bounding_box_train/1007_c1s4_069886_02.jpg,1007,market1501,0
market1501/bounding_box_train/1007_c1s4_070336_01.jpg,1007,market1501,0
market1501/bounding_box_train/1007_c1s4_070336_12.jpg,1007,market1501,0
market1501/bounding_box_train/1007_c1s4_070436_02.jpg,1007,market1501,0
market1501/bounding_box_train/1007_c2s2_127977_06.jpg,1007,market1501,1
market1501/bounding_box_train/1007_c2s2_128052_06.jpg,1007,market1501,1
market1501/bounding_box_train/1007_c3s2_130019_02.jpg,1007,market1501,2
market1501/bounding_box_train/1007_c3s2_130144_01.jpg,1007,market1501,2
market1501/bounding_box_train/1007_c3s2_130169_03.jpg,1007,market1501,2
market1501/bounding_box_train/1007_c5s2_130749_01.jpg,1007,market1501,4
market1501/bounding_box_train/1007_c5s2_131424_05.jpg,1007,market1501,4
market1501/bounding_box_train/1007_c6s2_124193_02.jpg,1007,market1501,5
market1501/bounding_box_train/1007_c6s2_124193_04.jpg,1007,market1501,5
market1501/bounding_box_train/1007_c6s2_124268_04.jpg,1007,market1501,5
market1501/bounding_box_train/1007_c6s2_124268_05.jpg,1007,market1501,5
market1501/bounding_box_train/1011_c1s4_070336_06.jpg,1011,market1501,0
market1501/bounding_box_train/1011_c1s4_070386_04.jpg,1011,market1501,0
market1501/bounding_box_train/1011_c1s4_070436_04.jpg,1011,market1501,0
market1501/bounding_box_train/1011_c2s2_127927_03.jpg,1011,market1501,1
market1501/bounding_box_train/1011_c2s2_127977_04.jpg,1011,market1501,1
market1501/bounding_box_train/1011_c3s2_130319_05.jpg,1011,market1501,2
market1501/bounding_box_train/1011_c3s2_130344_09.jpg,1011,market1501,2
market1501/bounding_box_train/1011_c3s2_130444_02.jpg,1011,market1501,2
market1501/bounding_box_train/1011_c6s2_124543_05.jpg,1011,market1501,5
market1501/bounding_box_train/1011_c6s2_124593_05.jpg,1011,market1501,5
market1501/bounding_box_train/1030_c1s4_073211_04.jpg,1030,market1501,0
market1501/bounding_box_train/1030_c1s4_073261_06.jpg,1030,market1501,0
market1501/bounding_box_train/1030_c1s4_073361_05.jpg,1030,market1501,0
market1501/bounding_box_train/1030_c2s2_130827_09.jpg,1030,market1501,1
market1501/bounding_box_train/1030_c3s2_133394_06.jpg,1030,market1501,2
market1501/bounding_box_train/1030_c3s2_133469_06.jpg,1030,market1501,2
market1501/bounding_box_train/1030_c3s2_133494_03.jpg,1030,market1501,2
market1501/bounding_box_train/1030_c5s2_134149_06.jpg,1030,market1501,4
market1501/bounding_box_train/1030_c6s2_127518_02.jpg,1030,market1501,5
market1501/bounding_box_train/1030_c6s2_127618_04.jpg,1030,market1501,5
market1501/bounding_box_train/1039_c2s2_131227_05.jpg,1039,market1501,1
market1501/bounding_box_train/1039_c2s2_131252_05.jpg,1039,market1501,1
market1501/bounding_box_train/1039_c2s2_131277_04.jpg,1039,market1501,1
market1501/bounding_box_train/1039_c3s2_133994_05.jpg,1039,market1501,2
market1501/bounding_box_train/1039_c3s2_134019_10.jpg,1039,market1501,2
market1501/bounding_box_train/1039_c6s2_128093_01.jpg,1039,market1501,5
market1501/bounding_box_train/1048_c2s2_133102_02.jpg,1048,market1501,1
market1501/bounding_box_train/1048_c3s2_135869_02.jpg,1048,market1501,2
market1501/bounding_box_train/1048_c3s2_135894_02.jpg,1048,market1501,2
market1501/bounding_box_train/1048_c6s2_129993_02.jpg,1048,market1501,5
market1501/bounding_box_train/1048_c6s2_130018_01.jpg,1048,market1501,5
market1501/bounding_box_train/1049_c3s2_135844_01.jpg,1049,market1501,2
market1501/bounding_box_train/1049_c3s2_135869_01.jpg,1049,market1501,2
market1501/bounding_box_train/1049_c6s2_129943_01.jpg,1049,market1501,5
market1501/bounding_box_train/1049_c6s2_129968_01.jpg,1049,market1501,5
market1501/bounding_box_train/1049_c6s2_129993_01.jpg,1049,market1501,5
market1501/bounding_box_train/1052_c1s5_001436_03.jpg,1052,market1501,0
market1501/bounding_box_train/1052_c1s5_007036_01.jpg,1052,market1501,0
market1501/bounding_box_train/1052_c1s5_007061_01.jpg,1052,market1501,0
market1501/bounding_box_train/1052_c1s5_007486_02.jpg,1052,market1501,0
market1501/bounding_box_train/1052_c1s5_007536_01.jpg,1052,market1501,0
market1501/bounding_box_train/1052_c1s5_007636_02.jpg,1052,market1501,0
market1501/bounding_box_train/1052_c3s2_136844_01.jpg,1052,market1501,2
market1501/bounding_box_train/1052_c3s2_136994_04.jpg,1052,market1501,2
market1501/bounding_box_train/1052_c3s2_142369_01.jpg,1052,market1501,2
market1501/bounding_box_train/1052_c3s2_142469_01.jpg,1052,market1501,2
market1501/bounding_box_train/1052_c3s2_143144_05.jpg,1052,market1501,2
market1501/bounding_box_train/1052_c5s2_137424_02.jpg,1052,market1501,4
market1501/bounding_box_train/1052_c5s2_137499_03.jpg,1052,market1501,4
market1501/bounding_box_train/1052_c5s2_142974_01.jpg,1052,market1501,4
market1501/bounding_box_train/1052_c5s2_143024_01.jpg,1052,market1501,4
market1501/bounding_box_train/1052_c5s2_143199_02.jpg,1052,market1501,4
market1501/bounding_box_train/1052_c5s2_143474_01.jpg,1052,market1501,4
market1501/bounding_box_train/1052_c6s2_131118_01.jpg,1052,market1501,5
market1501/bounding_box_train/1052_c6s2_131143_01.jpg,1052,market1501,5
market1501/bounding_box_train/1052_c6s2_131168_01.jpg,1052,market1501,5
market1501/bounding_box_train/1052_c6s2_131168_04.jpg,1052,market1501,5
market1501/bounding_box_train/1052_c6s3_004217_01.jpg,1052,market1501,5
market1501/bounding_box_train/1052_c6s3_004242_01.jpg,1052,market1501,5
market1501/bounding_box_train/1052_c6s3_004367_01.jpg,1052,market1501,5
market1501/bounding_box_train/1052_c6s3_004417_01.jpg,1052,market1501,5
market1501/bounding_box_train/1052_c6s3_004417_02.jpg,1052,market1501,5
market1501/bounding_box_train/1066_c1s5_007111_02.jpg,1066,market1501,0
market1501/bounding_box_train/1066_c1s5_007111_04.jpg,1066,market1501,0
market1501/bounding_box_train/1066_c1s5_007136_04.jpg,1066,market1501,0
market1501/bounding_box_train/1066_c3s2_142569_01.jpg,1066,market1501,2
market1501/bounding_box_train/1066_c3s2_142694_01.jpg,1066,market1501,2
market1501/bounding_box_train/1066_c3s2_142794_01.jpg,1066,market1501,2
market1501/bounding_box_train/1066_c5s2_143199_11.jpg,1066,market1501,4
market1501/bounding_box_train/1066_c6s3_004642_01.jpg,1066,market1501,5
market1501/bounding_box_train/1066_c6s3_004642_05.jpg,1066,market1501,5
market1501/bounding_box_train/1066_c6s3_004667_01.jpg,1066,market1501,5
market1501/bounding_box_train/1066_c6s3_004692_01.jpg,1066,market1501,5
market1501/bounding_box_train/1066_c6s3_004717_01.jpg,1066,market1501,5
market1501/bounding_box_train/1066_c6s3_004717_02.jpg,1066,market1501,5
market1501/bounding_box_train/1066_c6s3_004742_01.jpg,1066,market1501,5
market1501/bounding_box_train/1072_c2s3_097677_01.jpg,1072,market1501,1
market1501/bounding_box_train/1072_c2s3_097777_01.jpg,1072,market1501,1
market1501/bounding_box_train/1072_c3s3_104094_06.jpg,1072,market1501,2
market1501/bounding_box_train/1072_c6s4_030552_07.jpg,1072,market1501,5
market1501/bounding_box_train/1072_c6s4_030577_09.jpg,1072,market1501,5
market1501/bounding_box_train/1076_c1s6_021546_04.jpg,1076,market1501,0
market1501/bounding_box_train/1076_c2s3_063952_02.jpg,1076,market1501,1
market1501/bounding_box_train/1076_c2s3_064027_01.jpg,1076,market1501,1
market1501/bounding_box_train/1076_c3s3_070369_03.jpg,1076,market1501,2
market1501/bounding_box_train/1076_c3s3_070394_04.jpg,1076,market1501,2
market1501/bounding_box_train/1076_c6s3_094192_02.jpg,1076,market1501,5
market1501/bounding_box_train/1094_c2s2_144877_01.jpg,1094,market1501,1
market1501/bounding_box_train/1094_c3s2_148094_02.jpg,1094,market1501,2
market1501/bounding_box_train/1094_c3s2_148169_03.jpg,1094,market1501,2
market1501/bounding_box_train/1094_c5s2_148474_02.jpg,1094,market1501,4
market1501/bounding_box_train/1094_c5s2_148499_05.jpg,1094,market1501,4
market1501/bounding_box_train/1094_c6s3_010067_01.jpg,1094,market1501,5
market1501/bounding_box_train/1094_c6s3_010092_01.jpg,1094,market1501,5
market1501/bounding_box_train/1094_c6s3_010117_01.jpg,1094,market1501,5
market1501/bounding_box_train/1096_c1s5_013261_01.jpg,1096,market1501,0
market1501/bounding_box_train/1096_c1s5_013361_02.jpg,1096,market1501,0
market1501/bounding_box_train/1096_c1s5_013386_02.jpg,1096,market1501,0
market1501/bounding_box_train/1096_c2s2_145677_01.jpg,1096,market1501,1
market1501/bounding_box_train/1096_c2s2_145702_03.jpg,1096,market1501,1
market1501/bounding_box_train/1096_c3s2_148794_01.jpg,1096,market1501,2
market1501/bounding_box_train/1096_c3s2_148894_02.jpg,1096,market1501,2
market1501/bounding_box_train/1096_c3s2_148919_03.jpg,1096,market1501,2
market1501/bounding_box_train/1096_c4s5_013554_01.jpg,1096,market1501,3
market1501/bounding_box_train/1096_c4s5_013629_02.jpg,1096,market1501,3
market1501/bounding_box_train/1096_c5s2_149449_01.jpg,1096,market1501,4
market1501/bounding_box_train/1096_c5s2_149449_03.jpg,1096,market1501,4
market1501/bounding_box_train/1096_c5s2_149599_03.jpg,1096,market1501,4
market1501/bounding_box_train/1096_c6s3_010842_01.jpg,1096,market1501,5
market1501/bounding_box_train/0110_c1s1_035326_01.jpg,110,market1501,0
market1501/bounding_box_train/0110_c1s1_035351_01.jpg,110,market1501,0
market1501/bounding_box_train/0110_c2s1_018001_01.jpg,110,market1501,1
market1501/bounding_box_train/0110_c2s1_018026_01.jpg,110,market1501,1
market1501/bounding_box_train/0110_c3s1_018226_01.jpg,110,market1501,2
market1501/bounding_box_train/0110_c3s1_018326_01.jpg,110,market1501,2
market1501/bounding_box_train/0110_c3s1_034476_01.jpg,110,market1501,2
market1501/bounding_box_train/0110_c3s1_034501_03.jpg,110,market1501,2
market1501/bounding_box_train/0110_c4s1_035126_01.jpg,110,market1501,3
market1501/bounding_box_train/0110_c5s1_035176_01.jpg,110,market1501,4
market1501/bounding_box_train/0110_c5s1_035201_01.jpg,110,market1501,4
market1501/bounding_box_train/0110_c5s1_035226_01.jpg,110,market1501,4
market1501/bounding_box_train/0110_c5s1_035276_01.jpg,110,market1501,4
market1501/bounding_box_train/0110_c5s1_035276_03.jpg,110,market1501,4
market1501/bounding_box_train/0110_c6s1_018801_01.jpg,110,market1501,5
market1501/bounding_box_train/0110_c6s1_018826_01.jpg,110,market1501,5
market1501/bounding_box_train/0110_c6s1_018851_01.jpg,110,market1501,5
market1501/bounding_box_train/0110_c6s1_018876_01.jpg,110,market1501,5
market1501/bounding_box_train/0110_c6s1_018876_05.jpg,110,market1501,5
market1501/bounding_box_train/0110_c6s1_018901_01.jpg,110,market1501,5
market1501/bounding_box_train/0110_c6s1_018926_01.jpg,110,market1501,5
market1501/bounding_box_train/0110_c6s1_018976_02.jpg,110,market1501,5
market1501/bounding_box_train/0110_c6s1_019001_01.jpg,110,market1501,5
market1501/bounding_box_train/0110_c6s1_019026_01.jpg,110,market1501,5
market1501/bounding_box_train/0110_c6s1_035001_02.jpg,110,market1501,5
market1501/bounding_box_train/0110_c6s1_035076_01.jpg,110,market1501,5
market1501/bounding_box_train/1100_c1s5_013861_01.jpg,1100,market1501,0
market1501/bounding_box_train/1100_c1s5_013886_01.jpg,1100,market1501,0
market1501/bounding_box_train/1100_c1s5_018561_01.jpg,1100,market1501,0
market1501/bounding_box_train/1100_c1s5_018686_01.jpg,1100,market1501,0
market1501/bounding_box_train/1100_c2s2_146302_01.jpg,1100,market1501,1
market1501/bounding_box_train/1100_c2s2_146327_01.jpg,1100,market1501,1
market1501/bounding_box_train/1100_c2s2_151177_01.jpg,1100,market1501,1
market1501/bounding_box_train/1100_c3s2_149419_05.jpg,1100,market1501,2
market1501/bounding_box_train/1100_c3s2_149469_03.jpg,1100,market1501,2
market1501/bounding_box_train/1100_c3s2_149494_05.jpg,1100,market1501,2
market1501/bounding_box_train/1100_c3s2_153844_04.jpg,1100,market1501,2
market1501/bounding_box_train/1100_c3s2_153869_01.jpg,1100,market1501,2
market1501/bounding_box_train/1100_c3s2_153994_01.jpg,1100,market1501,2
market1501/bounding_box_train/1100_c5s2_154549_01.jpg,1100,market1501,4
market1501/bounding_box_train/1100_c5s2_154549_02.jpg,1100,market1501,4
market1501/bounding_box_train/1100_c5s2_154624_01.jpg,1100,market1501,4
market1501/bounding_box_train/1100_c6s3_011392_05.jpg,1100,market1501,5
market1501/bounding_box_train/1100_c6s3_015717_01.jpg,1100,market1501,5
market1501/bounding_box_train/1100_c6s3_015767_02.jpg,1100,market1501,5
market1501/bounding_box_train/1106_c2s2_147227_02.jpg,1106,market1501,1
market1501/bounding_box_train/1106_c2s2_147252_01.jpg,1106,market1501,1
market1501/bounding_box_train/1106_c2s2_147302_01.jpg,1106,market1501,1
market1501/bounding_box_train/1106_c2s2_147302_06.jpg,1106,market1501,1
market1501/bounding_box_train/1106_c2s2_158677_01.jpg,1106,market1501,1
market1501/bounding_box_train/1106_c2s2_158677_06.jpg,1106,market1501,1
market1501/bounding_box_train/1106_c2s2_158702_04.jpg,1106,market1501,1
market1501/bounding_box_train/1106_c2s2_158802_01.jpg,1106,market1501,1
market1501/bounding_box_train/1106_c2s2_158802_08.jpg,1106,market1501,1
market1501/bounding_box_train/1106_c3s2_150419_02.jpg,1106,market1501,2
market1501/bounding_box_train/1106_c3s2_150444_02.jpg,1106,market1501,2
market1501/bounding_box_train/1106_c3s2_150494_01.jpg,1106,market1501,2
market1501/bounding_box_train/1106_c3s2_161244_07.jpg,1106,market1501,2
market1501/bounding_box_train/1106_c6s3_012442_01.jpg,1106,market1501,5
market1501/bounding_box_train/1106_c6s3_012467_04.jpg,1106,market1501,5
market1501/bounding_box_train/1106_c6s3_023092_04.jpg,1106,market1501,5
market1501/bounding_box_train/1106_c6s3_023142_04.jpg,1106,market1501,5
market1501/bounding_box_train/1113_c1s5_016711_04.jpg,1113,market1501,0
market1501/bounding_box_train/1113_c1s5_016736_08.jpg,1113,market1501,0
market1501/bounding_box_train/1113_c2s2_149102_01.jpg,1113,market1501,1
market1501/bounding_box_train/1113_c2s2_149177_01.jpg,1113,market1501,1
market1501/bounding_box_train/1113_c3s2_151844_05.jpg,1113,market1501,2
market1501/bounding_box_train/1113_c3s2_151894_04.jpg,1113,market1501,2
market1501/bounding_box_train/1113_c5s2_152724_03.jpg,1113,market1501,4
market1501/bounding_box_train/1113_c6s3_013692_02.jpg,1113,market1501,5
market1501/bounding_box_train/1113_c6s3_013717_01.jpg,1113,market1501,5
market1501/bounding_box_train/1114_c2s2_149177_02.jpg,1114,market1501,1
market1501/bounding_box_train/1114_c2s2_154202_02.jpg,1114,market1501,1
market1501/bounding_box_train/1114_c3s2_152319_01.jpg,1114,market1501,2
market1501/bounding_box_train/1114_c3s2_152344_02.jpg,1114,market1501,2
market1501/bounding_box_train/1114_c3s2_152369_05.jpg,1114,market1501,2
market1501/bounding_box_train/1114_c3s2_157019_01.jpg,1114,market1501,2
market1501/bounding_box_train/1114_c6s3_014267_01.jpg,1114,market1501,5
market1501/bounding_box_train/1114_c6s3_014292_01.jpg,1114,market1501,5
market1501/bounding_box_train/1114_c6s3_018892_01.jpg,1114,market1501,5
market1501/bounding_box_train/1115_c1s5_017011_07.jpg,1115,market1501,0
market1501/bounding_box_train/1115_c1s5_017036_05.jpg,1115,market1501,0
market1501/bounding_box_train/1115_c2s2_149377_02.jpg,1115,market1501,1
market1501/bounding_box_train/1115_c2s2_149427_01.jpg,1115,market1501,1
market1501/bounding_box_train/1115_c2s2_159302_01.jpg,1115,market1501,1
market1501/bounding_box_train/1115_c2s2_159327_01.jpg,1115,market1501,1
market1501/bounding_box_train/1115_c3s2_152644_04.jpg,1115,market1501,2
market1501/bounding_box_train/1115_c3s2_152694_04.jpg,1115,market1501,2
market1501/bounding_box_train/1115_c3s3_000212_03.jpg,1115,market1501,2
market1501/bounding_box_train/1115_c3s3_000262_02.jpg,1115,market1501,2
market1501/bounding_box_train/1115_c5s2_152974_05.jpg,1115,market1501,4
market1501/bounding_box_train/1115_c6s3_014592_01.jpg,1115,market1501,5
market1501/bounding_box_train/1115_c6s3_014617_01.jpg,1115,market1501,5
market1501/bounding_box_train/1115_c6s3_023842_01.jpg,1115,market1501,5
market1501/bounding_box_train/1115_c6s3_023867_03.jpg,1115,market1501,5
market1501/bounding_box_train/1115_c6s3_023892_04.jpg,1115,market1501,5
market1501/bounding_box_train/1115_c6s3_023917_04.jpg,1115,market1501,5
market1501/bounding_box_train/1124_c1s5_021536_01.jpg,1124,market1501,0
market1501/bounding_box_train/1124_c1s5_021636_01.jpg,1124,market1501,0
market1501/bounding_box_train/1124_c1s5_021711_01.jpg,1124,market1501,0
market1501/bounding_box_train/1124_c2s2_153902_03.jpg,1124,market1501,1
market1501/bounding_box_train/1124_c2s2_153952_03.jpg,1124,market1501,1
market1501/bounding_box_train/1124_c3s2_157044_02.jpg,1124,market1501,2
market1501/bounding_box_train/1124_c3s2_157069_01.jpg,1124,market1501,2
market1501/bounding_box_train/1124_c3s2_157169_02.jpg,1124,market1501,2
market1501/bounding_box_train/1124_c4s5_021829_04.jpg,1124,market1501,3
market1501/bounding_box_train/1124_c4s5_021904_02.jpg,1124,market1501,3
market1501/bounding_box_train/1124_c4s5_021954_03.jpg,1124,market1501,3
market1501/bounding_box_train/1124_c5s2_157724_03.jpg,1124,market1501,4
market1501/bounding_box_train/1124_c5s2_157774_02.jpg,1124,market1501,4
market1501/bounding_box_train/1124_c5s2_157874_03.jpg,1124,market1501,4
market1501/bounding_box_train/1126_c1s5_021036_01.jpg,1126,market1501,0
market1501/bounding_box_train/1126_c1s5_021036_02.jpg,1126,market1501,0
market1501/bounding_box_train/1126_c1s5_021061_01.jpg,1126,market1501,0
market1501/bounding_box_train/1126_c1s5_028711_01.jpg,1126,market1501,0
market1501/bounding_box_train/1126_c1s5_028786_01.jpg,1126,market1501,0
market1501/bounding_box_train/1126_c3s2_156569_01.jpg,1126,market1501,2
market1501/bounding_box_train/1126_c3s3_002287_01.jpg,1126,market1501,2
market1501/bounding_box_train/1126_c3s3_002312_02.jpg,1126,market1501,2
market1501/bounding_box_train/1126_c5s2_156749_02.jpg,1126,market1501,4
market1501/bounding_box_train/1126_c5s2_157049_02.jpg,1126,market1501,4
market1501/bounding_box_train/1126_c5s2_157099_02.jpg,1126,market1501,4
market1501/bounding_box_train/1126_c5s2_157149_02.jpg,1126,market1501,4
market1501/bounding_box_train/1126_c5s3_002918_02.jpg,1126,market1501,4
market1501/bounding_box_train/1126_c5s3_002968_02.jpg,1126,market1501,4
market1501/bounding_box_train/1126_c6s3_018392_01.jpg,1126,market1501,5
market1501/bounding_box_train/1126_c6s3_018417_01.jpg,1126,market1501,5
market1501/bounding_box_train/1126_c6s3_018442_01.jpg,1126,market1501,5
market1501/bounding_box_train/1126_c6s3_018442_04.jpg,1126,market1501,5
market1501/bounding_box_train/1126_c6s3_018542_01.jpg,1126,market1501,5
market1501/bounding_box_train/1126_c6s3_018592_01.jpg,1126,market1501,5
market1501/bounding_box_train/1126_c6s3_025892_01.jpg,1126,market1501,5
market1501/bounding_box_train/1126_c6s3_025942_01.jpg,1126,market1501,5
market1501/bounding_box_train/1126_c6s3_026017_02.jpg,1126,market1501,5
market1501/bounding_box_train/1129_c1s6_033921_03.jpg,1129,market1501,0
market1501/bounding_box_train/1129_c2s3_076202_03.jpg,1129,market1501,1
market1501/bounding_box_train/1129_c2s3_076277_03.jpg,1129,market1501,1
market1501/bounding_box_train/1129_c2s3_076277_12.jpg,1129,market1501,1
market1501/bounding_box_train/1129_c2s3_076302_03.jpg,1129,market1501,1
market1501/bounding_box_train/1129_c2s3_076302_07.jpg,1129,market1501,1
market1501/bounding_box_train/1129_c2s3_076402_03.jpg,1129,market1501,1
market1501/bounding_box_train/1129_c3s3_082319_02.jpg,1129,market1501,2
market1501/bounding_box_train/1129_c3s3_082444_01.jpg,1129,market1501,2
market1501/bounding_box_train/1129_c3s3_082444_05.jpg,1129,market1501,2
market1501/bounding_box_train/1129_c3s3_082519_03.jpg,1129,market1501,2
market1501/bounding_box_train/1129_c3s3_082744_02.jpg,1129,market1501,2
market1501/bounding_box_train/1129_c5s3_082912_02.jpg,1129,market1501,4
market1501/bounding_box_train/1129_c5s3_083037_02.jpg,1129,market1501,4
market1501/bounding_box_train/1129_c6s4_009227_01.jpg,1129,market1501,5
market1501/bounding_box_train/1132_c1s6_022646_03.jpg,1132,market1501,0
market1501/bounding_box_train/1132_c1s6_029271_01.jpg,1132,market1501,0
market1501/bounding_box_train/1132_c2s3_065102_01.jpg,1132,market1501,1
market1501/bounding_box_train/1132_c2s3_065127_02.jpg,1132,market1501,1
market1501/bounding_box_train/1132_c2s3_065152_01.jpg,1132,market1501,1
market1501/bounding_box_train/1132_c2s3_071752_01.jpg,1132,market1501,1
market1501/bounding_box_train/1132_c2s3_071852_01.jpg,1132,market1501,1
market1501/bounding_box_train/1132_c3s3_071394_04.jpg,1132,market1501,2
market1501/bounding_box_train/1132_c3s3_071394_05.jpg,1132,market1501,2
market1501/bounding_box_train/1132_c3s3_071419_01.jpg,1132,market1501,2
market1501/bounding_box_train/1132_c3s3_077644_03.jpg,1132,market1501,2
market1501/bounding_box_train/1132_c5s3_071762_02.jpg,1132,market1501,4
market1501/bounding_box_train/1132_c6s3_095142_01.jpg,1132,market1501,5
market1501/bounding_box_train/1132_c6s3_095142_03.jpg,1132,market1501,5
market1501/bounding_box_train/1132_c6s3_095167_01.jpg,1132,market1501,5
market1501/bounding_box_train/0114_c2s3_071602_01.jpg,114,market1501,1
market1501/bounding_box_train/0114_c2s3_071702_01.jpg,114,market1501,1
market1501/bounding_box_train/0114_c2s3_071752_02.jpg,114,market1501,1
market1501/bounding_box_train/0114_c3s3_078044_05.jpg,114,market1501,2
market1501/bounding_box_train/0114_c3s3_078094_01.jpg,114,market1501,2
market1501/bounding_box_train/1140_c1s6_022221_01.jpg,1140,market1501,0
market1501/bounding_box_train/1140_c1s6_022296_01.jpg,1140,market1501,0
market1501/bounding_box_train/1140_c1s6_022346_01.jpg,1140,market1501,0
market1501/bounding_box_train/1140_c3s3_070869_01.jpg,1140,market1501,2
market1501/bounding_box_train/1140_c3s3_070894_01.jpg,1140,market1501,2
market1501/bounding_box_train/1140_c5s3_071387_03.jpg,1140,market1501,4
market1501/bounding_box_train/1140_c5s3_071537_02.jpg,1140,market1501,4
market1501/bounding_box_train/1140_c6s3_094767_01.jpg,1140,market1501,5
market1501/bounding_box_train/1140_c6s3_094792_01.jpg,1140,market1501,5
market1501/bounding_box_train/1142_c1s5_024411_02.jpg,1142,market1501,0
market1501/bounding_box_train/1142_c1s5_024511_01.jpg,1142,market1501,0
market1501/bounding_box_train/1142_c1s5_070116_03.jpg,1142,market1501,0
market1501/bounding_box_train/1142_c1s5_070166_04.jpg,1142,market1501,0
market1501/bounding_box_train/1142_c1s6_009966_02.jpg,1142,market1501,0
market1501/bounding_box_train/1142_c1s6_009991_01.jpg,1142,market1501,0
market1501/bounding_box_train/1142_c1s6_014996_02.jpg,1142,market1501,0
market1501/bounding_box_train/1142_c3s2_159969_02.jpg,1142,market1501,2
market1501/bounding_box_train/1142_c3s3_043603_04.jpg,1142,market1501,2
market1501/bounding_box_train/1142_c3s3_043678_03.jpg,1142,market1501,2
market1501/bounding_box_train/1142_c3s3_058653_02.jpg,1142,market1501,2
market1501/bounding_box_train/1142_c3s3_058753_03.jpg,1142,market1501,2
market1501/bounding_box_train/1142_c3s3_058778_03.jpg,1142,market1501,2
market1501/bounding_box_train/1142_c3s3_063444_03.jpg,1142,market1501,2
market1501/bounding_box_train/1142_c3s3_063494_01.jpg,1142,market1501,2
market1501/bounding_box_train/1142_c4s5_023279_02.jpg,1142,market1501,3
market1501/bounding_box_train/1142_c4s5_023379_01.jpg,1142,market1501,3
market1501/bounding_box_train/1142_c4s5_023579_03.jpg,1142,market1501,3
market1501/bounding_box_train/1142_c4s5_070160_01.jpg,1142,market1501,3
market1501/bounding_box_train/1142_c4s5_070160_02.jpg,1142,market1501,3
market1501/bounding_box_train/1142_c5s2_160424_05.jpg,1142,market1501,4
market1501/bounding_box_train/1142_c5s2_160524_04.jpg,1142,market1501,4
market1501/bounding_box_train/1142_c5s3_044290_02.jpg,1142,market1501,4
market1501/bounding_box_train/1142_c5s3_044365_02.jpg,1142,market1501,4
market1501/bounding_box_train/1142_c5s3_044390_02.jpg,1142,market1501,4
market1501/bounding_box_train/1142_c5s3_059165_03.jpg,1142,market1501,4
market1501/bounding_box_train/1142_c5s3_064137_01.jpg,1142,market1501,4
market1501/bounding_box_train/1142_c5s3_064137_03.jpg,1142,market1501,4
market1501/bounding_box_train/1142_c6s3_021817_01.jpg,1142,market1501,5
market1501/bounding_box_train/1142_c6s3_021842_03.jpg,1142,market1501,5
market1501/bounding_box_train/1142_c6s3_021892_03.jpg,1142,market1501,5
market1501/bounding_box_train/1142_c6s3_021942_02.jpg,1142,market1501,5
market1501/bounding_box_train/1142_c6s3_021992_03.jpg,1142,market1501,5
market1501/bounding_box_train/1142_c6s3_067217_01.jpg,1142,market1501,5
market1501/bounding_box_train/1142_c6s3_067267_01.jpg,1142,market1501,5
market1501/bounding_box_train/1142_c6s3_067342_01.jpg,1142,market1501,5
market1501/bounding_box_train/1142_c6s3_067442_02.jpg,1142,market1501,5
market1501/bounding_box_train/1142_c6s3_082467_01.jpg,1142,market1501,5
market1501/bounding_box_train/1142_c6s3_087142_03.jpg,1142,market1501,5
market1501/bounding_box_train/1142_c6s3_087142_06.jpg,1142,market1501,5
market1501/bounding_box_train/1142_c6s3_087217_02.jpg,1142,market1501,5
market1501/bounding_box_train/1152_c1s5_026936_02.jpg,1152,market1501,0
market1501/bounding_box_train/1152_c1s5_026986_01.jpg,1152,market1501,0
market1501/bounding_box_train/1152_c1s5_044891_01.jpg,1152,market1501,0
market1501/bounding_box_train/1152_c1s5_044891_02.jpg,1152,market1501,0
market1501/bounding_box_train/1152_c1s5_044916_01.jpg,1152,market1501,0
market1501/bounding_box_train/1152_c2s3_012407_01.jpg,1152,market1501,1
market1501/bounding_box_train/1152_c3s3_000787_01.jpg,1152,market1501,2
market1501/bounding_box_train/1152_c3s3_018328_03.jpg,1152,market1501,2
market1501/bounding_box_train/1152_c4s5_026604_01.jpg,1152,market1501,3
market1501/bounding_box_train/1152_c4s5_026754_01.jpg,1152,market1501,3
market1501/bounding_box_train/1152_c4s5_026779_01.jpg,1152,market1501,3
market1501/bounding_box_train/1152_c4s5_026779_04.jpg,1152,market1501,3
market1501/bounding_box_train/1152_c4s5_045185_01.jpg,1152,market1501,3
market1501/bounding_box_train/1152_c4s5_045485_03.jpg,1152,market1501,3
market1501/bounding_box_train/1152_c5s3_001218_01.jpg,1152,market1501,4
market1501/bounding_box_train/1152_c5s3_001268_02.jpg,1152,market1501,4
market1501/bounding_box_train/1152_c5s3_001268_08.jpg,1152,market1501,4
market1501/bounding_box_train/1152_c6s3_024467_02.jpg,1152,market1501,5
market1501/bounding_box_train/1152_c6s3_024517_02.jpg,1152,market1501,5
market1501/bounding_box_train/1152_c6s3_024542_02.jpg,1152,market1501,5
market1501/bounding_box_train/1152_c6s3_041892_01.jpg,1152,market1501,5
market1501/bounding_box_train/1152_c6s3_041942_01.jpg,1152,market1501,5
market1501/bounding_box_train/1152_c6s3_041967_01.jpg,1152,market1501,5
market1501/bounding_box_train/1157_c1s6_039346_03.jpg,1157,market1501,0
market1501/bounding_box_train/1157_c2s3_081677_02.jpg,1157,market1501,1
market1501/bounding_box_train/1157_c2s3_081777_03.jpg,1157,market1501,1
market1501/bounding_box_train/1157_c2s3_081877_01.jpg,1157,market1501,1
market1501/bounding_box_train/1157_c3s3_087844_07.jpg,1157,market1501,2
market1501/bounding_box_train/1157_c3s3_088169_02.jpg,1157,market1501,2
market1501/bounding_box_train/1157_c5s3_088437_03.jpg,1157,market1501,4
market1501/bounding_box_train/1157_c5s3_088462_03.jpg,1157,market1501,4
market1501/bounding_box_train/1157_c6s4_014702_07.jpg,1157,market1501,5
market1501/bounding_box_train/1173_c1s5_031686_03.jpg,1173,market1501,0
market1501/bounding_box_train/1173_c1s5_048491_03.jpg,1173,market1501,0
market1501/bounding_box_train/1173_c1s5_048641_02.jpg,1173,market1501,0
market1501/bounding_box_train/1173_c1s5_048666_06.jpg,1173,market1501,0
market1501/bounding_box_train/1173_c2s2_164027_02.jpg,1173,market1501,1
market1501/bounding_box_train/1173_c2s2_164077_04.jpg,1173,market1501,1
market1501/bounding_box_train/1173_c2s3_016182_04.jpg,1173,market1501,1
market1501/bounding_box_train/1173_c2s3_016207_02.jpg,1173,market1501,1
market1501/bounding_box_train/1173_c3s3_005612_05.jpg,1173,market1501,2
market1501/bounding_box_train/1173_c3s3_005637_05.jpg,1173,market1501,2
market1501/bounding_box_train/1173_c3s3_021903_04.jpg,1173,market1501,2
market1501/bounding_box_train/1173_c3s3_022003_01.jpg,1173,market1501,2
market1501/bounding_box_train/1173_c4s5_047735_05.jpg,1173,market1501,3
market1501/bounding_box_train/1173_c4s5_047785_06.jpg,1173,market1501,3
market1501/bounding_box_train/1173_c4s5_047810_04.jpg,1173,market1501,3
market1501/bounding_box_train/1173_c5s3_005868_03.jpg,1173,market1501,4
market1501/bounding_box_train/1173_c5s3_022265_01.jpg,1173,market1501,4
market1501/bounding_box_train/1173_c5s3_022290_02.jpg,1173,market1501,4
market1501/bounding_box_train/1173_c5s3_022315_03.jpg,1173,market1501,4
market1501/bounding_box_train/1173_c5s3_022415_04.jpg,1173,market1501,4
market1501/bounding_box_train/1173_c5s3_022490_03.jpg,1173,market1501,4
market1501/bounding_box_train/1173_c5s3_022640_01.jpg,1173,market1501,4
market1501/bounding_box_train/1173_c6s3_029342_02.jpg,1173,market1501,5
market1501/bounding_box_train/1173_c6s3_029367_02.jpg,1173,market1501,5
market1501/bounding_box_train/1173_c6s3_045567_05.jpg,1173,market1501,5
market1501/bounding_box_train/1173_c6s3_045592_03.jpg,1173,market1501,5
market1501/bounding_box_train/1176_c1s5_032861_02.jpg,1176,market1501,0
market1501/bounding_box_train/1176_c1s5_032911_01.jpg,1176,market1501,0
market1501/bounding_box_train/1176_c1s5_045416_02.jpg,1176,market1501,0
market1501/bounding_box_train/1176_c3s3_006662_02.jpg,1176,market1501,2
market1501/bounding_box_train/1176_c3s3_006737_01.jpg,1176,market1501,2
market1501/bounding_box_train/1176_c3s3_018928_04.jpg,1176,market1501,2
market1501/bounding_box_train/1176_c3s3_018953_02.jpg,1176,market1501,2
market1501/bounding_box_train/1176_c4s5_032554_03.jpg,1176,market1501,3
market1501/bounding_box_train/1176_c4s5_032604_03.jpg,1176,market1501,3
market1501/bounding_box_train/1176_c4s5_045485_02.jpg,1176,market1501,3
market1501/bounding_box_train/1176_c4s5_045510_02.jpg,1176,market1501,3
market1501/bounding_box_train/1176_c4s5_045560_03.jpg,1176,market1501,3
market1501/bounding_box_train/1176_c5s3_007143_03.jpg,1176,market1501,4
market1501/bounding_box_train/1176_c5s3_007193_03.jpg,1176,market1501,4
market1501/bounding_box_train/1176_c5s3_019565_02.jpg,1176,market1501,4
market1501/bounding_box_train/1176_c5s3_019590_02.jpg,1176,market1501,4
market1501/bounding_box_train/1176_c6s3_030392_02.jpg,1176,market1501,5
market1501/bounding_box_train/1176_c6s3_030467_02.jpg,1176,market1501,5
market1501/bounding_box_train/1176_c6s3_030492_02.jpg,1176,market1501,5
market1501/bounding_box_train/1176_c6s3_042517_02.jpg,1176,market1501,5
market1501/bounding_box_train/1176_c6s3_042642_03.jpg,1176,market1501,5
market1501/bounding_box_train/1176_c6s3_042667_02.jpg,1176,market1501,5
market1501/bounding_box_train/1176_c6s3_042667_06.jpg,1176,market1501,5
market1501/bounding_box_train/1176_c6s3_042692_02.jpg,1176,market1501,5
market1501/bounding_box_train/1176_c6s3_042692_06.jpg,1176,market1501,5
market1501/bounding_box_train/1189_c1s6_042696_05.jpg,1189,market1501,0
market1501/bounding_box_train/1189_c2s3_085002_02.jpg,1189,market1501,1
market1501/bounding_box_train/1189_c2s3_085127_03.jpg,1189,market1501,1
market1501/bounding_box_train/1189_c3s3_091244_05.jpg,1189,market1501,2
market1501/bounding_box_train/1189_c3s3_091469_06.jpg,1189,market1501,2
market1501/bounding_box_train/1189_c5s3_091737_02.jpg,1189,market1501,4
market1501/bounding_box_train/1189_c5s3_091787_05.jpg,1189,market1501,4
market1501/bounding_box_train/1189_c6s4_018027_06.jpg,1189,market1501,5
market1501/bounding_box_train/1189_c6s4_018052_03.jpg,1189,market1501,5
market1501/bounding_box_train/1189_c6s4_018077_03.jpg,1189,market1501,5
market1501/bounding_box_train/1193_c1s5_035216_05.jpg,1193,market1501,0
market1501/bounding_box_train/1193_c1s5_035241_02.jpg,1193,market1501,0
market1501/bounding_box_train/1193_c1s5_035266_01.jpg,1193,market1501,0
market1501/bounding_box_train/1193_c1s5_069091_01.jpg,1193,market1501,0
market1501/bounding_box_train/1193_c1s5_069166_01.jpg,1193,market1501,0
market1501/bounding_box_train/1193_c2s3_002757_01.jpg,1193,market1501,1
market1501/bounding_box_train/1193_c2s3_002857_02.jpg,1193,market1501,1
market1501/bounding_box_train/1193_c2s3_002882_02.jpg,1193,market1501,1
market1501/bounding_box_train/1193_c2s3_036682_01.jpg,1193,market1501,1
market1501/bounding_box_train/1193_c3s3_009203_05.jpg,1193,market1501,2
market1501/bounding_box_train/1193_c3s3_009228_05.jpg,1193,market1501,2
market1501/bounding_box_train/1193_c3s3_009253_02.jpg,1193,market1501,2
market1501/bounding_box_train/1193_c3s3_042403_03.jpg,1193,market1501,2
market1501/bounding_box_train/1193_c3s3_042428_03.jpg,1193,market1501,2
market1501/bounding_box_train/1193_c5s3_009490_02.jpg,1193,market1501,4
market1501/bounding_box_train/1193_c6s3_033017_02.jpg,1193,market1501,5
market1501/bounding_box_train/1193_c6s3_066042_01.jpg,1193,market1501,5
market1501/bounding_box_train/1193_c6s3_066067_06.jpg,1193,market1501,5
market1501/bounding_box_train/1193_c6s3_066092_03.jpg,1193,market1501,5
market1501/bounding_box_train/1198_c1s5_037191_02.jpg,1198,market1501,0
market1501/bounding_box_train/1198_c1s5_037241_01.jpg,1198,market1501,0
market1501/bounding_box_train/1198_c1s5_037291_01.jpg,1198,market1501,0
market1501/bounding_box_train/1198_c2s3_004857_02.jpg,1198,market1501,1
market1501/bounding_box_train/1198_c2s3_004882_01.jpg,1198,market1501,1
market1501/bounding_box_train/1198_c2s3_004932_01.jpg,1198,market1501,1
market1501/bounding_box_train/1198_c3s3_010678_02.jpg,1198,market1501,2
market1501/bounding_box_train/1198_c3s3_010753_02.jpg,1198,market1501,2
market1501/bounding_box_train/1198_c3s3_010778_02.jpg,1198,market1501,2
market1501/bounding_box_train/1198_c6s3_034292_01.jpg,1198,market1501,5
market1501/bounding_box_train/1198_c6s3_034317_02.jpg,1198,market1501,5
market1501/bounding_box_train/1198_c6s3_034367_02.jpg,1198,market1501,5
market1501/bounding_box_train/1200_c1s5_037466_01.jpg,1200,market1501,0
market1501/bounding_box_train/1200_c1s5_037491_01.jpg,1200,market1501,0
market1501/bounding_box_train/1200_c1s5_037566_01.jpg,1200,market1501,0
market1501/bounding_box_train/1200_c1s5_037566_03.jpg,1200,market1501,0
market1501/bounding_box_train/1200_c1s5_037591_02.jpg,1200,market1501,0
market1501/bounding_box_train/1200_c2s3_004932_03.jpg,1200,market1501,1
market1501/bounding_box_train/1200_c2s3_005032_03.jpg,1200,market1501,1
market1501/bounding_box_train/1200_c3s3_011253_02.jpg,1200,market1501,2
market1501/bounding_box_train/1200_c3s3_011278_02.jpg,1200,market1501,2
market1501/bounding_box_train/1200_c3s3_011378_01.jpg,1200,market1501,2
market1501/bounding_box_train/1200_c4s5_037885_01.jpg,1200,market1501,3
market1501/bounding_box_train/1200_c4s5_037960_01.jpg,1200,market1501,3
market1501/bounding_box_train/1200_c4s5_037985_01.jpg,1200,market1501,3
market1501/bounding_box_train/1200_c5s3_011890_01.jpg,1200,market1501,4
market1501/bounding_box_train/1200_c5s3_011940_01.jpg,1200,market1501,4
market1501/bounding_box_train/1200_c5s3_012065_01.jpg,1200,market1501,4
market1501/bounding_box_train/1219_c1s6_043971_06.jpg,1219,market1501,0
market1501/bounding_box_train/1219_c2s3_086377_01.jpg,1219,market1501,1
market1501/bounding_box_train/1219_c2s3_086452_01.jpg,1219,market1501,1
market1501/bounding_box_train/1219_c2s3_086452_10.jpg,1219,market1501,1
market1501/bounding_box_train/1219_c2s3_086552_05.jpg,1219,market1501,1
market1501/bounding_box_train/1219_c3s3_092769_05.jpg,1219,market1501,2
market1501/bounding_box_train/1219_c3s3_092794_02.jpg,1219,market1501,2
market1501/bounding_box_train/1219_c5s3_093087_02.jpg,1219,market1501,4
market1501/bounding_box_train/1219_c6s4_019277_04.jpg,1219,market1501,5
market1501/bounding_box_train/1219_c6s4_019302_03.jpg,1219,market1501,5
market1501/bounding_box_train/1230_c1s5_041241_08.jpg,1230,market1501,0
market1501/bounding_box_train/1230_c1s5_041341_06.jpg,1230,market1501,0
market1501/bounding_box_train/1230_c1s5_041416_03.jpg,1230,market1501,0
market1501/bounding_box_train/1230_c2s3_008707_06.jpg,1230,market1501,1
market1501/bounding_box_train/1230_c2s3_008782_02.jpg,1230,market1501,1
market1501/bounding_box_train/1230_c4s5_041560_02.jpg,1230,market1501,3
market1501/bounding_box_train/1230_c4s5_041585_02.jpg,1230,market1501,3
market1501/bounding_box_train/1230_c4s5_041660_04.jpg,1230,market1501,3
market1501/bounding_box_train/1230_c5s3_015565_06.jpg,1230,market1501,4
market1501/bounding_box_train/1230_c5s3_015665_02.jpg,1230,market1501,4
market1501/bounding_box_train/1230_c5s3_015765_04.jpg,1230,market1501,4
market1501/bounding_box_train/1231_c1s6_044221_02.jpg,1231,market1501,0
market1501/bounding_box_train/1231_c1s6_044246_02.jpg,1231,market1501,0
market1501/bounding_box_train/1231_c3s3_092819_03.jpg,1231,market1501,2
market1501/bounding_box_train/1231_c3s3_092919_04.jpg,1231,market1501,2
market1501/bounding_box_train/1231_c3s3_092944_07.jpg,1231,market1501,2
market1501/bounding_box_train/1231_c5s3_093362_03.jpg,1231,market1501,4
market1501/bounding_box_train/1231_c5s3_093462_04.jpg,1231,market1501,4
market1501/bounding_box_train/1231_c6s4_019452_04.jpg,1231,market1501,5
market1501/bounding_box_train/1231_c6s4_019502_02.jpg,1231,market1501,5
market1501/bounding_box_train/1232_c1s5_041966_03.jpg,1232,market1501,0
market1501/bounding_box_train/1232_c1s5_042066_03.jpg,1232,market1501,0
market1501/bounding_box_train/1232_c1s6_010141_01.jpg,1232,market1501,0
market1501/bounding_box_train/1232_c1s6_010291_03.jpg,1232,market1501,0
market1501/bounding_box_train/1232_c3s3_015603_01.jpg,1232,market1501,2
market1501/bounding_box_train/1232_c3s3_015753_03.jpg,1232,market1501,2
market1501/bounding_box_train/1232_c3s3_058553_07.jpg,1232,market1501,2
market1501/bounding_box_train/1232_c3s3_058603_05.jpg,1232,market1501,2
market1501/bounding_box_train/1232_c5s3_016215_05.jpg,1232,market1501,4
market1501/bounding_box_train/1232_c5s3_016240_02.jpg,1232,market1501,4
market1501/bounding_box_train/1232_c5s3_059240_02.jpg,1232,market1501,4
market1501/bounding_box_train/1232_c6s3_039492_02.jpg,1232,market1501,5
market1501/bounding_box_train/1232_c6s3_039517_02.jpg,1232,market1501,5
market1501/bounding_box_train/1232_c6s3_082167_02.jpg,1232,market1501,5
market1501/bounding_box_train/1232_c6s3_082217_03.jpg,1232,market1501,5
market1501/bounding_box_train/1232_c6s3_082267_03.jpg,1232,market1501,5
market1501/bounding_box_train/1234_c1s5_042641_01.jpg,1234,market1501,0
market1501/bounding_box_train/1234_c1s5_042666_02.jpg,1234,market1501,0
market1501/bounding_box_train/1234_c3s3_016328_01.jpg,1234,market1501,2
market1501/bounding_box_train/1234_c3s3_016453_01.jpg,1234,market1501,2
market1501/bounding_box_train/1234_c3s3_016478_02.jpg,1234,market1501,2
market1501/bounding_box_train/1234_c5s3_016815_02.jpg,1234,market1501,4
market1501/bounding_box_train/1234_c5s3_016890_02.jpg,1234,market1501,4
market1501/bounding_box_train/1234_c5s3_016915_02.jpg,1234,market1501,4
market1501/bounding_box_train/1234_c6s3_040117_01.jpg,1234,market1501,5
market1501/bounding_box_train/1234_c6s3_040167_01.jpg,1234,market1501,5
market1501/bounding_box_train/1234_c6s3_040192_01.jpg,1234,market1501,5
market1501/bounding_box_train/1238_c1s5_042416_02.jpg,1238,market1501,0
market1501/bounding_box_train/1238_c1s5_048216_04.jpg,1238,market1501,0
market1501/bounding_box_train/1238_c1s5_048366_04.jpg,1238,market1501,0
market1501/bounding_box_train/1238_c3s3_021778_05.jpg,1238,market1501,2
market1501/bounding_box_train/1238_c3s3_021878_05.jpg,1238,market1501,2
market1501/bounding_box_train/1238_c4s5_042160_01.jpg,1238,market1501,3
market1501/bounding_box_train/1238_c4s5_042160_02.jpg,1238,market1501,3
market1501/bounding_box_train/1238_c4s5_042185_01.jpg,1238,market1501,3
market1501/bounding_box_train/1238_c4s5_042210_01.jpg,1238,market1501,3
market1501/bounding_box_train/1238_c5s3_016665_04.jpg,1238,market1501,4
market1501/bounding_box_train/1238_c5s3_022415_06.jpg,1238,market1501,4
market1501/bounding_box_train/1238_c5s3_022490_09.jpg,1238,market1501,4
market1501/bounding_box_train/1238_c6s3_039967_02.jpg,1238,market1501,5
market1501/bounding_box_train/1238_c6s3_045367_03.jpg,1238,market1501,5
market1501/bounding_box_train/1238_c6s3_045467_07.jpg,1238,market1501,5
market1501/bounding_box_train/1238_c6s3_045492_04.jpg,1238,market1501,5
market1501/bounding_box_train/1238_c6s3_045542_02.jpg,1238,market1501,5
market1501/bounding_box_train/1243_c1s5_046066_01.jpg,1243,market1501,0
market1501/bounding_box_train/1243_c1s5_055291_01.jpg,1243,market1501,0
market1501/bounding_box_train/1243_c1s5_055316_01.jpg,1243,market1501,0
market1501/bounding_box_train/1243_c2s3_013557_01.jpg,1243,market1501,1
market1501/bounding_box_train/1243_c2s3_013557_03.jpg,1243,market1501,1
market1501/bounding_box_train/1243_c2s3_013632_01.jpg,1243,market1501,1
market1501/bounding_box_train/1243_c2s3_013632_05.jpg,1243,market1501,1
market1501/bounding_box_train/1243_c2s3_022782_10.jpg,1243,market1501,1
market1501/bounding_box_train/1243_c3s3_019878_04.jpg,1243,market1501,2
market1501/bounding_box_train/1243_c3s3_019903_01.jpg,1243,market1501,2
market1501/bounding_box_train/1243_c6s3_043617_02.jpg,1243,market1501,5
market1501/bounding_box_train/1243_c6s3_043642_01.jpg,1243,market1501,5
market1501/bounding_box_train/1244_c1s5_046191_01.jpg,1244,market1501,0
market1501/bounding_box_train/1244_c1s5_046241_01.jpg,1244,market1501,0
market1501/bounding_box_train/1244_c1s5_046291_02.jpg,1244,market1501,0
market1501/bounding_box_train/1244_c1s5_046291_03.jpg,1244,market1501,0
market1501/bounding_box_train/1244_c1s5_054066_02.jpg,1244,market1501,0
market1501/bounding_box_train/1244_c1s5_054191_05.jpg,1244,market1501,0
market1501/bounding_box_train/1244_c2s3_013632_03.jpg,1244,market1501,1
market1501/bounding_box_train/1244_c2s3_013832_02.jpg,1244,market1501,1
market1501/bounding_box_train/1244_c3s3_020103_02.jpg,1244,market1501,2
market1501/bounding_box_train/1244_c3s3_027528_03.jpg,1244,market1501,2
market1501/bounding_box_train/1244_c3s3_027553_04.jpg,1244,market1501,2
market1501/bounding_box_train/1244_c3s3_027578_08.jpg,1244,market1501,2
market1501/bounding_box_train/1244_c3s3_027628_01.jpg,1244,market1501,2
market1501/bounding_box_train/1244_c5s3_020415_03.jpg,1244,market1501,4
market1501/bounding_box_train/1244_c5s3_028165_02.jpg,1244,market1501,4
market1501/bounding_box_train/1244_c5s3_028165_05.jpg,1244,market1501,4
market1501/bounding_box_train/1244_c5s3_028265_01.jpg,1244,market1501,4
market1501/bounding_box_train/1244_c6s3_043867_01.jpg,1244,market1501,5
market1501/bounding_box_train/1244_c6s3_051167_01.jpg,1244,market1501,5
market1501/bounding_box_train/1244_c6s3_051267_02.jpg,1244,market1501,5
market1501/bounding_box_train/1244_c6s3_051292_01.jpg,1244,market1501,5
market1501/bounding_box_train/1250_c1s5_046666_01.jpg,1250,market1501,0
market1501/bounding_box_train/1250_c1s5_046691_01.jpg,1250,market1501,0
market1501/bounding_box_train/1250_c1s5_046716_02.jpg,1250,market1501,0
market1501/bounding_box_train/1250_c1s5_046841_01.jpg,1250,market1501,0
market1501/bounding_box_train/1250_c3s3_020378_05.jpg,1250,market1501,2
market1501/bounding_box_train/1250_c3s3_020403_07.jpg,1250,market1501,2
market1501/bounding_box_train/1250_c3s3_020428_08.jpg,1250,market1501,2
market1501/bounding_box_train/1250_c3s3_020478_03.jpg,1250,market1501,2
market1501/bounding_box_train/1250_c3s3_020478_07.jpg,1250,market1501,2
market1501/bounding_box_train/1250_c3s3_020528_01.jpg,1250,market1501,2
market1501/bounding_box_train/1250_c3s3_020528_03.jpg,1250,market1501,2
market1501/bounding_box_train/1250_c3s3_020603_04.jpg,1250,market1501,2
market1501/bounding_box_train/1250_c3s3_020628_07.jpg,1250,market1501,2
market1501/bounding_box_train/1250_c3s3_023078_05.jpg,1250,market1501,2
market1501/bounding_box_train/1250_c5s3_020915_07.jpg,1250,market1501,4
market1501/bounding_box_train/1250_c5s3_020940_05.jpg,1250,market1501,4
market1501/bounding_box_train/1250_c5s3_020965_05.jpg,1250,market1501,4
market1501/bounding_box_train/1250_c5s3_021090_03.jpg,1250,market1501,4
market1501/bounding_box_train/1250_c5s3_023815_07.jpg,1250,market1501,4
market1501/bounding_box_train/1250_c5s3_023865_07.jpg,1250,market1501,4
market1501/bounding_box_train/1250_c6s3_044042_02.jpg,1250,market1501,5
market1501/bounding_box_train/1250_c6s3_044067_02.jpg,1250,market1501,5
market1501/bounding_box_train/1250_c6s3_044067_03.jpg,1250,market1501,5
market1501/bounding_box_train/1250_c6s3_044142_01.jpg,1250,market1501,5
market1501/bounding_box_train/1250_c6s3_044192_03.jpg,1250,market1501,5
market1501/bounding_box_train/1250_c6s3_044217_03.jpg,1250,market1501,5
market1501/bounding_box_train/1250_c6s3_044267_02.jpg,1250,market1501,5
market1501/bounding_box_train/1250_c6s3_044367_01.jpg,1250,market1501,5
market1501/bounding_box_train/1250_c6s3_046742_01.jpg,1250,market1501,5
market1501/bounding_box_train/1250_c6s3_046817_04.jpg,1250,market1501,5
market1501/bounding_box_train/1250_c6s3_046942_01.jpg,1250,market1501,5
market1501/bounding_box_train/1250_c6s3_046967_02.jpg,1250,market1501,5
market1501/bounding_box_train/1250_c6s3_046967_03.jpg,1250,market1501,5
market1501/bounding_box_train/1252_c1s6_049096_01.jpg,1252,market1501,0
market1501/bounding_box_train/1252_c2s3_091502_01.jpg,1252,market1501,1
market1501/bounding_box_train/1252_c2s3_091552_01.jpg,1252,market1501,1
market1501/bounding_box_train/1252_c2s3_091602_01.jpg,1252,market1501,1
market1501/bounding_box_train/1252_c2s3_091627_02.jpg,1252,market1501,1
market1501/bounding_box_train/1252_c3s3_097869_01.jpg,1252,market1501,2
market1501/bounding_box_train/1252_c3s3_097894_01.jpg,1252,market1501,2
market1501/bounding_box_train/1252_c5s3_098137_04.jpg,1252,market1501,4
market1501/bounding_box_train/1252_c6s4_024352_08.jpg,1252,market1501,5
market1501/bounding_box_train/1253_c1s5_047041_01.jpg,1253,market1501,0
market1501/bounding_box_train/1253_c1s5_047066_02.jpg,1253,market1501,0
market1501/bounding_box_train/1253_c2s3_014507_02.jpg,1253,market1501,1
market1501/bounding_box_train/1253_c2s3_014532_01.jpg,1253,market1501,1
market1501/bounding_box_train/1253_c2s3_014657_02.jpg,1253,market1501,1
market1501/bounding_box_train/1253_c2s3_036957_03.jpg,1253,market1501,1
market1501/bounding_box_train/1253_c2s3_036982_02.jpg,1253,market1501,1
market1501/bounding_box_train/1253_c2s3_037007_03.jpg,1253,market1501,1
market1501/bounding_box_train/1253_c3s3_020978_05.jpg,1253,market1501,2
market1501/bounding_box_train/1253_c3s3_021028_01.jpg,1253,market1501,2
market1501/bounding_box_train/1253_c3s3_021078_01.jpg,1253,market1501,2
market1501/bounding_box_train/1253_c3s3_042728_02.jpg,1253,market1501,2
market1501/bounding_box_train/1253_c3s3_042753_01.jpg,1253,market1501,2
market1501/bounding_box_train/1253_c6s3_044742_03.jpg,1253,market1501,5
market1501/bounding_box_train/1253_c6s3_044792_03.jpg,1253,market1501,5
market1501/bounding_box_train/1253_c6s3_066342_07.jpg,1253,market1501,5
market1501/bounding_box_train/1253_c6s3_066367_02.jpg,1253,market1501,5
market1501/bounding_box_train/1258_c1s5_048366_05.jpg,1258,market1501,0
market1501/bounding_box_train/1258_c1s5_048391_05.jpg,1258,market1501,0
market1501/bounding_box_train/1258_c3s3_021228_02.jpg,1258,market1501,2
market1501/bounding_box_train/1258_c3s3_021253_03.jpg,1258,market1501,2
market1501/bounding_box_train/1258_c3s3_021278_03.jpg,1258,market1501,2
market1501/bounding_box_train/1258_c3s3_021703_04.jpg,1258,market1501,2
market1501/bounding_box_train/1258_c3s3_021728_05.jpg,1258,market1501,2
market1501/bounding_box_train/1258_c5s3_022415_02.jpg,1258,market1501,4
market1501/bounding_box_train/1258_c5s3_022415_08.jpg,1258,market1501,4
market1501/bounding_box_train/1258_c6s3_044842_01.jpg,1258,market1501,5
market1501/bounding_box_train/1258_c6s3_044867_05.jpg,1258,market1501,5
market1501/bounding_box_train/1258_c6s3_044967_01.jpg,1258,market1501,5
market1501/bounding_box_train/1258_c6s3_044992_04.jpg,1258,market1501,5
market1501/bounding_box_train/1258_c6s3_045017_04.jpg,1258,market1501,5
market1501/bounding_box_train/1258_c6s3_045267_02.jpg,1258,market1501,5
market1501/bounding_box_train/1258_c6s3_045367_01.jpg,1258,market1501,5
market1501/bounding_box_train/1258_c6s3_045442_01.jpg,1258,market1501,5
market1501/bounding_box_train/1258_c6s3_045467_04.jpg,1258,market1501,5
market1501/bounding_box_train/1258_c6s3_045517_03.jpg,1258,market1501,5
market1501/bounding_box_train/1281_c1s5_053491_01.jpg,1281,market1501,0
market1501/bounding_box_train/1281_c2s3_020957_01.jpg,1281,market1501,1
market1501/bounding_box_train/1281_c2s3_021007_01.jpg,1281,market1501,1
market1501/bounding_box_train/1281_c2s3_021007_08.jpg,1281,market1501,1
market1501/bounding_box_train/1281_c2s3_021032_01.jpg,1281,market1501,1
market1501/bounding_box_train/1281_c2s3_030907_01.jpg,1281,market1501,1
market1501/bounding_box_train/1281_c2s3_030957_01.jpg,1281,market1501,1
market1501/bounding_box_train/1281_c3s3_027328_01.jpg,1281,market1501,2
market1501/bounding_box_train/1281_c3s3_027378_01.jpg,1281,market1501,2
market1501/bounding_box_train/1281_c3s3_036703_01.jpg,1281,market1501,2
market1501/bounding_box_train/1281_c3s3_036728_03.jpg,1281,market1501,2
market1501/bounding_box_train/1281_c3s3_036753_04.jpg,1281,market1501,2
market1501/bounding_box_train/1281_c5s3_027665_02.jpg,1281,market1501,4
market1501/bounding_box_train/1281_c6s3_051117_01.jpg,1281,market1501,5
market1501/bounding_box_train/1281_c6s3_051142_02.jpg,1281,market1501,5
market1501/bounding_box_train/1281_c6s3_060317_02.jpg,1281,market1501,5
market1501/bounding_box_train/1281_c6s3_060342_04.jpg,1281,market1501,5
market1501/bounding_box_train/1281_c6s3_060367_02.jpg,1281,market1501,5
market1501/bounding_box_train/1294_c1s5_057391_04.jpg,1294,market1501,0
market1501/bounding_box_train/1294_c1s5_057416_02.jpg,1294,market1501,0
market1501/bounding_box_train/1294_c1s5_070091_01.jpg,1294,market1501,0
market1501/bounding_box_train/1294_c2s3_024907_01.jpg,1294,market1501,1
market1501/bounding_box_train/1294_c2s3_024982_01.jpg,1294,market1501,1
market1501/bounding_box_train/1294_c2s3_037632_02.jpg,1294,market1501,1
market1501/bounding_box_train/1294_c3s3_031228_05.jpg,1294,market1501,2
market1501/bounding_box_train/1294_c3s3_031253_06.jpg,1294,market1501,2
market1501/bounding_box_train/1294_c3s3_043478_03.jpg,1294,market1501,2
market1501/bounding_box_train/1294_c6s3_055017_03.jpg,1294,market1501,5
market1501/bounding_box_train/1294_c6s3_067117_01.jpg,1294,market1501,5
market1501/bounding_box_train/1294_c6s3_067142_02.jpg,1294,market1501,5
market1501/bounding_box_train/1297_c1s5_057966_04.jpg,1297,market1501,0
market1501/bounding_box_train/1297_c1s6_009416_04.jpg,1297,market1501,0
market1501/bounding_box_train/1297_c1s6_009466_07.jpg,1297,market1501,0
market1501/bounding_box_train/1297_c2s3_025432_03.jpg,1297,market1501,1
market1501/bounding_box_train/1297_c2s3_025457_02.jpg,1297,market1501,1
market1501/bounding_box_train/1297_c2s3_051982_09.jpg,1297,market1501,1
market1501/bounding_box_train/1297_c2s3_052082_05.jpg,1297,market1501,1
market1501/bounding_box_train/1297_c3s3_031853_02.jpg,1297,market1501,2
market1501/bounding_box_train/1297_c3s3_031878_02.jpg,1297,market1501,2
market1501/bounding_box_train/1297_c4s6_008360_05.jpg,1297,market1501,3
market1501/bounding_box_train/1297_c4s6_008535_07.jpg,1297,market1501,3
market1501/bounding_box_train/1297_c5s3_032065_06.jpg,1297,market1501,4
market1501/bounding_box_train/1297_c5s3_032065_08.jpg,1297,market1501,4
market1501/bounding_box_train/1297_c5s3_058190_01.jpg,1297,market1501,4
market1501/bounding_box_train/1297_c6s3_055567_04.jpg,1297,market1501,5
market1501/bounding_box_train/1297_c6s3_055592_02.jpg,1297,market1501,5
market1501/bounding_box_train/1300_c1s5_058091_01.jpg,1300,market1501,0
market1501/bounding_box_train/1300_c1s5_067041_01.jpg,1300,market1501,0
market1501/bounding_box_train/1300_c1s5_067066_01.jpg,1300,market1501,0
market1501/bounding_box_train/1300_c2s3_025582_01.jpg,1300,market1501,1
market1501/bounding_box_train/1300_c2s3_025607_03.jpg,1300,market1501,1
market1501/bounding_box_train/1300_c2s3_034557_06.jpg,1300,market1501,1
market1501/bounding_box_train/1300_c2s3_034682_01.jpg,1300,market1501,1
market1501/bounding_box_train/1300_c3s3_032028_02.jpg,1300,market1501,2
market1501/bounding_box_train/1300_c3s3_040378_01.jpg,1300,market1501,2
market1501/bounding_box_train/1300_c3s3_040403_04.jpg,1300,market1501,2
market1501/bounding_box_train/1300_c3s3_040478_04.jpg,1300,market1501,2
market1501/bounding_box_train/1300_c6s3_055742_09.jpg,1300,market1501,5
market1501/bounding_box_train/1300_c6s3_055767_07.jpg,1300,market1501,5
market1501/bounding_box_train/1300_c6s3_063992_03.jpg,1300,market1501,5
market1501/bounding_box_train/1300_c6s3_064042_04.jpg,1300,market1501,5
market1501/bounding_box_train/1309_c1s5_059091_01.jpg,1309,market1501,0
market1501/bounding_box_train/1309_c1s5_059241_07.jpg,1309,market1501,0
market1501/bounding_box_train/1309_c1s5_059291_06.jpg,1309,market1501,0
market1501/bounding_box_train/1309_c2s3_026882_05.jpg,1309,market1501,1
market1501/bounding_box_train/1309_c2s3_026907_02.jpg,1309,market1501,1
market1501/bounding_box_train/1309_c3s3_032678_01.jpg,1309,market1501,2
market1501/bounding_box_train/1309_c3s3_032728_04.jpg,1309,market1501,2
market1501/bounding_box_train/1309_c3s3_032803_07.jpg,1309,market1501,2
market1501/bounding_box_train/1309_c4s5_058385_01.jpg,1309,market1501,3
market1501/bounding_box_train/1309_c4s5_058585_04.jpg,1309,market1501,3
market1501/bounding_box_train/1309_c4s5_058610_03.jpg,1309,market1501,3
market1501/bounding_box_train/1309_c5s3_033115_02.jpg,1309,market1501,4
market1501/bounding_box_train/1309_c5s3_033165_02.jpg,1309,market1501,4
market1501/bounding_box_train/1309_c5s3_033190_02.jpg,1309,market1501,4
market1501/bounding_box_train/1315_c1s5_057516_02.jpg,1315,market1501,0
market1501/bounding_box_train/1315_c1s5_057691_04.jpg,1315,market1501,0
market1501/bounding_box_train/1315_c3s3_030803_02.jpg,1315,market1501,2
market1501/bounding_box_train/1315_c4s5_057335_01.jpg,1315,market1501,3
market1501/bounding_box_train/1315_c4s5_057360_01.jpg,1315,market1501,3
market1501/bounding_box_train/1315_c4s5_057385_01.jpg,1315,market1501,3
market1501/bounding_box_train/1315_c5s3_031490_02.jpg,1315,market1501,4
market1501/bounding_box_train/1315_c5s3_031540_03.jpg,1315,market1501,4
market1501/bounding_box_train/1320_c1s5_061591_04.jpg,1320,market1501,0
market1501/bounding_box_train/1320_c1s5_061691_05.jpg,1320,market1501,0
market1501/bounding_box_train/1320_c1s6_004641_01.jpg,1320,market1501,0
market1501/bounding_box_train/1320_c1s6_004716_01.jpg,1320,market1501,0
market1501/bounding_box_train/1320_c2s3_047282_01.jpg,1320,market1501,1
market1501/bounding_box_train/1320_c2s3_047307_02.jpg,1320,market1501,1
market1501/bounding_box_train/1320_c3s3_035303_03.jpg,1320,market1501,2
market1501/bounding_box_train/1320_c3s3_035328_03.jpg,1320,market1501,2
market1501/bounding_box_train/1320_c3s3_035428_04.jpg,1320,market1501,2
market1501/bounding_box_train/1320_c3s3_053103_03.jpg,1320,market1501,2
market1501/bounding_box_train/1320_c3s3_053153_02.jpg,1320,market1501,2
market1501/bounding_box_train/1320_c3s3_054178_01.jpg,1320,market1501,2
market1501/bounding_box_train/1320_c3s3_054203_01.jpg,1320,market1501,2
market1501/bounding_box_train/1320_c5s3_035890_03.jpg,1320,market1501,4
market1501/bounding_box_train/1320_c5s3_053665_05.jpg,1320,market1501,4
market1501/bounding_box_train/1320_c5s3_053715_01.jpg,1320,market1501,4
market1501/bounding_box_train/1320_c6s3_059117_02.jpg,1320,market1501,5
market1501/bounding_box_train/1320_c6s3_059142_02.jpg,1320,market1501,5
market1501/bounding_box_train/1320_c6s3_059192_01.jpg,1320,market1501,5
market1501/bounding_box_train/1320_c6s3_059192_02.jpg,1320,market1501,5
market1501/bounding_box_train/1320_c6s3_059217_01.jpg,1320,market1501,5
market1501/bounding_box_train/1320_c6s3_076692_01.jpg,1320,market1501,5
market1501/bounding_box_train/1320_c6s3_076742_01.jpg,1320,market1501,5
market1501/bounding_box_train/1320_c6s3_076767_01.jpg,1320,market1501,5
market1501/bounding_box_train/1320_c6s3_076792_02.jpg,1320,market1501,5
market1501/bounding_box_train/1320_c6s3_077917_03.jpg,1320,market1501,5
market1501/bounding_box_train/1327_c1s5_062491_02.jpg,1327,market1501,0
market1501/bounding_box_train/1327_c1s5_062716_01.jpg,1327,market1501,0
market1501/bounding_box_train/1327_c2s3_030257_02.jpg,1327,market1501,1
market1501/bounding_box_train/1327_c3s3_036103_01.jpg,1327,market1501,2
market1501/bounding_box_train/1327_c3s3_036178_02.jpg,1327,market1501,2
market1501/bounding_box_train/1327_c3s3_036228_02.jpg,1327,market1501,2
market1501/bounding_box_train/1327_c3s3_036253_03.jpg,1327,market1501,2
market1501/bounding_box_train/1327_c4s5_061585_01.jpg,1327,market1501,3
market1501/bounding_box_train/1327_c4s5_061710_04.jpg,1327,market1501,3
market1501/bounding_box_train/1327_c5s3_036215_02.jpg,1327,market1501,4
market1501/bounding_box_train/1327_c5s3_036265_02.jpg,1327,market1501,4
market1501/bounding_box_train/1330_c1s5_063266_01.jpg,1330,market1501,0
market1501/bounding_box_train/1330_c1s5_063291_01.jpg,1330,market1501,0
market1501/bounding_box_train/1330_c1s5_063391_01.jpg,1330,market1501,0
market1501/bounding_box_train/1330_c3s3_036753_01.jpg,1330,market1501,2
market1501/bounding_box_train/1330_c3s3_036878_02.jpg,1330,market1501,2
market1501/bounding_box_train/1330_c4s5_062560_01.jpg,1330,market1501,3
market1501/bounding_box_train/1330_c5s3_037340_02.jpg,1330,market1501,4
market1501/bounding_box_train/1330_c5s3_037365_01.jpg,1330,market1501,4
market1501/bounding_box_train/1331_c1s5_063841_01.jpg,1331,market1501,0
market1501/bounding_box_train/1331_c1s5_063866_01.jpg,1331,market1501,0
market1501/bounding_box_train/1331_c2s3_031407_01.jpg,1331,market1501,1
market1501/bounding_box_train/1331_c2s3_031407_04.jpg,1331,market1501,1
market1501/bounding_box_train/1331_c2s3_031432_01.jpg,1331,market1501,1
market1501/bounding_box_train/1331_c3s3_037178_01.jpg,1331,market1501,2
market1501/bounding_box_train/1331_c3s3_037253_01.jpg,1331,market1501,2
market1501/bounding_box_train/1331_c5s3_038040_01.jpg,1331,market1501,4
market1501/bounding_box_train/1331_c5s3_038040_06.jpg,1331,market1501,4
market1501/bounding_box_train/1331_c6s3_060842_01.jpg,1331,market1501,5
market1501/bounding_box_train/1331_c6s3_060867_01.jpg,1331,market1501,5
market1501/bounding_box_train/1335_c1s6_003116_01.jpg,1335,market1501,0
market1501/bounding_box_train/1335_c1s6_003141_01.jpg,1335,market1501,0
market1501/bounding_box_train/1335_c2s3_031757_02.jpg,1335,market1501,1
market1501/bounding_box_train/1335_c2s3_031782_01.jpg,1335,market1501,1
market1501/bounding_box_train/1335_c2s3_031782_06.jpg,1335,market1501,1
market1501/bounding_box_train/1335_c2s3_045607_01.jpg,1335,market1501,1
market1501/bounding_box_train/1335_c2s3_045607_07.jpg,1335,market1501,1
market1501/bounding_box_train/1335_c2s3_045632_01.jpg,1335,market1501,1
market1501/bounding_box_train/1335_c2s3_045632_06.jpg,1335,market1501,1
market1501/bounding_box_train/1335_c3s3_038128_04.jpg,1335,market1501,2
market1501/bounding_box_train/1335_c3s3_038153_05.jpg,1335,market1501,2
market1501/bounding_box_train/1335_c3s3_051428_02.jpg,1335,market1501,2
market1501/bounding_box_train/1335_c3s3_051478_01.jpg,1335,market1501,2
market1501/bounding_box_train/1335_c6s3_061867_03.jpg,1335,market1501,5
market1501/bounding_box_train/1335_c6s3_061892_01.jpg,1335,market1501,5
market1501/bounding_box_train/1335_c6s3_075042_03.jpg,1335,market1501,5
market1501/bounding_box_train/1335_c6s3_075042_05.jpg,1335,market1501,5
market1501/bounding_box_train/1335_c6s3_075092_03.jpg,1335,market1501,5
market1501/bounding_box_train/1335_c6s3_075117_02.jpg,1335,market1501,5
market1501/bounding_box_train/0135_c2s1_022676_03.jpg,135,market1501,1
market1501/bounding_box_train/0135_c3s1_022426_01.jpg,135,market1501,2
market1501/bounding_box_train/0135_c3s1_022451_02.jpg,135,market1501,2
market1501/bounding_box_train/0135_c3s1_022526_03.jpg,135,market1501,2
market1501/bounding_box_train/0135_c5s1_023301_04.jpg,135,market1501,4
market1501/bounding_box_train/0135_c6s1_022876_03.jpg,135,market1501,5
market1501/bounding_box_train/0135_c6s1_022926_01.jpg,135,market1501,5
market1501/bounding_box_train/0135_c6s1_022951_01.jpg,135,market1501,5
market1501/bounding_box_train/0135_c6s1_022976_01.jpg,135,market1501,5
market1501/bounding_box_train/1350_c1s5_066991_03.jpg,1350,market1501,0
market1501/bounding_box_train/1350_c1s5_067016_03.jpg,1350,market1501,0
market1501/bounding_box_train/1350_c1s5_067066_02.jpg,1350,market1501,0
market1501/bounding_box_train/1350_c2s3_034682_03.jpg,1350,market1501,1
market1501/bounding_box_train/1350_c2s3_034732_02.jpg,1350,market1501,1
market1501/bounding_box_train/1350_c2s3_034882_03.jpg,1350,market1501,1
market1501/bounding_box_train/1350_c3s3_040528_03.jpg,1350,market1501,2
market1501/bounding_box_train/1350_c3s3_040628_08.jpg,1350,market1501,2
market1501/bounding_box_train/1350_c3s3_040653_02.jpg,1350,market1501,2
market1501/bounding_box_train/1350_c4s5_066335_01.jpg,1350,market1501,3
market1501/bounding_box_train/1350_c4s5_066385_02.jpg,1350,market1501,3
market1501/bounding_box_train/1350_c5s3_040890_03.jpg,1350,market1501,4
market1501/bounding_box_train/1350_c5s3_040940_05.jpg,1350,market1501,4
market1501/bounding_box_train/1350_c6s3_064117_01.jpg,1350,market1501,5
market1501/bounding_box_train/1350_c6s3_064142_01.jpg,1350,market1501,5
market1501/bounding_box_train/1358_c1s5_068216_02.jpg,1358,market1501,0
market1501/bounding_box_train/1358_c1s6_004766_01.jpg,1358,market1501,0
market1501/bounding_box_train/1358_c1s6_004866_01.jpg,1358,market1501,0
market1501/bounding_box_train/1358_c1s6_004891_01.jpg,1358,market1501,0
market1501/bounding_box_train/1358_c2s3_035657_03.jpg,1358,market1501,1
market1501/bounding_box_train/1358_c2s3_035807_02.jpg,1358,market1501,1
market1501/bounding_box_train/1358_c2s3_047432_02.jpg,1358,market1501,1
market1501/bounding_box_train/1358_c2s3_047457_01.jpg,1358,market1501,1
market1501/bounding_box_train/1358_c3s3_042103_05.jpg,1358,market1501,2
market1501/bounding_box_train/1358_c3s3_052928_03.jpg,1358,market1501,2
market1501/bounding_box_train/1358_c5s3_042265_02.jpg,1358,market1501,4
market1501/bounding_box_train/1358_c5s3_053840_01.jpg,1358,market1501,4
market1501/bounding_box_train/1358_c6s3_065817_04.jpg,1358,market1501,5
market1501/bounding_box_train/1358_c6s3_065867_03.jpg,1358,market1501,5
market1501/bounding_box_train/1358_c6s3_076517_01.jpg,1358,market1501,5
market1501/bounding_box_train/1358_c6s3_076592_02.jpg,1358,market1501,5
market1501/bounding_box_train/1358_c6s3_076617_01.jpg,1358,market1501,5
market1501/bounding_box_train/1358_c6s3_076692_02.jpg,1358,market1501,5
market1501/bounding_box_train/1358_c6s3_076792_04.jpg,1358,market1501,5
market1501/bounding_box_train/1363_c2s3_036307_02.jpg,1363,market1501,1
market1501/bounding_box_train/1363_c2s3_058277_01.jpg,1363,market1501,1
market1501/bounding_box_train/1363_c3s3_042528_03.jpg,1363,market1501,2
market1501/bounding_box_train/1363_c3s3_042553_02.jpg,1363,market1501,2
market1501/bounding_box_train/1363_c3s3_042578_01.jpg,1363,market1501,2
market1501/bounding_box_train/1363_c3s3_064219_01.jpg,1363,market1501,2
market1501/bounding_box_train/1363_c6s3_066292_02.jpg,1363,market1501,5
market1501/bounding_box_train/1363_c6s3_066317_01.jpg,1363,market1501,5
market1501/bounding_box_train/1363_c6s3_087867_01.jpg,1363,market1501,5
market1501/bounding_box_train/1372_c1s5_070266_01.jpg,1372,market1501,0
market1501/bounding_box_train/1372_c1s6_013446_02.jpg,1372,market1501,0
market1501/bounding_box_train/1372_c1s6_013671_01.jpg,1372,market1501,0
market1501/bounding_box_train/1372_c2s3_037707_01.jpg,1372,market1501,1
market1501/bounding_box_train/1372_c2s3_037782_01.jpg,1372,market1501,1
market1501/bounding_box_train/1372_c2s3_037807_02.jpg,1372,market1501,1
market1501/bounding_box_train/1372_c3s3_044153_02.jpg,1372,market1501,2
market1501/bounding_box_train/1372_c3s3_044228_02.jpg,1372,market1501,2
market1501/bounding_box_train/1372_c3s3_061928_01.jpg,1372,market1501,2
market1501/bounding_box_train/1372_c3s3_061978_01.jpg,1372,market1501,2
market1501/bounding_box_train/1372_c5s3_044365_01.jpg,1372,market1501,4
market1501/bounding_box_train/1372_c6s3_067942_02.jpg,1372,market1501,5
market1501/bounding_box_train/1372_c6s3_067967_01.jpg,1372,market1501,5
market1501/bounding_box_train/1372_c6s3_067992_01.jpg,1372,market1501,5
market1501/bounding_box_train/1372_c6s3_085492_01.jpg,1372,market1501,5
market1501/bounding_box_train/1372_c6s3_085567_01.jpg,1372,market1501,5
market1501/bounding_box_train/1372_c6s3_085617_03.jpg,1372,market1501,5
market1501/bounding_box_train/0140_c2s1_022301_03.jpg,140,market1501,1
market1501/bounding_box_train/0140_c2s1_022301_05.jpg,140,market1501,1
market1501/bounding_box_train/0140_c4s1_023751_02.jpg,140,market1501,3
market1501/bounding_box_train/0140_c4s1_023776_03.jpg,140,market1501,3
market1501/bounding_box_train/0140_c5s1_023076_02.jpg,140,market1501,4
market1501/bounding_box_train/1404_c1s6_000516_02.jpg,1404,market1501,0
market1501/bounding_box_train/1404_c2s3_042982_01.jpg,1404,market1501,1
market1501/bounding_box_train/1404_c2s3_043032_01.jpg,1404,market1501,1
market1501/bounding_box_train/1404_c2s3_043032_08.jpg,1404,market1501,1
market1501/bounding_box_train/1404_c2s3_043082_02.jpg,1404,market1501,1
market1501/bounding_box_train/1404_c3s3_049278_02.jpg,1404,market1501,2
market1501/bounding_box_train/1404_c3s3_049303_01.jpg,1404,market1501,2
market1501/bounding_box_train/1404_c5s3_049565_01.jpg,1404,market1501,4
market1501/bounding_box_train/1404_c5s3_049565_04.jpg,1404,market1501,4
market1501/bounding_box_train/1404_c5s3_049665_01.jpg,1404,market1501,4
market1501/bounding_box_train/1404_c6s3_073017_01.jpg,1404,market1501,5
market1501/bounding_box_train/1404_c6s3_073042_01.jpg,1404,market1501,5
market1501/bounding_box_train/0141_c2s1_022301_07.jpg,141,market1501,1
market1501/bounding_box_train/0141_c2s1_022326_07.jpg,141,market1501,1
market1501/bounding_box_train/0141_c2s1_022351_03.jpg,141,market1501,1
market1501/bounding_box_train/0141_c4s1_022951_03.jpg,141,market1501,3
market1501/bounding_box_train/0141_c4s1_023001_05.jpg,141,market1501,3
market1501/bounding_box_train/1432_c1s6_006366_02.jpg,1432,market1501,0
market1501/bounding_box_train/1432_c2s3_048782_02.jpg,1432,market1501,1
market1501/bounding_box_train/1432_c2s3_048807_04.jpg,1432,market1501,1
market1501/bounding_box_train/1432_c2s3_048882_06.jpg,1432,market1501,1
market1501/bounding_box_train/1432_c3s3_055178_03.jpg,1432,market1501,2
market1501/bounding_box_train/1432_c3s3_055203_06.jpg,1432,market1501,2
market1501/bounding_box_train/1432_c5s3_055490_02.jpg,1432,market1501,4
market1501/bounding_box_train/1432_c6s3_078892_01.jpg,1432,market1501,5
market1501/bounding_box_train/1432_c6s3_078917_01.jpg,1432,market1501,5
market1501/bounding_box_train/1432_c6s3_078942_01.jpg,1432,market1501,5
market1501/bounding_box_train/1449_c1s6_009491_04.jpg,1449,market1501,0
market1501/bounding_box_train/1449_c1s6_009666_05.jpg,1449,market1501,0
market1501/bounding_box_train/1449_c1s6_009666_07.jpg,1449,market1501,0
market1501/bounding_box_train/1449_c3s3_058328_06.jpg,1449,market1501,2
market1501/bounding_box_train/1449_c3s3_058353_03.jpg,1449,market1501,2
market1501/bounding_box_train/1449_c3s3_058378_04.jpg,1449,market1501,2
market1501/bounding_box_train/1449_c3s3_058453_02.jpg,1449,market1501,2
market1501/bounding_box_train/1449_c4s6_009035_06.jpg,1449,market1501,3
market1501/bounding_box_train/1449_c4s6_009210_03.jpg,1449,market1501,3
market1501/bounding_box_train/1449_c4s6_009260_01.jpg,1449,market1501,3
market1501/bounding_box_train/1449_c4s6_009260_10.jpg,1449,market1501,3
market1501/bounding_box_train/1449_c4s6_009285_02.jpg,1449,market1501,3
market1501/bounding_box_train/1449_c5s3_058740_01.jpg,1449,market1501,4
market1501/bounding_box_train/1449_c5s3_058790_06.jpg,1449,market1501,4
market1501/bounding_box_train/1449_c6s3_081992_01.jpg,1449,market1501,5
market1501/bounding_box_train/1449_c6s3_082042_02.jpg,1449,market1501,5
market1501/bounding_box_train/1449_c6s3_082142_05.jpg,1449,market1501,5
market1501/bounding_box_train/1449_c6s3_082242_07.jpg,1449,market1501,5
market1501/bounding_box_train/1453_c1s6_008841_06.jpg,1453,market1501,0
market1501/bounding_box_train/1453_c2s3_051207_02.jpg,1453,market1501,1
market1501/bounding_box_train/1453_c2s3_051232_02.jpg,1453,market1501,1
market1501/bounding_box_train/1453_c2s3_051332_02.jpg,1453,market1501,1
market1501/bounding_box_train/1453_c3s3_057653_06.jpg,1453,market1501,2
market1501/bounding_box_train/1453_c3s3_057703_03.jpg,1453,market1501,2
market1501/bounding_box_train/1453_c3s3_057728_02.jpg,1453,market1501,2
market1501/bounding_box_train/1453_c6s3_081417_04.jpg,1453,market1501,5
market1501/bounding_box_train/1453_c6s3_081442_01.jpg,1453,market1501,5
market1501/bounding_box_train/1453_c6s3_081467_01.jpg,1453,market1501,5
market1501/bounding_box_train/1454_c1s6_009191_03.jpg,1454,market1501,0
market1501/bounding_box_train/1454_c1s6_009241_02.jpg,1454,market1501,0
market1501/bounding_box_train/1454_c2s3_051582_02.jpg,1454,market1501,1
market1501/bounding_box_train/1454_c2s3_051607_04.jpg,1454,market1501,1
market1501/bounding_box_train/1454_c2s3_051682_03.jpg,1454,market1501,1
market1501/bounding_box_train/1454_c3s3_057903_03.jpg,1454,market1501,2
market1501/bounding_box_train/1454_c3s3_058028_04.jpg,1454,market1501,2
market1501/bounding_box_train/1454_c3s3_058103_03.jpg,1454,market1501,2
market1501/bounding_box_train/1454_c4s6_009685_02.jpg,1454,market1501,3
market1501/bounding_box_train/1454_c4s6_009710_02.jpg,1454,market1501,3
market1501/bounding_box_train/1454_c4s6_009760_02.jpg,1454,market1501,3
market1501/bounding_box_train/1454_c5s3_058515_05.jpg,1454,market1501,4
market1501/bounding_box_train/1454_c5s3_058740_05.jpg,1454,market1501,4
market1501/bounding_box_train/1454_c5s3_058740_07.jpg,1454,market1501,4
market1501/bounding_box_train/1454_c5s3_058765_02.jpg,1454,market1501,4
market1501/bounding_box_train/1454_c5s3_058790_03.jpg,1454,market1501,4
market1501/bounding_box_train/1464_c1s6_010116_01.jpg,1464,market1501,0
market1501/bounding_box_train/1464_c2s3_052582_02.jpg,1464,market1501,1
market1501/bounding_box_train/1464_c2s3_052682_02.jpg,1464,market1501,1
market1501/bounding_box_train/1464_c3s3_058953_05.jpg,1464,market1501,2
market1501/bounding_box_train/1464_c3s3_058978_03.jpg,1464,market1501,2
market1501/bounding_box_train/1464_c5s3_059240_06.jpg,1464,market1501,4
market1501/bounding_box_train/1464_c6s3_082717_02.jpg,1464,market1501,5
market1501/bounding_box_train/1464_c6s3_082767_01.jpg,1464,market1501,5
market1501/bounding_box_train/1471_c1s6_011366_01.jpg,1471,market1501,0
market1501/bounding_box_train/1471_c1s6_011416_01.jpg,1471,market1501,0
market1501/bounding_box_train/1471_c2s3_053807_02.jpg,1471,market1501,1
market1501/bounding_box_train/1471_c2s3_053882_02.jpg,1471,market1501,1
market1501/bounding_box_train/1471_c3s3_060178_02.jpg,1471,market1501,2
market1501/bounding_box_train/1471_c3s3_060228_03.jpg,1471,market1501,2
market1501/bounding_box_train/1471_c5s3_060465_01.jpg,1471,market1501,4
market1501/bounding_box_train/1471_c6s3_083942_03.jpg,1471,market1501,5
market1501/bounding_box_train/1471_c6s3_083967_02.jpg,1471,market1501,5
market1501/bounding_box_train/1471_c6s3_083992_01.jpg,1471,market1501,5
market1501/bounding_box_train/1473_c1s6_011641_04.jpg,1473,market1501,0
market1501/bounding_box_train/1473_c3s3_060353_02.jpg,1473,market1501,2
market1501/bounding_box_train/1473_c3s3_060428_09.jpg,1473,market1501,2
market1501/bounding_box_train/1473_c3s3_060478_07.jpg,1473,market1501,2
market1501/bounding_box_train/1473_c5s3_060815_05.jpg,1473,market1501,4
market1501/bounding_box_train/1473_c5s3_060890_05.jpg,1473,market1501,4
market1501/bounding_box_train/1473_c6s3_084067_02.jpg,1473,market1501,5
market1501/bounding_box_train/1473_c6s3_084092_02.jpg,1473,market1501,5
market1501/bounding_box_train/1473_c6s3_084142_02.jpg,1473,market1501,5
market1501/bounding_box_train/1473_c6s3_084192_05.jpg,1473,market1501,5
market1501/bounding_box_train/1474_c1s6_020321_02.jpg,1474,market1501,0
market1501/bounding_box_train/1474_c1s6_020371_02.jpg,1474,market1501,0
market1501/bounding_box_train/1474_c2s3_054182_02.jpg,1474,market1501,1
market1501/bounding_box_train/1474_c2s3_054282_02.jpg,1474,market1501,1
market1501/bounding_box_train/1474_c2s3_054282_08.jpg,1474,market1501,1
market1501/bounding_box_train/1474_c2s3_062902_01.jpg,1474,market1501,1
market1501/bounding_box_train/1474_c2s3_062977_01.jpg,1474,market1501,1
market1501/bounding_box_train/1474_c3s3_060528_04.jpg,1474,market1501,2
market1501/bounding_box_train/1474_c3s3_060578_03.jpg,1474,market1501,2
market1501/bounding_box_train/1474_c3s3_068594_02.jpg,1474,market1501,2
market1501/bounding_box_train/1474_c3s3_068644_06.jpg,1474,market1501,2
market1501/bounding_box_train/1474_c5s3_060890_08.jpg,1474,market1501,4
market1501/bounding_box_train/1474_c6s3_084292_02.jpg,1474,market1501,5
market1501/bounding_box_train/1474_c6s3_084317_02.jpg,1474,market1501,5
market1501/bounding_box_train/1480_c1s6_014296_01.jpg,1480,market1501,0
market1501/bounding_box_train/1480_c1s6_014446_02.jpg,1480,market1501,0
market1501/bounding_box_train/1480_c1s6_014471_04.jpg,1480,market1501,0
market1501/bounding_box_train/1480_c2s3_054732_01.jpg,1480,market1501,1
market1501/bounding_box_train/1480_c2s3_054882_01.jpg,1480,market1501,1
market1501/bounding_box_train/1480_c2s3_054932_06.jpg,1480,market1501,1
market1501/bounding_box_train/1480_c2s3_054957_04.jpg,1480,market1501,1
market1501/bounding_box_train/1480_c2s3_056952_01.jpg,1480,market1501,1
market1501/bounding_box_train/1480_c3s3_061178_01.jpg,1480,market1501,2
market1501/bounding_box_train/1480_c3s3_061203_01.jpg,1480,market1501,2
market1501/bounding_box_train/1480_c3s3_062728_02.jpg,1480,market1501,2
market1501/bounding_box_train/1480_c3s3_062753_01.jpg,1480,market1501,2
market1501/bounding_box_train/1480_c3s3_062803_01.jpg,1480,market1501,2
market1501/bounding_box_train/1480_c5s3_061490_03.jpg,1480,market1501,4
market1501/bounding_box_train/1480_c5s3_063412_02.jpg,1480,market1501,4
market1501/bounding_box_train/1480_c6s3_084942_01.jpg,1480,market1501,5
market1501/bounding_box_train/1480_c6s3_086367_01.jpg,1480,market1501,5
market1501/bounding_box_train/1480_c6s3_086417_01.jpg,1480,market1501,5
market1501/bounding_box_train/1487_c1s6_047046_01.jpg,1487,market1501,0
market1501/bounding_box_train/1487_c1s6_047146_01.jpg,1487,market1501,0
market1501/bounding_box_train/1487_c3s3_095694_01.jpg,1487,market1501,2
market1501/bounding_box_train/1487_c3s3_095694_05.jpg,1487,market1501,2
market1501/bounding_box_train/1487_c3s3_095719_01.jpg,1487,market1501,2
market1501/bounding_box_train/1487_c5s3_096212_01.jpg,1487,market1501,4
market1501/bounding_box_train/1487_c5s3_096237_01.jpg,1487,market1501,4
market1501/bounding_box_train/1487_c5s3_096237_02.jpg,1487,market1501,4
market1501/bounding_box_train/1487_c5s3_096287_02.jpg,1487,market1501,4
market1501/bounding_box_train/1487_c5s3_096287_09.jpg,1487,market1501,4
market1501/bounding_box_train/1487_c6s4_022202_01.jpg,1487,market1501,5
market1501/bounding_box_train/1487_c6s4_022202_05.jpg,1487,market1501,5
market1501/bounding_box_train/1487_c6s4_022252_03.jpg,1487,market1501,5
market1501/bounding_box_train/1487_c6s4_022252_08.jpg,1487,market1501,5
market1501/bounding_box_train/1487_c6s4_022277_02.jpg,1487,market1501,5
market1501/bounding_box_train/1500_c1s6_014121_04.jpg,1500,market1501,0
market1501/bounding_box_train/1500_c1s6_014196_03.jpg,1500,market1501,0
market1501/bounding_box_train/1500_c3s3_062728_03.jpg,1500,market1501,2
market1501/bounding_box_train/1500_c3s3_062753_02.jpg,1500,market1501,2
market1501/bounding_box_train/1500_c3s3_062778_01.jpg,1500,market1501,2
market1501/bounding_box_train/1500_c5s3_063312_02.jpg,1500,market1501,4
market1501/bounding_box_train/1500_c5s3_063337_02.jpg,1500,market1501,4
market1501/bounding_box_train/1500_c6s3_086542_02.jpg,1500,market1501,5
market1501/bounding_box_train/1500_c6s3_086567_01.jpg,1500,market1501,5
market1501/bounding_box_train/0164_c1s1_029576_01.jpg,164,market1501,0
market1501/bounding_box_train/0164_c1s1_029601_01.jpg,164,market1501,0
market1501/bounding_box_train/0164_c4s1_029601_03.jpg,164,market1501,3
market1501/bounding_box_train/0164_c4s1_029626_04.jpg,164,market1501,3
market1501/bounding_box_train/0176_c1s1_032751_01.jpg,176,market1501,0
market1501/bounding_box_train/0176_c1s1_032776_01.jpg,176,market1501,0
market1501/bounding_box_train/0176_c1s1_043551_02.jpg,176,market1501,0
market1501/bounding_box_train/0176_c1s1_043701_02.jpg,176,market1501,0
market1501/bounding_box_train/0176_c2s1_032276_01.jpg,176,market1501,1
market1501/bounding_box_train/0176_c2s1_032301_02.jpg,176,market1501,1
market1501/bounding_box_train/0176_c3s1_032401_01.jpg,176,market1501,2
market1501/bounding_box_train/0176_c3s1_032426_01.jpg,176,market1501,2
market1501/bounding_box_train/0176_c3s1_042926_04.jpg,176,market1501,2
market1501/bounding_box_train/0176_c3s1_042976_01.jpg,176,market1501,2
market1501/bounding_box_train/0176_c5s1_032826_01.jpg,176,market1501,4
market1501/bounding_box_train/0176_c5s1_043526_02.jpg,176,market1501,4
market1501/bounding_box_train/0176_c5s1_043551_02.jpg,176,market1501,4
market1501/bounding_box_train/0176_c5s1_043676_02.jpg,176,market1501,4
market1501/bounding_box_train/0176_c6s1_032976_05.jpg,176,market1501,5
market1501/bounding_box_train/0176_c6s1_033001_01.jpg,176,market1501,5
market1501/bounding_box_train/0176_c6s1_043401_06.jpg,176,market1501,5
market1501/bounding_box_train/0176_c6s1_043426_01.jpg,176,market1501,5
market1501/bounding_box_train/0176_c6s1_043451_02.jpg,176,market1501,5
market1501/bounding_box_train/0177_c1s1_032826_01.jpg,177,market1501,0
market1501/bounding_box_train/0177_c1s1_032851_01.jpg,177,market1501,0
market1501/bounding_box_train/0177_c2s1_032276_06.jpg,177,market1501,1
market1501/bounding_box_train/0177_c2s1_032301_03.jpg,177,market1501,1
market1501/bounding_box_train/0177_c2s1_032301_08.jpg,177,market1501,1
market1501/bounding_box_train/0177_c2s1_041726_01.jpg,177,market1501,1
market1501/bounding_box_train/0177_c2s1_041751_01.jpg,177,market1501,1
market1501/bounding_box_train/0177_c3s1_032476_03.jpg,177,market1501,2
market1501/bounding_box_train/0177_c3s1_032501_02.jpg,177,market1501,2
market1501/bounding_box_train/0177_c3s1_041526_02.jpg,177,market1501,2
market1501/bounding_box_train/0177_c3s1_041551_02.jpg,177,market1501,2
market1501/bounding_box_train/0177_c5s1_032626_03.jpg,177,market1501,4
market1501/bounding_box_train/0177_c6s1_033051_02.jpg,177,market1501,5
market1501/bounding_box_train/0177_c6s1_033076_02.jpg,177,market1501,5
market1501/bounding_box_train/0177_c6s1_033101_02.jpg,177,market1501,5
market1501/bounding_box_train/0177_c6s1_042026_02.jpg,177,market1501,5
market1501/bounding_box_train/0177_c6s1_042051_02.jpg,177,market1501,5
market1501/bounding_box_train/0179_c1s6_029221_02.jpg,179,market1501,0
market1501/bounding_box_train/0179_c1s6_029246_03.jpg,179,market1501,0
market1501/bounding_box_train/0179_c1s6_029396_02.jpg,179,market1501,0
market1501/bounding_box_train/0179_c3s3_077919_05.jpg,179,market1501,2
market1501/bounding_box_train/0179_c3s3_078044_01.jpg,179,market1501,2
market1501/bounding_box_train/0179_c3s3_078119_02.jpg,179,market1501,2
market1501/bounding_box_train/0179_c5s3_078512_01.jpg,179,market1501,4
market1501/bounding_box_train/0179_c5s3_078562_01.jpg,179,market1501,4
market1501/bounding_box_train/0179_c6s4_004552_02.jpg,179,market1501,5
market1501/bounding_box_train/0179_c6s4_004552_06.jpg,179,market1501,5
market1501/bounding_box_train/0179_c6s4_004577_01.jpg,179,market1501,5
market1501/bounding_box_train/0179_c6s4_004577_04.jpg,179,market1501,5
market1501/bounding_box_train/0179_c6s4_004602_02.jpg,179,market1501,5
market1501/bounding_box_train/0180_c1s6_029346_03.jpg,180,market1501,0
market1501/bounding_box_train/0180_c1s6_029396_04.jpg,180,market1501,0
market1501/bounding_box_train/0180_c3s3_077919_04.jpg,180,market1501,2
market1501/bounding_box_train/0180_c3s3_078044_03.jpg,180,market1501,2
market1501/bounding_box_train/0180_c3s3_078144_04.jpg,180,market1501,2
market1501/bounding_box_train/0180_c3s3_078194_03.jpg,180,market1501,2
market1501/bounding_box_train/0180_c5s3_078537_01.jpg,180,market1501,4
market1501/bounding_box_train/0180_c5s3_078562_02.jpg,180,market1501,4
market1501/bounding_box_train/0180_c5s3_078562_08.jpg,180,market1501,4
market1501/bounding_box_train/0180_c5s3_078662_06.jpg,180,market1501,4
market1501/bounding_box_train/0180_c6s4_004627_04.jpg,180,market1501,5
market1501/bounding_box_train/0180_c6s4_004652_04.jpg,180,market1501,5
market1501/bounding_box_train/0180_c6s4_004652_07.jpg,180,market1501,5
market1501/bounding_box_train/0180_c6s4_004702_03.jpg,180,market1501,5
market1501/bounding_box_train/0181_c1s1_033626_01.jpg,181,market1501,0
market1501/bounding_box_train/0181_c1s1_033651_01.jpg,181,market1501,0
market1501/bounding_box_train/0181_c1s1_033726_01.jpg,181,market1501,0
market1501/bounding_box_train/0181_c2s1_033076_01.jpg,181,market1501,1
market1501/bounding_box_train/0181_c2s1_033076_03.jpg,181,market1501,1
market1501/bounding_box_train/0181_c2s1_033101_02.jpg,181,market1501,1
market1501/bounding_box_train/0181_c3s1_033326_04.jpg,181,market1501,2
market1501/bounding_box_train/0181_c3s1_033351_03.jpg,181,market1501,2
market1501/bounding_box_train/0181_c3s1_033401_01.jpg,181,market1501,2
market1501/bounding_box_train/0181_c4s1_034101_01.jpg,181,market1501,3
market1501/bounding_box_train/0181_c4s1_034176_04.jpg,181,market1501,3
market1501/bounding_box_train/0181_c4s1_034201_01.jpg,181,market1501,3
market1501/bounding_box_train/0181_c5s1_033551_02.jpg,181,market1501,4
market1501/bounding_box_train/0181_c5s1_033851_01.jpg,181,market1501,4
market1501/bounding_box_train/0181_c5s1_033926_02.jpg,181,market1501,4
market1501/bounding_box_train/0181_c5s1_034026_01.jpg,181,market1501,4
market1501/bounding_box_train/0181_c5s1_034101_01.jpg,181,market1501,4
market1501/bounding_box_train/0181_c5s1_034126_04.jpg,181,market1501,4
market1501/bounding_box_train/0201_c1s1_039976_02.jpg,201,market1501,0
market1501/bounding_box_train/0201_c1s1_040001_01.jpg,201,market1501,0
market1501/bounding_box_train/0201_c2s1_039376_01.jpg,201,market1501,1
market1501/bounding_box_train/0201_c2s1_039401_01.jpg,201,market1501,1
market1501/bounding_box_train/0201_c2s1_039501_01.jpg,201,market1501,1
market1501/bounding_box_train/0201_c3s1_039676_01.jpg,201,market1501,2
market1501/bounding_box_train/0201_c6s1_040226_01.jpg,201,market1501,5
market1501/bounding_box_train/0201_c6s1_040251_01.jpg,201,market1501,5
market1501/bounding_box_train/0201_c6s1_040276_01.jpg,201,market1501,5
market1501/bounding_box_train/0212_c2s1_042851_01.jpg,212,market1501,1
market1501/bounding_box_train/0212_c2s1_042851_06.jpg,212,market1501,1
market1501/bounding_box_train/0212_c2s1_042876_02.jpg,212,market1501,1
market1501/bounding_box_train/0212_c3s1_042926_03.jpg,212,market1501,2
market1501/bounding_box_train/0212_c3s1_042976_04.jpg,212,market1501,2
market1501/bounding_box_train/0216_c1s1_044501_03.jpg,216,market1501,0
market1501/bounding_box_train/0216_c1s1_044626_03.jpg,216,market1501,0
market1501/bounding_box_train/0216_c1s1_045226_04.jpg,216,market1501,0
market1501/bounding_box_train/0216_c1s2_020466_04.jpg,216,market1501,0
market1501/bounding_box_train/0216_c2s1_092896_02.jpg,216,market1501,1
market1501/bounding_box_train/0216_c3s1_044076_02.jpg,216,market1501,2
market1501/bounding_box_train/0216_c3s1_044276_02.jpg,216,market1501,2
market1501/bounding_box_train/0216_c3s1_044451_01.jpg,216,market1501,2
market1501/bounding_box_train/0216_c3s1_044551_03.jpg,216,market1501,2
market1501/bounding_box_train/0216_c3s1_044601_03.jpg,216,market1501,2
market1501/bounding_box_train/0216_c3s1_092492_05.jpg,216,market1501,2
market1501/bounding_box_train/0216_c4s1_045201_03.jpg,216,market1501,3
market1501/bounding_box_train/0216_c4s1_045251_03.jpg,216,market1501,3
market1501/bounding_box_train/0216_c4s1_045276_02.jpg,216,market1501,3
market1501/bounding_box_train/0216_c4s2_019342_01.jpg,216,market1501,3
market1501/bounding_box_train/0216_c4s2_019517_02.jpg,216,market1501,3
market1501/bounding_box_train/0216_c5s1_044501_04.jpg,216,market1501,4
market1501/bounding_box_train/0216_c5s1_044676_02.jpg,216,market1501,4
market1501/bounding_box_train/0216_c5s1_044826_04.jpg,216,market1501,4
market1501/bounding_box_train/0216_c5s1_044976_03.jpg,216,market1501,4
market1501/bounding_box_train/0216_c5s1_045126_03.jpg,216,market1501,4
market1501/bounding_box_train/0216_c5s1_045151_01.jpg,216,market1501,4
market1501/bounding_box_train/0216_c5s1_045301_03.jpg,216,market1501,4
market1501/bounding_box_train/0216_c5s1_045326_12.jpg,216,market1501,4
market1501/bounding_box_train/0216_c5s1_092798_03.jpg,216,market1501,4
market1501/bounding_box_train/0216_c5s1_092873_02.jpg,216,market1501,4
market1501/bounding_box_train/0216_c5s1_093048_02.jpg,216,market1501,4
market1501/bounding_box_train/0221_c1s1_046201_01.jpg,221,market1501,0
market1501/bounding_box_train/0221_c2s1_045526_01.jpg,221,market1501,1
market1501/bounding_box_train/0221_c2s1_045626_01.jpg,221,market1501,1
market1501/bounding_box_train/0221_c2s2_146977_02.jpg,221,market1501,1
market1501/bounding_box_train/0221_c2s2_147002_01.jpg,221,market1501,1
market1501/bounding_box_train/0221_c3s1_045951_02.jpg,221,market1501,2
market1501/bounding_box_train/0221_c3s1_045976_02.jpg,221,market1501,2
market1501/bounding_box_train/0221_c3s2_149719_01.jpg,221,market1501,2
market1501/bounding_box_train/0221_c3s2_149744_02.jpg,221,market1501,2
market1501/bounding_box_train/0221_c5s1_046101_01.jpg,221,market1501,4
market1501/bounding_box_train/0221_c5s1_046126_01.jpg,221,market1501,4
market1501/bounding_box_train/0221_c5s1_046176_01.jpg,221,market1501,4
market1501/bounding_box_train/0221_c5s1_046251_01.jpg,221,market1501,4
market1501/bounding_box_train/0221_c5s2_150549_01.jpg,221,market1501,4
market1501/bounding_box_train/0221_c6s1_046501_02.jpg,221,market1501,5
market1501/bounding_box_train/0221_c6s1_046526_03.jpg,221,market1501,5
market1501/bounding_box_train/0221_c6s1_046576_04.jpg,221,market1501,5
market1501/bounding_box_train/0221_c6s3_011567_04.jpg,221,market1501,5
market1501/bounding_box_train/0221_c6s3_011592_02.jpg,221,market1501,5
market1501/bounding_box_train/0222_c1s1_046326_01.jpg,222,market1501,0
market1501/bounding_box_train/0222_c1s1_046351_01.jpg,222,market1501,0
market1501/bounding_box_train/0222_c1s1_046801_01.jpg,222,market1501,0
market1501/bounding_box_train/0222_c2s1_045776_01.jpg,222,market1501,1
market1501/bounding_box_train/0222_c2s1_045801_02.jpg,222,market1501,1
market1501/bounding_box_train/0222_c3s1_045951_01.jpg,222,market1501,2
market1501/bounding_box_train/0222_c3s1_045976_01.jpg,222,market1501,2
market1501/bounding_box_train/0222_c3s1_046101_04.jpg,222,market1501,2
market1501/bounding_box_train/0222_c4s1_046651_01.jpg,222,market1501,3
market1501/bounding_box_train/0222_c4s1_046676_01.jpg,222,market1501,3
market1501/bounding_box_train/0222_c4s1_046751_01.jpg,222,market1501,3
market1501/bounding_box_train/0222_c5s1_046351_01.jpg,222,market1501,4
market1501/bounding_box_train/0222_c5s1_046376_01.jpg,222,market1501,4
market1501/bounding_box_train/0222_c5s1_046451_01.jpg,222,market1501,4
market1501/bounding_box_train/0222_c5s1_046451_02.jpg,222,market1501,4
market1501/bounding_box_train/0222_c5s1_046526_01.jpg,222,market1501,4
market1501/bounding_box_train/0222_c5s1_046526_03.jpg,222,market1501,4
market1501/bounding_box_train/0222_c5s1_046601_01.jpg,222,market1501,4
market1501/bounding_box_train/0222_c5s1_046601_03.jpg,222,market1501,4
market1501/bounding_box_train/0222_c5s1_046751_01.jpg,222,market1501,4
market1501/bounding_box_train/0222_c5s1_046776_01.jpg,222,market1501,4
market1501/bounding_box_train/0222_c5s1_046776_02.jpg,222,market1501,4
market1501/bounding_box_train/0222_c5s1_046826_02.jpg,222,market1501,4
market1501/bounding_box_train/0222_c6s1_046526_02.jpg,222,market1501,5
market1501/bounding_box_train/0222_c6s1_046551_02.jpg,222,market1501,5
market1501/bounding_box_train/0222_c6s1_046576_03.jpg,222,market1501,5
market1501/bounding_box_train/0222_c6s1_046601_01.jpg,222,market1501,5
market1501/bounding_box_train/0222_c6s1_046626_01.jpg,222,market1501,5
market1501/bounding_box_train/0225_c1s1_047151_05.jpg,225,market1501,0
market1501/bounding_box_train/0225_c1s1_047201_02.jpg,225,market1501,0
market1501/bounding_box_train/0225_c1s1_054851_04.jpg,225,market1501,0
market1501/bounding_box_train/0225_c1s1_055181_05.jpg,225,market1501,0
market1501/bounding_box_train/0225_c2s1_046426_04.jpg,225,market1501,1
market1501/bounding_box_train/0225_c2s1_046476_05.jpg,225,market1501,1
market1501/bounding_box_train/0225_c2s1_046501_06.jpg,225,market1501,1
market1501/bounding_box_train/0225_c2s1_054751_02.jpg,225,market1501,1
market1501/bounding_box_train/0225_c2s1_054801_05.jpg,225,market1501,1
market1501/bounding_box_train/0225_c3s1_046801_03.jpg,225,market1501,2
market1501/bounding_box_train/0225_c3s1_046826_03.jpg,225,market1501,2
market1501/bounding_box_train/0225_c3s1_047001_03.jpg,225,market1501,2
market1501/bounding_box_train/0225_c3s1_054351_03.jpg,225,market1501,2
market1501/bounding_box_train/0225_c3s1_054401_04.jpg,225,market1501,2
market1501/bounding_box_train/0225_c4s1_054126_02.jpg,225,market1501,3
market1501/bounding_box_train/0225_c4s1_054151_02.jpg,225,market1501,3
market1501/bounding_box_train/0225_c5s1_047126_01.jpg,225,market1501,4
market1501/bounding_box_train/0225_c5s1_047201_03.jpg,225,market1501,4
market1501/bounding_box_train/0225_c5s1_047301_01.jpg,225,market1501,4
market1501/bounding_box_train/0225_c5s1_047401_02.jpg,225,market1501,4
market1501/bounding_box_train/0225_c5s1_054726_02.jpg,225,market1501,4
market1501/bounding_box_train/0225_c5s1_054801_02.jpg,225,market1501,4
market1501/bounding_box_train/0225_c5s1_054876_04.jpg,225,market1501,4
market1501/bounding_box_train/0225_c5s1_054926_04.jpg,225,market1501,4
market1501/bounding_box_train/0225_c6s1_047501_01.jpg,225,market1501,5
market1501/bounding_box_train/0225_c6s1_047526_01.jpg,225,market1501,5
market1501/bounding_box_train/0225_c6s1_047551_02.jpg,225,market1501,5
market1501/bounding_box_train/0225_c6s1_047601_03.jpg,225,market1501,5
market1501/bounding_box_train/0225_c6s1_054776_10.jpg,225,market1501,5
market1501/bounding_box_train/0225_c6s1_054801_10.jpg,225,market1501,5
market1501/bounding_box_train/0232_c1s1_048101_01.jpg,232,market1501,0
market1501/bounding_box_train/0232_c1s1_048151_01.jpg,232,market1501,0
market1501/bounding_box_train/0232_c1s1_048176_02.jpg,232,market1501,0
market1501/bounding_box_train/0232_c1s1_055181_02.jpg,232,market1501,0
market1501/bounding_box_train/0232_c1s1_055231_02.jpg,232,market1501,0
market1501/bounding_box_train/0232_c1s1_071081_01.jpg,232,market1501,0
market1501/bounding_box_train/0232_c1s1_071331_02.jpg,232,market1501,0
market1501/bounding_box_train/0232_c2s1_047551_01.jpg,232,market1501,1
market1501/bounding_box_train/0232_c2s1_047601_02.jpg,232,market1501,1
market1501/bounding_box_train/0232_c2s1_047651_02.jpg,232,market1501,1
market1501/bounding_box_train/0232_c2s1_070796_01.jpg,232,market1501,1
market1501/bounding_box_train/0232_c3s1_047551_01.jpg,232,market1501,2
market1501/bounding_box_train/0232_c3s1_047751_01.jpg,232,market1501,2
market1501/bounding_box_train/0232_c3s1_054576_01.jpg,232,market1501,2
market1501/bounding_box_train/0232_c3s1_054926_01.jpg,232,market1501,2
market1501/bounding_box_train/0232_c3s1_055051_04.jpg,232,market1501,2
market1501/bounding_box_train/0232_c3s1_070392_02.jpg,232,market1501,2
market1501/bounding_box_train/0232_c3s1_070467_01.jpg,232,market1501,2
market1501/bounding_box_train/0232_c5s1_048076_01.jpg,232,market1501,4
market1501/bounding_box_train/0232_c5s1_048151_02.jpg,232,market1501,4
market1501/bounding_box_train/0232_c5s1_055126_07.jpg,232,market1501,4
market1501/bounding_box_train/0232_c5s1_055176_01.jpg,232,market1501,4
market1501/bounding_box_train/0232_c5s1_055223_03.jpg,232,market1501,4
market1501/bounding_box_train/0232_c5s1_055223_07.jpg,232,market1501,4
market1501/bounding_box_train/0232_c5s1_055273_01.jpg,232,market1501,4
market1501/bounding_box_train/0232_c5s1_055273_10.jpg,232,market1501,4
market1501/bounding_box_train/0232_c5s1_055373_01.jpg,232,market1501,4
market1501/bounding_box_train/0232_c5s1_055498_02.jpg,232,market1501,4
market1501/bounding_box_train/0232_c5s1_071048_02.jpg,232,market1501,4
market1501/bounding_box_train/0232_c5s1_071098_02.jpg,232,market1501,4
market1501/bounding_box_train/0232_c5s1_071123_02.jpg,232,market1501,4
market1501/bounding_box_train/0232_c6s1_048326_01.jpg,232,market1501,5
market1501/bounding_box_train/0232_c6s1_048351_01.jpg,232,market1501,5
market1501/bounding_box_train/0232_c6s1_048376_01.jpg,232,market1501,5
market1501/bounding_box_train/0232_c6s1_048401_01.jpg,232,market1501,5
market1501/bounding_box_train/0232_c6s1_048426_01.jpg,232,market1501,5
market1501/bounding_box_train/0232_c6s1_054976_01.jpg,232,market1501,5
market1501/bounding_box_train/0232_c6s1_055001_01.jpg,232,market1501,5
market1501/bounding_box_train/0232_c6s1_055026_01.jpg,232,market1501,5
market1501/bounding_box_train/0232_c6s1_055051_02.jpg,232,market1501,5
market1501/bounding_box_train/0232_c6s1_055076_02.jpg,232,market1501,5
market1501/bounding_box_train/0232_c6s1_055526_04.jpg,232,market1501,5
market1501/bounding_box_train/0232_c6s1_055551_04.jpg,232,market1501,5
market1501/bounding_box_train/0232_c6s1_055551_06.jpg,232,market1501,5
market1501/bounding_box_train/0232_c6s1_055576_04.jpg,232,market1501,5
market1501/bounding_box_train/0232_c6s1_055576_06.jpg,232,market1501,5
market1501/bounding_box_train/0232_c6s1_055701_04.jpg,232,market1501,5
market1501/bounding_box_train/0232_c6s1_070876_03.jpg,232,market1501,5
market1501/bounding_box_train/0232_c6s1_070926_01.jpg,232,market1501,5
market1501/bounding_box_train/0232_c6s1_070926_04.jpg,232,market1501,5
market1501/bounding_box_train/0232_c6s1_070951_01.jpg,232,market1501,5
market1501/bounding_box_train/0232_c6s1_071001_01.jpg,232,market1501,5
market1501/bounding_box_train/0232_c6s1_071026_01.jpg,232,market1501,5
market1501/bounding_box_train/0232_c6s1_071026_04.jpg,232,market1501,5
market1501/bounding_box_train/0234_c2s3_073202_04.jpg,234,market1501,1
market1501/bounding_box_train/0234_c2s3_073227_03.jpg,234,market1501,1
market1501/bounding_box_train/0234_c3s3_079494_02.jpg,234,market1501,2
market1501/bounding_box_train/0234_c3s3_079519_02.jpg,234,market1501,2
market1501/bounding_box_train/0234_c6s4_005977_02.jpg,234,market1501,5
market1501/bounding_box_train/0234_c6s4_006002_02.jpg,234,market1501,5
market1501/bounding_box_train/0234_c6s4_006027_01.jpg,234,market1501,5
market1501/bounding_box_train/0234_c6s4_006027_04.jpg,234,market1501,5
market1501/bounding_box_train/0237_c1s1_050251_01.jpg,237,market1501,0
market1501/bounding_box_train/0237_c2s1_049726_03.jpg,237,market1501,1
market1501/bounding_box_train/0237_c2s1_049751_01.jpg,237,market1501,1
market1501/bounding_box_train/0237_c3s1_049401_01.jpg,237,market1501,2
market1501/bounding_box_train/0237_c3s1_049426_01.jpg,237,market1501,2
market1501/bounding_box_train/0237_c4s1_049476_02.jpg,237,market1501,3
market1501/bounding_box_train/0237_c4s1_049526_01.jpg,237,market1501,3
market1501/bounding_box_train/0237_c4s1_049551_01.jpg,237,market1501,3
market1501/bounding_box_train/0237_c5s1_049776_01.jpg,237,market1501,4
market1501/bounding_box_train/0237_c5s1_049801_01.jpg,237,market1501,4
market1501/bounding_box_train/0237_c5s1_049826_01.jpg,237,market1501,4
market1501/bounding_box_train/0237_c5s1_049901_01.jpg,237,market1501,4
market1501/bounding_box_train/0237_c5s1_050101_01.jpg,237,market1501,4
market1501/bounding_box_train/0237_c6s1_049926_02.jpg,237,market1501,5
market1501/bounding_box_train/0237_c6s1_049951_06.jpg,237,market1501,5
market1501/bounding_box_train/0245_c2s3_073227_02.jpg,245,market1501,1
market1501/bounding_box_train/0245_c2s3_073302_02.jpg,245,market1501,1
market1501/bounding_box_train/0245_c2s3_073327_01.jpg,245,market1501,1
market1501/bounding_box_train/0245_c2s3_073352_01.jpg,245,market1501,1
market1501/bounding_box_train/0245_c3s3_079594_03.jpg,245,market1501,2
market1501/bounding_box_train/0245_c5s3_079912_06.jpg,245,market1501,4
market1501/bounding_box_train/0245_c6s4_006152_01.jpg,245,market1501,5
market1501/bounding_box_train/0245_c6s4_006177_02.jpg,245,market1501,5
market1501/bounding_box_train/0255_c1s1_060181_03.jpg,255,market1501,0
market1501/bounding_box_train/0255_c1s1_060281_01.jpg,255,market1501,0
market1501/bounding_box_train/0255_c1s1_060356_01.jpg,255,market1501,0
market1501/bounding_box_train/0255_c1s1_060481_02.jpg,255,market1501,0
market1501/bounding_box_train/0255_c2s1_053476_01.jpg,255,market1501,1
market1501/bounding_box_train/0255_c2s1_053626_01.jpg,255,market1501,1
market1501/bounding_box_train/0255_c2s1_060046_01.jpg,255,market1501,1
market1501/bounding_box_train/0255_c2s1_060071_01.jpg,255,market1501,1
market1501/bounding_box_train/0255_c2s1_060071_04.jpg,255,market1501,1
market1501/bounding_box_train/0255_c3s1_053801_01.jpg,255,market1501,2
market1501/bounding_box_train/0255_c3s1_053826_01.jpg,255,market1501,2
market1501/bounding_box_train/0255_c3s1_059467_02.jpg,255,market1501,2
market1501/bounding_box_train/0255_c3s1_059842_01.jpg,255,market1501,2
market1501/bounding_box_train/0255_c3s1_059867_01.jpg,255,market1501,2
market1501/bounding_box_train/0255_c5s1_054026_01.jpg,255,market1501,4
market1501/bounding_box_train/0255_c5s1_054051_01.jpg,255,market1501,4
market1501/bounding_box_train/0255_c5s1_054176_01.jpg,255,market1501,4
market1501/bounding_box_train/0255_c5s1_060123_01.jpg,255,market1501,4
market1501/bounding_box_train/0255_c5s1_060148_01.jpg,255,market1501,4
market1501/bounding_box_train/0255_c5s1_060148_05.jpg,255,market1501,4
market1501/bounding_box_train/0255_c5s1_060298_01.jpg,255,market1501,4
market1501/bounding_box_train/0255_c5s1_060398_01.jpg,255,market1501,4
market1501/bounding_box_train/0255_c5s1_060398_04.jpg,255,market1501,4
market1501/bounding_box_train/0255_c5s1_060423_01.jpg,255,market1501,4
market1501/bounding_box_train/0255_c5s1_060423_04.jpg,255,market1501,4
market1501/bounding_box_train/0255_c5s1_060473_01.jpg,255,market1501,4
market1501/bounding_box_train/0255_c5s1_060473_03.jpg,255,market1501,4
market1501/bounding_box_train/0255_c5s1_060498_01.jpg,255,market1501,4
market1501/bounding_box_train/0255_c5s1_060498_03.jpg,255,market1501,4
market1501/bounding_box_train/0255_c5s1_060573_01.jpg,255,market1501,4
market1501/bounding_box_train/0255_c5s1_060573_04.jpg,255,market1501,4
market1501/bounding_box_train/0255_c6s1_054401_01.jpg,255,market1501,5
market1501/bounding_box_train/0255_c6s1_054426_01.jpg,255,market1501,5
market1501/bounding_box_train/0255_c6s1_054451_01.jpg,255,market1501,5
market1501/bounding_box_train/0255_c6s1_054476_01.jpg,255,market1501,5
market1501/bounding_box_train/0255_c6s1_054501_01.jpg,255,market1501,5
market1501/bounding_box_train/0255_c6s1_054526_01.jpg,255,market1501,5
market1501/bounding_box_train/0255_c6s1_054776_01.jpg,255,market1501,5
market1501/bounding_box_train/0255_c6s1_059901_01.jpg,255,market1501,5
market1501/bounding_box_train/0255_c6s1_059926_01.jpg,255,market1501,5
market1501/bounding_box_train/0255_c6s1_059951_01.jpg,255,market1501,5
market1501/bounding_box_train/0255_c6s1_059976_01.jpg,255,market1501,5
market1501/bounding_box_train/0255_c6s1_060051_01.jpg,255,market1501,5
market1501/bounding_box_train/0255_c6s1_060126_01.jpg,255,market1501,5
market1501/bounding_box_train/0259_c1s1_054851_01.jpg,259,market1501,0
market1501/bounding_box_train/0259_c1s1_055051_02.jpg,259,market1501,0
market1501/bounding_box_train/0259_c1s1_064706_01.jpg,259,market1501,0
market1501/bounding_box_train/0259_c3s1_054451_01.jpg,259,market1501,2
market1501/bounding_box_train/0259_c3s1_054501_01.jpg,259,market1501,2
market1501/bounding_box_train/0259_c3s1_054576_02.jpg,259,market1501,2
market1501/bounding_box_train/0259_c3s1_054651_02.jpg,259,market1501,2
market1501/bounding_box_train/0259_c3s1_063942_01.jpg,259,market1501,2
market1501/bounding_box_train/0259_c3s1_064167_01.jpg,259,market1501,2
market1501/bounding_box_train/0259_c5s1_054726_05.jpg,259,market1501,4
market1501/bounding_box_train/0259_c5s1_054801_03.jpg,259,market1501,4
market1501/bounding_box_train/0259_c5s1_054876_02.jpg,259,market1501,4
market1501/bounding_box_train/0259_c5s1_055126_03.jpg,259,market1501,4
market1501/bounding_box_train/0259_c5s1_064673_01.jpg,259,market1501,4
market1501/bounding_box_train/0259_c6s1_055076_01.jpg,259,market1501,5
market1501/bounding_box_train/0259_c6s1_055101_01.jpg,259,market1501,5
market1501/bounding_box_train/0259_c6s1_055126_01.jpg,259,market1501,5
market1501/bounding_box_train/0259_c6s1_055151_01.jpg,259,market1501,5
market1501/bounding_box_train/0259_c6s1_055176_01.jpg,259,market1501,5
market1501/bounding_box_train/0259_c6s1_055201_03.jpg,259,market1501,5
market1501/bounding_box_train/0259_c6s1_055201_06.jpg,259,market1501,5
market1501/bounding_box_train/0259_c6s1_055226_02.jpg,259,market1501,5
market1501/bounding_box_train/0259_c6s1_055226_07.jpg,259,market1501,5
market1501/bounding_box_train/0259_c6s1_055251_03.jpg,259,market1501,5
market1501/bounding_box_train/0259_c6s1_064351_01.jpg,259,market1501,5
market1501/bounding_box_train/0259_c6s1_064376_01.jpg,259,market1501,5
market1501/bounding_box_train/0259_c6s1_064401_01.jpg,259,market1501,5
market1501/bounding_box_train/0259_c6s1_064476_01.jpg,259,market1501,5
market1501/bounding_box_train/0259_c6s1_064526_01.jpg,259,market1501,5
market1501/bounding_box_train/0259_c6s1_064526_04.jpg,259,market1501,5
market1501/bounding_box_train/0259_c6s1_064551_01.jpg,259,market1501,5
market1501/bounding_box_train/0268_c1s1_068306_01.jpg,268,market1501,0
market1501/bounding_box_train/0268_c1s1_068331_01.jpg,268,market1501,0
market1501/bounding_box_train/0268_c3s1_067517_02.jpg,268,market1501,2
market1501/bounding_box_train/0268_c3s1_067542_03.jpg,268,market1501,2
market1501/bounding_box_train/0268_c4s1_056932_03.jpg,268,market1501,3
market1501/bounding_box_train/0268_c4s1_057057_02.jpg,268,market1501,3
market1501/bounding_box_train/0268_c4s1_057082_03.jpg,268,market1501,3
market1501/bounding_box_train/0268_c4s1_057132_04.jpg,268,market1501,3
market1501/bounding_box_train/0268_c4s1_068607_03.jpg,268,market1501,3
market1501/bounding_box_train/0268_c4s1_068657_01.jpg,268,market1501,3
market1501/bounding_box_train/0268_c5s1_068248_01.jpg,268,market1501,4
market1501/bounding_box_train/0268_c5s1_068323_02.jpg,268,market1501,4
market1501/bounding_box_train/0268_c5s1_068398_02.jpg,268,market1501,4
market1501/bounding_box_train/0268_c6s1_068001_01.jpg,268,market1501,5
market1501/bounding_box_train/0268_c6s1_068026_01.jpg,268,market1501,5
market1501/bounding_box_train/0268_c6s1_068051_01.jpg,268,market1501,5
market1501/bounding_box_train/0268_c6s1_068076_01.jpg,268,market1501,5
market1501/bounding_box_train/0268_c6s1_068101_03.jpg,268,market1501,5
market1501/bounding_box_train/0268_c6s1_068126_02.jpg,268,market1501,5
market1501/bounding_box_train/0268_c6s1_068151_03.jpg,268,market1501,5
market1501/bounding_box_train/0268_c6s1_068176_03.jpg,268,market1501,5
market1501/bounding_box_train/0268_c6s1_068226_01.jpg,268,market1501,5
market1501/bounding_box_train/0268_c6s1_068251_02.jpg,268,market1501,5
market1501/bounding_box_train/0269_c1s1_058056_01.jpg,269,market1501,0
market1501/bounding_box_train/0269_c1s1_058081_02.jpg,269,market1501,0
market1501/bounding_box_train/0269_c1s1_058106_02.jpg,269,market1501,0
market1501/bounding_box_train/0269_c1s1_058156_01.jpg,269,market1501,0
market1501/bounding_box_train/0269_c1s1_058181_02.jpg,269,market1501,0
market1501/bounding_box_train/0269_c1s1_059806_01.jpg,269,market1501,0
market1501/bounding_box_train/0269_c1s1_060031_03.jpg,269,market1501,0
market1501/bounding_box_train/0269_c1s1_060181_04.jpg,269,market1501,0
market1501/bounding_box_train/0269_c1s1_061581_03.jpg,269,market1501,0
market1501/bounding_box_train/0269_c2s1_057371_01.jpg,269,market1501,1
market1501/bounding_box_train/0269_c2s1_057521_03.jpg,269,market1501,1
market1501/bounding_box_train/0269_c3s1_057667_02.jpg,269,market1501,2
market1501/bounding_box_train/0269_c3s1_057767_02.jpg,269,market1501,2
market1501/bounding_box_train/0269_c3s1_057842_01.jpg,269,market1501,2
market1501/bounding_box_train/0269_c3s1_059067_02.jpg,269,market1501,2
market1501/bounding_box_train/0269_c3s1_059092_01.jpg,269,market1501,2
market1501/bounding_box_train/0269_c4s1_058682_01.jpg,269,market1501,3
market1501/bounding_box_train/0269_c4s1_059007_01.jpg,269,market1501,3
market1501/bounding_box_train/0269_c4s1_059132_02.jpg,269,market1501,3
market1501/bounding_box_train/0269_c5s1_058148_04.jpg,269,market1501,4
market1501/bounding_box_train/0269_c5s1_058198_02.jpg,269,market1501,4
market1501/bounding_box_train/0269_c5s1_058373_01.jpg,269,market1501,4
market1501/bounding_box_train/0269_c5s1_058423_02.jpg,269,market1501,4
market1501/bounding_box_train/0269_c5s1_058448_02.jpg,269,market1501,4
market1501/bounding_box_train/0269_c5s1_058473_02.jpg,269,market1501,4
market1501/bounding_box_train/0269_c5s1_058648_06.jpg,269,market1501,4
market1501/bounding_box_train/0269_c5s1_058673_07.jpg,269,market1501,4
market1501/bounding_box_train/0269_c5s1_058723_02.jpg,269,market1501,4
market1501/bounding_box_train/0269_c5s1_059498_02.jpg,269,market1501,4
market1501/bounding_box_train/0269_c5s1_059523_02.jpg,269,market1501,4
market1501/bounding_box_train/0269_c5s1_059523_04.jpg,269,market1501,4
market1501/bounding_box_train/0269_c5s1_059573_02.jpg,269,market1501,4
market1501/bounding_box_train/0269_c5s1_059648_02.jpg,269,market1501,4
market1501/bounding_box_train/0269_c5s1_060023_03.jpg,269,market1501,4
market1501/bounding_box_train/0269_c6s1_058476_02.jpg,269,market1501,5
market1501/bounding_box_train/0269_c6s1_058501_06.jpg,269,market1501,5
market1501/bounding_box_train/0269_c6s1_059551_01.jpg,269,market1501,5
market1501/bounding_box_train/0269_c6s1_059576_01.jpg,269,market1501,5
market1501/bounding_box_train/0269_c6s1_059601_01.jpg,269,market1501,5
market1501/bounding_box_train/0272_c1s1_066031_01.jpg,272,market1501,0
market1501/bounding_box_train/0272_c2s2_130777_02.jpg,272,market1501,1
market1501/bounding_box_train/0272_c2s2_130802_04.jpg,272,market1501,1
market1501/bounding_box_train/0272_c2s2_130827_03.jpg,272,market1501,1
market1501/bounding_box_train/0272_c3s1_058292_02.jpg,272,market1501,2
market1501/bounding_box_train/0272_c3s1_065017_02.jpg,272,market1501,2
market1501/bounding_box_train/0272_c3s1_065142_02.jpg,272,market1501,2
market1501/bounding_box_train/0272_c3s1_066917_01.jpg,272,market1501,2
market1501/bounding_box_train/0272_c3s2_133569_03.jpg,272,market1501,2
market1501/bounding_box_train/0272_c3s2_133594_07.jpg,272,market1501,2
market1501/bounding_box_train/0272_c5s1_065823_02.jpg,272,market1501,4
market1501/bounding_box_train/0272_c5s1_065948_01.jpg,272,market1501,4
market1501/bounding_box_train/0272_c5s1_065948_04.jpg,272,market1501,4
market1501/bounding_box_train/0272_c5s1_066273_01.jpg,272,market1501,4
market1501/bounding_box_train/0272_c5s1_066273_03.jpg,272,market1501,4
market1501/bounding_box_train/0272_c5s1_066298_01.jpg,272,market1501,4
market1501/bounding_box_train/0272_c5s1_066298_03.jpg,272,market1501,4
market1501/bounding_box_train/0272_c5s1_067048_04.jpg,272,market1501,4
market1501/bounding_box_train/0272_c5s1_067223_01.jpg,272,market1501,4
market1501/bounding_box_train/0272_c5s1_067223_07.jpg,272,market1501,4
market1501/bounding_box_train/0272_c5s1_069398_01.jpg,272,market1501,4
market1501/bounding_box_train/0272_c5s1_069773_02.jpg,272,market1501,4
market1501/bounding_box_train/0272_c5s1_069798_03.jpg,272,market1501,4
market1501/bounding_box_train/0272_c6s1_056301_03.jpg,272,market1501,5
market1501/bounding_box_train/0272_c6s1_056376_02.jpg,272,market1501,5
market1501/bounding_box_train/0272_c6s1_056426_02.jpg,272,market1501,5
market1501/bounding_box_train/0272_c6s1_056451_02.jpg,272,market1501,5
market1501/bounding_box_train/0272_c6s1_056476_02.jpg,272,market1501,5
market1501/bounding_box_train/0272_c6s1_056776_01.jpg,272,market1501,5
market1501/bounding_box_train/0272_c6s1_056901_02.jpg,272,market1501,5
market1501/bounding_box_train/0272_c6s1_056976_01.jpg,272,market1501,5
market1501/bounding_box_train/0272_c6s1_057076_01.jpg,272,market1501,5
market1501/bounding_box_train/0272_c6s1_057076_06.jpg,272,market1501,5
market1501/bounding_box_train/0272_c6s1_057226_01.jpg,272,market1501,5
market1501/bounding_box_train/0272_c6s1_057376_02.jpg,272,market1501,5
market1501/bounding_box_train/0272_c6s1_057401_01.jpg,272,market1501,5
market1501/bounding_box_train/0272_c6s1_057426_01.jpg,272,market1501,5
market1501/bounding_box_train/0272_c6s1_057476_01.jpg,272,market1501,5
market1501/bounding_box_train/0272_c6s1_057501_01.jpg,272,market1501,5
market1501/bounding_box_train/0272_c6s1_057576_01.jpg,272,market1501,5
market1501/bounding_box_train/0272_c6s1_057676_02.jpg,272,market1501,5
market1501/bounding_box_train/0272_c6s1_057701_01.jpg,272,market1501,5
market1501/bounding_box_train/0272_c6s1_057701_02.jpg,272,market1501,5
market1501/bounding_box_train/0272_c6s1_057801_01.jpg,272,market1501,5
market1501/bounding_box_train/0272_c6s1_058051_01.jpg,272,market1501,5
market1501/bounding_box_train/0272_c6s1_058051_02.jpg,272,market1501,5
market1501/bounding_box_train/0272_c6s1_058251_01.jpg,272,market1501,5
market1501/bounding_box_train/0272_c6s1_059251_01.jpg,272,market1501,5
market1501/bounding_box_train/0272_c6s1_059251_06.jpg,272,market1501,5
market1501/bounding_box_train/0272_c6s1_059301_01.jpg,272,market1501,5
market1501/bounding_box_train/0272_c6s1_065451_01.jpg,272,market1501,5
market1501/bounding_box_train/0272_c6s1_065476_01.jpg,272,market1501,5
market1501/bounding_box_train/0272_c6s1_065501_01.jpg,272,market1501,5
market1501/bounding_box_train/0272_c6s1_065526_01.jpg,272,market1501,5
market1501/bounding_box_train/0272_c6s1_065651_01.jpg,272,market1501,5
market1501/bounding_box_train/0272_c6s1_065676_01.jpg,272,market1501,5
market1501/bounding_box_train/0272_c6s1_065701_01.jpg,272,market1501,5
market1501/bounding_box_train/0272_c6s1_067351_03.jpg,272,market1501,5
market1501/bounding_box_train/0272_c6s1_067576_01.jpg,272,market1501,5
market1501/bounding_box_train/0272_c6s1_067576_02.jpg,272,market1501,5
market1501/bounding_box_train/0272_c6s1_069901_01.jpg,272,market1501,5
market1501/bounding_box_train/0272_c6s1_070676_01.jpg,272,market1501,5
market1501/bounding_box_train/0272_c6s1_070751_01.jpg,272,market1501,5
market1501/bounding_box_train/0272_c6s1_071451_02.jpg,272,market1501,5
market1501/bounding_box_train/0272_c6s1_072351_02.jpg,272,market1501,5
market1501/bounding_box_train/0272_c6s2_127668_02.jpg,272,market1501,5
market1501/bounding_box_train/0272_c6s2_127743_02.jpg,272,market1501,5
market1501/bounding_box_train/0277_c3s1_060792_08.jpg,277,market1501,2
market1501/bounding_box_train/0277_c3s1_065267_04.jpg,277,market1501,2
market1501/bounding_box_train/0277_c5s1_065973_03.jpg,277,market1501,4
market1501/bounding_box_train/0277_c6s1_061426_05.jpg,277,market1501,5
market1501/bounding_box_train/0277_c6s1_065776_01.jpg,277,market1501,5
market1501/bounding_box_train/0277_c6s1_065826_02.jpg,277,market1501,5
market1501/bounding_box_train/0281_c1s1_062056_01.jpg,281,market1501,0
market1501/bounding_box_train/0281_c1s1_063556_02.jpg,281,market1501,0
market1501/bounding_box_train/0281_c2s1_061496_01.jpg,281,market1501,1
market1501/bounding_box_train/0281_c2s1_061496_02.jpg,281,market1501,1
market1501/bounding_box_train/0281_c2s1_061521_01.jpg,281,market1501,1
market1501/bounding_box_train/0281_c2s1_061521_05.jpg,281,market1501,1
market1501/bounding_box_train/0281_c3s1_061642_02.jpg,281,market1501,2
market1501/bounding_box_train/0281_c3s1_062892_02.jpg,281,market1501,2
market1501/bounding_box_train/0281_c3s1_062917_01.jpg,281,market1501,2
market1501/bounding_box_train/0281_c4s1_063507_04.jpg,281,market1501,3
market1501/bounding_box_train/0281_c4s1_063532_03.jpg,281,market1501,3
market1501/bounding_box_train/0281_c4s1_063682_04.jpg,281,market1501,3
market1501/bounding_box_train/0281_c5s1_062048_02.jpg,281,market1501,4
market1501/bounding_box_train/0281_c5s1_063498_01.jpg,281,market1501,4
market1501/bounding_box_train/0281_c5s1_063523_01.jpg,281,market1501,4
market1501/bounding_box_train/0281_c5s1_063548_01.jpg,281,market1501,4
market1501/bounding_box_train/0281_c5s1_063573_01.jpg,281,market1501,4
market1501/bounding_box_train/0281_c6s1_062226_04.jpg,281,market1501,5
market1501/bounding_box_train/0281_c6s1_062251_01.jpg,281,market1501,5
market1501/bounding_box_train/0281_c6s1_062251_02.jpg,281,market1501,5
market1501/bounding_box_train/0281_c6s1_063326_02.jpg,281,market1501,5
market1501/bounding_box_train/0281_c6s1_063351_02.jpg,281,market1501,5
market1501/bounding_box_train/0281_c6s1_063401_01.jpg,281,market1501,5
market1501/bounding_box_train/0281_c6s1_063426_01.jpg,281,market1501,5
market1501/bounding_box_train/0281_c6s1_063426_04.jpg,281,market1501,5
market1501/bounding_box_train/0281_c6s1_063451_01.jpg,281,market1501,5
market1501/bounding_box_train/0281_c6s1_063476_01.jpg,281,market1501,5
market1501/bounding_box_train/0297_c3s1_066067_04.jpg,297,market1501,2
market1501/bounding_box_train/0297_c3s1_066117_03.jpg,297,market1501,2
market1501/bounding_box_train/0297_c6s1_066551_01.jpg,297,market1501,5
market1501/bounding_box_train/0297_c6s1_066576_01.jpg,297,market1501,5
market1501/bounding_box_train/0297_c6s1_066601_01.jpg,297,market1501,5
market1501/bounding_box_train/0297_c6s1_066651_03.jpg,297,market1501,5
market1501/bounding_box_train/0297_c6s1_066676_01.jpg,297,market1501,5
market1501/bounding_box_train/0297_c6s1_066701_04.jpg,297,market1501,5
market1501/bounding_box_train/0297_c6s1_066726_03.jpg,297,market1501,5
market1501/bounding_box_train/0297_c6s1_066751_01.jpg,297,market1501,5
market1501/bounding_box_train/0297_c6s1_066776_03.jpg,297,market1501,5
market1501/bounding_box_train/0297_c6s1_066826_02.jpg,297,market1501,5
market1501/bounding_box_train/0297_c6s1_066851_02.jpg,297,market1501,5
market1501/bounding_box_train/0297_c6s1_066876_02.jpg,297,market1501,5
market1501/bounding_box_train/0301_c3s1_075617_02.jpg,301,market1501,2
market1501/bounding_box_train/0301_c5s1_076273_06.jpg,301,market1501,4
market1501/bounding_box_train/0301_c5s1_076373_03.jpg,301,market1501,4
market1501/bounding_box_train/0301_c6s1_067276_05.jpg,301,market1501,5
market1501/bounding_box_train/0301_c6s1_067326_03.jpg,301,market1501,5
market1501/bounding_box_train/0301_c6s1_067351_02.jpg,301,market1501,5
market1501/bounding_box_train/0301_c6s1_067376_05.jpg,301,market1501,5
market1501/bounding_box_train/0301_c6s1_067426_04.jpg,301,market1501,5
market1501/bounding_box_train/0301_c6s1_076026_05.jpg,301,market1501,5
market1501/bounding_box_train/0301_c6s1_076051_10.jpg,301,market1501,5
market1501/bounding_box_train/0301_c6s1_076101_04.jpg,301,market1501,5
market1501/bounding_box_train/0301_c6s1_076126_03.jpg,301,market1501,5
market1501/bounding_box_train/0301_c6s1_076126_08.jpg,301,market1501,5
market1501/bounding_box_train/0301_c6s1_076151_03.jpg,301,market1501,5
market1501/bounding_box_train/0301_c6s1_076176_03.jpg,301,market1501,5
market1501/bounding_box_train/0032_c1s1_002576_03.jpg,32,market1501,0
market1501/bounding_box_train/0032_c1s1_002851_02.jpg,32,market1501,0
market1501/bounding_box_train/0032_c1s1_002876_02.jpg,32,market1501,0
market1501/bounding_box_train/0032_c3s1_002276_01.jpg,32,market1501,2
market1501/bounding_box_train/0032_c3s1_002376_02.jpg,32,market1501,2
market1501/bounding_box_train/0032_c3s1_002401_02.jpg,32,market1501,2
market1501/bounding_box_train/0032_c3s1_002451_02.jpg,32,market1501,2
market1501/bounding_box_train/0032_c3s1_002526_02.jpg,32,market1501,2
market1501/bounding_box_train/0032_c5s1_002801_01.jpg,32,market1501,4
market1501/bounding_box_train/0032_c5s1_002851_02.jpg,32,market1501,4
market1501/bounding_box_train/0032_c5s1_002901_04.jpg,32,market1501,4
market1501/bounding_box_train/0032_c5s1_002926_02.jpg,32,market1501,4
market1501/bounding_box_train/0032_c6s1_002851_01.jpg,32,market1501,5
market1501/bounding_box_train/0032_c6s1_002876_01.jpg,32,market1501,5
market1501/bounding_box_train/0032_c6s1_002901_02.jpg,32,market1501,5
market1501/bounding_box_train/0032_c6s1_002926_02.jpg,32,market1501,5
market1501/bounding_box_train/0032_c6s1_002926_04.jpg,32,market1501,5
market1501/bounding_box_train/0032_c6s1_002951_02.jpg,32,market1501,5
market1501/bounding_box_train/0032_c6s1_002951_03.jpg,32,market1501,5
market1501/bounding_box_train/0032_c6s1_002976_02.jpg,32,market1501,5
market1501/bounding_box_train/0032_c6s1_003001_02.jpg,32,market1501,5
market1501/bounding_box_train/0032_c6s1_003026_02.jpg,32,market1501,5
market1501/bounding_box_train/0032_c6s1_003051_02.jpg,32,market1501,5
market1501/bounding_box_train/0032_c6s1_003101_01.jpg,32,market1501,5
market1501/bounding_box_train/0323_c1s2_000341_03.jpg,323,market1501,0
market1501/bounding_box_train/0323_c1s2_000366_02.jpg,323,market1501,0
market1501/bounding_box_train/0323_c5s1_073298_07.jpg,323,market1501,4
market1501/bounding_box_train/0328_c2s1_074846_03.jpg,328,market1501,1
market1501/bounding_box_train/0328_c2s1_074921_03.jpg,328,market1501,1
market1501/bounding_box_train/0328_c3s1_075067_04.jpg,328,market1501,2
market1501/bounding_box_train/0328_c3s1_075067_06.jpg,328,market1501,2
market1501/bounding_box_train/0328_c3s1_075117_04.jpg,328,market1501,2
market1501/bounding_box_train/0328_c6s1_075676_03.jpg,328,market1501,5
market1501/bounding_box_train/0328_c6s1_075701_03.jpg,328,market1501,5
market1501/bounding_box_train/0328_c6s1_075726_02.jpg,328,market1501,5
market1501/bounding_box_train/0328_c6s1_075751_03.jpg,328,market1501,5
market1501/bounding_box_train/0331_c1s2_002991_02.jpg,331,market1501,0
market1501/bounding_box_train/0331_c1s2_015441_02.jpg,331,market1501,0
market1501/bounding_box_train/0331_c2s1_075196_01.jpg,331,market1501,1
market1501/bounding_box_train/0331_c2s1_075246_01.jpg,331,market1501,1
market1501/bounding_box_train/0331_c2s1_075346_01.jpg,331,market1501,1
market1501/bounding_box_train/0331_c2s1_087896_01.jpg,331,market1501,1
market1501/bounding_box_train/0331_c2s1_088196_01.jpg,331,market1501,1
market1501/bounding_box_train/0331_c3s1_075442_01.jpg,331,market1501,2
market1501/bounding_box_train/0331_c3s1_075492_02.jpg,331,market1501,2
market1501/bounding_box_train/0331_c3s1_085967_01.jpg,331,market1501,2
market1501/bounding_box_train/0331_c3s1_087417_01.jpg,331,market1501,2
market1501/bounding_box_train/0331_c3s1_087667_01.jpg,331,market1501,2
market1501/bounding_box_train/0331_c4s2_016692_01.jpg,331,market1501,3
market1501/bounding_box_train/0331_c4s2_017017_01.jpg,331,market1501,3
market1501/bounding_box_train/0331_c5s1_075848_03.jpg,331,market1501,4
market1501/bounding_box_train/0331_c5s1_088148_01.jpg,331,market1501,4
market1501/bounding_box_train/0331_c5s1_088198_01.jpg,331,market1501,4
market1501/bounding_box_train/0331_c5s1_088198_02.jpg,331,market1501,4
market1501/bounding_box_train/0331_c5s1_088323_02.jpg,331,market1501,4
market1501/bounding_box_train/0331_c6s1_076026_04.jpg,331,market1501,5
market1501/bounding_box_train/0331_c6s1_076051_04.jpg,331,market1501,5
market1501/bounding_box_train/0331_c6s1_086401_03.jpg,331,market1501,5
market1501/bounding_box_train/0331_c6s1_086426_02.jpg,331,market1501,5
market1501/bounding_box_train/0331_c6s1_086451_02.jpg,331,market1501,5
market1501/bounding_box_train/0331_c6s1_086476_02.jpg,331,market1501,5
market1501/bounding_box_train/0331_c6s1_086501_02.jpg,331,market1501,5
market1501/bounding_box_train/0331_c6s1_086526_03.jpg,331,market1501,5
market1501/bounding_box_train/0331_c6s1_086526_07.jpg,331,market1501,5
market1501/bounding_box_train/0331_c6s1_087051_04.jpg,331,market1501,5
market1501/bounding_box_train/0331_c6s1_087101_04.jpg,331,market1501,5
market1501/bounding_box_train/0341_c1s2_006091_01.jpg,341,market1501,0
market1501/bounding_box_train/0341_c1s2_006291_01.jpg,341,market1501,0
market1501/bounding_box_train/0341_c1s2_006316_03.jpg,341,market1501,0
market1501/bounding_box_train/0341_c2s1_078696_02.jpg,341,market1501,1
market1501/bounding_box_train/0341_c2s1_078721_01.jpg,341,market1501,1
market1501/bounding_box_train/0341_c3s1_078417_01.jpg,341,market1501,2
market1501/bounding_box_train/0341_c3s1_078517_01.jpg,341,market1501,2
market1501/bounding_box_train/0341_c5s1_078798_02.jpg,341,market1501,4
market1501/bounding_box_train/0341_c5s1_078823_02.jpg,341,market1501,4
market1501/bounding_box_train/0341_c5s1_078848_02.jpg,341,market1501,4
market1501/bounding_box_train/0341_c5s1_078923_01.jpg,341,market1501,4
market1501/bounding_box_train/0341_c6s1_078951_03.jpg,341,market1501,5
market1501/bounding_box_train/0035_c1s1_003351_01.jpg,35,market1501,0
market1501/bounding_box_train/0035_c1s1_003676_01.jpg,35,market1501,0
market1501/bounding_box_train/0035_c3s1_003251_01.jpg,35,market1501,2
market1501/bounding_box_train/0035_c3s1_003276_01.jpg,35,market1501,2
market1501/bounding_box_train/0035_c3s1_003301_01.jpg,35,market1501,2
market1501/bounding_box_train/0035_c4s1_003201_01.jpg,35,market1501,3
market1501/bounding_box_train/0035_c4s1_003226_01.jpg,35,market1501,3
market1501/bounding_box_train/0035_c4s1_003401_01.jpg,35,market1501,3
market1501/bounding_box_train/0035_c4s1_003426_01.jpg,35,market1501,3
market1501/bounding_box_train/0035_c5s1_003676_01.jpg,35,market1501,4
market1501/bounding_box_train/0035_c5s1_003701_01.jpg,35,market1501,4
market1501/bounding_box_train/0035_c5s1_003776_01.jpg,35,market1501,4
market1501/bounding_box_train/0035_c5s1_003801_01.jpg,35,market1501,4
market1501/bounding_box_train/0035_c6s1_003801_01.jpg,35,market1501,5
market1501/bounding_box_train/0035_c6s1_003826_01.jpg,35,market1501,5
market1501/bounding_box_train/0035_c6s1_003851_01.jpg,35,market1501,5
market1501/bounding_box_train/0035_c6s1_003876_02.jpg,35,market1501,5
market1501/bounding_box_train/0035_c6s1_003901_02.jpg,35,market1501,5
market1501/bounding_box_train/0035_c6s1_003976_03.jpg,35,market1501,5
market1501/bounding_box_train/0350_c1s2_014891_06.jpg,350,market1501,0
market1501/bounding_box_train/0350_c1s2_015416_03.jpg,350,market1501,0
market1501/bounding_box_train/0350_c1s2_015441_03.jpg,350,market1501,0
market1501/bounding_box_train/0350_c1s2_018391_01.jpg,350,market1501,0
market1501/bounding_box_train/0350_c1s3_025001_02.jpg,350,market1501,0
market1501/bounding_box_train/0350_c2s1_080996_01.jpg,350,market1501,1
market1501/bounding_box_train/0350_c2s1_081121_02.jpg,350,market1501,1
market1501/bounding_box_train/0350_c2s1_087496_01.jpg,350,market1501,1
market1501/bounding_box_train/0350_c2s1_088196_04.jpg,350,market1501,1
market1501/bounding_box_train/0350_c2s1_088321_05.jpg,350,market1501,1
market1501/bounding_box_train/0350_c2s1_089471_04.jpg,350,market1501,1
market1501/bounding_box_train/0350_c3s1_081317_04.jpg,350,market1501,2
market1501/bounding_box_train/0350_c3s1_081342_03.jpg,350,market1501,2
market1501/bounding_box_train/0350_c3s1_086817_02.jpg,350,market1501,2
market1501/bounding_box_train/0350_c3s1_087192_03.jpg,350,market1501,2
market1501/bounding_box_train/0350_c3s2_010512_06.jpg,350,market1501,2
market1501/bounding_box_train/0350_c5s1_081523_02.jpg,350,market1501,4
market1501/bounding_box_train/0350_c5s1_088523_04.jpg,350,market1501,4
market1501/bounding_box_train/0350_c5s1_091648_03.jpg,350,market1501,4
market1501/bounding_box_train/0350_c5s1_092548_06.jpg,350,market1501,4
market1501/bounding_box_train/0350_c5s1_095573_07.jpg,350,market1501,4
market1501/bounding_box_train/0350_c5s1_096898_02.jpg,350,market1501,4
market1501/bounding_box_train/0350_c5s2_011030_06.jpg,350,market1501,4
market1501/bounding_box_train/0350_c6s1_081926_05.jpg,350,market1501,5
market1501/bounding_box_train/0350_c6s1_081951_06.jpg,350,market1501,5
market1501/bounding_box_train/0350_c6s1_087301_04.jpg,350,market1501,5
market1501/bounding_box_train/0350_c6s1_087326_04.jpg,350,market1501,5
market1501/bounding_box_train/0350_c6s1_087351_04.jpg,350,market1501,5
market1501/bounding_box_train/0350_c6s2_004518_02.jpg,350,market1501,5
market1501/bounding_box_train/0350_c6s2_004543_02.jpg,350,market1501,5
market1501/bounding_box_train/0359_c1s2_011666_01.jpg,359,market1501,0
market1501/bounding_box_train/0359_c2s1_082796_01.jpg,359,market1501,1
market1501/bounding_box_train/0359_c2s1_082821_01.jpg,359,market1501,1
market1501/bounding_box_train/0359_c2s1_082946_01.jpg,359,market1501,1
market1501/bounding_box_train/0359_c2s1_083846_01.jpg,359,market1501,1
market1501/bounding_box_train/0359_c2s1_083846_07.jpg,359,market1501,1
market1501/bounding_box_train/0359_c3s1_082417_01.jpg,359,market1501,2
market1501/bounding_box_train/0359_c3s1_082467_01.jpg,359,market1501,2
market1501/bounding_box_train/0359_c3s1_084342_01.jpg,359,market1501,2
market1501/bounding_box_train/0359_c4s2_012267_02.jpg,359,market1501,3
market1501/bounding_box_train/0359_c4s2_012292_01.jpg,359,market1501,3
market1501/bounding_box_train/0359_c4s2_012317_01.jpg,359,market1501,3
market1501/bounding_box_train/0359_c5s1_084648_01.jpg,359,market1501,4
market1501/bounding_box_train/0359_c5s1_084648_05.jpg,359,market1501,4
market1501/bounding_box_train/0359_c5s1_084698_01.jpg,359,market1501,4
market1501/bounding_box_train/0359_c5s1_084798_01.jpg,359,market1501,4
market1501/bounding_box_train/0359_c5s1_084998_01.jpg,359,market1501,4
market1501/bounding_box_train/0359_c5s1_085298_01.jpg,359,market1501,4
market1501/bounding_box_train/0359_c6s1_082876_03.jpg,359,market1501,5
market1501/bounding_box_train/0359_c6s1_082901_03.jpg,359,market1501,5
market1501/bounding_box_train/0359_c6s1_083026_03.jpg,359,market1501,5
market1501/bounding_box_train/0359_c6s1_083051_04.jpg,359,market1501,5
market1501/bounding_box_train/0359_c6s1_084926_02.jpg,359,market1501,5
market1501/bounding_box_train/0359_c6s1_084976_03.jpg,359,market1501,5
market1501/bounding_box_train/0370_c1s2_015241_01.jpg,370,market1501,0
market1501/bounding_box_train/0370_c1s2_015316_02.jpg,370,market1501,0
market1501/bounding_box_train/0370_c1s2_015341_02.jpg,370,market1501,0
market1501/bounding_box_train/0370_c1s2_022816_03.jpg,370,market1501,0
market1501/bounding_box_train/0370_c1s2_022941_05.jpg,370,market1501,0
market1501/bounding_box_train/0370_c2s1_087496_04.jpg,370,market1501,1
market1501/bounding_box_train/0370_c2s1_087521_01.jpg,370,market1501,1
market1501/bounding_box_train/0370_c3s1_087642_02.jpg,370,market1501,2
market1501/bounding_box_train/0370_c3s1_087667_02.jpg,370,market1501,2
market1501/bounding_box_train/0370_c3s1_095042_04.jpg,370,market1501,2
market1501/bounding_box_train/0370_c3s1_095092_04.jpg,370,market1501,2
market1501/bounding_box_train/0370_c5s1_088148_02.jpg,370,market1501,4
market1501/bounding_box_train/0370_c5s1_095698_08.jpg,370,market1501,4
market1501/bounding_box_train/0370_c5s1_095723_05.jpg,370,market1501,4
market1501/bounding_box_train/0370_c5s1_095748_02.jpg,370,market1501,4
market1501/bounding_box_train/0370_c5s1_095773_03.jpg,370,market1501,4
market1501/bounding_box_train/0375_c1s2_016491_01.jpg,375,market1501,0
market1501/bounding_box_train/0375_c1s2_016541_02.jpg,375,market1501,0
market1501/bounding_box_train/0375_c1s2_017841_01.jpg,375,market1501,0
market1501/bounding_box_train/0375_c1s2_017991_01.jpg,375,market1501,0
market1501/bounding_box_train/0375_c2s1_088646_05.jpg,375,market1501,1
market1501/bounding_box_train/0375_c2s1_088721_08.jpg,375,market1501,1
market1501/bounding_box_train/0375_c2s1_090671_08.jpg,375,market1501,1
market1501/bounding_box_train/0375_c3s1_088792_01.jpg,375,market1501,2
market1501/bounding_box_train/0375_c3s1_088842_03.jpg,375,market1501,2
market1501/bounding_box_train/0375_c3s1_088942_02.jpg,375,market1501,2
market1501/bounding_box_train/0375_c3s1_090092_01.jpg,375,market1501,2
market1501/bounding_box_train/0375_c3s1_090092_02.jpg,375,market1501,2
market1501/bounding_box_train/0375_c5s1_089273_01.jpg,375,market1501,4
market1501/bounding_box_train/0375_c5s1_089348_01.jpg,375,market1501,4
market1501/bounding_box_train/0375_c5s1_089373_01.jpg,375,market1501,4
market1501/bounding_box_train/0375_c5s1_089423_03.jpg,375,market1501,4
market1501/bounding_box_train/0375_c5s1_089448_04.jpg,375,market1501,4
market1501/bounding_box_train/0375_c5s1_090698_01.jpg,375,market1501,4
market1501/bounding_box_train/0375_c5s1_090698_04.jpg,375,market1501,4
market1501/bounding_box_train/0375_c5s1_090723_01.jpg,375,market1501,4
market1501/bounding_box_train/0375_c5s1_090823_01.jpg,375,market1501,4
market1501/bounding_box_train/0382_c1s2_017841_04.jpg,382,market1501,0
market1501/bounding_box_train/0382_c4s2_017542_01.jpg,382,market1501,3
market1501/bounding_box_train/0382_c4s2_017667_01.jpg,382,market1501,3
market1501/bounding_box_train/0382_c4s2_017692_01.jpg,382,market1501,3
market1501/bounding_box_train/0383_c1s2_025766_03.jpg,383,market1501,0
market1501/bounding_box_train/0383_c2s1_090696_03.jpg,383,market1501,1
market1501/bounding_box_train/0383_c2s1_096746_03.jpg,383,market1501,1
market1501/bounding_box_train/0383_c2s1_098096_02.jpg,383,market1501,1
market1501/bounding_box_train/0383_c3s1_090892_02.jpg,383,market1501,2
market1501/bounding_box_train/0383_c3s1_090917_01.jpg,383,market1501,2
market1501/bounding_box_train/0383_c3s1_096517_02.jpg,383,market1501,2
market1501/bounding_box_train/0384_c1s2_018491_01.jpg,384,market1501,0
market1501/bounding_box_train/0384_c1s2_020566_02.jpg,384,market1501,0
market1501/bounding_box_train/0384_c2s1_090696_02.jpg,384,market1501,1
market1501/bounding_box_train/0384_c2s1_090821_04.jpg,384,market1501,1
market1501/bounding_box_train/0384_c2s1_090846_05.jpg,384,market1501,1
market1501/bounding_box_train/0384_c2s1_092996_01.jpg,384,market1501,1
market1501/bounding_box_train/0384_c3s1_090992_02.jpg,384,market1501,2
market1501/bounding_box_train/0384_c3s1_091017_02.jpg,384,market1501,2
market1501/bounding_box_train/0384_c3s1_092567_04.jpg,384,market1501,2
market1501/bounding_box_train/0384_c5s1_091248_01.jpg,384,market1501,4
market1501/bounding_box_train/0384_c5s1_091273_01.jpg,384,market1501,4
market1501/bounding_box_train/0384_c5s1_091298_01.jpg,384,market1501,4
market1501/bounding_box_train/0384_c5s1_093248_07.jpg,384,market1501,4
market1501/bounding_box_train/0384_c5s1_093273_04.jpg,384,market1501,4
market1501/bounding_box_train/0384_c5s1_093323_04.jpg,384,market1501,4
market1501/bounding_box_train/0384_c5s1_093398_03.jpg,384,market1501,4
market1501/bounding_box_train/0385_c1s2_018666_01.jpg,385,market1501,0
market1501/bounding_box_train/0385_c1s2_036791_02.jpg,385,market1501,0
market1501/bounding_box_train/0385_c1s2_036916_03.jpg,385,market1501,0
market1501/bounding_box_train/0385_c2s1_090846_04.jpg,385,market1501,1
market1501/bounding_box_train/0385_c2s1_090996_05.jpg,385,market1501,1
market1501/bounding_box_train/0385_c2s1_109221_01.jpg,385,market1501,1
market1501/bounding_box_train/0385_c3s1_091117_02.jpg,385,market1501,2
market1501/bounding_box_train/0385_c3s1_091167_01.jpg,385,market1501,2
market1501/bounding_box_train/0385_c3s1_108917_03.jpg,385,market1501,2
market1501/bounding_box_train/0385_c3s1_108942_01.jpg,385,market1501,2
market1501/bounding_box_train/0385_c4s2_040023_01.jpg,385,market1501,3
market1501/bounding_box_train/0385_c4s2_040123_03.jpg,385,market1501,3
market1501/bounding_box_train/0385_c5s1_091448_01.jpg,385,market1501,4
market1501/bounding_box_train/0385_c5s1_091473_03.jpg,385,market1501,4
market1501/bounding_box_train/0385_c5s1_091523_01.jpg,385,market1501,4
market1501/bounding_box_train/0385_c5s1_091548_05.jpg,385,market1501,4
market1501/bounding_box_train/0385_c5s1_109548_02.jpg,385,market1501,4
market1501/bounding_box_train/0385_c5s1_109573_03.jpg,385,market1501,4
market1501/bounding_box_train/0385_c5s1_109648_03.jpg,385,market1501,4
market1501/bounding_box_train/0385_c5s1_109698_02.jpg,385,market1501,4
market1501/bounding_box_train/0392_c1s2_018391_02.jpg,392,market1501,0
market1501/bounding_box_train/0392_c2s1_090221_01.jpg,392,market1501,1
market1501/bounding_box_train/0392_c2s1_090246_05.jpg,392,market1501,1
market1501/bounding_box_train/0392_c4s2_018417_01.jpg,392,market1501,3
market1501/bounding_box_train/0392_c4s2_018467_03.jpg,392,market1501,3
market1501/bounding_box_train/0394_c1s2_020566_04.jpg,394,market1501,0
market1501/bounding_box_train/0394_c1s2_020641_04.jpg,394,market1501,0
market1501/bounding_box_train/0394_c1s2_020691_02.jpg,394,market1501,0
market1501/bounding_box_train/0394_c1s2_030116_01.jpg,394,market1501,0
market1501/bounding_box_train/0394_c3s1_093042_02.jpg,394,market1501,2
market1501/bounding_box_train/0394_c3s1_093092_02.jpg,394,market1501,2
market1501/bounding_box_train/0394_c3s1_094192_01.jpg,394,market1501,2
market1501/bounding_box_train/0394_c3s1_102392_01.jpg,394,market1501,2
market1501/bounding_box_train/0394_c4s2_030192_01.jpg,394,market1501,3
market1501/bounding_box_train/0394_c4s2_030267_01.jpg,394,market1501,3
market1501/bounding_box_train/0394_c5s1_093423_01.jpg,394,market1501,4
market1501/bounding_box_train/0394_c5s1_093448_02.jpg,394,market1501,4
market1501/bounding_box_train/0394_c5s1_093523_07.jpg,394,market1501,4
market1501/bounding_box_train/0394_c5s1_102948_01.jpg,394,market1501,4
market1501/bounding_box_train/0394_c5s1_102973_01.jpg,394,market1501,4
market1501/bounding_box_train/0394_c5s1_103023_03.jpg,394,market1501,4
market1501/bounding_box_train/0394_c5s1_103048_02.jpg,394,market1501,4
market1501/bounding_box_train/0402_c2s1_095371_01.jpg,402,market1501,1
market1501/bounding_box_train/0402_c3s1_095517_02.jpg,402,market1501,2
market1501/bounding_box_train/0402_c3s1_095542_01.jpg,402,market1501,2
market1501/bounding_box_train/0402_c3s1_095642_02.jpg,402,market1501,2
market1501/bounding_box_train/0402_c5s1_096223_06.jpg,402,market1501,4
market1501/bounding_box_train/0404_c1s2_023616_03.jpg,404,market1501,0
market1501/bounding_box_train/0404_c1s2_046321_02.jpg,404,market1501,0
market1501/bounding_box_train/0404_c1s5_022736_05.jpg,404,market1501,0
market1501/bounding_box_train/0404_c1s5_033966_04.jpg,404,market1501,0
market1501/bounding_box_train/0404_c2s1_095821_01.jpg,404,market1501,1
market1501/bounding_box_train/0404_c2s1_095896_05.jpg,404,market1501,1
market1501/bounding_box_train/0404_c2s1_118641_03.jpg,404,market1501,1
market1501/bounding_box_train/0404_c2s2_155077_03.jpg,404,market1501,1
market1501/bounding_box_train/0404_c2s2_155177_02.jpg,404,market1501,1
market1501/bounding_box_train/0404_c2s3_001482_12.jpg,404,market1501,1
market1501/bounding_box_train/0404_c2s3_001507_03.jpg,404,market1501,1
market1501/bounding_box_train/0404_c3s1_096067_04.jpg,404,market1501,2
market1501/bounding_box_train/0404_c3s1_096117_02.jpg,404,market1501,2
market1501/bounding_box_train/0404_c3s2_158369_03.jpg,404,market1501,2
market1501/bounding_box_train/0404_c3s3_007262_03.jpg,404,market1501,2
market1501/bounding_box_train/0404_c5s1_096398_02.jpg,404,market1501,4
market1501/bounding_box_train/0404_c5s1_096473_01.jpg,404,market1501,4
market1501/bounding_box_train/0404_c6s3_020317_03.jpg,404,market1501,5
market1501/bounding_box_train/0404_c6s3_030867_02.jpg,404,market1501,5
market1501/bounding_box_train/0404_c6s3_030892_06.jpg,404,market1501,5
market1501/bounding_box_train/0404_c6s3_030942_02.jpg,404,market1501,5
market1501/bounding_box_train/0409_c1s2_025041_01.jpg,409,market1501,0
market1501/bounding_box_train/0409_c1s2_025091_01.jpg,409,market1501,0
market1501/bounding_box_train/0409_c1s2_025191_01.jpg,409,market1501,0
market1501/bounding_box_train/0409_c1s2_025791_01.jpg,409,market1501,0
market1501/bounding_box_train/0409_c1s2_042746_01.jpg,409,market1501,0
market1501/bounding_box_train/0409_c1s2_042746_02.jpg,409,market1501,0
market1501/bounding_box_train/0409_c1s2_042821_01.jpg,409,market1501,0
market1501/bounding_box_train/0409_c2s1_097246_01.jpg,409,market1501,1
market1501/bounding_box_train/0409_c2s1_097246_05.jpg,409,market1501,1
market1501/bounding_box_train/0409_c2s1_097271_01.jpg,409,market1501,1
market1501/bounding_box_train/0409_c2s1_115141_01.jpg,409,market1501,1
market1501/bounding_box_train/0409_c3s1_097817_04.jpg,409,market1501,2
market1501/bounding_box_train/0409_c3s1_098192_01.jpg,409,market1501,2
market1501/bounding_box_train/0409_c3s1_114858_01.jpg,409,market1501,2
market1501/bounding_box_train/0409_c4s2_042098_01.jpg,409,market1501,3
market1501/bounding_box_train/0409_c4s2_042148_01.jpg,409,market1501,3
market1501/bounding_box_train/0409_c4s2_042198_01.jpg,409,market1501,3
market1501/bounding_box_train/0409_c5s1_097748_01.jpg,409,market1501,4
market1501/bounding_box_train/0409_c5s1_097873_01.jpg,409,market1501,4
market1501/bounding_box_train/0409_c5s1_097973_01.jpg,409,market1501,4
market1501/bounding_box_train/0409_c5s1_097973_04.jpg,409,market1501,4
market1501/bounding_box_train/0409_c5s1_097998_01.jpg,409,market1501,4
market1501/bounding_box_train/0409_c5s1_098048_01.jpg,409,market1501,4
market1501/bounding_box_train/0409_c5s1_098048_04.jpg,409,market1501,4
market1501/bounding_box_train/0409_c5s1_098173_02.jpg,409,market1501,4
market1501/bounding_box_train/0409_c5s1_098173_03.jpg,409,market1501,4
market1501/bounding_box_train/0409_c5s1_098248_04.jpg,409,market1501,4
market1501/bounding_box_train/0409_c5s1_098323_01.jpg,409,market1501,4
market1501/bounding_box_train/0409_c5s1_098323_10.jpg,409,market1501,4
market1501/bounding_box_train/0409_c5s1_098348_02.jpg,409,market1501,4
market1501/bounding_box_train/0409_c5s1_098348_08.jpg,409,market1501,4
market1501/bounding_box_train/0409_c5s1_098523_01.jpg,409,market1501,4
market1501/bounding_box_train/0409_c5s1_098548_01.jpg,409,market1501,4
market1501/bounding_box_train/0409_c5s1_098598_02.jpg,409,market1501,4
market1501/bounding_box_train/0409_c5s1_098623_01.jpg,409,market1501,4
market1501/bounding_box_train/0409_c5s1_098723_01.jpg,409,market1501,4
market1501/bounding_box_train/0409_c5s1_098773_01.jpg,409,market1501,4
market1501/bounding_box_train/0409_c5s1_098848_01.jpg,409,market1501,4
market1501/bounding_box_train/0409_c5s1_115320_01.jpg,409,market1501,4
market1501/bounding_box_train/0409_c5s1_115345_01.jpg,409,market1501,4
market1501/bounding_box_train/0409_c5s1_115420_01.jpg,409,market1501,4
market1501/bounding_box_train/0410_c2s1_097596_02.jpg,410,market1501,1
market1501/bounding_box_train/0410_c2s1_097621_02.jpg,410,market1501,1
market1501/bounding_box_train/0410_c2s1_105696_03.jpg,410,market1501,1
market1501/bounding_box_train/0410_c2s1_105696_10.jpg,410,market1501,1
market1501/bounding_box_train/0410_c2s1_105746_02.jpg,410,market1501,1
market1501/bounding_box_train/0410_c3s1_097767_06.jpg,410,market1501,2
market1501/bounding_box_train/0410_c3s1_105467_02.jpg,410,market1501,2
market1501/bounding_box_train/0410_c3s1_105517_01.jpg,410,market1501,2
market1501/bounding_box_train/0430_c1s2_034091_02.jpg,430,market1501,0
market1501/bounding_box_train/0430_c3s1_102817_05.jpg,430,market1501,2
market1501/bounding_box_train/0430_c3s1_106642_01.jpg,430,market1501,2
market1501/bounding_box_train/0430_c3s1_106667_02.jpg,430,market1501,2
market1501/bounding_box_train/0430_c3s1_106692_01.jpg,430,market1501,2
market1501/bounding_box_train/0430_c3s1_108942_03.jpg,430,market1501,2
market1501/bounding_box_train/0430_c3s1_109042_04.jpg,430,market1501,2
market1501/bounding_box_train/0430_c4s2_031017_02.jpg,430,market1501,3
market1501/bounding_box_train/0430_c4s2_031042_02.jpg,430,market1501,3
market1501/bounding_box_train/0430_c4s2_033917_01.jpg,430,market1501,3
market1501/bounding_box_train/0430_c4s2_033942_01.jpg,430,market1501,3
market1501/bounding_box_train/0430_c4s2_033967_01.jpg,430,market1501,3
market1501/bounding_box_train/0430_c4s2_036842_02.jpg,430,market1501,3
market1501/bounding_box_train/0430_c4s2_036917_02.jpg,430,market1501,3
market1501/bounding_box_train/0430_c4s5_024804_03.jpg,430,market1501,3
market1501/bounding_box_train/0430_c4s5_024854_01.jpg,430,market1501,3
market1501/bounding_box_train/0430_c5s1_107073_01.jpg,430,market1501,4
market1501/bounding_box_train/0430_c5s1_107098_01.jpg,430,market1501,4
market1501/bounding_box_train/0430_c5s1_107123_01.jpg,430,market1501,4
market1501/bounding_box_train/0430_c5s1_109648_01.jpg,430,market1501,4
market1501/bounding_box_train/0430_c5s1_109673_01.jpg,430,market1501,4
market1501/bounding_box_train/0430_c5s1_109698_01.jpg,430,market1501,4
market1501/bounding_box_train/0430_c5s1_109723_02.jpg,430,market1501,4
market1501/bounding_box_train/0430_c5s1_109748_02.jpg,430,market1501,4
market1501/bounding_box_train/0430_c5s1_109773_03.jpg,430,market1501,4
market1501/bounding_box_train/0437_c1s2_056446_01.jpg,437,market1501,0
market1501/bounding_box_train/0437_c1s2_056471_01.jpg,437,market1501,0
market1501/bounding_box_train/0437_c1s2_056471_03.jpg,437,market1501,0
market1501/bounding_box_train/0437_c2s1_106821_03.jpg,437,market1501,1
market1501/bounding_box_train/0437_c2s1_128866_01.jpg,437,market1501,1
market1501/bounding_box_train/0437_c3s1_107017_01.jpg,437,market1501,2
market1501/bounding_box_train/0437_c3s1_107067_01.jpg,437,market1501,2
market1501/bounding_box_train/0437_c3s1_107092_04.jpg,437,market1501,2
market1501/bounding_box_train/0437_c3s1_128408_01.jpg,437,market1501,2
market1501/bounding_box_train/0437_c3s1_128433_01.jpg,437,market1501,2
market1501/bounding_box_train/0437_c3s1_128433_05.jpg,437,market1501,2
market1501/bounding_box_train/0442_c1s2_036766_03.jpg,442,market1501,0
market1501/bounding_box_train/0442_c1s2_039196_01.jpg,442,market1501,0
market1501/bounding_box_train/0442_c1s2_039271_01.jpg,442,market1501,0
market1501/bounding_box_train/0442_c2s1_109071_01.jpg,442,market1501,1
market1501/bounding_box_train/0442_c2s1_109096_01.jpg,442,market1501,1
market1501/bounding_box_train/0442_c2s1_111966_03.jpg,442,market1501,1
market1501/bounding_box_train/0442_c3s1_109267_05.jpg,442,market1501,2
market1501/bounding_box_train/0442_c3s1_109317_04.jpg,442,market1501,2
market1501/bounding_box_train/0442_c3s1_111408_02.jpg,442,market1501,2
market1501/bounding_box_train/0442_c3s1_111433_03.jpg,442,market1501,2
market1501/bounding_box_train/0442_c5s1_109548_03.jpg,442,market1501,4
market1501/bounding_box_train/0442_c5s1_109573_02.jpg,442,market1501,4
market1501/bounding_box_train/0442_c5s1_109673_03.jpg,442,market1501,4
market1501/bounding_box_train/0442_c5s1_109698_05.jpg,442,market1501,4
market1501/bounding_box_train/0442_c5s1_111945_02.jpg,442,market1501,4
market1501/bounding_box_train/0442_c5s1_111995_01.jpg,442,market1501,4
market1501/bounding_box_train/0442_c5s1_112095_01.jpg,442,market1501,4
market1501/bounding_box_train/0442_c5s1_112145_01.jpg,442,market1501,4
market1501/bounding_box_train/0442_c5s1_112145_02.jpg,442,market1501,4
market1501/bounding_box_train/0442_c5s1_112295_02.jpg,442,market1501,4
market1501/bounding_box_train/0445_c1s2_038446_02.jpg,445,market1501,0
market1501/bounding_box_train/0445_c1s2_038646_02.jpg,445,market1501,0
market1501/bounding_box_train/0445_c3s1_110983_02.jpg,445,market1501,2
market1501/bounding_box_train/0445_c3s1_111033_03.jpg,445,market1501,2
market1501/bounding_box_train/0445_c4s2_038223_01.jpg,445,market1501,3
market1501/bounding_box_train/0445_c4s2_038248_01.jpg,445,market1501,3
market1501/bounding_box_train/0445_c5s1_111445_02.jpg,445,market1501,4
market1501/bounding_box_train/0445_c5s1_111470_02.jpg,445,market1501,4
market1501/bounding_box_train/0445_c5s1_111495_03.jpg,445,market1501,4
market1501/bounding_box_train/0446_c1s2_038771_03.jpg,446,market1501,0
market1501/bounding_box_train/0446_c1s2_038896_03.jpg,446,market1501,0
market1501/bounding_box_train/0446_c3s1_110858_03.jpg,446,market1501,2
market1501/bounding_box_train/0446_c3s1_110883_03.jpg,446,market1501,2
market1501/bounding_box_train/0446_c4s2_038648_01.jpg,446,market1501,3
market1501/bounding_box_train/0446_c4s2_038673_01.jpg,446,market1501,3
market1501/bounding_box_train/0446_c4s2_038673_03.jpg,446,market1501,3
market1501/bounding_box_train/0446_c5s1_111570_03.jpg,446,market1501,4
market1501/bounding_box_train/0446_c5s1_111595_03.jpg,446,market1501,4
market1501/bounding_box_train/0464_c1s2_047246_01.jpg,464,market1501,0
market1501/bounding_box_train/0464_c1s2_047521_01.jpg,464,market1501,0
market1501/bounding_box_train/0464_c2s1_119341_04.jpg,464,market1501,1
market1501/bounding_box_train/0464_c2s1_119466_04.jpg,464,market1501,1
market1501/bounding_box_train/0464_c2s1_119466_06.jpg,464,market1501,1
market1501/bounding_box_train/0464_c2s1_119541_02.jpg,464,market1501,1
market1501/bounding_box_train/0464_c3s1_119383_03.jpg,464,market1501,2
market1501/bounding_box_train/0464_c3s1_119658_02.jpg,464,market1501,2
market1501/bounding_box_train/0464_c5s1_119970_03.jpg,464,market1501,4
market1501/bounding_box_train/0464_c5s1_119995_06.jpg,464,market1501,4
market1501/bounding_box_train/0464_c5s1_120195_01.jpg,464,market1501,4
market1501/bounding_box_train/0466_c1s2_048146_02.jpg,466,market1501,0
market1501/bounding_box_train/0466_c1s2_048271_01.jpg,466,market1501,0
market1501/bounding_box_train/0466_c1s2_048321_01.jpg,466,market1501,0
market1501/bounding_box_train/0466_c1s3_035076_03.jpg,466,market1501,0
market1501/bounding_box_train/0466_c2s1_120416_05.jpg,466,market1501,1
market1501/bounding_box_train/0466_c2s2_022062_01.jpg,466,market1501,1
market1501/bounding_box_train/0466_c3s1_120533_02.jpg,466,market1501,2
market1501/bounding_box_train/0466_c3s1_120558_01.jpg,466,market1501,2
market1501/bounding_box_train/0466_c3s1_120633_03.jpg,466,market1501,2
market1501/bounding_box_train/0466_c3s1_120708_02.jpg,466,market1501,2
market1501/bounding_box_train/0466_c3s1_120733_02.jpg,466,market1501,2
market1501/bounding_box_train/0466_c3s2_018387_03.jpg,466,market1501,2
market1501/bounding_box_train/0466_c3s2_018487_01.jpg,466,market1501,2
market1501/bounding_box_train/0466_c3s2_018537_01.jpg,466,market1501,2
market1501/bounding_box_train/0466_c3s2_018537_06.jpg,466,market1501,2
market1501/bounding_box_train/0466_c5s1_121120_02.jpg,466,market1501,4
market1501/bounding_box_train/0466_c5s1_121195_01.jpg,466,market1501,4
market1501/bounding_box_train/0466_c5s1_121245_05.jpg,466,market1501,4
market1501/bounding_box_train/0466_c6s2_012443_03.jpg,466,market1501,5
market1501/bounding_box_train/0466_c6s2_012468_03.jpg,466,market1501,5
market1501/bounding_box_train/0466_c6s2_012668_02.jpg,466,market1501,5
market1501/bounding_box_train/0475_c1s2_050471_02.jpg,475,market1501,0
market1501/bounding_box_train/0475_c1s2_050746_02.jpg,475,market1501,0
market1501/bounding_box_train/0475_c1s2_063546_01.jpg,475,market1501,0
market1501/bounding_box_train/0475_c2s1_122766_03.jpg,475,market1501,1
market1501/bounding_box_train/0475_c2s1_122791_04.jpg,475,market1501,1
market1501/bounding_box_train/0475_c2s1_122791_08.jpg,475,market1501,1
market1501/bounding_box_train/0475_c2s1_122816_08.jpg,475,market1501,1
market1501/bounding_box_train/0475_c2s1_135891_03.jpg,475,market1501,1
market1501/bounding_box_train/0475_c3s1_122783_03.jpg,475,market1501,2
market1501/bounding_box_train/0475_c3s1_122933_01.jpg,475,market1501,2
market1501/bounding_box_train/0475_c3s1_123008_01.jpg,475,market1501,2
market1501/bounding_box_train/0475_c3s1_135508_02.jpg,475,market1501,2
market1501/bounding_box_train/0475_c4s2_050823_02.jpg,475,market1501,3
market1501/bounding_box_train/0475_c4s2_050898_01.jpg,475,market1501,3
market1501/bounding_box_train/0475_c4s2_050923_01.jpg,475,market1501,3
market1501/bounding_box_train/0475_c4s2_050948_01.jpg,475,market1501,3
market1501/bounding_box_train/0475_c4s2_062748_02.jpg,475,market1501,3
market1501/bounding_box_train/0475_c4s2_062798_02.jpg,475,market1501,3
market1501/bounding_box_train/0475_c5s1_123220_02.jpg,475,market1501,4
market1501/bounding_box_train/0475_c5s1_123295_01.jpg,475,market1501,4
market1501/bounding_box_train/0475_c5s1_123520_02.jpg,475,market1501,4
market1501/bounding_box_train/0475_c5s1_123645_02.jpg,475,market1501,4
market1501/bounding_box_train/0475_c5s1_123795_01.jpg,475,market1501,4
market1501/bounding_box_train/0475_c5s1_135920_03.jpg,475,market1501,4
market1501/bounding_box_train/0475_c5s1_135945_01.jpg,475,market1501,4
market1501/bounding_box_train/0475_c5s1_135995_01.jpg,475,market1501,4
market1501/bounding_box_train/0494_c1s2_058571_01.jpg,494,market1501,0
market1501/bounding_box_train/0494_c1s2_058596_01.jpg,494,market1501,0
market1501/bounding_box_train/0494_c1s2_070971_03.jpg,494,market1501,0
market1501/bounding_box_train/0494_c1s2_071096_04.jpg,494,market1501,0
market1501/bounding_box_train/0494_c2s1_130816_02.jpg,494,market1501,1
market1501/bounding_box_train/0494_c2s1_130916_02.jpg,494,market1501,1
market1501/bounding_box_train/0494_c3s1_130833_01.jpg,494,market1501,2
market1501/bounding_box_train/0494_c3s1_131033_02.jpg,494,market1501,2
market1501/bounding_box_train/0494_c3s1_131058_04.jpg,494,market1501,2
market1501/bounding_box_train/0494_c3s1_131083_02.jpg,494,market1501,2
market1501/bounding_box_train/0494_c3s1_143208_02.jpg,494,market1501,2
market1501/bounding_box_train/0494_c5s1_131345_03.jpg,494,market1501,4
market1501/bounding_box_train/0494_c5s1_143595_06.jpg,494,market1501,4
market1501/bounding_box_train/0494_c5s1_143620_02.jpg,494,market1501,4
market1501/bounding_box_train/0494_c5s1_143670_02.jpg,494,market1501,4
market1501/bounding_box_train/0494_c5s1_143720_02.jpg,494,market1501,4
market1501/bounding_box_train/0496_c1s2_066246_01.jpg,496,market1501,0
market1501/bounding_box_train/0496_c1s2_066271_01.jpg,496,market1501,0
market1501/bounding_box_train/0496_c1s2_066296_02.jpg,496,market1501,0
market1501/bounding_box_train/0496_c3s1_131008_04.jpg,496,market1501,2
market1501/bounding_box_train/0496_c3s1_131058_01.jpg,496,market1501,2
market1501/bounding_box_train/0496_c3s1_138408_02.jpg,496,market1501,2
market1501/bounding_box_train/0496_c3s1_138408_06.jpg,496,market1501,2
market1501/bounding_box_train/0496_c3s1_138483_03.jpg,496,market1501,2
market1501/bounding_box_train/0496_c3s1_138508_04.jpg,496,market1501,2
market1501/bounding_box_train/0496_c4s2_058323_01.jpg,496,market1501,3
market1501/bounding_box_train/0496_c4s2_058348_01.jpg,496,market1501,3
market1501/bounding_box_train/0496_c4s2_058373_02.jpg,496,market1501,3
market1501/bounding_box_train/0496_c4s2_066223_01.jpg,496,market1501,3
market1501/bounding_box_train/0496_c4s2_066248_01.jpg,496,market1501,3
market1501/bounding_box_train/0496_c4s2_066323_01.jpg,496,market1501,3
market1501/bounding_box_train/0496_c5s1_131520_04.jpg,496,market1501,4
market1501/bounding_box_train/0496_c5s1_131545_02.jpg,496,market1501,4
market1501/bounding_box_train/0496_c5s1_139070_01.jpg,496,market1501,4
market1501/bounding_box_train/0496_c5s1_139095_01.jpg,496,market1501,4
market1501/bounding_box_train/0496_c5s1_139270_01.jpg,496,market1501,4
market1501/bounding_box_train/0496_c5s1_139295_01.jpg,496,market1501,4
market1501/bounding_box_train/0503_c1s2_061396_03.jpg,503,market1501,0
market1501/bounding_box_train/0503_c1s2_061496_01.jpg,503,market1501,0
market1501/bounding_box_train/0503_c3s1_133683_01.jpg,503,market1501,2
market1501/bounding_box_train/0503_c3s1_133808_01.jpg,503,market1501,2
market1501/bounding_box_train/0503_c3s1_133833_03.jpg,503,market1501,2
market1501/bounding_box_train/0503_c3s1_138683_03.jpg,503,market1501,2
market1501/bounding_box_train/0503_c3s1_138708_06.jpg,503,market1501,2
market1501/bounding_box_train/0503_c3s1_138833_01.jpg,503,market1501,2
market1501/bounding_box_train/0503_c5s1_134295_01.jpg,503,market1501,4
market1501/bounding_box_train/0503_c5s1_134295_05.jpg,503,market1501,4
market1501/bounding_box_train/0503_c5s1_134320_01.jpg,503,market1501,4
market1501/bounding_box_train/0503_c5s1_139420_02.jpg,503,market1501,4
market1501/bounding_box_train/0508_c1s2_067146_01.jpg,508,market1501,0
market1501/bounding_box_train/0508_c1s4_021206_04.jpg,508,market1501,0
market1501/bounding_box_train/0508_c1s4_021281_04.jpg,508,market1501,0
market1501/bounding_box_train/0508_c2s1_139366_01.jpg,508,market1501,1
market1501/bounding_box_train/0508_c2s1_139491_05.jpg,508,market1501,1
market1501/bounding_box_train/0508_c2s2_078882_02.jpg,508,market1501,1
market1501/bounding_box_train/0508_c2s2_078907_02.jpg,508,market1501,1
market1501/bounding_box_train/0508_c3s1_139608_02.jpg,508,market1501,2
market1501/bounding_box_train/0508_c3s1_139658_02.jpg,508,market1501,2
market1501/bounding_box_train/0508_c3s1_139708_02.jpg,508,market1501,2
market1501/bounding_box_train/0508_c3s2_081428_04.jpg,508,market1501,2
market1501/bounding_box_train/0508_c3s2_081453_05.jpg,508,market1501,2
market1501/bounding_box_train/0508_c3s2_081628_02.jpg,508,market1501,2
market1501/bounding_box_train/0508_c5s1_139870_02.jpg,508,market1501,4
market1501/bounding_box_train/0508_c5s1_140020_02.jpg,508,market1501,4
market1501/bounding_box_train/0508_c5s2_082302_02.jpg,508,market1501,4
market1501/bounding_box_train/0508_c5s2_082352_02.jpg,508,market1501,4
market1501/bounding_box_train/0508_c5s2_082352_03.jpg,508,market1501,4
market1501/bounding_box_train/0508_c6s2_075318_05.jpg,508,market1501,5
market1501/bounding_box_train/0508_c6s2_075418_01.jpg,508,market1501,5
market1501/bounding_box_train/0508_c6s2_075443_02.jpg,508,market1501,5
market1501/bounding_box_train/0508_c6s2_075568_03.jpg,508,market1501,5
market1501/bounding_box_train/0508_c6s2_075618_02.jpg,508,market1501,5
market1501/bounding_box_train/0508_c6s2_075643_04.jpg,508,market1501,5
market1501/bounding_box_train/0517_c1s2_070646_01.jpg,517,market1501,0
market1501/bounding_box_train/0517_c1s2_070671_01.jpg,517,market1501,0
market1501/bounding_box_train/0517_c2s1_142866_01.jpg,517,market1501,1
market1501/bounding_box_train/0517_c2s1_142866_03.jpg,517,market1501,1
market1501/bounding_box_train/0517_c2s1_142966_01.jpg,517,market1501,1
market1501/bounding_box_train/0517_c3s1_143133_03.jpg,517,market1501,2
market1501/bounding_box_train/0517_c3s1_143158_03.jpg,517,market1501,2
market1501/bounding_box_train/0517_c3s1_144958_03.jpg,517,market1501,2
market1501/bounding_box_train/0517_c3s1_145308_03.jpg,517,market1501,2
market1501/bounding_box_train/0517_c3s1_148783_07.jpg,517,market1501,2
market1501/bounding_box_train/0517_c4s3_001573_02.jpg,517,market1501,3
market1501/bounding_box_train/0517_c4s3_001598_02.jpg,517,market1501,3
market1501/bounding_box_train/0517_c4s3_001623_02.jpg,517,market1501,3
market1501/bounding_box_train/0517_c5s1_143445_02.jpg,517,market1501,4
market1501/bounding_box_train/0517_c5s1_143520_02.jpg,517,market1501,4
market1501/bounding_box_train/0517_c5s1_145445_03.jpg,517,market1501,4
market1501/bounding_box_train/0517_c5s1_145470_03.jpg,517,market1501,4
market1501/bounding_box_train/0517_c5s1_145520_03.jpg,517,market1501,4
market1501/bounding_box_train/0517_c5s1_145670_03.jpg,517,market1501,4
market1501/bounding_box_train/0517_c5s1_145870_03.jpg,517,market1501,4
market1501/bounding_box_train/0517_c5s1_149520_03.jpg,517,market1501,4
market1501/bounding_box_train/0517_c5s1_149545_05.jpg,517,market1501,4
market1501/bounding_box_train/0518_c1s2_069896_01.jpg,518,market1501,0
market1501/bounding_box_train/0518_c1s2_070071_01.jpg,518,market1501,0
market1501/bounding_box_train/0518_c3s1_142083_02.jpg,518,market1501,2
market1501/bounding_box_train/0518_c4s2_069873_01.jpg,518,market1501,3
market1501/bounding_box_train/0518_c4s2_069898_01.jpg,518,market1501,3
market1501/bounding_box_train/0518_c4s2_069998_01.jpg,518,market1501,3
market1501/bounding_box_train/0518_c5s1_142720_01.jpg,518,market1501,4
market1501/bounding_box_train/0518_c5s1_142770_01.jpg,518,market1501,4
market1501/bounding_box_train/0518_c5s1_142845_01.jpg,518,market1501,4
market1501/bounding_box_train/0536_c3s1_150808_03.jpg,536,market1501,2
market1501/bounding_box_train/0536_c3s1_150933_05.jpg,536,market1501,2
market1501/bounding_box_train/0536_c3s2_001971_02.jpg,536,market1501,2
market1501/bounding_box_train/0536_c3s2_001996_01.jpg,536,market1501,2
market1501/bounding_box_train/0536_c3s2_002096_01.jpg,536,market1501,2
market1501/bounding_box_train/0536_c5s1_151395_03.jpg,536,market1501,4
market1501/bounding_box_train/0540_c1s3_007821_04.jpg,540,market1501,0
market1501/bounding_box_train/0540_c1s3_007846_06.jpg,540,market1501,0
market1501/bounding_box_train/0540_c2s1_154666_01.jpg,540,market1501,1
market1501/bounding_box_train/0540_c2s1_154691_01.jpg,540,market1501,1
market1501/bounding_box_train/0540_c4s3_007973_03.jpg,540,market1501,3
market1501/bounding_box_train/0540_c5s1_155495_04.jpg,540,market1501,4
market1501/bounding_box_train/0540_c5s1_155520_04.jpg,540,market1501,4
market1501/bounding_box_train/0554_c1s3_011946_02.jpg,554,market1501,0
market1501/bounding_box_train/0554_c1s3_011971_01.jpg,554,market1501,0
market1501/bounding_box_train/0554_c1s3_020926_01.jpg,554,market1501,0
market1501/bounding_box_train/0554_c3s1_159233_03.jpg,554,market1501,2
market1501/bounding_box_train/0554_c3s1_159258_03.jpg,554,market1501,2
market1501/bounding_box_train/0554_c3s2_006312_01.jpg,554,market1501,2
market1501/bounding_box_train/0554_c3s2_006337_01.jpg,554,market1501,2
market1501/bounding_box_train/0554_c3s2_006437_01.jpg,554,market1501,2
market1501/bounding_box_train/0554_c5s1_159695_01.jpg,554,market1501,4
market1501/bounding_box_train/0554_c5s1_159720_01.jpg,554,market1501,4
market1501/bounding_box_train/0554_c5s1_159770_02.jpg,554,market1501,4
market1501/bounding_box_train/0554_c5s2_006980_01.jpg,554,market1501,4
market1501/bounding_box_train/0554_c5s2_007030_01.jpg,554,market1501,4
market1501/bounding_box_train/0554_c5s2_007055_02.jpg,554,market1501,4
market1501/bounding_box_train/0554_c6s2_000468_01.jpg,554,market1501,5
market1501/bounding_box_train/0554_c6s2_000468_02.jpg,554,market1501,5
market1501/bounding_box_train/0554_c6s2_000593_01.jpg,554,market1501,5
market1501/bounding_box_train/0554_c6s2_000643_01.jpg,554,market1501,5
market1501/bounding_box_train/0555_c1s3_011946_04.jpg,555,market1501,0
market1501/bounding_box_train/0555_c1s3_011971_02.jpg,555,market1501,0
market1501/bounding_box_train/0555_c1s3_027901_01.jpg,555,market1501,0
market1501/bounding_box_train/0555_c1s3_027951_02.jpg,555,market1501,0
market1501/bounding_box_train/0555_c3s1_159233_02.jpg,555,market1501,2
market1501/bounding_box_train/0555_c3s1_159258_02.jpg,555,market1501,2
market1501/bounding_box_train/0555_c3s2_013287_02.jpg,555,market1501,2
market1501/bounding_box_train/0555_c3s2_013337_03.jpg,555,market1501,2
market1501/bounding_box_train/0555_c3s2_013362_03.jpg,555,market1501,2
market1501/bounding_box_train/0555_c5s1_159695_02.jpg,555,market1501,4
market1501/bounding_box_train/0555_c5s1_159720_02.jpg,555,market1501,4
market1501/bounding_box_train/0555_c5s1_159770_01.jpg,555,market1501,4
market1501/bounding_box_train/0555_c5s2_013980_01.jpg,555,market1501,4
market1501/bounding_box_train/0555_c5s2_014030_01.jpg,555,market1501,4
market1501/bounding_box_train/0555_c5s2_014080_04.jpg,555,market1501,4
market1501/bounding_box_train/0555_c6s2_007393_01.jpg,555,market1501,5
market1501/bounding_box_train/0555_c6s2_007418_01.jpg,555,market1501,5
market1501/bounding_box_train/0555_c6s2_007443_01.jpg,555,market1501,5
market1501/bounding_box_train/0555_c6s2_007468_01.jpg,555,market1501,5
market1501/bounding_box_train/0555_c6s2_007518_02.jpg,555,market1501,5
market1501/bounding_box_train/0555_c6s2_007518_03.jpg,555,market1501,5
market1501/bounding_box_train/0555_c6s2_007593_02.jpg,555,market1501,5
market1501/bounding_box_train/0555_c6s2_007618_02.jpg,555,market1501,5
market1501/bounding_box_train/0555_c6s2_007618_03.jpg,555,market1501,5
market1501/bounding_box_train/0563_c1s3_017851_03.jpg,563,market1501,0
market1501/bounding_box_train/0563_c4s3_017223_01.jpg,563,market1501,3
market1501/bounding_box_train/0563_c4s3_017248_01.jpg,563,market1501,3
market1501/bounding_box_train/0563_c4s3_017373_01.jpg,563,market1501,3
market1501/bounding_box_train/0564_c1s3_018251_03.jpg,564,market1501,0
market1501/bounding_box_train/0564_c3s2_003346_05.jpg,564,market1501,2
market1501/bounding_box_train/0564_c3s2_003371_06.jpg,564,market1501,2
market1501/bounding_box_train/0564_c3s2_003396_05.jpg,564,market1501,2
market1501/bounding_box_train/0564_c3s2_003471_04.jpg,564,market1501,2
market1501/bounding_box_train/0564_c3s2_003546_03.jpg,564,market1501,2
market1501/bounding_box_train/0564_c4s3_018054_03.jpg,564,market1501,3
market1501/bounding_box_train/0564_c4s3_018104_01.jpg,564,market1501,3
market1501/bounding_box_train/0564_c4s3_018129_01.jpg,564,market1501,3
market1501/bounding_box_train/0564_c4s3_018154_01.jpg,564,market1501,3
market1501/bounding_box_train/0564_c4s3_018204_01.jpg,564,market1501,3
market1501/bounding_box_train/0564_c4s3_018204_03.jpg,564,market1501,3
market1501/bounding_box_train/0564_c5s2_004080_04.jpg,564,market1501,4
market1501/bounding_box_train/0564_c5s2_004180_03.jpg,564,market1501,4
market1501/bounding_box_train/0564_c5s2_004205_03.jpg,564,market1501,4
market1501/bounding_box_train/0564_c5s2_004280_04.jpg,564,market1501,4
market1501/bounding_box_train/0579_c1s3_026726_02.jpg,579,market1501,0
market1501/bounding_box_train/0579_c2s2_009187_01.jpg,579,market1501,1
market1501/bounding_box_train/0579_c2s2_009212_01.jpg,579,market1501,1
market1501/bounding_box_train/0579_c3s2_012412_04.jpg,579,market1501,2
market1501/bounding_box_train/0579_c3s2_012437_03.jpg,579,market1501,2
market1501/bounding_box_train/0579_c6s2_006668_02.jpg,579,market1501,5
market1501/bounding_box_train/0579_c6s2_006693_04.jpg,579,market1501,5
market1501/bounding_box_train/0581_c1s3_026526_01.jpg,581,market1501,0
market1501/bounding_box_train/0581_c1s3_026551_01.jpg,581,market1501,0
market1501/bounding_box_train/0581_c1s3_026551_06.jpg,581,market1501,0
market1501/bounding_box_train/0581_c1s3_026601_02.jpg,581,market1501,0
market1501/bounding_box_train/0581_c3s2_012237_02.jpg,581,market1501,2
market1501/bounding_box_train/0581_c3s2_012462_06.jpg,581,market1501,2
market1501/bounding_box_train/0581_c3s2_012512_04.jpg,581,market1501,2
market1501/bounding_box_train/0581_c4s3_025379_01.jpg,581,market1501,3
market1501/bounding_box_train/0581_c4s4_037035_01.jpg,581,market1501,3
market1501/bounding_box_train/0581_c4s4_037110_01.jpg,581,market1501,3
market1501/bounding_box_train/0581_c4s4_037210_02.jpg,581,market1501,3
market1501/bounding_box_train/0581_c4s4_037335_02.jpg,581,market1501,3
market1501/bounding_box_train/0581_c4s4_037385_01.jpg,581,market1501,3
market1501/bounding_box_train/0581_c4s4_037435_02.jpg,581,market1501,3
market1501/bounding_box_train/0581_c4s4_037760_02.jpg,581,market1501,3
market1501/bounding_box_train/0581_c4s4_038435_01.jpg,581,market1501,3
market1501/bounding_box_train/0581_c4s4_038835_01.jpg,581,market1501,3
market1501/bounding_box_train/0581_c4s4_039010_01.jpg,581,market1501,3
market1501/bounding_box_train/0581_c4s4_039010_04.jpg,581,market1501,3
market1501/bounding_box_train/0581_c4s4_039260_03.jpg,581,market1501,3
market1501/bounding_box_train/0581_c4s4_039360_04.jpg,581,market1501,3
market1501/bounding_box_train/0581_c5s2_012630_02.jpg,581,market1501,4
market1501/bounding_box_train/0581_c5s2_012680_01.jpg,581,market1501,4
market1501/bounding_box_train/0581_c5s2_012705_03.jpg,581,market1501,4
market1501/bounding_box_train/0581_c5s2_012730_03.jpg,581,market1501,4
market1501/bounding_box_train/0581_c5s2_012730_05.jpg,581,market1501,4
market1501/bounding_box_train/0581_c5s2_012780_01.jpg,581,market1501,4
market1501/bounding_box_train/0581_c6s2_006343_01.jpg,581,market1501,5
market1501/bounding_box_train/0581_c6s2_006343_04.jpg,581,market1501,5
market1501/bounding_box_train/0581_c6s2_006418_01.jpg,581,market1501,5
market1501/bounding_box_train/0581_c6s2_006418_02.jpg,581,market1501,5
market1501/bounding_box_train/0581_c6s2_006618_01.jpg,581,market1501,5
market1501/bounding_box_train/0581_c6s2_006693_02.jpg,581,market1501,5
market1501/bounding_box_train/0586_c1s3_029601_03.jpg,586,market1501,0
market1501/bounding_box_train/0586_c4s3_025779_01.jpg,586,market1501,3
market1501/bounding_box_train/0586_c4s3_025854_01.jpg,586,market1501,3
market1501/bounding_box_train/0586_c4s3_029304_01.jpg,586,market1501,3
market1501/bounding_box_train/0586_c4s3_029354_01.jpg,586,market1501,3
market1501/bounding_box_train/0586_c4s3_029379_01.jpg,586,market1501,3
market1501/bounding_box_train/0586_c4s3_029429_01.jpg,586,market1501,3
market1501/bounding_box_train/0586_c4s3_029454_01.jpg,586,market1501,3
market1501/bounding_box_train/0589_c1s3_035001_03.jpg,589,market1501,0
market1501/bounding_box_train/0589_c1s3_035076_02.jpg,589,market1501,0
market1501/bounding_box_train/0589_c3s2_012737_04.jpg,589,market1501,2
market1501/bounding_box_train/0589_c3s2_012862_03.jpg,589,market1501,2
market1501/bounding_box_train/0589_c3s2_020362_04.jpg,589,market1501,2
market1501/bounding_box_train/0589_c3s2_020437_03.jpg,589,market1501,2
market1501/bounding_box_train/0589_c5s2_013230_01.jpg,589,market1501,4
market1501/bounding_box_train/0589_c5s2_013255_01.jpg,589,market1501,4
market1501/bounding_box_train/0589_c5s2_013280_04.jpg,589,market1501,4
market1501/bounding_box_train/0589_c5s2_013305_02.jpg,589,market1501,4
market1501/bounding_box_train/0589_c5s2_021080_03.jpg,589,market1501,4
market1501/bounding_box_train/0589_c5s2_021130_03.jpg,589,market1501,4
market1501/bounding_box_train/0589_c6s2_006893_03.jpg,589,market1501,5
market1501/bounding_box_train/0589_c6s2_006943_01.jpg,589,market1501,5
market1501/bounding_box_train/0589_c6s2_006968_02.jpg,589,market1501,5
market1501/bounding_box_train/0589_c6s2_006993_02.jpg,589,market1501,5
market1501/bounding_box_train/0589_c6s2_007043_02.jpg,589,market1501,5
market1501/bounding_box_train/0589_c6s2_014468_01.jpg,589,market1501,5
market1501/bounding_box_train/0589_c6s2_014493_02.jpg,589,market1501,5
market1501/bounding_box_train/0589_c6s2_014518_01.jpg,589,market1501,5
market1501/bounding_box_train/0589_c6s2_014568_01.jpg,589,market1501,5
market1501/bounding_box_train/0589_c6s2_014568_03.jpg,589,market1501,5
market1501/bounding_box_train/0589_c6s2_014593_01.jpg,589,market1501,5
market1501/bounding_box_train/0589_c6s2_014618_01.jpg,589,market1501,5
market1501/bounding_box_train/0589_c6s2_014618_05.jpg,589,market1501,5
market1501/bounding_box_train/0589_c6s2_014643_01.jpg,589,market1501,5
market1501/bounding_box_train/0589_c6s2_014643_05.jpg,589,market1501,5
market1501/bounding_box_train/0589_c6s2_014668_01.jpg,589,market1501,5
market1501/bounding_box_train/0589_c6s2_014693_01.jpg,589,market1501,5
market1501/bounding_box_train/0059_c1s1_011176_01.jpg,59,market1501,0
market1501/bounding_box_train/0059_c2s1_010476_01.jpg,59,market1501,1
market1501/bounding_box_train/0059_c4s1_011076_02.jpg,59,market1501,3
market1501/bounding_box_train/0599_c1s6_035396_01.jpg,599,market1501,0
market1501/bounding_box_train/0599_c1s6_035421_02.jpg,599,market1501,0
market1501/bounding_box_train/0599_c2s3_077777_01.jpg,599,market1501,1
market1501/bounding_box_train/0599_c2s3_077852_01.jpg,599,market1501,1
market1501/bounding_box_train/0599_c2s3_077977_03.jpg,599,market1501,1
market1501/bounding_box_train/0599_c5s3_084537_02.jpg,599,market1501,4
market1501/bounding_box_train/0599_c6s4_010677_02.jpg,599,market1501,5
market1501/bounding_box_train/0599_c6s4_010702_02.jpg,599,market1501,5
market1501/bounding_box_train/0603_c1s3_031351_01.jpg,603,market1501,0
market1501/bounding_box_train/0603_c1s3_035326_03.jpg,603,market1501,0
market1501/bounding_box_train/0603_c3s2_016887_05.jpg,603,market1501,2
market1501/bounding_box_train/0603_c3s2_016937_02.jpg,603,market1501,2
market1501/bounding_box_train/0603_c3s2_020687_03.jpg,603,market1501,2
market1501/bounding_box_train/0603_c3s2_020737_04.jpg,603,market1501,2
market1501/bounding_box_train/0603_c5s2_017355_03.jpg,603,market1501,4
market1501/bounding_box_train/0603_c5s2_017380_02.jpg,603,market1501,4
market1501/bounding_box_train/0603_c5s2_017480_02.jpg,603,market1501,4
market1501/bounding_box_train/0603_c5s2_017505_03.jpg,603,market1501,4
market1501/bounding_box_train/0603_c5s2_021330_05.jpg,603,market1501,4
market1501/bounding_box_train/0603_c6s2_011018_01.jpg,603,market1501,5
market1501/bounding_box_train/0603_c6s2_011018_05.jpg,603,market1501,5
market1501/bounding_box_train/0603_c6s2_011043_01.jpg,603,market1501,5
market1501/bounding_box_train/0603_c6s2_011068_01.jpg,603,market1501,5
market1501/bounding_box_train/0603_c6s2_011068_06.jpg,603,market1501,5
market1501/bounding_box_train/0603_c6s2_011093_01.jpg,603,market1501,5
market1501/bounding_box_train/0603_c6s2_011193_01.jpg,603,market1501,5
market1501/bounding_box_train/0603_c6s2_011218_01.jpg,603,market1501,5
market1501/bounding_box_train/0603_c6s2_014743_01.jpg,603,market1501,5
market1501/bounding_box_train/0603_c6s2_014793_01.jpg,603,market1501,5
market1501/bounding_box_train/0603_c6s2_014893_02.jpg,603,market1501,5
market1501/bounding_box_train/0603_c6s2_014893_04.jpg,603,market1501,5
market1501/bounding_box_train/0616_c1s3_034201_01.jpg,616,market1501,0
market1501/bounding_box_train/0616_c1s3_047451_03.jpg,616,market1501,0
market1501/bounding_box_train/0616_c1s3_047776_01.jpg,616,market1501,0
market1501/bounding_box_train/0616_c1s3_047851_01.jpg,616,market1501,0
market1501/bounding_box_train/0616_c1s3_047876_01.jpg,616,market1501,0
market1501/bounding_box_train/0616_c2s2_016562_02.jpg,616,market1501,1
market1501/bounding_box_train/0616_c2s2_016637_02.jpg,616,market1501,1
market1501/bounding_box_train/0616_c2s2_016862_10.jpg,616,market1501,1
market1501/bounding_box_train/0616_c2s2_030412_03.jpg,616,market1501,1
market1501/bounding_box_train/0616_c3s2_019962_04.jpg,616,market1501,2
market1501/bounding_box_train/0616_c3s2_032687_05.jpg,616,market1501,2
market1501/bounding_box_train/0616_c3s2_032887_02.jpg,616,market1501,2
market1501/bounding_box_train/0616_c3s2_033037_03.jpg,616,market1501,2
market1501/bounding_box_train/0616_c5s2_033405_02.jpg,616,market1501,4
market1501/bounding_box_train/0616_c5s2_033480_01.jpg,616,market1501,4
market1501/bounding_box_train/0616_c5s2_033530_03.jpg,616,market1501,4
market1501/bounding_box_train/0616_c6s2_026718_01.jpg,616,market1501,5
market1501/bounding_box_train/0616_c6s2_026768_02.jpg,616,market1501,5
market1501/bounding_box_train/0616_c6s2_026793_02.jpg,616,market1501,5
market1501/bounding_box_train/0616_c6s2_026868_02.jpg,616,market1501,5
market1501/bounding_box_train/0616_c6s2_027018_01.jpg,616,market1501,5
market1501/bounding_box_train/0616_c6s2_027068_01.jpg,616,market1501,5
market1501/bounding_box_train/0619_c2s2_018387_01.jpg,619,market1501,1
market1501/bounding_box_train/0619_c2s2_037762_02.jpg,619,market1501,1
market1501/bounding_box_train/0619_c3s2_021562_04.jpg,619,market1501,2
market1501/bounding_box_train/0619_c3s2_021612_05.jpg,619,market1501,2
market1501/bounding_box_train/0619_c3s2_021637_05.jpg,619,market1501,2
market1501/bounding_box_train/0619_c3s2_040512_01.jpg,619,market1501,2
market1501/bounding_box_train/0619_c3s2_040537_01.jpg,619,market1501,2
market1501/bounding_box_train/0619_c6s2_015793_01.jpg,619,market1501,5
market1501/bounding_box_train/0619_c6s2_015818_01.jpg,619,market1501,5
market1501/bounding_box_train/0619_c6s2_015843_01.jpg,619,market1501,5
market1501/bounding_box_train/0619_c6s2_034568_01.jpg,619,market1501,5
market1501/bounding_box_train/0619_c6s2_034593_01.jpg,619,market1501,5
market1501/bounding_box_train/0619_c6s2_034618_01.jpg,619,market1501,5
market1501/bounding_box_train/0622_c1s3_037351_02.jpg,622,market1501,0
market1501/bounding_box_train/0622_c1s3_037376_05.jpg,622,market1501,0
market1501/bounding_box_train/0622_c2s2_019812_02.jpg,622,market1501,1
market1501/bounding_box_train/0622_c2s2_019887_03.jpg,622,market1501,1
market1501/bounding_box_train/0622_c3s2_023087_05.jpg,622,market1501,2
market1501/bounding_box_train/0622_c3s2_023112_05.jpg,622,market1501,2
market1501/bounding_box_train/0622_c6s2_017318_01.jpg,622,market1501,5
market1501/bounding_box_train/0630_c1s3_038501_06.jpg,630,market1501,0
market1501/bounding_box_train/0630_c1s3_038626_06.jpg,630,market1501,0
market1501/bounding_box_train/0630_c2s2_020937_05.jpg,630,market1501,1
market1501/bounding_box_train/0630_c2s2_035062_01.jpg,630,market1501,1
market1501/bounding_box_train/0630_c2s2_035087_02.jpg,630,market1501,1
market1501/bounding_box_train/0630_c2s2_035112_02.jpg,630,market1501,1
market1501/bounding_box_train/0630_c3s2_024212_03.jpg,630,market1501,2
market1501/bounding_box_train/0630_c3s2_024237_02.jpg,630,market1501,2
market1501/bounding_box_train/0630_c3s2_024237_05.jpg,630,market1501,2
market1501/bounding_box_train/0630_c3s2_024312_03.jpg,630,market1501,2
market1501/bounding_box_train/0630_c3s2_037787_02.jpg,630,market1501,2
market1501/bounding_box_train/0630_c3s2_037812_03.jpg,630,market1501,2
market1501/bounding_box_train/0630_c3s2_037812_04.jpg,630,market1501,2
market1501/bounding_box_train/0630_c5s2_024655_07.jpg,630,market1501,4
market1501/bounding_box_train/0630_c5s2_024705_04.jpg,630,market1501,4
market1501/bounding_box_train/0630_c5s2_024780_03.jpg,630,market1501,4
market1501/bounding_box_train/0630_c5s2_038755_02.jpg,630,market1501,4
market1501/bounding_box_train/0630_c6s2_018493_01.jpg,630,market1501,5
market1501/bounding_box_train/0630_c6s2_018543_01.jpg,630,market1501,5
market1501/bounding_box_train/0630_c6s2_018568_01.jpg,630,market1501,5
market1501/bounding_box_train/0630_c6s2_018568_04.jpg,630,market1501,5
market1501/bounding_box_train/0630_c6s2_031843_01.jpg,630,market1501,5
market1501/bounding_box_train/0630_c6s2_031868_01.jpg,630,market1501,5
market1501/bounding_box_train/0633_c1s3_039926_02.jpg,633,market1501,0
market1501/bounding_box_train/0633_c1s3_040026_01.jpg,633,market1501,0
market1501/bounding_box_train/0633_c3s2_025612_01.jpg,633,market1501,2
market1501/bounding_box_train/0633_c3s2_025637_01.jpg,633,market1501,2
market1501/bounding_box_train/0633_c3s2_025662_01.jpg,633,market1501,2
market1501/bounding_box_train/0633_c3s2_025737_01.jpg,633,market1501,2
market1501/bounding_box_train/0633_c3s2_025787_01.jpg,633,market1501,2
market1501/bounding_box_train/0633_c5s2_025980_01.jpg,633,market1501,4
market1501/bounding_box_train/0633_c5s2_026105_02.jpg,633,market1501,4
market1501/bounding_box_train/0633_c5s2_026105_06.jpg,633,market1501,4
market1501/bounding_box_train/0633_c5s2_026205_01.jpg,633,market1501,4
market1501/bounding_box_train/0633_c6s2_019668_02.jpg,633,market1501,5
market1501/bounding_box_train/0633_c6s2_019718_01.jpg,633,market1501,5
market1501/bounding_box_train/0633_c6s2_019743_01.jpg,633,market1501,5
market1501/bounding_box_train/0633_c6s2_019743_05.jpg,633,market1501,5
market1501/bounding_box_train/0633_c6s2_019768_01.jpg,633,market1501,5
market1501/bounding_box_train/0633_c6s2_019768_04.jpg,633,market1501,5
market1501/bounding_box_train/0633_c6s2_019818_01.jpg,633,market1501,5
market1501/bounding_box_train/0633_c6s2_019818_04.jpg,633,market1501,5
market1501/bounding_box_train/0633_c6s2_019868_01.jpg,633,market1501,5
market1501/bounding_box_train/0633_c6s2_019868_05.jpg,633,market1501,5
market1501/bounding_box_train/0633_c6s2_019993_01.jpg,633,market1501,5
market1501/bounding_box_train/0633_c6s2_019993_02.jpg,633,market1501,5
market1501/bounding_box_train/0635_c1s3_040801_02.jpg,635,market1501,0
market1501/bounding_box_train/0635_c1s3_053976_02.jpg,635,market1501,0
market1501/bounding_box_train/0635_c1s3_054001_01.jpg,635,market1501,0
market1501/bounding_box_train/0635_c2s2_023137_02.jpg,635,market1501,1
market1501/bounding_box_train/0635_c2s2_036662_01.jpg,635,market1501,1
market1501/bounding_box_train/0635_c3s2_026512_02.jpg,635,market1501,2
market1501/bounding_box_train/0635_c3s2_026537_01.jpg,635,market1501,2
market1501/bounding_box_train/0635_c3s2_039237_01.jpg,635,market1501,2
market1501/bounding_box_train/0635_c3s2_039312_02.jpg,635,market1501,2
market1501/bounding_box_train/0635_c5s2_026880_02.jpg,635,market1501,4
market1501/bounding_box_train/0635_c5s2_026880_04.jpg,635,market1501,4
market1501/bounding_box_train/0635_c5s2_040055_02.jpg,635,market1501,4
market1501/bounding_box_train/0635_c5s2_040080_01.jpg,635,market1501,4
market1501/bounding_box_train/0635_c5s2_040080_03.jpg,635,market1501,4
market1501/bounding_box_train/0635_c6s2_020718_05.jpg,635,market1501,5
market1501/bounding_box_train/0635_c6s2_020743_01.jpg,635,market1501,5
market1501/bounding_box_train/0635_c6s2_033343_01.jpg,635,market1501,5
market1501/bounding_box_train/0635_c6s2_033368_02.jpg,635,market1501,5
market1501/bounding_box_train/0635_c6s2_033393_02.jpg,635,market1501,5
market1501/bounding_box_train/0636_c1s3_041176_01.jpg,636,market1501,0
market1501/bounding_box_train/0636_c1s3_041201_01.jpg,636,market1501,0
market1501/bounding_box_train/0636_c3s2_026537_03.jpg,636,market1501,2
market1501/bounding_box_train/0636_c4s3_041054_01.jpg,636,market1501,3
market1501/bounding_box_train/0636_c4s3_041079_01.jpg,636,market1501,3
market1501/bounding_box_train/0636_c4s3_041154_01.jpg,636,market1501,3
market1501/bounding_box_train/0636_c4s3_041154_05.jpg,636,market1501,3
market1501/bounding_box_train/0636_c4s3_041479_01.jpg,636,market1501,3
market1501/bounding_box_train/0636_c5s2_027180_01.jpg,636,market1501,4
market1501/bounding_box_train/0636_c5s2_027280_02.jpg,636,market1501,4
market1501/bounding_box_train/0636_c5s2_027280_04.jpg,636,market1501,4
market1501/bounding_box_train/0636_c6s2_020543_01.jpg,636,market1501,5
market1501/bounding_box_train/0636_c6s2_020593_01.jpg,636,market1501,5
market1501/bounding_box_train/0636_c6s2_020668_01.jpg,636,market1501,5
market1501/bounding_box_train/0636_c6s2_020693_01.jpg,636,market1501,5
market1501/bounding_box_train/0636_c6s2_020718_01.jpg,636,market1501,5
market1501/bounding_box_train/0640_c1s3_043926_04.jpg,640,market1501,0
market1501/bounding_box_train/0640_c3s2_029412_01.jpg,640,market1501,2
market1501/bounding_box_train/0640_c3s2_029512_02.jpg,640,market1501,2
market1501/bounding_box_train/0640_c5s2_029980_02.jpg,640,market1501,4
market1501/bounding_box_train/0640_c6s2_023693_01.jpg,640,market1501,5
market1501/bounding_box_train/0640_c6s2_023743_01.jpg,640,market1501,5
market1501/bounding_box_train/0640_c6s2_023768_01.jpg,640,market1501,5
market1501/bounding_box_train/0642_c1s3_045026_01.jpg,642,market1501,0
market1501/bounding_box_train/0642_c1s3_045126_01.jpg,642,market1501,0
market1501/bounding_box_train/0642_c1s3_054476_01.jpg,642,market1501,0
market1501/bounding_box_train/0642_c1s3_054626_01.jpg,642,market1501,0
market1501/bounding_box_train/0642_c2s2_027537_01.jpg,642,market1501,1
market1501/bounding_box_train/0642_c2s2_037312_01.jpg,642,market1501,1
market1501/bounding_box_train/0642_c2s2_037312_06.jpg,642,market1501,1
market1501/bounding_box_train/0642_c3s2_030762_01.jpg,642,market1501,2
market1501/bounding_box_train/0642_c3s2_030787_01.jpg,642,market1501,2
market1501/bounding_box_train/0642_c3s2_030812_01.jpg,642,market1501,2
market1501/bounding_box_train/0642_c3s2_039837_01.jpg,642,market1501,2
market1501/bounding_box_train/0642_c3s2_039862_01.jpg,642,market1501,2
market1501/bounding_box_train/0642_c5s2_040505_01.jpg,642,market1501,4
market1501/bounding_box_train/0642_c5s2_040555_01.jpg,642,market1501,4
market1501/bounding_box_train/0642_c6s2_024993_01.jpg,642,market1501,5
market1501/bounding_box_train/0642_c6s2_025018_01.jpg,642,market1501,5
market1501/bounding_box_train/0642_c6s2_033918_01.jpg,642,market1501,5
market1501/bounding_box_train/0642_c6s2_033943_01.jpg,642,market1501,5
market1501/bounding_box_train/0642_c6s2_033968_01.jpg,642,market1501,5
market1501/bounding_box_train/0642_c6s2_033993_01.jpg,642,market1501,5
market1501/bounding_box_train/0642_c6s2_034068_01.jpg,642,market1501,5
market1501/bounding_box_train/0065_c1s1_009226_01.jpg,65,market1501,0
market1501/bounding_box_train/0065_c1s1_009276_01.jpg,65,market1501,0
market1501/bounding_box_train/0065_c1s1_011251_03.jpg,65,market1501,0
market1501/bounding_box_train/0065_c1s1_011276_04.jpg,65,market1501,0
market1501/bounding_box_train/0065_c2s1_008301_05.jpg,65,market1501,1
market1501/bounding_box_train/0065_c2s1_008576_01.jpg,65,market1501,1
market1501/bounding_box_train/0065_c2s1_008676_01.jpg,65,market1501,1
market1501/bounding_box_train/0065_c2s1_010901_01.jpg,65,market1501,1
market1501/bounding_box_train/0065_c2s1_011101_01.jpg,65,market1501,1
market1501/bounding_box_train/0065_c2s1_011101_02.jpg,65,market1501,1
market1501/bounding_box_train/0065_c2s1_011376_02.jpg,65,market1501,1
market1501/bounding_box_train/0065_c3s1_008901_03.jpg,65,market1501,2
market1501/bounding_box_train/0065_c3s1_010651_04.jpg,65,market1501,2
market1501/bounding_box_train/0065_c3s1_010676_04.jpg,65,market1501,2
market1501/bounding_box_train/0065_c4s1_012301_02.jpg,65,market1501,3
market1501/bounding_box_train/0065_c4s1_012376_02.jpg,65,market1501,3
market1501/bounding_box_train/0065_c5s1_009251_02.jpg,65,market1501,4
market1501/bounding_box_train/0065_c5s1_011251_03.jpg,65,market1501,4
market1501/bounding_box_train/0065_c5s1_011276_04.jpg,65,market1501,4
market1501/bounding_box_train/0065_c5s1_011376_04.jpg,65,market1501,4
market1501/bounding_box_train/0065_c6s1_009451_02.jpg,65,market1501,5
market1501/bounding_box_train/0065_c6s1_009476_02.jpg,65,market1501,5
market1501/bounding_box_train/0065_c6s1_009501_02.jpg,65,market1501,5
market1501/bounding_box_train/0065_c6s1_009526_02.jpg,65,market1501,5
market1501/bounding_box_train/0065_c6s1_011076_02.jpg,65,market1501,5
market1501/bounding_box_train/0065_c6s1_011101_02.jpg,65,market1501,5
market1501/bounding_box_train/0065_c6s1_011126_02.jpg,65,market1501,5
market1501/bounding_box_train/0658_c1s3_039551_02.jpg,658,market1501,0
market1501/bounding_box_train/0658_c1s3_052576_01.jpg,658,market1501,0
market1501/bounding_box_train/0658_c2s2_035062_02.jpg,658,market1501,1
market1501/bounding_box_train/0658_c2s2_035087_01.jpg,658,market1501,1
market1501/bounding_box_train/0658_c2s2_035112_01.jpg,658,market1501,1
market1501/bounding_box_train/0658_c2s2_035337_02.jpg,658,market1501,1
market1501/bounding_box_train/0658_c3s2_025262_04.jpg,658,market1501,2
market1501/bounding_box_train/0658_c3s2_025312_03.jpg,658,market1501,2
market1501/bounding_box_train/0658_c3s2_025362_04.jpg,658,market1501,2
market1501/bounding_box_train/0658_c3s2_037812_01.jpg,658,market1501,2
market1501/bounding_box_train/0658_c3s2_037837_01.jpg,658,market1501,2
market1501/bounding_box_train/0658_c5s2_038780_02.jpg,658,market1501,4
market1501/bounding_box_train/0658_c6s2_031943_01.jpg,658,market1501,5
market1501/bounding_box_train/0658_c6s2_031968_03.jpg,658,market1501,5
market1501/bounding_box_train/0660_c2s3_095477_04.jpg,660,market1501,1
market1501/bounding_box_train/0660_c5s3_102012_02.jpg,660,market1501,4
market1501/bounding_box_train/0660_c5s3_102012_05.jpg,660,market1501,4
market1501/bounding_box_train/0660_c6s4_027702_06.jpg,660,market1501,5
market1501/bounding_box_train/0660_c6s4_028252_06.jpg,660,market1501,5
market1501/bounding_box_train/0665_c1s3_055976_01.jpg,665,market1501,0
market1501/bounding_box_train/0665_c1s3_055976_03.jpg,665,market1501,0
market1501/bounding_box_train/0665_c1s3_056001_01.jpg,665,market1501,0
market1501/bounding_box_train/0665_c1s3_061876_01.jpg,665,market1501,0
market1501/bounding_box_train/0665_c1s3_061901_01.jpg,665,market1501,0
market1501/bounding_box_train/0665_c2s2_038437_01.jpg,665,market1501,1
market1501/bounding_box_train/0665_c2s2_038537_01.jpg,665,market1501,1
market1501/bounding_box_train/0665_c2s2_044412_01.jpg,665,market1501,1
market1501/bounding_box_train/0665_c2s2_044487_01.jpg,665,market1501,1
market1501/bounding_box_train/0665_c3s2_041662_01.jpg,665,market1501,2
market1501/bounding_box_train/0665_c3s2_041712_01.jpg,665,market1501,2
market1501/bounding_box_train/0665_c3s2_047162_01.jpg,665,market1501,2
market1501/bounding_box_train/0665_c3s2_047187_01.jpg,665,market1501,2
market1501/bounding_box_train/0665_c5s2_042080_02.jpg,665,market1501,4
market1501/bounding_box_train/0665_c5s2_047980_01.jpg,665,market1501,4
market1501/bounding_box_train/0665_c5s2_047980_02.jpg,665,market1501,4
market1501/bounding_box_train/0665_c5s2_048055_01.jpg,665,market1501,4
market1501/bounding_box_train/0665_c6s2_035893_01.jpg,665,market1501,5
market1501/bounding_box_train/0665_c6s2_035918_01.jpg,665,market1501,5
market1501/bounding_box_train/0665_c6s2_035968_01.jpg,665,market1501,5
market1501/bounding_box_train/0665_c6s2_041268_01.jpg,665,market1501,5
market1501/bounding_box_train/0665_c6s2_041293_01.jpg,665,market1501,5
market1501/bounding_box_train/0669_c1s3_064951_02.jpg,669,market1501,0
market1501/bounding_box_train/0669_c2s2_041187_01.jpg,669,market1501,1
market1501/bounding_box_train/0669_c2s2_047437_01.jpg,669,market1501,1
market1501/bounding_box_train/0669_c3s2_044362_01.jpg,669,market1501,2
market1501/bounding_box_train/0669_c3s2_044387_02.jpg,669,market1501,2
market1501/bounding_box_train/0669_c3s2_050287_01.jpg,669,market1501,2
market1501/bounding_box_train/0669_c3s2_050312_01.jpg,669,market1501,2
market1501/bounding_box_train/0669_c3s2_050337_01.jpg,669,market1501,2
market1501/bounding_box_train/0669_c5s2_044730_01.jpg,669,market1501,4
market1501/bounding_box_train/0669_c5s2_051130_01.jpg,669,market1501,4
market1501/bounding_box_train/0669_c6s2_038568_01.jpg,669,market1501,5
market1501/bounding_box_train/0669_c6s2_044418_01.jpg,669,market1501,5
market1501/bounding_box_train/0067_c1s1_009376_01.jpg,67,market1501,0
market1501/bounding_box_train/0067_c1s1_009451_01.jpg,67,market1501,0
market1501/bounding_box_train/0067_c1s1_009476_01.jpg,67,market1501,0
market1501/bounding_box_train/0067_c1s1_019226_02.jpg,67,market1501,0
market1501/bounding_box_train/0067_c1s1_019251_03.jpg,67,market1501,0
market1501/bounding_box_train/0067_c1s1_019276_04.jpg,67,market1501,0
market1501/bounding_box_train/0067_c1s1_019301_01.jpg,67,market1501,0
market1501/bounding_box_train/0067_c2s1_007851_01.jpg,67,market1501,1
market1501/bounding_box_train/0067_c2s1_008851_01.jpg,67,market1501,1
market1501/bounding_box_train/0067_c2s1_008926_01.jpg,67,market1501,1
market1501/bounding_box_train/0067_c2s1_018676_02.jpg,67,market1501,1
market1501/bounding_box_train/0067_c2s1_018776_01.jpg,67,market1501,1
market1501/bounding_box_train/0067_c3s1_007551_01.jpg,67,market1501,2
market1501/bounding_box_train/0067_c3s1_007851_02.jpg,67,market1501,2
market1501/bounding_box_train/0067_c3s1_009176_02.jpg,67,market1501,2
market1501/bounding_box_train/0067_c3s1_018476_01.jpg,67,market1501,2
market1501/bounding_box_train/0067_c3s1_018501_02.jpg,67,market1501,2
market1501/bounding_box_train/0067_c5s1_009426_01.jpg,67,market1501,4
market1501/bounding_box_train/0067_c5s1_019276_05.jpg,67,market1501,4
market1501/bounding_box_train/0067_c5s1_019301_03.jpg,67,market1501,4
market1501/bounding_box_train/0067_c5s1_019526_02.jpg,67,market1501,4
market1501/bounding_box_train/0067_c6s1_009676_05.jpg,67,market1501,5
market1501/bounding_box_train/0067_c6s1_009701_01.jpg,67,market1501,5
market1501/bounding_box_train/0067_c6s1_009726_01.jpg,67,market1501,5
market1501/bounding_box_train/0067_c6s1_009751_01.jpg,67,market1501,5
market1501/bounding_box_train/0067_c6s1_009801_03.jpg,67,market1501,5
market1501/bounding_box_train/0067_c6s1_018901_03.jpg,67,market1501,5
market1501/bounding_box_train/0067_c6s1_018926_04.jpg,67,market1501,5
market1501/bounding_box_train/0067_c6s1_018976_01.jpg,67,market1501,5
market1501/bounding_box_train/0067_c6s1_019001_02.jpg,67,market1501,5
market1501/bounding_box_train/0067_c6s1_019026_03.jpg,67,market1501,5
market1501/bounding_box_train/0674_c1s3_059326_01.jpg,674,market1501,0
market1501/bounding_box_train/0674_c1s3_059351_02.jpg,674,market1501,0
market1501/bounding_box_train/0674_c1s3_059401_01.jpg,674,market1501,0
market1501/bounding_box_train/0674_c3s2_044862_01.jpg,674,market1501,2
market1501/bounding_box_train/0674_c3s2_044987_01.jpg,674,market1501,2
market1501/bounding_box_train/0674_c5s2_045455_01.jpg,674,market1501,4
market1501/bounding_box_train/0674_c5s2_045505_04.jpg,674,market1501,4
market1501/bounding_box_train/0674_c5s2_045530_03.jpg,674,market1501,4
market1501/bounding_box_train/0674_c5s2_049880_01.jpg,674,market1501,4
market1501/bounding_box_train/0674_c5s2_049955_03.jpg,674,market1501,4
market1501/bounding_box_train/0674_c6s2_039118_01.jpg,674,market1501,5
market1501/bounding_box_train/0674_c6s2_039143_01.jpg,674,market1501,5
market1501/bounding_box_train/0674_c6s2_039218_01.jpg,674,market1501,5
market1501/bounding_box_train/0689_c1s4_009681_02.jpg,689,market1501,0
market1501/bounding_box_train/0689_c1s4_009756_03.jpg,689,market1501,0
market1501/bounding_box_train/0689_c1s4_050331_02.jpg,689,market1501,0
market1501/bounding_box_train/0689_c1s4_050381_01.jpg,689,market1501,0
market1501/bounding_box_train/0689_c1s4_050406_02.jpg,689,market1501,0
market1501/bounding_box_train/0689_c2s2_067257_01.jpg,689,market1501,1
market1501/bounding_box_train/0689_c2s2_107732_05.jpg,689,market1501,1
market1501/bounding_box_train/0689_c3s2_064203_04.jpg,689,market1501,2
market1501/bounding_box_train/0689_c3s2_064303_05.jpg,689,market1501,2
market1501/bounding_box_train/0689_c3s2_064628_05.jpg,689,market1501,2
market1501/bounding_box_train/0689_c3s2_064678_03.jpg,689,market1501,2
market1501/bounding_box_train/0689_c3s2_064678_10.jpg,689,market1501,2
market1501/bounding_box_train/0689_c3s2_111028_04.jpg,689,market1501,2
market1501/bounding_box_train/0689_c3s2_111078_03.jpg,689,market1501,2
market1501/bounding_box_train/0689_c4s3_063104_03.jpg,689,market1501,3
market1501/bounding_box_train/0689_c4s3_063154_06.jpg,689,market1501,3
market1501/bounding_box_train/0689_c4s3_063179_06.jpg,689,market1501,3
market1501/bounding_box_train/0689_c4s4_050710_01.jpg,689,market1501,3
market1501/bounding_box_train/0689_c5s2_065177_06.jpg,689,market1501,4
market1501/bounding_box_train/0689_c5s2_065302_04.jpg,689,market1501,4
market1501/bounding_box_train/0689_c5s2_111352_02.jpg,689,market1501,4
market1501/bounding_box_train/0689_c5s2_111677_02.jpg,689,market1501,4
market1501/bounding_box_train/0689_c6s2_043268_04.jpg,689,market1501,5
market1501/bounding_box_train/0689_c6s2_043343_04.jpg,689,market1501,5
market1501/bounding_box_train/0689_c6s2_043468_05.jpg,689,market1501,5
market1501/bounding_box_train/0689_c6s2_058318_02.jpg,689,market1501,5
market1501/bounding_box_train/0689_c6s2_058343_02.jpg,689,market1501,5
market1501/bounding_box_train/0689_c6s2_058418_03.jpg,689,market1501,5
market1501/bounding_box_train/0689_c6s2_058443_03.jpg,689,market1501,5
market1501/bounding_box_train/0689_c6s2_058468_08.jpg,689,market1501,5
market1501/bounding_box_train/0689_c6s2_058493_03.jpg,689,market1501,5
market1501/bounding_box_train/0689_c6s2_105268_07.jpg,689,market1501,5
market1501/bounding_box_train/0689_c6s2_105293_03.jpg,689,market1501,5
market1501/bounding_box_train/0697_c1s3_066701_02.jpg,697,market1501,0
market1501/bounding_box_train/0697_c1s3_066776_02.jpg,697,market1501,0
market1501/bounding_box_train/0697_c1s3_066776_03.jpg,697,market1501,0
market1501/bounding_box_train/0697_c1s3_066801_02.jpg,697,market1501,0
market1501/bounding_box_train/0697_c1s4_000356_01.jpg,697,market1501,0
market1501/bounding_box_train/0697_c1s4_000506_01.jpg,697,market1501,0
market1501/bounding_box_train/0697_c1s4_000931_03.jpg,697,market1501,0
market1501/bounding_box_train/0697_c1s4_001031_03.jpg,697,market1501,0
market1501/bounding_box_train/0697_c3s2_052362_02.jpg,697,market1501,2
market1501/bounding_box_train/0697_c3s2_052462_02.jpg,697,market1501,2
market1501/bounding_box_train/0697_c3s2_060153_02.jpg,697,market1501,2
market1501/bounding_box_train/0697_c3s2_060578_01.jpg,697,market1501,2
market1501/bounding_box_train/0697_c5s2_052880_02.jpg,697,market1501,4
market1501/bounding_box_train/0697_c5s2_053030_02.jpg,697,market1501,4
market1501/bounding_box_train/0697_c5s2_061602_02.jpg,697,market1501,4
market1501/bounding_box_train/0697_c5s2_061602_05.jpg,697,market1501,4
market1501/bounding_box_train/0697_c5s2_061877_01.jpg,697,market1501,4
market1501/bounding_box_train/0697_c6s2_046543_01.jpg,697,market1501,5
market1501/bounding_box_train/0697_c6s2_046568_01.jpg,697,market1501,5
market1501/bounding_box_train/0697_c6s2_046593_01.jpg,697,market1501,5
market1501/bounding_box_train/0697_c6s2_046618_02.jpg,697,market1501,5
market1501/bounding_box_train/0697_c6s2_046643_02.jpg,697,market1501,5
market1501/bounding_box_train/0697_c6s2_046718_01.jpg,697,market1501,5
market1501/bounding_box_train/0697_c6s2_046918_02.jpg,697,market1501,5
market1501/bounding_box_train/0697_c6s2_054168_01.jpg,697,market1501,5
market1501/bounding_box_train/0697_c6s2_054268_02.jpg,697,market1501,5
market1501/bounding_box_train/0697_c6s2_054368_01.jpg,697,market1501,5
market1501/bounding_box_train/0697_c6s2_054743_01.jpg,697,market1501,5
market1501/bounding_box_train/0697_c6s2_054868_01.jpg,697,market1501,5
market1501/bounding_box_train/0697_c6s2_054968_01.jpg,697,market1501,5
market1501/bounding_box_train/0697_c6s2_054993_01.jpg,697,market1501,5
market1501/bounding_box_train/0697_c6s2_055093_01.jpg,697,market1501,5
market1501/bounding_box_train/0070_c1s1_010951_02.jpg,70,market1501,0
market1501/bounding_box_train/0070_c3s1_010501_02.jpg,70,market1501,2
market1501/bounding_box_train/0070_c4s1_010576_01.jpg,70,market1501,3
market1501/bounding_box_train/0070_c4s1_010601_01.jpg,70,market1501,3
market1501/bounding_box_train/0070_c5s1_011076_01.jpg,70,market1501,4
market1501/bounding_box_train/0704_c1s3_069601_01.jpg,704,market1501,0
market1501/bounding_box_train/0704_c1s3_069626_01.jpg,704,market1501,0
market1501/bounding_box_train/0704_c1s3_073681_01.jpg,704,market1501,0
market1501/bounding_box_train/0704_c1s3_073706_02.jpg,704,market1501,0
market1501/bounding_box_train/0704_c1s3_073706_04.jpg,704,market1501,0
market1501/bounding_box_train/0704_c2s2_052112_01.jpg,704,market1501,1
market1501/bounding_box_train/0704_c2s2_052112_02.jpg,704,market1501,1
market1501/bounding_box_train/0704_c2s2_052162_01.jpg,704,market1501,1
market1501/bounding_box_train/0704_c2s2_056357_02.jpg,704,market1501,1
market1501/bounding_box_train/0704_c2s2_056357_04.jpg,704,market1501,1
market1501/bounding_box_train/0704_c2s2_056382_01.jpg,704,market1501,1
market1501/bounding_box_train/0704_c3s2_055337_01.jpg,704,market1501,2
market1501/bounding_box_train/0704_c3s2_055362_01.jpg,704,market1501,2
market1501/bounding_box_train/0704_c3s2_059178_01.jpg,704,market1501,2
market1501/bounding_box_train/0704_c3s2_059178_05.jpg,704,market1501,2
market1501/bounding_box_train/0704_c4s3_072960_01.jpg,704,market1501,3
market1501/bounding_box_train/0704_c4s3_073035_01.jpg,704,market1501,3
market1501/bounding_box_train/0704_c4s3_073060_01.jpg,704,market1501,3
market1501/bounding_box_train/0704_c4s3_074285_03.jpg,704,market1501,3
market1501/bounding_box_train/0704_c4s3_074310_02.jpg,704,market1501,3
market1501/bounding_box_train/0704_c4s3_074310_03.jpg,704,market1501,3
market1501/bounding_box_train/0704_c5s2_055680_01.jpg,704,market1501,4
market1501/bounding_box_train/0704_c5s2_059477_01.jpg,704,market1501,4
market1501/bounding_box_train/0704_c5s2_059502_01.jpg,704,market1501,4
market1501/bounding_box_train/0704_c5s2_059577_01.jpg,704,market1501,4
market1501/bounding_box_train/0704_c5s2_059577_04.jpg,704,market1501,4
market1501/bounding_box_train/0704_c5s2_059752_03.jpg,704,market1501,4
market1501/bounding_box_train/0704_c6s2_049518_01.jpg,704,market1501,5
market1501/bounding_box_train/0704_c6s2_049518_02.jpg,704,market1501,5
market1501/bounding_box_train/0704_c6s2_049543_01.jpg,704,market1501,5
market1501/bounding_box_train/0704_c6s2_049543_06.jpg,704,market1501,5
market1501/bounding_box_train/0704_c6s2_049568_01.jpg,704,market1501,5
market1501/bounding_box_train/0704_c6s2_049593_01.jpg,704,market1501,5
market1501/bounding_box_train/0708_c1s6_024946_01.jpg,708,market1501,0
market1501/bounding_box_train/0708_c2s3_067352_01.jpg,708,market1501,1
market1501/bounding_box_train/0708_c2s3_067402_01.jpg,708,market1501,1
market1501/bounding_box_train/0708_c3s3_073744_02.jpg,708,market1501,2
market1501/bounding_box_train/0708_c3s3_073819_01.jpg,708,market1501,2
market1501/bounding_box_train/0708_c5s3_074087_04.jpg,708,market1501,4
market1501/bounding_box_train/0708_c6s4_000252_01.jpg,708,market1501,5
market1501/bounding_box_train/0708_c6s4_000277_01.jpg,708,market1501,5
market1501/bounding_box_train/0708_c6s4_000302_01.jpg,708,market1501,5
market1501/bounding_box_train/0709_c1s3_071151_01.jpg,709,market1501,0
market1501/bounding_box_train/0709_c1s3_071201_01.jpg,709,market1501,0
market1501/bounding_box_train/0709_c2s2_053587_01.jpg,709,market1501,1
market1501/bounding_box_train/0709_c2s2_053612_02.jpg,709,market1501,1
market1501/bounding_box_train/0709_c2s2_061832_06.jpg,709,market1501,1
market1501/bounding_box_train/0709_c2s2_061857_02.jpg,709,market1501,1
market1501/bounding_box_train/0709_c3s2_056762_01.jpg,709,market1501,2
market1501/bounding_box_train/0709_c3s2_056912_01.jpg,709,market1501,2
market1501/bounding_box_train/0709_c3s2_064578_01.jpg,709,market1501,2
market1501/bounding_box_train/0709_c4s3_071429_01.jpg,709,market1501,3
market1501/bounding_box_train/0709_c4s3_071454_01.jpg,709,market1501,3
market1501/bounding_box_train/0709_c4s3_071479_01.jpg,709,market1501,3
market1501/bounding_box_train/0709_c4s3_071529_01.jpg,709,market1501,3
market1501/bounding_box_train/0709_c5s2_057305_02.jpg,709,market1501,4
market1501/bounding_box_train/0709_c5s2_057430_01.jpg,709,market1501,4
market1501/bounding_box_train/0709_c5s2_057505_01.jpg,709,market1501,4
market1501/bounding_box_train/0709_c5s2_057555_01.jpg,709,market1501,4
market1501/bounding_box_train/0709_c5s2_057655_03.jpg,709,market1501,4
market1501/bounding_box_train/0709_c6s2_051043_01.jpg,709,market1501,5
market1501/bounding_box_train/0709_c6s2_051068_01.jpg,709,market1501,5
market1501/bounding_box_train/0709_c6s2_051093_01.jpg,709,market1501,5
market1501/bounding_box_train/0709_c6s2_051118_01.jpg,709,market1501,5
market1501/bounding_box_train/0709_c6s2_058643_01.jpg,709,market1501,5
market1501/bounding_box_train/0709_c6s2_058668_01.jpg,709,market1501,5
market1501/bounding_box_train/0709_c6s2_058718_01.jpg,709,market1501,5
market1501/bounding_box_train/0709_c6s2_058743_01.jpg,709,market1501,5
market1501/bounding_box_train/0709_c6s2_058743_05.jpg,709,market1501,5
market1501/bounding_box_train/0714_c1s6_053546_05.jpg,714,market1501,0
market1501/bounding_box_train/0714_c1s6_053571_03.jpg,714,market1501,0
market1501/bounding_box_train/0714_c1s6_053596_03.jpg,714,market1501,0
market1501/bounding_box_train/0714_c2s3_095127_02.jpg,714,market1501,1
market1501/bounding_box_train/0714_c2s3_095177_02.jpg,714,market1501,1
market1501/bounding_box_train/0714_c2s3_095252_02.jpg,714,market1501,1
market1501/bounding_box_train/0714_c2s3_095277_09.jpg,714,market1501,1
market1501/bounding_box_train/0714_c2s3_095477_03.jpg,714,market1501,1
market1501/bounding_box_train/0714_c2s3_095577_02.jpg,714,market1501,1
market1501/bounding_box_train/0714_c2s3_095852_01.jpg,714,market1501,1
market1501/bounding_box_train/0714_c2s3_096002_01.jpg,714,market1501,1
market1501/bounding_box_train/0714_c2s3_096002_08.jpg,714,market1501,1
market1501/bounding_box_train/0714_c3s3_102044_01.jpg,714,market1501,2
market1501/bounding_box_train/0714_c3s3_102144_06.jpg,714,market1501,2
market1501/bounding_box_train/0714_c3s3_102194_03.jpg,714,market1501,2
market1501/bounding_box_train/0714_c5s3_102662_03.jpg,714,market1501,4
market1501/bounding_box_train/0714_c5s3_102762_05.jpg,714,market1501,4
market1501/bounding_box_train/0714_c6s4_028852_07.jpg,714,market1501,5
market1501/bounding_box_train/0714_c6s4_028877_02.jpg,714,market1501,5
market1501/bounding_box_train/0724_c1s4_000831_06.jpg,724,market1501,0
market1501/bounding_box_train/0724_c1s4_000856_04.jpg,724,market1501,0
market1501/bounding_box_train/0724_c1s4_000906_02.jpg,724,market1501,0
market1501/bounding_box_train/0724_c1s4_019431_03.jpg,724,market1501,0
market1501/bounding_box_train/0724_c1s4_019456_03.jpg,724,market1501,0
market1501/bounding_box_train/0724_c3s2_061578_03.jpg,724,market1501,2
market1501/bounding_box_train/0724_c3s2_061603_02.jpg,724,market1501,2
market1501/bounding_box_train/0724_c3s2_061628_01.jpg,724,market1501,2
market1501/bounding_box_train/0724_c3s2_061653_03.jpg,724,market1501,2
market1501/bounding_box_train/0724_c3s2_061728_02.jpg,724,market1501,2
market1501/bounding_box_train/0724_c3s2_079753_05.jpg,724,market1501,2
market1501/bounding_box_train/0724_c3s2_079778_04.jpg,724,market1501,2
market1501/bounding_box_train/0724_c3s2_079853_04.jpg,724,market1501,2
market1501/bounding_box_train/0724_c3s2_079903_02.jpg,724,market1501,2
market1501/bounding_box_train/0724_c4s3_073835_03.jpg,724,market1501,3
market1501/bounding_box_train/0724_c4s3_073935_02.jpg,724,market1501,3
market1501/bounding_box_train/0724_c4s3_073985_03.jpg,724,market1501,3
market1501/bounding_box_train/0724_c4s3_074235_02.jpg,724,market1501,3
market1501/bounding_box_train/0724_c4s4_019610_01.jpg,724,market1501,3
market1501/bounding_box_train/0724_c4s4_020060_01.jpg,724,market1501,3
market1501/bounding_box_train/0724_c5s2_061927_04.jpg,724,market1501,4
market1501/bounding_box_train/0724_c5s2_061977_06.jpg,724,market1501,4
market1501/bounding_box_train/0724_c5s2_062002_09.jpg,724,market1501,4
market1501/bounding_box_train/0724_c5s2_080477_03.jpg,724,market1501,4
market1501/bounding_box_train/0724_c5s2_080652_04.jpg,724,market1501,4
market1501/bounding_box_train/0724_c6s2_055693_08.jpg,724,market1501,5
market1501/bounding_box_train/0724_c6s2_055718_04.jpg,724,market1501,5
market1501/bounding_box_train/0724_c6s2_055743_04.jpg,724,market1501,5
market1501/bounding_box_train/0724_c6s2_073893_05.jpg,724,market1501,5
market1501/bounding_box_train/0724_c6s2_073968_04.jpg,724,market1501,5
market1501/bounding_box_train/0724_c6s2_073993_03.jpg,724,market1501,5
market1501/bounding_box_train/0724_c6s2_074093_03.jpg,724,market1501,5
market1501/bounding_box_train/0726_c1s4_021206_01.jpg,726,market1501,0
market1501/bounding_box_train/0726_c1s4_021281_02.jpg,726,market1501,0
market1501/bounding_box_train/0726_c3s2_081603_05.jpg,726,market1501,2
market1501/bounding_box_train/0726_c3s2_081628_04.jpg,726,market1501,2
market1501/bounding_box_train/0726_c4s3_074285_01.jpg,726,market1501,3
market1501/bounding_box_train/0726_c4s3_074310_01.jpg,726,market1501,3
market1501/bounding_box_train/0726_c4s3_074360_02.jpg,726,market1501,3
market1501/bounding_box_train/0726_c4s3_074410_01.jpg,726,market1501,3
market1501/bounding_box_train/0726_c4s3_074435_01.jpg,726,market1501,3
market1501/bounding_box_train/0726_c4s3_074460_01.jpg,726,market1501,3
market1501/bounding_box_train/0726_c4s4_021435_03.jpg,726,market1501,3
market1501/bounding_box_train/0726_c5s2_082252_01.jpg,726,market1501,4
market1501/bounding_box_train/0726_c5s2_082277_01.jpg,726,market1501,4
market1501/bounding_box_train/0726_c5s2_082302_01.jpg,726,market1501,4
market1501/bounding_box_train/0726_c5s2_082352_01.jpg,726,market1501,4
market1501/bounding_box_train/0726_c6s2_075618_01.jpg,726,market1501,5
market1501/bounding_box_train/0726_c6s2_075643_01.jpg,726,market1501,5
market1501/bounding_box_train/0726_c6s2_075743_01.jpg,726,market1501,5
market1501/bounding_box_train/0726_c6s2_075768_01.jpg,726,market1501,5
market1501/bounding_box_train/0733_c1s4_003106_01.jpg,733,market1501,0
market1501/bounding_box_train/0733_c1s4_003131_01.jpg,733,market1501,0
market1501/bounding_box_train/0733_c1s4_048531_04.jpg,733,market1501,0
market1501/bounding_box_train/0733_c2s2_060532_01.jpg,733,market1501,1
market1501/bounding_box_train/0733_c2s2_060607_01.jpg,733,market1501,1
market1501/bounding_box_train/0733_c2s2_106057_03.jpg,733,market1501,1
market1501/bounding_box_train/0733_c2s2_106132_02.jpg,733,market1501,1
market1501/bounding_box_train/0733_c2s2_106282_02.jpg,733,market1501,1
market1501/bounding_box_train/0733_c3s2_063753_02.jpg,733,market1501,2
market1501/bounding_box_train/0733_c3s2_063778_02.jpg,733,market1501,2
market1501/bounding_box_train/0733_c3s2_063803_02.jpg,733,market1501,2
market1501/bounding_box_train/0733_c3s2_108578_04.jpg,733,market1501,2
market1501/bounding_box_train/0733_c3s2_108628_06.jpg,733,market1501,2
market1501/bounding_box_train/0733_c3s2_108703_08.jpg,733,market1501,2
market1501/bounding_box_train/0733_c5s2_064177_03.jpg,733,market1501,4
market1501/bounding_box_train/0733_c5s2_109502_07.jpg,733,market1501,4
market1501/bounding_box_train/0733_c5s2_109527_09.jpg,733,market1501,4
market1501/bounding_box_train/0733_c6s2_058018_01.jpg,733,market1501,5
market1501/bounding_box_train/0733_c6s2_058043_01.jpg,733,market1501,5
market1501/bounding_box_train/0733_c6s2_102818_10.jpg,733,market1501,5
market1501/bounding_box_train/0738_c1s4_006131_03.jpg,738,market1501,0
market1501/bounding_box_train/0738_c1s4_006181_01.jpg,738,market1501,0
market1501/bounding_box_train/0738_c1s4_006206_01.jpg,738,market1501,0
market1501/bounding_box_train/0738_c1s4_006206_04.jpg,738,market1501,0
market1501/bounding_box_train/0738_c1s4_031606_01.jpg,738,market1501,0
market1501/bounding_box_train/0738_c1s4_031631_01.jpg,738,market1501,0
market1501/bounding_box_train/0738_c3s2_066653_07.jpg,738,market1501,2
market1501/bounding_box_train/0738_c3s2_066803_04.jpg,738,market1501,2
market1501/bounding_box_train/0738_c3s2_092028_02.jpg,738,market1501,2
market1501/bounding_box_train/0738_c3s2_092053_01.jpg,738,market1501,2
market1501/bounding_box_train/0738_c5s2_092652_01.jpg,738,market1501,4
market1501/bounding_box_train/0738_c6s2_060893_01.jpg,738,market1501,5
market1501/bounding_box_train/0738_c6s2_060918_01.jpg,738,market1501,5
market1501/bounding_box_train/0738_c6s2_060968_01.jpg,738,market1501,5
market1501/bounding_box_train/0738_c6s2_061018_01.jpg,738,market1501,5
market1501/bounding_box_train/0738_c6s2_086043_01.jpg,738,market1501,5
market1501/bounding_box_train/0738_c6s2_086068_01.jpg,738,market1501,5
market1501/bounding_box_train/0738_c6s2_086093_01.jpg,738,market1501,5
market1501/bounding_box_train/0738_c6s2_086093_08.jpg,738,market1501,5
market1501/bounding_box_train/0738_c6s2_086168_01.jpg,738,market1501,5
market1501/bounding_box_train/0744_c1s4_007831_01.jpg,744,market1501,0
market1501/bounding_box_train/0744_c2s2_065207_02.jpg,744,market1501,1
market1501/bounding_box_train/0744_c2s2_065282_01.jpg,744,market1501,1
market1501/bounding_box_train/0744_c2s2_065332_01.jpg,744,market1501,1
market1501/bounding_box_train/0744_c3s2_068428_03.jpg,744,market1501,2
market1501/bounding_box_train/0744_c3s2_068453_01.jpg,744,market1501,2
market1501/bounding_box_train/0744_c5s2_068827_01.jpg,744,market1501,4
market1501/bounding_box_train/0744_c6s2_062618_01.jpg,744,market1501,5
market1501/bounding_box_train/0744_c6s2_062643_01.jpg,744,market1501,5
market1501/bounding_box_train/0754_c1s4_010956_02.jpg,754,market1501,0
market1501/bounding_box_train/0754_c1s4_032481_02.jpg,754,market1501,0
market1501/bounding_box_train/0754_c2s2_068157_01.jpg,754,market1501,1
market1501/bounding_box_train/0754_c2s2_068182_01.jpg,754,market1501,1
market1501/bounding_box_train/0754_c2s2_068182_04.jpg,754,market1501,1
market1501/bounding_box_train/0754_c2s2_089957_02.jpg,754,market1501,1
market1501/bounding_box_train/0754_c2s2_089957_03.jpg,754,market1501,1
market1501/bounding_box_train/0754_c3s2_071703_01.jpg,754,market1501,2
market1501/bounding_box_train/0754_c3s2_071728_01.jpg,754,market1501,2
market1501/bounding_box_train/0754_c3s2_071753_01.jpg,754,market1501,2
market1501/bounding_box_train/0754_c3s2_092678_02.jpg,754,market1501,2
market1501/bounding_box_train/0754_c3s2_092703_02.jpg,754,market1501,2
market1501/bounding_box_train/0754_c5s2_071752_01.jpg,754,market1501,4
market1501/bounding_box_train/0754_c5s2_071752_03.jpg,754,market1501,4
market1501/bounding_box_train/0754_c5s2_072002_02.jpg,754,market1501,4
market1501/bounding_box_train/0754_c5s2_093552_03.jpg,754,market1501,4
market1501/bounding_box_train/0754_c6s2_065893_01.jpg,754,market1501,5
market1501/bounding_box_train/0754_c6s2_065918_01.jpg,754,market1501,5
market1501/bounding_box_train/0754_c6s2_065943_01.jpg,754,market1501,5
market1501/bounding_box_train/0754_c6s2_065968_01.jpg,754,market1501,5
market1501/bounding_box_train/0754_c6s2_086768_01.jpg,754,market1501,5
market1501/bounding_box_train/0754_c6s2_086793_01.jpg,754,market1501,5
market1501/bounding_box_train/0754_c6s2_086818_01.jpg,754,market1501,5
market1501/bounding_box_train/0754_c6s2_086843_02.jpg,754,market1501,5
market1501/bounding_box_train/0755_c1s4_031856_01.jpg,755,market1501,0
market1501/bounding_box_train/0755_c2s2_067882_04.jpg,755,market1501,1
market1501/bounding_box_train/0755_c2s2_071482_03.jpg,755,market1501,1
market1501/bounding_box_train/0755_c2s2_071507_05.jpg,755,market1501,1
market1501/bounding_box_train/0755_c2s2_071507_09.jpg,755,market1501,1
market1501/bounding_box_train/0755_c2s2_073607_02.jpg,755,market1501,1
market1501/bounding_box_train/0755_c2s2_073632_01.jpg,755,market1501,1
market1501/bounding_box_train/0755_c2s2_076607_01.jpg,755,market1501,1
market1501/bounding_box_train/0755_c2s2_080382_03.jpg,755,market1501,1
market1501/bounding_box_train/0755_c3s2_074653_04.jpg,755,market1501,2
market1501/bounding_box_train/0755_c3s2_074678_03.jpg,755,market1501,2
market1501/bounding_box_train/0755_c3s2_076428_01.jpg,755,market1501,2
market1501/bounding_box_train/0755_c3s2_076453_01.jpg,755,market1501,2
market1501/bounding_box_train/0755_c3s2_079378_02.jpg,755,market1501,2
market1501/bounding_box_train/0755_c3s2_092453_03.jpg,755,market1501,2
market1501/bounding_box_train/0755_c3s2_092578_04.jpg,755,market1501,2
market1501/bounding_box_train/0755_c4s4_031160_03.jpg,755,market1501,3
market1501/bounding_box_train/0755_c4s4_031310_01.jpg,755,market1501,3
market1501/bounding_box_train/0755_c4s4_031410_03.jpg,755,market1501,3
market1501/bounding_box_train/0755_c4s4_031435_02.jpg,755,market1501,3
market1501/bounding_box_train/0755_c5s2_092952_02.jpg,755,market1501,4
market1501/bounding_box_train/0755_c5s2_093052_02.jpg,755,market1501,4
market1501/bounding_box_train/0755_c5s2_093077_02.jpg,755,market1501,4
market1501/bounding_box_train/0755_c6s2_068868_03.jpg,755,market1501,5
market1501/bounding_box_train/0755_c6s2_068893_03.jpg,755,market1501,5
market1501/bounding_box_train/0755_c6s2_070493_01.jpg,755,market1501,5
market1501/bounding_box_train/0755_c6s2_070518_01.jpg,755,market1501,5
market1501/bounding_box_train/0755_c6s2_070543_02.jpg,755,market1501,5
market1501/bounding_box_train/0755_c6s2_071368_02.jpg,755,market1501,5
market1501/bounding_box_train/0755_c6s2_071418_03.jpg,755,market1501,5
market1501/bounding_box_train/0755_c6s2_073443_01.jpg,755,market1501,5
market1501/bounding_box_train/0755_c6s2_073493_01.jpg,755,market1501,5
market1501/bounding_box_train/0755_c6s2_073518_01.jpg,755,market1501,5
market1501/bounding_box_train/0755_c6s2_074768_01.jpg,755,market1501,5
market1501/bounding_box_train/0755_c6s2_074793_01.jpg,755,market1501,5
market1501/bounding_box_train/0755_c6s2_074818_01.jpg,755,market1501,5
market1501/bounding_box_train/0755_c6s2_074843_01.jpg,755,market1501,5
market1501/bounding_box_train/0755_c6s2_077268_02.jpg,755,market1501,5
market1501/bounding_box_train/0755_c6s2_077293_02.jpg,755,market1501,5
market1501/bounding_box_train/0755_c6s2_077318_03.jpg,755,market1501,5
market1501/bounding_box_train/0755_c6s2_086593_01.jpg,755,market1501,5
market1501/bounding_box_train/0755_c6s2_086618_01.jpg,755,market1501,5
market1501/bounding_box_train/0755_c6s2_086693_01.jpg,755,market1501,5
market1501/bounding_box_train/0755_c6s2_086718_01.jpg,755,market1501,5
market1501/bounding_box_train/0766_c1s4_014581_01.jpg,766,market1501,0
market1501/bounding_box_train/0766_c1s4_014656_01.jpg,766,market1501,0
market1501/bounding_box_train/0766_c1s4_021506_03.jpg,766,market1501,0
market1501/bounding_box_train/0766_c3s2_075153_02.jpg,766,market1501,2
market1501/bounding_box_train/0766_c3s2_081803_06.jpg,766,market1501,2
market1501/bounding_box_train/0766_c3s2_081828_03.jpg,766,market1501,2
market1501/bounding_box_train/0766_c3s2_081878_04.jpg,766,market1501,2
market1501/bounding_box_train/0766_c3s2_081953_04.jpg,766,market1501,2
market1501/bounding_box_train/0766_c3s2_081978_04.jpg,766,market1501,2
market1501/bounding_box_train/0766_c5s2_075727_01.jpg,766,market1501,4
market1501/bounding_box_train/0766_c5s2_075752_01.jpg,766,market1501,4
market1501/bounding_box_train/0766_c5s2_075777_01.jpg,766,market1501,4
market1501/bounding_box_train/0766_c5s2_082527_03.jpg,766,market1501,4
market1501/bounding_box_train/0766_c5s2_082552_02.jpg,766,market1501,4
market1501/bounding_box_train/0766_c6s2_069393_02.jpg,766,market1501,5
market1501/bounding_box_train/0766_c6s2_069418_02.jpg,766,market1501,5
market1501/bounding_box_train/0766_c6s2_069468_01.jpg,766,market1501,5
market1501/bounding_box_train/0766_c6s2_069493_01.jpg,766,market1501,5
market1501/bounding_box_train/0766_c6s2_075893_02.jpg,766,market1501,5
market1501/bounding_box_train/0766_c6s2_075918_02.jpg,766,market1501,5
market1501/bounding_box_train/0766_c6s2_075943_02.jpg,766,market1501,5
market1501/bounding_box_train/0766_c6s2_075968_01.jpg,766,market1501,5
market1501/bounding_box_train/0766_c6s2_075993_01.jpg,766,market1501,5
market1501/bounding_box_train/0780_c1s4_027031_02.jpg,780,market1501,0
market1501/bounding_box_train/0780_c1s4_066761_01.jpg,780,market1501,0
market1501/bounding_box_train/0780_c1s4_066836_03.jpg,780,market1501,0
market1501/bounding_box_train/0780_c1s4_066936_01.jpg,780,market1501,0
market1501/bounding_box_train/0780_c2s2_078532_02.jpg,780,market1501,1
market1501/bounding_box_train/0780_c2s2_078557_02.jpg,780,market1501,1
market1501/bounding_box_train/0780_c2s2_084482_01.jpg,780,market1501,1
market1501/bounding_box_train/0780_c2s2_084507_01.jpg,780,market1501,1
market1501/bounding_box_train/0780_c3s2_081703_02.jpg,780,market1501,2
market1501/bounding_box_train/0780_c3s2_081753_02.jpg,780,market1501,2
market1501/bounding_box_train/0780_c3s2_087253_03.jpg,780,market1501,2
market1501/bounding_box_train/0780_c3s2_087328_03.jpg,780,market1501,2
market1501/bounding_box_train/0780_c3s2_087353_03.jpg,780,market1501,2
market1501/bounding_box_train/0780_c3s2_109678_12.jpg,780,market1501,2
market1501/bounding_box_train/0780_c3s2_127019_06.jpg,780,market1501,2
market1501/bounding_box_train/0780_c3s2_127044_04.jpg,780,market1501,2
market1501/bounding_box_train/0780_c3s2_127069_03.jpg,780,market1501,2
market1501/bounding_box_train/0780_c3s2_127194_03.jpg,780,market1501,2
market1501/bounding_box_train/0780_c3s2_127269_05.jpg,780,market1501,2
market1501/bounding_box_train/0780_c3s2_127319_03.jpg,780,market1501,2
market1501/bounding_box_train/0780_c4s4_048710_01.jpg,780,market1501,3
market1501/bounding_box_train/0780_c4s4_048760_01.jpg,780,market1501,3
market1501/bounding_box_train/0780_c4s4_048810_01.jpg,780,market1501,3
market1501/bounding_box_train/0780_c4s4_066916_01.jpg,780,market1501,3
market1501/bounding_box_train/0780_c5s2_082027_01.jpg,780,market1501,4
market1501/bounding_box_train/0780_c5s2_082127_02.jpg,780,market1501,4
market1501/bounding_box_train/0780_c5s2_088052_03.jpg,780,market1501,4
market1501/bounding_box_train/0780_c5s2_110052_08.jpg,780,market1501,4
market1501/bounding_box_train/0780_c5s2_110102_05.jpg,780,market1501,4
market1501/bounding_box_train/0780_c5s2_127824_11.jpg,780,market1501,4
market1501/bounding_box_train/0780_c5s2_127899_05.jpg,780,market1501,4
market1501/bounding_box_train/0780_c5s2_130524_04.jpg,780,market1501,4
market1501/bounding_box_train/0780_c6s2_075918_05.jpg,780,market1501,5
market1501/bounding_box_train/0780_c6s2_075943_01.jpg,780,market1501,5
market1501/bounding_box_train/0780_c6s2_075968_04.jpg,780,market1501,5
market1501/bounding_box_train/0780_c6s2_081343_01.jpg,780,market1501,5
market1501/bounding_box_train/0780_c6s2_081368_01.jpg,780,market1501,5
market1501/bounding_box_train/0780_c6s2_081418_01.jpg,780,market1501,5
market1501/bounding_box_train/0780_c6s2_103793_03.jpg,780,market1501,5
market1501/bounding_box_train/0780_c6s2_103843_06.jpg,780,market1501,5
market1501/bounding_box_train/0780_c6s2_103918_04.jpg,780,market1501,5
market1501/bounding_box_train/0780_c6s2_103943_03.jpg,780,market1501,5
market1501/bounding_box_train/0780_c6s2_118968_03.jpg,780,market1501,5
market1501/bounding_box_train/0780_c6s2_119018_05.jpg,780,market1501,5
market1501/bounding_box_train/0780_c6s2_121068_02.jpg,780,market1501,5
market1501/bounding_box_train/0780_c6s2_121118_02.jpg,780,market1501,5
market1501/bounding_box_train/0780_c6s2_121193_02.jpg,780,market1501,5
market1501/bounding_box_train/0780_c6s2_121468_01.jpg,780,market1501,5
market1501/bounding_box_train/0780_c6s2_121493_01.jpg,780,market1501,5
market1501/bounding_box_train/0793_c1s4_026706_02.jpg,793,market1501,0
market1501/bounding_box_train/0793_c1s4_026731_02.jpg,793,market1501,0
market1501/bounding_box_train/0793_c1s4_026881_01.jpg,793,market1501,0
market1501/bounding_box_train/0793_c2s2_084057_02.jpg,793,market1501,1
market1501/bounding_box_train/0793_c2s2_084157_01.jpg,793,market1501,1
market1501/bounding_box_train/0793_c3s2_087428_02.jpg,793,market1501,2
market1501/bounding_box_train/0793_c3s2_087503_01.jpg,793,market1501,2
market1501/bounding_box_train/0793_c4s4_027110_03.jpg,793,market1501,3
market1501/bounding_box_train/0793_c4s4_027160_01.jpg,793,market1501,3
market1501/bounding_box_train/0793_c4s4_027535_02.jpg,793,market1501,3
market1501/bounding_box_train/0793_c5s2_087727_01.jpg,793,market1501,4
market1501/bounding_box_train/0793_c5s2_088052_02.jpg,793,market1501,4
market1501/bounding_box_train/0793_c5s2_088177_02.jpg,793,market1501,4
market1501/bounding_box_train/0793_c5s2_088227_01.jpg,793,market1501,4
market1501/bounding_box_train/0793_c6s2_081718_01.jpg,793,market1501,5
market1501/bounding_box_train/0796_c1s4_028881_02.jpg,796,market1501,0
market1501/bounding_box_train/0796_c1s4_028906_02.jpg,796,market1501,0
market1501/bounding_box_train/0796_c1s4_028931_01.jpg,796,market1501,0
market1501/bounding_box_train/0796_c1s4_062536_02.jpg,796,market1501,0
market1501/bounding_box_train/0796_c1s4_062561_01.jpg,796,market1501,0
market1501/bounding_box_train/0796_c2s2_086307_02.jpg,796,market1501,1
market1501/bounding_box_train/0796_c2s2_086332_02.jpg,796,market1501,1
market1501/bounding_box_train/0796_c2s2_120027_01.jpg,796,market1501,1
market1501/bounding_box_train/0796_c2s2_120127_02.jpg,796,market1501,1
market1501/bounding_box_train/0796_c3s2_089603_04.jpg,796,market1501,2
market1501/bounding_box_train/0796_c3s2_089628_03.jpg,796,market1501,2
market1501/bounding_box_train/0796_c3s2_089653_01.jpg,796,market1501,2
market1501/bounding_box_train/0796_c3s2_122694_03.jpg,796,market1501,2
market1501/bounding_box_train/0796_c5s2_089852_02.jpg,796,market1501,4
market1501/bounding_box_train/0796_c5s2_089927_02.jpg,796,market1501,4
market1501/bounding_box_train/0796_c6s2_083818_01.jpg,796,market1501,5
market1501/bounding_box_train/0796_c6s2_083843_02.jpg,796,market1501,5
market1501/bounding_box_train/0796_c6s2_083868_01.jpg,796,market1501,5
market1501/bounding_box_train/0796_c6s2_116768_05.jpg,796,market1501,5
market1501/bounding_box_train/0803_c1s4_035531_01.jpg,803,market1501,0
market1501/bounding_box_train/0803_c1s4_035581_01.jpg,803,market1501,0
market1501/bounding_box_train/0803_c1s4_035606_01.jpg,803,market1501,0
market1501/bounding_box_train/0803_c3s2_096203_02.jpg,803,market1501,2
market1501/bounding_box_train/0803_c3s2_096228_02.jpg,803,market1501,2
market1501/bounding_box_train/0803_c4s4_034885_01.jpg,803,market1501,3
market1501/bounding_box_train/0803_c4s4_035285_01.jpg,803,market1501,3
market1501/bounding_box_train/0803_c4s4_035310_01.jpg,803,market1501,3
market1501/bounding_box_train/0803_c4s4_040285_01.jpg,803,market1501,3
market1501/bounding_box_train/0803_c4s4_040310_01.jpg,803,market1501,3
market1501/bounding_box_train/0803_c4s4_040535_01.jpg,803,market1501,3
market1501/bounding_box_train/0803_c4s4_040910_02.jpg,803,market1501,3
market1501/bounding_box_train/0803_c5s2_096677_02.jpg,803,market1501,4
market1501/bounding_box_train/0803_c5s2_096777_02.jpg,803,market1501,4
market1501/bounding_box_train/0803_c5s2_101277_01.jpg,803,market1501,4
market1501/bounding_box_train/0803_c5s2_101327_02.jpg,803,market1501,4
market1501/bounding_box_train/0803_c6s2_090343_03.jpg,803,market1501,5
market1501/bounding_box_train/0803_c6s2_090393_03.jpg,803,market1501,5
market1501/bounding_box_train/0803_c6s2_090418_03.jpg,803,market1501,5
market1501/bounding_box_train/0803_c6s2_090493_04.jpg,803,market1501,5
market1501/bounding_box_train/0809_c1s4_048381_04.jpg,809,market1501,0
market1501/bounding_box_train/0809_c1s4_048431_02.jpg,809,market1501,0
market1501/bounding_box_train/0809_c1s4_048531_03.jpg,809,market1501,0
market1501/bounding_box_train/0809_c1s4_048631_02.jpg,809,market1501,0
market1501/bounding_box_train/0809_c2s2_092657_01.jpg,809,market1501,1
market1501/bounding_box_train/0809_c2s2_092682_01.jpg,809,market1501,1
market1501/bounding_box_train/0809_c2s2_106132_03.jpg,809,market1501,1
market1501/bounding_box_train/0809_c3s2_095828_01.jpg,809,market1501,2
market1501/bounding_box_train/0809_c3s2_095878_01.jpg,809,market1501,2
market1501/bounding_box_train/0809_c3s2_108778_05.jpg,809,market1501,2
market1501/bounding_box_train/0809_c3s2_108803_06.jpg,809,market1501,2
market1501/bounding_box_train/0809_c4s4_047710_02.jpg,809,market1501,3
market1501/bounding_box_train/0809_c4s4_047760_02.jpg,809,market1501,3
market1501/bounding_box_train/0809_c4s4_047785_02.jpg,809,market1501,3
market1501/bounding_box_train/0809_c4s4_047835_02.jpg,809,market1501,3
market1501/bounding_box_train/0809_c5s2_109127_13.jpg,809,market1501,4
market1501/bounding_box_train/0809_c5s2_109177_06.jpg,809,market1501,4
market1501/bounding_box_train/0809_c5s2_109227_09.jpg,809,market1501,4
market1501/bounding_box_train/0809_c5s2_109452_03.jpg,809,market1501,4
market1501/bounding_box_train/0809_c5s2_109527_12.jpg,809,market1501,4
market1501/bounding_box_train/0809_c6s2_090068_06.jpg,809,market1501,5
market1501/bounding_box_train/0809_c6s2_090093_01.jpg,809,market1501,5
market1501/bounding_box_train/0809_c6s2_090118_03.jpg,809,market1501,5
market1501/bounding_box_train/0823_c1s4_042156_01.jpg,823,market1501,0
market1501/bounding_box_train/0823_c2s2_099482_02.jpg,823,market1501,1
market1501/bounding_box_train/0823_c2s2_099507_01.jpg,823,market1501,1
market1501/bounding_box_train/0823_c6s2_097218_05.jpg,823,market1501,5
market1501/bounding_box_train/0828_c1s4_044506_01.jpg,828,market1501,0
market1501/bounding_box_train/0828_c1s4_044581_04.jpg,828,market1501,0
market1501/bounding_box_train/0828_c1s4_044606_03.jpg,828,market1501,0
market1501/bounding_box_train/0828_c1s4_059311_01.jpg,828,market1501,0
market1501/bounding_box_train/0828_c2s2_101732_01.jpg,828,market1501,1
market1501/bounding_box_train/0828_c2s2_101807_02.jpg,828,market1501,1
market1501/bounding_box_train/0828_c2s2_101882_01.jpg,828,market1501,1
market1501/bounding_box_train/0828_c2s2_101882_03.jpg,828,market1501,1
market1501/bounding_box_train/0828_c2s2_116827_01.jpg,828,market1501,1
market1501/bounding_box_train/0828_c2s2_116827_04.jpg,828,market1501,1
market1501/bounding_box_train/0828_c2s2_116852_01.jpg,828,market1501,1
market1501/bounding_box_train/0828_c3s2_104978_01.jpg,828,market1501,2
market1501/bounding_box_train/0828_c3s2_105078_01.jpg,828,market1501,2
market1501/bounding_box_train/0828_c3s2_105178_01.jpg,828,market1501,2
market1501/bounding_box_train/0828_c3s2_105228_01.jpg,828,market1501,2
market1501/bounding_box_train/0828_c3s2_119519_02.jpg,828,market1501,2
market1501/bounding_box_train/0828_c5s2_105577_02.jpg,828,market1501,4
market1501/bounding_box_train/0828_c5s2_105577_06.jpg,828,market1501,4
market1501/bounding_box_train/0828_c6s2_099393_01.jpg,828,market1501,5
market1501/bounding_box_train/0828_c6s2_099493_01.jpg,828,market1501,5
market1501/bounding_box_train/0828_c6s2_099493_08.jpg,828,market1501,5
market1501/bounding_box_train/0832_c1s6_020946_01.jpg,832,market1501,0
market1501/bounding_box_train/0832_c1s6_020996_01.jpg,832,market1501,0
market1501/bounding_box_train/0832_c1s6_021046_03.jpg,832,market1501,0
market1501/bounding_box_train/0832_c2s3_063427_01.jpg,832,market1501,1
market1501/bounding_box_train/0832_c2s3_063427_14.jpg,832,market1501,1
market1501/bounding_box_train/0839_c1s4_046656_01.jpg,839,market1501,0
market1501/bounding_box_train/0839_c1s4_046681_01.jpg,839,market1501,0
market1501/bounding_box_train/0839_c2s2_104082_05.jpg,839,market1501,1
market1501/bounding_box_train/0839_c2s2_104107_01.jpg,839,market1501,1
market1501/bounding_box_train/0839_c2s2_104182_01.jpg,839,market1501,1
market1501/bounding_box_train/0839_c3s2_106778_01.jpg,839,market1501,2
market1501/bounding_box_train/0839_c3s2_106803_05.jpg,839,market1501,2
market1501/bounding_box_train/0839_c3s2_106853_04.jpg,839,market1501,2
market1501/bounding_box_train/0839_c6s2_100893_01.jpg,839,market1501,5
market1501/bounding_box_train/0839_c6s2_100918_04.jpg,839,market1501,5
market1501/bounding_box_train/0848_c1s4_047156_02.jpg,848,market1501,0
market1501/bounding_box_train/0848_c1s4_047181_02.jpg,848,market1501,0
market1501/bounding_box_train/0848_c2s2_104607_03.jpg,848,market1501,1
market1501/bounding_box_train/0848_c2s2_104707_01.jpg,848,market1501,1
market1501/bounding_box_train/0848_c2s2_104732_01.jpg,848,market1501,1
market1501/bounding_box_train/0848_c3s2_107328_04.jpg,848,market1501,2
market1501/bounding_box_train/0848_c3s2_107353_05.jpg,848,market1501,2
market1501/bounding_box_train/0848_c6s2_101468_01.jpg,848,market1501,5
market1501/bounding_box_train/0848_c6s2_101493_02.jpg,848,market1501,5
market1501/bounding_box_train/0849_c3s2_107378_02.jpg,849,market1501,2
market1501/bounding_box_train/0849_c3s2_107403_07.jpg,849,market1501,2
market1501/bounding_box_train/0849_c3s2_107428_04.jpg,849,market1501,2
market1501/bounding_box_train/0849_c6s2_101543_03.jpg,849,market1501,5
market1501/bounding_box_train/0849_c6s2_101543_08.jpg,849,market1501,5
market1501/bounding_box_train/0849_c6s2_101568_06.jpg,849,market1501,5
market1501/bounding_box_train/0851_c1s4_047081_04.jpg,851,market1501,0
market1501/bounding_box_train/0851_c1s4_047156_04.jpg,851,market1501,0
market1501/bounding_box_train/0851_c1s4_047206_03.jpg,851,market1501,0
market1501/bounding_box_train/0851_c1s4_062961_01.jpg,851,market1501,0
market1501/bounding_box_train/0851_c1s4_062986_01.jpg,851,market1501,0
market1501/bounding_box_train/0851_c1s4_063011_02.jpg,851,market1501,0
market1501/bounding_box_train/0851_c2s2_104532_01.jpg,851,market1501,1
market1501/bounding_box_train/0851_c2s2_104557_02.jpg,851,market1501,1
market1501/bounding_box_train/0851_c2s2_120577_01.jpg,851,market1501,1
market1501/bounding_box_train/0851_c2s2_120577_05.jpg,851,market1501,1
market1501/bounding_box_train/0851_c2s2_120602_02.jpg,851,market1501,1
market1501/bounding_box_train/0851_c3s2_107878_06.jpg,851,market1501,2
market1501/bounding_box_train/0851_c3s2_107903_11.jpg,851,market1501,2
market1501/bounding_box_train/0851_c3s2_123194_07.jpg,851,market1501,2
market1501/bounding_box_train/0851_c3s2_123219_06.jpg,851,market1501,2
market1501/bounding_box_train/0851_c4s5_041710_02.jpg,851,market1501,3
market1501/bounding_box_train/0851_c4s5_041735_02.jpg,851,market1501,3
market1501/bounding_box_train/0851_c4s5_041785_01.jpg,851,market1501,3
market1501/bounding_box_train/0851_c4s5_041810_02.jpg,851,market1501,3
market1501/bounding_box_train/0851_c5s2_108102_07.jpg,851,market1501,4
market1501/bounding_box_train/0851_c5s2_108152_07.jpg,851,market1501,4
market1501/bounding_box_train/0851_c5s2_108202_07.jpg,851,market1501,4
market1501/bounding_box_train/0851_c5s2_108327_06.jpg,851,market1501,4
market1501/bounding_box_train/0851_c5s2_124074_04.jpg,851,market1501,4
market1501/bounding_box_train/0851_c6s2_102018_09.jpg,851,market1501,5
market1501/bounding_box_train/0851_c6s2_117243_07.jpg,851,market1501,5
market1501/bounding_box_train/0851_c6s2_117268_05.jpg,851,market1501,5
market1501/bounding_box_train/0851_c6s2_117318_05.jpg,851,market1501,5
market1501/bounding_box_train/0851_c6s2_117343_06.jpg,851,market1501,5
market1501/bounding_box_train/0859_c1s4_047556_02.jpg,859,market1501,0
market1501/bounding_box_train/0859_c1s4_047581_04.jpg,859,market1501,0
market1501/bounding_box_train/0859_c1s4_047606_02.jpg,859,market1501,0
market1501/bounding_box_train/0859_c2s2_104957_10.jpg,859,market1501,1
market1501/bounding_box_train/0859_c2s2_105182_04.jpg,859,market1501,1
market1501/bounding_box_train/0859_c2s2_105257_05.jpg,859,market1501,1
market1501/bounding_box_train/0859_c3s2_107703_10.jpg,859,market1501,2
market1501/bounding_box_train/0859_c3s2_107728_07.jpg,859,market1501,2
market1501/bounding_box_train/0086_c1s1_013476_04.jpg,86,market1501,0
market1501/bounding_box_train/0086_c2s1_013101_01.jpg,86,market1501,1
market1501/bounding_box_train/0086_c4s1_013226_02.jpg,86,market1501,3
market1501/bounding_box_train/0086_c5s1_013551_03.jpg,86,market1501,4
market1501/bounding_box_train/0863_c1s4_047806_02.jpg,863,market1501,0
market1501/bounding_box_train/0863_c2s2_105257_01.jpg,863,market1501,1
market1501/bounding_box_train/0863_c2s2_105257_11.jpg,863,market1501,1
market1501/bounding_box_train/0863_c2s2_105407_03.jpg,863,market1501,1
market1501/bounding_box_train/0863_c3s2_107853_03.jpg,863,market1501,2
market1501/bounding_box_train/0863_c3s2_107878_03.jpg,863,market1501,2
market1501/bounding_box_train/0863_c3s2_107928_06.jpg,863,market1501,2
market1501/bounding_box_train/0871_c2s2_105582_04.jpg,871,market1501,1
market1501/bounding_box_train/0871_c2s2_105582_07.jpg,871,market1501,1
market1501/bounding_box_train/0871_c2s2_105607_04.jpg,871,market1501,1
market1501/bounding_box_train/0871_c3s2_108253_04.jpg,871,market1501,2
market1501/bounding_box_train/0871_c3s2_108303_06.jpg,871,market1501,2
market1501/bounding_box_train/0876_c1s4_048431_05.jpg,876,market1501,0
market1501/bounding_box_train/0876_c2s2_105882_03.jpg,876,market1501,1
market1501/bounding_box_train/0876_c3s2_108578_03.jpg,876,market1501,2
market1501/bounding_box_train/0876_c3s2_108678_11.jpg,876,market1501,2
market1501/bounding_box_train/0876_c6s2_102768_06.jpg,876,market1501,5
market1501/bounding_box_train/0879_c1s4_048681_04.jpg,879,market1501,0
market1501/bounding_box_train/0879_c1s4_058361_04.jpg,879,market1501,0
market1501/bounding_box_train/0879_c1s4_058386_05.jpg,879,market1501,0
market1501/bounding_box_train/0879_c3s2_109078_05.jpg,879,market1501,2
market1501/bounding_box_train/0879_c3s2_109203_05.jpg,879,market1501,2
market1501/bounding_box_train/0879_c3s2_109228_09.jpg,879,market1501,2
market1501/bounding_box_train/0879_c3s2_109253_05.jpg,879,market1501,2
market1501/bounding_box_train/0879_c3s2_118719_03.jpg,879,market1501,2
market1501/bounding_box_train/0879_c3s2_118744_03.jpg,879,market1501,2
market1501/bounding_box_train/0879_c5s2_109402_10.jpg,879,market1501,4
market1501/bounding_box_train/0879_c5s2_109427_10.jpg,879,market1501,4
market1501/bounding_box_train/0879_c5s2_109602_06.jpg,879,market1501,4
market1501/bounding_box_train/0879_c5s2_109702_06.jpg,879,market1501,4
market1501/bounding_box_train/0879_c6s2_103418_08.jpg,879,market1501,5
market1501/bounding_box_train/0879_c6s2_112768_07.jpg,879,market1501,5
market1501/bounding_box_train/0879_c6s2_112818_03.jpg,879,market1501,5
market1501/bounding_box_train/0882_c1s4_048856_03.jpg,882,market1501,0
market1501/bounding_box_train/0882_c1s4_048956_08.jpg,882,market1501,0
market1501/bounding_box_train/0882_c3s2_109103_08.jpg,882,market1501,2
market1501/bounding_box_train/0882_c3s2_109128_13.jpg,882,market1501,2
market1501/bounding_box_train/0882_c3s2_109203_11.jpg,882,market1501,2
market1501/bounding_box_train/0882_c3s2_109228_07.jpg,882,market1501,2
market1501/bounding_box_train/0882_c5s2_109902_05.jpg,882,market1501,4
market1501/bounding_box_train/0882_c5s2_109952_09.jpg,882,market1501,4
market1501/bounding_box_train/0882_c6s2_103343_11.jpg,882,market1501,5
market1501/bounding_box_train/0882_c6s2_103368_08.jpg,882,market1501,5
market1501/bounding_box_train/0883_c1s4_048956_04.jpg,883,market1501,0
market1501/bounding_box_train/0883_c1s4_048956_07.jpg,883,market1501,0
market1501/bounding_box_train/0883_c1s4_049006_02.jpg,883,market1501,0
market1501/bounding_box_train/0883_c1s4_049031_03.jpg,883,market1501,0
market1501/bounding_box_train/0883_c2s2_106482_03.jpg,883,market1501,1
market1501/bounding_box_train/0883_c3s2_109178_06.jpg,883,market1501,2
market1501/bounding_box_train/0883_c3s2_109228_08.jpg,883,market1501,2
market1501/bounding_box_train/0890_c2s2_106982_02.jpg,890,market1501,1
market1501/bounding_box_train/0890_c2s2_107082_04.jpg,890,market1501,1
market1501/bounding_box_train/0890_c3s2_109703_09.jpg,890,market1501,2
market1501/bounding_box_train/0890_c3s2_109728_10.jpg,890,market1501,2
market1501/bounding_box_train/0890_c5s2_110502_07.jpg,890,market1501,4
market1501/bounding_box_train/0890_c6s2_103793_08.jpg,890,market1501,5
market1501/bounding_box_train/0890_c6s2_103818_05.jpg,890,market1501,5
market1501/bounding_box_train/0892_c1s4_049531_02.jpg,892,market1501,0
market1501/bounding_box_train/0892_c1s4_049556_04.jpg,892,market1501,0
market1501/bounding_box_train/0892_c2s2_106982_03.jpg,892,market1501,1
market1501/bounding_box_train/0892_c3s2_109728_09.jpg,892,market1501,2
market1501/bounding_box_train/0892_c3s2_109753_02.jpg,892,market1501,2
market1501/bounding_box_train/0892_c5s2_110577_01.jpg,892,market1501,4
market1501/bounding_box_train/0892_c6s2_103818_01.jpg,892,market1501,5
market1501/bounding_box_train/0892_c6s2_103843_02.jpg,892,market1501,5
market1501/bounding_box_train/0892_c6s2_103868_03.jpg,892,market1501,5
market1501/bounding_box_train/0893_c2s2_106982_05.jpg,893,market1501,1
market1501/bounding_box_train/0893_c2s2_107082_03.jpg,893,market1501,1
market1501/bounding_box_train/0893_c3s2_109728_13.jpg,893,market1501,2
market1501/bounding_box_train/0893_c3s2_109753_08.jpg,893,market1501,2
market1501/bounding_box_train/0893_c3s2_109803_10.jpg,893,market1501,2
market1501/bounding_box_train/0893_c6s2_103843_09.jpg,893,market1501,5
market1501/bounding_box_train/0893_c6s2_103868_09.jpg,893,market1501,5
market1501/bounding_box_train/0893_c6s2_103893_07.jpg,893,market1501,5
market1501/bounding_box_train/0894_c1s4_049606_01.jpg,894,market1501,0
market1501/bounding_box_train/0894_c2s2_107082_01.jpg,894,market1501,1
market1501/bounding_box_train/0894_c2s2_107157_01.jpg,894,market1501,1
market1501/bounding_box_train/0894_c3s2_109803_07.jpg,894,market1501,2
market1501/bounding_box_train/0894_c6s2_103868_04.jpg,894,market1501,5
market1501/bounding_box_train/0894_c6s2_103893_04.jpg,894,market1501,5
market1501/bounding_box_train/0894_c6s2_103918_06.jpg,894,market1501,5
market1501/bounding_box_train/0896_c1s4_049681_01.jpg,896,market1501,0
market1501/bounding_box_train/0896_c1s4_049706_01.jpg,896,market1501,0
market1501/bounding_box_train/0896_c1s4_049756_02.jpg,896,market1501,0
market1501/bounding_box_train/0896_c2s2_107257_01.jpg,896,market1501,1
market1501/bounding_box_train/0896_c2s2_107282_02.jpg,896,market1501,1
market1501/bounding_box_train/0896_c3s2_109953_03.jpg,896,market1501,2
market1501/bounding_box_train/0896_c3s2_109978_05.jpg,896,market1501,2
market1501/bounding_box_train/0896_c3s2_110028_06.jpg,896,market1501,2
market1501/bounding_box_train/0896_c3s2_110103_03.jpg,896,market1501,2
market1501/bounding_box_train/0896_c5s2_110652_03.jpg,896,market1501,4
market1501/bounding_box_train/0896_c6s2_104118_01.jpg,896,market1501,5
market1501/bounding_box_train/0898_c1s6_020596_01.jpg,898,market1501,0
market1501/bounding_box_train/0898_c1s6_020646_01.jpg,898,market1501,0
market1501/bounding_box_train/0898_c1s6_020646_04.jpg,898,market1501,0
market1501/bounding_box_train/0898_c1s6_020721_02.jpg,898,market1501,0
market1501/bounding_box_train/0898_c3s3_069344_02.jpg,898,market1501,2
market1501/bounding_box_train/0898_c3s3_069419_03.jpg,898,market1501,2
market1501/bounding_box_train/0898_c5s3_069812_01.jpg,898,market1501,4
market1501/bounding_box_train/0898_c5s3_069812_06.jpg,898,market1501,4
market1501/bounding_box_train/0898_c5s3_069887_01.jpg,898,market1501,4
market1501/bounding_box_train/0898_c6s3_093117_03.jpg,898,market1501,5
market1501/bounding_box_train/0900_c1s4_050581_01.jpg,900,market1501,0
market1501/bounding_box_train/0900_c1s4_050706_01.jpg,900,market1501,0
market1501/bounding_box_train/0900_c2s2_108232_01.jpg,900,market1501,1
market1501/bounding_box_train/0900_c2s2_108282_01.jpg,900,market1501,1
market1501/bounding_box_train/0900_c3s2_110853_04.jpg,900,market1501,2
market1501/bounding_box_train/0900_c3s2_110903_01.jpg,900,market1501,2
market1501/bounding_box_train/0900_c5s2_111577_03.jpg,900,market1501,4
market1501/bounding_box_train/0900_c5s2_111577_06.jpg,900,market1501,4
market1501/bounding_box_train/0900_c6s2_104968_02.jpg,900,market1501,5
market1501/bounding_box_train/0900_c6s2_105018_01.jpg,900,market1501,5
market1501/bounding_box_train/0900_c6s2_105018_07.jpg,900,market1501,5
market1501/bounding_box_train/0900_c6s2_105043_02.jpg,900,market1501,5
market1501/bounding_box_train/0903_c1s4_050931_01.jpg,903,market1501,0
market1501/bounding_box_train/0903_c1s4_051006_01.jpg,903,market1501,0
market1501/bounding_box_train/0903_c3s2_111203_01.jpg,903,market1501,2
market1501/bounding_box_train/0903_c3s2_111203_06.jpg,903,market1501,2
market1501/bounding_box_train/0903_c3s2_111228_02.jpg,903,market1501,2
market1501/bounding_box_train/0903_c3s2_111278_02.jpg,903,market1501,2
market1501/bounding_box_train/0903_c5s2_111852_01.jpg,903,market1501,4
market1501/bounding_box_train/0903_c5s2_111877_02.jpg,903,market1501,4
market1501/bounding_box_train/0903_c5s2_111877_07.jpg,903,market1501,4
market1501/bounding_box_train/0903_c6s2_105268_01.jpg,903,market1501,5
market1501/bounding_box_train/0903_c6s2_105293_01.jpg,903,market1501,5
market1501/bounding_box_train/0903_c6s2_105343_01.jpg,903,market1501,5
market1501/bounding_box_train/0914_c1s4_053061_01.jpg,914,market1501,0
market1501/bounding_box_train/0914_c1s4_053086_01.jpg,914,market1501,0
market1501/bounding_box_train/0914_c1s4_058786_02.jpg,914,market1501,0
market1501/bounding_box_train/0914_c1s4_058911_02.jpg,914,market1501,0
market1501/bounding_box_train/0914_c2s2_110357_02.jpg,914,market1501,1
market1501/bounding_box_train/0914_c2s2_110507_01.jpg,914,market1501,1
market1501/bounding_box_train/0914_c2s2_116377_04.jpg,914,market1501,1
market1501/bounding_box_train/0914_c2s2_116402_02.jpg,914,market1501,1
market1501/bounding_box_train/0914_c3s2_113828_01.jpg,914,market1501,2
market1501/bounding_box_train/0914_c3s2_113853_02.jpg,914,market1501,2
market1501/bounding_box_train/0914_c3s2_113853_05.jpg,914,market1501,2
market1501/bounding_box_train/0914_c3s2_113953_02.jpg,914,market1501,2
market1501/bounding_box_train/0914_c3s2_114053_01.jpg,914,market1501,2
market1501/bounding_box_train/0914_c3s2_118894_04.jpg,914,market1501,2
market1501/bounding_box_train/0914_c3s2_119069_02.jpg,914,market1501,2
market1501/bounding_box_train/0914_c5s2_114202_02.jpg,914,market1501,4
market1501/bounding_box_train/0914_c5s2_114449_01.jpg,914,market1501,4
market1501/bounding_box_train/0914_c5s2_114574_01.jpg,914,market1501,4
market1501/bounding_box_train/0914_c5s2_119424_03.jpg,914,market1501,4
market1501/bounding_box_train/0914_c5s2_119524_02.jpg,914,market1501,4
market1501/bounding_box_train/0914_c6s2_108043_01.jpg,914,market1501,5
market1501/bounding_box_train/0914_c6s2_108043_04.jpg,914,market1501,5
market1501/bounding_box_train/0914_c6s2_108093_02.jpg,914,market1501,5
market1501/bounding_box_train/0914_c6s2_108143_02.jpg,914,market1501,5
market1501/bounding_box_train/0914_c6s2_113093_02.jpg,914,market1501,5
market1501/bounding_box_train/0919_c1s4_054311_01.jpg,919,market1501,0
market1501/bounding_box_train/0919_c1s4_054411_01.jpg,919,market1501,0
market1501/bounding_box_train/0919_c1s4_054536_01.jpg,919,market1501,0
market1501/bounding_box_train/0919_c2s2_111952_03.jpg,919,market1501,1
market1501/bounding_box_train/0919_c2s2_111952_10.jpg,919,market1501,1
market1501/bounding_box_train/0919_c3s2_114494_01.jpg,919,market1501,2
market1501/bounding_box_train/0919_c3s2_114569_01.jpg,919,market1501,2
market1501/bounding_box_train/0919_c3s2_114694_01.jpg,919,market1501,2
market1501/bounding_box_train/0919_c3s2_114694_05.jpg,919,market1501,2
market1501/bounding_box_train/0919_c5s2_115224_02.jpg,919,market1501,4
market1501/bounding_box_train/0919_c5s2_115474_01.jpg,919,market1501,4
market1501/bounding_box_train/0919_c5s2_115474_06.jpg,919,market1501,4
market1501/bounding_box_train/0919_c6s2_108568_01.jpg,919,market1501,5
market1501/bounding_box_train/0919_c6s2_108593_01.jpg,919,market1501,5
market1501/bounding_box_train/0919_c6s2_108668_01.jpg,919,market1501,5
market1501/bounding_box_train/0919_c6s2_108693_01.jpg,919,market1501,5
market1501/bounding_box_train/0919_c6s2_108743_01.jpg,919,market1501,5
market1501/bounding_box_train/0926_c1s4_054536_02.jpg,926,market1501,0
market1501/bounding_box_train/0926_c1s4_061611_04.jpg,926,market1501,0
market1501/bounding_box_train/0926_c1s4_061686_02.jpg,926,market1501,0
market1501/bounding_box_train/0926_c2s2_111952_04.jpg,926,market1501,1
market1501/bounding_box_train/0926_c2s2_119302_06.jpg,926,market1501,1
market1501/bounding_box_train/0926_c2s2_119327_01.jpg,926,market1501,1
market1501/bounding_box_train/0926_c3s2_115269_06.jpg,926,market1501,2
market1501/bounding_box_train/0926_c3s2_115319_02.jpg,926,market1501,2
market1501/bounding_box_train/0926_c4s4_060991_04.jpg,926,market1501,3
market1501/bounding_box_train/0926_c4s4_061016_06.jpg,926,market1501,3
market1501/bounding_box_train/0926_c5s2_122474_07.jpg,926,market1501,4
market1501/bounding_box_train/0926_c5s2_122624_02.jpg,926,market1501,4
market1501/bounding_box_train/0926_c6s2_109443_08.jpg,926,market1501,5
market1501/bounding_box_train/0930_c1s4_056086_02.jpg,930,market1501,0
market1501/bounding_box_train/0930_c1s4_056111_04.jpg,930,market1501,0
market1501/bounding_box_train/0930_c1s4_056136_02.jpg,930,market1501,0
market1501/bounding_box_train/0930_c1s4_056161_02.jpg,930,market1501,0
market1501/bounding_box_train/0930_c1s4_056186_05.jpg,930,market1501,0
market1501/bounding_box_train/0930_c2s2_113677_01.jpg,930,market1501,1
market1501/bounding_box_train/0930_c3s2_116194_04.jpg,930,market1501,2
market1501/bounding_box_train/0930_c6s2_110293_02.jpg,930,market1501,5
market1501/bounding_box_train/0930_c6s2_110343_02.jpg,930,market1501,5
market1501/bounding_box_train/0941_c4s4_056966_01.jpg,941,market1501,3
market1501/bounding_box_train/0941_c4s4_057016_01.jpg,941,market1501,3
market1501/bounding_box_train/0941_c4s4_057041_01.jpg,941,market1501,3
market1501/bounding_box_train/0941_c4s4_057066_01.jpg,941,market1501,3
market1501/bounding_box_train/0941_c5s2_118324_01.jpg,941,market1501,4
market1501/bounding_box_train/0941_c5s2_118324_06.jpg,941,market1501,4
market1501/bounding_box_train/0941_c5s2_118349_01.jpg,941,market1501,4
market1501/bounding_box_train/0941_c5s2_119599_01.jpg,941,market1501,4
market1501/bounding_box_train/0941_c5s2_119674_01.jpg,941,market1501,4
market1501/bounding_box_train/0941_c5s2_119674_08.jpg,941,market1501,4
market1501/bounding_box_train/0941_c6s2_112043_01.jpg,941,market1501,5
market1501/bounding_box_train/0941_c6s2_112043_03.jpg,941,market1501,5
market1501/bounding_box_train/0941_c6s2_112068_01.jpg,941,market1501,5
market1501/bounding_box_train/0941_c6s2_112068_04.jpg,941,market1501,5
market1501/bounding_box_train/0941_c6s2_112318_01.jpg,941,market1501,5
market1501/bounding_box_train/0941_c6s2_112943_01.jpg,941,market1501,5
market1501/bounding_box_train/0941_c6s2_112968_01.jpg,941,market1501,5
market1501/bounding_box_train/0941_c6s2_113093_01.jpg,941,market1501,5
market1501/bounding_box_train/0953_c1s4_059761_08.jpg,953,market1501,0
market1501/bounding_box_train/0953_c3s2_119569_11.jpg,953,market1501,2
market1501/bounding_box_train/0953_c3s2_119594_05.jpg,953,market1501,2
market1501/bounding_box_train/0953_c3s2_119619_05.jpg,953,market1501,2
market1501/bounding_box_train/0953_c3s2_119819_05.jpg,953,market1501,2
market1501/bounding_box_train/0953_c3s2_120094_03.jpg,953,market1501,2
market1501/bounding_box_train/0953_c3s2_120144_04.jpg,953,market1501,2
market1501/bounding_box_train/0953_c4s4_060191_03.jpg,953,market1501,3
market1501/bounding_box_train/0953_c4s4_060391_02.jpg,953,market1501,3
market1501/bounding_box_train/0953_c4s4_060591_03.jpg,953,market1501,3
market1501/bounding_box_train/0953_c5s2_120624_04.jpg,953,market1501,4
market1501/bounding_box_train/0953_c5s2_121224_05.jpg,953,market1501,4
market1501/bounding_box_train/0953_c6s2_113818_02.jpg,953,market1501,5
market1501/bounding_box_train/0953_c6s2_113893_04.jpg,953,market1501,5
market1501/bounding_box_train/0953_c6s2_114093_07.jpg,953,market1501,5
market1501/bounding_box_train/0953_c6s2_114118_04.jpg,953,market1501,5
market1501/bounding_box_train/0954_c1s4_060036_02.jpg,954,market1501,0
market1501/bounding_box_train/0954_c3s2_119819_03.jpg,954,market1501,2
market1501/bounding_box_train/0954_c3s2_119869_04.jpg,954,market1501,2
market1501/bounding_box_train/0954_c3s2_120069_02.jpg,954,market1501,2
market1501/bounding_box_train/0954_c4s4_059866_01.jpg,954,market1501,3
market1501/bounding_box_train/0954_c4s4_059891_04.jpg,954,market1501,3
market1501/bounding_box_train/0954_c4s4_059916_02.jpg,954,market1501,3
market1501/bounding_box_train/0954_c5s2_120299_02.jpg,954,market1501,4
market1501/bounding_box_train/0954_c5s2_120424_05.jpg,954,market1501,4
market1501/bounding_box_train/0954_c5s2_120449_02.jpg,954,market1501,4
market1501/bounding_box_train/0954_c5s2_120449_11.jpg,954,market1501,4
market1501/bounding_box_train/0954_c5s2_120799_12.jpg,954,market1501,4
market1501/bounding_box_train/0954_c5s2_120824_20.jpg,954,market1501,4
market1501/bounding_box_train/0954_c5s2_120874_06.jpg,954,market1501,4
market1501/bounding_box_train/0954_c5s2_120874_12.jpg,954,market1501,4
market1501/bounding_box_train/0954_c5s2_120999_01.jpg,954,market1501,4
market1501/bounding_box_train/0954_c6s2_113443_03.jpg,954,market1501,5
market1501/bounding_box_train/0954_c6s2_113493_03.jpg,954,market1501,5
market1501/bounding_box_train/0954_c6s2_114093_01.jpg,954,market1501,5
market1501/bounding_box_train/0954_c6s2_114118_08.jpg,954,market1501,5
market1501/bounding_box_train/0962_c1s4_064611_05.jpg,962,market1501,0
market1501/bounding_box_train/0962_c2s2_122227_07.jpg,962,market1501,1
market1501/bounding_box_train/0962_c2s2_122352_05.jpg,962,market1501,1
market1501/bounding_box_train/0962_c2s2_122452_01.jpg,962,market1501,1
market1501/bounding_box_train/0962_c3s2_120319_06.jpg,962,market1501,2
market1501/bounding_box_train/0962_c3s2_120394_05.jpg,962,market1501,2
market1501/bounding_box_train/0962_c3s2_120669_03.jpg,962,market1501,2
market1501/bounding_box_train/0962_c3s2_123494_04.jpg,962,market1501,2
market1501/bounding_box_train/0962_c5s2_121349_03.jpg,962,market1501,4
market1501/bounding_box_train/0962_c6s2_114418_03.jpg,962,market1501,5
market1501/bounding_box_train/0962_c6s2_114443_03.jpg,962,market1501,5
market1501/bounding_box_train/0962_c6s2_114568_02.jpg,962,market1501,5
market1501/bounding_box_train/0962_c6s2_114593_04.jpg,962,market1501,5
market1501/bounding_box_train/0962_c6s2_114818_05.jpg,962,market1501,5
market1501/bounding_box_train/0962_c6s2_114943_03.jpg,962,market1501,5
market1501/bounding_box_train/0962_c6s2_114943_07.jpg,962,market1501,5
market1501/bounding_box_train/0962_c6s2_115093_03.jpg,962,market1501,5
market1501/bounding_box_train/0962_c6s2_115168_02.jpg,962,market1501,5
market1501/bounding_box_train/0962_c6s2_115168_06.jpg,962,market1501,5
market1501/bounding_box_train/0962_c6s2_118468_02.jpg,962,market1501,5
market1501/bounding_box_train/0969_c1s4_061461_05.jpg,969,market1501,0
market1501/bounding_box_train/0969_c1s4_061511_03.jpg,969,market1501,0
market1501/bounding_box_train/0969_c1s4_069611_03.jpg,969,market1501,0
market1501/bounding_box_train/0969_c1s4_069661_03.jpg,969,market1501,0
market1501/bounding_box_train/0969_c2s2_118952_01.jpg,969,market1501,1
market1501/bounding_box_train/0969_c2s2_119002_03.jpg,969,market1501,1
market1501/bounding_box_train/0969_c3s2_122219_05.jpg,969,market1501,2
market1501/bounding_box_train/0969_c3s2_129869_02.jpg,969,market1501,2
market1501/bounding_box_train/0969_c3s2_129919_02.jpg,969,market1501,2
market1501/bounding_box_train/0969_c5s2_122474_02.jpg,969,market1501,4
market1501/bounding_box_train/0969_c5s2_130674_06.jpg,969,market1501,4
market1501/bounding_box_train/0969_c6s2_116418_07.jpg,969,market1501,5
market1501/bounding_box_train/0969_c6s2_116443_07.jpg,969,market1501,5
market1501/bounding_box_train/0969_c6s2_116493_05.jpg,969,market1501,5
market1501/bounding_box_train/0969_c6s2_116518_05.jpg,969,market1501,5
market1501/bounding_box_train/0969_c6s2_123943_03.jpg,969,market1501,5
market1501/bounding_box_train/0969_c6s2_124018_01.jpg,969,market1501,5
market1501/bounding_box_train/0969_c6s2_124068_01.jpg,969,market1501,5
market1501/bounding_box_train/0979_c1s4_063361_01.jpg,979,market1501,0
market1501/bounding_box_train/0979_c2s2_120802_01.jpg,979,market1501,1
market1501/bounding_box_train/0979_c2s2_120852_01.jpg,979,market1501,1
market1501/bounding_box_train/0979_c3s2_123944_03.jpg,979,market1501,2
market1501/bounding_box_train/0979_c3s2_124044_03.jpg,979,market1501,2
market1501/bounding_box_train/0979_c5s2_124274_04.jpg,979,market1501,4
market1501/bounding_box_train/0979_c6s2_118193_03.jpg,979,market1501,5
market1501/bounding_box_train/0979_c6s2_118218_02.jpg,979,market1501,5
market1501/bounding_box_train/0979_c6s2_118243_02.jpg,979,market1501,5
market1501/bounding_box_train/0098_c1s1_015651_03.jpg,98,market1501,0
market1501/bounding_box_train/0098_c4s1_015576_01.jpg,98,market1501,3
market1501/bounding_box_train/0098_c4s1_015601_01.jpg,98,market1501,3
market1501/bounding_box_train/0988_c1s4_065411_02.jpg,988,market1501,0
market1501/bounding_box_train/0988_c1s4_065461_02.jpg,988,market1501,0
market1501/bounding_box_train/0988_c1s4_065511_03.jpg,988,market1501,0
market1501/bounding_box_train/0988_c2s2_122952_01.jpg,988,market1501,1
market1501/bounding_box_train/0988_c2s2_123052_02.jpg,988,market1501,1
market1501/bounding_box_train/0988_c2s2_123077_02.jpg,988,market1501,1
market1501/bounding_box_train/0988_c3s2_125744_02.jpg,988,market1501,2
market1501/bounding_box_train/0988_c4s4_064416_01.jpg,988,market1501,3
market1501/bounding_box_train/0988_c4s4_064416_03.jpg,988,market1501,3
market1501/bounding_box_train/0988_c4s4_064716_02.jpg,988,market1501,3
market1501/bounding_box_train/0988_c4s4_064766_01.jpg,988,market1501,3
market1501/bounding_box_train/0988_c5s2_126174_05.jpg,988,market1501,4
market1501/bounding_box_train/0988_c5s2_126249_04.jpg,988,market1501,4
market1501/bounding_box_train/0988_c6s2_119818_06.jpg,988,market1501,5
market1501/bounding_box_train/0099_c1s1_016051_03.jpg,99,market1501,0
market1501/bounding_box_train/0099_c2s1_015726_05.jpg,99,market1501,1
market1501/bounding_box_train/0099_c3s1_015551_03.jpg,99,market1501,2
market1501/bounding_box_train/0099_c4s1_015551_02.jpg,99,market1501,3
market1501/bounding_box_train/0099_c4s1_015701_02.jpg,99,market1501,3
market1501/bounding_box_train/0991_c1s4_066786_01.jpg,991,market1501,0
market1501/bounding_box_train/0991_c2s2_124227_01.jpg,991,market1501,1
market1501/bounding_box_train/0991_c6s2_121043_03.jpg,991,market1501,5
market1501/bounding_box_train/0991_c6s2_121068_03.jpg,991,market1501,5
market1501/bounding_box_train/0991_c6s2_121093_02.jpg,991,market1501,5
market1501/bounding_box_train/0991_c6s2_121143_03.jpg,991,market1501,5
market1501/bounding_box_train/0991_c6s2_121668_01.jpg,991,market1501,5
market1501/bounding_box_train/0991_c6s2_121693_01.jpg,991,market1501,5
market1501/bounding_box_train/0995_c3s2_127919_07.jpg,995,market1501,2
market1501/bounding_box_train/0995_c3s2_127969_04.jpg,995,market1501,2
market1501/bounding_box_train/0995_c3s2_127994_05.jpg,995,market1501,2
market1501/bounding_box_train/0995_c4s4_067591_04.jpg,995,market1501,3
market1501/bounding_box_train/0995_c4s4_067616_02.jpg,995,market1501,3
market1501/bounding_box_train/0995_c5s2_128699_03.jpg,995,market1501,4
market1501/bounding_box_train/0995_c5s2_128724_05.jpg,995,market1501,4
market1501/bounding_box_train/0995_c6s2_121968_02.jpg,995,market1501,5
market1501/bounding_box_train/0997_c1s5_000186_02.jpg,997,market1501,0
market1501/bounding_box_train/0997_c2s2_125227_02.jpg,997,market1501,1
market1501/bounding_box_train/0997_c2s2_125252_01.jpg,997,market1501,1
market1501/bounding_box_train/0997_c2s2_132577_01.jpg,997,market1501,1
market1501/bounding_box_train/0997_c2s2_132602_01.jpg,997,market1501,1
market1501/bounding_box_train/0997_c2s2_132602_06.jpg,997,market1501,1
market1501/bounding_box_train/0997_c3s2_128444_02.jpg,997,market1501,2
market1501/bounding_box_train/0997_c3s2_128469_02.jpg,997,market1501,2
market1501/bounding_box_train/0997_c3s2_135319_01.jpg,997,market1501,2
market1501/bounding_box_train/0997_c3s2_135369_04.jpg,997,market1501,2
market1501/bounding_box_train/0997_c5s2_128724_09.jpg,997,market1501,4
market1501/bounding_box_train/0997_c5s2_136174_04.jpg,997,market1501,4
market1501/bounding_box_train/0997_c6s2_122693_02.jpg,997,market1501,5
market1501/bounding_box_train/0997_c6s2_122718_01.jpg,997,market1501,5
market1501/bounding_box_train/0997_c6s2_122743_01.jpg,997,market1501,5
market1501/bounding_box_train/0997_c6s2_122768_02.jpg,997,market1501,5
market1501/bounding_box_train/0997_c6s2_129393_01.jpg,997,market1501,5
market1501/bounding_box_train/0997_c6s2_129418_01.jpg,997,market1501,5
market1501/bounding_box_train/0997_c6s2_129443_01.jpg,997,market1501,5
market1501/bounding_box_train/0997_c6s2_129468_02.jpg,997,market1501,5
market1501/bounding_box_train/0999_c1s4_068111_02.jpg,999,market1501,0
market1501/bounding_box_train/0999_c1s5_007811_04.jpg,999,market1501,0
market1501/bounding_box_train/0999_c1s5_007861_03.jpg,999,market1501,0
market1501/bounding_box_train/0999_c2s2_125552_01.jpg,999,market1501,1
market1501/bounding_box_train/0999_c2s2_125552_10.jpg,999,market1501,1
market1501/bounding_box_train/0999_c2s2_125652_02.jpg,999,market1501,1
market1501/bounding_box_train/0999_c2s2_140327_03.jpg,999,market1501,1
market1501/bounding_box_train/0999_c2s2_140352_02.jpg,999,market1501,1
market1501/bounding_box_train/0999_c3s2_128794_01.jpg,999,market1501,2
market1501/bounding_box_train/0999_c3s2_128844_02.jpg,999,market1501,2
market1501/bounding_box_train/0999_c3s2_143019_07.jpg,999,market1501,2
market1501/bounding_box_train/0999_c3s2_143044_03.jpg,999,market1501,2
market1501/bounding_box_train/0999_c3s2_143069_06.jpg,999,market1501,2
market1501/bounding_box_train/0999_c3s2_143094_03.jpg,999,market1501,2
market1501/bounding_box_train/0999_c3s2_143119_02.jpg,999,market1501,2
market1501/bounding_box_train/0999_c5s2_129074_01.jpg,999,market1501,4
market1501/bounding_box_train/0999_c5s2_129174_01.jpg,999,market1501,4
market1501/bounding_box_train/0999_c6s2_123043_01.jpg,999,market1501,5
