path,original_pid,source_dataset,camid
boat/0_c1_000_000000.jpg,0,boat,1
boat/0_c1_000_000001.jpg,0,boat,1
boat/0_c1_001_000000.jpg,0,boat,1
boat/0_c1_001_000001.jpg,0,boat,1
boat/0_c1_002_000000.jpg,0,boat,1
boat/0_c1_002_000001.jpg,0,boat,1
boat/0_c1_003_000000.jpg,0,boat,1
boat/0_c1_003_000001.jpg,0,boat,1
boat/0_c1_004_000000.jpg,0,boat,1
boat/0_c1_004_000001.jpg,0,boat,1
boat/0_c1_005_000000.jpg,0,boat,1
boat/0_c1_005_000001.jpg,0,boat,1
boat/0_c1_00_14.jpg,0,boat,1
boat/0_c1_00_4.jpg,0,boat,1
boat/0_c2_000_000002.jpg,0,boat,2
boat/0_c2_000_000003.jpg,0,boat,2
boat/0_c2_000_000004.jpg,0,boat,2
boat/0_c2_001_000002.jpg,0,boat,2
boat/0_c2_001_000003.jpg,0,boat,2
boat/0_c2_001_000004.jpg,0,boat,2
boat/0_c2_002_000002.jpg,0,boat,2
boat/0_c2_002_000003.jpg,0,boat,2
boat/0_c2_002_000004.jpg,0,boat,2
boat/0_c2_003_000002.jpg,0,boat,2
boat/0_c2_003_000003.jpg,0,boat,2
boat/0_c2_003_000004.jpg,0,boat,2
boat/0_c2_004_000002.jpg,0,boat,2
boat/0_c2_004_000003.jpg,0,boat,2
boat/0_c2_004_000004.jpg,0,boat,2
boat/0_c2_005_000002.jpg,0,boat,2
boat/0_c2_005_000003.jpg,0,boat,2
boat/0_c2_005_000004.jpg,0,boat,2
boat/0_c2_00_12.jpg,0,boat,2
boat/0_c2_00_3.jpg,0,boat,2
boat/0_c2_00_8.jpg,0,boat,2
boat/0_c3_000_000005.jpg,0,boat,3
boat/0_c3_000_000006.jpg,0,boat,3
boat/0_c3_000_000007.jpg,0,boat,3
boat/0_c3_001_000005.jpg,0,boat,3
boat/0_c3_001_000006.jpg,0,boat,3
boat/0_c3_001_000007.jpg,0,boat,3
boat/0_c3_002_000005.jpg,0,boat,3
boat/0_c3_002_000006.jpg,0,boat,3
boat/0_c3_002_000007.jpg,0,boat,3
boat/0_c3_003_000005.jpg,0,boat,3
boat/0_c3_003_000006.jpg,0,boat,3
boat/0_c3_003_000007.jpg,0,boat,3
boat/0_c3_004_000005.jpg,0,boat,3
boat/0_c3_004_000006.jpg,0,boat,3
boat/0_c3_004_000007.jpg,0,boat,3
boat/0_c3_005_000005.jpg,0,boat,3
boat/0_c3_005_000006.jpg,0,boat,3
boat/0_c3_005_000007.jpg,0,boat,3
boat/0_c3_00_13.jpg,0,boat,3
boat/0_c3_00_5.jpg,0,boat,3
boat/0_c3_00_7.jpg,0,boat,3
boat/0_c4_000_000008.jpg,0,boat,4
boat/0_c4_000_000009.jpg,0,boat,4
boat/0_c4_000_000010.jpg,0,boat,4
boat/0_c4_001_000008.jpg,0,boat,4
boat/0_c4_001_000009.jpg,0,boat,4
boat/0_c4_001_000010.jpg,0,boat,4
boat/0_c4_002_000008.jpg,0,boat,4
boat/0_c4_002_000009.jpg,0,boat,4
boat/0_c4_002_000010.jpg,0,boat,4
boat/0_c4_003_000008.jpg,0,boat,4
boat/0_c4_003_000009.jpg,0,boat,4
boat/0_c4_003_000010.jpg,0,boat,4
boat/0_c4_004_000008.jpg,0,boat,4
boat/0_c4_004_000009.jpg,0,boat,4
boat/0_c4_004_000010.jpg,0,boat,4
boat/0_c4_005_000008.jpg,0,boat,4
boat/0_c4_005_000009.jpg,0,boat,4
boat/0_c4_005_000010.jpg,0,boat,4
boat/0_c4_00_10.jpg,0,boat,4
boat/0_c4_00_11.jpg,0,boat,4
boat/0_c4_00_6.jpg,0,boat,4
boat/0_c5_000_000011.jpg,0,boat,5
boat/0_c5_000_000012.jpg,0,boat,5
boat/0_c5_001_000011.jpg,0,boat,5
boat/0_c5_001_000012.jpg,0,boat,5
boat/0_c5_002_000011.jpg,0,boat,5
boat/0_c5_002_000012.jpg,0,boat,5
boat/0_c5_003_000011.jpg,0,boat,5
boat/0_c5_003_000012.jpg,0,boat,5
boat/0_c5_004_000011.jpg,0,boat,5
boat/0_c5_004_000012.jpg,0,boat,5
boat/0_c5_005_000011.jpg,0,boat,5
boat/0_c5_005_000012.jpg,0,boat,5
boat/0_c5_00_15.jpg,0,boat,5
boat/0_c5_00_9.jpg,0,boat,5
boat/0_c6_000_000013.jpg,0,boat,6
boat/0_c6_000_000014.jpg,0,boat,6
boat/0_c6_001_000013.jpg,0,boat,6
boat/0_c6_001_000014.jpg,0,boat,6
boat/0_c6_002_000013.jpg,0,boat,6
boat/0_c6_002_000014.jpg,0,boat,6
boat/0_c6_003_000013.jpg,0,boat,6
boat/0_c6_003_000014.jpg,0,boat,6
boat/0_c6_004_000013.jpg,0,boat,6
boat/0_c6_004_000014.jpg,0,boat,6
boat/0_c6_005_000013.jpg,0,boat,6
boat/0_c6_005_000014.jpg,0,boat,6
boat/0_c6_00_1.jpg,0,boat,6
boat/0_c6_00_2.jpg,0,boat,6
boat/100_c1_000_000000.jpg,100,boat,1
boat/100_c1_000_000001.jpg,100,boat,1
boat/100_c1_001_000000.jpg,100,boat,1
boat/100_c1_001_000001.jpg,100,boat,1
boat/100_c1_002_000000.jpg,100,boat,1
boat/100_c1_002_000001.jpg,100,boat,1
boat/100_c1_003_000000.jpg,100,boat,1
boat/100_c1_003_000001.jpg,100,boat,1
boat/100_c1_004_000000.jpg,100,boat,1
boat/100_c1_004_000001.jpg,100,boat,1
boat/100_c1_005_000000.jpg,100,boat,1
boat/100_c1_005_000001.jpg,100,boat,1
boat/100_c1_00_1.jpg,100,boat,1
boat/100_c1_00_2.jpg,100,boat,1
boat/100_c3_000_000002.jpg,100,boat,3
boat/100_c3_001_000002.jpg,100,boat,3
boat/100_c3_002_000002.jpg,100,boat,3
boat/100_c3_003_000002.jpg,100,boat,3
boat/100_c3_004_000002.jpg,100,boat,3
boat/100_c3_005_000002.jpg,100,boat,3
boat/100_c3_00_4.jpg,100,boat,3
boat/100_c4_000_000003.jpg,100,boat,4
boat/100_c4_001_000003.jpg,100,boat,4
boat/100_c4_002_000003.jpg,100,boat,4
boat/100_c4_003_000003.jpg,100,boat,4
boat/100_c4_004_000003.jpg,100,boat,4
boat/100_c4_005_000003.jpg,100,boat,4
boat/100_c4_00_0.jpg,100,boat,4
boat/100_c6_000_000004.jpg,100,boat,6
boat/100_c6_001_000004.jpg,100,boat,6
boat/100_c6_002_000004.jpg,100,boat,6
boat/100_c6_003_000004.jpg,100,boat,6
boat/100_c6_004_000004.jpg,100,boat,6
boat/100_c6_005_000004.jpg,100,boat,6
boat/100_c6_00_3.jpg,100,boat,6
boat/102_c1_000_000000.jpg,102,boat,1
boat/102_c1_000_000001.jpg,102,boat,1
boat/102_c1_001_000000.jpg,102,boat,1
boat/102_c1_001_000001.jpg,102,boat,1
boat/102_c1_002_000000.jpg,102,boat,1
boat/102_c1_002_000001.jpg,102,boat,1
boat/102_c1_003_000000.jpg,102,boat,1
boat/102_c1_003_000001.jpg,102,boat,1
boat/102_c1_004_000000.jpg,102,boat,1
boat/102_c1_004_000001.jpg,102,boat,1
boat/102_c1_005_000000.jpg,102,boat,1
boat/102_c1_005_000001.jpg,102,boat,1
boat/102_c1_00_0.jpg,102,boat,1
boat/102_c1_00_2.jpg,102,boat,1
boat/102_c1_00_4.jpg,102,boat,1
boat/102_c2_000_000002.jpg,102,boat,2
boat/102_c2_000_000003.jpg,102,boat,2
boat/102_c2_001_000002.jpg,102,boat,2
boat/102_c2_001_000003.jpg,102,boat,2
boat/102_c2_002_000002.jpg,102,boat,2
boat/102_c2_002_000003.jpg,102,boat,2
boat/102_c2_003_000002.jpg,102,boat,2
boat/102_c2_003_000003.jpg,102,boat,2
boat/102_c2_004_000002.jpg,102,boat,2
boat/102_c2_004_000003.jpg,102,boat,2
boat/102_c2_005_000002.jpg,102,boat,2
boat/102_c2_005_000003.jpg,102,boat,2
boat/102_c2_00_1.jpg,102,boat,2
boat/102_c2_00_3.jpg,102,boat,2
boat/102_c3_000_000004.jpg,102,boat,3
boat/102_c3_001_000004.jpg,102,boat,3
boat/102_c3_002_000004.jpg,102,boat,3
boat/102_c3_003_000004.jpg,102,boat,3
boat/102_c3_004_000004.jpg,102,boat,3
boat/102_c3_005_000004.jpg,102,boat,3
boat/102_c3_00_7.jpg,102,boat,3
boat/102_c4_000_000005.jpg,102,boat,4
boat/102_c4_000_000006.jpg,102,boat,4
boat/102_c4_001_000005.jpg,102,boat,4
boat/102_c4_001_000006.jpg,102,boat,4
boat/102_c4_002_000005.jpg,102,boat,4
boat/102_c4_002_000006.jpg,102,boat,4
boat/102_c4_003_000005.jpg,102,boat,4
boat/102_c4_003_000006.jpg,102,boat,4
boat/102_c4_004_000005.jpg,102,boat,4
boat/102_c4_004_000006.jpg,102,boat,4
boat/102_c4_005_000005.jpg,102,boat,4
boat/102_c4_005_000006.jpg,102,boat,4
boat/102_c4_00_0.jpg,102,boat,4
boat/102_c4_00_1.jpg,102,boat,4
boat/102_c4_00_4.jpg,102,boat,4
boat/102_c4_00_5.jpg,102,boat,4
boat/102_c6_000_000007.jpg,102,boat,6
boat/102_c6_001_000007.jpg,102,boat,6
boat/102_c6_002_000007.jpg,102,boat,6
boat/102_c6_003_000007.jpg,102,boat,6
boat/102_c6_004_000007.jpg,102,boat,6
boat/102_c6_005_000007.jpg,102,boat,6
boat/102_c6_00_2.jpg,102,boat,6
boat/102_c6_00_3.jpg,102,boat,6
boat/102_c6_00_6.jpg,102,boat,6
boat/103_c2_000_000000.jpg,103,boat,2
boat/103_c2_000_000001.jpg,103,boat,2
boat/103_c2_001_000000.jpg,103,boat,2
boat/103_c2_001_000001.jpg,103,boat,2
boat/103_c2_002_000000.jpg,103,boat,2
boat/103_c2_002_000001.jpg,103,boat,2
boat/103_c2_003_000000.jpg,103,boat,2
boat/103_c2_003_000001.jpg,103,boat,2
boat/103_c2_004_000000.jpg,103,boat,2
boat/103_c2_004_000001.jpg,103,boat,2
boat/103_c2_005_000000.jpg,103,boat,2
boat/103_c2_005_000001.jpg,103,boat,2
boat/103_c2_00_0.jpg,103,boat,2
boat/103_c2_00_6.jpg,103,boat,2
boat/103_c3_000_000002.jpg,103,boat,3
boat/103_c3_001_000002.jpg,103,boat,3
boat/103_c3_002_000002.jpg,103,boat,3
boat/103_c3_003_000002.jpg,103,boat,3
boat/103_c3_004_000002.jpg,103,boat,3
boat/103_c3_005_000002.jpg,103,boat,3
boat/103_c3_00_2.jpg,103,boat,3
boat/103_c4_000_000003.jpg,103,boat,4
boat/103_c4_001_000003.jpg,103,boat,4
boat/103_c4_002_000003.jpg,103,boat,4
boat/103_c4_003_000003.jpg,103,boat,4
boat/103_c4_004_000003.jpg,103,boat,4
boat/103_c4_005_000003.jpg,103,boat,4
boat/103_c4_00_4.jpg,103,boat,4
boat/103_c5_000_000004.jpg,103,boat,5
boat/103_c5_000_000005.jpg,103,boat,5
boat/103_c5_001_000004.jpg,103,boat,5
boat/103_c5_001_000005.jpg,103,boat,5
boat/103_c5_002_000004.jpg,103,boat,5
boat/103_c5_002_000005.jpg,103,boat,5
boat/103_c5_003_000004.jpg,103,boat,5
boat/103_c5_003_000005.jpg,103,boat,5
boat/103_c5_004_000004.jpg,103,boat,5
boat/103_c5_004_000005.jpg,103,boat,5
boat/103_c5_005_000004.jpg,103,boat,5
boat/103_c5_005_000005.jpg,103,boat,5
boat/103_c5_00_3.jpg,103,boat,5
boat/103_c5_00_5.jpg,103,boat,5
boat/103_c6_000_000006.jpg,103,boat,6
boat/103_c6_001_000006.jpg,103,boat,6
boat/103_c6_002_000006.jpg,103,boat,6
boat/103_c6_003_000006.jpg,103,boat,6
boat/103_c6_004_000006.jpg,103,boat,6
boat/103_c6_005_000006.jpg,103,boat,6
boat/103_c6_00_8.jpg,103,boat,6
boat/105_c1_000_000000.jpg,105,boat,1
boat/105_c1_000_000001.jpg,105,boat,1
boat/105_c1_001_000000.jpg,105,boat,1
boat/105_c1_001_000001.jpg,105,boat,1
boat/105_c1_002_000000.jpg,105,boat,1
boat/105_c1_002_000001.jpg,105,boat,1
boat/105_c1_003_000000.jpg,105,boat,1
boat/105_c1_003_000001.jpg,105,boat,1
boat/105_c1_004_000000.jpg,105,boat,1
boat/105_c1_004_000001.jpg,105,boat,1
boat/105_c1_005_000000.jpg,105,boat,1
boat/105_c1_005_000001.jpg,105,boat,1
boat/105_c1_00_6.jpg,105,boat,1
boat/105_c1_00_8.jpg,105,boat,1
boat/105_c2_000_000002.jpg,105,boat,2
boat/105_c2_000_000003.jpg,105,boat,2
boat/105_c2_001_000002.jpg,105,boat,2
boat/105_c2_001_000003.jpg,105,boat,2
boat/105_c2_002_000002.jpg,105,boat,2
boat/105_c2_002_000003.jpg,105,boat,2
boat/105_c2_003_000002.jpg,105,boat,2
boat/105_c2_003_000003.jpg,105,boat,2
boat/105_c2_004_000002.jpg,105,boat,2
boat/105_c2_004_000003.jpg,105,boat,2
boat/105_c2_005_000002.jpg,105,boat,2
boat/105_c2_005_000003.jpg,105,boat,2
boat/105_c2_00_0.jpg,105,boat,2
boat/105_c2_00_1.jpg,105,boat,2
boat/105_c3_000_000004.jpg,105,boat,3
boat/105_c3_001_000004.jpg,105,boat,3
boat/105_c3_002_000004.jpg,105,boat,3
boat/105_c3_003_000004.jpg,105,boat,3
boat/105_c3_004_000004.jpg,105,boat,3
boat/105_c3_005_000004.jpg,105,boat,3
boat/105_c3_00_2.jpg,105,boat,3
boat/105_c4_000_000005.jpg,105,boat,4
boat/105_c4_001_000005.jpg,105,boat,4
boat/105_c4_002_000005.jpg,105,boat,4
boat/105_c4_003_000005.jpg,105,boat,4
boat/105_c4_004_000005.jpg,105,boat,4
boat/105_c4_005_000005.jpg,105,boat,4
boat/105_c4_00_7.jpg,105,boat,4
boat/105_c5_000_000006.jpg,105,boat,5
boat/105_c5_001_000006.jpg,105,boat,5
boat/105_c5_002_000006.jpg,105,boat,5
boat/105_c5_003_000006.jpg,105,boat,5
boat/105_c5_004_000006.jpg,105,boat,5
boat/105_c5_005_000006.jpg,105,boat,5
boat/105_c5_00_5.jpg,105,boat,5
boat/105_c6_000_000007.jpg,105,boat,6
boat/105_c6_000_000008.jpg,105,boat,6
boat/105_c6_001_000007.jpg,105,boat,6
boat/105_c6_001_000008.jpg,105,boat,6
boat/105_c6_002_000007.jpg,105,boat,6
boat/105_c6_002_000008.jpg,105,boat,6
boat/105_c6_003_000007.jpg,105,boat,6
boat/105_c6_003_000008.jpg,105,boat,6
boat/105_c6_004_000007.jpg,105,boat,6
boat/105_c6_004_000008.jpg,105,boat,6
boat/105_c6_005_000007.jpg,105,boat,6
boat/105_c6_005_000008.jpg,105,boat,6
boat/105_c6_00_3.jpg,105,boat,6
boat/105_c6_00_4.jpg,105,boat,6
boat/106_c2_000_000000.jpg,106,boat,2
boat/106_c2_000_000001.jpg,106,boat,2
boat/106_c2_001_000000.jpg,106,boat,2
boat/106_c2_001_000001.jpg,106,boat,2
boat/106_c2_002_000000.jpg,106,boat,2
boat/106_c2_002_000001.jpg,106,boat,2
boat/106_c2_003_000000.jpg,106,boat,2
boat/106_c2_003_000001.jpg,106,boat,2
boat/106_c2_004_000000.jpg,106,boat,2
boat/106_c2_004_000001.jpg,106,boat,2
boat/106_c2_005_000000.jpg,106,boat,2
boat/106_c2_005_000001.jpg,106,boat,2
boat/106_c2_00_1.jpg,106,boat,2
boat/106_c2_00_2.jpg,106,boat,2
boat/106_c3_000_000002.jpg,106,boat,3
boat/106_c3_001_000002.jpg,106,boat,3
boat/106_c3_002_000002.jpg,106,boat,3
boat/106_c3_003_000002.jpg,106,boat,3
boat/106_c3_004_000002.jpg,106,boat,3
boat/106_c3_005_000002.jpg,106,boat,3
boat/106_c3_00_0.jpg,106,boat,3
boat/106_c4_000_000003.jpg,106,boat,4
boat/106_c4_001_000003.jpg,106,boat,4
boat/106_c4_002_000003.jpg,106,boat,4
boat/106_c4_003_000003.jpg,106,boat,4
boat/106_c4_004_000003.jpg,106,boat,4
boat/106_c4_005_000003.jpg,106,boat,4
boat/106_c4_00_3.jpg,106,boat,4
boat/106_c6_000_000004.jpg,106,boat,6
boat/106_c6_001_000004.jpg,106,boat,6
boat/106_c6_002_000004.jpg,106,boat,6
boat/106_c6_003_000004.jpg,106,boat,6
boat/106_c6_004_000004.jpg,106,boat,6
boat/106_c6_005_000004.jpg,106,boat,6
boat/106_c6_00_4.jpg,106,boat,6
boat/12_c1_000_000000.jpg,12,boat,1
boat/12_c1_001_000000.jpg,12,boat,1
boat/12_c1_002_000000.jpg,12,boat,1
boat/12_c1_003_000000.jpg,12,boat,1
boat/12_c1_004_000000.jpg,12,boat,1
boat/12_c1_005_000000.jpg,12,boat,1
boat/12_c1_00_1.jpg,12,boat,1
boat/12_c3_000_000001.jpg,12,boat,3
boat/12_c3_001_000001.jpg,12,boat,3
boat/12_c3_002_000001.jpg,12,boat,3
boat/12_c3_003_000001.jpg,12,boat,3
boat/12_c3_004_000001.jpg,12,boat,3
boat/12_c3_005_000001.jpg,12,boat,3
boat/12_c3_00_2.jpg,12,boat,3
boat/12_c5_000_000002.jpg,12,boat,5
boat/12_c5_001_000002.jpg,12,boat,5
boat/12_c5_002_000002.jpg,12,boat,5
boat/12_c5_003_000002.jpg,12,boat,5
boat/12_c5_004_000002.jpg,12,boat,5
boat/12_c5_005_000002.jpg,12,boat,5
boat/12_c5_00_0.jpg,12,boat,5
boat/13_c1_000_000000.jpg,13,boat,1
boat/13_c1_001_000000.jpg,13,boat,1
boat/13_c1_002_000000.jpg,13,boat,1
boat/13_c1_003_000000.jpg,13,boat,1
boat/13_c1_004_000000.jpg,13,boat,1
boat/13_c1_005_000000.jpg,13,boat,1
boat/13_c4_000_000001.jpg,13,boat,4
boat/13_c4_000_000002.jpg,13,boat,4
boat/13_c4_001_000001.jpg,13,boat,4
boat/13_c4_001_000002.jpg,13,boat,4
boat/13_c4_002_000001.jpg,13,boat,4
boat/13_c4_002_000002.jpg,13,boat,4
boat/13_c4_003_000001.jpg,13,boat,4
boat/13_c4_003_000002.jpg,13,boat,4
boat/13_c4_004_000001.jpg,13,boat,4
boat/13_c4_004_000002.jpg,13,boat,4
boat/13_c4_005_000001.jpg,13,boat,4
boat/13_c4_005_000002.jpg,13,boat,4
boat/13_c6_000_000003.jpg,13,boat,6
boat/13_c6_000_000004.jpg,13,boat,6
boat/13_c6_001_000003.jpg,13,boat,6
boat/13_c6_001_000004.jpg,13,boat,6
boat/13_c6_002_000003.jpg,13,boat,6
boat/13_c6_002_000004.jpg,13,boat,6
boat/13_c6_003_000003.jpg,13,boat,6
boat/13_c6_003_000004.jpg,13,boat,6
boat/13_c6_004_000003.jpg,13,boat,6
boat/13_c6_004_000004.jpg,13,boat,6
boat/13_c6_005_000003.jpg,13,boat,6
boat/13_c6_005_000004.jpg,13,boat,6
boat/14_c1_000_000000.jpg,14,boat,1
boat/14_c1_001_000000.jpg,14,boat,1
boat/14_c1_002_000000.jpg,14,boat,1
boat/14_c1_003_000000.jpg,14,boat,1
boat/14_c1_004_000000.jpg,14,boat,1
boat/14_c1_005_000000.jpg,14,boat,1
boat/14_c1_00_0.jpg,14,boat,1
boat/14_c2_000_000001.jpg,14,boat,2
boat/14_c2_001_000001.jpg,14,boat,2
boat/14_c2_002_000001.jpg,14,boat,2
boat/14_c2_003_000001.jpg,14,boat,2
boat/14_c2_004_000001.jpg,14,boat,2
boat/14_c2_005_000001.jpg,14,boat,2
boat/14_c2_00_2.jpg,14,boat,2
boat/14_c3_000_000002.jpg,14,boat,3
boat/14_c3_001_000002.jpg,14,boat,3
boat/14_c3_002_000002.jpg,14,boat,3
boat/14_c3_003_000002.jpg,14,boat,3
boat/14_c3_004_000002.jpg,14,boat,3
boat/14_c3_005_000002.jpg,14,boat,3
boat/14_c3_00_3.jpg,14,boat,3
boat/14_c4_000_000003.jpg,14,boat,4
boat/14_c4_001_000003.jpg,14,boat,4
boat/14_c4_002_000003.jpg,14,boat,4
boat/14_c4_003_000003.jpg,14,boat,4
boat/14_c4_004_000003.jpg,14,boat,4
boat/14_c4_005_000003.jpg,14,boat,4
boat/14_c4_00_1.jpg,14,boat,4
boat/14_c5_000_000004.jpg,14,boat,5
boat/14_c5_001_000004.jpg,14,boat,5
boat/14_c5_002_000004.jpg,14,boat,5
boat/14_c5_003_000004.jpg,14,boat,5
boat/14_c5_004_000004.jpg,14,boat,5
boat/14_c5_005_000004.jpg,14,boat,5
boat/14_c5_00_4.jpg,14,boat,5
boat/15_c1_000_000000.jpg,15,boat,1
boat/15_c1_000_000001.jpg,15,boat,1
boat/15_c1_000_000002.jpg,15,boat,1
boat/15_c1_001_000000.jpg,15,boat,1
boat/15_c1_001_000001.jpg,15,boat,1
boat/15_c1_001_000002.jpg,15,boat,1
boat/15_c1_002_000000.jpg,15,boat,1
boat/15_c1_002_000001.jpg,15,boat,1
boat/15_c1_002_000002.jpg,15,boat,1
boat/15_c1_003_000000.jpg,15,boat,1
boat/15_c1_003_000001.jpg,15,boat,1
boat/15_c1_003_000002.jpg,15,boat,1
boat/15_c1_004_000000.jpg,15,boat,1
boat/15_c1_004_000001.jpg,15,boat,1
boat/15_c1_004_000002.jpg,15,boat,1
boat/15_c1_005_000000.jpg,15,boat,1
boat/15_c1_005_000001.jpg,15,boat,1
boat/15_c1_005_000002.jpg,15,boat,1
boat/15_c1_00_22.jpg,15,boat,1
boat/15_c1_00_23.jpg,15,boat,1
boat/15_c1_00_24.jpg,15,boat,1
boat/15_c2_000_000003.jpg,15,boat,2
boat/15_c2_000_000004.jpg,15,boat,2
boat/15_c2_000_000005.jpg,15,boat,2
boat/15_c2_000_000006.jpg,15,boat,2
boat/15_c2_001_000003.jpg,15,boat,2
boat/15_c2_001_000004.jpg,15,boat,2
boat/15_c2_001_000005.jpg,15,boat,2
boat/15_c2_001_000006.jpg,15,boat,2
boat/15_c2_002_000003.jpg,15,boat,2
boat/15_c2_002_000004.jpg,15,boat,2
boat/15_c2_002_000005.jpg,15,boat,2
boat/15_c2_002_000006.jpg,15,boat,2
boat/15_c2_003_000003.jpg,15,boat,2
boat/15_c2_003_000004.jpg,15,boat,2
boat/15_c2_003_000005.jpg,15,boat,2
boat/15_c2_003_000006.jpg,15,boat,2
boat/15_c2_004_000003.jpg,15,boat,2
boat/15_c2_004_000004.jpg,15,boat,2
boat/15_c2_004_000005.jpg,15,boat,2
boat/15_c2_004_000006.jpg,15,boat,2
boat/15_c2_005_000003.jpg,15,boat,2
boat/15_c2_005_000004.jpg,15,boat,2
boat/15_c2_005_000005.jpg,15,boat,2
boat/15_c2_005_000006.jpg,15,boat,2
boat/15_c2_00_10.jpg,15,boat,2
boat/15_c2_00_15.jpg,15,boat,2
boat/15_c2_00_4.jpg,15,boat,2
boat/15_c2_00_5.jpg,15,boat,2
boat/15_c3_000_000007.jpg,15,boat,3
boat/15_c3_000_000008.jpg,15,boat,3
boat/15_c3_000_000009.jpg,15,boat,3
boat/15_c3_000_000010.jpg,15,boat,3
boat/15_c3_001_000007.jpg,15,boat,3
boat/15_c3_001_000008.jpg,15,boat,3
boat/15_c3_001_000009.jpg,15,boat,3
boat/15_c3_001_000010.jpg,15,boat,3
boat/15_c3_002_000007.jpg,15,boat,3
boat/15_c3_002_000008.jpg,15,boat,3
boat/15_c3_002_000009.jpg,15,boat,3
boat/15_c3_002_000010.jpg,15,boat,3
boat/15_c3_003_000007.jpg,15,boat,3
boat/15_c3_003_000008.jpg,15,boat,3
boat/15_c3_003_000009.jpg,15,boat,3
boat/15_c3_003_000010.jpg,15,boat,3
boat/15_c3_004_000007.jpg,15,boat,3
boat/15_c3_004_000008.jpg,15,boat,3
boat/15_c3_004_000009.jpg,15,boat,3
boat/15_c3_004_000010.jpg,15,boat,3
boat/15_c3_005_000007.jpg,15,boat,3
boat/15_c3_005_000008.jpg,15,boat,3
boat/15_c3_005_000009.jpg,15,boat,3
boat/15_c3_005_000010.jpg,15,boat,3
boat/15_c3_00_11.jpg,15,boat,3
boat/15_c3_00_16.jpg,15,boat,3
boat/15_c3_00_2.jpg,15,boat,3
boat/15_c3_00_6.jpg,15,boat,3
boat/15_c4_000_000011.jpg,15,boat,4
boat/15_c4_000_000012.jpg,15,boat,4
boat/15_c4_000_000013.jpg,15,boat,4
boat/15_c4_000_000014.jpg,15,boat,4
boat/15_c4_001_000011.jpg,15,boat,4
boat/15_c4_001_000012.jpg,15,boat,4
boat/15_c4_001_000013.jpg,15,boat,4
boat/15_c4_001_000014.jpg,15,boat,4
boat/15_c4_002_000011.jpg,15,boat,4
boat/15_c4_002_000012.jpg,15,boat,4
boat/15_c4_002_000013.jpg,15,boat,4
boat/15_c4_002_000014.jpg,15,boat,4
boat/15_c4_003_000011.jpg,15,boat,4
boat/15_c4_003_000012.jpg,15,boat,4
boat/15_c4_003_000013.jpg,15,boat,4
boat/15_c4_003_000014.jpg,15,boat,4
boat/15_c4_004_000011.jpg,15,boat,4
boat/15_c4_004_000012.jpg,15,boat,4
boat/15_c4_004_000013.jpg,15,boat,4
boat/15_c4_004_000014.jpg,15,boat,4
boat/15_c4_005_000011.jpg,15,boat,4
boat/15_c4_005_000012.jpg,15,boat,4
boat/15_c4_005_000013.jpg,15,boat,4
boat/15_c4_005_000014.jpg,15,boat,4
boat/15_c4_00_12.jpg,15,boat,4
boat/15_c4_00_17.jpg,15,boat,4
boat/15_c4_00_3.jpg,15,boat,4
boat/15_c4_00_7.jpg,15,boat,4
boat/15_c5_000_000015.jpg,15,boat,5
boat/15_c5_000_000016.jpg,15,boat,5
boat/15_c5_000_000017.jpg,15,boat,5
boat/15_c5_000_000018.jpg,15,boat,5
boat/15_c5_000_000019.jpg,15,boat,5
boat/15_c5_001_000015.jpg,15,boat,5
boat/15_c5_001_000016.jpg,15,boat,5
boat/15_c5_001_000017.jpg,15,boat,5
boat/15_c5_001_000018.jpg,15,boat,5
boat/15_c5_001_000019.jpg,15,boat,5
boat/15_c5_002_000015.jpg,15,boat,5
boat/15_c5_002_000016.jpg,15,boat,5
boat/15_c5_002_000017.jpg,15,boat,5
boat/15_c5_002_000018.jpg,15,boat,5
boat/15_c5_002_000019.jpg,15,boat,5
boat/15_c5_003_000015.jpg,15,boat,5
boat/15_c5_003_000016.jpg,15,boat,5
boat/15_c5_003_000017.jpg,15,boat,5
boat/15_c5_003_000018.jpg,15,boat,5
boat/15_c5_003_000019.jpg,15,boat,5
boat/15_c5_004_000015.jpg,15,boat,5
boat/15_c5_004_000016.jpg,15,boat,5
boat/15_c5_004_000017.jpg,15,boat,5
boat/15_c5_004_000018.jpg,15,boat,5
boat/15_c5_004_000019.jpg,15,boat,5
boat/15_c5_005_000015.jpg,15,boat,5
boat/15_c5_005_000016.jpg,15,boat,5
boat/15_c5_005_000017.jpg,15,boat,5
boat/15_c5_005_000018.jpg,15,boat,5
boat/15_c5_005_000019.jpg,15,boat,5
boat/15_c5_00_0.jpg,15,boat,5
boat/15_c5_00_13.jpg,15,boat,5
boat/15_c5_00_18.jpg,15,boat,5
boat/15_c5_00_21.jpg,15,boat,5
boat/15_c5_00_8.jpg,15,boat,5
boat/15_c6_000_000020.jpg,15,boat,6
boat/15_c6_000_000021.jpg,15,boat,6
boat/15_c6_000_000022.jpg,15,boat,6
boat/15_c6_000_000023.jpg,15,boat,6
boat/15_c6_000_000024.jpg,15,boat,6
boat/15_c6_001_000020.jpg,15,boat,6
boat/15_c6_001_000021.jpg,15,boat,6
boat/15_c6_001_000022.jpg,15,boat,6
boat/15_c6_001_000023.jpg,15,boat,6
boat/15_c6_001_000024.jpg,15,boat,6
boat/15_c6_002_000020.jpg,15,boat,6
boat/15_c6_002_000021.jpg,15,boat,6
boat/15_c6_002_000022.jpg,15,boat,6
boat/15_c6_002_000023.jpg,15,boat,6
boat/15_c6_002_000024.jpg,15,boat,6
boat/15_c6_003_000020.jpg,15,boat,6
boat/15_c6_003_000021.jpg,15,boat,6
boat/15_c6_003_000022.jpg,15,boat,6
boat/15_c6_003_000023.jpg,15,boat,6
boat/15_c6_003_000024.jpg,15,boat,6
boat/15_c6_004_000020.jpg,15,boat,6
boat/15_c6_004_000021.jpg,15,boat,6
boat/15_c6_004_000022.jpg,15,boat,6
boat/15_c6_004_000023.jpg,15,boat,6
boat/15_c6_004_000024.jpg,15,boat,6
boat/15_c6_005_000020.jpg,15,boat,6
boat/15_c6_005_000021.jpg,15,boat,6
boat/15_c6_005_000022.jpg,15,boat,6
boat/15_c6_005_000023.jpg,15,boat,6
boat/15_c6_005_000024.jpg,15,boat,6
boat/15_c6_00_1.jpg,15,boat,6
boat/15_c6_00_14.jpg,15,boat,6
boat/15_c6_00_19.jpg,15,boat,6
boat/15_c6_00_20.jpg,15,boat,6
boat/15_c6_00_9.jpg,15,boat,6
boat/17_c1_000_000000.jpg,17,boat,1
boat/17_c1_000_000001.jpg,17,boat,1
boat/17_c1_000_000002.jpg,17,boat,1
boat/17_c1_000_000003.jpg,17,boat,1
boat/17_c1_001_000000.jpg,17,boat,1
boat/17_c1_001_000001.jpg,17,boat,1
boat/17_c1_001_000002.jpg,17,boat,1
boat/17_c1_001_000003.jpg,17,boat,1
boat/17_c1_002_000000.jpg,17,boat,1
boat/17_c1_002_000001.jpg,17,boat,1
boat/17_c1_002_000002.jpg,17,boat,1
boat/17_c1_002_000003.jpg,17,boat,1
boat/17_c1_003_000000.jpg,17,boat,1
boat/17_c1_003_000001.jpg,17,boat,1
boat/17_c1_003_000002.jpg,17,boat,1
boat/17_c1_003_000003.jpg,17,boat,1
boat/17_c1_004_000000.jpg,17,boat,1
boat/17_c1_004_000001.jpg,17,boat,1
boat/17_c1_004_000002.jpg,17,boat,1
boat/17_c1_004_000003.jpg,17,boat,1
boat/17_c1_005_000000.jpg,17,boat,1
boat/17_c1_005_000001.jpg,17,boat,1
boat/17_c1_005_000002.jpg,17,boat,1
boat/17_c1_005_000003.jpg,17,boat,1
boat/17_c1_00_1.jpg,17,boat,1
boat/17_c1_00_2.jpg,17,boat,1
boat/17_c1_00_7.jpg,17,boat,1
boat/17_c1_00_8.jpg,17,boat,1
boat/17_c2_000_000004.jpg,17,boat,2
boat/17_c2_000_000005.jpg,17,boat,2
boat/17_c2_000_000006.jpg,17,boat,2
boat/17_c2_001_000004.jpg,17,boat,2
boat/17_c2_001_000005.jpg,17,boat,2
boat/17_c2_001_000006.jpg,17,boat,2
boat/17_c2_002_000004.jpg,17,boat,2
boat/17_c2_002_000005.jpg,17,boat,2
boat/17_c2_002_000006.jpg,17,boat,2
boat/17_c2_003_000004.jpg,17,boat,2
boat/17_c2_003_000005.jpg,17,boat,2
boat/17_c2_003_000006.jpg,17,boat,2
boat/17_c2_004_000004.jpg,17,boat,2
boat/17_c2_004_000005.jpg,17,boat,2
boat/17_c2_004_000006.jpg,17,boat,2
boat/17_c2_005_000004.jpg,17,boat,2
boat/17_c2_005_000005.jpg,17,boat,2
boat/17_c2_005_000006.jpg,17,boat,2
boat/17_c2_00_0.jpg,17,boat,2
boat/17_c2_00_12.jpg,17,boat,2
boat/17_c2_00_5.jpg,17,boat,2
boat/17_c3_000_000007.jpg,17,boat,3
boat/17_c3_000_000008.jpg,17,boat,3
boat/17_c3_000_000009.jpg,17,boat,3
boat/17_c3_001_000007.jpg,17,boat,3
boat/17_c3_001_000008.jpg,17,boat,3
boat/17_c3_001_000009.jpg,17,boat,3
boat/17_c3_002_000007.jpg,17,boat,3
boat/17_c3_002_000008.jpg,17,boat,3
boat/17_c3_002_000009.jpg,17,boat,3
boat/17_c3_003_000007.jpg,17,boat,3
boat/17_c3_003_000008.jpg,17,boat,3
boat/17_c3_003_000009.jpg,17,boat,3
boat/17_c3_004_000007.jpg,17,boat,3
boat/17_c3_004_000008.jpg,17,boat,3
boat/17_c3_004_000009.jpg,17,boat,3
boat/17_c3_005_000007.jpg,17,boat,3
boat/17_c3_005_000008.jpg,17,boat,3
boat/17_c3_005_000009.jpg,17,boat,3
boat/17_c3_00_11.jpg,17,boat,3
boat/17_c3_00_4.jpg,17,boat,3
boat/17_c3_00_9.jpg,17,boat,3
boat/17_c4_000_000010.jpg,17,boat,4
boat/17_c4_000_000011.jpg,17,boat,4
boat/17_c4_001_000010.jpg,17,boat,4
boat/17_c4_001_000011.jpg,17,boat,4
boat/17_c4_002_000010.jpg,17,boat,4
boat/17_c4_002_000011.jpg,17,boat,4
boat/17_c4_003_000010.jpg,17,boat,4
boat/17_c4_003_000011.jpg,17,boat,4
boat/17_c4_004_000010.jpg,17,boat,4
boat/17_c4_004_000011.jpg,17,boat,4
boat/17_c4_005_000010.jpg,17,boat,4
boat/17_c4_005_000011.jpg,17,boat,4
boat/17_c4_00_10.jpg,17,boat,4
boat/17_c4_00_3.jpg,17,boat,4
boat/17_c5_000_000012.jpg,17,boat,5
boat/17_c5_000_000013.jpg,17,boat,5
boat/17_c5_001_000012.jpg,17,boat,5
boat/17_c5_001_000013.jpg,17,boat,5
boat/17_c5_002_000012.jpg,17,boat,5
boat/17_c5_002_000013.jpg,17,boat,5
boat/17_c5_003_000012.jpg,17,boat,5
boat/17_c5_003_000013.jpg,17,boat,5
boat/17_c5_004_000012.jpg,17,boat,5
boat/17_c5_004_000013.jpg,17,boat,5
boat/17_c5_005_000012.jpg,17,boat,5
boat/17_c5_005_000013.jpg,17,boat,5
boat/17_c5_00_13.jpg,17,boat,5
boat/17_c5_00_6.jpg,17,boat,5
boat/18_c1_000_000000.jpg,18,boat,1
boat/18_c1_000_000001.jpg,18,boat,1
boat/18_c1_001_000000.jpg,18,boat,1
boat/18_c1_001_000001.jpg,18,boat,1
boat/18_c1_002_000000.jpg,18,boat,1
boat/18_c1_002_000001.jpg,18,boat,1
boat/18_c1_003_000000.jpg,18,boat,1
boat/18_c1_003_000001.jpg,18,boat,1
boat/18_c1_004_000000.jpg,18,boat,1
boat/18_c1_004_000001.jpg,18,boat,1
boat/18_c1_005_000000.jpg,18,boat,1
boat/18_c1_005_000001.jpg,18,boat,1
boat/18_c1_00_0.jpg,18,boat,1
boat/18_c1_00_3.jpg,18,boat,1
boat/18_c2_000_000002.jpg,18,boat,2
boat/18_c2_001_000002.jpg,18,boat,2
boat/18_c2_002_000002.jpg,18,boat,2
boat/18_c2_003_000002.jpg,18,boat,2
boat/18_c2_004_000002.jpg,18,boat,2
boat/18_c2_005_000002.jpg,18,boat,2
boat/18_c2_00_1.jpg,18,boat,2
boat/18_c3_000_000003.jpg,18,boat,3
boat/18_c3_001_000003.jpg,18,boat,3
boat/18_c3_002_000003.jpg,18,boat,3
boat/18_c3_003_000003.jpg,18,boat,3
boat/18_c3_004_000003.jpg,18,boat,3
boat/18_c3_005_000003.jpg,18,boat,3
boat/18_c3_00_4.jpg,18,boat,3
boat/18_c4_000_000004.jpg,18,boat,4
boat/18_c4_000_000005.jpg,18,boat,4
boat/18_c4_001_000004.jpg,18,boat,4
boat/18_c4_001_000005.jpg,18,boat,4
boat/18_c4_002_000004.jpg,18,boat,4
boat/18_c4_002_000005.jpg,18,boat,4
boat/18_c4_003_000004.jpg,18,boat,4
boat/18_c4_003_000005.jpg,18,boat,4
boat/18_c4_004_000004.jpg,18,boat,4
boat/18_c4_004_000005.jpg,18,boat,4
boat/18_c4_005_000004.jpg,18,boat,4
boat/18_c4_005_000005.jpg,18,boat,4
boat/18_c4_00_2.jpg,18,boat,4
boat/18_c4_00_5.jpg,18,boat,4
boat/19_c1_000_000000.jpg,19,boat,1
boat/19_c1_000_000001.jpg,19,boat,1
boat/19_c1_001_000000.jpg,19,boat,1
boat/19_c1_001_000001.jpg,19,boat,1
boat/19_c1_002_000000.jpg,19,boat,1
boat/19_c1_002_000001.jpg,19,boat,1
boat/19_c1_003_000000.jpg,19,boat,1
boat/19_c1_003_000001.jpg,19,boat,1
boat/19_c1_004_000000.jpg,19,boat,1
boat/19_c1_004_000001.jpg,19,boat,1
boat/19_c1_005_000000.jpg,19,boat,1
boat/19_c1_005_000001.jpg,19,boat,1
boat/19_c1_00_0.jpg,19,boat,1
boat/19_c1_00_8.jpg,19,boat,1
boat/19_c2_000_000002.jpg,19,boat,2
boat/19_c2_000_000003.jpg,19,boat,2
boat/19_c2_001_000002.jpg,19,boat,2
boat/19_c2_001_000003.jpg,19,boat,2
boat/19_c2_002_000002.jpg,19,boat,2
boat/19_c2_002_000003.jpg,19,boat,2
boat/19_c2_003_000002.jpg,19,boat,2
boat/19_c2_003_000003.jpg,19,boat,2
boat/19_c2_004_000002.jpg,19,boat,2
boat/19_c2_004_000003.jpg,19,boat,2
boat/19_c2_005_000002.jpg,19,boat,2
boat/19_c2_005_000003.jpg,19,boat,2
boat/19_c2_00_1.jpg,19,boat,2
boat/19_c2_00_9.jpg,19,boat,2
boat/19_c3_000_000004.jpg,19,boat,3
boat/19_c3_000_000005.jpg,19,boat,3
boat/19_c3_001_000004.jpg,19,boat,3
boat/19_c3_001_000005.jpg,19,boat,3
boat/19_c3_002_000004.jpg,19,boat,3
boat/19_c3_002_000005.jpg,19,boat,3
boat/19_c3_003_000004.jpg,19,boat,3
boat/19_c3_003_000005.jpg,19,boat,3
boat/19_c3_004_000004.jpg,19,boat,3
boat/19_c3_004_000005.jpg,19,boat,3
boat/19_c3_005_000004.jpg,19,boat,3
boat/19_c3_005_000005.jpg,19,boat,3
boat/19_c3_00_2.jpg,19,boat,3
boat/19_c3_00_7.jpg,19,boat,3
boat/19_c4_000_000006.jpg,19,boat,4
boat/19_c4_000_000007.jpg,19,boat,4
boat/19_c4_000_000008.jpg,19,boat,4
boat/19_c4_001_000006.jpg,19,boat,4
boat/19_c4_001_000007.jpg,19,boat,4
boat/19_c4_001_000008.jpg,19,boat,4
boat/19_c4_002_000006.jpg,19,boat,4
boat/19_c4_002_000007.jpg,19,boat,4
boat/19_c4_002_000008.jpg,19,boat,4
boat/19_c4_003_000006.jpg,19,boat,4
boat/19_c4_003_000007.jpg,19,boat,4
boat/19_c4_003_000008.jpg,19,boat,4
boat/19_c4_004_000006.jpg,19,boat,4
boat/19_c4_004_000007.jpg,19,boat,4
boat/19_c4_004_000008.jpg,19,boat,4
boat/19_c4_005_000006.jpg,19,boat,4
boat/19_c4_005_000007.jpg,19,boat,4
boat/19_c4_005_000008.jpg,19,boat,4
boat/19_c4_00_10.jpg,19,boat,4
boat/19_c4_00_3.jpg,19,boat,4
boat/19_c4_00_6.jpg,19,boat,4
boat/19_c5_000_000009.jpg,19,boat,5
boat/19_c5_001_000009.jpg,19,boat,5
boat/19_c5_002_000009.jpg,19,boat,5
boat/19_c5_003_000009.jpg,19,boat,5
boat/19_c5_004_000009.jpg,19,boat,5
boat/19_c5_005_000009.jpg,19,boat,5
boat/19_c5_00_4.jpg,19,boat,5
boat/19_c6_000_000010.jpg,19,boat,6
boat/19_c6_000_000011.jpg,19,boat,6
boat/19_c6_001_000010.jpg,19,boat,6
boat/19_c6_001_000011.jpg,19,boat,6
boat/19_c6_002_000010.jpg,19,boat,6
boat/19_c6_002_000011.jpg,19,boat,6
boat/19_c6_003_000010.jpg,19,boat,6
boat/19_c6_003_000011.jpg,19,boat,6
boat/19_c6_004_000010.jpg,19,boat,6
boat/19_c6_004_000011.jpg,19,boat,6
boat/19_c6_005_000010.jpg,19,boat,6
boat/19_c6_005_000011.jpg,19,boat,6
boat/19_c6_00_11.jpg,19,boat,6
boat/19_c6_00_5.jpg,19,boat,6
boat/2_c1_000_000000.jpg,2,boat,1
boat/2_c1_001_000000.jpg,2,boat,1
boat/2_c1_002_000000.jpg,2,boat,1
boat/2_c1_003_000000.jpg,2,boat,1
boat/2_c1_004_000000.jpg,2,boat,1
boat/2_c1_005_000000.jpg,2,boat,1
boat/2_c1_00_1.jpg,2,boat,1
boat/2_c2_000_000001.jpg,2,boat,2
boat/2_c2_000_000002.jpg,2,boat,2
boat/2_c2_001_000001.jpg,2,boat,2
boat/2_c2_001_000002.jpg,2,boat,2
boat/2_c2_002_000001.jpg,2,boat,2
boat/2_c2_002_000002.jpg,2,boat,2
boat/2_c2_003_000001.jpg,2,boat,2
boat/2_c2_003_000002.jpg,2,boat,2
boat/2_c2_004_000001.jpg,2,boat,2
boat/2_c2_004_000002.jpg,2,boat,2
boat/2_c2_005_000001.jpg,2,boat,2
boat/2_c2_005_000002.jpg,2,boat,2
boat/2_c2_00_0.jpg,2,boat,2
boat/2_c2_00_2.jpg,2,boat,2
boat/2_c6_000_000003.jpg,2,boat,6
boat/2_c6_001_000003.jpg,2,boat,6
boat/2_c6_002_000003.jpg,2,boat,6
boat/2_c6_003_000003.jpg,2,boat,6
boat/2_c6_004_000003.jpg,2,boat,6
boat/2_c6_005_000003.jpg,2,boat,6
boat/2_c6_00_3.jpg,2,boat,6
boat/20_c1_000_000000.jpg,20,boat,1
boat/20_c1_001_000000.jpg,20,boat,1
boat/20_c1_002_000000.jpg,20,boat,1
boat/20_c1_003_000000.jpg,20,boat,1
boat/20_c1_004_000000.jpg,20,boat,1
boat/20_c1_005_000000.jpg,20,boat,1
boat/20_c1_00_10.jpg,20,boat,1
boat/20_c2_000_000001.jpg,20,boat,2
boat/20_c2_000_000002.jpg,20,boat,2
boat/20_c2_001_000001.jpg,20,boat,2
boat/20_c2_001_000002.jpg,20,boat,2
boat/20_c2_002_000001.jpg,20,boat,2
boat/20_c2_002_000002.jpg,20,boat,2
boat/20_c2_003_000001.jpg,20,boat,2
boat/20_c2_003_000002.jpg,20,boat,2
boat/20_c2_004_000001.jpg,20,boat,2
boat/20_c2_004_000002.jpg,20,boat,2
boat/20_c2_005_000001.jpg,20,boat,2
boat/20_c2_005_000002.jpg,20,boat,2
boat/20_c2_00_0.jpg,20,boat,2
boat/20_c2_00_9.jpg,20,boat,2
boat/20_c3_000_000003.jpg,20,boat,3
boat/20_c3_000_000004.jpg,20,boat,3
boat/20_c3_001_000003.jpg,20,boat,3
boat/20_c3_001_000004.jpg,20,boat,3
boat/20_c3_002_000003.jpg,20,boat,3
boat/20_c3_002_000004.jpg,20,boat,3
boat/20_c3_003_000003.jpg,20,boat,3
boat/20_c3_003_000004.jpg,20,boat,3
boat/20_c3_004_000003.jpg,20,boat,3
boat/20_c3_004_000004.jpg,20,boat,3
boat/20_c3_005_000003.jpg,20,boat,3
boat/20_c3_005_000004.jpg,20,boat,3
boat/20_c3_00_6.jpg,20,boat,3
boat/20_c3_00_8.jpg,20,boat,3
boat/20_c4_000_000005.jpg,20,boat,4
boat/20_c4_000_000006.jpg,20,boat,4
boat/20_c4_001_000005.jpg,20,boat,4
boat/20_c4_001_000006.jpg,20,boat,4
boat/20_c4_002_000005.jpg,20,boat,4
boat/20_c4_002_000006.jpg,20,boat,4
boat/20_c4_003_000005.jpg,20,boat,4
boat/20_c4_003_000006.jpg,20,boat,4
boat/20_c4_004_000005.jpg,20,boat,4
boat/20_c4_004_000006.jpg,20,boat,4
boat/20_c4_005_000005.jpg,20,boat,4
boat/20_c4_005_000006.jpg,20,boat,4
boat/20_c4_00_1.jpg,20,boat,4
boat/20_c4_00_4.jpg,20,boat,4
boat/20_c5_000_000007.jpg,20,boat,5
boat/20_c5_001_000007.jpg,20,boat,5
boat/20_c5_002_000007.jpg,20,boat,5
boat/20_c5_003_000007.jpg,20,boat,5
boat/20_c5_004_000007.jpg,20,boat,5
boat/20_c5_005_000007.jpg,20,boat,5
boat/20_c5_00_2.jpg,20,boat,5
boat/20_c6_000_000008.jpg,20,boat,6
boat/20_c6_000_000009.jpg,20,boat,6
boat/20_c6_001_000008.jpg,20,boat,6
boat/20_c6_001_000009.jpg,20,boat,6
boat/20_c6_002_000008.jpg,20,boat,6
boat/20_c6_002_000009.jpg,20,boat,6
boat/20_c6_003_000008.jpg,20,boat,6
boat/20_c6_003_000009.jpg,20,boat,6
boat/20_c6_004_000008.jpg,20,boat,6
boat/20_c6_004_000009.jpg,20,boat,6
boat/20_c6_005_000008.jpg,20,boat,6
boat/20_c6_005_000009.jpg,20,boat,6
boat/20_c6_00_3.jpg,20,boat,6
boat/20_c6_00_7.jpg,20,boat,6
boat/21_c1_000_000000.jpg,21,boat,1
boat/21_c1_001_000000.jpg,21,boat,1
boat/21_c1_002_000000.jpg,21,boat,1
boat/21_c1_003_000000.jpg,21,boat,1
boat/21_c1_004_000000.jpg,21,boat,1
boat/21_c1_005_000000.jpg,21,boat,1
boat/21_c1_00_10.jpg,21,boat,1
boat/21_c2_000_000001.jpg,21,boat,2
boat/21_c2_000_000002.jpg,21,boat,2
boat/21_c2_000_000003.jpg,21,boat,2
boat/21_c2_001_000001.jpg,21,boat,2
boat/21_c2_001_000002.jpg,21,boat,2
boat/21_c2_001_000003.jpg,21,boat,2
boat/21_c2_002_000001.jpg,21,boat,2
boat/21_c2_002_000002.jpg,21,boat,2
boat/21_c2_002_000003.jpg,21,boat,2
boat/21_c2_003_000001.jpg,21,boat,2
boat/21_c2_003_000002.jpg,21,boat,2
boat/21_c2_003_000003.jpg,21,boat,2
boat/21_c2_004_000001.jpg,21,boat,2
boat/21_c2_004_000002.jpg,21,boat,2
boat/21_c2_004_000003.jpg,21,boat,2
boat/21_c2_005_000001.jpg,21,boat,2
boat/21_c2_005_000002.jpg,21,boat,2
boat/21_c2_005_000003.jpg,21,boat,2
boat/21_c2_00_0.jpg,21,boat,2
boat/21_c2_00_8.jpg,21,boat,2
boat/21_c2_00_9.jpg,21,boat,2
boat/21_c3_000_000004.jpg,21,boat,3
boat/21_c3_000_000005.jpg,21,boat,3
boat/21_c3_001_000004.jpg,21,boat,3
boat/21_c3_001_000005.jpg,21,boat,3
boat/21_c3_002_000004.jpg,21,boat,3
boat/21_c3_002_000005.jpg,21,boat,3
boat/21_c3_003_000004.jpg,21,boat,3
boat/21_c3_003_000005.jpg,21,boat,3
boat/21_c3_004_000004.jpg,21,boat,3
boat/21_c3_004_000005.jpg,21,boat,3
boat/21_c3_005_000004.jpg,21,boat,3
boat/21_c3_005_000005.jpg,21,boat,3
boat/21_c3_00_1.jpg,21,boat,3
boat/21_c3_00_7.jpg,21,boat,3
boat/21_c4_000_000006.jpg,21,boat,4
boat/21_c4_001_000006.jpg,21,boat,4
boat/21_c4_002_000006.jpg,21,boat,4
boat/21_c4_003_000006.jpg,21,boat,4
boat/21_c4_004_000006.jpg,21,boat,4
boat/21_c4_005_000006.jpg,21,boat,4
boat/21_c4_00_2.jpg,21,boat,4
boat/21_c5_000_000007.jpg,21,boat,5
boat/21_c5_000_000008.jpg,21,boat,5
boat/21_c5_001_000007.jpg,21,boat,5
boat/21_c5_001_000008.jpg,21,boat,5
boat/21_c5_002_000007.jpg,21,boat,5
boat/21_c5_002_000008.jpg,21,boat,5
boat/21_c5_003_000007.jpg,21,boat,5
boat/21_c5_003_000008.jpg,21,boat,5
boat/21_c5_004_000007.jpg,21,boat,5
boat/21_c5_004_000008.jpg,21,boat,5
boat/21_c5_005_000007.jpg,21,boat,5
boat/21_c5_005_000008.jpg,21,boat,5
boat/21_c5_00_3.jpg,21,boat,5
boat/21_c5_00_6.jpg,21,boat,5
boat/21_c6_000_000009.jpg,21,boat,6
boat/21_c6_000_000010.jpg,21,boat,6
boat/21_c6_001_000009.jpg,21,boat,6
boat/21_c6_001_000010.jpg,21,boat,6
boat/21_c6_002_000009.jpg,21,boat,6
boat/21_c6_002_000010.jpg,21,boat,6
boat/21_c6_003_000009.jpg,21,boat,6
boat/21_c6_003_000010.jpg,21,boat,6
boat/21_c6_004_000009.jpg,21,boat,6
boat/21_c6_004_000010.jpg,21,boat,6
boat/21_c6_005_000009.jpg,21,boat,6
boat/21_c6_005_000010.jpg,21,boat,6
boat/21_c6_00_4.jpg,21,boat,6
boat/21_c6_00_5.jpg,21,boat,6
boat/23_c1_000_000000.jpg,23,boat,1
boat/23_c1_000_000001.jpg,23,boat,1
boat/23_c1_000_000002.jpg,23,boat,1
boat/23_c1_001_000000.jpg,23,boat,1
boat/23_c1_001_000001.jpg,23,boat,1
boat/23_c1_001_000002.jpg,23,boat,1
boat/23_c1_002_000000.jpg,23,boat,1
boat/23_c1_002_000001.jpg,23,boat,1
boat/23_c1_002_000002.jpg,23,boat,1
boat/23_c1_003_000000.jpg,23,boat,1
boat/23_c1_003_000001.jpg,23,boat,1
boat/23_c1_003_000002.jpg,23,boat,1
boat/23_c1_004_000000.jpg,23,boat,1
boat/23_c1_004_000001.jpg,23,boat,1
boat/23_c1_004_000002.jpg,23,boat,1
boat/23_c1_005_000000.jpg,23,boat,1
boat/23_c1_005_000001.jpg,23,boat,1
boat/23_c1_005_000002.jpg,23,boat,1
boat/23_c1_00_11.jpg,23,boat,1
boat/23_c1_00_12.jpg,23,boat,1
boat/23_c1_00_13.jpg,23,boat,1
boat/23_c2_000_000003.jpg,23,boat,2
boat/23_c2_000_000004.jpg,23,boat,2
boat/23_c2_001_000003.jpg,23,boat,2
boat/23_c2_001_000004.jpg,23,boat,2
boat/23_c2_002_000003.jpg,23,boat,2
boat/23_c2_002_000004.jpg,23,boat,2
boat/23_c2_003_000003.jpg,23,boat,2
boat/23_c2_003_000004.jpg,23,boat,2
boat/23_c2_004_000003.jpg,23,boat,2
boat/23_c2_004_000004.jpg,23,boat,2
boat/23_c2_005_000003.jpg,23,boat,2
boat/23_c2_005_000004.jpg,23,boat,2
boat/23_c2_00_0.jpg,23,boat,2
boat/23_c2_00_10.jpg,23,boat,2
boat/23_c3_000_000005.jpg,23,boat,3
boat/23_c3_000_000006.jpg,23,boat,3
boat/23_c3_000_000007.jpg,23,boat,3
boat/23_c3_001_000005.jpg,23,boat,3
boat/23_c3_001_000006.jpg,23,boat,3
boat/23_c3_001_000007.jpg,23,boat,3
boat/23_c3_002_000005.jpg,23,boat,3
boat/23_c3_002_000006.jpg,23,boat,3
boat/23_c3_002_000007.jpg,23,boat,3
boat/23_c3_003_000005.jpg,23,boat,3
boat/23_c3_003_000006.jpg,23,boat,3
boat/23_c3_003_000007.jpg,23,boat,3
boat/23_c3_004_000005.jpg,23,boat,3
boat/23_c3_004_000006.jpg,23,boat,3
boat/23_c3_004_000007.jpg,23,boat,3
boat/23_c3_005_000005.jpg,23,boat,3
boat/23_c3_005_000006.jpg,23,boat,3
boat/23_c3_005_000007.jpg,23,boat,3
boat/23_c3_00_1.jpg,23,boat,3
boat/23_c3_00_8.jpg,23,boat,3
boat/23_c3_00_9.jpg,23,boat,3
boat/23_c4_000_000008.jpg,23,boat,4
boat/23_c4_000_000009.jpg,23,boat,4
boat/23_c4_001_000008.jpg,23,boat,4
boat/23_c4_001_000009.jpg,23,boat,4
boat/23_c4_002_000008.jpg,23,boat,4
boat/23_c4_002_000009.jpg,23,boat,4
boat/23_c4_003_000008.jpg,23,boat,4
boat/23_c4_003_000009.jpg,23,boat,4
boat/23_c4_004_000008.jpg,23,boat,4
boat/23_c4_004_000009.jpg,23,boat,4
boat/23_c4_005_000008.jpg,23,boat,4
boat/23_c4_005_000009.jpg,23,boat,4
boat/23_c4_00_2.jpg,23,boat,4
boat/23_c4_00_7.jpg,23,boat,4
boat/23_c5_000_000010.jpg,23,boat,5
boat/23_c5_000_000011.jpg,23,boat,5
boat/23_c5_001_000010.jpg,23,boat,5
boat/23_c5_001_000011.jpg,23,boat,5
boat/23_c5_002_000010.jpg,23,boat,5
boat/23_c5_002_000011.jpg,23,boat,5
boat/23_c5_003_000010.jpg,23,boat,5
boat/23_c5_003_000011.jpg,23,boat,5
boat/23_c5_004_000010.jpg,23,boat,5
boat/23_c5_004_000011.jpg,23,boat,5
boat/23_c5_005_000010.jpg,23,boat,5
boat/23_c5_005_000011.jpg,23,boat,5
boat/23_c5_00_3.jpg,23,boat,5
boat/23_c5_00_6.jpg,23,boat,5
boat/23_c6_000_000012.jpg,23,boat,6
boat/23_c6_000_000013.jpg,23,boat,6
boat/23_c6_001_000012.jpg,23,boat,6
boat/23_c6_001_000013.jpg,23,boat,6
boat/23_c6_002_000012.jpg,23,boat,6
boat/23_c6_002_000013.jpg,23,boat,6
boat/23_c6_003_000012.jpg,23,boat,6
boat/23_c6_003_000013.jpg,23,boat,6
boat/23_c6_004_000012.jpg,23,boat,6
boat/23_c6_004_000013.jpg,23,boat,6
boat/23_c6_005_000012.jpg,23,boat,6
boat/23_c6_005_000013.jpg,23,boat,6
boat/23_c6_00_4.jpg,23,boat,6
boat/23_c6_00_5.jpg,23,boat,6
boat/24_c1_000_000000.jpg,24,boat,1
boat/24_c1_001_000000.jpg,24,boat,1
boat/24_c1_002_000000.jpg,24,boat,1
boat/24_c1_003_000000.jpg,24,boat,1
boat/24_c1_004_000000.jpg,24,boat,1
boat/24_c1_005_000000.jpg,24,boat,1
boat/24_c1_00_5.jpg,24,boat,1
boat/24_c2_000_000001.jpg,24,boat,2
boat/24_c2_001_000001.jpg,24,boat,2
boat/24_c2_002_000001.jpg,24,boat,2
boat/24_c2_003_000001.jpg,24,boat,2
boat/24_c2_004_000001.jpg,24,boat,2
boat/24_c2_005_000001.jpg,24,boat,2
boat/24_c2_00_0.jpg,24,boat,2
boat/24_c5_000_000002.jpg,24,boat,5
boat/24_c5_001_000002.jpg,24,boat,5
boat/24_c5_002_000002.jpg,24,boat,5
boat/24_c5_003_000002.jpg,24,boat,5
boat/24_c5_004_000002.jpg,24,boat,5
boat/24_c5_005_000002.jpg,24,boat,5
boat/24_c5_00_1.jpg,24,boat,5
boat/24_c6_000_000003.jpg,24,boat,6
boat/24_c6_000_000004.jpg,24,boat,6
boat/24_c6_000_000005.jpg,24,boat,6
boat/24_c6_001_000003.jpg,24,boat,6
boat/24_c6_001_000004.jpg,24,boat,6
boat/24_c6_001_000005.jpg,24,boat,6
boat/24_c6_002_000003.jpg,24,boat,6
boat/24_c6_002_000004.jpg,24,boat,6
boat/24_c6_002_000005.jpg,24,boat,6
boat/24_c6_003_000003.jpg,24,boat,6
boat/24_c6_003_000004.jpg,24,boat,6
boat/24_c6_003_000005.jpg,24,boat,6
boat/24_c6_004_000003.jpg,24,boat,6
boat/24_c6_004_000004.jpg,24,boat,6
boat/24_c6_004_000005.jpg,24,boat,6
boat/24_c6_005_000003.jpg,24,boat,6
boat/24_c6_005_000004.jpg,24,boat,6
boat/24_c6_005_000005.jpg,24,boat,6
boat/24_c6_00_2.jpg,24,boat,6
boat/24_c6_00_3.jpg,24,boat,6
boat/24_c6_00_4.jpg,24,boat,6
boat/25_c1_000_000000.jpg,25,boat,1
boat/25_c1_000_000001.jpg,25,boat,1
boat/25_c1_001_000000.jpg,25,boat,1
boat/25_c1_001_000001.jpg,25,boat,1
boat/25_c1_002_000000.jpg,25,boat,1
boat/25_c1_002_000001.jpg,25,boat,1
boat/25_c1_003_000000.jpg,25,boat,1
boat/25_c1_003_000001.jpg,25,boat,1
boat/25_c1_004_000000.jpg,25,boat,1
boat/25_c1_004_000001.jpg,25,boat,1
boat/25_c1_005_000000.jpg,25,boat,1
boat/25_c1_005_000001.jpg,25,boat,1
boat/25_c1_00_11.jpg,25,boat,1
boat/25_c1_00_9.jpg,25,boat,1
boat/25_c2_000_000002.jpg,25,boat,2
boat/25_c2_001_000002.jpg,25,boat,2
boat/25_c2_002_000002.jpg,25,boat,2
boat/25_c2_003_000002.jpg,25,boat,2
boat/25_c2_004_000002.jpg,25,boat,2
boat/25_c2_005_000002.jpg,25,boat,2
boat/25_c2_00_0.jpg,25,boat,2
boat/25_c3_000_000003.jpg,25,boat,3
boat/25_c3_000_000004.jpg,25,boat,3
boat/25_c3_001_000003.jpg,25,boat,3
boat/25_c3_001_000004.jpg,25,boat,3
boat/25_c3_002_000003.jpg,25,boat,3
boat/25_c3_002_000004.jpg,25,boat,3
boat/25_c3_003_000003.jpg,25,boat,3
boat/25_c3_003_000004.jpg,25,boat,3
boat/25_c3_004_000003.jpg,25,boat,3
boat/25_c3_004_000004.jpg,25,boat,3
boat/25_c3_005_000003.jpg,25,boat,3
boat/25_c3_005_000004.jpg,25,boat,3
boat/25_c3_00_1.jpg,25,boat,3
boat/25_c3_00_6.jpg,25,boat,3
boat/25_c4_000_000005.jpg,25,boat,4
boat/25_c4_000_000006.jpg,25,boat,4
boat/25_c4_000_000007.jpg,25,boat,4
boat/25_c4_001_000005.jpg,25,boat,4
boat/25_c4_001_000006.jpg,25,boat,4
boat/25_c4_001_000007.jpg,25,boat,4
boat/25_c4_002_000005.jpg,25,boat,4
boat/25_c4_002_000006.jpg,25,boat,4
boat/25_c4_002_000007.jpg,25,boat,4
boat/25_c4_003_000005.jpg,25,boat,4
boat/25_c4_003_000006.jpg,25,boat,4
boat/25_c4_003_000007.jpg,25,boat,4
boat/25_c4_004_000005.jpg,25,boat,4
boat/25_c4_004_000006.jpg,25,boat,4
boat/25_c4_004_000007.jpg,25,boat,4
boat/25_c4_005_000005.jpg,25,boat,4
boat/25_c4_005_000006.jpg,25,boat,4
boat/25_c4_005_000007.jpg,25,boat,4
boat/25_c4_00_10.jpg,25,boat,4
boat/25_c4_00_2.jpg,25,boat,4
boat/25_c4_00_7.jpg,25,boat,4
boat/25_c5_000_000008.jpg,25,boat,5
boat/25_c5_000_000009.jpg,25,boat,5
boat/25_c5_001_000008.jpg,25,boat,5
boat/25_c5_001_000009.jpg,25,boat,5
boat/25_c5_002_000008.jpg,25,boat,5
boat/25_c5_002_000009.jpg,25,boat,5
boat/25_c5_003_000008.jpg,25,boat,5
boat/25_c5_003_000009.jpg,25,boat,5
boat/25_c5_004_000008.jpg,25,boat,5
boat/25_c5_004_000009.jpg,25,boat,5
boat/25_c5_005_000008.jpg,25,boat,5
boat/25_c5_005_000009.jpg,25,boat,5
boat/25_c5_00_3.jpg,25,boat,5
boat/25_c5_00_5.jpg,25,boat,5
boat/25_c6_000_000010.jpg,25,boat,6
boat/25_c6_000_000011.jpg,25,boat,6
boat/25_c6_001_000010.jpg,25,boat,6
boat/25_c6_001_000011.jpg,25,boat,6
boat/25_c6_002_000010.jpg,25,boat,6
boat/25_c6_002_000011.jpg,25,boat,6
boat/25_c6_003_000010.jpg,25,boat,6
boat/25_c6_003_000011.jpg,25,boat,6
boat/25_c6_004_000010.jpg,25,boat,6
boat/25_c6_004_000011.jpg,25,boat,6
boat/25_c6_005_000010.jpg,25,boat,6
boat/25_c6_005_000011.jpg,25,boat,6
boat/25_c6_00_4.jpg,25,boat,6
boat/25_c6_00_8.jpg,25,boat,6
boat/29_c1_000_000000.jpg,29,boat,1
boat/29_c1_000_000001.jpg,29,boat,1
boat/29_c1_000_000002.jpg,29,boat,1
boat/29_c1_001_000000.jpg,29,boat,1
boat/29_c1_001_000001.jpg,29,boat,1
boat/29_c1_001_000002.jpg,29,boat,1
boat/29_c1_002_000000.jpg,29,boat,1
boat/29_c1_002_000001.jpg,29,boat,1
boat/29_c1_002_000002.jpg,29,boat,1
boat/29_c1_003_000000.jpg,29,boat,1
boat/29_c1_003_000001.jpg,29,boat,1
boat/29_c1_003_000002.jpg,29,boat,1
boat/29_c1_004_000000.jpg,29,boat,1
boat/29_c1_004_000001.jpg,29,boat,1
boat/29_c1_004_000002.jpg,29,boat,1
boat/29_c1_005_000000.jpg,29,boat,1
boat/29_c1_005_000001.jpg,29,boat,1
boat/29_c1_005_000002.jpg,29,boat,1
boat/29_c1_00_5.jpg,29,boat,1
boat/29_c1_00_6.jpg,29,boat,1
boat/29_c1_00_9.jpg,29,boat,1
boat/29_c2_000_000003.jpg,29,boat,2
boat/29_c2_000_000004.jpg,29,boat,2
boat/29_c2_001_000003.jpg,29,boat,2
boat/29_c2_001_000004.jpg,29,boat,2
boat/29_c2_002_000003.jpg,29,boat,2
boat/29_c2_002_000004.jpg,29,boat,2
boat/29_c2_003_000003.jpg,29,boat,2
boat/29_c2_003_000004.jpg,29,boat,2
boat/29_c2_004_000003.jpg,29,boat,2
boat/29_c2_004_000004.jpg,29,boat,2
boat/29_c2_005_000003.jpg,29,boat,2
boat/29_c2_005_000004.jpg,29,boat,2
boat/29_c2_00_0.jpg,29,boat,2
boat/29_c2_00_8.jpg,29,boat,2
boat/29_c3_000_000005.jpg,29,boat,3
boat/29_c3_000_000006.jpg,29,boat,3
boat/29_c3_001_000005.jpg,29,boat,3
boat/29_c3_001_000006.jpg,29,boat,3
boat/29_c3_002_000005.jpg,29,boat,3
boat/29_c3_002_000006.jpg,29,boat,3
boat/29_c3_003_000005.jpg,29,boat,3
boat/29_c3_003_000006.jpg,29,boat,3
boat/29_c3_004_000005.jpg,29,boat,3
boat/29_c3_004_000006.jpg,29,boat,3
boat/29_c3_005_000005.jpg,29,boat,3
boat/29_c3_005_000006.jpg,29,boat,3
boat/29_c3_00_1.jpg,29,boat,3
boat/29_c3_00_7.jpg,29,boat,3
boat/29_c4_000_000007.jpg,29,boat,4
boat/29_c4_001_000007.jpg,29,boat,4
boat/29_c4_002_000007.jpg,29,boat,4
boat/29_c4_003_000007.jpg,29,boat,4
boat/29_c4_004_000007.jpg,29,boat,4
boat/29_c4_005_000007.jpg,29,boat,4
boat/29_c4_00_2.jpg,29,boat,4
boat/29_c5_000_000008.jpg,29,boat,5
boat/29_c5_001_000008.jpg,29,boat,5
boat/29_c5_002_000008.jpg,29,boat,5
boat/29_c5_003_000008.jpg,29,boat,5
boat/29_c5_004_000008.jpg,29,boat,5
boat/29_c5_005_000008.jpg,29,boat,5
boat/29_c5_00_3.jpg,29,boat,5
boat/29_c6_000_000009.jpg,29,boat,6
boat/29_c6_001_000009.jpg,29,boat,6
boat/29_c6_002_000009.jpg,29,boat,6
boat/29_c6_003_000009.jpg,29,boat,6
boat/29_c6_004_000009.jpg,29,boat,6
boat/29_c6_005_000009.jpg,29,boat,6
boat/29_c6_00_4.jpg,29,boat,6
boat/30_c1_000_000000.jpg,30,boat,1
boat/30_c1_000_000001.jpg,30,boat,1
boat/30_c1_001_000000.jpg,30,boat,1
boat/30_c1_001_000001.jpg,30,boat,1
boat/30_c1_002_000000.jpg,30,boat,1
boat/30_c1_002_000001.jpg,30,boat,1
boat/30_c1_003_000000.jpg,30,boat,1
boat/30_c1_003_000001.jpg,30,boat,1
boat/30_c1_004_000000.jpg,30,boat,1
boat/30_c1_004_000001.jpg,30,boat,1
boat/30_c1_005_000000.jpg,30,boat,1
boat/30_c1_005_000001.jpg,30,boat,1
boat/30_c1_00_8.jpg,30,boat,1
boat/30_c1_00_9.jpg,30,boat,1
boat/30_c2_000_000002.jpg,30,boat,2
boat/30_c2_000_000003.jpg,30,boat,2
boat/30_c2_001_000002.jpg,30,boat,2
boat/30_c2_001_000003.jpg,30,boat,2
boat/30_c2_002_000002.jpg,30,boat,2
boat/30_c2_002_000003.jpg,30,boat,2
boat/30_c2_003_000002.jpg,30,boat,2
boat/30_c2_003_000003.jpg,30,boat,2
boat/30_c2_004_000002.jpg,30,boat,2
boat/30_c2_004_000003.jpg,30,boat,2
boat/30_c2_005_000002.jpg,30,boat,2
boat/30_c2_005_000003.jpg,30,boat,2
boat/30_c2_00_0.jpg,30,boat,2
boat/30_c2_00_5.jpg,30,boat,2
boat/30_c3_000_000004.jpg,30,boat,3
boat/30_c3_000_000005.jpg,30,boat,3
boat/30_c3_001_000004.jpg,30,boat,3
boat/30_c3_001_000005.jpg,30,boat,3
boat/30_c3_002_000004.jpg,30,boat,3
boat/30_c3_002_000005.jpg,30,boat,3
boat/30_c3_003_000004.jpg,30,boat,3
boat/30_c3_003_000005.jpg,30,boat,3
boat/30_c3_004_000004.jpg,30,boat,3
boat/30_c3_004_000005.jpg,30,boat,3
boat/30_c3_005_000004.jpg,30,boat,3
boat/30_c3_005_000005.jpg,30,boat,3
boat/30_c3_00_1.jpg,30,boat,3
boat/30_c3_00_6.jpg,30,boat,3
boat/30_c4_000_000006.jpg,30,boat,4
boat/30_c4_000_000007.jpg,30,boat,4
boat/30_c4_001_000006.jpg,30,boat,4
boat/30_c4_001_000007.jpg,30,boat,4
boat/30_c4_002_000006.jpg,30,boat,4
boat/30_c4_002_000007.jpg,30,boat,4
boat/30_c4_003_000006.jpg,30,boat,4
boat/30_c4_003_000007.jpg,30,boat,4
boat/30_c4_004_000006.jpg,30,boat,4
boat/30_c4_004_000007.jpg,30,boat,4
boat/30_c4_005_000006.jpg,30,boat,4
boat/30_c4_005_000007.jpg,30,boat,4
boat/30_c4_00_2.jpg,30,boat,4
boat/30_c4_00_7.jpg,30,boat,4
boat/30_c5_000_000008.jpg,30,boat,5
boat/30_c5_001_000008.jpg,30,boat,5
boat/30_c5_002_000008.jpg,30,boat,5
boat/30_c5_003_000008.jpg,30,boat,5
boat/30_c5_004_000008.jpg,30,boat,5
boat/30_c5_005_000008.jpg,30,boat,5
boat/30_c5_00_3.jpg,30,boat,5
boat/30_c6_000_000009.jpg,30,boat,6
boat/30_c6_001_000009.jpg,30,boat,6
boat/30_c6_002_000009.jpg,30,boat,6
boat/30_c6_003_000009.jpg,30,boat,6
boat/30_c6_004_000009.jpg,30,boat,6
boat/30_c6_005_000009.jpg,30,boat,6
boat/30_c6_00_4.jpg,30,boat,6
boat/32_c2_000_000000.jpg,32,boat,2
boat/32_c2_001_000000.jpg,32,boat,2
boat/32_c2_002_000000.jpg,32,boat,2
boat/32_c2_003_000000.jpg,32,boat,2
boat/32_c2_004_000000.jpg,32,boat,2
boat/32_c2_005_000000.jpg,32,boat,2
boat/32_c2_00_0.jpg,32,boat,2
boat/32_c3_000_000001.jpg,32,boat,3
boat/32_c3_001_000001.jpg,32,boat,3
boat/32_c3_002_000001.jpg,32,boat,3
boat/32_c3_003_000001.jpg,32,boat,3
boat/32_c3_004_000001.jpg,32,boat,3
boat/32_c3_005_000001.jpg,32,boat,3
boat/32_c3_00_1.jpg,32,boat,3
boat/32_c5_000_000002.jpg,32,boat,5
boat/32_c5_000_000003.jpg,32,boat,5
boat/32_c5_001_000002.jpg,32,boat,5
boat/32_c5_001_000003.jpg,32,boat,5
boat/32_c5_002_000002.jpg,32,boat,5
boat/32_c5_002_000003.jpg,32,boat,5
boat/32_c5_003_000002.jpg,32,boat,5
boat/32_c5_003_000003.jpg,32,boat,5
boat/32_c5_004_000002.jpg,32,boat,5
boat/32_c5_004_000003.jpg,32,boat,5
boat/32_c5_005_000002.jpg,32,boat,5
boat/32_c5_005_000003.jpg,32,boat,5
boat/32_c5_00_2.jpg,32,boat,5
boat/32_c5_00_3.jpg,32,boat,5
boat/33_c2_000_000000.jpg,33,boat,2
boat/33_c2_000_000001.jpg,33,boat,2
boat/33_c2_001_000000.jpg,33,boat,2
boat/33_c2_001_000001.jpg,33,boat,2
boat/33_c2_002_000000.jpg,33,boat,2
boat/33_c2_002_000001.jpg,33,boat,2
boat/33_c2_003_000000.jpg,33,boat,2
boat/33_c2_003_000001.jpg,33,boat,2
boat/33_c2_004_000000.jpg,33,boat,2
boat/33_c2_004_000001.jpg,33,boat,2
boat/33_c2_005_000000.jpg,33,boat,2
boat/33_c2_005_000001.jpg,33,boat,2
boat/33_c2_00_0.jpg,33,boat,2
boat/33_c2_00_5.jpg,33,boat,2
boat/33_c3_000_000002.jpg,33,boat,3
boat/33_c3_000_000003.jpg,33,boat,3
boat/33_c3_001_000002.jpg,33,boat,3
boat/33_c3_001_000003.jpg,33,boat,3
boat/33_c3_002_000002.jpg,33,boat,3
boat/33_c3_002_000003.jpg,33,boat,3
boat/33_c3_003_000002.jpg,33,boat,3
boat/33_c3_003_000003.jpg,33,boat,3
boat/33_c3_004_000002.jpg,33,boat,3
boat/33_c3_004_000003.jpg,33,boat,3
boat/33_c3_005_000002.jpg,33,boat,3
boat/33_c3_005_000003.jpg,33,boat,3
boat/33_c3_00_1.jpg,33,boat,3
boat/33_c3_00_6.jpg,33,boat,3
boat/33_c4_000_000004.jpg,33,boat,4
boat/33_c4_000_000005.jpg,33,boat,4
boat/33_c4_001_000004.jpg,33,boat,4
boat/33_c4_001_000005.jpg,33,boat,4
boat/33_c4_002_000004.jpg,33,boat,4
boat/33_c4_002_000005.jpg,33,boat,4
boat/33_c4_003_000004.jpg,33,boat,4
boat/33_c4_003_000005.jpg,33,boat,4
boat/33_c4_004_000004.jpg,33,boat,4
boat/33_c4_004_000005.jpg,33,boat,4
boat/33_c4_005_000004.jpg,33,boat,4
boat/33_c4_005_000005.jpg,33,boat,4
boat/33_c4_00_2.jpg,33,boat,4
boat/33_c4_00_7.jpg,33,boat,4
boat/33_c5_000_000006.jpg,33,boat,5
boat/33_c5_001_000006.jpg,33,boat,5
boat/33_c5_002_000006.jpg,33,boat,5
boat/33_c5_003_000006.jpg,33,boat,5
boat/33_c5_004_000006.jpg,33,boat,5
boat/33_c5_005_000006.jpg,33,boat,5
boat/33_c5_00_3.jpg,33,boat,5
boat/33_c6_000_000007.jpg,33,boat,6
boat/33_c6_001_000007.jpg,33,boat,6
boat/33_c6_002_000007.jpg,33,boat,6
boat/33_c6_003_000007.jpg,33,boat,6
boat/33_c6_004_000007.jpg,33,boat,6
boat/33_c6_005_000007.jpg,33,boat,6
boat/33_c6_00_4.jpg,33,boat,6
boat/36_c1_000_000000.jpg,36,boat,1
boat/36_c1_001_000000.jpg,36,boat,1
boat/36_c1_002_000000.jpg,36,boat,1
boat/36_c1_003_000000.jpg,36,boat,1
boat/36_c1_004_000000.jpg,36,boat,1
boat/36_c1_005_000000.jpg,36,boat,1
boat/36_c1_00_8.jpg,36,boat,1
boat/36_c2_000_000001.jpg,36,boat,2
boat/36_c2_000_000002.jpg,36,boat,2
boat/36_c2_000_000003.jpg,36,boat,2
boat/36_c2_000_000004.jpg,36,boat,2
boat/36_c2_001_000001.jpg,36,boat,2
boat/36_c2_001_000002.jpg,36,boat,2
boat/36_c2_001_000003.jpg,36,boat,2
boat/36_c2_001_000004.jpg,36,boat,2
boat/36_c2_002_000001.jpg,36,boat,2
boat/36_c2_002_000002.jpg,36,boat,2
boat/36_c2_002_000003.jpg,36,boat,2
boat/36_c2_002_000004.jpg,36,boat,2
boat/36_c2_003_000001.jpg,36,boat,2
boat/36_c2_003_000002.jpg,36,boat,2
boat/36_c2_003_000003.jpg,36,boat,2
boat/36_c2_003_000004.jpg,36,boat,2
boat/36_c2_004_000001.jpg,36,boat,2
boat/36_c2_004_000002.jpg,36,boat,2
boat/36_c2_004_000003.jpg,36,boat,2
boat/36_c2_004_000004.jpg,36,boat,2
boat/36_c2_005_000001.jpg,36,boat,2
boat/36_c2_005_000002.jpg,36,boat,2
boat/36_c2_005_000003.jpg,36,boat,2
boat/36_c2_005_000004.jpg,36,boat,2
boat/36_c2_00_4.jpg,36,boat,2
boat/36_c2_00_5.jpg,36,boat,2
boat/36_c2_00_6.jpg,36,boat,2
boat/36_c2_00_7.jpg,36,boat,2
boat/36_c3_000_000005.jpg,36,boat,3
boat/36_c3_001_000005.jpg,36,boat,3
boat/36_c3_002_000005.jpg,36,boat,3
boat/36_c3_003_000005.jpg,36,boat,3
boat/36_c3_004_000005.jpg,36,boat,3
boat/36_c3_005_000005.jpg,36,boat,3
boat/36_c3_00_3.jpg,36,boat,3
boat/36_c4_000_000006.jpg,36,boat,4
boat/36_c4_001_000006.jpg,36,boat,4
boat/36_c4_002_000006.jpg,36,boat,4
boat/36_c4_003_000006.jpg,36,boat,4
boat/36_c4_004_000006.jpg,36,boat,4
boat/36_c4_005_000006.jpg,36,boat,4
boat/36_c4_00_2.jpg,36,boat,4
boat/36_c5_000_000007.jpg,36,boat,5
boat/36_c5_001_000007.jpg,36,boat,5
boat/36_c5_002_000007.jpg,36,boat,5
boat/36_c5_003_000007.jpg,36,boat,5
boat/36_c5_004_000007.jpg,36,boat,5
boat/36_c5_005_000007.jpg,36,boat,5
boat/36_c5_00_1.jpg,36,boat,5
boat/36_c6_000_000008.jpg,36,boat,6
boat/36_c6_001_000008.jpg,36,boat,6
boat/36_c6_002_000008.jpg,36,boat,6
boat/36_c6_003_000008.jpg,36,boat,6
boat/36_c6_004_000008.jpg,36,boat,6
boat/36_c6_005_000008.jpg,36,boat,6
boat/36_c6_00_0.jpg,36,boat,6
boat/37_c1_000_000000.jpg,37,boat,1
boat/37_c1_000_000001.jpg,37,boat,1
boat/37_c1_001_000000.jpg,37,boat,1
boat/37_c1_001_000001.jpg,37,boat,1
boat/37_c1_002_000000.jpg,37,boat,1
boat/37_c1_002_000001.jpg,37,boat,1
boat/37_c1_003_000000.jpg,37,boat,1
boat/37_c1_003_000001.jpg,37,boat,1
boat/37_c1_004_000000.jpg,37,boat,1
boat/37_c1_004_000001.jpg,37,boat,1
boat/37_c1_005_000000.jpg,37,boat,1
boat/37_c1_005_000001.jpg,37,boat,1
boat/37_c1_00_3.jpg,37,boat,1
boat/37_c1_00_4.jpg,37,boat,1
boat/37_c4_000_000002.jpg,37,boat,4
boat/37_c4_001_000002.jpg,37,boat,4
boat/37_c4_002_000002.jpg,37,boat,4
boat/37_c4_003_000002.jpg,37,boat,4
boat/37_c4_004_000002.jpg,37,boat,4
boat/37_c4_005_000002.jpg,37,boat,4
boat/37_c4_00_1.jpg,37,boat,4
boat/37_c5_000_000003.jpg,37,boat,5
boat/37_c5_001_000003.jpg,37,boat,5
boat/37_c5_002_000003.jpg,37,boat,5
boat/37_c5_003_000003.jpg,37,boat,5
boat/37_c5_004_000003.jpg,37,boat,5
boat/37_c5_005_000003.jpg,37,boat,5
boat/37_c5_00_2.jpg,37,boat,5
boat/38_c1_000_000000.jpg,38,boat,1
boat/38_c1_000_000001.jpg,38,boat,1
boat/38_c1_001_000000.jpg,38,boat,1
boat/38_c1_001_000001.jpg,38,boat,1
boat/38_c1_002_000000.jpg,38,boat,1
boat/38_c1_002_000001.jpg,38,boat,1
boat/38_c1_003_000000.jpg,38,boat,1
boat/38_c1_003_000001.jpg,38,boat,1
boat/38_c1_004_000000.jpg,38,boat,1
boat/38_c1_004_000001.jpg,38,boat,1
boat/38_c1_005_000000.jpg,38,boat,1
boat/38_c1_005_000001.jpg,38,boat,1
boat/38_c1_00_8.jpg,38,boat,1
boat/38_c1_00_9.jpg,38,boat,1
boat/38_c2_000_000002.jpg,38,boat,2
boat/38_c2_001_000002.jpg,38,boat,2
boat/38_c2_002_000002.jpg,38,boat,2
boat/38_c2_003_000002.jpg,38,boat,2
boat/38_c2_004_000002.jpg,38,boat,2
boat/38_c2_005_000002.jpg,38,boat,2
boat/38_c2_00_0.jpg,38,boat,2
boat/38_c3_000_000003.jpg,38,boat,3
boat/38_c3_001_000003.jpg,38,boat,3
boat/38_c3_002_000003.jpg,38,boat,3
boat/38_c3_003_000003.jpg,38,boat,3
boat/38_c3_004_000003.jpg,38,boat,3
boat/38_c3_005_000003.jpg,38,boat,3
boat/38_c3_00_1.jpg,38,boat,3
boat/38_c4_000_000004.jpg,38,boat,4
boat/38_c4_000_000005.jpg,38,boat,4
boat/38_c4_001_000004.jpg,38,boat,4
boat/38_c4_001_000005.jpg,38,boat,4
boat/38_c4_002_000004.jpg,38,boat,4
boat/38_c4_002_000005.jpg,38,boat,4
boat/38_c4_003_000004.jpg,38,boat,4
boat/38_c4_003_000005.jpg,38,boat,4
boat/38_c4_004_000004.jpg,38,boat,4
boat/38_c4_004_000005.jpg,38,boat,4
boat/38_c4_005_000004.jpg,38,boat,4
boat/38_c4_005_000005.jpg,38,boat,4
boat/38_c4_00_2.jpg,38,boat,4
boat/38_c4_00_7.jpg,38,boat,4
boat/38_c5_000_000006.jpg,38,boat,5
boat/38_c5_000_000007.jpg,38,boat,5
boat/38_c5_001_000006.jpg,38,boat,5
boat/38_c5_001_000007.jpg,38,boat,5
boat/38_c5_002_000006.jpg,38,boat,5
boat/38_c5_002_000007.jpg,38,boat,5
boat/38_c5_003_000006.jpg,38,boat,5
boat/38_c5_003_000007.jpg,38,boat,5
boat/38_c5_004_000006.jpg,38,boat,5
boat/38_c5_004_000007.jpg,38,boat,5
boat/38_c5_005_000006.jpg,38,boat,5
boat/38_c5_005_000007.jpg,38,boat,5
boat/38_c5_00_3.jpg,38,boat,5
boat/38_c5_00_6.jpg,38,boat,5
boat/38_c6_000_000008.jpg,38,boat,6
boat/38_c6_000_000009.jpg,38,boat,6
boat/38_c6_001_000008.jpg,38,boat,6
boat/38_c6_001_000009.jpg,38,boat,6
boat/38_c6_002_000008.jpg,38,boat,6
boat/38_c6_002_000009.jpg,38,boat,6
boat/38_c6_003_000008.jpg,38,boat,6
boat/38_c6_003_000009.jpg,38,boat,6
boat/38_c6_004_000008.jpg,38,boat,6
boat/38_c6_004_000009.jpg,38,boat,6
boat/38_c6_005_000008.jpg,38,boat,6
boat/38_c6_005_000009.jpg,38,boat,6
boat/38_c6_00_4.jpg,38,boat,6
boat/38_c6_00_5.jpg,38,boat,6
boat/39_c1_000_000000.jpg,39,boat,1
boat/39_c1_000_000001.jpg,39,boat,1
boat/39_c1_001_000000.jpg,39,boat,1
boat/39_c1_001_000001.jpg,39,boat,1
boat/39_c1_002_000000.jpg,39,boat,1
boat/39_c1_002_000001.jpg,39,boat,1
boat/39_c1_003_000000.jpg,39,boat,1
boat/39_c1_003_000001.jpg,39,boat,1
boat/39_c1_004_000000.jpg,39,boat,1
boat/39_c1_004_000001.jpg,39,boat,1
boat/39_c1_005_000000.jpg,39,boat,1
boat/39_c1_005_000001.jpg,39,boat,1
boat/39_c1_00_8.jpg,39,boat,1
boat/39_c1_00_9.jpg,39,boat,1
boat/39_c2_000_000002.jpg,39,boat,2
boat/39_c2_001_000002.jpg,39,boat,2
boat/39_c2_002_000002.jpg,39,boat,2
boat/39_c2_003_000002.jpg,39,boat,2
boat/39_c2_004_000002.jpg,39,boat,2
boat/39_c2_005_000002.jpg,39,boat,2
boat/39_c2_00_0.jpg,39,boat,2
boat/39_c3_000_000003.jpg,39,boat,3
boat/39_c3_000_000004.jpg,39,boat,3
boat/39_c3_001_000003.jpg,39,boat,3
boat/39_c3_001_000004.jpg,39,boat,3
boat/39_c3_002_000003.jpg,39,boat,3
boat/39_c3_002_000004.jpg,39,boat,3
boat/39_c3_003_000003.jpg,39,boat,3
boat/39_c3_003_000004.jpg,39,boat,3
boat/39_c3_004_000003.jpg,39,boat,3
boat/39_c3_004_000004.jpg,39,boat,3
boat/39_c3_005_000003.jpg,39,boat,3
boat/39_c3_005_000004.jpg,39,boat,3
boat/39_c3_00_1.jpg,39,boat,3
boat/39_c3_00_7.jpg,39,boat,3
boat/39_c4_000_000005.jpg,39,boat,4
boat/39_c4_000_000006.jpg,39,boat,4
boat/39_c4_001_000005.jpg,39,boat,4
boat/39_c4_001_000006.jpg,39,boat,4
boat/39_c4_002_000005.jpg,39,boat,4
boat/39_c4_002_000006.jpg,39,boat,4
boat/39_c4_003_000005.jpg,39,boat,4
boat/39_c4_003_000006.jpg,39,boat,4
boat/39_c4_004_000005.jpg,39,boat,4
boat/39_c4_004_000006.jpg,39,boat,4
boat/39_c4_005_000005.jpg,39,boat,4
boat/39_c4_005_000006.jpg,39,boat,4
boat/39_c4_00_2.jpg,39,boat,4
boat/39_c4_00_6.jpg,39,boat,4
boat/39_c5_000_000007.jpg,39,boat,5
boat/39_c5_000_000008.jpg,39,boat,5
boat/39_c5_001_000007.jpg,39,boat,5
boat/39_c5_001_000008.jpg,39,boat,5
boat/39_c5_002_000007.jpg,39,boat,5
boat/39_c5_002_000008.jpg,39,boat,5
boat/39_c5_003_000007.jpg,39,boat,5
boat/39_c5_003_000008.jpg,39,boat,5
boat/39_c5_004_000007.jpg,39,boat,5
boat/39_c5_004_000008.jpg,39,boat,5
boat/39_c5_005_000007.jpg,39,boat,5
boat/39_c5_005_000008.jpg,39,boat,5
boat/39_c5_00_3.jpg,39,boat,5
boat/39_c5_00_5.jpg,39,boat,5
boat/39_c6_000_000009.jpg,39,boat,6
boat/39_c6_001_000009.jpg,39,boat,6
boat/39_c6_002_000009.jpg,39,boat,6
boat/39_c6_003_000009.jpg,39,boat,6
boat/39_c6_004_000009.jpg,39,boat,6
boat/39_c6_005_000009.jpg,39,boat,6
boat/39_c6_00_4.jpg,39,boat,6
boat/4_c1_000_000000.jpg,4,boat,1
boat/4_c1_000_000001.jpg,4,boat,1
boat/4_c1_001_000000.jpg,4,boat,1
boat/4_c1_001_000001.jpg,4,boat,1
boat/4_c1_002_000000.jpg,4,boat,1
boat/4_c1_002_000001.jpg,4,boat,1
boat/4_c1_003_000000.jpg,4,boat,1
boat/4_c1_003_000001.jpg,4,boat,1
boat/4_c1_004_000000.jpg,4,boat,1
boat/4_c1_004_000001.jpg,4,boat,1
boat/4_c1_005_000000.jpg,4,boat,1
boat/4_c1_005_000001.jpg,4,boat,1
boat/4_c1_00_3.jpg,4,boat,1
boat/4_c1_00_4.jpg,4,boat,1
boat/4_c3_000_000002.jpg,4,boat,3
boat/4_c3_001_000002.jpg,4,boat,3
boat/4_c3_002_000002.jpg,4,boat,3
boat/4_c3_003_000002.jpg,4,boat,3
boat/4_c3_004_000002.jpg,4,boat,3
boat/4_c3_005_000002.jpg,4,boat,3
boat/4_c3_00_1.jpg,4,boat,3
boat/4_c4_000_000003.jpg,4,boat,4
boat/4_c4_001_000003.jpg,4,boat,4
boat/4_c4_002_000003.jpg,4,boat,4
boat/4_c4_003_000003.jpg,4,boat,4
boat/4_c4_004_000003.jpg,4,boat,4
boat/4_c4_005_000003.jpg,4,boat,4
boat/4_c4_00_2.jpg,4,boat,4
boat/4_c5_000_000004.jpg,4,boat,5
boat/4_c5_001_000004.jpg,4,boat,5
boat/4_c5_002_000004.jpg,4,boat,5
boat/4_c5_003_000004.jpg,4,boat,5
boat/4_c5_004_000004.jpg,4,boat,5
boat/4_c5_005_000004.jpg,4,boat,5
boat/4_c5_00_0.jpg,4,boat,5
boat/40_c1_000_000000.jpg,40,boat,1
boat/40_c1_000_000001.jpg,40,boat,1
boat/40_c1_001_000000.jpg,40,boat,1
boat/40_c1_001_000001.jpg,40,boat,1
boat/40_c1_002_000000.jpg,40,boat,1
boat/40_c1_002_000001.jpg,40,boat,1
boat/40_c1_003_000000.jpg,40,boat,1
boat/40_c1_003_000001.jpg,40,boat,1
boat/40_c1_004_000000.jpg,40,boat,1
boat/40_c1_004_000001.jpg,40,boat,1
boat/40_c1_005_000000.jpg,40,boat,1
boat/40_c1_005_000001.jpg,40,boat,1
boat/40_c1_00_10.jpg,40,boat,1
boat/40_c1_00_9.jpg,40,boat,1
boat/40_c2_000_000002.jpg,40,boat,2
boat/40_c2_000_000003.jpg,40,boat,2
boat/40_c2_001_000002.jpg,40,boat,2
boat/40_c2_001_000003.jpg,40,boat,2
boat/40_c2_002_000002.jpg,40,boat,2
boat/40_c2_002_000003.jpg,40,boat,2
boat/40_c2_003_000002.jpg,40,boat,2
boat/40_c2_003_000003.jpg,40,boat,2
boat/40_c2_004_000002.jpg,40,boat,2
boat/40_c2_004_000003.jpg,40,boat,2
boat/40_c2_005_000002.jpg,40,boat,2
boat/40_c2_005_000003.jpg,40,boat,2
boat/40_c2_00_0.jpg,40,boat,2
boat/40_c2_00_4.jpg,40,boat,2
boat/40_c3_000_000004.jpg,40,boat,3
boat/40_c3_001_000004.jpg,40,boat,3
boat/40_c3_002_000004.jpg,40,boat,3
boat/40_c3_003_000004.jpg,40,boat,3
boat/40_c3_004_000004.jpg,40,boat,3
boat/40_c3_005_000004.jpg,40,boat,3
boat/40_c3_00_5.jpg,40,boat,3
boat/40_c4_000_000005.jpg,40,boat,4
boat/40_c4_000_000006.jpg,40,boat,4
boat/40_c4_001_000005.jpg,40,boat,4
boat/40_c4_001_000006.jpg,40,boat,4
boat/40_c4_002_000005.jpg,40,boat,4
boat/40_c4_002_000006.jpg,40,boat,4
boat/40_c4_003_000005.jpg,40,boat,4
boat/40_c4_003_000006.jpg,40,boat,4
boat/40_c4_004_000005.jpg,40,boat,4
boat/40_c4_004_000006.jpg,40,boat,4
boat/40_c4_005_000005.jpg,40,boat,4
boat/40_c4_005_000006.jpg,40,boat,4
boat/40_c4_00_1.jpg,40,boat,4
boat/40_c4_00_7.jpg,40,boat,4
boat/40_c5_000_000007.jpg,40,boat,5
boat/40_c5_000_000008.jpg,40,boat,5
boat/40_c5_001_000007.jpg,40,boat,5
boat/40_c5_001_000008.jpg,40,boat,5
boat/40_c5_002_000007.jpg,40,boat,5
boat/40_c5_002_000008.jpg,40,boat,5
boat/40_c5_003_000007.jpg,40,boat,5
boat/40_c5_003_000008.jpg,40,boat,5
boat/40_c5_004_000007.jpg,40,boat,5
boat/40_c5_004_000008.jpg,40,boat,5
boat/40_c5_005_000007.jpg,40,boat,5
boat/40_c5_005_000008.jpg,40,boat,5
boat/40_c5_00_2.jpg,40,boat,5
boat/40_c5_00_6.jpg,40,boat,5
boat/40_c6_000_000009.jpg,40,boat,6
boat/40_c6_000_000010.jpg,40,boat,6
boat/40_c6_001_000009.jpg,40,boat,6
boat/40_c6_001_000010.jpg,40,boat,6
boat/40_c6_002_000009.jpg,40,boat,6
boat/40_c6_002_000010.jpg,40,boat,6
boat/40_c6_003_000009.jpg,40,boat,6
boat/40_c6_003_000010.jpg,40,boat,6
boat/40_c6_004_000009.jpg,40,boat,6
boat/40_c6_004_000010.jpg,40,boat,6
boat/40_c6_005_000009.jpg,40,boat,6
boat/40_c6_005_000010.jpg,40,boat,6
boat/40_c6_00_3.jpg,40,boat,6
boat/40_c6_00_8.jpg,40,boat,6
boat/41_c1_000_000000.jpg,41,boat,1
boat/41_c1_001_000000.jpg,41,boat,1
boat/41_c1_002_000000.jpg,41,boat,1
boat/41_c1_003_000000.jpg,41,boat,1
boat/41_c1_004_000000.jpg,41,boat,1
boat/41_c1_005_000000.jpg,41,boat,1
boat/41_c1_00_0.jpg,41,boat,1
boat/42_c1_000_000000.jpg,42,boat,1
boat/42_c1_001_000000.jpg,42,boat,1
boat/42_c1_002_000000.jpg,42,boat,1
boat/42_c1_003_000000.jpg,42,boat,1
boat/42_c1_004_000000.jpg,42,boat,1
boat/42_c1_005_000000.jpg,42,boat,1
boat/42_c1_00_8.jpg,42,boat,1
boat/42_c2_000_000001.jpg,42,boat,2
boat/42_c2_001_000001.jpg,42,boat,2
boat/42_c2_002_000001.jpg,42,boat,2
boat/42_c2_003_000001.jpg,42,boat,2
boat/42_c2_004_000001.jpg,42,boat,2
boat/42_c2_005_000001.jpg,42,boat,2
boat/42_c2_00_0.jpg,42,boat,2
boat/42_c3_000_000002.jpg,42,boat,3
boat/42_c3_000_000003.jpg,42,boat,3
boat/42_c3_001_000002.jpg,42,boat,3
boat/42_c3_001_000003.jpg,42,boat,3
boat/42_c3_002_000002.jpg,42,boat,3
boat/42_c3_002_000003.jpg,42,boat,3
boat/42_c3_003_000002.jpg,42,boat,3
boat/42_c3_003_000003.jpg,42,boat,3
boat/42_c3_004_000002.jpg,42,boat,3
boat/42_c3_004_000003.jpg,42,boat,3
boat/42_c3_005_000002.jpg,42,boat,3
boat/42_c3_005_000003.jpg,42,boat,3
boat/42_c3_00_1.jpg,42,boat,3
boat/42_c3_00_7.jpg,42,boat,3
boat/42_c4_000_000004.jpg,42,boat,4
boat/42_c4_000_000005.jpg,42,boat,4
boat/42_c4_001_000004.jpg,42,boat,4
boat/42_c4_001_000005.jpg,42,boat,4
boat/42_c4_002_000004.jpg,42,boat,4
boat/42_c4_002_000005.jpg,42,boat,4
boat/42_c4_003_000004.jpg,42,boat,4
boat/42_c4_003_000005.jpg,42,boat,4
boat/42_c4_004_000004.jpg,42,boat,4
boat/42_c4_004_000005.jpg,42,boat,4
boat/42_c4_005_000004.jpg,42,boat,4
boat/42_c4_005_000005.jpg,42,boat,4
boat/42_c4_00_2.jpg,42,boat,4
boat/42_c4_00_6.jpg,42,boat,4
boat/42_c5_000_000006.jpg,42,boat,5
boat/42_c5_000_000007.jpg,42,boat,5
boat/42_c5_001_000006.jpg,42,boat,5
boat/42_c5_001_000007.jpg,42,boat,5
boat/42_c5_002_000006.jpg,42,boat,5
boat/42_c5_002_000007.jpg,42,boat,5
boat/42_c5_003_000006.jpg,42,boat,5
boat/42_c5_003_000007.jpg,42,boat,5
boat/42_c5_004_000006.jpg,42,boat,5
boat/42_c5_004_000007.jpg,42,boat,5
boat/42_c5_005_000006.jpg,42,boat,5
boat/42_c5_005_000007.jpg,42,boat,5
boat/42_c5_00_3.jpg,42,boat,5
boat/42_c5_00_5.jpg,42,boat,5
boat/42_c6_000_000008.jpg,42,boat,6
boat/42_c6_001_000008.jpg,42,boat,6
boat/42_c6_002_000008.jpg,42,boat,6
boat/42_c6_003_000008.jpg,42,boat,6
boat/42_c6_004_000008.jpg,42,boat,6
boat/42_c6_005_000008.jpg,42,boat,6
boat/42_c6_00_4.jpg,42,boat,6
boat/45_c2_000_000000.jpg,45,boat,2
boat/45_c2_001_000000.jpg,45,boat,2
boat/45_c2_002_000000.jpg,45,boat,2
boat/45_c2_003_000000.jpg,45,boat,2
boat/45_c2_004_000000.jpg,45,boat,2
boat/45_c2_005_000000.jpg,45,boat,2
boat/45_c2_00_0.jpg,45,boat,2
boat/45_c3_000_000001.jpg,45,boat,3
boat/45_c3_000_000002.jpg,45,boat,3
boat/45_c3_001_000001.jpg,45,boat,3
boat/45_c3_001_000002.jpg,45,boat,3
boat/45_c3_002_000001.jpg,45,boat,3
boat/45_c3_002_000002.jpg,45,boat,3
boat/45_c3_003_000001.jpg,45,boat,3
boat/45_c3_003_000002.jpg,45,boat,3
boat/45_c3_004_000001.jpg,45,boat,3
boat/45_c3_004_000002.jpg,45,boat,3
boat/45_c3_005_000001.jpg,45,boat,3
boat/45_c3_005_000002.jpg,45,boat,3
boat/45_c3_00_1.jpg,45,boat,3
boat/45_c3_00_3.jpg,45,boat,3
boat/45_c4_000_000003.jpg,45,boat,4
boat/45_c4_000_000004.jpg,45,boat,4
boat/45_c4_001_000003.jpg,45,boat,4
boat/45_c4_001_000004.jpg,45,boat,4
boat/45_c4_002_000003.jpg,45,boat,4
boat/45_c4_002_000004.jpg,45,boat,4
boat/45_c4_003_000003.jpg,45,boat,4
boat/45_c4_003_000004.jpg,45,boat,4
boat/45_c4_004_000003.jpg,45,boat,4
boat/45_c4_004_000004.jpg,45,boat,4
boat/45_c4_005_000003.jpg,45,boat,4
boat/45_c4_005_000004.jpg,45,boat,4
boat/45_c4_00_2.jpg,45,boat,4
boat/45_c4_00_4.jpg,45,boat,4
boat/46_c1_000_000000.jpg,46,boat,1
boat/46_c1_001_000000.jpg,46,boat,1
boat/46_c1_002_000000.jpg,46,boat,1
boat/46_c1_003_000000.jpg,46,boat,1
boat/46_c1_004_000000.jpg,46,boat,1
boat/46_c1_005_000000.jpg,46,boat,1
boat/46_c1_00_4.jpg,46,boat,1
boat/46_c2_000_000001.jpg,46,boat,2
boat/46_c2_001_000001.jpg,46,boat,2
boat/46_c2_002_000001.jpg,46,boat,2
boat/46_c2_003_000001.jpg,46,boat,2
boat/46_c2_004_000001.jpg,46,boat,2
boat/46_c2_005_000001.jpg,46,boat,2
boat/46_c2_00_0.jpg,46,boat,2
boat/46_c3_000_000002.jpg,46,boat,3
boat/46_c3_000_000003.jpg,46,boat,3
boat/46_c3_001_000002.jpg,46,boat,3
boat/46_c3_001_000003.jpg,46,boat,3
boat/46_c3_002_000002.jpg,46,boat,3
boat/46_c3_002_000003.jpg,46,boat,3
boat/46_c3_003_000002.jpg,46,boat,3
boat/46_c3_003_000003.jpg,46,boat,3
boat/46_c3_004_000002.jpg,46,boat,3
boat/46_c3_004_000003.jpg,46,boat,3
boat/46_c3_005_000002.jpg,46,boat,3
boat/46_c3_005_000003.jpg,46,boat,3
boat/46_c3_00_1.jpg,46,boat,3
boat/46_c3_00_2.jpg,46,boat,3
boat/46_c4_000_000004.jpg,46,boat,4
boat/46_c4_001_000004.jpg,46,boat,4
boat/46_c4_002_000004.jpg,46,boat,4
boat/46_c4_003_000004.jpg,46,boat,4
boat/46_c4_004_000004.jpg,46,boat,4
boat/46_c4_005_000004.jpg,46,boat,4
boat/46_c4_00_3.jpg,46,boat,4
boat/47_c1_000_000000.jpg,47,boat,1
boat/47_c1_000_000001.jpg,47,boat,1
boat/47_c1_001_000000.jpg,47,boat,1
boat/47_c1_001_000001.jpg,47,boat,1
boat/47_c1_002_000000.jpg,47,boat,1
boat/47_c1_002_000001.jpg,47,boat,1
boat/47_c1_003_000000.jpg,47,boat,1
boat/47_c1_003_000001.jpg,47,boat,1
boat/47_c1_004_000000.jpg,47,boat,1
boat/47_c1_004_000001.jpg,47,boat,1
boat/47_c1_005_000000.jpg,47,boat,1
boat/47_c1_005_000001.jpg,47,boat,1
boat/47_c1_00_3.jpg,47,boat,1
boat/47_c1_00_4.jpg,47,boat,1
boat/47_c2_000_000002.jpg,47,boat,2
boat/47_c2_001_000002.jpg,47,boat,2
boat/47_c2_002_000002.jpg,47,boat,2
boat/47_c2_003_000002.jpg,47,boat,2
boat/47_c2_004_000002.jpg,47,boat,2
boat/47_c2_005_000002.jpg,47,boat,2
boat/47_c2_00_0.jpg,47,boat,2
boat/47_c3_000_000003.jpg,47,boat,3
boat/47_c3_001_000003.jpg,47,boat,3
boat/47_c3_002_000003.jpg,47,boat,3
boat/47_c3_003_000003.jpg,47,boat,3
boat/47_c3_004_000003.jpg,47,boat,3
boat/47_c3_005_000003.jpg,47,boat,3
boat/47_c3_00_2.jpg,47,boat,3
boat/47_c6_000_000004.jpg,47,boat,6
boat/47_c6_001_000004.jpg,47,boat,6
boat/47_c6_002_000004.jpg,47,boat,6
boat/47_c6_003_000004.jpg,47,boat,6
boat/47_c6_004_000004.jpg,47,boat,6
boat/47_c6_005_000004.jpg,47,boat,6
boat/47_c6_00_1.jpg,47,boat,6
boat/48_c1_000_000000.jpg,48,boat,1
boat/48_c1_001_000000.jpg,48,boat,1
boat/48_c1_002_000000.jpg,48,boat,1
boat/48_c1_003_000000.jpg,48,boat,1
boat/48_c1_004_000000.jpg,48,boat,1
boat/48_c1_005_000000.jpg,48,boat,1
boat/48_c1_00_1.jpg,48,boat,1
boat/48_c5_000_000001.jpg,48,boat,5
boat/48_c5_001_000001.jpg,48,boat,5
boat/48_c5_002_000001.jpg,48,boat,5
boat/48_c5_003_000001.jpg,48,boat,5
boat/48_c5_004_000001.jpg,48,boat,5
boat/48_c5_005_000001.jpg,48,boat,5
boat/48_c5_00_0.jpg,48,boat,5
boat/48_c6_000_000002.jpg,48,boat,6
boat/48_c6_001_000002.jpg,48,boat,6
boat/48_c6_002_000002.jpg,48,boat,6
boat/48_c6_003_000002.jpg,48,boat,6
boat/48_c6_004_000002.jpg,48,boat,6
boat/48_c6_005_000002.jpg,48,boat,6
boat/48_c6_00_2.jpg,48,boat,6
boat/49_c1_000_000000.jpg,49,boat,1
boat/49_c1_001_000000.jpg,49,boat,1
boat/49_c1_002_000000.jpg,49,boat,1
boat/49_c1_003_000000.jpg,49,boat,1
boat/49_c1_004_000000.jpg,49,boat,1
boat/49_c1_005_000000.jpg,49,boat,1
boat/49_c1_00_4.jpg,49,boat,1
boat/49_c2_000_000001.jpg,49,boat,2
boat/49_c2_001_000001.jpg,49,boat,2
boat/49_c2_002_000001.jpg,49,boat,2
boat/49_c2_003_000001.jpg,49,boat,2
boat/49_c2_004_000001.jpg,49,boat,2
boat/49_c2_005_000001.jpg,49,boat,2
boat/49_c2_00_3.jpg,49,boat,2
boat/49_c3_000_000002.jpg,49,boat,3
boat/49_c3_001_000002.jpg,49,boat,3
boat/49_c3_002_000002.jpg,49,boat,3
boat/49_c3_003_000002.jpg,49,boat,3
boat/49_c3_004_000002.jpg,49,boat,3
boat/49_c3_005_000002.jpg,49,boat,3
boat/49_c3_00_2.jpg,49,boat,3
boat/49_c5_000_000003.jpg,49,boat,5
boat/49_c5_001_000003.jpg,49,boat,5
boat/49_c5_002_000003.jpg,49,boat,5
boat/49_c5_003_000003.jpg,49,boat,5
boat/49_c5_004_000003.jpg,49,boat,5
boat/49_c5_005_000003.jpg,49,boat,5
boat/49_c5_00_0.jpg,49,boat,5
boat/49_c6_000_000004.jpg,49,boat,6
boat/49_c6_001_000004.jpg,49,boat,6
boat/49_c6_002_000004.jpg,49,boat,6
boat/49_c6_003_000004.jpg,49,boat,6
boat/49_c6_004_000004.jpg,49,boat,6
boat/49_c6_005_000004.jpg,49,boat,6
boat/49_c6_00_1.jpg,49,boat,6
boat/5_c1_000_000000.jpg,5,boat,1
boat/5_c1_000_000001.jpg,5,boat,1
boat/5_c1_001_000000.jpg,5,boat,1
boat/5_c1_001_000001.jpg,5,boat,1
boat/5_c1_002_000000.jpg,5,boat,1
boat/5_c1_002_000001.jpg,5,boat,1
boat/5_c1_003_000000.jpg,5,boat,1
boat/5_c1_003_000001.jpg,5,boat,1
boat/5_c1_004_000000.jpg,5,boat,1
boat/5_c1_004_000001.jpg,5,boat,1
boat/5_c1_005_000000.jpg,5,boat,1
boat/5_c1_005_000001.jpg,5,boat,1
boat/5_c1_00_1.jpg,5,boat,1
boat/5_c1_00_7.jpg,5,boat,1
boat/5_c2_000_000002.jpg,5,boat,2
boat/5_c2_000_000003.jpg,5,boat,2
boat/5_c2_000_000004.jpg,5,boat,2
boat/5_c2_001_000002.jpg,5,boat,2
boat/5_c2_001_000003.jpg,5,boat,2
boat/5_c2_001_000004.jpg,5,boat,2
boat/5_c2_002_000002.jpg,5,boat,2
boat/5_c2_002_000003.jpg,5,boat,2
boat/5_c2_002_000004.jpg,5,boat,2
boat/5_c2_003_000002.jpg,5,boat,2
boat/5_c2_003_000003.jpg,5,boat,2
boat/5_c2_003_000004.jpg,5,boat,2
boat/5_c2_004_000002.jpg,5,boat,2
boat/5_c2_004_000003.jpg,5,boat,2
boat/5_c2_004_000004.jpg,5,boat,2
boat/5_c2_005_000002.jpg,5,boat,2
boat/5_c2_005_000003.jpg,5,boat,2
boat/5_c2_005_000004.jpg,5,boat,2
boat/5_c2_00_2.jpg,5,boat,2
boat/5_c2_00_4.jpg,5,boat,2
boat/5_c2_00_6.jpg,5,boat,2
boat/5_c3_000_000005.jpg,5,boat,3
boat/5_c3_001_000005.jpg,5,boat,3
boat/5_c3_002_000005.jpg,5,boat,3
boat/5_c3_003_000005.jpg,5,boat,3
boat/5_c3_004_000005.jpg,5,boat,3
boat/5_c3_005_000005.jpg,5,boat,3
boat/5_c3_00_10.jpg,5,boat,3
boat/5_c4_000_000006.jpg,5,boat,4
boat/5_c4_000_000007.jpg,5,boat,4
boat/5_c4_000_000008.jpg,5,boat,4
boat/5_c4_001_000006.jpg,5,boat,4
boat/5_c4_001_000007.jpg,5,boat,4
boat/5_c4_001_000008.jpg,5,boat,4
boat/5_c4_002_000006.jpg,5,boat,4
boat/5_c4_002_000007.jpg,5,boat,4
boat/5_c4_002_000008.jpg,5,boat,4
boat/5_c4_003_000006.jpg,5,boat,4
boat/5_c4_003_000007.jpg,5,boat,4
boat/5_c4_003_000008.jpg,5,boat,4
boat/5_c4_004_000006.jpg,5,boat,4
boat/5_c4_004_000007.jpg,5,boat,4
boat/5_c4_004_000008.jpg,5,boat,4
boat/5_c4_005_000006.jpg,5,boat,4
boat/5_c4_005_000007.jpg,5,boat,4
boat/5_c4_005_000008.jpg,5,boat,4
boat/5_c4_00_0.jpg,5,boat,4
boat/5_c4_00_11.jpg,5,boat,4
boat/5_c4_00_3.jpg,5,boat,4
boat/5_c5_000_000009.jpg,5,boat,5
boat/5_c5_000_000010.jpg,5,boat,5
boat/5_c5_001_000009.jpg,5,boat,5
boat/5_c5_001_000010.jpg,5,boat,5
boat/5_c5_002_000009.jpg,5,boat,5
boat/5_c5_002_000010.jpg,5,boat,5
boat/5_c5_003_000009.jpg,5,boat,5
boat/5_c5_003_000010.jpg,5,boat,5
boat/5_c5_004_000009.jpg,5,boat,5
boat/5_c5_004_000010.jpg,5,boat,5
boat/5_c5_005_000009.jpg,5,boat,5
boat/5_c5_005_000010.jpg,5,boat,5
boat/5_c5_00_12.jpg,5,boat,5
boat/5_c5_00_5.jpg,5,boat,5
boat/5_c6_000_000011.jpg,5,boat,6
boat/5_c6_000_000012.jpg,5,boat,6
boat/5_c6_001_000011.jpg,5,boat,6
boat/5_c6_001_000012.jpg,5,boat,6
boat/5_c6_002_000011.jpg,5,boat,6
boat/5_c6_002_000012.jpg,5,boat,6
boat/5_c6_003_000011.jpg,5,boat,6
boat/5_c6_003_000012.jpg,5,boat,6
boat/5_c6_004_000011.jpg,5,boat,6
boat/5_c6_004_000012.jpg,5,boat,6
boat/5_c6_005_000011.jpg,5,boat,6
boat/5_c6_005_000012.jpg,5,boat,6
boat/5_c6_00_8.jpg,5,boat,6
boat/5_c6_00_9.jpg,5,boat,6
boat/50_c1_000_000000.jpg,50,boat,1
boat/50_c1_000_000001.jpg,50,boat,1
boat/50_c1_001_000000.jpg,50,boat,1
boat/50_c1_001_000001.jpg,50,boat,1
boat/50_c1_002_000000.jpg,50,boat,1
boat/50_c1_002_000001.jpg,50,boat,1
boat/50_c1_003_000000.jpg,50,boat,1
boat/50_c1_003_000001.jpg,50,boat,1
boat/50_c1_004_000000.jpg,50,boat,1
boat/50_c1_004_000001.jpg,50,boat,1
boat/50_c1_005_000000.jpg,50,boat,1
boat/50_c1_005_000001.jpg,50,boat,1
boat/50_c1_00_3.jpg,50,boat,1
boat/50_c1_00_4.jpg,50,boat,1
boat/50_c2_000_000002.jpg,50,boat,2
boat/50_c2_001_000002.jpg,50,boat,2
boat/50_c2_002_000002.jpg,50,boat,2
boat/50_c2_003_000002.jpg,50,boat,2
boat/50_c2_004_000002.jpg,50,boat,2
boat/50_c2_005_000002.jpg,50,boat,2
boat/50_c2_00_0.jpg,50,boat,2
boat/50_c5_000_000003.jpg,50,boat,5
boat/50_c5_001_000003.jpg,50,boat,5
boat/50_c5_002_000003.jpg,50,boat,5
boat/50_c5_003_000003.jpg,50,boat,5
boat/50_c5_004_000003.jpg,50,boat,5
boat/50_c5_005_000003.jpg,50,boat,5
boat/50_c5_00_1.jpg,50,boat,5
boat/50_c6_000_000004.jpg,50,boat,6
boat/50_c6_001_000004.jpg,50,boat,6
boat/50_c6_002_000004.jpg,50,boat,6
boat/50_c6_003_000004.jpg,50,boat,6
boat/50_c6_004_000004.jpg,50,boat,6
boat/50_c6_005_000004.jpg,50,boat,6
boat/50_c6_00_2.jpg,50,boat,6
boat/51_c1_000_000000.jpg,51,boat,1
boat/51_c1_000_000001.jpg,51,boat,1
boat/51_c1_001_000000.jpg,51,boat,1
boat/51_c1_001_000001.jpg,51,boat,1
boat/51_c1_002_000000.jpg,51,boat,1
boat/51_c1_002_000001.jpg,51,boat,1
boat/51_c1_003_000000.jpg,51,boat,1
boat/51_c1_003_000001.jpg,51,boat,1
boat/51_c1_004_000000.jpg,51,boat,1
boat/51_c1_004_000001.jpg,51,boat,1
boat/51_c1_005_000000.jpg,51,boat,1
boat/51_c1_005_000001.jpg,51,boat,1
boat/51_c1_00_3.jpg,51,boat,1
boat/51_c1_00_4.jpg,51,boat,1
boat/51_c4_000_000002.jpg,51,boat,4
boat/51_c4_001_000002.jpg,51,boat,4
boat/51_c4_002_000002.jpg,51,boat,4
boat/51_c4_003_000002.jpg,51,boat,4
boat/51_c4_004_000002.jpg,51,boat,4
boat/51_c4_005_000002.jpg,51,boat,4
boat/51_c4_00_2.jpg,51,boat,4
boat/51_c5_000_000003.jpg,51,boat,5
boat/51_c5_001_000003.jpg,51,boat,5
boat/51_c5_002_000003.jpg,51,boat,5
boat/51_c5_003_000003.jpg,51,boat,5
boat/51_c5_004_000003.jpg,51,boat,5
boat/51_c5_005_000003.jpg,51,boat,5
boat/51_c5_00_1.jpg,51,boat,5
boat/51_c6_000_000004.jpg,51,boat,6
boat/51_c6_001_000004.jpg,51,boat,6
boat/51_c6_002_000004.jpg,51,boat,6
boat/51_c6_003_000004.jpg,51,boat,6
boat/51_c6_004_000004.jpg,51,boat,6
boat/51_c6_005_000004.jpg,51,boat,6
boat/51_c6_00_0.jpg,51,boat,6
boat/52_c1_000_000000.jpg,52,boat,1
boat/52_c1_000_000001.jpg,52,boat,1
boat/52_c1_001_000000.jpg,52,boat,1
boat/52_c1_001_000001.jpg,52,boat,1
boat/52_c1_002_000000.jpg,52,boat,1
boat/52_c1_002_000001.jpg,52,boat,1
boat/52_c1_003_000000.jpg,52,boat,1
boat/52_c1_003_000001.jpg,52,boat,1
boat/52_c1_004_000000.jpg,52,boat,1
boat/52_c1_004_000001.jpg,52,boat,1
boat/52_c1_005_000000.jpg,52,boat,1
boat/52_c1_005_000001.jpg,52,boat,1
boat/52_c1_00_3.jpg,52,boat,1
boat/52_c1_00_4.jpg,52,boat,1
boat/52_c3_000_000002.jpg,52,boat,3
boat/52_c3_001_000002.jpg,52,boat,3
boat/52_c3_002_000002.jpg,52,boat,3
boat/52_c3_003_000002.jpg,52,boat,3
boat/52_c3_004_000002.jpg,52,boat,3
boat/52_c3_005_000002.jpg,52,boat,3
boat/52_c3_00_2.jpg,52,boat,3
boat/52_c4_000_000003.jpg,52,boat,4
boat/52_c4_001_000003.jpg,52,boat,4
boat/52_c4_002_000003.jpg,52,boat,4
boat/52_c4_003_000003.jpg,52,boat,4
boat/52_c4_004_000003.jpg,52,boat,4
boat/52_c4_005_000003.jpg,52,boat,4
boat/52_c4_00_1.jpg,52,boat,4
boat/52_c6_000_000004.jpg,52,boat,6
boat/52_c6_001_000004.jpg,52,boat,6
boat/52_c6_002_000004.jpg,52,boat,6
boat/52_c6_003_000004.jpg,52,boat,6
boat/52_c6_004_000004.jpg,52,boat,6
boat/52_c6_005_000004.jpg,52,boat,6
boat/52_c6_00_0.jpg,52,boat,6
boat/53_c1_000_000000.jpg,53,boat,1
boat/53_c1_000_000001.jpg,53,boat,1
boat/53_c1_000_000002.jpg,53,boat,1
boat/53_c1_001_000000.jpg,53,boat,1
boat/53_c1_001_000001.jpg,53,boat,1
boat/53_c1_001_000002.jpg,53,boat,1
boat/53_c1_002_000000.jpg,53,boat,1
boat/53_c1_002_000001.jpg,53,boat,1
boat/53_c1_002_000002.jpg,53,boat,1
boat/53_c1_003_000000.jpg,53,boat,1
boat/53_c1_003_000001.jpg,53,boat,1
boat/53_c1_003_000002.jpg,53,boat,1
boat/53_c1_004_000000.jpg,53,boat,1
boat/53_c1_004_000001.jpg,53,boat,1
boat/53_c1_004_000002.jpg,53,boat,1
boat/53_c1_005_000000.jpg,53,boat,1
boat/53_c1_005_000001.jpg,53,boat,1
boat/53_c1_005_000002.jpg,53,boat,1
boat/53_c1_00_2.jpg,53,boat,1
boat/53_c1_00_3.jpg,53,boat,1
boat/53_c1_00_4.jpg,53,boat,1
boat/53_c3_000_000003.jpg,53,boat,3
boat/53_c3_001_000003.jpg,53,boat,3
boat/53_c3_002_000003.jpg,53,boat,3
boat/53_c3_003_000003.jpg,53,boat,3
boat/53_c3_004_000003.jpg,53,boat,3
boat/53_c3_005_000003.jpg,53,boat,3
boat/53_c3_00_0.jpg,53,boat,3
boat/53_c4_000_000004.jpg,53,boat,4
boat/53_c4_001_000004.jpg,53,boat,4
boat/53_c4_002_000004.jpg,53,boat,4
boat/53_c4_003_000004.jpg,53,boat,4
boat/53_c4_004_000004.jpg,53,boat,4
boat/53_c4_005_000004.jpg,53,boat,4
boat/53_c4_00_1.jpg,53,boat,4
boat/55_c1_000_000000.jpg,55,boat,1
boat/55_c1_000_000001.jpg,55,boat,1
boat/55_c1_000_000002.jpg,55,boat,1
boat/55_c1_000_000003.jpg,55,boat,1
boat/55_c1_001_000000.jpg,55,boat,1
boat/55_c1_001_000001.jpg,55,boat,1
boat/55_c1_001_000002.jpg,55,boat,1
boat/55_c1_001_000003.jpg,55,boat,1
boat/55_c1_002_000000.jpg,55,boat,1
boat/55_c1_002_000001.jpg,55,boat,1
boat/55_c1_002_000002.jpg,55,boat,1
boat/55_c1_002_000003.jpg,55,boat,1
boat/55_c1_003_000000.jpg,55,boat,1
boat/55_c1_003_000001.jpg,55,boat,1
boat/55_c1_003_000002.jpg,55,boat,1
boat/55_c1_003_000003.jpg,55,boat,1
boat/55_c1_004_000000.jpg,55,boat,1
boat/55_c1_004_000001.jpg,55,boat,1
boat/55_c1_004_000002.jpg,55,boat,1
boat/55_c1_004_000003.jpg,55,boat,1
boat/55_c1_005_000000.jpg,55,boat,1
boat/55_c1_005_000001.jpg,55,boat,1
boat/55_c1_005_000002.jpg,55,boat,1
boat/55_c1_005_000003.jpg,55,boat,1
boat/55_c1_00_6.jpg,55,boat,1
boat/55_c1_00_7.jpg,55,boat,1
boat/55_c1_00_8.jpg,55,boat,1
boat/55_c1_00_9.jpg,55,boat,1
boat/55_c2_000_000004.jpg,55,boat,2
boat/55_c2_001_000004.jpg,55,boat,2
boat/55_c2_002_000004.jpg,55,boat,2
boat/55_c2_003_000004.jpg,55,boat,2
boat/55_c2_004_000004.jpg,55,boat,2
boat/55_c2_005_000004.jpg,55,boat,2
boat/55_c2_00_0.jpg,55,boat,2
boat/55_c3_000_000005.jpg,55,boat,3
boat/55_c3_000_000006.jpg,55,boat,3
boat/55_c3_001_000005.jpg,55,boat,3
boat/55_c3_001_000006.jpg,55,boat,3
boat/55_c3_002_000005.jpg,55,boat,3
boat/55_c3_002_000006.jpg,55,boat,3
boat/55_c3_003_000005.jpg,55,boat,3
boat/55_c3_003_000006.jpg,55,boat,3
boat/55_c3_004_000005.jpg,55,boat,3
boat/55_c3_004_000006.jpg,55,boat,3
boat/55_c3_005_000005.jpg,55,boat,3
boat/55_c3_005_000006.jpg,55,boat,3
boat/55_c3_00_1.jpg,55,boat,3
boat/55_c3_00_5.jpg,55,boat,3
boat/55_c4_000_000007.jpg,55,boat,4
boat/55_c4_001_000007.jpg,55,boat,4
boat/55_c4_002_000007.jpg,55,boat,4
boat/55_c4_003_000007.jpg,55,boat,4
boat/55_c4_004_000007.jpg,55,boat,4
boat/55_c4_005_000007.jpg,55,boat,4
boat/55_c4_00_2.jpg,55,boat,4
boat/55_c5_000_000008.jpg,55,boat,5
boat/55_c5_001_000008.jpg,55,boat,5
boat/55_c5_002_000008.jpg,55,boat,5
boat/55_c5_003_000008.jpg,55,boat,5
boat/55_c5_004_000008.jpg,55,boat,5
boat/55_c5_005_000008.jpg,55,boat,5
boat/55_c5_00_4.jpg,55,boat,5
boat/55_c6_000_000009.jpg,55,boat,6
boat/55_c6_001_000009.jpg,55,boat,6
boat/55_c6_002_000009.jpg,55,boat,6
boat/55_c6_003_000009.jpg,55,boat,6
boat/55_c6_004_000009.jpg,55,boat,6
boat/55_c6_005_000009.jpg,55,boat,6
boat/55_c6_00_3.jpg,55,boat,6
boat/56_c1_000_000000.jpg,56,boat,1
boat/56_c1_001_000000.jpg,56,boat,1
boat/56_c1_002_000000.jpg,56,boat,1
boat/56_c1_003_000000.jpg,56,boat,1
boat/56_c1_004_000000.jpg,56,boat,1
boat/56_c1_005_000000.jpg,56,boat,1
boat/56_c1_00_4.jpg,56,boat,1
boat/56_c2_000_000001.jpg,56,boat,2
boat/56_c2_001_000001.jpg,56,boat,2
boat/56_c2_002_000001.jpg,56,boat,2
boat/56_c2_003_000001.jpg,56,boat,2
boat/56_c2_004_000001.jpg,56,boat,2
boat/56_c2_005_000001.jpg,56,boat,2
boat/56_c2_00_0.jpg,56,boat,2
boat/56_c3_000_000002.jpg,56,boat,3
boat/56_c3_001_000002.jpg,56,boat,3
boat/56_c3_002_000002.jpg,56,boat,3
boat/56_c3_003_000002.jpg,56,boat,3
boat/56_c3_004_000002.jpg,56,boat,3
boat/56_c3_005_000002.jpg,56,boat,3
boat/56_c3_00_2.jpg,56,boat,3
boat/56_c4_000_000003.jpg,56,boat,4
boat/56_c4_001_000003.jpg,56,boat,4
boat/56_c4_002_000003.jpg,56,boat,4
boat/56_c4_003_000003.jpg,56,boat,4
boat/56_c4_004_000003.jpg,56,boat,4
boat/56_c4_005_000003.jpg,56,boat,4
boat/56_c4_00_3.jpg,56,boat,4
boat/56_c6_000_000004.jpg,56,boat,6
boat/56_c6_001_000004.jpg,56,boat,6
boat/56_c6_002_000004.jpg,56,boat,6
boat/56_c6_003_000004.jpg,56,boat,6
boat/56_c6_004_000004.jpg,56,boat,6
boat/56_c6_005_000004.jpg,56,boat,6
boat/56_c6_00_1.jpg,56,boat,6
boat/57_c1_000_000000.jpg,57,boat,1
boat/57_c1_000_000001.jpg,57,boat,1
boat/57_c1_001_000000.jpg,57,boat,1
boat/57_c1_001_000001.jpg,57,boat,1
boat/57_c1_002_000000.jpg,57,boat,1
boat/57_c1_002_000001.jpg,57,boat,1
boat/57_c1_003_000000.jpg,57,boat,1
boat/57_c1_003_000001.jpg,57,boat,1
boat/57_c1_004_000000.jpg,57,boat,1
boat/57_c1_004_000001.jpg,57,boat,1
boat/57_c1_005_000000.jpg,57,boat,1
boat/57_c1_005_000001.jpg,57,boat,1
boat/57_c1_00_2.jpg,57,boat,1
boat/57_c1_00_3.jpg,57,boat,1
boat/57_c3_000_000002.jpg,57,boat,3
boat/57_c3_001_000002.jpg,57,boat,3
boat/57_c3_002_000002.jpg,57,boat,3
boat/57_c3_003_000002.jpg,57,boat,3
boat/57_c3_004_000002.jpg,57,boat,3
boat/57_c3_005_000002.jpg,57,boat,3
boat/57_c3_00_0.jpg,57,boat,3
boat/57_c4_000_000003.jpg,57,boat,4
boat/57_c4_001_000003.jpg,57,boat,4
boat/57_c4_002_000003.jpg,57,boat,4
boat/57_c4_003_000003.jpg,57,boat,4
boat/57_c4_004_000003.jpg,57,boat,4
boat/57_c4_005_000003.jpg,57,boat,4
boat/57_c4_00_1.jpg,57,boat,4
boat/59_c1_000_000000.jpg,59,boat,1
boat/59_c1_000_000001.jpg,59,boat,1
boat/59_c1_001_000000.jpg,59,boat,1
boat/59_c1_001_000001.jpg,59,boat,1
boat/59_c1_002_000000.jpg,59,boat,1
boat/59_c1_002_000001.jpg,59,boat,1
boat/59_c1_003_000000.jpg,59,boat,1
boat/59_c1_003_000001.jpg,59,boat,1
boat/59_c1_004_000000.jpg,59,boat,1
boat/59_c1_004_000001.jpg,59,boat,1
boat/59_c1_005_000000.jpg,59,boat,1
boat/59_c1_005_000001.jpg,59,boat,1
boat/59_c1_00_7.jpg,59,boat,1
boat/59_c1_00_8.jpg,59,boat,1
boat/59_c2_000_000002.jpg,59,boat,2
boat/59_c2_000_000003.jpg,59,boat,2
boat/59_c2_001_000002.jpg,59,boat,2
boat/59_c2_001_000003.jpg,59,boat,2
boat/59_c2_002_000002.jpg,59,boat,2
boat/59_c2_002_000003.jpg,59,boat,2
boat/59_c2_003_000002.jpg,59,boat,2
boat/59_c2_003_000003.jpg,59,boat,2
boat/59_c2_004_000002.jpg,59,boat,2
boat/59_c2_004_000003.jpg,59,boat,2
boat/59_c2_005_000002.jpg,59,boat,2
boat/59_c2_005_000003.jpg,59,boat,2
boat/59_c2_00_0.jpg,59,boat,2
boat/59_c2_00_4.jpg,59,boat,2
boat/59_c3_000_000004.jpg,59,boat,3
boat/59_c3_000_000005.jpg,59,boat,3
boat/59_c3_000_000006.jpg,59,boat,3
boat/59_c3_001_000004.jpg,59,boat,3
boat/59_c3_001_000005.jpg,59,boat,3
boat/59_c3_001_000006.jpg,59,boat,3
boat/59_c3_002_000004.jpg,59,boat,3
boat/59_c3_002_000005.jpg,59,boat,3
boat/59_c3_002_000006.jpg,59,boat,3
boat/59_c3_003_000004.jpg,59,boat,3
boat/59_c3_003_000005.jpg,59,boat,3
boat/59_c3_003_000006.jpg,59,boat,3
boat/59_c3_004_000004.jpg,59,boat,3
boat/59_c3_004_000005.jpg,59,boat,3
boat/59_c3_004_000006.jpg,59,boat,3
boat/59_c3_005_000004.jpg,59,boat,3
boat/59_c3_005_000005.jpg,59,boat,3
boat/59_c3_005_000006.jpg,59,boat,3
boat/59_c3_00_1.jpg,59,boat,3
boat/59_c3_00_3.jpg,59,boat,3
boat/59_c3_00_5.jpg,59,boat,3
boat/59_c4_000_000007.jpg,59,boat,4
boat/59_c4_001_000007.jpg,59,boat,4
boat/59_c4_002_000007.jpg,59,boat,4
boat/59_c4_003_000007.jpg,59,boat,4
boat/59_c4_004_000007.jpg,59,boat,4
boat/59_c4_005_000007.jpg,59,boat,4
boat/59_c4_00_2.jpg,59,boat,4
boat/59_c6_000_000008.jpg,59,boat,6
boat/59_c6_001_000008.jpg,59,boat,6
boat/59_c6_002_000008.jpg,59,boat,6
boat/59_c6_003_000008.jpg,59,boat,6
boat/59_c6_004_000008.jpg,59,boat,6
boat/59_c6_005_000008.jpg,59,boat,6
boat/59_c6_00_6.jpg,59,boat,6
boat/6_c1_000_000000.jpg,6,boat,1
boat/6_c1_001_000000.jpg,6,boat,1
boat/6_c1_002_000000.jpg,6,boat,1
boat/6_c1_003_000000.jpg,6,boat,1
boat/6_c1_004_000000.jpg,6,boat,1
boat/6_c1_005_000000.jpg,6,boat,1
boat/6_c1_00_8.jpg,6,boat,1
boat/6_c2_000_000001.jpg,6,boat,2
boat/6_c2_000_000002.jpg,6,boat,2
boat/6_c2_001_000001.jpg,6,boat,2
boat/6_c2_001_000002.jpg,6,boat,2
boat/6_c2_002_000001.jpg,6,boat,2
boat/6_c2_002_000002.jpg,6,boat,2
boat/6_c2_003_000001.jpg,6,boat,2
boat/6_c2_003_000002.jpg,6,boat,2
boat/6_c2_004_000001.jpg,6,boat,2
boat/6_c2_004_000002.jpg,6,boat,2
boat/6_c2_005_000001.jpg,6,boat,2
boat/6_c2_005_000002.jpg,6,boat,2
boat/6_c2_00_2.jpg,6,boat,2
boat/6_c2_00_7.jpg,6,boat,2
boat/6_c3_000_000003.jpg,6,boat,3
boat/6_c3_000_000004.jpg,6,boat,3
boat/6_c3_001_000003.jpg,6,boat,3
boat/6_c3_001_000004.jpg,6,boat,3
boat/6_c3_002_000003.jpg,6,boat,3
boat/6_c3_002_000004.jpg,6,boat,3
boat/6_c3_003_000003.jpg,6,boat,3
boat/6_c3_003_000004.jpg,6,boat,3
boat/6_c3_004_000003.jpg,6,boat,3
boat/6_c3_004_000004.jpg,6,boat,3
boat/6_c3_005_000003.jpg,6,boat,3
boat/6_c3_005_000004.jpg,6,boat,3
boat/6_c3_00_4.jpg,6,boat,3
boat/6_c3_00_6.jpg,6,boat,3
boat/6_c4_000_000005.jpg,6,boat,4
boat/6_c4_000_000006.jpg,6,boat,4
boat/6_c4_000_000007.jpg,6,boat,4
boat/6_c4_001_000005.jpg,6,boat,4
boat/6_c4_001_000006.jpg,6,boat,4
boat/6_c4_001_000007.jpg,6,boat,4
boat/6_c4_002_000005.jpg,6,boat,4
boat/6_c4_002_000006.jpg,6,boat,4
boat/6_c4_002_000007.jpg,6,boat,4
boat/6_c4_003_000005.jpg,6,boat,4
boat/6_c4_003_000006.jpg,6,boat,4
boat/6_c4_003_000007.jpg,6,boat,4
boat/6_c4_004_000005.jpg,6,boat,4
boat/6_c4_004_000006.jpg,6,boat,4
boat/6_c4_004_000007.jpg,6,boat,4
boat/6_c4_005_000005.jpg,6,boat,4
boat/6_c4_005_000006.jpg,6,boat,4
boat/6_c4_005_000007.jpg,6,boat,4
boat/6_c4_00_1.jpg,6,boat,4
boat/6_c4_00_11.jpg,6,boat,4
boat/6_c4_00_3.jpg,6,boat,4
boat/6_c5_000_000008.jpg,6,boat,5
boat/6_c5_000_000009.jpg,6,boat,5
boat/6_c5_000_000010.jpg,6,boat,5
boat/6_c5_001_000008.jpg,6,boat,5
boat/6_c5_001_000009.jpg,6,boat,5
boat/6_c5_001_000010.jpg,6,boat,5
boat/6_c5_002_000008.jpg,6,boat,5
boat/6_c5_002_000009.jpg,6,boat,5
boat/6_c5_002_000010.jpg,6,boat,5
boat/6_c5_003_000008.jpg,6,boat,5
boat/6_c5_003_000009.jpg,6,boat,5
boat/6_c5_003_000010.jpg,6,boat,5
boat/6_c5_004_000008.jpg,6,boat,5
boat/6_c5_004_000009.jpg,6,boat,5
boat/6_c5_004_000010.jpg,6,boat,5
boat/6_c5_005_000008.jpg,6,boat,5
boat/6_c5_005_000009.jpg,6,boat,5
boat/6_c5_005_000010.jpg,6,boat,5
boat/6_c5_00_0.jpg,6,boat,5
boat/6_c5_00_12.jpg,6,boat,5
boat/6_c5_00_9.jpg,6,boat,5
boat/6_c6_000_000011.jpg,6,boat,6
boat/6_c6_000_000012.jpg,6,boat,6
boat/6_c6_001_000011.jpg,6,boat,6
boat/6_c6_001_000012.jpg,6,boat,6
boat/6_c6_002_000011.jpg,6,boat,6
boat/6_c6_002_000012.jpg,6,boat,6
boat/6_c6_003_000011.jpg,6,boat,6
boat/6_c6_003_000012.jpg,6,boat,6
boat/6_c6_004_000011.jpg,6,boat,6
boat/6_c6_004_000012.jpg,6,boat,6
boat/6_c6_005_000011.jpg,6,boat,6
boat/6_c6_005_000012.jpg,6,boat,6
boat/6_c6_00_10.jpg,6,boat,6
boat/6_c6_00_5.jpg,6,boat,6
boat/63_c1_000_000000.jpg,63,boat,1
boat/63_c1_001_000000.jpg,63,boat,1
boat/63_c1_002_000000.jpg,63,boat,1
boat/63_c1_003_000000.jpg,63,boat,1
boat/63_c1_004_000000.jpg,63,boat,1
boat/63_c1_005_000000.jpg,63,boat,1
boat/63_c1_00_4.jpg,63,boat,1
boat/63_c2_000_000001.jpg,63,boat,2
boat/63_c2_001_000001.jpg,63,boat,2
boat/63_c2_002_000001.jpg,63,boat,2
boat/63_c2_003_000001.jpg,63,boat,2
boat/63_c2_004_000001.jpg,63,boat,2
boat/63_c2_005_000001.jpg,63,boat,2
boat/63_c2_00_0.jpg,63,boat,2
boat/63_c3_000_000002.jpg,63,boat,3
boat/63_c3_001_000002.jpg,63,boat,3
boat/63_c3_002_000002.jpg,63,boat,3
boat/63_c3_003_000002.jpg,63,boat,3
boat/63_c3_004_000002.jpg,63,boat,3
boat/63_c3_005_000002.jpg,63,boat,3
boat/63_c3_00_1.jpg,63,boat,3
boat/63_c4_000_000003.jpg,63,boat,4
boat/63_c4_001_000003.jpg,63,boat,4
boat/63_c4_002_000003.jpg,63,boat,4
boat/63_c4_003_000003.jpg,63,boat,4
boat/63_c4_004_000003.jpg,63,boat,4
boat/63_c4_005_000003.jpg,63,boat,4
boat/63_c4_00_2.jpg,63,boat,4
boat/63_c5_000_000004.jpg,63,boat,5
boat/63_c5_001_000004.jpg,63,boat,5
boat/63_c5_002_000004.jpg,63,boat,5
boat/63_c5_003_000004.jpg,63,boat,5
boat/63_c5_004_000004.jpg,63,boat,5
boat/63_c5_005_000004.jpg,63,boat,5
boat/63_c5_00_3.jpg,63,boat,5
boat/64_c1_000_000000.jpg,64,boat,1
boat/64_c1_000_000001.jpg,64,boat,1
boat/64_c1_001_000000.jpg,64,boat,1
boat/64_c1_001_000001.jpg,64,boat,1
boat/64_c1_002_000000.jpg,64,boat,1
boat/64_c1_002_000001.jpg,64,boat,1
boat/64_c1_003_000000.jpg,64,boat,1
boat/64_c1_003_000001.jpg,64,boat,1
boat/64_c1_004_000000.jpg,64,boat,1
boat/64_c1_004_000001.jpg,64,boat,1
boat/64_c1_005_000000.jpg,64,boat,1
boat/64_c1_005_000001.jpg,64,boat,1
boat/64_c1_00_11.jpg,64,boat,1
boat/64_c1_00_12.jpg,64,boat,1
boat/64_c2_000_000002.jpg,64,boat,2
boat/64_c2_000_000003.jpg,64,boat,2
boat/64_c2_000_000004.jpg,64,boat,2
boat/64_c2_001_000002.jpg,64,boat,2
boat/64_c2_001_000003.jpg,64,boat,2
boat/64_c2_001_000004.jpg,64,boat,2
boat/64_c2_002_000002.jpg,64,boat,2
boat/64_c2_002_000003.jpg,64,boat,2
boat/64_c2_002_000004.jpg,64,boat,2
boat/64_c2_003_000002.jpg,64,boat,2
boat/64_c2_003_000003.jpg,64,boat,2
boat/64_c2_003_000004.jpg,64,boat,2
boat/64_c2_004_000002.jpg,64,boat,2
boat/64_c2_004_000003.jpg,64,boat,2
boat/64_c2_004_000004.jpg,64,boat,2
boat/64_c2_005_000002.jpg,64,boat,2
boat/64_c2_005_000003.jpg,64,boat,2
boat/64_c2_005_000004.jpg,64,boat,2
boat/64_c2_00_0.jpg,64,boat,2
boat/64_c2_00_10.jpg,64,boat,2
boat/64_c2_00_9.jpg,64,boat,2
boat/64_c3_000_000005.jpg,64,boat,3
boat/64_c3_000_000006.jpg,64,boat,3
boat/64_c3_001_000005.jpg,64,boat,3
boat/64_c3_001_000006.jpg,64,boat,3
boat/64_c3_002_000005.jpg,64,boat,3
boat/64_c3_002_000006.jpg,64,boat,3
boat/64_c3_003_000005.jpg,64,boat,3
boat/64_c3_003_000006.jpg,64,boat,3
boat/64_c3_004_000005.jpg,64,boat,3
boat/64_c3_004_000006.jpg,64,boat,3
boat/64_c3_005_000005.jpg,64,boat,3
boat/64_c3_005_000006.jpg,64,boat,3
boat/64_c3_00_1.jpg,64,boat,3
boat/64_c3_00_7.jpg,64,boat,3
boat/64_c4_000_000007.jpg,64,boat,4
boat/64_c4_000_000008.jpg,64,boat,4
boat/64_c4_001_000007.jpg,64,boat,4
boat/64_c4_001_000008.jpg,64,boat,4
boat/64_c4_002_000007.jpg,64,boat,4
boat/64_c4_002_000008.jpg,64,boat,4
boat/64_c4_003_000007.jpg,64,boat,4
boat/64_c4_003_000008.jpg,64,boat,4
boat/64_c4_004_000007.jpg,64,boat,4
boat/64_c4_004_000008.jpg,64,boat,4
boat/64_c4_005_000007.jpg,64,boat,4
boat/64_c4_005_000008.jpg,64,boat,4
boat/64_c4_00_2.jpg,64,boat,4
boat/64_c4_00_6.jpg,64,boat,4
boat/64_c5_000_000009.jpg,64,boat,5
boat/64_c5_000_000010.jpg,64,boat,5
boat/64_c5_001_000009.jpg,64,boat,5
boat/64_c5_001_000010.jpg,64,boat,5
boat/64_c5_002_000009.jpg,64,boat,5
boat/64_c5_002_000010.jpg,64,boat,5
boat/64_c5_003_000009.jpg,64,boat,5
boat/64_c5_003_000010.jpg,64,boat,5
boat/64_c5_004_000009.jpg,64,boat,5
boat/64_c5_004_000010.jpg,64,boat,5
boat/64_c5_005_000009.jpg,64,boat,5
boat/64_c5_005_000010.jpg,64,boat,5
boat/64_c5_00_3.jpg,64,boat,5
boat/64_c5_00_8.jpg,64,boat,5
boat/64_c6_000_000011.jpg,64,boat,6
boat/64_c6_000_000012.jpg,64,boat,6
boat/64_c6_001_000011.jpg,64,boat,6
boat/64_c6_001_000012.jpg,64,boat,6
boat/64_c6_002_000011.jpg,64,boat,6
boat/64_c6_002_000012.jpg,64,boat,6
boat/64_c6_003_000011.jpg,64,boat,6
boat/64_c6_003_000012.jpg,64,boat,6
boat/64_c6_004_000011.jpg,64,boat,6
boat/64_c6_004_000012.jpg,64,boat,6
boat/64_c6_005_000011.jpg,64,boat,6
boat/64_c6_005_000012.jpg,64,boat,6
boat/64_c6_00_4.jpg,64,boat,6
boat/64_c6_00_5.jpg,64,boat,6
boat/65_c1_000_000000.jpg,65,boat,1
boat/65_c1_000_000001.jpg,65,boat,1
boat/65_c1_001_000000.jpg,65,boat,1
boat/65_c1_001_000001.jpg,65,boat,1
boat/65_c1_002_000000.jpg,65,boat,1
boat/65_c1_002_000001.jpg,65,boat,1
boat/65_c1_003_000000.jpg,65,boat,1
boat/65_c1_003_000001.jpg,65,boat,1
boat/65_c1_004_000000.jpg,65,boat,1
boat/65_c1_004_000001.jpg,65,boat,1
boat/65_c1_005_000000.jpg,65,boat,1
boat/65_c1_005_000001.jpg,65,boat,1
boat/65_c1_00_4.jpg,65,boat,1
boat/65_c1_00_9.jpg,65,boat,1
boat/65_c2_000_000002.jpg,65,boat,2
boat/65_c2_000_000003.jpg,65,boat,2
boat/65_c2_001_000002.jpg,65,boat,2
boat/65_c2_001_000003.jpg,65,boat,2
boat/65_c2_002_000002.jpg,65,boat,2
boat/65_c2_002_000003.jpg,65,boat,2
boat/65_c2_003_000002.jpg,65,boat,2
boat/65_c2_003_000003.jpg,65,boat,2
boat/65_c2_004_000002.jpg,65,boat,2
boat/65_c2_004_000003.jpg,65,boat,2
boat/65_c2_005_000002.jpg,65,boat,2
boat/65_c2_005_000003.jpg,65,boat,2
boat/65_c2_00_0.jpg,65,boat,2
boat/65_c2_00_6.jpg,65,boat,2
boat/65_c3_000_000004.jpg,65,boat,3
boat/65_c3_001_000004.jpg,65,boat,3
boat/65_c3_002_000004.jpg,65,boat,3
boat/65_c3_003_000004.jpg,65,boat,3
boat/65_c3_004_000004.jpg,65,boat,3
boat/65_c3_005_000004.jpg,65,boat,3
boat/65_c3_00_5.jpg,65,boat,3
boat/65_c4_000_000005.jpg,65,boat,4
boat/65_c4_000_000006.jpg,65,boat,4
boat/65_c4_001_000005.jpg,65,boat,4
boat/65_c4_001_000006.jpg,65,boat,4
boat/65_c4_002_000005.jpg,65,boat,4
boat/65_c4_002_000006.jpg,65,boat,4
boat/65_c4_003_000005.jpg,65,boat,4
boat/65_c4_003_000006.jpg,65,boat,4
boat/65_c4_004_000005.jpg,65,boat,4
boat/65_c4_004_000006.jpg,65,boat,4
boat/65_c4_005_000005.jpg,65,boat,4
boat/65_c4_005_000006.jpg,65,boat,4
boat/65_c4_00_3.jpg,65,boat,4
boat/65_c4_00_7.jpg,65,boat,4
boat/65_c5_000_000007.jpg,65,boat,5
boat/65_c5_001_000007.jpg,65,boat,5
boat/65_c5_002_000007.jpg,65,boat,5
boat/65_c5_003_000007.jpg,65,boat,5
boat/65_c5_004_000007.jpg,65,boat,5
boat/65_c5_005_000007.jpg,65,boat,5
boat/65_c5_00_8.jpg,65,boat,5
boat/65_c6_000_000008.jpg,65,boat,6
boat/65_c6_000_000009.jpg,65,boat,6
boat/65_c6_001_000008.jpg,65,boat,6
boat/65_c6_001_000009.jpg,65,boat,6
boat/65_c6_002_000008.jpg,65,boat,6
boat/65_c6_002_000009.jpg,65,boat,6
boat/65_c6_003_000008.jpg,65,boat,6
boat/65_c6_003_000009.jpg,65,boat,6
boat/65_c6_004_000008.jpg,65,boat,6
boat/65_c6_004_000009.jpg,65,boat,6
boat/65_c6_005_000008.jpg,65,boat,6
boat/65_c6_005_000009.jpg,65,boat,6
boat/65_c6_00_1.jpg,65,boat,6
boat/65_c6_00_2.jpg,65,boat,6
boat/66_c1_000_000000.jpg,66,boat,1
boat/66_c1_001_000000.jpg,66,boat,1
boat/66_c1_002_000000.jpg,66,boat,1
boat/66_c1_003_000000.jpg,66,boat,1
boat/66_c1_004_000000.jpg,66,boat,1
boat/66_c1_005_000000.jpg,66,boat,1
boat/66_c1_00_0.jpg,66,boat,1
boat/66_c2_000_000001.jpg,66,boat,2
boat/66_c2_001_000001.jpg,66,boat,2
boat/66_c2_002_000001.jpg,66,boat,2
boat/66_c2_003_000001.jpg,66,boat,2
boat/66_c2_004_000001.jpg,66,boat,2
boat/66_c2_005_000001.jpg,66,boat,2
boat/66_c2_00_1.jpg,66,boat,2
boat/66_c4_000_000002.jpg,66,boat,4
boat/66_c4_001_000002.jpg,66,boat,4
boat/66_c4_002_000002.jpg,66,boat,4
boat/66_c4_003_000002.jpg,66,boat,4
boat/66_c4_004_000002.jpg,66,boat,4
boat/66_c4_005_000002.jpg,66,boat,4
boat/66_c4_00_2.jpg,66,boat,4
boat/66_c5_000_000003.jpg,66,boat,5
boat/66_c5_000_000004.jpg,66,boat,5
boat/66_c5_001_000003.jpg,66,boat,5
boat/66_c5_001_000004.jpg,66,boat,5
boat/66_c5_002_000003.jpg,66,boat,5
boat/66_c5_002_000004.jpg,66,boat,5
boat/66_c5_003_000003.jpg,66,boat,5
boat/66_c5_003_000004.jpg,66,boat,5
boat/66_c5_004_000003.jpg,66,boat,5
boat/66_c5_004_000004.jpg,66,boat,5
boat/66_c5_005_000003.jpg,66,boat,5
boat/66_c5_005_000004.jpg,66,boat,5
boat/66_c5_00_3.jpg,66,boat,5
boat/66_c5_00_4.jpg,66,boat,5
boat/71_c1_000_000000.jpg,71,boat,1
boat/71_c1_000_000001.jpg,71,boat,1
boat/71_c1_001_000000.jpg,71,boat,1
boat/71_c1_001_000001.jpg,71,boat,1
boat/71_c1_002_000000.jpg,71,boat,1
boat/71_c1_002_000001.jpg,71,boat,1
boat/71_c1_003_000000.jpg,71,boat,1
boat/71_c1_003_000001.jpg,71,boat,1
boat/71_c1_004_000000.jpg,71,boat,1
boat/71_c1_004_000001.jpg,71,boat,1
boat/71_c1_005_000000.jpg,71,boat,1
boat/71_c1_005_000001.jpg,71,boat,1
boat/71_c1_00_0.jpg,71,boat,1
boat/71_c1_00_8.jpg,71,boat,1
boat/71_c2_000_000002.jpg,71,boat,2
boat/71_c2_001_000002.jpg,71,boat,2
boat/71_c2_002_000002.jpg,71,boat,2
boat/71_c2_003_000002.jpg,71,boat,2
boat/71_c2_004_000002.jpg,71,boat,2
boat/71_c2_005_000002.jpg,71,boat,2
boat/71_c2_00_1.jpg,71,boat,2
boat/71_c3_000_000003.jpg,71,boat,3
boat/71_c3_000_000004.jpg,71,boat,3
boat/71_c3_001_000003.jpg,71,boat,3
boat/71_c3_001_000004.jpg,71,boat,3
boat/71_c3_002_000003.jpg,71,boat,3
boat/71_c3_002_000004.jpg,71,boat,3
boat/71_c3_003_000003.jpg,71,boat,3
boat/71_c3_003_000004.jpg,71,boat,3
boat/71_c3_004_000003.jpg,71,boat,3
boat/71_c3_004_000004.jpg,71,boat,3
boat/71_c3_005_000003.jpg,71,boat,3
boat/71_c3_005_000004.jpg,71,boat,3
boat/71_c3_00_2.jpg,71,boat,3
boat/71_c3_00_3.jpg,71,boat,3
boat/71_c4_000_000005.jpg,71,boat,4
boat/71_c4_001_000005.jpg,71,boat,4
boat/71_c4_002_000005.jpg,71,boat,4
boat/71_c4_003_000005.jpg,71,boat,4
boat/71_c4_004_000005.jpg,71,boat,4
boat/71_c4_005_000005.jpg,71,boat,4
boat/71_c4_00_4.jpg,71,boat,4
boat/71_c5_000_000006.jpg,71,boat,5
boat/71_c5_000_000007.jpg,71,boat,5
boat/71_c5_001_000006.jpg,71,boat,5
boat/71_c5_001_000007.jpg,71,boat,5
boat/71_c5_002_000006.jpg,71,boat,5
boat/71_c5_002_000007.jpg,71,boat,5
boat/71_c5_003_000006.jpg,71,boat,5
boat/71_c5_003_000007.jpg,71,boat,5
boat/71_c5_004_000006.jpg,71,boat,5
boat/71_c5_004_000007.jpg,71,boat,5
boat/71_c5_005_000006.jpg,71,boat,5
boat/71_c5_005_000007.jpg,71,boat,5
boat/71_c5_00_5.jpg,71,boat,5
boat/71_c5_00_6.jpg,71,boat,5
boat/71_c6_000_000008.jpg,71,boat,6
boat/71_c6_001_000008.jpg,71,boat,6
boat/71_c6_002_000008.jpg,71,boat,6
boat/71_c6_003_000008.jpg,71,boat,6
boat/71_c6_004_000008.jpg,71,boat,6
boat/71_c6_005_000008.jpg,71,boat,6
boat/71_c6_00_7.jpg,71,boat,6
boat/72_c1_000_000000.jpg,72,boat,1
boat/72_c1_000_000001.jpg,72,boat,1
boat/72_c1_001_000000.jpg,72,boat,1
boat/72_c1_001_000001.jpg,72,boat,1
boat/72_c1_002_000000.jpg,72,boat,1
boat/72_c1_002_000001.jpg,72,boat,1
boat/72_c1_003_000000.jpg,72,boat,1
boat/72_c1_003_000001.jpg,72,boat,1
boat/72_c1_004_000000.jpg,72,boat,1
boat/72_c1_004_000001.jpg,72,boat,1
boat/72_c1_005_000000.jpg,72,boat,1
boat/72_c1_005_000001.jpg,72,boat,1
boat/72_c1_00_.jpg,72,boat,1
boat/72_c1_00_1.jpg,72,boat,1
boat/72_c2_000_000002.jpg,72,boat,2
boat/72_c2_000_000003.jpg,72,boat,2
boat/72_c2_001_000002.jpg,72,boat,2
boat/72_c2_001_000003.jpg,72,boat,2
boat/72_c2_002_000002.jpg,72,boat,2
boat/72_c2_002_000003.jpg,72,boat,2
boat/72_c2_003_000002.jpg,72,boat,2
boat/72_c2_003_000003.jpg,72,boat,2
boat/72_c2_004_000002.jpg,72,boat,2
boat/72_c2_004_000003.jpg,72,boat,2
boat/72_c2_005_000002.jpg,72,boat,2
boat/72_c2_005_000003.jpg,72,boat,2
boat/72_c2_00_2.jpg,72,boat,2
boat/72_c2_00_3.jpg,72,boat,2
boat/72_c3_000_000004.jpg,72,boat,3
boat/72_c3_001_000004.jpg,72,boat,3
boat/72_c3_002_000004.jpg,72,boat,3
boat/72_c3_003_000004.jpg,72,boat,3
boat/72_c3_004_000004.jpg,72,boat,3
boat/72_c3_005_000004.jpg,72,boat,3
boat/72_c3_00_8.jpg,72,boat,3
boat/72_c4_000_000005.jpg,72,boat,4
boat/72_c4_000_000006.jpg,72,boat,4
boat/72_c4_001_000005.jpg,72,boat,4
boat/72_c4_001_000006.jpg,72,boat,4
boat/72_c4_002_000005.jpg,72,boat,4
boat/72_c4_002_000006.jpg,72,boat,4
boat/72_c4_003_000005.jpg,72,boat,4
boat/72_c4_003_000006.jpg,72,boat,4
boat/72_c4_004_000005.jpg,72,boat,4
boat/72_c4_004_000006.jpg,72,boat,4
boat/72_c4_005_000005.jpg,72,boat,4
boat/72_c4_005_000006.jpg,72,boat,4
boat/72_c4_00_0.jpg,72,boat,4
boat/72_c4_00_4.jpg,72,boat,4
boat/72_c5_000_000007.jpg,72,boat,5
boat/72_c5_000_000008.jpg,72,boat,5
boat/72_c5_001_000007.jpg,72,boat,5
boat/72_c5_001_000008.jpg,72,boat,5
boat/72_c5_002_000007.jpg,72,boat,5
boat/72_c5_002_000008.jpg,72,boat,5
boat/72_c5_003_000007.jpg,72,boat,5
boat/72_c5_003_000008.jpg,72,boat,5
boat/72_c5_004_000007.jpg,72,boat,5
boat/72_c5_004_000008.jpg,72,boat,5
boat/72_c5_005_000007.jpg,72,boat,5
boat/72_c5_005_000008.jpg,72,boat,5
boat/72_c5_00_6.jpg,72,boat,5
boat/72_c5_00_7.jpg,72,boat,5
boat/72_c6_000_000009.jpg,72,boat,6
boat/72_c6_001_000009.jpg,72,boat,6
boat/72_c6_002_000009.jpg,72,boat,6
boat/72_c6_003_000009.jpg,72,boat,6
boat/72_c6_004_000009.jpg,72,boat,6
boat/72_c6_005_000009.jpg,72,boat,6
boat/72_c6_00_6.jpg,72,boat,6
boat/73_c1_000_000000.jpg,73,boat,1
boat/73_c1_001_000000.jpg,73,boat,1
boat/73_c1_002_000000.jpg,73,boat,1
boat/73_c1_003_000000.jpg,73,boat,1
boat/73_c1_004_000000.jpg,73,boat,1
boat/73_c1_005_000000.jpg,73,boat,1
boat/73_c1_00_0.jpg,73,boat,1
boat/73_c3_000_000001.jpg,73,boat,3
boat/73_c3_001_000001.jpg,73,boat,3
boat/73_c3_002_000001.jpg,73,boat,3
boat/73_c3_003_000001.jpg,73,boat,3
boat/73_c3_004_000001.jpg,73,boat,3
boat/73_c3_005_000001.jpg,73,boat,3
boat/73_c3_00_1.jpg,73,boat,3
boat/73_c4_000_000002.jpg,73,boat,4
boat/73_c4_001_000002.jpg,73,boat,4
boat/73_c4_002_000002.jpg,73,boat,4
boat/73_c4_003_000002.jpg,73,boat,4
boat/73_c4_004_000002.jpg,73,boat,4
boat/73_c4_005_000002.jpg,73,boat,4
boat/73_c4_00_4.jpg,73,boat,4
boat/73_c5_000_000003.jpg,73,boat,5
boat/73_c5_000_000004.jpg,73,boat,5
boat/73_c5_001_000003.jpg,73,boat,5
boat/73_c5_001_000004.jpg,73,boat,5
boat/73_c5_002_000003.jpg,73,boat,5
boat/73_c5_002_000004.jpg,73,boat,5
boat/73_c5_003_000003.jpg,73,boat,5
boat/73_c5_003_000004.jpg,73,boat,5
boat/73_c5_004_000003.jpg,73,boat,5
boat/73_c5_004_000004.jpg,73,boat,5
boat/73_c5_005_000003.jpg,73,boat,5
boat/73_c5_005_000004.jpg,73,boat,5
boat/73_c5_00_2.jpg,73,boat,5
boat/73_c5_00_3.jpg,73,boat,5
boat/76_c1_000_000000.jpg,76,boat,1
boat/76_c1_000_000001.jpg,76,boat,1
boat/76_c1_001_000000.jpg,76,boat,1
boat/76_c1_001_000001.jpg,76,boat,1
boat/76_c1_002_000000.jpg,76,boat,1
boat/76_c1_002_000001.jpg,76,boat,1
boat/76_c1_003_000000.jpg,76,boat,1
boat/76_c1_003_000001.jpg,76,boat,1
boat/76_c1_004_000000.jpg,76,boat,1
boat/76_c1_004_000001.jpg,76,boat,1
boat/76_c1_005_000000.jpg,76,boat,1
boat/76_c1_005_000001.jpg,76,boat,1
boat/76_c1_00_0.jpg,76,boat,1
boat/76_c1_00_1.jpg,76,boat,1
boat/76_c2_000_000002.jpg,76,boat,2
boat/76_c2_000_000003.jpg,76,boat,2
boat/76_c2_001_000002.jpg,76,boat,2
boat/76_c2_001_000003.jpg,76,boat,2
boat/76_c2_002_000002.jpg,76,boat,2
boat/76_c2_002_000003.jpg,76,boat,2
boat/76_c2_003_000002.jpg,76,boat,2
boat/76_c2_003_000003.jpg,76,boat,2
boat/76_c2_004_000002.jpg,76,boat,2
boat/76_c2_004_000003.jpg,76,boat,2
boat/76_c2_005_000002.jpg,76,boat,2
boat/76_c2_005_000003.jpg,76,boat,2
boat/76_c2_00_5.jpg,76,boat,2
boat/76_c2_00_6.jpg,76,boat,2
boat/76_c3_000_000004.jpg,76,boat,3
boat/76_c3_001_000004.jpg,76,boat,3
boat/76_c3_002_000004.jpg,76,boat,3
boat/76_c3_003_000004.jpg,76,boat,3
boat/76_c3_004_000004.jpg,76,boat,3
boat/76_c3_005_000004.jpg,76,boat,3
boat/76_c3_00_8.jpg,76,boat,3
boat/76_c4_000_000005.jpg,76,boat,4
boat/76_c4_001_000005.jpg,76,boat,4
boat/76_c4_002_000005.jpg,76,boat,4
boat/76_c4_003_000005.jpg,76,boat,4
boat/76_c4_004_000005.jpg,76,boat,4
boat/76_c4_005_000005.jpg,76,boat,4
boat/76_c4_00_4.jpg,76,boat,4
boat/76_c5_000_000006.jpg,76,boat,5
boat/76_c5_001_000006.jpg,76,boat,5
boat/76_c5_002_000006.jpg,76,boat,5
boat/76_c5_003_000006.jpg,76,boat,5
boat/76_c5_004_000006.jpg,76,boat,5
boat/76_c5_005_000006.jpg,76,boat,5
boat/76_c5_00_7.jpg,76,boat,5
boat/76_c6_000_000007.jpg,76,boat,6
boat/76_c6_000_000008.jpg,76,boat,6
boat/76_c6_001_000007.jpg,76,boat,6
boat/76_c6_001_000008.jpg,76,boat,6
boat/76_c6_002_000007.jpg,76,boat,6
boat/76_c6_002_000008.jpg,76,boat,6
boat/76_c6_003_000007.jpg,76,boat,6
boat/76_c6_003_000008.jpg,76,boat,6
boat/76_c6_004_000007.jpg,76,boat,6
boat/76_c6_004_000008.jpg,76,boat,6
boat/76_c6_005_000007.jpg,76,boat,6
boat/76_c6_005_000008.jpg,76,boat,6
boat/76_c6_00_2.jpg,76,boat,6
boat/76_c6_00_3.jpg,76,boat,6
boat/77_c1_000_000000.jpg,77,boat,1
boat/77_c1_001_000000.jpg,77,boat,1
boat/77_c1_002_000000.jpg,77,boat,1
boat/77_c1_003_000000.jpg,77,boat,1
boat/77_c1_004_000000.jpg,77,boat,1
boat/77_c1_005_000000.jpg,77,boat,1
boat/77_c1_00_0.jpg,77,boat,1
boat/77_c2_000_000001.jpg,77,boat,2
boat/77_c2_001_000001.jpg,77,boat,2
boat/77_c2_002_000001.jpg,77,boat,2
boat/77_c2_003_000001.jpg,77,boat,2
boat/77_c2_004_000001.jpg,77,boat,2
boat/77_c2_005_000001.jpg,77,boat,2
boat/77_c2_00_3.jpg,77,boat,2
boat/77_c3_000_000002.jpg,77,boat,3
boat/77_c3_000_000003.jpg,77,boat,3
boat/77_c3_001_000002.jpg,77,boat,3
boat/77_c3_001_000003.jpg,77,boat,3
boat/77_c3_002_000002.jpg,77,boat,3
boat/77_c3_002_000003.jpg,77,boat,3
boat/77_c3_003_000002.jpg,77,boat,3
boat/77_c3_003_000003.jpg,77,boat,3
boat/77_c3_004_000002.jpg,77,boat,3
boat/77_c3_004_000003.jpg,77,boat,3
boat/77_c3_005_000002.jpg,77,boat,3
boat/77_c3_005_000003.jpg,77,boat,3
boat/77_c3_00_1.jpg,77,boat,3
boat/77_c3_00_2.jpg,77,boat,3
boat/77_c5_000_000004.jpg,77,boat,5
boat/77_c5_001_000004.jpg,77,boat,5
boat/77_c5_002_000004.jpg,77,boat,5
boat/77_c5_003_000004.jpg,77,boat,5
boat/77_c5_004_000004.jpg,77,boat,5
boat/77_c5_005_000004.jpg,77,boat,5
boat/77_c5_00_4.jpg,77,boat,5
boat/79_c1_000_000000.jpg,79,boat,1
boat/79_c1_001_000000.jpg,79,boat,1
boat/79_c1_002_000000.jpg,79,boat,1
boat/79_c1_003_000000.jpg,79,boat,1
boat/79_c1_004_000000.jpg,79,boat,1
boat/79_c1_005_000000.jpg,79,boat,1
boat/79_c1_00_2.jpg,79,boat,1
boat/79_c2_000_000001.jpg,79,boat,2
boat/79_c2_001_000001.jpg,79,boat,2
boat/79_c2_002_000001.jpg,79,boat,2
boat/79_c2_003_000001.jpg,79,boat,2
boat/79_c2_004_000001.jpg,79,boat,2
boat/79_c2_005_000001.jpg,79,boat,2
boat/79_c2_00_0.jpg,79,boat,2
boat/79_c3_000_000002.jpg,79,boat,3
boat/79_c3_001_000002.jpg,79,boat,3
boat/79_c3_002_000002.jpg,79,boat,3
boat/79_c3_003_000002.jpg,79,boat,3
boat/79_c3_004_000002.jpg,79,boat,3
boat/79_c3_005_000002.jpg,79,boat,3
boat/79_c3_00_1.jpg,79,boat,3
boat/79_c4_000_000003.jpg,79,boat,4
boat/79_c4_001_000003.jpg,79,boat,4
boat/79_c4_002_000003.jpg,79,boat,4
boat/79_c4_003_000003.jpg,79,boat,4
boat/79_c4_004_000003.jpg,79,boat,4
boat/79_c4_005_000003.jpg,79,boat,4
boat/79_c4_00_4.jpg,79,boat,4
boat/79_c5_000_000004.jpg,79,boat,5
boat/79_c5_001_000004.jpg,79,boat,5
boat/79_c5_002_000004.jpg,79,boat,5
boat/79_c5_003_000004.jpg,79,boat,5
boat/79_c5_004_000004.jpg,79,boat,5
boat/79_c5_005_000004.jpg,79,boat,5
boat/79_c5_00_3.jpg,79,boat,5
boat/79_c6_000_000005.jpg,79,boat,6
boat/79_c6_000_000006.jpg,79,boat,6
boat/79_c6_001_000005.jpg,79,boat,6
boat/79_c6_001_000006.jpg,79,boat,6
boat/79_c6_002_000005.jpg,79,boat,6
boat/79_c6_002_000006.jpg,79,boat,6
boat/79_c6_003_000005.jpg,79,boat,6
boat/79_c6_003_000006.jpg,79,boat,6
boat/79_c6_004_000005.jpg,79,boat,6
boat/79_c6_004_000006.jpg,79,boat,6
boat/79_c6_005_000005.jpg,79,boat,6
boat/79_c6_005_000006.jpg,79,boat,6
boat/79_c6_00_5.jpg,79,boat,6
boat/79_c6_00_6.jpg,79,boat,6
boat/80_c1_000_000000.jpg,80,boat,1
boat/80_c1_001_000000.jpg,80,boat,1
boat/80_c1_002_000000.jpg,80,boat,1
boat/80_c1_003_000000.jpg,80,boat,1
boat/80_c1_004_000000.jpg,80,boat,1
boat/80_c1_005_000000.jpg,80,boat,1
boat/80_c1_00_1.jpg,80,boat,1
boat/80_c2_000_000001.jpg,80,boat,2
boat/80_c2_000_000002.jpg,80,boat,2
boat/80_c2_001_000001.jpg,80,boat,2
boat/80_c2_001_000002.jpg,80,boat,2
boat/80_c2_002_000001.jpg,80,boat,2
boat/80_c2_002_000002.jpg,80,boat,2
boat/80_c2_003_000001.jpg,80,boat,2
boat/80_c2_003_000002.jpg,80,boat,2
boat/80_c2_004_000001.jpg,80,boat,2
boat/80_c2_004_000002.jpg,80,boat,2
boat/80_c2_005_000001.jpg,80,boat,2
boat/80_c2_005_000002.jpg,80,boat,2
boat/80_c2_00_3.jpg,80,boat,2
boat/80_c2_00_4.jpg,80,boat,2
boat/80_c5_000_000003.jpg,80,boat,5
boat/80_c5_001_000003.jpg,80,boat,5
boat/80_c5_002_000003.jpg,80,boat,5
boat/80_c5_003_000003.jpg,80,boat,5
boat/80_c5_004_000003.jpg,80,boat,5
boat/80_c5_005_000003.jpg,80,boat,5
boat/80_c5_00_0.jpg,80,boat,5
boat/80_c6_000_000004.jpg,80,boat,6
boat/80_c6_001_000004.jpg,80,boat,6
boat/80_c6_002_000004.jpg,80,boat,6
boat/80_c6_003_000004.jpg,80,boat,6
boat/80_c6_004_000004.jpg,80,boat,6
boat/80_c6_005_000004.jpg,80,boat,6
boat/80_c6_00_2.jpg,80,boat,6
boat/81_c1_000_000000.jpg,81,boat,1
boat/81_c1_001_000000.jpg,81,boat,1
boat/81_c1_002_000000.jpg,81,boat,1
boat/81_c1_003_000000.jpg,81,boat,1
boat/81_c1_004_000000.jpg,81,boat,1
boat/81_c1_005_000000.jpg,81,boat,1
boat/81_c1_00_7.jpg,81,boat,1
boat/81_c2_000_000001.jpg,81,boat,2
boat/81_c2_000_000002.jpg,81,boat,2
boat/81_c2_001_000001.jpg,81,boat,2
boat/81_c2_001_000002.jpg,81,boat,2
boat/81_c2_002_000001.jpg,81,boat,2
boat/81_c2_002_000002.jpg,81,boat,2
boat/81_c2_003_000001.jpg,81,boat,2
boat/81_c2_003_000002.jpg,81,boat,2
boat/81_c2_004_000001.jpg,81,boat,2
boat/81_c2_004_000002.jpg,81,boat,2
boat/81_c2_005_000001.jpg,81,boat,2
boat/81_c2_005_000002.jpg,81,boat,2
boat/81_c2_00_4.jpg,81,boat,2
boat/81_c2_00_6.jpg,81,boat,2
boat/81_c3_000_000003.jpg,81,boat,3
boat/81_c3_000_000004.jpg,81,boat,3
boat/81_c3_001_000003.jpg,81,boat,3
boat/81_c3_001_000004.jpg,81,boat,3
boat/81_c3_002_000003.jpg,81,boat,3
boat/81_c3_002_000004.jpg,81,boat,3
boat/81_c3_003_000003.jpg,81,boat,3
boat/81_c3_003_000004.jpg,81,boat,3
boat/81_c3_004_000003.jpg,81,boat,3
boat/81_c3_004_000004.jpg,81,boat,3
boat/81_c3_005_000003.jpg,81,boat,3
boat/81_c3_005_000004.jpg,81,boat,3
boat/81_c3_00_0.jpg,81,boat,3
boat/81_c3_00_1.jpg,81,boat,3
boat/81_c4_000_000005.jpg,81,boat,4
boat/81_c4_001_000005.jpg,81,boat,4
boat/81_c4_002_000005.jpg,81,boat,4
boat/81_c4_003_000005.jpg,81,boat,4
boat/81_c4_004_000005.jpg,81,boat,4
boat/81_c4_005_000005.jpg,81,boat,4
boat/81_c4_00_0.jpg,81,boat,4
boat/81_c6_000_000006.jpg,81,boat,6
boat/81_c6_001_000006.jpg,81,boat,6
boat/81_c6_002_000006.jpg,81,boat,6
boat/81_c6_003_000006.jpg,81,boat,6
boat/81_c6_004_000006.jpg,81,boat,6
boat/81_c6_005_000006.jpg,81,boat,6
boat/81_c6_00_2.jpg,81,boat,6
boat/83_c1_000_000000.jpg,83,boat,1
boat/83_c1_001_000000.jpg,83,boat,1
boat/83_c1_002_000000.jpg,83,boat,1
boat/83_c1_003_000000.jpg,83,boat,1
boat/83_c1_004_000000.jpg,83,boat,1
boat/83_c1_005_000000.jpg,83,boat,1
boat/83_c1_00_5.jpg,83,boat,1
boat/83_c3_000_000001.jpg,83,boat,3
boat/83_c3_000_000002.jpg,83,boat,3
boat/83_c3_000_000003.jpg,83,boat,3
boat/83_c3_001_000001.jpg,83,boat,3
boat/83_c3_001_000002.jpg,83,boat,3
boat/83_c3_001_000003.jpg,83,boat,3
boat/83_c3_002_000001.jpg,83,boat,3
boat/83_c3_002_000002.jpg,83,boat,3
boat/83_c3_002_000003.jpg,83,boat,3
boat/83_c3_003_000001.jpg,83,boat,3
boat/83_c3_003_000002.jpg,83,boat,3
boat/83_c3_003_000003.jpg,83,boat,3
boat/83_c3_004_000001.jpg,83,boat,3
boat/83_c3_004_000002.jpg,83,boat,3
boat/83_c3_004_000003.jpg,83,boat,3
boat/83_c3_005_000001.jpg,83,boat,3
boat/83_c3_005_000002.jpg,83,boat,3
boat/83_c3_005_000003.jpg,83,boat,3
boat/83_c3_00_0.jpg,83,boat,3
boat/83_c3_00_1.jpg,83,boat,3
boat/83_c3_00_2.jpg,83,boat,3
boat/83_c4_000_000004.jpg,83,boat,4
boat/83_c4_001_000004.jpg,83,boat,4
boat/83_c4_002_000004.jpg,83,boat,4
boat/83_c4_003_000004.jpg,83,boat,4
boat/83_c4_004_000004.jpg,83,boat,4
boat/83_c4_005_000004.jpg,83,boat,4
boat/83_c4_00_4.jpg,83,boat,4
boat/83_c5_000_000005.jpg,83,boat,5
boat/83_c5_000_000006.jpg,83,boat,5
boat/83_c5_001_000005.jpg,83,boat,5
boat/83_c5_001_000006.jpg,83,boat,5
boat/83_c5_002_000005.jpg,83,boat,5
boat/83_c5_002_000006.jpg,83,boat,5
boat/83_c5_003_000005.jpg,83,boat,5
boat/83_c5_003_000006.jpg,83,boat,5
boat/83_c5_004_000005.jpg,83,boat,5
boat/83_c5_004_000006.jpg,83,boat,5
boat/83_c5_005_000005.jpg,83,boat,5
boat/83_c5_005_000006.jpg,83,boat,5
boat/83_c5_00_3.jpg,83,boat,5
boat/83_c5_00_7.jpg,83,boat,5
boat/83_c6_000_000007.jpg,83,boat,6
boat/83_c6_001_000007.jpg,83,boat,6
boat/83_c6_002_000007.jpg,83,boat,6
boat/83_c6_003_000007.jpg,83,boat,6
boat/83_c6_004_000007.jpg,83,boat,6
boat/83_c6_005_000007.jpg,83,boat,6
boat/83_c6_00_6.jpg,83,boat,6
boat/86_c1_000_000000.jpg,86,boat,1
boat/86_c1_000_000001.jpg,86,boat,1
boat/86_c1_001_000000.jpg,86,boat,1
boat/86_c1_001_000001.jpg,86,boat,1
boat/86_c1_002_000000.jpg,86,boat,1
boat/86_c1_002_000001.jpg,86,boat,1
boat/86_c1_003_000000.jpg,86,boat,1
boat/86_c1_003_000001.jpg,86,boat,1
boat/86_c1_004_000000.jpg,86,boat,1
boat/86_c1_004_000001.jpg,86,boat,1
boat/86_c1_005_000000.jpg,86,boat,1
boat/86_c1_005_000001.jpg,86,boat,1
boat/86_c1_00_8.jpg,86,boat,1
boat/86_c1_00_9.jpg,86,boat,1
boat/86_c2_000_000002.jpg,86,boat,2
boat/86_c2_001_000002.jpg,86,boat,2
boat/86_c2_002_000002.jpg,86,boat,2
boat/86_c2_003_000002.jpg,86,boat,2
boat/86_c2_004_000002.jpg,86,boat,2
boat/86_c2_005_000002.jpg,86,boat,2
boat/86_c2_00_7.jpg,86,boat,2
boat/86_c3_000_000003.jpg,86,boat,3
boat/86_c3_000_000004.jpg,86,boat,3
boat/86_c3_001_000003.jpg,86,boat,3
boat/86_c3_001_000004.jpg,86,boat,3
boat/86_c3_002_000003.jpg,86,boat,3
boat/86_c3_002_000004.jpg,86,boat,3
boat/86_c3_003_000003.jpg,86,boat,3
boat/86_c3_003_000004.jpg,86,boat,3
boat/86_c3_004_000003.jpg,86,boat,3
boat/86_c3_004_000004.jpg,86,boat,3
boat/86_c3_005_000003.jpg,86,boat,3
boat/86_c3_005_000004.jpg,86,boat,3
boat/86_c3_00_0.jpg,86,boat,3
boat/86_c3_00_1.jpg,86,boat,3
boat/86_c4_000_000005.jpg,86,boat,4
boat/86_c4_000_000006.jpg,86,boat,4
boat/86_c4_001_000005.jpg,86,boat,4
boat/86_c4_001_000006.jpg,86,boat,4
boat/86_c4_002_000005.jpg,86,boat,4
boat/86_c4_002_000006.jpg,86,boat,4
boat/86_c4_003_000005.jpg,86,boat,4
boat/86_c4_003_000006.jpg,86,boat,4
boat/86_c4_004_000005.jpg,86,boat,4
boat/86_c4_004_000006.jpg,86,boat,4
boat/86_c4_005_000005.jpg,86,boat,4
boat/86_c4_005_000006.jpg,86,boat,4
boat/86_c4_00_2.jpg,86,boat,4
boat/86_c4_00_6.jpg,86,boat,4
boat/86_c5_000_000007.jpg,86,boat,5
boat/86_c5_001_000007.jpg,86,boat,5
boat/86_c5_002_000007.jpg,86,boat,5
boat/86_c5_003_000007.jpg,86,boat,5
boat/86_c5_004_000007.jpg,86,boat,5
boat/86_c5_005_000007.jpg,86,boat,5
boat/86_c5_00_5.jpg,86,boat,5
boat/86_c6_000_000008.jpg,86,boat,6
boat/86_c6_000_000009.jpg,86,boat,6
boat/86_c6_001_000008.jpg,86,boat,6
boat/86_c6_001_000009.jpg,86,boat,6
boat/86_c6_002_000008.jpg,86,boat,6
boat/86_c6_002_000009.jpg,86,boat,6
boat/86_c6_003_000008.jpg,86,boat,6
boat/86_c6_003_000009.jpg,86,boat,6
boat/86_c6_004_000008.jpg,86,boat,6
boat/86_c6_004_000009.jpg,86,boat,6
boat/86_c6_005_000008.jpg,86,boat,6
boat/86_c6_005_000009.jpg,86,boat,6
boat/86_c6_00_3.jpg,86,boat,6
boat/86_c6_00_4.jpg,86,boat,6
boat/87_c1_000_000000.jpg,87,boat,1
boat/87_c1_001_000000.jpg,87,boat,1
boat/87_c1_002_000000.jpg,87,boat,1
boat/87_c1_003_000000.jpg,87,boat,1
boat/87_c1_004_000000.jpg,87,boat,1
boat/87_c1_005_000000.jpg,87,boat,1
boat/87_c1_00_3.jpg,87,boat,1
boat/87_c3_000_000001.jpg,87,boat,3
boat/87_c3_001_000001.jpg,87,boat,3
boat/87_c3_002_000001.jpg,87,boat,3
boat/87_c3_003_000001.jpg,87,boat,3
boat/87_c3_004_000001.jpg,87,boat,3
boat/87_c3_005_000001.jpg,87,boat,3
boat/87_c3_00_0.jpg,87,boat,3
boat/87_c4_000_000002.jpg,87,boat,4
boat/87_c4_001_000002.jpg,87,boat,4
boat/87_c4_002_000002.jpg,87,boat,4
boat/87_c4_003_000002.jpg,87,boat,4
boat/87_c4_004_000002.jpg,87,boat,4
boat/87_c4_005_000002.jpg,87,boat,4
boat/87_c4_00_1.jpg,87,boat,4
boat/87_c5_000_000003.jpg,87,boat,5
boat/87_c5_001_000003.jpg,87,boat,5
boat/87_c5_002_000003.jpg,87,boat,5
boat/87_c5_003_000003.jpg,87,boat,5
boat/87_c5_004_000003.jpg,87,boat,5
boat/87_c5_005_000003.jpg,87,boat,5
boat/87_c5_00_2.jpg,87,boat,5
boat/87_c6_000_000004.jpg,87,boat,6
boat/87_c6_001_000004.jpg,87,boat,6
boat/87_c6_002_000004.jpg,87,boat,6
boat/87_c6_003_000004.jpg,87,boat,6
boat/87_c6_004_000004.jpg,87,boat,6
boat/87_c6_005_000004.jpg,87,boat,6
boat/87_c6_00_4.jpg,87,boat,6
boat/88_c1_000_000000.jpg,88,boat,1
boat/88_c1_001_000000.jpg,88,boat,1
boat/88_c1_002_000000.jpg,88,boat,1
boat/88_c1_003_000000.jpg,88,boat,1
boat/88_c1_004_000000.jpg,88,boat,1
boat/88_c1_005_000000.jpg,88,boat,1
boat/88_c1_00_7.jpg,88,boat,1
boat/88_c2_000_000001.jpg,88,boat,2
boat/88_c2_001_000001.jpg,88,boat,2
boat/88_c2_002_000001.jpg,88,boat,2
boat/88_c2_003_000001.jpg,88,boat,2
boat/88_c2_004_000001.jpg,88,boat,2
boat/88_c2_005_000001.jpg,88,boat,2
boat/88_c2_00_1.jpg,88,boat,2
boat/88_c3_000_000002.jpg,88,boat,3
boat/88_c3_000_000003.jpg,88,boat,3
boat/88_c3_001_000002.jpg,88,boat,3
boat/88_c3_001_000003.jpg,88,boat,3
boat/88_c3_002_000002.jpg,88,boat,3
boat/88_c3_002_000003.jpg,88,boat,3
boat/88_c3_003_000002.jpg,88,boat,3
boat/88_c3_003_000003.jpg,88,boat,3
boat/88_c3_004_000002.jpg,88,boat,3
boat/88_c3_004_000003.jpg,88,boat,3
boat/88_c3_005_000002.jpg,88,boat,3
boat/88_c3_005_000003.jpg,88,boat,3
boat/88_c3_00_0.jpg,88,boat,3
boat/88_c3_00_4.jpg,88,boat,3
boat/88_c4_000_000004.jpg,88,boat,4
boat/88_c4_001_000004.jpg,88,boat,4
boat/88_c4_002_000004.jpg,88,boat,4
boat/88_c4_003_000004.jpg,88,boat,4
boat/88_c4_004_000004.jpg,88,boat,4
boat/88_c4_005_000004.jpg,88,boat,4
boat/88_c4_00_3.jpg,88,boat,4
boat/88_c5_000_000005.jpg,88,boat,5
boat/88_c5_001_000005.jpg,88,boat,5
boat/88_c5_002_000005.jpg,88,boat,5
boat/88_c5_003_000005.jpg,88,boat,5
boat/88_c5_004_000005.jpg,88,boat,5
boat/88_c5_005_000005.jpg,88,boat,5
boat/88_c5_00_5.jpg,88,boat,5
boat/88_c6_000_000006.jpg,88,boat,6
boat/88_c6_000_000007.jpg,88,boat,6
boat/88_c6_001_000006.jpg,88,boat,6
boat/88_c6_001_000007.jpg,88,boat,6
boat/88_c6_002_000006.jpg,88,boat,6
boat/88_c6_002_000007.jpg,88,boat,6
boat/88_c6_003_000006.jpg,88,boat,6
boat/88_c6_003_000007.jpg,88,boat,6
boat/88_c6_004_000006.jpg,88,boat,6
boat/88_c6_004_000007.jpg,88,boat,6
boat/88_c6_005_000006.jpg,88,boat,6
boat/88_c6_005_000007.jpg,88,boat,6
boat/88_c6_00_2.jpg,88,boat,6
boat/88_c6_00_6.jpg,88,boat,6
boat/89_c1_000_000000.jpg,89,boat,1
boat/89_c1_000_000001.jpg,89,boat,1
boat/89_c1_001_000000.jpg,89,boat,1
boat/89_c1_001_000001.jpg,89,boat,1
boat/89_c1_002_000000.jpg,89,boat,1
boat/89_c1_002_000001.jpg,89,boat,1
boat/89_c1_003_000000.jpg,89,boat,1
boat/89_c1_003_000001.jpg,89,boat,1
boat/89_c1_004_000000.jpg,89,boat,1
boat/89_c1_004_000001.jpg,89,boat,1
boat/89_c1_005_000000.jpg,89,boat,1
boat/89_c1_005_000001.jpg,89,boat,1
boat/89_c1_00_0.jpg,89,boat,1
boat/89_c1_00_1.jpg,89,boat,1
boat/89_c4_000_000002.jpg,89,boat,4
boat/89_c4_001_000002.jpg,89,boat,4
boat/89_c4_002_000002.jpg,89,boat,4
boat/89_c4_003_000002.jpg,89,boat,4
boat/89_c4_004_000002.jpg,89,boat,4
boat/89_c4_005_000002.jpg,89,boat,4
boat/89_c4_00_4.jpg,89,boat,4
boat/89_c5_000_000003.jpg,89,boat,5
boat/89_c5_000_000004.jpg,89,boat,5
boat/89_c5_001_000003.jpg,89,boat,5
boat/89_c5_001_000004.jpg,89,boat,5
boat/89_c5_002_000003.jpg,89,boat,5
boat/89_c5_002_000004.jpg,89,boat,5
boat/89_c5_003_000003.jpg,89,boat,5
boat/89_c5_003_000004.jpg,89,boat,5
boat/89_c5_004_000003.jpg,89,boat,5
boat/89_c5_004_000004.jpg,89,boat,5
boat/89_c5_005_000003.jpg,89,boat,5
boat/89_c5_005_000004.jpg,89,boat,5
boat/89_c5_00_3.jpg,89,boat,5
boat/89_c5_00_5.jpg,89,boat,5
boat/89_c6_000_000005.jpg,89,boat,6
boat/89_c6_000_000006.jpg,89,boat,6
boat/89_c6_001_000005.jpg,89,boat,6
boat/89_c6_001_000006.jpg,89,boat,6
boat/89_c6_002_000005.jpg,89,boat,6
boat/89_c6_002_000006.jpg,89,boat,6
boat/89_c6_003_000005.jpg,89,boat,6
boat/89_c6_003_000006.jpg,89,boat,6
boat/89_c6_004_000005.jpg,89,boat,6
boat/89_c6_004_000006.jpg,89,boat,6
boat/89_c6_005_000005.jpg,89,boat,6
boat/89_c6_005_000006.jpg,89,boat,6
boat/89_c6_00_2.jpg,89,boat,6
boat/89_c6_00_6.jpg,89,boat,6
boat/90_c1_000_000000.jpg,90,boat,1
boat/90_c1_000_000001.jpg,90,boat,1
boat/90_c1_001_000000.jpg,90,boat,1
boat/90_c1_001_000001.jpg,90,boat,1
boat/90_c1_002_000000.jpg,90,boat,1
boat/90_c1_002_000001.jpg,90,boat,1
boat/90_c1_003_000000.jpg,90,boat,1
boat/90_c1_003_000001.jpg,90,boat,1
boat/90_c1_004_000000.jpg,90,boat,1
boat/90_c1_004_000001.jpg,90,boat,1
boat/90_c1_005_000000.jpg,90,boat,1
boat/90_c1_005_000001.jpg,90,boat,1
boat/90_c1_00_0.jpg,90,boat,1
boat/90_c1_00_2.jpg,90,boat,1
boat/90_c2_000_000002.jpg,90,boat,2
boat/90_c2_001_000002.jpg,90,boat,2
boat/90_c2_002_000002.jpg,90,boat,2
boat/90_c2_003_000002.jpg,90,boat,2
boat/90_c2_004_000002.jpg,90,boat,2
boat/90_c2_005_000002.jpg,90,boat,2
boat/90_c2_00_6.jpg,90,boat,2
boat/90_c3_000_000003.jpg,90,boat,3
boat/90_c3_001_000003.jpg,90,boat,3
boat/90_c3_002_000003.jpg,90,boat,3
boat/90_c3_003_000003.jpg,90,boat,3
boat/90_c3_004_000003.jpg,90,boat,3
boat/90_c3_005_000003.jpg,90,boat,3
boat/90_c3_00_5.jpg,90,boat,3
boat/90_c4_000_000004.jpg,90,boat,4
boat/90_c4_001_000004.jpg,90,boat,4
boat/90_c4_002_000004.jpg,90,boat,4
boat/90_c4_003_000004.jpg,90,boat,4
boat/90_c4_004_000004.jpg,90,boat,4
boat/90_c4_005_000004.jpg,90,boat,4
boat/90_c4_00_4.jpg,90,boat,4
boat/90_c5_000_000005.jpg,90,boat,5
boat/90_c5_001_000005.jpg,90,boat,5
boat/90_c5_002_000005.jpg,90,boat,5
boat/90_c5_003_000005.jpg,90,boat,5
boat/90_c5_004_000005.jpg,90,boat,5
boat/90_c5_005_000005.jpg,90,boat,5
boat/90_c5_00_3.jpg,90,boat,5
boat/90_c6_000_000006.jpg,90,boat,6
boat/90_c6_000_000007.jpg,90,boat,6
boat/90_c6_001_000006.jpg,90,boat,6
boat/90_c6_001_000007.jpg,90,boat,6
boat/90_c6_002_000006.jpg,90,boat,6
boat/90_c6_002_000007.jpg,90,boat,6
boat/90_c6_003_000006.jpg,90,boat,6
boat/90_c6_003_000007.jpg,90,boat,6
boat/90_c6_004_000006.jpg,90,boat,6
boat/90_c6_004_000007.jpg,90,boat,6
boat/90_c6_005_000006.jpg,90,boat,6
boat/90_c6_005_000007.jpg,90,boat,6
boat/90_c6_00_1.jpg,90,boat,6
boat/90_c6_00_7.jpg,90,boat,6
boat/91_c1_000_000000.jpg,91,boat,1
boat/91_c1_001_000000.jpg,91,boat,1
boat/91_c1_002_000000.jpg,91,boat,1
boat/91_c1_003_000000.jpg,91,boat,1
boat/91_c1_004_000000.jpg,91,boat,1
boat/91_c1_005_000000.jpg,91,boat,1
boat/91_c1_00_0.jpg,91,boat,1
boat/91_c2_000_000001.jpg,91,boat,2
boat/91_c2_000_000002.jpg,91,boat,2
boat/91_c2_001_000001.jpg,91,boat,2
boat/91_c2_001_000002.jpg,91,boat,2
boat/91_c2_002_000001.jpg,91,boat,2
boat/91_c2_002_000002.jpg,91,boat,2
boat/91_c2_003_000001.jpg,91,boat,2
boat/91_c2_003_000002.jpg,91,boat,2
boat/91_c2_004_000001.jpg,91,boat,2
boat/91_c2_004_000002.jpg,91,boat,2
boat/91_c2_005_000001.jpg,91,boat,2
boat/91_c2_005_000002.jpg,91,boat,2
boat/91_c2_00_1.jpg,91,boat,2
boat/91_c2_00_2.jpg,91,boat,2
boat/91_c3_000_000003.jpg,91,boat,3
boat/91_c3_001_000003.jpg,91,boat,3
boat/91_c3_002_000003.jpg,91,boat,3
boat/91_c3_003_000003.jpg,91,boat,3
boat/91_c3_004_000003.jpg,91,boat,3
boat/91_c3_005_000003.jpg,91,boat,3
boat/91_c3_00_5.jpg,91,boat,3
boat/91_c4_000_000004.jpg,91,boat,4
boat/91_c4_001_000004.jpg,91,boat,4
boat/91_c4_002_000004.jpg,91,boat,4
boat/91_c4_003_000004.jpg,91,boat,4
boat/91_c4_004_000004.jpg,91,boat,4
boat/91_c4_005_000004.jpg,91,boat,4
boat/91_c4_00_3.jpg,91,boat,4
boat/91_c5_000_000005.jpg,91,boat,5
boat/91_c5_001_000005.jpg,91,boat,5
boat/91_c5_002_000005.jpg,91,boat,5
boat/91_c5_003_000005.jpg,91,boat,5
boat/91_c5_004_000005.jpg,91,boat,5
boat/91_c5_005_000005.jpg,91,boat,5
boat/91_c5_00_6.jpg,91,boat,5
boat/91_c6_000_000006.jpg,91,boat,6
boat/91_c6_001_000006.jpg,91,boat,6
boat/91_c6_002_000006.jpg,91,boat,6
boat/91_c6_003_000006.jpg,91,boat,6
boat/91_c6_004_000006.jpg,91,boat,6
boat/91_c6_005_000006.jpg,91,boat,6
boat/91_c6_00_4.jpg,91,boat,6
boat/92_c2_000_000000.jpg,92,boat,2
boat/92_c2_000_000001.jpg,92,boat,2
boat/92_c2_001_000000.jpg,92,boat,2
boat/92_c2_001_000001.jpg,92,boat,2
boat/92_c2_002_000000.jpg,92,boat,2
boat/92_c2_002_000001.jpg,92,boat,2
boat/92_c2_003_000000.jpg,92,boat,2
boat/92_c2_003_000001.jpg,92,boat,2
boat/92_c2_004_000000.jpg,92,boat,2
boat/92_c2_004_000001.jpg,92,boat,2
boat/92_c2_005_000000.jpg,92,boat,2
boat/92_c2_005_000001.jpg,92,boat,2
boat/92_c2_00_0.jpg,92,boat,2
boat/92_c2_00_1.jpg,92,boat,2
boat/92_c4_000_000002.jpg,92,boat,4
boat/92_c4_001_000002.jpg,92,boat,4
boat/92_c4_002_000002.jpg,92,boat,4
boat/92_c4_003_000002.jpg,92,boat,4
boat/92_c4_004_000002.jpg,92,boat,4
boat/92_c4_005_000002.jpg,92,boat,4
boat/92_c4_00_2.jpg,92,boat,4
boat/92_c5_000_000003.jpg,92,boat,5
boat/92_c5_001_000003.jpg,92,boat,5
boat/92_c5_002_000003.jpg,92,boat,5
boat/92_c5_003_000003.jpg,92,boat,5
boat/92_c5_004_000003.jpg,92,boat,5
boat/92_c5_005_000003.jpg,92,boat,5
boat/92_c5_00_3.jpg,92,boat,5
boat/93_c4_000_000000.jpg,93,boat,4
boat/93_c4_000_000001.jpg,93,boat,4
boat/93_c4_001_000000.jpg,93,boat,4
boat/93_c4_001_000001.jpg,93,boat,4
boat/93_c4_002_000000.jpg,93,boat,4
boat/93_c4_002_000001.jpg,93,boat,4
boat/93_c4_003_000000.jpg,93,boat,4
boat/93_c4_003_000001.jpg,93,boat,4
boat/93_c4_004_000000.jpg,93,boat,4
boat/93_c4_004_000001.jpg,93,boat,4
boat/93_c4_005_000000.jpg,93,boat,4
boat/93_c4_005_000001.jpg,93,boat,4
boat/93_c4_00_0.jpg,93,boat,4
boat/93_c4_00_4.jpg,93,boat,4
boat/93_c5_000_000002.jpg,93,boat,5
boat/93_c5_000_000003.jpg,93,boat,5
boat/93_c5_001_000002.jpg,93,boat,5
boat/93_c5_001_000003.jpg,93,boat,5
boat/93_c5_002_000002.jpg,93,boat,5
boat/93_c5_002_000003.jpg,93,boat,5
boat/93_c5_003_000002.jpg,93,boat,5
boat/93_c5_003_000003.jpg,93,boat,5
boat/93_c5_004_000002.jpg,93,boat,5
boat/93_c5_004_000003.jpg,93,boat,5
boat/93_c5_005_000002.jpg,93,boat,5
boat/93_c5_005_000003.jpg,93,boat,5
boat/93_c5_00_1.jpg,93,boat,5
boat/93_c5_00_2.jpg,93,boat,5
boat/93_c6_000_000004.jpg,93,boat,6
boat/93_c6_001_000004.jpg,93,boat,6
boat/93_c6_002_000004.jpg,93,boat,6
boat/93_c6_003_000004.jpg,93,boat,6
boat/93_c6_004_000004.jpg,93,boat,6
boat/93_c6_005_000004.jpg,93,boat,6
boat/93_c6_00_3.jpg,93,boat,6
boat/94_c2_000_000000.jpg,94,boat,2
boat/94_c2_001_000000.jpg,94,boat,2
boat/94_c2_002_000000.jpg,94,boat,2
boat/94_c2_003_000000.jpg,94,boat,2
boat/94_c2_004_000000.jpg,94,boat,2
boat/94_c2_005_000000.jpg,94,boat,2
boat/94_c2_00_1.jpg,94,boat,2
boat/94_c3_000_000001.jpg,94,boat,3
boat/94_c3_001_000001.jpg,94,boat,3
boat/94_c3_002_000001.jpg,94,boat,3
boat/94_c3_003_000001.jpg,94,boat,3
boat/94_c3_004_000001.jpg,94,boat,3
boat/94_c3_005_000001.jpg,94,boat,3
boat/94_c3_00_3.jpg,94,boat,3
boat/94_c5_000_000002.jpg,94,boat,5
boat/94_c5_000_000003.jpg,94,boat,5
boat/94_c5_001_000002.jpg,94,boat,5
boat/94_c5_001_000003.jpg,94,boat,5
boat/94_c5_002_000002.jpg,94,boat,5
boat/94_c5_002_000003.jpg,94,boat,5
boat/94_c5_003_000002.jpg,94,boat,5
boat/94_c5_003_000003.jpg,94,boat,5
boat/94_c5_004_000002.jpg,94,boat,5
boat/94_c5_004_000003.jpg,94,boat,5
boat/94_c5_005_000002.jpg,94,boat,5
boat/94_c5_005_000003.jpg,94,boat,5
boat/94_c5_00_2.jpg,94,boat,5
boat/94_c5_00_5.jpg,94,boat,5
boat/94_c6_000_000004.jpg,94,boat,6
boat/94_c6_000_000005.jpg,94,boat,6
boat/94_c6_001_000004.jpg,94,boat,6
boat/94_c6_001_000005.jpg,94,boat,6
boat/94_c6_002_000004.jpg,94,boat,6
boat/94_c6_002_000005.jpg,94,boat,6
boat/94_c6_003_000004.jpg,94,boat,6
boat/94_c6_003_000005.jpg,94,boat,6
boat/94_c6_004_000004.jpg,94,boat,6
boat/94_c6_004_000005.jpg,94,boat,6
boat/94_c6_005_000004.jpg,94,boat,6
boat/94_c6_005_000005.jpg,94,boat,6
boat/94_c6_00_0.jpg,94,boat,6
boat/94_c6_00_4.jpg,94,boat,6
boat/95_c1_000_000000.jpg,95,boat,1
boat/95_c1_001_000000.jpg,95,boat,1
boat/95_c1_002_000000.jpg,95,boat,1
boat/95_c1_003_000000.jpg,95,boat,1
boat/95_c1_004_000000.jpg,95,boat,1
boat/95_c1_005_000000.jpg,95,boat,1
boat/95_c1_00_3.jpg,95,boat,1
boat/95_c2_000_000001.jpg,95,boat,2
boat/95_c2_000_000002.jpg,95,boat,2
boat/95_c2_001_000001.jpg,95,boat,2
boat/95_c2_001_000002.jpg,95,boat,2
boat/95_c2_002_000001.jpg,95,boat,2
boat/95_c2_002_000002.jpg,95,boat,2
boat/95_c2_003_000001.jpg,95,boat,2
boat/95_c2_003_000002.jpg,95,boat,2
boat/95_c2_004_000001.jpg,95,boat,2
boat/95_c2_004_000002.jpg,95,boat,2
boat/95_c2_005_000001.jpg,95,boat,2
boat/95_c2_005_000002.jpg,95,boat,2
boat/95_c2_00_4.jpg,95,boat,2
boat/95_c2_00_5.jpg,95,boat,2
boat/95_c3_000_000003.jpg,95,boat,3
boat/95_c3_001_000003.jpg,95,boat,3
boat/95_c3_002_000003.jpg,95,boat,3
boat/95_c3_003_000003.jpg,95,boat,3
boat/95_c3_004_000003.jpg,95,boat,3
boat/95_c3_005_000003.jpg,95,boat,3
boat/95_c3_00_0.jpg,95,boat,3
boat/95_c4_000_000004.jpg,95,boat,4
boat/95_c4_001_000004.jpg,95,boat,4
boat/95_c4_002_000004.jpg,95,boat,4
boat/95_c4_003_000004.jpg,95,boat,4
boat/95_c4_004_000004.jpg,95,boat,4
boat/95_c4_005_000004.jpg,95,boat,4
boat/95_c4_00_1.jpg,95,boat,4
boat/95_c6_000_000005.jpg,95,boat,6
boat/95_c6_001_000005.jpg,95,boat,6
boat/95_c6_002_000005.jpg,95,boat,6
boat/95_c6_003_000005.jpg,95,boat,6
boat/95_c6_004_000005.jpg,95,boat,6
boat/95_c6_005_000005.jpg,95,boat,6
boat/95_c6_00_2.jpg,95,boat,6
boat/96_c2_000_000000.jpg,96,boat,2
boat/96_c2_000_000001.jpg,96,boat,2
boat/96_c2_001_000000.jpg,96,boat,2
boat/96_c2_001_000001.jpg,96,boat,2
boat/96_c2_002_000000.jpg,96,boat,2
boat/96_c2_002_000001.jpg,96,boat,2
boat/96_c2_003_000000.jpg,96,boat,2
boat/96_c2_003_000001.jpg,96,boat,2
boat/96_c2_004_000000.jpg,96,boat,2
boat/96_c2_004_000001.jpg,96,boat,2
boat/96_c2_005_000000.jpg,96,boat,2
boat/96_c2_005_000001.jpg,96,boat,2
boat/96_c2_00_2.jpg,96,boat,2
boat/96_c2_00_4.jpg,96,boat,2
boat/96_c3_000_000002.jpg,96,boat,3
boat/96_c3_001_000002.jpg,96,boat,3
boat/96_c3_002_000002.jpg,96,boat,3
boat/96_c3_003_000002.jpg,96,boat,3
boat/96_c3_004_000002.jpg,96,boat,3
boat/96_c3_005_000002.jpg,96,boat,3
boat/96_c3_00_1.jpg,96,boat,3
boat/96_c5_000_000003.jpg,96,boat,5
boat/96_c5_001_000003.jpg,96,boat,5
boat/96_c5_002_000003.jpg,96,boat,5
boat/96_c5_003_000003.jpg,96,boat,5
boat/96_c5_004_000003.jpg,96,boat,5
boat/96_c5_005_000003.jpg,96,boat,5
boat/96_c5_00_3.jpg,96,boat,5
boat/96_c6_000_000004.jpg,96,boat,6
boat/96_c6_001_000004.jpg,96,boat,6
boat/96_c6_002_000004.jpg,96,boat,6
boat/96_c6_003_000004.jpg,96,boat,6
boat/96_c6_004_000004.jpg,96,boat,6
boat/96_c6_005_000004.jpg,96,boat,6
boat/96_c6_00_0.jpg,96,boat,6
boat/98_c1_000_000000.jpg,98,boat,1
boat/98_c1_001_000000.jpg,98,boat,1
boat/98_c1_002_000000.jpg,98,boat,1
boat/98_c1_003_000000.jpg,98,boat,1
boat/98_c1_004_000000.jpg,98,boat,1
boat/98_c1_005_000000.jpg,98,boat,1
boat/98_c1_00_1.jpg,98,boat,1
boat/98_c4_000_000001.jpg,98,boat,4
boat/98_c4_001_000001.jpg,98,boat,4
boat/98_c4_002_000001.jpg,98,boat,4
boat/98_c4_003_000001.jpg,98,boat,4
boat/98_c4_004_000001.jpg,98,boat,4
boat/98_c4_005_000001.jpg,98,boat,4
boat/98_c4_00_3.jpg,98,boat,4
boat/98_c5_000_000002.jpg,98,boat,5
boat/98_c5_000_000003.jpg,98,boat,5
boat/98_c5_001_000002.jpg,98,boat,5
boat/98_c5_001_000003.jpg,98,boat,5
boat/98_c5_002_000002.jpg,98,boat,5
boat/98_c5_002_000003.jpg,98,boat,5
boat/98_c5_003_000002.jpg,98,boat,5
boat/98_c5_003_000003.jpg,98,boat,5
boat/98_c5_004_000002.jpg,98,boat,5
boat/98_c5_004_000003.jpg,98,boat,5
boat/98_c5_005_000002.jpg,98,boat,5
boat/98_c5_005_000003.jpg,98,boat,5
boat/98_c5_00_0.jpg,98,boat,5
boat/98_c5_00_2.jpg,98,boat,5
boat/98_c6_000_000004.jpg,98,boat,6
boat/98_c6_001_000004.jpg,98,boat,6
boat/98_c6_002_000004.jpg,98,boat,6
boat/98_c6_003_000004.jpg,98,boat,6
boat/98_c6_004_000004.jpg,98,boat,6
boat/98_c6_005_000004.jpg,98,boat,6
boat/98_c6_00_4.jpg,98,boat,6
boat/99_c1_000_000000.jpg,99,boat,1
boat/99_c1_001_000000.jpg,99,boat,1
boat/99_c1_002_000000.jpg,99,boat,1
boat/99_c1_003_000000.jpg,99,boat,1
boat/99_c1_004_000000.jpg,99,boat,1
boat/99_c1_005_000000.jpg,99,boat,1
boat/99_c1_00_5.jpg,99,boat,1
boat/99_c2_000_000001.jpg,99,boat,2
boat/99_c2_001_000001.jpg,99,boat,2
boat/99_c2_002_000001.jpg,99,boat,2
boat/99_c2_003_000001.jpg,99,boat,2
boat/99_c2_004_000001.jpg,99,boat,2
boat/99_c2_005_000001.jpg,99,boat,2
boat/99_c2_00_3.jpg,99,boat,2
boat/99_c4_000_000002.jpg,99,boat,4
boat/99_c4_000_000003.jpg,99,boat,4
boat/99_c4_000_000004.jpg,99,boat,4
boat/99_c4_001_000002.jpg,99,boat,4
boat/99_c4_001_000003.jpg,99,boat,4
boat/99_c4_001_000004.jpg,99,boat,4
boat/99_c4_002_000002.jpg,99,boat,4
boat/99_c4_002_000003.jpg,99,boat,4
boat/99_c4_002_000004.jpg,99,boat,4
boat/99_c4_003_000002.jpg,99,boat,4
boat/99_c4_003_000003.jpg,99,boat,4
boat/99_c4_003_000004.jpg,99,boat,4
boat/99_c4_004_000002.jpg,99,boat,4
boat/99_c4_004_000003.jpg,99,boat,4
boat/99_c4_004_000004.jpg,99,boat,4
boat/99_c4_005_000002.jpg,99,boat,4
boat/99_c4_005_000003.jpg,99,boat,4
boat/99_c4_005_000004.jpg,99,boat,4
boat/99_c4_00_0.jpg,99,boat,4
boat/99_c4_00_1.jpg,99,boat,4
boat/99_c4_00_2.jpg,99,boat,4
boat/99_c6_000_000005.jpg,99,boat,6
boat/99_c6_001_000005.jpg,99,boat,6
boat/99_c6_002_000005.jpg,99,boat,6
boat/99_c6_003_000005.jpg,99,boat,6
boat/99_c6_004_000005.jpg,99,boat,6
boat/99_c6_005_000005.jpg,99,boat,6
boat/99_c6_00_4.jpg,99,boat,6
