path,original_pid,source_dataset,camid
VeRi/image_train/0100_c001_00002895_0.jpg,100,veri,0
VeRi/image_train/0100_c001_00002900_0.jpg,100,veri,0
VeRi/image_train/0100_c001_00002905_0.jpg,100,veri,0
VeRi/image_train/0100_c001_00002910_0.jpg,100,veri,0
VeRi/image_train/0100_c001_00002915_0.jpg,100,veri,0
VeRi/image_train/0100_c001_00002920_0.jpg,100,veri,0
VeRi/image_train/0100_c002_00002360_0.jpg,100,veri,1
VeRi/image_train/0100_c002_00002380_0.jpg,100,veri,1
VeRi/image_train/0100_c002_00002400_0.jpg,100,veri,1
VeRi/image_train/0100_c002_00002410_0.jpg,100,veri,1
VeRi/image_train/0100_c002_00002420_0.jpg,100,veri,1
VeRi/image_train/0100_c002_00002440_0.jpg,100,veri,1
VeRi/image_train/0100_c012_00003445_0.jpg,100,veri,11
VeRi/image_train/0100_c012_00003450_0.jpg,100,veri,11
VeRi/image_train/0100_c012_00003455_0.jpg,100,veri,11
VeRi/image_train/0100_c012_00003460_0.jpg,100,veri,11
VeRi/image_train/0100_c012_00003465_0.jpg,100,veri,11
VeRi/image_train/0100_c012_00003485_0.jpg,100,veri,11
VeRi/image_train/0100_c013_00003315_0.jpg,100,veri,12
VeRi/image_train/0100_c013_00003325_0.jpg,100,veri,12
VeRi/image_train/0100_c013_00003340_0.jpg,100,veri,12
VeRi/image_train/0100_c013_00003345_0.jpg,100,veri,12
VeRi/image_train/0100_c014_00020135_0.jpg,100,veri,13
VeRi/image_train/0100_c014_00020140_0.jpg,100,veri,13
VeRi/image_train/0100_c014_00020145_0.jpg,100,veri,13
VeRi/image_train/0100_c014_00020150_0.jpg,100,veri,13
VeRi/image_train/0100_c014_00020155_0.jpg,100,veri,13
VeRi/image_train/0100_c014_00020160_0.jpg,100,veri,13
VeRi/image_train/0100_c015_00019970_0.jpg,100,veri,14
VeRi/image_train/0100_c015_00019975_0.jpg,100,veri,14
VeRi/image_train/0100_c015_00019995_0.jpg,100,veri,14
VeRi/image_train/0100_c015_00020000_0.jpg,100,veri,14
VeRi/image_train/0100_c015_00020005_0.jpg,100,veri,14
VeRi/image_train/0100_c015_00020010_0.jpg,100,veri,14
VeRi/image_train/0100_c016_00020405_0.jpg,100,veri,15
VeRi/image_train/0100_c016_00020410_0.jpg,100,veri,15
VeRi/image_train/0100_c016_00020415_0.jpg,100,veri,15
VeRi/image_train/0100_c016_00020420_0.jpg,100,veri,15
VeRi/image_train/0100_c017_00019145_0.jpg,100,veri,16
VeRi/image_train/0100_c017_00019160_0.jpg,100,veri,16
VeRi/image_train/0100_c017_00019165_1.jpg,100,veri,16
VeRi/image_train/0100_c017_00019175_1.jpg,100,veri,16
VeRi/image_train/0100_c017_00019180_1.jpg,100,veri,16
VeRi/image_train/0100_c017_00019190_0.jpg,100,veri,16
VeRi/image_train/0100_c019_00019400_0.jpg,100,veri,18
VeRi/image_train/0100_c019_00019405_0.jpg,100,veri,18
VeRi/image_train/0100_c019_00019410_0.jpg,100,veri,18
VeRi/image_train/0100_c019_00019415_0.jpg,100,veri,18
VeRi/image_train/0100_c019_00019420_0.jpg,100,veri,18
VeRi/image_train/0100_c019_00019425_0.jpg,100,veri,18
VeRi/image_train/0107_c005_00088840_0.jpg,107,veri,4
VeRi/image_train/0107_c005_00088850_0.jpg,107,veri,4
VeRi/image_train/0107_c005_00088860_0.jpg,107,veri,4
VeRi/image_train/0107_c005_00088880_0.jpg,107,veri,4
VeRi/image_train/0107_c005_00088910_0.jpg,107,veri,4
VeRi/image_train/0107_c005_00088950_0.jpg,107,veri,4
VeRi/image_train/0107_c007_00088990_0.jpg,107,veri,6
VeRi/image_train/0107_c007_00088995_0.jpg,107,veri,6
VeRi/image_train/0107_c007_00089005_0.jpg,107,veri,6
VeRi/image_train/0107_c007_00089010_0.jpg,107,veri,6
VeRi/image_train/0107_c007_00089015_0.jpg,107,veri,6
VeRi/image_train/0107_c007_00089025_0.jpg,107,veri,6
VeRi/image_train/0114_c002_00070980_0.jpg,114,veri,1
VeRi/image_train/0114_c002_00070990_0.jpg,114,veri,1
VeRi/image_train/0114_c002_00071000_0.jpg,114,veri,1
VeRi/image_train/0114_c002_00071010_0.jpg,114,veri,1
VeRi/image_train/0114_c002_00071020_0.jpg,114,veri,1
VeRi/image_train/0114_c002_00071030_0.jpg,114,veri,1
VeRi/image_train/0114_c003_00072910_1.jpg,114,veri,2
VeRi/image_train/0114_c003_00072920_1.jpg,114,veri,2
VeRi/image_train/0114_c003_00072930_1.jpg,114,veri,2
VeRi/image_train/0114_c003_00072940_1.jpg,114,veri,2
VeRi/image_train/0114_c003_00072950_1.jpg,114,veri,2
VeRi/image_train/0114_c003_00072955_0.jpg,114,veri,2
VeRi/image_train/0114_c004_00072840_1.jpg,114,veri,3
VeRi/image_train/0114_c004_00072845_0.jpg,114,veri,3
VeRi/image_train/0114_c004_00072850_0.jpg,114,veri,3
VeRi/image_train/0114_c004_00072855_0.jpg,114,veri,3
VeRi/image_train/0114_c004_00072870_0.jpg,114,veri,3
VeRi/image_train/0114_c004_00072875_0.jpg,114,veri,3
VeRi/image_train/0114_c005_00073495_0.jpg,114,veri,4
VeRi/image_train/0114_c005_00073505_0.jpg,114,veri,4
VeRi/image_train/0114_c005_00073520_0.jpg,114,veri,4
VeRi/image_train/0114_c005_00073530_0.jpg,114,veri,4
VeRi/image_train/0114_c005_00073545_0.jpg,114,veri,4
VeRi/image_train/0114_c005_00073560_0.jpg,114,veri,4
VeRi/image_train/0114_c006_00071945_1.jpg,114,veri,5
VeRi/image_train/0114_c006_00071960_1.jpg,114,veri,5
VeRi/image_train/0114_c006_00071980_0.jpg,114,veri,5
VeRi/image_train/0114_c006_00072005_1.jpg,114,veri,5
VeRi/image_train/0114_c006_00072030_0.jpg,114,veri,5
VeRi/image_train/0114_c006_00072065_1.jpg,114,veri,5
VeRi/image_train/0114_c007_00073580_0.jpg,114,veri,6
VeRi/image_train/0114_c007_00073590_0.jpg,114,veri,6
VeRi/image_train/0114_c007_00073595_0.jpg,114,veri,6
VeRi/image_train/0114_c007_00073600_0.jpg,114,veri,6
VeRi/image_train/0114_c008_00073095_0.jpg,114,veri,7
VeRi/image_train/0114_c008_00073100_0.jpg,114,veri,7
VeRi/image_train/0114_c008_00073105_0.jpg,114,veri,7
VeRi/image_train/0114_c008_00073110_0.jpg,114,veri,7
VeRi/image_train/0114_c008_00073115_0.jpg,114,veri,7
VeRi/image_train/0114_c009_00073055_0.jpg,114,veri,8
VeRi/image_train/0114_c009_00073060_0.jpg,114,veri,8
VeRi/image_train/0114_c009_00073065_0.jpg,114,veri,8
VeRi/image_train/0114_c009_00073070_0.jpg,114,veri,8
VeRi/image_train/0114_c009_00073075_0.jpg,114,veri,8
VeRi/image_train/0114_c009_00073080_0.jpg,114,veri,8
VeRi/image_train/0114_c010_00072370_0.jpg,114,veri,9
VeRi/image_train/0114_c010_00072375_0.jpg,114,veri,9
VeRi/image_train/0114_c010_00072380_0.jpg,114,veri,9
VeRi/image_train/0114_c010_00072385_0.jpg,114,veri,9
VeRi/image_train/0114_c010_00072395_0.jpg,114,veri,9
VeRi/image_train/0114_c010_00072400_0.jpg,114,veri,9
VeRi/image_train/0114_c011_00071915_2.jpg,114,veri,10
VeRi/image_train/0114_c011_00071925_1.jpg,114,veri,10
VeRi/image_train/0114_c011_00071945_0.jpg,114,veri,10
VeRi/image_train/0114_c011_00071960_1.jpg,114,veri,10
VeRi/image_train/0114_c011_00071970_1.jpg,114,veri,10
VeRi/image_train/0114_c011_00071980_1.jpg,114,veri,10
VeRi/image_train/0116_c002_00017510_1.jpg,116,veri,1
VeRi/image_train/0116_c002_00017540_1.jpg,116,veri,1
VeRi/image_train/0116_c002_00017560_1.jpg,116,veri,1
VeRi/image_train/0116_c002_00017575_0.jpg,116,veri,1
VeRi/image_train/0116_c002_00017595_0.jpg,116,veri,1
VeRi/image_train/0116_c002_00017665_0.jpg,116,veri,1
VeRi/image_train/0116_c003_00015180_0.jpg,116,veri,2
VeRi/image_train/0116_c003_00015205_0.jpg,116,veri,2
VeRi/image_train/0116_c003_00015255_0.jpg,116,veri,2
VeRi/image_train/0116_c003_00015280_0.jpg,116,veri,2
VeRi/image_train/0116_c003_00015315_0.jpg,116,veri,2
VeRi/image_train/0116_c004_00015085_0.jpg,116,veri,3
VeRi/image_train/0116_c004_00015140_0.jpg,116,veri,3
VeRi/image_train/0116_c004_00015160_0.jpg,116,veri,3
VeRi/image_train/0116_c004_00015220_0.jpg,116,veri,3
VeRi/image_train/0116_c004_00015240_0.jpg,116,veri,3
VeRi/image_train/0116_c006_00016070_0.jpg,116,veri,5
VeRi/image_train/0116_c006_00016080_0.jpg,116,veri,5
VeRi/image_train/0116_c006_00016090_0.jpg,116,veri,5
VeRi/image_train/0116_c006_00016100_0.jpg,116,veri,5
VeRi/image_train/0116_c006_00016115_0.jpg,116,veri,5
VeRi/image_train/0116_c006_00016135_0.jpg,116,veri,5
VeRi/image_train/0116_c010_00015975_0.jpg,116,veri,9
VeRi/image_train/0116_c010_00015980_0.jpg,116,veri,9
VeRi/image_train/0116_c010_00015985_0.jpg,116,veri,9
VeRi/image_train/0116_c010_00015990_0.jpg,116,veri,9
VeRi/image_train/0116_c010_00015995_0.jpg,116,veri,9
VeRi/image_train/0116_c010_00016000_0.jpg,116,veri,9
VeRi/image_train/0116_c011_00016045_0.jpg,116,veri,10
VeRi/image_train/0116_c011_00016055_0.jpg,116,veri,10
VeRi/image_train/0116_c011_00016065_0.jpg,116,veri,10
VeRi/image_train/0116_c011_00016075_0.jpg,116,veri,10
VeRi/image_train/0116_c011_00016090_0.jpg,116,veri,10
VeRi/image_train/0116_c011_00016105_0.jpg,116,veri,10
VeRi/image_train/0123_c001_00057740_0.jpg,123,veri,0
VeRi/image_train/0123_c001_00057750_0.jpg,123,veri,0
VeRi/image_train/0123_c001_00057760_0.jpg,123,veri,0
VeRi/image_train/0123_c001_00057770_0.jpg,123,veri,0
VeRi/image_train/0123_c001_00057780_0.jpg,123,veri,0
VeRi/image_train/0123_c001_00057790_0.jpg,123,veri,0
VeRi/image_train/0123_c012_00057070_0.jpg,123,veri,11
VeRi/image_train/0123_c012_00057080_0.jpg,123,veri,11
VeRi/image_train/0123_c012_00057090_0.jpg,123,veri,11
VeRi/image_train/0123_c012_00057100_0.jpg,123,veri,11
VeRi/image_train/0123_c012_00057125_0.jpg,123,veri,11
VeRi/image_train/0123_c012_00057140_0.jpg,123,veri,11
VeRi/image_train/0123_c013_00057280_0.jpg,123,veri,12
VeRi/image_train/0123_c013_00057285_0.jpg,123,veri,12
VeRi/image_train/0123_c013_00057290_0.jpg,123,veri,12
VeRi/image_train/0123_c013_00057295_0.jpg,123,veri,12
VeRi/image_train/0123_c013_00057300_0.jpg,123,veri,12
VeRi/image_train/0123_c013_00057305_0.jpg,123,veri,12
VeRi/image_train/0123_c014_00055085_0.jpg,123,veri,13
VeRi/image_train/0123_c014_00055110_0.jpg,123,veri,13
VeRi/image_train/0123_c014_00055115_0.jpg,123,veri,13
VeRi/image_train/0123_c014_00055120_0.jpg,123,veri,13
VeRi/image_train/0123_c014_00055125_0.jpg,123,veri,13
VeRi/image_train/0123_c014_00055130_0.jpg,123,veri,13
VeRi/image_train/0123_c015_00055150_0.jpg,123,veri,14
VeRi/image_train/0123_c015_00055155_0.jpg,123,veri,14
VeRi/image_train/0123_c015_00055160_0.jpg,123,veri,14
VeRi/image_train/0123_c015_00055165_0.jpg,123,veri,14
VeRi/image_train/0123_c015_00055170_0.jpg,123,veri,14
VeRi/image_train/0123_c015_00055175_0.jpg,123,veri,14
VeRi/image_train/0123_c016_00054955_1.jpg,123,veri,15
VeRi/image_train/0123_c016_00054960_0.jpg,123,veri,15
VeRi/image_train/0123_c016_00054965_0.jpg,123,veri,15
VeRi/image_train/0123_c016_00054970_0.jpg,123,veri,15
VeRi/image_train/0123_c016_00054975_0.jpg,123,veri,15
VeRi/image_train/0123_c016_00054980_0.jpg,123,veri,15
VeRi/image_train/0123_c017_00056030_1.jpg,123,veri,16
VeRi/image_train/0123_c017_00056040_0.jpg,123,veri,16
VeRi/image_train/0123_c017_00056045_0.jpg,123,veri,16
VeRi/image_train/0123_c017_00056050_0.jpg,123,veri,16
VeRi/image_train/0123_c017_00056055_0.jpg,123,veri,16
VeRi/image_train/0123_c017_00056065_1.jpg,123,veri,16
VeRi/image_train/0123_c019_00055805_0.jpg,123,veri,18
VeRi/image_train/0123_c019_00055810_0.jpg,123,veri,18
VeRi/image_train/0123_c019_00055815_0.jpg,123,veri,18
VeRi/image_train/0123_c019_00055820_0.jpg,123,veri,18
VeRi/image_train/0123_c019_00055825_0.jpg,123,veri,18
VeRi/image_train/0123_c019_00055830_0.jpg,123,veri,18
VeRi/image_train/0013_c001_00071155_0.jpg,13,veri,0
VeRi/image_train/0013_c001_00071165_0.jpg,13,veri,0
VeRi/image_train/0013_c001_00071175_0.jpg,13,veri,0
VeRi/image_train/0013_c001_00071185_0.jpg,13,veri,0
VeRi/image_train/0013_c001_00071195_0.jpg,13,veri,0
VeRi/image_train/0013_c001_00071205_0.jpg,13,veri,0
VeRi/image_train/0013_c002_00071760_0.jpg,13,veri,1
VeRi/image_train/0013_c002_00071770_0.jpg,13,veri,1
VeRi/image_train/0013_c002_00071780_0.jpg,13,veri,1
VeRi/image_train/0013_c002_00071790_0.jpg,13,veri,1
VeRi/image_train/0013_c002_00071800_0.jpg,13,veri,1
VeRi/image_train/0013_c002_00071810_0.jpg,13,veri,1
VeRi/image_train/0013_c012_00070225_0.jpg,13,veri,11
VeRi/image_train/0013_c012_00070235_0.jpg,13,veri,11
VeRi/image_train/0013_c012_00070250_0.jpg,13,veri,11
VeRi/image_train/0013_c012_00070260_0.jpg,13,veri,11
VeRi/image_train/0013_c012_00070275_0.jpg,13,veri,11
VeRi/image_train/0013_c012_00070285_0.jpg,13,veri,11
VeRi/image_train/0013_c013_00070320_0.jpg,13,veri,12
VeRi/image_train/0013_c013_00070325_0.jpg,13,veri,12
VeRi/image_train/0013_c013_00070330_0.jpg,13,veri,12
VeRi/image_train/0013_c013_00070335_0.jpg,13,veri,12
VeRi/image_train/0013_c013_00070340_0.jpg,13,veri,12
VeRi/image_train/0013_c013_00070345_0.jpg,13,veri,12
VeRi/image_train/0013_c014_00068670_1.jpg,13,veri,13
VeRi/image_train/0013_c014_00068675_1.jpg,13,veri,13
VeRi/image_train/0013_c014_00068680_1.jpg,13,veri,13
VeRi/image_train/0013_c014_00068685_1.jpg,13,veri,13
VeRi/image_train/0013_c014_00068690_0.jpg,13,veri,13
VeRi/image_train/0013_c014_00068695_0.jpg,13,veri,13
VeRi/image_train/0013_c015_00068715_0.jpg,13,veri,14
VeRi/image_train/0013_c015_00068720_0.jpg,13,veri,14
VeRi/image_train/0013_c015_00068725_0.jpg,13,veri,14
VeRi/image_train/0013_c015_00068730_0.jpg,13,veri,14
VeRi/image_train/0013_c015_00068735_0.jpg,13,veri,14
VeRi/image_train/0013_c015_00068740_0.jpg,13,veri,14
VeRi/image_train/0013_c016_00068395_1.jpg,13,veri,15
VeRi/image_train/0013_c016_00068425_0.jpg,13,veri,15
VeRi/image_train/0013_c016_00068430_0.jpg,13,veri,15
VeRi/image_train/0013_c016_00068435_0.jpg,13,veri,15
VeRi/image_train/0013_c016_00068440_0.jpg,13,veri,15
VeRi/image_train/0013_c017_00069665_0.jpg,13,veri,16
VeRi/image_train/0013_c017_00069680_0.jpg,13,veri,16
VeRi/image_train/0013_c017_00069690_0.jpg,13,veri,16
VeRi/image_train/0013_c017_00069695_0.jpg,13,veri,16
VeRi/image_train/0013_c017_00069710_0.jpg,13,veri,16
VeRi/image_train/0013_c017_00069720_0.jpg,13,veri,16
VeRi/image_train/0013_c019_00069445_0.jpg,13,veri,18
VeRi/image_train/0013_c019_00069450_0.jpg,13,veri,18
VeRi/image_train/0013_c019_00069455_0.jpg,13,veri,18
VeRi/image_train/0013_c019_00069465_0.jpg,13,veri,18
VeRi/image_train/0013_c019_00069470_0.jpg,13,veri,18
VeRi/image_train/0013_c019_00069480_0.jpg,13,veri,18
VeRi/image_train/0138_c001_00084355_0.jpg,138,veri,0
VeRi/image_train/0138_c001_00084370_0.jpg,138,veri,0
VeRi/image_train/0138_c001_00084380_0.jpg,138,veri,0
VeRi/image_train/0138_c001_00084385_0.jpg,138,veri,0
VeRi/image_train/0138_c001_00084390_0.jpg,138,veri,0
VeRi/image_train/0138_c001_00084395_0.jpg,138,veri,0
VeRi/image_train/0138_c012_00084100_0.jpg,138,veri,11
VeRi/image_train/0138_c012_00084110_0.jpg,138,veri,11
VeRi/image_train/0138_c012_00084115_0.jpg,138,veri,11
VeRi/image_train/0138_c012_00084120_0.jpg,138,veri,11
VeRi/image_train/0138_c013_00084225_0.jpg,138,veri,12
VeRi/image_train/0138_c013_00084230_0.jpg,138,veri,12
VeRi/image_train/0138_c013_00084235_0.jpg,138,veri,12
VeRi/image_train/0138_c013_00084240_0.jpg,138,veri,12
VeRi/image_train/0138_c013_00084245_0.jpg,138,veri,12
VeRi/image_train/0138_c013_00084250_0.jpg,138,veri,12
VeRi/image_train/0138_c014_00082230_0.jpg,138,veri,13
VeRi/image_train/0138_c014_00082235_0.jpg,138,veri,13
VeRi/image_train/0138_c014_00082240_0.jpg,138,veri,13
VeRi/image_train/0138_c014_00082245_0.jpg,138,veri,13
VeRi/image_train/0138_c014_00082250_0.jpg,138,veri,13
VeRi/image_train/0138_c014_00082255_0.jpg,138,veri,13
VeRi/image_train/0138_c015_00082315_0.jpg,138,veri,14
VeRi/image_train/0138_c015_00082320_0.jpg,138,veri,14
VeRi/image_train/0138_c015_00082325_0.jpg,138,veri,14
VeRi/image_train/0138_c015_00082330_0.jpg,138,veri,14
VeRi/image_train/0138_c015_00082335_0.jpg,138,veri,14
VeRi/image_train/0138_c015_00082340_0.jpg,138,veri,14
VeRi/image_train/0138_c016_00082035_0.jpg,138,veri,15
VeRi/image_train/0138_c016_00082040_0.jpg,138,veri,15
VeRi/image_train/0138_c016_00082045_0.jpg,138,veri,15
VeRi/image_train/0138_c016_00082050_0.jpg,138,veri,15
VeRi/image_train/0138_c016_00082055_0.jpg,138,veri,15
VeRi/image_train/0138_c016_00082060_0.jpg,138,veri,15
VeRi/image_train/0138_c017_00083545_0.jpg,138,veri,16
VeRi/image_train/0138_c017_00083550_0.jpg,138,veri,16
VeRi/image_train/0138_c017_00083555_0.jpg,138,veri,16
VeRi/image_train/0138_c017_00083560_0.jpg,138,veri,16
VeRi/image_train/0138_c017_00083565_0.jpg,138,veri,16
VeRi/image_train/0138_c017_00083570_0.jpg,138,veri,16
VeRi/image_train/0138_c019_00083265_0.jpg,138,veri,18
VeRi/image_train/0138_c019_00083270_0.jpg,138,veri,18
VeRi/image_train/0138_c019_00083275_0.jpg,138,veri,18
VeRi/image_train/0138_c019_00083280_0.jpg,138,veri,18
VeRi/image_train/0138_c019_00083285_0.jpg,138,veri,18
VeRi/image_train/0138_c019_00083290_0.jpg,138,veri,18
VeRi/image_train/0015_c001_00000115_0.jpg,15,veri,0
VeRi/image_train/0015_c001_00000120_0.jpg,15,veri,0
VeRi/image_train/0015_c001_00000125_0.jpg,15,veri,0
VeRi/image_train/0015_c001_00000130_0.jpg,15,veri,0
VeRi/image_train/0015_c001_00000135_0.jpg,15,veri,0
VeRi/image_train/0015_c005_00045470_0.jpg,15,veri,4
VeRi/image_train/0015_c005_00045490_0.jpg,15,veri,4
VeRi/image_train/0015_c005_00045515_0.jpg,15,veri,4
VeRi/image_train/0015_c005_00045555_0.jpg,15,veri,4
VeRi/image_train/0015_c005_00045610_0.jpg,15,veri,4
VeRi/image_train/0015_c005_00047970_0.jpg,15,veri,4
VeRi/image_train/0015_c005_00048005_0.jpg,15,veri,4
VeRi/image_train/0015_c005_00048050_0.jpg,15,veri,4
VeRi/image_train/0015_c005_00048095_0.jpg,15,veri,4
VeRi/image_train/0015_c007_00048035_0.jpg,15,veri,6
VeRi/image_train/0015_c007_00048040_0.jpg,15,veri,6
VeRi/image_train/0015_c007_00048045_0.jpg,15,veri,6
VeRi/image_train/0015_c007_00048055_0.jpg,15,veri,6
VeRi/image_train/0015_c007_00048060_0.jpg,15,veri,6
VeRi/image_train/0015_c012_00000570_0.jpg,15,veri,11
VeRi/image_train/0015_c012_00000575_0.jpg,15,veri,11
VeRi/image_train/0015_c012_00000580_0.jpg,15,veri,11
VeRi/image_train/0015_c012_00000585_0.jpg,15,veri,11
VeRi/image_train/0015_c012_00000590_0.jpg,15,veri,11
VeRi/image_train/0015_c012_00000595_0.jpg,15,veri,11
VeRi/image_train/0015_c013_00000480_0.jpg,15,veri,12
VeRi/image_train/0015_c013_00000490_0.jpg,15,veri,12
VeRi/image_train/0015_c013_00000500_0.jpg,15,veri,12
VeRi/image_train/0015_c013_00000505_0.jpg,15,veri,12
VeRi/image_train/0015_c014_00001640_0.jpg,15,veri,13
VeRi/image_train/0015_c014_00001645_0.jpg,15,veri,13
VeRi/image_train/0015_c014_00001650_0.jpg,15,veri,13
VeRi/image_train/0015_c014_00001655_0.jpg,15,veri,13
VeRi/image_train/0015_c014_00001660_0.jpg,15,veri,13
VeRi/image_train/0015_c014_00001665_0.jpg,15,veri,13
VeRi/image_train/0015_c014_00065810_0.jpg,15,veri,13
VeRi/image_train/0015_c014_00065890_0.jpg,15,veri,13
VeRi/image_train/0015_c014_00065895_0.jpg,15,veri,13
VeRi/image_train/0015_c014_00065900_0.jpg,15,veri,13
VeRi/image_train/0015_c014_00065905_0.jpg,15,veri,13
VeRi/image_train/0015_c014_00065910_0.jpg,15,veri,13
VeRi/image_train/0015_c014_00069440_0.jpg,15,veri,13
VeRi/image_train/0015_c014_00069445_0.jpg,15,veri,13
VeRi/image_train/0015_c014_00069450_0.jpg,15,veri,13
VeRi/image_train/0015_c014_00069455_0.jpg,15,veri,13
VeRi/image_train/0015_c014_00069460_0.jpg,15,veri,13
VeRi/image_train/0015_c014_00069465_0.jpg,15,veri,13
VeRi/image_train/0015_c015_00001570_0.jpg,15,veri,14
VeRi/image_train/0015_c015_00001575_0.jpg,15,veri,14
VeRi/image_train/0015_c015_00001580_0.jpg,15,veri,14
VeRi/image_train/0015_c015_00001585_0.jpg,15,veri,14
VeRi/image_train/0015_c015_00001590_0.jpg,15,veri,14
VeRi/image_train/0015_c015_00065995_0.jpg,15,veri,14
VeRi/image_train/0015_c015_00066000_0.jpg,15,veri,14
VeRi/image_train/0015_c015_00066005_0.jpg,15,veri,14
VeRi/image_train/0015_c015_00066010_0.jpg,15,veri,14
VeRi/image_train/0015_c015_00066015_0.jpg,15,veri,14
VeRi/image_train/0015_c015_00066020_0.jpg,15,veri,14
VeRi/image_train/0015_c015_00069245_0.jpg,15,veri,14
VeRi/image_train/0015_c015_00069250_0.jpg,15,veri,14
VeRi/image_train/0015_c015_00069255_0.jpg,15,veri,14
VeRi/image_train/0015_c015_00069260_0.jpg,15,veri,14
VeRi/image_train/0015_c015_00069265_0.jpg,15,veri,14
VeRi/image_train/0015_c015_00069270_0.jpg,15,veri,14
VeRi/image_train/0015_c016_00001840_0.jpg,15,veri,15
VeRi/image_train/0015_c016_00001845_0.jpg,15,veri,15
VeRi/image_train/0015_c016_00001850_0.jpg,15,veri,15
VeRi/image_train/0015_c016_00001855_0.jpg,15,veri,15
VeRi/image_train/0015_c016_00001860_0.jpg,15,veri,15
VeRi/image_train/0015_c016_00001865_0.jpg,15,veri,15
VeRi/image_train/0015_c016_00065540_0.jpg,15,veri,15
VeRi/image_train/0015_c016_00065545_0.jpg,15,veri,15
VeRi/image_train/0015_c016_00065550_0.jpg,15,veri,15
VeRi/image_train/0015_c016_00065555_0.jpg,15,veri,15
VeRi/image_train/0015_c016_00065560_0.jpg,15,veri,15
VeRi/image_train/0015_c016_00065565_0.jpg,15,veri,15
VeRi/image_train/0015_c016_00070975_0.jpg,15,veri,15
VeRi/image_train/0015_c016_00070980_0.jpg,15,veri,15
VeRi/image_train/0015_c016_00070985_0.jpg,15,veri,15
VeRi/image_train/0015_c016_00070990_0.jpg,15,veri,15
VeRi/image_train/0015_c016_00070995_0.jpg,15,veri,15
VeRi/image_train/0015_c016_00071000_0.jpg,15,veri,15
VeRi/image_train/0015_c017_00000985_0.jpg,15,veri,16
VeRi/image_train/0015_c017_00000995_0.jpg,15,veri,16
VeRi/image_train/0015_c017_00001000_0.jpg,15,veri,16
VeRi/image_train/0015_c017_00001010_0.jpg,15,veri,16
VeRi/image_train/0015_c017_00001015_0.jpg,15,veri,16
VeRi/image_train/0015_c017_00001025_0.jpg,15,veri,16
VeRi/image_train/0015_c017_00067280_0.jpg,15,veri,16
VeRi/image_train/0015_c017_00067290_0.jpg,15,veri,16
VeRi/image_train/0015_c017_00067300_0.jpg,15,veri,16
VeRi/image_train/0015_c017_00067305_0.jpg,15,veri,16
VeRi/image_train/0015_c017_00067320_0.jpg,15,veri,16
VeRi/image_train/0015_c017_00067330_0.jpg,15,veri,16
VeRi/image_train/0015_c017_00068450_0.jpg,15,veri,16
VeRi/image_train/0015_c017_00068460_0.jpg,15,veri,16
VeRi/image_train/0015_c017_00068470_0.jpg,15,veri,16
VeRi/image_train/0015_c017_00068475_0.jpg,15,veri,16
VeRi/image_train/0015_c017_00068485_0.jpg,15,veri,16
VeRi/image_train/0015_c017_00068495_0.jpg,15,veri,16
VeRi/image_train/0015_c019_00001130_0.jpg,15,veri,18
VeRi/image_train/0015_c019_00001135_0.jpg,15,veri,18
VeRi/image_train/0015_c019_00001140_0.jpg,15,veri,18
VeRi/image_train/0015_c019_00001150_0.jpg,15,veri,18
VeRi/image_train/0015_c019_00001160_0.jpg,15,veri,18
VeRi/image_train/0015_c019_00067015_0.jpg,15,veri,18
VeRi/image_train/0015_c019_00067020_0.jpg,15,veri,18
VeRi/image_train/0015_c019_00067025_0.jpg,15,veri,18
VeRi/image_train/0015_c019_00067035_0.jpg,15,veri,18
VeRi/image_train/0015_c019_00067045_0.jpg,15,veri,18
VeRi/image_train/0015_c019_00067065_0.jpg,15,veri,18
VeRi/image_train/0015_c019_00068650_0.jpg,15,veri,18
VeRi/image_train/0015_c019_00068660_0.jpg,15,veri,18
VeRi/image_train/0015_c019_00068670_0.jpg,15,veri,18
VeRi/image_train/0015_c019_00068680_0.jpg,15,veri,18
VeRi/image_train/0015_c019_00068690_0.jpg,15,veri,18
VeRi/image_train/0015_c019_00068700_0.jpg,15,veri,18
VeRi/image_train/0159_c001_00007610_0.jpg,159,veri,0
VeRi/image_train/0159_c001_00007685_0.jpg,159,veri,0
VeRi/image_train/0159_c001_00007740_0.jpg,159,veri,0
VeRi/image_train/0159_c001_00007765_0.jpg,159,veri,0
VeRi/image_train/0159_c001_00007775_0.jpg,159,veri,0
VeRi/image_train/0159_c001_00007785_0.jpg,159,veri,0
VeRi/image_train/0159_c012_00006110_1.jpg,159,veri,11
VeRi/image_train/0159_c012_00006115_1.jpg,159,veri,11
VeRi/image_train/0159_c012_00006120_1.jpg,159,veri,11
VeRi/image_train/0159_c012_00006125_1.jpg,159,veri,11
VeRi/image_train/0159_c012_00006130_1.jpg,159,veri,11
VeRi/image_train/0159_c012_00006135_1.jpg,159,veri,11
VeRi/image_train/0159_c013_00006240_0.jpg,159,veri,12
VeRi/image_train/0159_c013_00006255_0.jpg,159,veri,12
VeRi/image_train/0159_c013_00006310_0.jpg,159,veri,12
VeRi/image_train/0159_c014_00002750_0.jpg,159,veri,13
VeRi/image_train/0159_c014_00002755_0.jpg,159,veri,13
VeRi/image_train/0159_c014_00002765_0.jpg,159,veri,13
VeRi/image_train/0159_c014_00002770_0.jpg,159,veri,13
VeRi/image_train/0159_c015_00002845_0.jpg,159,veri,14
VeRi/image_train/0159_c015_00002850_0.jpg,159,veri,14
VeRi/image_train/0159_c015_00002855_0.jpg,159,veri,14
VeRi/image_train/0159_c015_00002865_0.jpg,159,veri,14
VeRi/image_train/0159_c015_00002875_0.jpg,159,veri,14
VeRi/image_train/0159_c015_00002880_0.jpg,159,veri,14
VeRi/image_train/0159_c016_00002500_0.jpg,159,veri,15
VeRi/image_train/0159_c016_00002505_0.jpg,159,veri,15
VeRi/image_train/0159_c016_00002510_0.jpg,159,veri,15
VeRi/image_train/0159_c016_00002515_0.jpg,159,veri,15
VeRi/image_train/0159_c017_00003825_0.jpg,159,veri,16
VeRi/image_train/0159_c017_00003840_0.jpg,159,veri,16
VeRi/image_train/0159_c017_00003850_0.jpg,159,veri,16
VeRi/image_train/0159_c017_00003865_0.jpg,159,veri,16
VeRi/image_train/0159_c017_00003870_0.jpg,159,veri,16
VeRi/image_train/0159_c019_00003660_0.jpg,159,veri,18
VeRi/image_train/0159_c019_00003665_0.jpg,159,veri,18
VeRi/image_train/0159_c019_00003670_0.jpg,159,veri,18
VeRi/image_train/0159_c019_00003675_0.jpg,159,veri,18
VeRi/image_train/0159_c019_00003680_0.jpg,159,veri,18
VeRi/image_train/0159_c019_00003685_0.jpg,159,veri,18
VeRi/image_train/0160_c001_00086590_0.jpg,160,veri,0
VeRi/image_train/0160_c001_00086595_0.jpg,160,veri,0
VeRi/image_train/0160_c001_00086605_0.jpg,160,veri,0
VeRi/image_train/0160_c001_00086615_0.jpg,160,veri,0
VeRi/image_train/0160_c001_00086625_0.jpg,160,veri,0
VeRi/image_train/0160_c001_00086635_0.jpg,160,veri,0
VeRi/image_train/0160_c012_00085695_0.jpg,160,veri,11
VeRi/image_train/0160_c012_00085705_0.jpg,160,veri,11
VeRi/image_train/0160_c012_00085715_0.jpg,160,veri,11
VeRi/image_train/0160_c012_00085720_0.jpg,160,veri,11
VeRi/image_train/0160_c012_00085730_0.jpg,160,veri,11
VeRi/image_train/0160_c012_00085735_0.jpg,160,veri,11
VeRi/image_train/0160_c013_00085815_1.jpg,160,veri,12
VeRi/image_train/0160_c013_00085820_0.jpg,160,veri,12
VeRi/image_train/0160_c013_00085825_0.jpg,160,veri,12
VeRi/image_train/0160_c013_00085830_0.jpg,160,veri,12
VeRi/image_train/0160_c013_00085835_0.jpg,160,veri,12
VeRi/image_train/0160_c013_00085840_0.jpg,160,veri,12
VeRi/image_train/0160_c014_00084010_0.jpg,160,veri,13
VeRi/image_train/0160_c014_00084015_0.jpg,160,veri,13
VeRi/image_train/0160_c014_00084020_0.jpg,160,veri,13
VeRi/image_train/0160_c014_00084025_0.jpg,160,veri,13
VeRi/image_train/0160_c014_00084030_0.jpg,160,veri,13
VeRi/image_train/0160_c014_00084035_0.jpg,160,veri,13
VeRi/image_train/0160_c015_00084035_0.jpg,160,veri,14
VeRi/image_train/0160_c015_00084040_0.jpg,160,veri,14
VeRi/image_train/0160_c015_00084045_0.jpg,160,veri,14
VeRi/image_train/0160_c015_00084050_0.jpg,160,veri,14
VeRi/image_train/0160_c015_00084055_0.jpg,160,veri,14
VeRi/image_train/0160_c015_00084060_0.jpg,160,veri,14
VeRi/image_train/0160_c016_00083880_0.jpg,160,veri,15
VeRi/image_train/0160_c016_00083885_0.jpg,160,veri,15
VeRi/image_train/0160_c016_00083890_0.jpg,160,veri,15
VeRi/image_train/0160_c016_00083895_0.jpg,160,veri,15
VeRi/image_train/0160_c016_00083900_0.jpg,160,veri,15
VeRi/image_train/0160_c017_00085065_1.jpg,160,veri,16
VeRi/image_train/0160_c017_00085075_0.jpg,160,veri,16
VeRi/image_train/0160_c017_00085085_0.jpg,160,veri,16
VeRi/image_train/0160_c017_00085095_0.jpg,160,veri,16
VeRi/image_train/0160_c017_00085105_0.jpg,160,veri,16
VeRi/image_train/0160_c017_00085115_0.jpg,160,veri,16
VeRi/image_train/0160_c019_00084775_0.jpg,160,veri,18
VeRi/image_train/0160_c019_00084780_0.jpg,160,veri,18
VeRi/image_train/0160_c019_00084785_0.jpg,160,veri,18
VeRi/image_train/0160_c019_00084790_0.jpg,160,veri,18
VeRi/image_train/0160_c019_00084795_0.jpg,160,veri,18
VeRi/image_train/0160_c019_00084800_0.jpg,160,veri,18
VeRi/image_train/0165_c001_00078525_1.jpg,165,veri,0
VeRi/image_train/0165_c001_00078530_1.jpg,165,veri,0
VeRi/image_train/0165_c001_00078535_0.jpg,165,veri,0
VeRi/image_train/0165_c001_00078540_0.jpg,165,veri,0
VeRi/image_train/0165_c001_00078545_0.jpg,165,veri,0
VeRi/image_train/0165_c001_00078550_0.jpg,165,veri,0
VeRi/image_train/0165_c002_00049980_0.jpg,165,veri,1
VeRi/image_train/0165_c002_00049990_0.jpg,165,veri,1
VeRi/image_train/0165_c002_00050000_0.jpg,165,veri,1
VeRi/image_train/0165_c002_00050010_0.jpg,165,veri,1
VeRi/image_train/0165_c002_00050020_0.jpg,165,veri,1
VeRi/image_train/0165_c002_00050045_0.jpg,165,veri,1
VeRi/image_train/0165_c002_00077150_0.jpg,165,veri,1
VeRi/image_train/0165_c002_00077160_0.jpg,165,veri,1
VeRi/image_train/0165_c002_00077185_0.jpg,165,veri,1
VeRi/image_train/0165_c002_00077195_0.jpg,165,veri,1
VeRi/image_train/0165_c002_00077230_0.jpg,165,veri,1
VeRi/image_train/0165_c002_00077250_0.jpg,165,veri,1
VeRi/image_train/0165_c003_00058730_0.jpg,165,veri,2
VeRi/image_train/0165_c003_00058740_0.jpg,165,veri,2
VeRi/image_train/0165_c003_00058750_0.jpg,165,veri,2
VeRi/image_train/0165_c003_00058775_0.jpg,165,veri,2
VeRi/image_train/0165_c003_00058785_0.jpg,165,veri,2
VeRi/image_train/0165_c003_00058795_0.jpg,165,veri,2
VeRi/image_train/0165_c003_00075610_0.jpg,165,veri,2
VeRi/image_train/0165_c003_00075635_0.jpg,165,veri,2
VeRi/image_train/0165_c003_00075685_0.jpg,165,veri,2
VeRi/image_train/0165_c003_00075690_0.jpg,165,veri,2
VeRi/image_train/0165_c003_00075695_0.jpg,165,veri,2
VeRi/image_train/0165_c003_00075700_0.jpg,165,veri,2
VeRi/image_train/0165_c004_00058630_1.jpg,165,veri,3
VeRi/image_train/0165_c004_00058640_0.jpg,165,veri,3
VeRi/image_train/0165_c004_00058655_1.jpg,165,veri,3
VeRi/image_train/0165_c004_00058680_0.jpg,165,veri,3
VeRi/image_train/0165_c004_00058695_0.jpg,165,veri,3
VeRi/image_train/0165_c004_00058720_1.jpg,165,veri,3
VeRi/image_train/0165_c004_00075560_1.jpg,165,veri,3
VeRi/image_train/0165_c004_00075575_1.jpg,165,veri,3
VeRi/image_train/0165_c004_00075585_0.jpg,165,veri,3
VeRi/image_train/0165_c004_00075610_0.jpg,165,veri,3
VeRi/image_train/0165_c004_00075615_0.jpg,165,veri,3
VeRi/image_train/0165_c004_00075650_0.jpg,165,veri,3
VeRi/image_train/0165_c006_00057620_1.jpg,165,veri,5
VeRi/image_train/0165_c006_00057645_0.jpg,165,veri,5
VeRi/image_train/0165_c006_00057675_1.jpg,165,veri,5
VeRi/image_train/0165_c006_00057690_1.jpg,165,veri,5
VeRi/image_train/0165_c006_00057700_0.jpg,165,veri,5
VeRi/image_train/0165_c006_00057715_0.jpg,165,veri,5
VeRi/image_train/0165_c006_00076445_0.jpg,165,veri,5
VeRi/image_train/0165_c006_00076455_0.jpg,165,veri,5
VeRi/image_train/0165_c006_00076465_0.jpg,165,veri,5
VeRi/image_train/0165_c006_00076475_0.jpg,165,veri,5
VeRi/image_train/0165_c006_00076495_0.jpg,165,veri,5
VeRi/image_train/0165_c006_00076510_0.jpg,165,veri,5
VeRi/image_train/0165_c010_00057885_0.jpg,165,veri,9
VeRi/image_train/0165_c010_00057890_0.jpg,165,veri,9
VeRi/image_train/0165_c010_00057895_0.jpg,165,veri,9
VeRi/image_train/0165_c010_00057900_0.jpg,165,veri,9
VeRi/image_train/0165_c010_00057905_0.jpg,165,veri,9
VeRi/image_train/0165_c010_00057910_0.jpg,165,veri,9
VeRi/image_train/0165_c010_00076400_0.jpg,165,veri,9
VeRi/image_train/0165_c010_00076405_0.jpg,165,veri,9
VeRi/image_train/0165_c010_00076410_0.jpg,165,veri,9
VeRi/image_train/0165_c010_00076415_0.jpg,165,veri,9
VeRi/image_train/0165_c010_00076420_0.jpg,165,veri,9
VeRi/image_train/0165_c010_00076425_0.jpg,165,veri,9
VeRi/image_train/0165_c011_00057475_1.jpg,165,veri,10
VeRi/image_train/0165_c011_00057515_0.jpg,165,veri,10
VeRi/image_train/0165_c011_00057605_0.jpg,165,veri,10
VeRi/image_train/0165_c011_00057650_0.jpg,165,veri,10
VeRi/image_train/0165_c011_00057670_0.jpg,165,veri,10
VeRi/image_train/0165_c011_00076430_0.jpg,165,veri,10
VeRi/image_train/0165_c011_00076435_0.jpg,165,veri,10
VeRi/image_train/0165_c011_00076440_0.jpg,165,veri,10
VeRi/image_train/0165_c011_00076445_0.jpg,165,veri,10
VeRi/image_train/0165_c011_00076450_0.jpg,165,veri,10
VeRi/image_train/0165_c011_00076455_0.jpg,165,veri,10
VeRi/image_train/0165_c012_00079550_0.jpg,165,veri,11
VeRi/image_train/0165_c012_00079560_0.jpg,165,veri,11
VeRi/image_train/0165_c012_00079570_0.jpg,165,veri,11
VeRi/image_train/0165_c012_00079580_0.jpg,165,veri,11
VeRi/image_train/0165_c012_00079590_0.jpg,165,veri,11
VeRi/image_train/0165_c012_00079610_0.jpg,165,veri,11
VeRi/image_train/0165_c013_00079330_0.jpg,165,veri,12
VeRi/image_train/0165_c013_00079335_0.jpg,165,veri,12
VeRi/image_train/0165_c013_00079340_0.jpg,165,veri,12
VeRi/image_train/0165_c013_00079345_0.jpg,165,veri,12
VeRi/image_train/0165_c013_00079350_0.jpg,165,veri,12
VeRi/image_train/0165_c013_00079355_0.jpg,165,veri,12
VeRi/image_train/0165_c014_00081730_0.jpg,165,veri,13
VeRi/image_train/0165_c014_00081735_0.jpg,165,veri,13
VeRi/image_train/0165_c014_00081740_0.jpg,165,veri,13
VeRi/image_train/0165_c014_00081745_0.jpg,165,veri,13
VeRi/image_train/0165_c014_00081750_0.jpg,165,veri,13
VeRi/image_train/0165_c014_00081755_0.jpg,165,veri,13
VeRi/image_train/0165_c015_00081560_0.jpg,165,veri,14
VeRi/image_train/0165_c015_00081565_0.jpg,165,veri,14
VeRi/image_train/0165_c015_00081570_0.jpg,165,veri,14
VeRi/image_train/0165_c015_00081575_0.jpg,165,veri,14
VeRi/image_train/0165_c015_00081580_0.jpg,165,veri,14
VeRi/image_train/0165_c015_00081585_0.jpg,165,veri,14
VeRi/image_train/0165_c016_00082005_0.jpg,165,veri,15
VeRi/image_train/0165_c016_00082010_0.jpg,165,veri,15
VeRi/image_train/0165_c016_00082015_0.jpg,165,veri,15
VeRi/image_train/0165_c016_00082020_0.jpg,165,veri,15
VeRi/image_train/0165_c016_00082025_0.jpg,165,veri,15
VeRi/image_train/0165_c016_00082030_0.jpg,165,veri,15
VeRi/image_train/0165_c017_00080365_0.jpg,165,veri,16
VeRi/image_train/0165_c017_00080375_0.jpg,165,veri,16
VeRi/image_train/0165_c017_00080380_0.jpg,165,veri,16
VeRi/image_train/0165_c017_00080385_0.jpg,165,veri,16
VeRi/image_train/0165_c017_00080395_0.jpg,165,veri,16
VeRi/image_train/0165_c017_00080405_0.jpg,165,veri,16
VeRi/image_train/0165_c019_00080635_0.jpg,165,veri,18
VeRi/image_train/0165_c019_00080640_0.jpg,165,veri,18
VeRi/image_train/0165_c019_00080645_0.jpg,165,veri,18
VeRi/image_train/0165_c019_00080650_0.jpg,165,veri,18
VeRi/image_train/0165_c019_00080655_0.jpg,165,veri,18
VeRi/image_train/0165_c019_00080670_0.jpg,165,veri,18
VeRi/image_train/0168_c001_00071595_0.jpg,168,veri,0
VeRi/image_train/0168_c001_00071600_0.jpg,168,veri,0
VeRi/image_train/0168_c001_00071605_0.jpg,168,veri,0
VeRi/image_train/0168_c001_00071610_0.jpg,168,veri,0
VeRi/image_train/0168_c001_00071615_0.jpg,168,veri,0
VeRi/image_train/0168_c001_00071620_0.jpg,168,veri,0
VeRi/image_train/0168_c001_00083265_0.jpg,168,veri,0
VeRi/image_train/0168_c001_00083295_0.jpg,168,veri,0
VeRi/image_train/0168_c001_00083320_1.jpg,168,veri,0
VeRi/image_train/0168_c001_00083390_0.jpg,168,veri,0
VeRi/image_train/0168_c001_00083485_0.jpg,168,veri,0
VeRi/image_train/0168_c001_00083515_0.jpg,168,veri,0
VeRi/image_train/0168_c002_00070185_0.jpg,168,veri,1
VeRi/image_train/0168_c002_00070210_0.jpg,168,veri,1
VeRi/image_train/0168_c002_00070220_0.jpg,168,veri,1
VeRi/image_train/0168_c002_00070245_0.jpg,168,veri,1
VeRi/image_train/0168_c002_00070265_0.jpg,168,veri,1
VeRi/image_train/0168_c002_00070275_0.jpg,168,veri,1
VeRi/image_train/0168_c012_00072095_0.jpg,168,veri,11
VeRi/image_train/0168_c012_00072105_0.jpg,168,veri,11
VeRi/image_train/0168_c012_00072115_0.jpg,168,veri,11
VeRi/image_train/0168_c012_00072125_0.jpg,168,veri,11
VeRi/image_train/0168_c012_00072135_0.jpg,168,veri,11
VeRi/image_train/0168_c012_00072145_0.jpg,168,veri,11
VeRi/image_train/0168_c012_00082680_0.jpg,168,veri,11
VeRi/image_train/0168_c012_00082700_0.jpg,168,veri,11
VeRi/image_train/0168_c012_00082710_0.jpg,168,veri,11
VeRi/image_train/0168_c012_00082720_0.jpg,168,veri,11
VeRi/image_train/0168_c012_00082730_0.jpg,168,veri,11
VeRi/image_train/0168_c012_00082740_0.jpg,168,veri,11
VeRi/image_train/0168_c012_00084030_0.jpg,168,veri,11
VeRi/image_train/0168_c012_00084040_0.jpg,168,veri,11
VeRi/image_train/0168_c012_00084045_0.jpg,168,veri,11
VeRi/image_train/0168_c012_00084050_0.jpg,168,veri,11
VeRi/image_train/0168_c012_00084055_0.jpg,168,veri,11
VeRi/image_train/0168_c012_00084060_0.jpg,168,veri,11
VeRi/image_train/0168_c013_00071920_0.jpg,168,veri,12
VeRi/image_train/0168_c013_00071925_0.jpg,168,veri,12
VeRi/image_train/0168_c013_00071930_0.jpg,168,veri,12
VeRi/image_train/0168_c013_00071935_0.jpg,168,veri,12
VeRi/image_train/0168_c013_00071940_0.jpg,168,veri,12
VeRi/image_train/0168_c013_00071945_0.jpg,168,veri,12
VeRi/image_train/0168_c013_00082830_0.jpg,168,veri,12
VeRi/image_train/0168_c013_00082835_0.jpg,168,veri,12
VeRi/image_train/0168_c013_00082840_0.jpg,168,veri,12
VeRi/image_train/0168_c013_00082845_0.jpg,168,veri,12
VeRi/image_train/0168_c013_00082850_0.jpg,168,veri,12
VeRi/image_train/0168_c013_00082855_0.jpg,168,veri,12
VeRi/image_train/0168_c013_00083900_0.jpg,168,veri,12
VeRi/image_train/0168_c013_00083915_0.jpg,168,veri,12
VeRi/image_train/0168_c013_00083920_0.jpg,168,veri,12
VeRi/image_train/0168_c013_00083925_0.jpg,168,veri,12
VeRi/image_train/0168_c013_00083930_0.jpg,168,veri,12
VeRi/image_train/0168_c013_00083935_0.jpg,168,veri,12
VeRi/image_train/0168_c014_00087240_0.jpg,168,veri,13
VeRi/image_train/0168_c014_00087245_0.jpg,168,veri,13
VeRi/image_train/0168_c014_00087250_0.jpg,168,veri,13
VeRi/image_train/0168_c014_00087255_0.jpg,168,veri,13
VeRi/image_train/0168_c014_00087260_0.jpg,168,veri,13
VeRi/image_train/0168_c014_00087265_0.jpg,168,veri,13
VeRi/image_train/0168_c015_00087045_0.jpg,168,veri,14
VeRi/image_train/0168_c015_00087050_0.jpg,168,veri,14
VeRi/image_train/0168_c015_00087055_0.jpg,168,veri,14
VeRi/image_train/0168_c015_00087060_0.jpg,168,veri,14
VeRi/image_train/0168_c015_00087065_0.jpg,168,veri,14
VeRi/image_train/0168_c015_00087070_0.jpg,168,veri,14
VeRi/image_train/0168_c016_00087680_0.jpg,168,veri,15
VeRi/image_train/0168_c016_00087685_0.jpg,168,veri,15
VeRi/image_train/0168_c016_00087690_0.jpg,168,veri,15
VeRi/image_train/0168_c016_00087695_0.jpg,168,veri,15
VeRi/image_train/0168_c016_00087700_0.jpg,168,veri,15
VeRi/image_train/0168_c016_00087705_0.jpg,168,veri,15
VeRi/image_train/0168_c017_00084650_0.jpg,168,veri,16
VeRi/image_train/0168_c017_00084660_0.jpg,168,veri,16
VeRi/image_train/0168_c017_00084670_0.jpg,168,veri,16
VeRi/image_train/0168_c017_00084680_0.jpg,168,veri,16
VeRi/image_train/0168_c017_00084690_0.jpg,168,veri,16
VeRi/image_train/0168_c017_00084700_0.jpg,168,veri,16
VeRi/image_train/0168_c019_00084825_1.jpg,168,veri,18
VeRi/image_train/0168_c019_00084830_0.jpg,168,veri,18
VeRi/image_train/0168_c019_00084835_0.jpg,168,veri,18
VeRi/image_train/0168_c019_00084840_0.jpg,168,veri,18
VeRi/image_train/0168_c019_00084855_0.jpg,168,veri,18
VeRi/image_train/0168_c019_00084885_0.jpg,168,veri,18
VeRi/image_train/0175_c003_00082345_0.jpg,175,veri,2
VeRi/image_train/0175_c003_00082355_0.jpg,175,veri,2
VeRi/image_train/0175_c003_00082365_0.jpg,175,veri,2
VeRi/image_train/0175_c003_00082375_0.jpg,175,veri,2
VeRi/image_train/0175_c003_00082385_0.jpg,175,veri,2
VeRi/image_train/0175_c003_00082395_0.jpg,175,veri,2
VeRi/image_train/0175_c008_00081975_0.jpg,175,veri,7
VeRi/image_train/0175_c008_00081980_0.jpg,175,veri,7
VeRi/image_train/0175_c008_00081985_0.jpg,175,veri,7
VeRi/image_train/0175_c008_00081990_0.jpg,175,veri,7
VeRi/image_train/0175_c008_00081995_0.jpg,175,veri,7
VeRi/image_train/0175_c008_00082000_0.jpg,175,veri,7
VeRi/image_train/0175_c009_00082065_0.jpg,175,veri,8
VeRi/image_train/0175_c009_00082075_0.jpg,175,veri,8
VeRi/image_train/0175_c009_00082085_0.jpg,175,veri,8
VeRi/image_train/0175_c009_00082095_0.jpg,175,veri,8
VeRi/image_train/0175_c009_00082105_0.jpg,175,veri,8
VeRi/image_train/0175_c009_00082115_0.jpg,175,veri,8
VeRi/image_train/0176_c003_00051930_0.jpg,176,veri,2
VeRi/image_train/0176_c003_00051940_0.jpg,176,veri,2
VeRi/image_train/0176_c003_00051945_0.jpg,176,veri,2
VeRi/image_train/0176_c003_00051950_0.jpg,176,veri,2
VeRi/image_train/0176_c003_00051955_0.jpg,176,veri,2
VeRi/image_train/0176_c003_00051960_0.jpg,176,veri,2
VeRi/image_train/0176_c004_00051845_0.jpg,176,veri,3
VeRi/image_train/0176_c004_00051850_0.jpg,176,veri,3
VeRi/image_train/0176_c004_00051860_0.jpg,176,veri,3
VeRi/image_train/0176_c004_00051865_0.jpg,176,veri,3
VeRi/image_train/0176_c004_00051870_0.jpg,176,veri,3
VeRi/image_train/0176_c004_00051875_0.jpg,176,veri,3
VeRi/image_train/0176_c006_00052375_0.jpg,176,veri,5
VeRi/image_train/0176_c006_00052385_0.jpg,176,veri,5
VeRi/image_train/0176_c006_00052395_0.jpg,176,veri,5
VeRi/image_train/0176_c006_00052405_0.jpg,176,veri,5
VeRi/image_train/0176_c006_00052415_0.jpg,176,veri,5
VeRi/image_train/0176_c006_00052425_0.jpg,176,veri,5
VeRi/image_train/0176_c006_00054435_0.jpg,176,veri,5
VeRi/image_train/0176_c006_00054475_1.jpg,176,veri,5
VeRi/image_train/0176_c006_00054490_1.jpg,176,veri,5
VeRi/image_train/0176_c006_00054500_1.jpg,176,veri,5
VeRi/image_train/0176_c006_00054520_1.jpg,176,veri,5
VeRi/image_train/0176_c006_00054540_0.jpg,176,veri,5
VeRi/image_train/0176_c008_00051735_0.jpg,176,veri,7
VeRi/image_train/0176_c008_00051740_0.jpg,176,veri,7
VeRi/image_train/0176_c008_00051745_0.jpg,176,veri,7
VeRi/image_train/0176_c008_00051750_0.jpg,176,veri,7
VeRi/image_train/0176_c008_00051755_0.jpg,176,veri,7
VeRi/image_train/0176_c008_00051760_0.jpg,176,veri,7
VeRi/image_train/0176_c009_00051795_0.jpg,176,veri,8
VeRi/image_train/0176_c009_00051800_0.jpg,176,veri,8
VeRi/image_train/0176_c009_00051805_0.jpg,176,veri,8
VeRi/image_train/0176_c009_00051810_0.jpg,176,veri,8
VeRi/image_train/0176_c009_00051815_0.jpg,176,veri,8
VeRi/image_train/0176_c009_00051820_0.jpg,176,veri,8
VeRi/image_train/0176_c010_00052355_0.jpg,176,veri,9
VeRi/image_train/0176_c010_00052360_0.jpg,176,veri,9
VeRi/image_train/0176_c010_00052365_0.jpg,176,veri,9
VeRi/image_train/0176_c010_00052370_0.jpg,176,veri,9
VeRi/image_train/0176_c010_00052375_0.jpg,176,veri,9
VeRi/image_train/0176_c010_00052380_0.jpg,176,veri,9
VeRi/image_train/0176_c010_00054670_0.jpg,176,veri,9
VeRi/image_train/0176_c010_00054675_0.jpg,176,veri,9
VeRi/image_train/0176_c010_00054680_0.jpg,176,veri,9
VeRi/image_train/0176_c010_00054685_0.jpg,176,veri,9
VeRi/image_train/0176_c010_00054690_0.jpg,176,veri,9
VeRi/image_train/0176_c010_00054695_0.jpg,176,veri,9
VeRi/image_train/0176_c011_00052380_0.jpg,176,veri,10
VeRi/image_train/0176_c011_00052385_0.jpg,176,veri,10
VeRi/image_train/0176_c011_00052395_0.jpg,176,veri,10
VeRi/image_train/0176_c011_00052400_0.jpg,176,veri,10
VeRi/image_train/0176_c011_00052405_0.jpg,176,veri,10
VeRi/image_train/0176_c011_00052415_0.jpg,176,veri,10
VeRi/image_train/0176_c011_00054445_0.jpg,176,veri,10
VeRi/image_train/0176_c011_00054450_1.jpg,176,veri,10
VeRi/image_train/0176_c011_00054470_1.jpg,176,veri,10
VeRi/image_train/0176_c011_00054485_0.jpg,176,veri,10
VeRi/image_train/0176_c011_00054505_0.jpg,176,veri,10
VeRi/image_train/0176_c011_00054520_0.jpg,176,veri,10
VeRi/image_train/0176_c011_00054525_0.jpg,176,veri,10
VeRi/image_train/0185_c003_00042625_0.jpg,185,veri,2
VeRi/image_train/0185_c003_00042635_0.jpg,185,veri,2
VeRi/image_train/0185_c003_00042645_0.jpg,185,veri,2
VeRi/image_train/0185_c003_00042650_0.jpg,185,veri,2
VeRi/image_train/0185_c003_00042655_0.jpg,185,veri,2
VeRi/image_train/0185_c004_00042545_0.jpg,185,veri,3
VeRi/image_train/0185_c004_00042550_0.jpg,185,veri,3
VeRi/image_train/0185_c004_00042555_0.jpg,185,veri,3
VeRi/image_train/0185_c004_00042560_0.jpg,185,veri,3
VeRi/image_train/0185_c004_00042565_0.jpg,185,veri,3
VeRi/image_train/0185_c004_00042570_0.jpg,185,veri,3
VeRi/image_train/0185_c006_00043060_1.jpg,185,veri,5
VeRi/image_train/0185_c006_00043070_0.jpg,185,veri,5
VeRi/image_train/0185_c006_00043075_0.jpg,185,veri,5
VeRi/image_train/0185_c006_00043090_0.jpg,185,veri,5
VeRi/image_train/0185_c006_00043100_0.jpg,185,veri,5
VeRi/image_train/0185_c006_00043130_0.jpg,185,veri,5
VeRi/image_train/0185_c006_00044685_2.jpg,185,veri,5
VeRi/image_train/0185_c006_00044695_2.jpg,185,veri,5
VeRi/image_train/0185_c008_00042405_0.jpg,185,veri,7
VeRi/image_train/0185_c008_00042415_0.jpg,185,veri,7
VeRi/image_train/0185_c008_00042430_0.jpg,185,veri,7
VeRi/image_train/0185_c008_00042435_0.jpg,185,veri,7
VeRi/image_train/0185_c008_00042440_0.jpg,185,veri,7
VeRi/image_train/0185_c009_00042505_0.jpg,185,veri,8
VeRi/image_train/0185_c009_00042510_0.jpg,185,veri,8
VeRi/image_train/0185_c009_00042515_0.jpg,185,veri,8
VeRi/image_train/0185_c009_00042520_0.jpg,185,veri,8
VeRi/image_train/0185_c009_00042525_0.jpg,185,veri,8
VeRi/image_train/0185_c009_00042530_0.jpg,185,veri,8
VeRi/image_train/0185_c010_00043025_0.jpg,185,veri,9
VeRi/image_train/0185_c010_00043030_0.jpg,185,veri,9
VeRi/image_train/0185_c010_00043035_0.jpg,185,veri,9
VeRi/image_train/0185_c011_00043005_1.jpg,185,veri,10
VeRi/image_train/0185_c011_00043015_0.jpg,185,veri,10
VeRi/image_train/0185_c011_00043025_0.jpg,185,veri,10
VeRi/image_train/0185_c011_00043035_0.jpg,185,veri,10
VeRi/image_train/0185_c011_00043045_0.jpg,185,veri,10
VeRi/image_train/0185_c011_00043070_0.jpg,185,veri,10
VeRi/image_train/0187_c014_00051635_0.jpg,187,veri,13
VeRi/image_train/0187_c014_00051640_0.jpg,187,veri,13
VeRi/image_train/0187_c014_00051645_0.jpg,187,veri,13
VeRi/image_train/0187_c014_00051650_0.jpg,187,veri,13
VeRi/image_train/0187_c014_00051655_0.jpg,187,veri,13
VeRi/image_train/0187_c014_00051660_0.jpg,187,veri,13
VeRi/image_train/0187_c015_00051390_0.jpg,187,veri,14
VeRi/image_train/0187_c015_00051395_0.jpg,187,veri,14
VeRi/image_train/0187_c015_00051420_0.jpg,187,veri,14
VeRi/image_train/0187_c015_00051425_0.jpg,187,veri,14
VeRi/image_train/0187_c015_00051430_0.jpg,187,veri,14
VeRi/image_train/0187_c015_00051460_0.jpg,187,veri,14
VeRi/image_train/0187_c016_00052800_0.jpg,187,veri,15
VeRi/image_train/0187_c016_00052805_0.jpg,187,veri,15
VeRi/image_train/0187_c016_00052810_0.jpg,187,veri,15
VeRi/image_train/0187_c016_00052815_0.jpg,187,veri,15
VeRi/image_train/0187_c016_00052820_0.jpg,187,veri,15
VeRi/image_train/0187_c016_00052825_0.jpg,187,veri,15
VeRi/image_train/0187_c019_00050590_0.jpg,187,veri,18
VeRi/image_train/0187_c019_00050605_0.jpg,187,veri,18
VeRi/image_train/0187_c019_00050620_0.jpg,187,veri,18
VeRi/image_train/0187_c019_00050640_0.jpg,187,veri,18
VeRi/image_train/0187_c019_00050650_0.jpg,187,veri,18
VeRi/image_train/0187_c019_00050660_0.jpg,187,veri,18
VeRi/image_train/0189_c001_00002220_0.jpg,189,veri,0
VeRi/image_train/0189_c001_00002225_0.jpg,189,veri,0
VeRi/image_train/0189_c001_00002260_0.jpg,189,veri,0
VeRi/image_train/0189_c001_00002265_0.jpg,189,veri,0
VeRi/image_train/0189_c001_00002280_0.jpg,189,veri,0
VeRi/image_train/0189_c001_00002285_0.jpg,189,veri,0
VeRi/image_train/0189_c002_00002770_0.jpg,189,veri,1
VeRi/image_train/0189_c002_00002780_0.jpg,189,veri,1
VeRi/image_train/0189_c002_00002790_0.jpg,189,veri,1
VeRi/image_train/0189_c002_00002800_0.jpg,189,veri,1
VeRi/image_train/0189_c002_00002810_0.jpg,189,veri,1
VeRi/image_train/0189_c002_00002840_0.jpg,189,veri,1
VeRi/image_train/0189_c006_00003540_0.jpg,189,veri,5
VeRi/image_train/0189_c006_00003565_1.jpg,189,veri,5
VeRi/image_train/0189_c006_00003585_0.jpg,189,veri,5
VeRi/image_train/0189_c006_00003600_0.jpg,189,veri,5
VeRi/image_train/0189_c006_00003615_0.jpg,189,veri,5
VeRi/image_train/0189_c006_00003630_0.jpg,189,veri,5
VeRi/image_train/0189_c010_00003815_0.jpg,189,veri,9
VeRi/image_train/0189_c010_00003820_0.jpg,189,veri,9
VeRi/image_train/0189_c010_00003825_0.jpg,189,veri,9
VeRi/image_train/0189_c010_00003830_0.jpg,189,veri,9
VeRi/image_train/0189_c010_00003835_0.jpg,189,veri,9
VeRi/image_train/0189_c010_00003840_0.jpg,189,veri,9
VeRi/image_train/0189_c011_00003475_0.jpg,189,veri,10
VeRi/image_train/0189_c011_00003485_0.jpg,189,veri,10
VeRi/image_train/0189_c011_00003500_0.jpg,189,veri,10
VeRi/image_train/0189_c011_00003515_0.jpg,189,veri,10
VeRi/image_train/0189_c011_00003530_0.jpg,189,veri,10
VeRi/image_train/0189_c011_00003540_0.jpg,189,veri,10
VeRi/image_train/0189_c012_00001315_0.jpg,189,veri,11
VeRi/image_train/0189_c012_00001320_0.jpg,189,veri,11
VeRi/image_train/0189_c012_00001325_0.jpg,189,veri,11
VeRi/image_train/0189_c012_00001330_0.jpg,189,veri,11
VeRi/image_train/0189_c012_00001335_0.jpg,189,veri,11
VeRi/image_train/0189_c012_00001340_0.jpg,189,veri,11
VeRi/image_train/0189_c013_00001410_0.jpg,189,veri,12
VeRi/image_train/0189_c013_00001420_0.jpg,189,veri,12
VeRi/image_train/0189_c013_00001430_0.jpg,189,veri,12
VeRi/image_train/0189_c013_00001440_0.jpg,189,veri,12
VeRi/image_train/0189_c013_00001450_0.jpg,189,veri,12
VeRi/image_train/0189_c014_00000005_0.jpg,189,veri,13
VeRi/image_train/0189_c014_00000015_0.jpg,189,veri,13
VeRi/image_train/0189_c014_00000025_0.jpg,189,veri,13
VeRi/image_train/0189_c014_00000030_0.jpg,189,veri,13
VeRi/image_train/0189_c014_00000040_0.jpg,189,veri,13
VeRi/image_train/0189_c014_00000045_0.jpg,189,veri,13
VeRi/image_train/0189_c015_00000090_0.jpg,189,veri,14
VeRi/image_train/0189_c015_00000095_0.jpg,189,veri,14
VeRi/image_train/0189_c015_00000100_0.jpg,189,veri,14
VeRi/image_train/0189_c015_00000110_0.jpg,189,veri,14
VeRi/image_train/0189_c015_00000115_0.jpg,189,veri,14
VeRi/image_train/0189_c015_00000120_0.jpg,189,veri,14
VeRi/image_train/0189_c017_00000715_0.jpg,189,veri,16
VeRi/image_train/0189_c017_00000720_0.jpg,189,veri,16
VeRi/image_train/0189_c017_00000730_0.jpg,189,veri,16
VeRi/image_train/0189_c017_00000740_0.jpg,189,veri,16
VeRi/image_train/0189_c017_00000755_0.jpg,189,veri,16
VeRi/image_train/0189_c019_00000590_0.jpg,189,veri,18
VeRi/image_train/0189_c019_00000595_0.jpg,189,veri,18
VeRi/image_train/0189_c019_00000600_0.jpg,189,veri,18
VeRi/image_train/0189_c019_00000605_0.jpg,189,veri,18
VeRi/image_train/0189_c019_00000610_0.jpg,189,veri,18
VeRi/image_train/0189_c019_00000615_0.jpg,189,veri,18
VeRi/image_train/0019_c002_00010060_0.jpg,19,veri,1
VeRi/image_train/0019_c002_00010080_0.jpg,19,veri,1
VeRi/image_train/0019_c002_00010090_0.jpg,19,veri,1
VeRi/image_train/0019_c002_00010100_0.jpg,19,veri,1
VeRi/image_train/0019_c002_00010110_0.jpg,19,veri,1
VeRi/image_train/0019_c002_00010120_0.jpg,19,veri,1
VeRi/image_train/0019_c003_00007605_0.jpg,19,veri,2
VeRi/image_train/0019_c003_00007615_1.jpg,19,veri,2
VeRi/image_train/0019_c003_00007620_0.jpg,19,veri,2
VeRi/image_train/0019_c003_00007625_0.jpg,19,veri,2
VeRi/image_train/0019_c003_00007630_0.jpg,19,veri,2
VeRi/image_train/0019_c003_00007635_0.jpg,19,veri,2
VeRi/image_train/0019_c004_00007500_0.jpg,19,veri,3
VeRi/image_train/0019_c004_00007505_0.jpg,19,veri,3
VeRi/image_train/0019_c004_00007510_0.jpg,19,veri,3
VeRi/image_train/0019_c004_00007515_0.jpg,19,veri,3
VeRi/image_train/0019_c004_00007520_0.jpg,19,veri,3
VeRi/image_train/0019_c004_00007525_0.jpg,19,veri,3
VeRi/image_train/0019_c006_00008115_0.jpg,19,veri,5
VeRi/image_train/0019_c006_00008130_0.jpg,19,veri,5
VeRi/image_train/0019_c006_00008145_0.jpg,19,veri,5
VeRi/image_train/0019_c006_00008160_1.jpg,19,veri,5
VeRi/image_train/0019_c006_00008175_0.jpg,19,veri,5
VeRi/image_train/0019_c006_00008190_0.jpg,19,veri,5
VeRi/image_train/0019_c008_00007385_0.jpg,19,veri,7
VeRi/image_train/0019_c008_00007395_0.jpg,19,veri,7
VeRi/image_train/0019_c008_00007415_0.jpg,19,veri,7
VeRi/image_train/0019_c008_00007435_0.jpg,19,veri,7
VeRi/image_train/0019_c008_00007445_0.jpg,19,veri,7
VeRi/image_train/0019_c008_00007455_0.jpg,19,veri,7
VeRi/image_train/0019_c009_00007435_0.jpg,19,veri,8
VeRi/image_train/0019_c009_00007440_0.jpg,19,veri,8
VeRi/image_train/0019_c009_00007445_0.jpg,19,veri,8
VeRi/image_train/0019_c009_00007450_0.jpg,19,veri,8
VeRi/image_train/0019_c009_00007455_0.jpg,19,veri,8
VeRi/image_train/0019_c009_00007460_0.jpg,19,veri,8
VeRi/image_train/0019_c010_00008060_0.jpg,19,veri,9
VeRi/image_train/0019_c010_00008065_2.jpg,19,veri,9
VeRi/image_train/0019_c010_00008070_3.jpg,19,veri,9
VeRi/image_train/0019_c010_00008075_0.jpg,19,veri,9
VeRi/image_train/0019_c010_00008080_1.jpg,19,veri,9
VeRi/image_train/0019_c011_00008060_0.jpg,19,veri,10
VeRi/image_train/0019_c011_00008070_0.jpg,19,veri,10
VeRi/image_train/0019_c011_00008080_0.jpg,19,veri,10
VeRi/image_train/0019_c011_00008090_0.jpg,19,veri,10
VeRi/image_train/0019_c011_00008100_0.jpg,19,veri,10
VeRi/image_train/0019_c011_00008110_0.jpg,19,veri,10
VeRi/image_train/0200_c003_00026710_0.jpg,200,veri,2
VeRi/image_train/0200_c003_00026735_0.jpg,200,veri,2
VeRi/image_train/0200_c003_00026760_0.jpg,200,veri,2
VeRi/image_train/0200_c003_00026820_0.jpg,200,veri,2
VeRi/image_train/0200_c003_00026845_0.jpg,200,veri,2
VeRi/image_train/0200_c003_00026855_0.jpg,200,veri,2
VeRi/image_train/0200_c003_00045235_0.jpg,200,veri,2
VeRi/image_train/0200_c003_00045245_0.jpg,200,veri,2
VeRi/image_train/0200_c003_00045255_0.jpg,200,veri,2
VeRi/image_train/0200_c003_00045265_0.jpg,200,veri,2
VeRi/image_train/0200_c003_00045270_0.jpg,200,veri,2
VeRi/image_train/0200_c004_00026650_0.jpg,200,veri,3
VeRi/image_train/0200_c004_00026660_0.jpg,200,veri,3
VeRi/image_train/0200_c004_00026670_0.jpg,200,veri,3
VeRi/image_train/0200_c004_00026680_0.jpg,200,veri,3
VeRi/image_train/0200_c004_00026700_0.jpg,200,veri,3
VeRi/image_train/0200_c004_00026710_0.jpg,200,veri,3
VeRi/image_train/0200_c004_00045120_0.jpg,200,veri,3
VeRi/image_train/0200_c004_00045125_0.jpg,200,veri,3
VeRi/image_train/0200_c004_00045130_0.jpg,200,veri,3
VeRi/image_train/0200_c004_00045135_0.jpg,200,veri,3
VeRi/image_train/0200_c004_00045140_0.jpg,200,veri,3
VeRi/image_train/0200_c004_00045145_0.jpg,200,veri,3
VeRi/image_train/0200_c006_00045780_2.jpg,200,veri,5
VeRi/image_train/0200_c006_00045790_1.jpg,200,veri,5
VeRi/image_train/0200_c006_00045805_1.jpg,200,veri,5
VeRi/image_train/0200_c006_00045825_0.jpg,200,veri,5
VeRi/image_train/0200_c006_00045845_0.jpg,200,veri,5
VeRi/image_train/0200_c006_00045880_0.jpg,200,veri,5
VeRi/image_train/0200_c008_00027140_0.jpg,200,veri,7
VeRi/image_train/0200_c008_00027145_0.jpg,200,veri,7
VeRi/image_train/0200_c008_00027150_0.jpg,200,veri,7
VeRi/image_train/0200_c008_00027155_0.jpg,200,veri,7
VeRi/image_train/0200_c008_00027160_0.jpg,200,veri,7
VeRi/image_train/0200_c008_00027165_0.jpg,200,veri,7
VeRi/image_train/0200_c008_00044965_0.jpg,200,veri,7
VeRi/image_train/0200_c008_00044975_0.jpg,200,veri,7
VeRi/image_train/0200_c008_00044985_0.jpg,200,veri,7
VeRi/image_train/0200_c008_00044995_0.jpg,200,veri,7
VeRi/image_train/0200_c008_00045000_0.jpg,200,veri,7
VeRi/image_train/0200_c008_00045005_0.jpg,200,veri,7
VeRi/image_train/0200_c009_00026975_0.jpg,200,veri,8
VeRi/image_train/0200_c009_00026980_0.jpg,200,veri,8
VeRi/image_train/0200_c009_00026985_0.jpg,200,veri,8
VeRi/image_train/0200_c009_00026990_0.jpg,200,veri,8
VeRi/image_train/0200_c009_00026995_0.jpg,200,veri,8
VeRi/image_train/0200_c009_00045045_0.jpg,200,veri,8
VeRi/image_train/0200_c009_00045050_0.jpg,200,veri,8
VeRi/image_train/0200_c009_00045055_0.jpg,200,veri,8
VeRi/image_train/0200_c009_00045060_0.jpg,200,veri,8
VeRi/image_train/0200_c009_00045065_0.jpg,200,veri,8
VeRi/image_train/0200_c010_00045745_0.jpg,200,veri,9
VeRi/image_train/0200_c010_00045750_0.jpg,200,veri,9
VeRi/image_train/0200_c010_00045755_0.jpg,200,veri,9
VeRi/image_train/0200_c010_00045760_0.jpg,200,veri,9
VeRi/image_train/0200_c010_00045765_0.jpg,200,veri,9
VeRi/image_train/0200_c010_00045770_0.jpg,200,veri,9
VeRi/image_train/0200_c011_00045785_0.jpg,200,veri,10
VeRi/image_train/0200_c011_00045790_0.jpg,200,veri,10
VeRi/image_train/0200_c011_00045795_0.jpg,200,veri,10
VeRi/image_train/0200_c011_00045805_0.jpg,200,veri,10
VeRi/image_train/0200_c011_00045810_0.jpg,200,veri,10
VeRi/image_train/0200_c011_00045820_0.jpg,200,veri,10
VeRi/image_train/0203_c002_00083065_1.jpg,203,veri,1
VeRi/image_train/0203_c002_00083075_0.jpg,203,veri,1
VeRi/image_train/0203_c002_00083085_0.jpg,203,veri,1
VeRi/image_train/0203_c002_00083095_0.jpg,203,veri,1
VeRi/image_train/0203_c002_00083105_0.jpg,203,veri,1
VeRi/image_train/0203_c002_00083115_0.jpg,203,veri,1
VeRi/image_train/0203_c003_00084925_0.jpg,203,veri,2
VeRi/image_train/0203_c003_00084930_0.jpg,203,veri,2
VeRi/image_train/0203_c003_00084940_0.jpg,203,veri,2
VeRi/image_train/0203_c003_00084950_0.jpg,203,veri,2
VeRi/image_train/0203_c003_00084960_0.jpg,203,veri,2
VeRi/image_train/0203_c003_00084970_0.jpg,203,veri,2
VeRi/image_train/0203_c004_00084870_0.jpg,203,veri,3
VeRi/image_train/0203_c004_00084880_0.jpg,203,veri,3
VeRi/image_train/0203_c004_00084890_0.jpg,203,veri,3
VeRi/image_train/0203_c004_00084900_0.jpg,203,veri,3
VeRi/image_train/0203_c004_00084910_1.jpg,203,veri,3
VeRi/image_train/0203_c004_00084920_1.jpg,203,veri,3
VeRi/image_train/0203_c006_00083780_0.jpg,203,veri,5
VeRi/image_train/0203_c006_00083800_0.jpg,203,veri,5
VeRi/image_train/0203_c006_00083820_0.jpg,203,veri,5
VeRi/image_train/0203_c006_00083840_0.jpg,203,veri,5
VeRi/image_train/0203_c006_00083870_0.jpg,203,veri,5
VeRi/image_train/0203_c006_00083920_0.jpg,203,veri,5
VeRi/image_train/0203_c010_00084475_0.jpg,203,veri,9
VeRi/image_train/0203_c010_00084480_0.jpg,203,veri,9
VeRi/image_train/0203_c010_00084485_0.jpg,203,veri,9
VeRi/image_train/0203_c010_00084490_0.jpg,203,veri,9
VeRi/image_train/0203_c010_00084495_0.jpg,203,veri,9
VeRi/image_train/0203_c010_00084500_0.jpg,203,veri,9
VeRi/image_train/0203_c011_00083835_0.jpg,203,veri,10
VeRi/image_train/0203_c011_00083870_0.jpg,203,veri,10
VeRi/image_train/0203_c011_00083885_0.jpg,203,veri,10
VeRi/image_train/0203_c011_00083900_0.jpg,203,veri,10
VeRi/image_train/0203_c011_00083915_0.jpg,203,veri,10
VeRi/image_train/0203_c011_00083925_0.jpg,203,veri,10
VeRi/image_train/0022_c003_00065995_0.jpg,22,veri,2
VeRi/image_train/0022_c003_00066005_0.jpg,22,veri,2
VeRi/image_train/0022_c003_00066010_0.jpg,22,veri,2
VeRi/image_train/0022_c003_00066015_0.jpg,22,veri,2
VeRi/image_train/0022_c003_00066020_0.jpg,22,veri,2
VeRi/image_train/0022_c003_00066025_0.jpg,22,veri,2
VeRi/image_train/0022_c003_00072405_0.jpg,22,veri,2
VeRi/image_train/0022_c003_00072415_0.jpg,22,veri,2
VeRi/image_train/0022_c003_00072420_0.jpg,22,veri,2
VeRi/image_train/0022_c003_00072425_0.jpg,22,veri,2
VeRi/image_train/0022_c003_00072430_0.jpg,22,veri,2
VeRi/image_train/0022_c003_00072435_0.jpg,22,veri,2
VeRi/image_train/0022_c004_00065900_0.jpg,22,veri,3
VeRi/image_train/0022_c004_00065905_0.jpg,22,veri,3
VeRi/image_train/0022_c004_00065910_0.jpg,22,veri,3
VeRi/image_train/0022_c004_00065915_0.jpg,22,veri,3
VeRi/image_train/0022_c004_00065920_0.jpg,22,veri,3
VeRi/image_train/0022_c004_00065925_0.jpg,22,veri,3
VeRi/image_train/0022_c004_00072325_0.jpg,22,veri,3
VeRi/image_train/0022_c004_00072335_0.jpg,22,veri,3
VeRi/image_train/0022_c004_00072345_0.jpg,22,veri,3
VeRi/image_train/0022_c004_00072355_0.jpg,22,veri,3
VeRi/image_train/0022_c004_00072370_0.jpg,22,veri,3
VeRi/image_train/0022_c004_00072375_0.jpg,22,veri,3
VeRi/image_train/0022_c005_00072880_0.jpg,22,veri,4
VeRi/image_train/0022_c005_00072890_0.jpg,22,veri,4
VeRi/image_train/0022_c005_00072900_0.jpg,22,veri,4
VeRi/image_train/0022_c005_00072915_0.jpg,22,veri,4
VeRi/image_train/0022_c005_00072925_0.jpg,22,veri,4
VeRi/image_train/0022_c005_00072935_0.jpg,22,veri,4
VeRi/image_train/0022_c006_00066525_2.jpg,22,veri,5
VeRi/image_train/0022_c006_00066545_1.jpg,22,veri,5
VeRi/image_train/0022_c006_00066575_0.jpg,22,veri,5
VeRi/image_train/0022_c006_00066600_1.jpg,22,veri,5
VeRi/image_train/0022_c006_00066630_0.jpg,22,veri,5
VeRi/image_train/0022_c006_00066695_1.jpg,22,veri,5
VeRi/image_train/0022_c006_00070855_0.jpg,22,veri,5
VeRi/image_train/0022_c006_00070880_0.jpg,22,veri,5
VeRi/image_train/0022_c006_00070900_0.jpg,22,veri,5
VeRi/image_train/0022_c006_00070925_0.jpg,22,veri,5
VeRi/image_train/0022_c006_00070950_0.jpg,22,veri,5
VeRi/image_train/0022_c006_00070985_0.jpg,22,veri,5
VeRi/image_train/0022_c007_00072950_0.jpg,22,veri,6
VeRi/image_train/0022_c007_00072955_0.jpg,22,veri,6
VeRi/image_train/0022_c007_00072960_0.jpg,22,veri,6
VeRi/image_train/0022_c007_00072965_0.jpg,22,veri,6
VeRi/image_train/0022_c007_00072970_0.jpg,22,veri,6
VeRi/image_train/0022_c008_00065775_0.jpg,22,veri,7
VeRi/image_train/0022_c008_00065780_0.jpg,22,veri,7
VeRi/image_train/0022_c008_00065785_0.jpg,22,veri,7
VeRi/image_train/0022_c008_00065790_0.jpg,22,veri,7
VeRi/image_train/0022_c008_00065795_0.jpg,22,veri,7
VeRi/image_train/0022_c008_00065800_0.jpg,22,veri,7
VeRi/image_train/0022_c008_00072575_0.jpg,22,veri,7
VeRi/image_train/0022_c008_00072580_0.jpg,22,veri,7
VeRi/image_train/0022_c008_00072585_0.jpg,22,veri,7
VeRi/image_train/0022_c008_00072590_0.jpg,22,veri,7
VeRi/image_train/0022_c008_00072595_0.jpg,22,veri,7
VeRi/image_train/0022_c009_00065840_0.jpg,22,veri,8
VeRi/image_train/0022_c009_00065845_0.jpg,22,veri,8
VeRi/image_train/0022_c009_00065850_0.jpg,22,veri,8
VeRi/image_train/0022_c009_00065855_0.jpg,22,veri,8
VeRi/image_train/0022_c009_00065860_0.jpg,22,veri,8
VeRi/image_train/0022_c009_00065865_0.jpg,22,veri,8
VeRi/image_train/0022_c009_00072535_0.jpg,22,veri,8
VeRi/image_train/0022_c009_00072540_0.jpg,22,veri,8
VeRi/image_train/0022_c009_00072545_0.jpg,22,veri,8
VeRi/image_train/0022_c009_00072550_0.jpg,22,veri,8
VeRi/image_train/0022_c009_00072555_0.jpg,22,veri,8
VeRi/image_train/0022_c010_00066450_0.jpg,22,veri,9
VeRi/image_train/0022_c010_00066455_0.jpg,22,veri,9
VeRi/image_train/0022_c010_00066460_0.jpg,22,veri,9
VeRi/image_train/0022_c010_00066465_0.jpg,22,veri,9
VeRi/image_train/0022_c010_00066470_0.jpg,22,veri,9
VeRi/image_train/0022_c010_00066475_0.jpg,22,veri,9
VeRi/image_train/0022_c010_00071110_0.jpg,22,veri,9
VeRi/image_train/0022_c010_00071115_0.jpg,22,veri,9
VeRi/image_train/0022_c010_00071120_0.jpg,22,veri,9
VeRi/image_train/0022_c010_00071125_0.jpg,22,veri,9
VeRi/image_train/0022_c010_00071130_0.jpg,22,veri,9
VeRi/image_train/0022_c010_00071135_0.jpg,22,veri,9
VeRi/image_train/0022_c011_00066545_0.jpg,22,veri,10
VeRi/image_train/0022_c011_00066555_0.jpg,22,veri,10
VeRi/image_train/0022_c011_00066565_0.jpg,22,veri,10
VeRi/image_train/0022_c011_00066575_0.jpg,22,veri,10
VeRi/image_train/0022_c011_00066590_0.jpg,22,veri,10
VeRi/image_train/0022_c011_00066605_0.jpg,22,veri,10
VeRi/image_train/0022_c011_00070925_0.jpg,22,veri,10
VeRi/image_train/0022_c011_00070945_0.jpg,22,veri,10
VeRi/image_train/0022_c011_00070960_0.jpg,22,veri,10
VeRi/image_train/0022_c011_00070975_0.jpg,22,veri,10
VeRi/image_train/0022_c011_00070985_0.jpg,22,veri,10
VeRi/image_train/0022_c011_00070990_0.jpg,22,veri,10
VeRi/image_train/0022_c014_00061935_0.jpg,22,veri,13
VeRi/image_train/0022_c014_00061940_0.jpg,22,veri,13
VeRi/image_train/0022_c014_00061945_0.jpg,22,veri,13
VeRi/image_train/0022_c014_00061950_0.jpg,22,veri,13
VeRi/image_train/0022_c014_00061955_0.jpg,22,veri,13
VeRi/image_train/0022_c014_00061960_0.jpg,22,veri,13
VeRi/image_train/0022_c015_00061710_0.jpg,22,veri,14
VeRi/image_train/0022_c015_00061715_0.jpg,22,veri,14
VeRi/image_train/0022_c015_00061720_0.jpg,22,veri,14
VeRi/image_train/0022_c015_00061740_0.jpg,22,veri,14
VeRi/image_train/0022_c015_00061745_0.jpg,22,veri,14
VeRi/image_train/0022_c015_00061750_0.jpg,22,veri,14
VeRi/image_train/0022_c016_00062315_1.jpg,22,veri,15
VeRi/image_train/0022_c016_00062320_0.jpg,22,veri,15
VeRi/image_train/0022_c016_00062325_0.jpg,22,veri,15
VeRi/image_train/0022_c016_00062330_0.jpg,22,veri,15
VeRi/image_train/0022_c016_00062335_0.jpg,22,veri,15
VeRi/image_train/0022_c016_00062340_0.jpg,22,veri,15
VeRi/image_train/0022_c017_00060780_0.jpg,22,veri,16
VeRi/image_train/0022_c017_00060790_0.jpg,22,veri,16
VeRi/image_train/0022_c017_00060800_0.jpg,22,veri,16
VeRi/image_train/0022_c017_00060805_0.jpg,22,veri,16
VeRi/image_train/0022_c017_00060810_0.jpg,22,veri,16
VeRi/image_train/0022_c017_00060815_0.jpg,22,veri,16
VeRi/image_train/0022_c018_00060380_0.jpg,22,veri,17
VeRi/image_train/0022_c018_00060420_0.jpg,22,veri,17
VeRi/image_train/0022_c018_00060450_0.jpg,22,veri,17
VeRi/image_train/0022_c018_00060490_0.jpg,22,veri,17
VeRi/image_train/0022_c018_00060510_0.jpg,22,veri,17
VeRi/image_train/0022_c018_00060530_0.jpg,22,veri,17
VeRi/image_train/0022_c019_00061025_0.jpg,22,veri,18
VeRi/image_train/0022_c019_00061030_0.jpg,22,veri,18
VeRi/image_train/0022_c019_00061035_0.jpg,22,veri,18
VeRi/image_train/0022_c019_00061075_0.jpg,22,veri,18
VeRi/image_train/0022_c019_00061085_0.jpg,22,veri,18
VeRi/image_train/0022_c019_00061090_0.jpg,22,veri,18
VeRi/image_train/0224_c014_00063250_0.jpg,224,veri,13
VeRi/image_train/0224_c014_00063255_0.jpg,224,veri,13
VeRi/image_train/0224_c014_00063295_0.jpg,224,veri,13
VeRi/image_train/0224_c014_00063300_0.jpg,224,veri,13
VeRi/image_train/0224_c014_00063305_0.jpg,224,veri,13
VeRi/image_train/0224_c014_00063310_0.jpg,224,veri,13
VeRi/image_train/0224_c014_00077855_0.jpg,224,veri,13
VeRi/image_train/0224_c014_00077860_0.jpg,224,veri,13
VeRi/image_train/0224_c014_00077865_0.jpg,224,veri,13
VeRi/image_train/0224_c014_00077870_0.jpg,224,veri,13
VeRi/image_train/0224_c014_00077875_0.jpg,224,veri,13
VeRi/image_train/0224_c014_00077880_0.jpg,224,veri,13
VeRi/image_train/0224_c015_00063340_0.jpg,224,veri,14
VeRi/image_train/0224_c015_00063345_0.jpg,224,veri,14
VeRi/image_train/0224_c015_00063350_0.jpg,224,veri,14
VeRi/image_train/0224_c015_00063355_0.jpg,224,veri,14
VeRi/image_train/0224_c015_00063360_0.jpg,224,veri,14
VeRi/image_train/0224_c015_00063365_0.jpg,224,veri,14
VeRi/image_train/0224_c015_00065540_0.jpg,224,veri,14
VeRi/image_train/0224_c015_00065545_0.jpg,224,veri,14
VeRi/image_train/0224_c015_00065550_0.jpg,224,veri,14
VeRi/image_train/0224_c015_00065555_0.jpg,224,veri,14
VeRi/image_train/0224_c015_00065585_0.jpg,224,veri,14
VeRi/image_train/0224_c015_00065655_0.jpg,224,veri,14
VeRi/image_train/0224_c016_00062940_0.jpg,224,veri,15
VeRi/image_train/0224_c016_00062945_0.jpg,224,veri,15
VeRi/image_train/0224_c016_00062950_0.jpg,224,veri,15
VeRi/image_train/0224_c016_00062955_0.jpg,224,veri,15
VeRi/image_train/0224_c016_00062960_0.jpg,224,veri,15
VeRi/image_train/0224_c016_00062965_0.jpg,224,veri,15
VeRi/image_train/0224_c016_00078395_1.jpg,224,veri,15
VeRi/image_train/0224_c016_00078400_1.jpg,224,veri,15
VeRi/image_train/0224_c016_00078405_1.jpg,224,veri,15
VeRi/image_train/0224_c016_00078410_1.jpg,224,veri,15
VeRi/image_train/0224_c016_00078415_0.jpg,224,veri,15
VeRi/image_train/0224_c016_00078420_0.jpg,224,veri,15
VeRi/image_train/0224_c017_00064285_0.jpg,224,veri,16
VeRi/image_train/0224_c017_00064290_0.jpg,224,veri,16
VeRi/image_train/0224_c017_00064315_0.jpg,224,veri,16
VeRi/image_train/0224_c017_00064325_0.jpg,224,veri,16
VeRi/image_train/0224_c017_00064330_0.jpg,224,veri,16
VeRi/image_train/0224_c017_00064345_0.jpg,224,veri,16
VeRi/image_train/0224_c017_00064560_0.jpg,224,veri,16
VeRi/image_train/0224_c017_00064565_0.jpg,224,veri,16
VeRi/image_train/0224_c017_00064575_0.jpg,224,veri,16
VeRi/image_train/0224_c017_00064590_0.jpg,224,veri,16
VeRi/image_train/0224_c017_00064595_0.jpg,224,veri,16
VeRi/image_train/0224_c017_00064600_1.jpg,224,veri,16
VeRi/image_train/0224_c019_00064070_0.jpg,224,veri,18
VeRi/image_train/0224_c019_00064075_0.jpg,224,veri,18
VeRi/image_train/0224_c019_00064080_0.jpg,224,veri,18
VeRi/image_train/0224_c019_00064085_0.jpg,224,veri,18
VeRi/image_train/0224_c019_00064090_0.jpg,224,veri,18
VeRi/image_train/0224_c019_00064095_0.jpg,224,veri,18
VeRi/image_train/0224_c019_00064795_0.jpg,224,veri,18
VeRi/image_train/0224_c019_00064805_0.jpg,224,veri,18
VeRi/image_train/0224_c019_00064820_0.jpg,224,veri,18
VeRi/image_train/0224_c019_00064835_0.jpg,224,veri,18
VeRi/image_train/0224_c019_00064840_0.jpg,224,veri,18
VeRi/image_train/0224_c019_00064850_0.jpg,224,veri,18
VeRi/image_train/0225_c001_00023810_1.jpg,225,veri,0
VeRi/image_train/0225_c001_00023830_0.jpg,225,veri,0
VeRi/image_train/0225_c001_00023845_0.jpg,225,veri,0
VeRi/image_train/0225_c001_00023855_0.jpg,225,veri,0
VeRi/image_train/0225_c001_00023865_0.jpg,225,veri,0
VeRi/image_train/0225_c001_00033720_0.jpg,225,veri,0
VeRi/image_train/0225_c001_00033730_0.jpg,225,veri,0
VeRi/image_train/0225_c001_00033740_0.jpg,225,veri,0
VeRi/image_train/0225_c001_00033750_0.jpg,225,veri,0
VeRi/image_train/0225_c001_00033760_0.jpg,225,veri,0
VeRi/image_train/0225_c001_00033770_0.jpg,225,veri,0
VeRi/image_train/0225_c002_00024310_0.jpg,225,veri,1
VeRi/image_train/0225_c002_00024320_0.jpg,225,veri,1
VeRi/image_train/0225_c002_00024330_0.jpg,225,veri,1
VeRi/image_train/0225_c002_00024350_0.jpg,225,veri,1
VeRi/image_train/0225_c002_00024370_0.jpg,225,veri,1
VeRi/image_train/0225_c002_00024405_1.jpg,225,veri,1
VeRi/image_train/0225_c002_00032340_0.jpg,225,veri,1
VeRi/image_train/0225_c002_00032365_0.jpg,225,veri,1
VeRi/image_train/0225_c002_00032395_0.jpg,225,veri,1
VeRi/image_train/0225_c002_00032420_0.jpg,225,veri,1
VeRi/image_train/0225_c002_00032445_0.jpg,225,veri,1
VeRi/image_train/0225_c002_00032485_0.jpg,225,veri,1
VeRi/image_train/0225_c012_00023155_0.jpg,225,veri,11
VeRi/image_train/0225_c012_00023165_0.jpg,225,veri,11
VeRi/image_train/0225_c012_00023175_0.jpg,225,veri,11
VeRi/image_train/0225_c012_00023180_0.jpg,225,veri,11
VeRi/image_train/0225_c012_00023185_0.jpg,225,veri,11
VeRi/image_train/0225_c012_00023190_0.jpg,225,veri,11
VeRi/image_train/0225_c012_00034330_0.jpg,225,veri,11
VeRi/image_train/0225_c012_00034335_0.jpg,225,veri,11
VeRi/image_train/0225_c012_00034340_0.jpg,225,veri,11
VeRi/image_train/0225_c012_00034345_0.jpg,225,veri,11
VeRi/image_train/0225_c012_00034350_0.jpg,225,veri,11
VeRi/image_train/0225_c012_00034355_0.jpg,225,veri,11
VeRi/image_train/0225_c013_00023220_0.jpg,225,veri,12
VeRi/image_train/0225_c013_00023235_0.jpg,225,veri,12
VeRi/image_train/0225_c013_00023245_0.jpg,225,veri,12
VeRi/image_train/0225_c013_00023255_0.jpg,225,veri,12
VeRi/image_train/0225_c013_00023265_0.jpg,225,veri,12
VeRi/image_train/0225_c013_00023280_0.jpg,225,veri,12
VeRi/image_train/0225_c013_00034185_0.jpg,225,veri,12
VeRi/image_train/0225_c013_00034190_0.jpg,225,veri,12
VeRi/image_train/0225_c013_00034195_0.jpg,225,veri,12
VeRi/image_train/0225_c013_00034200_0.jpg,225,veri,12
VeRi/image_train/0225_c014_00021460_0.jpg,225,veri,13
VeRi/image_train/0225_c014_00021465_0.jpg,225,veri,13
VeRi/image_train/0225_c014_00021485_0.jpg,225,veri,13
VeRi/image_train/0225_c014_00021505_0.jpg,225,veri,13
VeRi/image_train/0225_c014_00021515_0.jpg,225,veri,13
VeRi/image_train/0225_c014_00021540_0.jpg,225,veri,13
VeRi/image_train/0225_c014_00035850_0.jpg,225,veri,13
VeRi/image_train/0225_c014_00035855_0.jpg,225,veri,13
VeRi/image_train/0225_c014_00035860_0.jpg,225,veri,13
VeRi/image_train/0225_c014_00035865_0.jpg,225,veri,13
VeRi/image_train/0225_c014_00035870_0.jpg,225,veri,13
VeRi/image_train/0225_c014_00035875_0.jpg,225,veri,13
VeRi/image_train/0225_c015_00021545_0.jpg,225,veri,14
VeRi/image_train/0225_c015_00021550_1.jpg,225,veri,14
VeRi/image_train/0225_c015_00021555_0.jpg,225,veri,14
VeRi/image_train/0225_c015_00021560_1.jpg,225,veri,14
VeRi/image_train/0225_c015_00021565_0.jpg,225,veri,14
VeRi/image_train/0225_c015_00021575_0.jpg,225,veri,14
VeRi/image_train/0225_c015_00035650_0.jpg,225,veri,14
VeRi/image_train/0225_c015_00035660_0.jpg,225,veri,14
VeRi/image_train/0225_c015_00035665_0.jpg,225,veri,14
VeRi/image_train/0225_c015_00035670_0.jpg,225,veri,14
VeRi/image_train/0225_c015_00035675_0.jpg,225,veri,14
VeRi/image_train/0225_c015_00035685_0.jpg,225,veri,14
VeRi/image_train/0225_c016_00021140_0.jpg,225,veri,15
VeRi/image_train/0225_c016_00021150_0.jpg,225,veri,15
VeRi/image_train/0225_c016_00021155_1.jpg,225,veri,15
VeRi/image_train/0225_c016_00021160_2.jpg,225,veri,15
VeRi/image_train/0225_c016_00021165_0.jpg,225,veri,15
VeRi/image_train/0225_c016_00021170_0.jpg,225,veri,15
VeRi/image_train/0225_c016_00036835_1.jpg,225,veri,15
VeRi/image_train/0225_c016_00036840_1.jpg,225,veri,15
VeRi/image_train/0225_c016_00036885_0.jpg,225,veri,15
VeRi/image_train/0225_c016_00036890_0.jpg,225,veri,15
VeRi/image_train/0225_c016_00036900_0.jpg,225,veri,15
VeRi/image_train/0225_c016_00036905_0.jpg,225,veri,15
VeRi/image_train/0225_c017_00022470_0.jpg,225,veri,16
VeRi/image_train/0225_c017_00022480_0.jpg,225,veri,16
VeRi/image_train/0225_c017_00022490_0.jpg,225,veri,16
VeRi/image_train/0225_c017_00022500_0.jpg,225,veri,16
VeRi/image_train/0225_c017_00022510_0.jpg,225,veri,16
VeRi/image_train/0225_c017_00022540_0.jpg,225,veri,16
VeRi/image_train/0225_c017_00034925_0.jpg,225,veri,16
VeRi/image_train/0225_c017_00034930_1.jpg,225,veri,16
VeRi/image_train/0225_c017_00034940_0.jpg,225,veri,16
VeRi/image_train/0225_c017_00034950_0.jpg,225,veri,16
VeRi/image_train/0225_c017_00034960_0.jpg,225,veri,16
VeRi/image_train/0225_c017_00034975_0.jpg,225,veri,16
VeRi/image_train/0225_c019_00022265_0.jpg,225,veri,18
VeRi/image_train/0225_c019_00022275_0.jpg,225,veri,18
VeRi/image_train/0225_c019_00022280_0.jpg,225,veri,18
VeRi/image_train/0225_c019_00022285_0.jpg,225,veri,18
VeRi/image_train/0225_c019_00022290_0.jpg,225,veri,18
VeRi/image_train/0225_c019_00022295_0.jpg,225,veri,18
VeRi/image_train/0225_c019_00035145_0.jpg,225,veri,18
VeRi/image_train/0225_c019_00035150_0.jpg,225,veri,18
VeRi/image_train/0225_c019_00035155_0.jpg,225,veri,18
VeRi/image_train/0225_c019_00035160_0.jpg,225,veri,18
VeRi/image_train/0225_c019_00035165_0.jpg,225,veri,18
VeRi/image_train/0225_c019_00035180_0.jpg,225,veri,18
VeRi/image_train/0226_c002_00075590_0.jpg,226,veri,1
VeRi/image_train/0226_c002_00075600_0.jpg,226,veri,1
VeRi/image_train/0226_c002_00075610_0.jpg,226,veri,1
VeRi/image_train/0226_c002_00075620_0.jpg,226,veri,1
VeRi/image_train/0226_c002_00075630_0.jpg,226,veri,1
VeRi/image_train/0226_c002_00075640_0.jpg,226,veri,1
VeRi/image_train/0226_c002_00081495_1.jpg,226,veri,1
VeRi/image_train/0226_c002_00081505_1.jpg,226,veri,1
VeRi/image_train/0226_c002_00081510_1.jpg,226,veri,1
VeRi/image_train/0226_c002_00081520_0.jpg,226,veri,1
VeRi/image_train/0226_c002_00081535_0.jpg,226,veri,1
VeRi/image_train/0226_c002_00081545_0.jpg,226,veri,1
VeRi/image_train/0226_c003_00077605_0.jpg,226,veri,2
VeRi/image_train/0226_c003_00077610_0.jpg,226,veri,2
VeRi/image_train/0226_c003_00077615_0.jpg,226,veri,2
VeRi/image_train/0226_c003_00077620_0.jpg,226,veri,2
VeRi/image_train/0226_c003_00077635_0.jpg,226,veri,2
VeRi/image_train/0226_c003_00077640_0.jpg,226,veri,2
VeRi/image_train/0226_c003_00079565_0.jpg,226,veri,2
VeRi/image_train/0226_c003_00079570_0.jpg,226,veri,2
VeRi/image_train/0226_c003_00079575_0.jpg,226,veri,2
VeRi/image_train/0226_c003_00079580_0.jpg,226,veri,2
VeRi/image_train/0226_c003_00079585_0.jpg,226,veri,2
VeRi/image_train/0226_c003_00079590_0.jpg,226,veri,2
VeRi/image_train/0226_c004_00077550_1.jpg,226,veri,3
VeRi/image_train/0226_c004_00077555_0.jpg,226,veri,3
VeRi/image_train/0226_c004_00077560_0.jpg,226,veri,3
VeRi/image_train/0226_c004_00077565_0.jpg,226,veri,3
VeRi/image_train/0226_c004_00077570_0.jpg,226,veri,3
VeRi/image_train/0226_c004_00077580_0.jpg,226,veri,3
VeRi/image_train/0226_c004_00079490_0.jpg,226,veri,3
VeRi/image_train/0226_c004_00079495_0.jpg,226,veri,3
VeRi/image_train/0226_c004_00079500_0.jpg,226,veri,3
VeRi/image_train/0226_c004_00079505_0.jpg,226,veri,3
VeRi/image_train/0226_c004_00079510_0.jpg,226,veri,3
VeRi/image_train/0226_c004_00079515_0.jpg,226,veri,3
VeRi/image_train/0226_c006_00076735_2.jpg,226,veri,5
VeRi/image_train/0226_c006_00076755_3.jpg,226,veri,5
VeRi/image_train/0226_c006_00076775_2.jpg,226,veri,5
VeRi/image_train/0226_c006_00076795_1.jpg,226,veri,5
VeRi/image_train/0226_c006_00076810_2.jpg,226,veri,5
VeRi/image_train/0226_c006_00076830_1.jpg,226,veri,5
VeRi/image_train/0226_c006_00080015_0.jpg,226,veri,5
VeRi/image_train/0226_c006_00080030_0.jpg,226,veri,5
VeRi/image_train/0226_c006_00080050_0.jpg,226,veri,5
VeRi/image_train/0226_c006_00080065_0.jpg,226,veri,5
VeRi/image_train/0226_c006_00080080_0.jpg,226,veri,5
VeRi/image_train/0226_c006_00080100_0.jpg,226,veri,5
VeRi/image_train/0226_c008_00077830_0.jpg,226,veri,7
VeRi/image_train/0226_c008_00077835_0.jpg,226,veri,7
VeRi/image_train/0226_c008_00077840_0.jpg,226,veri,7
VeRi/image_train/0226_c008_00077845_0.jpg,226,veri,7
VeRi/image_train/0226_c008_00077850_0.jpg,226,veri,7
VeRi/image_train/0226_c008_00077855_0.jpg,226,veri,7
VeRi/image_train/0226_c008_00079370_0.jpg,226,veri,7
VeRi/image_train/0226_c008_00079375_0.jpg,226,veri,7
VeRi/image_train/0226_c008_00079380_0.jpg,226,veri,7
VeRi/image_train/0226_c008_00079385_0.jpg,226,veri,7
VeRi/image_train/0226_c008_00079390_0.jpg,226,veri,7
VeRi/image_train/0226_c008_00079395_0.jpg,226,veri,7
VeRi/image_train/0226_c009_00077795_0.jpg,226,veri,8
VeRi/image_train/0226_c009_00077805_1.jpg,226,veri,8
VeRi/image_train/0226_c009_00077810_0.jpg,226,veri,8
VeRi/image_train/0226_c009_00077815_0.jpg,226,veri,8
VeRi/image_train/0226_c009_00077820_0.jpg,226,veri,8
VeRi/image_train/0226_c009_00077825_1.jpg,226,veri,8
VeRi/image_train/0226_c009_00079460_0.jpg,226,veri,8
VeRi/image_train/0226_c009_00079465_0.jpg,226,veri,8
VeRi/image_train/0226_c009_00079470_0.jpg,226,veri,8
VeRi/image_train/0226_c009_00079475_0.jpg,226,veri,8
VeRi/image_train/0226_c009_00079480_0.jpg,226,veri,8
VeRi/image_train/0226_c009_00079485_0.jpg,226,veri,8
VeRi/image_train/0226_c010_00076985_0.jpg,226,veri,9
VeRi/image_train/0226_c010_00076990_0.jpg,226,veri,9
VeRi/image_train/0226_c010_00076995_0.jpg,226,veri,9
VeRi/image_train/0226_c010_00077000_0.jpg,226,veri,9
VeRi/image_train/0226_c010_00077005_0.jpg,226,veri,9
VeRi/image_train/0226_c010_00077020_0.jpg,226,veri,9
VeRi/image_train/0226_c010_00080005_0.jpg,226,veri,9
VeRi/image_train/0226_c010_00080010_0.jpg,226,veri,9
VeRi/image_train/0226_c010_00080015_0.jpg,226,veri,9
VeRi/image_train/0226_c010_00080020_0.jpg,226,veri,9
VeRi/image_train/0226_c010_00080025_0.jpg,226,veri,9
VeRi/image_train/0226_c010_00080030_0.jpg,226,veri,9
VeRi/image_train/0226_c011_00076790_1.jpg,226,veri,10
VeRi/image_train/0226_c011_00076800_1.jpg,226,veri,10
VeRi/image_train/0226_c011_00076810_1.jpg,226,veri,10
VeRi/image_train/0226_c011_00076820_1.jpg,226,veri,10
VeRi/image_train/0226_c011_00076825_1.jpg,226,veri,10
VeRi/image_train/0226_c011_00076830_1.jpg,226,veri,10
VeRi/image_train/0226_c011_00080035_0.jpg,226,veri,10
VeRi/image_train/0226_c011_00080045_0.jpg,226,veri,10
VeRi/image_train/0226_c011_00080050_0.jpg,226,veri,10
VeRi/image_train/0226_c011_00080055_0.jpg,226,veri,10
VeRi/image_train/0226_c011_00080065_0.jpg,226,veri,10
VeRi/image_train/0226_c011_00080075_0.jpg,226,veri,10
VeRi/image_train/0227_c001_00031760_1.jpg,227,veri,0
VeRi/image_train/0227_c001_00031770_1.jpg,227,veri,0
VeRi/image_train/0227_c001_00031780_0.jpg,227,veri,0
VeRi/image_train/0227_c001_00031795_0.jpg,227,veri,0
VeRi/image_train/0227_c001_00031810_0.jpg,227,veri,0
VeRi/image_train/0227_c001_00031825_0.jpg,227,veri,0
VeRi/image_train/0227_c012_00032315_0.jpg,227,veri,11
VeRi/image_train/0227_c012_00032320_0.jpg,227,veri,11
VeRi/image_train/0227_c012_00032325_0.jpg,227,veri,11
VeRi/image_train/0227_c012_00032330_0.jpg,227,veri,11
VeRi/image_train/0227_c012_00032335_0.jpg,227,veri,11
VeRi/image_train/0227_c012_00032340_0.jpg,227,veri,11
VeRi/image_train/0227_c013_00032175_1.jpg,227,veri,12
VeRi/image_train/0227_c013_00032185_0.jpg,227,veri,12
VeRi/image_train/0227_c013_00032195_0.jpg,227,veri,12
VeRi/image_train/0227_c013_00032205_0.jpg,227,veri,12
VeRi/image_train/0227_c013_00032210_0.jpg,227,veri,12
VeRi/image_train/0227_c013_00032215_0.jpg,227,veri,12
VeRi/image_train/0227_c014_00034745_0.jpg,227,veri,13
VeRi/image_train/0227_c014_00034750_0.jpg,227,veri,13
VeRi/image_train/0227_c014_00034755_0.jpg,227,veri,13
VeRi/image_train/0227_c014_00034760_0.jpg,227,veri,13
VeRi/image_train/0227_c014_00034765_0.jpg,227,veri,13
VeRi/image_train/0227_c014_00034770_0.jpg,227,veri,13
VeRi/image_train/0227_c014_00047960_0.jpg,227,veri,13
VeRi/image_train/0227_c014_00047965_0.jpg,227,veri,13
VeRi/image_train/0227_c014_00047970_0.jpg,227,veri,13
VeRi/image_train/0227_c014_00048040_0.jpg,227,veri,13
VeRi/image_train/0227_c014_00048045_0.jpg,227,veri,13
VeRi/image_train/0227_c014_00048050_0.jpg,227,veri,13
VeRi/image_train/0227_c015_00034575_0.jpg,227,veri,14
VeRi/image_train/0227_c015_00034580_0.jpg,227,veri,14
VeRi/image_train/0227_c015_00034585_0.jpg,227,veri,14
VeRi/image_train/0227_c015_00034590_0.jpg,227,veri,14
VeRi/image_train/0227_c015_00034595_0.jpg,227,veri,14
VeRi/image_train/0227_c015_00034605_0.jpg,227,veri,14
VeRi/image_train/0227_c015_00048060_0.jpg,227,veri,14
VeRi/image_train/0227_c015_00048065_0.jpg,227,veri,14
VeRi/image_train/0227_c015_00048070_0.jpg,227,veri,14
VeRi/image_train/0227_c015_00048075_0.jpg,227,veri,14
VeRi/image_train/0227_c015_00048080_0.jpg,227,veri,14
VeRi/image_train/0227_c015_00048085_0.jpg,227,veri,14
VeRi/image_train/0227_c016_00034905_0.jpg,227,veri,15
VeRi/image_train/0227_c016_00034910_0.jpg,227,veri,15
VeRi/image_train/0227_c016_00034915_0.jpg,227,veri,15
VeRi/image_train/0227_c016_00034925_1.jpg,227,veri,15
VeRi/image_train/0227_c016_00034935_0.jpg,227,veri,15
VeRi/image_train/0227_c016_00034945_0.jpg,227,veri,15
VeRi/image_train/0227_c016_00047770_0.jpg,227,veri,15
VeRi/image_train/0227_c016_00047775_0.jpg,227,veri,15
VeRi/image_train/0227_c016_00047780_0.jpg,227,veri,15
VeRi/image_train/0227_c016_00047785_0.jpg,227,veri,15
VeRi/image_train/0227_c016_00047790_0.jpg,227,veri,15
VeRi/image_train/0227_c016_00047795_0.jpg,227,veri,15
VeRi/image_train/0227_c017_00033900_0.jpg,227,veri,16
VeRi/image_train/0227_c017_00033905_0.jpg,227,veri,16
VeRi/image_train/0227_c017_00033910_0.jpg,227,veri,16
VeRi/image_train/0227_c017_00033920_0.jpg,227,veri,16
VeRi/image_train/0227_c017_00033925_0.jpg,227,veri,16
VeRi/image_train/0227_c017_00033950_0.jpg,227,veri,16
VeRi/image_train/0227_c019_00034115_0.jpg,227,veri,18
VeRi/image_train/0227_c019_00034125_0.jpg,227,veri,18
VeRi/image_train/0227_c019_00034135_0.jpg,227,veri,18
VeRi/image_train/0227_c019_00034140_0.jpg,227,veri,18
VeRi/image_train/0227_c019_00034145_0.jpg,227,veri,18
VeRi/image_train/0227_c019_00034150_0.jpg,227,veri,18
VeRi/image_train/0228_c001_00047755_0.jpg,228,veri,0
VeRi/image_train/0228_c001_00047765_0.jpg,228,veri,0
VeRi/image_train/0228_c001_00047775_0.jpg,228,veri,0
VeRi/image_train/0228_c001_00047785_0.jpg,228,veri,0
VeRi/image_train/0228_c001_00047790_0.jpg,228,veri,0
VeRi/image_train/0228_c001_00047795_0.jpg,228,veri,0
VeRi/image_train/0228_c012_00046800_0.jpg,228,veri,11
VeRi/image_train/0228_c012_00046810_0.jpg,228,veri,11
VeRi/image_train/0228_c012_00046820_0.jpg,228,veri,11
VeRi/image_train/0228_c012_00046830_0.jpg,228,veri,11
VeRi/image_train/0228_c012_00046835_0.jpg,228,veri,11
VeRi/image_train/0228_c012_00046840_0.jpg,228,veri,11
VeRi/image_train/0228_c013_00046880_0.jpg,228,veri,12
VeRi/image_train/0228_c013_00046885_0.jpg,228,veri,12
VeRi/image_train/0228_c013_00046890_0.jpg,228,veri,12
VeRi/image_train/0228_c013_00046895_0.jpg,228,veri,12
VeRi/image_train/0228_c013_00046900_0.jpg,228,veri,12
VeRi/image_train/0228_c013_00046905_0.jpg,228,veri,12
VeRi/image_train/0228_c014_00045145_0.jpg,228,veri,13
VeRi/image_train/0228_c014_00045150_0.jpg,228,veri,13
VeRi/image_train/0228_c014_00045155_0.jpg,228,veri,13
VeRi/image_train/0228_c014_00045160_0.jpg,228,veri,13
VeRi/image_train/0228_c014_00045165_0.jpg,228,veri,13
VeRi/image_train/0228_c014_00045170_0.jpg,228,veri,13
VeRi/image_train/0228_c015_00045165_0.jpg,228,veri,14
VeRi/image_train/0228_c015_00045170_0.jpg,228,veri,14
VeRi/image_train/0228_c015_00045175_0.jpg,228,veri,14
VeRi/image_train/0228_c015_00045180_0.jpg,228,veri,14
VeRi/image_train/0228_c015_00045185_0.jpg,228,veri,14
VeRi/image_train/0228_c015_00045190_0.jpg,228,veri,14
VeRi/image_train/0228_c016_00044910_0.jpg,228,veri,15
VeRi/image_train/0228_c016_00044915_0.jpg,228,veri,15
VeRi/image_train/0228_c016_00044920_0.jpg,228,veri,15
VeRi/image_train/0228_c016_00044925_0.jpg,228,veri,15
VeRi/image_train/0228_c016_00044930_0.jpg,228,veri,15
VeRi/image_train/0228_c016_00044935_0.jpg,228,veri,15
VeRi/image_train/0228_c017_00046115_0.jpg,228,veri,16
VeRi/image_train/0228_c017_00046125_0.jpg,228,veri,16
VeRi/image_train/0228_c017_00046130_0.jpg,228,veri,16
VeRi/image_train/0228_c017_00046135_1.jpg,228,veri,16
VeRi/image_train/0228_c017_00046155_0.jpg,228,veri,16
VeRi/image_train/0228_c017_00046185_1.jpg,228,veri,16
VeRi/image_train/0228_c019_00045825_0.jpg,228,veri,18
VeRi/image_train/0228_c019_00045830_0.jpg,228,veri,18
VeRi/image_train/0228_c019_00045835_0.jpg,228,veri,18
VeRi/image_train/0228_c019_00045840_0.jpg,228,veri,18
VeRi/image_train/0228_c019_00045845_0.jpg,228,veri,18
VeRi/image_train/0228_c019_00045850_0.jpg,228,veri,18
VeRi/image_train/0023_c001_00006995_0.jpg,23,veri,0
VeRi/image_train/0023_c001_00007000_0.jpg,23,veri,0
VeRi/image_train/0023_c001_00007005_0.jpg,23,veri,0
VeRi/image_train/0023_c001_00007010_0.jpg,23,veri,0
VeRi/image_train/0023_c001_00007015_0.jpg,23,veri,0
VeRi/image_train/0023_c001_00007020_0.jpg,23,veri,0
VeRi/image_train/0023_c001_00012120_0.jpg,23,veri,0
VeRi/image_train/0023_c001_00012155_0.jpg,23,veri,0
VeRi/image_train/0023_c001_00012160_0.jpg,23,veri,0
VeRi/image_train/0023_c001_00012165_0.jpg,23,veri,0
VeRi/image_train/0023_c001_00012170_0.jpg,23,veri,0
VeRi/image_train/0023_c012_00006200_1.jpg,23,veri,11
VeRi/image_train/0023_c012_00006210_1.jpg,23,veri,11
VeRi/image_train/0023_c012_00006215_1.jpg,23,veri,11
VeRi/image_train/0023_c012_00006235_0.jpg,23,veri,11
VeRi/image_train/0023_c012_00006245_0.jpg,23,veri,11
VeRi/image_train/0023_c012_00006260_0.jpg,23,veri,11
VeRi/image_train/0023_c013_00006350_1.jpg,23,veri,12
VeRi/image_train/0023_c013_00006360_1.jpg,23,veri,12
VeRi/image_train/0023_c013_00006370_0.jpg,23,veri,12
VeRi/image_train/0023_c013_00006385_0.jpg,23,veri,12
VeRi/image_train/0023_c013_00012455_0.jpg,23,veri,12
VeRi/image_train/0023_c013_00012465_0.jpg,23,veri,12
VeRi/image_train/0023_c013_00012475_0.jpg,23,veri,12
VeRi/image_train/0023_c013_00012485_0.jpg,23,veri,12
VeRi/image_train/0023_c013_00012495_0.jpg,23,veri,12
VeRi/image_train/0023_c014_00005060_1.jpg,23,veri,13
VeRi/image_train/0023_c014_00005065_1.jpg,23,veri,13
VeRi/image_train/0023_c014_00005070_0.jpg,23,veri,13
VeRi/image_train/0023_c014_00005075_0.jpg,23,veri,13
VeRi/image_train/0023_c014_00005080_0.jpg,23,veri,13
VeRi/image_train/0023_c014_00005085_0.jpg,23,veri,13
VeRi/image_train/0023_c014_00013960_0.jpg,23,veri,13
VeRi/image_train/0023_c014_00013965_0.jpg,23,veri,13
VeRi/image_train/0023_c014_00013970_0.jpg,23,veri,13
VeRi/image_train/0023_c014_00013975_0.jpg,23,veri,13
VeRi/image_train/0023_c014_00013980_0.jpg,23,veri,13
VeRi/image_train/0023_c014_00013985_0.jpg,23,veri,13
VeRi/image_train/0023_c015_00005120_0.jpg,23,veri,14
VeRi/image_train/0023_c015_00005125_0.jpg,23,veri,14
VeRi/image_train/0023_c015_00005130_0.jpg,23,veri,14
VeRi/image_train/0023_c015_00005135_0.jpg,23,veri,14
VeRi/image_train/0023_c015_00005140_0.jpg,23,veri,14
VeRi/image_train/0023_c015_00005145_0.jpg,23,veri,14
VeRi/image_train/0023_c015_00013845_0.jpg,23,veri,14
VeRi/image_train/0023_c015_00013850_0.jpg,23,veri,14
VeRi/image_train/0023_c015_00013855_0.jpg,23,veri,14
VeRi/image_train/0023_c015_00013860_0.jpg,23,veri,14
VeRi/image_train/0023_c015_00013865_0.jpg,23,veri,14
VeRi/image_train/0023_c015_00013870_0.jpg,23,veri,14
VeRi/image_train/0023_c016_00004885_0.jpg,23,veri,15
VeRi/image_train/0023_c016_00004890_0.jpg,23,veri,15
VeRi/image_train/0023_c016_00004895_0.jpg,23,veri,15
VeRi/image_train/0023_c016_00004900_0.jpg,23,veri,15
VeRi/image_train/0023_c016_00004905_0.jpg,23,veri,15
VeRi/image_train/0023_c016_00004910_0.jpg,23,veri,15
VeRi/image_train/0023_c016_00014220_0.jpg,23,veri,15
VeRi/image_train/0023_c016_00014225_0.jpg,23,veri,15
VeRi/image_train/0023_c016_00014230_0.jpg,23,veri,15
VeRi/image_train/0023_c016_00014235_0.jpg,23,veri,15
VeRi/image_train/0023_c016_00014240_0.jpg,23,veri,15
VeRi/image_train/0023_c016_00014245_0.jpg,23,veri,15
VeRi/image_train/0023_c017_00005700_0.jpg,23,veri,16
VeRi/image_train/0023_c017_00005710_0.jpg,23,veri,16
VeRi/image_train/0023_c017_00005720_0.jpg,23,veri,16
VeRi/image_train/0023_c017_00005730_0.jpg,23,veri,16
VeRi/image_train/0023_c017_00005740_0.jpg,23,veri,16
VeRi/image_train/0023_c017_00005750_0.jpg,23,veri,16
VeRi/image_train/0023_c017_00013120_0.jpg,23,veri,16
VeRi/image_train/0023_c017_00013130_0.jpg,23,veri,16
VeRi/image_train/0023_c017_00013140_0.jpg,23,veri,16
VeRi/image_train/0023_c017_00013150_0.jpg,23,veri,16
VeRi/image_train/0023_c017_00013160_0.jpg,23,veri,16
VeRi/image_train/0023_c017_00013170_0.jpg,23,veri,16
VeRi/image_train/0023_c019_00005625_0.jpg,23,veri,18
VeRi/image_train/0023_c019_00005630_0.jpg,23,veri,18
VeRi/image_train/0023_c019_00005635_0.jpg,23,veri,18
VeRi/image_train/0023_c019_00005640_0.jpg,23,veri,18
VeRi/image_train/0023_c019_00005645_0.jpg,23,veri,18
VeRi/image_train/0023_c019_00005650_0.jpg,23,veri,18
VeRi/image_train/0023_c019_00013325_0.jpg,23,veri,18
VeRi/image_train/0023_c019_00013330_0.jpg,23,veri,18
VeRi/image_train/0230_c001_00076075_0.jpg,230,veri,0
VeRi/image_train/0230_c001_00076085_0.jpg,230,veri,0
VeRi/image_train/0230_c001_00076095_0.jpg,230,veri,0
VeRi/image_train/0230_c001_00076100_0.jpg,230,veri,0
VeRi/image_train/0230_c001_00076105_0.jpg,230,veri,0
VeRi/image_train/0230_c001_00076110_0.jpg,230,veri,0
VeRi/image_train/0230_c002_00076575_0.jpg,230,veri,1
VeRi/image_train/0230_c002_00076585_0.jpg,230,veri,1
VeRi/image_train/0230_c002_00076595_0.jpg,230,veri,1
VeRi/image_train/0230_c002_00076605_0.jpg,230,veri,1
VeRi/image_train/0230_c002_00076615_0.jpg,230,veri,1
VeRi/image_train/0230_c002_00076625_0.jpg,230,veri,1
VeRi/image_train/0230_c012_00075545_0.jpg,230,veri,11
VeRi/image_train/0230_c012_00075555_0.jpg,230,veri,11
VeRi/image_train/0230_c012_00075565_0.jpg,230,veri,11
VeRi/image_train/0230_c012_00075575_0.jpg,230,veri,11
VeRi/image_train/0230_c012_00075585_0.jpg,230,veri,11
VeRi/image_train/0230_c012_00075595_0.jpg,230,veri,11
VeRi/image_train/0230_c013_00075660_0.jpg,230,veri,12
VeRi/image_train/0230_c013_00075665_0.jpg,230,veri,12
VeRi/image_train/0230_c013_00075670_0.jpg,230,veri,12
VeRi/image_train/0230_c013_00075675_0.jpg,230,veri,12
VeRi/image_train/0230_c013_00075680_0.jpg,230,veri,12
VeRi/image_train/0230_c013_00075685_0.jpg,230,veri,12
VeRi/image_train/0230_c014_00074015_0.jpg,230,veri,13
VeRi/image_train/0230_c014_00074020_0.jpg,230,veri,13
VeRi/image_train/0230_c014_00074025_0.jpg,230,veri,13
VeRi/image_train/0230_c014_00074030_0.jpg,230,veri,13
VeRi/image_train/0230_c014_00074035_0.jpg,230,veri,13
VeRi/image_train/0230_c014_00074040_0.jpg,230,veri,13
VeRi/image_train/0230_c015_00074060_0.jpg,230,veri,14
VeRi/image_train/0230_c015_00074065_0.jpg,230,veri,14
VeRi/image_train/0230_c015_00074070_0.jpg,230,veri,14
VeRi/image_train/0230_c015_00074075_0.jpg,230,veri,14
VeRi/image_train/0230_c015_00074080_0.jpg,230,veri,14
VeRi/image_train/0230_c015_00074085_0.jpg,230,veri,14
VeRi/image_train/0230_c016_00073615_0.jpg,230,veri,15
VeRi/image_train/0230_c016_00073620_0.jpg,230,veri,15
VeRi/image_train/0230_c016_00073625_0.jpg,230,veri,15
VeRi/image_train/0230_c016_00073630_0.jpg,230,veri,15
VeRi/image_train/0230_c016_00073635_0.jpg,230,veri,15
VeRi/image_train/0230_c016_00073640_0.jpg,230,veri,15
VeRi/image_train/0230_c017_00075000_0.jpg,230,veri,16
VeRi/image_train/0230_c017_00075010_0.jpg,230,veri,16
VeRi/image_train/0230_c017_00075025_0.jpg,230,veri,16
VeRi/image_train/0230_c017_00075030_0.jpg,230,veri,16
VeRi/image_train/0230_c017_00075035_0.jpg,230,veri,16
VeRi/image_train/0230_c017_00075050_0.jpg,230,veri,16
VeRi/image_train/0235_c001_00040205_0.jpg,235,veri,0
VeRi/image_train/0235_c001_00040215_0.jpg,235,veri,0
VeRi/image_train/0235_c001_00040225_0.jpg,235,veri,0
VeRi/image_train/0235_c001_00040235_0.jpg,235,veri,0
VeRi/image_train/0235_c001_00040245_0.jpg,235,veri,0
VeRi/image_train/0235_c001_00040250_0.jpg,235,veri,0
VeRi/image_train/0235_c002_00043530_1.jpg,235,veri,1
VeRi/image_train/0235_c002_00043540_1.jpg,235,veri,1
VeRi/image_train/0235_c002_00043550_0.jpg,235,veri,1
VeRi/image_train/0235_c002_00043570_0.jpg,235,veri,1
VeRi/image_train/0235_c002_00043590_0.jpg,235,veri,1
VeRi/image_train/0235_c002_00043610_0.jpg,235,veri,1
VeRi/image_train/0235_c003_00046490_0.jpg,235,veri,2
VeRi/image_train/0235_c003_00046495_0.jpg,235,veri,2
VeRi/image_train/0235_c003_00046500_0.jpg,235,veri,2
VeRi/image_train/0235_c003_00046505_0.jpg,235,veri,2
VeRi/image_train/0235_c003_00046510_0.jpg,235,veri,2
VeRi/image_train/0235_c003_00046515_0.jpg,235,veri,2
VeRi/image_train/0235_c004_00046420_0.jpg,235,veri,3
VeRi/image_train/0235_c004_00046425_0.jpg,235,veri,3
VeRi/image_train/0235_c004_00046430_0.jpg,235,veri,3
VeRi/image_train/0235_c004_00046435_0.jpg,235,veri,3
VeRi/image_train/0235_c004_00046440_0.jpg,235,veri,3
VeRi/image_train/0235_c004_00046445_0.jpg,235,veri,3
VeRi/image_train/0235_c005_00047035_1.jpg,235,veri,4
VeRi/image_train/0235_c005_00047050_0.jpg,235,veri,4
VeRi/image_train/0235_c005_00047060_0.jpg,235,veri,4
VeRi/image_train/0235_c005_00047075_0.jpg,235,veri,4
VeRi/image_train/0235_c005_00047090_0.jpg,235,veri,4
VeRi/image_train/0235_c005_00047100_0.jpg,235,veri,4
VeRi/image_train/0235_c006_00045750_1.jpg,235,veri,5
VeRi/image_train/0235_c006_00045780_0.jpg,235,veri,5
VeRi/image_train/0235_c006_00045805_0.jpg,235,veri,5
VeRi/image_train/0235_c006_00045825_1.jpg,235,veri,5
VeRi/image_train/0235_c006_00045845_1.jpg,235,veri,5
VeRi/image_train/0235_c006_00045880_1.jpg,235,veri,5
VeRi/image_train/0235_c007_00047135_0.jpg,235,veri,6
VeRi/image_train/0235_c007_00047145_0.jpg,235,veri,6
VeRi/image_train/0235_c007_00047150_0.jpg,235,veri,6
VeRi/image_train/0235_c007_00047155_0.jpg,235,veri,6
VeRi/image_train/0235_c007_00047160_0.jpg,235,veri,6
VeRi/image_train/0235_c008_00046635_0.jpg,235,veri,7
VeRi/image_train/0235_c008_00046640_0.jpg,235,veri,7
VeRi/image_train/0235_c008_00046645_0.jpg,235,veri,7
VeRi/image_train/0235_c008_00046650_0.jpg,235,veri,7
VeRi/image_train/0235_c008_00046655_0.jpg,235,veri,7
VeRi/image_train/0235_c009_00046600_0.jpg,235,veri,8
VeRi/image_train/0235_c009_00046605_0.jpg,235,veri,8
VeRi/image_train/0235_c009_00046610_0.jpg,235,veri,8
VeRi/image_train/0235_c009_00046615_0.jpg,235,veri,8
VeRi/image_train/0235_c009_00046620_0.jpg,235,veri,8
VeRi/image_train/0235_c009_00046625_0.jpg,235,veri,8
VeRi/image_train/0235_c010_00045995_0.jpg,235,veri,9
VeRi/image_train/0235_c010_00046000_0.jpg,235,veri,9
VeRi/image_train/0235_c010_00046005_0.jpg,235,veri,9
VeRi/image_train/0235_c010_00046010_0.jpg,235,veri,9
VeRi/image_train/0235_c010_00046015_0.jpg,235,veri,9
VeRi/image_train/0235_c010_00046020_0.jpg,235,veri,9
VeRi/image_train/0235_c011_00045820_1.jpg,235,veri,10
VeRi/image_train/0235_c011_00045825_0.jpg,235,veri,10
VeRi/image_train/0235_c011_00045830_0.jpg,235,veri,10
VeRi/image_train/0235_c011_00045835_0.jpg,235,veri,10
VeRi/image_train/0235_c011_00045840_0.jpg,235,veri,10
VeRi/image_train/0235_c011_00045845_0.jpg,235,veri,10
VeRi/image_train/0235_c012_00038680_0.jpg,235,veri,11
VeRi/image_train/0235_c012_00038685_0.jpg,235,veri,11
VeRi/image_train/0235_c012_00038690_0.jpg,235,veri,11
VeRi/image_train/0235_c012_00038695_0.jpg,235,veri,11
VeRi/image_train/0235_c012_00038700_0.jpg,235,veri,11
VeRi/image_train/0235_c012_00038705_0.jpg,235,veri,11
VeRi/image_train/0235_c013_00038780_0.jpg,235,veri,12
VeRi/image_train/0235_c013_00038790_0.jpg,235,veri,12
VeRi/image_train/0235_c013_00038800_0.jpg,235,veri,12
VeRi/image_train/0235_c013_00038810_0.jpg,235,veri,12
VeRi/image_train/0235_c013_00038820_0.jpg,235,veri,12
VeRi/image_train/0235_c013_00038835_2.jpg,235,veri,12
VeRi/image_train/0235_c014_00037025_0.jpg,235,veri,13
VeRi/image_train/0235_c014_00037035_0.jpg,235,veri,13
VeRi/image_train/0235_c014_00037095_0.jpg,235,veri,13
VeRi/image_train/0235_c014_00037100_0.jpg,235,veri,13
VeRi/image_train/0235_c014_00037105_0.jpg,235,veri,13
VeRi/image_train/0235_c014_00037125_0.jpg,235,veri,13
VeRi/image_train/0235_c015_00037125_0.jpg,235,veri,14
VeRi/image_train/0235_c015_00037130_0.jpg,235,veri,14
VeRi/image_train/0235_c015_00037135_0.jpg,235,veri,14
VeRi/image_train/0235_c015_00037140_0.jpg,235,veri,14
VeRi/image_train/0235_c015_00037145_0.jpg,235,veri,14
VeRi/image_train/0235_c015_00037150_0.jpg,235,veri,14
VeRi/image_train/0235_c016_00036690_0.jpg,235,veri,15
VeRi/image_train/0235_c016_00036695_0.jpg,235,veri,15
VeRi/image_train/0235_c016_00036700_0.jpg,235,veri,15
VeRi/image_train/0235_c016_00036705_0.jpg,235,veri,15
VeRi/image_train/0235_c016_00036710_0.jpg,235,veri,15
VeRi/image_train/0235_c017_00038070_0.jpg,235,veri,16
VeRi/image_train/0235_c017_00038075_0.jpg,235,veri,16
VeRi/image_train/0235_c017_00038095_0.jpg,235,veri,16
VeRi/image_train/0235_c017_00038105_0.jpg,235,veri,16
VeRi/image_train/0235_c017_00038110_0.jpg,235,veri,16
VeRi/image_train/0235_c017_00038120_0.jpg,235,veri,16
VeRi/image_train/0235_c019_00037925_1.jpg,235,veri,18
VeRi/image_train/0235_c019_00037930_0.jpg,235,veri,18
VeRi/image_train/0235_c019_00037935_0.jpg,235,veri,18
VeRi/image_train/0235_c019_00037940_0.jpg,235,veri,18
VeRi/image_train/0235_c019_00037950_0.jpg,235,veri,18
VeRi/image_train/0235_c019_00037970_0.jpg,235,veri,18
VeRi/image_train/0239_c001_00074005_0.jpg,239,veri,0
VeRi/image_train/0239_c001_00074015_0.jpg,239,veri,0
VeRi/image_train/0239_c001_00074025_1.jpg,239,veri,0
VeRi/image_train/0239_c001_00074035_1.jpg,239,veri,0
VeRi/image_train/0239_c001_00074040_1.jpg,239,veri,0
VeRi/image_train/0239_c001_00074045_1.jpg,239,veri,0
VeRi/image_train/0239_c002_00075410_0.jpg,239,veri,1
VeRi/image_train/0239_c002_00075420_0.jpg,239,veri,1
VeRi/image_train/0239_c002_00075430_0.jpg,239,veri,1
VeRi/image_train/0239_c002_00075440_0.jpg,239,veri,1
VeRi/image_train/0239_c002_00075450_0.jpg,239,veri,1
VeRi/image_train/0239_c002_00075460_0.jpg,239,veri,1
VeRi/image_train/0239_c003_00077505_0.jpg,239,veri,2
VeRi/image_train/0239_c003_00077510_0.jpg,239,veri,2
VeRi/image_train/0239_c003_00077515_0.jpg,239,veri,2
VeRi/image_train/0239_c003_00077520_0.jpg,239,veri,2
VeRi/image_train/0239_c003_00077525_0.jpg,239,veri,2
VeRi/image_train/0239_c003_00077540_0.jpg,239,veri,2
VeRi/image_train/0239_c004_00077440_0.jpg,239,veri,3
VeRi/image_train/0239_c004_00077450_0.jpg,239,veri,3
VeRi/image_train/0239_c004_00077455_0.jpg,239,veri,3
VeRi/image_train/0239_c004_00077460_0.jpg,239,veri,3
VeRi/image_train/0239_c004_00077475_0.jpg,239,veri,3
VeRi/image_train/0239_c004_00077480_0.jpg,239,veri,3
VeRi/image_train/0239_c005_00078720_2.jpg,239,veri,4
VeRi/image_train/0239_c005_00078735_1.jpg,239,veri,4
VeRi/image_train/0239_c005_00078750_0.jpg,239,veri,4
VeRi/image_train/0239_c005_00078760_0.jpg,239,veri,4
VeRi/image_train/0239_c005_00078775_0.jpg,239,veri,4
VeRi/image_train/0239_c005_00078790_0.jpg,239,veri,4
VeRi/image_train/0239_c006_00076625_1.jpg,239,veri,5
VeRi/image_train/0239_c006_00076635_1.jpg,239,veri,5
VeRi/image_train/0239_c006_00076650_1.jpg,239,veri,5
VeRi/image_train/0239_c006_00076665_2.jpg,239,veri,5
VeRi/image_train/0239_c006_00076680_1.jpg,239,veri,5
VeRi/image_train/0239_c006_00076700_1.jpg,239,veri,5
VeRi/image_train/0239_c007_00078840_0.jpg,239,veri,6
VeRi/image_train/0239_c007_00078850_0.jpg,239,veri,6
VeRi/image_train/0239_c007_00078860_0.jpg,239,veri,6
VeRi/image_train/0239_c007_00078865_0.jpg,239,veri,6
VeRi/image_train/0239_c007_00078870_0.jpg,239,veri,6
VeRi/image_train/0239_c007_00078875_0.jpg,239,veri,6
VeRi/image_train/0239_c008_00077720_0.jpg,239,veri,7
VeRi/image_train/0239_c008_00077725_0.jpg,239,veri,7
VeRi/image_train/0239_c008_00077740_0.jpg,239,veri,7
VeRi/image_train/0239_c009_00077665_0.jpg,239,veri,8
VeRi/image_train/0239_c009_00077670_0.jpg,239,veri,8
VeRi/image_train/0239_c009_00077675_0.jpg,239,veri,8
VeRi/image_train/0239_c009_00077680_0.jpg,239,veri,8
VeRi/image_train/0239_c009_00077685_0.jpg,239,veri,8
VeRi/image_train/0239_c009_00077690_0.jpg,239,veri,8
VeRi/image_train/0239_c010_00076870_0.jpg,239,veri,9
VeRi/image_train/0239_c010_00076875_0.jpg,239,veri,9
VeRi/image_train/0239_c010_00076880_0.jpg,239,veri,9
VeRi/image_train/0239_c010_00076885_0.jpg,239,veri,9
VeRi/image_train/0239_c010_00076890_0.jpg,239,veri,9
VeRi/image_train/0239_c010_00076895_0.jpg,239,veri,9
VeRi/image_train/0239_c011_00076630_1.jpg,239,veri,10
VeRi/image_train/0239_c011_00076645_1.jpg,239,veri,10
VeRi/image_train/0239_c011_00076670_0.jpg,239,veri,10
VeRi/image_train/0239_c011_00076685_0.jpg,239,veri,10
VeRi/image_train/0239_c011_00076705_0.jpg,239,veri,10
VeRi/image_train/0239_c012_00073360_0.jpg,239,veri,11
VeRi/image_train/0239_c012_00073370_0.jpg,239,veri,11
VeRi/image_train/0239_c012_00073375_0.jpg,239,veri,11
VeRi/image_train/0239_c012_00073380_0.jpg,239,veri,11
VeRi/image_train/0239_c012_00073385_0.jpg,239,veri,11
VeRi/image_train/0239_c012_00073390_0.jpg,239,veri,11
VeRi/image_train/0239_c013_00073525_0.jpg,239,veri,12
VeRi/image_train/0239_c013_00073530_0.jpg,239,veri,12
VeRi/image_train/0239_c013_00073535_0.jpg,239,veri,12
VeRi/image_train/0239_c013_00073540_0.jpg,239,veri,12
VeRi/image_train/0239_c013_00073550_0.jpg,239,veri,12
VeRi/image_train/0239_c013_00073555_0.jpg,239,veri,12
VeRi/image_train/0239_c014_00071635_0.jpg,239,veri,13
VeRi/image_train/0239_c014_00071640_0.jpg,239,veri,13
VeRi/image_train/0239_c014_00071645_0.jpg,239,veri,13
VeRi/image_train/0239_c014_00071650_0.jpg,239,veri,13
VeRi/image_train/0239_c014_00071655_0.jpg,239,veri,13
VeRi/image_train/0239_c014_00071660_0.jpg,239,veri,13
VeRi/image_train/0239_c015_00071620_0.jpg,239,veri,14
VeRi/image_train/0239_c015_00071625_0.jpg,239,veri,14
VeRi/image_train/0239_c015_00071630_0.jpg,239,veri,14
VeRi/image_train/0239_c015_00071635_0.jpg,239,veri,14
VeRi/image_train/0239_c015_00071640_0.jpg,239,veri,14
VeRi/image_train/0239_c015_00071645_0.jpg,239,veri,14
VeRi/image_train/0239_c016_00071425_1.jpg,239,veri,15
VeRi/image_train/0239_c016_00071430_0.jpg,239,veri,15
VeRi/image_train/0239_c016_00071435_0.jpg,239,veri,15
VeRi/image_train/0239_c016_00071440_0.jpg,239,veri,15
VeRi/image_train/0239_c016_00071475_0.jpg,239,veri,15
VeRi/image_train/0239_c016_00071480_0.jpg,239,veri,15
VeRi/image_train/0239_c017_00072520_1.jpg,239,veri,16
VeRi/image_train/0239_c017_00072525_0.jpg,239,veri,16
VeRi/image_train/0239_c017_00072535_0.jpg,239,veri,16
VeRi/image_train/0239_c017_00072545_0.jpg,239,veri,16
VeRi/image_train/0239_c017_00072550_0.jpg,239,veri,16
VeRi/image_train/0239_c017_00072560_0.jpg,239,veri,16
VeRi/image_train/0239_c019_00072365_1.jpg,239,veri,18
VeRi/image_train/0239_c019_00072370_0.jpg,239,veri,18
VeRi/image_train/0239_c019_00072375_0.jpg,239,veri,18
VeRi/image_train/0239_c019_00072380_0.jpg,239,veri,18
VeRi/image_train/0239_c019_00072385_0.jpg,239,veri,18
VeRi/image_train/0239_c019_00072390_0.jpg,239,veri,18
VeRi/image_train/0246_c001_00045165_0.jpg,246,veri,0
VeRi/image_train/0246_c001_00045175_0.jpg,246,veri,0
VeRi/image_train/0246_c001_00045185_0.jpg,246,veri,0
VeRi/image_train/0246_c001_00045195_0.jpg,246,veri,0
VeRi/image_train/0246_c001_00045200_0.jpg,246,veri,0
VeRi/image_train/0246_c001_00045205_0.jpg,246,veri,0
VeRi/image_train/0246_c002_00045770_1.jpg,246,veri,1
VeRi/image_train/0246_c002_00045780_0.jpg,246,veri,1
VeRi/image_train/0246_c002_00045790_0.jpg,246,veri,1
VeRi/image_train/0246_c002_00045800_0.jpg,246,veri,1
VeRi/image_train/0246_c002_00045810_0.jpg,246,veri,1
VeRi/image_train/0246_c002_00045820_0.jpg,246,veri,1
VeRi/image_train/0246_c003_00048740_0.jpg,246,veri,2
VeRi/image_train/0246_c003_00048745_0.jpg,246,veri,2
VeRi/image_train/0246_c003_00048760_0.jpg,246,veri,2
VeRi/image_train/0246_c003_00048765_0.jpg,246,veri,2
VeRi/image_train/0246_c003_00048770_0.jpg,246,veri,2
VeRi/image_train/0246_c003_00048780_0.jpg,246,veri,2
VeRi/image_train/0246_c004_00048635_0.jpg,246,veri,3
VeRi/image_train/0246_c004_00048645_0.jpg,246,veri,3
VeRi/image_train/0246_c004_00048660_0.jpg,246,veri,3
VeRi/image_train/0246_c004_00048695_0.jpg,246,veri,3
VeRi/image_train/0246_c004_00048700_0.jpg,246,veri,3
VeRi/image_train/0246_c004_00048715_0.jpg,246,veri,3
VeRi/image_train/0246_c006_00047890_0.jpg,246,veri,5
VeRi/image_train/0246_c006_00047915_0.jpg,246,veri,5
VeRi/image_train/0246_c006_00047930_0.jpg,246,veri,5
VeRi/image_train/0246_c006_00047960_0.jpg,246,veri,5
VeRi/image_train/0246_c006_00047980_0.jpg,246,veri,5
VeRi/image_train/0246_c006_00048025_0.jpg,246,veri,5
VeRi/image_train/0246_c010_00048165_0.jpg,246,veri,9
VeRi/image_train/0246_c010_00048170_0.jpg,246,veri,9
VeRi/image_train/0246_c010_00048175_0.jpg,246,veri,9
VeRi/image_train/0246_c010_00048180_0.jpg,246,veri,9
VeRi/image_train/0246_c010_00048185_0.jpg,246,veri,9
VeRi/image_train/0246_c010_00048190_0.jpg,246,veri,9
VeRi/image_train/0246_c011_00047935_0.jpg,246,veri,10
VeRi/image_train/0246_c011_00047945_0.jpg,246,veri,10
VeRi/image_train/0246_c011_00047960_0.jpg,246,veri,10
VeRi/image_train/0246_c011_00047980_0.jpg,246,veri,10
VeRi/image_train/0246_c011_00047990_0.jpg,246,veri,10
VeRi/image_train/0246_c011_00048000_0.jpg,246,veri,10
VeRi/image_train/0246_c012_00044085_0.jpg,246,veri,11
VeRi/image_train/0246_c012_00044090_0.jpg,246,veri,11
VeRi/image_train/0246_c012_00044095_0.jpg,246,veri,11
VeRi/image_train/0246_c012_00044100_0.jpg,246,veri,11
VeRi/image_train/0246_c012_00044105_0.jpg,246,veri,11
VeRi/image_train/0246_c012_00044120_0.jpg,246,veri,11
VeRi/image_train/0246_c013_00044170_0.jpg,246,veri,12
VeRi/image_train/0246_c013_00044185_0.jpg,246,veri,12
VeRi/image_train/0246_c013_00044190_0.jpg,246,veri,12
VeRi/image_train/0246_c013_00044200_0.jpg,246,veri,12
VeRi/image_train/0246_c013_00044210_0.jpg,246,veri,12
VeRi/image_train/0246_c014_00042260_0.jpg,246,veri,13
VeRi/image_train/0246_c014_00042265_0.jpg,246,veri,13
VeRi/image_train/0246_c014_00042285_0.jpg,246,veri,13
VeRi/image_train/0246_c014_00042290_0.jpg,246,veri,13
VeRi/image_train/0246_c014_00042295_0.jpg,246,veri,13
VeRi/image_train/0246_c014_00042300_0.jpg,246,veri,13
VeRi/image_train/0246_c016_00042025_0.jpg,246,veri,15
VeRi/image_train/0246_c016_00042030_0.jpg,246,veri,15
VeRi/image_train/0246_c016_00042035_0.jpg,246,veri,15
VeRi/image_train/0246_c016_00042040_0.jpg,246,veri,15
VeRi/image_train/0246_c016_00042045_0.jpg,246,veri,15
VeRi/image_train/0246_c016_00042050_0.jpg,246,veri,15
VeRi/image_train/0246_c017_00043335_0.jpg,246,veri,16
VeRi/image_train/0246_c017_00043340_0.jpg,246,veri,16
VeRi/image_train/0246_c017_00043365_0.jpg,246,veri,16
VeRi/image_train/0246_c017_00043375_0.jpg,246,veri,16
VeRi/image_train/0246_c017_00043420_0.jpg,246,veri,16
VeRi/image_train/0246_c017_00043455_0.jpg,246,veri,16
VeRi/image_train/0246_c019_00043110_0.jpg,246,veri,18
VeRi/image_train/0246_c019_00043115_0.jpg,246,veri,18
VeRi/image_train/0246_c019_00043120_0.jpg,246,veri,18
VeRi/image_train/0246_c019_00043125_0.jpg,246,veri,18
VeRi/image_train/0246_c019_00043130_0.jpg,246,veri,18
VeRi/image_train/0246_c019_00043135_0.jpg,246,veri,18
VeRi/image_train/0025_c001_00028440_0.jpg,25,veri,0
VeRi/image_train/0025_c001_00028450_0.jpg,25,veri,0
VeRi/image_train/0025_c001_00028460_0.jpg,25,veri,0
VeRi/image_train/0025_c001_00028470_0.jpg,25,veri,0
VeRi/image_train/0025_c001_00028485_0.jpg,25,veri,0
VeRi/image_train/0025_c001_00028500_0.jpg,25,veri,0
VeRi/image_train/0025_c001_00050020_0.jpg,25,veri,0
VeRi/image_train/0025_c001_00050030_0.jpg,25,veri,0
VeRi/image_train/0025_c001_00050040_0.jpg,25,veri,0
VeRi/image_train/0025_c001_00050050_0.jpg,25,veri,0
VeRi/image_train/0025_c001_00050060_0.jpg,25,veri,0
VeRi/image_train/0025_c001_00050070_0.jpg,25,veri,0
VeRi/image_train/0025_c001_00083135_0.jpg,25,veri,0
VeRi/image_train/0025_c001_00083145_0.jpg,25,veri,0
VeRi/image_train/0025_c001_00083150_0.jpg,25,veri,0
VeRi/image_train/0025_c001_00083155_0.jpg,25,veri,0
VeRi/image_train/0025_c001_00083160_0.jpg,25,veri,0
VeRi/image_train/0025_c001_00083165_0.jpg,25,veri,0
VeRi/image_train/0025_c002_00028870_0.jpg,25,veri,1
VeRi/image_train/0025_c002_00028880_0.jpg,25,veri,1
VeRi/image_train/0025_c002_00028890_0.jpg,25,veri,1
VeRi/image_train/0025_c002_00028900_0.jpg,25,veri,1
VeRi/image_train/0025_c002_00028910_0.jpg,25,veri,1
VeRi/image_train/0025_c002_00028935_0.jpg,25,veri,1
VeRi/image_train/0025_c002_00050685_1.jpg,25,veri,1
VeRi/image_train/0025_c002_00050690_0.jpg,25,veri,1
VeRi/image_train/0025_c002_00050700_0.jpg,25,veri,1
VeRi/image_train/0025_c002_00050710_0.jpg,25,veri,1
VeRi/image_train/0025_c002_00050720_0.jpg,25,veri,1
VeRi/image_train/0025_c002_00050730_0.jpg,25,veri,1
VeRi/image_train/0025_c002_00081430_1.jpg,25,veri,1
VeRi/image_train/0025_c002_00081455_0.jpg,25,veri,1
VeRi/image_train/0025_c002_00081475_0.jpg,25,veri,1
VeRi/image_train/0025_c002_00081495_0.jpg,25,veri,1
VeRi/image_train/0025_c002_00081505_0.jpg,25,veri,1
VeRi/image_train/0025_c002_00081510_0.jpg,25,veri,1
VeRi/image_train/0025_c003_00031920_0.jpg,25,veri,2
VeRi/image_train/0025_c003_00031930_0.jpg,25,veri,2
VeRi/image_train/0025_c003_00031940_0.jpg,25,veri,2
VeRi/image_train/0025_c003_00031950_0.jpg,25,veri,2
VeRi/image_train/0025_c003_00031960_0.jpg,25,veri,2
VeRi/image_train/0025_c003_00031970_0.jpg,25,veri,2
VeRi/image_train/0025_c003_00054075_0.jpg,25,veri,2
VeRi/image_train/0025_c003_00054085_0.jpg,25,veri,2
VeRi/image_train/0025_c003_00054090_0.jpg,25,veri,2
VeRi/image_train/0025_c003_00054095_0.jpg,25,veri,2
VeRi/image_train/0025_c003_00054100_0.jpg,25,veri,2
VeRi/image_train/0025_c003_00054105_0.jpg,25,veri,2
VeRi/image_train/0025_c003_00079170_1.jpg,25,veri,2
VeRi/image_train/0025_c003_00079180_0.jpg,25,veri,2
VeRi/image_train/0025_c003_00079190_0.jpg,25,veri,2
VeRi/image_train/0025_c003_00079200_0.jpg,25,veri,2
VeRi/image_train/0025_c003_00079210_0.jpg,25,veri,2
VeRi/image_train/0025_c003_00079220_0.jpg,25,veri,2
VeRi/image_train/0025_c004_00031865_0.jpg,25,veri,3
VeRi/image_train/0025_c004_00031880_0.jpg,25,veri,3
VeRi/image_train/0025_c004_00031890_0.jpg,25,veri,3
VeRi/image_train/0025_c004_00031895_0.jpg,25,veri,3
VeRi/image_train/0025_c004_00031905_0.jpg,25,veri,3
VeRi/image_train/0025_c004_00031915_0.jpg,25,veri,3
VeRi/image_train/0025_c004_00054015_0.jpg,25,veri,3
VeRi/image_train/0025_c004_00054020_0.jpg,25,veri,3
VeRi/image_train/0025_c004_00054025_0.jpg,25,veri,3
VeRi/image_train/0025_c004_00054030_0.jpg,25,veri,3
VeRi/image_train/0025_c004_00054035_0.jpg,25,veri,3
VeRi/image_train/0025_c004_00054040_0.jpg,25,veri,3
VeRi/image_train/0025_c004_00079070_1.jpg,25,veri,3
VeRi/image_train/0025_c004_00079085_1.jpg,25,veri,3
VeRi/image_train/0025_c004_00079100_1.jpg,25,veri,3
VeRi/image_train/0025_c004_00079115_1.jpg,25,veri,3
VeRi/image_train/0025_c004_00079150_0.jpg,25,veri,3
VeRi/image_train/0025_c004_00079185_0.jpg,25,veri,3
VeRi/image_train/0025_c005_00032595_1.jpg,25,veri,4
VeRi/image_train/0025_c005_00032610_1.jpg,25,veri,4
VeRi/image_train/0025_c005_00032630_1.jpg,25,veri,4
VeRi/image_train/0025_c005_00032645_0.jpg,25,veri,4
VeRi/image_train/0025_c005_00032670_0.jpg,25,veri,4
VeRi/image_train/0025_c005_00054760_1.jpg,25,veri,4
VeRi/image_train/0025_c005_00054775_2.jpg,25,veri,4
VeRi/image_train/0025_c005_00054795_2.jpg,25,veri,4
VeRi/image_train/0025_c005_00054815_1.jpg,25,veri,4
VeRi/image_train/0025_c005_00054830_1.jpg,25,veri,4
VeRi/image_train/0025_c005_00054845_1.jpg,25,veri,4
VeRi/image_train/0025_c006_00031260_0.jpg,25,veri,5
VeRi/image_train/0025_c006_00031285_2.jpg,25,veri,5
VeRi/image_train/0025_c006_00031305_1.jpg,25,veri,5
VeRi/image_train/0025_c006_00031325_1.jpg,25,veri,5
VeRi/image_train/0025_c006_00031350_1.jpg,25,veri,5
VeRi/image_train/0025_c006_00031375_2.jpg,25,veri,5
VeRi/image_train/0025_c006_00053145_0.jpg,25,veri,5
VeRi/image_train/0025_c006_00053180_0.jpg,25,veri,5
VeRi/image_train/0025_c006_00053190_0.jpg,25,veri,5
VeRi/image_train/0025_c006_00053205_1.jpg,25,veri,5
VeRi/image_train/0025_c006_00053225_1.jpg,25,veri,5
VeRi/image_train/0025_c006_00053240_0.jpg,25,veri,5
VeRi/image_train/0025_c006_00079780_0.jpg,25,veri,5
VeRi/image_train/0025_c006_00079790_0.jpg,25,veri,5
VeRi/image_train/0025_c006_00079800_0.jpg,25,veri,5
VeRi/image_train/0025_c006_00079810_0.jpg,25,veri,5
VeRi/image_train/0025_c006_00079820_0.jpg,25,veri,5
VeRi/image_train/0025_c006_00079835_0.jpg,25,veri,5
VeRi/image_train/0025_c007_00032700_0.jpg,25,veri,6
VeRi/image_train/0025_c007_00032705_0.jpg,25,veri,6
VeRi/image_train/0025_c007_00032710_0.jpg,25,veri,6
VeRi/image_train/0025_c007_00032715_0.jpg,25,veri,6
VeRi/image_train/0025_c007_00032725_0.jpg,25,veri,6
VeRi/image_train/0025_c007_00032735_0.jpg,25,veri,6
VeRi/image_train/0025_c007_00051715_1.jpg,25,veri,6
VeRi/image_train/0025_c007_00051725_0.jpg,25,veri,6
VeRi/image_train/0025_c007_00051730_0.jpg,25,veri,6
VeRi/image_train/0025_c007_00051735_0.jpg,25,veri,6
VeRi/image_train/0025_c007_00051755_0.jpg,25,veri,6
VeRi/image_train/0025_c007_00051760_0.jpg,25,veri,6
VeRi/image_train/0025_c008_00032135_0.jpg,25,veri,7
VeRi/image_train/0025_c008_00032140_0.jpg,25,veri,7
VeRi/image_train/0025_c008_00032145_0.jpg,25,veri,7
VeRi/image_train/0025_c008_00032150_0.jpg,25,veri,7
VeRi/image_train/0025_c008_00054290_0.jpg,25,veri,7
VeRi/image_train/0025_c008_00054295_0.jpg,25,veri,7
VeRi/image_train/0025_c008_00054300_0.jpg,25,veri,7
VeRi/image_train/0025_c008_00054305_0.jpg,25,veri,7
VeRi/image_train/0025_c008_00054310_0.jpg,25,veri,7
VeRi/image_train/0025_c008_00054315_0.jpg,25,veri,7
VeRi/image_train/0025_c009_00032095_0.jpg,25,veri,8
VeRi/image_train/0025_c009_00032100_0.jpg,25,veri,8
VeRi/image_train/0025_c009_00032105_0.jpg,25,veri,8
VeRi/image_train/0025_c009_00032110_0.jpg,25,veri,8
VeRi/image_train/0025_c009_00032115_0.jpg,25,veri,8
VeRi/image_train/0025_c009_00032120_0.jpg,25,veri,8
VeRi/image_train/0025_c009_00054235_1.jpg,25,veri,8
VeRi/image_train/0025_c009_00054240_0.jpg,25,veri,8
VeRi/image_train/0025_c009_00054245_0.jpg,25,veri,8
VeRi/image_train/0025_c009_00054250_0.jpg,25,veri,8
VeRi/image_train/0025_c009_00054255_0.jpg,25,veri,8
VeRi/image_train/0025_c010_00031475_0.jpg,25,veri,9
VeRi/image_train/0025_c010_00031480_0.jpg,25,veri,9
VeRi/image_train/0025_c010_00031490_0.jpg,25,veri,9
VeRi/image_train/0025_c010_00031495_0.jpg,25,veri,9
VeRi/image_train/0025_c010_00031500_0.jpg,25,veri,9
VeRi/image_train/0025_c010_00053360_0.jpg,25,veri,9
VeRi/image_train/0025_c010_00053365_0.jpg,25,veri,9
VeRi/image_train/0025_c010_00053370_0.jpg,25,veri,9
VeRi/image_train/0025_c010_00053375_0.jpg,25,veri,9
VeRi/image_train/0025_c010_00053380_0.jpg,25,veri,9
VeRi/image_train/0025_c010_00053385_0.jpg,25,veri,9
VeRi/image_train/0025_c010_00079785_0.jpg,25,veri,9
VeRi/image_train/0025_c010_00079790_0.jpg,25,veri,9
VeRi/image_train/0025_c010_00079795_0.jpg,25,veri,9
VeRi/image_train/0025_c010_00079800_0.jpg,25,veri,9
VeRi/image_train/0025_c010_00079805_0.jpg,25,veri,9
VeRi/image_train/0025_c010_00079810_0.jpg,25,veri,9
VeRi/image_train/0025_c011_00031255_1.jpg,25,veri,10
VeRi/image_train/0025_c011_00031265_1.jpg,25,veri,10
VeRi/image_train/0025_c011_00031275_0.jpg,25,veri,10
VeRi/image_train/0025_c011_00031285_0.jpg,25,veri,10
VeRi/image_train/0025_c011_00031295_0.jpg,25,veri,10
VeRi/image_train/0025_c011_00031305_0.jpg,25,veri,10
VeRi/image_train/0025_c011_00053125_1.jpg,25,veri,10
VeRi/image_train/0025_c011_00053155_1.jpg,25,veri,10
VeRi/image_train/0025_c011_00053175_0.jpg,25,veri,10
VeRi/image_train/0025_c011_00053185_1.jpg,25,veri,10
VeRi/image_train/0025_c011_00053210_1.jpg,25,veri,10
VeRi/image_train/0025_c011_00053225_1.jpg,25,veri,10
VeRi/image_train/0025_c011_00079800_0.jpg,25,veri,10
VeRi/image_train/0025_c011_00079805_0.jpg,25,veri,10
VeRi/image_train/0025_c011_00079815_0.jpg,25,veri,10
VeRi/image_train/0025_c011_00079820_0.jpg,25,veri,10
VeRi/image_train/0025_c011_00079830_0.jpg,25,veri,10
VeRi/image_train/0025_c011_00079840_0.jpg,25,veri,10
VeRi/image_train/0025_c012_00027245_0.jpg,25,veri,11
VeRi/image_train/0025_c012_00027250_0.jpg,25,veri,11
VeRi/image_train/0025_c012_00027255_0.jpg,25,veri,11
VeRi/image_train/0025_c012_00027260_0.jpg,25,veri,11
VeRi/image_train/0025_c012_00027265_0.jpg,25,veri,11
VeRi/image_train/0025_c012_00027270_0.jpg,25,veri,11
VeRi/image_train/0025_c012_00048490_0.jpg,25,veri,11
VeRi/image_train/0025_c012_00048500_0.jpg,25,veri,11
VeRi/image_train/0025_c012_00048510_0.jpg,25,veri,11
VeRi/image_train/0025_c012_00048520_0.jpg,25,veri,11
VeRi/image_train/0025_c012_00048525_0.jpg,25,veri,11
VeRi/image_train/0025_c012_00048535_0.jpg,25,veri,11
VeRi/image_train/0025_c012_00048540_0.jpg,25,veri,11
VeRi/image_train/0025_c012_00083565_0.jpg,25,veri,11
VeRi/image_train/0025_c012_00083570_0.jpg,25,veri,11
VeRi/image_train/0025_c012_00083575_0.jpg,25,veri,11
VeRi/image_train/0025_c012_00083580_0.jpg,25,veri,11
VeRi/image_train/0025_c012_00083585_0.jpg,25,veri,11
VeRi/image_train/0025_c012_00083590_0.jpg,25,veri,11
VeRi/image_train/0025_c013_00027345_1.jpg,25,veri,12
VeRi/image_train/0025_c013_00027355_1.jpg,25,veri,12
VeRi/image_train/0025_c013_00027370_0.jpg,25,veri,12
VeRi/image_train/0025_c013_00027390_0.jpg,25,veri,12
VeRi/image_train/0025_c013_00027400_0.jpg,25,veri,12
VeRi/image_train/0025_c013_00027405_0.jpg,25,veri,12
VeRi/image_train/0025_c013_00048570_0.jpg,25,veri,12
VeRi/image_train/0025_c013_00048575_0.jpg,25,veri,12
VeRi/image_train/0025_c013_00048580_0.jpg,25,veri,12
VeRi/image_train/0025_c013_00048585_0.jpg,25,veri,12
VeRi/image_train/0025_c013_00048590_0.jpg,25,veri,12
VeRi/image_train/0025_c013_00048595_0.jpg,25,veri,12
VeRi/image_train/0025_c013_00083455_0.jpg,25,veri,12
VeRi/image_train/0025_c013_00083460_0.jpg,25,veri,12
VeRi/image_train/0025_c013_00083465_0.jpg,25,veri,12
VeRi/image_train/0025_c013_00083470_0.jpg,25,veri,12
VeRi/image_train/0025_c013_00083475_0.jpg,25,veri,12
VeRi/image_train/0025_c013_00083480_0.jpg,25,veri,12
VeRi/image_train/0025_c014_00025125_0.jpg,25,veri,13
VeRi/image_train/0025_c014_00025130_0.jpg,25,veri,13
VeRi/image_train/0025_c014_00025140_0.jpg,25,veri,13
VeRi/image_train/0025_c014_00025145_0.jpg,25,veri,13
VeRi/image_train/0025_c014_00025150_0.jpg,25,veri,13
VeRi/image_train/0025_c014_00025155_0.jpg,25,veri,13
VeRi/image_train/0025_c014_00045975_0.jpg,25,veri,13
VeRi/image_train/0025_c014_00045980_0.jpg,25,veri,13
VeRi/image_train/0025_c014_00045985_0.jpg,25,veri,13
VeRi/image_train/0025_c014_00045990_0.jpg,25,veri,13
VeRi/image_train/0025_c014_00045995_0.jpg,25,veri,13
VeRi/image_train/0025_c014_00046000_0.jpg,25,veri,13
VeRi/image_train/0025_c014_00086200_0.jpg,25,veri,13
VeRi/image_train/0025_c014_00086205_0.jpg,25,veri,13
VeRi/image_train/0025_c014_00086210_0.jpg,25,veri,13
VeRi/image_train/0025_c014_00086215_0.jpg,25,veri,13
VeRi/image_train/0025_c014_00086220_0.jpg,25,veri,13
VeRi/image_train/0025_c014_00086225_0.jpg,25,veri,13
VeRi/image_train/0025_c015_00025155_0.jpg,25,veri,14
VeRi/image_train/0025_c015_00025160_0.jpg,25,veri,14
VeRi/image_train/0025_c015_00025165_0.jpg,25,veri,14
VeRi/image_train/0025_c015_00025170_0.jpg,25,veri,14
VeRi/image_train/0025_c015_00025175_0.jpg,25,veri,14
VeRi/image_train/0025_c015_00025180_0.jpg,25,veri,14
VeRi/image_train/0025_c015_00046015_0.jpg,25,veri,14
VeRi/image_train/0025_c015_00046020_0.jpg,25,veri,14
VeRi/image_train/0025_c015_00046025_0.jpg,25,veri,14
VeRi/image_train/0025_c015_00046030_0.jpg,25,veri,14
VeRi/image_train/0025_c015_00046035_0.jpg,25,veri,14
VeRi/image_train/0025_c015_00046040_0.jpg,25,veri,14
VeRi/image_train/0025_c015_00086020_0.jpg,25,veri,14
VeRi/image_train/0025_c015_00086025_0.jpg,25,veri,14
VeRi/image_train/0025_c015_00086030_0.jpg,25,veri,14
VeRi/image_train/0025_c015_00086035_0.jpg,25,veri,14
VeRi/image_train/0025_c015_00086040_0.jpg,25,veri,14
VeRi/image_train/0025_c015_00086045_0.jpg,25,veri,14
VeRi/image_train/0025_c016_00024920_0.jpg,25,veri,15
VeRi/image_train/0025_c016_00024925_0.jpg,25,veri,15
VeRi/image_train/0025_c016_00024930_0.jpg,25,veri,15
VeRi/image_train/0025_c016_00024940_0.jpg,25,veri,15
VeRi/image_train/0025_c016_00024945_0.jpg,25,veri,15
VeRi/image_train/0025_c016_00045730_0.jpg,25,veri,15
VeRi/image_train/0025_c016_00045735_0.jpg,25,veri,15
VeRi/image_train/0025_c016_00045740_0.jpg,25,veri,15
VeRi/image_train/0025_c016_00045745_0.jpg,25,veri,15
VeRi/image_train/0025_c016_00045750_0.jpg,25,veri,15
VeRi/image_train/0025_c016_00045755_0.jpg,25,veri,15
VeRi/image_train/0025_c016_00086610_0.jpg,25,veri,15
VeRi/image_train/0025_c016_00086615_0.jpg,25,veri,15
VeRi/image_train/0025_c016_00086620_0.jpg,25,veri,15
VeRi/image_train/0025_c016_00086625_0.jpg,25,veri,15
VeRi/image_train/0025_c016_00086630_0.jpg,25,veri,15
VeRi/image_train/0025_c016_00086635_0.jpg,25,veri,15
VeRi/image_train/0025_c017_00047190_0.jpg,25,veri,16
VeRi/image_train/0025_c017_00047195_0.jpg,25,veri,16
VeRi/image_train/0025_c017_00047210_0.jpg,25,veri,16
VeRi/image_train/0025_c017_00047230_0.jpg,25,veri,16
VeRi/image_train/0025_c017_00047240_0.jpg,25,veri,16
VeRi/image_train/0025_c017_00047250_0.jpg,25,veri,16
VeRi/image_train/0025_c017_00084385_0.jpg,25,veri,16
VeRi/image_train/0025_c017_00084390_0.jpg,25,veri,16
VeRi/image_train/0025_c017_00084395_0.jpg,25,veri,16
VeRi/image_train/0025_c017_00084400_0.jpg,25,veri,16
VeRi/image_train/0025_c017_00084405_0.jpg,25,veri,16
VeRi/image_train/0025_c017_00084410_0.jpg,25,veri,16
VeRi/image_train/0025_c019_00025790_0.jpg,25,veri,18
VeRi/image_train/0025_c019_00025795_0.jpg,25,veri,18
VeRi/image_train/0025_c019_00025800_0.jpg,25,veri,18
VeRi/image_train/0025_c019_00025805_0.jpg,25,veri,18
VeRi/image_train/0025_c019_00025815_0.jpg,25,veri,18
VeRi/image_train/0025_c019_00025820_0.jpg,25,veri,18
VeRi/image_train/0025_c019_00046750_1.jpg,25,veri,18
VeRi/image_train/0025_c019_00046755_1.jpg,25,veri,18
VeRi/image_train/0025_c019_00046760_0.jpg,25,veri,18
VeRi/image_train/0025_c019_00046765_1.jpg,25,veri,18
VeRi/image_train/0025_c019_00046770_2.jpg,25,veri,18
VeRi/image_train/0025_c019_00046775_1.jpg,25,veri,18
VeRi/image_train/0025_c019_00084525_0.jpg,25,veri,18
VeRi/image_train/0025_c019_00084530_0.jpg,25,veri,18
VeRi/image_train/0025_c019_00084535_0.jpg,25,veri,18
VeRi/image_train/0025_c019_00084540_0.jpg,25,veri,18
VeRi/image_train/0025_c019_00084545_0.jpg,25,veri,18
VeRi/image_train/0025_c019_00084550_0.jpg,25,veri,18
VeRi/image_train/0252_c003_00001425_0.jpg,252,veri,2
VeRi/image_train/0252_c003_00001430_0.jpg,252,veri,2
VeRi/image_train/0252_c003_00001435_0.jpg,252,veri,2
VeRi/image_train/0252_c003_00001440_0.jpg,252,veri,2
VeRi/image_train/0252_c003_00001445_0.jpg,252,veri,2
VeRi/image_train/0252_c003_00001450_0.jpg,252,veri,2
VeRi/image_train/0252_c004_00001335_0.jpg,252,veri,3
VeRi/image_train/0252_c004_00001345_0.jpg,252,veri,3
VeRi/image_train/0252_c004_00001355_0.jpg,252,veri,3
VeRi/image_train/0252_c004_00001365_0.jpg,252,veri,3
VeRi/image_train/0252_c004_00001375_0.jpg,252,veri,3
VeRi/image_train/0252_c004_00001380_0.jpg,252,veri,3
VeRi/image_train/0252_c005_00001945_0.jpg,252,veri,4
VeRi/image_train/0252_c005_00001955_0.jpg,252,veri,4
VeRi/image_train/0252_c005_00001970_0.jpg,252,veri,4
VeRi/image_train/0252_c005_00001985_0.jpg,252,veri,4
VeRi/image_train/0252_c005_00002005_0.jpg,252,veri,4
VeRi/image_train/0252_c005_00002015_0.jpg,252,veri,4
VeRi/image_train/0252_c006_00000805_1.jpg,252,veri,5
VeRi/image_train/0252_c006_00000820_1.jpg,252,veri,5
VeRi/image_train/0252_c006_00000835_1.jpg,252,veri,5
VeRi/image_train/0252_c006_00000850_1.jpg,252,veri,5
VeRi/image_train/0252_c006_00000875_0.jpg,252,veri,5
VeRi/image_train/0252_c007_00002000_0.jpg,252,veri,6
VeRi/image_train/0252_c007_00002010_0.jpg,252,veri,6
VeRi/image_train/0252_c007_00002015_0.jpg,252,veri,6
VeRi/image_train/0252_c007_00002020_0.jpg,252,veri,6
VeRi/image_train/0252_c007_00002025_0.jpg,252,veri,6
VeRi/image_train/0252_c008_00001585_0.jpg,252,veri,7
VeRi/image_train/0252_c008_00001590_0.jpg,252,veri,7
VeRi/image_train/0252_c009_00001505_0.jpg,252,veri,8
VeRi/image_train/0252_c009_00001515_0.jpg,252,veri,8
VeRi/image_train/0252_c010_00000985_0.jpg,252,veri,9
VeRi/image_train/0252_c010_00000990_0.jpg,252,veri,9
VeRi/image_train/0252_c010_00000995_0.jpg,252,veri,9
VeRi/image_train/0252_c010_00001000_0.jpg,252,veri,9
VeRi/image_train/0252_c010_00001005_0.jpg,252,veri,9
VeRi/image_train/0252_c011_00000775_1.jpg,252,veri,10
VeRi/image_train/0252_c011_00000785_1.jpg,252,veri,10
VeRi/image_train/0252_c011_00000795_1.jpg,252,veri,10
VeRi/image_train/0252_c011_00000805_1.jpg,252,veri,10
VeRi/image_train/0252_c011_00000810_1.jpg,252,veri,10
VeRi/image_train/0252_c011_00000815_0.jpg,252,veri,10
VeRi/image_train/0254_c014_00045080_0.jpg,254,veri,13
VeRi/image_train/0254_c014_00045085_0.jpg,254,veri,13
VeRi/image_train/0254_c014_00045090_0.jpg,254,veri,13
VeRi/image_train/0254_c014_00045095_0.jpg,254,veri,13
VeRi/image_train/0254_c014_00045100_0.jpg,254,veri,13
VeRi/image_train/0254_c014_00045110_0.jpg,254,veri,13
VeRi/image_train/0254_c015_00045105_0.jpg,254,veri,14
VeRi/image_train/0254_c015_00045110_0.jpg,254,veri,14
VeRi/image_train/0254_c015_00045115_0.jpg,254,veri,14
VeRi/image_train/0254_c015_00045120_0.jpg,254,veri,14
VeRi/image_train/0254_c015_00045125_0.jpg,254,veri,14
VeRi/image_train/0254_c015_00045130_0.jpg,254,veri,14
VeRi/image_train/0254_c016_00044875_0.jpg,254,veri,15
VeRi/image_train/0254_c016_00044880_0.jpg,254,veri,15
VeRi/image_train/0254_c016_00044885_0.jpg,254,veri,15
VeRi/image_train/0254_c016_00044890_0.jpg,254,veri,15
VeRi/image_train/0254_c016_00044895_0.jpg,254,veri,15
VeRi/image_train/0254_c016_00044900_0.jpg,254,veri,15
VeRi/image_train/0254_c017_00046055_1.jpg,254,veri,16
VeRi/image_train/0254_c017_00046065_0.jpg,254,veri,16
VeRi/image_train/0254_c017_00046080_1.jpg,254,veri,16
VeRi/image_train/0254_c017_00046090_0.jpg,254,veri,16
VeRi/image_train/0254_c017_00046105_1.jpg,254,veri,16
VeRi/image_train/0254_c017_00046135_0.jpg,254,veri,16
VeRi/image_train/0026_c001_00061605_0.jpg,26,veri,0
VeRi/image_train/0026_c001_00061615_0.jpg,26,veri,0
VeRi/image_train/0026_c001_00061625_0.jpg,26,veri,0
VeRi/image_train/0026_c001_00061635_0.jpg,26,veri,0
VeRi/image_train/0026_c001_00061645_0.jpg,26,veri,0
VeRi/image_train/0026_c001_00061650_0.jpg,26,veri,0
VeRi/image_train/0026_c002_00062275_0.jpg,26,veri,1
VeRi/image_train/0026_c002_00062285_0.jpg,26,veri,1
VeRi/image_train/0026_c002_00062295_0.jpg,26,veri,1
VeRi/image_train/0026_c002_00062305_0.jpg,26,veri,1
VeRi/image_train/0026_c002_00062325_0.jpg,26,veri,1
VeRi/image_train/0026_c002_00062345_0.jpg,26,veri,1
VeRi/image_train/0026_c012_00059550_0.jpg,26,veri,11
VeRi/image_train/0026_c012_00059560_0.jpg,26,veri,11
VeRi/image_train/0026_c012_00059570_0.jpg,26,veri,11
VeRi/image_train/0026_c012_00059575_0.jpg,26,veri,11
VeRi/image_train/0026_c012_00059580_0.jpg,26,veri,11
VeRi/image_train/0026_c012_00059585_0.jpg,26,veri,11
VeRi/image_train/0026_c013_00059625_0.jpg,26,veri,12
VeRi/image_train/0026_c013_00059630_0.jpg,26,veri,12
VeRi/image_train/0026_c013_00059635_0.jpg,26,veri,12
VeRi/image_train/0026_c013_00059640_0.jpg,26,veri,12
VeRi/image_train/0026_c013_00059645_0.jpg,26,veri,12
VeRi/image_train/0026_c013_00059650_0.jpg,26,veri,12
VeRi/image_train/0026_c014_00057975_0.jpg,26,veri,13
VeRi/image_train/0026_c014_00057980_0.jpg,26,veri,13
VeRi/image_train/0026_c014_00057985_0.jpg,26,veri,13
VeRi/image_train/0026_c014_00058010_0.jpg,26,veri,13
VeRi/image_train/0026_c014_00058015_0.jpg,26,veri,13
VeRi/image_train/0026_c014_00058040_0.jpg,26,veri,13
VeRi/image_train/0026_c015_00058020_0.jpg,26,veri,14
VeRi/image_train/0026_c015_00058025_0.jpg,26,veri,14
VeRi/image_train/0026_c015_00058030_0.jpg,26,veri,14
VeRi/image_train/0026_c015_00058035_0.jpg,26,veri,14
VeRi/image_train/0026_c015_00058040_0.jpg,26,veri,14
VeRi/image_train/0026_c015_00058045_0.jpg,26,veri,14
VeRi/image_train/0026_c016_00057770_2.jpg,26,veri,15
VeRi/image_train/0026_c016_00057775_2.jpg,26,veri,15
VeRi/image_train/0026_c016_00057780_2.jpg,26,veri,15
VeRi/image_train/0026_c016_00057785_2.jpg,26,veri,15
VeRi/image_train/0026_c016_00057790_0.jpg,26,veri,15
VeRi/image_train/0026_c016_00057795_0.jpg,26,veri,15
VeRi/image_train/0026_c017_00058875_0.jpg,26,veri,16
VeRi/image_train/0026_c017_00058885_0.jpg,26,veri,16
VeRi/image_train/0026_c017_00058900_0.jpg,26,veri,16
VeRi/image_train/0026_c017_00058920_0.jpg,26,veri,16
VeRi/image_train/0026_c017_00058925_0.jpg,26,veri,16
VeRi/image_train/0026_c017_00058930_0.jpg,26,veri,16
VeRi/image_train/0026_c019_00058695_1.jpg,26,veri,18
VeRi/image_train/0026_c019_00058700_0.jpg,26,veri,18
VeRi/image_train/0026_c019_00058705_0.jpg,26,veri,18
VeRi/image_train/0026_c019_00058710_0.jpg,26,veri,18
VeRi/image_train/0026_c019_00058715_0.jpg,26,veri,18
VeRi/image_train/0026_c019_00058720_0.jpg,26,veri,18
VeRi/image_train/0261_c001_00058280_0.jpg,261,veri,0
VeRi/image_train/0261_c001_00058290_0.jpg,261,veri,0
VeRi/image_train/0261_c001_00058300_0.jpg,261,veri,0
VeRi/image_train/0261_c001_00058310_0.jpg,261,veri,0
VeRi/image_train/0261_c001_00058325_0.jpg,261,veri,0
VeRi/image_train/0261_c001_00058350_0.jpg,261,veri,0
VeRi/image_train/0261_c012_00058700_0.jpg,261,veri,11
VeRi/image_train/0261_c012_00058710_0.jpg,261,veri,11
VeRi/image_train/0261_c012_00058720_0.jpg,261,veri,11
VeRi/image_train/0261_c012_00058730_0.jpg,261,veri,11
VeRi/image_train/0261_c012_00058740_0.jpg,261,veri,11
VeRi/image_train/0261_c013_00058525_0.jpg,261,veri,12
VeRi/image_train/0261_c013_00058535_0.jpg,261,veri,12
VeRi/image_train/0261_c013_00058555_0.jpg,261,veri,12
VeRi/image_train/0261_c013_00058560_0.jpg,261,veri,12
VeRi/image_train/0261_c013_00058565_0.jpg,261,veri,12
VeRi/image_train/0261_c013_00058595_0.jpg,261,veri,12
VeRi/image_train/0261_c014_00060385_0.jpg,261,veri,13
VeRi/image_train/0261_c014_00060390_0.jpg,261,veri,13
VeRi/image_train/0261_c014_00060395_0.jpg,261,veri,13
VeRi/image_train/0261_c014_00060400_0.jpg,261,veri,13
VeRi/image_train/0261_c014_00060405_0.jpg,261,veri,13
VeRi/image_train/0261_c014_00060410_0.jpg,261,veri,13
VeRi/image_train/0261_c015_00060165_0.jpg,261,veri,14
VeRi/image_train/0261_c015_00060170_0.jpg,261,veri,14
VeRi/image_train/0261_c015_00060175_0.jpg,261,veri,14
VeRi/image_train/0261_c015_00060180_0.jpg,261,veri,14
VeRi/image_train/0261_c015_00060195_0.jpg,261,veri,14
VeRi/image_train/0261_c015_00060200_0.jpg,261,veri,14
VeRi/image_train/0261_c016_00060875_0.jpg,261,veri,15
VeRi/image_train/0261_c016_00060880_0.jpg,261,veri,15
VeRi/image_train/0261_c016_00060885_0.jpg,261,veri,15
VeRi/image_train/0261_c016_00060890_0.jpg,261,veri,15
VeRi/image_train/0261_c016_00060895_0.jpg,261,veri,15
VeRi/image_train/0261_c016_00060900_0.jpg,261,veri,15
VeRi/image_train/0261_c017_00059370_0.jpg,261,veri,16
VeRi/image_train/0261_c017_00059380_0.jpg,261,veri,16
VeRi/image_train/0261_c017_00059385_0.jpg,261,veri,16
VeRi/image_train/0261_c017_00059390_0.jpg,261,veri,16
VeRi/image_train/0261_c017_00059395_0.jpg,261,veri,16
VeRi/image_train/0261_c017_00059400_0.jpg,261,veri,16
VeRi/image_train/0264_c003_00060700_0.jpg,264,veri,2
VeRi/image_train/0264_c003_00060730_0.jpg,264,veri,2
VeRi/image_train/0264_c003_00060735_0.jpg,264,veri,2
VeRi/image_train/0264_c003_00060745_0.jpg,264,veri,2
VeRi/image_train/0264_c003_00060755_0.jpg,264,veri,2
VeRi/image_train/0264_c003_00060805_0.jpg,264,veri,2
VeRi/image_train/0264_c004_00060560_1.jpg,264,veri,3
VeRi/image_train/0264_c004_00060570_1.jpg,264,veri,3
VeRi/image_train/0264_c004_00060580_1.jpg,264,veri,3
VeRi/image_train/0264_c004_00060590_1.jpg,264,veri,3
VeRi/image_train/0264_c004_00060610_1.jpg,264,veri,3
VeRi/image_train/0264_c004_00060655_1.jpg,264,veri,3
VeRi/image_train/0264_c008_00060275_0.jpg,264,veri,7
VeRi/image_train/0264_c008_00060280_0.jpg,264,veri,7
VeRi/image_train/0264_c008_00060285_0.jpg,264,veri,7
VeRi/image_train/0264_c008_00060290_0.jpg,264,veri,7
VeRi/image_train/0264_c008_00060295_0.jpg,264,veri,7
VeRi/image_train/0264_c008_00060300_0.jpg,264,veri,7
VeRi/image_train/0264_c009_00060355_0.jpg,264,veri,8
VeRi/image_train/0264_c009_00060360_0.jpg,264,veri,8
VeRi/image_train/0264_c009_00060365_0.jpg,264,veri,8
VeRi/image_train/0264_c009_00060370_0.jpg,264,veri,8
VeRi/image_train/0264_c009_00060375_0.jpg,264,veri,8
VeRi/image_train/0265_c003_00072535_0.jpg,265,veri,2
VeRi/image_train/0265_c003_00072540_0.jpg,265,veri,2
VeRi/image_train/0265_c003_00072545_0.jpg,265,veri,2
VeRi/image_train/0265_c003_00072550_0.jpg,265,veri,2
VeRi/image_train/0265_c003_00072555_0.jpg,265,veri,2
VeRi/image_train/0265_c004_00072445_1.jpg,265,veri,3
VeRi/image_train/0265_c004_00072450_0.jpg,265,veri,3
VeRi/image_train/0265_c004_00072455_0.jpg,265,veri,3
VeRi/image_train/0265_c004_00072460_0.jpg,265,veri,3
VeRi/image_train/0265_c004_00072465_0.jpg,265,veri,3
VeRi/image_train/0265_c004_00072470_0.jpg,265,veri,3
VeRi/image_train/0265_c006_00072925_0.jpg,265,veri,5
VeRi/image_train/0265_c006_00072935_0.jpg,265,veri,5
VeRi/image_train/0265_c006_00072945_0.jpg,265,veri,5
VeRi/image_train/0265_c006_00072955_0.jpg,265,veri,5
VeRi/image_train/0265_c006_00072965_0.jpg,265,veri,5
VeRi/image_train/0265_c006_00072980_0.jpg,265,veri,5
VeRi/image_train/0265_c008_00072360_0.jpg,265,veri,7
VeRi/image_train/0265_c008_00072365_0.jpg,265,veri,7
VeRi/image_train/0265_c008_00072370_0.jpg,265,veri,7
VeRi/image_train/0265_c008_00072375_0.jpg,265,veri,7
VeRi/image_train/0265_c008_00072380_0.jpg,265,veri,7
VeRi/image_train/0265_c008_00072385_0.jpg,265,veri,7
VeRi/image_train/0265_c009_00072415_0.jpg,265,veri,8
VeRi/image_train/0265_c009_00072420_0.jpg,265,veri,8
VeRi/image_train/0265_c009_00072425_0.jpg,265,veri,8
VeRi/image_train/0265_c009_00072435_0.jpg,265,veri,8
VeRi/image_train/0265_c009_00072440_0.jpg,265,veri,8
VeRi/image_train/0265_c010_00072940_0.jpg,265,veri,9
VeRi/image_train/0265_c010_00072945_0.jpg,265,veri,9
VeRi/image_train/0265_c010_00072950_0.jpg,265,veri,9
VeRi/image_train/0265_c011_00072935_0.jpg,265,veri,10
VeRi/image_train/0265_c011_00072940_0.jpg,265,veri,10
VeRi/image_train/0265_c011_00072945_0.jpg,265,veri,10
VeRi/image_train/0265_c011_00072955_0.jpg,265,veri,10
VeRi/image_train/0265_c011_00072965_0.jpg,265,veri,10
VeRi/image_train/0265_c011_00072970_0.jpg,265,veri,10
VeRi/image_train/0271_c001_00019080_0.jpg,271,veri,0
VeRi/image_train/0271_c001_00019085_0.jpg,271,veri,0
VeRi/image_train/0271_c001_00019090_0.jpg,271,veri,0
VeRi/image_train/0271_c001_00019095_0.jpg,271,veri,0
VeRi/image_train/0271_c001_00019100_0.jpg,271,veri,0
VeRi/image_train/0271_c001_00019105_0.jpg,271,veri,0
VeRi/image_train/0271_c001_00075940_0.jpg,271,veri,0
VeRi/image_train/0271_c001_00075950_0.jpg,271,veri,0
VeRi/image_train/0271_c001_00075960_0.jpg,271,veri,0
VeRi/image_train/0271_c001_00075970_1.jpg,271,veri,0
VeRi/image_train/0271_c001_00075980_1.jpg,271,veri,0
VeRi/image_train/0271_c001_00075985_1.jpg,271,veri,0
VeRi/image_train/0271_c002_00017355_1.jpg,271,veri,1
VeRi/image_train/0271_c002_00017380_1.jpg,271,veri,1
VeRi/image_train/0271_c002_00017400_1.jpg,271,veri,1
VeRi/image_train/0271_c002_00017410_0.jpg,271,veri,1
VeRi/image_train/0271_c002_00017420_0.jpg,271,veri,1
VeRi/image_train/0271_c002_00017435_0.jpg,271,veri,1
VeRi/image_train/0271_c002_00076860_0.jpg,271,veri,1
VeRi/image_train/0271_c002_00076870_0.jpg,271,veri,1
VeRi/image_train/0271_c002_00076880_0.jpg,271,veri,1
VeRi/image_train/0271_c002_00076890_0.jpg,271,veri,1
VeRi/image_train/0271_c002_00076900_0.jpg,271,veri,1
VeRi/image_train/0271_c002_00076910_0.jpg,271,veri,1
VeRi/image_train/0271_c003_00014415_0.jpg,271,veri,2
VeRi/image_train/0271_c003_00014425_0.jpg,271,veri,2
VeRi/image_train/0271_c003_00014435_0.jpg,271,veri,2
VeRi/image_train/0271_c003_00014445_0.jpg,271,veri,2
VeRi/image_train/0271_c003_00014450_0.jpg,271,veri,2
VeRi/image_train/0271_c003_00014455_0.jpg,271,veri,2
VeRi/image_train/0271_c003_00080360_0.jpg,271,veri,2
VeRi/image_train/0271_c003_00080380_0.jpg,271,veri,2
VeRi/image_train/0271_c003_00080390_0.jpg,271,veri,2
VeRi/image_train/0271_c003_00080395_0.jpg,271,veri,2
VeRi/image_train/0271_c003_00080400_0.jpg,271,veri,2
VeRi/image_train/0271_c003_00080405_0.jpg,271,veri,2
VeRi/image_train/0271_c004_00014330_0.jpg,271,veri,3
VeRi/image_train/0271_c004_00014335_0.jpg,271,veri,3
VeRi/image_train/0271_c004_00014340_0.jpg,271,veri,3
VeRi/image_train/0271_c004_00014345_0.jpg,271,veri,3
VeRi/image_train/0271_c004_00014350_0.jpg,271,veri,3
VeRi/image_train/0271_c004_00014355_0.jpg,271,veri,3
VeRi/image_train/0271_c004_00080290_0.jpg,271,veri,3
VeRi/image_train/0271_c004_00080310_0.jpg,271,veri,3
VeRi/image_train/0271_c004_00080330_0.jpg,271,veri,3
VeRi/image_train/0271_c004_00080345_0.jpg,271,veri,3
VeRi/image_train/0271_c004_00080355_0.jpg,271,veri,3
VeRi/image_train/0271_c004_00080360_0.jpg,271,veri,3
VeRi/image_train/0271_c005_00001070_0.jpg,271,veri,4
VeRi/image_train/0271_c005_00001090_0.jpg,271,veri,4
VeRi/image_train/0271_c005_00001110_0.jpg,271,veri,4
VeRi/image_train/0271_c005_00001135_0.jpg,271,veri,4
VeRi/image_train/0271_c005_00001160_0.jpg,271,veri,4
VeRi/image_train/0271_c005_00081585_1.jpg,271,veri,4
VeRi/image_train/0271_c005_00081600_1.jpg,271,veri,4
VeRi/image_train/0271_c005_00081625_1.jpg,271,veri,4
VeRi/image_train/0271_c005_00081640_1.jpg,271,veri,4
VeRi/image_train/0271_c005_00081660_0.jpg,271,veri,4
VeRi/image_train/0271_c005_00081680_0.jpg,271,veri,4
VeRi/image_train/0271_c006_00015160_3.jpg,271,veri,5
VeRi/image_train/0271_c006_00015180_2.jpg,271,veri,5
VeRi/image_train/0271_c006_00015205_2.jpg,271,veri,5
VeRi/image_train/0271_c006_00015440_1.jpg,271,veri,5
VeRi/image_train/0271_c006_00015460_1.jpg,271,veri,5
VeRi/image_train/0271_c006_00015470_1.jpg,271,veri,5
VeRi/image_train/0271_c006_00078850_1.jpg,271,veri,5
VeRi/image_train/0271_c006_00078860_1.jpg,271,veri,5
VeRi/image_train/0271_c006_00078875_1.jpg,271,veri,5
VeRi/image_train/0271_c006_00078895_1.jpg,271,veri,5
VeRi/image_train/0271_c006_00078910_0.jpg,271,veri,5
VeRi/image_train/0271_c006_00078935_0.jpg,271,veri,5
VeRi/image_train/0271_c007_00001165_0.jpg,271,veri,6
VeRi/image_train/0271_c007_00001175_0.jpg,271,veri,6
VeRi/image_train/0271_c007_00001180_0.jpg,271,veri,6
VeRi/image_train/0271_c007_00001190_0.jpg,271,veri,6
VeRi/image_train/0271_c007_00001195_0.jpg,271,veri,6
VeRi/image_train/0271_c007_00081705_0.jpg,271,veri,6
VeRi/image_train/0271_c007_00081710_0.jpg,271,veri,6
VeRi/image_train/0271_c007_00081715_0.jpg,271,veri,6
VeRi/image_train/0271_c007_00081720_0.jpg,271,veri,6
VeRi/image_train/0271_c007_00081725_0.jpg,271,veri,6
VeRi/image_train/0271_c008_00000140_0.jpg,271,veri,7
VeRi/image_train/0271_c008_00000145_0.jpg,271,veri,7
VeRi/image_train/0271_c008_00014135_0.jpg,271,veri,7
VeRi/image_train/0271_c008_00014155_0.jpg,271,veri,7
VeRi/image_train/0271_c008_00014175_0.jpg,271,veri,7
VeRi/image_train/0271_c008_00014190_0.jpg,271,veri,7
VeRi/image_train/0271_c008_00014200_0.jpg,271,veri,7
VeRi/image_train/0271_c008_00080610_0.jpg,271,veri,7
VeRi/image_train/0271_c008_00080615_0.jpg,271,veri,7
VeRi/image_train/0271_c008_00080620_0.jpg,271,veri,7
VeRi/image_train/0271_c008_00080625_0.jpg,271,veri,7
VeRi/image_train/0271_c009_00000015_0.jpg,271,veri,8
VeRi/image_train/0271_c009_00000020_1.jpg,271,veri,8
VeRi/image_train/0271_c009_00000025_1.jpg,271,veri,8
VeRi/image_train/0271_c009_00014205_0.jpg,271,veri,8
VeRi/image_train/0271_c009_00014215_0.jpg,271,veri,8
VeRi/image_train/0271_c009_00014225_0.jpg,271,veri,8
VeRi/image_train/0271_c009_00014235_0.jpg,271,veri,8
VeRi/image_train/0271_c009_00014245_0.jpg,271,veri,8
VeRi/image_train/0271_c009_00014260_0.jpg,271,veri,8
VeRi/image_train/0271_c009_00080575_0.jpg,271,veri,8
VeRi/image_train/0271_c009_00080580_0.jpg,271,veri,8
VeRi/image_train/0271_c009_00080585_0.jpg,271,veri,8
VeRi/image_train/0271_c009_00080590_0.jpg,271,veri,8
VeRi/image_train/0271_c009_00080595_0.jpg,271,veri,8
VeRi/image_train/0271_c009_00080600_0.jpg,271,veri,8
VeRi/image_train/0271_c010_00015000_0.jpg,271,veri,9
VeRi/image_train/0271_c010_00015005_0.jpg,271,veri,9
VeRi/image_train/0271_c010_00015010_0.jpg,271,veri,9
VeRi/image_train/0271_c010_00015015_0.jpg,271,veri,9
VeRi/image_train/0271_c010_00015020_0.jpg,271,veri,9
VeRi/image_train/0271_c010_00079415_0.jpg,271,veri,9
VeRi/image_train/0271_c010_00079420_0.jpg,271,veri,9
VeRi/image_train/0271_c010_00079425_0.jpg,271,veri,9
VeRi/image_train/0271_c010_00079430_0.jpg,271,veri,9
VeRi/image_train/0271_c010_00079435_0.jpg,271,veri,9
VeRi/image_train/0271_c010_00079440_0.jpg,271,veri,9
VeRi/image_train/0271_c011_00015145_1.jpg,271,veri,10
VeRi/image_train/0271_c011_00015160_0.jpg,271,veri,10
VeRi/image_train/0271_c011_00015435_1.jpg,271,veri,10
VeRi/image_train/0271_c011_00015475_0.jpg,271,veri,10
VeRi/image_train/0271_c011_00015485_0.jpg,271,veri,10
VeRi/image_train/0271_c011_00015505_0.jpg,271,veri,10
VeRi/image_train/0271_c011_00078925_0.jpg,271,veri,10
VeRi/image_train/0271_c011_00078930_0.jpg,271,veri,10
VeRi/image_train/0271_c011_00078935_0.jpg,271,veri,10
VeRi/image_train/0271_c011_00078940_0.jpg,271,veri,10
VeRi/image_train/0271_c011_00078945_0.jpg,271,veri,10
VeRi/image_train/0271_c012_00019655_0.jpg,271,veri,11
VeRi/image_train/0271_c012_00019660_0.jpg,271,veri,11
VeRi/image_train/0271_c012_00019665_0.jpg,271,veri,11
VeRi/image_train/0271_c012_00019670_0.jpg,271,veri,11
VeRi/image_train/0271_c012_00019675_0.jpg,271,veri,11
VeRi/image_train/0271_c012_00019680_0.jpg,271,veri,11
VeRi/image_train/0271_c012_00074435_1.jpg,271,veri,11
VeRi/image_train/0271_c012_00074445_0.jpg,271,veri,11
VeRi/image_train/0271_c012_00074450_1.jpg,271,veri,11
VeRi/image_train/0271_c012_00074460_1.jpg,271,veri,11
VeRi/image_train/0271_c012_00074470_1.jpg,271,veri,11
VeRi/image_train/0271_c012_00074480_0.jpg,271,veri,11
VeRi/image_train/0271_c013_00019485_0.jpg,271,veri,12
VeRi/image_train/0271_c013_00019490_0.jpg,271,veri,12
VeRi/image_train/0271_c013_00019500_0.jpg,271,veri,12
VeRi/image_train/0271_c013_00019510_0.jpg,271,veri,12
VeRi/image_train/0271_c013_00074565_0.jpg,271,veri,12
VeRi/image_train/0271_c013_00074570_0.jpg,271,veri,12
VeRi/image_train/0271_c013_00074575_0.jpg,271,veri,12
VeRi/image_train/0271_c013_00074580_0.jpg,271,veri,12
VeRi/image_train/0271_c013_00074585_0.jpg,271,veri,12
VeRi/image_train/0271_c013_00074590_0.jpg,271,veri,12
VeRi/image_train/0271_c014_00022940_0.jpg,271,veri,13
VeRi/image_train/0271_c014_00022945_0.jpg,271,veri,13
VeRi/image_train/0271_c014_00022950_0.jpg,271,veri,13
VeRi/image_train/0271_c014_00022955_0.jpg,271,veri,13
VeRi/image_train/0271_c014_00022960_0.jpg,271,veri,13
VeRi/image_train/0271_c014_00022965_0.jpg,271,veri,13
VeRi/image_train/0271_c014_00071665_0.jpg,271,veri,13
VeRi/image_train/0271_c014_00071670_0.jpg,271,veri,13
VeRi/image_train/0271_c014_00071675_0.jpg,271,veri,13
VeRi/image_train/0271_c014_00071680_0.jpg,271,veri,13
VeRi/image_train/0271_c014_00071685_0.jpg,271,veri,13
VeRi/image_train/0271_c014_00071690_0.jpg,271,veri,13
VeRi/image_train/0271_c015_00022660_0.jpg,271,veri,14
VeRi/image_train/0271_c015_00022665_0.jpg,271,veri,14
VeRi/image_train/0271_c015_00022715_0.jpg,271,veri,14
VeRi/image_train/0271_c015_00022730_0.jpg,271,veri,14
VeRi/image_train/0271_c015_00022735_0.jpg,271,veri,14
VeRi/image_train/0271_c015_00022750_0.jpg,271,veri,14
VeRi/image_train/0271_c015_00071770_0.jpg,271,veri,14
VeRi/image_train/0271_c015_00071775_0.jpg,271,veri,14
VeRi/image_train/0271_c015_00071780_0.jpg,271,veri,14
VeRi/image_train/0271_c015_00071785_0.jpg,271,veri,14
VeRi/image_train/0271_c015_00071790_0.jpg,271,veri,14
VeRi/image_train/0271_c015_00071795_0.jpg,271,veri,14
VeRi/image_train/0271_c016_00070810_0.jpg,271,veri,15
VeRi/image_train/0271_c016_00070815_1.jpg,271,veri,15
VeRi/image_train/0271_c016_00070820_1.jpg,271,veri,15
VeRi/image_train/0271_c016_00070825_0.jpg,271,veri,15
VeRi/image_train/0271_c016_00070830_0.jpg,271,veri,15
VeRi/image_train/0271_c017_00020965_0.jpg,271,veri,16
VeRi/image_train/0271_c017_00020975_0.jpg,271,veri,16
VeRi/image_train/0271_c017_00020990_0.jpg,271,veri,16
VeRi/image_train/0271_c017_00021005_0.jpg,271,veri,16
VeRi/image_train/0271_c017_00021020_0.jpg,271,veri,16
VeRi/image_train/0271_c017_00021035_0.jpg,271,veri,16
VeRi/image_train/0271_c017_00073200_0.jpg,271,veri,16
VeRi/image_train/0271_c017_00073205_0.jpg,271,veri,16
VeRi/image_train/0271_c017_00073215_0.jpg,271,veri,16
VeRi/image_train/0271_c017_00073225_0.jpg,271,veri,16
VeRi/image_train/0271_c017_00073235_0.jpg,271,veri,16
VeRi/image_train/0271_c017_00073245_0.jpg,271,veri,16
VeRi/image_train/0271_c019_00021300_0.jpg,271,veri,18
VeRi/image_train/0271_c019_00021305_0.jpg,271,veri,18
VeRi/image_train/0271_c019_00021315_0.jpg,271,veri,18
VeRi/image_train/0271_c019_00021320_0.jpg,271,veri,18
VeRi/image_train/0271_c019_00021325_0.jpg,271,veri,18
VeRi/image_train/0271_c019_00072885_0.jpg,271,veri,18
VeRi/image_train/0271_c019_00072895_0.jpg,271,veri,18
VeRi/image_train/0271_c019_00072905_0.jpg,271,veri,18
VeRi/image_train/0271_c019_00072915_0.jpg,271,veri,18
VeRi/image_train/0271_c019_00072925_0.jpg,271,veri,18
VeRi/image_train/0271_c019_00072945_0.jpg,271,veri,18
VeRi/image_train/0277_c002_00079085_2.jpg,277,veri,1
VeRi/image_train/0277_c002_00079095_2.jpg,277,veri,1
VeRi/image_train/0277_c002_00079105_2.jpg,277,veri,1
VeRi/image_train/0277_c002_00079110_2.jpg,277,veri,1
VeRi/image_train/0277_c003_00075850_0.jpg,277,veri,2
VeRi/image_train/0277_c003_00075860_0.jpg,277,veri,2
VeRi/image_train/0277_c003_00075870_0.jpg,277,veri,2
VeRi/image_train/0277_c003_00075880_0.jpg,277,veri,2
VeRi/image_train/0277_c003_00075890_0.jpg,277,veri,2
VeRi/image_train/0277_c004_00075770_0.jpg,277,veri,3
VeRi/image_train/0277_c004_00075775_0.jpg,277,veri,3
VeRi/image_train/0277_c004_00075780_0.jpg,277,veri,3
VeRi/image_train/0277_c004_00075785_0.jpg,277,veri,3
VeRi/image_train/0277_c004_00075790_0.jpg,277,veri,3
VeRi/image_train/0277_c004_00075795_0.jpg,277,veri,3
VeRi/image_train/0277_c006_00076755_0.jpg,277,veri,5
VeRi/image_train/0277_c006_00076775_0.jpg,277,veri,5
VeRi/image_train/0277_c006_00076795_0.jpg,277,veri,5
VeRi/image_train/0277_c006_00076810_1.jpg,277,veri,5
VeRi/image_train/0277_c008_00075575_0.jpg,277,veri,7
VeRi/image_train/0277_c008_00075580_0.jpg,277,veri,7
VeRi/image_train/0277_c008_00075585_0.jpg,277,veri,7
VeRi/image_train/0277_c008_00075590_0.jpg,277,veri,7
VeRi/image_train/0277_c008_00075595_0.jpg,277,veri,7
VeRi/image_train/0277_c008_00075600_0.jpg,277,veri,7
VeRi/image_train/0277_c009_00075665_0.jpg,277,veri,8
VeRi/image_train/0277_c009_00075670_0.jpg,277,veri,8
VeRi/image_train/0277_c009_00075675_0.jpg,277,veri,8
VeRi/image_train/0277_c009_00075680_0.jpg,277,veri,8
VeRi/image_train/0277_c009_00075685_0.jpg,277,veri,8
VeRi/image_train/0277_c009_00075690_0.jpg,277,veri,8
VeRi/image_train/0277_c010_00076445_0.jpg,277,veri,9
VeRi/image_train/0277_c010_00076450_0.jpg,277,veri,9
VeRi/image_train/0277_c010_00076455_0.jpg,277,veri,9
VeRi/image_train/0277_c010_00076460_0.jpg,277,veri,9
VeRi/image_train/0277_c010_00076465_0.jpg,277,veri,9
VeRi/image_train/0277_c011_00076790_0.jpg,277,veri,10
VeRi/image_train/0277_c011_00076800_0.jpg,277,veri,10
VeRi/image_train/0277_c011_00076810_0.jpg,277,veri,10
VeRi/image_train/0277_c011_00076820_0.jpg,277,veri,10
VeRi/image_train/0277_c011_00076825_0.jpg,277,veri,10
VeRi/image_train/0277_c011_00076830_0.jpg,277,veri,10
VeRi/image_train/0028_c001_00056855_0.jpg,28,veri,0
VeRi/image_train/0028_c001_00056865_0.jpg,28,veri,0
VeRi/image_train/0028_c001_00056875_0.jpg,28,veri,0
VeRi/image_train/0028_c001_00056885_0.jpg,28,veri,0
VeRi/image_train/0028_c001_00056895_0.jpg,28,veri,0
VeRi/image_train/0028_c001_00056905_0.jpg,28,veri,0
VeRi/image_train/0028_c001_00073950_0.jpg,28,veri,0
VeRi/image_train/0028_c001_00073955_0.jpg,28,veri,0
VeRi/image_train/0028_c001_00073960_0.jpg,28,veri,0
VeRi/image_train/0028_c001_00073965_0.jpg,28,veri,0
VeRi/image_train/0028_c001_00073970_0.jpg,28,veri,0
VeRi/image_train/0028_c001_00073975_0.jpg,28,veri,0
VeRi/image_train/0028_c002_00057345_0.jpg,28,veri,1
VeRi/image_train/0028_c002_00057355_0.jpg,28,veri,1
VeRi/image_train/0028_c002_00057365_0.jpg,28,veri,1
VeRi/image_train/0028_c002_00057380_0.jpg,28,veri,1
VeRi/image_train/0028_c002_00057400_0.jpg,28,veri,1
VeRi/image_train/0028_c002_00057430_0.jpg,28,veri,1
VeRi/image_train/0028_c002_00071825_1.jpg,28,veri,1
VeRi/image_train/0028_c002_00071845_1.jpg,28,veri,1
VeRi/image_train/0028_c002_00071860_1.jpg,28,veri,1
VeRi/image_train/0028_c002_00071895_0.jpg,28,veri,1
VeRi/image_train/0028_c002_00071935_0.jpg,28,veri,1
VeRi/image_train/0028_c002_00071965_0.jpg,28,veri,1
VeRi/image_train/0028_c003_00060615_0.jpg,28,veri,2
VeRi/image_train/0028_c003_00060620_0.jpg,28,veri,2
VeRi/image_train/0028_c003_00060630_0.jpg,28,veri,2
VeRi/image_train/0028_c003_00060645_0.jpg,28,veri,2
VeRi/image_train/0028_c003_00060665_0.jpg,28,veri,2
VeRi/image_train/0028_c003_00060695_0.jpg,28,veri,2
VeRi/image_train/0028_c003_00069055_0.jpg,28,veri,2
VeRi/image_train/0028_c003_00069060_0.jpg,28,veri,2
VeRi/image_train/0028_c003_00069065_0.jpg,28,veri,2
VeRi/image_train/0028_c004_00060555_0.jpg,28,veri,3
VeRi/image_train/0028_c004_00060560_0.jpg,28,veri,3
VeRi/image_train/0028_c004_00060570_0.jpg,28,veri,3
VeRi/image_train/0028_c004_00060580_0.jpg,28,veri,3
VeRi/image_train/0028_c004_00060590_0.jpg,28,veri,3
VeRi/image_train/0028_c004_00060610_0.jpg,28,veri,3
VeRi/image_train/0028_c004_00069010_0.jpg,28,veri,3
VeRi/image_train/0028_c004_00069015_0.jpg,28,veri,3
VeRi/image_train/0028_c004_00069020_0.jpg,28,veri,3
VeRi/image_train/0028_c004_00069025_0.jpg,28,veri,3
VeRi/image_train/0028_c004_00069030_0.jpg,28,veri,3
VeRi/image_train/0028_c004_00069035_0.jpg,28,veri,3
VeRi/image_train/0028_c005_00037000_0.jpg,28,veri,4
VeRi/image_train/0028_c005_00037015_0.jpg,28,veri,4
VeRi/image_train/0028_c005_00037025_0.jpg,28,veri,4
VeRi/image_train/0028_c005_00037040_0.jpg,28,veri,4
VeRi/image_train/0028_c005_00037055_0.jpg,28,veri,4
VeRi/image_train/0028_c005_00037070_0.jpg,28,veri,4
VeRi/image_train/0028_c006_00059730_0.jpg,28,veri,5
VeRi/image_train/0028_c006_00059750_0.jpg,28,veri,5
VeRi/image_train/0028_c006_00059775_0.jpg,28,veri,5
VeRi/image_train/0028_c006_00059795_0.jpg,28,veri,5
VeRi/image_train/0028_c006_00059810_2.jpg,28,veri,5
VeRi/image_train/0028_c006_00059835_0.jpg,28,veri,5
VeRi/image_train/0028_c006_00069615_0.jpg,28,veri,5
VeRi/image_train/0028_c006_00069620_0.jpg,28,veri,5
VeRi/image_train/0028_c006_00069630_0.jpg,28,veri,5
VeRi/image_train/0028_c006_00069640_0.jpg,28,veri,5
VeRi/image_train/0028_c006_00069655_0.jpg,28,veri,5
VeRi/image_train/0028_c006_00069670_0.jpg,28,veri,5
VeRi/image_train/0028_c007_00037115_0.jpg,28,veri,6
VeRi/image_train/0028_c007_00037120_0.jpg,28,veri,6
VeRi/image_train/0028_c007_00037125_0.jpg,28,veri,6
VeRi/image_train/0028_c007_00037130_0.jpg,28,veri,6
VeRi/image_train/0028_c007_00037140_0.jpg,28,veri,6
VeRi/image_train/0028_c008_00068895_1.jpg,28,veri,7
VeRi/image_train/0028_c008_00068900_1.jpg,28,veri,7
VeRi/image_train/0028_c008_00068905_0.jpg,28,veri,7
VeRi/image_train/0028_c008_00068910_0.jpg,28,veri,7
VeRi/image_train/0028_c009_00068950_0.jpg,28,veri,8
VeRi/image_train/0028_c009_00068955_0.jpg,28,veri,8
VeRi/image_train/0028_c009_00068960_0.jpg,28,veri,8
VeRi/image_train/0028_c009_00068965_0.jpg,28,veri,8
VeRi/image_train/0028_c009_00068970_0.jpg,28,veri,8
VeRi/image_train/0028_c009_00068975_0.jpg,28,veri,8
VeRi/image_train/0028_c010_00059955_0.jpg,28,veri,9
VeRi/image_train/0028_c010_00059960_0.jpg,28,veri,9
VeRi/image_train/0028_c010_00059965_0.jpg,28,veri,9
VeRi/image_train/0028_c010_00059970_0.jpg,28,veri,9
VeRi/image_train/0028_c010_00059975_0.jpg,28,veri,9
VeRi/image_train/0028_c010_00059980_0.jpg,28,veri,9
VeRi/image_train/0028_c010_00069605_1.jpg,28,veri,9
VeRi/image_train/0028_c010_00069610_1.jpg,28,veri,9
VeRi/image_train/0028_c010_00069615_1.jpg,28,veri,9
VeRi/image_train/0028_c010_00069620_1.jpg,28,veri,9
VeRi/image_train/0028_c010_00069625_0.jpg,28,veri,9
VeRi/image_train/0028_c011_00059750_0.jpg,28,veri,10
VeRi/image_train/0028_c011_00059760_0.jpg,28,veri,10
VeRi/image_train/0028_c011_00059770_0.jpg,28,veri,10
VeRi/image_train/0028_c011_00059790_0.jpg,28,veri,10
VeRi/image_train/0028_c011_00059800_0.jpg,28,veri,10
VeRi/image_train/0028_c011_00059805_0.jpg,28,veri,10
VeRi/image_train/0028_c011_00069625_0.jpg,28,veri,10
VeRi/image_train/0028_c011_00069630_0.jpg,28,veri,10
VeRi/image_train/0028_c011_00069635_0.jpg,28,veri,10
VeRi/image_train/0028_c011_00069645_0.jpg,28,veri,10
VeRi/image_train/0028_c011_00069650_0.jpg,28,veri,10
VeRi/image_train/0028_c011_00069655_0.jpg,28,veri,10
VeRi/image_train/0028_c012_00054675_0.jpg,28,veri,11
VeRi/image_train/0028_c012_00054680_0.jpg,28,veri,11
VeRi/image_train/0028_c012_00054685_0.jpg,28,veri,11
VeRi/image_train/0028_c012_00054690_0.jpg,28,veri,11
VeRi/image_train/0028_c012_00054695_0.jpg,28,veri,11
VeRi/image_train/0028_c012_00054700_0.jpg,28,veri,11
VeRi/image_train/0028_c012_00074355_0.jpg,28,veri,11
VeRi/image_train/0028_c012_00074365_0.jpg,28,veri,11
VeRi/image_train/0028_c012_00074370_0.jpg,28,veri,11
VeRi/image_train/0028_c012_00074375_0.jpg,28,veri,11
VeRi/image_train/0028_c012_00074380_0.jpg,28,veri,11
VeRi/image_train/0028_c012_00074385_0.jpg,28,veri,11
VeRi/image_train/0028_c013_00054790_0.jpg,28,veri,12
VeRi/image_train/0028_c013_00054795_0.jpg,28,veri,12
VeRi/image_train/0028_c013_00054800_0.jpg,28,veri,12
VeRi/image_train/0028_c013_00054805_0.jpg,28,veri,12
VeRi/image_train/0028_c013_00054810_0.jpg,28,veri,12
VeRi/image_train/0028_c013_00054815_0.jpg,28,veri,12
VeRi/image_train/0028_c013_00074250_0.jpg,28,veri,12
VeRi/image_train/0028_c013_00074255_0.jpg,28,veri,12
VeRi/image_train/0028_c013_00074260_0.jpg,28,veri,12
VeRi/image_train/0028_c013_00074265_0.jpg,28,veri,12
VeRi/image_train/0028_c013_00074270_0.jpg,28,veri,12
VeRi/image_train/0028_c013_00074275_0.jpg,28,veri,12
VeRi/image_train/0028_c014_00053010_0.jpg,28,veri,13
VeRi/image_train/0028_c014_00053015_0.jpg,28,veri,13
VeRi/image_train/0028_c014_00053030_0.jpg,28,veri,13
VeRi/image_train/0028_c014_00053035_0.jpg,28,veri,13
VeRi/image_train/0028_c014_00053040_0.jpg,28,veri,13
VeRi/image_train/0028_c014_00053045_0.jpg,28,veri,13
VeRi/image_train/0028_c014_00075930_0.jpg,28,veri,13
VeRi/image_train/0028_c014_00075935_0.jpg,28,veri,13
VeRi/image_train/0028_c014_00075940_0.jpg,28,veri,13
VeRi/image_train/0028_c014_00075945_0.jpg,28,veri,13
VeRi/image_train/0028_c014_00075950_0.jpg,28,veri,13
VeRi/image_train/0028_c014_00075955_0.jpg,28,veri,13
VeRi/image_train/0028_c015_00053000_0.jpg,28,veri,14
VeRi/image_train/0028_c015_00053010_0.jpg,28,veri,14
VeRi/image_train/0028_c015_00053015_0.jpg,28,veri,14
VeRi/image_train/0028_c015_00053020_0.jpg,28,veri,14
VeRi/image_train/0028_c015_00053025_0.jpg,28,veri,14
VeRi/image_train/0028_c015_00053030_0.jpg,28,veri,14
VeRi/image_train/0028_c015_00075740_0.jpg,28,veri,14
VeRi/image_train/0028_c015_00075745_0.jpg,28,veri,14
VeRi/image_train/0028_c015_00075750_0.jpg,28,veri,14
VeRi/image_train/0028_c015_00075785_0.jpg,28,veri,14
VeRi/image_train/0028_c015_00075795_0.jpg,28,veri,14
VeRi/image_train/0028_c015_00075800_0.jpg,28,veri,14
VeRi/image_train/0028_c016_00052805_1.jpg,28,veri,15
VeRi/image_train/0028_c016_00052810_1.jpg,28,veri,15
VeRi/image_train/0028_c016_00052815_1.jpg,28,veri,15
VeRi/image_train/0028_c016_00052820_1.jpg,28,veri,15
VeRi/image_train/0028_c016_00052825_1.jpg,28,veri,15
VeRi/image_train/0028_c016_00076390_0.jpg,28,veri,15
VeRi/image_train/0028_c016_00076395_0.jpg,28,veri,15
VeRi/image_train/0028_c016_00076400_0.jpg,28,veri,15
VeRi/image_train/0028_c016_00076405_0.jpg,28,veri,15
VeRi/image_train/0028_c016_00076410_0.jpg,28,veri,15
VeRi/image_train/0028_c016_00076415_0.jpg,28,veri,15
VeRi/image_train/0028_c017_00053920_0.jpg,28,veri,16
VeRi/image_train/0028_c017_00053930_0.jpg,28,veri,16
VeRi/image_train/0028_c017_00053955_0.jpg,28,veri,16
VeRi/image_train/0028_c017_00053970_0.jpg,28,veri,16
VeRi/image_train/0028_c017_00053975_0.jpg,28,veri,16
VeRi/image_train/0028_c017_00053995_0.jpg,28,veri,16
VeRi/image_train/0028_c017_00074905_0.jpg,28,veri,16
VeRi/image_train/0028_c017_00074910_0.jpg,28,veri,16
VeRi/image_train/0028_c017_00074915_0.jpg,28,veri,16
VeRi/image_train/0028_c017_00074925_0.jpg,28,veri,16
VeRi/image_train/0028_c017_00074935_0.jpg,28,veri,16
VeRi/image_train/0028_c017_00074945_0.jpg,28,veri,16
VeRi/image_train/0028_c019_00053690_1.jpg,28,veri,18
VeRi/image_train/0028_c019_00053695_0.jpg,28,veri,18
VeRi/image_train/0028_c019_00053700_1.jpg,28,veri,18
VeRi/image_train/0028_c019_00053705_0.jpg,28,veri,18
VeRi/image_train/0028_c019_00053710_0.jpg,28,veri,18
VeRi/image_train/0028_c019_00053715_0.jpg,28,veri,18
VeRi/image_train/0028_c019_00075095_1.jpg,28,veri,18
VeRi/image_train/0028_c019_00075100_0.jpg,28,veri,18
VeRi/image_train/0028_c019_00075105_0.jpg,28,veri,18
VeRi/image_train/0028_c019_00075115_0.jpg,28,veri,18
VeRi/image_train/0028_c019_00075125_0.jpg,28,veri,18
VeRi/image_train/0028_c019_00075140_0.jpg,28,veri,18
VeRi/image_train/0029_c001_00073595_1.jpg,29,veri,0
VeRi/image_train/0029_c001_00073605_0.jpg,29,veri,0
VeRi/image_train/0029_c001_00073615_0.jpg,29,veri,0
VeRi/image_train/0029_c001_00073625_0.jpg,29,veri,0
VeRi/image_train/0029_c001_00073635_0.jpg,29,veri,0
VeRi/image_train/0029_c001_00073645_0.jpg,29,veri,0
VeRi/image_train/0029_c002_00074250_2.jpg,29,veri,1
VeRi/image_train/0029_c002_00074255_1.jpg,29,veri,1
VeRi/image_train/0029_c002_00074265_0.jpg,29,veri,1
VeRi/image_train/0029_c002_00074275_0.jpg,29,veri,1
VeRi/image_train/0029_c002_00074285_0.jpg,29,veri,1
VeRi/image_train/0029_c002_00074320_0.jpg,29,veri,1
VeRi/image_train/0029_c003_00077455_0.jpg,29,veri,2
VeRi/image_train/0029_c003_00077465_0.jpg,29,veri,2
VeRi/image_train/0029_c003_00077470_0.jpg,29,veri,2
VeRi/image_train/0029_c003_00077480_0.jpg,29,veri,2
VeRi/image_train/0029_c003_00077490_0.jpg,29,veri,2
VeRi/image_train/0029_c003_00077495_0.jpg,29,veri,2
VeRi/image_train/0029_c004_00077400_0.jpg,29,veri,3
VeRi/image_train/0029_c004_00077410_0.jpg,29,veri,3
VeRi/image_train/0029_c004_00077415_0.jpg,29,veri,3
VeRi/image_train/0029_c004_00077420_0.jpg,29,veri,3
VeRi/image_train/0029_c004_00077430_0.jpg,29,veri,3
VeRi/image_train/0029_c004_00077435_0.jpg,29,veri,3
VeRi/image_train/0029_c005_00078665_1.jpg,29,veri,4
VeRi/image_train/0029_c005_00078675_1.jpg,29,veri,4
VeRi/image_train/0029_c005_00078690_1.jpg,29,veri,4
VeRi/image_train/0029_c005_00078700_0.jpg,29,veri,4
VeRi/image_train/0029_c005_00078720_1.jpg,29,veri,4
VeRi/image_train/0029_c005_00078735_0.jpg,29,veri,4
VeRi/image_train/0029_c006_00076605_1.jpg,29,veri,5
VeRi/image_train/0029_c006_00076615_1.jpg,29,veri,5
VeRi/image_train/0029_c006_00076625_0.jpg,29,veri,5
VeRi/image_train/0029_c006_00076635_0.jpg,29,veri,5
VeRi/image_train/0029_c006_00076650_0.jpg,29,veri,5
VeRi/image_train/0029_c006_00076665_0.jpg,29,veri,5
VeRi/image_train/0029_c007_00078760_0.jpg,29,veri,6
VeRi/image_train/0029_c007_00078765_0.jpg,29,veri,6
VeRi/image_train/0029_c007_00078770_0.jpg,29,veri,6
VeRi/image_train/0029_c007_00078780_0.jpg,29,veri,6
VeRi/image_train/0029_c007_00078790_0.jpg,29,veri,6
VeRi/image_train/0029_c007_00078795_0.jpg,29,veri,6
VeRi/image_train/0029_c008_00077675_0.jpg,29,veri,7
VeRi/image_train/0029_c008_00077680_0.jpg,29,veri,7
VeRi/image_train/0029_c008_00077685_0.jpg,29,veri,7
VeRi/image_train/0029_c008_00077690_0.jpg,29,veri,7
VeRi/image_train/0029_c008_00077695_0.jpg,29,veri,7
VeRi/image_train/0029_c009_00077625_0.jpg,29,veri,8
VeRi/image_train/0029_c009_00077630_0.jpg,29,veri,8
VeRi/image_train/0029_c009_00077635_0.jpg,29,veri,8
VeRi/image_train/0029_c009_00077640_0.jpg,29,veri,8
VeRi/image_train/0029_c009_00077645_0.jpg,29,veri,8
VeRi/image_train/0029_c009_00077650_0.jpg,29,veri,8
VeRi/image_train/0029_c010_00076815_0.jpg,29,veri,9
VeRi/image_train/0029_c010_00076825_0.jpg,29,veri,9
VeRi/image_train/0029_c010_00076830_0.jpg,29,veri,9
VeRi/image_train/0029_c010_00076835_0.jpg,29,veri,9
VeRi/image_train/0029_c010_00076840_0.jpg,29,veri,9
VeRi/image_train/0029_c010_00076845_0.jpg,29,veri,9
VeRi/image_train/0029_c011_00076600_0.jpg,29,veri,10
VeRi/image_train/0029_c011_00076620_0.jpg,29,veri,10
VeRi/image_train/0029_c011_00076630_0.jpg,29,veri,10
VeRi/image_train/0029_c011_00076645_0.jpg,29,veri,10
VeRi/image_train/0029_c011_00076660_0.jpg,29,veri,10
VeRi/image_train/0029_c012_00072780_0.jpg,29,veri,11
VeRi/image_train/0029_c012_00072800_0.jpg,29,veri,11
VeRi/image_train/0029_c012_00072810_0.jpg,29,veri,11
VeRi/image_train/0029_c012_00072815_0.jpg,29,veri,11
VeRi/image_train/0029_c013_00072925_0.jpg,29,veri,12
VeRi/image_train/0029_c013_00072930_0.jpg,29,veri,12
VeRi/image_train/0029_c013_00072935_0.jpg,29,veri,12
VeRi/image_train/0029_c013_00072940_0.jpg,29,veri,12
VeRi/image_train/0029_c013_00072945_0.jpg,29,veri,12
VeRi/image_train/0029_c013_00072950_0.jpg,29,veri,12
VeRi/image_train/0029_c014_00070670_0.jpg,29,veri,13
VeRi/image_train/0029_c014_00070675_0.jpg,29,veri,13
VeRi/image_train/0029_c014_00070680_0.jpg,29,veri,13
VeRi/image_train/0029_c015_00070650_0.jpg,29,veri,14
VeRi/image_train/0029_c015_00070655_0.jpg,29,veri,14
VeRi/image_train/0029_c015_00070660_0.jpg,29,veri,14
VeRi/image_train/0029_c015_00070665_0.jpg,29,veri,14
VeRi/image_train/0029_c015_00070670_0.jpg,29,veri,14
VeRi/image_train/0029_c015_00070675_0.jpg,29,veri,14
VeRi/image_train/0029_c016_00070460_0.jpg,29,veri,15
VeRi/image_train/0029_c016_00070465_0.jpg,29,veri,15
VeRi/image_train/0029_c016_00070470_0.jpg,29,veri,15
VeRi/image_train/0029_c016_00070475_0.jpg,29,veri,15
VeRi/image_train/0029_c016_00070480_0.jpg,29,veri,15
VeRi/image_train/0029_c016_00070485_0.jpg,29,veri,15
VeRi/image_train/0029_c017_00071510_0.jpg,29,veri,16
VeRi/image_train/0029_c017_00071520_0.jpg,29,veri,16
VeRi/image_train/0029_c017_00071525_0.jpg,29,veri,16
VeRi/image_train/0029_c017_00071530_0.jpg,29,veri,16
VeRi/image_train/0029_c017_00071535_0.jpg,29,veri,16
VeRi/image_train/0029_c017_00071545_0.jpg,29,veri,16
VeRi/image_train/0029_c019_00071275_0.jpg,29,veri,18
VeRi/image_train/0029_c019_00071280_0.jpg,29,veri,18
VeRi/image_train/0029_c019_00071285_0.jpg,29,veri,18
VeRi/image_train/0029_c019_00071290_0.jpg,29,veri,18
VeRi/image_train/0029_c019_00071300_0.jpg,29,veri,18
VeRi/image_train/0029_c019_00071310_0.jpg,29,veri,18
VeRi/image_train/0292_c001_00040180_0.jpg,292,veri,0
VeRi/image_train/0292_c001_00040190_0.jpg,292,veri,0
VeRi/image_train/0292_c001_00040200_0.jpg,292,veri,0
VeRi/image_train/0292_c001_00040210_0.jpg,292,veri,0
VeRi/image_train/0292_c001_00040220_0.jpg,292,veri,0
VeRi/image_train/0292_c001_00040230_0.jpg,292,veri,0
VeRi/image_train/0292_c012_00038710_0.jpg,292,veri,11
VeRi/image_train/0292_c012_00038715_0.jpg,292,veri,11
VeRi/image_train/0292_c012_00038720_0.jpg,292,veri,11
VeRi/image_train/0292_c012_00038735_0.jpg,292,veri,11
VeRi/image_train/0292_c012_00038740_0.jpg,292,veri,11
VeRi/image_train/0292_c012_00038745_0.jpg,292,veri,11
VeRi/image_train/0292_c012_00040665_0.jpg,292,veri,11
VeRi/image_train/0292_c012_00040670_0.jpg,292,veri,11
VeRi/image_train/0292_c012_00040675_0.jpg,292,veri,11
VeRi/image_train/0292_c012_00040680_0.jpg,292,veri,11
VeRi/image_train/0292_c012_00040685_0.jpg,292,veri,11
VeRi/image_train/0292_c012_00040690_0.jpg,292,veri,11
VeRi/image_train/0292_c013_00038820_1.jpg,292,veri,12
VeRi/image_train/0292_c013_00038835_1.jpg,292,veri,12
VeRi/image_train/0292_c013_00038855_0.jpg,292,veri,12
VeRi/image_train/0292_c013_00038860_1.jpg,292,veri,12
VeRi/image_train/0292_c013_00040535_0.jpg,292,veri,12
VeRi/image_train/0292_c013_00040545_0.jpg,292,veri,12
VeRi/image_train/0292_c013_00040550_0.jpg,292,veri,12
VeRi/image_train/0292_c013_00040555_0.jpg,292,veri,12
VeRi/image_train/0292_c013_00040560_0.jpg,292,veri,12
VeRi/image_train/0292_c013_00040565_0.jpg,292,veri,12
VeRi/image_train/0292_c014_00037320_0.jpg,292,veri,13
VeRi/image_train/0292_c014_00037325_0.jpg,292,veri,13
VeRi/image_train/0292_c014_00037330_0.jpg,292,veri,13
VeRi/image_train/0292_c014_00037360_0.jpg,292,veri,13
VeRi/image_train/0292_c015_00037320_0.jpg,292,veri,14
VeRi/image_train/0292_c015_00037325_0.jpg,292,veri,14
VeRi/image_train/0292_c015_00037330_0.jpg,292,veri,14
VeRi/image_train/0292_c015_00037335_0.jpg,292,veri,14
VeRi/image_train/0292_c015_00037340_0.jpg,292,veri,14
VeRi/image_train/0292_c015_00037345_0.jpg,292,veri,14
VeRi/image_train/0292_c016_00037125_1.jpg,292,veri,15
VeRi/image_train/0292_c016_00037130_1.jpg,292,veri,15
VeRi/image_train/0292_c016_00037135_1.jpg,292,veri,15
VeRi/image_train/0292_c016_00037140_0.jpg,292,veri,15
VeRi/image_train/0292_c016_00037145_0.jpg,292,veri,15
VeRi/image_train/0292_c016_00037150_0.jpg,292,veri,15
VeRi/image_train/0292_c017_00038185_0.jpg,292,veri,16
VeRi/image_train/0292_c017_00038195_0.jpg,292,veri,16
VeRi/image_train/0292_c017_00038210_0.jpg,292,veri,16
VeRi/image_train/0292_c017_00038215_0.jpg,292,veri,16
VeRi/image_train/0292_c017_00038220_0.jpg,292,veri,16
VeRi/image_train/0292_c017_00038225_0.jpg,292,veri,16
VeRi/image_train/0292_c019_00038020_0.jpg,292,veri,18
VeRi/image_train/0292_c019_00038025_0.jpg,292,veri,18
VeRi/image_train/0292_c019_00038030_0.jpg,292,veri,18
VeRi/image_train/0292_c019_00038035_0.jpg,292,veri,18
VeRi/image_train/0292_c019_00038040_0.jpg,292,veri,18
VeRi/image_train/0292_c019_00038045_0.jpg,292,veri,18
VeRi/image_train/0003_c001_00021480_0.jpg,3,veri,0
VeRi/image_train/0003_c001_00021495_0.jpg,3,veri,0
VeRi/image_train/0003_c001_00021505_0.jpg,3,veri,0
VeRi/image_train/0003_c001_00021515_0.jpg,3,veri,0
VeRi/image_train/0003_c001_00021525_0.jpg,3,veri,0
VeRi/image_train/0003_c001_00021535_0.jpg,3,veri,0
VeRi/image_train/0003_c012_00020455_1.jpg,3,veri,11
VeRi/image_train/0003_c012_00020460_1.jpg,3,veri,11
VeRi/image_train/0003_c012_00020470_0.jpg,3,veri,11
VeRi/image_train/0003_c012_00020480_0.jpg,3,veri,11
VeRi/image_train/0003_c012_00020485_0.jpg,3,veri,11
VeRi/image_train/0003_c012_00020495_0.jpg,3,veri,11
VeRi/image_train/0003_c013_00020540_1.jpg,3,veri,12
VeRi/image_train/0003_c013_00020550_1.jpg,3,veri,12
VeRi/image_train/0003_c013_00020555_1.jpg,3,veri,12
VeRi/image_train/0003_c013_00020570_0.jpg,3,veri,12
VeRi/image_train/0003_c013_00020580_0.jpg,3,veri,12
VeRi/image_train/0003_c013_00020595_0.jpg,3,veri,12
VeRi/image_train/0003_c014_00018685_0.jpg,3,veri,13
VeRi/image_train/0003_c014_00018695_0.jpg,3,veri,13
VeRi/image_train/0003_c014_00018705_0.jpg,3,veri,13
VeRi/image_train/0003_c014_00018725_0.jpg,3,veri,13
VeRi/image_train/0003_c014_00018740_0.jpg,3,veri,13
VeRi/image_train/0003_c014_00018755_0.jpg,3,veri,13
VeRi/image_train/0003_c015_00018755_0.jpg,3,veri,14
VeRi/image_train/0003_c015_00018760_0.jpg,3,veri,14
VeRi/image_train/0003_c015_00018765_0.jpg,3,veri,14
VeRi/image_train/0003_c015_00018770_0.jpg,3,veri,14
VeRi/image_train/0003_c015_00018775_0.jpg,3,veri,14
VeRi/image_train/0003_c015_00018785_0.jpg,3,veri,14
VeRi/image_train/0003_c016_00018460_0.jpg,3,veri,15
VeRi/image_train/0003_c016_00018465_0.jpg,3,veri,15
VeRi/image_train/0003_c016_00018470_0.jpg,3,veri,15
VeRi/image_train/0003_c016_00018475_0.jpg,3,veri,15
VeRi/image_train/0003_c016_00018530_0.jpg,3,veri,15
VeRi/image_train/0003_c016_00018535_0.jpg,3,veri,15
VeRi/image_train/0003_c017_00019715_0.jpg,3,veri,16
VeRi/image_train/0003_c017_00019740_0.jpg,3,veri,16
VeRi/image_train/0003_c017_00019750_0.jpg,3,veri,16
VeRi/image_train/0003_c017_00019760_1.jpg,3,veri,16
VeRi/image_train/0003_c017_00019775_1.jpg,3,veri,16
VeRi/image_train/0003_c017_00019790_0.jpg,3,veri,16
VeRi/image_train/0003_c019_00019495_0.jpg,3,veri,18
VeRi/image_train/0003_c019_00019500_0.jpg,3,veri,18
VeRi/image_train/0003_c019_00019505_0.jpg,3,veri,18
VeRi/image_train/0003_c019_00019510_0.jpg,3,veri,18
VeRi/image_train/0003_c019_00019515_0.jpg,3,veri,18
VeRi/image_train/0003_c019_00019530_0.jpg,3,veri,18
VeRi/image_train/0301_c005_00013890_0.jpg,301,veri,4
VeRi/image_train/0301_c005_00013905_0.jpg,301,veri,4
VeRi/image_train/0301_c005_00013920_0.jpg,301,veri,4
VeRi/image_train/0301_c005_00013940_0.jpg,301,veri,4
VeRi/image_train/0301_c005_00013960_0.jpg,301,veri,4
VeRi/image_train/0301_c005_00013990_0.jpg,301,veri,4
VeRi/image_train/0301_c007_00013995_0.jpg,301,veri,6
VeRi/image_train/0301_c007_00014000_0.jpg,301,veri,6
VeRi/image_train/0301_c007_00014005_0.jpg,301,veri,6
VeRi/image_train/0301_c007_00014010_0.jpg,301,veri,6
VeRi/image_train/0301_c007_00014015_0.jpg,301,veri,6
VeRi/image_train/0301_c008_00003345_0.jpg,301,veri,7
VeRi/image_train/0301_c008_00003350_0.jpg,301,veri,7
VeRi/image_train/0301_c008_00003365_0.jpg,301,veri,7
VeRi/image_train/0301_c008_00003370_0.jpg,301,veri,7
VeRi/image_train/0301_c009_00003385_0.jpg,301,veri,8
VeRi/image_train/0301_c009_00003405_0.jpg,301,veri,8
VeRi/image_train/0301_c009_00003420_0.jpg,301,veri,8
VeRi/image_train/0301_c009_00003440_0.jpg,301,veri,8
VeRi/image_train/0301_c009_00003455_0.jpg,301,veri,8
VeRi/image_train/0301_c009_00003470_0.jpg,301,veri,8
VeRi/image_train/0301_c009_00013125_0.jpg,301,veri,8
VeRi/image_train/0301_c009_00013130_0.jpg,301,veri,8
VeRi/image_train/0301_c009_00013135_0.jpg,301,veri,8
VeRi/image_train/0301_c009_00013140_0.jpg,301,veri,8
VeRi/image_train/0301_c009_00013145_0.jpg,301,veri,8
VeRi/image_train/0301_c009_00013150_0.jpg,301,veri,8
VeRi/image_train/0302_c001_00073590_0.jpg,302,veri,0
VeRi/image_train/0302_c001_00073595_0.jpg,302,veri,0
VeRi/image_train/0302_c001_00073600_0.jpg,302,veri,0
VeRi/image_train/0302_c002_00074205_0.jpg,302,veri,1
VeRi/image_train/0302_c002_00074215_0.jpg,302,veri,1
VeRi/image_train/0302_c002_00074225_0.jpg,302,veri,1
VeRi/image_train/0302_c002_00074235_0.jpg,302,veri,1
VeRi/image_train/0302_c002_00074250_0.jpg,302,veri,1
VeRi/image_train/0302_c002_00074265_2.jpg,302,veri,1
VeRi/image_train/0302_c003_00077150_0.jpg,302,veri,2
VeRi/image_train/0302_c003_00077155_0.jpg,302,veri,2
VeRi/image_train/0302_c003_00077160_0.jpg,302,veri,2
VeRi/image_train/0302_c003_00077165_0.jpg,302,veri,2
VeRi/image_train/0302_c003_00077175_0.jpg,302,veri,2
VeRi/image_train/0302_c003_00077180_0.jpg,302,veri,2
VeRi/image_train/0302_c004_00077095_0.jpg,302,veri,3
VeRi/image_train/0302_c004_00077105_0.jpg,302,veri,3
VeRi/image_train/0302_c004_00077110_0.jpg,302,veri,3
VeRi/image_train/0302_c004_00077115_0.jpg,302,veri,3
VeRi/image_train/0302_c004_00077120_0.jpg,302,veri,3
VeRi/image_train/0302_c004_00077125_0.jpg,302,veri,3
VeRi/image_train/0302_c006_00076595_3.jpg,302,veri,5
VeRi/image_train/0302_c006_00076605_0.jpg,302,veri,5
VeRi/image_train/0302_c006_00076615_0.jpg,302,veri,5
VeRi/image_train/0302_c008_00077300_0.jpg,302,veri,7
VeRi/image_train/0302_c008_00077305_0.jpg,302,veri,7
VeRi/image_train/0302_c008_00077310_0.jpg,302,veri,7
VeRi/image_train/0302_c008_00077315_0.jpg,302,veri,7
VeRi/image_train/0302_c008_00077320_0.jpg,302,veri,7
VeRi/image_train/0302_c009_00077275_0.jpg,302,veri,8
VeRi/image_train/0302_c009_00077280_0.jpg,302,veri,8
VeRi/image_train/0302_c009_00077285_0.jpg,302,veri,8
VeRi/image_train/0302_c009_00077290_0.jpg,302,veri,8
VeRi/image_train/0302_c009_00077295_0.jpg,302,veri,8
VeRi/image_train/0302_c009_00077300_0.jpg,302,veri,8
VeRi/image_train/0302_c010_00076765_1.jpg,302,veri,9
VeRi/image_train/0302_c010_00076770_2.jpg,302,veri,9
VeRi/image_train/0302_c010_00076775_0.jpg,302,veri,9
VeRi/image_train/0302_c010_00076780_0.jpg,302,veri,9
VeRi/image_train/0302_c010_00076785_0.jpg,302,veri,9
VeRi/image_train/0302_c010_00076795_0.jpg,302,veri,9
VeRi/image_train/0302_c012_00071930_0.jpg,302,veri,11
VeRi/image_train/0302_c012_00071940_1.jpg,302,veri,11
VeRi/image_train/0302_c012_00071945_1.jpg,302,veri,11
VeRi/image_train/0302_c012_00071955_0.jpg,302,veri,11
VeRi/image_train/0302_c012_00071960_0.jpg,302,veri,11
VeRi/image_train/0302_c012_00071965_0.jpg,302,veri,11
VeRi/image_train/0302_c013_00072035_0.jpg,302,veri,12
VeRi/image_train/0302_c013_00072040_0.jpg,302,veri,12
VeRi/image_train/0302_c013_00072045_0.jpg,302,veri,12
VeRi/image_train/0302_c013_00072050_0.jpg,302,veri,12
VeRi/image_train/0302_c013_00072055_0.jpg,302,veri,12
VeRi/image_train/0302_c013_00072060_0.jpg,302,veri,12
VeRi/image_train/0302_c014_00062770_0.jpg,302,veri,13
VeRi/image_train/0302_c014_00062800_0.jpg,302,veri,13
VeRi/image_train/0302_c014_00062805_0.jpg,302,veri,13
VeRi/image_train/0302_c014_00062810_0.jpg,302,veri,13
VeRi/image_train/0302_c014_00062815_0.jpg,302,veri,13
VeRi/image_train/0302_c014_00062835_0.jpg,302,veri,13
VeRi/image_train/0302_c015_00062895_0.jpg,302,veri,14
VeRi/image_train/0302_c015_00062900_0.jpg,302,veri,14
VeRi/image_train/0302_c015_00062905_0.jpg,302,veri,14
VeRi/image_train/0302_c015_00062910_0.jpg,302,veri,14
VeRi/image_train/0302_c015_00062915_0.jpg,302,veri,14
VeRi/image_train/0302_c015_00062920_0.jpg,302,veri,14
VeRi/image_train/0302_c016_00062590_0.jpg,302,veri,15
VeRi/image_train/0302_c016_00062595_0.jpg,302,veri,15
VeRi/image_train/0302_c016_00062600_0.jpg,302,veri,15
VeRi/image_train/0302_c016_00062605_0.jpg,302,veri,15
VeRi/image_train/0302_c016_00062610_0.jpg,302,veri,15
VeRi/image_train/0302_c016_00062615_0.jpg,302,veri,15
VeRi/image_train/0302_c017_00065105_0.jpg,302,veri,16
VeRi/image_train/0302_c017_00065115_0.jpg,302,veri,16
VeRi/image_train/0302_c017_00065130_0.jpg,302,veri,16
VeRi/image_train/0302_c017_00065140_0.jpg,302,veri,16
VeRi/image_train/0302_c017_00065180_0.jpg,302,veri,16
VeRi/image_train/0302_c017_00065215_0.jpg,302,veri,16
VeRi/image_train/0302_c019_00064535_0.jpg,302,veri,18
VeRi/image_train/0302_c019_00064540_0.jpg,302,veri,18
VeRi/image_train/0302_c019_00064545_0.jpg,302,veri,18
VeRi/image_train/0302_c019_00064555_0.jpg,302,veri,18
VeRi/image_train/0302_c019_00064565_0.jpg,302,veri,18
VeRi/image_train/0302_c019_00064575_0.jpg,302,veri,18
VeRi/image_train/0303_c001_00038895_0.jpg,303,veri,0
VeRi/image_train/0303_c001_00038910_0.jpg,303,veri,0
VeRi/image_train/0303_c001_00038920_0.jpg,303,veri,0
VeRi/image_train/0303_c001_00038930_0.jpg,303,veri,0
VeRi/image_train/0303_c001_00038940_0.jpg,303,veri,0
VeRi/image_train/0303_c001_00038950_0.jpg,303,veri,0
VeRi/image_train/0303_c001_00064795_0.jpg,303,veri,0
VeRi/image_train/0303_c001_00064805_1.jpg,303,veri,0
VeRi/image_train/0303_c001_00064820_0.jpg,303,veri,0
VeRi/image_train/0303_c001_00064825_0.jpg,303,veri,0
VeRi/image_train/0303_c001_00064840_0.jpg,303,veri,0
VeRi/image_train/0303_c001_00064855_0.jpg,303,veri,0
VeRi/image_train/0303_c012_00039390_0.jpg,303,veri,11
VeRi/image_train/0303_c012_00039395_0.jpg,303,veri,11
VeRi/image_train/0303_c012_00039400_0.jpg,303,veri,11
VeRi/image_train/0303_c012_00039405_0.jpg,303,veri,11
VeRi/image_train/0303_c012_00039410_0.jpg,303,veri,11
VeRi/image_train/0303_c012_00039415_0.jpg,303,veri,11
VeRi/image_train/0303_c012_00062985_1.jpg,303,veri,11
VeRi/image_train/0303_c012_00062995_1.jpg,303,veri,11
VeRi/image_train/0303_c012_00063010_1.jpg,303,veri,11
VeRi/image_train/0303_c012_00063020_0.jpg,303,veri,11
VeRi/image_train/0303_c012_00063030_0.jpg,303,veri,11
VeRi/image_train/0303_c012_00063035_0.jpg,303,veri,11
VeRi/image_train/0303_c013_00039255_0.jpg,303,veri,12
VeRi/image_train/0303_c013_00039270_0.jpg,303,veri,12
VeRi/image_train/0303_c013_00039275_0.jpg,303,veri,12
VeRi/image_train/0303_c013_00039280_0.jpg,303,veri,12
VeRi/image_train/0303_c013_00063100_0.jpg,303,veri,12
VeRi/image_train/0303_c013_00063105_0.jpg,303,veri,12
VeRi/image_train/0303_c013_00063110_0.jpg,303,veri,12
VeRi/image_train/0303_c013_00063115_0.jpg,303,veri,12
VeRi/image_train/0303_c013_00063120_0.jpg,303,veri,12
VeRi/image_train/0303_c013_00063125_0.jpg,303,veri,12
VeRi/image_train/0303_c014_00041135_0.jpg,303,veri,13
VeRi/image_train/0303_c014_00041140_0.jpg,303,veri,13
VeRi/image_train/0303_c014_00041145_0.jpg,303,veri,13
VeRi/image_train/0303_c014_00041150_0.jpg,303,veri,13
VeRi/image_train/0303_c014_00041155_0.jpg,303,veri,13
VeRi/image_train/0303_c014_00041160_0.jpg,303,veri,13
VeRi/image_train/0303_c014_00061160_0.jpg,303,veri,13
VeRi/image_train/0303_c014_00061165_0.jpg,303,veri,13
VeRi/image_train/0303_c014_00061170_0.jpg,303,veri,13
VeRi/image_train/0303_c014_00061175_0.jpg,303,veri,13
VeRi/image_train/0303_c014_00061180_0.jpg,303,veri,13
VeRi/image_train/0303_c014_00061185_0.jpg,303,veri,13
VeRi/image_train/0303_c015_00040895_0.jpg,303,veri,14
VeRi/image_train/0303_c015_00040905_0.jpg,303,veri,14
VeRi/image_train/0303_c015_00040910_0.jpg,303,veri,14
VeRi/image_train/0303_c015_00040915_0.jpg,303,veri,14
VeRi/image_train/0303_c015_00040920_0.jpg,303,veri,14
VeRi/image_train/0303_c015_00040965_0.jpg,303,veri,14
VeRi/image_train/0303_c015_00061165_0.jpg,303,veri,14
VeRi/image_train/0303_c015_00061170_0.jpg,303,veri,14
VeRi/image_train/0303_c015_00061175_0.jpg,303,veri,14
VeRi/image_train/0303_c015_00061180_0.jpg,303,veri,14
VeRi/image_train/0303_c015_00061185_0.jpg,303,veri,14
VeRi/image_train/0303_c015_00061190_0.jpg,303,veri,14
VeRi/image_train/0303_c016_00042195_0.jpg,303,veri,15
VeRi/image_train/0303_c016_00042205_0.jpg,303,veri,15
VeRi/image_train/0303_c016_00042210_0.jpg,303,veri,15
VeRi/image_train/0303_c016_00042215_0.jpg,303,veri,15
VeRi/image_train/0303_c016_00042220_0.jpg,303,veri,15
VeRi/image_train/0303_c016_00042225_0.jpg,303,veri,15
VeRi/image_train/0303_c016_00060935_0.jpg,303,veri,15
VeRi/image_train/0303_c016_00060940_0.jpg,303,veri,15
VeRi/image_train/0303_c016_00060945_0.jpg,303,veri,15
VeRi/image_train/0303_c016_00060950_0.jpg,303,veri,15
VeRi/image_train/0303_c016_00060955_0.jpg,303,veri,15
VeRi/image_train/0303_c016_00060960_0.jpg,303,veri,15
VeRi/image_train/0303_c017_00040000_0.jpg,303,veri,16
VeRi/image_train/0303_c017_00040010_0.jpg,303,veri,16
VeRi/image_train/0303_c017_00040020_0.jpg,303,veri,16
VeRi/image_train/0303_c017_00040025_0.jpg,303,veri,16
VeRi/image_train/0303_c017_00040030_0.jpg,303,veri,16
VeRi/image_train/0303_c017_00040035_0.jpg,303,veri,16
VeRi/image_train/0303_c017_00062265_0.jpg,303,veri,16
VeRi/image_train/0303_c017_00062275_0.jpg,303,veri,16
VeRi/image_train/0303_c017_00062285_0.jpg,303,veri,16
VeRi/image_train/0303_c017_00062295_0.jpg,303,veri,16
VeRi/image_train/0303_c017_00062305_0.jpg,303,veri,16
VeRi/image_train/0303_c017_00062315_0.jpg,303,veri,16
VeRi/image_train/0303_c019_00040220_0.jpg,303,veri,18
VeRi/image_train/0303_c019_00040225_0.jpg,303,veri,18
VeRi/image_train/0303_c019_00040235_0.jpg,303,veri,18
VeRi/image_train/0303_c019_00040245_0.jpg,303,veri,18
VeRi/image_train/0303_c019_00040275_0.jpg,303,veri,18
VeRi/image_train/0303_c019_00040280_0.jpg,303,veri,18
VeRi/image_train/0303_c019_00061950_0.jpg,303,veri,18
VeRi/image_train/0303_c019_00061955_0.jpg,303,veri,18
VeRi/image_train/0303_c019_00061965_0.jpg,303,veri,18
VeRi/image_train/0303_c019_00061970_0.jpg,303,veri,18
VeRi/image_train/0303_c019_00061975_0.jpg,303,veri,18
VeRi/image_train/0303_c019_00061985_0.jpg,303,veri,18
VeRi/image_train/0305_c001_00086500_0.jpg,305,veri,0
VeRi/image_train/0305_c001_00086510_0.jpg,305,veri,0
VeRi/image_train/0305_c001_00086520_0.jpg,305,veri,0
VeRi/image_train/0305_c001_00086530_0.jpg,305,veri,0
VeRi/image_train/0305_c001_00086540_0.jpg,305,veri,0
VeRi/image_train/0305_c001_00086550_0.jpg,305,veri,0
VeRi/image_train/0305_c012_00085410_0.jpg,305,veri,11
VeRi/image_train/0305_c012_00085420_0.jpg,305,veri,11
VeRi/image_train/0305_c012_00085430_0.jpg,305,veri,11
VeRi/image_train/0305_c012_00085440_0.jpg,305,veri,11
VeRi/image_train/0305_c012_00085445_0.jpg,305,veri,11
VeRi/image_train/0305_c012_00085450_0.jpg,305,veri,11
VeRi/image_train/0305_c013_00085535_0.jpg,305,veri,12
VeRi/image_train/0305_c013_00085540_0.jpg,305,veri,12
VeRi/image_train/0305_c013_00085545_0.jpg,305,veri,12
VeRi/image_train/0305_c013_00085550_0.jpg,305,veri,12
VeRi/image_train/0305_c013_00085555_0.jpg,305,veri,12
VeRi/image_train/0305_c013_00085560_0.jpg,305,veri,12
VeRi/image_train/0305_c014_00083750_0.jpg,305,veri,13
VeRi/image_train/0305_c014_00083755_0.jpg,305,veri,13
VeRi/image_train/0305_c014_00083760_0.jpg,305,veri,13
VeRi/image_train/0305_c014_00083765_0.jpg,305,veri,13
VeRi/image_train/0305_c014_00083770_0.jpg,305,veri,13
VeRi/image_train/0305_c014_00083775_0.jpg,305,veri,13
VeRi/image_train/0305_c015_00083775_0.jpg,305,veri,14
VeRi/image_train/0305_c015_00083780_0.jpg,305,veri,14
VeRi/image_train/0305_c015_00083785_0.jpg,305,veri,14
VeRi/image_train/0305_c015_00083790_0.jpg,305,veri,14
VeRi/image_train/0305_c015_00083795_0.jpg,305,veri,14
VeRi/image_train/0305_c015_00083800_0.jpg,305,veri,14
VeRi/image_train/0305_c016_00083570_0.jpg,305,veri,15
VeRi/image_train/0305_c016_00083575_0.jpg,305,veri,15
VeRi/image_train/0305_c016_00083580_0.jpg,305,veri,15
VeRi/image_train/0305_c016_00083585_0.jpg,305,veri,15
VeRi/image_train/0305_c016_00083590_0.jpg,305,veri,15
VeRi/image_train/0305_c016_00083595_0.jpg,305,veri,15
VeRi/image_train/0305_c017_00084815_0.jpg,305,veri,16
VeRi/image_train/0305_c017_00084825_0.jpg,305,veri,16
VeRi/image_train/0305_c017_00084840_0.jpg,305,veri,16
VeRi/image_train/0305_c017_00084845_0.jpg,305,veri,16
VeRi/image_train/0305_c017_00084850_0.jpg,305,veri,16
VeRi/image_train/0305_c017_00084855_0.jpg,305,veri,16
VeRi/image_train/0305_c019_00084570_0.jpg,305,veri,18
VeRi/image_train/0305_c019_00084575_0.jpg,305,veri,18
VeRi/image_train/0305_c019_00084580_0.jpg,305,veri,18
VeRi/image_train/0305_c019_00084585_0.jpg,305,veri,18
VeRi/image_train/0305_c019_00084590_0.jpg,305,veri,18
VeRi/image_train/0305_c019_00084595_0.jpg,305,veri,18
VeRi/image_train/0307_c001_00076790_0.jpg,307,veri,0
VeRi/image_train/0307_c001_00076800_0.jpg,307,veri,0
VeRi/image_train/0307_c001_00076810_0.jpg,307,veri,0
VeRi/image_train/0307_c001_00076820_0.jpg,307,veri,0
VeRi/image_train/0307_c001_00076830_0.jpg,307,veri,0
VeRi/image_train/0307_c001_00076840_0.jpg,307,veri,0
VeRi/image_train/0307_c012_00076420_0.jpg,307,veri,11
VeRi/image_train/0307_c012_00076425_0.jpg,307,veri,11
VeRi/image_train/0307_c012_00076430_0.jpg,307,veri,11
VeRi/image_train/0307_c012_00076440_0.jpg,307,veri,11
VeRi/image_train/0307_c012_00076445_0.jpg,307,veri,11
VeRi/image_train/0307_c012_00076450_0.jpg,307,veri,11
VeRi/image_train/0307_c013_00076535_0.jpg,307,veri,12
VeRi/image_train/0307_c013_00076540_0.jpg,307,veri,12
VeRi/image_train/0307_c013_00076545_0.jpg,307,veri,12
VeRi/image_train/0307_c013_00076550_0.jpg,307,veri,12
VeRi/image_train/0307_c013_00076555_0.jpg,307,veri,12
VeRi/image_train/0307_c013_00076560_0.jpg,307,veri,12
VeRi/image_train/0307_c014_00074180_1.jpg,307,veri,13
VeRi/image_train/0307_c014_00074185_1.jpg,307,veri,13
VeRi/image_train/0307_c014_00074190_1.jpg,307,veri,13
VeRi/image_train/0307_c014_00074195_1.jpg,307,veri,13
VeRi/image_train/0307_c014_00074200_1.jpg,307,veri,13
VeRi/image_train/0307_c014_00074205_1.jpg,307,veri,13
VeRi/image_train/0307_c015_00074330_0.jpg,307,veri,14
VeRi/image_train/0307_c015_00074335_0.jpg,307,veri,14
VeRi/image_train/0307_c015_00074340_0.jpg,307,veri,14
VeRi/image_train/0307_c015_00074345_0.jpg,307,veri,14
VeRi/image_train/0307_c015_00074350_0.jpg,307,veri,14
VeRi/image_train/0307_c015_00074355_0.jpg,307,veri,14
VeRi/image_train/0307_c016_00073945_0.jpg,307,veri,15
VeRi/image_train/0307_c016_00073950_0.jpg,307,veri,15
VeRi/image_train/0307_c016_00073955_0.jpg,307,veri,15
VeRi/image_train/0307_c016_00073960_0.jpg,307,veri,15
VeRi/image_train/0307_c016_00073965_0.jpg,307,veri,15
VeRi/image_train/0307_c016_00073970_0.jpg,307,veri,15
VeRi/image_train/0307_c017_00075605_0.jpg,307,veri,16
VeRi/image_train/0307_c017_00075610_0.jpg,307,veri,16
VeRi/image_train/0307_c017_00075615_0.jpg,307,veri,16
VeRi/image_train/0307_c017_00075630_0.jpg,307,veri,16
VeRi/image_train/0307_c017_00075645_0.jpg,307,veri,16
VeRi/image_train/0307_c017_00075670_0.jpg,307,veri,16
VeRi/image_train/0307_c019_00075345_0.jpg,307,veri,18
VeRi/image_train/0307_c019_00075355_0.jpg,307,veri,18
VeRi/image_train/0307_c019_00075360_0.jpg,307,veri,18
VeRi/image_train/0307_c019_00075365_0.jpg,307,veri,18
VeRi/image_train/0307_c019_00075370_0.jpg,307,veri,18
VeRi/image_train/0307_c019_00075375_0.jpg,307,veri,18
VeRi/image_train/0308_c012_00070410_0.jpg,308,veri,11
VeRi/image_train/0308_c012_00070435_0.jpg,308,veri,11
VeRi/image_train/0308_c012_00070455_0.jpg,308,veri,11
VeRi/image_train/0308_c012_00070475_0.jpg,308,veri,11
VeRi/image_train/0308_c012_00070490_0.jpg,308,veri,11
VeRi/image_train/0308_c012_00070505_0.jpg,308,veri,11
VeRi/image_train/0308_c014_00068615_0.jpg,308,veri,13
VeRi/image_train/0308_c014_00068620_0.jpg,308,veri,13
VeRi/image_train/0308_c014_00068640_0.jpg,308,veri,13
VeRi/image_train/0308_c014_00068645_0.jpg,308,veri,13
VeRi/image_train/0308_c014_00068650_0.jpg,308,veri,13
VeRi/image_train/0308_c014_00068655_0.jpg,308,veri,13
VeRi/image_train/0308_c015_00068675_0.jpg,308,veri,14
VeRi/image_train/0308_c015_00068680_0.jpg,308,veri,14
VeRi/image_train/0308_c015_00068685_0.jpg,308,veri,14
VeRi/image_train/0308_c015_00068690_0.jpg,308,veri,14
VeRi/image_train/0308_c015_00068695_0.jpg,308,veri,14
VeRi/image_train/0308_c015_00068700_0.jpg,308,veri,14
VeRi/image_train/0308_c016_00068300_0.jpg,308,veri,15
VeRi/image_train/0308_c016_00068305_0.jpg,308,veri,15
VeRi/image_train/0308_c016_00068310_0.jpg,308,veri,15
VeRi/image_train/0308_c016_00068315_0.jpg,308,veri,15
VeRi/image_train/0308_c016_00068320_0.jpg,308,veri,15
VeRi/image_train/0308_c016_00068325_0.jpg,308,veri,15
VeRi/image_train/0308_c017_00069570_0.jpg,308,veri,16
VeRi/image_train/0308_c017_00069605_0.jpg,308,veri,16
VeRi/image_train/0308_c017_00069615_0.jpg,308,veri,16
VeRi/image_train/0308_c017_00069630_0.jpg,308,veri,16
VeRi/image_train/0308_c017_00069645_0.jpg,308,veri,16
VeRi/image_train/0308_c017_00069655_0.jpg,308,veri,16
VeRi/image_train/0308_c019_00069380_0.jpg,308,veri,18
VeRi/image_train/0308_c019_00069385_0.jpg,308,veri,18
VeRi/image_train/0308_c019_00069390_0.jpg,308,veri,18
VeRi/image_train/0308_c019_00069395_0.jpg,308,veri,18
VeRi/image_train/0308_c019_00069410_0.jpg,308,veri,18
VeRi/image_train/0308_c019_00069420_0.jpg,308,veri,18
VeRi/image_train/0309_c014_00061650_0.jpg,309,veri,13
VeRi/image_train/0309_c014_00061670_0.jpg,309,veri,13
VeRi/image_train/0309_c014_00061675_0.jpg,309,veri,13
VeRi/image_train/0309_c014_00061680_0.jpg,309,veri,13
VeRi/image_train/0309_c014_00061685_0.jpg,309,veri,13
VeRi/image_train/0309_c014_00061700_0.jpg,309,veri,13
VeRi/image_train/0309_c015_00061680_0.jpg,309,veri,14
VeRi/image_train/0309_c015_00061685_0.jpg,309,veri,14
VeRi/image_train/0309_c015_00061690_0.jpg,309,veri,14
VeRi/image_train/0309_c015_00061695_0.jpg,309,veri,14
VeRi/image_train/0309_c015_00061700_0.jpg,309,veri,14
VeRi/image_train/0309_c015_00061705_0.jpg,309,veri,14
VeRi/image_train/0309_c016_00061455_0.jpg,309,veri,15
VeRi/image_train/0309_c016_00061460_0.jpg,309,veri,15
VeRi/image_train/0309_c016_00061465_0.jpg,309,veri,15
VeRi/image_train/0309_c016_00061470_0.jpg,309,veri,15
VeRi/image_train/0309_c016_00061475_0.jpg,309,veri,15
VeRi/image_train/0309_c016_00061480_0.jpg,309,veri,15
VeRi/image_train/0309_c019_00062415_1.jpg,309,veri,18
VeRi/image_train/0309_c019_00062420_0.jpg,309,veri,18
VeRi/image_train/0309_c019_00062425_0.jpg,309,veri,18
VeRi/image_train/0309_c019_00062430_0.jpg,309,veri,18
VeRi/image_train/0309_c019_00062435_0.jpg,309,veri,18
VeRi/image_train/0309_c019_00062445_0.jpg,309,veri,18
VeRi/image_train/0031_c009_00039165_0.jpg,31,veri,8
VeRi/image_train/0031_c009_00039170_0.jpg,31,veri,8
VeRi/image_train/0031_c009_00039175_0.jpg,31,veri,8
VeRi/image_train/0031_c009_00039180_0.jpg,31,veri,8
VeRi/image_train/0031_c009_00039185_0.jpg,31,veri,8
VeRi/image_train/0031_c014_00001115_1.jpg,31,veri,13
VeRi/image_train/0031_c014_00001120_0.jpg,31,veri,13
VeRi/image_train/0031_c014_00001125_0.jpg,31,veri,13
VeRi/image_train/0031_c014_00001130_0.jpg,31,veri,13
VeRi/image_train/0031_c014_00001135_0.jpg,31,veri,13
VeRi/image_train/0031_c014_00001140_0.jpg,31,veri,13
VeRi/image_train/0031_c015_00001010_0.jpg,31,veri,14
VeRi/image_train/0031_c015_00001015_0.jpg,31,veri,14
VeRi/image_train/0031_c015_00001030_0.jpg,31,veri,14
VeRi/image_train/0031_c015_00001035_0.jpg,31,veri,14
VeRi/image_train/0031_c015_00001040_0.jpg,31,veri,14
VeRi/image_train/0031_c015_00001060_0.jpg,31,veri,14
VeRi/image_train/0031_c016_00001295_0.jpg,31,veri,15
VeRi/image_train/0031_c016_00001300_0.jpg,31,veri,15
VeRi/image_train/0031_c016_00001305_0.jpg,31,veri,15
VeRi/image_train/0031_c016_00001310_0.jpg,31,veri,15
VeRi/image_train/0031_c016_00001315_0.jpg,31,veri,15
VeRi/image_train/0031_c016_00001320_0.jpg,31,veri,15
VeRi/image_train/0031_c017_00000185_0.jpg,31,veri,16
VeRi/image_train/0031_c017_00000195_0.jpg,31,veri,16
VeRi/image_train/0031_c017_00000205_0.jpg,31,veri,16
VeRi/image_train/0031_c017_00000210_0.jpg,31,veri,16
VeRi/image_train/0031_c017_00000215_0.jpg,31,veri,16
VeRi/image_train/0031_c017_00000240_0.jpg,31,veri,16
VeRi/image_train/0031_c019_00000365_0.jpg,31,veri,18
VeRi/image_train/0031_c019_00000385_0.jpg,31,veri,18
VeRi/image_train/0031_c019_00000405_0.jpg,31,veri,18
VeRi/image_train/0031_c019_00000425_0.jpg,31,veri,18
VeRi/image_train/0031_c019_00000440_0.jpg,31,veri,18
VeRi/image_train/0031_c019_00000460_0.jpg,31,veri,18
VeRi/image_train/0312_c001_00023650_0.jpg,312,veri,0
VeRi/image_train/0312_c001_00023665_0.jpg,312,veri,0
VeRi/image_train/0312_c001_00023680_0.jpg,312,veri,0
VeRi/image_train/0312_c001_00023695_0.jpg,312,veri,0
VeRi/image_train/0312_c001_00023710_0.jpg,312,veri,0
VeRi/image_train/0312_c001_00023725_0.jpg,312,veri,0
VeRi/image_train/0312_c001_00064220_0.jpg,312,veri,0
VeRi/image_train/0312_c001_00064225_0.jpg,312,veri,0
VeRi/image_train/0312_c001_00064230_0.jpg,312,veri,0
VeRi/image_train/0312_c001_00064235_0.jpg,312,veri,0
VeRi/image_train/0312_c001_00064240_0.jpg,312,veri,0
VeRi/image_train/0312_c001_00064245_0.jpg,312,veri,0
VeRi/image_train/0312_c001_00081390_0.jpg,312,veri,0
VeRi/image_train/0312_c001_00081400_0.jpg,312,veri,0
VeRi/image_train/0312_c001_00081410_0.jpg,312,veri,0
VeRi/image_train/0312_c001_00081420_0.jpg,312,veri,0
VeRi/image_train/0312_c001_00081430_0.jpg,312,veri,0
VeRi/image_train/0312_c001_00081445_0.jpg,312,veri,0
VeRi/image_train/0312_c002_00024115_0.jpg,312,veri,1
VeRi/image_train/0312_c002_00024125_0.jpg,312,veri,1
VeRi/image_train/0312_c002_00024135_0.jpg,312,veri,1
VeRi/image_train/0312_c002_00024165_0.jpg,312,veri,1
VeRi/image_train/0312_c002_00024180_0.jpg,312,veri,1
VeRi/image_train/0312_c002_00024190_0.jpg,312,veri,1
VeRi/image_train/0312_c002_00061685_2.jpg,312,veri,1
VeRi/image_train/0312_c002_00061695_1.jpg,312,veri,1
VeRi/image_train/0312_c002_00061725_0.jpg,312,veri,1
VeRi/image_train/0312_c002_00061735_0.jpg,312,veri,1
VeRi/image_train/0312_c002_00061745_0.jpg,312,veri,1
VeRi/image_train/0312_c002_00061775_0.jpg,312,veri,1
VeRi/image_train/0312_c002_00087425_0.jpg,312,veri,1
VeRi/image_train/0312_c002_00087435_0.jpg,312,veri,1
VeRi/image_train/0312_c002_00087445_0.jpg,312,veri,1
VeRi/image_train/0312_c002_00087455_0.jpg,312,veri,1
VeRi/image_train/0312_c002_00087465_0.jpg,312,veri,1
VeRi/image_train/0312_c002_00087475_0.jpg,312,veri,1
VeRi/image_train/0312_c003_00089090_0.jpg,312,veri,2
VeRi/image_train/0312_c003_00089095_0.jpg,312,veri,2
VeRi/image_train/0312_c003_00089100_0.jpg,312,veri,2
VeRi/image_train/0312_c003_00089110_0.jpg,312,veri,2
VeRi/image_train/0312_c003_00089120_0.jpg,312,veri,2
VeRi/image_train/0312_c003_00089130_0.jpg,312,veri,2
VeRi/image_train/0312_c004_00089050_1.jpg,312,veri,3
VeRi/image_train/0312_c004_00089055_1.jpg,312,veri,3
VeRi/image_train/0312_c004_00089065_0.jpg,312,veri,3
VeRi/image_train/0312_c004_00089075_0.jpg,312,veri,3
VeRi/image_train/0312_c004_00089085_0.jpg,312,veri,3
VeRi/image_train/0312_c004_00089095_0.jpg,312,veri,3
VeRi/image_train/0312_c006_00088275_0.jpg,312,veri,5
VeRi/image_train/0312_c006_00088300_1.jpg,312,veri,5
VeRi/image_train/0312_c006_00088325_0.jpg,312,veri,5
VeRi/image_train/0312_c006_00088350_0.jpg,312,veri,5
VeRi/image_train/0312_c006_00088360_0.jpg,312,veri,5
VeRi/image_train/0312_c010_00088530_0.jpg,312,veri,9
VeRi/image_train/0312_c010_00088535_0.jpg,312,veri,9
VeRi/image_train/0312_c010_00088540_0.jpg,312,veri,9
VeRi/image_train/0312_c010_00088545_0.jpg,312,veri,9
VeRi/image_train/0312_c010_00088550_0.jpg,312,veri,9
VeRi/image_train/0312_c010_00088555_0.jpg,312,veri,9
VeRi/image_train/0312_c011_00088340_0.jpg,312,veri,10
VeRi/image_train/0312_c011_00088350_0.jpg,312,veri,10
VeRi/image_train/0312_c011_00088360_0.jpg,312,veri,10
VeRi/image_train/0312_c011_00088370_0.jpg,312,veri,10
VeRi/image_train/0312_c011_00088375_0.jpg,312,veri,10
VeRi/image_train/0312_c012_00064715_0.jpg,312,veri,11
VeRi/image_train/0312_c012_00064725_0.jpg,312,veri,11
VeRi/image_train/0312_c012_00064735_0.jpg,312,veri,11
VeRi/image_train/0312_c012_00064740_0.jpg,312,veri,11
VeRi/image_train/0312_c012_00064750_0.jpg,312,veri,11
VeRi/image_train/0312_c012_00064760_0.jpg,312,veri,11
VeRi/image_train/0312_c012_00080100_0.jpg,312,veri,11
VeRi/image_train/0312_c012_00080110_0.jpg,312,veri,11
VeRi/image_train/0312_c012_00080130_0.jpg,312,veri,11
VeRi/image_train/0312_c012_00080140_0.jpg,312,veri,11
VeRi/image_train/0312_c012_00080150_0.jpg,312,veri,11
VeRi/image_train/0312_c012_00080170_0.jpg,312,veri,11
VeRi/image_train/0312_c013_00022185_0.jpg,312,veri,12
VeRi/image_train/0312_c013_00022195_0.jpg,312,veri,12
VeRi/image_train/0312_c013_00022205_0.jpg,312,veri,12
VeRi/image_train/0312_c013_00022215_0.jpg,312,veri,12
VeRi/image_train/0312_c013_00022225_0.jpg,312,veri,12
VeRi/image_train/0312_c013_00022235_0.jpg,312,veri,12
VeRi/image_train/0312_c013_00064525_0.jpg,312,veri,12
VeRi/image_train/0312_c013_00064530_0.jpg,312,veri,12
VeRi/image_train/0312_c013_00064535_0.jpg,312,veri,12
VeRi/image_train/0312_c013_00064540_0.jpg,312,veri,12
VeRi/image_train/0312_c013_00064545_0.jpg,312,veri,12
VeRi/image_train/0312_c013_00064550_0.jpg,312,veri,12
VeRi/image_train/0312_c013_00080320_0.jpg,312,veri,12
VeRi/image_train/0312_c013_00080325_0.jpg,312,veri,12
VeRi/image_train/0312_c013_00080330_0.jpg,312,veri,12
VeRi/image_train/0312_c013_00080335_0.jpg,312,veri,12
VeRi/image_train/0312_c013_00080340_0.jpg,312,veri,12
VeRi/image_train/0312_c013_00080345_0.jpg,312,veri,12
VeRi/image_train/0312_c014_00020880_0.jpg,312,veri,13
VeRi/image_train/0312_c014_00020895_0.jpg,312,veri,13
VeRi/image_train/0312_c014_00020900_0.jpg,312,veri,13
VeRi/image_train/0312_c014_00020905_0.jpg,312,veri,13
VeRi/image_train/0312_c014_00020910_0.jpg,312,veri,13
VeRi/image_train/0312_c014_00020915_0.jpg,312,veri,13
VeRi/image_train/0312_c014_00066250_0.jpg,312,veri,13
VeRi/image_train/0312_c014_00066255_0.jpg,312,veri,13
VeRi/image_train/0312_c014_00066260_0.jpg,312,veri,13
VeRi/image_train/0312_c014_00066265_0.jpg,312,veri,13
VeRi/image_train/0312_c014_00066270_0.jpg,312,veri,13
VeRi/image_train/0312_c014_00066275_0.jpg,312,veri,13
VeRi/image_train/0312_c014_00078545_0.jpg,312,veri,13
VeRi/image_train/0312_c014_00078550_0.jpg,312,veri,13
VeRi/image_train/0312_c014_00078555_0.jpg,312,veri,13
VeRi/image_train/0312_c014_00078560_0.jpg,312,veri,13
VeRi/image_train/0312_c014_00078565_0.jpg,312,veri,13
VeRi/image_train/0312_c014_00078595_0.jpg,312,veri,13
VeRi/image_train/0312_c015_00020920_0.jpg,312,veri,14
VeRi/image_train/0312_c015_00020925_0.jpg,312,veri,14
VeRi/image_train/0312_c015_00020930_0.jpg,312,veri,14
VeRi/image_train/0312_c015_00020935_0.jpg,312,veri,14
VeRi/image_train/0312_c015_00020940_0.jpg,312,veri,14
VeRi/image_train/0312_c015_00020945_0.jpg,312,veri,14
VeRi/image_train/0312_c015_00066045_0.jpg,312,veri,14
VeRi/image_train/0312_c015_00066050_0.jpg,312,veri,14
VeRi/image_train/0312_c015_00066055_0.jpg,312,veri,14
VeRi/image_train/0312_c015_00066060_0.jpg,312,veri,14
VeRi/image_train/0312_c015_00066065_0.jpg,312,veri,14
VeRi/image_train/0312_c015_00066095_0.jpg,312,veri,14
VeRi/image_train/0312_c015_00078585_0.jpg,312,veri,14
VeRi/image_train/0312_c015_00078590_0.jpg,312,veri,14
VeRi/image_train/0312_c015_00078595_0.jpg,312,veri,14
VeRi/image_train/0312_c015_00078600_0.jpg,312,veri,14
VeRi/image_train/0312_c015_00078605_0.jpg,312,veri,14
VeRi/image_train/0312_c015_00078610_0.jpg,312,veri,14
VeRi/image_train/0312_c016_00020705_0.jpg,312,veri,15
VeRi/image_train/0312_c016_00020710_0.jpg,312,veri,15
VeRi/image_train/0312_c016_00020715_0.jpg,312,veri,15
VeRi/image_train/0312_c016_00020720_0.jpg,312,veri,15
VeRi/image_train/0312_c016_00020725_0.jpg,312,veri,15
VeRi/image_train/0312_c016_00020730_0.jpg,312,veri,15
VeRi/image_train/0312_c016_00066390_0.jpg,312,veri,15
VeRi/image_train/0312_c016_00066460_0.jpg,312,veri,15
VeRi/image_train/0312_c016_00066500_0.jpg,312,veri,15
VeRi/image_train/0312_c016_00066505_0.jpg,312,veri,15
VeRi/image_train/0312_c016_00066510_0.jpg,312,veri,15
VeRi/image_train/0312_c016_00066515_0.jpg,312,veri,15
VeRi/image_train/0312_c016_00078385_0.jpg,312,veri,15
VeRi/image_train/0312_c016_00078390_0.jpg,312,veri,15
VeRi/image_train/0312_c016_00078395_0.jpg,312,veri,15
VeRi/image_train/0312_c016_00078400_0.jpg,312,veri,15
VeRi/image_train/0312_c016_00078405_0.jpg,312,veri,15
VeRi/image_train/0312_c016_00078410_0.jpg,312,veri,15
VeRi/image_train/0312_c017_00021585_0.jpg,312,veri,16
VeRi/image_train/0312_c017_00021595_0.jpg,312,veri,16
VeRi/image_train/0312_c017_00021610_0.jpg,312,veri,16
VeRi/image_train/0312_c017_00021625_0.jpg,312,veri,16
VeRi/image_train/0312_c017_00021640_0.jpg,312,veri,16
VeRi/image_train/0312_c017_00021665_0.jpg,312,veri,16
VeRi/image_train/0312_c017_00065270_0.jpg,312,veri,16
VeRi/image_train/0312_c017_00065280_0.jpg,312,veri,16
VeRi/image_train/0312_c017_00065285_0.jpg,312,veri,16
VeRi/image_train/0312_c017_00065290_0.jpg,312,veri,16
VeRi/image_train/0312_c017_00065295_0.jpg,312,veri,16
VeRi/image_train/0312_c017_00065300_0.jpg,312,veri,16
VeRi/image_train/0312_c017_00079495_0.jpg,312,veri,16
VeRi/image_train/0312_c017_00079505_0.jpg,312,veri,16
VeRi/image_train/0312_c017_00079510_0.jpg,312,veri,16
VeRi/image_train/0312_c017_00079515_0.jpg,312,veri,16
VeRi/image_train/0312_c017_00079525_0.jpg,312,veri,16
VeRi/image_train/0312_c017_00079530_0.jpg,312,veri,16
VeRi/image_train/0312_c019_00021445_1.jpg,312,veri,18
VeRi/image_train/0312_c019_00021450_0.jpg,312,veri,18
VeRi/image_train/0312_c019_00021455_0.jpg,312,veri,18
VeRi/image_train/0312_c019_00021460_0.jpg,312,veri,18
VeRi/image_train/0312_c019_00021465_0.jpg,312,veri,18
VeRi/image_train/0312_c019_00021470_1.jpg,312,veri,18
VeRi/image_train/0312_c019_00065435_0.jpg,312,veri,18
VeRi/image_train/0312_c019_00065440_0.jpg,312,veri,18
VeRi/image_train/0312_c019_00065445_0.jpg,312,veri,18
VeRi/image_train/0312_c019_00065450_0.jpg,312,veri,18
VeRi/image_train/0312_c019_00065470_1.jpg,312,veri,18
VeRi/image_train/0312_c019_00065475_0.jpg,312,veri,18
VeRi/image_train/0323_c002_00022485_0.jpg,323,veri,1
VeRi/image_train/0323_c002_00022505_0.jpg,323,veri,1
VeRi/image_train/0323_c002_00022520_0.jpg,323,veri,1
VeRi/image_train/0323_c002_00022535_0.jpg,323,veri,1
VeRi/image_train/0323_c002_00022550_0.jpg,323,veri,1
VeRi/image_train/0323_c002_00022565_0.jpg,323,veri,1
VeRi/image_train/0323_c002_00022870_0.jpg,323,veri,1
VeRi/image_train/0323_c002_00022875_0.jpg,323,veri,1
VeRi/image_train/0323_c002_00022880_0.jpg,323,veri,1
VeRi/image_train/0323_c002_00022885_0.jpg,323,veri,1
VeRi/image_train/0323_c002_00022890_0.jpg,323,veri,1
VeRi/image_train/0323_c002_00022895_0.jpg,323,veri,1
VeRi/image_train/0323_c003_00021485_0.jpg,323,veri,2
VeRi/image_train/0323_c003_00021495_0.jpg,323,veri,2
VeRi/image_train/0323_c003_00021505_0.jpg,323,veri,2
VeRi/image_train/0323_c003_00021515_0.jpg,323,veri,2
VeRi/image_train/0323_c003_00021520_0.jpg,323,veri,2
VeRi/image_train/0323_c003_00021525_0.jpg,323,veri,2
VeRi/image_train/0323_c004_00021405_0.jpg,323,veri,3
VeRi/image_train/0323_c004_00021410_0.jpg,323,veri,3
VeRi/image_train/0323_c004_00021415_0.jpg,323,veri,3
VeRi/image_train/0323_c004_00021420_0.jpg,323,veri,3
VeRi/image_train/0323_c004_00021425_0.jpg,323,veri,3
VeRi/image_train/0323_c004_00021430_0.jpg,323,veri,3
VeRi/image_train/0323_c005_00021910_0.jpg,323,veri,4
VeRi/image_train/0323_c005_00021930_0.jpg,323,veri,4
VeRi/image_train/0323_c005_00021960_0.jpg,323,veri,4
VeRi/image_train/0323_c005_00021980_0.jpg,323,veri,4
VeRi/image_train/0323_c005_00022005_0.jpg,323,veri,4
VeRi/image_train/0323_c005_00022040_0.jpg,323,veri,4
VeRi/image_train/0323_c006_00021995_1.jpg,323,veri,5
VeRi/image_train/0323_c006_00022010_1.jpg,323,veri,5
VeRi/image_train/0323_c006_00022020_1.jpg,323,veri,5
VeRi/image_train/0323_c006_00022035_1.jpg,323,veri,5
VeRi/image_train/0323_c006_00022050_1.jpg,323,veri,5
VeRi/image_train/0323_c007_00022075_0.jpg,323,veri,6
VeRi/image_train/0323_c007_00022085_0.jpg,323,veri,6
VeRi/image_train/0323_c007_00022100_0.jpg,323,veri,6
VeRi/image_train/0323_c007_00022115_0.jpg,323,veri,6
VeRi/image_train/0323_c007_00022125_0.jpg,323,veri,6
VeRi/image_train/0323_c007_00022140_0.jpg,323,veri,6
VeRi/image_train/0323_c008_00021280_1.jpg,323,veri,7
VeRi/image_train/0323_c008_00021285_1.jpg,323,veri,7
VeRi/image_train/0323_c008_00021290_0.jpg,323,veri,7
VeRi/image_train/0323_c008_00021295_0.jpg,323,veri,7
VeRi/image_train/0323_c008_00021300_0.jpg,323,veri,7
VeRi/image_train/0323_c008_00021305_0.jpg,323,veri,7
VeRi/image_train/0323_c009_00021330_0.jpg,323,veri,8
VeRi/image_train/0323_c009_00021335_0.jpg,323,veri,8
VeRi/image_train/0323_c009_00021340_0.jpg,323,veri,8
VeRi/image_train/0323_c009_00021345_0.jpg,323,veri,8
VeRi/image_train/0323_c009_00021350_0.jpg,323,veri,8
VeRi/image_train/0323_c009_00021355_0.jpg,323,veri,8
VeRi/image_train/0323_c010_00021910_1.jpg,323,veri,9
VeRi/image_train/0323_c010_00021915_1.jpg,323,veri,9
VeRi/image_train/0323_c010_00021930_1.jpg,323,veri,9
VeRi/image_train/0323_c010_00021935_1.jpg,323,veri,9
VeRi/image_train/0323_c010_00021940_1.jpg,323,veri,9
VeRi/image_train/0323_c010_00021945_1.jpg,323,veri,9
VeRi/image_train/0323_c011_00021960_0.jpg,323,veri,10
VeRi/image_train/0323_c011_00021965_0.jpg,323,veri,10
VeRi/image_train/0323_c011_00021970_0.jpg,323,veri,10
VeRi/image_train/0323_c011_00021975_0.jpg,323,veri,10
VeRi/image_train/0323_c011_00021980_0.jpg,323,veri,10
VeRi/image_train/0323_c011_00021985_0.jpg,323,veri,10
VeRi/image_train/0324_c001_00039010_0.jpg,324,veri,0
VeRi/image_train/0324_c001_00039020_0.jpg,324,veri,0
VeRi/image_train/0324_c001_00039030_0.jpg,324,veri,0
VeRi/image_train/0324_c001_00039040_0.jpg,324,veri,0
VeRi/image_train/0324_c001_00039050_0.jpg,324,veri,0
VeRi/image_train/0324_c001_00039060_0.jpg,324,veri,0
VeRi/image_train/0324_c012_00039495_1.jpg,324,veri,11
VeRi/image_train/0324_c012_00039500_0.jpg,324,veri,11
VeRi/image_train/0324_c012_00039505_0.jpg,324,veri,11
VeRi/image_train/0324_c012_00039510_0.jpg,324,veri,11
VeRi/image_train/0324_c012_00039515_0.jpg,324,veri,11
VeRi/image_train/0324_c012_00039520_0.jpg,324,veri,11
VeRi/image_train/0324_c013_00039350_0.jpg,324,veri,12
VeRi/image_train/0324_c013_00039370_0.jpg,324,veri,12
VeRi/image_train/0324_c013_00039380_1.jpg,324,veri,12
VeRi/image_train/0324_c013_00039385_0.jpg,324,veri,12
VeRi/image_train/0324_c013_00039390_0.jpg,324,veri,12
VeRi/image_train/0324_c013_00039395_0.jpg,324,veri,12
VeRi/image_train/0324_c014_00041240_0.jpg,324,veri,13
VeRi/image_train/0324_c014_00041245_0.jpg,324,veri,13
VeRi/image_train/0324_c014_00041250_0.jpg,324,veri,13
VeRi/image_train/0324_c014_00041255_0.jpg,324,veri,13
VeRi/image_train/0324_c014_00041260_0.jpg,324,veri,13
VeRi/image_train/0324_c014_00041265_0.jpg,324,veri,13
VeRi/image_train/0324_c015_00041040_0.jpg,324,veri,14
VeRi/image_train/0324_c015_00041045_0.jpg,324,veri,14
VeRi/image_train/0324_c015_00041050_0.jpg,324,veri,14
VeRi/image_train/0324_c015_00041055_0.jpg,324,veri,14
VeRi/image_train/0324_c015_00041060_0.jpg,324,veri,14
VeRi/image_train/0324_c015_00041065_0.jpg,324,veri,14
VeRi/image_train/0324_c016_00042365_1.jpg,324,veri,15
VeRi/image_train/0324_c016_00042370_0.jpg,324,veri,15
VeRi/image_train/0324_c016_00042375_0.jpg,324,veri,15
VeRi/image_train/0324_c016_00042380_1.jpg,324,veri,15
VeRi/image_train/0324_c016_00042385_0.jpg,324,veri,15
VeRi/image_train/0324_c016_00042395_0.jpg,324,veri,15
VeRi/image_train/0324_c017_00040135_0.jpg,324,veri,16
VeRi/image_train/0324_c017_00040140_0.jpg,324,veri,16
VeRi/image_train/0324_c017_00040145_0.jpg,324,veri,16
VeRi/image_train/0324_c017_00040150_0.jpg,324,veri,16
VeRi/image_train/0324_c017_00040155_0.jpg,324,veri,16
VeRi/image_train/0324_c017_00040160_0.jpg,324,veri,16
VeRi/image_train/0324_c019_00024330_0.jpg,324,veri,18
VeRi/image_train/0324_c019_00024335_0.jpg,324,veri,18
VeRi/image_train/0324_c019_00024345_0.jpg,324,veri,18
VeRi/image_train/0324_c019_00024355_0.jpg,324,veri,18
VeRi/image_train/0324_c019_00024365_0.jpg,324,veri,18
VeRi/image_train/0333_c001_00008185_1.jpg,333,veri,0
VeRi/image_train/0333_c001_00008195_1.jpg,333,veri,0
VeRi/image_train/0333_c001_00008205_1.jpg,333,veri,0
VeRi/image_train/0333_c001_00008215_1.jpg,333,veri,0
VeRi/image_train/0333_c001_00008225_1.jpg,333,veri,0
VeRi/image_train/0333_c001_00008235_1.jpg,333,veri,0
VeRi/image_train/0333_c012_00007900_0.jpg,333,veri,11
VeRi/image_train/0333_c012_00007905_0.jpg,333,veri,11
VeRi/image_train/0333_c012_00007915_0.jpg,333,veri,11
VeRi/image_train/0333_c012_00007920_0.jpg,333,veri,11
VeRi/image_train/0333_c012_00007925_0.jpg,333,veri,11
VeRi/image_train/0333_c012_00007935_0.jpg,333,veri,11
VeRi/image_train/0333_c013_00008000_0.jpg,333,veri,12
VeRi/image_train/0333_c013_00008015_0.jpg,333,veri,12
VeRi/image_train/0333_c013_00008025_0.jpg,333,veri,12
VeRi/image_train/0333_c013_00008035_0.jpg,333,veri,12
VeRi/image_train/0333_c014_00006265_0.jpg,333,veri,13
VeRi/image_train/0333_c014_00006270_0.jpg,333,veri,13
VeRi/image_train/0333_c014_00006275_1.jpg,333,veri,13
VeRi/image_train/0333_c014_00006280_0.jpg,333,veri,13
VeRi/image_train/0333_c014_00006290_0.jpg,333,veri,13
VeRi/image_train/0333_c014_00006295_1.jpg,333,veri,13
VeRi/image_train/0333_c015_00006365_0.jpg,333,veri,14
VeRi/image_train/0333_c015_00006370_0.jpg,333,veri,14
VeRi/image_train/0333_c015_00006375_0.jpg,333,veri,14
VeRi/image_train/0333_c015_00006380_0.jpg,333,veri,14
VeRi/image_train/0333_c015_00006385_0.jpg,333,veri,14
VeRi/image_train/0333_c015_00006390_0.jpg,333,veri,14
VeRi/image_train/0333_c016_00005975_0.jpg,333,veri,15
VeRi/image_train/0333_c016_00005980_0.jpg,333,veri,15
VeRi/image_train/0333_c016_00005985_0.jpg,333,veri,15
VeRi/image_train/0333_c016_00005990_0.jpg,333,veri,15
VeRi/image_train/0333_c016_00005995_0.jpg,333,veri,15
VeRi/image_train/0333_c016_00006000_0.jpg,333,veri,15
VeRi/image_train/0333_c017_00007170_1.jpg,333,veri,16
VeRi/image_train/0333_c017_00007180_1.jpg,333,veri,16
VeRi/image_train/0333_c017_00007190_1.jpg,333,veri,16
VeRi/image_train/0333_c017_00007200_1.jpg,333,veri,16
VeRi/image_train/0333_c017_00007260_0.jpg,333,veri,16
VeRi/image_train/0333_c017_00007290_0.jpg,333,veri,16
VeRi/image_train/0333_c019_00007000_0.jpg,333,veri,18
VeRi/image_train/0333_c019_00007005_0.jpg,333,veri,18
VeRi/image_train/0333_c019_00007010_0.jpg,333,veri,18
VeRi/image_train/0333_c019_00007020_0.jpg,333,veri,18
VeRi/image_train/0333_c019_00007025_0.jpg,333,veri,18
VeRi/image_train/0333_c019_00007030_0.jpg,333,veri,18
VeRi/image_train/0034_c001_00018895_0.jpg,34,veri,0
VeRi/image_train/0034_c001_00018905_0.jpg,34,veri,0
VeRi/image_train/0034_c001_00018915_0.jpg,34,veri,0
VeRi/image_train/0034_c001_00018920_0.jpg,34,veri,0
VeRi/image_train/0034_c001_00018930_0.jpg,34,veri,0
VeRi/image_train/0034_c001_00018940_0.jpg,34,veri,0
VeRi/image_train/0034_c002_00022690_1.jpg,34,veri,1
VeRi/image_train/0034_c002_00022700_0.jpg,34,veri,1
VeRi/image_train/0034_c002_00022710_0.jpg,34,veri,1
VeRi/image_train/0034_c002_00022725_0.jpg,34,veri,1
VeRi/image_train/0034_c002_00022740_0.jpg,34,veri,1
VeRi/image_train/0034_c002_00022755_0.jpg,34,veri,1
VeRi/image_train/0034_c003_00024940_0.jpg,34,veri,2
VeRi/image_train/0034_c003_00024950_0.jpg,34,veri,2
VeRi/image_train/0034_c003_00024960_0.jpg,34,veri,2
VeRi/image_train/0034_c003_00024970_0.jpg,34,veri,2
VeRi/image_train/0034_c003_00024980_0.jpg,34,veri,2
VeRi/image_train/0034_c003_00024990_0.jpg,34,veri,2
VeRi/image_train/0034_c004_00024890_1.jpg,34,veri,3
VeRi/image_train/0034_c004_00024905_1.jpg,34,veri,3
VeRi/image_train/0034_c004_00024920_1.jpg,34,veri,3
VeRi/image_train/0034_c004_00024935_1.jpg,34,veri,3
VeRi/image_train/0034_c004_00024950_0.jpg,34,veri,3
VeRi/image_train/0034_c004_00024965_0.jpg,34,veri,3
VeRi/image_train/0034_c005_00025600_0.jpg,34,veri,4
VeRi/image_train/0034_c005_00025615_0.jpg,34,veri,4
VeRi/image_train/0034_c005_00025630_0.jpg,34,veri,4
VeRi/image_train/0034_c005_00025645_0.jpg,34,veri,4
VeRi/image_train/0034_c005_00025665_0.jpg,34,veri,4
VeRi/image_train/0034_c005_00025685_0.jpg,34,veri,4
VeRi/image_train/0034_c006_00024250_0.jpg,34,veri,5
VeRi/image_train/0034_c006_00024265_0.jpg,34,veri,5
VeRi/image_train/0034_c006_00024275_0.jpg,34,veri,5
VeRi/image_train/0034_c006_00024285_0.jpg,34,veri,5
VeRi/image_train/0034_c006_00024300_2.jpg,34,veri,5
VeRi/image_train/0034_c006_00024320_1.jpg,34,veri,5
VeRi/image_train/0034_c007_00025715_0.jpg,34,veri,6
VeRi/image_train/0034_c007_00025720_0.jpg,34,veri,6
VeRi/image_train/0034_c008_00025290_0.jpg,34,veri,7
VeRi/image_train/0034_c008_00025295_0.jpg,34,veri,7
VeRi/image_train/0034_c008_00025300_0.jpg,34,veri,7
VeRi/image_train/0034_c008_00025305_0.jpg,34,veri,7
VeRi/image_train/0034_c008_00025310_0.jpg,34,veri,7
VeRi/image_train/0034_c009_00025210_0.jpg,34,veri,8
VeRi/image_train/0034_c009_00025215_0.jpg,34,veri,8
VeRi/image_train/0034_c009_00025220_0.jpg,34,veri,8
VeRi/image_train/0034_c009_00025230_0.jpg,34,veri,8
VeRi/image_train/0034_c010_00024420_0.jpg,34,veri,9
VeRi/image_train/0034_c010_00024425_0.jpg,34,veri,9
VeRi/image_train/0034_c010_00024430_0.jpg,34,veri,9
VeRi/image_train/0034_c010_00024435_0.jpg,34,veri,9
VeRi/image_train/0034_c010_00024440_0.jpg,34,veri,9
VeRi/image_train/0034_c010_00024445_0.jpg,34,veri,9
VeRi/image_train/0034_c011_00024225_1.jpg,34,veri,10
VeRi/image_train/0034_c011_00024235_1.jpg,34,veri,10
VeRi/image_train/0034_c011_00024245_1.jpg,34,veri,10
VeRi/image_train/0034_c011_00024250_1.jpg,34,veri,10
VeRi/image_train/0034_c011_00024260_0.jpg,34,veri,10
VeRi/image_train/0034_c011_00024265_0.jpg,34,veri,10
VeRi/image_train/0034_c012_00017240_0.jpg,34,veri,11
VeRi/image_train/0034_c012_00017245_0.jpg,34,veri,11
VeRi/image_train/0034_c012_00017250_0.jpg,34,veri,11
VeRi/image_train/0034_c012_00017260_0.jpg,34,veri,11
VeRi/image_train/0034_c012_00017265_0.jpg,34,veri,11
VeRi/image_train/0034_c012_00017275_0.jpg,34,veri,11
VeRi/image_train/0034_c013_00017320_0.jpg,34,veri,12
VeRi/image_train/0034_c013_00017330_0.jpg,34,veri,12
VeRi/image_train/0034_c013_00017335_0.jpg,34,veri,12
VeRi/image_train/0034_c013_00017345_0.jpg,34,veri,12
VeRi/image_train/0034_c013_00017360_0.jpg,34,veri,12
VeRi/image_train/0034_c014_00015820_0.jpg,34,veri,13
VeRi/image_train/0034_c014_00015825_0.jpg,34,veri,13
VeRi/image_train/0034_c014_00015830_0.jpg,34,veri,13
VeRi/image_train/0034_c014_00015835_0.jpg,34,veri,13
VeRi/image_train/0034_c014_00015840_0.jpg,34,veri,13
VeRi/image_train/0034_c014_00015845_0.jpg,34,veri,13
VeRi/image_train/0034_c015_00015855_0.jpg,34,veri,14
VeRi/image_train/0034_c015_00015860_0.jpg,34,veri,14
VeRi/image_train/0034_c015_00015865_0.jpg,34,veri,14
VeRi/image_train/0034_c015_00015870_0.jpg,34,veri,14
VeRi/image_train/0034_c015_00015875_0.jpg,34,veri,14
VeRi/image_train/0034_c015_00015880_0.jpg,34,veri,14
VeRi/image_train/0034_c016_00015565_0.jpg,34,veri,15
VeRi/image_train/0034_c016_00015570_0.jpg,34,veri,15
VeRi/image_train/0034_c016_00015575_0.jpg,34,veri,15
VeRi/image_train/0034_c016_00015580_0.jpg,34,veri,15
VeRi/image_train/0034_c016_00015585_0.jpg,34,veri,15
VeRi/image_train/0034_c016_00015590_0.jpg,34,veri,15
VeRi/image_train/0034_c017_00016615_0.jpg,34,veri,16
VeRi/image_train/0034_c017_00016635_0.jpg,34,veri,16
VeRi/image_train/0034_c017_00016650_0.jpg,34,veri,16
VeRi/image_train/0034_c017_00016665_0.jpg,34,veri,16
VeRi/image_train/0034_c017_00016675_0.jpg,34,veri,16
VeRi/image_train/0034_c017_00016680_0.jpg,34,veri,16
VeRi/image_train/0034_c019_00016445_0.jpg,34,veri,18
VeRi/image_train/0034_c019_00016450_0.jpg,34,veri,18
VeRi/image_train/0034_c019_00016455_0.jpg,34,veri,18
VeRi/image_train/0034_c019_00016465_0.jpg,34,veri,18
VeRi/image_train/0034_c019_00016470_0.jpg,34,veri,18
VeRi/image_train/0034_c019_00016475_0.jpg,34,veri,18
VeRi/image_train/0340_c002_00069760_1.jpg,340,veri,1
VeRi/image_train/0340_c002_00069770_1.jpg,340,veri,1
VeRi/image_train/0340_c002_00069780_0.jpg,340,veri,1
VeRi/image_train/0340_c002_00069800_1.jpg,340,veri,1
VeRi/image_train/0340_c002_00069815_1.jpg,340,veri,1
VeRi/image_train/0340_c002_00069855_0.jpg,340,veri,1
VeRi/image_train/0340_c003_00067435_0.jpg,340,veri,2
VeRi/image_train/0340_c003_00067440_0.jpg,340,veri,2
VeRi/image_train/0340_c003_00067445_0.jpg,340,veri,2
VeRi/image_train/0340_c003_00067450_0.jpg,340,veri,2
VeRi/image_train/0340_c003_00067455_0.jpg,340,veri,2
VeRi/image_train/0340_c003_00067460_0.jpg,340,veri,2
VeRi/image_train/0340_c004_00067330_0.jpg,340,veri,3
VeRi/image_train/0340_c004_00067335_0.jpg,340,veri,3
VeRi/image_train/0340_c004_00067340_0.jpg,340,veri,3
VeRi/image_train/0340_c004_00067345_0.jpg,340,veri,3
VeRi/image_train/0340_c004_00067350_0.jpg,340,veri,3
VeRi/image_train/0340_c004_00067355_0.jpg,340,veri,3
VeRi/image_train/0340_c006_00067870_0.jpg,340,veri,5
VeRi/image_train/0340_c006_00067885_0.jpg,340,veri,5
VeRi/image_train/0340_c006_00067900_0.jpg,340,veri,5
VeRi/image_train/0340_c006_00067915_1.jpg,340,veri,5
VeRi/image_train/0340_c006_00067930_0.jpg,340,veri,5
VeRi/image_train/0340_c008_00067240_0.jpg,340,veri,7
VeRi/image_train/0340_c008_00067245_0.jpg,340,veri,7
VeRi/image_train/0340_c008_00067250_0.jpg,340,veri,7
VeRi/image_train/0340_c008_00067255_0.jpg,340,veri,7
VeRi/image_train/0340_c008_00067260_0.jpg,340,veri,7
VeRi/image_train/0340_c008_00067265_0.jpg,340,veri,7
VeRi/image_train/0340_c009_00067300_0.jpg,340,veri,8
VeRi/image_train/0340_c009_00067305_0.jpg,340,veri,8
VeRi/image_train/0340_c009_00067310_0.jpg,340,veri,8
VeRi/image_train/0340_c009_00067315_0.jpg,340,veri,8
VeRi/image_train/0340_c009_00067320_0.jpg,340,veri,8
VeRi/image_train/0340_c010_00067870_0.jpg,340,veri,9
VeRi/image_train/0340_c010_00067875_0.jpg,340,veri,9
VeRi/image_train/0340_c010_00067880_0.jpg,340,veri,9
VeRi/image_train/0340_c010_00067885_0.jpg,340,veri,9
VeRi/image_train/0340_c010_00067890_0.jpg,340,veri,9
VeRi/image_train/0340_c010_00067895_0.jpg,340,veri,9
VeRi/image_train/0340_c011_00067870_0.jpg,340,veri,10
VeRi/image_train/0340_c011_00067875_0.jpg,340,veri,10
VeRi/image_train/0340_c011_00067880_0.jpg,340,veri,10
VeRi/image_train/0340_c011_00067890_0.jpg,340,veri,10
VeRi/image_train/0340_c011_00067895_0.jpg,340,veri,10
VeRi/image_train/0340_c011_00067900_0.jpg,340,veri,10
VeRi/image_train/0347_c002_00014350_0.jpg,347,veri,1
VeRi/image_train/0347_c002_00014360_0.jpg,347,veri,1
VeRi/image_train/0347_c002_00014370_0.jpg,347,veri,1
VeRi/image_train/0347_c002_00014380_0.jpg,347,veri,1
VeRi/image_train/0347_c002_00014390_0.jpg,347,veri,1
VeRi/image_train/0347_c002_00014400_0.jpg,347,veri,1
VeRi/image_train/0347_c003_00016025_0.jpg,347,veri,2
VeRi/image_train/0347_c003_00016035_0.jpg,347,veri,2
VeRi/image_train/0347_c003_00016045_0.jpg,347,veri,2
VeRi/image_train/0347_c003_00016055_0.jpg,347,veri,2
VeRi/image_train/0347_c003_00016065_0.jpg,347,veri,2
VeRi/image_train/0347_c003_00016075_0.jpg,347,veri,2
VeRi/image_train/0347_c003_00030020_2.jpg,347,veri,2
VeRi/image_train/0347_c003_00030035_0.jpg,347,veri,2
VeRi/image_train/0347_c003_00030095_0.jpg,347,veri,2
VeRi/image_train/0347_c003_00030110_0.jpg,347,veri,2
VeRi/image_train/0347_c003_00030160_1.jpg,347,veri,2
VeRi/image_train/0347_c003_00030180_1.jpg,347,veri,2
VeRi/image_train/0347_c004_00016000_1.jpg,347,veri,3
VeRi/image_train/0347_c004_00016010_0.jpg,347,veri,3
VeRi/image_train/0347_c004_00016020_0.jpg,347,veri,3
VeRi/image_train/0347_c004_00016030_0.jpg,347,veri,3
VeRi/image_train/0347_c004_00016040_0.jpg,347,veri,3
VeRi/image_train/0347_c004_00016050_0.jpg,347,veri,3
VeRi/image_train/0347_c004_00029935_1.jpg,347,veri,3
VeRi/image_train/0347_c004_00029985_1.jpg,347,veri,3
VeRi/image_train/0347_c004_00030115_0.jpg,347,veri,3
VeRi/image_train/0347_c004_00030145_1.jpg,347,veri,3
VeRi/image_train/0347_c004_00030150_1.jpg,347,veri,3
VeRi/image_train/0347_c004_00030165_1.jpg,347,veri,3
VeRi/image_train/0347_c006_00015055_1.jpg,347,veri,5
VeRi/image_train/0347_c006_00015065_1.jpg,347,veri,5
VeRi/image_train/0347_c006_00015080_0.jpg,347,veri,5
VeRi/image_train/0347_c006_00015095_0.jpg,347,veri,5
VeRi/image_train/0347_c006_00015110_0.jpg,347,veri,5
VeRi/image_train/0347_c006_00015125_0.jpg,347,veri,5
VeRi/image_train/0347_c006_00030900_0.jpg,347,veri,5
VeRi/image_train/0347_c006_00030910_0.jpg,347,veri,5
VeRi/image_train/0347_c006_00030920_1.jpg,347,veri,5
VeRi/image_train/0347_c006_00030930_0.jpg,347,veri,5
VeRi/image_train/0347_c006_00030945_0.jpg,347,veri,5
VeRi/image_train/0347_c006_00030955_0.jpg,347,veri,5
VeRi/image_train/0347_c008_00016320_0.jpg,347,veri,7
VeRi/image_train/0347_c008_00016325_0.jpg,347,veri,7
VeRi/image_train/0347_c008_00016330_0.jpg,347,veri,7
VeRi/image_train/0347_c008_00016335_0.jpg,347,veri,7
VeRi/image_train/0347_c009_00016215_0.jpg,347,veri,8
VeRi/image_train/0347_c009_00016220_0.jpg,347,veri,8
VeRi/image_train/0347_c009_00016225_0.jpg,347,veri,8
VeRi/image_train/0347_c009_00016230_0.jpg,347,veri,8
VeRi/image_train/0347_c009_00016235_0.jpg,347,veri,8
VeRi/image_train/0347_c010_00015245_0.jpg,347,veri,9
VeRi/image_train/0347_c010_00015250_0.jpg,347,veri,9
VeRi/image_train/0347_c010_00015255_0.jpg,347,veri,9
VeRi/image_train/0347_c010_00015260_0.jpg,347,veri,9
VeRi/image_train/0347_c010_00015265_0.jpg,347,veri,9
VeRi/image_train/0347_c010_00015270_0.jpg,347,veri,9
VeRi/image_train/0347_c010_00030825_1.jpg,347,veri,9
VeRi/image_train/0347_c010_00030835_0.jpg,347,veri,9
VeRi/image_train/0347_c010_00030840_1.jpg,347,veri,9
VeRi/image_train/0347_c010_00030850_0.jpg,347,veri,9
VeRi/image_train/0347_c010_00030855_0.jpg,347,veri,9
VeRi/image_train/0347_c011_00015020_0.jpg,347,veri,10
VeRi/image_train/0347_c011_00015030_0.jpg,347,veri,10
VeRi/image_train/0347_c011_00015040_0.jpg,347,veri,10
VeRi/image_train/0347_c011_00015050_0.jpg,347,veri,10
VeRi/image_train/0347_c011_00015060_0.jpg,347,veri,10
VeRi/image_train/0347_c011_00015075_0.jpg,347,veri,10
VeRi/image_train/0347_c011_00030855_0.jpg,347,veri,10
VeRi/image_train/0347_c011_00030860_0.jpg,347,veri,10
VeRi/image_train/0347_c011_00030865_0.jpg,347,veri,10
VeRi/image_train/0347_c011_00030870_0.jpg,347,veri,10
VeRi/image_train/0347_c011_00030875_0.jpg,347,veri,10
VeRi/image_train/0347_c011_00030880_0.jpg,347,veri,10
VeRi/image_train/0348_c002_00025600_1.jpg,348,veri,1
VeRi/image_train/0348_c002_00025610_1.jpg,348,veri,1
VeRi/image_train/0348_c002_00025620_1.jpg,348,veri,1
VeRi/image_train/0348_c002_00025630_0.jpg,348,veri,1
VeRi/image_train/0348_c002_00025640_1.jpg,348,veri,1
VeRi/image_train/0348_c002_00025650_1.jpg,348,veri,1
VeRi/image_train/0348_c003_00027440_0.jpg,348,veri,2
VeRi/image_train/0348_c003_00027450_0.jpg,348,veri,2
VeRi/image_train/0348_c003_00027460_0.jpg,348,veri,2
VeRi/image_train/0348_c003_00027470_0.jpg,348,veri,2
VeRi/image_train/0348_c003_00027480_0.jpg,348,veri,2
VeRi/image_train/0348_c003_00027490_0.jpg,348,veri,2
VeRi/image_train/0348_c004_00027400_2.jpg,348,veri,3
VeRi/image_train/0348_c004_00027425_1.jpg,348,veri,3
VeRi/image_train/0348_c004_00027455_1.jpg,348,veri,3
VeRi/image_train/0348_c004_00027460_0.jpg,348,veri,3
VeRi/image_train/0348_c005_00028265_1.jpg,348,veri,4
VeRi/image_train/0348_c005_00028285_1.jpg,348,veri,4
VeRi/image_train/0348_c005_00028300_1.jpg,348,veri,4
VeRi/image_train/0348_c005_00028315_1.jpg,348,veri,4
VeRi/image_train/0348_c005_00028335_0.jpg,348,veri,4
VeRi/image_train/0348_c005_00028350_0.jpg,348,veri,4
VeRi/image_train/0348_c006_00026670_1.jpg,348,veri,5
VeRi/image_train/0348_c006_00026685_1.jpg,348,veri,5
VeRi/image_train/0348_c006_00026695_1.jpg,348,veri,5
VeRi/image_train/0348_c006_00026710_0.jpg,348,veri,5
VeRi/image_train/0348_c006_00026720_0.jpg,348,veri,5
VeRi/image_train/0348_c006_00026730_0.jpg,348,veri,5
VeRi/image_train/0348_c007_00028395_0.jpg,348,veri,6
VeRi/image_train/0348_c007_00028400_0.jpg,348,veri,6
VeRi/image_train/0348_c007_00028410_0.jpg,348,veri,6
VeRi/image_train/0348_c007_00028420_0.jpg,348,veri,6
VeRi/image_train/0348_c007_00028425_0.jpg,348,veri,6
VeRi/image_train/0348_c007_00028430_0.jpg,348,veri,6
VeRi/image_train/0348_c008_00027735_0.jpg,348,veri,7
VeRi/image_train/0348_c008_00027740_0.jpg,348,veri,7
VeRi/image_train/0348_c008_00027745_0.jpg,348,veri,7
VeRi/image_train/0348_c008_00027750_0.jpg,348,veri,7
VeRi/image_train/0348_c008_00027755_0.jpg,348,veri,7
VeRi/image_train/0348_c008_00027760_0.jpg,348,veri,7
VeRi/image_train/0348_c009_00027630_0.jpg,348,veri,8
VeRi/image_train/0348_c009_00027635_0.jpg,348,veri,8
VeRi/image_train/0348_c009_00027640_0.jpg,348,veri,8
VeRi/image_train/0348_c009_00027645_0.jpg,348,veri,8
VeRi/image_train/0348_c009_00027650_0.jpg,348,veri,8
VeRi/image_train/0348_c009_00027655_0.jpg,348,veri,8
VeRi/image_train/0348_c010_00026840_0.jpg,348,veri,9
VeRi/image_train/0348_c010_00026845_0.jpg,348,veri,9
VeRi/image_train/0348_c010_00026850_0.jpg,348,veri,9
VeRi/image_train/0348_c010_00026855_0.jpg,348,veri,9
VeRi/image_train/0348_c010_00026860_0.jpg,348,veri,9
VeRi/image_train/0348_c010_00026865_0.jpg,348,veri,9
VeRi/image_train/0348_c011_00026625_1.jpg,348,veri,10
VeRi/image_train/0348_c011_00026635_1.jpg,348,veri,10
VeRi/image_train/0348_c011_00026645_0.jpg,348,veri,10
VeRi/image_train/0348_c011_00026655_0.jpg,348,veri,10
VeRi/image_train/0348_c011_00026665_0.jpg,348,veri,10
VeRi/image_train/0348_c011_00026675_0.jpg,348,veri,10
VeRi/image_train/0355_c003_00001720_0.jpg,355,veri,2
VeRi/image_train/0355_c003_00001735_0.jpg,355,veri,2
VeRi/image_train/0355_c003_00001750_0.jpg,355,veri,2
VeRi/image_train/0355_c003_00001765_0.jpg,355,veri,2
VeRi/image_train/0355_c003_00001780_0.jpg,355,veri,2
VeRi/image_train/0355_c003_00001820_1.jpg,355,veri,2
VeRi/image_train/0355_c004_00001675_0.jpg,355,veri,3
VeRi/image_train/0355_c004_00001680_0.jpg,355,veri,3
VeRi/image_train/0355_c004_00001685_0.jpg,355,veri,3
VeRi/image_train/0355_c005_00002840_0.jpg,355,veri,4
VeRi/image_train/0355_c005_00002850_0.jpg,355,veri,4
VeRi/image_train/0355_c005_00002860_0.jpg,355,veri,4
VeRi/image_train/0355_c005_00002875_0.jpg,355,veri,4
VeRi/image_train/0355_c005_00002890_0.jpg,355,veri,4
VeRi/image_train/0355_c005_00002910_0.jpg,355,veri,4
VeRi/image_train/0355_c007_00002945_0.jpg,355,veri,6
VeRi/image_train/0355_c007_00002950_0.jpg,355,veri,6
VeRi/image_train/0355_c007_00002960_0.jpg,355,veri,6
VeRi/image_train/0355_c007_00002970_0.jpg,355,veri,6
VeRi/image_train/0355_c007_00002980_0.jpg,355,veri,6
VeRi/image_train/0355_c007_00002985_0.jpg,355,veri,6
VeRi/image_train/0355_c008_00002120_0.jpg,355,veri,7
VeRi/image_train/0355_c008_00002130_0.jpg,355,veri,7
VeRi/image_train/0355_c008_00002135_0.jpg,355,veri,7
VeRi/image_train/0355_c009_00002015_0.jpg,355,veri,8
VeRi/image_train/0355_c009_00002025_0.jpg,355,veri,8
VeRi/image_train/0355_c009_00002035_0.jpg,355,veri,8
VeRi/image_train/0355_c009_00002050_0.jpg,355,veri,8
VeRi/image_train/0355_c009_00002065_0.jpg,355,veri,8
VeRi/image_train/0358_c014_00085415_0.jpg,358,veri,13
VeRi/image_train/0358_c014_00085420_0.jpg,358,veri,13
VeRi/image_train/0358_c014_00085425_0.jpg,358,veri,13
VeRi/image_train/0358_c014_00085430_0.jpg,358,veri,13
VeRi/image_train/0358_c014_00085435_0.jpg,358,veri,13
VeRi/image_train/0358_c014_00085440_0.jpg,358,veri,13
VeRi/image_train/0358_c015_00085485_0.jpg,358,veri,14
VeRi/image_train/0358_c015_00085490_0.jpg,358,veri,14
VeRi/image_train/0358_c015_00085495_0.jpg,358,veri,14
VeRi/image_train/0358_c015_00085500_0.jpg,358,veri,14
VeRi/image_train/0358_c015_00085505_0.jpg,358,veri,14
VeRi/image_train/0358_c015_00085510_0.jpg,358,veri,14
VeRi/image_train/0358_c016_00085195_0.jpg,358,veri,15
VeRi/image_train/0358_c016_00085200_0.jpg,358,veri,15
VeRi/image_train/0358_c016_00085205_0.jpg,358,veri,15
VeRi/image_train/0358_c016_00085210_0.jpg,358,veri,15
VeRi/image_train/0358_c016_00085215_0.jpg,358,veri,15
VeRi/image_train/0358_c016_00085220_0.jpg,358,veri,15
VeRi/image_train/0360_c003_00012370_0.jpg,360,veri,2
VeRi/image_train/0360_c003_00012375_0.jpg,360,veri,2
VeRi/image_train/0360_c003_00012385_0.jpg,360,veri,2
VeRi/image_train/0360_c003_00012395_0.jpg,360,veri,2
VeRi/image_train/0360_c003_00012405_0.jpg,360,veri,2
VeRi/image_train/0360_c003_00012415_0.jpg,360,veri,2
VeRi/image_train/0360_c004_00012285_0.jpg,360,veri,3
VeRi/image_train/0360_c004_00012295_0.jpg,360,veri,3
VeRi/image_train/0360_c004_00012310_0.jpg,360,veri,3
VeRi/image_train/0360_c004_00012325_0.jpg,360,veri,3
VeRi/image_train/0360_c004_00012330_0.jpg,360,veri,3
VeRi/image_train/0360_c004_00012335_0.jpg,360,veri,3
VeRi/image_train/0360_c005_00013030_0.jpg,360,veri,4
VeRi/image_train/0360_c005_00013040_0.jpg,360,veri,4
VeRi/image_train/0360_c005_00013050_0.jpg,360,veri,4
VeRi/image_train/0360_c005_00013065_0.jpg,360,veri,4
VeRi/image_train/0360_c005_00013085_0.jpg,360,veri,4
VeRi/image_train/0360_c005_00013105_0.jpg,360,veri,4
VeRi/image_train/0360_c006_00011670_1.jpg,360,veri,5
VeRi/image_train/0360_c006_00011680_1.jpg,360,veri,5
VeRi/image_train/0360_c006_00011695_1.jpg,360,veri,5
VeRi/image_train/0360_c006_00011715_1.jpg,360,veri,5
VeRi/image_train/0360_c006_00011735_0.jpg,360,veri,5
VeRi/image_train/0360_c006_00011755_0.jpg,360,veri,5
VeRi/image_train/0360_c007_00013090_0.jpg,360,veri,6
VeRi/image_train/0360_c007_00013100_0.jpg,360,veri,6
VeRi/image_train/0360_c007_00013105_0.jpg,360,veri,6
VeRi/image_train/0360_c007_00013110_0.jpg,360,veri,6
VeRi/image_train/0360_c007_00013115_0.jpg,360,veri,6
VeRi/image_train/0360_c007_00013120_0.jpg,360,veri,6
VeRi/image_train/0360_c008_00012575_0.jpg,360,veri,7
VeRi/image_train/0360_c008_00012580_0.jpg,360,veri,7
VeRi/image_train/0360_c008_00012585_0.jpg,360,veri,7
VeRi/image_train/0360_c008_00012590_0.jpg,360,veri,7
VeRi/image_train/0360_c008_00012595_0.jpg,360,veri,7
VeRi/image_train/0360_c009_00012475_0.jpg,360,veri,8
VeRi/image_train/0360_c009_00012480_0.jpg,360,veri,8
VeRi/image_train/0360_c009_00012485_0.jpg,360,veri,8
VeRi/image_train/0360_c009_00012490_0.jpg,360,veri,8
VeRi/image_train/0360_c009_00012495_0.jpg,360,veri,8
VeRi/image_train/0360_c010_00011830_0.jpg,360,veri,9
VeRi/image_train/0360_c010_00011835_0.jpg,360,veri,9
VeRi/image_train/0360_c010_00011840_0.jpg,360,veri,9
VeRi/image_train/0360_c010_00011845_0.jpg,360,veri,9
VeRi/image_train/0360_c010_00011850_0.jpg,360,veri,9
VeRi/image_train/0360_c010_00011855_0.jpg,360,veri,9
VeRi/image_train/0360_c011_00011625_1.jpg,360,veri,10
VeRi/image_train/0360_c011_00011635_1.jpg,360,veri,10
VeRi/image_train/0360_c011_00011645_1.jpg,360,veri,10
VeRi/image_train/0360_c011_00011655_0.jpg,360,veri,10
VeRi/image_train/0360_c011_00011665_0.jpg,360,veri,10
VeRi/image_train/0360_c011_00011675_0.jpg,360,veri,10
VeRi/image_train/0363_c014_00042960_0.jpg,363,veri,13
VeRi/image_train/0363_c014_00042965_0.jpg,363,veri,13
VeRi/image_train/0363_c014_00042970_0.jpg,363,veri,13
VeRi/image_train/0363_c014_00042975_0.jpg,363,veri,13
VeRi/image_train/0363_c014_00042980_0.jpg,363,veri,13
VeRi/image_train/0363_c014_00042985_0.jpg,363,veri,13
VeRi/image_train/0363_c014_00045205_0.jpg,363,veri,13
VeRi/image_train/0363_c014_00045210_0.jpg,363,veri,13
VeRi/image_train/0363_c014_00045215_0.jpg,363,veri,13
VeRi/image_train/0363_c014_00045220_0.jpg,363,veri,13
VeRi/image_train/0363_c014_00045225_0.jpg,363,veri,13
VeRi/image_train/0363_c014_00045230_0.jpg,363,veri,13
VeRi/image_train/0363_c015_00042975_0.jpg,363,veri,14
VeRi/image_train/0363_c015_00042980_0.jpg,363,veri,14
VeRi/image_train/0363_c015_00042985_0.jpg,363,veri,14
VeRi/image_train/0363_c015_00042990_0.jpg,363,veri,14
VeRi/image_train/0363_c015_00042995_0.jpg,363,veri,14
VeRi/image_train/0363_c015_00045010_0.jpg,363,veri,14
VeRi/image_train/0363_c015_00045015_0.jpg,363,veri,14
VeRi/image_train/0363_c015_00045020_0.jpg,363,veri,14
VeRi/image_train/0363_c015_00045025_0.jpg,363,veri,14
VeRi/image_train/0363_c015_00045030_0.jpg,363,veri,14
VeRi/image_train/0363_c015_00045035_0.jpg,363,veri,14
VeRi/image_train/0363_c016_00042745_0.jpg,363,veri,15
VeRi/image_train/0363_c016_00042750_0.jpg,363,veri,15
VeRi/image_train/0363_c016_00042755_0.jpg,363,veri,15
VeRi/image_train/0363_c016_00042760_0.jpg,363,veri,15
VeRi/image_train/0363_c016_00042765_0.jpg,363,veri,15
VeRi/image_train/0363_c016_00042770_0.jpg,363,veri,15
VeRi/image_train/0363_c016_00047980_0.jpg,363,veri,15
VeRi/image_train/0363_c016_00047985_0.jpg,363,veri,15
VeRi/image_train/0363_c016_00047990_0.jpg,363,veri,15
VeRi/image_train/0363_c016_00047995_0.jpg,363,veri,15
VeRi/image_train/0363_c016_00048000_0.jpg,363,veri,15
VeRi/image_train/0363_c016_00048005_0.jpg,363,veri,15
VeRi/image_train/0363_c017_00044025_1.jpg,363,veri,16
VeRi/image_train/0363_c017_00044050_0.jpg,363,veri,16
VeRi/image_train/0363_c017_00044060_0.jpg,363,veri,16
VeRi/image_train/0363_c017_00044065_0.jpg,363,veri,16
VeRi/image_train/0363_c017_00044070_0.jpg,363,veri,16
VeRi/image_train/0363_c017_00044090_0.jpg,363,veri,16
VeRi/image_train/0363_c017_00044235_0.jpg,363,veri,16
VeRi/image_train/0363_c017_00044245_0.jpg,363,veri,16
VeRi/image_train/0363_c017_00044260_0.jpg,363,veri,16
VeRi/image_train/0363_c017_00044275_0.jpg,363,veri,16
VeRi/image_train/0363_c017_00044290_0.jpg,363,veri,16
VeRi/image_train/0363_c017_00044305_0.jpg,363,veri,16
VeRi/image_train/0363_c019_00043590_0.jpg,363,veri,18
VeRi/image_train/0363_c019_00043595_0.jpg,363,veri,18
VeRi/image_train/0363_c019_00043600_0.jpg,363,veri,18
VeRi/image_train/0363_c019_00043605_0.jpg,363,veri,18
VeRi/image_train/0363_c019_00043610_0.jpg,363,veri,18
VeRi/image_train/0363_c019_00043615_0.jpg,363,veri,18
VeRi/image_train/0363_c019_00044485_0.jpg,363,veri,18
VeRi/image_train/0363_c019_00044515_1.jpg,363,veri,18
VeRi/image_train/0363_c019_00044535_0.jpg,363,veri,18
VeRi/image_train/0363_c019_00044550_0.jpg,363,veri,18
VeRi/image_train/0363_c019_00044555_0.jpg,363,veri,18
VeRi/image_train/0363_c019_00044560_0.jpg,363,veri,18
VeRi/image_train/0372_c001_00062580_0.jpg,372,veri,0
VeRi/image_train/0372_c001_00062585_0.jpg,372,veri,0
VeRi/image_train/0372_c001_00062595_0.jpg,372,veri,0
VeRi/image_train/0372_c001_00062605_0.jpg,372,veri,0
VeRi/image_train/0372_c001_00062615_0.jpg,372,veri,0
VeRi/image_train/0372_c001_00062650_0.jpg,372,veri,0
VeRi/image_train/0372_c012_00063130_0.jpg,372,veri,11
VeRi/image_train/0372_c012_00063135_0.jpg,372,veri,11
VeRi/image_train/0372_c012_00063145_0.jpg,372,veri,11
VeRi/image_train/0372_c012_00063150_0.jpg,372,veri,11
VeRi/image_train/0372_c012_00063160_0.jpg,372,veri,11
VeRi/image_train/0372_c012_00063165_0.jpg,372,veri,11
VeRi/image_train/0372_c013_00062950_0.jpg,372,veri,12
VeRi/image_train/0372_c013_00062955_0.jpg,372,veri,12
VeRi/image_train/0372_c013_00062960_0.jpg,372,veri,12
VeRi/image_train/0372_c013_00062965_0.jpg,372,veri,12
VeRi/image_train/0372_c013_00062970_0.jpg,372,veri,12
VeRi/image_train/0372_c013_00062975_0.jpg,372,veri,12
VeRi/image_train/0372_c014_00066570_0.jpg,372,veri,13
VeRi/image_train/0372_c014_00066575_0.jpg,372,veri,13
VeRi/image_train/0372_c014_00066580_0.jpg,372,veri,13
VeRi/image_train/0372_c014_00066585_0.jpg,372,veri,13
VeRi/image_train/0372_c014_00066590_0.jpg,372,veri,13
VeRi/image_train/0372_c014_00066595_0.jpg,372,veri,13
VeRi/image_train/0372_c015_00066380_0.jpg,372,veri,14
VeRi/image_train/0372_c015_00066385_0.jpg,372,veri,14
VeRi/image_train/0372_c015_00066390_0.jpg,372,veri,14
VeRi/image_train/0372_c015_00066405_0.jpg,372,veri,14
VeRi/image_train/0372_c015_00066410_0.jpg,372,veri,14
VeRi/image_train/0372_c015_00066415_0.jpg,372,veri,14
VeRi/image_train/0372_c016_00066765_0.jpg,372,veri,15
VeRi/image_train/0372_c016_00066770_0.jpg,372,veri,15
VeRi/image_train/0372_c016_00066775_0.jpg,372,veri,15
VeRi/image_train/0372_c016_00066780_0.jpg,372,veri,15
VeRi/image_train/0372_c016_00066785_0.jpg,372,veri,15
VeRi/image_train/0372_c016_00066790_0.jpg,372,veri,15
VeRi/image_train/0372_c017_00065405_0.jpg,372,veri,16
VeRi/image_train/0372_c017_00065410_0.jpg,372,veri,16
VeRi/image_train/0372_c017_00065420_0.jpg,372,veri,16
VeRi/image_train/0372_c017_00065480_0.jpg,372,veri,16
VeRi/image_train/0372_c017_00065500_0.jpg,372,veri,16
VeRi/image_train/0372_c017_00065530_0.jpg,372,veri,16
VeRi/image_train/0372_c019_00065745_0.jpg,372,veri,18
VeRi/image_train/0372_c019_00065760_0.jpg,372,veri,18
VeRi/image_train/0372_c019_00065770_0.jpg,372,veri,18
VeRi/image_train/0372_c019_00065785_0.jpg,372,veri,18
VeRi/image_train/0372_c019_00065790_0.jpg,372,veri,18
VeRi/image_train/0372_c019_00065800_0.jpg,372,veri,18
VeRi/image_train/0378_c014_00031815_0.jpg,378,veri,13
VeRi/image_train/0378_c014_00031820_0.jpg,378,veri,13
VeRi/image_train/0378_c014_00031825_0.jpg,378,veri,13
VeRi/image_train/0378_c014_00031830_0.jpg,378,veri,13
VeRi/image_train/0378_c014_00031855_0.jpg,378,veri,13
VeRi/image_train/0378_c014_00031860_0.jpg,378,veri,13
VeRi/image_train/0378_c015_00031835_0.jpg,378,veri,14
VeRi/image_train/0378_c015_00031840_0.jpg,378,veri,14
VeRi/image_train/0378_c015_00031845_0.jpg,378,veri,14
VeRi/image_train/0378_c015_00031850_0.jpg,378,veri,14
VeRi/image_train/0378_c015_00031855_0.jpg,378,veri,14
VeRi/image_train/0378_c015_00031860_0.jpg,378,veri,14
VeRi/image_train/0378_c017_00032800_2.jpg,378,veri,16
VeRi/image_train/0378_c017_00032815_0.jpg,378,veri,16
VeRi/image_train/0378_c017_00032825_1.jpg,378,veri,16
VeRi/image_train/0378_c017_00032835_0.jpg,378,veri,16
VeRi/image_train/0378_c017_00032845_0.jpg,378,veri,16
VeRi/image_train/0378_c017_00032865_0.jpg,378,veri,16
VeRi/image_train/0378_c017_00033635_0.jpg,378,veri,16
VeRi/image_train/0378_c017_00033640_1.jpg,378,veri,16
VeRi/image_train/0378_c017_00033650_1.jpg,378,veri,16
VeRi/image_train/0378_c017_00033660_1.jpg,378,veri,16
VeRi/image_train/0378_c017_00033670_1.jpg,378,veri,16
VeRi/image_train/0378_c017_00033680_1.jpg,378,veri,16
VeRi/image_train/0378_c019_00032560_0.jpg,378,veri,18
VeRi/image_train/0378_c019_00032565_0.jpg,378,veri,18
VeRi/image_train/0378_c019_00032570_0.jpg,378,veri,18
VeRi/image_train/0378_c019_00032575_0.jpg,378,veri,18
VeRi/image_train/0378_c019_00032580_0.jpg,378,veri,18
VeRi/image_train/0378_c019_00032585_0.jpg,378,veri,18
VeRi/image_train/0378_c019_00033895_0.jpg,378,veri,18
VeRi/image_train/0378_c019_00033900_0.jpg,378,veri,18
VeRi/image_train/0378_c019_00033905_0.jpg,378,veri,18
VeRi/image_train/0378_c019_00033910_0.jpg,378,veri,18
VeRi/image_train/0378_c019_00033915_0.jpg,378,veri,18
VeRi/image_train/0378_c019_00033920_0.jpg,378,veri,18
VeRi/image_train/0379_c001_00000395_0.jpg,379,veri,0
VeRi/image_train/0379_c001_00000400_0.jpg,379,veri,0
VeRi/image_train/0379_c001_00000405_0.jpg,379,veri,0
VeRi/image_train/0379_c001_00000410_0.jpg,379,veri,0
VeRi/image_train/0379_c001_00000415_0.jpg,379,veri,0
VeRi/image_train/0379_c001_00062080_1.jpg,379,veri,0
VeRi/image_train/0379_c001_00062085_1.jpg,379,veri,0
VeRi/image_train/0379_c001_00062090_0.jpg,379,veri,0
VeRi/image_train/0379_c001_00062095_0.jpg,379,veri,0
VeRi/image_train/0379_c001_00062100_0.jpg,379,veri,0
VeRi/image_train/0379_c001_00062105_0.jpg,379,veri,0
VeRi/image_train/0379_c001_00069865_0.jpg,379,veri,0
VeRi/image_train/0379_c001_00069875_0.jpg,379,veri,0
VeRi/image_train/0379_c001_00069885_0.jpg,379,veri,0
VeRi/image_train/0379_c001_00069895_0.jpg,379,veri,0
VeRi/image_train/0379_c001_00069905_0.jpg,379,veri,0
VeRi/image_train/0379_c001_00069915_0.jpg,379,veri,0
VeRi/image_train/0379_c001_00076370_0.jpg,379,veri,0
VeRi/image_train/0379_c001_00076375_0.jpg,379,veri,0
VeRi/image_train/0379_c001_00076380_0.jpg,379,veri,0
VeRi/image_train/0379_c001_00076385_0.jpg,379,veri,0
VeRi/image_train/0379_c001_00076390_0.jpg,379,veri,0
VeRi/image_train/0379_c001_00076425_1.jpg,379,veri,0
VeRi/image_train/0379_c002_00000745_0.jpg,379,veri,1
VeRi/image_train/0379_c002_00000755_0.jpg,379,veri,1
VeRi/image_train/0379_c002_00000765_0.jpg,379,veri,1
VeRi/image_train/0379_c002_00000775_0.jpg,379,veri,1
VeRi/image_train/0379_c002_00000785_0.jpg,379,veri,1
VeRi/image_train/0379_c002_00000805_0.jpg,379,veri,1
VeRi/image_train/0379_c002_00034250_1.jpg,379,veri,1
VeRi/image_train/0379_c002_00034270_1.jpg,379,veri,1
VeRi/image_train/0379_c002_00034290_1.jpg,379,veri,1
VeRi/image_train/0379_c002_00034310_0.jpg,379,veri,1
VeRi/image_train/0379_c002_00034320_0.jpg,379,veri,1
VeRi/image_train/0379_c002_00034330_0.jpg,379,veri,1
VeRi/image_train/0379_c002_00034575_0.jpg,379,veri,1
VeRi/image_train/0379_c002_00034585_0.jpg,379,veri,1
VeRi/image_train/0379_c002_00034595_0.jpg,379,veri,1
VeRi/image_train/0379_c002_00034605_0.jpg,379,veri,1
VeRi/image_train/0379_c002_00034615_0.jpg,379,veri,1
VeRi/image_train/0379_c002_00034625_0.jpg,379,veri,1
VeRi/image_train/0379_c002_00061010_0.jpg,379,veri,1
VeRi/image_train/0379_c002_00061025_0.jpg,379,veri,1
VeRi/image_train/0379_c002_00061045_0.jpg,379,veri,1
VeRi/image_train/0379_c002_00061065_0.jpg,379,veri,1
VeRi/image_train/0379_c002_00061080_0.jpg,379,veri,1
VeRi/image_train/0379_c002_00061090_0.jpg,379,veri,1
VeRi/image_train/0379_c012_00000240_0.jpg,379,veri,11
VeRi/image_train/0379_c012_00000250_0.jpg,379,veri,11
VeRi/image_train/0379_c012_00000260_0.jpg,379,veri,11
VeRi/image_train/0379_c012_00000265_0.jpg,379,veri,11
VeRi/image_train/0379_c012_00000270_0.jpg,379,veri,11
VeRi/image_train/0379_c012_00000275_0.jpg,379,veri,11
VeRi/image_train/0379_c012_00062740_1.jpg,379,veri,11
VeRi/image_train/0379_c012_00062745_1.jpg,379,veri,11
VeRi/image_train/0379_c012_00062750_1.jpg,379,veri,11
VeRi/image_train/0379_c012_00062755_0.jpg,379,veri,11
VeRi/image_train/0379_c012_00062770_0.jpg,379,veri,11
VeRi/image_train/0379_c012_00062780_0.jpg,379,veri,11
VeRi/image_train/0379_c012_00069175_0.jpg,379,veri,11
VeRi/image_train/0379_c012_00069185_0.jpg,379,veri,11
VeRi/image_train/0379_c012_00069190_0.jpg,379,veri,11
VeRi/image_train/0379_c012_00069195_0.jpg,379,veri,11
VeRi/image_train/0379_c012_00080720_0.jpg,379,veri,11
VeRi/image_train/0379_c012_00080730_0.jpg,379,veri,11
VeRi/image_train/0379_c012_00080740_0.jpg,379,veri,11
VeRi/image_train/0379_c012_00080750_0.jpg,379,veri,11
VeRi/image_train/0379_c012_00080760_0.jpg,379,veri,11
VeRi/image_train/0379_c012_00080770_0.jpg,379,veri,11
VeRi/image_train/0379_c013_00000315_0.jpg,379,veri,12
VeRi/image_train/0379_c013_00000325_0.jpg,379,veri,12
VeRi/image_train/0379_c013_00000335_0.jpg,379,veri,12
VeRi/image_train/0379_c013_00000345_0.jpg,379,veri,12
VeRi/image_train/0379_c013_00062555_0.jpg,379,veri,12
VeRi/image_train/0379_c013_00062560_0.jpg,379,veri,12
VeRi/image_train/0379_c013_00062565_0.jpg,379,veri,12
VeRi/image_train/0379_c013_00062570_0.jpg,379,veri,12
VeRi/image_train/0379_c013_00062575_0.jpg,379,veri,12
VeRi/image_train/0379_c013_00062580_0.jpg,379,veri,12
VeRi/image_train/0379_c013_00069215_0.jpg,379,veri,12
VeRi/image_train/0379_c013_00069220_0.jpg,379,veri,12
VeRi/image_train/0379_c013_00069225_0.jpg,379,veri,12
VeRi/image_train/0379_c013_00069230_0.jpg,379,veri,12
VeRi/image_train/0379_c013_00069235_0.jpg,379,veri,12
VeRi/image_train/0379_c013_00069240_0.jpg,379,veri,12
VeRi/image_train/0379_c013_00076960_0.jpg,379,veri,12
VeRi/image_train/0379_c013_00076965_0.jpg,379,veri,12
VeRi/image_train/0379_c013_00076970_0.jpg,379,veri,12
VeRi/image_train/0379_c013_00076975_0.jpg,379,veri,12
VeRi/image_train/0379_c013_00076980_0.jpg,379,veri,12
VeRi/image_train/0379_c013_00076985_0.jpg,379,veri,12
VeRi/image_train/0381_c001_00061890_0.jpg,381,veri,0
VeRi/image_train/0381_c001_00061895_0.jpg,381,veri,0
VeRi/image_train/0381_c001_00061900_0.jpg,381,veri,0
VeRi/image_train/0381_c001_00061905_0.jpg,381,veri,0
VeRi/image_train/0381_c001_00061910_0.jpg,381,veri,0
VeRi/image_train/0381_c001_00061915_0.jpg,381,veri,0
VeRi/image_train/0381_c002_00061335_0.jpg,381,veri,1
VeRi/image_train/0381_c002_00061350_0.jpg,381,veri,1
VeRi/image_train/0381_c002_00061365_0.jpg,381,veri,1
VeRi/image_train/0381_c002_00061380_0.jpg,381,veri,1
VeRi/image_train/0381_c002_00061395_0.jpg,381,veri,1
VeRi/image_train/0381_c002_00061430_0.jpg,381,veri,1
VeRi/image_train/0381_c003_00031270_0.jpg,381,veri,2
VeRi/image_train/0381_c003_00031280_0.jpg,381,veri,2
VeRi/image_train/0381_c003_00031290_0.jpg,381,veri,2
VeRi/image_train/0381_c003_00031300_0.jpg,381,veri,2
VeRi/image_train/0381_c003_00031310_0.jpg,381,veri,2
VeRi/image_train/0381_c003_00031325_0.jpg,381,veri,2
VeRi/image_train/0381_c004_00031175_0.jpg,381,veri,3
VeRi/image_train/0381_c004_00031180_0.jpg,381,veri,3
VeRi/image_train/0381_c004_00031185_0.jpg,381,veri,3
VeRi/image_train/0381_c004_00031190_0.jpg,381,veri,3
VeRi/image_train/0381_c004_00031195_0.jpg,381,veri,3
VeRi/image_train/0381_c004_00031205_0.jpg,381,veri,3
VeRi/image_train/0381_c005_00028895_1.jpg,381,veri,4
VeRi/image_train/0381_c005_00028920_1.jpg,381,veri,4
VeRi/image_train/0381_c005_00028950_0.jpg,381,veri,4
VeRi/image_train/0381_c005_00028995_0.jpg,381,veri,4
VeRi/image_train/0381_c005_00029030_0.jpg,381,veri,4
VeRi/image_train/0381_c006_00032430_0.jpg,381,veri,5
VeRi/image_train/0381_c006_00032445_0.jpg,381,veri,5
VeRi/image_train/0381_c006_00032475_0.jpg,381,veri,5
VeRi/image_train/0381_c006_00032505_0.jpg,381,veri,5
VeRi/image_train/0381_c006_00032545_0.jpg,381,veri,5
VeRi/image_train/0381_c006_00032590_0.jpg,381,veri,5
VeRi/image_train/0381_c008_00030725_0.jpg,381,veri,7
VeRi/image_train/0381_c008_00030750_0.jpg,381,veri,7
VeRi/image_train/0381_c008_00030775_0.jpg,381,veri,7
VeRi/image_train/0381_c008_00030800_0.jpg,381,veri,7
VeRi/image_train/0381_c008_00030815_0.jpg,381,veri,7
VeRi/image_train/0381_c008_00030830_1.jpg,381,veri,7
VeRi/image_train/0381_c009_00030890_0.jpg,381,veri,8
VeRi/image_train/0381_c009_00030900_0.jpg,381,veri,8
VeRi/image_train/0381_c009_00030950_1.jpg,381,veri,8
VeRi/image_train/0381_c009_00031010_0.jpg,381,veri,8
VeRi/image_train/0381_c009_00031015_0.jpg,381,veri,8
VeRi/image_train/0381_c009_00031030_0.jpg,381,veri,8
VeRi/image_train/0381_c010_00032275_0.jpg,381,veri,9
VeRi/image_train/0381_c010_00032280_0.jpg,381,veri,9
VeRi/image_train/0381_c010_00032285_0.jpg,381,veri,9
VeRi/image_train/0381_c010_00032290_0.jpg,381,veri,9
VeRi/image_train/0381_c010_00032295_0.jpg,381,veri,9
VeRi/image_train/0381_c010_00032305_0.jpg,381,veri,9
VeRi/image_train/0381_c011_00032420_0.jpg,381,veri,10
VeRi/image_train/0381_c011_00032440_0.jpg,381,veri,10
VeRi/image_train/0381_c011_00032460_0.jpg,381,veri,10
VeRi/image_train/0381_c011_00032545_0.jpg,381,veri,10
VeRi/image_train/0381_c011_00032575_0.jpg,381,veri,10
VeRi/image_train/0381_c011_00032640_0.jpg,381,veri,10
VeRi/image_train/0381_c012_00062410_0.jpg,381,veri,11
VeRi/image_train/0381_c012_00062420_0.jpg,381,veri,11
VeRi/image_train/0381_c012_00062425_0.jpg,381,veri,11
VeRi/image_train/0381_c012_00062430_0.jpg,381,veri,11
VeRi/image_train/0381_c012_00062435_0.jpg,381,veri,11
VeRi/image_train/0381_c012_00062440_0.jpg,381,veri,11
VeRi/image_train/0381_c013_00062240_0.jpg,381,veri,12
VeRi/image_train/0381_c013_00062245_0.jpg,381,veri,12
VeRi/image_train/0381_c013_00062250_0.jpg,381,veri,12
VeRi/image_train/0381_c013_00062255_0.jpg,381,veri,12
VeRi/image_train/0381_c013_00062270_0.jpg,381,veri,12
VeRi/image_train/0381_c013_00062275_0.jpg,381,veri,12
VeRi/image_train/0381_c014_00063850_0.jpg,381,veri,13
VeRi/image_train/0381_c014_00063855_0.jpg,381,veri,13
VeRi/image_train/0381_c014_00063860_0.jpg,381,veri,13
VeRi/image_train/0381_c014_00063865_0.jpg,381,veri,13
VeRi/image_train/0381_c014_00063870_0.jpg,381,veri,13
VeRi/image_train/0381_c014_00063875_0.jpg,381,veri,13
VeRi/image_train/0381_c015_00063685_1.jpg,381,veri,14
VeRi/image_train/0381_c015_00063690_0.jpg,381,veri,14
VeRi/image_train/0381_c015_00063695_0.jpg,381,veri,14
VeRi/image_train/0381_c015_00063700_0.jpg,381,veri,14
VeRi/image_train/0381_c015_00063705_0.jpg,381,veri,14
VeRi/image_train/0381_c015_00063710_0.jpg,381,veri,14
VeRi/image_train/0381_c016_00064125_1.jpg,381,veri,15
VeRi/image_train/0381_c016_00064130_0.jpg,381,veri,15
VeRi/image_train/0381_c016_00064135_0.jpg,381,veri,15
VeRi/image_train/0381_c016_00064160_0.jpg,381,veri,15
VeRi/image_train/0381_c016_00064165_0.jpg,381,veri,15
VeRi/image_train/0381_c016_00064170_0.jpg,381,veri,15
VeRi/image_train/0381_c017_00062940_0.jpg,381,veri,16
VeRi/image_train/0381_c017_00062945_0.jpg,381,veri,16
VeRi/image_train/0381_c017_00062950_0.jpg,381,veri,16
VeRi/image_train/0381_c017_00062955_0.jpg,381,veri,16
VeRi/image_train/0381_c017_00062965_0.jpg,381,veri,16
VeRi/image_train/0381_c017_00062975_0.jpg,381,veri,16
VeRi/image_train/0386_c001_00045425_1.jpg,386,veri,0
VeRi/image_train/0386_c001_00045430_0.jpg,386,veri,0
VeRi/image_train/0386_c001_00045435_0.jpg,386,veri,0
VeRi/image_train/0386_c001_00045440_0.jpg,386,veri,0
VeRi/image_train/0386_c001_00045445_0.jpg,386,veri,0
VeRi/image_train/0386_c001_00045450_0.jpg,386,veri,0
VeRi/image_train/0386_c001_00073660_1.jpg,386,veri,0
VeRi/image_train/0386_c001_00073670_0.jpg,386,veri,0
VeRi/image_train/0386_c001_00073675_1.jpg,386,veri,0
VeRi/image_train/0386_c001_00073710_0.jpg,386,veri,0
VeRi/image_train/0386_c012_00046330_0.jpg,386,veri,11
VeRi/image_train/0386_c012_00046335_0.jpg,386,veri,11
VeRi/image_train/0386_c012_00046340_0.jpg,386,veri,11
VeRi/image_train/0386_c012_00046345_0.jpg,386,veri,11
VeRi/image_train/0386_c012_00046350_0.jpg,386,veri,11
VeRi/image_train/0386_c012_00046355_0.jpg,386,veri,11
VeRi/image_train/0386_c012_00072975_1.jpg,386,veri,11
VeRi/image_train/0386_c012_00072980_1.jpg,386,veri,11
VeRi/image_train/0386_c012_00072985_1.jpg,386,veri,11
VeRi/image_train/0386_c012_00072990_1.jpg,386,veri,11
VeRi/image_train/0386_c012_00072995_0.jpg,386,veri,11
VeRi/image_train/0386_c012_00073005_0.jpg,386,veri,11
VeRi/image_train/0386_c013_00046150_0.jpg,386,veri,12
VeRi/image_train/0386_c013_00046155_0.jpg,386,veri,12
VeRi/image_train/0386_c013_00046160_0.jpg,386,veri,12
VeRi/image_train/0386_c013_00046165_0.jpg,386,veri,12
VeRi/image_train/0386_c013_00046170_0.jpg,386,veri,12
VeRi/image_train/0386_c013_00046175_0.jpg,386,veri,12
VeRi/image_train/0386_c013_00073075_0.jpg,386,veri,12
VeRi/image_train/0386_c013_00073080_0.jpg,386,veri,12
VeRi/image_train/0386_c013_00073085_0.jpg,386,veri,12
VeRi/image_train/0386_c013_00073090_0.jpg,386,veri,12
VeRi/image_train/0386_c013_00073095_0.jpg,386,veri,12
VeRi/image_train/0386_c013_00073100_0.jpg,386,veri,12
VeRi/image_train/0386_c014_00047755_0.jpg,386,veri,13
VeRi/image_train/0386_c014_00047760_0.jpg,386,veri,13
VeRi/image_train/0386_c014_00047765_0.jpg,386,veri,13
VeRi/image_train/0386_c014_00047770_0.jpg,386,veri,13
VeRi/image_train/0386_c014_00047775_0.jpg,386,veri,13
VeRi/image_train/0386_c014_00047780_0.jpg,386,veri,13
VeRi/image_train/0386_c014_00071100_0.jpg,386,veri,13
VeRi/image_train/0386_c014_00071105_0.jpg,386,veri,13
VeRi/image_train/0386_c014_00071110_0.jpg,386,veri,13
VeRi/image_train/0386_c014_00071115_0.jpg,386,veri,13
VeRi/image_train/0386_c014_00071120_0.jpg,386,veri,13
VeRi/image_train/0386_c014_00071125_0.jpg,386,veri,13
VeRi/image_train/0386_c015_00047510_0.jpg,386,veri,14
VeRi/image_train/0386_c015_00047515_0.jpg,386,veri,14
VeRi/image_train/0386_c015_00047520_0.jpg,386,veri,14
VeRi/image_train/0386_c015_00047525_0.jpg,386,veri,14
VeRi/image_train/0386_c015_00047530_0.jpg,386,veri,14
VeRi/image_train/0386_c015_00047535_0.jpg,386,veri,14
VeRi/image_train/0386_c015_00071115_0.jpg,386,veri,14
VeRi/image_train/0386_c015_00071120_0.jpg,386,veri,14
VeRi/image_train/0386_c015_00071125_0.jpg,386,veri,14
VeRi/image_train/0386_c015_00071130_0.jpg,386,veri,14
VeRi/image_train/0386_c015_00071135_0.jpg,386,veri,14
VeRi/image_train/0386_c015_00071140_0.jpg,386,veri,14
VeRi/image_train/0386_c016_00048040_0.jpg,386,veri,15
VeRi/image_train/0386_c016_00048045_0.jpg,386,veri,15
VeRi/image_train/0386_c016_00048050_0.jpg,386,veri,15
VeRi/image_train/0386_c016_00048055_0.jpg,386,veri,15
VeRi/image_train/0386_c016_00048060_0.jpg,386,veri,15
VeRi/image_train/0386_c016_00048065_0.jpg,386,veri,15
VeRi/image_train/0386_c016_00070855_0.jpg,386,veri,15
VeRi/image_train/0386_c016_00070860_0.jpg,386,veri,15
VeRi/image_train/0386_c016_00070865_0.jpg,386,veri,15
VeRi/image_train/0386_c016_00070870_0.jpg,386,veri,15
VeRi/image_train/0386_c016_00070875_0.jpg,386,veri,15
VeRi/image_train/0386_c016_00070880_0.jpg,386,veri,15
VeRi/image_train/0386_c017_00046865_0.jpg,386,veri,16
VeRi/image_train/0386_c017_00046870_0.jpg,386,veri,16
VeRi/image_train/0386_c017_00046875_0.jpg,386,veri,16
VeRi/image_train/0386_c017_00046885_0.jpg,386,veri,16
VeRi/image_train/0386_c017_00046890_0.jpg,386,veri,16
VeRi/image_train/0386_c017_00046895_0.jpg,386,veri,16
VeRi/image_train/0386_c017_00072255_0.jpg,386,veri,16
VeRi/image_train/0386_c017_00072260_0.jpg,386,veri,16
VeRi/image_train/0386_c017_00072265_0.jpg,386,veri,16
VeRi/image_train/0386_c017_00072275_0.jpg,386,veri,16
VeRi/image_train/0386_c017_00072285_0.jpg,386,veri,16
VeRi/image_train/0386_c017_00072320_0.jpg,386,veri,16
VeRi/image_train/0386_c019_00047020_0.jpg,386,veri,18
VeRi/image_train/0386_c019_00047030_0.jpg,386,veri,18
VeRi/image_train/0386_c019_00047040_0.jpg,386,veri,18
VeRi/image_train/0386_c019_00047050_0.jpg,386,veri,18
VeRi/image_train/0386_c019_00047060_0.jpg,386,veri,18
VeRi/image_train/0386_c019_00047070_0.jpg,386,veri,18
VeRi/image_train/0386_c019_00071995_0.jpg,386,veri,18
VeRi/image_train/0386_c019_00072000_0.jpg,386,veri,18
VeRi/image_train/0386_c019_00072010_0.jpg,386,veri,18
VeRi/image_train/0386_c019_00072015_0.jpg,386,veri,18
VeRi/image_train/0386_c019_00072020_0.jpg,386,veri,18
VeRi/image_train/0386_c019_00072025_0.jpg,386,veri,18
VeRi/image_train/0387_c002_00072175_1.jpg,387,veri,1
VeRi/image_train/0387_c002_00072205_1.jpg,387,veri,1
VeRi/image_train/0387_c002_00072225_1.jpg,387,veri,1
VeRi/image_train/0387_c002_00072240_0.jpg,387,veri,1
VeRi/image_train/0387_c002_00072370_0.jpg,387,veri,1
VeRi/image_train/0387_c003_00070785_0.jpg,387,veri,2
VeRi/image_train/0387_c003_00070805_0.jpg,387,veri,2
VeRi/image_train/0387_c003_00070825_0.jpg,387,veri,2
VeRi/image_train/0387_c003_00070840_0.jpg,387,veri,2
VeRi/image_train/0387_c003_00070850_0.jpg,387,veri,2
VeRi/image_train/0387_c003_00070855_0.jpg,387,veri,2
VeRi/image_train/0387_c004_00070700_0.jpg,387,veri,3
VeRi/image_train/0387_c004_00070715_0.jpg,387,veri,3
VeRi/image_train/0387_c004_00070735_0.jpg,387,veri,3
VeRi/image_train/0387_c004_00070750_0.jpg,387,veri,3
VeRi/image_train/0387_c004_00070770_0.jpg,387,veri,3
VeRi/image_train/0387_c004_00070810_0.jpg,387,veri,3
VeRi/image_train/0387_c006_00071345_0.jpg,387,veri,5
VeRi/image_train/0387_c006_00071350_0.jpg,387,veri,5
VeRi/image_train/0387_c006_00071365_0.jpg,387,veri,5
VeRi/image_train/0387_c006_00071380_0.jpg,387,veri,5
VeRi/image_train/0387_c006_00071390_0.jpg,387,veri,5
VeRi/image_train/0387_c006_00071405_0.jpg,387,veri,5
VeRi/image_train/0387_c010_00071310_0.jpg,387,veri,9
VeRi/image_train/0387_c010_00071315_0.jpg,387,veri,9
VeRi/image_train/0387_c010_00071320_0.jpg,387,veri,9
VeRi/image_train/0387_c010_00071325_0.jpg,387,veri,9
VeRi/image_train/0387_c010_00071330_0.jpg,387,veri,9
VeRi/image_train/0387_c010_00071335_0.jpg,387,veri,9
VeRi/image_train/0387_c011_00071350_0.jpg,387,veri,10
VeRi/image_train/0387_c011_00071355_0.jpg,387,veri,10
VeRi/image_train/0387_c011_00071360_0.jpg,387,veri,10
VeRi/image_train/0387_c011_00071370_0.jpg,387,veri,10
VeRi/image_train/0387_c011_00071380_0.jpg,387,veri,10
VeRi/image_train/0387_c011_00071390_0.jpg,387,veri,10
VeRi/image_train/0389_c014_00061220_0.jpg,389,veri,13
VeRi/image_train/0389_c014_00061225_0.jpg,389,veri,13
VeRi/image_train/0389_c014_00061230_0.jpg,389,veri,13
VeRi/image_train/0389_c014_00061245_0.jpg,389,veri,13
VeRi/image_train/0389_c014_00061260_0.jpg,389,veri,13
VeRi/image_train/0389_c014_00061265_0.jpg,389,veri,13
VeRi/image_train/0389_c015_00061270_0.jpg,389,veri,14
VeRi/image_train/0389_c015_00061275_0.jpg,389,veri,14
VeRi/image_train/0389_c015_00061280_0.jpg,389,veri,14
VeRi/image_train/0389_c015_00061285_0.jpg,389,veri,14
VeRi/image_train/0389_c015_00061290_0.jpg,389,veri,14
VeRi/image_train/0389_c015_00061295_0.jpg,389,veri,14
VeRi/image_train/0389_c016_00061005_0.jpg,389,veri,15
VeRi/image_train/0389_c016_00061010_0.jpg,389,veri,15
VeRi/image_train/0389_c016_00061015_0.jpg,389,veri,15
VeRi/image_train/0389_c016_00061020_0.jpg,389,veri,15
VeRi/image_train/0389_c016_00061025_0.jpg,389,veri,15
VeRi/image_train/0389_c016_00061030_0.jpg,389,veri,15
VeRi/image_train/0389_c019_00061995_0.jpg,389,veri,18
VeRi/image_train/0389_c019_00062000_0.jpg,389,veri,18
VeRi/image_train/0389_c019_00062005_0.jpg,389,veri,18
VeRi/image_train/0389_c019_00062010_0.jpg,389,veri,18
VeRi/image_train/0389_c019_00062015_0.jpg,389,veri,18
VeRi/image_train/0389_c019_00062020_0.jpg,389,veri,18
VeRi/image_train/0039_c001_00004645_0.jpg,39,veri,0
VeRi/image_train/0039_c001_00004650_1.jpg,39,veri,0
VeRi/image_train/0039_c001_00004655_0.jpg,39,veri,0
VeRi/image_train/0039_c001_00004660_1.jpg,39,veri,0
VeRi/image_train/0039_c001_00004665_0.jpg,39,veri,0
VeRi/image_train/0039_c001_00004670_1.jpg,39,veri,0
VeRi/image_train/0039_c002_00003060_0.jpg,39,veri,1
VeRi/image_train/0039_c002_00003070_0.jpg,39,veri,1
VeRi/image_train/0039_c002_00003080_0.jpg,39,veri,1
VeRi/image_train/0039_c002_00003090_0.jpg,39,veri,1
VeRi/image_train/0039_c002_00003100_0.jpg,39,veri,1
VeRi/image_train/0039_c002_00003110_0.jpg,39,veri,1
VeRi/image_train/0039_c003_00000710_1.jpg,39,veri,2
VeRi/image_train/0039_c003_00000725_1.jpg,39,veri,2
VeRi/image_train/0039_c003_00000735_1.jpg,39,veri,2
VeRi/image_train/0039_c003_00000740_1.jpg,39,veri,2
VeRi/image_train/0039_c003_00000745_1.jpg,39,veri,2
VeRi/image_train/0039_c003_00000750_0.jpg,39,veri,2
VeRi/image_train/0039_c004_00000605_1.jpg,39,veri,3
VeRi/image_train/0039_c004_00000610_0.jpg,39,veri,3
VeRi/image_train/0039_c004_00000615_0.jpg,39,veri,3
VeRi/image_train/0039_c004_00000620_0.jpg,39,veri,3
VeRi/image_train/0039_c004_00000625_0.jpg,39,veri,3
VeRi/image_train/0039_c004_00000630_0.jpg,39,veri,3
VeRi/image_train/0039_c006_00001180_0.jpg,39,veri,5
VeRi/image_train/0039_c006_00001195_0.jpg,39,veri,5
VeRi/image_train/0039_c006_00001200_0.jpg,39,veri,5
VeRi/image_train/0039_c006_00001205_0.jpg,39,veri,5
VeRi/image_train/0039_c006_00001215_0.jpg,39,veri,5
VeRi/image_train/0039_c006_00001225_0.jpg,39,veri,5
VeRi/image_train/0039_c008_00000505_0.jpg,39,veri,7
VeRi/image_train/0039_c008_00000515_0.jpg,39,veri,7
VeRi/image_train/0039_c008_00000520_0.jpg,39,veri,7
VeRi/image_train/0039_c008_00000525_0.jpg,39,veri,7
VeRi/image_train/0039_c008_00000535_0.jpg,39,veri,7
VeRi/image_train/0039_c009_00000535_0.jpg,39,veri,8
VeRi/image_train/0039_c009_00000545_0.jpg,39,veri,8
VeRi/image_train/0039_c009_00000555_0.jpg,39,veri,8
VeRi/image_train/0039_c009_00000565_0.jpg,39,veri,8
VeRi/image_train/0039_c009_00000575_0.jpg,39,veri,8
VeRi/image_train/0039_c009_00000580_0.jpg,39,veri,8
VeRi/image_train/0039_c010_00001140_0.jpg,39,veri,9
VeRi/image_train/0039_c010_00001145_0.jpg,39,veri,9
VeRi/image_train/0039_c010_00001150_0.jpg,39,veri,9
VeRi/image_train/0039_c010_00001155_0.jpg,39,veri,9
VeRi/image_train/0039_c010_00001160_0.jpg,39,veri,9
VeRi/image_train/0039_c010_00001165_0.jpg,39,veri,9
VeRi/image_train/0039_c011_00001135_0.jpg,39,veri,10
VeRi/image_train/0039_c011_00001145_0.jpg,39,veri,10
VeRi/image_train/0039_c011_00001150_0.jpg,39,veri,10
VeRi/image_train/0039_c011_00001155_0.jpg,39,veri,10
VeRi/image_train/0039_c011_00001160_0.jpg,39,veri,10
VeRi/image_train/0039_c011_00001175_0.jpg,39,veri,10
VeRi/image_train/0039_c012_00005285_0.jpg,39,veri,11
VeRi/image_train/0039_c012_00005290_0.jpg,39,veri,11
VeRi/image_train/0039_c012_00005295_0.jpg,39,veri,11
VeRi/image_train/0039_c012_00005300_0.jpg,39,veri,11
VeRi/image_train/0039_c012_00005305_0.jpg,39,veri,11
VeRi/image_train/0039_c012_00005310_0.jpg,39,veri,11
VeRi/image_train/0039_c013_00005120_0.jpg,39,veri,12
VeRi/image_train/0039_c013_00005130_0.jpg,39,veri,12
VeRi/image_train/0039_c013_00005145_0.jpg,39,veri,12
VeRi/image_train/0039_c014_00008105_0.jpg,39,veri,13
VeRi/image_train/0039_c014_00008110_0.jpg,39,veri,13
VeRi/image_train/0039_c014_00008115_0.jpg,39,veri,13
VeRi/image_train/0039_c014_00008120_0.jpg,39,veri,13
VeRi/image_train/0039_c015_00007995_0.jpg,39,veri,14
VeRi/image_train/0039_c015_00008000_0.jpg,39,veri,14
VeRi/image_train/0039_c015_00008005_0.jpg,39,veri,14
VeRi/image_train/0039_c015_00008010_0.jpg,39,veri,14
VeRi/image_train/0039_c015_00008015_0.jpg,39,veri,14
VeRi/image_train/0039_c015_00008020_0.jpg,39,veri,14
VeRi/image_train/0039_c016_00008250_0.jpg,39,veri,15
VeRi/image_train/0039_c016_00008255_0.jpg,39,veri,15
VeRi/image_train/0039_c016_00008260_1.jpg,39,veri,15
VeRi/image_train/0039_c017_00007495_0.jpg,39,veri,16
VeRi/image_train/0039_c017_00007505_0.jpg,39,veri,16
VeRi/image_train/0039_c017_00007510_0.jpg,39,veri,16
VeRi/image_train/0039_c017_00007515_0.jpg,39,veri,16
VeRi/image_train/0039_c017_00007520_0.jpg,39,veri,16
VeRi/image_train/0039_c017_00007530_0.jpg,39,veri,16
VeRi/image_train/0039_c019_00007620_1.jpg,39,veri,18
VeRi/image_train/0039_c019_00007625_1.jpg,39,veri,18
VeRi/image_train/0039_c019_00007630_1.jpg,39,veri,18
VeRi/image_train/0039_c019_00007635_1.jpg,39,veri,18
VeRi/image_train/0039_c019_00007645_0.jpg,39,veri,18
VeRi/image_train/0039_c019_00007650_0.jpg,39,veri,18
VeRi/image_train/0390_c001_00019220_0.jpg,390,veri,0
VeRi/image_train/0390_c001_00019225_0.jpg,390,veri,0
VeRi/image_train/0390_c001_00019230_0.jpg,390,veri,0
VeRi/image_train/0390_c001_00019235_0.jpg,390,veri,0
VeRi/image_train/0390_c001_00019240_0.jpg,390,veri,0
VeRi/image_train/0390_c001_00019245_0.jpg,390,veri,0
VeRi/image_train/0390_c001_00054970_0.jpg,390,veri,0
VeRi/image_train/0390_c001_00054980_0.jpg,390,veri,0
VeRi/image_train/0390_c001_00054990_0.jpg,390,veri,0
VeRi/image_train/0390_c001_00055000_0.jpg,390,veri,0
VeRi/image_train/0390_c001_00055005_0.jpg,390,veri,0
VeRi/image_train/0390_c001_00055010_0.jpg,390,veri,0
VeRi/image_train/0390_c001_00078650_0.jpg,390,veri,0
VeRi/image_train/0390_c001_00078655_0.jpg,390,veri,0
VeRi/image_train/0390_c001_00078660_0.jpg,390,veri,0
VeRi/image_train/0390_c001_00078665_0.jpg,390,veri,0
VeRi/image_train/0390_c001_00078670_0.jpg,390,veri,0
VeRi/image_train/0390_c001_00078675_0.jpg,390,veri,0
VeRi/image_train/0390_c002_00018315_0.jpg,390,veri,1
VeRi/image_train/0390_c002_00018325_0.jpg,390,veri,1
VeRi/image_train/0390_c002_00018340_0.jpg,390,veri,1
VeRi/image_train/0390_c002_00018350_0.jpg,390,veri,1
VeRi/image_train/0390_c002_00018360_0.jpg,390,veri,1
VeRi/image_train/0390_c002_00018400_0.jpg,390,veri,1
VeRi/image_train/0390_c002_00055440_0.jpg,390,veri,1
VeRi/image_train/0390_c002_00055450_0.jpg,390,veri,1
VeRi/image_train/0390_c002_00055460_0.jpg,390,veri,1
VeRi/image_train/0390_c002_00055470_0.jpg,390,veri,1
VeRi/image_train/0390_c002_00055480_0.jpg,390,veri,1
VeRi/image_train/0390_c002_00055490_0.jpg,390,veri,1
VeRi/image_train/0390_c002_00077680_0.jpg,390,veri,1
VeRi/image_train/0390_c002_00077700_0.jpg,390,veri,1
VeRi/image_train/0390_c002_00077725_0.jpg,390,veri,1
VeRi/image_train/0390_c002_00077745_0.jpg,390,veri,1
VeRi/image_train/0390_c002_00077765_0.jpg,390,veri,1
VeRi/image_train/0390_c002_00077780_0.jpg,390,veri,1
VeRi/image_train/0390_c003_00058890_0.jpg,390,veri,2
VeRi/image_train/0390_c003_00058900_0.jpg,390,veri,2
VeRi/image_train/0390_c003_00058910_0.jpg,390,veri,2
VeRi/image_train/0390_c003_00058935_0.jpg,390,veri,2
VeRi/image_train/0390_c003_00058960_0.jpg,390,veri,2
VeRi/image_train/0390_c003_00058980_0.jpg,390,veri,2
VeRi/image_train/0390_c004_00058825_0.jpg,390,veri,3
VeRi/image_train/0390_c004_00058835_0.jpg,390,veri,3
VeRi/image_train/0390_c004_00058845_0.jpg,390,veri,3
VeRi/image_train/0390_c004_00058865_0.jpg,390,veri,3
VeRi/image_train/0390_c004_00058875_0.jpg,390,veri,3
VeRi/image_train/0390_c004_00058910_0.jpg,390,veri,3
VeRi/image_train/0390_c006_00057675_3.jpg,390,veri,5
VeRi/image_train/0390_c006_00057700_2.jpg,390,veri,5
VeRi/image_train/0390_c006_00057735_1.jpg,390,veri,5
VeRi/image_train/0390_c006_00057780_0.jpg,390,veri,5
VeRi/image_train/0390_c006_00057820_0.jpg,390,veri,5
VeRi/image_train/0390_c006_00057850_0.jpg,390,veri,5
VeRi/image_train/0390_c010_00058010_1.jpg,390,veri,9
VeRi/image_train/0390_c010_00058015_0.jpg,390,veri,9
VeRi/image_train/0390_c010_00058020_0.jpg,390,veri,9
VeRi/image_train/0390_c010_00058025_0.jpg,390,veri,9
VeRi/image_train/0390_c010_00058030_0.jpg,390,veri,9
VeRi/image_train/0390_c010_00058035_0.jpg,390,veri,9
VeRi/image_train/0390_c011_00057725_1.jpg,390,veri,10
VeRi/image_train/0390_c011_00057730_1.jpg,390,veri,10
VeRi/image_train/0390_c011_00057760_1.jpg,390,veri,10
VeRi/image_train/0390_c011_00057775_0.jpg,390,veri,10
VeRi/image_train/0390_c011_00057790_0.jpg,390,veri,10
VeRi/image_train/0390_c011_00057805_0.jpg,390,veri,10
VeRi/image_train/0390_c012_00019830_0.jpg,390,veri,11
VeRi/image_train/0390_c012_00019835_0.jpg,390,veri,11
VeRi/image_train/0390_c012_00019840_0.jpg,390,veri,11
VeRi/image_train/0390_c012_00019845_0.jpg,390,veri,11
VeRi/image_train/0390_c012_00019850_0.jpg,390,veri,11
VeRi/image_train/0390_c012_00019855_0.jpg,390,veri,11
VeRi/image_train/0390_c012_00054300_0.jpg,390,veri,11
VeRi/image_train/0390_c012_00054310_0.jpg,390,veri,11
VeRi/image_train/0390_c012_00054320_0.jpg,390,veri,11
VeRi/image_train/0390_c012_00054330_0.jpg,390,veri,11
VeRi/image_train/0390_c012_00054340_0.jpg,390,veri,11
VeRi/image_train/0390_c012_00054350_0.jpg,390,veri,11
VeRi/image_train/0390_c012_00079265_0.jpg,390,veri,11
VeRi/image_train/0390_c012_00079275_0.jpg,390,veri,11
VeRi/image_train/0390_c012_00079285_0.jpg,390,veri,11
VeRi/image_train/0390_c012_00079295_0.jpg,390,veri,11
VeRi/image_train/0390_c012_00079305_0.jpg,390,veri,11
VeRi/image_train/0390_c012_00079315_0.jpg,390,veri,11
VeRi/image_train/0390_c013_00019655_0.jpg,390,veri,12
VeRi/image_train/0390_c013_00019670_0.jpg,390,veri,12
VeRi/image_train/0390_c013_00019675_0.jpg,390,veri,12
VeRi/image_train/0390_c013_00019690_0.jpg,390,veri,12
VeRi/image_train/0390_c013_00019695_0.jpg,390,veri,12
VeRi/image_train/0390_c013_00054440_0.jpg,390,veri,12
VeRi/image_train/0390_c013_00054445_0.jpg,390,veri,12
VeRi/image_train/0390_c013_00054450_0.jpg,390,veri,12
VeRi/image_train/0390_c013_00054455_0.jpg,390,veri,12
VeRi/image_train/0390_c013_00054460_0.jpg,390,veri,12
VeRi/image_train/0390_c013_00054465_0.jpg,390,veri,12
VeRi/image_train/0390_c013_00079060_0.jpg,390,veri,12
VeRi/image_train/0390_c013_00079065_0.jpg,390,veri,12
VeRi/image_train/0390_c013_00079070_0.jpg,390,veri,12
VeRi/image_train/0390_c013_00079075_0.jpg,390,veri,12
VeRi/image_train/0390_c013_00079080_0.jpg,390,veri,12
VeRi/image_train/0390_c013_00079085_0.jpg,390,veri,12
VeRi/image_train/0390_c014_00022180_0.jpg,390,veri,13
VeRi/image_train/0390_c014_00022185_0.jpg,390,veri,13
VeRi/image_train/0390_c014_00022190_0.jpg,390,veri,13
VeRi/image_train/0390_c014_00022195_0.jpg,390,veri,13
VeRi/image_train/0390_c014_00022200_0.jpg,390,veri,13
VeRi/image_train/0390_c014_00022205_0.jpg,390,veri,13
VeRi/image_train/0390_c014_00052370_0.jpg,390,veri,13
VeRi/image_train/0390_c014_00052375_0.jpg,390,veri,13
VeRi/image_train/0390_c014_00052420_0.jpg,390,veri,13
VeRi/image_train/0390_c014_00052425_0.jpg,390,veri,13
VeRi/image_train/0390_c014_00052430_0.jpg,390,veri,13
VeRi/image_train/0390_c014_00052435_0.jpg,390,veri,13
VeRi/image_train/0390_c014_00081080_0.jpg,390,veri,13
VeRi/image_train/0390_c014_00081085_0.jpg,390,veri,13
VeRi/image_train/0390_c014_00081090_1.jpg,390,veri,13
VeRi/image_train/0390_c014_00081095_0.jpg,390,veri,13
VeRi/image_train/0390_c014_00081100_0.jpg,390,veri,13
VeRi/image_train/0390_c014_00081105_0.jpg,390,veri,13
VeRi/image_train/0390_c015_00021975_0.jpg,390,veri,14
VeRi/image_train/0390_c015_00021980_0.jpg,390,veri,14
VeRi/image_train/0390_c015_00021985_0.jpg,390,veri,14
VeRi/image_train/0390_c015_00022000_0.jpg,390,veri,14
VeRi/image_train/0390_c015_00022015_0.jpg,390,veri,14
VeRi/image_train/0390_c015_00022030_0.jpg,390,veri,14
VeRi/image_train/0390_c015_00052445_0.jpg,390,veri,14
VeRi/image_train/0390_c015_00052450_0.jpg,390,veri,14
VeRi/image_train/0390_c015_00052455_0.jpg,390,veri,14
VeRi/image_train/0390_c015_00052460_0.jpg,390,veri,14
VeRi/image_train/0390_c015_00052465_0.jpg,390,veri,14
VeRi/image_train/0390_c015_00052470_0.jpg,390,veri,14
VeRi/image_train/0390_c015_00080820_0.jpg,390,veri,14
VeRi/image_train/0390_c015_00080825_0.jpg,390,veri,14
VeRi/image_train/0390_c015_00080830_0.jpg,390,veri,14
VeRi/image_train/0390_c015_00080835_0.jpg,390,veri,14
VeRi/image_train/0390_c015_00080840_0.jpg,390,veri,14
VeRi/image_train/0390_c015_00080890_0.jpg,390,veri,14
VeRi/image_train/0390_c016_00022565_0.jpg,390,veri,15
VeRi/image_train/0390_c016_00022570_0.jpg,390,veri,15
VeRi/image_train/0390_c016_00022655_0.jpg,390,veri,15
VeRi/image_train/0390_c016_00052200_0.jpg,390,veri,15
VeRi/image_train/0390_c016_00052205_0.jpg,390,veri,15
VeRi/image_train/0390_c016_00052210_0.jpg,390,veri,15
VeRi/image_train/0390_c016_00052215_0.jpg,390,veri,15
VeRi/image_train/0390_c016_00052220_0.jpg,390,veri,15
VeRi/image_train/0390_c016_00081490_0.jpg,390,veri,15
VeRi/image_train/0390_c016_00081510_0.jpg,390,veri,15
VeRi/image_train/0390_c016_00081520_0.jpg,390,veri,15
VeRi/image_train/0390_c016_00081535_0.jpg,390,veri,15
VeRi/image_train/0390_c016_00081540_0.jpg,390,veri,15
VeRi/image_train/0390_c016_00081545_0.jpg,390,veri,15
VeRi/image_train/0390_c017_00020725_0.jpg,390,veri,16
VeRi/image_train/0390_c017_00020735_0.jpg,390,veri,16
VeRi/image_train/0390_c017_00020750_0.jpg,390,veri,16
VeRi/image_train/0390_c017_00020765_0.jpg,390,veri,16
VeRi/image_train/0390_c017_00020780_0.jpg,390,veri,16
VeRi/image_train/0390_c017_00020795_0.jpg,390,veri,16
VeRi/image_train/0390_c017_00053550_1.jpg,390,veri,16
VeRi/image_train/0390_c017_00053565_1.jpg,390,veri,16
VeRi/image_train/0390_c017_00053585_1.jpg,390,veri,16
VeRi/image_train/0390_c017_00053620_0.jpg,390,veri,16
VeRi/image_train/0390_c017_00053630_0.jpg,390,veri,16
VeRi/image_train/0390_c017_00053665_0.jpg,390,veri,16
VeRi/image_train/0390_c017_00080010_0.jpg,390,veri,16
VeRi/image_train/0390_c017_00080025_0.jpg,390,veri,16
VeRi/image_train/0390_c017_00080035_0.jpg,390,veri,16
VeRi/image_train/0390_c017_00080045_0.jpg,390,veri,16
VeRi/image_train/0390_c017_00080055_0.jpg,390,veri,16
VeRi/image_train/0390_c017_00080065_0.jpg,390,veri,16
VeRi/image_train/0390_c019_00021095_1.jpg,390,veri,18
VeRi/image_train/0390_c019_00021125_2.jpg,390,veri,18
VeRi/image_train/0390_c019_00021130_1.jpg,390,veri,18
VeRi/image_train/0390_c019_00053300_0.jpg,390,veri,18
VeRi/image_train/0390_c019_00053305_0.jpg,390,veri,18
VeRi/image_train/0390_c019_00053310_0.jpg,390,veri,18
VeRi/image_train/0390_c019_00053315_0.jpg,390,veri,18
VeRi/image_train/0390_c019_00053320_0.jpg,390,veri,18
VeRi/image_train/0390_c019_00053325_0.jpg,390,veri,18
VeRi/image_train/0390_c019_00080255_0.jpg,390,veri,18
VeRi/image_train/0390_c019_00080265_0.jpg,390,veri,18
VeRi/image_train/0390_c019_00080275_0.jpg,390,veri,18
VeRi/image_train/0390_c019_00080280_0.jpg,390,veri,18
VeRi/image_train/0390_c019_00080285_0.jpg,390,veri,18
VeRi/image_train/0390_c019_00080290_0.jpg,390,veri,18
VeRi/image_train/0395_c001_00050350_0.jpg,395,veri,0
VeRi/image_train/0395_c001_00050360_0.jpg,395,veri,0
VeRi/image_train/0395_c001_00050370_0.jpg,395,veri,0
VeRi/image_train/0395_c001_00050380_0.jpg,395,veri,0
VeRi/image_train/0395_c001_00050385_0.jpg,395,veri,0
VeRi/image_train/0395_c001_00050390_0.jpg,395,veri,0
VeRi/image_train/0395_c001_00071335_1.jpg,395,veri,0
VeRi/image_train/0395_c001_00071340_1.jpg,395,veri,0
VeRi/image_train/0395_c001_00071345_0.jpg,395,veri,0
VeRi/image_train/0395_c001_00071350_0.jpg,395,veri,0
VeRi/image_train/0395_c001_00071355_0.jpg,395,veri,0
VeRi/image_train/0395_c001_00071360_0.jpg,395,veri,0
VeRi/image_train/0395_c002_00050945_0.jpg,395,veri,1
VeRi/image_train/0395_c002_00050955_0.jpg,395,veri,1
VeRi/image_train/0395_c002_00050965_0.jpg,395,veri,1
VeRi/image_train/0395_c002_00050975_0.jpg,395,veri,1
VeRi/image_train/0395_c002_00050995_0.jpg,395,veri,1
VeRi/image_train/0395_c002_00051030_0.jpg,395,veri,1
VeRi/image_train/0395_c002_00070545_0.jpg,395,veri,1
VeRi/image_train/0395_c002_00070555_0.jpg,395,veri,1
VeRi/image_train/0395_c002_00070565_0.jpg,395,veri,1
VeRi/image_train/0395_c002_00070575_0.jpg,395,veri,1
VeRi/image_train/0395_c002_00070585_0.jpg,395,veri,1
VeRi/image_train/0395_c002_00070610_0.jpg,395,veri,1
VeRi/image_train/0395_c003_00054350_0.jpg,395,veri,2
VeRi/image_train/0395_c003_00054360_0.jpg,395,veri,2
VeRi/image_train/0395_c003_00054370_0.jpg,395,veri,2
VeRi/image_train/0395_c003_00054380_0.jpg,395,veri,2
VeRi/image_train/0395_c003_00054415_1.jpg,395,veri,2
VeRi/image_train/0395_c003_00054420_1.jpg,395,veri,2
VeRi/image_train/0395_c004_00054260_0.jpg,395,veri,3
VeRi/image_train/0395_c004_00054270_0.jpg,395,veri,3
VeRi/image_train/0395_c004_00054280_0.jpg,395,veri,3
VeRi/image_train/0395_c004_00054300_1.jpg,395,veri,3
VeRi/image_train/0395_c004_00054305_1.jpg,395,veri,3
VeRi/image_train/0395_c004_00054320_0.jpg,395,veri,3
VeRi/image_train/0395_c006_00053320_1.jpg,395,veri,5
VeRi/image_train/0395_c006_00053340_1.jpg,395,veri,5
VeRi/image_train/0395_c006_00053360_1.jpg,395,veri,5
VeRi/image_train/0395_c006_00053380_0.jpg,395,veri,5
VeRi/image_train/0395_c006_00053405_0.jpg,395,veri,5
VeRi/image_train/0395_c006_00053430_0.jpg,395,veri,5
VeRi/image_train/0395_c010_00053605_0.jpg,395,veri,9
VeRi/image_train/0395_c010_00053610_0.jpg,395,veri,9
VeRi/image_train/0395_c010_00053615_0.jpg,395,veri,9
VeRi/image_train/0395_c010_00053620_0.jpg,395,veri,9
VeRi/image_train/0395_c010_00053625_0.jpg,395,veri,9
VeRi/image_train/0395_c010_00053630_0.jpg,395,veri,9
VeRi/image_train/0395_c011_00053305_1.jpg,395,veri,10
VeRi/image_train/0395_c011_00053340_0.jpg,395,veri,10
VeRi/image_train/0395_c011_00053350_1.jpg,395,veri,10
VeRi/image_train/0395_c011_00053385_0.jpg,395,veri,10
VeRi/image_train/0395_c011_00053395_0.jpg,395,veri,10
VeRi/image_train/0395_c011_00053405_0.jpg,395,veri,10
VeRi/image_train/0395_c012_00049505_0.jpg,395,veri,11
VeRi/image_train/0395_c012_00049520_0.jpg,395,veri,11
VeRi/image_train/0395_c012_00049530_0.jpg,395,veri,11
VeRi/image_train/0395_c012_00071905_0.jpg,395,veri,11
VeRi/image_train/0395_c012_00071915_0.jpg,395,veri,11
VeRi/image_train/0395_c012_00071925_0.jpg,395,veri,11
VeRi/image_train/0395_c012_00071930_1.jpg,395,veri,11
VeRi/image_train/0395_c012_00071940_0.jpg,395,veri,11
VeRi/image_train/0395_c012_00071945_0.jpg,395,veri,11
VeRi/image_train/0395_c013_00049530_0.jpg,395,veri,12
VeRi/image_train/0395_c013_00049535_0.jpg,395,veri,12
VeRi/image_train/0395_c013_00049540_0.jpg,395,veri,12
VeRi/image_train/0395_c013_00049545_0.jpg,395,veri,12
VeRi/image_train/0395_c013_00049550_0.jpg,395,veri,12
VeRi/image_train/0395_c013_00049555_0.jpg,395,veri,12
VeRi/image_train/0395_c013_00071725_0.jpg,395,veri,12
VeRi/image_train/0395_c013_00071730_0.jpg,395,veri,12
VeRi/image_train/0395_c013_00071735_0.jpg,395,veri,12
VeRi/image_train/0395_c013_00071740_0.jpg,395,veri,12
VeRi/image_train/0395_c013_00071745_0.jpg,395,veri,12
VeRi/image_train/0395_c013_00071750_0.jpg,395,veri,12
VeRi/image_train/0395_c014_00047900_0.jpg,395,veri,13
VeRi/image_train/0395_c014_00047905_0.jpg,395,veri,13
VeRi/image_train/0395_c014_00047910_0.jpg,395,veri,13
VeRi/image_train/0395_c014_00047915_0.jpg,395,veri,13
VeRi/image_train/0395_c014_00047920_0.jpg,395,veri,13
VeRi/image_train/0395_c014_00047925_0.jpg,395,veri,13
VeRi/image_train/0395_c014_00073945_0.jpg,395,veri,13
VeRi/image_train/0395_c014_00073950_0.jpg,395,veri,13
VeRi/image_train/0395_c014_00073960_0.jpg,395,veri,13
VeRi/image_train/0395_c014_00073965_0.jpg,395,veri,13
VeRi/image_train/0395_c014_00073970_0.jpg,395,veri,13
VeRi/image_train/0395_c014_00073975_0.jpg,395,veri,13
VeRi/image_train/0395_c015_00047910_0.jpg,395,veri,14
VeRi/image_train/0395_c015_00047915_0.jpg,395,veri,14
VeRi/image_train/0395_c015_00047920_0.jpg,395,veri,14
VeRi/image_train/0395_c015_00047925_0.jpg,395,veri,14
VeRi/image_train/0395_c015_00047930_0.jpg,395,veri,14
VeRi/image_train/0395_c015_00047935_0.jpg,395,veri,14
VeRi/image_train/0395_c015_00073625_0.jpg,395,veri,14
VeRi/image_train/0395_c015_00073630_0.jpg,395,veri,14
VeRi/image_train/0395_c015_00073670_0.jpg,395,veri,14
VeRi/image_train/0395_c015_00073700_0.jpg,395,veri,14
VeRi/image_train/0395_c015_00073705_0.jpg,395,veri,14
VeRi/image_train/0395_c015_00073710_0.jpg,395,veri,14
VeRi/image_train/0395_c016_00047695_1.jpg,395,veri,15
VeRi/image_train/0395_c016_00047700_1.jpg,395,veri,15
VeRi/image_train/0395_c016_00047705_1.jpg,395,veri,15
VeRi/image_train/0395_c016_00047710_1.jpg,395,veri,15
VeRi/image_train/0395_c016_00047715_0.jpg,395,veri,15
VeRi/image_train/0395_c016_00047720_0.jpg,395,veri,15
VeRi/image_train/0395_c016_00076425_0.jpg,395,veri,15
VeRi/image_train/0395_c016_00076430_0.jpg,395,veri,15
VeRi/image_train/0395_c016_00076435_0.jpg,395,veri,15
VeRi/image_train/0395_c016_00076440_0.jpg,395,veri,15
VeRi/image_train/0395_c016_00076445_0.jpg,395,veri,15
VeRi/image_train/0395_c016_00076450_0.jpg,395,veri,15
VeRi/image_train/0395_c017_00048730_0.jpg,395,veri,16
VeRi/image_train/0395_c017_00048735_0.jpg,395,veri,16
VeRi/image_train/0395_c017_00048755_0.jpg,395,veri,16
VeRi/image_train/0395_c017_00048765_0.jpg,395,veri,16
VeRi/image_train/0395_c017_00048775_0.jpg,395,veri,16
VeRi/image_train/0395_c017_00048790_0.jpg,395,veri,16
VeRi/image_train/0395_c017_00072585_0.jpg,395,veri,16
VeRi/image_train/0395_c017_00072590_0.jpg,395,veri,16
VeRi/image_train/0395_c017_00072595_0.jpg,395,veri,16
VeRi/image_train/0395_c017_00072600_0.jpg,395,veri,16
VeRi/image_train/0395_c017_00072605_0.jpg,395,veri,16
VeRi/image_train/0395_c017_00072615_0.jpg,395,veri,16
VeRi/image_train/0395_c019_00048535_0.jpg,395,veri,18
VeRi/image_train/0395_c019_00048540_0.jpg,395,veri,18
VeRi/image_train/0395_c019_00048545_0.jpg,395,veri,18
VeRi/image_train/0395_c019_00048550_0.jpg,395,veri,18
VeRi/image_train/0395_c019_00048555_0.jpg,395,veri,18
VeRi/image_train/0395_c019_00048560_0.jpg,395,veri,18
VeRi/image_train/0395_c019_00072810_0.jpg,395,veri,18
VeRi/image_train/0395_c019_00072815_0.jpg,395,veri,18
VeRi/image_train/0395_c019_00072820_0.jpg,395,veri,18
VeRi/image_train/0395_c019_00072825_0.jpg,395,veri,18
VeRi/image_train/0395_c019_00072845_0.jpg,395,veri,18
VeRi/image_train/0395_c019_00072855_0.jpg,395,veri,18
VeRi/image_train/0397_c001_00021345_0.jpg,397,veri,0
VeRi/image_train/0397_c001_00021360_0.jpg,397,veri,0
VeRi/image_train/0397_c001_00021375_0.jpg,397,veri,0
VeRi/image_train/0397_c001_00021390_0.jpg,397,veri,0
VeRi/image_train/0397_c001_00021405_0.jpg,397,veri,0
VeRi/image_train/0397_c001_00021420_0.jpg,397,veri,0
VeRi/image_train/0397_c002_00021815_0.jpg,397,veri,1
VeRi/image_train/0397_c002_00021825_0.jpg,397,veri,1
VeRi/image_train/0397_c002_00021835_0.jpg,397,veri,1
VeRi/image_train/0397_c002_00021845_0.jpg,397,veri,1
VeRi/image_train/0397_c002_00021855_0.jpg,397,veri,1
VeRi/image_train/0397_c002_00021865_0.jpg,397,veri,1
VeRi/image_train/0397_c003_00024970_1.jpg,397,veri,2
VeRi/image_train/0397_c003_00024980_1.jpg,397,veri,2
VeRi/image_train/0397_c003_00024990_1.jpg,397,veri,2
VeRi/image_train/0397_c003_00025010_1.jpg,397,veri,2
VeRi/image_train/0397_c003_00025030_1.jpg,397,veri,2
VeRi/image_train/0397_c003_00025075_1.jpg,397,veri,2
VeRi/image_train/0397_c004_00024980_0.jpg,397,veri,3
VeRi/image_train/0397_c004_00024985_0.jpg,397,veri,3
VeRi/image_train/0397_c004_00024990_0.jpg,397,veri,3
VeRi/image_train/0397_c004_00024995_0.jpg,397,veri,3
VeRi/image_train/0397_c004_00025000_0.jpg,397,veri,3
VeRi/image_train/0397_c006_00024185_1.jpg,397,veri,5
VeRi/image_train/0397_c006_00024210_1.jpg,397,veri,5
VeRi/image_train/0397_c006_00024235_0.jpg,397,veri,5
VeRi/image_train/0397_c006_00024245_1.jpg,397,veri,5
VeRi/image_train/0397_c006_00024255_1.jpg,397,veri,5
VeRi/image_train/0397_c006_00024265_2.jpg,397,veri,5
VeRi/image_train/0397_c010_00024370_0.jpg,397,veri,9
VeRi/image_train/0397_c010_00024375_0.jpg,397,veri,9
VeRi/image_train/0397_c010_00024380_0.jpg,397,veri,9
VeRi/image_train/0397_c010_00024385_0.jpg,397,veri,9
VeRi/image_train/0397_c010_00024390_0.jpg,397,veri,9
VeRi/image_train/0397_c010_00024395_0.jpg,397,veri,9
VeRi/image_train/0397_c011_00024140_0.jpg,397,veri,10
VeRi/image_train/0397_c011_00024155_0.jpg,397,veri,10
VeRi/image_train/0397_c011_00024170_0.jpg,397,veri,10
VeRi/image_train/0397_c011_00024180_0.jpg,397,veri,10
VeRi/image_train/0397_c011_00024190_0.jpg,397,veri,10
VeRi/image_train/0397_c011_00024200_0.jpg,397,veri,10
VeRi/image_train/0397_c012_00019690_0.jpg,397,veri,11
VeRi/image_train/0397_c012_00019695_0.jpg,397,veri,11
VeRi/image_train/0397_c012_00019700_0.jpg,397,veri,11
VeRi/image_train/0397_c012_00019705_0.jpg,397,veri,11
VeRi/image_train/0397_c012_00019710_0.jpg,397,veri,11
VeRi/image_train/0397_c012_00019715_0.jpg,397,veri,11
VeRi/image_train/0397_c013_00019780_0.jpg,397,veri,12
VeRi/image_train/0397_c013_00019785_0.jpg,397,veri,12
VeRi/image_train/0397_c013_00019795_1.jpg,397,veri,12
VeRi/image_train/0397_c013_00019800_1.jpg,397,veri,12
VeRi/image_train/0397_c013_00019810_1.jpg,397,veri,12
VeRi/image_train/0397_c014_00018295_0.jpg,397,veri,13
VeRi/image_train/0397_c014_00018310_0.jpg,397,veri,13
VeRi/image_train/0397_c014_00018315_0.jpg,397,veri,13
VeRi/image_train/0397_c014_00018330_0.jpg,397,veri,13
VeRi/image_train/0397_c014_00018340_0.jpg,397,veri,13
VeRi/image_train/0397_c014_00018345_0.jpg,397,veri,13
VeRi/image_train/0397_c015_00018370_0.jpg,397,veri,14
VeRi/image_train/0397_c015_00018375_0.jpg,397,veri,14
VeRi/image_train/0397_c015_00018380_0.jpg,397,veri,14
VeRi/image_train/0397_c015_00018385_1.jpg,397,veri,14
VeRi/image_train/0397_c015_00018390_1.jpg,397,veri,14
VeRi/image_train/0397_c015_00018395_1.jpg,397,veri,14
VeRi/image_train/0397_c016_00018070_0.jpg,397,veri,15
VeRi/image_train/0397_c016_00018075_0.jpg,397,veri,15
VeRi/image_train/0397_c016_00018080_0.jpg,397,veri,15
VeRi/image_train/0397_c017_00019115_0.jpg,397,veri,16
VeRi/image_train/0397_c017_00019130_0.jpg,397,veri,16
VeRi/image_train/0397_c017_00019155_0.jpg,397,veri,16
VeRi/image_train/0397_c017_00019165_0.jpg,397,veri,16
VeRi/image_train/0397_c017_00019175_0.jpg,397,veri,16
VeRi/image_train/0397_c017_00019180_0.jpg,397,veri,16
VeRi/image_train/0400_c001_00076395_0.jpg,400,veri,0
VeRi/image_train/0400_c001_00076400_0.jpg,400,veri,0
VeRi/image_train/0400_c001_00076405_0.jpg,400,veri,0
VeRi/image_train/0400_c001_00076415_0.jpg,400,veri,0
VeRi/image_train/0400_c001_00076420_0.jpg,400,veri,0
VeRi/image_train/0400_c001_00076425_0.jpg,400,veri,0
VeRi/image_train/0400_c002_00076935_0.jpg,400,veri,1
VeRi/image_train/0400_c002_00076945_0.jpg,400,veri,1
VeRi/image_train/0400_c002_00076955_0.jpg,400,veri,1
VeRi/image_train/0400_c002_00076965_0.jpg,400,veri,1
VeRi/image_train/0400_c002_00076975_0.jpg,400,veri,1
VeRi/image_train/0400_c002_00076985_0.jpg,400,veri,1
VeRi/image_train/0400_c003_00079630_0.jpg,400,veri,2
VeRi/image_train/0400_c003_00079640_0.jpg,400,veri,2
VeRi/image_train/0400_c003_00079650_0.jpg,400,veri,2
VeRi/image_train/0400_c003_00079660_0.jpg,400,veri,2
VeRi/image_train/0400_c003_00079670_0.jpg,400,veri,2
VeRi/image_train/0400_c003_00079685_0.jpg,400,veri,2
VeRi/image_train/0400_c004_00079555_0.jpg,400,veri,3
VeRi/image_train/0400_c004_00079565_0.jpg,400,veri,3
VeRi/image_train/0400_c004_00079575_0.jpg,400,veri,3
VeRi/image_train/0400_c004_00079590_0.jpg,400,veri,3
VeRi/image_train/0400_c004_00079600_0.jpg,400,veri,3
VeRi/image_train/0400_c004_00079610_0.jpg,400,veri,3
VeRi/image_train/0400_c006_00078895_2.jpg,400,veri,5
VeRi/image_train/0400_c006_00078910_1.jpg,400,veri,5
VeRi/image_train/0400_c006_00078950_0.jpg,400,veri,5
VeRi/image_train/0400_c006_00078970_0.jpg,400,veri,5
VeRi/image_train/0400_c006_00078990_0.jpg,400,veri,5
VeRi/image_train/0400_c006_00079010_0.jpg,400,veri,5
VeRi/image_train/0400_c010_00079150_0.jpg,400,veri,9
VeRi/image_train/0400_c010_00079155_0.jpg,400,veri,9
VeRi/image_train/0400_c010_00079160_0.jpg,400,veri,9
VeRi/image_train/0400_c010_00079165_0.jpg,400,veri,9
VeRi/image_train/0400_c010_00079175_0.jpg,400,veri,9
VeRi/image_train/0400_c010_00079180_0.jpg,400,veri,9
VeRi/image_train/0400_c011_00078960_0.jpg,400,veri,10
VeRi/image_train/0400_c011_00078970_0.jpg,400,veri,10
VeRi/image_train/0400_c011_00078980_0.jpg,400,veri,10
VeRi/image_train/0400_c011_00078990_0.jpg,400,veri,10
VeRi/image_train/0400_c011_00079000_0.jpg,400,veri,10
VeRi/image_train/0400_c011_00079005_0.jpg,400,veri,10
VeRi/image_train/0400_c012_00075985_0.jpg,400,veri,11
VeRi/image_train/0400_c012_00075995_0.jpg,400,veri,11
VeRi/image_train/0400_c012_00076005_0.jpg,400,veri,11
VeRi/image_train/0400_c012_00076010_0.jpg,400,veri,11
VeRi/image_train/0400_c012_00076020_0.jpg,400,veri,11
VeRi/image_train/0400_c012_00076030_0.jpg,400,veri,11
VeRi/image_train/0400_c013_00076105_0.jpg,400,veri,12
VeRi/image_train/0400_c013_00076110_0.jpg,400,veri,12
VeRi/image_train/0400_c013_00076115_0.jpg,400,veri,12
VeRi/image_train/0400_c013_00076120_0.jpg,400,veri,12
VeRi/image_train/0400_c013_00076125_0.jpg,400,veri,12
VeRi/image_train/0400_c013_00076130_0.jpg,400,veri,12
VeRi/image_train/0400_c014_00074060_0.jpg,400,veri,13
VeRi/image_train/0400_c014_00074065_0.jpg,400,veri,13
VeRi/image_train/0400_c014_00074070_0.jpg,400,veri,13
VeRi/image_train/0400_c014_00074100_0.jpg,400,veri,13
VeRi/image_train/0400_c014_00074105_0.jpg,400,veri,13
VeRi/image_train/0400_c014_00074110_0.jpg,400,veri,13
VeRi/image_train/0400_c015_00074205_0.jpg,400,veri,14
VeRi/image_train/0400_c015_00074210_0.jpg,400,veri,14
VeRi/image_train/0400_c015_00074215_0.jpg,400,veri,14
VeRi/image_train/0400_c015_00074220_0.jpg,400,veri,14
VeRi/image_train/0400_c015_00074225_0.jpg,400,veri,14
VeRi/image_train/0400_c015_00074230_0.jpg,400,veri,14
VeRi/image_train/0400_c017_00075400_0.jpg,400,veri,16
VeRi/image_train/0400_c017_00075405_0.jpg,400,veri,16
VeRi/image_train/0400_c017_00075410_0.jpg,400,veri,16
VeRi/image_train/0400_c017_00075415_0.jpg,400,veri,16
VeRi/image_train/0400_c017_00075420_0.jpg,400,veri,16
VeRi/image_train/0400_c017_00075425_0.jpg,400,veri,16
VeRi/image_train/0400_c019_00075155_0.jpg,400,veri,18
VeRi/image_train/0400_c019_00075160_0.jpg,400,veri,18
VeRi/image_train/0400_c019_00075165_0.jpg,400,veri,18
VeRi/image_train/0400_c019_00075170_0.jpg,400,veri,18
VeRi/image_train/0400_c019_00075175_0.jpg,400,veri,18
VeRi/image_train/0400_c019_00075180_0.jpg,400,veri,18
VeRi/image_train/0403_c001_00011685_0.jpg,403,veri,0
VeRi/image_train/0403_c001_00011695_0.jpg,403,veri,0
VeRi/image_train/0403_c001_00011705_0.jpg,403,veri,0
VeRi/image_train/0403_c001_00011720_0.jpg,403,veri,0
VeRi/image_train/0403_c001_00011735_0.jpg,403,veri,0
VeRi/image_train/0403_c001_00011760_0.jpg,403,veri,0
VeRi/image_train/0403_c002_00012415_1.jpg,403,veri,1
VeRi/image_train/0403_c002_00012425_1.jpg,403,veri,1
VeRi/image_train/0403_c002_00012435_2.jpg,403,veri,1
VeRi/image_train/0403_c002_00012445_2.jpg,403,veri,1
VeRi/image_train/0403_c002_00012455_2.jpg,403,veri,1
VeRi/image_train/0403_c002_00012510_0.jpg,403,veri,1
VeRi/image_train/0403_c003_00015530_0.jpg,403,veri,2
VeRi/image_train/0403_c003_00015540_0.jpg,403,veri,2
VeRi/image_train/0403_c003_00015565_0.jpg,403,veri,2
VeRi/image_train/0403_c003_00015575_0.jpg,403,veri,2
VeRi/image_train/0403_c003_00015590_0.jpg,403,veri,2
VeRi/image_train/0403_c003_00015610_0.jpg,403,veri,2
VeRi/image_train/0403_c004_00015455_0.jpg,403,veri,3
VeRi/image_train/0403_c004_00015480_0.jpg,403,veri,3
VeRi/image_train/0403_c004_00015490_0.jpg,403,veri,3
VeRi/image_train/0403_c004_00015500_0.jpg,403,veri,3
VeRi/image_train/0403_c004_00015520_0.jpg,403,veri,3
VeRi/image_train/0403_c004_00015530_0.jpg,403,veri,3
VeRi/image_train/0403_c006_00014755_0.jpg,403,veri,5
VeRi/image_train/0403_c006_00014785_0.jpg,403,veri,5
VeRi/image_train/0403_c006_00014810_1.jpg,403,veri,5
VeRi/image_train/0403_c006_00014830_1.jpg,403,veri,5
VeRi/image_train/0403_c006_00014840_1.jpg,403,veri,5
VeRi/image_train/0403_c006_00014855_0.jpg,403,veri,5
VeRi/image_train/0403_c010_00014950_0.jpg,403,veri,9
VeRi/image_train/0403_c010_00014955_0.jpg,403,veri,9
VeRi/image_train/0403_c010_00014960_0.jpg,403,veri,9
VeRi/image_train/0403_c010_00014965_0.jpg,403,veri,9
VeRi/image_train/0403_c010_00014975_0.jpg,403,veri,9
VeRi/image_train/0403_c011_00014715_0.jpg,403,veri,10
VeRi/image_train/0403_c011_00014740_0.jpg,403,veri,10
VeRi/image_train/0403_c011_00014755_0.jpg,403,veri,10
VeRi/image_train/0403_c011_00014765_0.jpg,403,veri,10
VeRi/image_train/0403_c011_00014775_0.jpg,403,veri,10
VeRi/image_train/0403_c011_00014785_0.jpg,403,veri,10
VeRi/image_train/0403_c012_00009435_0.jpg,403,veri,11
VeRi/image_train/0403_c012_00009440_0.jpg,403,veri,11
VeRi/image_train/0403_c012_00009460_0.jpg,403,veri,11
VeRi/image_train/0403_c012_00009465_0.jpg,403,veri,11
VeRi/image_train/0403_c012_00009470_0.jpg,403,veri,11
VeRi/image_train/0403_c012_00009475_0.jpg,403,veri,11
VeRi/image_train/0403_c013_00009545_0.jpg,403,veri,12
VeRi/image_train/0403_c013_00009555_0.jpg,403,veri,12
VeRi/image_train/0403_c013_00009565_0.jpg,403,veri,12
VeRi/image_train/0403_c013_00009580_0.jpg,403,veri,12
VeRi/image_train/0403_c013_00009585_0.jpg,403,veri,12
VeRi/image_train/0403_c014_00007865_0.jpg,403,veri,13
VeRi/image_train/0403_c014_00007870_0.jpg,403,veri,13
VeRi/image_train/0403_c014_00007875_0.jpg,403,veri,13
VeRi/image_train/0403_c014_00007880_0.jpg,403,veri,13
VeRi/image_train/0403_c014_00007890_0.jpg,403,veri,13
VeRi/image_train/0403_c014_00007895_0.jpg,403,veri,13
VeRi/image_train/0403_c015_00007950_0.jpg,403,veri,14
VeRi/image_train/0403_c015_00007955_0.jpg,403,veri,14
VeRi/image_train/0403_c015_00007960_0.jpg,403,veri,14
VeRi/image_train/0403_c015_00007965_0.jpg,403,veri,14
VeRi/image_train/0403_c015_00007970_0.jpg,403,veri,14
VeRi/image_train/0403_c015_00007975_0.jpg,403,veri,14
VeRi/image_train/0403_c016_00007680_0.jpg,403,veri,15
VeRi/image_train/0403_c016_00007685_0.jpg,403,veri,15
VeRi/image_train/0403_c017_00008670_3.jpg,403,veri,16
VeRi/image_train/0403_c017_00008690_0.jpg,403,veri,16
VeRi/image_train/0403_c017_00008705_1.jpg,403,veri,16
VeRi/image_train/0403_c017_00008715_0.jpg,403,veri,16
VeRi/image_train/0403_c017_00008775_0.jpg,403,veri,16
VeRi/image_train/0403_c017_00008810_0.jpg,403,veri,16
VeRi/image_train/0403_c019_00008555_0.jpg,403,veri,18
VeRi/image_train/0403_c019_00008560_0.jpg,403,veri,18
VeRi/image_train/0403_c019_00008565_0.jpg,403,veri,18
VeRi/image_train/0403_c019_00008570_0.jpg,403,veri,18
VeRi/image_train/0403_c019_00008575_0.jpg,403,veri,18
VeRi/image_train/0403_c019_00008580_0.jpg,403,veri,18
VeRi/image_train/0407_c001_00028555_0.jpg,407,veri,0
VeRi/image_train/0407_c001_00028565_0.jpg,407,veri,0
VeRi/image_train/0407_c001_00028575_0.jpg,407,veri,0
VeRi/image_train/0407_c001_00028585_0.jpg,407,veri,0
VeRi/image_train/0407_c001_00028595_0.jpg,407,veri,0
VeRi/image_train/0407_c001_00028610_0.jpg,407,veri,0
VeRi/image_train/0407_c001_00047710_0.jpg,407,veri,0
VeRi/image_train/0407_c001_00047720_0.jpg,407,veri,0
VeRi/image_train/0407_c001_00047730_1.jpg,407,veri,0
VeRi/image_train/0407_c001_00047735_0.jpg,407,veri,0
VeRi/image_train/0407_c001_00047740_0.jpg,407,veri,0
VeRi/image_train/0407_c001_00047745_0.jpg,407,veri,0
VeRi/image_train/0407_c002_00028980_0.jpg,407,veri,1
VeRi/image_train/0407_c002_00028990_1.jpg,407,veri,1
VeRi/image_train/0407_c002_00029000_0.jpg,407,veri,1
VeRi/image_train/0407_c002_00029020_2.jpg,407,veri,1
VeRi/image_train/0407_c002_00029030_2.jpg,407,veri,1
VeRi/image_train/0407_c002_00029045_2.jpg,407,veri,1
VeRi/image_train/0407_c002_00046835_0.jpg,407,veri,1
VeRi/image_train/0407_c002_00046865_0.jpg,407,veri,1
VeRi/image_train/0407_c002_00046880_0.jpg,407,veri,1
VeRi/image_train/0407_c002_00046895_0.jpg,407,veri,1
VeRi/image_train/0407_c002_00046920_0.jpg,407,veri,1
VeRi/image_train/0407_c002_00046940_0.jpg,407,veri,1
VeRi/image_train/0407_c003_00032055_0.jpg,407,veri,2
VeRi/image_train/0407_c003_00032065_0.jpg,407,veri,2
VeRi/image_train/0407_c003_00032080_0.jpg,407,veri,2
VeRi/image_train/0407_c003_00032155_0.jpg,407,veri,2
VeRi/image_train/0407_c003_00032180_0.jpg,407,veri,2
VeRi/image_train/0407_c003_00032215_0.jpg,407,veri,2
VeRi/image_train/0407_c004_00031975_0.jpg,407,veri,3
VeRi/image_train/0407_c004_00031990_0.jpg,407,veri,3
VeRi/image_train/0407_c004_00032035_0.jpg,407,veri,3
VeRi/image_train/0407_c004_00032135_0.jpg,407,veri,3
VeRi/image_train/0407_c004_00032150_0.jpg,407,veri,3
VeRi/image_train/0407_c004_00032165_0.jpg,407,veri,3
VeRi/image_train/0407_c006_00031375_1.jpg,407,veri,5
VeRi/image_train/0407_c006_00031390_1.jpg,407,veri,5
VeRi/image_train/0407_c006_00031405_1.jpg,407,veri,5
VeRi/image_train/0407_c006_00031425_1.jpg,407,veri,5
VeRi/image_train/0407_c006_00031445_0.jpg,407,veri,5
VeRi/image_train/0407_c006_00031460_0.jpg,407,veri,5
VeRi/image_train/0407_c010_00031550_0.jpg,407,veri,9
VeRi/image_train/0407_c010_00031555_0.jpg,407,veri,9
VeRi/image_train/0407_c010_00031560_0.jpg,407,veri,9
VeRi/image_train/0407_c010_00031565_0.jpg,407,veri,9
VeRi/image_train/0407_c010_00031570_0.jpg,407,veri,9
VeRi/image_train/0407_c010_00031575_0.jpg,407,veri,9
VeRi/image_train/0407_c011_00031340_1.jpg,407,veri,10
VeRi/image_train/0407_c011_00031350_1.jpg,407,veri,10
VeRi/image_train/0407_c011_00031360_1.jpg,407,veri,10
VeRi/image_train/0407_c011_00031390_0.jpg,407,veri,10
VeRi/image_train/0407_c012_00027590_0.jpg,407,veri,11
VeRi/image_train/0407_c012_00027595_0.jpg,407,veri,11
VeRi/image_train/0407_c012_00027600_0.jpg,407,veri,11
VeRi/image_train/0407_c012_00027605_0.jpg,407,veri,11
VeRi/image_train/0407_c012_00027610_0.jpg,407,veri,11
VeRi/image_train/0407_c012_00027615_0.jpg,407,veri,11
VeRi/image_train/0407_c013_00027670_0.jpg,407,veri,12
VeRi/image_train/0407_c013_00027680_0.jpg,407,veri,12
VeRi/image_train/0407_c013_00027685_0.jpg,407,veri,12
VeRi/image_train/0407_c013_00027700_0.jpg,407,veri,12
VeRi/image_train/0407_c013_00027710_0.jpg,407,veri,12
VeRi/image_train/0407_c013_00027720_0.jpg,407,veri,12
VeRi/image_train/0407_c013_00048125_0.jpg,407,veri,12
VeRi/image_train/0407_c013_00048130_0.jpg,407,veri,12
VeRi/image_train/0407_c013_00048135_0.jpg,407,veri,12
VeRi/image_train/0407_c013_00048140_0.jpg,407,veri,12
VeRi/image_train/0407_c013_00048145_0.jpg,407,veri,12
VeRi/image_train/0407_c013_00048150_0.jpg,407,veri,12
VeRi/image_train/0407_c014_00026220_0.jpg,407,veri,13
VeRi/image_train/0407_c014_00026230_0.jpg,407,veri,13
VeRi/image_train/0407_c014_00026240_0.jpg,407,veri,13
VeRi/image_train/0407_c014_00026250_0.jpg,407,veri,13
VeRi/image_train/0407_c014_00026255_0.jpg,407,veri,13
VeRi/image_train/0407_c014_00026260_0.jpg,407,veri,13
VeRi/image_train/0407_c014_00050335_0.jpg,407,veri,13
VeRi/image_train/0407_c014_00050340_0.jpg,407,veri,13
VeRi/image_train/0407_c014_00050345_0.jpg,407,veri,13
VeRi/image_train/0407_c014_00050350_0.jpg,407,veri,13
VeRi/image_train/0407_c014_00050355_0.jpg,407,veri,13
VeRi/image_train/0407_c014_00050360_0.jpg,407,veri,13
VeRi/image_train/0407_c015_00026290_0.jpg,407,veri,14
VeRi/image_train/0407_c015_00026300_0.jpg,407,veri,14
VeRi/image_train/0407_c015_00026305_0.jpg,407,veri,14
VeRi/image_train/0407_c015_00026310_0.jpg,407,veri,14
VeRi/image_train/0407_c015_00026315_0.jpg,407,veri,14
VeRi/image_train/0407_c015_00026320_0.jpg,407,veri,14
VeRi/image_train/0407_c015_00050080_0.jpg,407,veri,14
VeRi/image_train/0407_c015_00050085_0.jpg,407,veri,14
VeRi/image_train/0407_c015_00050090_0.jpg,407,veri,14
VeRi/image_train/0407_c015_00050095_0.jpg,407,veri,14
VeRi/image_train/0407_c015_00050100_0.jpg,407,veri,14
VeRi/image_train/0407_c015_00050105_0.jpg,407,veri,14
VeRi/image_train/0407_c016_00025985_0.jpg,407,veri,15
VeRi/image_train/0407_c016_00025990_0.jpg,407,veri,15
VeRi/image_train/0407_c016_00026005_0.jpg,407,veri,15
VeRi/image_train/0407_c016_00050535_0.jpg,407,veri,15
VeRi/image_train/0407_c016_00050545_0.jpg,407,veri,15
VeRi/image_train/0407_c016_00050575_0.jpg,407,veri,15
VeRi/image_train/0407_c016_00050595_0.jpg,407,veri,15
VeRi/image_train/0407_c016_00050600_0.jpg,407,veri,15
VeRi/image_train/0407_c016_00050605_0.jpg,407,veri,15
VeRi/image_train/0407_c017_00026985_0.jpg,407,veri,16
VeRi/image_train/0407_c017_00027005_0.jpg,407,veri,16
VeRi/image_train/0407_c017_00027025_0.jpg,407,veri,16
VeRi/image_train/0407_c017_00027040_0.jpg,407,veri,16
VeRi/image_train/0407_c017_00027055_0.jpg,407,veri,16
VeRi/image_train/0407_c017_00027060_0.jpg,407,veri,16
VeRi/image_train/0407_c017_00049100_1.jpg,407,veri,16
VeRi/image_train/0407_c017_00049110_0.jpg,407,veri,16
VeRi/image_train/0407_c017_00049115_0.jpg,407,veri,16
VeRi/image_train/0407_c017_00049120_0.jpg,407,veri,16
VeRi/image_train/0407_c017_00049130_0.jpg,407,veri,16
VeRi/image_train/0407_c017_00049140_0.jpg,407,veri,16
VeRi/image_train/0407_c019_00026860_0.jpg,407,veri,18
VeRi/image_train/0407_c019_00026865_0.jpg,407,veri,18
VeRi/image_train/0407_c019_00026875_0.jpg,407,veri,18
VeRi/image_train/0407_c019_00026890_0.jpg,407,veri,18
VeRi/image_train/0407_c019_00049345_1.jpg,407,veri,18
VeRi/image_train/0407_c019_00049350_1.jpg,407,veri,18
VeRi/image_train/0407_c019_00049360_1.jpg,407,veri,18
VeRi/image_train/0407_c019_00049370_1.jpg,407,veri,18
VeRi/image_train/0407_c019_00049380_1.jpg,407,veri,18
VeRi/image_train/0407_c019_00049395_0.jpg,407,veri,18
VeRi/image_train/0408_c001_00072150_0.jpg,408,veri,0
VeRi/image_train/0408_c001_00072160_0.jpg,408,veri,0
VeRi/image_train/0408_c001_00072170_0.jpg,408,veri,0
VeRi/image_train/0408_c001_00072175_0.jpg,408,veri,0
VeRi/image_train/0408_c001_00072185_0.jpg,408,veri,0
VeRi/image_train/0408_c001_00072235_0.jpg,408,veri,0
VeRi/image_train/0408_c012_00072855_0.jpg,408,veri,11
VeRi/image_train/0408_c012_00072865_0.jpg,408,veri,11
VeRi/image_train/0408_c012_00072875_0.jpg,408,veri,11
VeRi/image_train/0408_c012_00072950_0.jpg,408,veri,11
VeRi/image_train/0408_c012_00072965_0.jpg,408,veri,11
VeRi/image_train/0408_c013_00072570_0.jpg,408,veri,12
VeRi/image_train/0408_c013_00072575_0.jpg,408,veri,12
VeRi/image_train/0408_c013_00072580_0.jpg,408,veri,12
VeRi/image_train/0408_c013_00072585_0.jpg,408,veri,12
VeRi/image_train/0408_c013_00072590_0.jpg,408,veri,12
VeRi/image_train/0408_c013_00072595_0.jpg,408,veri,12
VeRi/image_train/0408_c014_00075055_0.jpg,408,veri,13
VeRi/image_train/0408_c014_00075060_0.jpg,408,veri,13
VeRi/image_train/0408_c014_00075065_0.jpg,408,veri,13
VeRi/image_train/0408_c014_00075070_0.jpg,408,veri,13
VeRi/image_train/0408_c014_00075075_0.jpg,408,veri,13
VeRi/image_train/0408_c014_00075080_0.jpg,408,veri,13
VeRi/image_train/0408_c015_00074750_0.jpg,408,veri,14
VeRi/image_train/0408_c015_00074760_0.jpg,408,veri,14
VeRi/image_train/0408_c015_00074765_0.jpg,408,veri,14
VeRi/image_train/0408_c015_00074800_0.jpg,408,veri,14
VeRi/image_train/0408_c015_00074810_0.jpg,408,veri,14
VeRi/image_train/0408_c015_00074815_0.jpg,408,veri,14
VeRi/image_train/0408_c016_00076630_0.jpg,408,veri,15
VeRi/image_train/0408_c016_00076635_0.jpg,408,veri,15
VeRi/image_train/0408_c017_00073675_0.jpg,408,veri,16
VeRi/image_train/0408_c017_00073680_0.jpg,408,veri,16
VeRi/image_train/0408_c017_00073685_0.jpg,408,veri,16
VeRi/image_train/0408_c017_00073690_0.jpg,408,veri,16
VeRi/image_train/0408_c017_00073695_0.jpg,408,veri,16
VeRi/image_train/0408_c017_00073700_0.jpg,408,veri,16
VeRi/image_train/0041_c001_00039060_1.jpg,41,veri,0
VeRi/image_train/0041_c001_00039070_0.jpg,41,veri,0
VeRi/image_train/0041_c001_00039080_0.jpg,41,veri,0
VeRi/image_train/0041_c001_00039090_0.jpg,41,veri,0
VeRi/image_train/0041_c001_00039100_0.jpg,41,veri,0
VeRi/image_train/0041_c001_00039115_0.jpg,41,veri,0
VeRi/image_train/0041_c001_00088640_0.jpg,41,veri,0
VeRi/image_train/0041_c001_00088645_0.jpg,41,veri,0
VeRi/image_train/0041_c001_00088650_0.jpg,41,veri,0
VeRi/image_train/0041_c001_00088660_0.jpg,41,veri,0
VeRi/image_train/0041_c001_00088685_0.jpg,41,veri,0
VeRi/image_train/0041_c001_00088730_0.jpg,41,veri,0
VeRi/image_train/0041_c002_00010455_1.jpg,41,veri,1
VeRi/image_train/0041_c002_00010470_1.jpg,41,veri,1
VeRi/image_train/0041_c002_00010485_0.jpg,41,veri,1
VeRi/image_train/0041_c002_00010500_0.jpg,41,veri,1
VeRi/image_train/0041_c002_00010515_0.jpg,41,veri,1
VeRi/image_train/0041_c002_00010540_0.jpg,41,veri,1
VeRi/image_train/0041_c002_00076655_1.jpg,41,veri,1
VeRi/image_train/0041_c002_00076675_1.jpg,41,veri,1
VeRi/image_train/0041_c002_00076695_0.jpg,41,veri,1
VeRi/image_train/0041_c002_00076715_0.jpg,41,veri,1
VeRi/image_train/0041_c002_00076735_0.jpg,41,veri,1
VeRi/image_train/0041_c002_00076750_0.jpg,41,veri,1
VeRi/image_train/0041_c003_00008450_0.jpg,41,veri,2
VeRi/image_train/0041_c003_00008465_0.jpg,41,veri,2
VeRi/image_train/0041_c003_00008480_0.jpg,41,veri,2
VeRi/image_train/0041_c003_00008495_0.jpg,41,veri,2
VeRi/image_train/0041_c003_00008510_0.jpg,41,veri,2
VeRi/image_train/0041_c003_00008515_0.jpg,41,veri,2
VeRi/image_train/0041_c003_00074820_0.jpg,41,veri,2
VeRi/image_train/0041_c003_00074830_0.jpg,41,veri,2
VeRi/image_train/0041_c003_00074840_0.jpg,41,veri,2
VeRi/image_train/0041_c003_00074850_0.jpg,41,veri,2
VeRi/image_train/0041_c003_00074855_0.jpg,41,veri,2
VeRi/image_train/0041_c003_00074860_0.jpg,41,veri,2
VeRi/image_train/0041_c004_00008365_0.jpg,41,veri,3
VeRi/image_train/0041_c004_00008375_0.jpg,41,veri,3
VeRi/image_train/0041_c004_00008385_0.jpg,41,veri,3
VeRi/image_train/0041_c004_00008395_0.jpg,41,veri,3
VeRi/image_train/0041_c004_00008405_0.jpg,41,veri,3
VeRi/image_train/0041_c004_00008415_1.jpg,41,veri,3
VeRi/image_train/0041_c004_00074725_0.jpg,41,veri,3
VeRi/image_train/0041_c004_00074730_0.jpg,41,veri,3
VeRi/image_train/0041_c004_00074735_0.jpg,41,veri,3
VeRi/image_train/0041_c004_00074740_0.jpg,41,veri,3
VeRi/image_train/0041_c004_00074745_0.jpg,41,veri,3
VeRi/image_train/0041_c004_00074750_0.jpg,41,veri,3
VeRi/image_train/0041_c006_00008920_0.jpg,41,veri,5
VeRi/image_train/0041_c006_00008935_0.jpg,41,veri,5
VeRi/image_train/0041_c006_00008960_0.jpg,41,veri,5
VeRi/image_train/0041_c006_00008985_0.jpg,41,veri,5
VeRi/image_train/0041_c006_00075300_0.jpg,41,veri,5
VeRi/image_train/0041_c006_00075315_0.jpg,41,veri,5
VeRi/image_train/0041_c006_00075320_0.jpg,41,veri,5
VeRi/image_train/0041_c006_00075325_0.jpg,41,veri,5
VeRi/image_train/0041_c006_00075335_0.jpg,41,veri,5
VeRi/image_train/0041_c006_00075345_0.jpg,41,veri,5
VeRi/image_train/0041_c008_00074595_0.jpg,41,veri,7
VeRi/image_train/0041_c008_00074600_0.jpg,41,veri,7
VeRi/image_train/0041_c008_00074605_0.jpg,41,veri,7
VeRi/image_train/0041_c008_00074610_0.jpg,41,veri,7
VeRi/image_train/0041_c008_00074615_0.jpg,41,veri,7
VeRi/image_train/0041_c008_00074625_0.jpg,41,veri,7
VeRi/image_train/0041_c009_00074655_0.jpg,41,veri,8
VeRi/image_train/0041_c009_00074660_0.jpg,41,veri,8
VeRi/image_train/0041_c009_00074665_0.jpg,41,veri,8
VeRi/image_train/0041_c009_00074670_0.jpg,41,veri,8
VeRi/image_train/0041_c009_00074675_0.jpg,41,veri,8
VeRi/image_train/0041_c009_00074680_0.jpg,41,veri,8
VeRi/image_train/0041_c010_00075300_0.jpg,41,veri,9
VeRi/image_train/0041_c010_00075305_0.jpg,41,veri,9
VeRi/image_train/0041_c010_00075310_0.jpg,41,veri,9
VeRi/image_train/0041_c010_00075315_0.jpg,41,veri,9
VeRi/image_train/0041_c010_00075320_0.jpg,41,veri,9
VeRi/image_train/0041_c010_00075325_0.jpg,41,veri,9
VeRi/image_train/0041_c011_00008870_1.jpg,41,veri,10
VeRi/image_train/0041_c011_00008880_0.jpg,41,veri,10
VeRi/image_train/0041_c011_00008890_0.jpg,41,veri,10
VeRi/image_train/0041_c011_00008905_0.jpg,41,veri,10
VeRi/image_train/0041_c011_00008920_0.jpg,41,veri,10
VeRi/image_train/0041_c011_00008975_0.jpg,41,veri,10
VeRi/image_train/0041_c011_00075315_0.jpg,41,veri,10
VeRi/image_train/0041_c011_00075320_0.jpg,41,veri,10
VeRi/image_train/0041_c011_00075325_0.jpg,41,veri,10
VeRi/image_train/0041_c011_00075330_0.jpg,41,veri,10
VeRi/image_train/0041_c011_00075335_0.jpg,41,veri,10
VeRi/image_train/0041_c011_00075340_0.jpg,41,veri,10
VeRi/image_train/0041_c012_00039495_0.jpg,41,veri,11
VeRi/image_train/0041_c012_00039500_1.jpg,41,veri,11
VeRi/image_train/0041_c012_00039505_1.jpg,41,veri,11
VeRi/image_train/0041_c012_00039510_1.jpg,41,veri,11
VeRi/image_train/0041_c012_00039515_1.jpg,41,veri,11
VeRi/image_train/0041_c012_00039520_1.jpg,41,veri,11
VeRi/image_train/0041_c012_00089230_0.jpg,41,veri,11
VeRi/image_train/0041_c012_00089240_0.jpg,41,veri,11
VeRi/image_train/0041_c012_00089250_0.jpg,41,veri,11
VeRi/image_train/0041_c012_00089260_0.jpg,41,veri,11
VeRi/image_train/0041_c012_00089270_0.jpg,41,veri,11
VeRi/image_train/0041_c012_00089280_0.jpg,41,veri,11
VeRi/image_train/0041_c013_00039370_1.jpg,41,veri,12
VeRi/image_train/0041_c013_00039380_0.jpg,41,veri,12
VeRi/image_train/0041_c013_00039385_1.jpg,41,veri,12
VeRi/image_train/0041_c013_00039390_1.jpg,41,veri,12
VeRi/image_train/0041_c013_00039395_1.jpg,41,veri,12
VeRi/image_train/0041_c013_00039405_0.jpg,41,veri,12
VeRi/image_train/0041_c013_00089090_0.jpg,41,veri,12
VeRi/image_train/0041_c013_00089095_0.jpg,41,veri,12
VeRi/image_train/0041_c013_00089100_0.jpg,41,veri,12
VeRi/image_train/0041_c013_00089105_0.jpg,41,veri,12
VeRi/image_train/0041_c013_00089110_0.jpg,41,veri,12
VeRi/image_train/0041_c013_00089115_0.jpg,41,veri,12
VeRi/image_train/0041_c014_00040990_0.jpg,41,veri,13
VeRi/image_train/0041_c014_00040995_0.jpg,41,veri,13
VeRi/image_train/0041_c014_00041000_0.jpg,41,veri,13
VeRi/image_train/0041_c014_00041005_0.jpg,41,veri,13
VeRi/image_train/0041_c014_00041010_0.jpg,41,veri,13
VeRi/image_train/0041_c014_00041015_0.jpg,41,veri,13
VeRi/image_train/0041_c015_00040820_0.jpg,41,veri,14
VeRi/image_train/0041_c015_00040825_0.jpg,41,veri,14
VeRi/image_train/0041_c015_00040830_0.jpg,41,veri,14
VeRi/image_train/0041_c015_00040835_0.jpg,41,veri,14
VeRi/image_train/0041_c015_00040840_0.jpg,41,veri,14
VeRi/image_train/0041_c015_00040845_0.jpg,41,veri,14
VeRi/image_train/0041_c016_00041190_0.jpg,41,veri,15
VeRi/image_train/0041_c016_00041195_0.jpg,41,veri,15
VeRi/image_train/0041_c017_00040025_1.jpg,41,veri,16
VeRi/image_train/0041_c017_00040030_2.jpg,41,veri,16
VeRi/image_train/0041_c017_00040035_1.jpg,41,veri,16
VeRi/image_train/0041_c017_00040040_1.jpg,41,veri,16
VeRi/image_train/0041_c017_00040055_1.jpg,41,veri,16
VeRi/image_train/0041_c017_00040060_0.jpg,41,veri,16
VeRi/image_train/0041_c017_00089720_0.jpg,41,veri,16
VeRi/image_train/0041_c017_00089725_0.jpg,41,veri,16
VeRi/image_train/0041_c017_00089730_0.jpg,41,veri,16
VeRi/image_train/0041_c017_00089735_0.jpg,41,veri,16
VeRi/image_train/0041_c017_00089740_0.jpg,41,veri,16
VeRi/image_train/0041_c017_00089745_0.jpg,41,veri,16
VeRi/image_train/0410_c012_00023015_0.jpg,410,veri,11
VeRi/image_train/0410_c012_00023020_0.jpg,410,veri,11
VeRi/image_train/0410_c012_00023030_0.jpg,410,veri,11
VeRi/image_train/0410_c012_00023040_0.jpg,410,veri,11
VeRi/image_train/0410_c012_00023050_0.jpg,410,veri,11
VeRi/image_train/0410_c012_00023060_0.jpg,410,veri,11
VeRi/image_train/0410_c013_00022820_0.jpg,410,veri,12
VeRi/image_train/0410_c013_00022830_0.jpg,410,veri,12
VeRi/image_train/0410_c013_00022840_0.jpg,410,veri,12
VeRi/image_train/0410_c013_00022850_0.jpg,410,veri,12
VeRi/image_train/0410_c013_00022860_0.jpg,410,veri,12
VeRi/image_train/0410_c013_00022865_0.jpg,410,veri,12
VeRi/image_train/0410_c014_00024955_0.jpg,410,veri,13
VeRi/image_train/0410_c014_00024960_0.jpg,410,veri,13
VeRi/image_train/0410_c014_00024965_0.jpg,410,veri,13
VeRi/image_train/0410_c014_00024970_0.jpg,410,veri,13
VeRi/image_train/0410_c014_00024975_0.jpg,410,veri,13
VeRi/image_train/0410_c014_00024980_0.jpg,410,veri,13
VeRi/image_train/0410_c015_00024800_0.jpg,410,veri,14
VeRi/image_train/0410_c015_00024805_0.jpg,410,veri,14
VeRi/image_train/0410_c015_00024810_0.jpg,410,veri,14
VeRi/image_train/0410_c015_00024815_0.jpg,410,veri,14
VeRi/image_train/0410_c015_00024820_0.jpg,410,veri,14
VeRi/image_train/0410_c016_00026355_0.jpg,410,veri,15
VeRi/image_train/0410_c016_00026365_0.jpg,410,veri,15
VeRi/image_train/0410_c016_00026380_0.jpg,410,veri,15
VeRi/image_train/0410_c016_00026395_0.jpg,410,veri,15
VeRi/image_train/0410_c016_00026405_0.jpg,410,veri,15
VeRi/image_train/0410_c016_00026415_0.jpg,410,veri,15
VeRi/image_train/0410_c017_00023940_0.jpg,410,veri,16
VeRi/image_train/0410_c017_00023955_0.jpg,410,veri,16
VeRi/image_train/0410_c017_00023960_1.jpg,410,veri,16
VeRi/image_train/0410_c017_00023970_0.jpg,410,veri,16
VeRi/image_train/0410_c017_00024005_0.jpg,410,veri,16
VeRi/image_train/0410_c017_00024035_0.jpg,410,veri,16
VeRi/image_train/0410_c019_00024185_0.jpg,410,veri,18
VeRi/image_train/0410_c019_00024195_0.jpg,410,veri,18
VeRi/image_train/0410_c019_00024205_0.jpg,410,veri,18
VeRi/image_train/0410_c019_00024210_0.jpg,410,veri,18
VeRi/image_train/0410_c019_00024220_0.jpg,410,veri,18
VeRi/image_train/0410_c019_00024230_0.jpg,410,veri,18
VeRi/image_train/0411_c001_00016535_0.jpg,411,veri,0
VeRi/image_train/0411_c001_00016545_0.jpg,411,veri,0
VeRi/image_train/0411_c001_00016555_0.jpg,411,veri,0
VeRi/image_train/0411_c001_00016565_0.jpg,411,veri,0
VeRi/image_train/0411_c002_00016975_1.jpg,411,veri,1
VeRi/image_train/0411_c002_00016985_1.jpg,411,veri,1
VeRi/image_train/0411_c002_00016995_1.jpg,411,veri,1
VeRi/image_train/0411_c002_00017005_0.jpg,411,veri,1
VeRi/image_train/0411_c002_00017035_0.jpg,411,veri,1
VeRi/image_train/0411_c002_00017065_0.jpg,411,veri,1
VeRi/image_train/0411_c003_00020050_0.jpg,411,veri,2
VeRi/image_train/0411_c003_00020055_0.jpg,411,veri,2
VeRi/image_train/0411_c003_00020060_0.jpg,411,veri,2
VeRi/image_train/0411_c003_00020065_0.jpg,411,veri,2
VeRi/image_train/0411_c003_00020070_0.jpg,411,veri,2
VeRi/image_train/0411_c004_00019985_0.jpg,411,veri,3
VeRi/image_train/0411_c004_00020005_0.jpg,411,veri,3
VeRi/image_train/0411_c004_00020010_0.jpg,411,veri,3
VeRi/image_train/0411_c004_00020015_0.jpg,411,veri,3
VeRi/image_train/0411_c004_00020020_0.jpg,411,veri,3
VeRi/image_train/0411_c005_00020670_1.jpg,411,veri,4
VeRi/image_train/0411_c005_00020685_1.jpg,411,veri,4
VeRi/image_train/0411_c005_00020700_1.jpg,411,veri,4
VeRi/image_train/0411_c005_00020715_1.jpg,411,veri,4
VeRi/image_train/0411_c005_00020735_1.jpg,411,veri,4
VeRi/image_train/0411_c005_00020770_1.jpg,411,veri,4
VeRi/image_train/0411_c006_00019480_1.jpg,411,veri,5
VeRi/image_train/0411_c006_00019515_1.jpg,411,veri,5
VeRi/image_train/0411_c006_00019555_1.jpg,411,veri,5
VeRi/image_train/0411_c006_00019575_1.jpg,411,veri,5
VeRi/image_train/0411_c006_00019590_1.jpg,411,veri,5
VeRi/image_train/0411_c006_00019615_1.jpg,411,veri,5
VeRi/image_train/0411_c007_00020780_0.jpg,411,veri,6
VeRi/image_train/0411_c007_00020785_0.jpg,411,veri,6
VeRi/image_train/0411_c007_00020795_0.jpg,411,veri,6
VeRi/image_train/0411_c007_00020805_1.jpg,411,veri,6
VeRi/image_train/0411_c008_00020195_0.jpg,411,veri,7
VeRi/image_train/0411_c008_00020205_0.jpg,411,veri,7
VeRi/image_train/0411_c008_00020210_0.jpg,411,veri,7
VeRi/image_train/0411_c009_00020120_0.jpg,411,veri,8
VeRi/image_train/0411_c009_00020125_0.jpg,411,veri,8
VeRi/image_train/0411_c009_00020130_0.jpg,411,veri,8
VeRi/image_train/0411_c010_00019685_0.jpg,411,veri,9
VeRi/image_train/0411_c010_00019690_0.jpg,411,veri,9
VeRi/image_train/0411_c010_00019695_0.jpg,411,veri,9
VeRi/image_train/0411_c010_00019700_0.jpg,411,veri,9
VeRi/image_train/0411_c010_00019705_0.jpg,411,veri,9
VeRi/image_train/0411_c010_00019710_0.jpg,411,veri,9
VeRi/image_train/0411_c011_00019520_1.jpg,411,veri,10
VeRi/image_train/0411_c011_00019535_1.jpg,411,veri,10
VeRi/image_train/0411_c011_00019545_0.jpg,411,veri,10
VeRi/image_train/0411_c011_00019550_0.jpg,411,veri,10
VeRi/image_train/0411_c011_00019555_0.jpg,411,veri,10
VeRi/image_train/0411_c011_00019565_0.jpg,411,veri,10
VeRi/image_train/0411_c012_00015145_0.jpg,411,veri,11
VeRi/image_train/0411_c012_00015150_0.jpg,411,veri,11
VeRi/image_train/0411_c012_00015155_0.jpg,411,veri,11
VeRi/image_train/0411_c012_00015160_0.jpg,411,veri,11
VeRi/image_train/0411_c012_00015165_0.jpg,411,veri,11
VeRi/image_train/0411_c012_00015180_0.jpg,411,veri,11
VeRi/image_train/0411_c013_00015230_0.jpg,411,veri,12
VeRi/image_train/0411_c013_00015245_0.jpg,411,veri,12
VeRi/image_train/0411_c013_00015255_0.jpg,411,veri,12
VeRi/image_train/0411_c013_00015265_0.jpg,411,veri,12
VeRi/image_train/0411_c013_00015275_0.jpg,411,veri,12
VeRi/image_train/0411_c013_00015285_0.jpg,411,veri,12
VeRi/image_train/0411_c014_00013160_0.jpg,411,veri,13
VeRi/image_train/0411_c014_00013165_0.jpg,411,veri,13
VeRi/image_train/0411_c014_00013180_0.jpg,411,veri,13
VeRi/image_train/0411_c014_00013185_0.jpg,411,veri,13
VeRi/image_train/0411_c014_00013190_0.jpg,411,veri,13
VeRi/image_train/0411_c014_00013195_0.jpg,411,veri,13
VeRi/image_train/0411_c015_00013250_0.jpg,411,veri,14
VeRi/image_train/0411_c015_00013255_0.jpg,411,veri,14
VeRi/image_train/0411_c015_00013260_0.jpg,411,veri,14
VeRi/image_train/0411_c015_00013265_0.jpg,411,veri,14
VeRi/image_train/0411_c015_00013270_0.jpg,411,veri,14
VeRi/image_train/0411_c015_00013280_0.jpg,411,veri,14
VeRi/image_train/0411_c016_00012985_1.jpg,411,veri,15
VeRi/image_train/0411_c016_00012990_0.jpg,411,veri,15
VeRi/image_train/0411_c016_00012995_0.jpg,411,veri,15
VeRi/image_train/0411_c016_00013000_0.jpg,411,veri,15
VeRi/image_train/0411_c016_00013005_0.jpg,411,veri,15
VeRi/image_train/0411_c017_00014140_0.jpg,411,veri,16
VeRi/image_train/0411_c017_00014150_0.jpg,411,veri,16
VeRi/image_train/0411_c017_00014160_0.jpg,411,veri,16
VeRi/image_train/0411_c017_00014170_0.jpg,411,veri,16
VeRi/image_train/0411_c017_00014180_0.jpg,411,veri,16
VeRi/image_train/0411_c017_00014195_0.jpg,411,veri,16
VeRi/image_train/0411_c019_00013850_1.jpg,411,veri,18
VeRi/image_train/0411_c019_00013855_0.jpg,411,veri,18
VeRi/image_train/0411_c019_00013860_0.jpg,411,veri,18
VeRi/image_train/0411_c019_00013865_0.jpg,411,veri,18
VeRi/image_train/0411_c019_00013870_0.jpg,411,veri,18
VeRi/image_train/0411_c019_00013875_0.jpg,411,veri,18
VeRi/image_train/0415_c001_00033135_0.jpg,415,veri,0
VeRi/image_train/0415_c001_00033150_0.jpg,415,veri,0
VeRi/image_train/0415_c001_00033165_0.jpg,415,veri,0
VeRi/image_train/0415_c001_00033180_0.jpg,415,veri,0
VeRi/image_train/0415_c001_00033195_0.jpg,415,veri,0
VeRi/image_train/0415_c001_00033210_0.jpg,415,veri,0
VeRi/image_train/0415_c002_00033800_0.jpg,415,veri,1
VeRi/image_train/0415_c002_00033810_0.jpg,415,veri,1
VeRi/image_train/0415_c002_00033820_0.jpg,415,veri,1
VeRi/image_train/0415_c002_00033835_0.jpg,415,veri,1
VeRi/image_train/0415_c002_00033865_0.jpg,415,veri,1
VeRi/image_train/0415_c002_00033895_0.jpg,415,veri,1
VeRi/image_train/0415_c012_00031765_0.jpg,415,veri,11
VeRi/image_train/0415_c012_00031770_0.jpg,415,veri,11
VeRi/image_train/0415_c012_00031775_0.jpg,415,veri,11
VeRi/image_train/0415_c012_00031795_0.jpg,415,veri,11
VeRi/image_train/0415_c012_00031800_0.jpg,415,veri,11
VeRi/image_train/0415_c012_00031810_0.jpg,415,veri,11
VeRi/image_train/0415_c013_00031890_0.jpg,415,veri,12
VeRi/image_train/0415_c013_00031900_0.jpg,415,veri,12
VeRi/image_train/0415_c013_00031920_0.jpg,415,veri,12
VeRi/image_train/0415_c013_00031935_0.jpg,415,veri,12
VeRi/image_train/0415_c013_00031945_0.jpg,415,veri,12
VeRi/image_train/0415_c013_00031960_0.jpg,415,veri,12
VeRi/image_train/0415_c017_00030865_0.jpg,415,veri,16
VeRi/image_train/0415_c017_00030880_0.jpg,415,veri,16
VeRi/image_train/0415_c017_00030890_0.jpg,415,veri,16
VeRi/image_train/0415_c017_00030900_0.jpg,415,veri,16
VeRi/image_train/0415_c017_00030910_0.jpg,415,veri,16
VeRi/image_train/0415_c017_00030940_0.jpg,415,veri,16
VeRi/image_train/0415_c019_00030610_0.jpg,415,veri,18
VeRi/image_train/0415_c019_00030615_0.jpg,415,veri,18
VeRi/image_train/0415_c019_00030620_0.jpg,415,veri,18
VeRi/image_train/0415_c019_00030625_0.jpg,415,veri,18
VeRi/image_train/0415_c019_00030630_0.jpg,415,veri,18
VeRi/image_train/0415_c019_00030635_0.jpg,415,veri,18
VeRi/image_train/0424_c001_00074240_0.jpg,424,veri,0
VeRi/image_train/0424_c001_00074250_0.jpg,424,veri,0
VeRi/image_train/0424_c001_00074270_0.jpg,424,veri,0
VeRi/image_train/0424_c001_00074280_0.jpg,424,veri,0
VeRi/image_train/0424_c001_00074295_1.jpg,424,veri,0
VeRi/image_train/0424_c001_00074305_1.jpg,424,veri,0
VeRi/image_train/0424_c012_00072655_0.jpg,424,veri,11
VeRi/image_train/0424_c012_00072665_0.jpg,424,veri,11
VeRi/image_train/0424_c012_00072675_0.jpg,424,veri,11
VeRi/image_train/0424_c012_00072685_0.jpg,424,veri,11
VeRi/image_train/0424_c012_00072690_0.jpg,424,veri,11
VeRi/image_train/0424_c012_00072695_0.jpg,424,veri,11
VeRi/image_train/0424_c013_00072770_0.jpg,424,veri,12
VeRi/image_train/0424_c013_00072775_0.jpg,424,veri,12
VeRi/image_train/0424_c013_00072780_0.jpg,424,veri,12
VeRi/image_train/0424_c013_00072785_0.jpg,424,veri,12
VeRi/image_train/0424_c013_00072790_0.jpg,424,veri,12
VeRi/image_train/0424_c013_00072795_0.jpg,424,veri,12
VeRi/image_train/0424_c014_00070895_0.jpg,424,veri,13
VeRi/image_train/0424_c014_00070965_0.jpg,424,veri,13
VeRi/image_train/0424_c014_00070995_0.jpg,424,veri,13
VeRi/image_train/0424_c014_00071000_0.jpg,424,veri,13
VeRi/image_train/0424_c014_00071005_0.jpg,424,veri,13
VeRi/image_train/0424_c014_00071010_0.jpg,424,veri,13
VeRi/image_train/0424_c015_00070980_0.jpg,424,veri,14
VeRi/image_train/0424_c015_00070985_0.jpg,424,veri,14
VeRi/image_train/0424_c015_00070990_0.jpg,424,veri,14
VeRi/image_train/0424_c015_00070995_0.jpg,424,veri,14
VeRi/image_train/0424_c015_00071000_0.jpg,424,veri,14
VeRi/image_train/0424_c015_00071005_0.jpg,424,veri,14
VeRi/image_train/0424_c016_00070705_1.jpg,424,veri,15
VeRi/image_train/0424_c016_00070710_1.jpg,424,veri,15
VeRi/image_train/0424_c016_00070715_1.jpg,424,veri,15
VeRi/image_train/0424_c016_00070720_1.jpg,424,veri,15
VeRi/image_train/0424_c016_00070730_0.jpg,424,veri,15
VeRi/image_train/0424_c016_00070735_0.jpg,424,veri,15
VeRi/image_train/0424_c017_00072060_0.jpg,424,veri,16
VeRi/image_train/0424_c017_00072070_0.jpg,424,veri,16
VeRi/image_train/0424_c017_00072085_0.jpg,424,veri,16
VeRi/image_train/0424_c017_00072100_0.jpg,424,veri,16
VeRi/image_train/0424_c017_00072110_0.jpg,424,veri,16
VeRi/image_train/0424_c017_00072120_0.jpg,424,veri,16
VeRi/image_train/0424_c019_00071790_0.jpg,424,veri,18
VeRi/image_train/0424_c019_00071795_0.jpg,424,veri,18
VeRi/image_train/0424_c019_00071800_0.jpg,424,veri,18
VeRi/image_train/0424_c019_00071805_0.jpg,424,veri,18
VeRi/image_train/0424_c019_00071810_0.jpg,424,veri,18
VeRi/image_train/0424_c019_00071815_0.jpg,424,veri,18
VeRi/image_train/0429_c001_00024705_0.jpg,429,veri,0
VeRi/image_train/0429_c001_00024710_0.jpg,429,veri,0
VeRi/image_train/0429_c001_00024715_0.jpg,429,veri,0
VeRi/image_train/0429_c001_00024720_0.jpg,429,veri,0
VeRi/image_train/0429_c001_00024725_0.jpg,429,veri,0
VeRi/image_train/0429_c001_00024735_0.jpg,429,veri,0
VeRi/image_train/0429_c012_00025165_0.jpg,429,veri,11
VeRi/image_train/0429_c012_00025170_0.jpg,429,veri,11
VeRi/image_train/0429_c012_00025180_0.jpg,429,veri,11
VeRi/image_train/0429_c012_00025185_0.jpg,429,veri,11
VeRi/image_train/0429_c012_00025195_0.jpg,429,veri,11
VeRi/image_train/0429_c012_00025205_0.jpg,429,veri,11
VeRi/image_train/0429_c013_00025020_0.jpg,429,veri,12
VeRi/image_train/0429_c013_00025030_0.jpg,429,veri,12
VeRi/image_train/0429_c013_00025040_0.jpg,429,veri,12
VeRi/image_train/0429_c013_00025050_0.jpg,429,veri,12
VeRi/image_train/0429_c014_00026695_0.jpg,429,veri,13
VeRi/image_train/0429_c014_00026700_0.jpg,429,veri,13
VeRi/image_train/0429_c014_00026715_0.jpg,429,veri,13
VeRi/image_train/0429_c014_00026720_0.jpg,429,veri,13
VeRi/image_train/0429_c014_00026730_0.jpg,429,veri,13
VeRi/image_train/0429_c014_00026735_0.jpg,429,veri,13
VeRi/image_train/0429_c015_00026530_0.jpg,429,veri,14
VeRi/image_train/0429_c015_00026535_0.jpg,429,veri,14
VeRi/image_train/0429_c015_00026540_0.jpg,429,veri,14
VeRi/image_train/0429_c015_00026545_0.jpg,429,veri,14
VeRi/image_train/0429_c015_00026550_0.jpg,429,veri,14
VeRi/image_train/0429_c015_00026565_0.jpg,429,veri,14
VeRi/image_train/0429_c016_00026950_0.jpg,429,veri,15
VeRi/image_train/0429_c016_00026955_0.jpg,429,veri,15
VeRi/image_train/0429_c016_00026965_0.jpg,429,veri,15
VeRi/image_train/0429_c016_00026975_0.jpg,429,veri,15
VeRi/image_train/0429_c016_00026980_0.jpg,429,veri,15
VeRi/image_train/0429_c017_00025720_2.jpg,429,veri,16
VeRi/image_train/0429_c017_00025730_2.jpg,429,veri,16
VeRi/image_train/0429_c017_00025740_1.jpg,429,veri,16
VeRi/image_train/0429_c017_00025750_0.jpg,429,veri,16
VeRi/image_train/0429_c017_00025760_0.jpg,429,veri,16
VeRi/image_train/0429_c017_00025770_1.jpg,429,veri,16
VeRi/image_train/0429_c019_00025915_0.jpg,429,veri,18
VeRi/image_train/0429_c019_00025925_0.jpg,429,veri,18
VeRi/image_train/0429_c019_00025935_0.jpg,429,veri,18
VeRi/image_train/0429_c019_00025940_0.jpg,429,veri,18
VeRi/image_train/0429_c019_00025950_0.jpg,429,veri,18
VeRi/image_train/0429_c019_00025955_0.jpg,429,veri,18
VeRi/image_train/0434_c014_00001115_0.jpg,434,veri,13
VeRi/image_train/0434_c014_00001120_1.jpg,434,veri,13
VeRi/image_train/0434_c014_00001125_1.jpg,434,veri,13
VeRi/image_train/0434_c014_00001130_1.jpg,434,veri,13
VeRi/image_train/0434_c014_00001135_1.jpg,434,veri,13
VeRi/image_train/0434_c014_00001140_1.jpg,434,veri,13
VeRi/image_train/0434_c014_00011195_0.jpg,434,veri,13
VeRi/image_train/0434_c014_00011200_0.jpg,434,veri,13
VeRi/image_train/0434_c014_00011205_0.jpg,434,veri,13
VeRi/image_train/0434_c014_00011210_0.jpg,434,veri,13
VeRi/image_train/0434_c014_00011215_0.jpg,434,veri,13
VeRi/image_train/0434_c014_00011220_0.jpg,434,veri,13
VeRi/image_train/0434_c014_00057065_0.jpg,434,veri,13
VeRi/image_train/0434_c014_00057070_0.jpg,434,veri,13
VeRi/image_train/0434_c014_00057075_0.jpg,434,veri,13
VeRi/image_train/0434_c014_00057080_0.jpg,434,veri,13
VeRi/image_train/0434_c014_00057085_0.jpg,434,veri,13
VeRi/image_train/0434_c014_00057090_0.jpg,434,veri,13
VeRi/image_train/0434_c014_00087415_0.jpg,434,veri,13
VeRi/image_train/0434_c014_00087425_0.jpg,434,veri,13
VeRi/image_train/0434_c014_00087430_0.jpg,434,veri,13
VeRi/image_train/0434_c014_00087435_0.jpg,434,veri,13
VeRi/image_train/0434_c014_00087440_0.jpg,434,veri,13
VeRi/image_train/0434_c014_00087445_0.jpg,434,veri,13
VeRi/image_train/0434_c015_00001000_0.jpg,434,veri,14
VeRi/image_train/0434_c015_00001020_0.jpg,434,veri,14
VeRi/image_train/0434_c015_00001025_0.jpg,434,veri,14
VeRi/image_train/0434_c015_00001045_0.jpg,434,veri,14
VeRi/image_train/0434_c015_00001050_0.jpg,434,veri,14
VeRi/image_train/0434_c015_00001055_0.jpg,434,veri,14
VeRi/image_train/0434_c015_00011295_0.jpg,434,veri,14
VeRi/image_train/0434_c015_00011300_0.jpg,434,veri,14
VeRi/image_train/0434_c015_00011305_0.jpg,434,veri,14
VeRi/image_train/0434_c015_00011310_0.jpg,434,veri,14
VeRi/image_train/0434_c015_00011315_0.jpg,434,veri,14
VeRi/image_train/0434_c015_00011320_0.jpg,434,veri,14
VeRi/image_train/0434_c015_00056830_0.jpg,434,veri,14
VeRi/image_train/0434_c015_00056835_0.jpg,434,veri,14
VeRi/image_train/0434_c015_00056855_0.jpg,434,veri,14
VeRi/image_train/0434_c015_00056860_0.jpg,434,veri,14
VeRi/image_train/0434_c015_00056865_0.jpg,434,veri,14
VeRi/image_train/0434_c015_00056875_0.jpg,434,veri,14
VeRi/image_train/0434_c015_00087555_1.jpg,434,veri,14
VeRi/image_train/0434_c015_00087560_1.jpg,434,veri,14
VeRi/image_train/0434_c015_00087565_1.jpg,434,veri,14
VeRi/image_train/0434_c015_00087570_1.jpg,434,veri,14
VeRi/image_train/0434_c015_00087575_1.jpg,434,veri,14
VeRi/image_train/0434_c015_00087585_1.jpg,434,veri,14
VeRi/image_train/0434_c016_00001395_0.jpg,434,veri,15
VeRi/image_train/0434_c016_00001400_0.jpg,434,veri,15
VeRi/image_train/0434_c016_00001405_0.jpg,434,veri,15
VeRi/image_train/0434_c016_00001410_0.jpg,434,veri,15
VeRi/image_train/0434_c016_00001415_0.jpg,434,veri,15
VeRi/image_train/0434_c016_00001420_0.jpg,434,veri,15
VeRi/image_train/0434_c016_00010985_0.jpg,434,veri,15
VeRi/image_train/0434_c016_00010990_0.jpg,434,veri,15
VeRi/image_train/0434_c016_00010995_0.jpg,434,veri,15
VeRi/image_train/0434_c016_00011000_0.jpg,434,veri,15
VeRi/image_train/0434_c016_00011005_0.jpg,434,veri,15
VeRi/image_train/0434_c016_00011010_0.jpg,434,veri,15
VeRi/image_train/0434_c016_00057190_0.jpg,434,veri,15
VeRi/image_train/0434_c016_00057355_0.jpg,434,veri,15
VeRi/image_train/0434_c016_00057360_0.jpg,434,veri,15
VeRi/image_train/0434_c016_00057410_0.jpg,434,veri,15
VeRi/image_train/0434_c016_00057415_0.jpg,434,veri,15
VeRi/image_train/0434_c016_00057455_0.jpg,434,veri,15
VeRi/image_train/0434_c016_00087125_0.jpg,434,veri,15
VeRi/image_train/0434_c016_00087130_0.jpg,434,veri,15
VeRi/image_train/0434_c016_00087135_0.jpg,434,veri,15
VeRi/image_train/0434_c016_00087140_0.jpg,434,veri,15
VeRi/image_train/0434_c016_00087145_0.jpg,434,veri,15
VeRi/image_train/0434_c016_00087150_0.jpg,434,veri,15
VeRi/image_train/0434_c017_00000000_0.jpg,434,veri,16
VeRi/image_train/0434_c017_00000005_0.jpg,434,veri,16
VeRi/image_train/0434_c017_00000010_0.jpg,434,veri,16
VeRi/image_train/0434_c017_00000015_0.jpg,434,veri,16
VeRi/image_train/0434_c017_00000020_0.jpg,434,veri,16
VeRi/image_train/0434_c017_00000045_0.jpg,434,veri,16
VeRi/image_train/0434_c017_00055725_0.jpg,434,veri,16
VeRi/image_train/0434_c017_00055735_0.jpg,434,veri,16
VeRi/image_train/0434_c017_00055745_1.jpg,434,veri,16
VeRi/image_train/0434_c017_00055765_1.jpg,434,veri,16
VeRi/image_train/0434_c017_00055775_0.jpg,434,veri,16
VeRi/image_train/0434_c017_00055795_0.jpg,434,veri,16
VeRi/image_train/0434_c017_00056000_0.jpg,434,veri,16
VeRi/image_train/0434_c017_00056010_0.jpg,434,veri,16
VeRi/image_train/0434_c017_00056020_0.jpg,434,veri,16
VeRi/image_train/0434_c017_00056030_0.jpg,434,veri,16
VeRi/image_train/0434_c017_00056055_1.jpg,434,veri,16
VeRi/image_train/0434_c017_00056065_0.jpg,434,veri,16
VeRi/image_train/0434_c019_00000255_0.jpg,434,veri,18
VeRi/image_train/0434_c019_00000285_0.jpg,434,veri,18
VeRi/image_train/0434_c019_00000320_0.jpg,434,veri,18
VeRi/image_train/0434_c019_00000335_0.jpg,434,veri,18
VeRi/image_train/0434_c019_00000345_0.jpg,434,veri,18
VeRi/image_train/0434_c019_00000355_0.jpg,434,veri,18
VeRi/image_train/0434_c019_00055440_0.jpg,434,veri,18
VeRi/image_train/0434_c019_00055445_0.jpg,434,veri,18
VeRi/image_train/0434_c019_00055450_0.jpg,434,veri,18
VeRi/image_train/0434_c019_00055455_0.jpg,434,veri,18
VeRi/image_train/0434_c019_00055460_0.jpg,434,veri,18
VeRi/image_train/0434_c019_00055465_0.jpg,434,veri,18
VeRi/image_train/0434_c019_00056290_0.jpg,434,veri,18
VeRi/image_train/0434_c019_00056295_0.jpg,434,veri,18
VeRi/image_train/0434_c019_00056305_0.jpg,434,veri,18
VeRi/image_train/0434_c019_00056315_0.jpg,434,veri,18
VeRi/image_train/0434_c019_00056320_0.jpg,434,veri,18
VeRi/image_train/0434_c019_00056325_0.jpg,434,veri,18
VeRi/image_train/0438_c001_00036930_0.jpg,438,veri,0
VeRi/image_train/0438_c001_00036940_0.jpg,438,veri,0
VeRi/image_train/0438_c001_00036950_0.jpg,438,veri,0
VeRi/image_train/0438_c001_00036960_0.jpg,438,veri,0
VeRi/image_train/0438_c001_00036970_0.jpg,438,veri,0
VeRi/image_train/0438_c001_00036980_0.jpg,438,veri,0
VeRi/image_train/0438_c012_00037430_0.jpg,438,veri,11
VeRi/image_train/0438_c012_00037435_0.jpg,438,veri,11
VeRi/image_train/0438_c012_00037450_0.jpg,438,veri,11
VeRi/image_train/0438_c012_00037455_0.jpg,438,veri,11
VeRi/image_train/0438_c012_00037460_0.jpg,438,veri,11
VeRi/image_train/0438_c012_00037465_0.jpg,438,veri,11
VeRi/image_train/0438_c013_00037255_0.jpg,438,veri,12
VeRi/image_train/0438_c013_00037265_0.jpg,438,veri,12
VeRi/image_train/0438_c013_00037275_0.jpg,438,veri,12
VeRi/image_train/0438_c013_00037285_0.jpg,438,veri,12
VeRi/image_train/0438_c013_00037300_0.jpg,438,veri,12
VeRi/image_train/0438_c013_00037310_0.jpg,438,veri,12
VeRi/image_train/0438_c014_00039280_0.jpg,438,veri,13
VeRi/image_train/0438_c014_00039285_0.jpg,438,veri,13
VeRi/image_train/0438_c014_00039290_0.jpg,438,veri,13
VeRi/image_train/0438_c014_00039295_0.jpg,438,veri,13
VeRi/image_train/0438_c014_00039300_0.jpg,438,veri,13
VeRi/image_train/0438_c014_00039305_0.jpg,438,veri,13
VeRi/image_train/0438_c015_00038995_0.jpg,438,veri,14
VeRi/image_train/0438_c015_00039025_0.jpg,438,veri,14
VeRi/image_train/0438_c015_00039030_0.jpg,438,veri,14
VeRi/image_train/0438_c015_00039035_0.jpg,438,veri,14
VeRi/image_train/0438_c015_00039055_0.jpg,438,veri,14
VeRi/image_train/0438_c015_00039070_0.jpg,438,veri,14
VeRi/image_train/0438_c016_00039830_0.jpg,438,veri,15
VeRi/image_train/0438_c016_00039840_0.jpg,438,veri,15
VeRi/image_train/0438_c016_00039870_0.jpg,438,veri,15
VeRi/image_train/0438_c016_00039880_0.jpg,438,veri,15
VeRi/image_train/0438_c016_00039890_0.jpg,438,veri,15
VeRi/image_train/0438_c016_00039900_0.jpg,438,veri,15
VeRi/image_train/0438_c017_00038085_0.jpg,438,veri,16
VeRi/image_train/0438_c017_00038090_0.jpg,438,veri,16
VeRi/image_train/0438_c017_00038095_1.jpg,438,veri,16
VeRi/image_train/0438_c017_00038100_0.jpg,438,veri,16
VeRi/image_train/0438_c017_00038105_1.jpg,438,veri,16
VeRi/image_train/0438_c017_00038110_1.jpg,438,veri,16
VeRi/image_train/0438_c019_00037990_0.jpg,438,veri,18
VeRi/image_train/0438_c019_00038000_0.jpg,438,veri,18
VeRi/image_train/0438_c019_00038010_0.jpg,438,veri,18
VeRi/image_train/0438_c019_00038300_0.jpg,438,veri,18
VeRi/image_train/0438_c019_00038345_0.jpg,438,veri,18
VeRi/image_train/0438_c019_00038350_0.jpg,438,veri,18
VeRi/image_train/0438_c019_00038360_0.jpg,438,veri,18
VeRi/image_train/0438_c019_00038365_0.jpg,438,veri,18
VeRi/image_train/0438_c019_00038370_0.jpg,438,veri,18
VeRi/image_train/0439_c014_00045880_0.jpg,439,veri,13
VeRi/image_train/0439_c014_00045885_0.jpg,439,veri,13
VeRi/image_train/0439_c014_00045890_0.jpg,439,veri,13
VeRi/image_train/0439_c014_00045895_0.jpg,439,veri,13
VeRi/image_train/0439_c014_00045900_0.jpg,439,veri,13
VeRi/image_train/0439_c014_00045905_0.jpg,439,veri,13
VeRi/image_train/0439_c014_00055245_0.jpg,439,veri,13
VeRi/image_train/0439_c014_00055250_0.jpg,439,veri,13
VeRi/image_train/0439_c014_00055255_0.jpg,439,veri,13
VeRi/image_train/0439_c014_00055260_0.jpg,439,veri,13
VeRi/image_train/0439_c014_00055265_0.jpg,439,veri,13
VeRi/image_train/0439_c014_00055275_0.jpg,439,veri,13
VeRi/image_train/0439_c015_00045955_0.jpg,439,veri,14
VeRi/image_train/0439_c015_00045960_0.jpg,439,veri,14
VeRi/image_train/0439_c015_00045965_0.jpg,439,veri,14
VeRi/image_train/0439_c015_00045970_0.jpg,439,veri,14
VeRi/image_train/0439_c015_00045975_0.jpg,439,veri,14
VeRi/image_train/0439_c015_00045980_0.jpg,439,veri,14
VeRi/image_train/0439_c015_00054995_0.jpg,439,veri,14
VeRi/image_train/0439_c015_00055000_0.jpg,439,veri,14
VeRi/image_train/0439_c015_00055005_0.jpg,439,veri,14
VeRi/image_train/0439_c015_00055010_0.jpg,439,veri,14
VeRi/image_train/0439_c015_00055060_0.jpg,439,veri,14
VeRi/image_train/0439_c015_00055070_0.jpg,439,veri,14
VeRi/image_train/0439_c016_00045575_0.jpg,439,veri,15
VeRi/image_train/0439_c016_00045580_0.jpg,439,veri,15
VeRi/image_train/0439_c016_00045585_0.jpg,439,veri,15
VeRi/image_train/0439_c016_00045590_0.jpg,439,veri,15
VeRi/image_train/0439_c016_00045595_0.jpg,439,veri,15
VeRi/image_train/0439_c016_00045605_0.jpg,439,veri,15
VeRi/image_train/0439_c016_00055450_1.jpg,439,veri,15
VeRi/image_train/0439_c016_00055455_1.jpg,439,veri,15
VeRi/image_train/0439_c016_00055460_1.jpg,439,veri,15
VeRi/image_train/0439_c016_00055465_1.jpg,439,veri,15
VeRi/image_train/0439_c016_00055470_1.jpg,439,veri,15
VeRi/image_train/0439_c017_00047005_0.jpg,439,veri,16
VeRi/image_train/0439_c017_00047010_0.jpg,439,veri,16
VeRi/image_train/0439_c017_00047020_0.jpg,439,veri,16
VeRi/image_train/0439_c017_00047040_0.jpg,439,veri,16
VeRi/image_train/0439_c017_00047045_0.jpg,439,veri,16
VeRi/image_train/0439_c017_00047055_0.jpg,439,veri,16
VeRi/image_train/0439_c017_00054055_0.jpg,439,veri,16
VeRi/image_train/0439_c017_00054060_0.jpg,439,veri,16
VeRi/image_train/0439_c017_00054070_0.jpg,439,veri,16
VeRi/image_train/0439_c017_00054085_0.jpg,439,veri,16
VeRi/image_train/0439_c017_00054100_0.jpg,439,veri,16
VeRi/image_train/0439_c017_00054125_0.jpg,439,veri,16
VeRi/image_train/0439_c019_00046690_0.jpg,439,veri,18
VeRi/image_train/0439_c019_00046695_0.jpg,439,veri,18
VeRi/image_train/0439_c019_00046700_0.jpg,439,veri,18
VeRi/image_train/0439_c019_00046705_0.jpg,439,veri,18
VeRi/image_train/0439_c019_00046710_0.jpg,439,veri,18
VeRi/image_train/0439_c019_00046725_0.jpg,439,veri,18
VeRi/image_train/0439_c019_00054355_0.jpg,439,veri,18
VeRi/image_train/0439_c019_00054360_0.jpg,439,veri,18
VeRi/image_train/0439_c019_00054370_0.jpg,439,veri,18
VeRi/image_train/0439_c019_00054380_0.jpg,439,veri,18
VeRi/image_train/0439_c019_00054390_0.jpg,439,veri,18
VeRi/image_train/0439_c019_00054395_0.jpg,439,veri,18
VeRi/image_train/0444_c001_00034435_0.jpg,444,veri,0
VeRi/image_train/0444_c001_00034445_0.jpg,444,veri,0
VeRi/image_train/0444_c001_00034455_0.jpg,444,veri,0
VeRi/image_train/0444_c001_00034465_0.jpg,444,veri,0
VeRi/image_train/0444_c001_00034480_0.jpg,444,veri,0
VeRi/image_train/0444_c001_00034495_0.jpg,444,veri,0
VeRi/image_train/0444_c002_00009210_0.jpg,444,veri,1
VeRi/image_train/0444_c002_00009220_0.jpg,444,veri,1
VeRi/image_train/0444_c002_00009230_0.jpg,444,veri,1
VeRi/image_train/0444_c002_00009240_0.jpg,444,veri,1
VeRi/image_train/0444_c002_00009255_0.jpg,444,veri,1
VeRi/image_train/0444_c002_00009280_0.jpg,444,veri,1
VeRi/image_train/0444_c002_00031925_0.jpg,444,veri,1
VeRi/image_train/0444_c002_00031940_0.jpg,444,veri,1
VeRi/image_train/0444_c002_00031950_0.jpg,444,veri,1
VeRi/image_train/0444_c002_00032040_0.jpg,444,veri,1
VeRi/image_train/0444_c003_00011285_1.jpg,444,veri,2
VeRi/image_train/0444_c003_00011290_1.jpg,444,veri,2
VeRi/image_train/0444_c003_00011295_0.jpg,444,veri,2
VeRi/image_train/0444_c003_00011300_0.jpg,444,veri,2
VeRi/image_train/0444_c003_00011305_0.jpg,444,veri,2
VeRi/image_train/0444_c003_00011310_0.jpg,444,veri,2
VeRi/image_train/0444_c003_00030380_0.jpg,444,veri,2
VeRi/image_train/0444_c003_00030410_1.jpg,444,veri,2
VeRi/image_train/0444_c003_00030445_0.jpg,444,veri,2
VeRi/image_train/0444_c003_00030455_0.jpg,444,veri,2
VeRi/image_train/0444_c003_00030465_0.jpg,444,veri,2
VeRi/image_train/0444_c003_00030470_0.jpg,444,veri,2
VeRi/image_train/0444_c004_00011235_0.jpg,444,veri,3
VeRi/image_train/0444_c004_00011245_0.jpg,444,veri,3
VeRi/image_train/0444_c004_00011250_0.jpg,444,veri,3
VeRi/image_train/0444_c004_00011260_0.jpg,444,veri,3
VeRi/image_train/0444_c004_00011270_0.jpg,444,veri,3
VeRi/image_train/0444_c004_00030315_1.jpg,444,veri,3
VeRi/image_train/0444_c004_00030330_0.jpg,444,veri,3
VeRi/image_train/0444_c004_00030345_0.jpg,444,veri,3
VeRi/image_train/0444_c004_00030370_0.jpg,444,veri,3
VeRi/image_train/0444_c004_00030385_0.jpg,444,veri,3
VeRi/image_train/0444_c004_00030415_0.jpg,444,veri,3
VeRi/image_train/0444_c005_00011950_1.jpg,444,veri,4
VeRi/image_train/0444_c005_00011965_1.jpg,444,veri,4
VeRi/image_train/0444_c005_00011985_1.jpg,444,veri,4
VeRi/image_train/0444_c005_00012010_0.jpg,444,veri,4
VeRi/image_train/0444_c005_00012040_0.jpg,444,veri,4
VeRi/image_train/0444_c005_00012080_0.jpg,444,veri,4
VeRi/image_train/0444_c006_00010455_2.jpg,444,veri,5
VeRi/image_train/0444_c006_00010470_1.jpg,444,veri,5
VeRi/image_train/0444_c006_00010485_1.jpg,444,veri,5
VeRi/image_train/0444_c006_00010495_1.jpg,444,veri,5
VeRi/image_train/0444_c006_00010510_0.jpg,444,veri,5
VeRi/image_train/0444_c006_00010525_0.jpg,444,veri,5
VeRi/image_train/0444_c006_00031260_1.jpg,444,veri,5
VeRi/image_train/0444_c006_00031285_0.jpg,444,veri,5
VeRi/image_train/0444_c006_00031305_0.jpg,444,veri,5
VeRi/image_train/0444_c006_00031325_0.jpg,444,veri,5
VeRi/image_train/0444_c006_00031350_0.jpg,444,veri,5
VeRi/image_train/0444_c006_00031375_0.jpg,444,veri,5
VeRi/image_train/0444_c007_00012000_0.jpg,444,veri,6
VeRi/image_train/0444_c008_00011480_0.jpg,444,veri,7
VeRi/image_train/0444_c008_00011485_0.jpg,444,veri,7
VeRi/image_train/0444_c008_00011490_0.jpg,444,veri,7
VeRi/image_train/0444_c009_00011395_0.jpg,444,veri,8
VeRi/image_train/0444_c009_00011400_0.jpg,444,veri,8
VeRi/image_train/0444_c009_00011405_0.jpg,444,veri,8
VeRi/image_train/0444_c009_00011410_0.jpg,444,veri,8
VeRi/image_train/0444_c010_00010615_0.jpg,444,veri,9
VeRi/image_train/0444_c010_00010620_0.jpg,444,veri,9
VeRi/image_train/0444_c010_00010625_0.jpg,444,veri,9
VeRi/image_train/0444_c010_00010630_0.jpg,444,veri,9
VeRi/image_train/0444_c010_00010635_0.jpg,444,veri,9
VeRi/image_train/0444_c010_00010640_0.jpg,444,veri,9
VeRi/image_train/0444_c010_00031045_0.jpg,444,veri,9
VeRi/image_train/0444_c010_00031050_0.jpg,444,veri,9
VeRi/image_train/0444_c010_00031055_0.jpg,444,veri,9
VeRi/image_train/0444_c010_00031060_0.jpg,444,veri,9
VeRi/image_train/0444_c010_00031065_0.jpg,444,veri,9
VeRi/image_train/0444_c010_00031070_0.jpg,444,veri,9
VeRi/image_train/0444_c011_00010405_1.jpg,444,veri,10
VeRi/image_train/0444_c011_00010415_0.jpg,444,veri,10
VeRi/image_train/0444_c011_00010425_0.jpg,444,veri,10
VeRi/image_train/0444_c011_00010435_0.jpg,444,veri,10
VeRi/image_train/0444_c011_00010445_0.jpg,444,veri,10
VeRi/image_train/0444_c011_00010450_0.jpg,444,veri,10
VeRi/image_train/0444_c011_00031210_1.jpg,444,veri,10
VeRi/image_train/0444_c011_00031220_1.jpg,444,veri,10
VeRi/image_train/0444_c011_00031230_0.jpg,444,veri,10
VeRi/image_train/0444_c011_00031245_0.jpg,444,veri,10
VeRi/image_train/0444_c011_00031255_0.jpg,444,veri,10
VeRi/image_train/0444_c011_00031265_0.jpg,444,veri,10
VeRi/image_train/0444_c012_00034810_0.jpg,444,veri,11
VeRi/image_train/0444_c012_00034815_0.jpg,444,veri,11
VeRi/image_train/0444_c012_00034820_0.jpg,444,veri,11
VeRi/image_train/0444_c012_00034825_0.jpg,444,veri,11
VeRi/image_train/0444_c012_00034830_0.jpg,444,veri,11
VeRi/image_train/0444_c012_00034835_0.jpg,444,veri,11
VeRi/image_train/0444_c013_00034695_0.jpg,444,veri,12
VeRi/image_train/0444_c013_00034705_0.jpg,444,veri,12
VeRi/image_train/0444_c013_00034710_0.jpg,444,veri,12
VeRi/image_train/0444_c013_00034715_0.jpg,444,veri,12
VeRi/image_train/0444_c014_00036490_0.jpg,444,veri,13
VeRi/image_train/0444_c014_00036495_0.jpg,444,veri,13
VeRi/image_train/0444_c014_00036500_0.jpg,444,veri,13
VeRi/image_train/0444_c014_00036505_0.jpg,444,veri,13
VeRi/image_train/0444_c014_00036510_0.jpg,444,veri,13
VeRi/image_train/0444_c015_00036260_0.jpg,444,veri,14
VeRi/image_train/0444_c015_00036285_0.jpg,444,veri,14
VeRi/image_train/0444_c015_00036290_0.jpg,444,veri,14
VeRi/image_train/0444_c015_00036310_0.jpg,444,veri,14
VeRi/image_train/0444_c015_00036315_0.jpg,444,veri,14
VeRi/image_train/0444_c015_00036325_0.jpg,444,veri,14
VeRi/image_train/0444_c016_00037185_0.jpg,444,veri,15
VeRi/image_train/0444_c016_00037190_0.jpg,444,veri,15
VeRi/image_train/0444_c016_00037220_0.jpg,444,veri,15
VeRi/image_train/0444_c016_00037235_1.jpg,444,veri,15
VeRi/image_train/0444_c016_00037245_0.jpg,444,veri,15
VeRi/image_train/0444_c016_00037255_0.jpg,444,veri,15
VeRi/image_train/0444_c017_00035470_1.jpg,444,veri,16
VeRi/image_train/0444_c017_00035480_1.jpg,444,veri,16
VeRi/image_train/0444_c017_00035490_1.jpg,444,veri,16
VeRi/image_train/0444_c017_00035500_1.jpg,444,veri,16
VeRi/image_train/0444_c017_00035510_0.jpg,444,veri,16
VeRi/image_train/0444_c017_00035520_1.jpg,444,veri,16
VeRi/image_train/0444_c019_00035700_0.jpg,444,veri,18
VeRi/image_train/0444_c019_00035705_0.jpg,444,veri,18
VeRi/image_train/0448_c002_00079220_1.jpg,448,veri,1
VeRi/image_train/0448_c002_00079230_1.jpg,448,veri,1
VeRi/image_train/0448_c002_00079250_0.jpg,448,veri,1
VeRi/image_train/0448_c002_00079260_0.jpg,448,veri,1
VeRi/image_train/0448_c002_00079280_0.jpg,448,veri,1
VeRi/image_train/0448_c002_00079290_0.jpg,448,veri,1
VeRi/image_train/0448_c003_00077875_0.jpg,448,veri,2
VeRi/image_train/0448_c003_00077880_0.jpg,448,veri,2
VeRi/image_train/0448_c003_00077885_0.jpg,448,veri,2
VeRi/image_train/0448_c003_00077890_0.jpg,448,veri,2
VeRi/image_train/0448_c003_00077895_0.jpg,448,veri,2
VeRi/image_train/0448_c003_00077900_0.jpg,448,veri,2
VeRi/image_train/0448_c004_00077775_0.jpg,448,veri,3
VeRi/image_train/0448_c004_00077780_0.jpg,448,veri,3
VeRi/image_train/0448_c004_00077785_0.jpg,448,veri,3
VeRi/image_train/0448_c004_00077790_0.jpg,448,veri,3
VeRi/image_train/0448_c004_00077795_0.jpg,448,veri,3
VeRi/image_train/0448_c004_00077800_0.jpg,448,veri,3
VeRi/image_train/0448_c005_00037195_0.jpg,448,veri,4
VeRi/image_train/0448_c005_00037210_0.jpg,448,veri,4
VeRi/image_train/0448_c005_00037230_0.jpg,448,veri,4
VeRi/image_train/0448_c005_00037250_0.jpg,448,veri,4
VeRi/image_train/0448_c005_00037275_0.jpg,448,veri,4
VeRi/image_train/0448_c005_00037295_0.jpg,448,veri,4
VeRi/image_train/0448_c005_00045720_1.jpg,448,veri,4
VeRi/image_train/0448_c005_00045740_1.jpg,448,veri,4
VeRi/image_train/0448_c005_00045770_1.jpg,448,veri,4
VeRi/image_train/0448_c005_00045815_0.jpg,448,veri,4
VeRi/image_train/0448_c005_00045860_0.jpg,448,veri,4
VeRi/image_train/0448_c006_00078325_0.jpg,448,veri,5
VeRi/image_train/0448_c006_00078345_0.jpg,448,veri,5
VeRi/image_train/0448_c006_00078360_0.jpg,448,veri,5
VeRi/image_train/0448_c006_00078375_0.jpg,448,veri,5
VeRi/image_train/0448_c006_00078390_0.jpg,448,veri,5
VeRi/image_train/0448_c006_00078410_0.jpg,448,veri,5
VeRi/image_train/0448_c007_00037345_0.jpg,448,veri,6
VeRi/image_train/0448_c007_00037355_0.jpg,448,veri,6
VeRi/image_train/0448_c007_00037365_0.jpg,448,veri,6
VeRi/image_train/0448_c007_00037370_0.jpg,448,veri,6
VeRi/image_train/0448_c007_00037380_0.jpg,448,veri,6
VeRi/image_train/0448_c008_00077625_1.jpg,448,veri,7
VeRi/image_train/0448_c008_00077630_1.jpg,448,veri,7
VeRi/image_train/0448_c008_00077635_0.jpg,448,veri,7
VeRi/image_train/0448_c008_00077640_0.jpg,448,veri,7
VeRi/image_train/0448_c008_00077645_0.jpg,448,veri,7
VeRi/image_train/0448_c008_00077650_0.jpg,448,veri,7
VeRi/image_train/0448_c009_00077710_0.jpg,448,veri,8
VeRi/image_train/0448_c009_00077720_0.jpg,448,veri,8
VeRi/image_train/0448_c009_00077725_0.jpg,448,veri,8
VeRi/image_train/0448_c009_00077730_0.jpg,448,veri,8
VeRi/image_train/0448_c009_00077735_0.jpg,448,veri,8
VeRi/image_train/0448_c009_00077740_0.jpg,448,veri,8
VeRi/image_train/0448_c010_00078300_0.jpg,448,veri,9
VeRi/image_train/0448_c010_00078310_0.jpg,448,veri,9
VeRi/image_train/0448_c010_00078315_0.jpg,448,veri,9
VeRi/image_train/0448_c010_00078325_0.jpg,448,veri,9
VeRi/image_train/0448_c010_00078330_0.jpg,448,veri,9
VeRi/image_train/0448_c010_00078335_0.jpg,448,veri,9
VeRi/image_train/0448_c011_00078350_0.jpg,448,veri,10
VeRi/image_train/0448_c011_00078355_0.jpg,448,veri,10
VeRi/image_train/0448_c011_00078365_0.jpg,448,veri,10
VeRi/image_train/0448_c011_00078375_0.jpg,448,veri,10
VeRi/image_train/0448_c011_00078385_0.jpg,448,veri,10
VeRi/image_train/0448_c011_00078395_0.jpg,448,veri,10
VeRi/image_train/0045_c003_00038140_0.jpg,45,veri,2
VeRi/image_train/0045_c003_00038150_0.jpg,45,veri,2
VeRi/image_train/0045_c003_00038160_0.jpg,45,veri,2
VeRi/image_train/0045_c003_00038170_0.jpg,45,veri,2
VeRi/image_train/0045_c003_00038180_0.jpg,45,veri,2
VeRi/image_train/0045_c003_00038190_0.jpg,45,veri,2
VeRi/image_train/0045_c003_00063005_1.jpg,45,veri,2
VeRi/image_train/0045_c003_00063020_0.jpg,45,veri,2
VeRi/image_train/0045_c003_00063040_0.jpg,45,veri,2
VeRi/image_train/0045_c003_00063100_0.jpg,45,veri,2
VeRi/image_train/0045_c003_00063155_1.jpg,45,veri,2
VeRi/image_train/0045_c003_00063335_1.jpg,45,veri,2
VeRi/image_train/0045_c004_00038065_0.jpg,45,veri,3
VeRi/image_train/0045_c004_00038085_0.jpg,45,veri,3
VeRi/image_train/0045_c004_00038100_0.jpg,45,veri,3
VeRi/image_train/0045_c004_00038110_0.jpg,45,veri,3
VeRi/image_train/0045_c004_00038135_0.jpg,45,veri,3
VeRi/image_train/0045_c004_00038195_0.jpg,45,veri,3
VeRi/image_train/0045_c004_00062840_0.jpg,45,veri,3
VeRi/image_train/0045_c004_00062930_0.jpg,45,veri,3
VeRi/image_train/0045_c004_00062970_0.jpg,45,veri,3
VeRi/image_train/0045_c004_00063050_0.jpg,45,veri,3
VeRi/image_train/0045_c004_00063120_2.jpg,45,veri,3
VeRi/image_train/0045_c004_00063195_0.jpg,45,veri,3
VeRi/image_train/0045_c008_00037725_0.jpg,45,veri,7
VeRi/image_train/0045_c008_00037730_0.jpg,45,veri,7
VeRi/image_train/0045_c008_00037745_0.jpg,45,veri,7
VeRi/image_train/0045_c008_00037755_0.jpg,45,veri,7
VeRi/image_train/0045_c008_00037765_0.jpg,45,veri,7
VeRi/image_train/0045_c008_00037780_0.jpg,45,veri,7
VeRi/image_train/0045_c009_00037845_0.jpg,45,veri,8
VeRi/image_train/0045_c009_00037850_0.jpg,45,veri,8
VeRi/image_train/0045_c009_00037855_0.jpg,45,veri,8
VeRi/image_train/0045_c009_00037860_0.jpg,45,veri,8
VeRi/image_train/0045_c009_00037865_0.jpg,45,veri,8
VeRi/image_train/0045_c009_00037870_0.jpg,45,veri,8
VeRi/image_train/0453_c001_00010025_0.jpg,453,veri,0
VeRi/image_train/0453_c001_00010040_0.jpg,453,veri,0
VeRi/image_train/0453_c001_00010055_0.jpg,453,veri,0
VeRi/image_train/0453_c001_00010070_0.jpg,453,veri,0
VeRi/image_train/0453_c001_00010085_0.jpg,453,veri,0
VeRi/image_train/0453_c001_00010100_0.jpg,453,veri,0
VeRi/image_train/0453_c012_00008435_0.jpg,453,veri,11
VeRi/image_train/0453_c012_00008445_0.jpg,453,veri,11
VeRi/image_train/0453_c012_00008455_0.jpg,453,veri,11
VeRi/image_train/0453_c012_00008460_0.jpg,453,veri,11
VeRi/image_train/0453_c012_00008470_0.jpg,453,veri,11
VeRi/image_train/0453_c012_00008475_0.jpg,453,veri,11
VeRi/image_train/0453_c013_00008560_0.jpg,453,veri,12
VeRi/image_train/0453_c013_00008570_0.jpg,453,veri,12
VeRi/image_train/0453_c013_00008585_0.jpg,453,veri,12
VeRi/image_train/0453_c013_00008590_0.jpg,453,veri,12
VeRi/image_train/0453_c013_00008600_0.jpg,453,veri,12
VeRi/image_train/0453_c013_00008615_0.jpg,453,veri,12
VeRi/image_train/0453_c014_00006700_0.jpg,453,veri,13
VeRi/image_train/0453_c014_00006705_0.jpg,453,veri,13
VeRi/image_train/0453_c014_00006710_0.jpg,453,veri,13
VeRi/image_train/0453_c014_00006730_0.jpg,453,veri,13
VeRi/image_train/0453_c014_00006735_0.jpg,453,veri,13
VeRi/image_train/0453_c015_00006810_0.jpg,453,veri,14
VeRi/image_train/0453_c015_00006815_0.jpg,453,veri,14
VeRi/image_train/0453_c015_00006820_0.jpg,453,veri,14
VeRi/image_train/0453_c015_00006825_0.jpg,453,veri,14
VeRi/image_train/0453_c015_00006830_0.jpg,453,veri,14
VeRi/image_train/0453_c015_00006835_0.jpg,453,veri,14
VeRi/image_train/0453_c016_00006375_0.jpg,453,veri,15
VeRi/image_train/0453_c016_00006380_0.jpg,453,veri,15
VeRi/image_train/0453_c016_00006385_0.jpg,453,veri,15
VeRi/image_train/0453_c016_00006390_0.jpg,453,veri,15
VeRi/image_train/0453_c016_00006395_0.jpg,453,veri,15
VeRi/image_train/0453_c016_00006400_0.jpg,453,veri,15
VeRi/image_train/0453_c017_00007750_0.jpg,453,veri,16
VeRi/image_train/0453_c017_00007775_0.jpg,453,veri,16
VeRi/image_train/0453_c017_00007785_0.jpg,453,veri,16
VeRi/image_train/0453_c017_00007800_0.jpg,453,veri,16
VeRi/image_train/0453_c017_00007820_0.jpg,453,veri,16
VeRi/image_train/0453_c017_00007835_1.jpg,453,veri,16
VeRi/image_train/0453_c019_00007540_0.jpg,453,veri,18
VeRi/image_train/0453_c019_00007545_1.jpg,453,veri,18
VeRi/image_train/0453_c019_00007550_1.jpg,453,veri,18
VeRi/image_train/0453_c019_00007555_1.jpg,453,veri,18
VeRi/image_train/0453_c019_00007560_1.jpg,453,veri,18
VeRi/image_train/0453_c019_00007570_0.jpg,453,veri,18
VeRi/image_train/0457_c001_00017655_0.jpg,457,veri,0
VeRi/image_train/0457_c001_00017665_0.jpg,457,veri,0
VeRi/image_train/0457_c001_00017675_0.jpg,457,veri,0
VeRi/image_train/0457_c001_00017685_0.jpg,457,veri,0
VeRi/image_train/0457_c001_00017695_0.jpg,457,veri,0
VeRi/image_train/0457_c001_00017705_0.jpg,457,veri,0
VeRi/image_train/0457_c012_00017410_1.jpg,457,veri,11
VeRi/image_train/0457_c012_00017415_1.jpg,457,veri,11
VeRi/image_train/0457_c012_00017420_1.jpg,457,veri,11
VeRi/image_train/0457_c012_00017425_1.jpg,457,veri,11
VeRi/image_train/0457_c012_00017430_0.jpg,457,veri,11
VeRi/image_train/0457_c012_00017435_0.jpg,457,veri,11
VeRi/image_train/0457_c013_00017470_0.jpg,457,veri,12
VeRi/image_train/0457_c013_00017475_0.jpg,457,veri,12
VeRi/image_train/0457_c014_00016005_0.jpg,457,veri,13
VeRi/image_train/0457_c014_00016010_0.jpg,457,veri,13
VeRi/image_train/0457_c014_00016015_0.jpg,457,veri,13
VeRi/image_train/0457_c014_00016020_0.jpg,457,veri,13
VeRi/image_train/0457_c014_00016025_0.jpg,457,veri,13
VeRi/image_train/0457_c015_00016055_0.jpg,457,veri,14
VeRi/image_train/0457_c015_00016060_0.jpg,457,veri,14
VeRi/image_train/0457_c015_00016065_1.jpg,457,veri,14
VeRi/image_train/0457_c015_00016070_1.jpg,457,veri,14
VeRi/image_train/0457_c015_00016075_1.jpg,457,veri,14
VeRi/image_train/0457_c015_00016080_0.jpg,457,veri,14
VeRi/image_train/0457_c016_00015785_0.jpg,457,veri,15
VeRi/image_train/0457_c019_00016715_0.jpg,457,veri,18
VeRi/image_train/0457_c019_00016720_0.jpg,457,veri,18
VeRi/image_train/0457_c019_00016725_0.jpg,457,veri,18
VeRi/image_train/0457_c019_00016730_0.jpg,457,veri,18
VeRi/image_train/0457_c019_00016735_0.jpg,457,veri,18
VeRi/image_train/0457_c019_00016745_0.jpg,457,veri,18
VeRi/image_train/0046_c002_00030565_0.jpg,46,veri,1
VeRi/image_train/0046_c002_00030575_0.jpg,46,veri,1
VeRi/image_train/0046_c002_00030585_0.jpg,46,veri,1
VeRi/image_train/0046_c002_00030595_0.jpg,46,veri,1
VeRi/image_train/0046_c002_00030605_0.jpg,46,veri,1
VeRi/image_train/0046_c002_00030615_0.jpg,46,veri,1
VeRi/image_train/0046_c003_00032400_1.jpg,46,veri,2
VeRi/image_train/0046_c003_00032410_1.jpg,46,veri,2
VeRi/image_train/0046_c003_00032420_0.jpg,46,veri,2
VeRi/image_train/0046_c003_00032430_0.jpg,46,veri,2
VeRi/image_train/0046_c003_00032440_0.jpg,46,veri,2
VeRi/image_train/0046_c003_00032450_0.jpg,46,veri,2
VeRi/image_train/0046_c004_00032360_0.jpg,46,veri,3
VeRi/image_train/0046_c004_00032380_0.jpg,46,veri,3
VeRi/image_train/0046_c004_00032400_0.jpg,46,veri,3
VeRi/image_train/0046_c004_00032420_0.jpg,46,veri,3
VeRi/image_train/0046_c004_00032435_0.jpg,46,veri,3
VeRi/image_train/0046_c004_00032440_0.jpg,46,veri,3
VeRi/image_train/0046_c005_00033275_1.jpg,46,veri,4
VeRi/image_train/0046_c005_00033295_1.jpg,46,veri,4
VeRi/image_train/0046_c005_00033310_1.jpg,46,veri,4
VeRi/image_train/0046_c005_00033330_0.jpg,46,veri,4
VeRi/image_train/0046_c005_00033350_0.jpg,46,veri,4
VeRi/image_train/0046_c005_00033385_0.jpg,46,veri,4
VeRi/image_train/0046_c006_00031595_0.jpg,46,veri,5
VeRi/image_train/0046_c006_00031610_0.jpg,46,veri,5
VeRi/image_train/0046_c006_00031640_0.jpg,46,veri,5
VeRi/image_train/0046_c006_00031655_0.jpg,46,veri,5
VeRi/image_train/0046_c006_00031670_0.jpg,46,veri,5
VeRi/image_train/0046_c006_00031680_0.jpg,46,veri,5
VeRi/image_train/0046_c007_00033390_0.jpg,46,veri,6
VeRi/image_train/0046_c007_00033400_0.jpg,46,veri,6
VeRi/image_train/0046_c007_00033410_0.jpg,46,veri,6
VeRi/image_train/0046_c007_00033415_0.jpg,46,veri,6
VeRi/image_train/0046_c007_00033425_0.jpg,46,veri,6
VeRi/image_train/0046_c008_00032705_0.jpg,46,veri,7
VeRi/image_train/0046_c008_00032710_0.jpg,46,veri,7
VeRi/image_train/0046_c008_00032715_0.jpg,46,veri,7
VeRi/image_train/0046_c008_00032720_0.jpg,46,veri,7
VeRi/image_train/0046_c008_00032725_0.jpg,46,veri,7
VeRi/image_train/0046_c009_00032650_0.jpg,46,veri,8
VeRi/image_train/0046_c009_00032655_0.jpg,46,veri,8
VeRi/image_train/0046_c009_00032660_0.jpg,46,veri,8
VeRi/image_train/0046_c009_00032665_0.jpg,46,veri,8
VeRi/image_train/0046_c009_00032670_0.jpg,46,veri,8
VeRi/image_train/0046_c010_00031760_0.jpg,46,veri,9
VeRi/image_train/0046_c010_00031765_0.jpg,46,veri,9
VeRi/image_train/0046_c010_00031770_0.jpg,46,veri,9
VeRi/image_train/0046_c010_00031775_0.jpg,46,veri,9
VeRi/image_train/0046_c010_00031780_0.jpg,46,veri,9
VeRi/image_train/0046_c010_00031785_0.jpg,46,veri,9
VeRi/image_train/0046_c011_00031545_0.jpg,46,veri,10
VeRi/image_train/0046_c011_00031555_0.jpg,46,veri,10
VeRi/image_train/0046_c011_00031565_0.jpg,46,veri,10
VeRi/image_train/0046_c011_00031575_0.jpg,46,veri,10
VeRi/image_train/0046_c011_00031585_0.jpg,46,veri,10
VeRi/image_train/0046_c011_00031595_0.jpg,46,veri,10
VeRi/image_train/0463_c001_00007890_0.jpg,463,veri,0
VeRi/image_train/0463_c001_00007900_0.jpg,463,veri,0
VeRi/image_train/0463_c001_00007910_0.jpg,463,veri,0
VeRi/image_train/0463_c001_00007920_0.jpg,463,veri,0
VeRi/image_train/0463_c001_00007930_0.jpg,463,veri,0
VeRi/image_train/0463_c001_00007940_0.jpg,463,veri,0
VeRi/image_train/0463_c001_00043725_0.jpg,463,veri,0
VeRi/image_train/0463_c001_00043740_0.jpg,463,veri,0
VeRi/image_train/0463_c001_00043755_0.jpg,463,veri,0
VeRi/image_train/0463_c001_00043770_0.jpg,463,veri,0
VeRi/image_train/0463_c001_00043785_0.jpg,463,veri,0
VeRi/image_train/0463_c001_00043800_0.jpg,463,veri,0
VeRi/image_train/0463_c012_00008400_0.jpg,463,veri,11
VeRi/image_train/0463_c012_00008405_0.jpg,463,veri,11
VeRi/image_train/0463_c012_00008410_0.jpg,463,veri,11
VeRi/image_train/0463_c012_00008415_0.jpg,463,veri,11
VeRi/image_train/0463_c012_00008420_0.jpg,463,veri,11
VeRi/image_train/0463_c012_00008425_0.jpg,463,veri,11
VeRi/image_train/0463_c012_00043225_0.jpg,463,veri,11
VeRi/image_train/0463_c012_00043245_0.jpg,463,veri,11
VeRi/image_train/0463_c012_00043250_0.jpg,463,veri,11
VeRi/image_train/0463_c012_00043265_0.jpg,463,veri,11
VeRi/image_train/0463_c012_00043270_0.jpg,463,veri,11
VeRi/image_train/0463_c012_00043280_0.jpg,463,veri,11
VeRi/image_train/0463_c013_00008300_0.jpg,463,veri,12
VeRi/image_train/0463_c013_00008310_0.jpg,463,veri,12
VeRi/image_train/0463_c013_00008325_0.jpg,463,veri,12
VeRi/image_train/0463_c013_00043375_0.jpg,463,veri,12
VeRi/image_train/0463_c013_00043385_0.jpg,463,veri,12
VeRi/image_train/0463_c013_00043390_0.jpg,463,veri,12
VeRi/image_train/0463_c013_00043400_0.jpg,463,veri,12
VeRi/image_train/0463_c013_00043415_0.jpg,463,veri,12
VeRi/image_train/0463_c013_00043425_0.jpg,463,veri,12
VeRi/image_train/0463_c018_00009215_0.jpg,463,veri,17
VeRi/image_train/0463_c018_00009225_0.jpg,463,veri,17
VeRi/image_train/0463_c018_00009235_0.jpg,463,veri,17
VeRi/image_train/0463_c018_00009245_0.jpg,463,veri,17
VeRi/image_train/0463_c018_00009255_0.jpg,463,veri,17
VeRi/image_train/0463_c018_00009280_0.jpg,463,veri,17
VeRi/image_train/0463_c018_00042415_0.jpg,463,veri,17
VeRi/image_train/0463_c018_00042420_0.jpg,463,veri,17
VeRi/image_train/0463_c018_00042425_0.jpg,463,veri,17
VeRi/image_train/0463_c018_00042495_0.jpg,463,veri,17
VeRi/image_train/0463_c018_00042530_0.jpg,463,veri,17
VeRi/image_train/0463_c018_00042535_0.jpg,463,veri,17
VeRi/image_train/0464_c001_00012750_0.jpg,464,veri,0
VeRi/image_train/0464_c001_00012760_0.jpg,464,veri,0
VeRi/image_train/0464_c001_00012770_0.jpg,464,veri,0
VeRi/image_train/0464_c001_00012780_0.jpg,464,veri,0
VeRi/image_train/0464_c001_00012795_0.jpg,464,veri,0
VeRi/image_train/0464_c001_00012810_0.jpg,464,veri,0
VeRi/image_train/0464_c001_00055310_1.jpg,464,veri,0
VeRi/image_train/0464_c001_00055320_1.jpg,464,veri,0
VeRi/image_train/0464_c001_00055335_0.jpg,464,veri,0
VeRi/image_train/0464_c001_00055345_0.jpg,464,veri,0
VeRi/image_train/0464_c001_00055355_0.jpg,464,veri,0
VeRi/image_train/0464_c001_00055370_0.jpg,464,veri,0
VeRi/image_train/0464_c012_00013335_0.jpg,464,veri,11
VeRi/image_train/0464_c012_00013340_0.jpg,464,veri,11
VeRi/image_train/0464_c012_00013345_0.jpg,464,veri,11
VeRi/image_train/0464_c012_00013350_0.jpg,464,veri,11
VeRi/image_train/0464_c012_00013355_0.jpg,464,veri,11
VeRi/image_train/0464_c012_00013360_0.jpg,464,veri,11
VeRi/image_train/0464_c012_00054590_0.jpg,464,veri,11
VeRi/image_train/0464_c012_00054600_0.jpg,464,veri,11
VeRi/image_train/0464_c012_00054605_0.jpg,464,veri,11
VeRi/image_train/0464_c012_00054615_0.jpg,464,veri,11
VeRi/image_train/0464_c012_00054625_0.jpg,464,veri,11
VeRi/image_train/0464_c012_00054635_0.jpg,464,veri,11
VeRi/image_train/0464_c013_00013205_0.jpg,464,veri,12
VeRi/image_train/0464_c013_00013210_0.jpg,464,veri,12
VeRi/image_train/0464_c013_00013220_0.jpg,464,veri,12
VeRi/image_train/0464_c013_00013225_0.jpg,464,veri,12
VeRi/image_train/0464_c013_00054730_0.jpg,464,veri,12
VeRi/image_train/0464_c013_00054735_0.jpg,464,veri,12
VeRi/image_train/0464_c013_00054740_0.jpg,464,veri,12
VeRi/image_train/0464_c013_00054745_0.jpg,464,veri,12
VeRi/image_train/0464_c013_00054750_0.jpg,464,veri,12
VeRi/image_train/0464_c013_00054755_0.jpg,464,veri,12
VeRi/image_train/0464_c018_00013965_0.jpg,464,veri,17
VeRi/image_train/0464_c018_00013985_0.jpg,464,veri,17
VeRi/image_train/0464_c018_00013995_0.jpg,464,veri,17
VeRi/image_train/0464_c018_00014005_0.jpg,464,veri,17
VeRi/image_train/0464_c018_00014020_0.jpg,464,veri,17
VeRi/image_train/0464_c018_00014035_0.jpg,464,veri,17
VeRi/image_train/0464_c018_00053605_0.jpg,464,veri,17
VeRi/image_train/0464_c018_00053640_0.jpg,464,veri,17
VeRi/image_train/0464_c018_00053665_0.jpg,464,veri,17
VeRi/image_train/0464_c018_00053685_0.jpg,464,veri,17
VeRi/image_train/0464_c018_00053715_0.jpg,464,veri,17
VeRi/image_train/0464_c018_00053725_0.jpg,464,veri,17
VeRi/image_train/0469_c001_00005090_1.jpg,469,veri,0
VeRi/image_train/0469_c001_00005095_0.jpg,469,veri,0
VeRi/image_train/0469_c001_00005100_1.jpg,469,veri,0
VeRi/image_train/0469_c001_00005105_0.jpg,469,veri,0
VeRi/image_train/0469_c001_00005110_1.jpg,469,veri,0
VeRi/image_train/0469_c001_00005115_0.jpg,469,veri,0
VeRi/image_train/0469_c002_00004515_0.jpg,469,veri,1
VeRi/image_train/0469_c002_00004530_0.jpg,469,veri,1
VeRi/image_train/0469_c002_00004545_0.jpg,469,veri,1
VeRi/image_train/0469_c002_00004560_0.jpg,469,veri,1
VeRi/image_train/0469_c002_00004575_0.jpg,469,veri,1
VeRi/image_train/0469_c002_00004590_0.jpg,469,veri,1
VeRi/image_train/0469_c012_00005750_0.jpg,469,veri,11
VeRi/image_train/0469_c012_00005755_0.jpg,469,veri,11
VeRi/image_train/0469_c012_00005760_0.jpg,469,veri,11
VeRi/image_train/0469_c012_00005765_0.jpg,469,veri,11
VeRi/image_train/0469_c012_00005770_0.jpg,469,veri,11
VeRi/image_train/0469_c012_00005775_0.jpg,469,veri,11
VeRi/image_train/0469_c013_00005570_0.jpg,469,veri,12
VeRi/image_train/0469_c013_00005585_0.jpg,469,veri,12
VeRi/image_train/0469_c013_00005590_0.jpg,469,veri,12
VeRi/image_train/0469_c013_00005600_0.jpg,469,veri,12
VeRi/image_train/0469_c013_00005610_0.jpg,469,veri,12
VeRi/image_train/0469_c013_00005620_0.jpg,469,veri,12
VeRi/image_train/0469_c014_00007975_0.jpg,469,veri,13
VeRi/image_train/0469_c014_00007980_0.jpg,469,veri,13
VeRi/image_train/0469_c014_00007985_0.jpg,469,veri,13
VeRi/image_train/0469_c014_00007990_0.jpg,469,veri,13
VeRi/image_train/0469_c014_00007995_0.jpg,469,veri,13
VeRi/image_train/0469_c014_00008000_0.jpg,469,veri,13
VeRi/image_train/0469_c016_00008250_1.jpg,469,veri,15
VeRi/image_train/0469_c016_00008255_1.jpg,469,veri,15
VeRi/image_train/0469_c016_00008260_0.jpg,469,veri,15
VeRi/image_train/0469_c016_00008265_0.jpg,469,veri,15
VeRi/image_train/0469_c016_00008270_0.jpg,469,veri,15
VeRi/image_train/0469_c017_00007015_1.jpg,469,veri,16
VeRi/image_train/0469_c017_00007025_0.jpg,469,veri,16
VeRi/image_train/0469_c017_00007035_0.jpg,469,veri,16
VeRi/image_train/0469_c017_00007045_0.jpg,469,veri,16
VeRi/image_train/0469_c017_00007055_0.jpg,469,veri,16
VeRi/image_train/0469_c017_00007070_0.jpg,469,veri,16
VeRi/image_train/0469_c019_00007180_0.jpg,469,veri,18
VeRi/image_train/0469_c019_00007185_0.jpg,469,veri,18
VeRi/image_train/0469_c019_00007190_0.jpg,469,veri,18
VeRi/image_train/0469_c019_00007210_0.jpg,469,veri,18
VeRi/image_train/0469_c019_00007230_0.jpg,469,veri,18
VeRi/image_train/0469_c019_00007265_0.jpg,469,veri,18
VeRi/image_train/0472_c001_00016740_1.jpg,472,veri,0
VeRi/image_train/0472_c001_00016745_0.jpg,472,veri,0
VeRi/image_train/0472_c001_00016750_0.jpg,472,veri,0
VeRi/image_train/0472_c001_00016755_0.jpg,472,veri,0
VeRi/image_train/0472_c001_00016760_0.jpg,472,veri,0
VeRi/image_train/0472_c001_00016765_0.jpg,472,veri,0
VeRi/image_train/0472_c002_00015130_1.jpg,472,veri,1
VeRi/image_train/0472_c002_00015140_0.jpg,472,veri,1
VeRi/image_train/0472_c002_00015150_0.jpg,472,veri,1
VeRi/image_train/0472_c002_00015160_0.jpg,472,veri,1
VeRi/image_train/0472_c002_00015165_0.jpg,472,veri,1
VeRi/image_train/0472_c003_00013585_0.jpg,472,veri,2
VeRi/image_train/0472_c003_00013595_0.jpg,472,veri,2
VeRi/image_train/0472_c003_00013605_0.jpg,472,veri,2
VeRi/image_train/0472_c003_00013615_0.jpg,472,veri,2
VeRi/image_train/0472_c003_00013620_0.jpg,472,veri,2
VeRi/image_train/0472_c003_00013625_0.jpg,472,veri,2
VeRi/image_train/0472_c004_00013505_0.jpg,472,veri,3
VeRi/image_train/0472_c004_00013510_0.jpg,472,veri,3
VeRi/image_train/0472_c004_00013515_0.jpg,472,veri,3
VeRi/image_train/0472_c004_00013520_0.jpg,472,veri,3
VeRi/image_train/0472_c004_00013525_0.jpg,472,veri,3
VeRi/image_train/0472_c004_00013530_0.jpg,472,veri,3
VeRi/image_train/0472_c006_00014130_0.jpg,472,veri,5
VeRi/image_train/0472_c006_00014140_0.jpg,472,veri,5
VeRi/image_train/0472_c006_00014170_0.jpg,472,veri,5
VeRi/image_train/0472_c006_00014400_0.jpg,472,veri,5
VeRi/image_train/0472_c006_00014450_0.jpg,472,veri,5
VeRi/image_train/0472_c008_00013420_0.jpg,472,veri,7
VeRi/image_train/0472_c008_00013425_0.jpg,472,veri,7
VeRi/image_train/0472_c008_00013430_0.jpg,472,veri,7
VeRi/image_train/0472_c008_00013435_0.jpg,472,veri,7
VeRi/image_train/0472_c008_00013440_0.jpg,472,veri,7
VeRi/image_train/0472_c008_00013445_0.jpg,472,veri,7
VeRi/image_train/0472_c009_00013440_0.jpg,472,veri,8
VeRi/image_train/0472_c009_00013445_0.jpg,472,veri,8
VeRi/image_train/0472_c009_00013450_0.jpg,472,veri,8
VeRi/image_train/0472_c009_00013455_0.jpg,472,veri,8
VeRi/image_train/0472_c009_00013460_0.jpg,472,veri,8
VeRi/image_train/0472_c009_00013465_0.jpg,472,veri,8
VeRi/image_train/0472_c010_00013975_0.jpg,472,veri,9
VeRi/image_train/0472_c010_00013980_0.jpg,472,veri,9
VeRi/image_train/0472_c010_00013985_0.jpg,472,veri,9
VeRi/image_train/0472_c010_00013990_0.jpg,472,veri,9
VeRi/image_train/0472_c010_00013995_0.jpg,472,veri,9
VeRi/image_train/0472_c010_00014000_0.jpg,472,veri,9
VeRi/image_train/0472_c011_00014015_0.jpg,472,veri,10
VeRi/image_train/0472_c011_00014025_0.jpg,472,veri,10
VeRi/image_train/0472_c011_00014035_0.jpg,472,veri,10
VeRi/image_train/0472_c011_00014045_0.jpg,472,veri,10
VeRi/image_train/0472_c011_00014090_0.jpg,472,veri,10
VeRi/image_train/0472_c011_00014165_0.jpg,472,veri,10
VeRi/image_train/0472_c013_00017045_0.jpg,472,veri,12
VeRi/image_train/0472_c013_00017055_0.jpg,472,veri,12
VeRi/image_train/0472_c013_00017070_0.jpg,472,veri,12
VeRi/image_train/0472_c013_00017080_0.jpg,472,veri,12
VeRi/image_train/0472_c013_00017090_0.jpg,472,veri,12
VeRi/image_train/0472_c014_00018510_0.jpg,472,veri,13
VeRi/image_train/0472_c014_00018515_0.jpg,472,veri,13
VeRi/image_train/0472_c014_00018520_0.jpg,472,veri,13
VeRi/image_train/0472_c014_00018525_0.jpg,472,veri,13
VeRi/image_train/0472_c014_00018530_0.jpg,472,veri,13
VeRi/image_train/0472_c014_00018535_0.jpg,472,veri,13
VeRi/image_train/0472_c014_00021120_0.jpg,472,veri,13
VeRi/image_train/0472_c014_00021125_0.jpg,472,veri,13
VeRi/image_train/0472_c014_00021130_0.jpg,472,veri,13
VeRi/image_train/0472_c014_00021135_0.jpg,472,veri,13
VeRi/image_train/0472_c015_00018375_1.jpg,472,veri,14
VeRi/image_train/0472_c015_00018385_0.jpg,472,veri,14
VeRi/image_train/0472_c015_00018390_0.jpg,472,veri,14
VeRi/image_train/0472_c015_00018395_0.jpg,472,veri,14
VeRi/image_train/0472_c015_00018400_0.jpg,472,veri,14
VeRi/image_train/0472_c015_00021140_0.jpg,472,veri,14
VeRi/image_train/0472_c015_00021145_0.jpg,472,veri,14
VeRi/image_train/0472_c015_00021150_0.jpg,472,veri,14
VeRi/image_train/0472_c015_00021155_0.jpg,472,veri,14
VeRi/image_train/0472_c015_00021160_0.jpg,472,veri,14
VeRi/image_train/0472_c015_00021165_0.jpg,472,veri,14
VeRi/image_train/0472_c016_00018655_0.jpg,472,veri,15
VeRi/image_train/0472_c016_00018660_0.jpg,472,veri,15
VeRi/image_train/0472_c016_00018665_0.jpg,472,veri,15
VeRi/image_train/0472_c016_00020860_0.jpg,472,veri,15
VeRi/image_train/0472_c016_00020865_0.jpg,472,veri,15
VeRi/image_train/0472_c016_00020870_0.jpg,472,veri,15
VeRi/image_train/0472_c016_00020875_0.jpg,472,veri,15
VeRi/image_train/0472_c016_00020880_0.jpg,472,veri,15
VeRi/image_train/0472_c016_00020885_0.jpg,472,veri,15
VeRi/image_train/0472_c017_00017670_0.jpg,472,veri,16
VeRi/image_train/0472_c017_00017675_1.jpg,472,veri,16
VeRi/image_train/0472_c017_00017685_0.jpg,472,veri,16
VeRi/image_train/0472_c017_00017695_0.jpg,472,veri,16
VeRi/image_train/0472_c017_00017705_0.jpg,472,veri,16
VeRi/image_train/0472_c017_00017715_0.jpg,472,veri,16
VeRi/image_train/0472_c019_00017820_0.jpg,472,veri,18
VeRi/image_train/0472_c019_00017825_0.jpg,472,veri,18
VeRi/image_train/0472_c019_00017835_0.jpg,472,veri,18
VeRi/image_train/0472_c019_00017840_0.jpg,472,veri,18
VeRi/image_train/0472_c019_00017850_0.jpg,472,veri,18
VeRi/image_train/0472_c019_00017860_0.jpg,472,veri,18
VeRi/image_train/0048_c003_00029290_1.jpg,48,veri,2
VeRi/image_train/0048_c003_00029300_1.jpg,48,veri,2
VeRi/image_train/0048_c003_00029310_1.jpg,48,veri,2
VeRi/image_train/0048_c003_00029315_1.jpg,48,veri,2
VeRi/image_train/0048_c003_00029325_0.jpg,48,veri,2
VeRi/image_train/0048_c003_00029335_0.jpg,48,veri,2
VeRi/image_train/0048_c004_00029160_0.jpg,48,veri,3
VeRi/image_train/0048_c004_00029175_0.jpg,48,veri,3
VeRi/image_train/0048_c004_00029190_1.jpg,48,veri,3
VeRi/image_train/0048_c004_00029200_1.jpg,48,veri,3
VeRi/image_train/0048_c004_00029225_0.jpg,48,veri,3
VeRi/image_train/0048_c004_00029230_0.jpg,48,veri,3
VeRi/image_train/0048_c008_00007705_1.jpg,48,veri,7
VeRi/image_train/0048_c008_00007710_1.jpg,48,veri,7
VeRi/image_train/0048_c008_00007720_1.jpg,48,veri,7
VeRi/image_train/0048_c008_00007730_0.jpg,48,veri,7
VeRi/image_train/0048_c008_00007745_0.jpg,48,veri,7
VeRi/image_train/0048_c008_00007755_0.jpg,48,veri,7
VeRi/image_train/0048_c009_00007780_0.jpg,48,veri,8
VeRi/image_train/0048_c009_00007785_0.jpg,48,veri,8
VeRi/image_train/0481_c003_00027520_1.jpg,481,veri,2
VeRi/image_train/0481_c003_00027530_1.jpg,481,veri,2
VeRi/image_train/0481_c003_00027540_0.jpg,481,veri,2
VeRi/image_train/0481_c003_00027560_3.jpg,481,veri,2
VeRi/image_train/0481_c003_00027565_0.jpg,481,veri,2
VeRi/image_train/0481_c003_00027585_0.jpg,481,veri,2
VeRi/image_train/0481_c004_00027390_0.jpg,481,veri,3
VeRi/image_train/0481_c004_00027400_1.jpg,481,veri,3
VeRi/image_train/0481_c004_00027425_0.jpg,481,veri,3
VeRi/image_train/0481_c004_00027435_0.jpg,481,veri,3
VeRi/image_train/0481_c004_00027455_0.jpg,481,veri,3
VeRi/image_train/0481_c005_00028335_1.jpg,481,veri,4
VeRi/image_train/0481_c005_00028350_1.jpg,481,veri,4
VeRi/image_train/0481_c005_00028370_1.jpg,481,veri,4
VeRi/image_train/0481_c005_00028395_0.jpg,481,veri,4
VeRi/image_train/0481_c005_00028425_0.jpg,481,veri,4
VeRi/image_train/0481_c007_00028465_0.jpg,481,veri,6
VeRi/image_train/0481_c007_00028470_0.jpg,481,veri,6
VeRi/image_train/0481_c007_00028480_0.jpg,481,veri,6
VeRi/image_train/0481_c007_00028490_0.jpg,481,veri,6
VeRi/image_train/0481_c007_00028495_0.jpg,481,veri,6
VeRi/image_train/0481_c007_00028500_0.jpg,481,veri,6
VeRi/image_train/0481_c008_00027815_0.jpg,481,veri,7
VeRi/image_train/0481_c008_00027820_0.jpg,481,veri,7
VeRi/image_train/0481_c008_00027825_0.jpg,481,veri,7
VeRi/image_train/0481_c008_00027835_0.jpg,481,veri,7
VeRi/image_train/0481_c008_00027845_0.jpg,481,veri,7
VeRi/image_train/0481_c009_00027705_0.jpg,481,veri,8
VeRi/image_train/0481_c009_00027710_0.jpg,481,veri,8
VeRi/image_train/0481_c009_00027715_0.jpg,481,veri,8
VeRi/image_train/0481_c009_00027720_0.jpg,481,veri,8
VeRi/image_train/0481_c009_00027725_0.jpg,481,veri,8
VeRi/image_train/0481_c009_00027730_0.jpg,481,veri,8
VeRi/image_train/0484_c001_00049960_0.jpg,484,veri,0
VeRi/image_train/0484_c001_00049970_0.jpg,484,veri,0
VeRi/image_train/0484_c001_00049980_0.jpg,484,veri,0
VeRi/image_train/0484_c001_00049990_0.jpg,484,veri,0
VeRi/image_train/0484_c001_00050000_0.jpg,484,veri,0
VeRi/image_train/0484_c001_00050010_0.jpg,484,veri,0
VeRi/image_train/0484_c002_00050630_1.jpg,484,veri,1
VeRi/image_train/0484_c002_00050640_0.jpg,484,veri,1
VeRi/image_train/0484_c002_00050650_0.jpg,484,veri,1
VeRi/image_train/0484_c002_00050660_0.jpg,484,veri,1
VeRi/image_train/0484_c002_00050670_1.jpg,484,veri,1
VeRi/image_train/0484_c002_00050685_0.jpg,484,veri,1
VeRi/image_train/0484_c006_00053070_1.jpg,484,veri,5
VeRi/image_train/0484_c006_00053090_1.jpg,484,veri,5
VeRi/image_train/0484_c006_00053105_1.jpg,484,veri,5
VeRi/image_train/0484_c006_00053125_0.jpg,484,veri,5
VeRi/image_train/0484_c006_00053180_3.jpg,484,veri,5
VeRi/image_train/0484_c006_00053225_2.jpg,484,veri,5
VeRi/image_train/0484_c010_00053455_0.jpg,484,veri,9
VeRi/image_train/0484_c010_00053460_0.jpg,484,veri,9
VeRi/image_train/0484_c010_00053465_0.jpg,484,veri,9
VeRi/image_train/0484_c010_00053470_0.jpg,484,veri,9
VeRi/image_train/0484_c010_00053475_0.jpg,484,veri,9
VeRi/image_train/0484_c010_00053480_0.jpg,484,veri,9
VeRi/image_train/0484_c011_00053125_0.jpg,484,veri,10
VeRi/image_train/0484_c011_00053175_1.jpg,484,veri,10
VeRi/image_train/0484_c011_00053185_2.jpg,484,veri,10
VeRi/image_train/0484_c011_00053210_2.jpg,484,veri,10
VeRi/image_train/0484_c011_00053225_2.jpg,484,veri,10
VeRi/image_train/0484_c011_00053235_1.jpg,484,veri,10
VeRi/image_train/0484_c012_00048445_0.jpg,484,veri,11
VeRi/image_train/0484_c012_00048455_0.jpg,484,veri,11
VeRi/image_train/0484_c012_00048465_0.jpg,484,veri,11
VeRi/image_train/0484_c012_00048475_0.jpg,484,veri,11
VeRi/image_train/0484_c012_00048480_0.jpg,484,veri,11
VeRi/image_train/0484_c012_00048485_0.jpg,484,veri,11
VeRi/image_train/0484_c013_00048525_0.jpg,484,veri,12
VeRi/image_train/0484_c013_00048530_0.jpg,484,veri,12
VeRi/image_train/0484_c013_00048535_0.jpg,484,veri,12
VeRi/image_train/0484_c013_00048540_0.jpg,484,veri,12
VeRi/image_train/0484_c013_00048545_0.jpg,484,veri,12
VeRi/image_train/0484_c013_00048550_0.jpg,484,veri,12
VeRi/image_train/0484_c014_00046955_0.jpg,484,veri,13
VeRi/image_train/0484_c014_00046960_0.jpg,484,veri,13
VeRi/image_train/0484_c014_00046965_0.jpg,484,veri,13
VeRi/image_train/0484_c014_00046970_0.jpg,484,veri,13
VeRi/image_train/0484_c014_00046975_0.jpg,484,veri,13
VeRi/image_train/0484_c014_00046980_0.jpg,484,veri,13
VeRi/image_train/0484_c015_00046985_0.jpg,484,veri,14
VeRi/image_train/0484_c015_00046990_0.jpg,484,veri,14
VeRi/image_train/0484_c015_00046995_0.jpg,484,veri,14
VeRi/image_train/0484_c015_00047000_0.jpg,484,veri,14
VeRi/image_train/0484_c015_00047005_0.jpg,484,veri,14
VeRi/image_train/0484_c015_00047010_0.jpg,484,veri,14
VeRi/image_train/0484_c016_00046855_0.jpg,484,veri,15
VeRi/image_train/0484_c016_00046860_0.jpg,484,veri,15
VeRi/image_train/0484_c016_00046865_0.jpg,484,veri,15
VeRi/image_train/0484_c016_00046870_0.jpg,484,veri,15
VeRi/image_train/0484_c016_00046875_0.jpg,484,veri,15
VeRi/image_train/0484_c016_00046880_0.jpg,484,veri,15
VeRi/image_train/0484_c019_00047425_0.jpg,484,veri,18
VeRi/image_train/0484_c019_00047430_0.jpg,484,veri,18
VeRi/image_train/0484_c019_00047435_0.jpg,484,veri,18
VeRi/image_train/0484_c019_00047440_0.jpg,484,veri,18
VeRi/image_train/0484_c019_00047445_0.jpg,484,veri,18
VeRi/image_train/0484_c019_00047455_0.jpg,484,veri,18
VeRi/image_train/0493_c002_00019750_1.jpg,493,veri,1
VeRi/image_train/0493_c002_00019760_1.jpg,493,veri,1
VeRi/image_train/0493_c002_00019780_1.jpg,493,veri,1
VeRi/image_train/0493_c002_00019800_1.jpg,493,veri,1
VeRi/image_train/0493_c002_00019810_0.jpg,493,veri,1
VeRi/image_train/0493_c002_00019830_0.jpg,493,veri,1
VeRi/image_train/0493_c003_00017740_0.jpg,493,veri,2
VeRi/image_train/0493_c003_00017750_0.jpg,493,veri,2
VeRi/image_train/0493_c003_00017765_0.jpg,493,veri,2
VeRi/image_train/0493_c003_00017770_0.jpg,493,veri,2
VeRi/image_train/0493_c003_00017775_0.jpg,493,veri,2
VeRi/image_train/0493_c004_00017660_0.jpg,493,veri,3
VeRi/image_train/0493_c004_00017665_0.jpg,493,veri,3
VeRi/image_train/0493_c004_00017670_0.jpg,493,veri,3
VeRi/image_train/0493_c004_00017675_0.jpg,493,veri,3
VeRi/image_train/0493_c004_00017680_0.jpg,493,veri,3
VeRi/image_train/0493_c004_00017685_0.jpg,493,veri,3
VeRi/image_train/0493_c006_00018310_0.jpg,493,veri,5
VeRi/image_train/0493_c006_00018320_0.jpg,493,veri,5
VeRi/image_train/0493_c006_00018330_0.jpg,493,veri,5
VeRi/image_train/0493_c006_00018350_0.jpg,493,veri,5
VeRi/image_train/0493_c006_00018365_0.jpg,493,veri,5
VeRi/image_train/0493_c006_00018385_0.jpg,493,veri,5
VeRi/image_train/0493_c008_00017535_0.jpg,493,veri,7
VeRi/image_train/0493_c008_00017550_0.jpg,493,veri,7
VeRi/image_train/0493_c008_00017560_0.jpg,493,veri,7
VeRi/image_train/0493_c008_00017570_0.jpg,493,veri,7
VeRi/image_train/0493_c008_00017575_0.jpg,493,veri,7
VeRi/image_train/0493_c008_00017580_0.jpg,493,veri,7
VeRi/image_train/0493_c009_00017570_1.jpg,493,veri,8
VeRi/image_train/0493_c009_00017580_1.jpg,493,veri,8
VeRi/image_train/0493_c009_00017585_1.jpg,493,veri,8
VeRi/image_train/0493_c009_00017590_0.jpg,493,veri,8
VeRi/image_train/0493_c009_00017595_0.jpg,493,veri,8
VeRi/image_train/0493_c009_00017600_0.jpg,493,veri,8
VeRi/image_train/0493_c010_00018245_0.jpg,493,veri,9
VeRi/image_train/0493_c010_00018250_0.jpg,493,veri,9
VeRi/image_train/0493_c010_00018255_0.jpg,493,veri,9
VeRi/image_train/0493_c010_00018260_0.jpg,493,veri,9
VeRi/image_train/0493_c010_00018265_0.jpg,493,veri,9
VeRi/image_train/0493_c010_00018270_0.jpg,493,veri,9
VeRi/image_train/0493_c011_00018295_0.jpg,493,veri,10
VeRi/image_train/0493_c011_00018300_0.jpg,493,veri,10
VeRi/image_train/0493_c011_00018305_0.jpg,493,veri,10
VeRi/image_train/0493_c011_00018320_0.jpg,493,veri,10
VeRi/image_train/0493_c011_00018335_0.jpg,493,veri,10
VeRi/image_train/0493_c011_00018345_0.jpg,493,veri,10
VeRi/image_train/0496_c001_00034235_0.jpg,496,veri,0
VeRi/image_train/0496_c001_00034245_0.jpg,496,veri,0
VeRi/image_train/0496_c001_00034255_0.jpg,496,veri,0
VeRi/image_train/0496_c001_00034265_0.jpg,496,veri,0
VeRi/image_train/0496_c001_00034275_0.jpg,496,veri,0
VeRi/image_train/0496_c001_00034285_0.jpg,496,veri,0
VeRi/image_train/0496_c012_00034695_0.jpg,496,veri,11
VeRi/image_train/0496_c012_00034700_0.jpg,496,veri,11
VeRi/image_train/0496_c012_00034705_0.jpg,496,veri,11
VeRi/image_train/0496_c012_00034710_0.jpg,496,veri,11
VeRi/image_train/0496_c012_00034715_0.jpg,496,veri,11
VeRi/image_train/0496_c012_00034720_0.jpg,496,veri,11
VeRi/image_train/0496_c013_00034560_0.jpg,496,veri,12
VeRi/image_train/0496_c013_00034565_0.jpg,496,veri,12
VeRi/image_train/0496_c013_00034570_0.jpg,496,veri,12
VeRi/image_train/0496_c013_00034575_0.jpg,496,veri,12
VeRi/image_train/0496_c013_00034580_0.jpg,496,veri,12
VeRi/image_train/0496_c013_00034585_0.jpg,496,veri,12
VeRi/image_train/0496_c014_00036445_0.jpg,496,veri,13
VeRi/image_train/0496_c014_00036450_0.jpg,496,veri,13
VeRi/image_train/0496_c014_00036455_0.jpg,496,veri,13
VeRi/image_train/0496_c014_00036460_0.jpg,496,veri,13
VeRi/image_train/0496_c014_00036465_0.jpg,496,veri,13
VeRi/image_train/0496_c014_00036470_0.jpg,496,veri,13
VeRi/image_train/0496_c015_00036230_0.jpg,496,veri,14
VeRi/image_train/0496_c015_00036235_0.jpg,496,veri,14
VeRi/image_train/0496_c015_00036240_0.jpg,496,veri,14
VeRi/image_train/0496_c015_00036245_0.jpg,496,veri,14
VeRi/image_train/0496_c015_00036280_0.jpg,496,veri,14
VeRi/image_train/0496_c016_00037070_0.jpg,496,veri,15
VeRi/image_train/0496_c016_00037075_1.jpg,496,veri,15
VeRi/image_train/0496_c016_00037090_1.jpg,496,veri,15
VeRi/image_train/0496_c016_00037100_0.jpg,496,veri,15
VeRi/image_train/0496_c016_00037105_0.jpg,496,veri,15
VeRi/image_train/0496_c016_00037110_0.jpg,496,veri,15
VeRi/image_train/0496_c017_00035320_0.jpg,496,veri,16
VeRi/image_train/0496_c017_00035325_0.jpg,496,veri,16
VeRi/image_train/0496_c017_00035335_0.jpg,496,veri,16
VeRi/image_train/0496_c017_00035340_0.jpg,496,veri,16
VeRi/image_train/0496_c017_00035345_0.jpg,496,veri,16
VeRi/image_train/0496_c017_00035355_0.jpg,496,veri,16
VeRi/image_train/0496_c019_00035510_0.jpg,496,veri,18
VeRi/image_train/0496_c019_00035515_0.jpg,496,veri,18
VeRi/image_train/0496_c019_00035525_0.jpg,496,veri,18
VeRi/image_train/0496_c019_00035535_0.jpg,496,veri,18
VeRi/image_train/0496_c019_00035555_0.jpg,496,veri,18
VeRi/image_train/0496_c019_00035565_0.jpg,496,veri,18
VeRi/image_train/0498_c003_00010135_0.jpg,498,veri,2
VeRi/image_train/0498_c003_00010140_0.jpg,498,veri,2
VeRi/image_train/0498_c003_00010145_0.jpg,498,veri,2
VeRi/image_train/0498_c003_00010150_0.jpg,498,veri,2
VeRi/image_train/0498_c003_00010155_0.jpg,498,veri,2
VeRi/image_train/0498_c003_00010160_0.jpg,498,veri,2
VeRi/image_train/0498_c004_00010055_0.jpg,498,veri,3
VeRi/image_train/0498_c004_00010065_0.jpg,498,veri,3
VeRi/image_train/0498_c004_00010075_0.jpg,498,veri,3
VeRi/image_train/0498_c004_00010085_0.jpg,498,veri,3
VeRi/image_train/0498_c005_00010885_1.jpg,498,veri,4
VeRi/image_train/0498_c005_00010900_1.jpg,498,veri,4
VeRi/image_train/0498_c005_00010920_1.jpg,498,veri,4
VeRi/image_train/0498_c005_00010940_0.jpg,498,veri,4
VeRi/image_train/0498_c005_00010960_0.jpg,498,veri,4
VeRi/image_train/0498_c006_00009455_0.jpg,498,veri,5
VeRi/image_train/0498_c006_00009485_0.jpg,498,veri,5
VeRi/image_train/0498_c006_00009510_0.jpg,498,veri,5
VeRi/image_train/0498_c006_00009540_0.jpg,498,veri,5
VeRi/image_train/0498_c006_00009560_2.jpg,498,veri,5
VeRi/image_train/0498_c007_00010955_0.jpg,498,veri,6
VeRi/image_train/0498_c007_00010965_0.jpg,498,veri,6
VeRi/image_train/0498_c007_00010975_0.jpg,498,veri,6
VeRi/image_train/0498_c007_00010985_0.jpg,498,veri,6
VeRi/image_train/0498_c007_00010995_0.jpg,498,veri,6
VeRi/image_train/0498_c008_00010350_0.jpg,498,veri,7
VeRi/image_train/0498_c008_00010355_0.jpg,498,veri,7
VeRi/image_train/0498_c009_00010240_0.jpg,498,veri,8
VeRi/image_train/0498_c009_00010245_0.jpg,498,veri,8
VeRi/image_train/0498_c009_00010250_0.jpg,498,veri,8
VeRi/image_train/0498_c009_00010255_0.jpg,498,veri,8
VeRi/image_train/0498_c010_00009635_0.jpg,498,veri,9
VeRi/image_train/0498_c010_00009640_0.jpg,498,veri,9
VeRi/image_train/0498_c010_00009645_0.jpg,498,veri,9
VeRi/image_train/0498_c010_00009650_0.jpg,498,veri,9
VeRi/image_train/0498_c010_00009655_0.jpg,498,veri,9
VeRi/image_train/0498_c010_00009660_0.jpg,498,veri,9
VeRi/image_train/0498_c011_00009415_0.jpg,498,veri,10
VeRi/image_train/0498_c011_00009430_0.jpg,498,veri,10
VeRi/image_train/0498_c011_00009445_0.jpg,498,veri,10
VeRi/image_train/0498_c011_00009460_0.jpg,498,veri,10
VeRi/image_train/0498_c011_00009470_0.jpg,498,veri,10
VeRi/image_train/0498_c011_00009480_0.jpg,498,veri,10
VeRi/image_train/0504_c001_00038940_1.jpg,504,veri,0
VeRi/image_train/0504_c001_00038950_1.jpg,504,veri,0
VeRi/image_train/0504_c001_00038960_0.jpg,504,veri,0
VeRi/image_train/0504_c001_00038970_0.jpg,504,veri,0
VeRi/image_train/0504_c001_00038980_0.jpg,504,veri,0
VeRi/image_train/0504_c001_00038985_0.jpg,504,veri,0
VeRi/image_train/0504_c012_00039450_0.jpg,504,veri,11
VeRi/image_train/0504_c012_00039455_0.jpg,504,veri,11
VeRi/image_train/0504_c012_00039460_0.jpg,504,veri,11
VeRi/image_train/0504_c012_00039465_0.jpg,504,veri,11
VeRi/image_train/0504_c012_00039470_0.jpg,504,veri,11
VeRi/image_train/0504_c012_00039475_0.jpg,504,veri,11
VeRi/image_train/0504_c013_00039300_0.jpg,504,veri,12
VeRi/image_train/0504_c013_00039315_0.jpg,504,veri,12
VeRi/image_train/0504_c013_00039325_0.jpg,504,veri,12
VeRi/image_train/0504_c013_00039330_0.jpg,504,veri,12
VeRi/image_train/0504_c013_00039335_0.jpg,504,veri,12
VeRi/image_train/0504_c013_00039340_0.jpg,504,veri,12
VeRi/image_train/0504_c014_00041190_0.jpg,504,veri,13
VeRi/image_train/0504_c014_00041195_0.jpg,504,veri,13
VeRi/image_train/0504_c014_00041200_0.jpg,504,veri,13
VeRi/image_train/0504_c014_00041205_0.jpg,504,veri,13
VeRi/image_train/0504_c014_00041210_0.jpg,504,veri,13
VeRi/image_train/0504_c014_00041215_0.jpg,504,veri,13
VeRi/image_train/0504_c015_00040985_0.jpg,504,veri,14
VeRi/image_train/0504_c015_00040990_0.jpg,504,veri,14
VeRi/image_train/0504_c015_00041000_0.jpg,504,veri,14
VeRi/image_train/0504_c015_00041005_0.jpg,504,veri,14
VeRi/image_train/0504_c015_00041020_0.jpg,504,veri,14
VeRi/image_train/0504_c015_00041025_0.jpg,504,veri,14
VeRi/image_train/0504_c016_00042285_0.jpg,504,veri,15
VeRi/image_train/0504_c016_00042290_1.jpg,504,veri,15
VeRi/image_train/0504_c016_00042295_1.jpg,504,veri,15
VeRi/image_train/0504_c016_00042300_1.jpg,504,veri,15
VeRi/image_train/0504_c016_00042305_0.jpg,504,veri,15
VeRi/image_train/0504_c016_00042310_0.jpg,504,veri,15
VeRi/image_train/0504_c017_00040070_0.jpg,504,veri,16
VeRi/image_train/0504_c017_00040075_0.jpg,504,veri,16
VeRi/image_train/0504_c017_00040080_0.jpg,504,veri,16
VeRi/image_train/0504_c017_00040090_0.jpg,504,veri,16
VeRi/image_train/0504_c017_00040095_0.jpg,504,veri,16
VeRi/image_train/0504_c017_00040100_0.jpg,504,veri,16
VeRi/image_train/0508_c001_00035785_0.jpg,508,veri,0
VeRi/image_train/0508_c001_00035790_0.jpg,508,veri,0
VeRi/image_train/0508_c001_00035800_0.jpg,508,veri,0
VeRi/image_train/0508_c001_00035810_0.jpg,508,veri,0
VeRi/image_train/0508_c001_00035820_0.jpg,508,veri,0
VeRi/image_train/0508_c001_00035830_0.jpg,508,veri,0
VeRi/image_train/0508_c002_00034075_2.jpg,508,veri,1
VeRi/image_train/0508_c002_00034095_2.jpg,508,veri,1
VeRi/image_train/0508_c002_00034140_0.jpg,508,veri,1
VeRi/image_train/0508_c002_00034150_0.jpg,508,veri,1
VeRi/image_train/0508_c002_00034160_0.jpg,508,veri,1
VeRi/image_train/0508_c002_00034165_0.jpg,508,veri,1
VeRi/image_train/0508_c003_00031125_0.jpg,508,veri,2
VeRi/image_train/0508_c003_00031130_0.jpg,508,veri,2
VeRi/image_train/0508_c003_00031140_0.jpg,508,veri,2
VeRi/image_train/0508_c003_00031150_0.jpg,508,veri,2
VeRi/image_train/0508_c003_00031160_0.jpg,508,veri,2
VeRi/image_train/0508_c003_00031165_0.jpg,508,veri,2
VeRi/image_train/0508_c004_00031045_0.jpg,508,veri,3
VeRi/image_train/0508_c004_00031050_0.jpg,508,veri,3
VeRi/image_train/0508_c004_00031055_0.jpg,508,veri,3
VeRi/image_train/0508_c004_00031060_0.jpg,508,veri,3
VeRi/image_train/0508_c004_00031065_0.jpg,508,veri,3
VeRi/image_train/0508_c004_00031070_0.jpg,508,veri,3
VeRi/image_train/0508_c006_00031670_2.jpg,508,veri,5
VeRi/image_train/0508_c006_00031680_2.jpg,508,veri,5
VeRi/image_train/0508_c006_00031695_1.jpg,508,veri,5
VeRi/image_train/0508_c006_00031705_1.jpg,508,veri,5
VeRi/image_train/0508_c006_00031730_0.jpg,508,veri,5
VeRi/image_train/0508_c008_00030750_1.jpg,508,veri,7
VeRi/image_train/0508_c008_00030775_1.jpg,508,veri,7
VeRi/image_train/0508_c008_00030800_1.jpg,508,veri,7
VeRi/image_train/0508_c008_00030815_1.jpg,508,veri,7
VeRi/image_train/0508_c008_00030830_0.jpg,508,veri,7
VeRi/image_train/0508_c009_00030890_1.jpg,508,veri,8
VeRi/image_train/0508_c009_00030895_1.jpg,508,veri,8
VeRi/image_train/0508_c009_00030900_1.jpg,508,veri,8
VeRi/image_train/0508_c009_00030905_1.jpg,508,veri,8
VeRi/image_train/0508_c009_00030915_0.jpg,508,veri,8
VeRi/image_train/0508_c009_00030950_0.jpg,508,veri,8
VeRi/image_train/0508_c009_00030955_1.jpg,508,veri,8
VeRi/image_train/0508_c009_00030960_1.jpg,508,veri,8
VeRi/image_train/0508_c009_00030990_1.jpg,508,veri,8
VeRi/image_train/0508_c010_00031625_0.jpg,508,veri,9
VeRi/image_train/0508_c010_00031630_0.jpg,508,veri,9
VeRi/image_train/0508_c010_00031635_1.jpg,508,veri,9
VeRi/image_train/0508_c010_00031640_1.jpg,508,veri,9
VeRi/image_train/0508_c010_00031645_1.jpg,508,veri,9
VeRi/image_train/0508_c010_00031650_1.jpg,508,veri,9
VeRi/image_train/0508_c011_00031615_1.jpg,508,veri,10
VeRi/image_train/0508_c011_00031625_1.jpg,508,veri,10
VeRi/image_train/0508_c011_00031650_1.jpg,508,veri,10
VeRi/image_train/0508_c011_00031655_0.jpg,508,veri,10
VeRi/image_train/0508_c011_00031660_0.jpg,508,veri,10
VeRi/image_train/0508_c011_00031700_0.jpg,508,veri,10
VeRi/image_train/0508_c012_00036405_0.jpg,508,veri,11
VeRi/image_train/0508_c012_00036410_0.jpg,508,veri,11
VeRi/image_train/0508_c012_00036415_0.jpg,508,veri,11
VeRi/image_train/0508_c012_00036420_0.jpg,508,veri,11
VeRi/image_train/0508_c012_00036425_0.jpg,508,veri,11
VeRi/image_train/0508_c012_00036430_0.jpg,508,veri,11
VeRi/image_train/0508_c013_00036260_0.jpg,508,veri,12
VeRi/image_train/0508_c013_00036265_0.jpg,508,veri,12
VeRi/image_train/0508_c013_00036280_0.jpg,508,veri,12
VeRi/image_train/0508_c013_00036285_0.jpg,508,veri,12
VeRi/image_train/0508_c013_00036295_0.jpg,508,veri,12
VeRi/image_train/0508_c014_00037975_0.jpg,508,veri,13
VeRi/image_train/0508_c014_00037980_0.jpg,508,veri,13
VeRi/image_train/0508_c014_00037985_0.jpg,508,veri,13
VeRi/image_train/0508_c014_00037990_0.jpg,508,veri,13
VeRi/image_train/0508_c014_00037995_0.jpg,508,veri,13
VeRi/image_train/0508_c014_00038000_0.jpg,508,veri,13
VeRi/image_train/0508_c015_00037785_0.jpg,508,veri,14
VeRi/image_train/0508_c015_00037790_0.jpg,508,veri,14
VeRi/image_train/0508_c015_00037795_0.jpg,508,veri,14
VeRi/image_train/0508_c015_00037810_0.jpg,508,veri,14
VeRi/image_train/0508_c015_00037815_0.jpg,508,veri,14
VeRi/image_train/0508_c015_00037820_0.jpg,508,veri,14
VeRi/image_train/0508_c016_00038630_0.jpg,508,veri,15
VeRi/image_train/0508_c016_00038635_0.jpg,508,veri,15
VeRi/image_train/0508_c016_00038640_0.jpg,508,veri,15
VeRi/image_train/0508_c017_00036870_0.jpg,508,veri,16
VeRi/image_train/0508_c017_00036880_0.jpg,508,veri,16
VeRi/image_train/0508_c017_00036885_0.jpg,508,veri,16
VeRi/image_train/0508_c017_00036890_0.jpg,508,veri,16
VeRi/image_train/0508_c017_00036895_0.jpg,508,veri,16
VeRi/image_train/0508_c017_00036905_0.jpg,508,veri,16
VeRi/image_train/0508_c019_00037065_0.jpg,508,veri,18
VeRi/image_train/0508_c019_00037070_0.jpg,508,veri,18
VeRi/image_train/0508_c019_00037080_0.jpg,508,veri,18
VeRi/image_train/0508_c019_00037085_0.jpg,508,veri,18
VeRi/image_train/0508_c019_00037090_0.jpg,508,veri,18
VeRi/image_train/0526_c002_00007225_1.jpg,526,veri,1
VeRi/image_train/0526_c002_00007235_1.jpg,526,veri,1
VeRi/image_train/0526_c002_00007245_0.jpg,526,veri,1
VeRi/image_train/0526_c002_00007275_1.jpg,526,veri,1
VeRi/image_train/0526_c002_00007295_0.jpg,526,veri,1
VeRi/image_train/0526_c002_00007315_0.jpg,526,veri,1
VeRi/image_train/0526_c002_00008995_0.jpg,526,veri,1
VeRi/image_train/0526_c002_00009005_0.jpg,526,veri,1
VeRi/image_train/0526_c002_00009015_0.jpg,526,veri,1
VeRi/image_train/0526_c002_00009025_0.jpg,526,veri,1
VeRi/image_train/0526_c002_00009035_0.jpg,526,veri,1
VeRi/image_train/0526_c002_00009065_0.jpg,526,veri,1
VeRi/image_train/0526_c003_00011030_0.jpg,526,veri,2
VeRi/image_train/0526_c003_00011035_0.jpg,526,veri,2
VeRi/image_train/0526_c003_00011040_0.jpg,526,veri,2
VeRi/image_train/0526_c003_00011045_0.jpg,526,veri,2
VeRi/image_train/0526_c003_00011050_0.jpg,526,veri,2
VeRi/image_train/0526_c003_00011055_0.jpg,526,veri,2
VeRi/image_train/0526_c004_00010945_0.jpg,526,veri,3
VeRi/image_train/0526_c004_00010955_0.jpg,526,veri,3
VeRi/image_train/0526_c004_00010965_0.jpg,526,veri,3
VeRi/image_train/0526_c004_00010975_0.jpg,526,veri,3
VeRi/image_train/0526_c004_00010985_0.jpg,526,veri,3
VeRi/image_train/0526_c004_00010995_0.jpg,526,veri,3
VeRi/image_train/0526_c006_00010310_1.jpg,526,veri,5
VeRi/image_train/0526_c006_00010345_1.jpg,526,veri,5
VeRi/image_train/0526_c006_00010370_1.jpg,526,veri,5
VeRi/image_train/0526_c006_00010385_1.jpg,526,veri,5
VeRi/image_train/0526_c006_00010400_1.jpg,526,veri,5
VeRi/image_train/0526_c006_00010420_0.jpg,526,veri,5
VeRi/image_train/0526_c008_00011265_0.jpg,526,veri,7
VeRi/image_train/0526_c008_00011275_0.jpg,526,veri,7
VeRi/image_train/0526_c009_00011140_0.jpg,526,veri,8
VeRi/image_train/0526_c009_00011145_0.jpg,526,veri,8
VeRi/image_train/0526_c009_00011150_0.jpg,526,veri,8
VeRi/image_train/0526_c009_00011160_0.jpg,526,veri,8
VeRi/image_train/0526_c009_00011165_0.jpg,526,veri,8
VeRi/image_train/0526_c009_00011170_0.jpg,526,veri,8
VeRi/image_train/0526_c010_00010505_1.jpg,526,veri,9
VeRi/image_train/0526_c010_00010510_0.jpg,526,veri,9
VeRi/image_train/0526_c010_00010515_0.jpg,526,veri,9
VeRi/image_train/0526_c010_00010520_0.jpg,526,veri,9
VeRi/image_train/0526_c010_00010525_0.jpg,526,veri,9
VeRi/image_train/0526_c010_00010530_0.jpg,526,veri,9
VeRi/image_train/0526_c011_00010255_1.jpg,526,veri,10
VeRi/image_train/0526_c011_00010265_1.jpg,526,veri,10
VeRi/image_train/0526_c011_00010275_1.jpg,526,veri,10
VeRi/image_train/0526_c011_00010285_1.jpg,526,veri,10
VeRi/image_train/0526_c011_00010305_1.jpg,526,veri,10
VeRi/image_train/0526_c011_00010330_0.jpg,526,veri,10
VeRi/image_train/0528_c001_00076845_0.jpg,528,veri,0
VeRi/image_train/0528_c001_00076855_0.jpg,528,veri,0
VeRi/image_train/0528_c001_00076865_0.jpg,528,veri,0
VeRi/image_train/0528_c001_00076875_0.jpg,528,veri,0
VeRi/image_train/0528_c001_00076885_0.jpg,528,veri,0
VeRi/image_train/0528_c001_00076920_0.jpg,528,veri,0
VeRi/image_train/0528_c012_00077400_1.jpg,528,veri,11
VeRi/image_train/0528_c012_00077405_1.jpg,528,veri,11
VeRi/image_train/0528_c012_00077415_0.jpg,528,veri,11
VeRi/image_train/0528_c012_00077425_0.jpg,528,veri,11
VeRi/image_train/0528_c012_00077435_0.jpg,528,veri,11
VeRi/image_train/0528_c012_00077445_0.jpg,528,veri,11
VeRi/image_train/0528_c013_00077260_0.jpg,528,veri,12
VeRi/image_train/0528_c013_00077265_0.jpg,528,veri,12
VeRi/image_train/0528_c013_00077270_0.jpg,528,veri,12
VeRi/image_train/0528_c013_00077275_0.jpg,528,veri,12
VeRi/image_train/0528_c013_00077280_0.jpg,528,veri,12
VeRi/image_train/0528_c013_00077285_0.jpg,528,veri,12
VeRi/image_train/0528_c014_00079235_0.jpg,528,veri,13
VeRi/image_train/0528_c014_00079240_0.jpg,528,veri,13
VeRi/image_train/0528_c014_00079245_0.jpg,528,veri,13
VeRi/image_train/0528_c014_00079250_0.jpg,528,veri,13
VeRi/image_train/0528_c014_00079255_0.jpg,528,veri,13
VeRi/image_train/0528_c014_00079260_0.jpg,528,veri,13
VeRi/image_train/0528_c014_00083880_0.jpg,528,veri,13
VeRi/image_train/0528_c014_00083885_0.jpg,528,veri,13
VeRi/image_train/0528_c014_00083890_0.jpg,528,veri,13
VeRi/image_train/0528_c014_00083895_0.jpg,528,veri,13
VeRi/image_train/0528_c014_00083900_0.jpg,528,veri,13
VeRi/image_train/0528_c014_00083915_0.jpg,528,veri,13
VeRi/image_train/0528_c015_00079050_0.jpg,528,veri,14
VeRi/image_train/0528_c015_00079055_0.jpg,528,veri,14
VeRi/image_train/0528_c015_00079070_0.jpg,528,veri,14
VeRi/image_train/0528_c015_00079075_0.jpg,528,veri,14
VeRi/image_train/0528_c015_00079080_0.jpg,528,veri,14
VeRi/image_train/0528_c015_00079085_0.jpg,528,veri,14
VeRi/image_train/0528_c015_00083915_0.jpg,528,veri,14
VeRi/image_train/0528_c015_00083920_0.jpg,528,veri,14
VeRi/image_train/0528_c015_00083925_0.jpg,528,veri,14
VeRi/image_train/0528_c015_00083930_0.jpg,528,veri,14
VeRi/image_train/0528_c015_00083935_0.jpg,528,veri,14
VeRi/image_train/0528_c015_00083940_0.jpg,528,veri,14
VeRi/image_train/0528_c016_00079590_0.jpg,528,veri,15
VeRi/image_train/0528_c016_00079610_0.jpg,528,veri,15
VeRi/image_train/0528_c016_00079625_0.jpg,528,veri,15
VeRi/image_train/0528_c016_00079630_0.jpg,528,veri,15
VeRi/image_train/0528_c016_00079635_0.jpg,528,veri,15
VeRi/image_train/0528_c016_00079640_0.jpg,528,veri,15
VeRi/image_train/0528_c016_00083685_0.jpg,528,veri,15
VeRi/image_train/0528_c016_00083690_0.jpg,528,veri,15
VeRi/image_train/0528_c016_00083695_0.jpg,528,veri,15
VeRi/image_train/0528_c016_00083700_0.jpg,528,veri,15
VeRi/image_train/0528_c016_00083710_0.jpg,528,veri,15
VeRi/image_train/0528_c016_00083715_0.jpg,528,veri,15
VeRi/image_train/0528_c017_00078260_0.jpg,528,veri,16
VeRi/image_train/0528_c017_00078265_0.jpg,528,veri,16
VeRi/image_train/0528_c017_00078275_0.jpg,528,veri,16
VeRi/image_train/0528_c017_00078285_0.jpg,528,veri,16
VeRi/image_train/0528_c017_00078300_0.jpg,528,veri,16
VeRi/image_train/0528_c017_00078315_0.jpg,528,veri,16
VeRi/image_train/0528_c019_00078480_0.jpg,528,veri,18
VeRi/image_train/0528_c019_00078485_0.jpg,528,veri,18
VeRi/image_train/0528_c019_00078490_0.jpg,528,veri,18
VeRi/image_train/0528_c019_00078500_0.jpg,528,veri,18
VeRi/image_train/0528_c019_00078515_0.jpg,528,veri,18
VeRi/image_train/0528_c019_00078520_0.jpg,528,veri,18
VeRi/image_train/0530_c014_00071360_0.jpg,530,veri,13
VeRi/image_train/0530_c014_00071365_0.jpg,530,veri,13
VeRi/image_train/0530_c014_00071370_0.jpg,530,veri,13
VeRi/image_train/0530_c014_00071375_0.jpg,530,veri,13
VeRi/image_train/0530_c014_00071380_0.jpg,530,veri,13
VeRi/image_train/0530_c014_00071385_0.jpg,530,veri,13
VeRi/image_train/0530_c015_00071380_0.jpg,530,veri,14
VeRi/image_train/0530_c015_00071385_0.jpg,530,veri,14
VeRi/image_train/0530_c015_00071390_0.jpg,530,veri,14
VeRi/image_train/0530_c015_00071395_0.jpg,530,veri,14
VeRi/image_train/0530_c015_00071400_0.jpg,530,veri,14
VeRi/image_train/0530_c015_00071405_0.jpg,530,veri,14
VeRi/image_train/0530_c016_00071150_0.jpg,530,veri,15
VeRi/image_train/0530_c016_00071155_0.jpg,530,veri,15
VeRi/image_train/0530_c016_00071160_0.jpg,530,veri,15
VeRi/image_train/0530_c016_00071165_0.jpg,530,veri,15
VeRi/image_train/0530_c016_00071170_0.jpg,530,veri,15
VeRi/image_train/0530_c016_00071175_0.jpg,530,veri,15
VeRi/image_train/0530_c017_00072445_1.jpg,530,veri,16
VeRi/image_train/0530_c017_00072460_1.jpg,530,veri,16
VeRi/image_train/0530_c017_00072470_0.jpg,530,veri,16
VeRi/image_train/0530_c017_00072480_0.jpg,530,veri,16
VeRi/image_train/0530_c017_00072505_0.jpg,530,veri,16
VeRi/image_train/0530_c017_00072520_0.jpg,530,veri,16
VeRi/image_train/0530_c019_00072175_0.jpg,530,veri,18
VeRi/image_train/0530_c019_00072180_0.jpg,530,veri,18
VeRi/image_train/0530_c019_00072185_0.jpg,530,veri,18
VeRi/image_train/0530_c019_00072190_0.jpg,530,veri,18
VeRi/image_train/0530_c019_00072195_0.jpg,530,veri,18
VeRi/image_train/0530_c019_00072205_0.jpg,530,veri,18
VeRi/image_train/0544_c001_00005295_0.jpg,544,veri,0
VeRi/image_train/0544_c001_00005300_0.jpg,544,veri,0
VeRi/image_train/0544_c001_00005305_0.jpg,544,veri,0
VeRi/image_train/0544_c001_00005310_0.jpg,544,veri,0
VeRi/image_train/0544_c001_00005315_0.jpg,544,veri,0
VeRi/image_train/0544_c001_00005320_0.jpg,544,veri,0
VeRi/image_train/0544_c002_00011575_1.jpg,544,veri,1
VeRi/image_train/0544_c002_00011585_1.jpg,544,veri,1
VeRi/image_train/0544_c002_00011595_1.jpg,544,veri,1
VeRi/image_train/0544_c002_00011605_0.jpg,544,veri,1
VeRi/image_train/0544_c002_00011620_0.jpg,544,veri,1
VeRi/image_train/0544_c002_00011635_0.jpg,544,veri,1
VeRi/image_train/0544_c002_00043380_0.jpg,544,veri,1
VeRi/image_train/0544_c002_00043400_0.jpg,544,veri,1
VeRi/image_train/0544_c002_00043420_0.jpg,544,veri,1
VeRi/image_train/0544_c002_00043430_0.jpg,544,veri,1
VeRi/image_train/0544_c002_00043440_0.jpg,544,veri,1
VeRi/image_train/0544_c002_00043460_0.jpg,544,veri,1
VeRi/image_train/0544_c003_00012905_0.jpg,544,veri,2
VeRi/image_train/0544_c003_00012915_0.jpg,544,veri,2
VeRi/image_train/0544_c003_00012925_0.jpg,544,veri,2
VeRi/image_train/0544_c003_00012935_0.jpg,544,veri,2
VeRi/image_train/0544_c003_00012945_0.jpg,544,veri,2
VeRi/image_train/0544_c003_00012955_0.jpg,544,veri,2
VeRi/image_train/0544_c003_00041945_0.jpg,544,veri,2
VeRi/image_train/0544_c003_00041950_0.jpg,544,veri,2
VeRi/image_train/0544_c003_00041955_0.jpg,544,veri,2
VeRi/image_train/0544_c003_00041960_0.jpg,544,veri,2
VeRi/image_train/0544_c003_00041965_0.jpg,544,veri,2
VeRi/image_train/0544_c003_00041970_0.jpg,544,veri,2
VeRi/image_train/0544_c004_00012820_0.jpg,544,veri,3
VeRi/image_train/0544_c004_00012835_0.jpg,544,veri,3
VeRi/image_train/0544_c004_00012840_0.jpg,544,veri,3
VeRi/image_train/0544_c004_00012845_0.jpg,544,veri,3
VeRi/image_train/0544_c004_00012850_0.jpg,544,veri,3
VeRi/image_train/0544_c004_00012855_0.jpg,544,veri,3
VeRi/image_train/0544_c004_00041870_0.jpg,544,veri,3
VeRi/image_train/0544_c004_00041875_0.jpg,544,veri,3
VeRi/image_train/0544_c004_00041880_0.jpg,544,veri,3
VeRi/image_train/0544_c004_00041885_0.jpg,544,veri,3
VeRi/image_train/0544_c004_00041890_0.jpg,544,veri,3
VeRi/image_train/0544_c004_00041895_0.jpg,544,veri,3
VeRi/image_train/0544_c006_00012280_1.jpg,544,veri,5
VeRi/image_train/0544_c006_00012285_1.jpg,544,veri,5
VeRi/image_train/0544_c006_00012300_0.jpg,544,veri,5
VeRi/image_train/0544_c006_00012310_0.jpg,544,veri,5
VeRi/image_train/0544_c006_00012315_0.jpg,544,veri,5
VeRi/image_train/0544_c006_00012320_0.jpg,544,veri,5
VeRi/image_train/0544_c006_00042390_0.jpg,544,veri,5
VeRi/image_train/0544_c006_00042405_0.jpg,544,veri,5
VeRi/image_train/0544_c006_00042415_0.jpg,544,veri,5
VeRi/image_train/0544_c006_00042430_1.jpg,544,veri,5
VeRi/image_train/0544_c006_00042445_0.jpg,544,veri,5
VeRi/image_train/0544_c006_00042460_0.jpg,544,veri,5
VeRi/image_train/0544_c008_00013090_0.jpg,544,veri,7
VeRi/image_train/0544_c008_00013095_0.jpg,544,veri,7
VeRi/image_train/0544_c008_00013100_0.jpg,544,veri,7
VeRi/image_train/0544_c008_00013105_0.jpg,544,veri,7
VeRi/image_train/0544_c008_00013110_0.jpg,544,veri,7
VeRi/image_train/0544_c008_00041760_0.jpg,544,veri,7
VeRi/image_train/0544_c008_00041770_0.jpg,544,veri,7
VeRi/image_train/0544_c008_00041780_0.jpg,544,veri,7
VeRi/image_train/0544_c008_00041785_0.jpg,544,veri,7
VeRi/image_train/0544_c009_00012995_0.jpg,544,veri,8
VeRi/image_train/0544_c009_00013000_0.jpg,544,veri,8
VeRi/image_train/0544_c009_00013005_0.jpg,544,veri,8
VeRi/image_train/0544_c009_00013015_0.jpg,544,veri,8
VeRi/image_train/0544_c009_00041830_0.jpg,544,veri,8
VeRi/image_train/0544_c009_00041835_0.jpg,544,veri,8
VeRi/image_train/0544_c009_00041840_0.jpg,544,veri,8
VeRi/image_train/0544_c009_00041845_0.jpg,544,veri,8
VeRi/image_train/0544_c009_00041850_0.jpg,544,veri,8
VeRi/image_train/0544_c009_00041855_0.jpg,544,veri,8
VeRi/image_train/0544_c010_00012380_0.jpg,544,veri,9
VeRi/image_train/0544_c010_00012385_0.jpg,544,veri,9
VeRi/image_train/0544_c010_00012390_0.jpg,544,veri,9
VeRi/image_train/0544_c010_00012395_0.jpg,544,veri,9
VeRi/image_train/0544_c010_00012400_0.jpg,544,veri,9
VeRi/image_train/0544_c010_00012405_0.jpg,544,veri,9
VeRi/image_train/0544_c010_00042340_0.jpg,544,veri,9
VeRi/image_train/0544_c010_00042345_0.jpg,544,veri,9
VeRi/image_train/0544_c010_00042350_0.jpg,544,veri,9
VeRi/image_train/0544_c010_00042355_0.jpg,544,veri,9
VeRi/image_train/0544_c010_00042360_0.jpg,544,veri,9
VeRi/image_train/0544_c010_00042365_0.jpg,544,veri,9
VeRi/image_train/0544_c011_00012200_1.jpg,544,veri,10
VeRi/image_train/0544_c011_00012210_1.jpg,544,veri,10
VeRi/image_train/0544_c011_00012220_0.jpg,544,veri,10
VeRi/image_train/0544_c011_00012230_0.jpg,544,veri,10
VeRi/image_train/0544_c011_00012240_0.jpg,544,veri,10
VeRi/image_train/0544_c011_00042340_0.jpg,544,veri,10
VeRi/image_train/0544_c011_00042345_0.jpg,544,veri,10
VeRi/image_train/0544_c011_00042350_0.jpg,544,veri,10
VeRi/image_train/0544_c011_00042355_0.jpg,544,veri,10
VeRi/image_train/0544_c011_00042385_0.jpg,544,veri,10
VeRi/image_train/0544_c011_00042430_0.jpg,544,veri,10
VeRi/image_train/0544_c012_00003710_0.jpg,544,veri,11
VeRi/image_train/0544_c012_00003715_0.jpg,544,veri,11
VeRi/image_train/0544_c012_00003720_0.jpg,544,veri,11
VeRi/image_train/0544_c012_00003725_0.jpg,544,veri,11
VeRi/image_train/0544_c012_00003730_0.jpg,544,veri,11
VeRi/image_train/0544_c012_00003735_0.jpg,544,veri,11
VeRi/image_train/0544_c013_00003805_0.jpg,544,veri,12
VeRi/image_train/0544_c013_00003810_0.jpg,544,veri,12
VeRi/image_train/0544_c013_00003825_0.jpg,544,veri,12
VeRi/image_train/0544_c013_00003830_0.jpg,544,veri,12
VeRi/image_train/0544_c013_00003840_0.jpg,544,veri,12
VeRi/image_train/0544_c014_00002480_0.jpg,544,veri,13
VeRi/image_train/0544_c014_00002490_0.jpg,544,veri,13
VeRi/image_train/0544_c016_00002290_0.jpg,544,veri,15
VeRi/image_train/0544_c016_00002295_0.jpg,544,veri,15
VeRi/image_train/0544_c016_00002300_0.jpg,544,veri,15
VeRi/image_train/0544_c016_00002305_0.jpg,544,veri,15
VeRi/image_train/0544_c016_00002310_0.jpg,544,veri,15
VeRi/image_train/0544_c016_00002315_0.jpg,544,veri,15
VeRi/image_train/0544_c017_00003270_2.jpg,544,veri,16
VeRi/image_train/0544_c017_00003285_2.jpg,544,veri,16
VeRi/image_train/0544_c017_00003300_2.jpg,544,veri,16
VeRi/image_train/0544_c017_00003315_2.jpg,544,veri,16
VeRi/image_train/0544_c017_00003330_2.jpg,544,veri,16
VeRi/image_train/0544_c019_00003170_0.jpg,544,veri,18
VeRi/image_train/0544_c019_00003175_0.jpg,544,veri,18
VeRi/image_train/0544_c019_00003180_0.jpg,544,veri,18
VeRi/image_train/0544_c019_00003185_0.jpg,544,veri,18
VeRi/image_train/0544_c019_00003190_0.jpg,544,veri,18
VeRi/image_train/0544_c019_00003195_0.jpg,544,veri,18
VeRi/image_train/0551_c001_00082930_0.jpg,551,veri,0
VeRi/image_train/0551_c001_00082940_0.jpg,551,veri,0
VeRi/image_train/0551_c001_00082950_0.jpg,551,veri,0
VeRi/image_train/0551_c001_00082955_0.jpg,551,veri,0
VeRi/image_train/0551_c001_00082960_0.jpg,551,veri,0
VeRi/image_train/0551_c001_00082970_0.jpg,551,veri,0
VeRi/image_train/0551_c002_00083520_0.jpg,551,veri,1
VeRi/image_train/0551_c002_00083530_0.jpg,551,veri,1
VeRi/image_train/0551_c002_00083540_0.jpg,551,veri,1
VeRi/image_train/0551_c002_00083550_0.jpg,551,veri,1
VeRi/image_train/0551_c002_00083565_0.jpg,551,veri,1
VeRi/image_train/0551_c002_00083575_0.jpg,551,veri,1
VeRi/image_train/0551_c003_00052290_0.jpg,551,veri,2
VeRi/image_train/0551_c003_00052300_0.jpg,551,veri,2
VeRi/image_train/0551_c003_00052305_0.jpg,551,veri,2
VeRi/image_train/0551_c003_00052310_0.jpg,551,veri,2
VeRi/image_train/0551_c003_00052315_0.jpg,551,veri,2
VeRi/image_train/0551_c003_00052320_0.jpg,551,veri,2
VeRi/image_train/0551_c004_00052235_0.jpg,551,veri,3
VeRi/image_train/0551_c004_00052240_0.jpg,551,veri,3
VeRi/image_train/0551_c004_00052245_0.jpg,551,veri,3
VeRi/image_train/0551_c004_00052250_0.jpg,551,veri,3
VeRi/image_train/0551_c004_00052255_0.jpg,551,veri,3
VeRi/image_train/0551_c004_00052265_0.jpg,551,veri,3
VeRi/image_train/0551_c005_00053010_0.jpg,551,veri,4
VeRi/image_train/0551_c005_00053020_0.jpg,551,veri,4
VeRi/image_train/0551_c005_00053030_0.jpg,551,veri,4
VeRi/image_train/0551_c005_00053045_0.jpg,551,veri,4
VeRi/image_train/0551_c005_00053060_0.jpg,551,veri,4
VeRi/image_train/0551_c005_00053075_0.jpg,551,veri,4
VeRi/image_train/0551_c006_00051035_1.jpg,551,veri,5
VeRi/image_train/0551_c006_00051060_0.jpg,551,veri,5
VeRi/image_train/0551_c006_00051080_0.jpg,551,veri,5
VeRi/image_train/0551_c006_00051095_0.jpg,551,veri,5
VeRi/image_train/0551_c006_00051115_0.jpg,551,veri,5
VeRi/image_train/0551_c006_00051155_0.jpg,551,veri,5
VeRi/image_train/0551_c007_00053110_0.jpg,551,veri,6
VeRi/image_train/0551_c007_00053115_0.jpg,551,veri,6
VeRi/image_train/0551_c007_00053120_0.jpg,551,veri,6
VeRi/image_train/0551_c007_00053130_0.jpg,551,veri,6
VeRi/image_train/0551_c007_00053135_0.jpg,551,veri,6
VeRi/image_train/0551_c007_00053140_0.jpg,551,veri,6
VeRi/image_train/0551_c008_00052510_0.jpg,551,veri,7
VeRi/image_train/0551_c008_00052515_0.jpg,551,veri,7
VeRi/image_train/0551_c008_00052520_0.jpg,551,veri,7
VeRi/image_train/0551_c008_00052525_0.jpg,551,veri,7
VeRi/image_train/0551_c008_00052530_0.jpg,551,veri,7
VeRi/image_train/0551_c008_00052535_0.jpg,551,veri,7
VeRi/image_train/0551_c009_00052445_1.jpg,551,veri,8
VeRi/image_train/0551_c009_00052450_0.jpg,551,veri,8
VeRi/image_train/0551_c009_00052455_0.jpg,551,veri,8
VeRi/image_train/0551_c009_00052460_0.jpg,551,veri,8
VeRi/image_train/0551_c009_00052465_1.jpg,551,veri,8
VeRi/image_train/0551_c009_00052470_0.jpg,551,veri,8
VeRi/image_train/0551_c010_00051365_0.jpg,551,veri,9
VeRi/image_train/0551_c010_00051370_0.jpg,551,veri,9
VeRi/image_train/0551_c010_00051375_0.jpg,551,veri,9
VeRi/image_train/0551_c010_00051380_0.jpg,551,veri,9
VeRi/image_train/0551_c010_00051385_0.jpg,551,veri,9
VeRi/image_train/0551_c010_00051390_0.jpg,551,veri,9
VeRi/image_train/0551_c011_00051040_1.jpg,551,veri,10
VeRi/image_train/0551_c011_00051075_0.jpg,551,veri,10
VeRi/image_train/0551_c011_00051090_0.jpg,551,veri,10
VeRi/image_train/0551_c011_00051105_0.jpg,551,veri,10
VeRi/image_train/0551_c011_00051145_0.jpg,551,veri,10
VeRi/image_train/0551_c011_00051155_0.jpg,551,veri,10
VeRi/image_train/0551_c012_00081130_0.jpg,551,veri,11
VeRi/image_train/0551_c012_00081135_0.jpg,551,veri,11
VeRi/image_train/0551_c012_00081140_0.jpg,551,veri,11
VeRi/image_train/0551_c012_00081145_0.jpg,551,veri,11
VeRi/image_train/0551_c012_00081150_0.jpg,551,veri,11
VeRi/image_train/0551_c012_00081160_0.jpg,551,veri,11
VeRi/image_train/0551_c013_00081240_0.jpg,551,veri,12
VeRi/image_train/0551_c013_00081245_0.jpg,551,veri,12
VeRi/image_train/0551_c013_00081250_0.jpg,551,veri,12
VeRi/image_train/0551_c013_00081255_0.jpg,551,veri,12
VeRi/image_train/0551_c013_00081260_0.jpg,551,veri,12
VeRi/image_train/0551_c013_00081265_0.jpg,551,veri,12
VeRi/image_train/0551_c014_00079010_0.jpg,551,veri,13
VeRi/image_train/0551_c014_00079025_0.jpg,551,veri,13
VeRi/image_train/0551_c014_00079040_0.jpg,551,veri,13
VeRi/image_train/0551_c014_00079045_0.jpg,551,veri,13
VeRi/image_train/0551_c014_00079050_0.jpg,551,veri,13
VeRi/image_train/0551_c014_00079055_0.jpg,551,veri,13
VeRi/image_train/0551_c015_00079085_1.jpg,551,veri,14
VeRi/image_train/0551_c015_00079090_0.jpg,551,veri,14
VeRi/image_train/0551_c015_00079095_0.jpg,551,veri,14
VeRi/image_train/0551_c015_00079100_0.jpg,551,veri,14
VeRi/image_train/0551_c015_00079105_0.jpg,551,veri,14
VeRi/image_train/0551_c015_00079110_0.jpg,551,veri,14
VeRi/image_train/0551_c016_00078775_0.jpg,551,veri,15
VeRi/image_train/0551_c016_00078780_0.jpg,551,veri,15
VeRi/image_train/0551_c016_00078785_0.jpg,551,veri,15
VeRi/image_train/0551_c016_00078790_0.jpg,551,veri,15
VeRi/image_train/0551_c016_00078795_0.jpg,551,veri,15
VeRi/image_train/0551_c016_00078800_0.jpg,551,veri,15
VeRi/image_train/0551_c017_00080420_0.jpg,551,veri,16
VeRi/image_train/0551_c017_00080430_0.jpg,551,veri,16
VeRi/image_train/0551_c017_00080440_0.jpg,551,veri,16
VeRi/image_train/0551_c017_00080450_0.jpg,551,veri,16
VeRi/image_train/0551_c017_00080455_0.jpg,551,veri,16
VeRi/image_train/0551_c017_00080460_0.jpg,551,veri,16
VeRi/image_train/0551_c019_00080125_0.jpg,551,veri,18
VeRi/image_train/0551_c019_00080130_0.jpg,551,veri,18
VeRi/image_train/0551_c019_00080145_0.jpg,551,veri,18
VeRi/image_train/0551_c019_00080155_0.jpg,551,veri,18
VeRi/image_train/0551_c019_00080165_0.jpg,551,veri,18
VeRi/image_train/0551_c019_00080175_0.jpg,551,veri,18
VeRi/image_train/0555_c002_00071380_0.jpg,555,veri,1
VeRi/image_train/0555_c002_00071390_0.jpg,555,veri,1
VeRi/image_train/0555_c002_00071400_0.jpg,555,veri,1
VeRi/image_train/0555_c002_00071410_0.jpg,555,veri,1
VeRi/image_train/0555_c002_00071420_0.jpg,555,veri,1
VeRi/image_train/0555_c002_00071430_0.jpg,555,veri,1
VeRi/image_train/0555_c003_00073480_0.jpg,555,veri,2
VeRi/image_train/0555_c003_00073485_0.jpg,555,veri,2
VeRi/image_train/0555_c003_00073490_0.jpg,555,veri,2
VeRi/image_train/0555_c003_00073495_0.jpg,555,veri,2
VeRi/image_train/0555_c003_00073500_0.jpg,555,veri,2
VeRi/image_train/0555_c003_00073505_0.jpg,555,veri,2
VeRi/image_train/0555_c004_00073400_0.jpg,555,veri,3
VeRi/image_train/0555_c004_00073415_0.jpg,555,veri,3
VeRi/image_train/0555_c004_00073425_0.jpg,555,veri,3
VeRi/image_train/0555_c004_00073440_0.jpg,555,veri,3
VeRi/image_train/0555_c004_00073455_0.jpg,555,veri,3
VeRi/image_train/0555_c004_00073460_0.jpg,555,veri,3
VeRi/image_train/0555_c005_00085505_0.jpg,555,veri,4
VeRi/image_train/0555_c005_00085515_0.jpg,555,veri,4
VeRi/image_train/0555_c005_00085530_0.jpg,555,veri,4
VeRi/image_train/0555_c005_00085540_0.jpg,555,veri,4
VeRi/image_train/0555_c005_00085555_0.jpg,555,veri,4
VeRi/image_train/0555_c005_00085570_0.jpg,555,veri,4
VeRi/image_train/0555_c006_00072310_0.jpg,555,veri,5
VeRi/image_train/0555_c006_00072340_1.jpg,555,veri,5
VeRi/image_train/0555_c006_00072360_0.jpg,555,veri,5
VeRi/image_train/0555_c006_00072385_0.jpg,555,veri,5
VeRi/image_train/0555_c006_00072405_0.jpg,555,veri,5
VeRi/image_train/0555_c006_00072420_0.jpg,555,veri,5
VeRi/image_train/0555_c007_00085625_0.jpg,555,veri,6
VeRi/image_train/0555_c007_00085630_1.jpg,555,veri,6
VeRi/image_train/0555_c007_00085635_1.jpg,555,veri,6
VeRi/image_train/0555_c007_00085640_1.jpg,555,veri,6
VeRi/image_train/0555_c007_00085650_0.jpg,555,veri,6
VeRi/image_train/0555_c007_00085660_0.jpg,555,veri,6
VeRi/image_train/0555_c008_00083285_0.jpg,555,veri,7
VeRi/image_train/0555_c008_00083290_0.jpg,555,veri,7
VeRi/image_train/0555_c008_00083295_0.jpg,555,veri,7
VeRi/image_train/0555_c008_00083300_0.jpg,555,veri,7
VeRi/image_train/0555_c008_00083305_0.jpg,555,veri,7
VeRi/image_train/0555_c008_00083310_0.jpg,555,veri,7
VeRi/image_train/0555_c009_00083100_0.jpg,555,veri,8
VeRi/image_train/0555_c009_00083105_0.jpg,555,veri,8
VeRi/image_train/0555_c009_00083110_0.jpg,555,veri,8
VeRi/image_train/0555_c009_00083115_0.jpg,555,veri,8
VeRi/image_train/0555_c009_00083120_0.jpg,555,veri,8
VeRi/image_train/0555_c009_00083125_0.jpg,555,veri,8
VeRi/image_train/0555_c010_00072610_0.jpg,555,veri,9
VeRi/image_train/0555_c010_00072625_0.jpg,555,veri,9
VeRi/image_train/0555_c010_00072630_0.jpg,555,veri,9
VeRi/image_train/0555_c010_00072635_0.jpg,555,veri,9
VeRi/image_train/0555_c010_00072640_0.jpg,555,veri,9
VeRi/image_train/0555_c010_00072645_0.jpg,555,veri,9
VeRi/image_train/0555_c011_00072355_0.jpg,555,veri,10
VeRi/image_train/0555_c011_00072370_0.jpg,555,veri,10
VeRi/image_train/0555_c011_00072385_0.jpg,555,veri,10
VeRi/image_train/0555_c011_00072395_0.jpg,555,veri,10
VeRi/image_train/0555_c011_00072405_0.jpg,555,veri,10
VeRi/image_train/0555_c011_00072415_0.jpg,555,veri,10
VeRi/image_train/0056_c001_00053125_0.jpg,56,veri,0
VeRi/image_train/0056_c001_00053135_0.jpg,56,veri,0
VeRi/image_train/0056_c001_00053145_0.jpg,56,veri,0
VeRi/image_train/0056_c001_00053155_0.jpg,56,veri,0
VeRi/image_train/0056_c001_00053165_0.jpg,56,veri,0
VeRi/image_train/0056_c001_00053200_0.jpg,56,veri,0
VeRi/image_train/0056_c001_00075410_0.jpg,56,veri,0
VeRi/image_train/0056_c001_00075420_0.jpg,56,veri,0
VeRi/image_train/0056_c001_00075430_0.jpg,56,veri,0
VeRi/image_train/0056_c001_00075440_0.jpg,56,veri,0
VeRi/image_train/0056_c001_00075445_0.jpg,56,veri,0
VeRi/image_train/0056_c001_00075450_0.jpg,56,veri,0
VeRi/image_train/0056_c002_00008265_0.jpg,56,veri,1
VeRi/image_train/0056_c002_00008285_0.jpg,56,veri,1
VeRi/image_train/0056_c002_00008305_0.jpg,56,veri,1
VeRi/image_train/0056_c002_00008320_0.jpg,56,veri,1
VeRi/image_train/0056_c002_00008335_0.jpg,56,veri,1
VeRi/image_train/0056_c002_00008350_0.jpg,56,veri,1
VeRi/image_train/0056_c003_00006585_1.jpg,56,veri,2
VeRi/image_train/0056_c003_00006595_0.jpg,56,veri,2
VeRi/image_train/0056_c003_00006605_0.jpg,56,veri,2
VeRi/image_train/0056_c003_00006615_0.jpg,56,veri,2
VeRi/image_train/0056_c003_00006625_0.jpg,56,veri,2
VeRi/image_train/0056_c003_00006635_0.jpg,56,veri,2
VeRi/image_train/0056_c004_00006485_0.jpg,56,veri,3
VeRi/image_train/0056_c004_00006495_0.jpg,56,veri,3
VeRi/image_train/0056_c004_00006500_0.jpg,56,veri,3
VeRi/image_train/0056_c004_00006505_0.jpg,56,veri,3
VeRi/image_train/0056_c004_00006510_0.jpg,56,veri,3
VeRi/image_train/0056_c004_00006520_0.jpg,56,veri,3
VeRi/image_train/0056_c006_00007440_0.jpg,56,veri,5
VeRi/image_train/0056_c006_00007450_0.jpg,56,veri,5
VeRi/image_train/0056_c006_00007465_0.jpg,56,veri,5
VeRi/image_train/0056_c006_00007485_0.jpg,56,veri,5
VeRi/image_train/0056_c006_00007505_0.jpg,56,veri,5
VeRi/image_train/0056_c006_00007535_0.jpg,56,veri,5
VeRi/image_train/0056_c008_00006215_0.jpg,56,veri,7
VeRi/image_train/0056_c008_00006225_0.jpg,56,veri,7
VeRi/image_train/0056_c008_00006240_0.jpg,56,veri,7
VeRi/image_train/0056_c008_00006250_0.jpg,56,veri,7
VeRi/image_train/0056_c008_00006260_0.jpg,56,veri,7
VeRi/image_train/0056_c008_00006270_0.jpg,56,veri,7
VeRi/image_train/0056_c009_00006255_0.jpg,56,veri,8
VeRi/image_train/0056_c009_00006260_0.jpg,56,veri,8
VeRi/image_train/0056_c009_00006265_0.jpg,56,veri,8
VeRi/image_train/0056_c009_00006270_0.jpg,56,veri,8
VeRi/image_train/0056_c009_00006275_0.jpg,56,veri,8
VeRi/image_train/0056_c009_00006280_0.jpg,56,veri,8
VeRi/image_train/0056_c010_00007330_1.jpg,56,veri,9
VeRi/image_train/0056_c010_00007340_1.jpg,56,veri,9
VeRi/image_train/0056_c010_00007350_0.jpg,56,veri,9
VeRi/image_train/0056_c010_00007360_1.jpg,56,veri,9
VeRi/image_train/0056_c010_00007365_0.jpg,56,veri,9
VeRi/image_train/0056_c010_00007370_0.jpg,56,veri,9
VeRi/image_train/0056_c011_00007380_0.jpg,56,veri,10
VeRi/image_train/0056_c011_00007385_0.jpg,56,veri,10
VeRi/image_train/0056_c011_00007390_0.jpg,56,veri,10
VeRi/image_train/0056_c011_00007395_0.jpg,56,veri,10
VeRi/image_train/0056_c011_00007430_0.jpg,56,veri,10
VeRi/image_train/0056_c011_00007450_0.jpg,56,veri,10
VeRi/image_train/0056_c012_00053605_0.jpg,56,veri,11
VeRi/image_train/0056_c012_00053610_0.jpg,56,veri,11
VeRi/image_train/0056_c012_00053620_0.jpg,56,veri,11
VeRi/image_train/0056_c012_00053625_0.jpg,56,veri,11
VeRi/image_train/0056_c012_00053630_0.jpg,56,veri,11
VeRi/image_train/0056_c012_00053635_0.jpg,56,veri,11
VeRi/image_train/0056_c012_00075030_0.jpg,56,veri,11
VeRi/image_train/0056_c012_00075045_0.jpg,56,veri,11
VeRi/image_train/0056_c012_00075055_0.jpg,56,veri,11
VeRi/image_train/0056_c012_00075065_0.jpg,56,veri,11
VeRi/image_train/0056_c012_00075075_0.jpg,56,veri,11
VeRi/image_train/0056_c012_00075080_0.jpg,56,veri,11
VeRi/image_train/0056_c013_00053425_0.jpg,56,veri,12
VeRi/image_train/0056_c013_00053430_0.jpg,56,veri,12
VeRi/image_train/0056_c013_00053435_0.jpg,56,veri,12
VeRi/image_train/0056_c013_00053440_0.jpg,56,veri,12
VeRi/image_train/0056_c013_00053445_0.jpg,56,veri,12
VeRi/image_train/0056_c013_00053450_0.jpg,56,veri,12
VeRi/image_train/0056_c013_00075130_0.jpg,56,veri,12
VeRi/image_train/0056_c013_00075135_0.jpg,56,veri,12
VeRi/image_train/0056_c013_00075140_0.jpg,56,veri,12
VeRi/image_train/0056_c013_00075145_0.jpg,56,veri,12
VeRi/image_train/0056_c013_00075150_0.jpg,56,veri,12
VeRi/image_train/0056_c013_00075155_0.jpg,56,veri,12
VeRi/image_train/0056_c014_00055135_0.jpg,56,veri,13
VeRi/image_train/0056_c014_00055140_0.jpg,56,veri,13
VeRi/image_train/0056_c014_00055145_0.jpg,56,veri,13
VeRi/image_train/0056_c014_00055150_0.jpg,56,veri,13
VeRi/image_train/0056_c014_00055155_0.jpg,56,veri,13
VeRi/image_train/0056_c014_00055160_0.jpg,56,veri,13
VeRi/image_train/0056_c014_00073350_0.jpg,56,veri,13
VeRi/image_train/0056_c014_00073360_0.jpg,56,veri,13
VeRi/image_train/0056_c014_00073365_0.jpg,56,veri,13
VeRi/image_train/0056_c014_00073370_0.jpg,56,veri,13
VeRi/image_train/0056_c014_00073375_0.jpg,56,veri,13
VeRi/image_train/0056_c015_00073350_0.jpg,56,veri,14
VeRi/image_train/0056_c015_00073355_0.jpg,56,veri,14
VeRi/image_train/0056_c015_00073360_0.jpg,56,veri,14
VeRi/image_train/0056_c015_00073365_0.jpg,56,veri,14
VeRi/image_train/0056_c015_00073370_0.jpg,56,veri,14
VeRi/image_train/0056_c015_00073375_0.jpg,56,veri,14
VeRi/image_train/0056_c016_00055375_0.jpg,56,veri,15
VeRi/image_train/0056_c016_00055380_0.jpg,56,veri,15
VeRi/image_train/0056_c016_00055385_0.jpg,56,veri,15
VeRi/image_train/0056_c016_00055390_0.jpg,56,veri,15
VeRi/image_train/0056_c016_00055395_0.jpg,56,veri,15
VeRi/image_train/0056_c016_00055400_0.jpg,56,veri,15
VeRi/image_train/0056_c016_00073165_0.jpg,56,veri,15
VeRi/image_train/0056_c016_00073170_0.jpg,56,veri,15
VeRi/image_train/0056_c016_00073175_0.jpg,56,veri,15
VeRi/image_train/0056_c016_00073180_0.jpg,56,veri,15
VeRi/image_train/0056_c016_00073185_0.jpg,56,veri,15
VeRi/image_train/0056_c016_00073190_0.jpg,56,veri,15
VeRi/image_train/0056_c017_00054225_0.jpg,56,veri,16
VeRi/image_train/0056_c017_00054230_0.jpg,56,veri,16
VeRi/image_train/0056_c017_00054235_0.jpg,56,veri,16
VeRi/image_train/0056_c017_00054245_0.jpg,56,veri,16
VeRi/image_train/0056_c017_00054250_0.jpg,56,veri,16
VeRi/image_train/0056_c017_00054255_0.jpg,56,veri,16
VeRi/image_train/0056_c017_00074395_0.jpg,56,veri,16
VeRi/image_train/0056_c017_00074405_0.jpg,56,veri,16
VeRi/image_train/0056_c017_00074415_0.jpg,56,veri,16
VeRi/image_train/0056_c017_00074430_0.jpg,56,veri,16
VeRi/image_train/0056_c017_00074440_0.jpg,56,veri,16
VeRi/image_train/0056_c017_00074450_0.jpg,56,veri,16
VeRi/image_train/0056_c019_00054420_0.jpg,56,veri,18
VeRi/image_train/0056_c019_00054425_0.jpg,56,veri,18
VeRi/image_train/0056_c019_00054430_0.jpg,56,veri,18
VeRi/image_train/0056_c019_00054435_0.jpg,56,veri,18
VeRi/image_train/0056_c019_00054440_0.jpg,56,veri,18
VeRi/image_train/0056_c019_00054445_0.jpg,56,veri,18
VeRi/image_train/0056_c019_00074135_0.jpg,56,veri,18
VeRi/image_train/0056_c019_00074140_0.jpg,56,veri,18
VeRi/image_train/0056_c019_00074145_1.jpg,56,veri,18
VeRi/image_train/0056_c019_00074150_1.jpg,56,veri,18
VeRi/image_train/0056_c019_00074155_0.jpg,56,veri,18
VeRi/image_train/0056_c019_00074175_0.jpg,56,veri,18
VeRi/image_train/0562_c001_00030815_0.jpg,562,veri,0
VeRi/image_train/0562_c001_00030820_0.jpg,562,veri,0
VeRi/image_train/0562_c001_00030825_0.jpg,562,veri,0
VeRi/image_train/0562_c001_00030830_0.jpg,562,veri,0
VeRi/image_train/0562_c001_00030835_0.jpg,562,veri,0
VeRi/image_train/0562_c001_00030840_0.jpg,562,veri,0
VeRi/image_train/0562_c002_00028960_0.jpg,562,veri,1
VeRi/image_train/0562_c002_00028970_0.jpg,562,veri,1
VeRi/image_train/0562_c002_00028990_0.jpg,562,veri,1
VeRi/image_train/0562_c002_00029020_0.jpg,562,veri,1
VeRi/image_train/0562_c002_00029030_0.jpg,562,veri,1
VeRi/image_train/0562_c002_00029045_0.jpg,562,veri,1
VeRi/image_train/0562_c003_00026175_0.jpg,562,veri,2
VeRi/image_train/0562_c003_00026185_0.jpg,562,veri,2
VeRi/image_train/0562_c003_00026195_0.jpg,562,veri,2
VeRi/image_train/0562_c003_00026205_0.jpg,562,veri,2
VeRi/image_train/0562_c003_00026215_0.jpg,562,veri,2
VeRi/image_train/0562_c003_00026225_0.jpg,562,veri,2
VeRi/image_train/0562_c004_00026070_0.jpg,562,veri,3
VeRi/image_train/0562_c004_00026080_0.jpg,562,veri,3
VeRi/image_train/0562_c004_00026090_0.jpg,562,veri,3
VeRi/image_train/0562_c004_00026100_0.jpg,562,veri,3
VeRi/image_train/0562_c004_00026110_0.jpg,562,veri,3
VeRi/image_train/0562_c004_00026120_0.jpg,562,veri,3
VeRi/image_train/0562_c006_00026850_0.jpg,562,veri,5
VeRi/image_train/0562_c006_00026860_0.jpg,562,veri,5
VeRi/image_train/0562_c006_00026870_0.jpg,562,veri,5
VeRi/image_train/0562_c006_00026880_0.jpg,562,veri,5
VeRi/image_train/0562_c006_00026895_0.jpg,562,veri,5
VeRi/image_train/0562_c006_00026915_0.jpg,562,veri,5
VeRi/image_train/0562_c008_00025855_0.jpg,562,veri,7
VeRi/image_train/0562_c008_00025870_0.jpg,562,veri,7
VeRi/image_train/0562_c008_00025880_0.jpg,562,veri,7
VeRi/image_train/0562_c008_00025890_0.jpg,562,veri,7
VeRi/image_train/0562_c008_00025900_0.jpg,562,veri,7
VeRi/image_train/0562_c008_00025910_0.jpg,562,veri,7
VeRi/image_train/0562_c009_00025895_0.jpg,562,veri,8
VeRi/image_train/0562_c009_00025900_0.jpg,562,veri,8
VeRi/image_train/0562_c009_00025905_0.jpg,562,veri,8
VeRi/image_train/0562_c009_00025910_0.jpg,562,veri,8
VeRi/image_train/0562_c009_00025915_0.jpg,562,veri,8
VeRi/image_train/0562_c009_00025920_0.jpg,562,veri,8
VeRi/image_train/0562_c010_00026800_0.jpg,562,veri,9
VeRi/image_train/0562_c010_00026805_0.jpg,562,veri,9
VeRi/image_train/0562_c010_00026815_0.jpg,562,veri,9
VeRi/image_train/0562_c010_00026820_0.jpg,562,veri,9
VeRi/image_train/0562_c010_00026825_0.jpg,562,veri,9
VeRi/image_train/0562_c010_00026830_0.jpg,562,veri,9
VeRi/image_train/0562_c011_00026810_0.jpg,562,veri,10
VeRi/image_train/0562_c011_00026815_0.jpg,562,veri,10
VeRi/image_train/0562_c011_00026825_0.jpg,562,veri,10
VeRi/image_train/0562_c011_00026835_0.jpg,562,veri,10
VeRi/image_train/0562_c011_00026845_0.jpg,562,veri,10
VeRi/image_train/0562_c011_00026900_0.jpg,562,veri,10
VeRi/image_train/0562_c012_00031160_0.jpg,562,veri,11
VeRi/image_train/0562_c012_00031165_0.jpg,562,veri,11
VeRi/image_train/0562_c012_00031170_0.jpg,562,veri,11
VeRi/image_train/0562_c012_00031175_0.jpg,562,veri,11
VeRi/image_train/0562_c012_00031180_0.jpg,562,veri,11
VeRi/image_train/0562_c012_00031185_0.jpg,562,veri,11
VeRi/image_train/0562_c013_00031050_0.jpg,562,veri,12
VeRi/image_train/0562_c013_00031060_0.jpg,562,veri,12
VeRi/image_train/0562_c013_00031070_0.jpg,562,veri,12
VeRi/image_train/0562_c014_00032475_0.jpg,562,veri,13
VeRi/image_train/0562_c014_00032480_0.jpg,562,veri,13
VeRi/image_train/0562_c014_00032485_0.jpg,562,veri,13
VeRi/image_train/0562_c014_00032490_0.jpg,562,veri,13
VeRi/image_train/0562_c014_00032495_0.jpg,562,veri,13
VeRi/image_train/0562_c014_00032500_0.jpg,562,veri,13
VeRi/image_train/0562_c014_00032505_0.jpg,562,veri,13
VeRi/image_train/0562_c015_00032235_0.jpg,562,veri,14
VeRi/image_train/0562_c015_00032240_0.jpg,562,veri,14
VeRi/image_train/0562_c015_00032245_0.jpg,562,veri,14
VeRi/image_train/0562_c015_00032250_0.jpg,562,veri,14
VeRi/image_train/0562_c015_00032255_0.jpg,562,veri,14
VeRi/image_train/0562_c015_00032270_0.jpg,562,veri,14
VeRi/image_train/0562_c017_00031585_0.jpg,562,veri,16
VeRi/image_train/0562_c017_00031590_0.jpg,562,veri,16
VeRi/image_train/0562_c017_00031600_0.jpg,562,veri,16
VeRi/image_train/0562_c017_00031605_0.jpg,562,veri,16
VeRi/image_train/0562_c017_00031615_0.jpg,562,veri,16
VeRi/image_train/0562_c017_00031620_0.jpg,562,veri,16
VeRi/image_train/0562_c019_00031800_0.jpg,562,veri,18
VeRi/image_train/0562_c019_00031805_0.jpg,562,veri,18
VeRi/image_train/0562_c019_00031810_0.jpg,562,veri,18
VeRi/image_train/0567_c002_00069580_1.jpg,567,veri,1
VeRi/image_train/0567_c002_00069590_1.jpg,567,veri,1
VeRi/image_train/0567_c002_00069600_1.jpg,567,veri,1
VeRi/image_train/0567_c002_00069610_1.jpg,567,veri,1
VeRi/image_train/0567_c002_00069620_1.jpg,567,veri,1
VeRi/image_train/0567_c002_00069635_0.jpg,567,veri,1
VeRi/image_train/0567_c003_00066790_0.jpg,567,veri,2
VeRi/image_train/0567_c003_00066800_0.jpg,567,veri,2
VeRi/image_train/0567_c003_00066825_0.jpg,567,veri,2
VeRi/image_train/0567_c003_00066835_0.jpg,567,veri,2
VeRi/image_train/0567_c003_00066845_0.jpg,567,veri,2
VeRi/image_train/0567_c003_00066865_0.jpg,567,veri,2
VeRi/image_train/0567_c004_00066690_0.jpg,567,veri,3
VeRi/image_train/0567_c004_00066735_0.jpg,567,veri,3
VeRi/image_train/0567_c004_00066750_0.jpg,567,veri,3
VeRi/image_train/0567_c004_00066770_0.jpg,567,veri,3
VeRi/image_train/0567_c004_00066795_0.jpg,567,veri,3
VeRi/image_train/0567_c004_00066840_0.jpg,567,veri,3
VeRi/image_train/0567_c006_00067420_0.jpg,567,veri,5
VeRi/image_train/0567_c006_00067435_0.jpg,567,veri,5
VeRi/image_train/0567_c006_00067445_0.jpg,567,veri,5
VeRi/image_train/0567_c006_00067455_0.jpg,567,veri,5
VeRi/image_train/0567_c006_00067470_0.jpg,567,veri,5
VeRi/image_train/0567_c006_00067485_0.jpg,567,veri,5
VeRi/image_train/0567_c010_00067380_0.jpg,567,veri,9
VeRi/image_train/0567_c010_00067385_0.jpg,567,veri,9
VeRi/image_train/0567_c010_00067390_0.jpg,567,veri,9
VeRi/image_train/0567_c010_00067395_0.jpg,567,veri,9
VeRi/image_train/0567_c010_00067400_0.jpg,567,veri,9
VeRi/image_train/0567_c010_00067405_0.jpg,567,veri,9
VeRi/image_train/0567_c011_00067415_0.jpg,567,veri,10
VeRi/image_train/0567_c011_00067425_0.jpg,567,veri,10
VeRi/image_train/0567_c011_00067430_0.jpg,567,veri,10
VeRi/image_train/0567_c011_00067440_0.jpg,567,veri,10
VeRi/image_train/0567_c011_00067450_0.jpg,567,veri,10
VeRi/image_train/0567_c011_00067465_0.jpg,567,veri,10
VeRi/image_train/0567_c012_00071770_0.jpg,567,veri,11
VeRi/image_train/0567_c012_00071775_0.jpg,567,veri,11
VeRi/image_train/0567_c012_00071780_0.jpg,567,veri,11
VeRi/image_train/0567_c012_00071785_0.jpg,567,veri,11
VeRi/image_train/0567_c012_00071795_0.jpg,567,veri,11
VeRi/image_train/0567_c012_00071800_0.jpg,567,veri,11
VeRi/image_train/0567_c013_00071605_0.jpg,567,veri,12
VeRi/image_train/0567_c013_00071610_0.jpg,567,veri,12
VeRi/image_train/0567_c013_00071615_0.jpg,567,veri,12
VeRi/image_train/0567_c013_00071620_0.jpg,567,veri,12
VeRi/image_train/0567_c013_00071625_0.jpg,567,veri,12
VeRi/image_train/0567_c013_00071630_0.jpg,567,veri,12
VeRi/image_train/0567_c018_00072825_0.jpg,567,veri,17
VeRi/image_train/0567_c018_00072830_0.jpg,567,veri,17
VeRi/image_train/0567_c018_00072840_0.jpg,567,veri,17
VeRi/image_train/0567_c018_00072850_0.jpg,567,veri,17
VeRi/image_train/0567_c018_00072860_0.jpg,567,veri,17
VeRi/image_train/0567_c018_00072875_0.jpg,567,veri,17
VeRi/image_train/0571_c014_00080560_0.jpg,571,veri,13
VeRi/image_train/0571_c014_00080565_0.jpg,571,veri,13
VeRi/image_train/0571_c014_00080570_0.jpg,571,veri,13
VeRi/image_train/0571_c014_00080575_0.jpg,571,veri,13
VeRi/image_train/0571_c014_00080580_0.jpg,571,veri,13
VeRi/image_train/0571_c014_00080585_0.jpg,571,veri,13
VeRi/image_train/0571_c014_00083445_0.jpg,571,veri,13
VeRi/image_train/0571_c014_00083450_0.jpg,571,veri,13
VeRi/image_train/0571_c014_00083455_0.jpg,571,veri,13
VeRi/image_train/0571_c014_00083460_0.jpg,571,veri,13
VeRi/image_train/0571_c014_00083465_0.jpg,571,veri,13
VeRi/image_train/0571_c014_00083470_0.jpg,571,veri,13
VeRi/image_train/0571_c015_00080690_0.jpg,571,veri,14
VeRi/image_train/0571_c015_00080695_0.jpg,571,veri,14
VeRi/image_train/0571_c015_00080700_0.jpg,571,veri,14
VeRi/image_train/0571_c015_00080705_0.jpg,571,veri,14
VeRi/image_train/0571_c015_00080710_0.jpg,571,veri,14
VeRi/image_train/0571_c015_00080715_0.jpg,571,veri,14
VeRi/image_train/0571_c015_00083270_0.jpg,571,veri,14
VeRi/image_train/0571_c015_00083275_0.jpg,571,veri,14
VeRi/image_train/0571_c015_00083280_0.jpg,571,veri,14
VeRi/image_train/0571_c015_00083285_0.jpg,571,veri,14
VeRi/image_train/0571_c015_00083290_0.jpg,571,veri,14
VeRi/image_train/0571_c015_00083295_0.jpg,571,veri,14
VeRi/image_train/0571_c016_00065820_0.jpg,571,veri,15
VeRi/image_train/0571_c016_00065825_0.jpg,571,veri,15
VeRi/image_train/0571_c016_00065830_0.jpg,571,veri,15
VeRi/image_train/0571_c016_00065835_0.jpg,571,veri,15
VeRi/image_train/0571_c016_00065840_0.jpg,571,veri,15
VeRi/image_train/0571_c016_00065845_0.jpg,571,veri,15
VeRi/image_train/0571_c016_00083905_0.jpg,571,veri,15
VeRi/image_train/0571_c016_00083925_0.jpg,571,veri,15
VeRi/image_train/0571_c016_00083985_0.jpg,571,veri,15
VeRi/image_train/0571_c016_00083990_0.jpg,571,veri,15
VeRi/image_train/0571_c016_00083995_0.jpg,571,veri,15
VeRi/image_train/0571_c016_00084000_0.jpg,571,veri,15
VeRi/image_train/0571_c017_00081985_0.jpg,571,veri,16
VeRi/image_train/0571_c017_00081990_0.jpg,571,veri,16
VeRi/image_train/0571_c017_00082000_0.jpg,571,veri,16
VeRi/image_train/0571_c017_00082010_0.jpg,571,veri,16
VeRi/image_train/0571_c017_00082020_0.jpg,571,veri,16
VeRi/image_train/0571_c017_00082035_0.jpg,571,veri,16
VeRi/image_train/0571_c017_00082265_0.jpg,571,veri,16
VeRi/image_train/0571_c017_00082275_0.jpg,571,veri,16
VeRi/image_train/0571_c017_00082280_0.jpg,571,veri,16
VeRi/image_train/0571_c017_00082300_0.jpg,571,veri,16
VeRi/image_train/0571_c017_00082320_0.jpg,571,veri,16
VeRi/image_train/0571_c017_00082345_0.jpg,571,veri,16
VeRi/image_train/0571_c019_00081760_0.jpg,571,veri,18
VeRi/image_train/0571_c019_00081770_0.jpg,571,veri,18
VeRi/image_train/0571_c019_00081775_0.jpg,571,veri,18
VeRi/image_train/0571_c019_00081780_0.jpg,571,veri,18
VeRi/image_train/0571_c019_00081785_0.jpg,571,veri,18
VeRi/image_train/0571_c019_00081795_0.jpg,571,veri,18
VeRi/image_train/0571_c019_00082580_0.jpg,571,veri,18
VeRi/image_train/0571_c019_00082585_0.jpg,571,veri,18
VeRi/image_train/0571_c019_00082600_0.jpg,571,veri,18
VeRi/image_train/0571_c019_00082610_0.jpg,571,veri,18
VeRi/image_train/0571_c019_00082620_0.jpg,571,veri,18
VeRi/image_train/0571_c019_00082625_0.jpg,571,veri,18
VeRi/image_train/0572_c001_00016745_1.jpg,572,veri,0
VeRi/image_train/0572_c001_00016750_1.jpg,572,veri,0
VeRi/image_train/0572_c001_00016755_1.jpg,572,veri,0
VeRi/image_train/0572_c001_00016760_1.jpg,572,veri,0
VeRi/image_train/0572_c001_00016765_1.jpg,572,veri,0
VeRi/image_train/0572_c001_00016770_0.jpg,572,veri,0
VeRi/image_train/0572_c001_00050155_2.jpg,572,veri,0
VeRi/image_train/0572_c001_00050165_0.jpg,572,veri,0
VeRi/image_train/0572_c001_00050175_0.jpg,572,veri,0
VeRi/image_train/0572_c001_00050185_0.jpg,572,veri,0
VeRi/image_train/0572_c001_00050195_0.jpg,572,veri,0
VeRi/image_train/0572_c001_00050205_0.jpg,572,veri,0
VeRi/image_train/0572_c002_00014955_0.jpg,572,veri,1
VeRi/image_train/0572_c002_00014975_0.jpg,572,veri,1
VeRi/image_train/0572_c002_00015000_1.jpg,572,veri,1
VeRi/image_train/0572_c002_00015020_1.jpg,572,veri,1
VeRi/image_train/0572_c002_00015040_2.jpg,572,veri,1
VeRi/image_train/0572_c002_00015050_1.jpg,572,veri,1
VeRi/image_train/0572_c002_00050730_1.jpg,572,veri,1
VeRi/image_train/0572_c002_00050740_0.jpg,572,veri,1
VeRi/image_train/0572_c002_00050750_0.jpg,572,veri,1
VeRi/image_train/0572_c002_00050760_0.jpg,572,veri,1
VeRi/image_train/0572_c002_00050770_0.jpg,572,veri,1
VeRi/image_train/0572_c002_00050800_1.jpg,572,veri,1
VeRi/image_train/0572_c003_00012935_1.jpg,572,veri,2
VeRi/image_train/0572_c003_00012945_1.jpg,572,veri,2
VeRi/image_train/0572_c003_00012955_1.jpg,572,veri,2
VeRi/image_train/0572_c003_00054140_0.jpg,572,veri,2
VeRi/image_train/0572_c003_00054145_0.jpg,572,veri,2
VeRi/image_train/0572_c003_00054150_0.jpg,572,veri,2
VeRi/image_train/0572_c003_00054160_0.jpg,572,veri,2
VeRi/image_train/0572_c003_00054175_0.jpg,572,veri,2
VeRi/image_train/0572_c003_00054180_0.jpg,572,veri,2
VeRi/image_train/0572_c004_00012835_1.jpg,572,veri,3
VeRi/image_train/0572_c004_00012840_1.jpg,572,veri,3
VeRi/image_train/0572_c004_00012845_1.jpg,572,veri,3
VeRi/image_train/0572_c004_00012850_1.jpg,572,veri,3
VeRi/image_train/0572_c004_00012855_1.jpg,572,veri,3
VeRi/image_train/0572_c004_00012860_0.jpg,572,veri,3
VeRi/image_train/0572_c004_00054080_0.jpg,572,veri,3
VeRi/image_train/0572_c004_00054085_0.jpg,572,veri,3
VeRi/image_train/0572_c004_00054090_0.jpg,572,veri,3
VeRi/image_train/0572_c004_00054095_0.jpg,572,veri,3
VeRi/image_train/0572_c004_00054100_0.jpg,572,veri,3
VeRi/image_train/0572_c004_00054105_0.jpg,572,veri,3
VeRi/image_train/0572_c005_00054830_2.jpg,572,veri,4
VeRi/image_train/0572_c005_00054845_2.jpg,572,veri,4
VeRi/image_train/0572_c005_00054870_0.jpg,572,veri,4
VeRi/image_train/0572_c005_00054880_0.jpg,572,veri,4
VeRi/image_train/0572_c005_00054895_0.jpg,572,veri,4
VeRi/image_train/0572_c005_00054915_0.jpg,572,veri,4
VeRi/image_train/0572_c006_00013465_0.jpg,572,veri,5
VeRi/image_train/0572_c006_00013475_0.jpg,572,veri,5
VeRi/image_train/0572_c006_00013485_0.jpg,572,veri,5
VeRi/image_train/0572_c006_00013495_0.jpg,572,veri,5
VeRi/image_train/0572_c006_00013505_0.jpg,572,veri,5
VeRi/image_train/0572_c006_00013515_0.jpg,572,veri,5
VeRi/image_train/0572_c006_00053205_2.jpg,572,veri,5
VeRi/image_train/0572_c006_00053225_3.jpg,572,veri,5
VeRi/image_train/0572_c006_00053245_0.jpg,572,veri,5
VeRi/image_train/0572_c006_00053250_0.jpg,572,veri,5
VeRi/image_train/0572_c006_00053265_0.jpg,572,veri,5
VeRi/image_train/0572_c006_00053280_0.jpg,572,veri,5
VeRi/image_train/0572_c007_00054935_0.jpg,572,veri,6
VeRi/image_train/0572_c007_00054945_0.jpg,572,veri,6
VeRi/image_train/0572_c007_00054950_0.jpg,572,veri,6
VeRi/image_train/0572_c007_00054955_0.jpg,572,veri,6
VeRi/image_train/0572_c007_00054960_0.jpg,572,veri,6
VeRi/image_train/0572_c007_00054965_0.jpg,572,veri,6
VeRi/image_train/0572_c008_00012665_1.jpg,572,veri,7
VeRi/image_train/0572_c008_00012685_1.jpg,572,veri,7
VeRi/image_train/0572_c008_00012700_0.jpg,572,veri,7
VeRi/image_train/0572_c008_00012715_0.jpg,572,veri,7
VeRi/image_train/0572_c008_00012725_0.jpg,572,veri,7
VeRi/image_train/0572_c008_00054350_0.jpg,572,veri,7
VeRi/image_train/0572_c008_00054355_0.jpg,572,veri,7
VeRi/image_train/0572_c008_00054365_0.jpg,572,veri,7
VeRi/image_train/0572_c008_00054370_0.jpg,572,veri,7
VeRi/image_train/0572_c009_00012725_0.jpg,572,veri,8
VeRi/image_train/0572_c009_00012730_0.jpg,572,veri,8
VeRi/image_train/0572_c009_00012735_0.jpg,572,veri,8
VeRi/image_train/0572_c009_00012740_0.jpg,572,veri,8
VeRi/image_train/0572_c009_00012745_0.jpg,572,veri,8
VeRi/image_train/0572_c009_00012750_0.jpg,572,veri,8
VeRi/image_train/0572_c009_00054295_0.jpg,572,veri,8
VeRi/image_train/0572_c009_00054300_0.jpg,572,veri,8
VeRi/image_train/0572_c009_00054305_0.jpg,572,veri,8
VeRi/image_train/0572_c009_00054310_0.jpg,572,veri,8
VeRi/image_train/0572_c009_00054315_0.jpg,572,veri,8
VeRi/image_train/0572_c009_00054320_0.jpg,572,veri,8
VeRi/image_train/0572_c010_00013385_0.jpg,572,veri,9
VeRi/image_train/0572_c010_00013390_0.jpg,572,veri,9
VeRi/image_train/0572_c010_00013395_0.jpg,572,veri,9
VeRi/image_train/0572_c010_00013400_0.jpg,572,veri,9
VeRi/image_train/0572_c010_00013405_0.jpg,572,veri,9
VeRi/image_train/0572_c010_00013410_0.jpg,572,veri,9
VeRi/image_train/0572_c010_00053410_0.jpg,572,veri,9
VeRi/image_train/0572_c010_00053415_0.jpg,572,veri,9
VeRi/image_train/0572_c010_00053420_0.jpg,572,veri,9
VeRi/image_train/0572_c010_00053425_0.jpg,572,veri,9
VeRi/image_train/0572_c010_00053430_0.jpg,572,veri,9
VeRi/image_train/0572_c011_00013410_0.jpg,572,veri,10
VeRi/image_train/0572_c011_00013420_0.jpg,572,veri,10
VeRi/image_train/0572_c011_00013430_0.jpg,572,veri,10
VeRi/image_train/0572_c011_00013440_0.jpg,572,veri,10
VeRi/image_train/0572_c011_00013465_0.jpg,572,veri,10
VeRi/image_train/0572_c011_00013490_0.jpg,572,veri,10
VeRi/image_train/0572_c011_00053210_0.jpg,572,veri,10
VeRi/image_train/0572_c011_00053225_0.jpg,572,veri,10
VeRi/image_train/0572_c011_00053235_2.jpg,572,veri,10
VeRi/image_train/0572_c011_00053245_0.jpg,572,veri,10
VeRi/image_train/0572_c011_00053270_0.jpg,572,veri,10
VeRi/image_train/0572_c012_00017455_0.jpg,572,veri,11
VeRi/image_train/0572_c012_00017460_0.jpg,572,veri,11
VeRi/image_train/0572_c012_00017465_0.jpg,572,veri,11
VeRi/image_train/0572_c012_00017470_0.jpg,572,veri,11
VeRi/image_train/0572_c012_00017475_0.jpg,572,veri,11
VeRi/image_train/0572_c012_00017490_0.jpg,572,veri,11
VeRi/image_train/0572_c012_00048930_0.jpg,572,veri,11
VeRi/image_train/0572_c012_00048940_0.jpg,572,veri,11
VeRi/image_train/0572_c012_00048950_0.jpg,572,veri,11
VeRi/image_train/0572_c012_00048955_0.jpg,572,veri,11
VeRi/image_train/0572_c013_00017275_0.jpg,572,veri,12
VeRi/image_train/0572_c013_00017290_0.jpg,572,veri,12
VeRi/image_train/0572_c013_00017300_0.jpg,572,veri,12
VeRi/image_train/0572_c013_00017310_0.jpg,572,veri,12
VeRi/image_train/0572_c013_00017315_0.jpg,572,veri,12
VeRi/image_train/0572_c013_00049020_0.jpg,572,veri,12
VeRi/image_train/0572_c013_00049025_0.jpg,572,veri,12
VeRi/image_train/0572_c013_00049030_0.jpg,572,veri,12
VeRi/image_train/0572_c013_00049035_0.jpg,572,veri,12
VeRi/image_train/0572_c013_00049040_0.jpg,572,veri,12
VeRi/image_train/0572_c013_00049045_0.jpg,572,veri,12
VeRi/image_train/0572_c014_00021750_0.jpg,572,veri,13
VeRi/image_train/0572_c014_00021755_0.jpg,572,veri,13
VeRi/image_train/0572_c014_00021760_0.jpg,572,veri,13
VeRi/image_train/0572_c014_00021765_0.jpg,572,veri,13
VeRi/image_train/0572_c014_00021770_0.jpg,572,veri,13
VeRi/image_train/0572_c014_00021775_0.jpg,572,veri,13
VeRi/image_train/0572_c014_00025945_0.jpg,572,veri,13
VeRi/image_train/0572_c014_00025950_0.jpg,572,veri,13
VeRi/image_train/0572_c014_00025955_0.jpg,572,veri,13
VeRi/image_train/0572_c014_00025960_0.jpg,572,veri,13
VeRi/image_train/0572_c014_00025965_0.jpg,572,veri,13
VeRi/image_train/0572_c014_00025970_0.jpg,572,veri,13
VeRi/image_train/0572_c015_00021590_0.jpg,572,veri,14
VeRi/image_train/0572_c015_00021595_0.jpg,572,veri,14
VeRi/image_train/0572_c015_00021600_0.jpg,572,veri,14
VeRi/image_train/0572_c015_00021605_0.jpg,572,veri,14
VeRi/image_train/0572_c015_00021610_0.jpg,572,veri,14
VeRi/image_train/0572_c015_00021620_1.jpg,572,veri,14
VeRi/image_train/0572_c016_00022000_0.jpg,572,veri,15
VeRi/image_train/0572_c016_00022005_0.jpg,572,veri,15
VeRi/image_train/0572_c016_00022010_0.jpg,572,veri,15
VeRi/image_train/0572_c016_00022015_0.jpg,572,veri,15
VeRi/image_train/0572_c016_00025795_0.jpg,572,veri,15
VeRi/image_train/0572_c016_00025800_0.jpg,572,veri,15
VeRi/image_train/0572_c016_00025805_0.jpg,572,veri,15
VeRi/image_train/0572_c016_00025810_0.jpg,572,veri,15
VeRi/image_train/0572_c016_00025815_0.jpg,572,veri,15
VeRi/image_train/0572_c016_00025820_0.jpg,572,veri,15
VeRi/image_train/0572_c017_00019010_0.jpg,572,veri,16
VeRi/image_train/0572_c017_00019025_0.jpg,572,veri,16
VeRi/image_train/0572_c017_00019040_0.jpg,572,veri,16
VeRi/image_train/0572_c017_00019055_0.jpg,572,veri,16
VeRi/image_train/0572_c017_00019070_0.jpg,572,veri,16
VeRi/image_train/0572_c017_00019095_0.jpg,572,veri,16
VeRi/image_train/0572_c017_00048285_0.jpg,572,veri,16
VeRi/image_train/0572_c017_00048295_0.jpg,572,veri,16
VeRi/image_train/0572_c017_00048305_0.jpg,572,veri,16
VeRi/image_train/0572_c017_00048325_0.jpg,572,veri,16
VeRi/image_train/0572_c017_00048335_0.jpg,572,veri,16
VeRi/image_train/0572_c017_00048365_0.jpg,572,veri,16
VeRi/image_train/0572_c019_00019475_0.jpg,572,veri,18
VeRi/image_train/0572_c019_00019480_0.jpg,572,veri,18
VeRi/image_train/0572_c019_00019485_0.jpg,572,veri,18
VeRi/image_train/0572_c019_00019490_0.jpg,572,veri,18
VeRi/image_train/0572_c019_00019545_0.jpg,572,veri,18
VeRi/image_train/0572_c019_00019580_0.jpg,572,veri,18
VeRi/image_train/0572_c019_00048050_0.jpg,572,veri,18
VeRi/image_train/0572_c019_00048055_0.jpg,572,veri,18
VeRi/image_train/0572_c019_00048060_0.jpg,572,veri,18
VeRi/image_train/0572_c019_00048065_0.jpg,572,veri,18
VeRi/image_train/0572_c019_00048070_0.jpg,572,veri,18
VeRi/image_train/0572_c019_00048075_0.jpg,572,veri,18
VeRi/image_train/0573_c014_00035330_0.jpg,573,veri,13
VeRi/image_train/0573_c014_00035335_0.jpg,573,veri,13
VeRi/image_train/0573_c014_00035340_0.jpg,573,veri,13
VeRi/image_train/0573_c014_00035345_0.jpg,573,veri,13
VeRi/image_train/0573_c014_00035350_0.jpg,573,veri,13
VeRi/image_train/0573_c014_00035355_0.jpg,573,veri,13
VeRi/image_train/0573_c015_00035060_0.jpg,573,veri,14
VeRi/image_train/0573_c015_00035065_0.jpg,573,veri,14
VeRi/image_train/0573_c015_00035095_0.jpg,573,veri,14
VeRi/image_train/0573_c015_00035110_0.jpg,573,veri,14
VeRi/image_train/0573_c015_00035120_0.jpg,573,veri,14
VeRi/image_train/0573_c015_00035150_0.jpg,573,veri,14
VeRi/image_train/0573_c016_00035790_0.jpg,573,veri,15
VeRi/image_train/0573_c016_00035795_0.jpg,573,veri,15
VeRi/image_train/0573_c016_00035800_0.jpg,573,veri,15
VeRi/image_train/0573_c016_00035810_0.jpg,573,veri,15
VeRi/image_train/0573_c016_00035815_0.jpg,573,veri,15
VeRi/image_train/0573_c016_00035825_0.jpg,573,veri,15
VeRi/image_train/0573_c017_00034045_1.jpg,573,veri,16
VeRi/image_train/0573_c017_00034050_0.jpg,573,veri,16
VeRi/image_train/0573_c017_00034060_1.jpg,573,veri,16
VeRi/image_train/0573_c017_00034065_1.jpg,573,veri,16
VeRi/image_train/0573_c017_00034075_1.jpg,573,veri,16
VeRi/image_train/0573_c017_00034100_0.jpg,573,veri,16
VeRi/image_train/0573_c018_00033290_0.jpg,573,veri,17
VeRi/image_train/0573_c018_00033330_0.jpg,573,veri,17
VeRi/image_train/0573_c018_00033385_0.jpg,573,veri,17
VeRi/image_train/0573_c018_00033510_0.jpg,573,veri,17
VeRi/image_train/0573_c018_00033580_0.jpg,573,veri,17
VeRi/image_train/0573_c018_00033635_0.jpg,573,veri,17
VeRi/image_train/0573_c019_00034330_0.jpg,573,veri,18
VeRi/image_train/0573_c019_00034340_0.jpg,573,veri,18
VeRi/image_train/0573_c019_00034350_0.jpg,573,veri,18
VeRi/image_train/0573_c019_00034365_0.jpg,573,veri,18
VeRi/image_train/0573_c019_00034375_0.jpg,573,veri,18
VeRi/image_train/0573_c019_00034400_0.jpg,573,veri,18
VeRi/image_train/0579_c003_00002220_0.jpg,579,veri,2
VeRi/image_train/0579_c003_00002230_0.jpg,579,veri,2
VeRi/image_train/0579_c003_00002240_0.jpg,579,veri,2
VeRi/image_train/0579_c003_00002250_0.jpg,579,veri,2
VeRi/image_train/0579_c003_00002260_0.jpg,579,veri,2
VeRi/image_train/0579_c003_00002270_0.jpg,579,veri,2
VeRi/image_train/0579_c004_00002125_0.jpg,579,veri,3
VeRi/image_train/0579_c004_00002140_0.jpg,579,veri,3
VeRi/image_train/0579_c004_00002155_0.jpg,579,veri,3
VeRi/image_train/0579_c004_00002170_0.jpg,579,veri,3
VeRi/image_train/0579_c004_00002185_0.jpg,579,veri,3
VeRi/image_train/0579_c004_00002235_0.jpg,579,veri,3
VeRi/image_train/0579_c005_00003840_0.jpg,579,veri,4
VeRi/image_train/0579_c005_00003860_0.jpg,579,veri,4
VeRi/image_train/0579_c005_00003880_0.jpg,579,veri,4
VeRi/image_train/0579_c005_00003915_0.jpg,579,veri,4
VeRi/image_train/0579_c005_00003945_0.jpg,579,veri,4
VeRi/image_train/0579_c005_00003980_0.jpg,579,veri,4
VeRi/image_train/0579_c007_00004000_0.jpg,579,veri,6
VeRi/image_train/0579_c007_00004010_0.jpg,579,veri,6
VeRi/image_train/0579_c007_00004020_0.jpg,579,veri,6
VeRi/image_train/0579_c007_00004040_0.jpg,579,veri,6
VeRi/image_train/0579_c007_00004065_0.jpg,579,veri,6
VeRi/image_train/0579_c007_00004075_0.jpg,579,veri,6
VeRi/image_train/0579_c008_00002695_0.jpg,579,veri,7
VeRi/image_train/0579_c008_00002700_0.jpg,579,veri,7
VeRi/image_train/0579_c008_00002705_0.jpg,579,veri,7
VeRi/image_train/0579_c008_00003060_0.jpg,579,veri,7
VeRi/image_train/0579_c009_00002535_0.jpg,579,veri,8
VeRi/image_train/0579_c009_00002545_0.jpg,579,veri,8
VeRi/image_train/0579_c009_00002555_0.jpg,579,veri,8
VeRi/image_train/0580_c002_00011735_0.jpg,580,veri,1
VeRi/image_train/0580_c002_00011745_0.jpg,580,veri,1
VeRi/image_train/0580_c002_00011750_0.jpg,580,veri,1
VeRi/image_train/0580_c002_00011765_0.jpg,580,veri,1
VeRi/image_train/0580_c002_00011780_0.jpg,580,veri,1
VeRi/image_train/0580_c002_00011800_0.jpg,580,veri,1
VeRi/image_train/0580_c003_00057805_0.jpg,580,veri,2
VeRi/image_train/0580_c003_00057815_0.jpg,580,veri,2
VeRi/image_train/0580_c003_00057825_0.jpg,580,veri,2
VeRi/image_train/0580_c003_00057835_0.jpg,580,veri,2
VeRi/image_train/0580_c003_00057840_0.jpg,580,veri,2
VeRi/image_train/0580_c003_00057850_0.jpg,580,veri,2
VeRi/image_train/0580_c004_00057765_1.jpg,580,veri,3
VeRi/image_train/0580_c004_00057775_1.jpg,580,veri,3
VeRi/image_train/0580_c004_00057780_0.jpg,580,veri,3
VeRi/image_train/0580_c004_00057835_0.jpg,580,veri,3
VeRi/image_train/0580_c004_00057840_0.jpg,580,veri,3
VeRi/image_train/0580_c004_00057845_0.jpg,580,veri,3
VeRi/image_train/0580_c005_00058945_1.jpg,580,veri,4
VeRi/image_train/0580_c005_00058960_1.jpg,580,veri,4
VeRi/image_train/0580_c005_00058975_0.jpg,580,veri,4
VeRi/image_train/0580_c005_00058990_0.jpg,580,veri,4
VeRi/image_train/0580_c005_00059005_0.jpg,580,veri,4
VeRi/image_train/0580_c005_00059020_0.jpg,580,veri,4
VeRi/image_train/0580_c006_00057070_1.jpg,580,veri,5
VeRi/image_train/0580_c006_00057090_1.jpg,580,veri,5
VeRi/image_train/0580_c006_00057115_1.jpg,580,veri,5
VeRi/image_train/0580_c006_00057145_0.jpg,580,veri,5
VeRi/image_train/0580_c006_00057160_0.jpg,580,veri,5
VeRi/image_train/0580_c006_00057185_0.jpg,580,veri,5
VeRi/image_train/0580_c007_00059085_0.jpg,580,veri,6
VeRi/image_train/0580_c007_00059090_0.jpg,580,veri,6
VeRi/image_train/0580_c007_00059100_0.jpg,580,veri,6
VeRi/image_train/0580_c007_00059105_0.jpg,580,veri,6
VeRi/image_train/0580_c007_00059115_0.jpg,580,veri,6
VeRi/image_train/0580_c007_00059120_0.jpg,580,veri,6
VeRi/image_train/0580_c008_00058115_0.jpg,580,veri,7
VeRi/image_train/0580_c008_00058120_0.jpg,580,veri,7
VeRi/image_train/0580_c008_00058125_0.jpg,580,veri,7
VeRi/image_train/0580_c008_00058130_0.jpg,580,veri,7
VeRi/image_train/0580_c008_00058135_0.jpg,580,veri,7
VeRi/image_train/0580_c009_00058065_0.jpg,580,veri,8
VeRi/image_train/0580_c009_00058070_0.jpg,580,veri,8
VeRi/image_train/0580_c009_00058075_0.jpg,580,veri,8
VeRi/image_train/0580_c009_00058080_0.jpg,580,veri,8
VeRi/image_train/0580_c011_00057110_0.jpg,580,veri,10
VeRi/image_train/0580_c011_00057130_0.jpg,580,veri,10
VeRi/image_train/0580_c011_00057140_0.jpg,580,veri,10
VeRi/image_train/0580_c011_00057150_0.jpg,580,veri,10
VeRi/image_train/0580_c011_00057155_0.jpg,580,veri,10
VeRi/image_train/0580_c011_00057160_0.jpg,580,veri,10
VeRi/image_train/0580_c014_00069690_0.jpg,580,veri,13
VeRi/image_train/0580_c014_00069695_0.jpg,580,veri,13
VeRi/image_train/0580_c014_00069735_0.jpg,580,veri,13
VeRi/image_train/0580_c014_00069740_0.jpg,580,veri,13
VeRi/image_train/0580_c014_00069745_0.jpg,580,veri,13
VeRi/image_train/0580_c014_00069750_0.jpg,580,veri,13
VeRi/image_train/0580_c015_00069715_0.jpg,580,veri,14
VeRi/image_train/0580_c015_00069720_0.jpg,580,veri,14
VeRi/image_train/0580_c015_00069725_0.jpg,580,veri,14
VeRi/image_train/0580_c015_00069730_0.jpg,580,veri,14
VeRi/image_train/0580_c015_00069735_0.jpg,580,veri,14
VeRi/image_train/0580_c015_00069740_0.jpg,580,veri,14
VeRi/image_train/0580_c016_00069500_0.jpg,580,veri,15
VeRi/image_train/0580_c016_00069505_0.jpg,580,veri,15
VeRi/image_train/0580_c016_00069510_0.jpg,580,veri,15
VeRi/image_train/0580_c016_00069515_0.jpg,580,veri,15
VeRi/image_train/0580_c016_00069520_0.jpg,580,veri,15
VeRi/image_train/0580_c016_00069525_0.jpg,580,veri,15
VeRi/image_train/0583_c001_00009480_0.jpg,583,veri,0
VeRi/image_train/0583_c001_00009485_0.jpg,583,veri,0
VeRi/image_train/0583_c001_00009490_0.jpg,583,veri,0
VeRi/image_train/0583_c001_00009495_0.jpg,583,veri,0
VeRi/image_train/0583_c001_00009500_0.jpg,583,veri,0
VeRi/image_train/0583_c001_00009505_0.jpg,583,veri,0
VeRi/image_train/0583_c002_00007630_0.jpg,583,veri,1
VeRi/image_train/0583_c002_00007650_0.jpg,583,veri,1
VeRi/image_train/0583_c002_00007665_0.jpg,583,veri,1
VeRi/image_train/0583_c002_00007680_0.jpg,583,veri,1
VeRi/image_train/0583_c002_00007695_0.jpg,583,veri,1
VeRi/image_train/0583_c002_00007705_0.jpg,583,veri,1
VeRi/image_train/0583_c003_00005380_0.jpg,583,veri,2
VeRi/image_train/0583_c003_00005385_0.jpg,583,veri,2
VeRi/image_train/0583_c003_00005390_0.jpg,583,veri,2
VeRi/image_train/0583_c003_00005395_0.jpg,583,veri,2
VeRi/image_train/0583_c003_00005400_0.jpg,583,veri,2
VeRi/image_train/0583_c003_00005405_0.jpg,583,veri,2
VeRi/image_train/0583_c004_00005270_0.jpg,583,veri,3
VeRi/image_train/0583_c004_00005275_0.jpg,583,veri,3
VeRi/image_train/0583_c004_00005280_0.jpg,583,veri,3
VeRi/image_train/0583_c004_00005285_0.jpg,583,veri,3
VeRi/image_train/0583_c004_00005290_0.jpg,583,veri,3
VeRi/image_train/0583_c004_00005295_0.jpg,583,veri,3
VeRi/image_train/0583_c006_00005890_0.jpg,583,veri,5
VeRi/image_train/0583_c006_00005905_0.jpg,583,veri,5
VeRi/image_train/0583_c006_00005920_0.jpg,583,veri,5
VeRi/image_train/0583_c006_00005935_0.jpg,583,veri,5
VeRi/image_train/0583_c006_00005955_0.jpg,583,veri,5
VeRi/image_train/0583_c006_00005985_0.jpg,583,veri,5
VeRi/image_train/0583_c008_00005185_0.jpg,583,veri,7
VeRi/image_train/0583_c008_00005190_0.jpg,583,veri,7
VeRi/image_train/0583_c008_00005195_0.jpg,583,veri,7
VeRi/image_train/0583_c008_00005200_0.jpg,583,veri,7
VeRi/image_train/0583_c008_00005205_0.jpg,583,veri,7
VeRi/image_train/0583_c009_00005200_0.jpg,583,veri,8
VeRi/image_train/0583_c009_00005205_0.jpg,583,veri,8
VeRi/image_train/0583_c009_00005210_0.jpg,583,veri,8
VeRi/image_train/0583_c009_00005215_0.jpg,583,veri,8
VeRi/image_train/0583_c009_00005220_0.jpg,583,veri,8
VeRi/image_train/0583_c009_00005225_0.jpg,583,veri,8
VeRi/image_train/0583_c010_00005840_1.jpg,583,veri,9
VeRi/image_train/0583_c010_00005845_1.jpg,583,veri,9
VeRi/image_train/0583_c010_00005850_1.jpg,583,veri,9
VeRi/image_train/0583_c010_00005855_1.jpg,583,veri,9
VeRi/image_train/0583_c010_00005860_1.jpg,583,veri,9
VeRi/image_train/0583_c010_00005870_0.jpg,583,veri,9
VeRi/image_train/0583_c011_00005835_0.jpg,583,veri,10
VeRi/image_train/0583_c011_00005850_0.jpg,583,veri,10
VeRi/image_train/0583_c011_00005860_0.jpg,583,veri,10
VeRi/image_train/0583_c011_00005870_0.jpg,583,veri,10
VeRi/image_train/0583_c011_00005880_0.jpg,583,veri,10
VeRi/image_train/0583_c011_00005890_0.jpg,583,veri,10
VeRi/image_train/0583_c013_00010580_0.jpg,583,veri,12
VeRi/image_train/0583_c013_00010585_0.jpg,583,veri,12
VeRi/image_train/0583_c013_00010600_0.jpg,583,veri,12
VeRi/image_train/0583_c013_00010615_0.jpg,583,veri,12
VeRi/image_train/0583_c014_00012515_0.jpg,583,veri,13
VeRi/image_train/0583_c014_00012520_0.jpg,583,veri,13
VeRi/image_train/0583_c014_00012525_0.jpg,583,veri,13
VeRi/image_train/0583_c014_00012530_0.jpg,583,veri,13
VeRi/image_train/0583_c014_00012535_0.jpg,583,veri,13
VeRi/image_train/0583_c015_00012345_0.jpg,583,veri,14
VeRi/image_train/0583_c015_00012350_0.jpg,583,veri,14
VeRi/image_train/0583_c015_00012400_0.jpg,583,veri,14
VeRi/image_train/0583_c015_00012405_0.jpg,583,veri,14
VeRi/image_train/0583_c015_00012410_0.jpg,583,veri,14
VeRi/image_train/0583_c015_00012415_0.jpg,583,veri,14
VeRi/image_train/0583_c016_00012770_0.jpg,583,veri,15
VeRi/image_train/0583_c016_00012775_0.jpg,583,veri,15
VeRi/image_train/0583_c016_00012780_0.jpg,583,veri,15
VeRi/image_train/0583_c017_00011435_0.jpg,583,veri,16
VeRi/image_train/0583_c017_00011440_0.jpg,583,veri,16
VeRi/image_train/0583_c017_00011455_0.jpg,583,veri,16
VeRi/image_train/0583_c017_00011470_0.jpg,583,veri,16
VeRi/image_train/0583_c017_00011480_0.jpg,583,veri,16
VeRi/image_train/0583_c017_00011500_1.jpg,583,veri,16
VeRi/image_train/0583_c019_00011655_0.jpg,583,veri,18
VeRi/image_train/0583_c019_00011665_0.jpg,583,veri,18
VeRi/image_train/0583_c019_00011680_0.jpg,583,veri,18
VeRi/image_train/0583_c019_00011690_0.jpg,583,veri,18
VeRi/image_train/0583_c019_00011700_0.jpg,583,veri,18
VeRi/image_train/0583_c019_00011710_0.jpg,583,veri,18
VeRi/image_train/0589_c001_00002325_0.jpg,589,veri,0
VeRi/image_train/0589_c001_00002330_0.jpg,589,veri,0
VeRi/image_train/0589_c001_00002335_0.jpg,589,veri,0
VeRi/image_train/0589_c001_00002340_0.jpg,589,veri,0
VeRi/image_train/0589_c001_00002345_0.jpg,589,veri,0
VeRi/image_train/0589_c001_00002350_0.jpg,589,veri,0
VeRi/image_train/0589_c001_00021520_0.jpg,589,veri,0
VeRi/image_train/0589_c001_00021525_1.jpg,589,veri,0
VeRi/image_train/0589_c001_00021530_0.jpg,589,veri,0
VeRi/image_train/0589_c001_00021535_1.jpg,589,veri,0
VeRi/image_train/0589_c001_00021540_0.jpg,589,veri,0
VeRi/image_train/0589_c001_00021550_0.jpg,589,veri,0
VeRi/image_train/0589_c002_00002820_0.jpg,589,veri,1
VeRi/image_train/0589_c002_00002830_0.jpg,589,veri,1
VeRi/image_train/0589_c002_00002840_1.jpg,589,veri,1
VeRi/image_train/0589_c002_00002850_0.jpg,589,veri,1
VeRi/image_train/0589_c002_00002860_0.jpg,589,veri,1
VeRi/image_train/0589_c002_00002890_0.jpg,589,veri,1
VeRi/image_train/0589_c002_00020640_0.jpg,589,veri,1
VeRi/image_train/0589_c002_00020665_0.jpg,589,veri,1
VeRi/image_train/0589_c002_00020685_0.jpg,589,veri,1
VeRi/image_train/0589_c002_00020705_0.jpg,589,veri,1
VeRi/image_train/0589_c002_00020725_0.jpg,589,veri,1
VeRi/image_train/0589_c002_00020745_0.jpg,589,veri,1
VeRi/image_train/0589_c012_00001370_0.jpg,589,veri,11
VeRi/image_train/0589_c012_00001385_0.jpg,589,veri,11
VeRi/image_train/0589_c012_00001390_0.jpg,589,veri,11
VeRi/image_train/0589_c012_00001395_0.jpg,589,veri,11
VeRi/image_train/0589_c012_00001400_0.jpg,589,veri,11
VeRi/image_train/0589_c012_00001405_0.jpg,589,veri,11
VeRi/image_train/0589_c012_00022065_0.jpg,589,veri,11
VeRi/image_train/0589_c012_00022070_0.jpg,589,veri,11
VeRi/image_train/0589_c012_00022075_0.jpg,589,veri,11
VeRi/image_train/0589_c012_00022080_0.jpg,589,veri,11
VeRi/image_train/0589_c012_00022085_0.jpg,589,veri,11
VeRi/image_train/0589_c012_00022090_0.jpg,589,veri,11
VeRi/image_train/0589_c013_00001465_0.jpg,589,veri,12
VeRi/image_train/0589_c013_00001475_0.jpg,589,veri,12
VeRi/image_train/0589_c013_00001485_0.jpg,589,veri,12
VeRi/image_train/0589_c013_00001495_0.jpg,589,veri,12
VeRi/image_train/0589_c013_00001505_0.jpg,589,veri,12
VeRi/image_train/0589_c013_00001530_0.jpg,589,veri,12
VeRi/image_train/0589_c013_00021895_0.jpg,589,veri,12
VeRi/image_train/0589_c013_00021905_0.jpg,589,veri,12
VeRi/image_train/0589_c013_00021910_0.jpg,589,veri,12
VeRi/image_train/0589_c013_00021925_0.jpg,589,veri,12
VeRi/image_train/0589_c013_00021940_0.jpg,589,veri,12
VeRi/image_train/0589_c013_00021950_0.jpg,589,veri,12
VeRi/image_train/0589_c014_00000015_1.jpg,589,veri,13
VeRi/image_train/0589_c014_00000020_1.jpg,589,veri,13
VeRi/image_train/0589_c014_00000025_1.jpg,589,veri,13
VeRi/image_train/0589_c014_00000030_1.jpg,589,veri,13
VeRi/image_train/0589_c014_00000045_1.jpg,589,veri,13
VeRi/image_train/0589_c014_00000050_1.jpg,589,veri,13
VeRi/image_train/0589_c014_00000100_0.jpg,589,veri,13
VeRi/image_train/0589_c014_00000105_0.jpg,589,veri,13
VeRi/image_train/0589_c014_00000110_0.jpg,589,veri,13
VeRi/image_train/0589_c014_00000115_0.jpg,589,veri,13
VeRi/image_train/0589_c014_00023375_0.jpg,589,veri,13
VeRi/image_train/0589_c014_00023380_0.jpg,589,veri,13
VeRi/image_train/0589_c014_00023385_0.jpg,589,veri,13
VeRi/image_train/0589_c014_00023390_0.jpg,589,veri,13
VeRi/image_train/0589_c014_00023395_0.jpg,589,veri,13
VeRi/image_train/0589_c014_00023405_0.jpg,589,veri,13
VeRi/image_train/0589_c015_00000155_0.jpg,589,veri,14
VeRi/image_train/0589_c015_00000160_0.jpg,589,veri,14
VeRi/image_train/0589_c015_00000165_0.jpg,589,veri,14
VeRi/image_train/0589_c015_00000185_0.jpg,589,veri,14
VeRi/image_train/0589_c015_00000190_0.jpg,589,veri,14
VeRi/image_train/0589_c015_00000195_0.jpg,589,veri,14
VeRi/image_train/0589_c016_00024000_0.jpg,589,veri,15
VeRi/image_train/0589_c016_00024020_0.jpg,589,veri,15
VeRi/image_train/0589_c016_00024035_0.jpg,589,veri,15
VeRi/image_train/0589_c016_00024040_0.jpg,589,veri,15
VeRi/image_train/0589_c017_00000885_0.jpg,589,veri,16
VeRi/image_train/0589_c017_00000890_0.jpg,589,veri,16
VeRi/image_train/0589_c017_00000900_0.jpg,589,veri,16
VeRi/image_train/0589_c017_00000915_0.jpg,589,veri,16
VeRi/image_train/0589_c017_00000925_0.jpg,589,veri,16
VeRi/image_train/0589_c017_00000935_0.jpg,589,veri,16
VeRi/image_train/0589_c017_00022580_0.jpg,589,veri,16
VeRi/image_train/0589_c017_00022590_2.jpg,589,veri,16
VeRi/image_train/0589_c017_00022595_0.jpg,589,veri,16
VeRi/image_train/0589_c017_00022610_0.jpg,589,veri,16
VeRi/image_train/0589_c017_00022620_0.jpg,589,veri,16
VeRi/image_train/0589_c017_00022630_0.jpg,589,veri,16
VeRi/image_train/0589_c019_00000735_0.jpg,589,veri,18
VeRi/image_train/0589_c019_00000740_0.jpg,589,veri,18
VeRi/image_train/0589_c019_00000745_0.jpg,589,veri,18
VeRi/image_train/0589_c019_00000750_0.jpg,589,veri,18
VeRi/image_train/0589_c019_00000755_0.jpg,589,veri,18
VeRi/image_train/0589_c019_00000760_0.jpg,589,veri,18
VeRi/image_train/0589_c019_00022740_0.jpg,589,veri,18
VeRi/image_train/0589_c019_00022745_0.jpg,589,veri,18
VeRi/image_train/0589_c019_00022755_0.jpg,589,veri,18
VeRi/image_train/0589_c019_00022765_0.jpg,589,veri,18
VeRi/image_train/0589_c019_00022775_0.jpg,589,veri,18
VeRi/image_train/0589_c019_00022785_0.jpg,589,veri,18
VeRi/image_train/0594_c001_00082995_1.jpg,594,veri,0
VeRi/image_train/0594_c001_00083000_0.jpg,594,veri,0
VeRi/image_train/0594_c001_00083005_0.jpg,594,veri,0
VeRi/image_train/0594_c001_00083010_0.jpg,594,veri,0
VeRi/image_train/0594_c001_00083015_0.jpg,594,veri,0
VeRi/image_train/0594_c001_00083020_0.jpg,594,veri,0
VeRi/image_train/0594_c002_00081195_0.jpg,594,veri,1
VeRi/image_train/0594_c002_00081205_0.jpg,594,veri,1
VeRi/image_train/0594_c002_00081215_0.jpg,594,veri,1
VeRi/image_train/0594_c002_00081225_0.jpg,594,veri,1
VeRi/image_train/0594_c002_00081250_0.jpg,594,veri,1
VeRi/image_train/0594_c002_00081255_0.jpg,594,veri,1
VeRi/image_train/0594_c003_00078750_0.jpg,594,veri,2
VeRi/image_train/0594_c003_00078755_0.jpg,594,veri,2
VeRi/image_train/0594_c003_00078760_0.jpg,594,veri,2
VeRi/image_train/0594_c003_00078765_0.jpg,594,veri,2
VeRi/image_train/0594_c003_00078770_0.jpg,594,veri,2
VeRi/image_train/0594_c003_00078775_0.jpg,594,veri,2
VeRi/image_train/0594_c004_00078655_0.jpg,594,veri,3
VeRi/image_train/0594_c004_00078660_0.jpg,594,veri,3
VeRi/image_train/0594_c004_00078665_0.jpg,594,veri,3
VeRi/image_train/0594_c004_00078670_0.jpg,594,veri,3
VeRi/image_train/0594_c004_00078675_0.jpg,594,veri,3
VeRi/image_train/0594_c004_00078680_0.jpg,594,veri,3
VeRi/image_train/0594_c006_00079300_0.jpg,594,veri,5
VeRi/image_train/0594_c006_00079320_0.jpg,594,veri,5
VeRi/image_train/0594_c006_00079335_0.jpg,594,veri,5
VeRi/image_train/0594_c006_00079350_0.jpg,594,veri,5
VeRi/image_train/0594_c006_00079370_0.jpg,594,veri,5
VeRi/image_train/0594_c006_00079385_0.jpg,594,veri,5
VeRi/image_train/0594_c008_00078500_0.jpg,594,veri,7
VeRi/image_train/0594_c008_00078505_0.jpg,594,veri,7
VeRi/image_train/0594_c008_00078510_0.jpg,594,veri,7
VeRi/image_train/0594_c008_00078515_0.jpg,594,veri,7
VeRi/image_train/0594_c008_00078520_0.jpg,594,veri,7
VeRi/image_train/0594_c008_00078525_0.jpg,594,veri,7
VeRi/image_train/0594_c009_00078585_0.jpg,594,veri,8
VeRi/image_train/0594_c009_00078590_0.jpg,594,veri,8
VeRi/image_train/0594_c009_00078595_0.jpg,594,veri,8
VeRi/image_train/0594_c009_00078600_0.jpg,594,veri,8
VeRi/image_train/0594_c009_00078605_0.jpg,594,veri,8
VeRi/image_train/0594_c009_00078610_0.jpg,594,veri,8
VeRi/image_train/0594_c010_00079245_0.jpg,594,veri,9
VeRi/image_train/0594_c010_00079250_0.jpg,594,veri,9
VeRi/image_train/0594_c010_00079255_0.jpg,594,veri,9
VeRi/image_train/0594_c010_00079260_0.jpg,594,veri,9
VeRi/image_train/0594_c010_00079265_0.jpg,594,veri,9
VeRi/image_train/0594_c010_00079270_0.jpg,594,veri,9
VeRi/image_train/0594_c011_00079325_0.jpg,594,veri,10
VeRi/image_train/0594_c011_00079335_0.jpg,594,veri,10
VeRi/image_train/0594_c011_00079340_0.jpg,594,veri,10
VeRi/image_train/0594_c011_00079350_0.jpg,594,veri,10
VeRi/image_train/0594_c011_00079360_0.jpg,594,veri,10
VeRi/image_train/0594_c011_00079370_0.jpg,594,veri,10
VeRi/image_train/0594_c012_00083300_1.jpg,594,veri,11
VeRi/image_train/0594_c012_00083305_1.jpg,594,veri,11
VeRi/image_train/0594_c012_00083310_1.jpg,594,veri,11
VeRi/image_train/0594_c012_00083320_0.jpg,594,veri,11
VeRi/image_train/0594_c012_00083325_0.jpg,594,veri,11
VeRi/image_train/0594_c013_00083235_0.jpg,594,veri,12
VeRi/image_train/0594_c013_00083240_0.jpg,594,veri,12
VeRi/image_train/0594_c013_00083245_0.jpg,594,veri,12
VeRi/image_train/0594_c013_00083250_0.jpg,594,veri,12
VeRi/image_train/0594_c013_00083255_0.jpg,594,veri,12
VeRi/image_train/0594_c014_00085615_0.jpg,594,veri,13
VeRi/image_train/0594_c014_00085620_0.jpg,594,veri,13
VeRi/image_train/0594_c014_00085625_0.jpg,594,veri,13
VeRi/image_train/0594_c014_00085630_0.jpg,594,veri,13
VeRi/image_train/0594_c014_00085635_0.jpg,594,veri,13
VeRi/image_train/0594_c014_00085640_0.jpg,594,veri,13
VeRi/image_train/0594_c015_00085455_1.jpg,594,veri,14
VeRi/image_train/0594_c015_00085460_0.jpg,594,veri,14
VeRi/image_train/0594_c015_00085465_0.jpg,594,veri,14
VeRi/image_train/0594_c015_00085470_0.jpg,594,veri,14
VeRi/image_train/0594_c015_00085475_0.jpg,594,veri,14
VeRi/image_train/0594_c015_00085480_0.jpg,594,veri,14
VeRi/image_train/0594_c017_00083670_0.jpg,594,veri,16
VeRi/image_train/0594_c017_00083675_0.jpg,594,veri,16
VeRi/image_train/0594_c017_00083680_0.jpg,594,veri,16
VeRi/image_train/0594_c017_00083690_0.jpg,594,veri,16
VeRi/image_train/0594_c017_00083695_0.jpg,594,veri,16
VeRi/image_train/0594_c017_00083700_0.jpg,594,veri,16
VeRi/image_train/0594_c019_00083795_0.jpg,594,veri,18
VeRi/image_train/0594_c019_00083805_0.jpg,594,veri,18
VeRi/image_train/0594_c019_00083815_0.jpg,594,veri,18
VeRi/image_train/0594_c019_00083820_0.jpg,594,veri,18
VeRi/image_train/0594_c019_00083825_0.jpg,594,veri,18
VeRi/image_train/0594_c019_00083830_0.jpg,594,veri,18
VeRi/image_train/0595_c014_00067225_0.jpg,595,veri,13
VeRi/image_train/0595_c014_00067230_0.jpg,595,veri,13
VeRi/image_train/0595_c014_00067235_0.jpg,595,veri,13
VeRi/image_train/0595_c014_00067240_0.jpg,595,veri,13
VeRi/image_train/0595_c014_00067245_0.jpg,595,veri,13
VeRi/image_train/0595_c014_00067250_0.jpg,595,veri,13
VeRi/image_train/0595_c015_00067025_0.jpg,595,veri,14
VeRi/image_train/0595_c015_00067030_0.jpg,595,veri,14
VeRi/image_train/0595_c015_00067035_0.jpg,595,veri,14
VeRi/image_train/0595_c015_00067040_0.jpg,595,veri,14
VeRi/image_train/0595_c015_00067045_0.jpg,595,veri,14
VeRi/image_train/0595_c015_00067050_0.jpg,595,veri,14
VeRi/image_train/0595_c016_00068135_1.jpg,595,veri,15
VeRi/image_train/0595_c016_00068140_0.jpg,595,veri,15
VeRi/image_train/0595_c016_00068145_0.jpg,595,veri,15
VeRi/image_train/0595_c016_00068235_0.jpg,595,veri,15
VeRi/image_train/0595_c016_00068240_0.jpg,595,veri,15
VeRi/image_train/0595_c016_00068245_0.jpg,595,veri,15
VeRi/image_train/0595_c017_00065685_0.jpg,595,veri,16
VeRi/image_train/0595_c017_00065695_1.jpg,595,veri,16
VeRi/image_train/0595_c017_00065700_1.jpg,595,veri,16
VeRi/image_train/0595_c017_00065720_1.jpg,595,veri,16
VeRi/image_train/0595_c017_00065725_0.jpg,595,veri,16
VeRi/image_train/0595_c017_00065735_0.jpg,595,veri,16
VeRi/image_train/0595_c017_00066120_0.jpg,595,veri,16
VeRi/image_train/0595_c017_00066130_0.jpg,595,veri,16
VeRi/image_train/0595_c017_00066140_0.jpg,595,veri,16
VeRi/image_train/0595_c017_00066145_0.jpg,595,veri,16
VeRi/image_train/0595_c017_00066160_0.jpg,595,veri,16
VeRi/image_train/0595_c017_00066180_0.jpg,595,veri,16
VeRi/image_train/0595_c019_00065445_1.jpg,595,veri,18
VeRi/image_train/0595_c019_00065450_1.jpg,595,veri,18
VeRi/image_train/0595_c019_00065455_0.jpg,595,veri,18
VeRi/image_train/0595_c019_00065460_0.jpg,595,veri,18
VeRi/image_train/0595_c019_00065465_0.jpg,595,veri,18
VeRi/image_train/0595_c019_00065470_0.jpg,595,veri,18
VeRi/image_train/0595_c019_00066405_1.jpg,595,veri,18
VeRi/image_train/0595_c019_00066415_0.jpg,595,veri,18
VeRi/image_train/0595_c019_00066425_0.jpg,595,veri,18
VeRi/image_train/0595_c019_00066430_0.jpg,595,veri,18
VeRi/image_train/0595_c019_00066435_0.jpg,595,veri,18
VeRi/image_train/0595_c019_00066440_0.jpg,595,veri,18
VeRi/image_train/0599_c005_00007435_0.jpg,599,veri,4
VeRi/image_train/0599_c005_00007455_0.jpg,599,veri,4
VeRi/image_train/0599_c005_00007475_0.jpg,599,veri,4
VeRi/image_train/0599_c005_00007495_0.jpg,599,veri,4
VeRi/image_train/0599_c005_00007520_0.jpg,599,veri,4
VeRi/image_train/0599_c005_00007540_0.jpg,599,veri,4
VeRi/image_train/0599_c007_00007575_0.jpg,599,veri,6
VeRi/image_train/0599_c007_00007585_0.jpg,599,veri,6
VeRi/image_train/0599_c007_00007600_0.jpg,599,veri,6
VeRi/image_train/0599_c007_00007630_0.jpg,599,veri,6
VeRi/image_train/0599_c007_00007645_0.jpg,599,veri,6
VeRi/image_train/0599_c007_00007655_0.jpg,599,veri,6
VeRi/image_train/0599_c014_00082375_1.jpg,599,veri,13
VeRi/image_train/0599_c014_00082380_1.jpg,599,veri,13
VeRi/image_train/0599_c014_00082435_0.jpg,599,veri,13
VeRi/image_train/0599_c014_00082440_0.jpg,599,veri,13
VeRi/image_train/0599_c014_00082445_0.jpg,599,veri,13
VeRi/image_train/0599_c014_00082480_0.jpg,599,veri,13
VeRi/image_train/0599_c014_00086695_0.jpg,599,veri,13
VeRi/image_train/0599_c014_00086700_0.jpg,599,veri,13
VeRi/image_train/0599_c014_00086705_0.jpg,599,veri,13
VeRi/image_train/0599_c014_00086710_0.jpg,599,veri,13
VeRi/image_train/0599_c014_00086715_0.jpg,599,veri,13
VeRi/image_train/0599_c014_00086720_0.jpg,599,veri,13
VeRi/image_train/0599_c015_00082545_0.jpg,599,veri,14
VeRi/image_train/0599_c015_00082550_0.jpg,599,veri,14
VeRi/image_train/0599_c015_00082555_0.jpg,599,veri,14
VeRi/image_train/0599_c015_00082560_0.jpg,599,veri,14
VeRi/image_train/0599_c015_00082565_0.jpg,599,veri,14
VeRi/image_train/0599_c015_00082570_0.jpg,599,veri,14
VeRi/image_train/0599_c015_00086485_0.jpg,599,veri,14
VeRi/image_train/0599_c015_00086490_0.jpg,599,veri,14
VeRi/image_train/0599_c015_00086495_0.jpg,599,veri,14
VeRi/image_train/0599_c015_00086500_0.jpg,599,veri,14
VeRi/image_train/0599_c015_00086505_0.jpg,599,veri,14
VeRi/image_train/0599_c015_00086510_0.jpg,599,veri,14
VeRi/image_train/0599_c016_00016890_0.jpg,599,veri,15
VeRi/image_train/0599_c016_00016895_0.jpg,599,veri,15
VeRi/image_train/0599_c016_00016920_0.jpg,599,veri,15
VeRi/image_train/0599_c016_00017025_0.jpg,599,veri,15
VeRi/image_train/0599_c016_00017030_0.jpg,599,veri,15
VeRi/image_train/0599_c016_00017035_0.jpg,599,veri,15
VeRi/image_train/0599_c016_00082075_0.jpg,599,veri,15
VeRi/image_train/0599_c016_00082080_0.jpg,599,veri,15
VeRi/image_train/0599_c016_00082085_0.jpg,599,veri,15
VeRi/image_train/0599_c016_00082090_0.jpg,599,veri,15
VeRi/image_train/0599_c016_00082095_0.jpg,599,veri,15
VeRi/image_train/0599_c016_00082100_0.jpg,599,veri,15
VeRi/image_train/0599_c016_00086975_1.jpg,599,veri,15
VeRi/image_train/0599_c016_00086980_0.jpg,599,veri,15
VeRi/image_train/0599_c016_00086985_0.jpg,599,veri,15
VeRi/image_train/0599_c016_00086990_0.jpg,599,veri,15
VeRi/image_train/0599_c017_00083950_0.jpg,599,veri,16
VeRi/image_train/0599_c017_00083995_0.jpg,599,veri,16
VeRi/image_train/0599_c017_00084020_0.jpg,599,veri,16
VeRi/image_train/0599_c017_00084035_0.jpg,599,veri,16
VeRi/image_train/0599_c017_00084050_0.jpg,599,veri,16
VeRi/image_train/0599_c017_00084070_0.jpg,599,veri,16
VeRi/image_train/0599_c017_00084295_0.jpg,599,veri,16
VeRi/image_train/0599_c017_00084305_0.jpg,599,veri,16
VeRi/image_train/0599_c017_00084320_0.jpg,599,veri,16
VeRi/image_train/0599_c017_00084335_0.jpg,599,veri,16
VeRi/image_train/0599_c017_00084355_0.jpg,599,veri,16
VeRi/image_train/0599_c017_00084365_0.jpg,599,veri,16
VeRi/image_train/0599_c019_00083600_0.jpg,599,veri,18
VeRi/image_train/0599_c019_00083605_0.jpg,599,veri,18
VeRi/image_train/0599_c019_00083615_0.jpg,599,veri,18
VeRi/image_train/0599_c019_00083625_0.jpg,599,veri,18
VeRi/image_train/0599_c019_00083635_0.jpg,599,veri,18
VeRi/image_train/0599_c019_00083645_0.jpg,599,veri,18
VeRi/image_train/0599_c019_00084600_0.jpg,599,veri,18
VeRi/image_train/0599_c019_00084605_0.jpg,599,veri,18
VeRi/image_train/0599_c019_00084610_0.jpg,599,veri,18
VeRi/image_train/0599_c019_00084615_0.jpg,599,veri,18
VeRi/image_train/0599_c019_00084620_0.jpg,599,veri,18
VeRi/image_train/0599_c019_00084625_0.jpg,599,veri,18
VeRi/image_train/0605_c002_00036305_0.jpg,605,veri,1
VeRi/image_train/0605_c002_00036325_0.jpg,605,veri,1
VeRi/image_train/0605_c002_00036345_0.jpg,605,veri,1
VeRi/image_train/0605_c002_00036365_1.jpg,605,veri,1
VeRi/image_train/0605_c002_00036390_1.jpg,605,veri,1
VeRi/image_train/0605_c002_00036410_1.jpg,605,veri,1
VeRi/image_train/0605_c003_00029825_0.jpg,605,veri,2
VeRi/image_train/0605_c003_00029845_0.jpg,605,veri,2
VeRi/image_train/0605_c003_00029910_0.jpg,605,veri,2
VeRi/image_train/0605_c003_00029960_0.jpg,605,veri,2
VeRi/image_train/0605_c003_00029970_1.jpg,605,veri,2
VeRi/image_train/0605_c003_00030010_1.jpg,605,veri,2
VeRi/image_train/0605_c003_00034080_0.jpg,605,veri,2
VeRi/image_train/0605_c003_00034090_0.jpg,605,veri,2
VeRi/image_train/0605_c003_00034100_0.jpg,605,veri,2
VeRi/image_train/0605_c003_00034110_0.jpg,605,veri,2
VeRi/image_train/0605_c003_00034120_0.jpg,605,veri,2
VeRi/image_train/0605_c003_00034130_0.jpg,605,veri,2
VeRi/image_train/0605_c004_00029710_0.jpg,605,veri,3
VeRi/image_train/0605_c004_00029750_0.jpg,605,veri,3
VeRi/image_train/0605_c004_00029800_0.jpg,605,veri,3
VeRi/image_train/0605_c004_00029850_0.jpg,605,veri,3
VeRi/image_train/0605_c004_00029865_0.jpg,605,veri,3
VeRi/image_train/0605_c004_00029875_0.jpg,605,veri,3
VeRi/image_train/0605_c004_00033985_0.jpg,605,veri,3
VeRi/image_train/0605_c004_00033990_0.jpg,605,veri,3
VeRi/image_train/0605_c004_00033995_0.jpg,605,veri,3
VeRi/image_train/0605_c004_00034000_0.jpg,605,veri,3
VeRi/image_train/0605_c004_00034005_0.jpg,605,veri,3
VeRi/image_train/0605_c004_00034010_0.jpg,605,veri,3
VeRi/image_train/0605_c006_00035425_0.jpg,605,veri,5
VeRi/image_train/0605_c006_00035435_0.jpg,605,veri,5
VeRi/image_train/0605_c006_00035450_0.jpg,605,veri,5
VeRi/image_train/0605_c006_00035465_0.jpg,605,veri,5
VeRi/image_train/0605_c006_00035480_0.jpg,605,veri,5
VeRi/image_train/0605_c006_00035505_0.jpg,605,veri,5
VeRi/image_train/0605_c008_00030555_2.jpg,605,veri,7
VeRi/image_train/0605_c008_00030560_0.jpg,605,veri,7
VeRi/image_train/0605_c008_00030565_0.jpg,605,veri,7
VeRi/image_train/0605_c008_00033735_1.jpg,605,veri,7
VeRi/image_train/0605_c008_00033740_1.jpg,605,veri,7
VeRi/image_train/0605_c008_00033755_0.jpg,605,veri,7
VeRi/image_train/0605_c008_00033765_0.jpg,605,veri,7
VeRi/image_train/0605_c008_00033775_0.jpg,605,veri,7
VeRi/image_train/0605_c008_00033795_0.jpg,605,veri,7
VeRi/image_train/0605_c009_00030435_0.jpg,605,veri,8
VeRi/image_train/0605_c009_00030440_0.jpg,605,veri,8
VeRi/image_train/0605_c009_00030445_0.jpg,605,veri,8
VeRi/image_train/0605_c009_00030450_0.jpg,605,veri,8
VeRi/image_train/0605_c009_00033855_0.jpg,605,veri,8
VeRi/image_train/0605_c009_00033860_0.jpg,605,veri,8
VeRi/image_train/0605_c009_00033865_0.jpg,605,veri,8
VeRi/image_train/0605_c009_00033870_0.jpg,605,veri,8
VeRi/image_train/0605_c009_00033875_0.jpg,605,veri,8
VeRi/image_train/0605_c009_00033880_0.jpg,605,veri,8
VeRi/image_train/0605_c010_00035110_0.jpg,605,veri,9
VeRi/image_train/0605_c010_00035120_0.jpg,605,veri,9
VeRi/image_train/0605_c010_00035130_0.jpg,605,veri,9
VeRi/image_train/0605_c010_00035140_0.jpg,605,veri,9
VeRi/image_train/0605_c010_00035150_0.jpg,605,veri,9
VeRi/image_train/0605_c010_00035160_0.jpg,605,veri,9
VeRi/image_train/0605_c011_00035405_0.jpg,605,veri,10
VeRi/image_train/0605_c011_00035415_0.jpg,605,veri,10
VeRi/image_train/0605_c011_00035425_0.jpg,605,veri,10
VeRi/image_train/0605_c011_00035435_0.jpg,605,veri,10
VeRi/image_train/0605_c011_00035485_0.jpg,605,veri,10
VeRi/image_train/0605_c011_00035560_0.jpg,605,veri,10
VeRi/image_train/0607_c003_00024815_1.jpg,607,veri,2
VeRi/image_train/0607_c003_00024830_1.jpg,607,veri,2
VeRi/image_train/0607_c003_00024845_1.jpg,607,veri,2
VeRi/image_train/0607_c003_00024860_1.jpg,607,veri,2
VeRi/image_train/0607_c003_00024875_1.jpg,607,veri,2
VeRi/image_train/0607_c003_00024915_1.jpg,607,veri,2
VeRi/image_train/0607_c004_00024775_1.jpg,607,veri,3
VeRi/image_train/0607_c004_00024800_1.jpg,607,veri,3
VeRi/image_train/0607_c004_00024815_1.jpg,607,veri,3
VeRi/image_train/0607_c004_00024820_0.jpg,607,veri,3
VeRi/image_train/0607_c004_00024835_0.jpg,607,veri,3
VeRi/image_train/0607_c004_00024845_0.jpg,607,veri,3
VeRi/image_train/0607_c008_00024595_0.jpg,607,veri,7
VeRi/image_train/0607_c008_00024600_0.jpg,607,veri,7
VeRi/image_train/0607_c008_00024605_0.jpg,607,veri,7
VeRi/image_train/0607_c008_00024610_0.jpg,607,veri,7
VeRi/image_train/0607_c008_00024635_0.jpg,607,veri,7
VeRi/image_train/0607_c009_00024630_0.jpg,607,veri,8
VeRi/image_train/0607_c009_00024635_0.jpg,607,veri,8
VeRi/image_train/0607_c009_00024640_0.jpg,607,veri,8
VeRi/image_train/0607_c009_00024645_0.jpg,607,veri,8
VeRi/image_train/0607_c009_00024650_0.jpg,607,veri,8
VeRi/image_train/0607_c009_00024655_0.jpg,607,veri,8
VeRi/image_train/0608_c003_00077855_0.jpg,608,veri,2
VeRi/image_train/0608_c003_00077865_0.jpg,608,veri,2
VeRi/image_train/0608_c003_00077895_1.jpg,608,veri,2
VeRi/image_train/0608_c003_00077925_0.jpg,608,veri,2
VeRi/image_train/0608_c003_00077940_0.jpg,608,veri,2
VeRi/image_train/0608_c003_00077950_0.jpg,608,veri,2
VeRi/image_train/0608_c005_00079520_0.jpg,608,veri,4
VeRi/image_train/0608_c005_00079535_0.jpg,608,veri,4
VeRi/image_train/0608_c005_00079550_0.jpg,608,veri,4
VeRi/image_train/0608_c005_00079565_0.jpg,608,veri,4
VeRi/image_train/0608_c005_00079590_0.jpg,608,veri,4
VeRi/image_train/0608_c005_00079615_0.jpg,608,veri,4
VeRi/image_train/0608_c007_00079645_0.jpg,608,veri,6
VeRi/image_train/0608_c007_00079655_0.jpg,608,veri,6
VeRi/image_train/0608_c007_00079660_0.jpg,608,veri,6
VeRi/image_train/0608_c007_00079670_0.jpg,608,veri,6
VeRi/image_train/0608_c007_00079680_0.jpg,608,veri,6
VeRi/image_train/0608_c007_00079685_0.jpg,608,veri,6
VeRi/image_train/0608_c008_00078215_0.jpg,608,veri,7
VeRi/image_train/0608_c008_00078220_0.jpg,608,veri,7
VeRi/image_train/0608_c008_00078225_0.jpg,608,veri,7
VeRi/image_train/0608_c008_00078230_0.jpg,608,veri,7
VeRi/image_train/0608_c008_00078235_0.jpg,608,veri,7
VeRi/image_train/0608_c008_00078240_0.jpg,608,veri,7
VeRi/image_train/0608_c009_00078125_0.jpg,608,veri,8
VeRi/image_train/0608_c009_00078130_0.jpg,608,veri,8
VeRi/image_train/0608_c009_00078135_0.jpg,608,veri,8
VeRi/image_train/0608_c009_00078140_0.jpg,608,veri,8
VeRi/image_train/0608_c009_00078145_0.jpg,608,veri,8
VeRi/image_train/0608_c009_00078150_0.jpg,608,veri,8
VeRi/image_train/0636_c003_00010550_0.jpg,636,veri,2
VeRi/image_train/0636_c003_00010555_0.jpg,636,veri,2
VeRi/image_train/0636_c003_00010560_0.jpg,636,veri,2
VeRi/image_train/0636_c003_00010565_0.jpg,636,veri,2
VeRi/image_train/0636_c003_00010570_0.jpg,636,veri,2
VeRi/image_train/0636_c003_00010575_0.jpg,636,veri,2
VeRi/image_train/0636_c003_00022250_0.jpg,636,veri,2
VeRi/image_train/0636_c003_00022255_0.jpg,636,veri,2
VeRi/image_train/0636_c003_00022260_0.jpg,636,veri,2
VeRi/image_train/0636_c003_00022265_0.jpg,636,veri,2
VeRi/image_train/0636_c003_00022270_0.jpg,636,veri,2
VeRi/image_train/0636_c003_00022275_0.jpg,636,veri,2
VeRi/image_train/0636_c003_00079070_0.jpg,636,veri,2
VeRi/image_train/0636_c003_00079075_0.jpg,636,veri,2
VeRi/image_train/0636_c003_00079080_0.jpg,636,veri,2
VeRi/image_train/0636_c003_00079085_0.jpg,636,veri,2
VeRi/image_train/0636_c003_00079090_0.jpg,636,veri,2
VeRi/image_train/0636_c004_00010465_0.jpg,636,veri,3
VeRi/image_train/0636_c004_00010475_0.jpg,636,veri,3
VeRi/image_train/0636_c004_00010485_0.jpg,636,veri,3
VeRi/image_train/0636_c004_00010490_0.jpg,636,veri,3
VeRi/image_train/0636_c004_00010495_0.jpg,636,veri,3
VeRi/image_train/0636_c004_00010500_0.jpg,636,veri,3
VeRi/image_train/0636_c004_00022180_0.jpg,636,veri,3
VeRi/image_train/0636_c004_00022185_0.jpg,636,veri,3
VeRi/image_train/0636_c004_00022190_0.jpg,636,veri,3
VeRi/image_train/0636_c004_00022195_0.jpg,636,veri,3
VeRi/image_train/0636_c004_00022200_0.jpg,636,veri,3
VeRi/image_train/0636_c004_00022205_0.jpg,636,veri,3
VeRi/image_train/0636_c004_00079000_0.jpg,636,veri,3
VeRi/image_train/0636_c004_00079005_0.jpg,636,veri,3
VeRi/image_train/0636_c004_00079010_0.jpg,636,veri,3
VeRi/image_train/0636_c004_00079015_0.jpg,636,veri,3
VeRi/image_train/0636_c004_00079020_0.jpg,636,veri,3
VeRi/image_train/0636_c005_00011160_1.jpg,636,veri,4
VeRi/image_train/0636_c005_00011175_1.jpg,636,veri,4
VeRi/image_train/0636_c005_00011195_1.jpg,636,veri,4
VeRi/image_train/0636_c005_00011220_1.jpg,636,veri,4
VeRi/image_train/0636_c005_00011250_0.jpg,636,veri,4
VeRi/image_train/0636_c005_00011285_0.jpg,636,veri,4
VeRi/image_train/0636_c005_00079400_2.jpg,636,veri,4
VeRi/image_train/0636_c005_00079410_2.jpg,636,veri,4
VeRi/image_train/0636_c005_00079425_0.jpg,636,veri,4
VeRi/image_train/0636_c005_00079435_0.jpg,636,veri,4
VeRi/image_train/0636_c005_00079445_0.jpg,636,veri,4
VeRi/image_train/0636_c005_00079460_0.jpg,636,veri,4
VeRi/image_train/0636_c006_00009855_3.jpg,636,veri,5
VeRi/image_train/0636_c006_00009975_0.jpg,636,veri,5
VeRi/image_train/0636_c006_00010005_1.jpg,636,veri,5
VeRi/image_train/0636_c006_00010050_1.jpg,636,veri,5
VeRi/image_train/0636_c006_00010075_0.jpg,636,veri,5
VeRi/image_train/0636_c006_00022620_0.jpg,636,veri,5
VeRi/image_train/0636_c006_00022630_0.jpg,636,veri,5
VeRi/image_train/0636_c006_00022640_0.jpg,636,veri,5
VeRi/image_train/0636_c006_00022655_0.jpg,636,veri,5
VeRi/image_train/0636_c006_00022670_0.jpg,636,veri,5
VeRi/image_train/0636_c006_00022690_0.jpg,636,veri,5
VeRi/image_train/0636_c006_00023305_0.jpg,636,veri,5
VeRi/image_train/0636_c006_00023335_0.jpg,636,veri,5
VeRi/image_train/0636_c006_00023365_0.jpg,636,veri,5
VeRi/image_train/0636_c006_00078460_1.jpg,636,veri,5
VeRi/image_train/0636_c006_00078475_1.jpg,636,veri,5
VeRi/image_train/0636_c006_00078490_1.jpg,636,veri,5
VeRi/image_train/0636_c006_00078510_0.jpg,636,veri,5
VeRi/image_train/0636_c006_00078590_0.jpg,636,veri,5
VeRi/image_train/0636_c006_00078620_0.jpg,636,veri,5
VeRi/image_train/0636_c007_00011250_0.jpg,636,veri,6
VeRi/image_train/0636_c007_00011260_0.jpg,636,veri,6
VeRi/image_train/0636_c007_00011270_0.jpg,636,veri,6
VeRi/image_train/0636_c007_00011280_0.jpg,636,veri,6
VeRi/image_train/0636_c007_00079475_1.jpg,636,veri,6
VeRi/image_train/0636_c007_00079480_1.jpg,636,veri,6
VeRi/image_train/0636_c007_00079485_1.jpg,636,veri,6
VeRi/image_train/0636_c007_00079490_1.jpg,636,veri,6
VeRi/image_train/0636_c008_00010685_0.jpg,636,veri,7
VeRi/image_train/0636_c008_00010690_0.jpg,636,veri,7
VeRi/image_train/0636_c008_00022095_0.jpg,636,veri,7
VeRi/image_train/0636_c008_00022105_0.jpg,636,veri,7
VeRi/image_train/0636_c008_00022120_0.jpg,636,veri,7
VeRi/image_train/0636_c008_00022130_0.jpg,636,veri,7
VeRi/image_train/0636_c008_00022135_0.jpg,636,veri,7
VeRi/image_train/0636_c008_00022140_0.jpg,636,veri,7
VeRi/image_train/0636_c008_00079150_0.jpg,636,veri,7
VeRi/image_train/0636_c008_00079155_0.jpg,636,veri,7
VeRi/image_train/0636_c008_00079160_0.jpg,636,veri,7
VeRi/image_train/0636_c008_00079165_0.jpg,636,veri,7
VeRi/image_train/0636_c008_00079170_0.jpg,636,veri,7
VeRi/image_train/0636_c009_00010600_0.jpg,636,veri,8
VeRi/image_train/0636_c009_00010605_0.jpg,636,veri,8
VeRi/image_train/0636_c009_00022115_0.jpg,636,veri,8
VeRi/image_train/0636_c009_00022120_0.jpg,636,veri,8
VeRi/image_train/0636_c009_00022125_0.jpg,636,veri,8
VeRi/image_train/0636_c009_00022130_0.jpg,636,veri,8
VeRi/image_train/0636_c009_00022135_0.jpg,636,veri,8
VeRi/image_train/0636_c009_00022140_0.jpg,636,veri,8
VeRi/image_train/0636_c009_00079150_0.jpg,636,veri,8
VeRi/image_train/0636_c009_00079155_0.jpg,636,veri,8
VeRi/image_train/0636_c009_00079160_0.jpg,636,veri,8
VeRi/image_train/0636_c009_00079165_0.jpg,636,veri,8
VeRi/image_train/0636_c009_00079175_0.jpg,636,veri,8
VeRi/image_train/0636_c010_00010180_0.jpg,636,veri,9
VeRi/image_train/0636_c010_00010185_0.jpg,636,veri,9
VeRi/image_train/0636_c010_00010190_0.jpg,636,veri,9
VeRi/image_train/0636_c010_00010195_0.jpg,636,veri,9
VeRi/image_train/0636_c010_00010200_0.jpg,636,veri,9
VeRi/image_train/0636_c010_00022585_0.jpg,636,veri,9
VeRi/image_train/0636_c010_00022590_0.jpg,636,veri,9
VeRi/image_train/0636_c010_00022595_0.jpg,636,veri,9
VeRi/image_train/0636_c010_00022600_0.jpg,636,veri,9
VeRi/image_train/0636_c010_00022605_0.jpg,636,veri,9
VeRi/image_train/0636_c010_00022610_0.jpg,636,veri,9
VeRi/image_train/0636_c010_00078770_0.jpg,636,veri,9
VeRi/image_train/0636_c010_00078775_0.jpg,636,veri,9
VeRi/image_train/0636_c010_00078780_0.jpg,636,veri,9
VeRi/image_train/0636_c010_00078785_0.jpg,636,veri,9
VeRi/image_train/0636_c010_00078790_0.jpg,636,veri,9
VeRi/image_train/0636_c010_00078795_0.jpg,636,veri,9
VeRi/image_train/0636_c011_00009890_1.jpg,636,veri,10
VeRi/image_train/0636_c011_00009905_1.jpg,636,veri,10
VeRi/image_train/0636_c011_00009920_1.jpg,636,veri,10
VeRi/image_train/0636_c011_00009955_0.jpg,636,veri,10
VeRi/image_train/0636_c011_00009965_0.jpg,636,veri,10
VeRi/image_train/0636_c011_00009990_0.jpg,636,veri,10
VeRi/image_train/0636_c011_00022595_0.jpg,636,veri,10
VeRi/image_train/0636_c011_00022600_0.jpg,636,veri,10
VeRi/image_train/0636_c011_00022605_0.jpg,636,veri,10
VeRi/image_train/0636_c011_00022625_0.jpg,636,veri,10
VeRi/image_train/0636_c011_00022635_0.jpg,636,veri,10
VeRi/image_train/0636_c011_00022645_0.jpg,636,veri,10
VeRi/image_train/0636_c011_00023245_0.jpg,636,veri,10
VeRi/image_train/0636_c011_00023260_0.jpg,636,veri,10
VeRi/image_train/0636_c011_00023275_0.jpg,636,veri,10
VeRi/image_train/0636_c011_00023290_0.jpg,636,veri,10
VeRi/image_train/0636_c011_00023305_0.jpg,636,veri,10
VeRi/image_train/0636_c011_00023335_0.jpg,636,veri,10
VeRi/image_train/0636_c011_00078595_0.jpg,636,veri,10
VeRi/image_train/0636_c011_00078600_0.jpg,636,veri,10
VeRi/image_train/0636_c011_00078605_0.jpg,636,veri,10
VeRi/image_train/0636_c011_00078615_0.jpg,636,veri,10
VeRi/image_train/0636_c011_00078620_0.jpg,636,veri,10
VeRi/image_train/0636_c011_00078625_0.jpg,636,veri,10
VeRi/image_train/0637_c002_00012365_0.jpg,637,veri,1
VeRi/image_train/0637_c002_00012380_0.jpg,637,veri,1
VeRi/image_train/0637_c002_00012390_0.jpg,637,veri,1
VeRi/image_train/0637_c002_00012435_0.jpg,637,veri,1
VeRi/image_train/0637_c002_00012445_0.jpg,637,veri,1
VeRi/image_train/0637_c002_00012455_0.jpg,637,veri,1
VeRi/image_train/0637_c003_00011160_0.jpg,637,veri,2
VeRi/image_train/0637_c003_00011165_0.jpg,637,veri,2
VeRi/image_train/0637_c003_00011170_0.jpg,637,veri,2
VeRi/image_train/0637_c003_00011180_0.jpg,637,veri,2
VeRi/image_train/0637_c003_00011185_0.jpg,637,veri,2
VeRi/image_train/0637_c003_00011195_0.jpg,637,veri,2
VeRi/image_train/0637_c004_00011065_1.jpg,637,veri,3
VeRi/image_train/0637_c004_00011070_0.jpg,637,veri,3
VeRi/image_train/0637_c004_00011075_0.jpg,637,veri,3
VeRi/image_train/0637_c004_00011080_0.jpg,637,veri,3
VeRi/image_train/0637_c004_00011085_0.jpg,637,veri,3
VeRi/image_train/0637_c004_00011090_0.jpg,637,veri,3
VeRi/image_train/0637_c006_00011655_0.jpg,637,veri,5
VeRi/image_train/0637_c006_00011670_0.jpg,637,veri,5
VeRi/image_train/0637_c006_00011680_0.jpg,637,veri,5
VeRi/image_train/0637_c006_00011695_0.jpg,637,veri,5
VeRi/image_train/0637_c006_00011715_0.jpg,637,veri,5
VeRi/image_train/0637_c006_00011735_1.jpg,637,veri,5
VeRi/image_train/0637_c008_00010970_0.jpg,637,veri,7
VeRi/image_train/0637_c008_00010975_0.jpg,637,veri,7
VeRi/image_train/0637_c008_00010980_0.jpg,637,veri,7
VeRi/image_train/0637_c008_00010985_0.jpg,637,veri,7
VeRi/image_train/0637_c008_00010990_0.jpg,637,veri,7
VeRi/image_train/0637_c008_00010995_0.jpg,637,veri,7
VeRi/image_train/0637_c009_00010990_0.jpg,637,veri,8
VeRi/image_train/0637_c009_00010995_0.jpg,637,veri,8
VeRi/image_train/0637_c009_00011000_0.jpg,637,veri,8
VeRi/image_train/0637_c009_00011005_0.jpg,637,veri,8
VeRi/image_train/0637_c009_00011010_0.jpg,637,veri,8
VeRi/image_train/0637_c009_00011015_0.jpg,637,veri,8
VeRi/image_train/0637_c010_00011595_0.jpg,637,veri,9
VeRi/image_train/0637_c010_00011600_0.jpg,637,veri,9
VeRi/image_train/0637_c010_00011605_0.jpg,637,veri,9
VeRi/image_train/0637_c010_00011610_0.jpg,637,veri,9
VeRi/image_train/0637_c010_00011615_0.jpg,637,veri,9
VeRi/image_train/0637_c010_00011620_0.jpg,637,veri,9
VeRi/image_train/0637_c011_00011595_0.jpg,637,veri,10
VeRi/image_train/0637_c011_00011605_0.jpg,637,veri,10
VeRi/image_train/0637_c011_00011615_0.jpg,637,veri,10
VeRi/image_train/0637_c011_00011625_0.jpg,637,veri,10
VeRi/image_train/0637_c011_00011635_0.jpg,637,veri,10
VeRi/image_train/0637_c011_00011645_0.jpg,637,veri,10
VeRi/image_train/0064_c001_00029475_1.jpg,64,veri,0
VeRi/image_train/0064_c001_00029485_0.jpg,64,veri,0
VeRi/image_train/0064_c001_00029495_0.jpg,64,veri,0
VeRi/image_train/0064_c001_00029505_0.jpg,64,veri,0
VeRi/image_train/0064_c001_00029515_0.jpg,64,veri,0
VeRi/image_train/0064_c001_00029525_0.jpg,64,veri,0
VeRi/image_train/0064_c001_00079025_0.jpg,64,veri,0
VeRi/image_train/0064_c001_00079035_0.jpg,64,veri,0
VeRi/image_train/0064_c001_00079045_0.jpg,64,veri,0
VeRi/image_train/0064_c001_00079055_0.jpg,64,veri,0
VeRi/image_train/0064_c001_00079060_0.jpg,64,veri,0
VeRi/image_train/0064_c001_00079065_0.jpg,64,veri,0
VeRi/image_train/0064_c012_00031075_0.jpg,64,veri,11
VeRi/image_train/0064_c012_00031080_0.jpg,64,veri,11
VeRi/image_train/0064_c012_00031085_0.jpg,64,veri,11
VeRi/image_train/0064_c012_00031090_0.jpg,64,veri,11
VeRi/image_train/0064_c012_00031095_0.jpg,64,veri,11
VeRi/image_train/0064_c012_00031105_0.jpg,64,veri,11
VeRi/image_train/0064_c012_00076860_0.jpg,64,veri,11
VeRi/image_train/0064_c012_00076870_0.jpg,64,veri,11
VeRi/image_train/0064_c012_00076880_0.jpg,64,veri,11
VeRi/image_train/0064_c012_00076890_0.jpg,64,veri,11
VeRi/image_train/0064_c012_00076900_0.jpg,64,veri,11
VeRi/image_train/0064_c012_00076910_0.jpg,64,veri,11
VeRi/image_train/0064_c013_00077035_0.jpg,64,veri,12
VeRi/image_train/0064_c013_00077040_0.jpg,64,veri,12
VeRi/image_train/0064_c013_00077045_0.jpg,64,veri,12
VeRi/image_train/0064_c013_00077050_0.jpg,64,veri,12
VeRi/image_train/0064_c013_00077055_0.jpg,64,veri,12
VeRi/image_train/0064_c013_00077060_0.jpg,64,veri,12
VeRi/image_train/0064_c014_00033540_0.jpg,64,veri,13
VeRi/image_train/0064_c014_00033545_0.jpg,64,veri,13
VeRi/image_train/0064_c014_00033550_0.jpg,64,veri,13
VeRi/image_train/0064_c014_00033555_0.jpg,64,veri,13
VeRi/image_train/0064_c014_00033560_0.jpg,64,veri,13
VeRi/image_train/0064_c014_00033565_0.jpg,64,veri,13
VeRi/image_train/0064_c014_00074530_0.jpg,64,veri,13
VeRi/image_train/0064_c014_00074535_0.jpg,64,veri,13
VeRi/image_train/0064_c014_00074540_0.jpg,64,veri,13
VeRi/image_train/0064_c014_00074545_0.jpg,64,veri,13
VeRi/image_train/0064_c014_00074550_0.jpg,64,veri,13
VeRi/image_train/0064_c014_00074590_0.jpg,64,veri,13
VeRi/image_train/0064_c015_00033225_0.jpg,64,veri,14
VeRi/image_train/0064_c015_00033230_0.jpg,64,veri,14
VeRi/image_train/0064_c015_00033235_0.jpg,64,veri,14
VeRi/image_train/0064_c015_00033265_0.jpg,64,veri,14
VeRi/image_train/0064_c015_00033285_0.jpg,64,veri,14
VeRi/image_train/0064_c015_00033300_0.jpg,64,veri,14
VeRi/image_train/0064_c015_00074710_0.jpg,64,veri,14
VeRi/image_train/0064_c015_00074715_0.jpg,64,veri,14
VeRi/image_train/0064_c015_00074720_0.jpg,64,veri,14
VeRi/image_train/0064_c015_00074725_0.jpg,64,veri,14
VeRi/image_train/0064_c015_00074730_0.jpg,64,veri,14
VeRi/image_train/0064_c015_00074735_0.jpg,64,veri,14
VeRi/image_train/0064_c016_00034390_0.jpg,64,veri,15
VeRi/image_train/0064_c016_00034400_0.jpg,64,veri,15
VeRi/image_train/0064_c016_00034405_0.jpg,64,veri,15
VeRi/image_train/0064_c016_00034410_0.jpg,64,veri,15
VeRi/image_train/0064_c016_00034415_0.jpg,64,veri,15
VeRi/image_train/0064_c016_00034420_0.jpg,64,veri,15
VeRi/image_train/0064_c016_00073525_0.jpg,64,veri,15
VeRi/image_train/0064_c016_00073530_0.jpg,64,veri,15
VeRi/image_train/0064_c016_00073535_0.jpg,64,veri,15
VeRi/image_train/0064_c016_00073540_0.jpg,64,veri,15
VeRi/image_train/0064_c016_00073545_0.jpg,64,veri,15
VeRi/image_train/0064_c016_00073550_0.jpg,64,veri,15
VeRi/image_train/0064_c017_00032145_0.jpg,64,veri,16
VeRi/image_train/0064_c017_00032155_0.jpg,64,veri,16
VeRi/image_train/0064_c017_00032165_0.jpg,64,veri,16
VeRi/image_train/0064_c017_00032175_0.jpg,64,veri,16
VeRi/image_train/0064_c017_00032185_0.jpg,64,veri,16
VeRi/image_train/0064_c017_00032205_0.jpg,64,veri,16
VeRi/image_train/0064_c017_00076190_0.jpg,64,veri,16
VeRi/image_train/0064_c017_00076195_0.jpg,64,veri,16
VeRi/image_train/0064_c017_00076200_0.jpg,64,veri,16
VeRi/image_train/0064_c017_00076210_0.jpg,64,veri,16
VeRi/image_train/0064_c017_00076215_0.jpg,64,veri,16
VeRi/image_train/0064_c017_00076225_0.jpg,64,veri,16
VeRi/image_train/0064_c019_00032415_0.jpg,64,veri,18
VeRi/image_train/0064_c019_00032420_0.jpg,64,veri,18
VeRi/image_train/0064_c019_00032425_0.jpg,64,veri,18
VeRi/image_train/0064_c019_00032430_0.jpg,64,veri,18
VeRi/image_train/0064_c019_00032435_0.jpg,64,veri,18
VeRi/image_train/0064_c019_00032440_0.jpg,64,veri,18
VeRi/image_train/0064_c019_00075925_0.jpg,64,veri,18
VeRi/image_train/0064_c019_00075930_0.jpg,64,veri,18
VeRi/image_train/0064_c019_00075935_0.jpg,64,veri,18
VeRi/image_train/0064_c019_00075970_0.jpg,64,veri,18
VeRi/image_train/0064_c019_00075975_0.jpg,64,veri,18
VeRi/image_train/0064_c019_00075980_0.jpg,64,veri,18
VeRi/image_train/0643_c001_00038015_0.jpg,643,veri,0
VeRi/image_train/0643_c001_00038020_0.jpg,643,veri,0
VeRi/image_train/0643_c001_00038030_0.jpg,643,veri,0
VeRi/image_train/0643_c001_00038040_0.jpg,643,veri,0
VeRi/image_train/0643_c001_00038050_0.jpg,643,veri,0
VeRi/image_train/0643_c001_00038060_0.jpg,643,veri,0
VeRi/image_train/0643_c012_00038645_0.jpg,643,veri,11
VeRi/image_train/0643_c012_00038650_0.jpg,643,veri,11
VeRi/image_train/0643_c012_00038655_0.jpg,643,veri,11
VeRi/image_train/0643_c012_00038660_0.jpg,643,veri,11
VeRi/image_train/0643_c012_00038665_0.jpg,643,veri,11
VeRi/image_train/0643_c012_00038670_0.jpg,643,veri,11
VeRi/image_train/0643_c013_00038505_0.jpg,643,veri,12
VeRi/image_train/0643_c013_00038520_0.jpg,643,veri,12
VeRi/image_train/0643_c013_00038525_0.jpg,643,veri,12
VeRi/image_train/0643_c013_00038535_0.jpg,643,veri,12
VeRi/image_train/0643_c013_00038540_0.jpg,643,veri,12
VeRi/image_train/0643_c013_00038545_0.jpg,643,veri,12
VeRi/image_train/0643_c014_00040120_0.jpg,643,veri,13
VeRi/image_train/0643_c014_00040125_0.jpg,643,veri,13
VeRi/image_train/0643_c014_00040130_0.jpg,643,veri,13
VeRi/image_train/0643_c014_00040135_0.jpg,643,veri,13
VeRi/image_train/0643_c014_00040140_0.jpg,643,veri,13
VeRi/image_train/0643_c014_00040145_0.jpg,643,veri,13
VeRi/image_train/0643_c015_00039935_0.jpg,643,veri,14
VeRi/image_train/0643_c015_00039950_0.jpg,643,veri,14
VeRi/image_train/0643_c015_00039960_0.jpg,643,veri,14
VeRi/image_train/0643_c015_00039965_0.jpg,643,veri,14
VeRi/image_train/0643_c015_00039970_0.jpg,643,veri,14
VeRi/image_train/0643_c015_00039975_0.jpg,643,veri,14
VeRi/image_train/0643_c016_00040345_0.jpg,643,veri,15
VeRi/image_train/0643_c016_00040350_0.jpg,643,veri,15
VeRi/image_train/0643_c016_00040355_0.jpg,643,veri,15
VeRi/image_train/0643_c016_00040360_0.jpg,643,veri,15
VeRi/image_train/0643_c017_00039275_0.jpg,643,veri,16
VeRi/image_train/0643_c017_00039280_0.jpg,643,veri,16
VeRi/image_train/0643_c017_00039285_0.jpg,643,veri,16
VeRi/image_train/0643_c017_00039295_0.jpg,643,veri,16
VeRi/image_train/0643_c017_00039305_0.jpg,643,veri,16
VeRi/image_train/0643_c017_00039315_0.jpg,643,veri,16
VeRi/image_train/0643_c019_00039490_0.jpg,643,veri,18
VeRi/image_train/0643_c019_00039495_0.jpg,643,veri,18
VeRi/image_train/0643_c019_00039505_0.jpg,643,veri,18
VeRi/image_train/0643_c019_00039515_0.jpg,643,veri,18
VeRi/image_train/0643_c019_00039520_0.jpg,643,veri,18
VeRi/image_train/0643_c019_00039525_0.jpg,643,veri,18
VeRi/image_train/0648_c001_00054710_1.jpg,648,veri,0
VeRi/image_train/0648_c001_00054720_1.jpg,648,veri,0
VeRi/image_train/0648_c001_00054725_1.jpg,648,veri,0
VeRi/image_train/0648_c001_00054735_1.jpg,648,veri,0
VeRi/image_train/0648_c001_00054750_0.jpg,648,veri,0
VeRi/image_train/0648_c002_00055355_1.jpg,648,veri,1
VeRi/image_train/0648_c002_00055370_0.jpg,648,veri,1
VeRi/image_train/0648_c002_00055380_0.jpg,648,veri,1
VeRi/image_train/0648_c002_00055400_0.jpg,648,veri,1
VeRi/image_train/0648_c002_00055410_0.jpg,648,veri,1
VeRi/image_train/0648_c002_00055425_0.jpg,648,veri,1
VeRi/image_train/0648_c003_00060500_0.jpg,648,veri,2
VeRi/image_train/0648_c003_00060505_0.jpg,648,veri,2
VeRi/image_train/0648_c003_00060510_0.jpg,648,veri,2
VeRi/image_train/0648_c003_00060515_0.jpg,648,veri,2
VeRi/image_train/0648_c003_00060520_0.jpg,648,veri,2
VeRi/image_train/0648_c003_00060525_0.jpg,648,veri,2
VeRi/image_train/0648_c004_00060440_0.jpg,648,veri,3
VeRi/image_train/0648_c004_00060450_0.jpg,648,veri,3
VeRi/image_train/0648_c004_00060465_0.jpg,648,veri,3
VeRi/image_train/0648_c004_00060470_0.jpg,648,veri,3
VeRi/image_train/0648_c004_00060475_0.jpg,648,veri,3
VeRi/image_train/0648_c004_00060480_0.jpg,648,veri,3
VeRi/image_train/0648_c005_00061470_0.jpg,648,veri,4
VeRi/image_train/0648_c005_00061485_0.jpg,648,veri,4
VeRi/image_train/0648_c005_00061500_0.jpg,648,veri,4
VeRi/image_train/0648_c005_00061515_0.jpg,648,veri,4
VeRi/image_train/0648_c005_00061535_0.jpg,648,veri,4
VeRi/image_train/0648_c005_00061550_0.jpg,648,veri,4
VeRi/image_train/0648_c006_00057690_2.jpg,648,veri,5
VeRi/image_train/0648_c006_00057700_1.jpg,648,veri,5
VeRi/image_train/0648_c006_00057715_1.jpg,648,veri,5
VeRi/image_train/0648_c006_00057735_0.jpg,648,veri,5
VeRi/image_train/0648_c006_00057760_0.jpg,648,veri,5
VeRi/image_train/0648_c006_00057800_0.jpg,648,veri,5
VeRi/image_train/0648_c007_00061580_0.jpg,648,veri,6
VeRi/image_train/0648_c007_00061585_0.jpg,648,veri,6
VeRi/image_train/0648_c007_00061590_0.jpg,648,veri,6
VeRi/image_train/0648_c007_00061600_0.jpg,648,veri,6
VeRi/image_train/0648_c007_00061610_0.jpg,648,veri,6
VeRi/image_train/0648_c007_00061620_0.jpg,648,veri,6
VeRi/image_train/0648_c008_00060780_0.jpg,648,veri,7
VeRi/image_train/0648_c008_00060785_0.jpg,648,veri,7
VeRi/image_train/0648_c008_00060790_0.jpg,648,veri,7
VeRi/image_train/0648_c008_00060795_0.jpg,648,veri,7
VeRi/image_train/0648_c008_00060800_0.jpg,648,veri,7
VeRi/image_train/0648_c008_00060805_0.jpg,648,veri,7
VeRi/image_train/0648_c009_00060700_1.jpg,648,veri,8
VeRi/image_train/0648_c009_00060705_1.jpg,648,veri,8
VeRi/image_train/0648_c009_00060710_0.jpg,648,veri,8
VeRi/image_train/0648_c009_00060715_0.jpg,648,veri,8
VeRi/image_train/0648_c009_00060720_0.jpg,648,veri,8
VeRi/image_train/0648_c009_00060725_0.jpg,648,veri,8
VeRi/image_train/0648_c010_00057985_0.jpg,648,veri,9
VeRi/image_train/0648_c010_00057990_0.jpg,648,veri,9
VeRi/image_train/0648_c010_00057995_0.jpg,648,veri,9
VeRi/image_train/0648_c010_00058000_0.jpg,648,veri,9
VeRi/image_train/0648_c010_00058005_0.jpg,648,veri,9
VeRi/image_train/0648_c010_00058010_0.jpg,648,veri,9
VeRi/image_train/0648_c010_00059870_0.jpg,648,veri,9
VeRi/image_train/0648_c010_00059875_0.jpg,648,veri,9
VeRi/image_train/0648_c010_00059880_0.jpg,648,veri,9
VeRi/image_train/0648_c010_00059885_0.jpg,648,veri,9
VeRi/image_train/0648_c010_00059890_0.jpg,648,veri,9
VeRi/image_train/0648_c010_00059895_0.jpg,648,veri,9
VeRi/image_train/0648_c011_00057690_0.jpg,648,veri,10
VeRi/image_train/0648_c011_00057725_0.jpg,648,veri,10
VeRi/image_train/0648_c011_00057730_0.jpg,648,veri,10
VeRi/image_train/0648_c011_00057750_0.jpg,648,veri,10
VeRi/image_train/0648_c011_00057760_0.jpg,648,veri,10
VeRi/image_train/0648_c011_00057765_0.jpg,648,veri,10
VeRi/image_train/0648_c012_00053880_0.jpg,648,veri,11
VeRi/image_train/0648_c012_00053890_0.jpg,648,veri,11
VeRi/image_train/0648_c012_00053900_0.jpg,648,veri,11
VeRi/image_train/0648_c012_00053910_0.jpg,648,veri,11
VeRi/image_train/0648_c012_00053920_0.jpg,648,veri,11
VeRi/image_train/0648_c012_00053930_0.jpg,648,veri,11
VeRi/image_train/0648_c013_00053985_0.jpg,648,veri,12
VeRi/image_train/0648_c013_00053990_0.jpg,648,veri,12
VeRi/image_train/0648_c013_00053995_0.jpg,648,veri,12
VeRi/image_train/0648_c013_00054000_0.jpg,648,veri,12
VeRi/image_train/0648_c013_00054005_0.jpg,648,veri,12
VeRi/image_train/0648_c013_00054010_0.jpg,648,veri,12
VeRi/image_train/0648_c014_00052295_1.jpg,648,veri,13
VeRi/image_train/0648_c014_00052300_0.jpg,648,veri,13
VeRi/image_train/0648_c014_00052305_0.jpg,648,veri,13
VeRi/image_train/0648_c014_00052310_0.jpg,648,veri,13
VeRi/image_train/0648_c014_00052315_0.jpg,648,veri,13
VeRi/image_train/0648_c014_00052320_0.jpg,648,veri,13
VeRi/image_train/0648_c015_00052325_0.jpg,648,veri,14
VeRi/image_train/0648_c015_00052330_0.jpg,648,veri,14
VeRi/image_train/0648_c015_00052355_0.jpg,648,veri,14
VeRi/image_train/0648_c015_00052360_0.jpg,648,veri,14
VeRi/image_train/0648_c015_00052365_0.jpg,648,veri,14
VeRi/image_train/0648_c015_00052370_0.jpg,648,veri,14
VeRi/image_train/0648_c016_00052050_0.jpg,648,veri,15
VeRi/image_train/0648_c016_00052055_0.jpg,648,veri,15
VeRi/image_train/0648_c016_00052060_0.jpg,648,veri,15
VeRi/image_train/0648_c016_00052065_0.jpg,648,veri,15
VeRi/image_train/0648_c016_00052070_0.jpg,648,veri,15
VeRi/image_train/0648_c016_00052075_0.jpg,648,veri,15
VeRi/image_train/0648_c017_00053255_0.jpg,648,veri,16
VeRi/image_train/0648_c017_00053265_0.jpg,648,veri,16
VeRi/image_train/0648_c017_00053280_0.jpg,648,veri,16
VeRi/image_train/0648_c017_00053295_0.jpg,648,veri,16
VeRi/image_train/0648_c017_00053300_0.jpg,648,veri,16
VeRi/image_train/0648_c017_00053310_0.jpg,648,veri,16
VeRi/image_train/0648_c019_00053055_0.jpg,648,veri,18
VeRi/image_train/0648_c019_00053060_0.jpg,648,veri,18
VeRi/image_train/0648_c019_00053065_0.jpg,648,veri,18
VeRi/image_train/0648_c019_00053070_0.jpg,648,veri,18
VeRi/image_train/0648_c019_00053075_0.jpg,648,veri,18
VeRi/image_train/0648_c019_00053080_0.jpg,648,veri,18
VeRi/image_train/0649_c014_00087930_0.jpg,649,veri,13
VeRi/image_train/0649_c014_00087935_0.jpg,649,veri,13
VeRi/image_train/0649_c014_00087940_0.jpg,649,veri,13
VeRi/image_train/0649_c014_00087945_0.jpg,649,veri,13
VeRi/image_train/0649_c014_00087950_0.jpg,649,veri,13
VeRi/image_train/0649_c014_00087955_0.jpg,649,veri,13
VeRi/image_train/0649_c015_00088010_0.jpg,649,veri,14
VeRi/image_train/0649_c015_00088015_0.jpg,649,veri,14
VeRi/image_train/0649_c015_00088020_0.jpg,649,veri,14
VeRi/image_train/0649_c015_00088025_0.jpg,649,veri,14
VeRi/image_train/0649_c015_00088030_0.jpg,649,veri,14
VeRi/image_train/0649_c015_00088040_0.jpg,649,veri,14
VeRi/image_train/0649_c016_00087760_0.jpg,649,veri,15
VeRi/image_train/0649_c016_00087765_0.jpg,649,veri,15
VeRi/image_train/0649_c016_00087770_0.jpg,649,veri,15
VeRi/image_train/0649_c016_00087775_0.jpg,649,veri,15
VeRi/image_train/0649_c016_00087780_0.jpg,649,veri,15
VeRi/image_train/0649_c016_00087785_0.jpg,649,veri,15
VeRi/image_train/0650_c001_00054710_0.jpg,650,veri,0
VeRi/image_train/0650_c001_00054715_0.jpg,650,veri,0
VeRi/image_train/0650_c001_00054720_0.jpg,650,veri,0
VeRi/image_train/0650_c001_00054725_0.jpg,650,veri,0
VeRi/image_train/0650_c001_00054730_0.jpg,650,veri,0
VeRi/image_train/0650_c001_00054735_0.jpg,650,veri,0
VeRi/image_train/0650_c002_00052880_0.jpg,650,veri,1
VeRi/image_train/0650_c002_00052895_0.jpg,650,veri,1
VeRi/image_train/0650_c002_00052910_0.jpg,650,veri,1
VeRi/image_train/0650_c002_00052930_0.jpg,650,veri,1
VeRi/image_train/0650_c002_00052945_0.jpg,650,veri,1
VeRi/image_train/0650_c002_00052970_0.jpg,650,veri,1
VeRi/image_train/0650_c003_00050980_0.jpg,650,veri,2
VeRi/image_train/0650_c003_00050990_0.jpg,650,veri,2
VeRi/image_train/0650_c003_00050995_0.jpg,650,veri,2
VeRi/image_train/0650_c003_00051000_0.jpg,650,veri,2
VeRi/image_train/0650_c003_00051005_0.jpg,650,veri,2
VeRi/image_train/0650_c003_00051010_0.jpg,650,veri,2
VeRi/image_train/0650_c004_00050885_0.jpg,650,veri,3
VeRi/image_train/0650_c004_00050890_0.jpg,650,veri,3
VeRi/image_train/0650_c004_00050895_0.jpg,650,veri,3
VeRi/image_train/0650_c004_00050900_0.jpg,650,veri,3
VeRi/image_train/0650_c004_00050905_0.jpg,650,veri,3
VeRi/image_train/0650_c004_00050910_0.jpg,650,veri,3
VeRi/image_train/0650_c006_00051485_0.jpg,650,veri,5
VeRi/image_train/0650_c006_00051495_0.jpg,650,veri,5
VeRi/image_train/0650_c006_00051505_0.jpg,650,veri,5
VeRi/image_train/0650_c006_00051515_0.jpg,650,veri,5
VeRi/image_train/0650_c006_00051525_0.jpg,650,veri,5
VeRi/image_train/0650_c006_00051540_0.jpg,650,veri,5
VeRi/image_train/0650_c008_00050745_0.jpg,650,veri,7
VeRi/image_train/0650_c008_00050750_0.jpg,650,veri,7
VeRi/image_train/0650_c008_00050755_0.jpg,650,veri,7
VeRi/image_train/0650_c008_00050760_0.jpg,650,veri,7
VeRi/image_train/0650_c008_00050765_0.jpg,650,veri,7
VeRi/image_train/0650_c008_00050770_0.jpg,650,veri,7
VeRi/image_train/0650_c009_00050845_0.jpg,650,veri,8
VeRi/image_train/0650_c009_00050850_0.jpg,650,veri,8
VeRi/image_train/0650_c009_00050855_0.jpg,650,veri,8
VeRi/image_train/0650_c009_00050860_0.jpg,650,veri,8
VeRi/image_train/0650_c009_00050865_0.jpg,650,veri,8
VeRi/image_train/0650_c009_00050870_0.jpg,650,veri,8
VeRi/image_train/0650_c010_00051475_0.jpg,650,veri,9
VeRi/image_train/0650_c010_00051480_0.jpg,650,veri,9
VeRi/image_train/0650_c010_00051485_0.jpg,650,veri,9
VeRi/image_train/0650_c010_00051490_0.jpg,650,veri,9
VeRi/image_train/0650_c010_00051495_0.jpg,650,veri,9
VeRi/image_train/0650_c010_00051500_0.jpg,650,veri,9
VeRi/image_train/0650_c011_00051485_0.jpg,650,veri,10
VeRi/image_train/0650_c011_00051490_0.jpg,650,veri,10
VeRi/image_train/0650_c011_00051495_0.jpg,650,veri,10
VeRi/image_train/0650_c011_00051500_0.jpg,650,veri,10
VeRi/image_train/0650_c011_00051505_0.jpg,650,veri,10
VeRi/image_train/0650_c011_00051515_0.jpg,650,veri,10
VeRi/image_train/0650_c012_00055195_0.jpg,650,veri,11
VeRi/image_train/0650_c012_00055200_0.jpg,650,veri,11
VeRi/image_train/0650_c012_00055205_0.jpg,650,veri,11
VeRi/image_train/0650_c012_00055210_0.jpg,650,veri,11
VeRi/image_train/0650_c012_00055215_0.jpg,650,veri,11
VeRi/image_train/0650_c012_00055220_0.jpg,650,veri,11
VeRi/image_train/0650_c013_00055050_0.jpg,650,veri,12
VeRi/image_train/0650_c013_00055055_0.jpg,650,veri,12
VeRi/image_train/0650_c013_00055060_0.jpg,650,veri,12
VeRi/image_train/0650_c013_00055065_0.jpg,650,veri,12
VeRi/image_train/0650_c013_00055070_0.jpg,650,veri,12
VeRi/image_train/0650_c013_00055075_0.jpg,650,veri,12
VeRi/image_train/0650_c014_00056400_0.jpg,650,veri,13
VeRi/image_train/0650_c014_00056405_0.jpg,650,veri,13
VeRi/image_train/0650_c014_00056410_0.jpg,650,veri,13
VeRi/image_train/0650_c014_00056415_0.jpg,650,veri,13
VeRi/image_train/0650_c014_00056420_0.jpg,650,veri,13
VeRi/image_train/0650_c014_00056425_0.jpg,650,veri,13
VeRi/image_train/0650_c015_00056200_0.jpg,650,veri,14
VeRi/image_train/0650_c015_00056205_0.jpg,650,veri,14
VeRi/image_train/0650_c015_00056210_0.jpg,650,veri,14
VeRi/image_train/0650_c015_00056215_0.jpg,650,veri,14
VeRi/image_train/0650_c015_00056220_0.jpg,650,veri,14
VeRi/image_train/0650_c015_00056225_0.jpg,650,veri,14
VeRi/image_train/0650_c016_00058980_0.jpg,650,veri,15
VeRi/image_train/0650_c016_00058985_0.jpg,650,veri,15
VeRi/image_train/0650_c016_00058990_0.jpg,650,veri,15
VeRi/image_train/0650_c016_00058995_0.jpg,650,veri,15
VeRi/image_train/0650_c016_00059000_0.jpg,650,veri,15
VeRi/image_train/0650_c017_00055605_0.jpg,650,veri,16
VeRi/image_train/0650_c017_00055610_0.jpg,650,veri,16
VeRi/image_train/0650_c017_00055615_0.jpg,650,veri,16
VeRi/image_train/0650_c017_00055620_0.jpg,650,veri,16
VeRi/image_train/0650_c017_00055625_0.jpg,650,veri,16
VeRi/image_train/0650_c017_00055640_0.jpg,650,veri,16
VeRi/image_train/0650_c019_00055760_0.jpg,650,veri,18
VeRi/image_train/0650_c019_00055770_0.jpg,650,veri,18
VeRi/image_train/0650_c019_00055780_0.jpg,650,veri,18
VeRi/image_train/0650_c019_00055790_0.jpg,650,veri,18
VeRi/image_train/0650_c019_00055795_0.jpg,650,veri,18
VeRi/image_train/0650_c019_00055800_0.jpg,650,veri,18
VeRi/image_train/0655_c001_00058210_0.jpg,655,veri,0
VeRi/image_train/0655_c001_00058215_0.jpg,655,veri,0
VeRi/image_train/0655_c001_00058220_0.jpg,655,veri,0
VeRi/image_train/0655_c001_00058225_0.jpg,655,veri,0
VeRi/image_train/0655_c001_00058230_0.jpg,655,veri,0
VeRi/image_train/0655_c001_00058235_0.jpg,655,veri,0
VeRi/image_train/0655_c012_00057925_0.jpg,655,veri,11
VeRi/image_train/0655_c012_00057930_0.jpg,655,veri,11
VeRi/image_train/0655_c012_00057940_0.jpg,655,veri,11
VeRi/image_train/0655_c012_00057950_0.jpg,655,veri,11
VeRi/image_train/0655_c012_00057955_0.jpg,655,veri,11
VeRi/image_train/0655_c012_00057960_0.jpg,655,veri,11
VeRi/image_train/0655_c013_00058005_0.jpg,655,veri,12
VeRi/image_train/0655_c013_00058010_0.jpg,655,veri,12
VeRi/image_train/0655_c013_00058015_0.jpg,655,veri,12
VeRi/image_train/0655_c013_00058020_0.jpg,655,veri,12
VeRi/image_train/0655_c013_00058025_0.jpg,655,veri,12
VeRi/image_train/0655_c013_00058035_0.jpg,655,veri,12
VeRi/image_train/0655_c014_00056470_0.jpg,655,veri,13
VeRi/image_train/0655_c014_00056570_0.jpg,655,veri,13
VeRi/image_train/0655_c014_00056575_0.jpg,655,veri,13
VeRi/image_train/0655_c014_00056585_0.jpg,655,veri,13
VeRi/image_train/0655_c014_00056590_0.jpg,655,veri,13
VeRi/image_train/0655_c014_00056595_0.jpg,655,veri,13
VeRi/image_train/0655_c015_00056550_0.jpg,655,veri,14
VeRi/image_train/0655_c015_00056555_0.jpg,655,veri,14
VeRi/image_train/0655_c015_00056560_0.jpg,655,veri,14
VeRi/image_train/0655_c015_00056565_0.jpg,655,veri,14
VeRi/image_train/0655_c015_00056570_0.jpg,655,veri,14
VeRi/image_train/0655_c015_00056575_0.jpg,655,veri,14
VeRi/image_train/0655_c016_00056330_0.jpg,655,veri,15
VeRi/image_train/0655_c016_00056335_0.jpg,655,veri,15
VeRi/image_train/0655_c016_00056340_0.jpg,655,veri,15
VeRi/image_train/0655_c016_00056345_0.jpg,655,veri,15
VeRi/image_train/0655_c016_00056350_0.jpg,655,veri,15
VeRi/image_train/0655_c016_00056355_0.jpg,655,veri,15
VeRi/image_train/0655_c017_00057315_0.jpg,655,veri,16
VeRi/image_train/0655_c017_00057325_0.jpg,655,veri,16
VeRi/image_train/0655_c017_00057330_0.jpg,655,veri,16
VeRi/image_train/0655_c017_00057340_0.jpg,655,veri,16
VeRi/image_train/0655_c017_00057350_0.jpg,655,veri,16
VeRi/image_train/0655_c017_00057375_0.jpg,655,veri,16
VeRi/image_train/0655_c019_00057180_0.jpg,655,veri,18
VeRi/image_train/0655_c019_00057185_0.jpg,655,veri,18
VeRi/image_train/0655_c019_00057190_0.jpg,655,veri,18
VeRi/image_train/0655_c019_00057195_0.jpg,655,veri,18
VeRi/image_train/0655_c019_00057200_0.jpg,655,veri,18
VeRi/image_train/0655_c019_00057205_0.jpg,655,veri,18
VeRi/image_train/0658_c012_00087495_0.jpg,658,veri,11
VeRi/image_train/0658_c012_00087505_0.jpg,658,veri,11
VeRi/image_train/0658_c012_00087515_0.jpg,658,veri,11
VeRi/image_train/0658_c012_00087525_0.jpg,658,veri,11
VeRi/image_train/0658_c012_00087540_0.jpg,658,veri,11
VeRi/image_train/0658_c012_00087560_0.jpg,658,veri,11
VeRi/image_train/0658_c017_00088345_0.jpg,658,veri,16
VeRi/image_train/0658_c017_00088355_0.jpg,658,veri,16
VeRi/image_train/0658_c017_00088365_0.jpg,658,veri,16
VeRi/image_train/0658_c017_00088375_0.jpg,658,veri,16
VeRi/image_train/0658_c017_00088385_0.jpg,658,veri,16
VeRi/image_train/0658_c017_00088395_0.jpg,658,veri,16
VeRi/image_train/0664_c014_00063350_0.jpg,664,veri,13
VeRi/image_train/0664_c014_00063375_0.jpg,664,veri,13
VeRi/image_train/0664_c014_00063380_0.jpg,664,veri,13
VeRi/image_train/0664_c014_00063395_0.jpg,664,veri,13
VeRi/image_train/0664_c014_00063410_0.jpg,664,veri,13
VeRi/image_train/0664_c014_00063425_0.jpg,664,veri,13
VeRi/image_train/0664_c015_00063435_0.jpg,664,veri,14
VeRi/image_train/0664_c015_00063445_1.jpg,664,veri,14
VeRi/image_train/0664_c015_00063450_1.jpg,664,veri,14
VeRi/image_train/0664_c015_00063455_0.jpg,664,veri,14
VeRi/image_train/0664_c015_00063460_1.jpg,664,veri,14
VeRi/image_train/0664_c015_00063465_1.jpg,664,veri,14
VeRi/image_train/0664_c016_00063145_0.jpg,664,veri,15
VeRi/image_train/0664_c016_00063150_0.jpg,664,veri,15
VeRi/image_train/0664_c016_00063155_0.jpg,664,veri,15
VeRi/image_train/0664_c016_00063160_0.jpg,664,veri,15
VeRi/image_train/0664_c016_00063165_0.jpg,664,veri,15
VeRi/image_train/0664_c016_00063170_0.jpg,664,veri,15
VeRi/image_train/0665_c001_00061715_1.jpg,665,veri,0
VeRi/image_train/0665_c001_00061720_0.jpg,665,veri,0
VeRi/image_train/0665_c001_00061725_1.jpg,665,veri,0
VeRi/image_train/0665_c001_00061730_0.jpg,665,veri,0
VeRi/image_train/0665_c001_00061735_1.jpg,665,veri,0
VeRi/image_train/0665_c001_00061740_0.jpg,665,veri,0
VeRi/image_train/0665_c002_00059930_1.jpg,665,veri,1
VeRi/image_train/0665_c002_00059945_1.jpg,665,veri,1
VeRi/image_train/0665_c002_00059960_0.jpg,665,veri,1
VeRi/image_train/0665_c002_00059975_0.jpg,665,veri,1
VeRi/image_train/0665_c002_00059990_0.jpg,665,veri,1
VeRi/image_train/0665_c002_00060020_0.jpg,665,veri,1
VeRi/image_train/0665_c003_00057205_1.jpg,665,veri,2
VeRi/image_train/0665_c003_00057265_0.jpg,665,veri,2
VeRi/image_train/0665_c003_00057285_0.jpg,665,veri,2
VeRi/image_train/0665_c003_00057300_0.jpg,665,veri,2
VeRi/image_train/0665_c003_00057325_0.jpg,665,veri,2
VeRi/image_train/0665_c003_00057335_0.jpg,665,veri,2
VeRi/image_train/0665_c004_00057090_0.jpg,665,veri,3
VeRi/image_train/0665_c004_00057195_0.jpg,665,veri,3
VeRi/image_train/0665_c004_00057215_0.jpg,665,veri,3
VeRi/image_train/0665_c004_00057240_0.jpg,665,veri,3
VeRi/image_train/0665_c004_00057260_0.jpg,665,veri,3
VeRi/image_train/0665_c004_00057295_0.jpg,665,veri,3
VeRi/image_train/0665_c006_00057955_0.jpg,665,veri,5
VeRi/image_train/0665_c006_00057970_0.jpg,665,veri,5
VeRi/image_train/0665_c006_00057985_0.jpg,665,veri,5
VeRi/image_train/0665_c006_00057995_0.jpg,665,veri,5
VeRi/image_train/0665_c006_00058010_0.jpg,665,veri,5
VeRi/image_train/0665_c006_00058025_0.jpg,665,veri,5
VeRi/image_train/0665_c010_00057910_1.jpg,665,veri,9
VeRi/image_train/0665_c010_00057915_0.jpg,665,veri,9
VeRi/image_train/0665_c010_00057920_0.jpg,665,veri,9
VeRi/image_train/0665_c010_00057925_0.jpg,665,veri,9
VeRi/image_train/0665_c010_00057930_0.jpg,665,veri,9
VeRi/image_train/0665_c010_00057935_0.jpg,665,veri,9
VeRi/image_train/0665_c011_00057950_0.jpg,665,veri,10
VeRi/image_train/0665_c011_00057960_0.jpg,665,veri,10
VeRi/image_train/0665_c011_00057965_0.jpg,665,veri,10
VeRi/image_train/0665_c011_00057975_0.jpg,665,veri,10
VeRi/image_train/0665_c011_00057985_0.jpg,665,veri,10
VeRi/image_train/0665_c011_00057995_0.jpg,665,veri,10
VeRi/image_train/0665_c012_00062290_0.jpg,665,veri,11
VeRi/image_train/0665_c012_00062295_0.jpg,665,veri,11
VeRi/image_train/0665_c012_00062300_0.jpg,665,veri,11
VeRi/image_train/0665_c012_00062310_0.jpg,665,veri,11
VeRi/image_train/0665_c012_00062320_0.jpg,665,veri,11
VeRi/image_train/0665_c012_00062325_0.jpg,665,veri,11
VeRi/image_train/0665_c013_00062110_0.jpg,665,veri,12
VeRi/image_train/0665_c013_00062115_0.jpg,665,veri,12
VeRi/image_train/0665_c013_00062120_0.jpg,665,veri,12
VeRi/image_train/0665_c013_00062125_0.jpg,665,veri,12
VeRi/image_train/0665_c013_00062130_0.jpg,665,veri,12
VeRi/image_train/0665_c013_00062135_0.jpg,665,veri,12
VeRi/image_train/0665_c014_00063935_0.jpg,665,veri,13
VeRi/image_train/0665_c014_00063940_0.jpg,665,veri,13
VeRi/image_train/0665_c014_00063945_0.jpg,665,veri,13
VeRi/image_train/0665_c014_00063950_0.jpg,665,veri,13
VeRi/image_train/0665_c014_00063955_0.jpg,665,veri,13
VeRi/image_train/0665_c014_00063960_0.jpg,665,veri,13
VeRi/image_train/0665_c015_00063745_0.jpg,665,veri,14
VeRi/image_train/0665_c015_00063750_0.jpg,665,veri,14
VeRi/image_train/0665_c015_00063770_0.jpg,665,veri,14
VeRi/image_train/0665_c015_00063775_0.jpg,665,veri,14
VeRi/image_train/0665_c015_00063790_0.jpg,665,veri,14
VeRi/image_train/0665_c015_00063795_0.jpg,665,veri,14
VeRi/image_train/0665_c016_00064250_0.jpg,665,veri,15
VeRi/image_train/0665_c016_00064255_0.jpg,665,veri,15
VeRi/image_train/0665_c016_00064260_0.jpg,665,veri,15
VeRi/image_train/0665_c016_00064265_0.jpg,665,veri,15
VeRi/image_train/0665_c016_00064270_0.jpg,665,veri,15
VeRi/image_train/0665_c016_00064280_0.jpg,665,veri,15
VeRi/image_train/0665_c017_00063065_0.jpg,665,veri,16
VeRi/image_train/0665_c017_00063070_0.jpg,665,veri,16
VeRi/image_train/0665_c017_00063075_0.jpg,665,veri,16
VeRi/image_train/0665_c017_00063085_0.jpg,665,veri,16
VeRi/image_train/0665_c017_00063090_0.jpg,665,veri,16
VeRi/image_train/0665_c017_00063095_0.jpg,665,veri,16
VeRi/image_train/0665_c019_00063225_0.jpg,665,veri,18
VeRi/image_train/0665_c019_00063230_0.jpg,665,veri,18
VeRi/image_train/0665_c019_00063245_0.jpg,665,veri,18
VeRi/image_train/0665_c019_00063255_0.jpg,665,veri,18
VeRi/image_train/0665_c019_00063260_0.jpg,665,veri,18
VeRi/image_train/0665_c019_00063265_0.jpg,665,veri,18
VeRi/image_train/0669_c014_00089340_0.jpg,669,veri,13
VeRi/image_train/0669_c014_00089345_0.jpg,669,veri,13
VeRi/image_train/0669_c014_00089350_0.jpg,669,veri,13
VeRi/image_train/0669_c014_00089355_0.jpg,669,veri,13
VeRi/image_train/0669_c014_00089360_0.jpg,669,veri,13
VeRi/image_train/0669_c015_00089425_1.jpg,669,veri,14
VeRi/image_train/0669_c015_00089430_1.jpg,669,veri,14
VeRi/image_train/0669_c015_00089435_1.jpg,669,veri,14
VeRi/image_train/0669_c015_00089440_1.jpg,669,veri,14
VeRi/image_train/0669_c015_00089445_1.jpg,669,veri,14
VeRi/image_train/0669_c015_00089450_1.jpg,669,veri,14
VeRi/image_train/0669_c016_00089080_0.jpg,669,veri,15
VeRi/image_train/0669_c016_00089085_0.jpg,669,veri,15
VeRi/image_train/0669_c016_00089090_0.jpg,669,veri,15
VeRi/image_train/0669_c016_00089095_0.jpg,669,veri,15
VeRi/image_train/0669_c016_00089100_0.jpg,669,veri,15
VeRi/image_train/0669_c016_00089105_0.jpg,669,veri,15
VeRi/image_train/0670_c001_00076650_0.jpg,670,veri,0
VeRi/image_train/0670_c001_00076660_0.jpg,670,veri,0
VeRi/image_train/0670_c001_00076670_0.jpg,670,veri,0
VeRi/image_train/0670_c001_00076675_0.jpg,670,veri,0
VeRi/image_train/0670_c001_00076680_0.jpg,670,veri,0
VeRi/image_train/0670_c001_00076705_0.jpg,670,veri,0
VeRi/image_train/0670_c012_00076040_0.jpg,670,veri,11
VeRi/image_train/0670_c012_00076050_0.jpg,670,veri,11
VeRi/image_train/0670_c012_00076060_0.jpg,670,veri,11
VeRi/image_train/0670_c012_00076070_0.jpg,670,veri,11
VeRi/image_train/0670_c012_00076075_0.jpg,670,veri,11
VeRi/image_train/0670_c012_00076080_0.jpg,670,veri,11
VeRi/image_train/0670_c013_00076190_0.jpg,670,veri,12
VeRi/image_train/0670_c013_00076195_0.jpg,670,veri,12
VeRi/image_train/0670_c013_00076200_0.jpg,670,veri,12
VeRi/image_train/0670_c013_00076205_0.jpg,670,veri,12
VeRi/image_train/0670_c013_00076210_0.jpg,670,veri,12
VeRi/image_train/0670_c013_00076215_0.jpg,670,veri,12
VeRi/image_train/0670_c014_00074475_0.jpg,670,veri,13
VeRi/image_train/0670_c014_00074480_0.jpg,670,veri,13
VeRi/image_train/0670_c014_00074485_0.jpg,670,veri,13
VeRi/image_train/0670_c014_00074490_0.jpg,670,veri,13
VeRi/image_train/0670_c014_00074495_0.jpg,670,veri,13
VeRi/image_train/0670_c014_00074500_0.jpg,670,veri,13
VeRi/image_train/0670_c015_00074480_0.jpg,670,veri,14
VeRi/image_train/0670_c015_00074485_0.jpg,670,veri,14
VeRi/image_train/0670_c015_00074490_0.jpg,670,veri,14
VeRi/image_train/0670_c015_00074495_0.jpg,670,veri,14
VeRi/image_train/0670_c015_00074500_0.jpg,670,veri,14
VeRi/image_train/0670_c015_00074505_0.jpg,670,veri,14
VeRi/image_train/0670_c016_00074305_0.jpg,670,veri,15
VeRi/image_train/0670_c016_00074310_0.jpg,670,veri,15
VeRi/image_train/0670_c016_00074315_0.jpg,670,veri,15
VeRi/image_train/0670_c016_00074320_0.jpg,670,veri,15
VeRi/image_train/0670_c016_00074325_0.jpg,670,veri,15
VeRi/image_train/0670_c016_00074330_0.jpg,670,veri,15
VeRi/image_train/0670_c019_00075320_0.jpg,670,veri,18
VeRi/image_train/0670_c019_00075325_0.jpg,670,veri,18
VeRi/image_train/0670_c019_00075330_0.jpg,670,veri,18
VeRi/image_train/0670_c019_00075335_0.jpg,670,veri,18
VeRi/image_train/0670_c019_00075340_0.jpg,670,veri,18
VeRi/image_train/0670_c019_00075350_0.jpg,670,veri,18
VeRi/image_train/0674_c014_00077030_0.jpg,674,veri,13
VeRi/image_train/0674_c014_00077035_0.jpg,674,veri,13
VeRi/image_train/0674_c014_00077040_0.jpg,674,veri,13
VeRi/image_train/0674_c014_00077045_0.jpg,674,veri,13
VeRi/image_train/0674_c014_00077050_0.jpg,674,veri,13
VeRi/image_train/0674_c014_00077055_0.jpg,674,veri,13
VeRi/image_train/0674_c014_00079665_0.jpg,674,veri,13
VeRi/image_train/0674_c014_00079670_0.jpg,674,veri,13
VeRi/image_train/0674_c014_00079675_0.jpg,674,veri,13
VeRi/image_train/0674_c014_00079680_0.jpg,674,veri,13
VeRi/image_train/0674_c014_00079685_0.jpg,674,veri,13
VeRi/image_train/0674_c014_00079690_0.jpg,674,veri,13
VeRi/image_train/0674_c015_00077090_0.jpg,674,veri,14
VeRi/image_train/0674_c015_00077095_0.jpg,674,veri,14
VeRi/image_train/0674_c015_00077100_0.jpg,674,veri,14
VeRi/image_train/0674_c015_00077105_0.jpg,674,veri,14
VeRi/image_train/0674_c015_00077110_0.jpg,674,veri,14
VeRi/image_train/0674_c015_00077130_0.jpg,674,veri,14
VeRi/image_train/0674_c015_00079455_0.jpg,674,veri,14
VeRi/image_train/0674_c015_00079460_0.jpg,674,veri,14
VeRi/image_train/0674_c015_00079465_0.jpg,674,veri,14
VeRi/image_train/0674_c015_00079470_0.jpg,674,veri,14
VeRi/image_train/0674_c015_00079475_0.jpg,674,veri,14
VeRi/image_train/0674_c015_00079480_0.jpg,674,veri,14
VeRi/image_train/0674_c016_00076565_0.jpg,674,veri,15
VeRi/image_train/0674_c016_00076570_0.jpg,674,veri,15
VeRi/image_train/0674_c016_00076575_0.jpg,674,veri,15
VeRi/image_train/0674_c016_00076580_0.jpg,674,veri,15
VeRi/image_train/0674_c016_00076585_0.jpg,674,veri,15
VeRi/image_train/0674_c016_00076590_0.jpg,674,veri,15
VeRi/image_train/0674_c016_00079965_0.jpg,674,veri,15
VeRi/image_train/0674_c016_00079970_0.jpg,674,veri,15
VeRi/image_train/0674_c016_00079975_0.jpg,674,veri,15
VeRi/image_train/0674_c016_00079980_0.jpg,674,veri,15
VeRi/image_train/0674_c016_00079985_0.jpg,674,veri,15
VeRi/image_train/0674_c016_00079990_0.jpg,674,veri,15
VeRi/image_train/0674_c017_00078030_0.jpg,674,veri,16
VeRi/image_train/0674_c017_00078040_0.jpg,674,veri,16
VeRi/image_train/0674_c017_00078050_0.jpg,674,veri,16
VeRi/image_train/0674_c017_00078060_0.jpg,674,veri,16
VeRi/image_train/0674_c017_00078075_0.jpg,674,veri,16
VeRi/image_train/0674_c017_00078090_0.jpg,674,veri,16
VeRi/image_train/0674_c017_00078685_0.jpg,674,veri,16
VeRi/image_train/0674_c017_00078690_0.jpg,674,veri,16
VeRi/image_train/0674_c017_00078700_0.jpg,674,veri,16
VeRi/image_train/0674_c017_00078710_0.jpg,674,veri,16
VeRi/image_train/0674_c017_00078725_0.jpg,674,veri,16
VeRi/image_train/0674_c017_00078740_0.jpg,674,veri,16
VeRi/image_train/0674_c019_00077790_0.jpg,674,veri,18
VeRi/image_train/0674_c019_00077795_0.jpg,674,veri,18
VeRi/image_train/0674_c019_00077800_0.jpg,674,veri,18
VeRi/image_train/0674_c019_00077805_0.jpg,674,veri,18
VeRi/image_train/0674_c019_00077810_0.jpg,674,veri,18
VeRi/image_train/0674_c019_00077815_0.jpg,674,veri,18
VeRi/image_train/0674_c019_00078890_0.jpg,674,veri,18
VeRi/image_train/0674_c019_00078910_0.jpg,674,veri,18
VeRi/image_train/0674_c019_00078925_0.jpg,674,veri,18
VeRi/image_train/0674_c019_00078935_0.jpg,674,veri,18
VeRi/image_train/0674_c019_00078940_0.jpg,674,veri,18
VeRi/image_train/0674_c019_00078945_0.jpg,674,veri,18
VeRi/image_train/0068_c001_00078265_0.jpg,68,veri,0
VeRi/image_train/0068_c001_00078275_0.jpg,68,veri,0
VeRi/image_train/0068_c001_00078285_0.jpg,68,veri,0
VeRi/image_train/0068_c001_00078295_0.jpg,68,veri,0
VeRi/image_train/0068_c001_00078305_0.jpg,68,veri,0
VeRi/image_train/0068_c001_00078310_0.jpg,68,veri,0
VeRi/image_train/0068_c002_00078855_1.jpg,68,veri,1
VeRi/image_train/0068_c002_00078865_1.jpg,68,veri,1
VeRi/image_train/0068_c002_00078875_1.jpg,68,veri,1
VeRi/image_train/0068_c002_00078885_1.jpg,68,veri,1
VeRi/image_train/0068_c002_00078895_1.jpg,68,veri,1
VeRi/image_train/0068_c002_00078915_0.jpg,68,veri,1
VeRi/image_train/0068_c003_00082055_0.jpg,68,veri,2
VeRi/image_train/0068_c003_00082065_0.jpg,68,veri,2
VeRi/image_train/0068_c003_00082070_0.jpg,68,veri,2
VeRi/image_train/0068_c003_00082075_0.jpg,68,veri,2
VeRi/image_train/0068_c003_00082080_0.jpg,68,veri,2
VeRi/image_train/0068_c003_00082085_0.jpg,68,veri,2
VeRi/image_train/0068_c004_00082000_0.jpg,68,veri,3
VeRi/image_train/0068_c004_00082015_0.jpg,68,veri,3
VeRi/image_train/0068_c004_00082020_0.jpg,68,veri,3
VeRi/image_train/0068_c004_00082025_0.jpg,68,veri,3
VeRi/image_train/0068_c004_00082030_0.jpg,68,veri,3
VeRi/image_train/0068_c004_00082035_0.jpg,68,veri,3
VeRi/image_train/0068_c005_00082755_1.jpg,68,veri,4
VeRi/image_train/0068_c005_00082765_0.jpg,68,veri,4
VeRi/image_train/0068_c005_00082780_0.jpg,68,veri,4
VeRi/image_train/0068_c005_00082790_0.jpg,68,veri,4
VeRi/image_train/0068_c005_00082800_0.jpg,68,veri,4
VeRi/image_train/0068_c005_00082810_0.jpg,68,veri,4
VeRi/image_train/0068_c006_00081195_0.jpg,68,veri,5
VeRi/image_train/0068_c006_00081210_0.jpg,68,veri,5
VeRi/image_train/0068_c006_00081230_0.jpg,68,veri,5
VeRi/image_train/0068_c006_00081255_0.jpg,68,veri,5
VeRi/image_train/0068_c006_00081270_0.jpg,68,veri,5
VeRi/image_train/0068_c006_00081315_2.jpg,68,veri,5
VeRi/image_train/0068_c007_00082840_0.jpg,68,veri,6
VeRi/image_train/0068_c007_00082845_0.jpg,68,veri,6
VeRi/image_train/0068_c007_00082850_0.jpg,68,veri,6
VeRi/image_train/0068_c007_00082855_0.jpg,68,veri,6
VeRi/image_train/0068_c007_00082860_0.jpg,68,veri,6
VeRi/image_train/0068_c007_00082865_0.jpg,68,veri,6
VeRi/image_train/0068_c008_00082260_0.jpg,68,veri,7
VeRi/image_train/0068_c008_00082265_0.jpg,68,veri,7
VeRi/image_train/0068_c008_00082270_0.jpg,68,veri,7
VeRi/image_train/0068_c008_00082275_0.jpg,68,veri,7
VeRi/image_train/0068_c008_00082280_0.jpg,68,veri,7
VeRi/image_train/0068_c009_00082225_0.jpg,68,veri,8
VeRi/image_train/0068_c009_00082230_0.jpg,68,veri,8
VeRi/image_train/0068_c009_00082235_0.jpg,68,veri,8
VeRi/image_train/0068_c009_00082240_0.jpg,68,veri,8
VeRi/image_train/0068_c009_00082245_0.jpg,68,veri,8
VeRi/image_train/0068_c009_00082250_0.jpg,68,veri,8
VeRi/image_train/0068_c010_00081490_0.jpg,68,veri,9
VeRi/image_train/0068_c010_00081495_0.jpg,68,veri,9
VeRi/image_train/0068_c010_00081500_0.jpg,68,veri,9
VeRi/image_train/0068_c010_00081505_0.jpg,68,veri,9
VeRi/image_train/0068_c010_00081510_0.jpg,68,veri,9
VeRi/image_train/0068_c010_00081515_0.jpg,68,veri,9
VeRi/image_train/0068_c011_00081290_0.jpg,68,veri,10
VeRi/image_train/0068_c011_00081300_0.jpg,68,veri,10
VeRi/image_train/0068_c011_00081305_0.jpg,68,veri,10
VeRi/image_train/0068_c011_00081315_0.jpg,68,veri,10
VeRi/image_train/0068_c011_00081320_0.jpg,68,veri,10
VeRi/image_train/0068_c011_00081325_0.jpg,68,veri,10
VeRi/image_train/0068_c012_00076775_0.jpg,68,veri,11
VeRi/image_train/0068_c012_00076790_0.jpg,68,veri,11
VeRi/image_train/0068_c012_00076800_0.jpg,68,veri,11
VeRi/image_train/0068_c012_00076810_0.jpg,68,veri,11
VeRi/image_train/0068_c012_00076820_0.jpg,68,veri,11
VeRi/image_train/0068_c012_00076825_0.jpg,68,veri,11
VeRi/image_train/0068_c013_00076925_0.jpg,68,veri,12
VeRi/image_train/0068_c013_00076930_0.jpg,68,veri,12
VeRi/image_train/0068_c013_00076935_0.jpg,68,veri,12
VeRi/image_train/0068_c013_00076940_0.jpg,68,veri,12
VeRi/image_train/0068_c013_00076945_0.jpg,68,veri,12
VeRi/image_train/0068_c013_00076950_0.jpg,68,veri,12
VeRi/image_train/0068_c014_00073715_0.jpg,68,veri,13
VeRi/image_train/0068_c014_00073720_0.jpg,68,veri,13
VeRi/image_train/0068_c014_00073725_0.jpg,68,veri,13
VeRi/image_train/0068_c014_00073730_0.jpg,68,veri,13
VeRi/image_train/0068_c014_00073735_0.jpg,68,veri,13
VeRi/image_train/0068_c014_00073740_0.jpg,68,veri,13
VeRi/image_train/0068_c015_00073820_0.jpg,68,veri,14
VeRi/image_train/0068_c015_00073825_0.jpg,68,veri,14
VeRi/image_train/0068_c015_00073830_0.jpg,68,veri,14
VeRi/image_train/0068_c015_00073835_0.jpg,68,veri,14
VeRi/image_train/0068_c015_00073840_0.jpg,68,veri,14
VeRi/image_train/0068_c015_00073845_0.jpg,68,veri,14
VeRi/image_train/0068_c016_00073470_0.jpg,68,veri,15
VeRi/image_train/0068_c016_00073475_0.jpg,68,veri,15
VeRi/image_train/0068_c016_00073480_0.jpg,68,veri,15
VeRi/image_train/0068_c016_00073485_0.jpg,68,veri,15
VeRi/image_train/0068_c016_00073490_0.jpg,68,veri,15
VeRi/image_train/0068_c016_00073495_0.jpg,68,veri,15
VeRi/image_train/0068_c017_00076070_0.jpg,68,veri,16
VeRi/image_train/0068_c017_00076075_0.jpg,68,veri,16
VeRi/image_train/0068_c017_00076080_0.jpg,68,veri,16
VeRi/image_train/0068_c017_00076085_0.jpg,68,veri,16
VeRi/image_train/0068_c017_00076090_0.jpg,68,veri,16
VeRi/image_train/0068_c017_00076110_0.jpg,68,veri,16
VeRi/image_train/0068_c019_00075805_0.jpg,68,veri,18
VeRi/image_train/0068_c019_00075810_0.jpg,68,veri,18
VeRi/image_train/0068_c019_00075815_0.jpg,68,veri,18
VeRi/image_train/0068_c019_00075820_0.jpg,68,veri,18
VeRi/image_train/0068_c019_00075825_0.jpg,68,veri,18
VeRi/image_train/0068_c019_00075835_0.jpg,68,veri,18
VeRi/image_train/0681_c001_00071460_0.jpg,681,veri,0
VeRi/image_train/0681_c001_00071465_0.jpg,681,veri,0
VeRi/image_train/0681_c001_00071470_0.jpg,681,veri,0
VeRi/image_train/0681_c001_00071475_0.jpg,681,veri,0
VeRi/image_train/0681_c001_00071480_0.jpg,681,veri,0
VeRi/image_train/0681_c001_00071485_0.jpg,681,veri,0
VeRi/image_train/0681_c002_00028655_0.jpg,681,veri,1
VeRi/image_train/0681_c002_00028665_0.jpg,681,veri,1
VeRi/image_train/0681_c002_00028680_0.jpg,681,veri,1
VeRi/image_train/0681_c002_00028695_0.jpg,681,veri,1
VeRi/image_train/0681_c002_00028710_0.jpg,681,veri,1
VeRi/image_train/0681_c002_00069505_0.jpg,681,veri,1
VeRi/image_train/0681_c002_00069520_0.jpg,681,veri,1
VeRi/image_train/0681_c002_00069535_0.jpg,681,veri,1
VeRi/image_train/0681_c002_00069550_0.jpg,681,veri,1
VeRi/image_train/0681_c002_00069565_0.jpg,681,veri,1
VeRi/image_train/0681_c002_00069580_0.jpg,681,veri,1
VeRi/image_train/0681_c003_00054940_0.jpg,681,veri,2
VeRi/image_train/0681_c003_00054945_0.jpg,681,veri,2
VeRi/image_train/0681_c003_00054955_0.jpg,681,veri,2
VeRi/image_train/0681_c003_00054960_0.jpg,681,veri,2
VeRi/image_train/0681_c003_00054965_0.jpg,681,veri,2
VeRi/image_train/0681_c003_00054970_1.jpg,681,veri,2
VeRi/image_train/0681_c003_00065905_0.jpg,681,veri,2
VeRi/image_train/0681_c003_00065915_0.jpg,681,veri,2
VeRi/image_train/0681_c003_00065925_0.jpg,681,veri,2
VeRi/image_train/0681_c003_00065935_0.jpg,681,veri,2
VeRi/image_train/0681_c003_00065940_0.jpg,681,veri,2
VeRi/image_train/0681_c003_00065945_0.jpg,681,veri,2
VeRi/image_train/0681_c004_00054860_0.jpg,681,veri,3
VeRi/image_train/0681_c004_00054890_0.jpg,681,veri,3
VeRi/image_train/0681_c004_00054895_0.jpg,681,veri,3
VeRi/image_train/0681_c004_00054900_0.jpg,681,veri,3
VeRi/image_train/0681_c004_00054905_0.jpg,681,veri,3
VeRi/image_train/0681_c004_00054910_0.jpg,681,veri,3
VeRi/image_train/0681_c004_00065815_0.jpg,681,veri,3
VeRi/image_train/0681_c004_00065820_0.jpg,681,veri,3
VeRi/image_train/0681_c004_00065825_0.jpg,681,veri,3
VeRi/image_train/0681_c004_00065830_0.jpg,681,veri,3
VeRi/image_train/0681_c004_00065835_0.jpg,681,veri,3
VeRi/image_train/0681_c004_00065840_0.jpg,681,veri,3
VeRi/image_train/0681_c005_00055625_0.jpg,681,veri,4
VeRi/image_train/0681_c005_00055635_0.jpg,681,veri,4
VeRi/image_train/0681_c005_00055645_0.jpg,681,veri,4
VeRi/image_train/0681_c005_00055655_0.jpg,681,veri,4
VeRi/image_train/0681_c005_00055665_0.jpg,681,veri,4
VeRi/image_train/0681_c005_00055675_0.jpg,681,veri,4
VeRi/image_train/0681_c006_00054010_0.jpg,681,veri,5
VeRi/image_train/0681_c006_00054020_0.jpg,681,veri,5
VeRi/image_train/0681_c006_00054030_0.jpg,681,veri,5
VeRi/image_train/0681_c006_00054040_0.jpg,681,veri,5
VeRi/image_train/0681_c006_00054050_0.jpg,681,veri,5
VeRi/image_train/0681_c006_00054075_1.jpg,681,veri,5
VeRi/image_train/0681_c006_00066865_0.jpg,681,veri,5
VeRi/image_train/0681_c006_00066900_0.jpg,681,veri,5
VeRi/image_train/0681_c006_00066940_1.jpg,681,veri,5
VeRi/image_train/0681_c006_00066970_0.jpg,681,veri,5
VeRi/image_train/0681_c006_00066995_1.jpg,681,veri,5
VeRi/image_train/0681_c007_00055725_0.jpg,681,veri,6
VeRi/image_train/0681_c007_00055730_0.jpg,681,veri,6
VeRi/image_train/0681_c007_00055735_0.jpg,681,veri,6
VeRi/image_train/0681_c007_00055740_0.jpg,681,veri,6
VeRi/image_train/0681_c007_00055745_0.jpg,681,veri,6
VeRi/image_train/0681_c007_00055750_0.jpg,681,veri,6
VeRi/image_train/0681_c008_00055170_0.jpg,681,veri,7
VeRi/image_train/0681_c008_00055175_0.jpg,681,veri,7
VeRi/image_train/0681_c008_00055180_0.jpg,681,veri,7
VeRi/image_train/0681_c008_00055185_0.jpg,681,veri,7
VeRi/image_train/0681_c008_00055190_0.jpg,681,veri,7
VeRi/image_train/0681_c008_00055195_0.jpg,681,veri,7
VeRi/image_train/0681_c008_00065665_0.jpg,681,veri,7
VeRi/image_train/0681_c008_00065675_1.jpg,681,veri,7
VeRi/image_train/0681_c008_00065680_2.jpg,681,veri,7
VeRi/image_train/0681_c008_00065685_0.jpg,681,veri,7
VeRi/image_train/0681_c008_00065690_2.jpg,681,veri,7
VeRi/image_train/0681_c008_00065695_1.jpg,681,veri,7
VeRi/image_train/0681_c009_00055120_0.jpg,681,veri,8
VeRi/image_train/0681_c009_00055125_0.jpg,681,veri,8
VeRi/image_train/0681_c009_00055130_0.jpg,681,veri,8
VeRi/image_train/0681_c009_00055135_0.jpg,681,veri,8
VeRi/image_train/0681_c009_00065755_0.jpg,681,veri,8
VeRi/image_train/0681_c009_00065770_0.jpg,681,veri,8
VeRi/image_train/0681_c009_00065775_0.jpg,681,veri,8
VeRi/image_train/0681_c009_00065780_0.jpg,681,veri,8
VeRi/image_train/0681_c009_00065785_0.jpg,681,veri,8
VeRi/image_train/0681_c009_00065790_0.jpg,681,veri,8
VeRi/image_train/0681_c010_00054190_0.jpg,681,veri,9
VeRi/image_train/0681_c010_00054195_0.jpg,681,veri,9
VeRi/image_train/0681_c010_00054200_0.jpg,681,veri,9
VeRi/image_train/0681_c010_00054205_0.jpg,681,veri,9
VeRi/image_train/0681_c010_00054210_0.jpg,681,veri,9
VeRi/image_train/0681_c010_00054215_0.jpg,681,veri,9
VeRi/image_train/0681_c010_00066535_0.jpg,681,veri,9
VeRi/image_train/0681_c010_00066545_1.jpg,681,veri,9
VeRi/image_train/0681_c010_00066550_1.jpg,681,veri,9
VeRi/image_train/0681_c010_00066555_1.jpg,681,veri,9
VeRi/image_train/0681_c010_00066560_1.jpg,681,veri,9
VeRi/image_train/0681_c010_00066565_1.jpg,681,veri,9
VeRi/image_train/0681_c011_00053990_1.jpg,681,veri,10
VeRi/image_train/0681_c011_00054010_0.jpg,681,veri,10
VeRi/image_train/0681_c011_00054020_0.jpg,681,veri,10
VeRi/image_train/0681_c011_00054030_0.jpg,681,veri,10
VeRi/image_train/0681_c011_00054040_0.jpg,681,veri,10
VeRi/image_train/0681_c011_00054050_0.jpg,681,veri,10
VeRi/image_train/0681_c011_00066895_0.jpg,681,veri,10
VeRi/image_train/0681_c011_00066915_0.jpg,681,veri,10
VeRi/image_train/0681_c011_00066930_0.jpg,681,veri,10
VeRi/image_train/0681_c011_00066940_0.jpg,681,veri,10
VeRi/image_train/0681_c011_00066955_0.jpg,681,veri,10
VeRi/image_train/0681_c011_00066965_0.jpg,681,veri,10
VeRi/image_train/0681_c012_00071980_0.jpg,681,veri,11
VeRi/image_train/0681_c012_00071985_0.jpg,681,veri,11
VeRi/image_train/0681_c012_00071995_0.jpg,681,veri,11
VeRi/image_train/0681_c012_00072005_0.jpg,681,veri,11
VeRi/image_train/0681_c012_00072015_0.jpg,681,veri,11
VeRi/image_train/0681_c012_00072025_0.jpg,681,veri,11
VeRi/image_train/0681_c013_00071790_0.jpg,681,veri,12
VeRi/image_train/0681_c013_00071795_0.jpg,681,veri,12
VeRi/image_train/0681_c013_00071800_0.jpg,681,veri,12
VeRi/image_train/0681_c013_00071805_0.jpg,681,veri,12
VeRi/image_train/0681_c013_00071810_0.jpg,681,veri,12
VeRi/image_train/0681_c013_00071815_0.jpg,681,veri,12
VeRi/image_train/0681_c015_00074565_0.jpg,681,veri,14
VeRi/image_train/0681_c015_00074570_0.jpg,681,veri,14
VeRi/image_train/0681_c015_00074575_0.jpg,681,veri,14
VeRi/image_train/0681_c015_00074580_0.jpg,681,veri,14
VeRi/image_train/0681_c015_00074585_0.jpg,681,veri,14
VeRi/image_train/0681_c015_00074590_0.jpg,681,veri,14
VeRi/image_train/0681_c017_00072660_1.jpg,681,veri,16
VeRi/image_train/0681_c017_00072670_0.jpg,681,veri,16
VeRi/image_train/0681_c017_00072680_0.jpg,681,veri,16
VeRi/image_train/0681_c017_00072690_0.jpg,681,veri,16
VeRi/image_train/0681_c017_00072695_1.jpg,681,veri,16
VeRi/image_train/0681_c017_00072700_0.jpg,681,veri,16
VeRi/image_train/0686_c001_00073640_0.jpg,686,veri,0
VeRi/image_train/0686_c001_00073645_1.jpg,686,veri,0
VeRi/image_train/0686_c001_00073650_0.jpg,686,veri,0
VeRi/image_train/0686_c001_00073655_0.jpg,686,veri,0
VeRi/image_train/0686_c001_00073660_0.jpg,686,veri,0
VeRi/image_train/0686_c001_00073665_0.jpg,686,veri,0
VeRi/image_train/0686_c002_00072040_0.jpg,686,veri,1
VeRi/image_train/0686_c002_00072060_0.jpg,686,veri,1
VeRi/image_train/0686_c002_00072080_0.jpg,686,veri,1
VeRi/image_train/0686_c002_00072100_0.jpg,686,veri,1
VeRi/image_train/0686_c002_00072120_0.jpg,686,veri,1
VeRi/image_train/0686_c002_00072140_0.jpg,686,veri,1
VeRi/image_train/0686_c003_00069005_0.jpg,686,veri,2
VeRi/image_train/0686_c003_00069015_0.jpg,686,veri,2
VeRi/image_train/0686_c003_00069020_0.jpg,686,veri,2
VeRi/image_train/0686_c003_00069025_0.jpg,686,veri,2
VeRi/image_train/0686_c003_00069030_0.jpg,686,veri,2
VeRi/image_train/0686_c003_00069035_0.jpg,686,veri,2
VeRi/image_train/0686_c004_00068895_0.jpg,686,veri,3
VeRi/image_train/0686_c004_00068900_0.jpg,686,veri,3
VeRi/image_train/0686_c004_00068905_0.jpg,686,veri,3
VeRi/image_train/0686_c004_00068910_0.jpg,686,veri,3
VeRi/image_train/0686_c004_00068915_0.jpg,686,veri,3
VeRi/image_train/0686_c004_00068920_0.jpg,686,veri,3
VeRi/image_train/0686_c006_00069570_0.jpg,686,veri,5
VeRi/image_train/0686_c006_00069580_0.jpg,686,veri,5
VeRi/image_train/0686_c006_00069585_0.jpg,686,veri,5
VeRi/image_train/0686_c006_00069590_0.jpg,686,veri,5
VeRi/image_train/0686_c006_00069600_0.jpg,686,veri,5
VeRi/image_train/0686_c006_00069610_0.jpg,686,veri,5
VeRi/image_train/0686_c008_00068740_0.jpg,686,veri,7
VeRi/image_train/0686_c008_00068745_0.jpg,686,veri,7
VeRi/image_train/0686_c008_00068750_0.jpg,686,veri,7
VeRi/image_train/0686_c008_00068755_0.jpg,686,veri,7
VeRi/image_train/0686_c008_00068760_0.jpg,686,veri,7
VeRi/image_train/0686_c008_00068765_0.jpg,686,veri,7
VeRi/image_train/0686_c009_00068825_1.jpg,686,veri,8
VeRi/image_train/0686_c009_00068830_1.jpg,686,veri,8
VeRi/image_train/0686_c009_00068835_1.jpg,686,veri,8
VeRi/image_train/0686_c009_00068845_0.jpg,686,veri,8
VeRi/image_train/0686_c009_00068850_0.jpg,686,veri,8
VeRi/image_train/0686_c009_00068855_0.jpg,686,veri,8
VeRi/image_train/0686_c010_00069565_0.jpg,686,veri,9
VeRi/image_train/0686_c010_00069570_0.jpg,686,veri,9
VeRi/image_train/0686_c010_00069575_0.jpg,686,veri,9
VeRi/image_train/0686_c010_00069580_0.jpg,686,veri,9
VeRi/image_train/0686_c010_00069585_0.jpg,686,veri,9
VeRi/image_train/0686_c010_00069590_0.jpg,686,veri,9
VeRi/image_train/0686_c011_00069580_0.jpg,686,veri,10
VeRi/image_train/0686_c011_00069585_0.jpg,686,veri,10
VeRi/image_train/0686_c011_00069590_0.jpg,686,veri,10
VeRi/image_train/0686_c011_00069600_0.jpg,686,veri,10
VeRi/image_train/0686_c011_00069610_0.jpg,686,veri,10
VeRi/image_train/0686_c011_00069620_0.jpg,686,veri,10
VeRi/image_train/0686_c012_00074120_0.jpg,686,veri,11
VeRi/image_train/0686_c012_00074130_0.jpg,686,veri,11
VeRi/image_train/0686_c012_00074140_0.jpg,686,veri,11
VeRi/image_train/0686_c012_00074145_0.jpg,686,veri,11
VeRi/image_train/0686_c012_00074150_0.jpg,686,veri,11
VeRi/image_train/0686_c012_00074160_0.jpg,686,veri,11
VeRi/image_train/0686_c013_00073960_0.jpg,686,veri,12
VeRi/image_train/0686_c013_00073965_0.jpg,686,veri,12
VeRi/image_train/0686_c013_00073970_0.jpg,686,veri,12
VeRi/image_train/0686_c013_00073975_0.jpg,686,veri,12
VeRi/image_train/0686_c013_00073980_0.jpg,686,veri,12
VeRi/image_train/0686_c013_00073985_0.jpg,686,veri,12
VeRi/image_train/0686_c014_00085695_0.jpg,686,veri,13
VeRi/image_train/0686_c014_00085700_0.jpg,686,veri,13
VeRi/image_train/0686_c014_00085705_0.jpg,686,veri,13
VeRi/image_train/0686_c014_00085710_0.jpg,686,veri,13
VeRi/image_train/0686_c014_00085715_0.jpg,686,veri,13
VeRi/image_train/0686_c014_00085720_0.jpg,686,veri,13
VeRi/image_train/0686_c015_00085530_0.jpg,686,veri,14
VeRi/image_train/0686_c015_00085535_0.jpg,686,veri,14
VeRi/image_train/0686_c015_00085540_0.jpg,686,veri,14
VeRi/image_train/0686_c015_00085545_0.jpg,686,veri,14
VeRi/image_train/0686_c015_00085550_0.jpg,686,veri,14
VeRi/image_train/0686_c015_00085555_0.jpg,686,veri,14
VeRi/image_train/0686_c016_00086095_0.jpg,686,veri,15
VeRi/image_train/0686_c016_00086115_0.jpg,686,veri,15
VeRi/image_train/0686_c016_00086225_0.jpg,686,veri,15
VeRi/image_train/0686_c016_00086485_0.jpg,686,veri,15
VeRi/image_train/0686_c016_00086545_0.jpg,686,veri,15
VeRi/image_train/0686_c016_00086570_0.jpg,686,veri,15
VeRi/image_train/0686_c017_00074785_0.jpg,686,veri,16
VeRi/image_train/0686_c017_00074790_0.jpg,686,veri,16
VeRi/image_train/0686_c017_00074795_0.jpg,686,veri,16
VeRi/image_train/0686_c017_00074800_0.jpg,686,veri,16
VeRi/image_train/0686_c017_00074805_0.jpg,686,veri,16
VeRi/image_train/0686_c017_00074810_0.jpg,686,veri,16
VeRi/image_train/0686_c019_00075055_0.jpg,686,veri,18
VeRi/image_train/0686_c019_00075060_0.jpg,686,veri,18
VeRi/image_train/0686_c019_00075065_0.jpg,686,veri,18
VeRi/image_train/0686_c019_00075070_0.jpg,686,veri,18
VeRi/image_train/0686_c019_00075085_0.jpg,686,veri,18
VeRi/image_train/0686_c019_00075095_0.jpg,686,veri,18
VeRi/image_train/0689_c002_00057775_0.jpg,689,veri,1
VeRi/image_train/0689_c002_00057790_0.jpg,689,veri,1
VeRi/image_train/0689_c002_00057805_0.jpg,689,veri,1
VeRi/image_train/0689_c002_00057820_0.jpg,689,veri,1
VeRi/image_train/0689_c002_00057835_0.jpg,689,veri,1
VeRi/image_train/0689_c002_00057860_0.jpg,689,veri,1
VeRi/image_train/0689_c003_00056485_0.jpg,689,veri,2
VeRi/image_train/0689_c003_00056495_0.jpg,689,veri,2
VeRi/image_train/0689_c003_00056505_0.jpg,689,veri,2
VeRi/image_train/0689_c003_00056515_0.jpg,689,veri,2
VeRi/image_train/0689_c003_00056525_0.jpg,689,veri,2
VeRi/image_train/0689_c003_00056555_0.jpg,689,veri,2
VeRi/image_train/0689_c004_00056415_0.jpg,689,veri,3
VeRi/image_train/0689_c004_00056425_0.jpg,689,veri,3
VeRi/image_train/0689_c004_00056435_0.jpg,689,veri,3
VeRi/image_train/0689_c004_00056445_0.jpg,689,veri,3
VeRi/image_train/0689_c004_00056455_0.jpg,689,veri,3
VeRi/image_train/0689_c004_00056465_0.jpg,689,veri,3
VeRi/image_train/0689_c006_00057020_0.jpg,689,veri,5
VeRi/image_train/0689_c006_00057035_0.jpg,689,veri,5
VeRi/image_train/0689_c006_00057050_0.jpg,689,veri,5
VeRi/image_train/0689_c006_00057070_0.jpg,689,veri,5
VeRi/image_train/0689_c006_00057090_0.jpg,689,veri,5
VeRi/image_train/0689_c006_00057115_0.jpg,689,veri,5
VeRi/image_train/0689_c010_00056990_0.jpg,689,veri,9
VeRi/image_train/0689_c010_00056995_0.jpg,689,veri,9
VeRi/image_train/0689_c010_00057000_0.jpg,689,veri,9
VeRi/image_train/0689_c010_00057005_0.jpg,689,veri,9
VeRi/image_train/0689_c010_00057010_0.jpg,689,veri,9
VeRi/image_train/0689_c010_00057015_0.jpg,689,veri,9
VeRi/image_train/0689_c011_00057025_0.jpg,689,veri,10
VeRi/image_train/0689_c011_00057035_0.jpg,689,veri,10
VeRi/image_train/0689_c011_00057045_0.jpg,689,veri,10
VeRi/image_train/0689_c011_00057055_0.jpg,689,veri,10
VeRi/image_train/0689_c011_00057060_0.jpg,689,veri,10
VeRi/image_train/0689_c011_00057065_0.jpg,689,veri,10
VeRi/image_train/0007_c014_00049785_0.jpg,7,veri,13
VeRi/image_train/0007_c014_00049790_0.jpg,7,veri,13
VeRi/image_train/0007_c014_00049795_0.jpg,7,veri,13
VeRi/image_train/0007_c014_00049800_0.jpg,7,veri,13
VeRi/image_train/0007_c014_00049805_0.jpg,7,veri,13
VeRi/image_train/0007_c014_00049810_0.jpg,7,veri,13
VeRi/image_train/0007_c015_00049565_0.jpg,7,veri,14
VeRi/image_train/0007_c015_00049570_0.jpg,7,veri,14
VeRi/image_train/0007_c015_00049575_0.jpg,7,veri,14
VeRi/image_train/0007_c015_00049580_0.jpg,7,veri,14
VeRi/image_train/0007_c015_00049585_0.jpg,7,veri,14
VeRi/image_train/0007_c015_00049590_0.jpg,7,veri,14
VeRi/image_train/0007_c016_00050060_0.jpg,7,veri,15
VeRi/image_train/0007_c016_00050065_0.jpg,7,veri,15
VeRi/image_train/0007_c016_00050070_0.jpg,7,veri,15
VeRi/image_train/0007_c017_00047200_0.jpg,7,veri,16
VeRi/image_train/0007_c017_00047210_1.jpg,7,veri,16
VeRi/image_train/0007_c017_00047260_0.jpg,7,veri,16
VeRi/image_train/0007_c017_00047285_1.jpg,7,veri,16
VeRi/image_train/0007_c017_00047330_0.jpg,7,veri,16
VeRi/image_train/0007_c017_00047390_0.jpg,7,veri,16
VeRi/image_train/0007_c017_00048130_0.jpg,7,veri,16
VeRi/image_train/0007_c017_00048135_0.jpg,7,veri,16
VeRi/image_train/0007_c017_00048145_0.jpg,7,veri,16
VeRi/image_train/0007_c017_00048195_0.jpg,7,veri,16
VeRi/image_train/0007_c017_00048215_0.jpg,7,veri,16
VeRi/image_train/0007_c017_00048245_0.jpg,7,veri,16
VeRi/image_train/0007_c019_00048650_1.jpg,7,veri,18
VeRi/image_train/0007_c019_00048655_1.jpg,7,veri,18
VeRi/image_train/0007_c019_00048695_0.jpg,7,veri,18
VeRi/image_train/0007_c019_00048700_0.jpg,7,veri,18
VeRi/image_train/0007_c019_00048755_0.jpg,7,veri,18
VeRi/image_train/0007_c019_00048760_0.jpg,7,veri,18
VeRi/image_train/0703_c003_00059655_0.jpg,703,veri,2
VeRi/image_train/0703_c003_00059665_0.jpg,703,veri,2
VeRi/image_train/0703_c003_00059675_0.jpg,703,veri,2
VeRi/image_train/0703_c003_00059685_0.jpg,703,veri,2
VeRi/image_train/0703_c003_00059695_0.jpg,703,veri,2
VeRi/image_train/0703_c003_00059700_0.jpg,703,veri,2
VeRi/image_train/0703_c004_00059555_1.jpg,703,veri,3
VeRi/image_train/0703_c004_00059570_1.jpg,703,veri,3
VeRi/image_train/0703_c004_00059585_0.jpg,703,veri,3
VeRi/image_train/0703_c004_00059600_0.jpg,703,veri,3
VeRi/image_train/0703_c004_00059615_0.jpg,703,veri,3
VeRi/image_train/0703_c004_00059650_0.jpg,703,veri,3
VeRi/image_train/0703_c006_00060325_0.jpg,703,veri,5
VeRi/image_train/0703_c006_00060340_0.jpg,703,veri,5
VeRi/image_train/0703_c006_00060365_0.jpg,703,veri,5
VeRi/image_train/0703_c006_00060380_0.jpg,703,veri,5
VeRi/image_train/0703_c006_00060400_0.jpg,703,veri,5
VeRi/image_train/0703_c010_00060265_0.jpg,703,veri,9
VeRi/image_train/0703_c010_00060270_0.jpg,703,veri,9
VeRi/image_train/0703_c010_00060275_0.jpg,703,veri,9
VeRi/image_train/0703_c010_00060280_0.jpg,703,veri,9
VeRi/image_train/0703_c010_00060285_0.jpg,703,veri,9
VeRi/image_train/0703_c010_00060290_0.jpg,703,veri,9
VeRi/image_train/0703_c011_00060320_0.jpg,703,veri,10
VeRi/image_train/0703_c011_00060325_1.jpg,703,veri,10
VeRi/image_train/0703_c011_00060335_0.jpg,703,veri,10
VeRi/image_train/0703_c011_00060340_2.jpg,703,veri,10
VeRi/image_train/0703_c011_00060360_0.jpg,703,veri,10
VeRi/image_train/0703_c011_00060370_2.jpg,703,veri,10
VeRi/image_train/0704_c003_00030790_0.jpg,704,veri,2
VeRi/image_train/0704_c003_00030800_0.jpg,704,veri,2
VeRi/image_train/0704_c003_00030810_0.jpg,704,veri,2
VeRi/image_train/0704_c003_00030820_0.jpg,704,veri,2
VeRi/image_train/0704_c003_00030830_0.jpg,704,veri,2
VeRi/image_train/0704_c003_00030835_0.jpg,704,veri,2
VeRi/image_train/0704_c003_00088990_0.jpg,704,veri,2
VeRi/image_train/0704_c003_00089000_0.jpg,704,veri,2
VeRi/image_train/0704_c003_00089010_0.jpg,704,veri,2
VeRi/image_train/0704_c003_00089020_0.jpg,704,veri,2
VeRi/image_train/0704_c003_00089030_0.jpg,704,veri,2
VeRi/image_train/0704_c003_00089040_0.jpg,704,veri,2
VeRi/image_train/0704_c004_00030715_1.jpg,704,veri,3
VeRi/image_train/0704_c004_00030720_0.jpg,704,veri,3
VeRi/image_train/0704_c004_00030725_0.jpg,704,veri,3
VeRi/image_train/0704_c004_00030730_0.jpg,704,veri,3
VeRi/image_train/0704_c004_00030735_0.jpg,704,veri,3
VeRi/image_train/0704_c004_00030740_0.jpg,704,veri,3
VeRi/image_train/0704_c004_00088945_0.jpg,704,veri,3
VeRi/image_train/0704_c004_00088955_0.jpg,704,veri,3
VeRi/image_train/0704_c004_00088965_0.jpg,704,veri,3
VeRi/image_train/0704_c004_00088975_0.jpg,704,veri,3
VeRi/image_train/0704_c004_00088985_0.jpg,704,veri,3
VeRi/image_train/0704_c004_00088995_0.jpg,704,veri,3
VeRi/image_train/0704_c006_00031460_1.jpg,704,veri,5
VeRi/image_train/0704_c006_00031470_0.jpg,704,veri,5
VeRi/image_train/0704_c006_00031485_0.jpg,704,veri,5
VeRi/image_train/0704_c006_00031505_0.jpg,704,veri,5
VeRi/image_train/0704_c006_00031530_0.jpg,704,veri,5
VeRi/image_train/0704_c006_00031545_0.jpg,704,veri,5
VeRi/image_train/0704_c006_00088005_3.jpg,704,veri,5
VeRi/image_train/0704_c006_00088025_3.jpg,704,veri,5
VeRi/image_train/0704_c006_00088055_1.jpg,704,veri,5
VeRi/image_train/0704_c006_00088075_0.jpg,704,veri,5
VeRi/image_train/0704_c006_00088105_0.jpg,704,veri,5
VeRi/image_train/0704_c006_00088130_1.jpg,704,veri,5
VeRi/image_train/0704_c008_00030540_1.jpg,704,veri,7
VeRi/image_train/0704_c008_00030555_1.jpg,704,veri,7
VeRi/image_train/0704_c008_00030560_1.jpg,704,veri,7
VeRi/image_train/0704_c008_00030565_1.jpg,704,veri,7
VeRi/image_train/0704_c008_00030575_0.jpg,704,veri,7
VeRi/image_train/0704_c008_00030585_0.jpg,704,veri,7
VeRi/image_train/0704_c008_00089285_0.jpg,704,veri,7
VeRi/image_train/0704_c008_00089290_1.jpg,704,veri,7
VeRi/image_train/0704_c008_00089295_1.jpg,704,veri,7
VeRi/image_train/0704_c008_00089305_0.jpg,704,veri,7
VeRi/image_train/0704_c008_00089310_0.jpg,704,veri,7
VeRi/image_train/0704_c008_00089315_0.jpg,704,veri,7
VeRi/image_train/0704_c009_00030630_0.jpg,704,veri,8
VeRi/image_train/0704_c009_00030635_0.jpg,704,veri,8
VeRi/image_train/0704_c009_00030640_0.jpg,704,veri,8
VeRi/image_train/0704_c009_00030645_0.jpg,704,veri,8
VeRi/image_train/0704_c009_00030650_0.jpg,704,veri,8
VeRi/image_train/0704_c009_00089220_0.jpg,704,veri,8
VeRi/image_train/0704_c009_00089225_0.jpg,704,veri,8
VeRi/image_train/0704_c009_00089230_0.jpg,704,veri,8
VeRi/image_train/0704_c009_00089235_0.jpg,704,veri,8
VeRi/image_train/0704_c009_00089240_0.jpg,704,veri,8
VeRi/image_train/0704_c009_00089245_0.jpg,704,veri,8
VeRi/image_train/0704_c010_00031375_0.jpg,704,veri,9
VeRi/image_train/0704_c010_00031380_0.jpg,704,veri,9
VeRi/image_train/0704_c010_00031385_0.jpg,704,veri,9
VeRi/image_train/0704_c010_00031390_0.jpg,704,veri,9
VeRi/image_train/0704_c010_00031395_0.jpg,704,veri,9
VeRi/image_train/0704_c010_00031400_0.jpg,704,veri,9
VeRi/image_train/0704_c010_00088320_0.jpg,704,veri,9
VeRi/image_train/0704_c010_00088325_0.jpg,704,veri,9
VeRi/image_train/0704_c010_00088330_0.jpg,704,veri,9
VeRi/image_train/0704_c010_00088335_0.jpg,704,veri,9
VeRi/image_train/0704_c010_00088340_0.jpg,704,veri,9
VeRi/image_train/0704_c010_00088345_0.jpg,704,veri,9
VeRi/image_train/0704_c011_00031415_0.jpg,704,veri,10
VeRi/image_train/0704_c011_00031425_0.jpg,704,veri,10
VeRi/image_train/0704_c011_00031435_0.jpg,704,veri,10
VeRi/image_train/0704_c011_00031445_0.jpg,704,veri,10
VeRi/image_train/0704_c011_00031455_0.jpg,704,veri,10
VeRi/image_train/0704_c011_00031465_0.jpg,704,veri,10
VeRi/image_train/0704_c011_00088090_0.jpg,704,veri,10
VeRi/image_train/0704_c011_00088100_0.jpg,704,veri,10
VeRi/image_train/0704_c011_00088110_0.jpg,704,veri,10
VeRi/image_train/0704_c011_00088120_0.jpg,704,veri,10
VeRi/image_train/0704_c011_00088130_0.jpg,704,veri,10
VeRi/image_train/0704_c011_00088140_0.jpg,704,veri,10
VeRi/image_train/0707_c014_00024125_0.jpg,707,veri,13
VeRi/image_train/0707_c014_00024165_0.jpg,707,veri,13
VeRi/image_train/0707_c014_00024170_0.jpg,707,veri,13
VeRi/image_train/0707_c014_00024175_0.jpg,707,veri,13
VeRi/image_train/0707_c014_00024190_0.jpg,707,veri,13
VeRi/image_train/0707_c014_00024195_0.jpg,707,veri,13
VeRi/image_train/0707_c014_00070330_1.jpg,707,veri,13
VeRi/image_train/0707_c014_00070335_1.jpg,707,veri,13
VeRi/image_train/0707_c014_00070340_1.jpg,707,veri,13
VeRi/image_train/0707_c014_00070345_1.jpg,707,veri,13
VeRi/image_train/0707_c014_00070350_1.jpg,707,veri,13
VeRi/image_train/0707_c014_00070355_1.jpg,707,veri,13
VeRi/image_train/0707_c014_00089470_0.jpg,707,veri,13
VeRi/image_train/0707_c014_00089475_0.jpg,707,veri,13
VeRi/image_train/0707_c014_00089480_0.jpg,707,veri,13
VeRi/image_train/0707_c014_00089485_0.jpg,707,veri,13
VeRi/image_train/0707_c014_00089490_0.jpg,707,veri,13
VeRi/image_train/0707_c014_00089495_0.jpg,707,veri,13
VeRi/image_train/0707_c015_00024250_0.jpg,707,veri,14
VeRi/image_train/0707_c015_00024255_0.jpg,707,veri,14
VeRi/image_train/0707_c015_00024270_0.jpg,707,veri,14
VeRi/image_train/0707_c015_00024275_0.jpg,707,veri,14
VeRi/image_train/0707_c015_00024280_0.jpg,707,veri,14
VeRi/image_train/0707_c015_00070075_0.jpg,707,veri,14
VeRi/image_train/0707_c015_00070090_0.jpg,707,veri,14
VeRi/image_train/0707_c015_00070100_0.jpg,707,veri,14
VeRi/image_train/0707_c015_00070110_0.jpg,707,veri,14
VeRi/image_train/0707_c015_00070120_0.jpg,707,veri,14
VeRi/image_train/0707_c015_00070125_0.jpg,707,veri,14
VeRi/image_train/0707_c015_00089640_0.jpg,707,veri,14
VeRi/image_train/0707_c015_00089645_0.jpg,707,veri,14
VeRi/image_train/0707_c015_00089650_0.jpg,707,veri,14
VeRi/image_train/0707_c015_00089655_0.jpg,707,veri,14
VeRi/image_train/0707_c015_00089660_0.jpg,707,veri,14
VeRi/image_train/0707_c015_00089665_0.jpg,707,veri,14
VeRi/image_train/0707_c016_00071260_0.jpg,707,veri,15
VeRi/image_train/0707_c016_00071270_0.jpg,707,veri,15
VeRi/image_train/0707_c016_00071275_0.jpg,707,veri,15
VeRi/image_train/0707_c016_00071280_0.jpg,707,veri,15
VeRi/image_train/0707_c016_00071285_0.jpg,707,veri,15
VeRi/image_train/0707_c016_00071290_0.jpg,707,veri,15
VeRi/image_train/0707_c016_00089200_1.jpg,707,veri,15
VeRi/image_train/0707_c016_00089205_0.jpg,707,veri,15
VeRi/image_train/0707_c016_00089210_0.jpg,707,veri,15
VeRi/image_train/0707_c016_00089215_0.jpg,707,veri,15
VeRi/image_train/0707_c016_00089220_0.jpg,707,veri,15
VeRi/image_train/0707_c016_00089225_0.jpg,707,veri,15
VeRi/image_train/0707_c017_00063400_0.jpg,707,veri,16
VeRi/image_train/0707_c017_00063410_0.jpg,707,veri,16
VeRi/image_train/0707_c017_00063420_0.jpg,707,veri,16
VeRi/image_train/0707_c017_00063430_0.jpg,707,veri,16
VeRi/image_train/0707_c017_00063440_0.jpg,707,veri,16
VeRi/image_train/0707_c017_00063445_0.jpg,707,veri,16
VeRi/image_train/0707_c017_00063675_0.jpg,707,veri,16
VeRi/image_train/0707_c017_00063685_0.jpg,707,veri,16
VeRi/image_train/0707_c017_00063695_0.jpg,707,veri,16
VeRi/image_train/0707_c017_00063705_0.jpg,707,veri,16
VeRi/image_train/0707_c017_00063715_0.jpg,707,veri,16
VeRi/image_train/0707_c017_00063730_0.jpg,707,veri,16
VeRi/image_train/0707_c019_00063175_0.jpg,707,veri,18
VeRi/image_train/0707_c019_00063180_0.jpg,707,veri,18
VeRi/image_train/0707_c019_00063185_0.jpg,707,veri,18
VeRi/image_train/0707_c019_00063190_0.jpg,707,veri,18
VeRi/image_train/0707_c019_00063195_0.jpg,707,veri,18
VeRi/image_train/0707_c019_00063200_0.jpg,707,veri,18
VeRi/image_train/0707_c019_00063925_0.jpg,707,veri,18
VeRi/image_train/0707_c019_00063930_0.jpg,707,veri,18
VeRi/image_train/0707_c019_00063945_0.jpg,707,veri,18
VeRi/image_train/0707_c019_00063950_0.jpg,707,veri,18
VeRi/image_train/0707_c019_00063960_0.jpg,707,veri,18
VeRi/image_train/0707_c019_00063970_0.jpg,707,veri,18
VeRi/image_train/0071_c001_00069570_0.jpg,71,veri,0
VeRi/image_train/0071_c001_00069580_0.jpg,71,veri,0
VeRi/image_train/0071_c001_00069590_0.jpg,71,veri,0
VeRi/image_train/0071_c001_00069600_0.jpg,71,veri,0
VeRi/image_train/0071_c001_00069610_0.jpg,71,veri,0
VeRi/image_train/0071_c001_00069620_0.jpg,71,veri,0
VeRi/image_train/0071_c001_00083945_0.jpg,71,veri,0
VeRi/image_train/0071_c001_00083955_0.jpg,71,veri,0
VeRi/image_train/0071_c001_00083965_0.jpg,71,veri,0
VeRi/image_train/0071_c001_00083975_0.jpg,71,veri,0
VeRi/image_train/0071_c001_00084015_0.jpg,71,veri,0
VeRi/image_train/0071_c001_00084050_0.jpg,71,veri,0
VeRi/image_train/0071_c012_00067850_0.jpg,71,veri,11
VeRi/image_train/0071_c012_00067860_0.jpg,71,veri,11
VeRi/image_train/0071_c012_00067870_0.jpg,71,veri,11
VeRi/image_train/0071_c012_00067885_0.jpg,71,veri,11
VeRi/image_train/0071_c012_00067895_0.jpg,71,veri,11
VeRi/image_train/0071_c012_00067910_0.jpg,71,veri,11
VeRi/image_train/0071_c012_00084575_0.jpg,71,veri,11
VeRi/image_train/0071_c012_00084585_0.jpg,71,veri,11
VeRi/image_train/0071_c012_00084595_0.jpg,71,veri,11
VeRi/image_train/0071_c012_00084605_0.jpg,71,veri,11
VeRi/image_train/0071_c012_00084615_0.jpg,71,veri,11
VeRi/image_train/0071_c012_00084625_0.jpg,71,veri,11
VeRi/image_train/0071_c013_00067995_0.jpg,71,veri,12
VeRi/image_train/0071_c013_00068000_0.jpg,71,veri,12
VeRi/image_train/0071_c013_00068005_0.jpg,71,veri,12
VeRi/image_train/0071_c013_00068010_0.jpg,71,veri,12
VeRi/image_train/0071_c013_00068015_0.jpg,71,veri,12
VeRi/image_train/0071_c013_00068020_0.jpg,71,veri,12
VeRi/image_train/0071_c013_00084430_0.jpg,71,veri,12
VeRi/image_train/0071_c013_00084435_0.jpg,71,veri,12
VeRi/image_train/0071_c013_00084440_0.jpg,71,veri,12
VeRi/image_train/0071_c013_00084445_0.jpg,71,veri,12
VeRi/image_train/0071_c013_00084450_0.jpg,71,veri,12
VeRi/image_train/0071_c013_00084455_0.jpg,71,veri,12
VeRi/image_train/0071_c014_00065730_0.jpg,71,veri,13
VeRi/image_train/0071_c014_00065735_0.jpg,71,veri,13
VeRi/image_train/0071_c014_00065740_0.jpg,71,veri,13
VeRi/image_train/0071_c014_00065745_0.jpg,71,veri,13
VeRi/image_train/0071_c014_00065750_0.jpg,71,veri,13
VeRi/image_train/0071_c014_00065755_0.jpg,71,veri,13
VeRi/image_train/0071_c014_00087470_0.jpg,71,veri,13
VeRi/image_train/0071_c014_00087475_0.jpg,71,veri,13
VeRi/image_train/0071_c014_00087480_0.jpg,71,veri,13
VeRi/image_train/0071_c014_00087485_0.jpg,71,veri,13
VeRi/image_train/0071_c014_00087490_0.jpg,71,veri,13
VeRi/image_train/0071_c014_00087495_0.jpg,71,veri,13
VeRi/image_train/0071_c015_00065835_0.jpg,71,veri,14
VeRi/image_train/0071_c015_00065840_0.jpg,71,veri,14
VeRi/image_train/0071_c015_00065845_0.jpg,71,veri,14
VeRi/image_train/0071_c015_00065850_0.jpg,71,veri,14
VeRi/image_train/0071_c015_00065855_0.jpg,71,veri,14
VeRi/image_train/0071_c015_00065860_0.jpg,71,veri,14
VeRi/image_train/0071_c015_00087195_0.jpg,71,veri,14
VeRi/image_train/0071_c015_00087200_0.jpg,71,veri,14
VeRi/image_train/0071_c015_00087205_0.jpg,71,veri,14
VeRi/image_train/0071_c015_00087210_0.jpg,71,veri,14
VeRi/image_train/0071_c015_00087215_0.jpg,71,veri,14
VeRi/image_train/0071_c015_00087220_0.jpg,71,veri,14
VeRi/image_train/0071_c016_00065495_0.jpg,71,veri,15
VeRi/image_train/0071_c016_00065500_0.jpg,71,veri,15
VeRi/image_train/0071_c016_00065505_0.jpg,71,veri,15
VeRi/image_train/0071_c016_00065510_0.jpg,71,veri,15
VeRi/image_train/0071_c016_00065515_0.jpg,71,veri,15
VeRi/image_train/0071_c016_00065520_0.jpg,71,veri,15
VeRi/image_train/0071_c016_00087935_0.jpg,71,veri,15
VeRi/image_train/0071_c016_00087940_0.jpg,71,veri,15
VeRi/image_train/0071_c016_00087945_0.jpg,71,veri,15
VeRi/image_train/0071_c016_00087950_0.jpg,71,veri,15
VeRi/image_train/0071_c016_00087955_0.jpg,71,veri,15
VeRi/image_train/0071_c016_00087960_0.jpg,71,veri,15
VeRi/image_train/0071_c017_00067055_0.jpg,71,veri,16
VeRi/image_train/0071_c017_00067065_0.jpg,71,veri,16
VeRi/image_train/0071_c017_00067075_0.jpg,71,veri,16
VeRi/image_train/0071_c017_00067080_0.jpg,71,veri,16
VeRi/image_train/0071_c017_00067085_0.jpg,71,veri,16
VeRi/image_train/0071_c017_00067090_0.jpg,71,veri,16
VeRi/image_train/0071_c017_00085265_0.jpg,71,veri,16
VeRi/image_train/0071_c017_00085270_0.jpg,71,veri,16
VeRi/image_train/0071_c017_00085275_0.jpg,71,veri,16
VeRi/image_train/0071_c017_00085280_0.jpg,71,veri,16
VeRi/image_train/0071_c017_00085290_0.jpg,71,veri,16
VeRi/image_train/0071_c017_00085305_0.jpg,71,veri,16
VeRi/image_train/0071_c019_00066740_0.jpg,71,veri,18
VeRi/image_train/0071_c019_00066745_0.jpg,71,veri,18
VeRi/image_train/0071_c019_00066750_0.jpg,71,veri,18
VeRi/image_train/0071_c019_00066755_0.jpg,71,veri,18
VeRi/image_train/0071_c019_00066760_0.jpg,71,veri,18
VeRi/image_train/0071_c019_00066770_0.jpg,71,veri,18
VeRi/image_train/0071_c019_00085510_0.jpg,71,veri,18
VeRi/image_train/0071_c019_00085520_0.jpg,71,veri,18
VeRi/image_train/0071_c019_00085530_0.jpg,71,veri,18
VeRi/image_train/0071_c019_00085540_0.jpg,71,veri,18
VeRi/image_train/0071_c019_00085550_0.jpg,71,veri,18
VeRi/image_train/0071_c019_00085560_0.jpg,71,veri,18
VeRi/image_train/0714_c001_00042940_0.jpg,714,veri,0
VeRi/image_train/0714_c001_00042950_0.jpg,714,veri,0
VeRi/image_train/0714_c001_00042955_0.jpg,714,veri,0
VeRi/image_train/0714_c001_00042960_0.jpg,714,veri,0
VeRi/image_train/0714_c001_00042970_0.jpg,714,veri,0
VeRi/image_train/0714_c001_00042980_0.jpg,714,veri,0
VeRi/image_train/0714_c002_00041140_2.jpg,714,veri,1
VeRi/image_train/0714_c002_00041160_2.jpg,714,veri,1
VeRi/image_train/0714_c002_00041180_1.jpg,714,veri,1
VeRi/image_train/0714_c003_00040305_0.jpg,714,veri,2
VeRi/image_train/0714_c003_00040310_0.jpg,714,veri,2
VeRi/image_train/0714_c003_00040315_0.jpg,714,veri,2
VeRi/image_train/0714_c003_00040320_0.jpg,714,veri,2
VeRi/image_train/0714_c003_00040325_0.jpg,714,veri,2
VeRi/image_train/0714_c003_00040330_0.jpg,714,veri,2
VeRi/image_train/0714_c004_00040225_0.jpg,714,veri,3
VeRi/image_train/0714_c004_00040230_0.jpg,714,veri,3
VeRi/image_train/0714_c004_00040235_0.jpg,714,veri,3
VeRi/image_train/0714_c004_00040240_0.jpg,714,veri,3
VeRi/image_train/0714_c004_00040245_0.jpg,714,veri,3
VeRi/image_train/0714_c004_00040250_0.jpg,714,veri,3
VeRi/image_train/0714_c006_00040720_0.jpg,714,veri,5
VeRi/image_train/0714_c006_00040740_0.jpg,714,veri,5
VeRi/image_train/0714_c006_00040745_0.jpg,714,veri,5
VeRi/image_train/0714_c006_00040750_0.jpg,714,veri,5
VeRi/image_train/0714_c006_00040760_1.jpg,714,veri,5
VeRi/image_train/0714_c006_00040780_0.jpg,714,veri,5
VeRi/image_train/0714_c008_00040105_1.jpg,714,veri,7
VeRi/image_train/0714_c008_00040110_1.jpg,714,veri,7
VeRi/image_train/0714_c008_00040115_0.jpg,714,veri,7
VeRi/image_train/0714_c008_00040120_0.jpg,714,veri,7
VeRi/image_train/0714_c008_00040125_0.jpg,714,veri,7
VeRi/image_train/0714_c008_00040130_0.jpg,714,veri,7
VeRi/image_train/0714_c009_00040175_0.jpg,714,veri,8
VeRi/image_train/0714_c009_00040180_0.jpg,714,veri,8
VeRi/image_train/0714_c009_00040185_0.jpg,714,veri,8
VeRi/image_train/0714_c009_00040190_0.jpg,714,veri,8
VeRi/image_train/0714_c009_00040195_0.jpg,714,veri,8
VeRi/image_train/0714_c009_00040200_0.jpg,714,veri,8
VeRi/image_train/0714_c010_00040695_1.jpg,714,veri,9
VeRi/image_train/0714_c010_00040700_1.jpg,714,veri,9
VeRi/image_train/0714_c010_00040705_1.jpg,714,veri,9
VeRi/image_train/0714_c010_00040710_0.jpg,714,veri,9
VeRi/image_train/0714_c010_00040715_0.jpg,714,veri,9
VeRi/image_train/0714_c010_00040720_0.jpg,714,veri,9
VeRi/image_train/0714_c011_00040675_0.jpg,714,veri,10
VeRi/image_train/0714_c011_00040680_0.jpg,714,veri,10
VeRi/image_train/0714_c011_00040690_0.jpg,714,veri,10
VeRi/image_train/0714_c011_00040700_0.jpg,714,veri,10
VeRi/image_train/0714_c011_00040710_0.jpg,714,veri,10
VeRi/image_train/0714_c011_00040720_0.jpg,714,veri,10
VeRi/image_train/0714_c012_00043425_0.jpg,714,veri,11
VeRi/image_train/0714_c012_00043430_0.jpg,714,veri,11
VeRi/image_train/0714_c012_00043435_0.jpg,714,veri,11
VeRi/image_train/0714_c012_00043440_0.jpg,714,veri,11
VeRi/image_train/0714_c012_00043445_0.jpg,714,veri,11
VeRi/image_train/0714_c012_00043450_0.jpg,714,veri,11
VeRi/image_train/0714_c013_00043310_0.jpg,714,veri,12
VeRi/image_train/0714_c013_00043320_0.jpg,714,veri,12
VeRi/image_train/0714_c013_00043325_0.jpg,714,veri,12
VeRi/image_train/0714_c013_00043330_0.jpg,714,veri,12
VeRi/image_train/0714_c013_00043335_0.jpg,714,veri,12
VeRi/image_train/0714_c013_00043340_0.jpg,714,veri,12
VeRi/image_train/0714_c017_00044125_0.jpg,714,veri,16
VeRi/image_train/0714_c017_00044130_0.jpg,714,veri,16
VeRi/image_train/0714_c017_00044135_0.jpg,714,veri,16
VeRi/image_train/0714_c017_00044140_0.jpg,714,veri,16
VeRi/image_train/0714_c017_00044150_0.jpg,714,veri,16
VeRi/image_train/0714_c017_00044155_0.jpg,714,veri,16
VeRi/image_train/0714_c019_00044365_0.jpg,714,veri,18
VeRi/image_train/0714_c019_00044370_0.jpg,714,veri,18
VeRi/image_train/0714_c019_00044375_0.jpg,714,veri,18
VeRi/image_train/0714_c019_00044380_0.jpg,714,veri,18
VeRi/image_train/0714_c019_00044385_0.jpg,714,veri,18
VeRi/image_train/0714_c019_00044390_0.jpg,714,veri,18
VeRi/image_train/0718_c014_00036635_0.jpg,718,veri,13
VeRi/image_train/0718_c014_00036640_0.jpg,718,veri,13
VeRi/image_train/0718_c014_00036655_0.jpg,718,veri,13
VeRi/image_train/0718_c014_00036660_0.jpg,718,veri,13
VeRi/image_train/0718_c014_00036665_0.jpg,718,veri,13
VeRi/image_train/0718_c014_00036670_0.jpg,718,veri,13
VeRi/image_train/0718_c015_00036640_0.jpg,718,veri,14
VeRi/image_train/0718_c015_00036645_0.jpg,718,veri,14
VeRi/image_train/0718_c015_00036650_0.jpg,718,veri,14
VeRi/image_train/0718_c015_00036655_0.jpg,718,veri,14
VeRi/image_train/0718_c015_00036660_0.jpg,718,veri,14
VeRi/image_train/0718_c015_00036665_0.jpg,718,veri,14
VeRi/image_train/0718_c016_00036440_0.jpg,718,veri,15
VeRi/image_train/0718_c016_00036445_0.jpg,718,veri,15
VeRi/image_train/0718_c016_00036450_0.jpg,718,veri,15
VeRi/image_train/0718_c016_00036455_0.jpg,718,veri,15
VeRi/image_train/0718_c017_00037595_0.jpg,718,veri,16
VeRi/image_train/0718_c017_00037615_0.jpg,718,veri,16
VeRi/image_train/0718_c017_00037635_0.jpg,718,veri,16
VeRi/image_train/0718_c017_00037645_0.jpg,718,veri,16
VeRi/image_train/0718_c017_00037650_0.jpg,718,veri,16
VeRi/image_train/0718_c017_00037655_0.jpg,718,veri,16
VeRi/image_train/0718_c019_00037405_1.jpg,718,veri,18
VeRi/image_train/0718_c019_00037410_1.jpg,718,veri,18
VeRi/image_train/0718_c019_00037415_0.jpg,718,veri,18
VeRi/image_train/0718_c019_00037420_0.jpg,718,veri,18
VeRi/image_train/0718_c019_00037430_0.jpg,718,veri,18
VeRi/image_train/0718_c019_00037440_0.jpg,718,veri,18
VeRi/image_train/0722_c001_00068935_1.jpg,722,veri,0
VeRi/image_train/0722_c001_00068940_0.jpg,722,veri,0
VeRi/image_train/0722_c001_00068945_0.jpg,722,veri,0
VeRi/image_train/0722_c001_00068950_0.jpg,722,veri,0
VeRi/image_train/0722_c001_00068955_0.jpg,722,veri,0
VeRi/image_train/0722_c001_00068960_0.jpg,722,veri,0
VeRi/image_train/0722_c002_00067605_1.jpg,722,veri,1
VeRi/image_train/0722_c002_00067625_1.jpg,722,veri,1
VeRi/image_train/0722_c002_00067635_0.jpg,722,veri,1
VeRi/image_train/0722_c002_00067650_0.jpg,722,veri,1
VeRi/image_train/0722_c002_00067680_0.jpg,722,veri,1
VeRi/image_train/0722_c002_00067705_0.jpg,722,veri,1
VeRi/image_train/0722_c003_00065020_0.jpg,722,veri,2
VeRi/image_train/0722_c003_00065030_0.jpg,722,veri,2
VeRi/image_train/0722_c003_00065040_0.jpg,722,veri,2
VeRi/image_train/0722_c003_00065050_0.jpg,722,veri,2
VeRi/image_train/0722_c003_00065055_0.jpg,722,veri,2
VeRi/image_train/0722_c003_00065060_0.jpg,722,veri,2
VeRi/image_train/0722_c004_00064920_0.jpg,722,veri,3
VeRi/image_train/0722_c004_00064925_0.jpg,722,veri,3
VeRi/image_train/0722_c004_00064930_0.jpg,722,veri,3
VeRi/image_train/0722_c004_00064935_0.jpg,722,veri,3
VeRi/image_train/0722_c004_00064940_0.jpg,722,veri,3
VeRi/image_train/0722_c004_00064945_0.jpg,722,veri,3
VeRi/image_train/0722_c006_00066450_1.jpg,722,veri,5
VeRi/image_train/0722_c006_00066480_1.jpg,722,veri,5
VeRi/image_train/0722_c006_00066505_0.jpg,722,veri,5
VeRi/image_train/0722_c006_00066525_1.jpg,722,veri,5
VeRi/image_train/0722_c006_00066600_0.jpg,722,veri,5
VeRi/image_train/0722_c008_00064715_0.jpg,722,veri,7
VeRi/image_train/0722_c008_00064720_0.jpg,722,veri,7
VeRi/image_train/0722_c008_00064725_0.jpg,722,veri,7
VeRi/image_train/0722_c008_00064730_0.jpg,722,veri,7
VeRi/image_train/0722_c008_00064735_0.jpg,722,veri,7
VeRi/image_train/0722_c008_00064740_0.jpg,722,veri,7
VeRi/image_train/0722_c009_00064825_0.jpg,722,veri,8
VeRi/image_train/0722_c009_00064830_0.jpg,722,veri,8
VeRi/image_train/0722_c009_00064835_0.jpg,722,veri,8
VeRi/image_train/0722_c009_00064840_0.jpg,722,veri,8
VeRi/image_train/0722_c009_00064845_0.jpg,722,veri,8
VeRi/image_train/0722_c009_00064850_0.jpg,722,veri,8
VeRi/image_train/0722_c010_00065960_0.jpg,722,veri,9
VeRi/image_train/0722_c010_00065965_0.jpg,722,veri,9
VeRi/image_train/0722_c010_00065970_0.jpg,722,veri,9
VeRi/image_train/0722_c010_00065975_0.jpg,722,veri,9
VeRi/image_train/0722_c010_00065980_0.jpg,722,veri,9
VeRi/image_train/0722_c010_00065985_0.jpg,722,veri,9
VeRi/image_train/0722_c011_00066460_0.jpg,722,veri,10
VeRi/image_train/0722_c011_00066470_1.jpg,722,veri,10
VeRi/image_train/0722_c011_00066480_1.jpg,722,veri,10
VeRi/image_train/0722_c011_00066495_1.jpg,722,veri,10
VeRi/image_train/0722_c011_00066510_2.jpg,722,veri,10
VeRi/image_train/0722_c011_00066530_0.jpg,722,veri,10
VeRi/image_train/0722_c012_00069825_0.jpg,722,veri,11
VeRi/image_train/0722_c012_00069835_0.jpg,722,veri,11
VeRi/image_train/0722_c012_00069840_0.jpg,722,veri,11
VeRi/image_train/0722_c012_00069850_0.jpg,722,veri,11
VeRi/image_train/0722_c012_00069855_0.jpg,722,veri,11
VeRi/image_train/0722_c012_00069865_0.jpg,722,veri,11
VeRi/image_train/0722_c013_00069620_0.jpg,722,veri,12
VeRi/image_train/0722_c013_00069625_0.jpg,722,veri,12
VeRi/image_train/0722_c013_00069630_0.jpg,722,veri,12
VeRi/image_train/0722_c013_00069635_0.jpg,722,veri,12
VeRi/image_train/0722_c013_00069640_0.jpg,722,veri,12
VeRi/image_train/0722_c013_00069645_0.jpg,722,veri,12
VeRi/image_train/0722_c014_00071570_0.jpg,722,veri,13
VeRi/image_train/0722_c014_00071575_0.jpg,722,veri,13
VeRi/image_train/0722_c014_00071580_0.jpg,722,veri,13
VeRi/image_train/0722_c014_00071585_0.jpg,722,veri,13
VeRi/image_train/0722_c014_00071590_0.jpg,722,veri,13
VeRi/image_train/0722_c014_00071595_0.jpg,722,veri,13
VeRi/image_train/0722_c015_00071340_0.jpg,722,veri,14
VeRi/image_train/0722_c015_00071350_0.jpg,722,veri,14
VeRi/image_train/0722_c015_00071355_0.jpg,722,veri,14
VeRi/image_train/0722_c015_00071360_0.jpg,722,veri,14
VeRi/image_train/0722_c015_00071365_0.jpg,722,veri,14
VeRi/image_train/0722_c015_00071370_0.jpg,722,veri,14
VeRi/image_train/0722_c016_00071855_0.jpg,722,veri,15
VeRi/image_train/0722_c016_00071860_0.jpg,722,veri,15
VeRi/image_train/0722_c016_00071865_0.jpg,722,veri,15
VeRi/image_train/0722_c016_00071870_0.jpg,722,veri,15
VeRi/image_train/0722_c016_00071875_0.jpg,722,veri,15
VeRi/image_train/0722_c016_00071880_0.jpg,722,veri,15
VeRi/image_train/0722_c017_00070460_0.jpg,722,veri,16
VeRi/image_train/0722_c017_00070465_0.jpg,722,veri,16
VeRi/image_train/0722_c017_00070475_0.jpg,722,veri,16
VeRi/image_train/0722_c017_00070480_0.jpg,722,veri,16
VeRi/image_train/0722_c017_00070485_0.jpg,722,veri,16
VeRi/image_train/0722_c017_00070500_0.jpg,722,veri,16
VeRi/image_train/0722_c019_00070695_0.jpg,722,veri,18
VeRi/image_train/0722_c019_00070700_0.jpg,722,veri,18
VeRi/image_train/0722_c019_00070705_0.jpg,722,veri,18
VeRi/image_train/0722_c019_00070710_0.jpg,722,veri,18
VeRi/image_train/0722_c019_00070730_0.jpg,722,veri,18
VeRi/image_train/0722_c019_00070740_0.jpg,722,veri,18
VeRi/image_train/0724_c001_00041240_0.jpg,724,veri,0
VeRi/image_train/0724_c001_00041255_0.jpg,724,veri,0
VeRi/image_train/0724_c001_00041265_0.jpg,724,veri,0
VeRi/image_train/0724_c001_00041275_0.jpg,724,veri,0
VeRi/image_train/0724_c001_00041285_0.jpg,724,veri,0
VeRi/image_train/0724_c001_00041295_0.jpg,724,veri,0
VeRi/image_train/0724_c002_00047560_0.jpg,724,veri,1
VeRi/image_train/0724_c002_00047570_0.jpg,724,veri,1
VeRi/image_train/0724_c002_00047580_0.jpg,724,veri,1
VeRi/image_train/0724_c002_00047590_0.jpg,724,veri,1
VeRi/image_train/0724_c002_00047625_0.jpg,724,veri,1
VeRi/image_train/0724_c002_00047675_0.jpg,724,veri,1
VeRi/image_train/0724_c012_00040915_0.jpg,724,veri,11
VeRi/image_train/0724_c012_00040920_0.jpg,724,veri,11
VeRi/image_train/0724_c012_00040925_0.jpg,724,veri,11
VeRi/image_train/0724_c012_00040930_0.jpg,724,veri,11
VeRi/image_train/0724_c012_00040935_0.jpg,724,veri,11
VeRi/image_train/0724_c012_00040940_0.jpg,724,veri,11
VeRi/image_train/0724_c013_00040985_1.jpg,724,veri,12
VeRi/image_train/0724_c013_00040995_1.jpg,724,veri,12
VeRi/image_train/0724_c013_00041005_1.jpg,724,veri,12
VeRi/image_train/0724_c013_00041015_1.jpg,724,veri,12
VeRi/image_train/0724_c013_00041025_1.jpg,724,veri,12
VeRi/image_train/0724_c013_00041035_1.jpg,724,veri,12
VeRi/image_train/0724_c014_00039445_0.jpg,724,veri,13
VeRi/image_train/0724_c014_00039450_0.jpg,724,veri,13
VeRi/image_train/0724_c014_00039455_0.jpg,724,veri,13
VeRi/image_train/0724_c014_00039460_0.jpg,724,veri,13
VeRi/image_train/0724_c014_00039465_0.jpg,724,veri,13
VeRi/image_train/0724_c014_00039470_0.jpg,724,veri,13
VeRi/image_train/0724_c015_00039440_0.jpg,724,veri,14
VeRi/image_train/0724_c015_00039445_0.jpg,724,veri,14
VeRi/image_train/0724_c015_00039450_0.jpg,724,veri,14
VeRi/image_train/0724_c015_00039455_0.jpg,724,veri,14
VeRi/image_train/0724_c015_00039470_0.jpg,724,veri,14
VeRi/image_train/0724_c016_00039240_0.jpg,724,veri,15
VeRi/image_train/0724_c016_00039245_0.jpg,724,veri,15
VeRi/image_train/0724_c016_00039250_0.jpg,724,veri,15
VeRi/image_train/0724_c016_00039255_0.jpg,724,veri,15
VeRi/image_train/0724_c016_00039260_0.jpg,724,veri,15
VeRi/image_train/0724_c016_00039265_0.jpg,724,veri,15
VeRi/image_train/0724_c017_00040310_0.jpg,724,veri,16
VeRi/image_train/0724_c017_00040325_0.jpg,724,veri,16
VeRi/image_train/0724_c017_00040340_0.jpg,724,veri,16
VeRi/image_train/0724_c017_00040350_0.jpg,724,veri,16
VeRi/image_train/0724_c017_00040360_0.jpg,724,veri,16
VeRi/image_train/0724_c017_00040370_0.jpg,724,veri,16
VeRi/image_train/0724_c019_00040110_0.jpg,724,veri,18
VeRi/image_train/0724_c019_00040115_0.jpg,724,veri,18
VeRi/image_train/0724_c019_00040120_0.jpg,724,veri,18
VeRi/image_train/0724_c019_00040130_0.jpg,724,veri,18
VeRi/image_train/0724_c019_00040135_0.jpg,724,veri,18
VeRi/image_train/0724_c019_00040140_0.jpg,724,veri,18
VeRi/image_train/0730_c014_00022320_1.jpg,730,veri,13
VeRi/image_train/0730_c014_00022325_1.jpg,730,veri,13
VeRi/image_train/0730_c014_00022340_0.jpg,730,veri,13
VeRi/image_train/0730_c014_00022345_1.jpg,730,veri,13
VeRi/image_train/0730_c014_00022350_1.jpg,730,veri,13
VeRi/image_train/0730_c014_00022355_1.jpg,730,veri,13
VeRi/image_train/0730_c014_00039385_1.jpg,730,veri,13
VeRi/image_train/0730_c014_00039390_0.jpg,730,veri,13
VeRi/image_train/0730_c014_00039395_0.jpg,730,veri,13
VeRi/image_train/0730_c014_00039400_0.jpg,730,veri,13
VeRi/image_train/0730_c014_00039405_0.jpg,730,veri,13
VeRi/image_train/0730_c014_00039410_0.jpg,730,veri,13
VeRi/image_train/0730_c014_00051850_0.jpg,730,veri,13
VeRi/image_train/0730_c014_00051855_0.jpg,730,veri,13
VeRi/image_train/0730_c014_00051860_0.jpg,730,veri,13
VeRi/image_train/0730_c014_00051865_0.jpg,730,veri,13
VeRi/image_train/0730_c014_00051870_0.jpg,730,veri,13
VeRi/image_train/0730_c014_00051875_0.jpg,730,veri,13
VeRi/image_train/0730_c015_00022120_0.jpg,730,veri,14
VeRi/image_train/0730_c015_00022125_0.jpg,730,veri,14
VeRi/image_train/0730_c015_00022130_0.jpg,730,veri,14
VeRi/image_train/0730_c015_00022155_0.jpg,730,veri,14
VeRi/image_train/0730_c015_00022175_0.jpg,730,veri,14
VeRi/image_train/0730_c015_00022180_0.jpg,730,veri,14
VeRi/image_train/0730_c015_00039425_0.jpg,730,veri,14
VeRi/image_train/0730_c015_00039430_0.jpg,730,veri,14
VeRi/image_train/0730_c015_00039435_0.jpg,730,veri,14
VeRi/image_train/0730_c015_00039450_1.jpg,730,veri,14
VeRi/image_train/0730_c015_00039460_0.jpg,730,veri,14
VeRi/image_train/0730_c015_00039465_0.jpg,730,veri,14
VeRi/image_train/0730_c015_00051620_0.jpg,730,veri,14
VeRi/image_train/0730_c015_00051625_0.jpg,730,veri,14
VeRi/image_train/0730_c015_00051630_0.jpg,730,veri,14
VeRi/image_train/0730_c015_00051635_0.jpg,730,veri,14
VeRi/image_train/0730_c015_00051640_0.jpg,730,veri,14
VeRi/image_train/0730_c015_00051645_0.jpg,730,veri,14
VeRi/image_train/0730_c016_00023695_0.jpg,730,veri,15
VeRi/image_train/0730_c016_00023715_0.jpg,730,veri,15
VeRi/image_train/0730_c016_00023720_0.jpg,730,veri,15
VeRi/image_train/0730_c016_00039120_0.jpg,730,veri,15
VeRi/image_train/0730_c016_00039125_0.jpg,730,veri,15
VeRi/image_train/0730_c016_00039130_0.jpg,730,veri,15
VeRi/image_train/0730_c016_00039140_1.jpg,730,veri,15
VeRi/image_train/0730_c016_00039145_1.jpg,730,veri,15
VeRi/image_train/0730_c016_00052845_0.jpg,730,veri,15
VeRi/image_train/0730_c016_00052850_0.jpg,730,veri,15
VeRi/image_train/0730_c016_00052855_0.jpg,730,veri,15
VeRi/image_train/0730_c016_00052860_0.jpg,730,veri,15
VeRi/image_train/0730_c016_00052865_0.jpg,730,veri,15
VeRi/image_train/0730_c016_00052870_0.jpg,730,veri,15
VeRi/image_train/0730_c017_00020350_1.jpg,730,veri,16
VeRi/image_train/0730_c017_00020360_1.jpg,730,veri,16
VeRi/image_train/0730_c017_00020375_1.jpg,730,veri,16
VeRi/image_train/0730_c017_00020390_1.jpg,730,veri,16
VeRi/image_train/0730_c017_00020410_1.jpg,730,veri,16
VeRi/image_train/0730_c017_00020440_1.jpg,730,veri,16
VeRi/image_train/0730_c017_00021120_0.jpg,730,veri,16
VeRi/image_train/0730_c017_00021135_0.jpg,730,veri,16
VeRi/image_train/0730_c017_00021150_0.jpg,730,veri,16
VeRi/image_train/0730_c017_00021165_0.jpg,730,veri,16
VeRi/image_train/0730_c017_00021185_0.jpg,730,veri,16
VeRi/image_train/0730_c017_00021215_1.jpg,730,veri,16
VeRi/image_train/0730_c017_00050110_0.jpg,730,veri,16
VeRi/image_train/0730_c017_00050120_0.jpg,730,veri,16
VeRi/image_train/0730_c017_00050130_0.jpg,730,veri,16
VeRi/image_train/0730_c017_00050145_0.jpg,730,veri,16
VeRi/image_train/0730_c017_00050165_0.jpg,730,veri,16
VeRi/image_train/0730_c017_00050180_0.jpg,730,veri,16
VeRi/image_train/0730_c017_00050525_0.jpg,730,veri,16
VeRi/image_train/0730_c017_00050530_0.jpg,730,veri,16
VeRi/image_train/0730_c017_00050535_0.jpg,730,veri,16
VeRi/image_train/0730_c017_00050540_0.jpg,730,veri,16
VeRi/image_train/0730_c017_00050560_0.jpg,730,veri,16
VeRi/image_train/0730_c017_00050605_0.jpg,730,veri,16
VeRi/image_train/0730_c019_00020220_0.jpg,730,veri,18
VeRi/image_train/0730_c019_00020225_0.jpg,730,veri,18
VeRi/image_train/0730_c019_00020235_0.jpg,730,veri,18
VeRi/image_train/0730_c019_00020240_0.jpg,730,veri,18
VeRi/image_train/0730_c019_00020245_0.jpg,730,veri,18
VeRi/image_train/0730_c019_00020250_0.jpg,730,veri,18
VeRi/image_train/0730_c019_00021435_0.jpg,730,veri,18
VeRi/image_train/0730_c019_00021440_0.jpg,730,veri,18
VeRi/image_train/0730_c019_00021445_0.jpg,730,veri,18
VeRi/image_train/0730_c019_00021470_0.jpg,730,veri,18
VeRi/image_train/0730_c019_00021475_0.jpg,730,veri,18
VeRi/image_train/0730_c019_00021485_0.jpg,730,veri,18
VeRi/image_train/0730_c019_00049885_0.jpg,730,veri,18
VeRi/image_train/0730_c019_00049890_0.jpg,730,veri,18
VeRi/image_train/0730_c019_00049895_0.jpg,730,veri,18
VeRi/image_train/0730_c019_00049900_0.jpg,730,veri,18
VeRi/image_train/0730_c019_00049905_0.jpg,730,veri,18
VeRi/image_train/0730_c019_00049910_0.jpg,730,veri,18
VeRi/image_train/0730_c019_00050870_0.jpg,730,veri,18
VeRi/image_train/0730_c019_00050875_0.jpg,730,veri,18
VeRi/image_train/0730_c019_00050880_0.jpg,730,veri,18
VeRi/image_train/0730_c019_00050885_0.jpg,730,veri,18
VeRi/image_train/0730_c019_00050910_0.jpg,730,veri,18
VeRi/image_train/0730_c019_00050920_0.jpg,730,veri,18
VeRi/image_train/0730_c020_00040085_0.jpg,730,veri,19
VeRi/image_train/0730_c020_00040090_0.jpg,730,veri,19
VeRi/image_train/0730_c020_00040095_0.jpg,730,veri,19
VeRi/image_train/0730_c020_00040125_0.jpg,730,veri,19
VeRi/image_train/0730_c020_00049140_0.jpg,730,veri,19
VeRi/image_train/0730_c020_00049145_0.jpg,730,veri,19
VeRi/image_train/0730_c020_00049150_0.jpg,730,veri,19
VeRi/image_train/0730_c020_00049155_0.jpg,730,veri,19
VeRi/image_train/0730_c020_00049160_0.jpg,730,veri,19
VeRi/image_train/0730_c020_00049165_0.jpg,730,veri,19
VeRi/image_train/0731_c001_00027085_0.jpg,731,veri,0
VeRi/image_train/0731_c001_00027095_0.jpg,731,veri,0
VeRi/image_train/0731_c001_00027105_0.jpg,731,veri,0
VeRi/image_train/0731_c001_00027115_0.jpg,731,veri,0
VeRi/image_train/0731_c001_00027125_0.jpg,731,veri,0
VeRi/image_train/0731_c001_00027135_0.jpg,731,veri,0
VeRi/image_train/0731_c012_00027470_0.jpg,731,veri,11
VeRi/image_train/0731_c012_00027475_0.jpg,731,veri,11
VeRi/image_train/0731_c012_00027480_0.jpg,731,veri,11
VeRi/image_train/0731_c012_00027485_0.jpg,731,veri,11
VeRi/image_train/0731_c012_00027490_0.jpg,731,veri,11
VeRi/image_train/0731_c012_00027495_0.jpg,731,veri,11
VeRi/image_train/0731_c013_00027340_0.jpg,731,veri,12
VeRi/image_train/0731_c013_00027345_0.jpg,731,veri,12
VeRi/image_train/0731_c013_00027355_0.jpg,731,veri,12
VeRi/image_train/0731_c013_00027365_0.jpg,731,veri,12
VeRi/image_train/0731_c013_00027375_0.jpg,731,veri,12
VeRi/image_train/0731_c014_00029215_0.jpg,731,veri,13
VeRi/image_train/0731_c014_00029225_0.jpg,731,veri,13
VeRi/image_train/0731_c014_00029230_0.jpg,731,veri,13
VeRi/image_train/0731_c014_00029235_0.jpg,731,veri,13
VeRi/image_train/0731_c014_00029240_0.jpg,731,veri,13
VeRi/image_train/0731_c014_00029245_0.jpg,731,veri,13
VeRi/image_train/0731_c015_00029080_0.jpg,731,veri,14
VeRi/image_train/0731_c015_00029085_0.jpg,731,veri,14
VeRi/image_train/0731_c015_00029090_0.jpg,731,veri,14
VeRi/image_train/0731_c015_00029095_0.jpg,731,veri,14
VeRi/image_train/0731_c015_00029100_0.jpg,731,veri,14
VeRi/image_train/0731_c015_00029105_0.jpg,731,veri,14
VeRi/image_train/0731_c016_00029380_0.jpg,731,veri,15
VeRi/image_train/0731_c016_00029385_0.jpg,731,veri,15
VeRi/image_train/0731_c016_00029390_0.jpg,731,veri,15
VeRi/image_train/0731_c016_00029395_0.jpg,731,veri,15
VeRi/image_train/0731_c017_00028235_0.jpg,731,veri,16
VeRi/image_train/0731_c017_00028240_0.jpg,731,veri,16
VeRi/image_train/0731_c017_00028245_0.jpg,731,veri,16
VeRi/image_train/0731_c017_00028250_1.jpg,731,veri,16
VeRi/image_train/0731_c017_00028255_0.jpg,731,veri,16
VeRi/image_train/0731_c017_00028270_0.jpg,731,veri,16
VeRi/image_train/0731_c019_00028505_0.jpg,731,veri,18
VeRi/image_train/0731_c019_00028510_0.jpg,731,veri,18
VeRi/image_train/0731_c019_00028515_0.jpg,731,veri,18
VeRi/image_train/0731_c019_00028520_0.jpg,731,veri,18
VeRi/image_train/0731_c019_00028525_0.jpg,731,veri,18
VeRi/image_train/0731_c019_00028535_0.jpg,731,veri,18
VeRi/image_train/0735_c003_00057765_2.jpg,735,veri,2
VeRi/image_train/0735_c003_00057835_1.jpg,735,veri,2
VeRi/image_train/0735_c003_00057840_1.jpg,735,veri,2
VeRi/image_train/0735_c003_00057850_1.jpg,735,veri,2
VeRi/image_train/0735_c003_00057855_0.jpg,735,veri,2
VeRi/image_train/0735_c003_00057865_0.jpg,735,veri,2
VeRi/image_train/0735_c004_00057695_0.jpg,735,veri,3
VeRi/image_train/0735_c004_00057700_0.jpg,735,veri,3
VeRi/image_train/0735_c005_00058885_1.jpg,735,veri,4
VeRi/image_train/0735_c005_00058900_0.jpg,735,veri,4
VeRi/image_train/0735_c005_00058910_0.jpg,735,veri,4
VeRi/image_train/0735_c005_00058930_0.jpg,735,veri,4
VeRi/image_train/0735_c005_00058945_0.jpg,735,veri,4
VeRi/image_train/0735_c005_00058960_0.jpg,735,veri,4
VeRi/image_train/0735_c007_00059010_0.jpg,735,veri,6
VeRi/image_train/0735_c007_00059015_0.jpg,735,veri,6
VeRi/image_train/0735_c007_00059025_0.jpg,735,veri,6
VeRi/image_train/0735_c007_00059035_0.jpg,735,veri,6
VeRi/image_train/0735_c007_00059040_0.jpg,735,veri,6
VeRi/image_train/0735_c007_00059045_0.jpg,735,veri,6
VeRi/image_train/0735_c008_00058040_0.jpg,735,veri,7
VeRi/image_train/0735_c008_00058045_0.jpg,735,veri,7
VeRi/image_train/0735_c008_00058050_0.jpg,735,veri,7
VeRi/image_train/0735_c008_00058055_0.jpg,735,veri,7
VeRi/image_train/0735_c008_00058060_0.jpg,735,veri,7
VeRi/image_train/0735_c008_00058065_1.jpg,735,veri,7
VeRi/image_train/0735_c009_00057980_0.jpg,735,veri,8
VeRi/image_train/0735_c009_00057990_0.jpg,735,veri,8
VeRi/image_train/0735_c009_00057995_0.jpg,735,veri,8
VeRi/image_train/0735_c009_00058000_0.jpg,735,veri,8
VeRi/image_train/0735_c009_00058005_0.jpg,735,veri,8
VeRi/image_train/0735_c014_00064260_0.jpg,735,veri,13
VeRi/image_train/0735_c014_00064270_0.jpg,735,veri,13
VeRi/image_train/0735_c014_00064275_0.jpg,735,veri,13
VeRi/image_train/0735_c014_00064280_0.jpg,735,veri,13
VeRi/image_train/0735_c014_00064285_0.jpg,735,veri,13
VeRi/image_train/0735_c014_00064295_0.jpg,735,veri,13
VeRi/image_train/0735_c014_00068000_1.jpg,735,veri,13
VeRi/image_train/0735_c014_00068005_1.jpg,735,veri,13
VeRi/image_train/0735_c014_00068010_1.jpg,735,veri,13
VeRi/image_train/0735_c014_00068015_1.jpg,735,veri,13
VeRi/image_train/0735_c014_00068020_0.jpg,735,veri,13
VeRi/image_train/0735_c014_00068025_0.jpg,735,veri,13
VeRi/image_train/0735_c015_00064260_0.jpg,735,veri,14
VeRi/image_train/0735_c015_00064265_0.jpg,735,veri,14
VeRi/image_train/0735_c015_00064270_0.jpg,735,veri,14
VeRi/image_train/0735_c015_00064275_0.jpg,735,veri,14
VeRi/image_train/0735_c015_00064280_0.jpg,735,veri,14
VeRi/image_train/0735_c015_00064285_0.jpg,735,veri,14
VeRi/image_train/0735_c015_00067780_1.jpg,735,veri,14
VeRi/image_train/0735_c015_00067785_1.jpg,735,veri,14
VeRi/image_train/0735_c015_00067790_1.jpg,735,veri,14
VeRi/image_train/0735_c015_00067800_0.jpg,735,veri,14
VeRi/image_train/0735_c015_00067810_0.jpg,735,veri,14
VeRi/image_train/0735_c015_00067815_0.jpg,735,veri,14
VeRi/image_train/0735_c016_00064100_0.jpg,735,veri,15
VeRi/image_train/0735_c016_00064105_0.jpg,735,veri,15
VeRi/image_train/0735_c016_00064110_0.jpg,735,veri,15
VeRi/image_train/0735_c016_00064115_0.jpg,735,veri,15
VeRi/image_train/0735_c016_00064120_0.jpg,735,veri,15
VeRi/image_train/0735_c016_00064125_0.jpg,735,veri,15
VeRi/image_train/0735_c016_00068290_0.jpg,735,veri,15
VeRi/image_train/0735_c016_00068295_1.jpg,735,veri,15
VeRi/image_train/0735_c016_00068300_2.jpg,735,veri,15
VeRi/image_train/0735_c017_00066780_0.jpg,735,veri,16
VeRi/image_train/0735_c017_00066790_0.jpg,735,veri,16
VeRi/image_train/0735_c017_00066800_0.jpg,735,veri,16
VeRi/image_train/0735_c017_00066810_0.jpg,735,veri,16
VeRi/image_train/0735_c017_00066830_0.jpg,735,veri,16
VeRi/image_train/0735_c017_00066840_0.jpg,735,veri,16
VeRi/image_train/0735_c019_00064980_0.jpg,735,veri,18
VeRi/image_train/0735_c019_00064985_0.jpg,735,veri,18
VeRi/image_train/0735_c019_00064995_0.jpg,735,veri,18
VeRi/image_train/0735_c019_00065005_0.jpg,735,veri,18
VeRi/image_train/0735_c019_00065015_0.jpg,735,veri,18
VeRi/image_train/0735_c019_00065025_0.jpg,735,veri,18
VeRi/image_train/0735_c019_00067055_0.jpg,735,veri,18
VeRi/image_train/0735_c019_00067060_0.jpg,735,veri,18
VeRi/image_train/0735_c019_00067065_1.jpg,735,veri,18
VeRi/image_train/0735_c019_00067075_0.jpg,735,veri,18
VeRi/image_train/0735_c019_00067080_0.jpg,735,veri,18
VeRi/image_train/0735_c019_00067095_0.jpg,735,veri,18
VeRi/image_train/0736_c002_00023245_0.jpg,736,veri,1
VeRi/image_train/0736_c002_00023255_0.jpg,736,veri,1
VeRi/image_train/0736_c002_00023265_0.jpg,736,veri,1
VeRi/image_train/0736_c002_00023275_0.jpg,736,veri,1
VeRi/image_train/0736_c002_00023285_0.jpg,736,veri,1
VeRi/image_train/0736_c002_00023295_0.jpg,736,veri,1
VeRi/image_train/0736_c003_00025000_0.jpg,736,veri,2
VeRi/image_train/0736_c003_00025010_0.jpg,736,veri,2
VeRi/image_train/0736_c003_00025020_0.jpg,736,veri,2
VeRi/image_train/0736_c003_00025030_0.jpg,736,veri,2
VeRi/image_train/0736_c003_00025040_0.jpg,736,veri,2
VeRi/image_train/0736_c003_00025050_0.jpg,736,veri,2
VeRi/image_train/0736_c004_00024965_1.jpg,736,veri,3
VeRi/image_train/0736_c004_00024980_1.jpg,736,veri,3
VeRi/image_train/0736_c004_00024985_1.jpg,736,veri,3
VeRi/image_train/0736_c004_00024990_1.jpg,736,veri,3
VeRi/image_train/0736_c004_00024995_1.jpg,736,veri,3
VeRi/image_train/0736_c004_00025025_0.jpg,736,veri,3
VeRi/image_train/0736_c005_00025985_0.jpg,736,veri,4
VeRi/image_train/0736_c005_00026000_0.jpg,736,veri,4
VeRi/image_train/0736_c005_00026015_0.jpg,736,veri,4
VeRi/image_train/0736_c005_00026030_0.jpg,736,veri,4
VeRi/image_train/0736_c005_00026050_0.jpg,736,veri,4
VeRi/image_train/0736_c005_00026065_0.jpg,736,veri,4
VeRi/image_train/0736_c006_00024300_3.jpg,736,veri,5
VeRi/image_train/0736_c006_00024320_2.jpg,736,veri,5
VeRi/image_train/0736_c006_00024340_1.jpg,736,veri,5
VeRi/image_train/0736_c006_00024375_1.jpg,736,veri,5
VeRi/image_train/0736_c006_00024395_0.jpg,736,veri,5
VeRi/image_train/0736_c006_00024405_0.jpg,736,veri,5
VeRi/image_train/0736_c007_00026100_0.jpg,736,veri,6
VeRi/image_train/0736_c007_00026105_0.jpg,736,veri,6
VeRi/image_train/0736_c007_00026110_0.jpg,736,veri,6
VeRi/image_train/0736_c007_00026115_0.jpg,736,veri,6
VeRi/image_train/0736_c007_00026125_0.jpg,736,veri,6
VeRi/image_train/0736_c007_00026130_0.jpg,736,veri,6
VeRi/image_train/0736_c008_00025425_0.jpg,736,veri,7
VeRi/image_train/0736_c008_00025435_0.jpg,736,veri,7
VeRi/image_train/0736_c008_00025445_0.jpg,736,veri,7
VeRi/image_train/0736_c008_00025455_0.jpg,736,veri,7
VeRi/image_train/0736_c010_00024510_0.jpg,736,veri,9
VeRi/image_train/0736_c010_00024515_0.jpg,736,veri,9
VeRi/image_train/0736_c010_00024520_0.jpg,736,veri,9
VeRi/image_train/0736_c010_00024525_0.jpg,736,veri,9
VeRi/image_train/0736_c010_00024530_0.jpg,736,veri,9
VeRi/image_train/0736_c010_00024535_0.jpg,736,veri,9
VeRi/image_train/0736_c011_00024295_1.jpg,736,veri,10
VeRi/image_train/0736_c011_00024305_0.jpg,736,veri,10
VeRi/image_train/0736_c011_00024315_0.jpg,736,veri,10
VeRi/image_train/0736_c011_00024325_0.jpg,736,veri,10
VeRi/image_train/0736_c011_00024335_0.jpg,736,veri,10
VeRi/image_train/0736_c011_00024345_0.jpg,736,veri,10
VeRi/image_train/0740_c001_00079200_1.jpg,740,veri,0
VeRi/image_train/0740_c001_00079215_0.jpg,740,veri,0
VeRi/image_train/0740_c001_00079235_0.jpg,740,veri,0
VeRi/image_train/0740_c001_00079240_0.jpg,740,veri,0
VeRi/image_train/0740_c001_00079245_0.jpg,740,veri,0
VeRi/image_train/0740_c001_00079250_0.jpg,740,veri,0
VeRi/image_train/0740_c012_00078450_1.jpg,740,veri,11
VeRi/image_train/0740_c012_00078455_1.jpg,740,veri,11
VeRi/image_train/0740_c012_00078465_0.jpg,740,veri,11
VeRi/image_train/0740_c012_00078475_0.jpg,740,veri,11
VeRi/image_train/0740_c012_00078485_0.jpg,740,veri,11
VeRi/image_train/0740_c012_00078495_0.jpg,740,veri,11
VeRi/image_train/0740_c013_00078610_0.jpg,740,veri,12
VeRi/image_train/0740_c013_00078615_0.jpg,740,veri,12
VeRi/image_train/0740_c013_00078620_0.jpg,740,veri,12
VeRi/image_train/0740_c013_00078625_0.jpg,740,veri,12
VeRi/image_train/0740_c013_00078630_0.jpg,740,veri,12
VeRi/image_train/0740_c013_00078635_0.jpg,740,veri,12
VeRi/image_train/0740_c014_00076535_0.jpg,740,veri,13
VeRi/image_train/0740_c014_00076540_0.jpg,740,veri,13
VeRi/image_train/0740_c014_00076545_0.jpg,740,veri,13
VeRi/image_train/0740_c014_00076550_0.jpg,740,veri,13
VeRi/image_train/0740_c014_00076565_0.jpg,740,veri,13
VeRi/image_train/0740_c014_00076570_0.jpg,740,veri,13
VeRi/image_train/0740_c015_00076615_0.jpg,740,veri,14
VeRi/image_train/0740_c015_00076620_0.jpg,740,veri,14
VeRi/image_train/0740_c015_00076625_0.jpg,740,veri,14
VeRi/image_train/0740_c015_00076630_0.jpg,740,veri,14
VeRi/image_train/0740_c015_00076635_0.jpg,740,veri,14
VeRi/image_train/0740_c015_00076640_0.jpg,740,veri,14
VeRi/image_train/0740_c016_00076365_1.jpg,740,veri,15
VeRi/image_train/0740_c016_00076370_0.jpg,740,veri,15
VeRi/image_train/0740_c016_00076375_0.jpg,740,veri,15
VeRi/image_train/0740_c016_00076380_0.jpg,740,veri,15
VeRi/image_train/0740_c016_00076385_0.jpg,740,veri,15
VeRi/image_train/0740_c017_00077770_1.jpg,740,veri,16
VeRi/image_train/0740_c017_00077775_0.jpg,740,veri,16
VeRi/image_train/0740_c017_00077780_0.jpg,740,veri,16
VeRi/image_train/0740_c017_00077790_0.jpg,740,veri,16
VeRi/image_train/0740_c017_00077800_0.jpg,740,veri,16
VeRi/image_train/0740_c017_00077810_0.jpg,740,veri,16
VeRi/image_train/0740_c019_00077460_1.jpg,740,veri,18
VeRi/image_train/0740_c019_00077465_1.jpg,740,veri,18
VeRi/image_train/0740_c019_00077470_0.jpg,740,veri,18
VeRi/image_train/0740_c019_00077475_0.jpg,740,veri,18
VeRi/image_train/0740_c019_00077485_0.jpg,740,veri,18
VeRi/image_train/0740_c019_00077490_0.jpg,740,veri,18
VeRi/image_train/0741_c001_00064370_1.jpg,741,veri,0
VeRi/image_train/0741_c001_00064375_1.jpg,741,veri,0
VeRi/image_train/0741_c001_00064380_0.jpg,741,veri,0
VeRi/image_train/0741_c001_00064385_0.jpg,741,veri,0
VeRi/image_train/0741_c001_00064390_0.jpg,741,veri,0
VeRi/image_train/0741_c001_00064395_0.jpg,741,veri,0
VeRi/image_train/0741_c001_00071755_0.jpg,741,veri,0
VeRi/image_train/0741_c001_00071760_0.jpg,741,veri,0
VeRi/image_train/0741_c001_00071765_0.jpg,741,veri,0
VeRi/image_train/0741_c001_00071770_0.jpg,741,veri,0
VeRi/image_train/0741_c001_00071775_0.jpg,741,veri,0
VeRi/image_train/0741_c001_00071780_0.jpg,741,veri,0
VeRi/image_train/0741_c002_00062580_0.jpg,741,veri,1
VeRi/image_train/0741_c002_00062595_0.jpg,741,veri,1
VeRi/image_train/0741_c002_00062610_0.jpg,741,veri,1
VeRi/image_train/0741_c002_00062620_1.jpg,741,veri,1
VeRi/image_train/0741_c002_00062640_1.jpg,741,veri,1
VeRi/image_train/0741_c002_00062665_1.jpg,741,veri,1
VeRi/image_train/0741_c002_00072260_0.jpg,741,veri,1
VeRi/image_train/0741_c002_00072270_0.jpg,741,veri,1
VeRi/image_train/0741_c002_00072280_0.jpg,741,veri,1
VeRi/image_train/0741_c002_00072290_0.jpg,741,veri,1
VeRi/image_train/0741_c002_00072310_0.jpg,741,veri,1
VeRi/image_train/0741_c002_00072330_0.jpg,741,veri,1
VeRi/image_train/0741_c003_00060760_0.jpg,741,veri,2
VeRi/image_train/0741_c003_00060765_0.jpg,741,veri,2
VeRi/image_train/0741_c003_00060770_0.jpg,741,veri,2
VeRi/image_train/0741_c003_00060780_1.jpg,741,veri,2
VeRi/image_train/0741_c003_00060790_1.jpg,741,veri,2
VeRi/image_train/0741_c003_00060795_1.jpg,741,veri,2
VeRi/image_train/0741_c003_00075055_0.jpg,741,veri,2
VeRi/image_train/0741_c003_00075060_0.jpg,741,veri,2
VeRi/image_train/0741_c003_00075065_0.jpg,741,veri,2
VeRi/image_train/0741_c003_00075070_0.jpg,741,veri,2
VeRi/image_train/0741_c003_00075075_0.jpg,741,veri,2
VeRi/image_train/0741_c003_00075080_0.jpg,741,veri,2
VeRi/image_train/0741_c004_00060640_0.jpg,741,veri,3
VeRi/image_train/0741_c004_00060645_0.jpg,741,veri,3
VeRi/image_train/0741_c004_00060650_0.jpg,741,veri,3
VeRi/image_train/0741_c004_00060655_0.jpg,741,veri,3
VeRi/image_train/0741_c004_00060660_0.jpg,741,veri,3
VeRi/image_train/0741_c004_00060665_0.jpg,741,veri,3
VeRi/image_train/0741_c004_00075000_0.jpg,741,veri,3
VeRi/image_train/0741_c004_00075005_0.jpg,741,veri,3
VeRi/image_train/0741_c004_00075010_0.jpg,741,veri,3
VeRi/image_train/0741_c004_00075015_0.jpg,741,veri,3
VeRi/image_train/0741_c004_00075030_0.jpg,741,veri,3
VeRi/image_train/0741_c004_00075035_0.jpg,741,veri,3
VeRi/image_train/0741_c005_00075830_0.jpg,741,veri,4
VeRi/image_train/0741_c005_00075845_0.jpg,741,veri,4
VeRi/image_train/0741_c005_00075855_0.jpg,741,veri,4
VeRi/image_train/0741_c005_00075870_0.jpg,741,veri,4
VeRi/image_train/0741_c005_00075885_0.jpg,741,veri,4
VeRi/image_train/0741_c005_00075900_0.jpg,741,veri,4
VeRi/image_train/0741_c006_00061520_0.jpg,741,veri,5
VeRi/image_train/0741_c006_00061530_0.jpg,741,veri,5
VeRi/image_train/0741_c006_00061540_0.jpg,741,veri,5
VeRi/image_train/0741_c006_00061555_0.jpg,741,veri,5
VeRi/image_train/0741_c006_00061570_0.jpg,741,veri,5
VeRi/image_train/0741_c006_00061585_0.jpg,741,veri,5
VeRi/image_train/0741_c006_00074185_1.jpg,741,veri,5
VeRi/image_train/0741_c006_00074205_0.jpg,741,veri,5
VeRi/image_train/0741_c006_00074230_0.jpg,741,veri,5
VeRi/image_train/0741_c006_00074250_0.jpg,741,veri,5
VeRi/image_train/0741_c006_00074270_0.jpg,741,veri,5
VeRi/image_train/0741_c006_00074295_0.jpg,741,veri,5
VeRi/image_train/0741_c007_00075945_0.jpg,741,veri,6
VeRi/image_train/0741_c007_00075965_0.jpg,741,veri,6
VeRi/image_train/0741_c007_00075975_0.jpg,741,veri,6
VeRi/image_train/0741_c007_00075985_0.jpg,741,veri,6
VeRi/image_train/0741_c007_00075995_0.jpg,741,veri,6
VeRi/image_train/0741_c007_00076010_0.jpg,741,veri,6
VeRi/image_train/0741_c008_00060465_0.jpg,741,veri,7
VeRi/image_train/0741_c008_00060470_1.jpg,741,veri,7
VeRi/image_train/0741_c008_00060475_0.jpg,741,veri,7
VeRi/image_train/0741_c008_00060480_0.jpg,741,veri,7
VeRi/image_train/0741_c008_00060485_0.jpg,741,veri,7
VeRi/image_train/0741_c008_00060490_0.jpg,741,veri,7
VeRi/image_train/0741_c008_00075295_0.jpg,741,veri,7
VeRi/image_train/0741_c008_00075300_0.jpg,741,veri,7
VeRi/image_train/0741_c008_00075305_0.jpg,741,veri,7
VeRi/image_train/0741_c008_00075310_0.jpg,741,veri,7
VeRi/image_train/0741_c008_00075315_0.jpg,741,veri,7
VeRi/image_train/0741_c008_00075320_0.jpg,741,veri,7
VeRi/image_train/0741_c009_00060540_0.jpg,741,veri,8
VeRi/image_train/0741_c009_00060545_0.jpg,741,veri,8
VeRi/image_train/0741_c009_00060550_0.jpg,741,veri,8
VeRi/image_train/0741_c009_00060555_0.jpg,741,veri,8
VeRi/image_train/0741_c009_00060560_0.jpg,741,veri,8
VeRi/image_train/0741_c009_00075225_0.jpg,741,veri,8
VeRi/image_train/0741_c009_00075230_0.jpg,741,veri,8
VeRi/image_train/0741_c009_00075235_0.jpg,741,veri,8
VeRi/image_train/0741_c009_00075240_0.jpg,741,veri,8
VeRi/image_train/0741_c009_00075245_0.jpg,741,veri,8
VeRi/image_train/0741_c009_00075250_0.jpg,741,veri,8
VeRi/image_train/0741_c010_00061470_0.jpg,741,veri,9
VeRi/image_train/0741_c010_00061485_0.jpg,741,veri,9
VeRi/image_train/0741_c010_00061490_0.jpg,741,veri,9
VeRi/image_train/0741_c010_00061495_0.jpg,741,veri,9
VeRi/image_train/0741_c010_00061500_0.jpg,741,veri,9
VeRi/image_train/0741_c010_00061505_0.jpg,741,veri,9
VeRi/image_train/0741_c010_00074450_0.jpg,741,veri,9
VeRi/image_train/0741_c010_00074455_0.jpg,741,veri,9
VeRi/image_train/0741_c010_00074460_0.jpg,741,veri,9
VeRi/image_train/0741_c010_00074465_0.jpg,741,veri,9
VeRi/image_train/0741_c010_00074470_0.jpg,741,veri,9
VeRi/image_train/0741_c010_00074475_0.jpg,741,veri,9
VeRi/image_train/0741_c011_00061505_0.jpg,741,veri,10
VeRi/image_train/0741_c011_00061515_0.jpg,741,veri,10
VeRi/image_train/0741_c011_00061520_0.jpg,741,veri,10
VeRi/image_train/0741_c011_00061525_0.jpg,741,veri,10
VeRi/image_train/0741_c011_00061530_0.jpg,741,veri,10
VeRi/image_train/0741_c011_00061545_0.jpg,741,veri,10
VeRi/image_train/0741_c011_00074260_0.jpg,741,veri,10
VeRi/image_train/0741_c011_00074270_0.jpg,741,veri,10
VeRi/image_train/0741_c011_00074285_0.jpg,741,veri,10
VeRi/image_train/0741_c011_00074295_0.jpg,741,veri,10
VeRi/image_train/0741_c011_00074305_0.jpg,741,veri,10
VeRi/image_train/0741_c011_00074315_0.jpg,741,veri,10
VeRi/image_train/0741_c012_00064890_0.jpg,741,veri,11
VeRi/image_train/0741_c012_00064900_0.jpg,741,veri,11
VeRi/image_train/0741_c012_00064910_0.jpg,741,veri,11
VeRi/image_train/0741_c012_00064915_0.jpg,741,veri,11
VeRi/image_train/0741_c012_00064925_0.jpg,741,veri,11
VeRi/image_train/0741_c012_00064935_0.jpg,741,veri,11
VeRi/image_train/0741_c012_00071350_0.jpg,741,veri,11
VeRi/image_train/0741_c012_00071365_0.jpg,741,veri,11
VeRi/image_train/0741_c012_00071380_0.jpg,741,veri,11
VeRi/image_train/0741_c012_00071395_0.jpg,741,veri,11
VeRi/image_train/0741_c012_00071405_0.jpg,741,veri,11
VeRi/image_train/0741_c012_00071415_0.jpg,741,veri,11
VeRi/image_train/0741_c013_00064740_0.jpg,741,veri,12
VeRi/image_train/0741_c013_00064745_0.jpg,741,veri,12
VeRi/image_train/0741_c013_00064750_0.jpg,741,veri,12
VeRi/image_train/0741_c013_00064755_0.jpg,741,veri,12
VeRi/image_train/0741_c013_00064760_0.jpg,741,veri,12
VeRi/image_train/0741_c013_00064765_0.jpg,741,veri,12
VeRi/image_train/0741_c013_00071475_0.jpg,741,veri,12
VeRi/image_train/0741_c013_00071480_0.jpg,741,veri,12
VeRi/image_train/0741_c013_00071485_0.jpg,741,veri,12
VeRi/image_train/0741_c013_00071490_0.jpg,741,veri,12
VeRi/image_train/0741_c013_00071495_0.jpg,741,veri,12
VeRi/image_train/0741_c013_00071500_0.jpg,741,veri,12
VeRi/image_train/0741_c018_00065785_0.jpg,741,veri,17
VeRi/image_train/0741_c018_00065790_0.jpg,741,veri,17
VeRi/image_train/0741_c018_00065825_0.jpg,741,veri,17
VeRi/image_train/0741_c018_00065850_0.jpg,741,veri,17
VeRi/image_train/0741_c018_00065880_0.jpg,741,veri,17
VeRi/image_train/0741_c018_00065905_0.jpg,741,veri,17
VeRi/image_train/0741_c018_00070525_0.jpg,741,veri,17
VeRi/image_train/0741_c018_00070560_0.jpg,741,veri,17
VeRi/image_train/0741_c018_00070600_0.jpg,741,veri,17
VeRi/image_train/0741_c018_00070625_0.jpg,741,veri,17
VeRi/image_train/0741_c018_00070635_0.jpg,741,veri,17
VeRi/image_train/0741_c018_00070645_0.jpg,741,veri,17
VeRi/image_train/0075_c002_00016070_1.jpg,75,veri,1
VeRi/image_train/0075_c002_00016080_0.jpg,75,veri,1
VeRi/image_train/0075_c002_00016090_0.jpg,75,veri,1
VeRi/image_train/0075_c002_00016100_0.jpg,75,veri,1
VeRi/image_train/0075_c002_00016110_0.jpg,75,veri,1
VeRi/image_train/0075_c002_00016150_0.jpg,75,veri,1
VeRi/image_train/0075_c003_00018060_0.jpg,75,veri,2
VeRi/image_train/0075_c003_00018070_0.jpg,75,veri,2
VeRi/image_train/0075_c003_00018080_0.jpg,75,veri,2
VeRi/image_train/0075_c003_00018090_0.jpg,75,veri,2
VeRi/image_train/0075_c003_00018100_0.jpg,75,veri,2
VeRi/image_train/0075_c003_00018110_0.jpg,75,veri,2
VeRi/image_train/0075_c003_00018750_0.jpg,75,veri,2
VeRi/image_train/0075_c003_00018770_0.jpg,75,veri,2
VeRi/image_train/0075_c003_00018820_0.jpg,75,veri,2
VeRi/image_train/0075_c003_00047530_0.jpg,75,veri,2
VeRi/image_train/0075_c003_00047540_0.jpg,75,veri,2
VeRi/image_train/0075_c003_00047550_0.jpg,75,veri,2
VeRi/image_train/0075_c003_00047560_0.jpg,75,veri,2
VeRi/image_train/0075_c003_00047570_0.jpg,75,veri,2
VeRi/image_train/0075_c003_00047575_0.jpg,75,veri,2
VeRi/image_train/0075_c004_00018020_0.jpg,75,veri,3
VeRi/image_train/0075_c004_00018035_0.jpg,75,veri,3
VeRi/image_train/0075_c004_00018050_0.jpg,75,veri,3
VeRi/image_train/0075_c004_00018585_0.jpg,75,veri,3
VeRi/image_train/0075_c004_00018635_0.jpg,75,veri,3
VeRi/image_train/0075_c004_00018670_0.jpg,75,veri,3
VeRi/image_train/0075_c004_00047440_0.jpg,75,veri,3
VeRi/image_train/0075_c004_00047445_0.jpg,75,veri,3
VeRi/image_train/0075_c004_00047450_0.jpg,75,veri,3
VeRi/image_train/0075_c004_00047455_0.jpg,75,veri,3
VeRi/image_train/0075_c004_00047460_0.jpg,75,veri,3
VeRi/image_train/0075_c004_00047465_0.jpg,75,veri,3
VeRi/image_train/0075_c006_00017185_1.jpg,75,veri,5
VeRi/image_train/0075_c006_00017200_1.jpg,75,veri,5
VeRi/image_train/0075_c006_00017220_1.jpg,75,veri,5
VeRi/image_train/0075_c006_00017230_1.jpg,75,veri,5
VeRi/image_train/0075_c006_00017245_0.jpg,75,veri,5
VeRi/image_train/0075_c006_00017260_0.jpg,75,veri,5
VeRi/image_train/0075_c006_00048070_1.jpg,75,veri,5
VeRi/image_train/0075_c006_00048075_0.jpg,75,veri,5
VeRi/image_train/0075_c006_00048080_0.jpg,75,veri,5
VeRi/image_train/0075_c006_00048090_0.jpg,75,veri,5
VeRi/image_train/0075_c006_00048100_0.jpg,75,veri,5
VeRi/image_train/0075_c008_00033025_0.jpg,75,veri,7
VeRi/image_train/0075_c008_00033030_0.jpg,75,veri,7
VeRi/image_train/0075_c008_00033035_0.jpg,75,veri,7
VeRi/image_train/0075_c008_00033040_0.jpg,75,veri,7
VeRi/image_train/0075_c008_00047295_0.jpg,75,veri,7
VeRi/image_train/0075_c008_00047300_0.jpg,75,veri,7
VeRi/image_train/0075_c008_00047305_0.jpg,75,veri,7
VeRi/image_train/0075_c008_00047310_0.jpg,75,veri,7
VeRi/image_train/0075_c008_00047315_0.jpg,75,veri,7
VeRi/image_train/0075_c008_00047320_0.jpg,75,veri,7
VeRi/image_train/0075_c009_00032975_0.jpg,75,veri,8
VeRi/image_train/0075_c009_00032980_0.jpg,75,veri,8
VeRi/image_train/0075_c009_00032985_0.jpg,75,veri,8
VeRi/image_train/0075_c009_00032990_0.jpg,75,veri,8
VeRi/image_train/0075_c009_00032995_0.jpg,75,veri,8
VeRi/image_train/0075_c009_00033000_0.jpg,75,veri,8
VeRi/image_train/0075_c009_00047360_0.jpg,75,veri,8
VeRi/image_train/0075_c009_00047365_0.jpg,75,veri,8
VeRi/image_train/0075_c009_00047370_0.jpg,75,veri,8
VeRi/image_train/0075_c009_00047375_0.jpg,75,veri,8
VeRi/image_train/0075_c009_00047380_0.jpg,75,veri,8
VeRi/image_train/0075_c009_00047385_0.jpg,75,veri,8
VeRi/image_train/0075_c010_00017380_0.jpg,75,veri,9
VeRi/image_train/0075_c010_00017385_0.jpg,75,veri,9
VeRi/image_train/0075_c010_00017390_0.jpg,75,veri,9
VeRi/image_train/0075_c010_00017395_0.jpg,75,veri,9
VeRi/image_train/0075_c010_00017400_0.jpg,75,veri,9
VeRi/image_train/0075_c010_00048050_0.jpg,75,veri,9
VeRi/image_train/0075_c010_00048055_0.jpg,75,veri,9
VeRi/image_train/0075_c010_00048060_0.jpg,75,veri,9
VeRi/image_train/0075_c010_00048065_0.jpg,75,veri,9
VeRi/image_train/0075_c010_00048070_0.jpg,75,veri,9
VeRi/image_train/0075_c011_00017165_1.jpg,75,veri,10
VeRi/image_train/0075_c011_00017170_0.jpg,75,veri,10
VeRi/image_train/0075_c011_00017175_0.jpg,75,veri,10
VeRi/image_train/0075_c011_00017180_0.jpg,75,veri,10
VeRi/image_train/0075_c011_00017190_0.jpg,75,veri,10
VeRi/image_train/0075_c011_00017200_0.jpg,75,veri,10
VeRi/image_train/0075_c011_00048030_0.jpg,75,veri,10
VeRi/image_train/0075_c011_00048035_0.jpg,75,veri,10
VeRi/image_train/0075_c011_00048040_0.jpg,75,veri,10
VeRi/image_train/0075_c011_00048045_0.jpg,75,veri,10
VeRi/image_train/0075_c011_00048050_0.jpg,75,veri,10
VeRi/image_train/0075_c011_00048055_0.jpg,75,veri,10
VeRi/image_train/0757_c014_00013665_0.jpg,757,veri,13
VeRi/image_train/0757_c014_00013670_1.jpg,757,veri,13
VeRi/image_train/0757_c014_00013680_0.jpg,757,veri,13
VeRi/image_train/0757_c014_00013685_0.jpg,757,veri,13
VeRi/image_train/0757_c014_00013690_0.jpg,757,veri,13
VeRi/image_train/0757_c014_00013695_0.jpg,757,veri,13
VeRi/image_train/0757_c015_00013480_0.jpg,757,veri,14
VeRi/image_train/0757_c015_00013485_0.jpg,757,veri,14
VeRi/image_train/0757_c015_00013490_0.jpg,757,veri,14
VeRi/image_train/0757_c015_00013495_0.jpg,757,veri,14
VeRi/image_train/0757_c015_00013535_0.jpg,757,veri,14
VeRi/image_train/0757_c015_00013555_0.jpg,757,veri,14
VeRi/image_train/0757_c016_00021450_0.jpg,757,veri,15
VeRi/image_train/0757_c016_00021455_0.jpg,757,veri,15
VeRi/image_train/0757_c016_00021460_0.jpg,757,veri,15
VeRi/image_train/0757_c016_00021465_0.jpg,757,veri,15
VeRi/image_train/0757_c016_00021470_0.jpg,757,veri,15
VeRi/image_train/0757_c016_00021475_0.jpg,757,veri,15
VeRi/image_train/0757_c017_00012755_0.jpg,757,veri,16
VeRi/image_train/0757_c017_00012765_0.jpg,757,veri,16
VeRi/image_train/0757_c017_00012775_0.jpg,757,veri,16
VeRi/image_train/0757_c017_00012785_0.jpg,757,veri,16
VeRi/image_train/0757_c017_00012795_0.jpg,757,veri,16
VeRi/image_train/0757_c017_00012810_0.jpg,757,veri,16
VeRi/image_train/0757_c018_00012480_0.jpg,757,veri,17
VeRi/image_train/0757_c018_00012500_0.jpg,757,veri,17
VeRi/image_train/0757_c018_00012520_0.jpg,757,veri,17
VeRi/image_train/0757_c018_00012535_0.jpg,757,veri,17
VeRi/image_train/0757_c018_00012555_0.jpg,757,veri,17
VeRi/image_train/0757_c018_00012575_0.jpg,757,veri,17
VeRi/image_train/0757_c019_00012965_0.jpg,757,veri,18
VeRi/image_train/0757_c019_00012970_0.jpg,757,veri,18
VeRi/image_train/0757_c019_00012975_0.jpg,757,veri,18
VeRi/image_train/0757_c019_00012985_0.jpg,757,veri,18
VeRi/image_train/0757_c019_00012990_0.jpg,757,veri,18
VeRi/image_train/0757_c019_00012995_0.jpg,757,veri,18
VeRi/image_train/0759_c001_00059575_0.jpg,759,veri,0
VeRi/image_train/0759_c001_00059580_0.jpg,759,veri,0
VeRi/image_train/0759_c001_00059585_0.jpg,759,veri,0
VeRi/image_train/0759_c001_00059590_0.jpg,759,veri,0
VeRi/image_train/0759_c001_00059595_0.jpg,759,veri,0
VeRi/image_train/0759_c001_00059600_0.jpg,759,veri,0
VeRi/image_train/0759_c003_00027630_0.jpg,759,veri,2
VeRi/image_train/0759_c003_00027640_0.jpg,759,veri,2
VeRi/image_train/0759_c003_00027650_0.jpg,759,veri,2
VeRi/image_train/0759_c003_00027660_0.jpg,759,veri,2
VeRi/image_train/0759_c003_00027665_0.jpg,759,veri,2
VeRi/image_train/0759_c003_00027670_0.jpg,759,veri,2
VeRi/image_train/0759_c004_00027520_0.jpg,759,veri,3
VeRi/image_train/0759_c004_00027525_0.jpg,759,veri,3
VeRi/image_train/0759_c004_00027530_0.jpg,759,veri,3
VeRi/image_train/0759_c004_00027535_0.jpg,759,veri,3
VeRi/image_train/0759_c004_00027540_0.jpg,759,veri,3
VeRi/image_train/0759_c004_00027545_0.jpg,759,veri,3
VeRi/image_train/0759_c006_00028085_0.jpg,759,veri,5
VeRi/image_train/0759_c006_00028095_0.jpg,759,veri,5
VeRi/image_train/0759_c006_00028110_0.jpg,759,veri,5
VeRi/image_train/0759_c006_00028120_0.jpg,759,veri,5
VeRi/image_train/0759_c006_00028130_0.jpg,759,veri,5
VeRi/image_train/0759_c006_00028145_0.jpg,759,veri,5
VeRi/image_train/0759_c008_00027415_0.jpg,759,veri,7
VeRi/image_train/0759_c008_00027425_0.jpg,759,veri,7
VeRi/image_train/0759_c008_00027435_0.jpg,759,veri,7
VeRi/image_train/0759_c008_00027445_0.jpg,759,veri,7
VeRi/image_train/0759_c008_00027450_0.jpg,759,veri,7
VeRi/image_train/0759_c008_00027455_0.jpg,759,veri,7
VeRi/image_train/0759_c009_00027465_0.jpg,759,veri,8
VeRi/image_train/0759_c009_00027470_0.jpg,759,veri,8
VeRi/image_train/0759_c009_00027475_0.jpg,759,veri,8
VeRi/image_train/0759_c009_00027480_0.jpg,759,veri,8
VeRi/image_train/0759_c009_00027485_0.jpg,759,veri,8
VeRi/image_train/0759_c010_00028070_0.jpg,759,veri,9
VeRi/image_train/0759_c010_00028075_0.jpg,759,veri,9
VeRi/image_train/0759_c010_00028080_0.jpg,759,veri,9
VeRi/image_train/0759_c010_00028085_0.jpg,759,veri,9
VeRi/image_train/0759_c011_00028050_0.jpg,759,veri,10
VeRi/image_train/0759_c011_00028055_0.jpg,759,veri,10
VeRi/image_train/0759_c011_00028070_0.jpg,759,veri,10
VeRi/image_train/0759_c011_00028080_0.jpg,759,veri,10
VeRi/image_train/0759_c011_00028090_0.jpg,759,veri,10
VeRi/image_train/0759_c011_00028100_0.jpg,759,veri,10
VeRi/image_train/0759_c013_00059985_0.jpg,759,veri,12
VeRi/image_train/0759_c013_00059990_0.jpg,759,veri,12
VeRi/image_train/0759_c013_00059995_0.jpg,759,veri,12
VeRi/image_train/0759_c013_00060000_0.jpg,759,veri,12
VeRi/image_train/0759_c013_00060005_0.jpg,759,veri,12
VeRi/image_train/0759_c013_00060010_0.jpg,759,veri,12
VeRi/image_train/0765_c014_00039705_0.jpg,765,veri,13
VeRi/image_train/0765_c014_00039725_1.jpg,765,veri,13
VeRi/image_train/0765_c014_00039745_0.jpg,765,veri,13
VeRi/image_train/0765_c014_00039760_0.jpg,765,veri,13
VeRi/image_train/0765_c014_00039765_0.jpg,765,veri,13
VeRi/image_train/0765_c014_00039780_0.jpg,765,veri,13
VeRi/image_train/0765_c014_00042220_0.jpg,765,veri,13
VeRi/image_train/0765_c014_00042225_1.jpg,765,veri,13
VeRi/image_train/0765_c014_00042230_0.jpg,765,veri,13
VeRi/image_train/0765_c014_00042235_1.jpg,765,veri,13
VeRi/image_train/0765_c014_00042240_1.jpg,765,veri,13
VeRi/image_train/0765_c014_00042245_1.jpg,765,veri,13
VeRi/image_train/0765_c015_00039780_0.jpg,765,veri,14
VeRi/image_train/0765_c015_00039785_0.jpg,765,veri,14
VeRi/image_train/0765_c015_00039790_0.jpg,765,veri,14
VeRi/image_train/0765_c015_00039795_0.jpg,765,veri,14
VeRi/image_train/0765_c015_00039800_0.jpg,765,veri,14
VeRi/image_train/0765_c016_00039525_0.jpg,765,veri,15
VeRi/image_train/0765_c016_00039530_0.jpg,765,veri,15
VeRi/image_train/0765_c016_00042600_0.jpg,765,veri,15
VeRi/image_train/0765_c016_00042610_0.jpg,765,veri,15
VeRi/image_train/0765_c016_00042615_0.jpg,765,veri,15
VeRi/image_train/0765_c016_00042620_0.jpg,765,veri,15
VeRi/image_train/0765_c016_00042630_0.jpg,765,veri,15
VeRi/image_train/0765_c016_00042635_0.jpg,765,veri,15
VeRi/image_train/0765_c017_00041015_0.jpg,765,veri,16
VeRi/image_train/0765_c017_00041020_0.jpg,765,veri,16
VeRi/image_train/0765_c017_00041035_0.jpg,765,veri,16
VeRi/image_train/0765_c017_00041045_0.jpg,765,veri,16
VeRi/image_train/0765_c017_00041050_0.jpg,765,veri,16
VeRi/image_train/0765_c017_00041060_0.jpg,765,veri,16
VeRi/image_train/0765_c017_00041200_0.jpg,765,veri,16
VeRi/image_train/0765_c017_00041205_0.jpg,765,veri,16
VeRi/image_train/0765_c017_00041210_0.jpg,765,veri,16
VeRi/image_train/0765_c017_00041215_0.jpg,765,veri,16
VeRi/image_train/0765_c017_00041230_0.jpg,765,veri,16
VeRi/image_train/0765_c017_00041240_0.jpg,765,veri,16
VeRi/image_train/0765_c019_00040835_0.jpg,765,veri,18
VeRi/image_train/0765_c019_00040840_0.jpg,765,veri,18
VeRi/image_train/0765_c019_00040845_0.jpg,765,veri,18
VeRi/image_train/0765_c019_00040850_0.jpg,765,veri,18
VeRi/image_train/0765_c019_00040855_0.jpg,765,veri,18
VeRi/image_train/0765_c019_00040860_0.jpg,765,veri,18
VeRi/image_train/0765_c019_00041465_1.jpg,765,veri,18
VeRi/image_train/0765_c019_00041470_1.jpg,765,veri,18
VeRi/image_train/0765_c019_00041475_0.jpg,765,veri,18
VeRi/image_train/0765_c019_00041480_1.jpg,765,veri,18
VeRi/image_train/0765_c019_00041485_1.jpg,765,veri,18
VeRi/image_train/0765_c019_00041505_0.jpg,765,veri,18
VeRi/image_train/0769_c001_00073890_0.jpg,769,veri,0
VeRi/image_train/0769_c001_00073895_0.jpg,769,veri,0
VeRi/image_train/0769_c001_00073900_0.jpg,769,veri,0
VeRi/image_train/0769_c001_00073905_0.jpg,769,veri,0
VeRi/image_train/0769_c001_00073910_0.jpg,769,veri,0
VeRi/image_train/0769_c001_00073915_0.jpg,769,veri,0
VeRi/image_train/0769_c002_00072470_1.jpg,769,veri,1
VeRi/image_train/0769_c002_00072490_1.jpg,769,veri,1
VeRi/image_train/0769_c002_00072500_0.jpg,769,veri,1
VeRi/image_train/0769_c002_00072520_0.jpg,769,veri,1
VeRi/image_train/0769_c002_00072575_0.jpg,769,veri,1
VeRi/image_train/0769_c002_00072585_0.jpg,769,veri,1
VeRi/image_train/0769_c003_00071330_0.jpg,769,veri,2
VeRi/image_train/0769_c003_00071340_0.jpg,769,veri,2
VeRi/image_train/0769_c003_00071345_0.jpg,769,veri,2
VeRi/image_train/0769_c003_00071350_0.jpg,769,veri,2
VeRi/image_train/0769_c003_00071355_0.jpg,769,veri,2
VeRi/image_train/0769_c003_00071360_0.jpg,769,veri,2
VeRi/image_train/0769_c004_00071235_0.jpg,769,veri,3
VeRi/image_train/0769_c004_00071245_0.jpg,769,veri,3
VeRi/image_train/0769_c004_00071250_0.jpg,769,veri,3
VeRi/image_train/0769_c004_00071255_0.jpg,769,veri,3
VeRi/image_train/0769_c004_00071260_0.jpg,769,veri,3
VeRi/image_train/0769_c004_00071265_0.jpg,769,veri,3
VeRi/image_train/0769_c006_00071800_0.jpg,769,veri,5
VeRi/image_train/0769_c006_00071815_1.jpg,769,veri,5
VeRi/image_train/0769_c006_00071825_1.jpg,769,veri,5
VeRi/image_train/0769_c006_00071840_1.jpg,769,veri,5
VeRi/image_train/0769_c006_00071865_1.jpg,769,veri,5
VeRi/image_train/0769_c008_00071105_0.jpg,769,veri,7
VeRi/image_train/0769_c008_00071110_0.jpg,769,veri,7
VeRi/image_train/0769_c008_00071115_0.jpg,769,veri,7
VeRi/image_train/0769_c008_00071120_0.jpg,769,veri,7
VeRi/image_train/0769_c008_00071125_0.jpg,769,veri,7
VeRi/image_train/0769_c008_00071130_0.jpg,769,veri,7
VeRi/image_train/0769_c009_00071175_0.jpg,769,veri,8
VeRi/image_train/0769_c009_00071180_0.jpg,769,veri,8
VeRi/image_train/0769_c009_00071185_0.jpg,769,veri,8
VeRi/image_train/0769_c009_00071190_0.jpg,769,veri,8
VeRi/image_train/0769_c009_00071195_0.jpg,769,veri,8
VeRi/image_train/0769_c009_00071200_0.jpg,769,veri,8
VeRi/image_train/0769_c010_00071785_0.jpg,769,veri,9
VeRi/image_train/0769_c010_00071790_0.jpg,769,veri,9
VeRi/image_train/0769_c010_00071795_0.jpg,769,veri,9
VeRi/image_train/0769_c010_00071800_0.jpg,769,veri,9
VeRi/image_train/0769_c010_00071805_0.jpg,769,veri,9
VeRi/image_train/0769_c010_00071810_0.jpg,769,veri,9
VeRi/image_train/0769_c011_00071790_0.jpg,769,veri,10
VeRi/image_train/0769_c011_00071795_0.jpg,769,veri,10
VeRi/image_train/0769_c011_00071800_0.jpg,769,veri,10
VeRi/image_train/0769_c011_00071805_0.jpg,769,veri,10
VeRi/image_train/0769_c011_00071810_0.jpg,769,veri,10
VeRi/image_train/0769_c011_00071815_0.jpg,769,veri,10
VeRi/image_train/0769_c012_00074425_0.jpg,769,veri,11
VeRi/image_train/0769_c012_00074430_0.jpg,769,veri,11
VeRi/image_train/0769_c012_00074435_0.jpg,769,veri,11
VeRi/image_train/0769_c012_00074440_0.jpg,769,veri,11
VeRi/image_train/0769_c012_00074450_0.jpg,769,veri,11
VeRi/image_train/0769_c012_00074460_0.jpg,769,veri,11
VeRi/image_train/0769_c013_00074285_0.jpg,769,veri,12
VeRi/image_train/0769_c013_00074290_0.jpg,769,veri,12
VeRi/image_train/0769_c013_00074295_0.jpg,769,veri,12
VeRi/image_train/0769_c013_00074300_0.jpg,769,veri,12
VeRi/image_train/0769_c013_00074305_0.jpg,769,veri,12
VeRi/image_train/0769_c013_00074310_0.jpg,769,veri,12
VeRi/image_train/0769_c014_00076175_0.jpg,769,veri,13
VeRi/image_train/0769_c014_00076180_0.jpg,769,veri,13
VeRi/image_train/0769_c014_00076185_0.jpg,769,veri,13
VeRi/image_train/0769_c014_00076190_0.jpg,769,veri,13
VeRi/image_train/0769_c014_00076195_0.jpg,769,veri,13
VeRi/image_train/0769_c014_00076200_0.jpg,769,veri,13
VeRi/image_train/0769_c015_00075975_0.jpg,769,veri,14
VeRi/image_train/0769_c015_00075980_0.jpg,769,veri,14
VeRi/image_train/0769_c015_00075985_0.jpg,769,veri,14
VeRi/image_train/0769_c015_00076005_0.jpg,769,veri,14
VeRi/image_train/0769_c015_00076010_0.jpg,769,veri,14
VeRi/image_train/0769_c015_00076015_0.jpg,769,veri,14
VeRi/image_train/0769_c016_00076605_0.jpg,769,veri,15
VeRi/image_train/0769_c017_00075035_1.jpg,769,veri,16
VeRi/image_train/0769_c017_00075045_0.jpg,769,veri,16
VeRi/image_train/0769_c017_00075050_1.jpg,769,veri,16
VeRi/image_train/0769_c017_00075055_0.jpg,769,veri,16
VeRi/image_train/0769_c017_00075060_0.jpg,769,veri,16
VeRi/image_train/0769_c017_00075070_0.jpg,769,veri,16
VeRi/image_train/0769_c019_00075205_0.jpg,769,veri,18
VeRi/image_train/0769_c019_00075220_0.jpg,769,veri,18
VeRi/image_train/0769_c019_00075235_0.jpg,769,veri,18
VeRi/image_train/0769_c019_00075250_0.jpg,769,veri,18
VeRi/image_train/0769_c019_00075255_0.jpg,769,veri,18
VeRi/image_train/0769_c019_00075275_0.jpg,769,veri,18
VeRi/image_train/0078_c002_00038550_1.jpg,78,veri,1
VeRi/image_train/0078_c002_00038560_1.jpg,78,veri,1
VeRi/image_train/0078_c002_00038570_1.jpg,78,veri,1
VeRi/image_train/0078_c002_00038580_1.jpg,78,veri,1
VeRi/image_train/0078_c002_00038590_1.jpg,78,veri,1
VeRi/image_train/0078_c002_00038610_1.jpg,78,veri,1
VeRi/image_train/0078_c003_00035960_1.jpg,78,veri,2
VeRi/image_train/0078_c003_00035970_1.jpg,78,veri,2
VeRi/image_train/0078_c003_00035980_1.jpg,78,veri,2
VeRi/image_train/0078_c003_00035985_0.jpg,78,veri,2
VeRi/image_train/0078_c003_00035995_0.jpg,78,veri,2
VeRi/image_train/0078_c003_00036000_0.jpg,78,veri,2
VeRi/image_train/0078_c004_00035875_0.jpg,78,veri,3
VeRi/image_train/0078_c004_00035880_0.jpg,78,veri,3
VeRi/image_train/0078_c004_00035885_0.jpg,78,veri,3
VeRi/image_train/0078_c004_00035890_0.jpg,78,veri,3
VeRi/image_train/0078_c004_00035895_0.jpg,78,veri,3
VeRi/image_train/0078_c004_00035900_0.jpg,78,veri,3
VeRi/image_train/0078_c006_00036600_0.jpg,78,veri,5
VeRi/image_train/0078_c006_00036620_0.jpg,78,veri,5
VeRi/image_train/0078_c006_00036625_0.jpg,78,veri,5
VeRi/image_train/0078_c006_00036635_0.jpg,78,veri,5
VeRi/image_train/0078_c006_00036660_0.jpg,78,veri,5
VeRi/image_train/0078_c006_00036675_0.jpg,78,veri,5
VeRi/image_train/0078_c008_00035690_0.jpg,78,veri,7
VeRi/image_train/0078_c008_00035715_0.jpg,78,veri,7
VeRi/image_train/0078_c008_00035725_0.jpg,78,veri,7
VeRi/image_train/0078_c008_00035735_0.jpg,78,veri,7
VeRi/image_train/0078_c008_00035740_0.jpg,78,veri,7
VeRi/image_train/0078_c009_00035780_0.jpg,78,veri,8
VeRi/image_train/0078_c009_00035785_0.jpg,78,veri,8
VeRi/image_train/0078_c009_00035790_0.jpg,78,veri,8
VeRi/image_train/0078_c009_00035795_0.jpg,78,veri,8
VeRi/image_train/0078_c009_00035800_0.jpg,78,veri,8
VeRi/image_train/0078_c009_00035805_0.jpg,78,veri,8
VeRi/image_train/0078_c010_00036515_0.jpg,78,veri,9
VeRi/image_train/0078_c010_00036525_0.jpg,78,veri,9
VeRi/image_train/0078_c010_00036535_0.jpg,78,veri,9
VeRi/image_train/0078_c010_00036545_0.jpg,78,veri,9
VeRi/image_train/0078_c010_00036555_0.jpg,78,veri,9
VeRi/image_train/0078_c010_00036565_0.jpg,78,veri,9
VeRi/image_train/0078_c011_00036575_0.jpg,78,veri,10
VeRi/image_train/0078_c011_00036585_0.jpg,78,veri,10
VeRi/image_train/0078_c011_00036595_0.jpg,78,veri,10
VeRi/image_train/0078_c011_00036605_0.jpg,78,veri,10
VeRi/image_train/0078_c011_00036615_0.jpg,78,veri,10
VeRi/image_train/0078_c011_00036625_0.jpg,78,veri,10
VeRi/image_train/0084_c002_00014495_1.jpg,84,veri,1
VeRi/image_train/0084_c002_00014505_1.jpg,84,veri,1
VeRi/image_train/0084_c002_00014520_0.jpg,84,veri,1
VeRi/image_train/0084_c002_00014535_0.jpg,84,veri,1
VeRi/image_train/0084_c002_00014555_0.jpg,84,veri,1
VeRi/image_train/0084_c002_00014580_0.jpg,84,veri,1
VeRi/image_train/0084_c003_00016105_0.jpg,84,veri,2
VeRi/image_train/0084_c003_00016115_0.jpg,84,veri,2
VeRi/image_train/0084_c003_00016125_0.jpg,84,veri,2
VeRi/image_train/0084_c003_00016135_0.jpg,84,veri,2
VeRi/image_train/0084_c003_00016145_0.jpg,84,veri,2
VeRi/image_train/0084_c003_00016155_0.jpg,84,veri,2
VeRi/image_train/0084_c004_00016050_1.jpg,84,veri,3
VeRi/image_train/0084_c004_00016060_0.jpg,84,veri,3
VeRi/image_train/0084_c004_00016075_0.jpg,84,veri,3
VeRi/image_train/0084_c004_00016085_0.jpg,84,veri,3
VeRi/image_train/0084_c004_00016100_0.jpg,84,veri,3
VeRi/image_train/0084_c004_00016115_0.jpg,84,veri,3
VeRi/image_train/0084_c005_00016915_2.jpg,84,veri,4
VeRi/image_train/0084_c005_00016930_2.jpg,84,veri,4
VeRi/image_train/0084_c005_00016945_2.jpg,84,veri,4
VeRi/image_train/0084_c005_00016960_0.jpg,84,veri,4
VeRi/image_train/0084_c005_00016975_0.jpg,84,veri,4
VeRi/image_train/0084_c005_00016995_0.jpg,84,veri,4
VeRi/image_train/0084_c006_00015195_1.jpg,84,veri,5
VeRi/image_train/0084_c006_00015205_1.jpg,84,veri,5
VeRi/image_train/0084_c006_00015230_0.jpg,84,veri,5
VeRi/image_train/0084_c006_00015245_0.jpg,84,veri,5
VeRi/image_train/0084_c006_00015260_0.jpg,84,veri,5
VeRi/image_train/0084_c006_00015270_0.jpg,84,veri,5
VeRi/image_train/0084_c007_00017020_1.jpg,84,veri,6
VeRi/image_train/0084_c007_00017030_0.jpg,84,veri,6
VeRi/image_train/0084_c007_00017040_0.jpg,84,veri,6
VeRi/image_train/0084_c008_00016355_0.jpg,84,veri,7
VeRi/image_train/0084_c008_00016360_0.jpg,84,veri,7
VeRi/image_train/0084_c008_00016365_0.jpg,84,veri,7
VeRi/image_train/0084_c008_00016370_0.jpg,84,veri,7
VeRi/image_train/0084_c009_00016260_0.jpg,84,veri,8
VeRi/image_train/0084_c009_00016265_0.jpg,84,veri,8
VeRi/image_train/0084_c009_00016270_0.jpg,84,veri,8
VeRi/image_train/0084_c009_00016275_0.jpg,84,veri,8
VeRi/image_train/0084_c010_00015370_0.jpg,84,veri,9
VeRi/image_train/0084_c010_00015375_0.jpg,84,veri,9
VeRi/image_train/0084_c010_00015380_0.jpg,84,veri,9
VeRi/image_train/0084_c010_00015385_0.jpg,84,veri,9
VeRi/image_train/0084_c010_00015390_0.jpg,84,veri,9
VeRi/image_train/0084_c010_00015395_1.jpg,84,veri,9
VeRi/image_train/0084_c011_00015170_0.jpg,84,veri,10
VeRi/image_train/0084_c011_00015180_0.jpg,84,veri,10
VeRi/image_train/0084_c011_00015195_0.jpg,84,veri,10
VeRi/image_train/0084_c011_00015200_0.jpg,84,veri,10
VeRi/image_train/0084_c011_00015205_0.jpg,84,veri,10
VeRi/image_train/0084_c011_00015210_0.jpg,84,veri,10
VeRi/image_train/0085_c001_00086445_1.jpg,85,veri,0
VeRi/image_train/0085_c001_00086455_1.jpg,85,veri,0
VeRi/image_train/0085_c001_00086465_1.jpg,85,veri,0
VeRi/image_train/0085_c001_00086475_1.jpg,85,veri,0
VeRi/image_train/0085_c001_00086485_1.jpg,85,veri,0
VeRi/image_train/0085_c001_00086495_1.jpg,85,veri,0
VeRi/image_train/0085_c012_00084470_0.jpg,85,veri,11
VeRi/image_train/0085_c012_00084475_0.jpg,85,veri,11
VeRi/image_train/0085_c012_00084485_0.jpg,85,veri,11
VeRi/image_train/0085_c012_00084495_0.jpg,85,veri,11
VeRi/image_train/0085_c012_00084505_0.jpg,85,veri,11
VeRi/image_train/0085_c012_00084510_0.jpg,85,veri,11
VeRi/image_train/0085_c013_00084610_0.jpg,85,veri,12
VeRi/image_train/0085_c013_00084615_0.jpg,85,veri,12
VeRi/image_train/0085_c013_00084620_0.jpg,85,veri,12
VeRi/image_train/0085_c013_00084625_0.jpg,85,veri,12
VeRi/image_train/0085_c013_00084630_0.jpg,85,veri,12
VeRi/image_train/0085_c013_00084635_0.jpg,85,veri,12
VeRi/image_train/0085_c014_00082375_0.jpg,85,veri,13
VeRi/image_train/0085_c014_00082380_0.jpg,85,veri,13
VeRi/image_train/0085_c014_00082415_0.jpg,85,veri,13
VeRi/image_train/0085_c014_00082420_0.jpg,85,veri,13
VeRi/image_train/0085_c014_00082425_0.jpg,85,veri,13
VeRi/image_train/0085_c014_00082430_0.jpg,85,veri,13
VeRi/image_train/0085_c015_00082445_0.jpg,85,veri,14
VeRi/image_train/0085_c015_00082450_0.jpg,85,veri,14
VeRi/image_train/0085_c015_00082455_0.jpg,85,veri,14
VeRi/image_train/0085_c015_00082460_0.jpg,85,veri,14
VeRi/image_train/0085_c015_00082465_0.jpg,85,veri,14
VeRi/image_train/0085_c015_00082470_0.jpg,85,veri,14
VeRi/image_train/0085_c016_00082175_0.jpg,85,veri,15
VeRi/image_train/0085_c016_00082180_0.jpg,85,veri,15
VeRi/image_train/0085_c016_00082185_0.jpg,85,veri,15
VeRi/image_train/0085_c016_00082190_0.jpg,85,veri,15
VeRi/image_train/0085_c016_00082195_0.jpg,85,veri,15
VeRi/image_train/0085_c016_00082200_0.jpg,85,veri,15
VeRi/image_train/0085_c017_00083775_0.jpg,85,veri,16
VeRi/image_train/0085_c017_00083785_0.jpg,85,veri,16
VeRi/image_train/0085_c017_00083800_0.jpg,85,veri,16
VeRi/image_train/0085_c017_00083815_0.jpg,85,veri,16
VeRi/image_train/0085_c017_00083825_0.jpg,85,veri,16
VeRi/image_train/0085_c017_00083835_0.jpg,85,veri,16
VeRi/image_train/0085_c019_00083485_1.jpg,85,veri,18
VeRi/image_train/0085_c019_00083490_0.jpg,85,veri,18
VeRi/image_train/0085_c019_00083495_0.jpg,85,veri,18
VeRi/image_train/0085_c019_00083505_0.jpg,85,veri,18
VeRi/image_train/0085_c019_00083515_0.jpg,85,veri,18
VeRi/image_train/0085_c019_00083525_0.jpg,85,veri,18
VeRi/image_train/0088_c001_00055335_1.jpg,88,veri,0
VeRi/image_train/0088_c001_00055345_1.jpg,88,veri,0
VeRi/image_train/0088_c001_00055355_1.jpg,88,veri,0
VeRi/image_train/0088_c001_00055370_1.jpg,88,veri,0
VeRi/image_train/0088_c001_00055395_0.jpg,88,veri,0
VeRi/image_train/0088_c001_00055405_0.jpg,88,veri,0
VeRi/image_train/0088_c002_00054145_2.jpg,88,veri,1
VeRi/image_train/0088_c002_00054165_2.jpg,88,veri,1
VeRi/image_train/0088_c002_00054185_1.jpg,88,veri,1
VeRi/image_train/0088_c002_00054205_1.jpg,88,veri,1
VeRi/image_train/0088_c002_00054275_0.jpg,88,veri,1
VeRi/image_train/0088_c003_00043530_0.jpg,88,veri,2
VeRi/image_train/0088_c003_00043540_0.jpg,88,veri,2
VeRi/image_train/0088_c003_00043550_0.jpg,88,veri,2
VeRi/image_train/0088_c003_00043560_0.jpg,88,veri,2
VeRi/image_train/0088_c003_00043570_0.jpg,88,veri,2
VeRi/image_train/0088_c003_00043575_0.jpg,88,veri,2
VeRi/image_train/0088_c004_00043435_0.jpg,88,veri,3
VeRi/image_train/0088_c004_00043440_0.jpg,88,veri,3
VeRi/image_train/0088_c004_00043445_0.jpg,88,veri,3
VeRi/image_train/0088_c004_00043450_0.jpg,88,veri,3
VeRi/image_train/0088_c004_00043455_0.jpg,88,veri,3
VeRi/image_train/0088_c004_00043460_0.jpg,88,veri,3
VeRi/image_train/0088_c006_00045080_0.jpg,88,veri,5
VeRi/image_train/0088_c006_00045105_0.jpg,88,veri,5
VeRi/image_train/0088_c006_00045110_0.jpg,88,veri,5
VeRi/image_train/0088_c006_00045125_0.jpg,88,veri,5
VeRi/image_train/0088_c006_00045140_0.jpg,88,veri,5
VeRi/image_train/0088_c006_00045155_2.jpg,88,veri,5
VeRi/image_train/0088_c008_00043255_0.jpg,88,veri,7
VeRi/image_train/0088_c008_00043265_0.jpg,88,veri,7
VeRi/image_train/0088_c008_00043270_0.jpg,88,veri,7
VeRi/image_train/0088_c008_00043275_0.jpg,88,veri,7
VeRi/image_train/0088_c008_00043280_0.jpg,88,veri,7
VeRi/image_train/0088_c008_00043285_0.jpg,88,veri,7
VeRi/image_train/0088_c009_00043355_0.jpg,88,veri,8
VeRi/image_train/0088_c009_00043360_0.jpg,88,veri,8
VeRi/image_train/0088_c009_00043365_0.jpg,88,veri,8
VeRi/image_train/0088_c009_00043370_0.jpg,88,veri,8
VeRi/image_train/0088_c009_00043375_0.jpg,88,veri,8
VeRi/image_train/0088_c009_00043380_0.jpg,88,veri,8
VeRi/image_train/0088_c010_00044190_1.jpg,88,veri,9
VeRi/image_train/0088_c010_00044200_1.jpg,88,veri,9
VeRi/image_train/0088_c010_00044205_0.jpg,88,veri,9
VeRi/image_train/0088_c010_00044210_0.jpg,88,veri,9
VeRi/image_train/0088_c010_00044215_0.jpg,88,veri,9
VeRi/image_train/0088_c011_00045085_0.jpg,88,veri,10
VeRi/image_train/0088_c011_00045100_0.jpg,88,veri,10
VeRi/image_train/0088_c011_00045115_0.jpg,88,veri,10
VeRi/image_train/0088_c011_00045130_1.jpg,88,veri,10
VeRi/image_train/0088_c011_00045140_1.jpg,88,veri,10
VeRi/image_train/0088_c011_00045155_0.jpg,88,veri,10
VeRi/image_train/0088_c012_00056185_1.jpg,88,veri,11
VeRi/image_train/0088_c012_00056195_1.jpg,88,veri,11
VeRi/image_train/0088_c012_00056205_0.jpg,88,veri,11
VeRi/image_train/0088_c012_00056215_0.jpg,88,veri,11
VeRi/image_train/0088_c012_00056225_0.jpg,88,veri,11
VeRi/image_train/0088_c012_00056235_0.jpg,88,veri,11
VeRi/image_train/0088_c013_00055975_0.jpg,88,veri,12
VeRi/image_train/0088_c013_00055980_0.jpg,88,veri,12
VeRi/image_train/0088_c013_00055985_0.jpg,88,veri,12
VeRi/image_train/0088_c013_00055990_0.jpg,88,veri,12
VeRi/image_train/0088_c013_00055995_0.jpg,88,veri,12
VeRi/image_train/0088_c013_00056000_0.jpg,88,veri,12
VeRi/image_train/0088_c014_00059020_0.jpg,88,veri,13
VeRi/image_train/0088_c014_00059025_0.jpg,88,veri,13
VeRi/image_train/0088_c014_00059030_0.jpg,88,veri,13
VeRi/image_train/0088_c014_00059035_0.jpg,88,veri,13
VeRi/image_train/0088_c014_00059040_0.jpg,88,veri,13
VeRi/image_train/0088_c014_00059045_0.jpg,88,veri,13
VeRi/image_train/0088_c015_00058720_0.jpg,88,veri,14
VeRi/image_train/0088_c015_00058725_0.jpg,88,veri,14
VeRi/image_train/0088_c015_00058730_0.jpg,88,veri,14
VeRi/image_train/0088_c015_00058735_0.jpg,88,veri,14
VeRi/image_train/0088_c015_00058740_0.jpg,88,veri,14
VeRi/image_train/0088_c015_00058745_0.jpg,88,veri,14
VeRi/image_train/0088_c016_00059420_0.jpg,88,veri,15
VeRi/image_train/0088_c016_00059425_0.jpg,88,veri,15
VeRi/image_train/0088_c016_00059430_0.jpg,88,veri,15
VeRi/image_train/0088_c016_00059465_0.jpg,88,veri,15
VeRi/image_train/0088_c016_00059470_0.jpg,88,veri,15
VeRi/image_train/0088_c016_00059475_0.jpg,88,veri,15
VeRi/image_train/0088_c017_00056925_0.jpg,88,veri,16
VeRi/image_train/0088_c017_00056930_0.jpg,88,veri,16
VeRi/image_train/0088_c017_00056940_0.jpg,88,veri,16
VeRi/image_train/0088_c017_00056945_0.jpg,88,veri,16
VeRi/image_train/0088_c017_00056950_0.jpg,88,veri,16
VeRi/image_train/0088_c017_00056955_0.jpg,88,veri,16
VeRi/image_train/0088_c019_00057310_0.jpg,88,veri,18
VeRi/image_train/0088_c019_00057320_0.jpg,88,veri,18
VeRi/image_train/0088_c019_00057330_0.jpg,88,veri,18
VeRi/image_train/0088_c019_00057335_0.jpg,88,veri,18
VeRi/image_train/0088_c019_00057385_0.jpg,88,veri,18
VeRi/image_train/0088_c019_00057405_0.jpg,88,veri,18
VeRi/image_train/0091_c001_00009660_0.jpg,91,veri,0
VeRi/image_train/0091_c001_00009665_0.jpg,91,veri,0
VeRi/image_train/0091_c001_00009670_0.jpg,91,veri,0
VeRi/image_train/0091_c001_00009675_0.jpg,91,veri,0
VeRi/image_train/0091_c001_00009680_0.jpg,91,veri,0
VeRi/image_train/0091_c001_00009685_0.jpg,91,veri,0
VeRi/image_train/0091_c012_00010255_0.jpg,91,veri,11
VeRi/image_train/0091_c012_00010260_0.jpg,91,veri,11
VeRi/image_train/0091_c012_00010265_0.jpg,91,veri,11
VeRi/image_train/0091_c012_00010270_0.jpg,91,veri,11
VeRi/image_train/0091_c012_00010275_0.jpg,91,veri,11
VeRi/image_train/0091_c012_00010280_0.jpg,91,veri,11
VeRi/image_train/0091_c013_00010110_0.jpg,91,veri,12
VeRi/image_train/0091_c013_00010120_0.jpg,91,veri,12
VeRi/image_train/0091_c013_00010125_0.jpg,91,veri,12
VeRi/image_train/0091_c018_00010970_0.jpg,91,veri,17
VeRi/image_train/0091_c018_00010995_0.jpg,91,veri,17
VeRi/image_train/0091_c018_00011010_1.jpg,91,veri,17
VeRi/image_train/0091_c018_00011025_0.jpg,91,veri,17
VeRi/image_train/0091_c018_00011050_0.jpg,91,veri,17
VeRi/image_train/0094_c005_00034065_0.jpg,94,veri,4
VeRi/image_train/0094_c005_00034075_0.jpg,94,veri,4
VeRi/image_train/0094_c005_00034090_0.jpg,94,veri,4
VeRi/image_train/0094_c005_00034105_0.jpg,94,veri,4
VeRi/image_train/0094_c005_00034125_0.jpg,94,veri,4
VeRi/image_train/0094_c005_00034140_0.jpg,94,veri,4
VeRi/image_train/0094_c007_00034180_0.jpg,94,veri,6
VeRi/image_train/0094_c007_00034190_0.jpg,94,veri,6
VeRi/image_train/0094_c007_00034195_0.jpg,94,veri,6
VeRi/image_train/0094_c007_00034200_0.jpg,94,veri,6
VeRi/image_train/0094_c007_00034205_0.jpg,94,veri,6
VeRi/image_train/0094_c007_00034215_0.jpg,94,veri,6
VeRi/image_train/0094_c008_00032905_0.jpg,94,veri,7
VeRi/image_train/0094_c008_00032915_0.jpg,94,veri,7
VeRi/image_train/0094_c008_00032920_1.jpg,94,veri,7
VeRi/image_train/0094_c008_00032930_1.jpg,94,veri,7
VeRi/image_train/0094_c008_00032965_1.jpg,94,veri,7
VeRi/image_train/0094_c008_00032980_0.jpg,94,veri,7
VeRi/image_train/0094_c008_00033655_0.jpg,94,veri,7
VeRi/image_train/0094_c008_00033660_0.jpg,94,veri,7
VeRi/image_train/0094_c008_00033665_0.jpg,94,veri,7
VeRi/image_train/0094_c008_00033670_0.jpg,94,veri,7
VeRi/image_train/0094_c008_00033675_0.jpg,94,veri,7
VeRi/image_train/0094_c008_00033680_0.jpg,94,veri,7
VeRi/image_train/0094_c009_00033010_0.jpg,94,veri,8
VeRi/image_train/0094_c009_00033015_0.jpg,94,veri,8
VeRi/image_train/0094_c009_00033020_0.jpg,94,veri,8
VeRi/image_train/0094_c009_00033025_0.jpg,94,veri,8
VeRi/image_train/0094_c009_00033600_0.jpg,94,veri,8
VeRi/image_train/0094_c009_00033605_0.jpg,94,veri,8
VeRi/image_train/0094_c009_00033610_0.jpg,94,veri,8
VeRi/image_train/0094_c009_00033615_0.jpg,94,veri,8
VeRi/image_train/0094_c009_00033620_0.jpg,94,veri,8
VeRi/image_train/0094_c009_00033625_0.jpg,94,veri,8
VeRi/image_train/0094_c014_00000360_0.jpg,94,veri,13
VeRi/image_train/0094_c014_00000365_0.jpg,94,veri,13
VeRi/image_train/0094_c014_00000370_0.jpg,94,veri,13
VeRi/image_train/0094_c014_00000375_0.jpg,94,veri,13
VeRi/image_train/0094_c014_00000380_0.jpg,94,veri,13
VeRi/image_train/0094_c014_00000385_0.jpg,94,veri,13
VeRi/image_train/0094_c014_00006640_0.jpg,94,veri,13
VeRi/image_train/0094_c014_00006655_0.jpg,94,veri,13
VeRi/image_train/0094_c014_00006660_0.jpg,94,veri,13
VeRi/image_train/0094_c014_00006665_0.jpg,94,veri,13
VeRi/image_train/0094_c014_00006670_0.jpg,94,veri,13
VeRi/image_train/0094_c014_00006675_0.jpg,94,veri,13
VeRi/image_train/0094_c014_00011975_0.jpg,94,veri,13
VeRi/image_train/0094_c014_00011980_0.jpg,94,veri,13
VeRi/image_train/0094_c014_00011985_0.jpg,94,veri,13
VeRi/image_train/0094_c014_00011990_0.jpg,94,veri,13
VeRi/image_train/0094_c014_00011995_0.jpg,94,veri,13
VeRi/image_train/0094_c014_00012000_0.jpg,94,veri,13
VeRi/image_train/0094_c014_00042135_0.jpg,94,veri,13
VeRi/image_train/0094_c014_00042140_0.jpg,94,veri,13
VeRi/image_train/0094_c014_00042145_0.jpg,94,veri,13
VeRi/image_train/0094_c014_00042150_0.jpg,94,veri,13
VeRi/image_train/0094_c014_00042155_0.jpg,94,veri,13
VeRi/image_train/0094_c014_00042160_0.jpg,94,veri,13
VeRi/image_train/0094_c014_00044995_0.jpg,94,veri,13
VeRi/image_train/0094_c014_00045005_0.jpg,94,veri,13
VeRi/image_train/0094_c014_00045015_0.jpg,94,veri,13
VeRi/image_train/0094_c014_00045025_0.jpg,94,veri,13
VeRi/image_train/0094_c014_00045030_0.jpg,94,veri,13
VeRi/image_train/0094_c014_00045035_0.jpg,94,veri,13
VeRi/image_train/0094_c015_00000215_0.jpg,94,veri,14
VeRi/image_train/0094_c015_00000240_0.jpg,94,veri,14
VeRi/image_train/0094_c015_00000245_0.jpg,94,veri,14
VeRi/image_train/0094_c015_00000250_0.jpg,94,veri,14
VeRi/image_train/0094_c015_00000270_0.jpg,94,veri,14
VeRi/image_train/0094_c015_00000275_0.jpg,94,veri,14
VeRi/image_train/0094_c015_00006810_1.jpg,94,veri,14
VeRi/image_train/0094_c015_00006815_1.jpg,94,veri,14
VeRi/image_train/0094_c015_00006820_1.jpg,94,veri,14
VeRi/image_train/0094_c015_00006825_1.jpg,94,veri,14
VeRi/image_train/0094_c015_00006830_1.jpg,94,veri,14
VeRi/image_train/0094_c015_00006835_1.jpg,94,veri,14
VeRi/image_train/0094_c015_00011855_0.jpg,94,veri,14
VeRi/image_train/0094_c015_00011860_0.jpg,94,veri,14
VeRi/image_train/0094_c015_00011865_0.jpg,94,veri,14
VeRi/image_train/0094_c015_00011870_0.jpg,94,veri,14
VeRi/image_train/0094_c015_00011875_0.jpg,94,veri,14
VeRi/image_train/0094_c015_00011880_0.jpg,94,veri,14
VeRi/image_train/0094_c015_00042200_0.jpg,94,veri,14
VeRi/image_train/0094_c015_00042205_0.jpg,94,veri,14
VeRi/image_train/0094_c015_00042210_0.jpg,94,veri,14
VeRi/image_train/0094_c015_00042215_0.jpg,94,veri,14
VeRi/image_train/0094_c015_00042220_0.jpg,94,veri,14
VeRi/image_train/0094_c015_00042230_0.jpg,94,veri,14
VeRi/image_train/0094_c015_00044755_0.jpg,94,veri,14
VeRi/image_train/0094_c015_00044760_0.jpg,94,veri,14
VeRi/image_train/0094_c015_00044765_0.jpg,94,veri,14
VeRi/image_train/0094_c015_00044785_0.jpg,94,veri,14
VeRi/image_train/0094_c016_00000585_0.jpg,94,veri,15
VeRi/image_train/0094_c016_00000590_1.jpg,94,veri,15
VeRi/image_train/0094_c016_00000595_1.jpg,94,veri,15
VeRi/image_train/0094_c016_00000600_1.jpg,94,veri,15
VeRi/image_train/0094_c016_00000605_0.jpg,94,veri,15
VeRi/image_train/0094_c016_00000610_0.jpg,94,veri,15
VeRi/image_train/0094_c016_00006160_0.jpg,94,veri,15
VeRi/image_train/0094_c016_00006165_0.jpg,94,veri,15
VeRi/image_train/0094_c016_00006170_0.jpg,94,veri,15
VeRi/image_train/0094_c016_00006175_0.jpg,94,veri,15
VeRi/image_train/0094_c016_00006180_0.jpg,94,veri,15
VeRi/image_train/0094_c016_00012220_0.jpg,94,veri,15
VeRi/image_train/0094_c016_00012225_0.jpg,94,veri,15
VeRi/image_train/0094_c016_00041720_1.jpg,94,veri,15
VeRi/image_train/0094_c016_00041725_1.jpg,94,veri,15
VeRi/image_train/0094_c016_00041730_0.jpg,94,veri,15
VeRi/image_train/0094_c016_00041735_0.jpg,94,veri,15
VeRi/image_train/0094_c016_00041740_0.jpg,94,veri,15
VeRi/image_train/0094_c016_00041745_0.jpg,94,veri,15
VeRi/image_train/0094_c016_00084860_0.jpg,94,veri,15
VeRi/image_train/0094_c016_00084865_0.jpg,94,veri,15
VeRi/image_train/0094_c016_00084870_0.jpg,94,veri,15
VeRi/image_train/0094_c016_00084875_0.jpg,94,veri,15
VeRi/image_train/0094_c017_00010400_0.jpg,94,veri,16
VeRi/image_train/0094_c017_00010425_0.jpg,94,veri,16
VeRi/image_train/0094_c017_00010435_1.jpg,94,veri,16
VeRi/image_train/0094_c017_00010445_1.jpg,94,veri,16
VeRi/image_train/0094_c017_00010455_1.jpg,94,veri,16
VeRi/image_train/0094_c017_00010490_0.jpg,94,veri,16
VeRi/image_train/0094_c017_00011155_0.jpg,94,veri,16
VeRi/image_train/0094_c017_00011175_0.jpg,94,veri,16
VeRi/image_train/0094_c017_00011190_0.jpg,94,veri,16
VeRi/image_train/0094_c017_00011205_0.jpg,94,veri,16
VeRi/image_train/0094_c017_00011215_1.jpg,94,veri,16
VeRi/image_train/0094_c017_00011245_0.jpg,94,veri,16
VeRi/image_train/0094_c017_00043710_0.jpg,94,veri,16
VeRi/image_train/0094_c017_00043740_0.jpg,94,veri,16
VeRi/image_train/0094_c017_00043750_1.jpg,94,veri,16
VeRi/image_train/0094_c017_00043760_0.jpg,94,veri,16
VeRi/image_train/0094_c017_00043775_0.jpg,94,veri,16
VeRi/image_train/0094_c017_00043785_0.jpg,94,veri,16
VeRi/image_train/0094_c019_00010280_0.jpg,94,veri,18
VeRi/image_train/0094_c019_00010295_0.jpg,94,veri,18
VeRi/image_train/0094_c019_00010300_0.jpg,94,veri,18
VeRi/image_train/0094_c019_00010305_0.jpg,94,veri,18
VeRi/image_train/0094_c019_00010310_0.jpg,94,veri,18
VeRi/image_train/0094_c019_00010315_0.jpg,94,veri,18
VeRi/image_train/0094_c019_00011395_0.jpg,94,veri,18
VeRi/image_train/0094_c019_00011405_0.jpg,94,veri,18
VeRi/image_train/0094_c019_00011415_0.jpg,94,veri,18
VeRi/image_train/0094_c019_00011425_0.jpg,94,veri,18
VeRi/image_train/0094_c019_00011435_0.jpg,94,veri,18
VeRi/image_train/0094_c019_00011445_0.jpg,94,veri,18
VeRi/image_train/0094_c019_00043025_0.jpg,94,veri,18
VeRi/image_train/0094_c019_00043030_0.jpg,94,veri,18
VeRi/image_train/0094_c019_00043035_0.jpg,94,veri,18
VeRi/image_train/0094_c019_00043040_0.jpg,94,veri,18
VeRi/image_train/0094_c019_00043045_0.jpg,94,veri,18
VeRi/image_train/0094_c019_00043050_0.jpg,94,veri,18
VeRi/image_train/0094_c019_00044075_0.jpg,94,veri,18
VeRi/image_train/0094_c019_00044125_0.jpg,94,veri,18
VeRi/image_train/0097_c003_00015475_1.jpg,97,veri,2
VeRi/image_train/0097_c003_00015485_1.jpg,97,veri,2
VeRi/image_train/0097_c003_00015505_0.jpg,97,veri,2
VeRi/image_train/0097_c003_00015520_0.jpg,97,veri,2
VeRi/image_train/0097_c003_00015565_1.jpg,97,veri,2
VeRi/image_train/0097_c003_00015575_1.jpg,97,veri,2
VeRi/image_train/0097_c005_00083330_0.jpg,97,veri,4
VeRi/image_train/0097_c005_00083340_0.jpg,97,veri,4
VeRi/image_train/0097_c005_00083355_0.jpg,97,veri,4
VeRi/image_train/0097_c005_00083370_0.jpg,97,veri,4
VeRi/image_train/0097_c005_00083380_0.jpg,97,veri,4
VeRi/image_train/0097_c005_00083390_0.jpg,97,veri,4
VeRi/image_train/0097_c007_00083435_0.jpg,97,veri,6
VeRi/image_train/0097_c007_00083440_0.jpg,97,veri,6
VeRi/image_train/0097_c007_00083450_0.jpg,97,veri,6
VeRi/image_train/0097_c007_00083460_0.jpg,97,veri,6
VeRi/image_train/0097_c007_00083470_0.jpg,97,veri,6
VeRi/image_train/0097_c007_00083475_0.jpg,97,veri,6
VeRi/image_train/0097_c008_00082595_0.jpg,97,veri,7
VeRi/image_train/0097_c008_00082600_0.jpg,97,veri,7
VeRi/image_train/0097_c008_00082605_0.jpg,97,veri,7
VeRi/image_train/0097_c008_00082610_0.jpg,97,veri,7
VeRi/image_train/0097_c008_00082615_0.jpg,97,veri,7
VeRi/image_train/0097_c009_00082535_0.jpg,97,veri,8
VeRi/image_train/0097_c009_00082540_0.jpg,97,veri,8
VeRi/image_train/0097_c009_00082545_0.jpg,97,veri,8
VeRi/image_train/0097_c009_00082550_0.jpg,97,veri,8
VeRi/image_train/0097_c009_00082555_0.jpg,97,veri,8
VeRi/image_train/0097_c009_00082560_0.jpg,97,veri,8
