path,original_pid,source_dataset,camid
market1501/bounding_box_train/0010_c1s6_027271_05.jpg,10,market1501,0
market1501/bounding_box_train/0010_c1s6_027296_01.jpg,10,market1501,0
market1501/bounding_box_train/0010_c3s3_075919_02.jpg,10,market1501,2
market1501/bounding_box_train/0010_c3s3_076019_01.jpg,10,market1501,2
market1501/bounding_box_train/0010_c3s3_076044_05.jpg,10,market1501,2
market1501/bounding_box_train/0010_c3s3_076069_03.jpg,10,market1501,2
market1501/bounding_box_train/0010_c5s3_076487_02.jpg,10,market1501,4
market1501/bounding_box_train/0010_c6s4_002427_02.jpg,10,market1501,5
market1501/bounding_box_train/0010_c6s4_002427_07.jpg,10,market1501,5
market1501/bounding_box_train/0010_c6s4_002452_02.jpg,10,market1501,5
market1501/bounding_box_train/0010_c6s4_002502_02.jpg,10,market1501,5
market1501/bounding_box_train/1000_c1s4_068286_01.jpg,1000,market1501,0
market1501/bounding_box_train/1000_c2s2_125652_03.jpg,1000,market1501,1
market1501/bounding_box_train/1000_c2s2_125752_07.jpg,1000,market1501,1
market1501/bounding_box_train/1000_c2s2_125752_12.jpg,1000,market1501,1
market1501/bounding_box_train/1000_c2s2_151852_02.jpg,1000,market1501,1
market1501/bounding_box_train/1000_c3s2_129019_03.jpg,1000,market1501,2
market1501/bounding_box_train/1000_c3s2_129069_03.jpg,1000,market1501,2
market1501/bounding_box_train/1000_c3s2_154294_03.jpg,1000,market1501,2
market1501/bounding_box_train/1000_c3s2_154369_04.jpg,1000,market1501,2
market1501/bounding_box_train/1000_c5s2_154899_03.jpg,1000,market1501,4
market1501/bounding_box_train/1000_c6s2_123243_02.jpg,1000,market1501,5
market1501/bounding_box_train/1000_c6s3_016067_05.jpg,1000,market1501,5
market1501/bounding_box_train/1000_c6s3_016117_02.jpg,1000,market1501,5
market1501/bounding_box_train/1000_c6s3_016142_03.jpg,1000,market1501,5
market1501/bounding_box_train/1001_c1s4_068261_01.jpg,1001,market1501,0
market1501/bounding_box_train/1001_c1s5_018936_01.jpg,1001,market1501,0
market1501/bounding_box_train/1001_c1s5_019161_01.jpg,1001,market1501,0
market1501/bounding_box_train/1001_c1s5_019211_01.jpg,1001,market1501,0
market1501/bounding_box_train/1001_c2s2_125652_01.jpg,1001,market1501,1
market1501/bounding_box_train/1001_c2s2_125752_01.jpg,1001,market1501,1
market1501/bounding_box_train/1001_c2s2_151652_02.jpg,1001,market1501,1
market1501/bounding_box_train/1001_c2s2_151702_02.jpg,1001,market1501,1
market1501/bounding_box_train/1001_c2s2_151702_07.jpg,1001,market1501,1
market1501/bounding_box_train/1001_c3s2_129019_02.jpg,1001,market1501,2
market1501/bounding_box_train/1001_c3s2_129069_01.jpg,1001,market1501,2
market1501/bounding_box_train/1001_c3s2_154369_01.jpg,1001,market1501,2
market1501/bounding_box_train/1001_c3s2_154394_01.jpg,1001,market1501,2
market1501/bounding_box_train/1001_c5s2_129249_01.jpg,1001,market1501,4
market1501/bounding_box_train/1001_c5s2_154899_01.jpg,1001,market1501,4
market1501/bounding_box_train/1001_c5s2_154899_05.jpg,1001,market1501,4
market1501/bounding_box_train/1001_c6s2_123218_01.jpg,1001,market1501,5
market1501/bounding_box_train/1001_c6s2_123243_01.jpg,1001,market1501,5
market1501/bounding_box_train/1001_c6s2_123268_01.jpg,1001,market1501,5
market1501/bounding_box_train/1001_c6s3_016017_01.jpg,1001,market1501,5
market1501/bounding_box_train/1001_c6s3_016067_01.jpg,1001,market1501,5
market1501/bounding_box_train/1001_c6s3_016117_01.jpg,1001,market1501,5
market1501/bounding_box_train/1004_c1s4_069311_01.jpg,1004,market1501,0
market1501/bounding_box_train/1004_c1s4_069536_02.jpg,1004,market1501,0
market1501/bounding_box_train/1004_c1s4_074336_04.jpg,1004,market1501,0
market1501/bounding_box_train/1004_c1s4_074361_05.jpg,1004,market1501,0
market1501/bounding_box_train/1004_c2s2_131827_07.jpg,1004,market1501,1
market1501/bounding_box_train/1004_c3s2_129494_01.jpg,1004,market1501,2
market1501/bounding_box_train/1004_c3s2_129569_03.jpg,1004,market1501,2
market1501/bounding_box_train/1004_c3s2_129619_02.jpg,1004,market1501,2
market1501/bounding_box_train/1004_c3s2_134619_04.jpg,1004,market1501,2
market1501/bounding_box_train/1004_c3s2_134669_07.jpg,1004,market1501,2
market1501/bounding_box_train/1004_c5s2_130449_05.jpg,1004,market1501,4
market1501/bounding_box_train/1004_c5s2_135049_02.jpg,1004,market1501,4
market1501/bounding_box_train/1004_c6s2_123643_02.jpg,1004,market1501,5
market1501/bounding_box_train/1004_c6s2_123818_01.jpg,1004,market1501,5
market1501/bounding_box_train/1004_c6s2_123918_02.jpg,1004,market1501,5
market1501/bounding_box_train/1012_c1s4_070486_02.jpg,1012,market1501,0
market1501/bounding_box_train/1012_c1s4_070511_03.jpg,1012,market1501,0
market1501/bounding_box_train/1012_c2s2_127902_08.jpg,1012,market1501,1
market1501/bounding_box_train/1012_c2s2_127977_09.jpg,1012,market1501,1
market1501/bounding_box_train/1012_c2s2_128027_01.jpg,1012,market1501,1
market1501/bounding_box_train/1012_c2s2_128052_01.jpg,1012,market1501,1
market1501/bounding_box_train/1012_c3s2_130344_07.jpg,1012,market1501,2
market1501/bounding_box_train/1012_c3s2_130444_05.jpg,1012,market1501,2
market1501/bounding_box_train/1012_c6s2_124543_01.jpg,1012,market1501,5
market1501/bounding_box_train/1012_c6s2_124593_01.jpg,1012,market1501,5
market1501/bounding_box_train/1012_c6s2_124643_06.jpg,1012,market1501,5
market1501/bounding_box_train/1012_c6s2_124693_01.jpg,1012,market1501,5
market1501/bounding_box_train/1019_c1s4_070461_06.jpg,1019,market1501,0
market1501/bounding_box_train/1019_c1s4_070486_01.jpg,1019,market1501,0
market1501/bounding_box_train/1019_c2s2_128127_05.jpg,1019,market1501,1
market1501/bounding_box_train/1019_c3s2_130769_08.jpg,1019,market1501,2
market1501/bounding_box_train/1019_c3s2_130794_06.jpg,1019,market1501,2
market1501/bounding_box_train/1019_c3s2_130819_07.jpg,1019,market1501,2
market1501/bounding_box_train/1019_c3s2_130869_04.jpg,1019,market1501,2
market1501/bounding_box_train/1019_c5s2_131424_08.jpg,1019,market1501,4
market1501/bounding_box_train/1019_c5s2_131624_01.jpg,1019,market1501,4
market1501/bounding_box_train/1019_c6s2_124843_03.jpg,1019,market1501,5
market1501/bounding_box_train/1019_c6s2_124868_01.jpg,1019,market1501,5
market1501/bounding_box_train/1019_c6s2_124993_04.jpg,1019,market1501,5
market1501/bounding_box_train/1025_c1s4_071761_01.jpg,1025,market1501,0
market1501/bounding_box_train/1025_c1s4_071811_02.jpg,1025,market1501,0
market1501/bounding_box_train/1025_c1s4_071861_01.jpg,1025,market1501,0
market1501/bounding_box_train/1025_c3s2_132069_03.jpg,1025,market1501,2
market1501/bounding_box_train/1025_c3s2_132144_02.jpg,1025,market1501,2
market1501/bounding_box_train/1025_c3s2_132219_04.jpg,1025,market1501,2
market1501/bounding_box_train/1025_c5s2_132774_02.jpg,1025,market1501,4
market1501/bounding_box_train/1025_c5s2_132999_04.jpg,1025,market1501,4
market1501/bounding_box_train/1025_c5s2_133199_01.jpg,1025,market1501,4
market1501/bounding_box_train/1025_c6s2_126168_01.jpg,1025,market1501,5
market1501/bounding_box_train/1025_c6s2_126218_01.jpg,1025,market1501,5
market1501/bounding_box_train/1025_c6s2_126318_01.jpg,1025,market1501,5
market1501/bounding_box_train/1025_c6s2_126368_01.jpg,1025,market1501,5
market1501/bounding_box_train/1025_c6s2_126443_02.jpg,1025,market1501,5
market1501/bounding_box_train/1038_c1s4_073586_01.jpg,1038,market1501,0
market1501/bounding_box_train/1038_c1s4_073636_01.jpg,1038,market1501,0
market1501/bounding_box_train/1038_c2s2_131177_11.jpg,1038,market1501,1
market1501/bounding_box_train/1038_c2s2_131202_03.jpg,1038,market1501,1
market1501/bounding_box_train/1038_c2s2_131252_01.jpg,1038,market1501,1
market1501/bounding_box_train/1038_c2s2_131277_01.jpg,1038,market1501,1
market1501/bounding_box_train/1038_c3s2_133894_03.jpg,1038,market1501,2
market1501/bounding_box_train/1038_c3s2_133969_03.jpg,1038,market1501,2
market1501/bounding_box_train/1038_c5s2_134574_02.jpg,1038,market1501,4
market1501/bounding_box_train/1038_c5s2_134624_02.jpg,1038,market1501,4
market1501/bounding_box_train/1038_c6s2_128068_01.jpg,1038,market1501,5
market1501/bounding_box_train/1038_c6s2_128093_02.jpg,1038,market1501,5
market1501/bounding_box_train/1041_c2s2_131452_02.jpg,1041,market1501,1
market1501/bounding_box_train/1041_c2s2_131477_03.jpg,1041,market1501,1
market1501/bounding_box_train/1041_c3s2_134144_02.jpg,1041,market1501,2
market1501/bounding_box_train/1041_c3s2_134169_02.jpg,1041,market1501,2
market1501/bounding_box_train/1041_c3s2_134194_02.jpg,1041,market1501,2
market1501/bounding_box_train/1041_c6s2_128243_03.jpg,1041,market1501,5
market1501/bounding_box_train/1041_c6s2_128268_02.jpg,1041,market1501,5
market1501/bounding_box_train/1041_c6s2_128293_02.jpg,1041,market1501,5
market1501/bounding_box_train/1041_c6s2_128318_04.jpg,1041,market1501,5
market1501/bounding_box_train/1045_c2s2_132102_01.jpg,1045,market1501,1
market1501/bounding_box_train/1045_c2s2_132127_03.jpg,1045,market1501,1
market1501/bounding_box_train/1045_c3s2_134344_02.jpg,1045,market1501,2
market1501/bounding_box_train/1045_c3s2_134394_03.jpg,1045,market1501,2
market1501/bounding_box_train/1045_c3s2_134769_05.jpg,1045,market1501,2
market1501/bounding_box_train/1045_c6s2_128468_01.jpg,1045,market1501,5
market1501/bounding_box_train/1045_c6s2_128493_02.jpg,1045,market1501,5
market1501/bounding_box_train/1045_c6s2_128518_02.jpg,1045,market1501,5
market1501/bounding_box_train/0105_c1s1_017626_02.jpg,105,market1501,0
market1501/bounding_box_train/0105_c1s1_017676_04.jpg,105,market1501,0
market1501/bounding_box_train/0105_c1s1_018001_03.jpg,105,market1501,0
market1501/bounding_box_train/0105_c1s1_026351_01.jpg,105,market1501,0
market1501/bounding_box_train/0105_c1s1_026376_01.jpg,105,market1501,0
market1501/bounding_box_train/0105_c1s1_037276_01.jpg,105,market1501,0
market1501/bounding_box_train/0105_c1s1_037926_02.jpg,105,market1501,0
market1501/bounding_box_train/0105_c2s1_017426_01.jpg,105,market1501,1
market1501/bounding_box_train/0105_c2s1_017451_04.jpg,105,market1501,1
market1501/bounding_box_train/0105_c2s1_017476_02.jpg,105,market1501,1
market1501/bounding_box_train/0105_c2s1_017601_01.jpg,105,market1501,1
market1501/bounding_box_train/0105_c2s1_025851_02.jpg,105,market1501,1
market1501/bounding_box_train/0105_c2s1_036726_01.jpg,105,market1501,1
market1501/bounding_box_train/0105_c3s1_017076_01.jpg,105,market1501,2
market1501/bounding_box_train/0105_c3s1_026151_01.jpg,105,market1501,2
market1501/bounding_box_train/0105_c3s1_026226_01.jpg,105,market1501,2
market1501/bounding_box_train/0105_c3s1_036301_01.jpg,105,market1501,2
market1501/bounding_box_train/0105_c3s1_036326_01.jpg,105,market1501,2
market1501/bounding_box_train/0105_c5s1_017576_01.jpg,105,market1501,4
market1501/bounding_box_train/0105_c5s1_017601_01.jpg,105,market1501,4
market1501/bounding_box_train/0105_c5s1_017701_01.jpg,105,market1501,4
market1501/bounding_box_train/0105_c5s1_017826_02.jpg,105,market1501,4
market1501/bounding_box_train/0105_c5s1_018451_01.jpg,105,market1501,4
market1501/bounding_box_train/0105_c5s1_026351_01.jpg,105,market1501,4
market1501/bounding_box_train/0105_c5s1_037176_02.jpg,105,market1501,4
market1501/bounding_box_train/0105_c5s1_037301_01.jpg,105,market1501,4
market1501/bounding_box_train/0105_c5s1_037301_04.jpg,105,market1501,4
market1501/bounding_box_train/0105_c5s1_037501_01.jpg,105,market1501,4
market1501/bounding_box_train/0105_c5s1_037501_06.jpg,105,market1501,4
market1501/bounding_box_train/0105_c5s1_038176_01.jpg,105,market1501,4
market1501/bounding_box_train/0105_c5s1_038176_03.jpg,105,market1501,4
market1501/bounding_box_train/0105_c5s1_038201_01.jpg,105,market1501,4
market1501/bounding_box_train/0105_c5s1_038226_01.jpg,105,market1501,4
market1501/bounding_box_train/0105_c6s1_017151_05.jpg,105,market1501,5
market1501/bounding_box_train/0105_c6s1_017301_04.jpg,105,market1501,5
market1501/bounding_box_train/0105_c6s1_017501_03.jpg,105,market1501,5
market1501/bounding_box_train/0105_c6s1_017526_02.jpg,105,market1501,5
market1501/bounding_box_train/0105_c6s1_017551_01.jpg,105,market1501,5
market1501/bounding_box_train/0105_c6s1_017576_01.jpg,105,market1501,5
market1501/bounding_box_train/0105_c6s1_017601_02.jpg,105,market1501,5
market1501/bounding_box_train/0105_c6s1_017601_09.jpg,105,market1501,5
market1501/bounding_box_train/0105_c6s1_017626_02.jpg,105,market1501,5
market1501/bounding_box_train/0105_c6s1_017651_03.jpg,105,market1501,5
market1501/bounding_box_train/0105_c6s1_026726_01.jpg,105,market1501,5
market1501/bounding_box_train/0105_c6s1_026751_01.jpg,105,market1501,5
market1501/bounding_box_train/0105_c6s1_026776_01.jpg,105,market1501,5
market1501/bounding_box_train/0105_c6s1_026801_01.jpg,105,market1501,5
market1501/bounding_box_train/0105_c6s1_026826_01.jpg,105,market1501,5
market1501/bounding_box_train/0105_c6s1_026851_01.jpg,105,market1501,5
market1501/bounding_box_train/0105_c6s1_036276_01.jpg,105,market1501,5
market1501/bounding_box_train/0105_c6s1_036301_01.jpg,105,market1501,5
market1501/bounding_box_train/0105_c6s1_036326_01.jpg,105,market1501,5
market1501/bounding_box_train/0105_c6s1_036351_01.jpg,105,market1501,5
market1501/bounding_box_train/0105_c6s1_036376_01.jpg,105,market1501,5
market1501/bounding_box_train/0105_c6s1_036401_01.jpg,105,market1501,5
market1501/bounding_box_train/0105_c6s1_036476_01.jpg,105,market1501,5
market1501/bounding_box_train/0105_c6s1_036626_01.jpg,105,market1501,5
market1501/bounding_box_train/0105_c6s1_036651_02.jpg,105,market1501,5
market1501/bounding_box_train/0105_c6s1_036651_06.jpg,105,market1501,5
market1501/bounding_box_train/0105_c6s1_036676_01.jpg,105,market1501,5
market1501/bounding_box_train/0105_c6s1_036701_01.jpg,105,market1501,5
market1501/bounding_box_train/0105_c6s1_036776_01.jpg,105,market1501,5
market1501/bounding_box_train/0105_c6s1_036801_01.jpg,105,market1501,5
market1501/bounding_box_train/0105_c6s1_036801_05.jpg,105,market1501,5
market1501/bounding_box_train/0105_c6s1_036876_02.jpg,105,market1501,5
market1501/bounding_box_train/0105_c6s1_036876_04.jpg,105,market1501,5
market1501/bounding_box_train/0105_c6s1_036976_01.jpg,105,market1501,5
market1501/bounding_box_train/0105_c6s1_037026_01.jpg,105,market1501,5
market1501/bounding_box_train/0105_c6s1_038251_01.jpg,105,market1501,5
market1501/bounding_box_train/0105_c6s1_038276_01.jpg,105,market1501,5
market1501/bounding_box_train/0106_c1s1_018001_01.jpg,106,market1501,0
market1501/bounding_box_train/0106_c1s1_018076_01.jpg,106,market1501,0
market1501/bounding_box_train/0106_c2s1_017401_02.jpg,106,market1501,1
market1501/bounding_box_train/0106_c2s1_017426_03.jpg,106,market1501,1
market1501/bounding_box_train/0106_c2s1_017426_04.jpg,106,market1501,1
market1501/bounding_box_train/0106_c2s1_017451_06.jpg,106,market1501,1
market1501/bounding_box_train/0106_c2s1_017476_03.jpg,106,market1501,1
market1501/bounding_box_train/0106_c2s1_017476_05.jpg,106,market1501,1
market1501/bounding_box_train/0106_c3s1_017526_04.jpg,106,market1501,2
market1501/bounding_box_train/0106_c3s1_017676_04.jpg,106,market1501,2
market1501/bounding_box_train/0106_c4s1_018251_03.jpg,106,market1501,3
market1501/bounding_box_train/0106_c4s1_018276_03.jpg,106,market1501,3
market1501/bounding_box_train/0106_c4s1_018301_02.jpg,106,market1501,3
market1501/bounding_box_train/0106_c5s1_017951_03.jpg,106,market1501,4
market1501/bounding_box_train/0106_c5s1_018076_02.jpg,106,market1501,4
market1501/bounding_box_train/0106_c5s1_018201_01.jpg,106,market1501,4
market1501/bounding_box_train/0106_c5s1_018251_01.jpg,106,market1501,4
market1501/bounding_box_train/0106_c5s1_018326_01.jpg,106,market1501,4
market1501/bounding_box_train/0107_c1s1_018076_03.jpg,107,market1501,0
market1501/bounding_box_train/0107_c1s1_018126_01.jpg,107,market1501,0
market1501/bounding_box_train/0107_c1s1_018151_01.jpg,107,market1501,0
market1501/bounding_box_train/0107_c1s1_018176_01.jpg,107,market1501,0
market1501/bounding_box_train/0107_c1s1_019601_01.jpg,107,market1501,0
market1501/bounding_box_train/0107_c1s1_019676_01.jpg,107,market1501,0
market1501/bounding_box_train/0107_c1s1_019776_02.jpg,107,market1501,0
market1501/bounding_box_train/0107_c2s1_017426_05.jpg,107,market1501,1
market1501/bounding_box_train/0107_c2s1_017451_01.jpg,107,market1501,1
market1501/bounding_box_train/0107_c2s1_017476_01.jpg,107,market1501,1
market1501/bounding_box_train/0107_c2s1_017601_02.jpg,107,market1501,1
market1501/bounding_box_train/0107_c2s1_017626_04.jpg,107,market1501,1
market1501/bounding_box_train/0107_c3s1_017526_01.jpg,107,market1501,2
market1501/bounding_box_train/0107_c3s1_017576_01.jpg,107,market1501,2
market1501/bounding_box_train/0107_c3s1_017851_02.jpg,107,market1501,2
market1501/bounding_box_train/0107_c3s1_017876_01.jpg,107,market1501,2
market1501/bounding_box_train/0107_c3s1_018926_03.jpg,107,market1501,2
market1501/bounding_box_train/0107_c3s1_018976_04.jpg,107,market1501,2
market1501/bounding_box_train/0107_c3s1_019026_02.jpg,107,market1501,2
market1501/bounding_box_train/0107_c4s1_034226_01.jpg,107,market1501,3
market1501/bounding_box_train/0107_c5s1_018076_01.jpg,107,market1501,4
market1501/bounding_box_train/0107_c5s1_018201_02.jpg,107,market1501,4
market1501/bounding_box_train/0107_c5s1_019551_02.jpg,107,market1501,4
market1501/bounding_box_train/0107_c5s1_019801_01.jpg,107,market1501,4
market1501/bounding_box_train/0107_c5s1_020001_02.jpg,107,market1501,4
market1501/bounding_box_train/0107_c6s1_018401_02.jpg,107,market1501,5
market1501/bounding_box_train/0107_c6s1_018426_01.jpg,107,market1501,5
market1501/bounding_box_train/0107_c6s1_018451_01.jpg,107,market1501,5
market1501/bounding_box_train/0107_c6s1_018476_02.jpg,107,market1501,5
market1501/bounding_box_train/0107_c6s1_018601_01.jpg,107,market1501,5
market1501/bounding_box_train/0107_c6s1_018701_02.jpg,107,market1501,5
market1501/bounding_box_train/0107_c6s1_019251_04.jpg,107,market1501,5
market1501/bounding_box_train/0107_c6s1_019276_03.jpg,107,market1501,5
market1501/bounding_box_train/0107_c6s1_019301_02.jpg,107,market1501,5
market1501/bounding_box_train/0107_c6s1_019326_02.jpg,107,market1501,5
market1501/bounding_box_train/0107_c6s1_019351_02.jpg,107,market1501,5
market1501/bounding_box_train/0107_c6s1_019401_04.jpg,107,market1501,5
market1501/bounding_box_train/0107_c6s1_019426_04.jpg,107,market1501,5
market1501/bounding_box_train/0107_c6s1_019476_05.jpg,107,market1501,5
market1501/bounding_box_train/0107_c6s1_019501_04.jpg,107,market1501,5
market1501/bounding_box_train/0107_c6s1_019501_07.jpg,107,market1501,5
market1501/bounding_box_train/0107_c6s1_019526_03.jpg,107,market1501,5
market1501/bounding_box_train/0107_c6s1_019551_04.jpg,107,market1501,5
market1501/bounding_box_train/1079_c1s5_008936_03.jpg,1079,market1501,0
market1501/bounding_box_train/1079_c3s2_144069_04.jpg,1079,market1501,2
market1501/bounding_box_train/1079_c3s2_144094_04.jpg,1079,market1501,2
market1501/bounding_box_train/1079_c3s2_144119_03.jpg,1079,market1501,2
market1501/bounding_box_train/1079_c4s5_008704_01.jpg,1079,market1501,3
market1501/bounding_box_train/1079_c4s5_008729_01.jpg,1079,market1501,3
market1501/bounding_box_train/1079_c4s5_008754_01.jpg,1079,market1501,3
market1501/bounding_box_train/1079_c5s2_144824_02.jpg,1079,market1501,4
market1501/bounding_box_train/1079_c5s2_144849_01.jpg,1079,market1501,4
market1501/bounding_box_train/1079_c6s3_005867_02.jpg,1079,market1501,5
market1501/bounding_box_train/1079_c6s3_005942_01.jpg,1079,market1501,5
market1501/bounding_box_train/1079_c6s3_006017_01.jpg,1079,market1501,5
market1501/bounding_box_train/1081_c1s5_014361_04.jpg,1081,market1501,0
market1501/bounding_box_train/1081_c1s5_014411_02.jpg,1081,market1501,0
market1501/bounding_box_train/1081_c1s5_014461_04.jpg,1081,market1501,0
market1501/bounding_box_train/1081_c2s2_141177_01.jpg,1081,market1501,1
market1501/bounding_box_train/1081_c2s2_141202_01.jpg,1081,market1501,1
market1501/bounding_box_train/1081_c2s2_141277_01.jpg,1081,market1501,1
market1501/bounding_box_train/1081_c3s2_144494_03.jpg,1081,market1501,2
market1501/bounding_box_train/1081_c3s2_149594_06.jpg,1081,market1501,2
market1501/bounding_box_train/1081_c3s2_149694_04.jpg,1081,market1501,2
market1501/bounding_box_train/1081_c3s2_149719_02.jpg,1081,market1501,2
market1501/bounding_box_train/1081_c3s2_149744_01.jpg,1081,market1501,2
market1501/bounding_box_train/1081_c3s2_149769_01.jpg,1081,market1501,2
market1501/bounding_box_train/1081_c4s5_015979_03.jpg,1081,market1501,3
market1501/bounding_box_train/1081_c4s5_016004_02.jpg,1081,market1501,3
market1501/bounding_box_train/1081_c5s2_144749_02.jpg,1081,market1501,4
market1501/bounding_box_train/1081_c5s2_150349_01.jpg,1081,market1501,4
market1501/bounding_box_train/1081_c5s2_150399_01.jpg,1081,market1501,4
market1501/bounding_box_train/1081_c5s2_150449_03.jpg,1081,market1501,4
market1501/bounding_box_train/1081_c6s3_006442_01.jpg,1081,market1501,5
market1501/bounding_box_train/1081_c6s3_011492_01.jpg,1081,market1501,5
market1501/bounding_box_train/1081_c6s3_011567_01.jpg,1081,market1501,5
market1501/bounding_box_train/1081_c6s3_011642_01.jpg,1081,market1501,5
market1501/bounding_box_train/1081_c6s3_011692_03.jpg,1081,market1501,5
market1501/bounding_box_train/1097_c1s5_070316_03.jpg,1097,market1501,0
market1501/bounding_box_train/1097_c1s5_070341_01.jpg,1097,market1501,0
market1501/bounding_box_train/1097_c2s2_145677_02.jpg,1097,market1501,1
market1501/bounding_box_train/1097_c2s2_145702_01.jpg,1097,market1501,1
market1501/bounding_box_train/1097_c2s2_145802_06.jpg,1097,market1501,1
market1501/bounding_box_train/1097_c2s3_037932_03.jpg,1097,market1501,1
market1501/bounding_box_train/1097_c2s3_037957_02.jpg,1097,market1501,1
market1501/bounding_box_train/1097_c3s2_148919_02.jpg,1097,market1501,2
market1501/bounding_box_train/1097_c3s2_148944_02.jpg,1097,market1501,2
market1501/bounding_box_train/1097_c3s2_148994_02.jpg,1097,market1501,2
market1501/bounding_box_train/1097_c3s3_043778_03.jpg,1097,market1501,2
market1501/bounding_box_train/1097_c5s2_149224_02.jpg,1097,market1501,4
market1501/bounding_box_train/1097_c5s2_149224_03.jpg,1097,market1501,4
market1501/bounding_box_train/1097_c6s3_010892_02.jpg,1097,market1501,5
market1501/bounding_box_train/1097_c6s3_010917_01.jpg,1097,market1501,5
market1501/bounding_box_train/1097_c6s3_067417_01.jpg,1097,market1501,5
market1501/bounding_box_train/1097_c6s3_067442_03.jpg,1097,market1501,5
market1501/bounding_box_train/0011_c1s6_027271_01.jpg,11,market1501,0
market1501/bounding_box_train/0011_c1s6_027296_03.jpg,11,market1501,0
market1501/bounding_box_train/0011_c3s3_075919_03.jpg,11,market1501,2
market1501/bounding_box_train/0011_c3s3_075969_02.jpg,11,market1501,2
market1501/bounding_box_train/0011_c3s3_076044_03.jpg,11,market1501,2
market1501/bounding_box_train/0011_c3s3_076119_07.jpg,11,market1501,2
market1501/bounding_box_train/0011_c5s3_076537_12.jpg,11,market1501,4
market1501/bounding_box_train/0011_c5s3_076562_09.jpg,11,market1501,4
market1501/bounding_box_train/0011_c6s4_002352_01.jpg,11,market1501,5
market1501/bounding_box_train/0011_c6s4_002377_01.jpg,11,market1501,5
market1501/bounding_box_train/0011_c6s4_002427_01.jpg,11,market1501,5
market1501/bounding_box_train/0011_c6s4_002452_01.jpg,11,market1501,5
market1501/bounding_box_train/0011_c6s4_002502_01.jpg,11,market1501,5
market1501/bounding_box_train/0011_c6s4_002527_01.jpg,11,market1501,5
market1501/bounding_box_train/0011_c6s4_002527_05.jpg,11,market1501,5
market1501/bounding_box_train/1123_c1s5_021436_02.jpg,1123,market1501,0
market1501/bounding_box_train/1123_c1s5_028911_02.jpg,1123,market1501,0
market1501/bounding_box_train/1123_c2s2_153827_01.jpg,1123,market1501,1
market1501/bounding_box_train/1123_c2s2_153902_01.jpg,1123,market1501,1
market1501/bounding_box_train/1123_c2s2_161277_02.jpg,1123,market1501,1
market1501/bounding_box_train/1123_c2s2_161352_01.jpg,1123,market1501,1
market1501/bounding_box_train/1123_c3s2_157019_03.jpg,1123,market1501,2
market1501/bounding_box_train/1123_c3s2_157069_03.jpg,1123,market1501,2
market1501/bounding_box_train/1123_c3s2_157094_01.jpg,1123,market1501,2
market1501/bounding_box_train/1123_c3s3_002312_04.jpg,1123,market1501,2
market1501/bounding_box_train/1123_c3s3_002337_05.jpg,1123,market1501,2
market1501/bounding_box_train/1123_c5s2_157324_01.jpg,1123,market1501,4
market1501/bounding_box_train/1123_c5s3_003143_01.jpg,1123,market1501,4
market1501/bounding_box_train/1123_c6s3_019042_02.jpg,1123,market1501,5
market1501/bounding_box_train/1123_c6s3_019067_01.jpg,1123,market1501,5
market1501/bounding_box_train/1123_c6s3_025942_02.jpg,1123,market1501,5
market1501/bounding_box_train/1123_c6s3_025967_02.jpg,1123,market1501,5
market1501/bounding_box_train/1134_c1s5_022536_02.jpg,1134,market1501,0
market1501/bounding_box_train/1134_c1s5_022561_01.jpg,1134,market1501,0
market1501/bounding_box_train/1134_c1s5_022586_02.jpg,1134,market1501,0
market1501/bounding_box_train/1134_c1s5_030361_01.jpg,1134,market1501,0
market1501/bounding_box_train/1134_c2s2_162777_01.jpg,1134,market1501,1
market1501/bounding_box_train/1134_c2s2_162802_01.jpg,1134,market1501,1
market1501/bounding_box_train/1134_c3s2_158094_02.jpg,1134,market1501,2
market1501/bounding_box_train/1134_c3s2_158119_01.jpg,1134,market1501,2
market1501/bounding_box_train/1134_c3s2_158119_10.jpg,1134,market1501,2
market1501/bounding_box_train/1134_c3s2_158144_01.jpg,1134,market1501,2
market1501/bounding_box_train/1134_c3s2_158169_01.jpg,1134,market1501,2
market1501/bounding_box_train/1134_c3s3_003762_01.jpg,1134,market1501,2
market1501/bounding_box_train/1134_c3s3_003787_01.jpg,1134,market1501,2
market1501/bounding_box_train/1134_c5s2_158449_02.jpg,1134,market1501,4
market1501/bounding_box_train/1134_c5s2_158524_03.jpg,1134,market1501,4
market1501/bounding_box_train/1134_c6s3_019892_02.jpg,1134,market1501,5
market1501/bounding_box_train/1134_c6s3_019917_01.jpg,1134,market1501,5
market1501/bounding_box_train/1138_c1s5_023461_01.jpg,1138,market1501,0
market1501/bounding_box_train/1138_c2s2_155852_01.jpg,1138,market1501,1
market1501/bounding_box_train/1138_c2s2_155927_01.jpg,1138,market1501,1
market1501/bounding_box_train/1138_c3s2_159044_03.jpg,1138,market1501,2
market1501/bounding_box_train/1138_c3s2_159094_02.jpg,1138,market1501,2
market1501/bounding_box_train/1138_c5s2_159399_02.jpg,1138,market1501,4
market1501/bounding_box_train/1138_c6s3_021017_03.jpg,1138,market1501,5
market1501/bounding_box_train/0115_c1s1_019201_02.jpg,115,market1501,0
market1501/bounding_box_train/0115_c1s1_021151_01.jpg,115,market1501,0
market1501/bounding_box_train/0115_c1s1_021301_01.jpg,115,market1501,0
market1501/bounding_box_train/0115_c1s1_021376_02.jpg,115,market1501,0
market1501/bounding_box_train/0115_c2s1_018451_02.jpg,115,market1501,1
market1501/bounding_box_train/0115_c2s1_018676_01.jpg,115,market1501,1
market1501/bounding_box_train/0115_c2s1_020851_01.jpg,115,market1501,1
market1501/bounding_box_train/0115_c2s1_020876_01.jpg,115,market1501,1
market1501/bounding_box_train/0115_c3s1_018851_01.jpg,115,market1501,2
market1501/bounding_box_train/0115_c3s1_020426_01.jpg,115,market1501,2
market1501/bounding_box_train/0115_c3s1_020576_01.jpg,115,market1501,2
market1501/bounding_box_train/0115_c3s1_020576_04.jpg,115,market1501,2
market1501/bounding_box_train/0115_c3s1_020626_01.jpg,115,market1501,2
market1501/bounding_box_train/0115_c5s1_019126_02.jpg,115,market1501,4
market1501/bounding_box_train/0115_c5s1_019201_01.jpg,115,market1501,4
market1501/bounding_box_train/0115_c5s1_019201_08.jpg,115,market1501,4
market1501/bounding_box_train/0115_c5s1_021126_01.jpg,115,market1501,4
market1501/bounding_box_train/0115_c5s1_021151_01.jpg,115,market1501,4
market1501/bounding_box_train/0115_c5s1_021201_01.jpg,115,market1501,4
market1501/bounding_box_train/0115_c5s1_021276_01.jpg,115,market1501,4
market1501/bounding_box_train/0115_c5s1_021376_02.jpg,115,market1501,4
market1501/bounding_box_train/0115_c5s1_021401_02.jpg,115,market1501,4
market1501/bounding_box_train/0115_c5s1_021501_04.jpg,115,market1501,4
market1501/bounding_box_train/0115_c6s1_019401_06.jpg,115,market1501,5
market1501/bounding_box_train/0115_c6s1_019426_05.jpg,115,market1501,5
market1501/bounding_box_train/0115_c6s1_019476_02.jpg,115,market1501,5
market1501/bounding_box_train/0115_c6s1_019501_05.jpg,115,market1501,5
market1501/bounding_box_train/0115_c6s1_020901_01.jpg,115,market1501,5
market1501/bounding_box_train/0115_c6s1_020926_01.jpg,115,market1501,5
market1501/bounding_box_train/0115_c6s1_020951_01.jpg,115,market1501,5
market1501/bounding_box_train/0115_c6s1_020976_01.jpg,115,market1501,5
market1501/bounding_box_train/0115_c6s1_021001_01.jpg,115,market1501,5
market1501/bounding_box_train/0115_c6s1_021026_01.jpg,115,market1501,5
market1501/bounding_box_train/0115_c6s1_021051_01.jpg,115,market1501,5
market1501/bounding_box_train/0115_c6s1_021076_01.jpg,115,market1501,5
market1501/bounding_box_train/0115_c6s1_021101_02.jpg,115,market1501,5
market1501/bounding_box_train/1158_c1s5_028186_01.jpg,1158,market1501,0
market1501/bounding_box_train/1158_c1s5_028286_01.jpg,1158,market1501,0
market1501/bounding_box_train/1158_c1s6_013446_01.jpg,1158,market1501,0
market1501/bounding_box_train/1158_c1s6_013671_02.jpg,1158,market1501,0
market1501/bounding_box_train/1158_c2s2_160727_02.jpg,1158,market1501,1
market1501/bounding_box_train/1158_c2s2_160852_01.jpg,1158,market1501,1
market1501/bounding_box_train/1158_c2s3_037707_02.jpg,1158,market1501,1
market1501/bounding_box_train/1158_c2s3_037782_03.jpg,1158,market1501,1
market1501/bounding_box_train/1158_c2s3_037807_01.jpg,1158,market1501,1
market1501/bounding_box_train/1158_c3s3_001712_03.jpg,1158,market1501,2
market1501/bounding_box_train/1158_c3s3_001762_04.jpg,1158,market1501,2
market1501/bounding_box_train/1158_c3s3_001837_03.jpg,1158,market1501,2
market1501/bounding_box_train/1158_c3s3_044103_04.jpg,1158,market1501,2
market1501/bounding_box_train/1158_c3s3_044153_04.jpg,1158,market1501,2
market1501/bounding_box_train/1158_c3s3_044228_04.jpg,1158,market1501,2
market1501/bounding_box_train/1158_c3s3_061903_09.jpg,1158,market1501,2
market1501/bounding_box_train/1158_c3s3_061928_04.jpg,1158,market1501,2
market1501/bounding_box_train/1158_c3s3_061978_02.jpg,1158,market1501,2
market1501/bounding_box_train/1158_c4s5_027379_04.jpg,1158,market1501,3
market1501/bounding_box_train/1158_c4s5_027504_05.jpg,1158,market1501,3
market1501/bounding_box_train/1158_c5s3_002118_03.jpg,1158,market1501,4
market1501/bounding_box_train/1158_c5s3_002143_02.jpg,1158,market1501,4
market1501/bounding_box_train/1158_c6s3_067967_04.jpg,1158,market1501,5
market1501/bounding_box_train/1158_c6s3_067992_05.jpg,1158,market1501,5
market1501/bounding_box_train/1158_c6s3_085492_02.jpg,1158,market1501,5
market1501/bounding_box_train/1158_c6s3_085567_03.jpg,1158,market1501,5
market1501/bounding_box_train/1158_c6s3_085617_02.jpg,1158,market1501,5
market1501/bounding_box_train/1159_c1s5_027811_03.jpg,1159,market1501,0
market1501/bounding_box_train/1159_c1s5_027886_02.jpg,1159,market1501,0
market1501/bounding_box_train/1159_c1s5_027961_02.jpg,1159,market1501,0
market1501/bounding_box_train/1159_c1s5_047691_01.jpg,1159,market1501,0
market1501/bounding_box_train/1159_c1s5_047716_01.jpg,1159,market1501,0
market1501/bounding_box_train/1159_c3s3_001712_02.jpg,1159,market1501,2
market1501/bounding_box_train/1159_c3s3_001737_02.jpg,1159,market1501,2
market1501/bounding_box_train/1159_c3s3_001762_03.jpg,1159,market1501,2
market1501/bounding_box_train/1159_c3s3_021103_01.jpg,1159,market1501,2
market1501/bounding_box_train/1159_c3s3_021228_03.jpg,1159,market1501,2
market1501/bounding_box_train/1159_c3s3_021253_02.jpg,1159,market1501,2
market1501/bounding_box_train/1159_c4s5_027404_04.jpg,1159,market1501,3
market1501/bounding_box_train/1159_c4s5_027504_01.jpg,1159,market1501,3
market1501/bounding_box_train/1159_c4s5_027579_03.jpg,1159,market1501,3
market1501/bounding_box_train/1159_c4s5_027604_05.jpg,1159,market1501,3
market1501/bounding_box_train/1159_c4s5_047985_02.jpg,1159,market1501,3
market1501/bounding_box_train/1159_c4s5_048035_01.jpg,1159,market1501,3
market1501/bounding_box_train/1159_c4s5_048185_01.jpg,1159,market1501,3
market1501/bounding_box_train/1159_c5s3_002068_02.jpg,1159,market1501,4
market1501/bounding_box_train/1159_c5s3_002118_01.jpg,1159,market1501,4
market1501/bounding_box_train/1159_c5s3_002143_01.jpg,1159,market1501,4
market1501/bounding_box_train/1159_c5s3_002218_01.jpg,1159,market1501,4
market1501/bounding_box_train/1159_c5s3_021790_04.jpg,1159,market1501,4
market1501/bounding_box_train/1159_c5s3_021990_01.jpg,1159,market1501,4
market1501/bounding_box_train/1159_c5s3_022015_01.jpg,1159,market1501,4
market1501/bounding_box_train/1159_c6s3_025317_04.jpg,1159,market1501,5
market1501/bounding_box_train/1159_c6s3_025417_01.jpg,1159,market1501,5
market1501/bounding_box_train/1159_c6s3_025492_01.jpg,1159,market1501,5
market1501/bounding_box_train/1159_c6s3_025542_01.jpg,1159,market1501,5
market1501/bounding_box_train/1159_c6s3_044742_01.jpg,1159,market1501,5
market1501/bounding_box_train/1159_c6s3_044742_05.jpg,1159,market1501,5
market1501/bounding_box_train/1159_c6s3_044842_03.jpg,1159,market1501,5
market1501/bounding_box_train/1159_c6s3_044917_03.jpg,1159,market1501,5
market1501/bounding_box_train/1159_c6s3_044967_02.jpg,1159,market1501,5
market1501/bounding_box_train/1159_c6s3_044992_03.jpg,1159,market1501,5
market1501/bounding_box_train/1159_c6s3_045067_03.jpg,1159,market1501,5
market1501/bounding_box_train/1159_c6s3_045117_04.jpg,1159,market1501,5
market1501/bounding_box_train/1162_c2s2_160377_01.jpg,1162,market1501,1
market1501/bounding_box_train/1162_c2s2_160402_01.jpg,1162,market1501,1
market1501/bounding_box_train/1162_c2s2_160402_10.jpg,1162,market1501,1
market1501/bounding_box_train/1162_c2s2_160452_01.jpg,1162,market1501,1
market1501/bounding_box_train/1162_c2s2_160502_03.jpg,1162,market1501,1
market1501/bounding_box_train/1162_c2s3_011782_02.jpg,1162,market1501,1
market1501/bounding_box_train/1162_c2s3_011857_02.jpg,1162,market1501,1
market1501/bounding_box_train/1162_c3s3_001862_03.jpg,1162,market1501,2
market1501/bounding_box_train/1162_c3s3_001912_03.jpg,1162,market1501,2
market1501/bounding_box_train/1162_c3s3_001962_05.jpg,1162,market1501,2
market1501/bounding_box_train/1162_c3s3_017603_03.jpg,1162,market1501,2
market1501/bounding_box_train/1162_c3s3_017703_01.jpg,1162,market1501,2
market1501/bounding_box_train/1162_c6s3_041142_03.jpg,1162,market1501,5
market1501/bounding_box_train/1162_c6s3_041167_01.jpg,1162,market1501,5
market1501/bounding_box_train/1162_c6s3_041217_05.jpg,1162,market1501,5
market1501/bounding_box_train/1167_c3s3_003487_01.jpg,1167,market1501,2
market1501/bounding_box_train/1167_c5s3_003818_02.jpg,1167,market1501,4
market1501/bounding_box_train/1167_c5s3_003918_05.jpg,1167,market1501,4
market1501/bounding_box_train/1167_c6s3_027142_02.jpg,1167,market1501,5
market1501/bounding_box_train/1167_c6s3_027192_01.jpg,1167,market1501,5
market1501/bounding_box_train/1168_c1s5_029536_02.jpg,1168,market1501,0
market1501/bounding_box_train/1168_c1s5_029586_02.jpg,1168,market1501,0
market1501/bounding_box_train/1168_c1s5_029686_02.jpg,1168,market1501,0
market1501/bounding_box_train/1168_c1s5_029711_01.jpg,1168,market1501,0
market1501/bounding_box_train/1168_c3s3_003437_03.jpg,1168,market1501,2
market1501/bounding_box_train/1168_c3s3_003462_02.jpg,1168,market1501,2
market1501/bounding_box_train/1168_c3s3_003512_03.jpg,1168,market1501,2
market1501/bounding_box_train/1168_c5s3_003818_04.jpg,1168,market1501,4
market1501/bounding_box_train/1168_c5s3_003843_01.jpg,1168,market1501,4
market1501/bounding_box_train/1168_c5s3_003918_03.jpg,1168,market1501,4
market1501/bounding_box_train/1178_c1s5_032236_02.jpg,1178,market1501,0
market1501/bounding_box_train/1178_c2s2_164502_01.jpg,1178,market1501,1
market1501/bounding_box_train/1178_c2s2_164552_01.jpg,1178,market1501,1
market1501/bounding_box_train/1178_c2s2_164677_01.jpg,1178,market1501,1
market1501/bounding_box_train/1178_c2s2_164677_06.jpg,1178,market1501,1
market1501/bounding_box_train/1178_c3s3_006062_02.jpg,1178,market1501,2
market1501/bounding_box_train/1178_c3s3_006112_02.jpg,1178,market1501,2
market1501/bounding_box_train/1178_c5s3_006343_03.jpg,1178,market1501,4
market1501/bounding_box_train/1178_c5s3_006343_09.jpg,1178,market1501,4
market1501/bounding_box_train/1178_c6s3_029792_01.jpg,1178,market1501,5
market1501/bounding_box_train/1178_c6s3_029817_01.jpg,1178,market1501,5
market1501/bounding_box_train/0012_c1s1_000701_01.jpg,12,market1501,0
market1501/bounding_box_train/0012_c1s1_000776_02.jpg,12,market1501,0
market1501/bounding_box_train/0012_c1s1_000801_02.jpg,12,market1501,0
market1501/bounding_box_train/0012_c4s1_000826_01.jpg,12,market1501,3
market1501/bounding_box_train/0012_c4s1_000876_03.jpg,12,market1501,3
market1501/bounding_box_train/0012_c5s1_000651_02.jpg,12,market1501,4
market1501/bounding_box_train/1201_c1s5_044941_02.jpg,1201,market1501,0
market1501/bounding_box_train/1201_c2s3_005007_01.jpg,1201,market1501,1
market1501/bounding_box_train/1201_c2s3_005032_04.jpg,1201,market1501,1
market1501/bounding_box_train/1201_c3s3_011253_01.jpg,1201,market1501,2
market1501/bounding_box_train/1201_c3s3_011278_01.jpg,1201,market1501,2
market1501/bounding_box_train/1201_c3s3_011303_01.jpg,1201,market1501,2
market1501/bounding_box_train/1201_c3s3_018328_02.jpg,1201,market1501,2
market1501/bounding_box_train/1201_c3s3_018428_02.jpg,1201,market1501,2
market1501/bounding_box_train/1201_c3s3_018428_06.jpg,1201,market1501,2
market1501/bounding_box_train/1201_c4s5_044760_01.jpg,1201,market1501,3
market1501/bounding_box_train/1201_c4s5_044785_01.jpg,1201,market1501,3
market1501/bounding_box_train/1201_c4s5_044810_01.jpg,1201,market1501,3
market1501/bounding_box_train/1201_c5s3_019090_02.jpg,1201,market1501,4
market1501/bounding_box_train/1201_c5s3_019115_02.jpg,1201,market1501,4
market1501/bounding_box_train/1201_c6s3_034992_01.jpg,1201,market1501,5
market1501/bounding_box_train/1201_c6s3_035017_01.jpg,1201,market1501,5
market1501/bounding_box_train/1201_c6s3_035017_03.jpg,1201,market1501,5
market1501/bounding_box_train/1201_c6s3_035042_01.jpg,1201,market1501,5
market1501/bounding_box_train/1201_c6s3_041967_03.jpg,1201,market1501,5
market1501/bounding_box_train/1201_c6s3_042042_01.jpg,1201,market1501,5
market1501/bounding_box_train/1201_c6s3_042117_01.jpg,1201,market1501,5
market1501/bounding_box_train/1201_c6s3_042142_05.jpg,1201,market1501,5
market1501/bounding_box_train/1204_c1s5_038341_03.jpg,1204,market1501,0
market1501/bounding_box_train/1204_c1s5_038366_03.jpg,1204,market1501,0
market1501/bounding_box_train/1204_c1s5_038416_03.jpg,1204,market1501,0
market1501/bounding_box_train/1204_c1s5_056866_04.jpg,1204,market1501,0
market1501/bounding_box_train/1204_c1s5_056991_03.jpg,1204,market1501,0
market1501/bounding_box_train/1204_c3s3_030378_03.jpg,1204,market1501,2
market1501/bounding_box_train/1204_c3s3_030403_03.jpg,1204,market1501,2
market1501/bounding_box_train/1204_c3s3_030553_05.jpg,1204,market1501,2
market1501/bounding_box_train/1204_c4s5_038010_06.jpg,1204,market1501,3
market1501/bounding_box_train/1204_c4s5_038035_05.jpg,1204,market1501,3
market1501/bounding_box_train/1204_c5s3_030990_04.jpg,1204,market1501,4
market1501/bounding_box_train/1204_c5s3_031265_04.jpg,1204,market1501,4
market1501/bounding_box_train/1204_c6s3_035817_02.jpg,1204,market1501,5
market1501/bounding_box_train/1204_c6s3_035892_01.jpg,1204,market1501,5
market1501/bounding_box_train/1204_c6s3_053967_03.jpg,1204,market1501,5
market1501/bounding_box_train/1204_c6s3_054217_01.jpg,1204,market1501,5
market1501/bounding_box_train/1204_c6s3_054292_01.jpg,1204,market1501,5
market1501/bounding_box_train/1218_c1s6_042846_05.jpg,1218,market1501,0
market1501/bounding_box_train/1218_c3s3_091744_03.jpg,1218,market1501,2
market1501/bounding_box_train/1218_c5s3_092037_06.jpg,1218,market1501,4
market1501/bounding_box_train/1218_c6s4_018152_06.jpg,1218,market1501,5
market1501/bounding_box_train/1218_c6s4_018202_07.jpg,1218,market1501,5
market1501/bounding_box_train/1218_c6s4_018227_05.jpg,1218,market1501,5
market1501/bounding_box_train/1220_c1s5_040416_10.jpg,1220,market1501,0
market1501/bounding_box_train/1220_c1s5_040441_05.jpg,1220,market1501,0
market1501/bounding_box_train/1220_c1s5_040491_07.jpg,1220,market1501,0
market1501/bounding_box_train/1220_c1s5_040516_07.jpg,1220,market1501,0
market1501/bounding_box_train/1220_c1s5_040541_06.jpg,1220,market1501,0
market1501/bounding_box_train/1220_c3s3_013678_06.jpg,1220,market1501,2
market1501/bounding_box_train/1220_c6s3_037317_01.jpg,1220,market1501,5
market1501/bounding_box_train/1220_c6s3_037367_06.jpg,1220,market1501,5
market1501/bounding_box_train/1220_c6s3_037392_04.jpg,1220,market1501,5
market1501/bounding_box_train/1220_c6s3_037417_05.jpg,1220,market1501,5
market1501/bounding_box_train/1220_c6s3_037442_06.jpg,1220,market1501,5
market1501/bounding_box_train/1220_c6s3_037467_06.jpg,1220,market1501,5
market1501/bounding_box_train/0123_c1s1_020526_01.jpg,123,market1501,0
market1501/bounding_box_train/0123_c1s1_021001_01.jpg,123,market1501,0
market1501/bounding_box_train/0123_c1s1_021451_02.jpg,123,market1501,0
market1501/bounding_box_train/0123_c1s1_029801_01.jpg,123,market1501,0
market1501/bounding_box_train/0123_c1s1_030151_01.jpg,123,market1501,0
market1501/bounding_box_train/0123_c1s1_030151_05.jpg,123,market1501,0
market1501/bounding_box_train/0123_c1s1_030326_01.jpg,123,market1501,0
market1501/bounding_box_train/0123_c1s1_030326_02.jpg,123,market1501,0
market1501/bounding_box_train/0123_c3s1_020326_01.jpg,123,market1501,2
market1501/bounding_box_train/0123_c3s1_029076_01.jpg,123,market1501,2
market1501/bounding_box_train/0123_c3s1_029276_01.jpg,123,market1501,2
market1501/bounding_box_train/0123_c3s1_029501_01.jpg,123,market1501,2
market1501/bounding_box_train/0123_c4s1_020476_01.jpg,123,market1501,3
market1501/bounding_box_train/0123_c4s1_021001_01.jpg,123,market1501,3
market1501/bounding_box_train/0123_c4s1_021251_01.jpg,123,market1501,3
market1501/bounding_box_train/0123_c4s1_021301_01.jpg,123,market1501,3
market1501/bounding_box_train/0123_c4s1_030201_03.jpg,123,market1501,3
market1501/bounding_box_train/0123_c5s1_029751_01.jpg,123,market1501,4
market1501/bounding_box_train/0123_c5s1_029826_01.jpg,123,market1501,4
market1501/bounding_box_train/0123_c5s1_030276_01.jpg,123,market1501,4
market1501/bounding_box_train/0123_c6s1_029576_01.jpg,123,market1501,5
market1501/bounding_box_train/0123_c6s1_029601_01.jpg,123,market1501,5
market1501/bounding_box_train/0123_c6s1_029626_01.jpg,123,market1501,5
market1501/bounding_box_train/0123_c6s1_029651_01.jpg,123,market1501,5
market1501/bounding_box_train/1237_c1s5_043366_03.jpg,1237,market1501,0
market1501/bounding_box_train/1237_c2s3_010582_01.jpg,1237,market1501,1
market1501/bounding_box_train/1237_c3s3_016753_02.jpg,1237,market1501,2
market1501/bounding_box_train/1240_c1s5_044966_04.jpg,1240,market1501,0
market1501/bounding_box_train/1240_c1s5_044991_02.jpg,1240,market1501,0
market1501/bounding_box_train/1240_c1s5_046991_02.jpg,1240,market1501,0
market1501/bounding_box_train/1240_c1s5_047066_01.jpg,1240,market1501,0
market1501/bounding_box_train/1240_c1s5_047216_01.jpg,1240,market1501,0
market1501/bounding_box_train/1240_c1s5_047291_03.jpg,1240,market1501,0
market1501/bounding_box_train/1240_c2s3_012507_01.jpg,1240,market1501,1
market1501/bounding_box_train/1240_c2s3_012607_01.jpg,1240,market1501,1
market1501/bounding_box_train/1240_c2s3_014807_01.jpg,1240,market1501,1
market1501/bounding_box_train/1240_c2s3_014832_01.jpg,1240,market1501,1
market1501/bounding_box_train/1240_c3s3_018878_01.jpg,1240,market1501,2
market1501/bounding_box_train/1240_c3s3_018928_01.jpg,1240,market1501,2
market1501/bounding_box_train/1240_c3s3_020428_03.jpg,1240,market1501,2
market1501/bounding_box_train/1240_c3s3_020478_05.jpg,1240,market1501,2
market1501/bounding_box_train/1240_c3s3_020528_04.jpg,1240,market1501,2
market1501/bounding_box_train/1240_c5s3_019290_02.jpg,1240,market1501,4
market1501/bounding_box_train/1240_c5s3_021215_02.jpg,1240,market1501,4
market1501/bounding_box_train/1240_c6s3_042642_02.jpg,1240,market1501,5
market1501/bounding_box_train/1240_c6s3_042667_04.jpg,1240,market1501,5
market1501/bounding_box_train/1240_c6s3_044042_01.jpg,1240,market1501,5
market1501/bounding_box_train/1240_c6s3_044067_01.jpg,1240,market1501,5
market1501/bounding_box_train/1242_c2s3_012957_01.jpg,1242,market1501,1
market1501/bounding_box_train/1242_c2s3_012982_03.jpg,1242,market1501,1
market1501/bounding_box_train/1242_c2s3_012982_04.jpg,1242,market1501,1
market1501/bounding_box_train/1242_c3s3_019253_01.jpg,1242,market1501,2
market1501/bounding_box_train/1242_c3s3_019278_02.jpg,1242,market1501,2
market1501/bounding_box_train/1242_c6s3_042967_01.jpg,1242,market1501,5
market1501/bounding_box_train/1242_c6s3_042992_01.jpg,1242,market1501,5
market1501/bounding_box_train/1254_c1s5_047041_02.jpg,1254,market1501,0
market1501/bounding_box_train/1254_c1s5_047066_03.jpg,1254,market1501,0
market1501/bounding_box_train/1254_c2s3_014507_01.jpg,1254,market1501,1
market1501/bounding_box_train/1254_c2s3_014532_02.jpg,1254,market1501,1
market1501/bounding_box_train/1254_c2s3_014657_01.jpg,1254,market1501,1
market1501/bounding_box_train/1254_c2s3_036957_01.jpg,1254,market1501,1
market1501/bounding_box_train/1254_c2s3_036982_04.jpg,1254,market1501,1
market1501/bounding_box_train/1254_c3s3_020978_02.jpg,1254,market1501,2
market1501/bounding_box_train/1254_c3s3_042728_03.jpg,1254,market1501,2
market1501/bounding_box_train/1254_c3s3_042753_04.jpg,1254,market1501,2
market1501/bounding_box_train/1254_c6s3_044792_01.jpg,1254,market1501,5
market1501/bounding_box_train/1254_c6s3_044817_01.jpg,1254,market1501,5
market1501/bounding_box_train/1254_c6s3_066342_02.jpg,1254,market1501,5
market1501/bounding_box_train/1261_c1s5_048716_01.jpg,1261,market1501,0
market1501/bounding_box_train/1261_c1s5_048766_02.jpg,1261,market1501,0
market1501/bounding_box_train/1261_c2s3_016182_01.jpg,1261,market1501,1
market1501/bounding_box_train/1261_c2s3_016207_01.jpg,1261,market1501,1
market1501/bounding_box_train/1261_c2s3_016232_03.jpg,1261,market1501,1
market1501/bounding_box_train/1275_c1s5_051991_03.jpg,1275,market1501,0
market1501/bounding_box_train/1275_c1s5_052016_02.jpg,1275,market1501,0
market1501/bounding_box_train/1275_c1s5_052041_01.jpg,1275,market1501,0
market1501/bounding_box_train/1275_c1s5_059366_01.jpg,1275,market1501,0
market1501/bounding_box_train/1275_c1s5_059516_02.jpg,1275,market1501,0
market1501/bounding_box_train/1275_c2s3_019482_01.jpg,1275,market1501,1
market1501/bounding_box_train/1275_c2s3_019507_01.jpg,1275,market1501,1
market1501/bounding_box_train/1275_c2s3_019632_06.jpg,1275,market1501,1
market1501/bounding_box_train/1275_c2s3_027082_02.jpg,1275,market1501,1
market1501/bounding_box_train/1275_c2s3_027157_01.jpg,1275,market1501,1
market1501/bounding_box_train/1275_c3s3_025853_04.jpg,1275,market1501,2
market1501/bounding_box_train/1275_c3s3_025903_02.jpg,1275,market1501,2
market1501/bounding_box_train/1275_c3s3_032728_01.jpg,1275,market1501,2
market1501/bounding_box_train/1275_c3s3_032753_01.jpg,1275,market1501,2
market1501/bounding_box_train/1275_c3s3_032753_07.jpg,1275,market1501,2
market1501/bounding_box_train/1275_c5s3_026140_01.jpg,1275,market1501,4
market1501/bounding_box_train/1275_c5s3_026140_05.jpg,1275,market1501,4
market1501/bounding_box_train/1275_c5s3_033390_05.jpg,1275,market1501,4
market1501/bounding_box_train/1275_c6s3_049592_03.jpg,1275,market1501,5
market1501/bounding_box_train/1275_c6s3_049617_02.jpg,1275,market1501,5
market1501/bounding_box_train/1275_c6s3_056392_01.jpg,1275,market1501,5
market1501/bounding_box_train/1275_c6s3_056492_01.jpg,1275,market1501,5
market1501/bounding_box_train/1278_c1s5_052116_03.jpg,1278,market1501,0
market1501/bounding_box_train/1278_c1s5_052241_02.jpg,1278,market1501,0
market1501/bounding_box_train/1278_c1s5_052266_02.jpg,1278,market1501,0
market1501/bounding_box_train/1278_c1s6_011966_01.jpg,1278,market1501,0
market1501/bounding_box_train/1278_c1s6_012016_02.jpg,1278,market1501,0
market1501/bounding_box_train/1278_c3s3_025953_01.jpg,1278,market1501,2
market1501/bounding_box_train/1278_c3s3_025953_03.jpg,1278,market1501,2
market1501/bounding_box_train/1278_c3s3_025978_01.jpg,1278,market1501,2
market1501/bounding_box_train/1278_c3s3_026028_01.jpg,1278,market1501,2
market1501/bounding_box_train/1278_c3s3_026053_03.jpg,1278,market1501,2
market1501/bounding_box_train/1278_c3s3_056428_04.jpg,1278,market1501,2
market1501/bounding_box_train/1278_c3s3_060478_04.jpg,1278,market1501,2
market1501/bounding_box_train/1278_c3s3_060528_03.jpg,1278,market1501,2
market1501/bounding_box_train/1278_c4s5_051860_01.jpg,1278,market1501,3
market1501/bounding_box_train/1278_c4s5_051910_01.jpg,1278,market1501,3
market1501/bounding_box_train/1278_c4s6_012010_01.jpg,1278,market1501,3
market1501/bounding_box_train/1278_c4s6_012060_01.jpg,1278,market1501,3
market1501/bounding_box_train/1278_c4s6_012135_01.jpg,1278,market1501,3
market1501/bounding_box_train/1278_c4s6_012510_01.jpg,1278,market1501,3
market1501/bounding_box_train/1278_c4s6_012585_01.jpg,1278,market1501,3
market1501/bounding_box_train/1278_c5s3_026390_02.jpg,1278,market1501,4
market1501/bounding_box_train/1278_c5s3_026490_02.jpg,1278,market1501,4
market1501/bounding_box_train/1278_c5s3_061065_02.jpg,1278,market1501,4
market1501/bounding_box_train/1278_c5s3_061065_06.jpg,1278,market1501,4
market1501/bounding_box_train/1278_c5s3_061140_01.jpg,1278,market1501,4
market1501/bounding_box_train/1278_c5s3_061190_01.jpg,1278,market1501,4
market1501/bounding_box_train/1278_c6s3_049667_01.jpg,1278,market1501,5
market1501/bounding_box_train/1278_c6s3_049742_01.jpg,1278,market1501,5
market1501/bounding_box_train/1278_c6s3_049742_06.jpg,1278,market1501,5
market1501/bounding_box_train/1278_c6s3_049792_01.jpg,1278,market1501,5
market1501/bounding_box_train/1278_c6s3_084092_01.jpg,1278,market1501,5
market1501/bounding_box_train/1278_c6s3_084142_01.jpg,1278,market1501,5
market1501/bounding_box_train/1278_c6s3_084242_01.jpg,1278,market1501,5
market1501/bounding_box_train/0129_c2s1_020901_02.jpg,129,market1501,1
market1501/bounding_box_train/0129_c4s1_021001_02.jpg,129,market1501,3
market1501/bounding_box_train/1291_c1s5_055991_01.jpg,1291,market1501,0
market1501/bounding_box_train/1291_c1s6_006741_01.jpg,1291,market1501,0
market1501/bounding_box_train/1291_c1s6_006916_02.jpg,1291,market1501,0
market1501/bounding_box_train/1291_c1s6_006941_02.jpg,1291,market1501,0
market1501/bounding_box_train/1291_c1s6_006966_02.jpg,1291,market1501,0
market1501/bounding_box_train/1291_c2s3_023432_01.jpg,1291,market1501,1
market1501/bounding_box_train/1291_c2s3_023532_02.jpg,1291,market1501,1
market1501/bounding_box_train/1291_c2s3_023557_02.jpg,1291,market1501,1
market1501/bounding_box_train/1291_c2s3_049457_01.jpg,1291,market1501,1
market1501/bounding_box_train/1291_c2s3_049457_11.jpg,1291,market1501,1
market1501/bounding_box_train/1291_c2s3_049482_01.jpg,1291,market1501,1
market1501/bounding_box_train/1291_c3s3_029853_03.jpg,1291,market1501,2
market1501/bounding_box_train/1291_c3s3_029903_01.jpg,1291,market1501,2
market1501/bounding_box_train/1291_c3s3_055253_01.jpg,1291,market1501,2
market1501/bounding_box_train/1291_c3s3_055303_01.jpg,1291,market1501,2
market1501/bounding_box_train/1291_c3s3_055328_01.jpg,1291,market1501,2
market1501/bounding_box_train/1291_c4s6_005935_01.jpg,1291,market1501,3
market1501/bounding_box_train/1291_c4s6_006085_01.jpg,1291,market1501,3
market1501/bounding_box_train/1291_c4s6_006135_01.jpg,1291,market1501,3
market1501/bounding_box_train/1291_c5s3_030190_01.jpg,1291,market1501,4
market1501/bounding_box_train/1291_c5s3_055715_01.jpg,1291,market1501,4
market1501/bounding_box_train/1291_c5s3_055715_07.jpg,1291,market1501,4
market1501/bounding_box_train/1291_c5s3_055765_01.jpg,1291,market1501,4
market1501/bounding_box_train/1291_c6s3_053617_03.jpg,1291,market1501,5
market1501/bounding_box_train/1291_c6s3_053642_03.jpg,1291,market1501,5
market1501/bounding_box_train/1292_c1s5_056041_01.jpg,1292,market1501,0
market1501/bounding_box_train/1292_c1s6_001166_01.jpg,1292,market1501,0
market1501/bounding_box_train/1292_c1s6_001341_01.jpg,1292,market1501,0
market1501/bounding_box_train/1292_c1s6_001616_01.jpg,1292,market1501,0
market1501/bounding_box_train/1292_c2s3_023432_02.jpg,1292,market1501,1
market1501/bounding_box_train/1292_c2s3_023532_01.jpg,1292,market1501,1
market1501/bounding_box_train/1292_c2s3_023632_03.jpg,1292,market1501,1
market1501/bounding_box_train/1292_c2s3_044332_01.jpg,1292,market1501,1
market1501/bounding_box_train/1292_c3s3_029903_02.jpg,1292,market1501,2
market1501/bounding_box_train/1292_c3s3_029953_01.jpg,1292,market1501,2
market1501/bounding_box_train/1292_c3s3_049578_01.jpg,1292,market1501,2
market1501/bounding_box_train/1292_c3s3_049653_01.jpg,1292,market1501,2
market1501/bounding_box_train/1292_c3s3_049828_02.jpg,1292,market1501,2
market1501/bounding_box_train/1292_c5s3_030190_02.jpg,1292,market1501,4
market1501/bounding_box_train/1292_c5s3_030215_01.jpg,1292,market1501,4
market1501/bounding_box_train/1292_c5s3_030215_05.jpg,1292,market1501,4
market1501/bounding_box_train/1292_c5s3_050240_01.jpg,1292,market1501,4
market1501/bounding_box_train/1292_c5s3_050315_01.jpg,1292,market1501,4
market1501/bounding_box_train/1292_c5s3_050365_01.jpg,1292,market1501,4
market1501/bounding_box_train/1292_c6s3_053617_02.jpg,1292,market1501,5
market1501/bounding_box_train/1292_c6s3_053642_01.jpg,1292,market1501,5
market1501/bounding_box_train/1292_c6s3_053692_01.jpg,1292,market1501,5
market1501/bounding_box_train/1292_c6s3_073217_01.jpg,1292,market1501,5
market1501/bounding_box_train/1292_c6s3_073267_01.jpg,1292,market1501,5
market1501/bounding_box_train/1292_c6s3_073292_02.jpg,1292,market1501,5
market1501/bounding_box_train/1295_c1s5_057441_01.jpg,1295,market1501,0
market1501/bounding_box_train/1295_c1s5_057466_01.jpg,1295,market1501,0
market1501/bounding_box_train/1295_c1s5_057466_03.jpg,1295,market1501,0
market1501/bounding_box_train/1295_c1s5_057516_01.jpg,1295,market1501,0
market1501/bounding_box_train/1295_c3s3_031128_01.jpg,1295,market1501,2
market1501/bounding_box_train/1295_c3s3_031178_01.jpg,1295,market1501,2
market1501/bounding_box_train/1295_c3s3_031178_04.jpg,1295,market1501,2
market1501/bounding_box_train/1295_c3s3_031253_01.jpg,1295,market1501,2
market1501/bounding_box_train/1313_c1s5_060241_01.jpg,1313,market1501,0
market1501/bounding_box_train/1313_c1s6_006416_01.jpg,1313,market1501,0
market1501/bounding_box_train/1313_c1s6_006416_03.jpg,1313,market1501,0
market1501/bounding_box_train/1313_c1s6_006441_01.jpg,1313,market1501,0
market1501/bounding_box_train/1313_c2s3_027757_01.jpg,1313,market1501,1
market1501/bounding_box_train/1313_c2s3_027782_01.jpg,1313,market1501,1
market1501/bounding_box_train/1313_c2s3_027782_05.jpg,1313,market1501,1
market1501/bounding_box_train/1313_c2s3_048957_01.jpg,1313,market1501,1
market1501/bounding_box_train/1313_c2s3_048982_01.jpg,1313,market1501,1
market1501/bounding_box_train/1313_c3s3_034103_01.jpg,1313,market1501,2
market1501/bounding_box_train/1313_c3s3_034153_01.jpg,1313,market1501,2
market1501/bounding_box_train/1313_c3s3_054678_01.jpg,1313,market1501,2
market1501/bounding_box_train/1313_c3s3_054703_01.jpg,1313,market1501,2
market1501/bounding_box_train/1313_c5s3_034390_01.jpg,1313,market1501,4
market1501/bounding_box_train/1313_c5s3_034440_01.jpg,1313,market1501,4
market1501/bounding_box_train/1313_c6s3_057867_01.jpg,1313,market1501,5
market1501/bounding_box_train/1313_c6s3_057892_01.jpg,1313,market1501,5
market1501/bounding_box_train/1313_c6s3_057892_03.jpg,1313,market1501,5
market1501/bounding_box_train/1313_c6s3_078267_01.jpg,1313,market1501,5
market1501/bounding_box_train/1313_c6s3_078317_01.jpg,1313,market1501,5
market1501/bounding_box_train/1313_c6s3_078367_01.jpg,1313,market1501,5
market1501/bounding_box_train/1316_c1s5_057441_02.jpg,1316,market1501,0
market1501/bounding_box_train/1316_c1s5_057466_02.jpg,1316,market1501,0
market1501/bounding_box_train/1316_c3s3_030828_03.jpg,1316,market1501,2
market1501/bounding_box_train/1316_c3s3_030853_02.jpg,1316,market1501,2
market1501/bounding_box_train/1316_c3s3_030878_01.jpg,1316,market1501,2
market1501/bounding_box_train/1316_c4s5_057285_01.jpg,1316,market1501,3
market1501/bounding_box_train/1316_c4s5_057510_01.jpg,1316,market1501,3
market1501/bounding_box_train/1316_c4s5_057510_07.jpg,1316,market1501,3
market1501/bounding_box_train/1316_c5s3_031540_02.jpg,1316,market1501,4
market1501/bounding_box_train/1316_c5s3_031615_01.jpg,1316,market1501,4
market1501/bounding_box_train/0132_c1s1_022276_01.jpg,132,market1501,0
market1501/bounding_box_train/0132_c1s1_023151_01.jpg,132,market1501,0
market1501/bounding_box_train/0132_c1s1_023176_01.jpg,132,market1501,0
market1501/bounding_box_train/0132_c1s1_031476_02.jpg,132,market1501,0
market1501/bounding_box_train/0132_c1s1_041426_03.jpg,132,market1501,0
market1501/bounding_box_train/0132_c1s1_042776_01.jpg,132,market1501,0
market1501/bounding_box_train/0132_c2s1_021626_01.jpg,132,market1501,1
market1501/bounding_box_train/0132_c2s1_021701_01.jpg,132,market1501,1
market1501/bounding_box_train/0132_c2s1_022601_03.jpg,132,market1501,1
market1501/bounding_box_train/0132_c2s1_030401_02.jpg,132,market1501,1
market1501/bounding_box_train/0132_c2s1_030976_02.jpg,132,market1501,1
market1501/bounding_box_train/0132_c2s1_041051_02.jpg,132,market1501,1
market1501/bounding_box_train/0132_c2s1_041251_01.jpg,132,market1501,1
market1501/bounding_box_train/0132_c3s1_021626_01.jpg,132,market1501,2
market1501/bounding_box_train/0132_c3s1_021801_01.jpg,132,market1501,2
market1501/bounding_box_train/0132_c3s1_021976_02.jpg,132,market1501,2
market1501/bounding_box_train/0132_c3s1_022351_02.jpg,132,market1501,2
market1501/bounding_box_train/0132_c3s1_031251_02.jpg,132,market1501,2
market1501/bounding_box_train/0132_c3s1_040426_02.jpg,132,market1501,2
market1501/bounding_box_train/0132_c3s1_040551_01.jpg,132,market1501,2
market1501/bounding_box_train/0132_c4s1_042826_02.jpg,132,market1501,3
market1501/bounding_box_train/0132_c5s1_022176_01.jpg,132,market1501,4
market1501/bounding_box_train/0132_c5s1_022201_01.jpg,132,market1501,4
market1501/bounding_box_train/0132_c5s1_022276_01.jpg,132,market1501,4
market1501/bounding_box_train/0132_c5s1_023176_02.jpg,132,market1501,4
market1501/bounding_box_train/0132_c5s1_031401_02.jpg,132,market1501,4
market1501/bounding_box_train/0132_c5s1_031476_06.jpg,132,market1501,4
market1501/bounding_box_train/0132_c5s1_041151_02.jpg,132,market1501,4
market1501/bounding_box_train/0132_c5s1_041201_01.jpg,132,market1501,4
market1501/bounding_box_train/0132_c5s1_041251_03.jpg,132,market1501,4
market1501/bounding_box_train/0132_c6s1_022526_02.jpg,132,market1501,5
market1501/bounding_box_train/0132_c6s1_022551_01.jpg,132,market1501,5
market1501/bounding_box_train/0132_c6s1_022576_02.jpg,132,market1501,5
market1501/bounding_box_train/0132_c6s1_022701_01.jpg,132,market1501,5
market1501/bounding_box_train/0132_c6s1_022726_01.jpg,132,market1501,5
market1501/bounding_box_train/0132_c6s1_022751_01.jpg,132,market1501,5
market1501/bounding_box_train/0132_c6s1_022776_01.jpg,132,market1501,5
market1501/bounding_box_train/0132_c6s1_022801_01.jpg,132,market1501,5
market1501/bounding_box_train/0132_c6s1_022801_03.jpg,132,market1501,5
market1501/bounding_box_train/0132_c6s1_022826_02.jpg,132,market1501,5
market1501/bounding_box_train/0132_c6s1_022851_02.jpg,132,market1501,5
market1501/bounding_box_train/0132_c6s1_031851_04.jpg,132,market1501,5
market1501/bounding_box_train/0132_c6s1_031876_01.jpg,132,market1501,5
market1501/bounding_box_train/0132_c6s1_040876_04.jpg,132,market1501,5
market1501/bounding_box_train/0132_c6s1_040901_01.jpg,132,market1501,5
market1501/bounding_box_train/0132_c6s1_040926_01.jpg,132,market1501,5
market1501/bounding_box_train/0132_c6s1_040951_01.jpg,132,market1501,5
market1501/bounding_box_train/0132_c6s1_040951_05.jpg,132,market1501,5
market1501/bounding_box_train/0132_c6s1_041001_01.jpg,132,market1501,5
market1501/bounding_box_train/0132_c6s1_041026_01.jpg,132,market1501,5
market1501/bounding_box_train/0132_c6s1_041051_01.jpg,132,market1501,5
market1501/bounding_box_train/0132_c6s1_041076_01.jpg,132,market1501,5
market1501/bounding_box_train/0132_c6s1_041101_01.jpg,132,market1501,5
market1501/bounding_box_train/0132_c6s1_041126_01.jpg,132,market1501,5
market1501/bounding_box_train/0132_c6s1_041151_01.jpg,132,market1501,5
market1501/bounding_box_train/1334_c1s5_063916_02.jpg,1334,market1501,0
market1501/bounding_box_train/1334_c1s5_063966_01.jpg,1334,market1501,0
market1501/bounding_box_train/1334_c1s5_064016_03.jpg,1334,market1501,0
market1501/bounding_box_train/1334_c1s5_069916_02.jpg,1334,market1501,0
market1501/bounding_box_train/1334_c1s5_069991_01.jpg,1334,market1501,0
market1501/bounding_box_train/1334_c3s3_037703_01.jpg,1334,market1501,2
market1501/bounding_box_train/1334_c3s3_037753_03.jpg,1334,market1501,2
market1501/bounding_box_train/1334_c3s3_037778_04.jpg,1334,market1501,2
market1501/bounding_box_train/1334_c3s3_037803_04.jpg,1334,market1501,2
market1501/bounding_box_train/1334_c3s3_043478_04.jpg,1334,market1501,2
market1501/bounding_box_train/1334_c5s3_038165_02.jpg,1334,market1501,4
market1501/bounding_box_train/1334_c5s3_038190_04.jpg,1334,market1501,4
market1501/bounding_box_train/1334_c5s3_044090_02.jpg,1334,market1501,4
market1501/bounding_box_train/1334_c5s3_044165_01.jpg,1334,market1501,4
market1501/bounding_box_train/1334_c5s3_044165_04.jpg,1334,market1501,4
market1501/bounding_box_train/1334_c6s3_061342_01.jpg,1334,market1501,5
market1501/bounding_box_train/1334_c6s3_061367_01.jpg,1334,market1501,5
market1501/bounding_box_train/1334_c6s3_061392_01.jpg,1334,market1501,5
market1501/bounding_box_train/1334_c6s3_061392_03.jpg,1334,market1501,5
market1501/bounding_box_train/1334_c6s3_061467_01.jpg,1334,market1501,5
market1501/bounding_box_train/1334_c6s3_061492_01.jpg,1334,market1501,5
market1501/bounding_box_train/1334_c6s3_061492_05.jpg,1334,market1501,5
market1501/bounding_box_train/1334_c6s3_067067_01.jpg,1334,market1501,5
market1501/bounding_box_train/1334_c6s3_067117_02.jpg,1334,market1501,5
market1501/bounding_box_train/1334_c6s3_067142_01.jpg,1334,market1501,5
market1501/bounding_box_train/1334_c6s3_067217_02.jpg,1334,market1501,5
market1501/bounding_box_train/1338_c1s5_064841_01.jpg,1338,market1501,0
market1501/bounding_box_train/1338_c1s5_064866_01.jpg,1338,market1501,0
market1501/bounding_box_train/1338_c1s5_068566_02.jpg,1338,market1501,0
market1501/bounding_box_train/1338_c1s5_068641_02.jpg,1338,market1501,0
market1501/bounding_box_train/1338_c1s5_068691_03.jpg,1338,market1501,0
market1501/bounding_box_train/1338_c2s3_032357_01.jpg,1338,market1501,1
market1501/bounding_box_train/1338_c2s3_032382_04.jpg,1338,market1501,1
market1501/bounding_box_train/1338_c2s3_036182_03.jpg,1338,market1501,1
market1501/bounding_box_train/1338_c2s3_036282_01.jpg,1338,market1501,1
market1501/bounding_box_train/1338_c3s3_038678_04.jpg,1338,market1501,2
market1501/bounding_box_train/1338_c3s3_038703_08.jpg,1338,market1501,2
market1501/bounding_box_train/1338_c3s3_042003_05.jpg,1338,market1501,2
market1501/bounding_box_train/1338_c3s3_042078_04.jpg,1338,market1501,2
market1501/bounding_box_train/1338_c5s3_039040_01.jpg,1338,market1501,4
market1501/bounding_box_train/1338_c5s3_042840_04.jpg,1338,market1501,4
market1501/bounding_box_train/1338_c5s3_042840_05.jpg,1338,market1501,4
market1501/bounding_box_train/1338_c6s3_062392_02.jpg,1338,market1501,5
market1501/bounding_box_train/1338_c6s3_062417_01.jpg,1338,market1501,5
market1501/bounding_box_train/1338_c6s3_062417_03.jpg,1338,market1501,5
market1501/bounding_box_train/1338_c6s3_062442_02.jpg,1338,market1501,5
market1501/bounding_box_train/1338_c6s3_065667_01.jpg,1338,market1501,5
market1501/bounding_box_train/1338_c6s3_065692_03.jpg,1338,market1501,5
market1501/bounding_box_train/1339_c1s5_065166_01.jpg,1339,market1501,0
market1501/bounding_box_train/1339_c2s3_032682_01.jpg,1339,market1501,1
market1501/bounding_box_train/1339_c2s3_032707_01.jpg,1339,market1501,1
market1501/bounding_box_train/1339_c2s3_032707_10.jpg,1339,market1501,1
market1501/bounding_box_train/1339_c3s3_038978_02.jpg,1339,market1501,2
market1501/bounding_box_train/1339_c3s3_039003_02.jpg,1339,market1501,2
market1501/bounding_box_train/1339_c3s3_039028_01.jpg,1339,market1501,2
market1501/bounding_box_train/1339_c5s3_039340_01.jpg,1339,market1501,4
market1501/bounding_box_train/1339_c6s3_062717_01.jpg,1339,market1501,5
market1501/bounding_box_train/1339_c6s3_062742_01.jpg,1339,market1501,5
market1501/bounding_box_train/1339_c6s3_062767_01.jpg,1339,market1501,5
market1501/bounding_box_train/1343_c2s3_033882_02.jpg,1343,market1501,1
market1501/bounding_box_train/1343_c2s3_045507_01.jpg,1343,market1501,1
market1501/bounding_box_train/1343_c2s3_045532_01.jpg,1343,market1501,1
market1501/bounding_box_train/1343_c2s3_045582_01.jpg,1343,market1501,1
market1501/bounding_box_train/1343_c3s3_040103_01.jpg,1343,market1501,2
market1501/bounding_box_train/1343_c3s3_040128_02.jpg,1343,market1501,2
market1501/bounding_box_train/1343_c6s3_063842_01.jpg,1343,market1501,5
market1501/bounding_box_train/1343_c6s3_063867_01.jpg,1343,market1501,5
market1501/bounding_box_train/1344_c1s5_066391_01.jpg,1344,market1501,0
market1501/bounding_box_train/1344_c1s6_007391_02.jpg,1344,market1501,0
market1501/bounding_box_train/1344_c2s3_033882_03.jpg,1344,market1501,1
market1501/bounding_box_train/1344_c2s3_033882_05.jpg,1344,market1501,1
market1501/bounding_box_train/1344_c2s3_033907_02.jpg,1344,market1501,1
market1501/bounding_box_train/1344_c2s3_033932_03.jpg,1344,market1501,1
market1501/bounding_box_train/1344_c2s3_049882_07.jpg,1344,market1501,1
market1501/bounding_box_train/1344_c2s3_049932_04.jpg,1344,market1501,1
market1501/bounding_box_train/1344_c2s3_050007_03.jpg,1344,market1501,1
market1501/bounding_box_train/1344_c3s3_055703_04.jpg,1344,market1501,2
market1501/bounding_box_train/1344_c3s3_055728_05.jpg,1344,market1501,2
market1501/bounding_box_train/1346_c2s3_034007_05.jpg,1346,market1501,1
market1501/bounding_box_train/1346_c2s3_034032_05.jpg,1346,market1501,1
market1501/bounding_box_train/1346_c3s3_040328_05.jpg,1346,market1501,2
market1501/bounding_box_train/1346_c3s3_040353_03.jpg,1346,market1501,2
market1501/bounding_box_train/1346_c6s3_064042_03.jpg,1346,market1501,5
market1501/bounding_box_train/1346_c6s3_064067_05.jpg,1346,market1501,5
market1501/bounding_box_train/1346_c6s3_064117_04.jpg,1346,market1501,5
market1501/bounding_box_train/1353_c1s5_067016_05.jpg,1353,market1501,0
market1501/bounding_box_train/1353_c1s5_067041_03.jpg,1353,market1501,0
market1501/bounding_box_train/1353_c1s5_067166_04.jpg,1353,market1501,0
market1501/bounding_box_train/1353_c2s3_034732_01.jpg,1353,market1501,1
market1501/bounding_box_train/1353_c2s3_034882_04.jpg,1353,market1501,1
market1501/bounding_box_train/1353_c3s3_040628_06.jpg,1353,market1501,2
market1501/bounding_box_train/1353_c3s3_040653_04.jpg,1353,market1501,2
market1501/bounding_box_train/1353_c5s3_040890_02.jpg,1353,market1501,4
market1501/bounding_box_train/1353_c5s3_040940_10.jpg,1353,market1501,4
market1501/bounding_box_train/1353_c5s3_040990_03.jpg,1353,market1501,4
market1501/bounding_box_train/0136_c1s1_023051_01.jpg,136,market1501,0
market1501/bounding_box_train/0136_c1s1_023126_01.jpg,136,market1501,0
market1501/bounding_box_train/0136_c1s1_023276_03.jpg,136,market1501,0
market1501/bounding_box_train/0136_c2s1_022701_08.jpg,136,market1501,1
market1501/bounding_box_train/0136_c2s1_022776_03.jpg,136,market1501,1
market1501/bounding_box_train/0136_c3s1_022451_01.jpg,136,market1501,2
market1501/bounding_box_train/0136_c3s1_022526_01.jpg,136,market1501,2
market1501/bounding_box_train/0136_c4s1_022076_02.jpg,136,market1501,3
market1501/bounding_box_train/0136_c4s1_022326_02.jpg,136,market1501,3
market1501/bounding_box_train/0136_c4s1_022551_02.jpg,136,market1501,3
market1501/bounding_box_train/0136_c5s1_022901_01.jpg,136,market1501,4
market1501/bounding_box_train/0136_c5s1_022926_01.jpg,136,market1501,4
market1501/bounding_box_train/0136_c5s1_023001_01.jpg,136,market1501,4
market1501/bounding_box_train/0136_c5s1_023076_01.jpg,136,market1501,4
market1501/bounding_box_train/0136_c5s1_023126_02.jpg,136,market1501,4
market1501/bounding_box_train/1365_c1s5_069091_04.jpg,1365,market1501,0
market1501/bounding_box_train/1365_c1s5_069141_04.jpg,1365,market1501,0
market1501/bounding_box_train/1365_c3s3_042903_01.jpg,1365,market1501,2
market1501/bounding_box_train/1365_c3s3_042928_04.jpg,1365,market1501,2
market1501/bounding_box_train/1365_c3s3_042953_04.jpg,1365,market1501,2
market1501/bounding_box_train/1365_c5s3_042415_03.jpg,1365,market1501,4
market1501/bounding_box_train/1365_c6s3_065342_02.jpg,1365,market1501,5
market1501/bounding_box_train/1365_c6s3_065392_02.jpg,1365,market1501,5
market1501/bounding_box_train/1365_c6s3_065392_08.jpg,1365,market1501,5
market1501/bounding_box_train/1365_c6s3_065467_02.jpg,1365,market1501,5
market1501/bounding_box_train/1365_c6s3_066567_01.jpg,1365,market1501,5
market1501/bounding_box_train/1365_c6s3_066567_08.jpg,1365,market1501,5
market1501/bounding_box_train/1365_c6s3_066592_01.jpg,1365,market1501,5
market1501/bounding_box_train/1365_c6s3_066667_01.jpg,1365,market1501,5
market1501/bounding_box_train/1365_c6s3_066742_03.jpg,1365,market1501,5
market1501/bounding_box_train/1368_c1s5_069791_04.jpg,1368,market1501,0
market1501/bounding_box_train/1368_c1s5_070141_02.jpg,1368,market1501,0
market1501/bounding_box_train/1368_c2s3_037332_04.jpg,1368,market1501,1
market1501/bounding_box_train/1368_c3s3_043578_03.jpg,1368,market1501,2
market1501/bounding_box_train/1368_c3s3_043578_04.jpg,1368,market1501,2
market1501/bounding_box_train/1368_c3s3_043603_02.jpg,1368,market1501,2
market1501/bounding_box_train/1368_c4s5_070085_07.jpg,1368,market1501,3
market1501/bounding_box_train/1368_c4s5_070160_03.jpg,1368,market1501,3
market1501/bounding_box_train/1368_c4s5_070210_02.jpg,1368,market1501,3
market1501/bounding_box_train/1368_c5s3_044040_05.jpg,1368,market1501,4
market1501/bounding_box_train/1368_c5s3_044140_05.jpg,1368,market1501,4
market1501/bounding_box_train/1373_c2s3_037632_03.jpg,1373,market1501,1
market1501/bounding_box_train/1373_c2s3_037632_06.jpg,1373,market1501,1
market1501/bounding_box_train/1373_c2s3_037657_03.jpg,1373,market1501,1
market1501/bounding_box_train/1373_c3s3_044028_02.jpg,1373,market1501,2
market1501/bounding_box_train/1373_c6s3_067792_05.jpg,1373,market1501,5
market1501/bounding_box_train/1373_c6s3_067817_03.jpg,1373,market1501,5
market1501/bounding_box_train/1389_c2s3_040932_01.jpg,1389,market1501,1
market1501/bounding_box_train/1389_c2s3_046882_01.jpg,1389,market1501,1
market1501/bounding_box_train/1389_c2s3_046907_01.jpg,1389,market1501,1
market1501/bounding_box_train/1389_c3s3_047153_02.jpg,1389,market1501,2
market1501/bounding_box_train/1389_c3s3_047178_01.jpg,1389,market1501,2
market1501/bounding_box_train/1389_c3s3_047203_01.jpg,1389,market1501,2
market1501/bounding_box_train/1389_c3s3_052778_05.jpg,1389,market1501,2
market1501/bounding_box_train/1389_c3s3_052803_03.jpg,1389,market1501,2
market1501/bounding_box_train/1389_c6s3_070892_02.jpg,1389,market1501,5
market1501/bounding_box_train/1389_c6s3_076442_01.jpg,1389,market1501,5
market1501/bounding_box_train/1389_c6s3_076467_01.jpg,1389,market1501,5
market1501/bounding_box_train/1393_c1s5_074216_01.jpg,1393,market1501,0
market1501/bounding_box_train/1393_c1s5_074216_03.jpg,1393,market1501,0
market1501/bounding_box_train/1393_c1s6_006016_03.jpg,1393,market1501,0
market1501/bounding_box_train/1393_c1s6_006016_05.jpg,1393,market1501,0
market1501/bounding_box_train/1393_c1s6_006116_01.jpg,1393,market1501,0
market1501/bounding_box_train/1393_c1s6_006141_02.jpg,1393,market1501,0
market1501/bounding_box_train/1393_c2s3_041682_02.jpg,1393,market1501,1
market1501/bounding_box_train/1393_c2s3_041682_09.jpg,1393,market1501,1
market1501/bounding_box_train/1393_c2s3_041757_03.jpg,1393,market1501,1
market1501/bounding_box_train/1393_c2s3_048632_02.jpg,1393,market1501,1
market1501/bounding_box_train/1393_c2s3_048632_07.jpg,1393,market1501,1
market1501/bounding_box_train/1393_c2s3_048732_01.jpg,1393,market1501,1
market1501/bounding_box_train/1393_c3s3_048003_02.jpg,1393,market1501,2
market1501/bounding_box_train/1393_c3s3_048053_01.jpg,1393,market1501,2
market1501/bounding_box_train/1393_c3s3_054428_03.jpg,1393,market1501,2
market1501/bounding_box_train/1393_c3s3_054478_04.jpg,1393,market1501,2
market1501/bounding_box_train/1393_c3s3_054503_03.jpg,1393,market1501,2
market1501/bounding_box_train/1393_c5s3_048415_01.jpg,1393,market1501,4
market1501/bounding_box_train/1393_c5s3_055065_03.jpg,1393,market1501,4
market1501/bounding_box_train/1393_c5s3_055090_03.jpg,1393,market1501,4
market1501/bounding_box_train/1393_c6s3_071742_04.jpg,1393,market1501,5
market1501/bounding_box_train/1393_c6s3_071792_02.jpg,1393,market1501,5
market1501/bounding_box_train/1393_c6s3_078092_01.jpg,1393,market1501,5
market1501/bounding_box_train/1393_c6s3_078142_01.jpg,1393,market1501,5
market1501/bounding_box_train/1407_c1s6_000741_01.jpg,1407,market1501,0
market1501/bounding_box_train/1407_c1s6_000766_02.jpg,1407,market1501,0
market1501/bounding_box_train/1407_c3s3_049303_02.jpg,1407,market1501,2
market1501/bounding_box_train/1407_c3s3_049478_01.jpg,1407,market1501,2
market1501/bounding_box_train/1407_c3s3_049503_01.jpg,1407,market1501,2
market1501/bounding_box_train/1407_c5s3_049865_01.jpg,1407,market1501,4
market1501/bounding_box_train/1407_c5s3_049940_01.jpg,1407,market1501,4
market1501/bounding_box_train/1407_c5s3_049990_01.jpg,1407,market1501,4
market1501/bounding_box_train/1407_c6s3_073117_01.jpg,1407,market1501,5
market1501/bounding_box_train/1407_c6s3_073142_01.jpg,1407,market1501,5
market1501/bounding_box_train/1407_c6s3_073142_02.jpg,1407,market1501,5
market1501/bounding_box_train/1407_c6s3_073192_02.jpg,1407,market1501,5
market1501/bounding_box_train/1407_c6s3_073217_02.jpg,1407,market1501,5
market1501/bounding_box_train/1408_c1s3_040951_01.jpg,1408,market1501,0
market1501/bounding_box_train/1408_c1s3_055601_01.jpg,1408,market1501,0
market1501/bounding_box_train/1408_c1s6_000891_03.jpg,1408,market1501,0
market1501/bounding_box_train/1408_c1s6_000916_01.jpg,1408,market1501,0
market1501/bounding_box_train/1408_c1s6_018196_01.jpg,1408,market1501,0
market1501/bounding_box_train/1408_c1s6_018246_02.jpg,1408,market1501,0
market1501/bounding_box_train/1408_c2s2_023462_01.jpg,1408,market1501,1
market1501/bounding_box_train/1408_c2s2_023487_02.jpg,1408,market1501,1
market1501/bounding_box_train/1408_c2s2_038112_01.jpg,1408,market1501,1
market1501/bounding_box_train/1408_c2s3_043357_01.jpg,1408,market1501,1
market1501/bounding_box_train/1408_c2s3_043382_01.jpg,1408,market1501,1
market1501/bounding_box_train/1408_c2s3_043382_05.jpg,1408,market1501,1
market1501/bounding_box_train/1408_c2s3_060752_01.jpg,1408,market1501,1
market1501/bounding_box_train/1408_c3s2_026662_02.jpg,1408,market1501,2
market1501/bounding_box_train/1408_c3s2_026712_01.jpg,1408,market1501,2
market1501/bounding_box_train/1408_c3s2_040837_01.jpg,1408,market1501,2
market1501/bounding_box_train/1408_c3s3_049653_02.jpg,1408,market1501,2
market1501/bounding_box_train/1408_c3s3_049703_02.jpg,1408,market1501,2
market1501/bounding_box_train/1408_c3s3_066569_05.jpg,1408,market1501,2
market1501/bounding_box_train/1408_c3s3_066619_05.jpg,1408,market1501,2
market1501/bounding_box_train/1408_c5s2_027030_02.jpg,1408,market1501,4
market1501/bounding_box_train/1408_c5s2_041530_01.jpg,1408,market1501,4
market1501/bounding_box_train/1408_c5s2_041555_01.jpg,1408,market1501,4
market1501/bounding_box_train/1408_c5s2_041605_01.jpg,1408,market1501,4
market1501/bounding_box_train/1408_c5s3_049990_02.jpg,1408,market1501,4
market1501/bounding_box_train/1408_c5s3_050040_02.jpg,1408,market1501,4
market1501/bounding_box_train/1408_c5s3_067312_06.jpg,1408,market1501,4
market1501/bounding_box_train/1408_c6s2_020893_01.jpg,1408,market1501,5
market1501/bounding_box_train/1408_c6s2_020918_01.jpg,1408,market1501,5
market1501/bounding_box_train/1408_c6s2_034918_01.jpg,1408,market1501,5
market1501/bounding_box_train/1408_c6s2_034943_01.jpg,1408,market1501,5
market1501/bounding_box_train/1408_c6s2_034968_01.jpg,1408,market1501,5
market1501/bounding_box_train/1408_c6s3_073417_01.jpg,1408,market1501,5
market1501/bounding_box_train/1408_c6s3_073442_01.jpg,1408,market1501,5
market1501/bounding_box_train/1408_c6s3_090217_01.jpg,1408,market1501,5
market1501/bounding_box_train/1408_c6s3_090217_04.jpg,1408,market1501,5
market1501/bounding_box_train/1408_c6s3_090267_01.jpg,1408,market1501,5
market1501/bounding_box_train/1408_c6s3_090267_05.jpg,1408,market1501,5
market1501/bounding_box_train/1421_c1s6_004191_01.jpg,1421,market1501,0
market1501/bounding_box_train/1421_c1s6_004216_01.jpg,1421,market1501,0
market1501/bounding_box_train/1421_c1s6_008841_04.jpg,1421,market1501,0
market1501/bounding_box_train/1421_c2s3_046632_01.jpg,1421,market1501,1
market1501/bounding_box_train/1421_c2s3_046707_01.jpg,1421,market1501,1
market1501/bounding_box_train/1421_c2s3_046707_06.jpg,1421,market1501,1
market1501/bounding_box_train/1421_c2s3_051332_01.jpg,1421,market1501,1
market1501/bounding_box_train/1421_c3s3_052928_06.jpg,1421,market1501,2
market1501/bounding_box_train/1421_c3s3_052978_03.jpg,1421,market1501,2
market1501/bounding_box_train/1421_c3s3_057228_04.jpg,1421,market1501,2
market1501/bounding_box_train/1421_c3s3_057253_03.jpg,1421,market1501,2
market1501/bounding_box_train/1421_c6s3_080892_02.jpg,1421,market1501,5
market1501/bounding_box_train/1421_c6s3_080917_04.jpg,1421,market1501,5
market1501/bounding_box_train/1422_c1s6_003941_01.jpg,1422,market1501,0
market1501/bounding_box_train/1422_c1s6_008566_05.jpg,1422,market1501,0
market1501/bounding_box_train/1422_c1s6_008591_05.jpg,1422,market1501,0
market1501/bounding_box_train/1422_c3s3_052403_01.jpg,1422,market1501,2
market1501/bounding_box_train/1422_c3s3_052478_01.jpg,1422,market1501,2
market1501/bounding_box_train/1422_c3s3_052553_01.jpg,1422,market1501,2
market1501/bounding_box_train/1422_c3s3_052578_02.jpg,1422,market1501,2
market1501/bounding_box_train/1422_c3s3_057028_06.jpg,1422,market1501,2
market1501/bounding_box_train/1422_c3s3_057053_09.jpg,1422,market1501,2
market1501/bounding_box_train/1422_c3s3_057103_01.jpg,1422,market1501,2
market1501/bounding_box_train/1422_c5s3_053040_01.jpg,1422,market1501,4
market1501/bounding_box_train/1422_c5s3_053040_03.jpg,1422,market1501,4
market1501/bounding_box_train/1422_c5s3_053065_01.jpg,1422,market1501,4
market1501/bounding_box_train/1422_c6s3_076292_01.jpg,1422,market1501,5
market1501/bounding_box_train/1422_c6s3_076317_01.jpg,1422,market1501,5
market1501/bounding_box_train/1422_c6s3_076317_03.jpg,1422,market1501,5
market1501/bounding_box_train/1422_c6s3_076342_01.jpg,1422,market1501,5
market1501/bounding_box_train/1422_c6s3_076342_04.jpg,1422,market1501,5
market1501/bounding_box_train/1422_c6s3_080692_01.jpg,1422,market1501,5
market1501/bounding_box_train/1422_c6s3_080742_02.jpg,1422,market1501,5
market1501/bounding_box_train/1426_c1s6_005016_03.jpg,1426,market1501,0
market1501/bounding_box_train/1426_c1s6_005041_02.jpg,1426,market1501,0
market1501/bounding_box_train/1426_c1s6_005116_06.jpg,1426,market1501,0
market1501/bounding_box_train/1426_c1s6_012141_03.jpg,1426,market1501,0
market1501/bounding_box_train/1426_c1s6_012216_03.jpg,1426,market1501,0
market1501/bounding_box_train/1426_c3s3_053553_04.jpg,1426,market1501,2
market1501/bounding_box_train/1426_c3s3_053703_04.jpg,1426,market1501,2
market1501/bounding_box_train/1426_c3s3_053728_06.jpg,1426,market1501,2
market1501/bounding_box_train/1426_c3s3_053828_05.jpg,1426,market1501,2
market1501/bounding_box_train/1426_c3s3_053853_04.jpg,1426,market1501,2
market1501/bounding_box_train/1426_c3s3_060428_08.jpg,1426,market1501,2
market1501/bounding_box_train/1426_c3s3_060503_01.jpg,1426,market1501,2
market1501/bounding_box_train/1426_c5s3_054190_05.jpg,1426,market1501,4
market1501/bounding_box_train/1426_c5s3_054290_04.jpg,1426,market1501,4
market1501/bounding_box_train/1426_c6s3_077517_02.jpg,1426,market1501,5
market1501/bounding_box_train/1426_c6s3_077517_04.jpg,1426,market1501,5
market1501/bounding_box_train/1426_c6s3_077542_01.jpg,1426,market1501,5
market1501/bounding_box_train/1426_c6s3_077542_04.jpg,1426,market1501,5
market1501/bounding_box_train/1426_c6s3_084067_01.jpg,1426,market1501,5
market1501/bounding_box_train/1426_c6s3_084092_04.jpg,1426,market1501,5
market1501/bounding_box_train/1427_c1s6_046596_06.jpg,1427,market1501,0
market1501/bounding_box_train/1427_c1s6_046621_13.jpg,1427,market1501,0
market1501/bounding_box_train/1427_c2s3_089077_01.jpg,1427,market1501,1
market1501/bounding_box_train/1427_c2s3_089127_02.jpg,1427,market1501,1
market1501/bounding_box_train/1427_c2s3_089152_01.jpg,1427,market1501,1
market1501/bounding_box_train/1427_c3s3_095144_12.jpg,1427,market1501,2
market1501/bounding_box_train/1427_c5s3_095762_05.jpg,1427,market1501,4
market1501/bounding_box_train/1428_c1s6_005516_01.jpg,1428,market1501,0
market1501/bounding_box_train/1428_c1s6_005541_01.jpg,1428,market1501,0
market1501/bounding_box_train/1428_c1s6_018921_03.jpg,1428,market1501,0
market1501/bounding_box_train/1428_c2s3_047932_02.jpg,1428,market1501,1
market1501/bounding_box_train/1428_c2s3_048007_01.jpg,1428,market1501,1
market1501/bounding_box_train/1428_c2s3_048007_14.jpg,1428,market1501,1
market1501/bounding_box_train/1428_c2s3_048032_01.jpg,1428,market1501,1
market1501/bounding_box_train/1428_c2s3_061352_01.jpg,1428,market1501,1
market1501/bounding_box_train/1428_c2s3_061377_01.jpg,1428,market1501,1
market1501/bounding_box_train/1428_c3s3_054278_02.jpg,1428,market1501,2
market1501/bounding_box_train/1428_c3s3_054303_05.jpg,1428,market1501,2
market1501/bounding_box_train/1428_c3s3_054328_02.jpg,1428,market1501,2
market1501/bounding_box_train/1428_c3s3_054353_02.jpg,1428,market1501,2
market1501/bounding_box_train/1428_c3s3_067219_01.jpg,1428,market1501,2
market1501/bounding_box_train/1428_c3s3_067244_01.jpg,1428,market1501,2
market1501/bounding_box_train/1428_c5s3_054590_03.jpg,1428,market1501,4
market1501/bounding_box_train/1428_c5s3_054590_06.jpg,1428,market1501,4
market1501/bounding_box_train/1428_c5s3_068087_06.jpg,1428,market1501,4
market1501/bounding_box_train/1428_c6s3_078067_02.jpg,1428,market1501,5
market1501/bounding_box_train/1428_c6s3_078092_02.jpg,1428,market1501,5
market1501/bounding_box_train/1428_c6s3_090842_03.jpg,1428,market1501,5
market1501/bounding_box_train/1428_c6s3_090867_04.jpg,1428,market1501,5
market1501/bounding_box_train/1428_c6s3_090867_07.jpg,1428,market1501,5
market1501/bounding_box_train/0143_c2s1_022326_02.jpg,143,market1501,1
market1501/bounding_box_train/0143_c4s1_022976_04.jpg,143,market1501,3
market1501/bounding_box_train/0143_c4s1_023001_03.jpg,143,market1501,3
market1501/bounding_box_train/1430_c1s6_006141_03.jpg,1430,market1501,0
market1501/bounding_box_train/1430_c1s6_006241_01.jpg,1430,market1501,0
market1501/bounding_box_train/1430_c1s6_010291_01.jpg,1430,market1501,0
market1501/bounding_box_train/1430_c1s6_010316_03.jpg,1430,market1501,0
market1501/bounding_box_train/1430_c3s3_054753_03.jpg,1430,market1501,2
market1501/bounding_box_train/1430_c3s3_054928_05.jpg,1430,market1501,2
market1501/bounding_box_train/1430_c3s3_054953_06.jpg,1430,market1501,2
market1501/bounding_box_train/1430_c3s3_058653_06.jpg,1430,market1501,2
market1501/bounding_box_train/1430_c3s3_058753_02.jpg,1430,market1501,2
market1501/bounding_box_train/1430_c5s3_055315_08.jpg,1430,market1501,4
market1501/bounding_box_train/1430_c5s3_059340_03.jpg,1430,market1501,4
market1501/bounding_box_train/1430_c5s3_059365_03.jpg,1430,market1501,4
market1501/bounding_box_train/1430_c5s3_059365_05.jpg,1430,market1501,4
market1501/bounding_box_train/1430_c6s3_078617_02.jpg,1430,market1501,5
market1501/bounding_box_train/1430_c6s3_078642_01.jpg,1430,market1501,5
market1501/bounding_box_train/1430_c6s3_082342_01.jpg,1430,market1501,5
market1501/bounding_box_train/1430_c6s3_082417_02.jpg,1430,market1501,5
market1501/bounding_box_train/1434_c1s6_006741_02.jpg,1434,market1501,0
market1501/bounding_box_train/1434_c2s3_049182_03.jpg,1434,market1501,1
market1501/bounding_box_train/1434_c2s3_049207_02.jpg,1434,market1501,1
market1501/bounding_box_train/1434_c2s3_049282_05.jpg,1434,market1501,1
market1501/bounding_box_train/1434_c3s3_055478_04.jpg,1434,market1501,2
market1501/bounding_box_train/1434_c3s3_055503_02.jpg,1434,market1501,2
market1501/bounding_box_train/1434_c3s3_055528_02.jpg,1434,market1501,2
market1501/bounding_box_train/1434_c5s3_055865_03.jpg,1434,market1501,4
market1501/bounding_box_train/1434_c6s3_079242_01.jpg,1434,market1501,5
market1501/bounding_box_train/1434_c6s3_079267_01.jpg,1434,market1501,5
market1501/bounding_box_train/1442_c1s6_008241_01.jpg,1442,market1501,0
market1501/bounding_box_train/1442_c2s3_050732_01.jpg,1442,market1501,1
market1501/bounding_box_train/1442_c2s3_050757_03.jpg,1442,market1501,1
market1501/bounding_box_train/1442_c3s3_056978_05.jpg,1442,market1501,2
market1501/bounding_box_train/1442_c3s3_057028_05.jpg,1442,market1501,2
market1501/bounding_box_train/1442_c3s3_057053_01.jpg,1442,market1501,2
market1501/bounding_box_train/1442_c5s3_057415_12.jpg,1442,market1501,4
market1501/bounding_box_train/1442_c6s3_080742_01.jpg,1442,market1501,5
market1501/bounding_box_train/1442_c6s3_080767_01.jpg,1442,market1501,5
market1501/bounding_box_train/1442_c6s3_080792_01.jpg,1442,market1501,5
market1501/bounding_box_train/1445_c1s6_008316_01.jpg,1445,market1501,0
market1501/bounding_box_train/1445_c1s6_008366_01.jpg,1445,market1501,0
market1501/bounding_box_train/1445_c2s3_050732_08.jpg,1445,market1501,1
market1501/bounding_box_train/1445_c2s3_050757_08.jpg,1445,market1501,1
market1501/bounding_box_train/1445_c2s3_050807_07.jpg,1445,market1501,1
market1501/bounding_box_train/1445_c2s3_050832_08.jpg,1445,market1501,1
market1501/bounding_box_train/1445_c3s3_057078_05.jpg,1445,market1501,2
market1501/bounding_box_train/1445_c3s3_057103_04.jpg,1445,market1501,2
market1501/bounding_box_train/1445_c4s6_008810_01.jpg,1445,market1501,3
market1501/bounding_box_train/1445_c4s6_008885_04.jpg,1445,market1501,3
market1501/bounding_box_train/1445_c5s3_057615_03.jpg,1445,market1501,4
market1501/bounding_box_train/1445_c6s3_080992_03.jpg,1445,market1501,5
market1501/bounding_box_train/1445_c6s3_081017_05.jpg,1445,market1501,5
market1501/bounding_box_train/1451_c2s3_049882_06.jpg,1451,market1501,1
market1501/bounding_box_train/1451_c3s3_056128_05.jpg,1451,market1501,2
market1501/bounding_box_train/1463_c2s3_098002_02.jpg,1463,market1501,1
market1501/bounding_box_train/1463_c2s3_098002_09.jpg,1463,market1501,1
market1501/bounding_box_train/1463_c2s3_098102_02.jpg,1463,market1501,1
market1501/bounding_box_train/1463_c3s3_104444_04.jpg,1463,market1501,2
market1501/bounding_box_train/1463_c3s3_104469_03.jpg,1463,market1501,2
market1501/bounding_box_train/1463_c6s4_030902_05.jpg,1463,market1501,5
market1501/bounding_box_train/1463_c6s4_030927_05.jpg,1463,market1501,5
market1501/bounding_box_train/1463_c6s4_030952_05.jpg,1463,market1501,5
market1501/bounding_box_train/1467_c1s6_009966_03.jpg,1467,market1501,0
market1501/bounding_box_train/1467_c1s6_009991_02.jpg,1467,market1501,0
market1501/bounding_box_train/1467_c1s6_020646_03.jpg,1467,market1501,0
market1501/bounding_box_train/1467_c1s6_020721_01.jpg,1467,market1501,0
market1501/bounding_box_train/1467_c3s3_058653_03.jpg,1467,market1501,2
market1501/bounding_box_train/1467_c3s3_058753_06.jpg,1467,market1501,2
market1501/bounding_box_train/1467_c3s3_058778_05.jpg,1467,market1501,2
market1501/bounding_box_train/1467_c3s3_058853_05.jpg,1467,market1501,2
market1501/bounding_box_train/1467_c3s3_069019_05.jpg,1467,market1501,2
market1501/bounding_box_train/1467_c3s3_069044_04.jpg,1467,market1501,2
market1501/bounding_box_train/1467_c3s3_069069_03.jpg,1467,market1501,2
market1501/bounding_box_train/1467_c3s3_069144_03.jpg,1467,market1501,2
market1501/bounding_box_train/1467_c5s3_058990_01.jpg,1467,market1501,4
market1501/bounding_box_train/1467_c5s3_059165_01.jpg,1467,market1501,4
market1501/bounding_box_train/1467_c5s3_059190_01.jpg,1467,market1501,4
market1501/bounding_box_train/1467_c5s3_059240_03.jpg,1467,market1501,4
market1501/bounding_box_train/1467_c5s3_069712_04.jpg,1467,market1501,4
market1501/bounding_box_train/1467_c5s3_069812_02.jpg,1467,market1501,4
market1501/bounding_box_train/1467_c6s3_082267_06.jpg,1467,market1501,5
market1501/bounding_box_train/1467_c6s3_082292_02.jpg,1467,market1501,5
market1501/bounding_box_train/1467_c6s3_082467_02.jpg,1467,market1501,5
market1501/bounding_box_train/1467_c6s3_082567_01.jpg,1467,market1501,5
market1501/bounding_box_train/1467_c6s3_092617_02.jpg,1467,market1501,5
market1501/bounding_box_train/1467_c6s3_092767_02.jpg,1467,market1501,5
market1501/bounding_box_train/1467_c6s3_092842_01.jpg,1467,market1501,5
market1501/bounding_box_train/1470_c1s6_011366_02.jpg,1470,market1501,0
market1501/bounding_box_train/1470_c2s3_053807_01.jpg,1470,market1501,1
market1501/bounding_box_train/1470_c2s3_053882_01.jpg,1470,market1501,1
market1501/bounding_box_train/1470_c2s3_053882_04.jpg,1470,market1501,1
market1501/bounding_box_train/1470_c3s3_060178_03.jpg,1470,market1501,2
market1501/bounding_box_train/1470_c3s3_060228_04.jpg,1470,market1501,2
market1501/bounding_box_train/1470_c5s3_060465_02.jpg,1470,market1501,4
market1501/bounding_box_train/1470_c6s3_083942_01.jpg,1470,market1501,5
market1501/bounding_box_train/1470_c6s3_083967_01.jpg,1470,market1501,5
market1501/bounding_box_train/1475_c1s6_011866_02.jpg,1475,market1501,0
market1501/bounding_box_train/1475_c2s3_054282_01.jpg,1475,market1501,1
market1501/bounding_box_train/1475_c2s3_054282_07.jpg,1475,market1501,1
market1501/bounding_box_train/1475_c2s3_054307_01.jpg,1475,market1501,1
market1501/bounding_box_train/1475_c2s3_054407_05.jpg,1475,market1501,1
market1501/bounding_box_train/1475_c2s3_072027_01.jpg,1475,market1501,1
market1501/bounding_box_train/1475_c3s3_060603_02.jpg,1475,market1501,2
market1501/bounding_box_train/1475_c3s3_060653_01.jpg,1475,market1501,2
market1501/bounding_box_train/1475_c3s3_077819_02.jpg,1475,market1501,2
market1501/bounding_box_train/1475_c3s3_077844_02.jpg,1475,market1501,2
market1501/bounding_box_train/1475_c5s3_060940_03.jpg,1475,market1501,4
market1501/bounding_box_train/1475_c6s3_084342_02.jpg,1475,market1501,5
market1501/bounding_box_train/1475_c6s3_084367_01.jpg,1475,market1501,5
market1501/bounding_box_train/1479_c1s6_012041_03.jpg,1479,market1501,0
market1501/bounding_box_train/1479_c1s6_032296_06.jpg,1479,market1501,0
market1501/bounding_box_train/1479_c1s6_032421_03.jpg,1479,market1501,0
market1501/bounding_box_train/1479_c2s3_054507_01.jpg,1479,market1501,1
market1501/bounding_box_train/1479_c2s3_054507_05.jpg,1479,market1501,1
market1501/bounding_box_train/1479_c2s3_054557_01.jpg,1479,market1501,1
market1501/bounding_box_train/1479_c2s3_054557_02.jpg,1479,market1501,1
market1501/bounding_box_train/1479_c2s3_074877_07.jpg,1479,market1501,1
market1501/bounding_box_train/1479_c2s3_074902_05.jpg,1479,market1501,1
market1501/bounding_box_train/1479_c3s3_060853_02.jpg,1479,market1501,2
market1501/bounding_box_train/1479_c3s3_060878_07.jpg,1479,market1501,2
market1501/bounding_box_train/1479_c3s3_080694_04.jpg,1479,market1501,2
market1501/bounding_box_train/1479_c3s3_080744_06.jpg,1479,market1501,2
market1501/bounding_box_train/1479_c6s3_084617_02.jpg,1479,market1501,5
market1501/bounding_box_train/0149_c1s6_029221_01.jpg,149,market1501,0
market1501/bounding_box_train/0149_c1s6_029246_01.jpg,149,market1501,0
market1501/bounding_box_train/0149_c1s6_029321_03.jpg,149,market1501,0
market1501/bounding_box_train/0149_c1s6_029396_01.jpg,149,market1501,0
market1501/bounding_box_train/0149_c3s3_077919_01.jpg,149,market1501,2
market1501/bounding_box_train/0149_c3s3_078044_02.jpg,149,market1501,2
market1501/bounding_box_train/0149_c5s3_078512_02.jpg,149,market1501,4
market1501/bounding_box_train/0149_c6s4_004552_03.jpg,149,market1501,5
market1501/bounding_box_train/0149_c6s4_004577_03.jpg,149,market1501,5
market1501/bounding_box_train/0149_c6s4_004627_05.jpg,149,market1501,5
market1501/bounding_box_train/1492_c1s6_013121_01.jpg,1492,market1501,0
market1501/bounding_box_train/1492_c1s6_013171_01.jpg,1492,market1501,0
market1501/bounding_box_train/1492_c1s6_013246_01.jpg,1492,market1501,0
market1501/bounding_box_train/1492_c2s3_055557_01.jpg,1492,market1501,1
market1501/bounding_box_train/1492_c2s3_055557_08.jpg,1492,market1501,1
market1501/bounding_box_train/1492_c2s3_055632_03.jpg,1492,market1501,1
market1501/bounding_box_train/1492_c3s3_061953_04.jpg,1492,market1501,2
market1501/bounding_box_train/1492_c3s3_061978_04.jpg,1492,market1501,2
market1501/bounding_box_train/1492_c3s3_062003_02.jpg,1492,market1501,2
market1501/bounding_box_train/1492_c5s3_062290_01.jpg,1492,market1501,4
market1501/bounding_box_train/1492_c5s3_062290_02.jpg,1492,market1501,4
market1501/bounding_box_train/1492_c5s3_062440_01.jpg,1492,market1501,4
market1501/bounding_box_train/1492_c5s3_062440_02.jpg,1492,market1501,4
market1501/bounding_box_train/1492_c6s3_085667_02.jpg,1492,market1501,5
market1501/bounding_box_train/1492_c6s3_085717_02.jpg,1492,market1501,5
market1501/bounding_box_train/0150_c1s1_024326_02.jpg,150,market1501,0
market1501/bounding_box_train/0150_c1s1_024426_03.jpg,150,market1501,0
market1501/bounding_box_train/0150_c1s1_024676_02.jpg,150,market1501,0
market1501/bounding_box_train/0150_c4s1_024426_01.jpg,150,market1501,3
market1501/bounding_box_train/0150_c4s1_024451_01.jpg,150,market1501,3
market1501/bounding_box_train/0150_c5s1_024826_02.jpg,150,market1501,4
market1501/bounding_box_train/0150_c5s1_024876_02.jpg,150,market1501,4
market1501/bounding_box_train/0159_c1s1_028051_02.jpg,159,market1501,0
market1501/bounding_box_train/0159_c1s1_028126_01.jpg,159,market1501,0
market1501/bounding_box_train/0159_c1s1_030426_01.jpg,159,market1501,0
market1501/bounding_box_train/0159_c1s1_030551_03.jpg,159,market1501,0
market1501/bounding_box_train/0159_c1s1_031126_01.jpg,159,market1501,0
market1501/bounding_box_train/0159_c2s1_026951_02.jpg,159,market1501,1
market1501/bounding_box_train/0159_c2s1_026976_01.jpg,159,market1501,1
market1501/bounding_box_train/0159_c2s1_026976_03.jpg,159,market1501,1
market1501/bounding_box_train/0159_c2s1_027126_01.jpg,159,market1501,1
market1501/bounding_box_train/0159_c2s1_030076_01.jpg,159,market1501,1
market1501/bounding_box_train/0159_c2s1_030101_01.jpg,159,market1501,1
market1501/bounding_box_train/0159_c3s1_027526_01.jpg,159,market1501,2
market1501/bounding_box_train/0159_c3s1_027526_03.jpg,159,market1501,2
market1501/bounding_box_train/0159_c3s1_027676_01.jpg,159,market1501,2
market1501/bounding_box_train/0159_c3s1_027701_02.jpg,159,market1501,2
market1501/bounding_box_train/0159_c3s1_029801_04.jpg,159,market1501,2
market1501/bounding_box_train/0159_c3s1_029826_01.jpg,159,market1501,2
market1501/bounding_box_train/0159_c4s1_031226_01.jpg,159,market1501,3
market1501/bounding_box_train/0159_c5s1_028076_04.jpg,159,market1501,4
market1501/bounding_box_train/0159_c5s1_028101_01.jpg,159,market1501,4
market1501/bounding_box_train/0159_c5s1_028201_02.jpg,159,market1501,4
market1501/bounding_box_train/0159_c5s1_030426_02.jpg,159,market1501,4
market1501/bounding_box_train/0159_c5s1_030476_01.jpg,159,market1501,4
market1501/bounding_box_train/0159_c6s1_028201_05.jpg,159,market1501,5
market1501/bounding_box_train/0159_c6s1_028251_01.jpg,159,market1501,5
market1501/bounding_box_train/0159_c6s1_028276_01.jpg,159,market1501,5
market1501/bounding_box_train/0159_c6s1_030276_01.jpg,159,market1501,5
market1501/bounding_box_train/0159_c6s1_030301_01.jpg,159,market1501,5
market1501/bounding_box_train/0159_c6s1_030326_01.jpg,159,market1501,5
market1501/bounding_box_train/0162_c1s6_049246_01.jpg,162,market1501,0
market1501/bounding_box_train/0162_c4s6_050016_01.jpg,162,market1501,3
market1501/bounding_box_train/0162_c4s6_050041_01.jpg,162,market1501,3
market1501/bounding_box_train/0162_c4s6_050066_01.jpg,162,market1501,3
market1501/bounding_box_train/0162_c4s6_050116_05.jpg,162,market1501,3
market1501/bounding_box_train/0162_c5s3_099412_02.jpg,162,market1501,4
market1501/bounding_box_train/0166_c1s1_030351_02.jpg,166,market1501,0
market1501/bounding_box_train/0166_c1s1_030351_03.jpg,166,market1501,0
market1501/bounding_box_train/0166_c1s1_030426_02.jpg,166,market1501,0
market1501/bounding_box_train/0166_c2s1_029551_03.jpg,166,market1501,1
market1501/bounding_box_train/0166_c3s1_029501_02.jpg,166,market1501,2
market1501/bounding_box_train/0166_c3s1_029826_04.jpg,166,market1501,2
market1501/bounding_box_train/0166_c5s1_030101_02.jpg,166,market1501,4
market1501/bounding_box_train/0166_c5s1_030126_07.jpg,166,market1501,4
market1501/bounding_box_train/0166_c5s1_030526_02.jpg,166,market1501,4
market1501/bounding_box_train/0169_c1s1_030551_02.jpg,169,market1501,0
market1501/bounding_box_train/0169_c2s1_029851_01.jpg,169,market1501,1
market1501/bounding_box_train/0169_c2s1_029876_05.jpg,169,market1501,1
market1501/bounding_box_train/0172_c1s6_015671_02.jpg,172,market1501,0
market1501/bounding_box_train/0172_c1s6_015696_01.jpg,172,market1501,0
market1501/bounding_box_train/0172_c2s3_058052_02.jpg,172,market1501,1
market1501/bounding_box_train/0172_c2s3_058152_02.jpg,172,market1501,1
market1501/bounding_box_train/0172_c3s3_064594_04.jpg,172,market1501,2
market1501/bounding_box_train/0172_c6s3_088292_03.jpg,172,market1501,5
market1501/bounding_box_train/0172_c6s3_088317_03.jpg,172,market1501,5
market1501/bounding_box_train/0173_c1s6_015671_05.jpg,173,market1501,0
market1501/bounding_box_train/0173_c2s3_058052_04.jpg,173,market1501,1
market1501/bounding_box_train/0173_c2s3_058152_03.jpg,173,market1501,1
market1501/bounding_box_train/0173_c3s3_064469_01.jpg,173,market1501,2
market1501/bounding_box_train/0173_c3s3_064519_01.jpg,173,market1501,2
market1501/bounding_box_train/0173_c3s3_064594_02.jpg,173,market1501,2
market1501/bounding_box_train/0002_c1s1_000451_03.jpg,2,market1501,0
market1501/bounding_box_train/0002_c1s1_000551_01.jpg,2,market1501,0
market1501/bounding_box_train/0002_c1s1_000776_01.jpg,2,market1501,0
market1501/bounding_box_train/0002_c1s1_000801_01.jpg,2,market1501,0
market1501/bounding_box_train/0002_c1s1_069056_02.jpg,2,market1501,0
market1501/bounding_box_train/0002_c1s2_000841_01.jpg,2,market1501,0
market1501/bounding_box_train/0002_c1s2_050821_02.jpg,2,market1501,0
market1501/bounding_box_train/0002_c1s2_050846_02.jpg,2,market1501,0
market1501/bounding_box_train/0002_c1s2_064446_01.jpg,2,market1501,0
market1501/bounding_box_train/0002_c2s1_000301_01.jpg,2,market1501,1
market1501/bounding_box_train/0002_c2s1_000351_01.jpg,2,market1501,1
market1501/bounding_box_train/0002_c2s1_000801_01.jpg,2,market1501,1
market1501/bounding_box_train/0002_c2s1_000976_01.jpg,2,market1501,1
market1501/bounding_box_train/0002_c2s1_068496_01.jpg,2,market1501,1
market1501/bounding_box_train/0002_c2s1_068521_01.jpg,2,market1501,1
market1501/bounding_box_train/0002_c2s1_073121_01.jpg,2,market1501,1
market1501/bounding_box_train/0002_c2s1_073121_02.jpg,2,market1501,1
market1501/bounding_box_train/0002_c2s1_123041_01.jpg,2,market1501,1
market1501/bounding_box_train/0002_c2s1_123141_01.jpg,2,market1501,1
market1501/bounding_box_train/0002_c2s1_123141_03.jpg,2,market1501,1
market1501/bounding_box_train/0002_c2s1_136741_01.jpg,2,market1501,1
market1501/bounding_box_train/0002_c3s1_000001_01.jpg,2,market1501,2
market1501/bounding_box_train/0002_c3s1_000076_01.jpg,2,market1501,2
market1501/bounding_box_train/0002_c3s1_000501_01.jpg,2,market1501,2
market1501/bounding_box_train/0002_c3s1_068642_02.jpg,2,market1501,2
market1501/bounding_box_train/0002_c3s1_072942_02.jpg,2,market1501,2
market1501/bounding_box_train/0002_c3s1_123058_01.jpg,2,market1501,2
market1501/bounding_box_train/0002_c3s1_123283_03.jpg,2,market1501,2
market1501/bounding_box_train/0002_c3s1_123283_05.jpg,2,market1501,2
market1501/bounding_box_train/0002_c3s1_123333_02.jpg,2,market1501,2
market1501/bounding_box_train/0002_c3s1_123358_03.jpg,2,market1501,2
market1501/bounding_box_train/0002_c3s1_136233_01.jpg,2,market1501,2
market1501/bounding_box_train/0002_c3s1_136258_02.jpg,2,market1501,2
market1501/bounding_box_train/0002_c3s1_136308_04.jpg,2,market1501,2
market1501/bounding_box_train/0002_c5s1_000476_02.jpg,2,market1501,4
market1501/bounding_box_train/0002_c5s1_000551_01.jpg,2,market1501,4
market1501/bounding_box_train/0002_c5s1_000551_03.jpg,2,market1501,4
market1501/bounding_box_train/0002_c5s1_000626_01.jpg,2,market1501,4
market1501/bounding_box_train/0002_c5s1_000651_01.jpg,2,market1501,4
market1501/bounding_box_train/0002_c5s1_000776_01.jpg,2,market1501,4
market1501/bounding_box_train/0002_c5s1_069073_02.jpg,2,market1501,4
market1501/bounding_box_train/0002_c5s1_123595_04.jpg,2,market1501,4
market1501/bounding_box_train/0002_c5s1_123595_08.jpg,2,market1501,4
market1501/bounding_box_train/0002_c6s1_069251_03.jpg,2,market1501,5
market1501/bounding_box_train/0002_c6s1_073426_02.jpg,2,market1501,5
market1501/bounding_box_train/0002_c6s1_073451_02.jpg,2,market1501,5
market1501/bounding_box_train/0020_c1s1_001526_03.jpg,20,market1501,0
market1501/bounding_box_train/0020_c4s1_001426_04.jpg,20,market1501,3
market1501/bounding_box_train/0020_c4s1_001426_06.jpg,20,market1501,3
market1501/bounding_box_train/0020_c4s1_001451_03.jpg,20,market1501,3
market1501/bounding_box_train/0020_c4s1_001451_04.jpg,20,market1501,3
market1501/bounding_box_train/0020_c4s1_001476_01.jpg,20,market1501,3
market1501/bounding_box_train/0202_c1s5_014111_04.jpg,202,market1501,0
market1501/bounding_box_train/0202_c1s5_014136_03.jpg,202,market1501,0
market1501/bounding_box_train/0202_c2s2_146627_05.jpg,202,market1501,1
market1501/bounding_box_train/0202_c2s2_146652_05.jpg,202,market1501,1
market1501/bounding_box_train/0202_c2s3_026557_02.jpg,202,market1501,1
market1501/bounding_box_train/0202_c3s2_149344_04.jpg,202,market1501,2
market1501/bounding_box_train/0202_c3s2_149369_03.jpg,202,market1501,2
market1501/bounding_box_train/0202_c3s2_149469_01.jpg,202,market1501,2
market1501/bounding_box_train/0202_c3s3_033028_02.jpg,202,market1501,2
market1501/bounding_box_train/0202_c3s3_033078_04.jpg,202,market1501,2
market1501/bounding_box_train/0202_c4s1_036951_01.jpg,202,market1501,3
market1501/bounding_box_train/0202_c4s1_037226_01.jpg,202,market1501,3
market1501/bounding_box_train/0202_c4s5_013329_04.jpg,202,market1501,3
market1501/bounding_box_train/0202_c4s5_013354_02.jpg,202,market1501,3
market1501/bounding_box_train/0202_c4s5_059460_05.jpg,202,market1501,3
market1501/bounding_box_train/0202_c5s2_149799_04.jpg,202,market1501,4
market1501/bounding_box_train/0202_c5s3_033715_05.jpg,202,market1501,4
market1501/bounding_box_train/0202_c5s3_033740_02.jpg,202,market1501,4
market1501/bounding_box_train/0202_c6s3_011192_03.jpg,202,market1501,5
market1501/bounding_box_train/0202_c6s3_056767_01.jpg,202,market1501,5
market1501/bounding_box_train/0204_c1s1_041101_01.jpg,204,market1501,0
market1501/bounding_box_train/0204_c1s1_041176_01.jpg,204,market1501,0
market1501/bounding_box_train/0204_c1s2_003766_02.jpg,204,market1501,0
market1501/bounding_box_train/0204_c2s1_040476_01.jpg,204,market1501,1
market1501/bounding_box_train/0204_c2s1_040526_02.jpg,204,market1501,1
market1501/bounding_box_train/0204_c2s1_075821_03.jpg,204,market1501,1
market1501/bounding_box_train/0204_c2s1_075971_02.jpg,204,market1501,1
market1501/bounding_box_train/0204_c3s1_040676_04.jpg,204,market1501,2
market1501/bounding_box_train/0204_c3s1_040726_04.jpg,204,market1501,2
market1501/bounding_box_train/0204_c3s1_076192_04.jpg,204,market1501,2
market1501/bounding_box_train/0204_c3s1_076217_03.jpg,204,market1501,2
market1501/bounding_box_train/0204_c4s1_041326_01.jpg,204,market1501,3
market1501/bounding_box_train/0204_c4s1_041401_03.jpg,204,market1501,3
market1501/bounding_box_train/0204_c5s1_040901_02.jpg,204,market1501,4
market1501/bounding_box_train/0204_c5s1_041151_01.jpg,204,market1501,4
market1501/bounding_box_train/0204_c5s1_041201_02.jpg,204,market1501,4
market1501/bounding_box_train/0204_c5s1_041251_01.jpg,204,market1501,4
market1501/bounding_box_train/0204_c5s1_041276_01.jpg,204,market1501,4
market1501/bounding_box_train/0204_c5s1_076673_06.jpg,204,market1501,4
market1501/bounding_box_train/0204_c6s1_076776_02.jpg,204,market1501,5
market1501/bounding_box_train/0204_c6s1_076876_02.jpg,204,market1501,5
market1501/bounding_box_train/0206_c1s1_041551_01.jpg,206,market1501,0
market1501/bounding_box_train/0206_c1s1_052801_01.jpg,206,market1501,0
market1501/bounding_box_train/0206_c2s1_040926_01.jpg,206,market1501,1
market1501/bounding_box_train/0206_c2s1_040951_01.jpg,206,market1501,1
market1501/bounding_box_train/0206_c2s1_041051_01.jpg,206,market1501,1
market1501/bounding_box_train/0206_c2s1_052276_01.jpg,206,market1501,1
market1501/bounding_box_train/0206_c2s1_052276_05.jpg,206,market1501,1
market1501/bounding_box_train/0206_c2s1_052326_01.jpg,206,market1501,1
market1501/bounding_box_train/0206_c2s1_052326_02.jpg,206,market1501,1
market1501/bounding_box_train/0206_c3s1_041176_04.jpg,206,market1501,2
market1501/bounding_box_train/0206_c3s1_041201_02.jpg,206,market1501,2
market1501/bounding_box_train/0206_c3s1_052026_01.jpg,206,market1501,2
market1501/bounding_box_train/0206_c3s1_052051_02.jpg,206,market1501,2
market1501/bounding_box_train/0206_c5s1_041476_03.jpg,206,market1501,4
market1501/bounding_box_train/0206_c5s1_052801_04.jpg,206,market1501,4
market1501/bounding_box_train/0206_c5s1_052876_01.jpg,206,market1501,4
market1501/bounding_box_train/0206_c6s1_041751_02.jpg,206,market1501,5
market1501/bounding_box_train/0206_c6s1_041776_02.jpg,206,market1501,5
market1501/bounding_box_train/0206_c6s1_041801_02.jpg,206,market1501,5
market1501/bounding_box_train/0206_c6s1_041826_05.jpg,206,market1501,5
market1501/bounding_box_train/0206_c6s1_052501_03.jpg,206,market1501,5
market1501/bounding_box_train/0206_c6s1_052526_02.jpg,206,market1501,5
market1501/bounding_box_train/0206_c6s1_052551_02.jpg,206,market1501,5
market1501/bounding_box_train/0223_c1s1_046476_02.jpg,223,market1501,0
market1501/bounding_box_train/0223_c1s1_052901_02.jpg,223,market1501,0
market1501/bounding_box_train/0223_c1s1_052951_01.jpg,223,market1501,0
market1501/bounding_box_train/0223_c3s1_045951_03.jpg,223,market1501,2
market1501/bounding_box_train/0223_c3s1_045976_03.jpg,223,market1501,2
market1501/bounding_box_train/0223_c3s1_046101_03.jpg,223,market1501,2
market1501/bounding_box_train/0223_c3s1_046126_02.jpg,223,market1501,2
market1501/bounding_box_train/0223_c3s1_052226_02.jpg,223,market1501,2
market1501/bounding_box_train/0223_c3s1_052276_03.jpg,223,market1501,2
market1501/bounding_box_train/0223_c5s1_046376_02.jpg,223,market1501,4
market1501/bounding_box_train/0223_c5s1_046451_05.jpg,223,market1501,4
market1501/bounding_box_train/0223_c5s1_046526_02.jpg,223,market1501,4
market1501/bounding_box_train/0223_c5s1_046601_02.jpg,223,market1501,4
market1501/bounding_box_train/0223_c5s1_052801_02.jpg,223,market1501,4
market1501/bounding_box_train/0223_c5s1_052851_01.jpg,223,market1501,4
market1501/bounding_box_train/0223_c5s1_052926_03.jpg,223,market1501,4
market1501/bounding_box_train/0223_c5s1_052976_01.jpg,223,market1501,4
market1501/bounding_box_train/0223_c5s1_053001_01.jpg,223,market1501,4
market1501/bounding_box_train/0223_c5s1_053026_01.jpg,223,market1501,4
market1501/bounding_box_train/0223_c6s1_046476_01.jpg,223,market1501,5
market1501/bounding_box_train/0223_c6s1_046476_04.jpg,223,market1501,5
market1501/bounding_box_train/0223_c6s1_046501_01.jpg,223,market1501,5
market1501/bounding_box_train/0223_c6s1_046501_04.jpg,223,market1501,5
market1501/bounding_box_train/0223_c6s1_046526_01.jpg,223,market1501,5
market1501/bounding_box_train/0223_c6s1_046526_04.jpg,223,market1501,5
market1501/bounding_box_train/0223_c6s1_046551_01.jpg,223,market1501,5
market1501/bounding_box_train/0223_c6s1_046576_01.jpg,223,market1501,5
market1501/bounding_box_train/0223_c6s1_046676_01.jpg,223,market1501,5
market1501/bounding_box_train/0223_c6s1_046701_01.jpg,223,market1501,5
market1501/bounding_box_train/0223_c6s1_046726_02.jpg,223,market1501,5
market1501/bounding_box_train/0223_c6s1_052701_01.jpg,223,market1501,5
market1501/bounding_box_train/0223_c6s1_052726_01.jpg,223,market1501,5
market1501/bounding_box_train/0223_c6s1_052751_01.jpg,223,market1501,5
market1501/bounding_box_train/0223_c6s1_052776_01.jpg,223,market1501,5
market1501/bounding_box_train/0223_c6s1_052801_01.jpg,223,market1501,5
market1501/bounding_box_train/0223_c6s1_052801_10.jpg,223,market1501,5
market1501/bounding_box_train/0223_c6s1_052826_01.jpg,223,market1501,5
market1501/bounding_box_train/0223_c6s1_052851_01.jpg,223,market1501,5
market1501/bounding_box_train/0223_c6s1_052876_01.jpg,223,market1501,5
market1501/bounding_box_train/0223_c6s1_052901_01.jpg,223,market1501,5
market1501/bounding_box_train/0223_c6s1_052901_11.jpg,223,market1501,5
market1501/bounding_box_train/0236_c2s1_048826_01.jpg,236,market1501,1
market1501/bounding_box_train/0236_c3s1_048926_01.jpg,236,market1501,2
market1501/bounding_box_train/0236_c3s1_048976_01.jpg,236,market1501,2
market1501/bounding_box_train/0236_c3s1_049026_01.jpg,236,market1501,2
market1501/bounding_box_train/0236_c3s1_049026_03.jpg,236,market1501,2
market1501/bounding_box_train/0236_c6s1_049551_01.jpg,236,market1501,5
market1501/bounding_box_train/0236_c6s1_049576_02.jpg,236,market1501,5
market1501/bounding_box_train/0241_c1s1_050526_01.jpg,241,market1501,0
market1501/bounding_box_train/0241_c1s1_060081_01.jpg,241,market1501,0
market1501/bounding_box_train/0241_c1s1_060131_02.jpg,241,market1501,0
market1501/bounding_box_train/0241_c1s1_060181_01.jpg,241,market1501,0
market1501/bounding_box_train/0241_c1s1_060281_03.jpg,241,market1501,0
market1501/bounding_box_train/0241_c2s1_049876_01.jpg,241,market1501,1
market1501/bounding_box_train/0241_c2s1_049951_01.jpg,241,market1501,1
market1501/bounding_box_train/0241_c2s1_050076_01.jpg,241,market1501,1
market1501/bounding_box_train/0241_c2s1_059721_01.jpg,241,market1501,1
market1501/bounding_box_train/0241_c2s1_059746_02.jpg,241,market1501,1
market1501/bounding_box_train/0241_c3s1_050201_01.jpg,241,market1501,2
market1501/bounding_box_train/0241_c3s1_050226_02.jpg,241,market1501,2
market1501/bounding_box_train/0241_c3s1_059317_01.jpg,241,market1501,2
market1501/bounding_box_train/0241_c3s1_059342_02.jpg,241,market1501,2
market1501/bounding_box_train/0241_c3s1_059392_02.jpg,241,market1501,2
market1501/bounding_box_train/0241_c3s1_059417_03.jpg,241,market1501,2
market1501/bounding_box_train/0241_c5s1_050526_01.jpg,241,market1501,4
market1501/bounding_box_train/0241_c5s1_050576_01.jpg,241,market1501,4
market1501/bounding_box_train/0241_c5s1_050601_06.jpg,241,market1501,4
market1501/bounding_box_train/0241_c5s1_060023_05.jpg,241,market1501,4
market1501/bounding_box_train/0241_c5s1_060073_03.jpg,241,market1501,4
market1501/bounding_box_train/0241_c5s1_060098_04.jpg,241,market1501,4
market1501/bounding_box_train/0241_c5s1_060123_04.jpg,241,market1501,4
market1501/bounding_box_train/0241_c5s1_060148_03.jpg,241,market1501,4
market1501/bounding_box_train/0241_c5s1_060148_07.jpg,241,market1501,4
market1501/bounding_box_train/0241_c6s1_050776_03.jpg,241,market1501,5
market1501/bounding_box_train/0241_c6s1_050801_01.jpg,241,market1501,5
market1501/bounding_box_train/0241_c6s1_050826_03.jpg,241,market1501,5
market1501/bounding_box_train/0241_c6s1_059901_03.jpg,241,market1501,5
market1501/bounding_box_train/0241_c6s1_059926_03.jpg,241,market1501,5
market1501/bounding_box_train/0241_c6s1_059951_02.jpg,241,market1501,5
market1501/bounding_box_train/0241_c6s1_059976_02.jpg,241,market1501,5
market1501/bounding_box_train/0242_c1s1_050801_02.jpg,242,market1501,0
market1501/bounding_box_train/0242_c1s2_020866_01.jpg,242,market1501,0
market1501/bounding_box_train/0242_c3s1_050226_01.jpg,242,market1501,2
market1501/bounding_box_train/0242_c3s1_050451_01.jpg,242,market1501,2
market1501/bounding_box_train/0242_c3s1_050451_04.jpg,242,market1501,2
market1501/bounding_box_train/0242_c3s1_050526_02.jpg,242,market1501,2
market1501/bounding_box_train/0242_c3s1_058617_01.jpg,242,market1501,2
market1501/bounding_box_train/0242_c3s1_058717_01.jpg,242,market1501,2
market1501/bounding_box_train/0242_c3s1_092817_04.jpg,242,market1501,2
market1501/bounding_box_train/0242_c3s1_092917_01.jpg,242,market1501,2
market1501/bounding_box_train/0242_c5s1_050651_02.jpg,242,market1501,4
market1501/bounding_box_train/0242_c5s1_050676_02.jpg,242,market1501,4
market1501/bounding_box_train/0242_c5s1_050801_03.jpg,242,market1501,4
market1501/bounding_box_train/0242_c5s1_050876_01.jpg,242,market1501,4
market1501/bounding_box_train/0242_c5s1_050926_01.jpg,242,market1501,4
market1501/bounding_box_train/0242_c5s1_093523_04.jpg,242,market1501,4
market1501/bounding_box_train/0242_c5s1_093548_02.jpg,242,market1501,4
market1501/bounding_box_train/0242_c5s1_093648_02.jpg,242,market1501,4
market1501/bounding_box_train/0242_c5s1_093748_02.jpg,242,market1501,4
market1501/bounding_box_train/0242_c6s1_050951_01.jpg,242,market1501,5
market1501/bounding_box_train/0242_c6s1_050976_01.jpg,242,market1501,5
market1501/bounding_box_train/0242_c6s1_050976_06.jpg,242,market1501,5
market1501/bounding_box_train/0242_c6s1_051026_02.jpg,242,market1501,5
market1501/bounding_box_train/0242_c6s1_051051_03.jpg,242,market1501,5
market1501/bounding_box_train/0242_c6s1_051076_01.jpg,242,market1501,5
market1501/bounding_box_train/0242_c6s1_051101_01.jpg,242,market1501,5
market1501/bounding_box_train/0242_c6s1_051126_01.jpg,242,market1501,5
market1501/bounding_box_train/0242_c6s1_051151_02.jpg,242,market1501,5
market1501/bounding_box_train/0242_c6s1_051176_03.jpg,242,market1501,5
market1501/bounding_box_train/0242_c6s1_059076_02.jpg,242,market1501,5
market1501/bounding_box_train/0242_c6s1_059101_02.jpg,242,market1501,5
market1501/bounding_box_train/0242_c6s1_059126_03.jpg,242,market1501,5
market1501/bounding_box_train/0242_c6s1_059151_03.jpg,242,market1501,5
market1501/bounding_box_train/0242_c6s1_059226_02.jpg,242,market1501,5
market1501/bounding_box_train/0242_c6s1_059251_03.jpg,242,market1501,5
market1501/bounding_box_train/0242_c6s1_059301_03.jpg,242,market1501,5
market1501/bounding_box_train/0242_c6s1_059351_07.jpg,242,market1501,5
market1501/bounding_box_train/0242_c6s1_059376_03.jpg,242,market1501,5
market1501/bounding_box_train/0242_c6s1_059401_02.jpg,242,market1501,5
market1501/bounding_box_train/0248_c1s1_051726_02.jpg,248,market1501,0
market1501/bounding_box_train/0248_c2s1_051151_01.jpg,248,market1501,1
market1501/bounding_box_train/0248_c2s1_051176_01.jpg,248,market1501,1
market1501/bounding_box_train/0248_c2s1_051276_01.jpg,248,market1501,1
market1501/bounding_box_train/0248_c3s1_050951_02.jpg,248,market1501,2
market1501/bounding_box_train/0248_c3s1_050976_02.jpg,248,market1501,2
market1501/bounding_box_train/0248_c5s1_051776_02.jpg,248,market1501,4
market1501/bounding_box_train/0248_c5s1_051776_05.jpg,248,market1501,4
market1501/bounding_box_train/0248_c5s1_051801_01.jpg,248,market1501,4
market1501/bounding_box_train/0248_c5s1_051851_03.jpg,248,market1501,4
market1501/bounding_box_train/0248_c6s1_051451_01.jpg,248,market1501,5
market1501/bounding_box_train/0248_c6s1_051476_02.jpg,248,market1501,5
market1501/bounding_box_train/0248_c6s1_051501_05.jpg,248,market1501,5
market1501/bounding_box_train/0250_c2s3_073302_01.jpg,250,market1501,1
market1501/bounding_box_train/0250_c2s3_073327_02.jpg,250,market1501,1
market1501/bounding_box_train/0250_c2s3_073352_02.jpg,250,market1501,1
market1501/bounding_box_train/0250_c3s3_079644_02.jpg,250,market1501,2
market1501/bounding_box_train/0250_c3s3_079669_01.jpg,250,market1501,2
market1501/bounding_box_train/0250_c5s3_079912_04.jpg,250,market1501,4
market1501/bounding_box_train/0250_c5s3_079962_02.jpg,250,market1501,4
market1501/bounding_box_train/0250_c6s4_006152_02.jpg,250,market1501,5
market1501/bounding_box_train/0250_c6s4_006177_01.jpg,250,market1501,5
market1501/bounding_box_train/0254_c1s1_053401_01.jpg,254,market1501,0
market1501/bounding_box_train/0254_c1s1_053526_01.jpg,254,market1501,0
market1501/bounding_box_train/0254_c1s4_032931_02.jpg,254,market1501,0
market1501/bounding_box_train/0254_c1s4_032956_02.jpg,254,market1501,0
market1501/bounding_box_train/0254_c2s1_052926_01.jpg,254,market1501,1
market1501/bounding_box_train/0254_c2s1_052951_01.jpg,254,market1501,1
market1501/bounding_box_train/0254_c2s1_053026_01.jpg,254,market1501,1
market1501/bounding_box_train/0254_c2s1_053051_03.jpg,254,market1501,1
market1501/bounding_box_train/0254_c2s1_053951_01.jpg,254,market1501,1
market1501/bounding_box_train/0254_c2s1_054026_01.jpg,254,market1501,1
market1501/bounding_box_train/0254_c2s2_090382_01.jpg,254,market1501,1
market1501/bounding_box_train/0254_c2s2_090382_03.jpg,254,market1501,1
market1501/bounding_box_train/0254_c2s2_090407_01.jpg,254,market1501,1
market1501/bounding_box_train/0254_c3s1_052826_03.jpg,254,market1501,2
market1501/bounding_box_train/0254_c3s1_054276_01.jpg,254,market1501,2
market1501/bounding_box_train/0254_c3s1_054301_03.jpg,254,market1501,2
market1501/bounding_box_train/0254_c3s2_093128_02.jpg,254,market1501,2
market1501/bounding_box_train/0254_c3s2_093203_01.jpg,254,market1501,2
market1501/bounding_box_train/0254_c3s2_093228_02.jpg,254,market1501,2
market1501/bounding_box_train/0254_c5s1_052801_06.jpg,254,market1501,4
market1501/bounding_box_train/0254_c5s1_053326_02.jpg,254,market1501,4
market1501/bounding_box_train/0254_c5s1_053376_01.jpg,254,market1501,4
market1501/bounding_box_train/0254_c5s1_053401_02.jpg,254,market1501,4
market1501/bounding_box_train/0254_c6s1_054876_01.jpg,254,market1501,5
market1501/bounding_box_train/0254_c6s2_087218_01.jpg,254,market1501,5
market1501/bounding_box_train/0254_c6s2_087243_01.jpg,254,market1501,5
market1501/bounding_box_train/0261_c1s1_055181_04.jpg,261,market1501,0
market1501/bounding_box_train/0261_c1s1_055231_03.jpg,261,market1501,0
market1501/bounding_box_train/0261_c1s1_055581_03.jpg,261,market1501,0
market1501/bounding_box_train/0261_c1s1_060656_01.jpg,261,market1501,0
market1501/bounding_box_train/0261_c1s2_009166_01.jpg,261,market1501,0
market1501/bounding_box_train/0261_c2s1_060071_03.jpg,261,market1501,1
market1501/bounding_box_train/0261_c2s1_060246_01.jpg,261,market1501,1
market1501/bounding_box_train/0261_c2s1_081421_01.jpg,261,market1501,1
market1501/bounding_box_train/0261_c2s1_081446_01.jpg,261,market1501,1
market1501/bounding_box_train/0261_c3s1_054926_03.jpg,261,market1501,2
market1501/bounding_box_train/0261_c3s1_055001_01.jpg,261,market1501,2
market1501/bounding_box_train/0261_c3s1_055176_02.jpg,261,market1501,2
market1501/bounding_box_train/0261_c3s1_059842_02.jpg,261,market1501,2
market1501/bounding_box_train/0261_c3s1_059867_02.jpg,261,market1501,2
market1501/bounding_box_train/0261_c3s1_081642_02.jpg,261,market1501,2
market1501/bounding_box_train/0261_c3s1_081667_01.jpg,261,market1501,2
market1501/bounding_box_train/0261_c5s1_055176_04.jpg,261,market1501,4
market1501/bounding_box_train/0261_c5s1_055223_05.jpg,261,market1501,4
market1501/bounding_box_train/0261_c5s1_055273_02.jpg,261,market1501,4
market1501/bounding_box_train/0261_c5s1_055498_03.jpg,261,market1501,4
market1501/bounding_box_train/0261_c5s1_060648_03.jpg,261,market1501,4
market1501/bounding_box_train/0261_c5s1_060723_02.jpg,261,market1501,4
market1501/bounding_box_train/0261_c5s1_060773_02.jpg,261,market1501,4
market1501/bounding_box_train/0261_c5s1_082048_02.jpg,261,market1501,4
market1501/bounding_box_train/0261_c6s1_055401_03.jpg,261,market1501,5
market1501/bounding_box_train/0261_c6s1_055476_01.jpg,261,market1501,5
market1501/bounding_box_train/0261_c6s1_055501_02.jpg,261,market1501,5
market1501/bounding_box_train/0261_c6s1_055526_02.jpg,261,market1501,5
market1501/bounding_box_train/0261_c6s1_055526_06.jpg,261,market1501,5
market1501/bounding_box_train/0261_c6s1_055551_03.jpg,261,market1501,5
market1501/bounding_box_train/0261_c6s1_055551_10.jpg,261,market1501,5
market1501/bounding_box_train/0261_c6s1_055576_02.jpg,261,market1501,5
market1501/bounding_box_train/0261_c6s1_055601_02.jpg,261,market1501,5
market1501/bounding_box_train/0261_c6s1_055626_02.jpg,261,market1501,5
market1501/bounding_box_train/0261_c6s1_055651_02.jpg,261,market1501,5
market1501/bounding_box_train/0261_c6s1_055676_03.jpg,261,market1501,5
market1501/bounding_box_train/0261_c6s1_055701_03.jpg,261,market1501,5
market1501/bounding_box_train/0261_c6s1_055726_03.jpg,261,market1501,5
market1501/bounding_box_train/0261_c6s1_055726_05.jpg,261,market1501,5
market1501/bounding_box_train/0261_c6s1_055751_02.jpg,261,market1501,5
market1501/bounding_box_train/0261_c6s1_055801_02.jpg,261,market1501,5
market1501/bounding_box_train/0261_c6s1_055801_10.jpg,261,market1501,5
market1501/bounding_box_train/0261_c6s1_055876_01.jpg,261,market1501,5
market1501/bounding_box_train/0261_c6s1_055901_02.jpg,261,market1501,5
market1501/bounding_box_train/0261_c6s1_055926_02.jpg,261,market1501,5
market1501/bounding_box_train/0261_c6s1_060301_01.jpg,261,market1501,5
market1501/bounding_box_train/0261_c6s1_060326_01.jpg,261,market1501,5
market1501/bounding_box_train/0261_c6s1_060376_01.jpg,261,market1501,5
market1501/bounding_box_train/0261_c6s1_060401_01.jpg,261,market1501,5
market1501/bounding_box_train/0261_c6s1_082251_05.jpg,261,market1501,5
market1501/bounding_box_train/0261_c6s1_082301_03.jpg,261,market1501,5
market1501/bounding_box_train/0261_c6s1_082326_03.jpg,261,market1501,5
market1501/bounding_box_train/0266_c1s1_057306_01.jpg,266,market1501,0
market1501/bounding_box_train/0266_c1s1_057331_01.jpg,266,market1501,0
market1501/bounding_box_train/0266_c1s1_065656_01.jpg,266,market1501,0
market1501/bounding_box_train/0266_c2s1_056746_01.jpg,266,market1501,1
market1501/bounding_box_train/0266_c2s1_056746_02.jpg,266,market1501,1
market1501/bounding_box_train/0266_c2s1_056771_01.jpg,266,market1501,1
market1501/bounding_box_train/0266_c2s1_065146_02.jpg,266,market1501,1
market1501/bounding_box_train/0266_c3s1_056892_01.jpg,266,market1501,2
market1501/bounding_box_train/0266_c3s1_056942_01.jpg,266,market1501,2
market1501/bounding_box_train/0266_c3s1_064892_02.jpg,266,market1501,2
market1501/bounding_box_train/0266_c5s1_057248_01.jpg,266,market1501,4
market1501/bounding_box_train/0266_c5s1_057348_01.jpg,266,market1501,4
market1501/bounding_box_train/0266_c5s1_065623_01.jpg,266,market1501,4
market1501/bounding_box_train/0266_c5s1_065698_01.jpg,266,market1501,4
market1501/bounding_box_train/0266_c5s1_065698_06.jpg,266,market1501,4
market1501/bounding_box_train/0266_c6s1_057476_02.jpg,266,market1501,5
market1501/bounding_box_train/0266_c6s1_057501_02.jpg,266,market1501,5
market1501/bounding_box_train/0266_c6s1_057526_02.jpg,266,market1501,5
market1501/bounding_box_train/0266_c6s1_057551_02.jpg,266,market1501,5
market1501/bounding_box_train/0266_c6s1_057576_02.jpg,266,market1501,5
market1501/bounding_box_train/0266_c6s1_065376_01.jpg,266,market1501,5
market1501/bounding_box_train/0266_c6s1_065401_01.jpg,266,market1501,5
market1501/bounding_box_train/0266_c6s1_065426_01.jpg,266,market1501,5
market1501/bounding_box_train/0266_c6s1_065451_02.jpg,266,market1501,5
market1501/bounding_box_train/0266_c6s1_065476_02.jpg,266,market1501,5
market1501/bounding_box_train/0027_c1s1_002301_03.jpg,27,market1501,0
market1501/bounding_box_train/0027_c1s1_002326_04.jpg,27,market1501,0
market1501/bounding_box_train/0027_c1s1_002351_01.jpg,27,market1501,0
market1501/bounding_box_train/0027_c1s4_033456_01.jpg,27,market1501,0
market1501/bounding_box_train/0027_c1s4_033481_01.jpg,27,market1501,0
market1501/bounding_box_train/0027_c2s1_001751_04.jpg,27,market1501,1
market1501/bounding_box_train/0027_c2s1_001776_04.jpg,27,market1501,1
market1501/bounding_box_train/0027_c2s2_091032_02.jpg,27,market1501,1
market1501/bounding_box_train/0027_c3s1_002026_03.jpg,27,market1501,2
market1501/bounding_box_train/0027_c3s1_002051_02.jpg,27,market1501,2
market1501/bounding_box_train/0027_c3s1_002076_02.jpg,27,market1501,2
market1501/bounding_box_train/0027_c6s1_002626_01.jpg,27,market1501,5
market1501/bounding_box_train/0027_c6s1_002651_02.jpg,27,market1501,5
market1501/bounding_box_train/0027_c6s1_002676_02.jpg,27,market1501,5
market1501/bounding_box_train/0027_c6s2_087768_03.jpg,27,market1501,5
market1501/bounding_box_train/0276_c1s6_017646_01.jpg,276,market1501,0
market1501/bounding_box_train/0276_c1s6_017696_01.jpg,276,market1501,0
market1501/bounding_box_train/0276_c3s3_066319_01.jpg,276,market1501,2
market1501/bounding_box_train/0276_c3s3_066394_03.jpg,276,market1501,2
market1501/bounding_box_train/0276_c3s3_066419_03.jpg,276,market1501,2
market1501/bounding_box_train/0276_c5s3_066787_01.jpg,276,market1501,4
market1501/bounding_box_train/0276_c5s3_066787_03.jpg,276,market1501,4
market1501/bounding_box_train/0276_c5s3_066837_01.jpg,276,market1501,4
market1501/bounding_box_train/0276_c6s3_090092_01.jpg,276,market1501,5
market1501/bounding_box_train/0276_c6s3_090117_01.jpg,276,market1501,5
market1501/bounding_box_train/0276_c6s3_090117_02.jpg,276,market1501,5
market1501/bounding_box_train/0276_c6s3_090142_01.jpg,276,market1501,5
market1501/bounding_box_train/0276_c6s3_090142_06.jpg,276,market1501,5
market1501/bounding_box_train/0306_c1s6_018321_02.jpg,306,market1501,0
market1501/bounding_box_train/0306_c1s6_018371_03.jpg,306,market1501,0
market1501/bounding_box_train/0306_c1s6_018421_01.jpg,306,market1501,0
market1501/bounding_box_train/0306_c1s6_024271_06.jpg,306,market1501,0
market1501/bounding_box_train/0306_c1s6_024371_05.jpg,306,market1501,0
market1501/bounding_box_train/0306_c3s3_067019_02.jpg,306,market1501,2
market1501/bounding_box_train/0306_c3s3_067119_02.jpg,306,market1501,2
market1501/bounding_box_train/0306_c3s3_067144_07.jpg,306,market1501,2
market1501/bounding_box_train/0306_c3s3_072694_04.jpg,306,market1501,2
market1501/bounding_box_train/0306_c3s3_072769_04.jpg,306,market1501,2
market1501/bounding_box_train/0306_c5s3_067512_04.jpg,306,market1501,4
market1501/bounding_box_train/0306_c5s3_067612_01.jpg,306,market1501,4
market1501/bounding_box_train/0306_c5s3_073337_07.jpg,306,market1501,4
market1501/bounding_box_train/0306_c6s3_090842_02.jpg,306,market1501,5
market1501/bounding_box_train/0306_c6s3_090867_02.jpg,306,market1501,5
market1501/bounding_box_train/0306_c6s3_090917_02.jpg,306,market1501,5
market1501/bounding_box_train/0306_c6s3_090917_06.jpg,306,market1501,5
market1501/bounding_box_train/0309_c1s1_069831_02.jpg,309,market1501,0
market1501/bounding_box_train/0309_c1s1_069881_02.jpg,309,market1501,0
market1501/bounding_box_train/0309_c1s2_002116_02.jpg,309,market1501,0
market1501/bounding_box_train/0309_c1s3_037726_02.jpg,309,market1501,0
market1501/bounding_box_train/0309_c1s3_037751_02.jpg,309,market1501,0
market1501/bounding_box_train/0309_c2s1_069196_01.jpg,309,market1501,1
market1501/bounding_box_train/0309_c2s1_069321_01.jpg,309,market1501,1
market1501/bounding_box_train/0309_c2s1_069321_04.jpg,309,market1501,1
market1501/bounding_box_train/0309_c2s1_074371_01.jpg,309,market1501,1
market1501/bounding_box_train/0309_c2s2_020187_01.jpg,309,market1501,1
market1501/bounding_box_train/0309_c2s2_020262_01.jpg,309,market1501,1
market1501/bounding_box_train/0309_c2s2_034812_01.jpg,309,market1501,1
market1501/bounding_box_train/0309_c3s1_069517_02.jpg,309,market1501,2
market1501/bounding_box_train/0309_c3s1_069542_02.jpg,309,market1501,2
market1501/bounding_box_train/0309_c3s1_074117_01.jpg,309,market1501,2
market1501/bounding_box_train/0309_c3s2_023437_02.jpg,309,market1501,2
market1501/bounding_box_train/0309_c3s2_023462_02.jpg,309,market1501,2
market1501/bounding_box_train/0309_c3s2_037562_02.jpg,309,market1501,2
market1501/bounding_box_train/0309_c3s2_037587_04.jpg,309,market1501,2
market1501/bounding_box_train/0309_c5s1_069873_01.jpg,309,market1501,4
market1501/bounding_box_train/0309_c5s1_074973_02.jpg,309,market1501,4
market1501/bounding_box_train/0309_c5s2_023855_05.jpg,309,market1501,4
market1501/bounding_box_train/0309_c5s2_038430_03.jpg,309,market1501,4
market1501/bounding_box_train/0309_c5s2_038530_01.jpg,309,market1501,4
market1501/bounding_box_train/0309_c6s1_070076_02.jpg,309,market1501,5
market1501/bounding_box_train/0309_c6s1_070101_02.jpg,309,market1501,5
market1501/bounding_box_train/0309_c6s1_070101_05.jpg,309,market1501,5
market1501/bounding_box_train/0309_c6s1_070126_02.jpg,309,market1501,5
market1501/bounding_box_train/0309_c6s1_074626_02.jpg,309,market1501,5
market1501/bounding_box_train/0309_c6s1_074651_04.jpg,309,market1501,5
market1501/bounding_box_train/0309_c6s1_074676_02.jpg,309,market1501,5
market1501/bounding_box_train/0309_c6s1_074701_02.jpg,309,market1501,5
market1501/bounding_box_train/0309_c6s2_017643_01.jpg,309,market1501,5
market1501/bounding_box_train/0309_c6s2_017668_01.jpg,309,market1501,5
market1501/bounding_box_train/0309_c6s2_031643_02.jpg,309,market1501,5
market1501/bounding_box_train/0309_c6s2_031668_02.jpg,309,market1501,5
market1501/bounding_box_train/0309_c6s2_031718_02.jpg,309,market1501,5
market1501/bounding_box_train/0309_c6s2_031743_02.jpg,309,market1501,5
market1501/bounding_box_train/0313_c1s1_070656_03.jpg,313,market1501,0
market1501/bounding_box_train/0313_c1s1_070731_01.jpg,313,market1501,0
market1501/bounding_box_train/0313_c1s2_010991_03.jpg,313,market1501,0
market1501/bounding_box_train/0313_c1s2_011066_02.jpg,313,market1501,0
market1501/bounding_box_train/0313_c1s2_011091_01.jpg,313,market1501,0
market1501/bounding_box_train/0313_c2s1_070021_01.jpg,313,market1501,1
market1501/bounding_box_train/0313_c2s1_070146_03.jpg,313,market1501,1
market1501/bounding_box_train/0313_c2s1_083446_01.jpg,313,market1501,1
market1501/bounding_box_train/0313_c3s1_070167_01.jpg,313,market1501,2
market1501/bounding_box_train/0313_c3s1_070242_02.jpg,313,market1501,2
market1501/bounding_box_train/0313_c3s1_083192_05.jpg,313,market1501,2
market1501/bounding_box_train/0313_c3s1_083217_01.jpg,313,market1501,2
market1501/bounding_box_train/0313_c5s1_070698_01.jpg,313,market1501,4
market1501/bounding_box_train/0313_c5s1_070748_01.jpg,313,market1501,4
market1501/bounding_box_train/0313_c5s1_070823_03.jpg,313,market1501,4
market1501/bounding_box_train/0313_c5s1_083973_02.jpg,313,market1501,4
market1501/bounding_box_train/0313_c6s1_070826_03.jpg,313,market1501,5
market1501/bounding_box_train/0313_c6s1_070851_01.jpg,313,market1501,5
market1501/bounding_box_train/0313_c6s1_070876_01.jpg,313,market1501,5
market1501/bounding_box_train/0313_c6s1_070901_02.jpg,313,market1501,5
market1501/bounding_box_train/0313_c6s1_083676_05.jpg,313,market1501,5
market1501/bounding_box_train/0313_c6s1_083726_04.jpg,313,market1501,5
market1501/bounding_box_train/0313_c6s1_083751_04.jpg,313,market1501,5
market1501/bounding_box_train/0314_c1s1_070731_02.jpg,314,market1501,0
market1501/bounding_box_train/0314_c1s1_070781_01.jpg,314,market1501,0
market1501/bounding_box_train/0314_c2s1_070146_02.jpg,314,market1501,1
market1501/bounding_box_train/0314_c2s1_070146_09.jpg,314,market1501,1
market1501/bounding_box_train/0314_c2s1_070171_01.jpg,314,market1501,1
market1501/bounding_box_train/0314_c2s1_070171_04.jpg,314,market1501,1
market1501/bounding_box_train/0314_c3s1_070242_03.jpg,314,market1501,2
market1501/bounding_box_train/0314_c3s1_070317_02.jpg,314,market1501,2
market1501/bounding_box_train/0314_c3s1_070467_03.jpg,314,market1501,2
market1501/bounding_box_train/0314_c4s1_071232_02.jpg,314,market1501,3
market1501/bounding_box_train/0314_c4s1_071282_04.jpg,314,market1501,3
market1501/bounding_box_train/0314_c4s1_071382_02.jpg,314,market1501,3
market1501/bounding_box_train/0314_c5s1_070848_02.jpg,314,market1501,4
market1501/bounding_box_train/0314_c5s1_071048_03.jpg,314,market1501,4
market1501/bounding_box_train/0314_c5s1_071098_03.jpg,314,market1501,4
market1501/bounding_box_train/0314_c5s1_071123_06.jpg,314,market1501,4
market1501/bounding_box_train/0324_c1s2_001341_01.jpg,324,market1501,0
market1501/bounding_box_train/0324_c1s2_001366_01.jpg,324,market1501,0
market1501/bounding_box_train/0324_c1s2_001441_02.jpg,324,market1501,0
market1501/bounding_box_train/0324_c3s1_073517_04.jpg,324,market1501,2
market1501/bounding_box_train/0324_c3s1_073567_02.jpg,324,market1501,2
market1501/bounding_box_train/0324_c4s2_001317_02.jpg,324,market1501,3
market1501/bounding_box_train/0324_c4s2_001342_01.jpg,324,market1501,3
market1501/bounding_box_train/0324_c4s2_001342_05.jpg,324,market1501,3
market1501/bounding_box_train/0324_c4s2_001392_01.jpg,324,market1501,3
market1501/bounding_box_train/0324_c5s1_074148_03.jpg,324,market1501,4
market1501/bounding_box_train/0324_c5s1_074173_01.jpg,324,market1501,4
market1501/bounding_box_train/0324_c5s1_074173_03.jpg,324,market1501,4
market1501/bounding_box_train/0324_c5s1_074223_01.jpg,324,market1501,4
market1501/bounding_box_train/0324_c5s1_074223_04.jpg,324,market1501,4
market1501/bounding_box_train/0324_c5s1_074273_01.jpg,324,market1501,4
market1501/bounding_box_train/0324_c5s1_074298_01.jpg,324,market1501,4
market1501/bounding_box_train/0324_c5s1_074298_03.jpg,324,market1501,4
market1501/bounding_box_train/0324_c6s1_074001_02.jpg,324,market1501,5
market1501/bounding_box_train/0324_c6s1_074026_03.jpg,324,market1501,5
market1501/bounding_box_train/0324_c6s1_074026_05.jpg,324,market1501,5
market1501/bounding_box_train/0324_c6s1_074051_03.jpg,324,market1501,5
market1501/bounding_box_train/0324_c6s1_074076_01.jpg,324,market1501,5
market1501/bounding_box_train/0324_c6s1_074151_01.jpg,324,market1501,5
market1501/bounding_box_train/0324_c6s1_074151_05.jpg,324,market1501,5
market1501/bounding_box_train/0325_c1s2_002141_01.jpg,325,market1501,0
market1501/bounding_box_train/0325_c2s1_074371_02.jpg,325,market1501,1
market1501/bounding_box_train/0325_c2s1_074421_01.jpg,325,market1501,1
market1501/bounding_box_train/0325_c3s1_074567_02.jpg,325,market1501,2
market1501/bounding_box_train/0325_c3s1_074617_01.jpg,325,market1501,2
market1501/bounding_box_train/0325_c5s1_074973_01.jpg,325,market1501,4
market1501/bounding_box_train/0325_c6s1_075151_04.jpg,325,market1501,5
market1501/bounding_box_train/0332_c1s2_003816_04.jpg,332,market1501,0
market1501/bounding_box_train/0332_c1s2_003891_03.jpg,332,market1501,0
market1501/bounding_box_train/0332_c1s5_051591_04.jpg,332,market1501,0
market1501/bounding_box_train/0332_c1s5_051616_05.jpg,332,market1501,0
market1501/bounding_box_train/0332_c1s5_051641_06.jpg,332,market1501,0
market1501/bounding_box_train/0332_c1s5_051866_03.jpg,332,market1501,0
market1501/bounding_box_train/0332_c3s1_075767_02.jpg,332,market1501,2
market1501/bounding_box_train/0332_c3s1_075817_03.jpg,332,market1501,2
market1501/bounding_box_train/0332_c3s1_075942_02.jpg,332,market1501,2
market1501/bounding_box_train/0332_c3s1_078267_02.jpg,332,market1501,2
market1501/bounding_box_train/0332_c3s3_025153_04.jpg,332,market1501,2
market1501/bounding_box_train/0332_c3s3_025178_07.jpg,332,market1501,2
market1501/bounding_box_train/0332_c3s3_025203_06.jpg,332,market1501,2
market1501/bounding_box_train/0332_c4s2_003717_03.jpg,332,market1501,3
market1501/bounding_box_train/0332_c4s2_005517_03.jpg,332,market1501,3
market1501/bounding_box_train/0332_c4s2_005542_03.jpg,332,market1501,3
market1501/bounding_box_train/0332_c4s5_050810_02.jpg,332,market1501,3
market1501/bounding_box_train/0332_c4s5_050935_01.jpg,332,market1501,3
market1501/bounding_box_train/0332_c5s1_076473_02.jpg,332,market1501,4
market1501/bounding_box_train/0332_c5s1_076473_06.jpg,332,market1501,4
market1501/bounding_box_train/0332_c5s1_076523_02.jpg,332,market1501,4
market1501/bounding_box_train/0332_c5s1_076523_06.jpg,332,market1501,4
market1501/bounding_box_train/0332_c5s1_076673_05.jpg,332,market1501,4
market1501/bounding_box_train/0332_c5s1_078648_01.jpg,332,market1501,4
market1501/bounding_box_train/0332_c5s1_078673_01.jpg,332,market1501,4
market1501/bounding_box_train/0332_c5s1_078698_02.jpg,332,market1501,4
market1501/bounding_box_train/0332_c5s3_025565_04.jpg,332,market1501,4
market1501/bounding_box_train/0332_c6s1_076276_03.jpg,332,market1501,5
market1501/bounding_box_train/0332_c6s1_076301_03.jpg,332,market1501,5
market1501/bounding_box_train/0332_c6s1_076351_03.jpg,332,market1501,5
market1501/bounding_box_train/0332_c6s1_076401_03.jpg,332,market1501,5
market1501/bounding_box_train/0332_c6s1_076451_03.jpg,332,market1501,5
market1501/bounding_box_train/0332_c6s1_078801_02.jpg,332,market1501,5
market1501/bounding_box_train/0332_c6s1_078876_03.jpg,332,market1501,5
market1501/bounding_box_train/0335_c1s2_004141_02.jpg,335,market1501,0
market1501/bounding_box_train/0335_c1s2_004216_03.jpg,335,market1501,0
market1501/bounding_box_train/0335_c1s2_004241_04.jpg,335,market1501,0
market1501/bounding_box_train/0335_c3s1_076642_02.jpg,335,market1501,2
market1501/bounding_box_train/0335_c5s1_077073_02.jpg,335,market1501,4
market1501/bounding_box_train/0335_c5s1_077098_03.jpg,335,market1501,4
market1501/bounding_box_train/0335_c5s1_077148_04.jpg,335,market1501,4
market1501/bounding_box_train/0335_c6s1_077076_02.jpg,335,market1501,5
market1501/bounding_box_train/0335_c6s1_077101_02.jpg,335,market1501,5
market1501/bounding_box_train/0335_c6s1_077176_02.jpg,335,market1501,5
market1501/bounding_box_train/0335_c6s1_077276_04.jpg,335,market1501,5
market1501/bounding_box_train/0338_c1s2_005191_03.jpg,338,market1501,0
market1501/bounding_box_train/0338_c1s2_005266_05.jpg,338,market1501,0
market1501/bounding_box_train/0338_c2s1_077996_04.jpg,338,market1501,1
market1501/bounding_box_train/0338_c4s2_004442_04.jpg,338,market1501,3
market1501/bounding_box_train/0338_c4s2_004467_06.jpg,338,market1501,3
market1501/bounding_box_train/0338_c4s2_004592_05.jpg,338,market1501,3
market1501/bounding_box_train/0338_c4s2_004817_04.jpg,338,market1501,3
market1501/bounding_box_train/0348_c1s2_008416_01.jpg,348,market1501,0
market1501/bounding_box_train/0348_c2s1_080671_01.jpg,348,market1501,1
market1501/bounding_box_train/0348_c2s1_080671_05.jpg,348,market1501,1
market1501/bounding_box_train/0348_c2s1_080696_01.jpg,348,market1501,1
market1501/bounding_box_train/0348_c2s1_080696_05.jpg,348,market1501,1
market1501/bounding_box_train/0348_c3s1_080867_02.jpg,348,market1501,2
market1501/bounding_box_train/0348_c3s1_080942_03.jpg,348,market1501,2
market1501/bounding_box_train/0348_c5s1_081198_01.jpg,348,market1501,4
market1501/bounding_box_train/0348_c5s1_081223_01.jpg,348,market1501,4
market1501/bounding_box_train/0348_c5s1_081273_04.jpg,348,market1501,4
market1501/bounding_box_train/0348_c6s1_081476_03.jpg,348,market1501,5
market1501/bounding_box_train/0348_c6s1_081501_02.jpg,348,market1501,5
market1501/bounding_box_train/0348_c6s1_081526_03.jpg,348,market1501,5
market1501/bounding_box_train/0348_c6s1_081551_03.jpg,348,market1501,5
market1501/bounding_box_train/0349_c1s2_008791_03.jpg,349,market1501,0
market1501/bounding_box_train/0349_c1s2_008816_01.jpg,349,market1501,0
market1501/bounding_box_train/0349_c1s2_014791_01.jpg,349,market1501,0
market1501/bounding_box_train/0349_c1s2_014816_01.jpg,349,market1501,0
market1501/bounding_box_train/0349_c1s2_014816_02.jpg,349,market1501,0
market1501/bounding_box_train/0349_c2s1_080996_02.jpg,349,market1501,1
market1501/bounding_box_train/0349_c2s1_080996_08.jpg,349,market1501,1
market1501/bounding_box_train/0349_c2s1_081121_01.jpg,349,market1501,1
market1501/bounding_box_train/0349_c2s1_087196_01.jpg,349,market1501,1
market1501/bounding_box_train/0349_c3s1_081292_02.jpg,349,market1501,2
market1501/bounding_box_train/0349_c3s1_081317_03.jpg,349,market1501,2
market1501/bounding_box_train/0349_c3s1_081342_01.jpg,349,market1501,2
market1501/bounding_box_train/0349_c3s1_086767_01.jpg,349,market1501,2
market1501/bounding_box_train/0349_c3s1_086792_01.jpg,349,market1501,2
market1501/bounding_box_train/0349_c3s2_010337_02.jpg,349,market1501,2
market1501/bounding_box_train/0349_c3s2_010512_02.jpg,349,market1501,2
market1501/bounding_box_train/0349_c5s1_081523_04.jpg,349,market1501,4
market1501/bounding_box_train/0349_c5s1_081623_01.jpg,349,market1501,4
market1501/bounding_box_train/0349_c6s1_081876_04.jpg,349,market1501,5
market1501/bounding_box_train/0349_c6s1_081901_04.jpg,349,market1501,5
market1501/bounding_box_train/0349_c6s1_081926_04.jpg,349,market1501,5
market1501/bounding_box_train/0349_c6s1_087226_04.jpg,349,market1501,5
market1501/bounding_box_train/0349_c6s1_087276_03.jpg,349,market1501,5
market1501/bounding_box_train/0349_c6s1_087301_03.jpg,349,market1501,5
market1501/bounding_box_train/0349_c6s1_087326_03.jpg,349,market1501,5
market1501/bounding_box_train/0349_c6s1_087351_03.jpg,349,market1501,5
market1501/bounding_box_train/0349_c6s2_004468_01.jpg,349,market1501,5
market1501/bounding_box_train/0349_c6s2_004468_07.jpg,349,market1501,5
market1501/bounding_box_train/0357_c1s2_009591_01.jpg,357,market1501,0
market1501/bounding_box_train/0357_c1s2_014866_04.jpg,357,market1501,0
market1501/bounding_box_train/0357_c1s2_014891_02.jpg,357,market1501,0
market1501/bounding_box_train/0357_c2s1_081796_01.jpg,357,market1501,1
market1501/bounding_box_train/0357_c3s1_082092_02.jpg,357,market1501,2
market1501/bounding_box_train/0357_c3s1_082117_02.jpg,357,market1501,2
market1501/bounding_box_train/0357_c3s1_090417_02.jpg,357,market1501,2
market1501/bounding_box_train/0357_c4s2_014742_02.jpg,357,market1501,3
market1501/bounding_box_train/0357_c4s2_014792_01.jpg,357,market1501,3
market1501/bounding_box_train/0357_c5s1_082448_02.jpg,357,market1501,4
market1501/bounding_box_train/0357_c5s1_087698_07.jpg,357,market1501,4
market1501/bounding_box_train/0357_c5s1_090823_02.jpg,357,market1501,4
market1501/bounding_box_train/0357_c6s1_082676_04.jpg,357,market1501,5
market1501/bounding_box_train/0357_c6s1_082701_04.jpg,357,market1501,5
market1501/bounding_box_train/0357_c6s1_087451_02.jpg,357,market1501,5
market1501/bounding_box_train/0357_c6s1_087476_03.jpg,357,market1501,5
market1501/bounding_box_train/0357_c6s1_087551_03.jpg,357,market1501,5
market1501/bounding_box_train/0367_c1s2_012966_04.jpg,367,market1501,0
market1501/bounding_box_train/0367_c2s1_085121_02.jpg,367,market1501,1
market1501/bounding_box_train/0367_c2s1_085171_02.jpg,367,market1501,1
market1501/bounding_box_train/0367_c3s1_085317_04.jpg,367,market1501,2
market1501/bounding_box_train/0367_c4s2_013442_04.jpg,367,market1501,3
market1501/bounding_box_train/0367_c4s2_013467_03.jpg,367,market1501,3
market1501/bounding_box_train/0367_c4s2_013517_02.jpg,367,market1501,3
market1501/bounding_box_train/0367_c4s2_013667_03.jpg,367,market1501,3
market1501/bounding_box_train/0367_c4s2_013767_01.jpg,367,market1501,3
market1501/bounding_box_train/0367_c4s2_014792_05.jpg,367,market1501,3
market1501/bounding_box_train/0374_c1s2_023116_02.jpg,374,market1501,0
market1501/bounding_box_train/0374_c2s1_088646_02.jpg,374,market1501,1
market1501/bounding_box_train/0374_c2s1_088721_02.jpg,374,market1501,1
market1501/bounding_box_train/0374_c2s1_095446_02.jpg,374,market1501,1
market1501/bounding_box_train/0374_c3s1_088842_04.jpg,374,market1501,2
market1501/bounding_box_train/0374_c3s1_095092_06.jpg,374,market1501,2
market1501/bounding_box_train/0374_c5s1_089198_01.jpg,374,market1501,4
market1501/bounding_box_train/0374_c5s1_095748_04.jpg,374,market1501,4
market1501/bounding_box_train/0374_c5s1_095773_05.jpg,374,market1501,4
market1501/bounding_box_train/0374_c5s1_095848_02.jpg,374,market1501,4
market1501/bounding_box_train/0374_c5s1_095848_06.jpg,374,market1501,4
market1501/bounding_box_train/0374_c5s1_095948_02.jpg,374,market1501,4
market1501/bounding_box_train/0376_c1s2_016541_03.jpg,376,market1501,0
market1501/bounding_box_train/0376_c1s2_016591_01.jpg,376,market1501,0
market1501/bounding_box_train/0376_c1s2_016616_01.jpg,376,market1501,0
market1501/bounding_box_train/0376_c1s2_018591_04.jpg,376,market1501,0
market1501/bounding_box_train/0376_c2s1_088846_03.jpg,376,market1501,1
market1501/bounding_box_train/0376_c2s1_088921_05.jpg,376,market1501,1
market1501/bounding_box_train/0376_c2s1_090821_07.jpg,376,market1501,1
market1501/bounding_box_train/0376_c2s1_090846_03.jpg,376,market1501,1
market1501/bounding_box_train/0376_c2s1_090846_10.jpg,376,market1501,1
market1501/bounding_box_train/0376_c3s1_089092_04.jpg,376,market1501,2
market1501/bounding_box_train/0376_c3s1_089117_03.jpg,376,market1501,2
market1501/bounding_box_train/0376_c3s1_090192_02.jpg,376,market1501,2
market1501/bounding_box_train/0376_c3s1_090217_02.jpg,376,market1501,2
market1501/bounding_box_train/0376_c5s1_089373_03.jpg,376,market1501,4
market1501/bounding_box_train/0376_c5s1_089423_02.jpg,376,market1501,4
market1501/bounding_box_train/0376_c5s1_089448_03.jpg,376,market1501,4
market1501/bounding_box_train/0376_c5s1_091473_01.jpg,376,market1501,4
market1501/bounding_box_train/0377_c1s2_016641_01.jpg,377,market1501,0
market1501/bounding_box_train/0377_c2s1_088921_01.jpg,377,market1501,1
market1501/bounding_box_train/0377_c2s1_088946_01.jpg,377,market1501,1
market1501/bounding_box_train/0377_c2s1_096846_01.jpg,377,market1501,1
market1501/bounding_box_train/0377_c2s1_096871_01.jpg,377,market1501,1
market1501/bounding_box_train/0377_c3s1_089092_01.jpg,377,market1501,2
market1501/bounding_box_train/0377_c3s1_089117_01.jpg,377,market1501,2
market1501/bounding_box_train/0377_c3s1_096617_01.jpg,377,market1501,2
market1501/bounding_box_train/0377_c5s1_089448_01.jpg,377,market1501,4
market1501/bounding_box_train/0377_c5s1_089498_02.jpg,377,market1501,4
market1501/bounding_box_train/0377_c5s1_097423_01.jpg,377,market1501,4
market1501/bounding_box_train/0377_c5s1_097473_01.jpg,377,market1501,4
market1501/bounding_box_train/0377_c5s1_097473_04.jpg,377,market1501,4
market1501/bounding_box_train/0377_c5s1_097548_01.jpg,377,market1501,4
market1501/bounding_box_train/0380_c1s2_016991_01.jpg,380,market1501,0
market1501/bounding_box_train/0380_c1s3_071526_06.jpg,380,market1501,0
market1501/bounding_box_train/0380_c2s1_089246_01.jpg,380,market1501,1
market1501/bounding_box_train/0380_c2s1_089246_03.jpg,380,market1501,1
market1501/bounding_box_train/0380_c2s1_089346_01.jpg,380,market1501,1
market1501/bounding_box_train/0380_c2s2_053987_01.jpg,380,market1501,1
market1501/bounding_box_train/0380_c2s2_054012_01.jpg,380,market1501,1
market1501/bounding_box_train/0380_c2s2_054112_01.jpg,380,market1501,1
market1501/bounding_box_train/0380_c2s2_054137_01.jpg,380,market1501,1
market1501/bounding_box_train/0380_c2s2_054137_04.jpg,380,market1501,1
market1501/bounding_box_train/0380_c3s1_089517_01.jpg,380,market1501,2
market1501/bounding_box_train/0380_c3s2_056737_01.jpg,380,market1501,2
market1501/bounding_box_train/0380_c3s2_056762_03.jpg,380,market1501,2
market1501/bounding_box_train/0380_c5s1_089773_01.jpg,380,market1501,4
market1501/bounding_box_train/0380_c5s1_089798_01.jpg,380,market1501,4
market1501/bounding_box_train/0380_c5s2_057655_06.jpg,380,market1501,4
market1501/bounding_box_train/0380_c5s2_057730_05.jpg,380,market1501,4
market1501/bounding_box_train/0380_c6s2_050893_02.jpg,380,market1501,5
market1501/bounding_box_train/0390_c1s2_019816_05.jpg,390,market1501,0
market1501/bounding_box_train/0390_c1s2_019916_06.jpg,390,market1501,0
market1501/bounding_box_train/0390_c1s2_032216_02.jpg,390,market1501,0
market1501/bounding_box_train/0390_c1s2_032241_02.jpg,390,market1501,0
market1501/bounding_box_train/0390_c1s2_032266_02.jpg,390,market1501,0
market1501/bounding_box_train/0390_c1s2_043296_01.jpg,390,market1501,0
market1501/bounding_box_train/0390_c2s1_091296_04.jpg,390,market1501,1
market1501/bounding_box_train/0390_c2s1_091346_03.jpg,390,market1501,1
market1501/bounding_box_train/0390_c3s1_092042_04.jpg,390,market1501,2
market1501/bounding_box_train/0390_c3s1_092167_02.jpg,390,market1501,2
market1501/bounding_box_train/0390_c3s1_104367_06.jpg,390,market1501,2
market1501/bounding_box_train/0390_c3s1_104392_05.jpg,390,market1501,2
market1501/bounding_box_train/0390_c3s1_104392_10.jpg,390,market1501,2
market1501/bounding_box_train/0390_c3s1_104892_02.jpg,390,market1501,2
market1501/bounding_box_train/0390_c5s1_092073_03.jpg,390,market1501,4
market1501/bounding_box_train/0390_c5s1_092623_06.jpg,390,market1501,4
market1501/bounding_box_train/0390_c5s1_092748_05.jpg,390,market1501,4
market1501/bounding_box_train/0390_c5s1_092773_10.jpg,390,market1501,4
market1501/bounding_box_train/0390_c5s1_105048_04.jpg,390,market1501,4
market1501/bounding_box_train/0390_c5s1_105123_04.jpg,390,market1501,4
market1501/bounding_box_train/0390_c5s1_105148_02.jpg,390,market1501,4
market1501/bounding_box_train/0390_c5s1_105248_03.jpg,390,market1501,4
market1501/bounding_box_train/0390_c5s1_105373_03.jpg,390,market1501,4
market1501/bounding_box_train/0390_c5s1_116170_01.jpg,390,market1501,4
market1501/bounding_box_train/0390_c5s1_116195_01.jpg,390,market1501,4
market1501/bounding_box_train/0390_c5s1_116245_01.jpg,390,market1501,4
market1501/bounding_box_train/0390_c5s1_116270_01.jpg,390,market1501,4
market1501/bounding_box_train/0390_c5s1_116295_01.jpg,390,market1501,4
market1501/bounding_box_train/0390_c5s1_116320_05.jpg,390,market1501,4
market1501/bounding_box_train/0393_c1s2_020416_03.jpg,393,market1501,0
market1501/bounding_box_train/0393_c1s2_020466_03.jpg,393,market1501,0
market1501/bounding_box_train/0393_c1s2_039946_01.jpg,393,market1501,0
market1501/bounding_box_train/0393_c2s1_092696_01.jpg,393,market1501,1
market1501/bounding_box_train/0393_c2s1_092721_01.jpg,393,market1501,1
market1501/bounding_box_train/0393_c2s1_112441_01.jpg,393,market1501,1
market1501/bounding_box_train/0393_c3s1_092817_02.jpg,393,market1501,2
market1501/bounding_box_train/0393_c3s1_092817_08.jpg,393,market1501,2
market1501/bounding_box_train/0393_c3s1_092842_01.jpg,393,market1501,2
market1501/bounding_box_train/0393_c3s1_092917_03.jpg,393,market1501,2
market1501/bounding_box_train/0393_c3s1_112058_01.jpg,393,market1501,2
market1501/bounding_box_train/0393_c3s1_112083_03.jpg,393,market1501,2
market1501/bounding_box_train/0393_c5s1_093248_06.jpg,393,market1501,4
market1501/bounding_box_train/0393_c5s1_093323_01.jpg,393,market1501,4
market1501/bounding_box_train/0393_c5s1_093323_06.jpg,393,market1501,4
market1501/bounding_box_train/0393_c5s1_093423_02.jpg,393,market1501,4
market1501/bounding_box_train/0393_c5s1_093448_06.jpg,393,market1501,4
market1501/bounding_box_train/0393_c5s1_112745_01.jpg,393,market1501,4
market1501/bounding_box_train/0393_c5s1_112770_01.jpg,393,market1501,4
market1501/bounding_box_train/0393_c5s1_112845_01.jpg,393,market1501,4
market1501/bounding_box_train/0393_c5s1_112895_01.jpg,393,market1501,4
market1501/bounding_box_train/0407_c1s2_024366_01.jpg,407,market1501,0
market1501/bounding_box_train/0407_c1s2_024391_01.jpg,407,market1501,0
market1501/bounding_box_train/0407_c1s2_028366_01.jpg,407,market1501,0
market1501/bounding_box_train/0407_c2s1_096646_01.jpg,407,market1501,1
market1501/bounding_box_train/0407_c2s1_096746_01.jpg,407,market1501,1
market1501/bounding_box_train/0407_c3s1_096892_01.jpg,407,market1501,2
market1501/bounding_box_train/0407_c3s1_096917_02.jpg,407,market1501,2
market1501/bounding_box_train/0407_c3s1_100142_01.jpg,407,market1501,2
market1501/bounding_box_train/0407_c3s1_100542_04.jpg,407,market1501,2
market1501/bounding_box_train/0407_c4s2_035467_03.jpg,407,market1501,3
market1501/bounding_box_train/0407_c4s2_035542_02.jpg,407,market1501,3
market1501/bounding_box_train/0407_c5s1_101148_01.jpg,407,market1501,4
market1501/bounding_box_train/0407_c5s1_101198_01.jpg,407,market1501,4
market1501/bounding_box_train/0407_c5s1_101223_01.jpg,407,market1501,4
market1501/bounding_box_train/0407_c5s1_101273_01.jpg,407,market1501,4
market1501/bounding_box_train/0407_c5s1_101698_01.jpg,407,market1501,4
market1501/bounding_box_train/0408_c1s2_024541_02.jpg,408,market1501,0
market1501/bounding_box_train/0408_c1s2_024566_02.jpg,408,market1501,0
market1501/bounding_box_train/0408_c1s2_024641_02.jpg,408,market1501,0
market1501/bounding_box_train/0408_c1s2_024791_01.jpg,408,market1501,0
market1501/bounding_box_train/0408_c1s2_031141_01.jpg,408,market1501,0
market1501/bounding_box_train/0408_c2s1_096746_02.jpg,408,market1501,1
market1501/bounding_box_train/0408_c2s1_096846_02.jpg,408,market1501,1
market1501/bounding_box_train/0408_c2s1_096871_03.jpg,408,market1501,1
market1501/bounding_box_train/0408_c3s1_096867_01.jpg,408,market1501,2
market1501/bounding_box_train/0408_c3s1_096992_02.jpg,408,market1501,2
market1501/bounding_box_train/0408_c3s1_099167_01.jpg,408,market1501,2
market1501/bounding_box_train/0408_c3s1_103292_02.jpg,408,market1501,2
market1501/bounding_box_train/0408_c4s2_024942_02.jpg,408,market1501,3
market1501/bounding_box_train/0408_c4s2_025042_01.jpg,408,market1501,3
market1501/bounding_box_train/0408_c4s2_025067_03.jpg,408,market1501,3
market1501/bounding_box_train/0408_c4s2_025217_02.jpg,408,market1501,3
market1501/bounding_box_train/0408_c4s2_026417_04.jpg,408,market1501,3
market1501/bounding_box_train/0408_c4s2_026442_02.jpg,408,market1501,3
market1501/bounding_box_train/0408_c4s2_031692_01.jpg,408,market1501,3
market1501/bounding_box_train/0408_c4s2_031742_01.jpg,408,market1501,3
market1501/bounding_box_train/0408_c5s1_097423_02.jpg,408,market1501,4
market1501/bounding_box_train/0408_c5s1_097473_02.jpg,408,market1501,4
market1501/bounding_box_train/0408_c5s1_097548_02.jpg,408,market1501,4
market1501/bounding_box_train/0408_c5s1_097598_01.jpg,408,market1501,4
market1501/bounding_box_train/0408_c5s1_097648_01.jpg,408,market1501,4
market1501/bounding_box_train/0408_c5s1_097723_01.jpg,408,market1501,4
market1501/bounding_box_train/0408_c5s1_097748_03.jpg,408,market1501,4
market1501/bounding_box_train/0408_c5s1_097823_03.jpg,408,market1501,4
market1501/bounding_box_train/0408_c5s1_099548_01.jpg,408,market1501,4
market1501/bounding_box_train/0408_c5s1_099648_01.jpg,408,market1501,4
market1501/bounding_box_train/0408_c5s1_099723_04.jpg,408,market1501,4
market1501/bounding_box_train/0408_c5s1_103898_05.jpg,408,market1501,4
market1501/bounding_box_train/0408_c5s1_103973_03.jpg,408,market1501,4
market1501/bounding_box_train/0408_c5s1_104048_01.jpg,408,market1501,4
market1501/bounding_box_train/0408_c5s1_104173_03.jpg,408,market1501,4
market1501/bounding_box_train/0408_c5s1_104223_01.jpg,408,market1501,4
market1501/bounding_box_train/0408_c5s1_104323_01.jpg,408,market1501,4
market1501/bounding_box_train/0411_c1s2_025391_01.jpg,411,market1501,0
market1501/bounding_box_train/0411_c1s2_025416_01.jpg,411,market1501,0
market1501/bounding_box_train/0411_c1s2_025441_01.jpg,411,market1501,0
market1501/bounding_box_train/0411_c1s2_044596_02.jpg,411,market1501,0
market1501/bounding_box_train/0411_c1s2_044746_05.jpg,411,market1501,0
market1501/bounding_box_train/0411_c2s1_097621_01.jpg,411,market1501,1
market1501/bounding_box_train/0411_c3s1_097817_02.jpg,411,market1501,2
market1501/bounding_box_train/0411_c3s1_097842_04.jpg,411,market1501,2
market1501/bounding_box_train/0411_c3s1_116733_02.jpg,411,market1501,2
market1501/bounding_box_train/0411_c3s1_116783_04.jpg,411,market1501,2
market1501/bounding_box_train/0411_c3s1_116808_04.jpg,411,market1501,2
market1501/bounding_box_train/0411_c5s1_098248_01.jpg,411,market1501,4
market1501/bounding_box_train/0411_c5s1_098273_01.jpg,411,market1501,4
market1501/bounding_box_train/0411_c5s1_098273_09.jpg,411,market1501,4
market1501/bounding_box_train/0411_c5s1_117395_03.jpg,411,market1501,4
market1501/bounding_box_train/0415_c1s2_025416_04.jpg,415,market1501,0
market1501/bounding_box_train/0415_c1s2_025441_03.jpg,415,market1501,0
market1501/bounding_box_train/0415_c1s2_044596_06.jpg,415,market1501,0
market1501/bounding_box_train/0415_c1s2_044671_01.jpg,415,market1501,0
market1501/bounding_box_train/0415_c1s2_044671_04.jpg,415,market1501,0
market1501/bounding_box_train/0415_c1s2_044746_03.jpg,415,market1501,0
market1501/bounding_box_train/0415_c2s1_117116_01.jpg,415,market1501,1
market1501/bounding_box_train/0415_c3s1_097967_02.jpg,415,market1501,2
market1501/bounding_box_train/0415_c3s1_097992_02.jpg,415,market1501,2
market1501/bounding_box_train/0415_c3s1_116758_02.jpg,415,market1501,2
market1501/bounding_box_train/0415_c5s1_098323_05.jpg,415,market1501,4
market1501/bounding_box_train/0415_c5s1_098348_04.jpg,415,market1501,4
market1501/bounding_box_train/0415_c5s1_098398_04.jpg,415,market1501,4
market1501/bounding_box_train/0415_c5s1_098423_03.jpg,415,market1501,4
market1501/bounding_box_train/0415_c5s1_117445_04.jpg,415,market1501,4
market1501/bounding_box_train/0419_c1s2_027491_01.jpg,419,market1501,0
market1501/bounding_box_train/0419_c1s2_027616_01.jpg,419,market1501,0
market1501/bounding_box_train/0419_c1s2_035041_01.jpg,419,market1501,0
market1501/bounding_box_train/0419_c1s2_035166_01.jpg,419,market1501,0
market1501/bounding_box_train/0419_c3s1_099942_03.jpg,419,market1501,2
market1501/bounding_box_train/0419_c3s1_099992_01.jpg,419,market1501,2
market1501/bounding_box_train/0419_c4s2_027242_01.jpg,419,market1501,3
market1501/bounding_box_train/0419_c4s2_027267_01.jpg,419,market1501,3
market1501/bounding_box_train/0419_c4s2_034842_01.jpg,419,market1501,3
market1501/bounding_box_train/0419_c4s2_035117_01.jpg,419,market1501,3
market1501/bounding_box_train/0419_c5s1_100398_01.jpg,419,market1501,4
market1501/bounding_box_train/0419_c5s1_100448_03.jpg,419,market1501,4
market1501/bounding_box_train/0419_c5s1_100473_01.jpg,419,market1501,4
market1501/bounding_box_train/0042_c2s3_057927_04.jpg,42,market1501,1
market1501/bounding_box_train/0042_c3s3_064144_04.jpg,42,market1501,2
market1501/bounding_box_train/0042_c3s3_064169_01.jpg,42,market1501,2
market1501/bounding_box_train/0042_c6s3_087892_02.jpg,42,market1501,5
market1501/bounding_box_train/0042_c6s3_087917_01.jpg,42,market1501,5
market1501/bounding_box_train/0427_c1s2_032216_01.jpg,427,market1501,0
market1501/bounding_box_train/0427_c1s2_032266_01.jpg,427,market1501,0
market1501/bounding_box_train/0427_c3s1_104367_04.jpg,427,market1501,2
market1501/bounding_box_train/0427_c3s1_104392_09.jpg,427,market1501,2
market1501/bounding_box_train/0427_c4s2_032142_01.jpg,427,market1501,3
market1501/bounding_box_train/0427_c4s2_032217_01.jpg,427,market1501,3
market1501/bounding_box_train/0427_c4s2_032242_01.jpg,427,market1501,3
market1501/bounding_box_train/0427_c5s1_104948_02.jpg,427,market1501,4
market1501/bounding_box_train/0427_c5s1_105023_01.jpg,427,market1501,4
market1501/bounding_box_train/0427_c5s1_105048_01.jpg,427,market1501,4
market1501/bounding_box_train/0427_c5s1_105123_01.jpg,427,market1501,4
market1501/bounding_box_train/0427_c5s1_105123_03.jpg,427,market1501,4
market1501/bounding_box_train/0043_c2s1_003626_02.jpg,43,market1501,1
market1501/bounding_box_train/0043_c2s1_003651_02.jpg,43,market1501,1
market1501/bounding_box_train/0043_c3s1_003776_03.jpg,43,market1501,2
market1501/bounding_box_train/0043_c3s1_003826_02.jpg,43,market1501,2
market1501/bounding_box_train/0043_c3s1_003851_02.jpg,43,market1501,2
market1501/bounding_box_train/0043_c6s1_004376_01.jpg,43,market1501,5
market1501/bounding_box_train/0043_c6s1_004401_02.jpg,43,market1501,5
market1501/bounding_box_train/0043_c6s1_004426_01.jpg,43,market1501,5
market1501/bounding_box_train/0043_c6s1_004451_01.jpg,43,market1501,5
market1501/bounding_box_train/0441_c1s2_036516_01.jpg,441,market1501,0
market1501/bounding_box_train/0441_c1s2_036666_01.jpg,441,market1501,0
market1501/bounding_box_train/0441_c2s1_108796_01.jpg,441,market1501,1
market1501/bounding_box_train/0441_c3s1_108917_01.jpg,441,market1501,2
market1501/bounding_box_train/0441_c3s1_108942_02.jpg,441,market1501,2
market1501/bounding_box_train/0441_c3s1_109042_05.jpg,441,market1501,2
market1501/bounding_box_train/0441_c4s2_036842_01.jpg,441,market1501,3
market1501/bounding_box_train/0441_c4s2_036892_01.jpg,441,market1501,3
market1501/bounding_box_train/0441_c4s2_036917_01.jpg,441,market1501,3
market1501/bounding_box_train/0441_c5s1_109273_03.jpg,441,market1501,4
market1501/bounding_box_train/0441_c5s1_109273_04.jpg,441,market1501,4
market1501/bounding_box_train/0441_c5s1_109298_01.jpg,441,market1501,4
market1501/bounding_box_train/0441_c5s1_109398_01.jpg,441,market1501,4
market1501/bounding_box_train/0441_c5s1_109473_01.jpg,441,market1501,4
market1501/bounding_box_train/0441_c5s1_109548_01.jpg,441,market1501,4
market1501/bounding_box_train/0441_c5s1_109573_01.jpg,441,market1501,4
market1501/bounding_box_train/0441_c5s1_109648_02.jpg,441,market1501,4
market1501/bounding_box_train/0441_c5s1_109673_02.jpg,441,market1501,4
market1501/bounding_box_train/0441_c5s1_109698_03.jpg,441,market1501,4
market1501/bounding_box_train/0441_c5s1_109723_04.jpg,441,market1501,4
market1501/bounding_box_train/0444_c1s2_039046_01.jpg,444,market1501,0
market1501/bounding_box_train/0444_c1s2_059846_01.jpg,444,market1501,0
market1501/bounding_box_train/0444_c1s2_060046_01.jpg,444,market1501,0
market1501/bounding_box_train/0444_c2s1_111291_01.jpg,444,market1501,1
market1501/bounding_box_train/0444_c2s1_111316_04.jpg,444,market1501,1
market1501/bounding_box_train/0444_c2s1_132391_08.jpg,444,market1501,1
market1501/bounding_box_train/0444_c3s1_111283_02.jpg,444,market1501,2
market1501/bounding_box_train/0444_c3s1_132058_01.jpg,444,market1501,2
market1501/bounding_box_train/0444_c3s1_132083_02.jpg,444,market1501,2
market1501/bounding_box_train/0444_c3s1_132108_03.jpg,444,market1501,2
market1501/bounding_box_train/0444_c5s1_111870_03.jpg,444,market1501,4
market1501/bounding_box_train/0444_c5s1_132745_01.jpg,444,market1501,4
market1501/bounding_box_train/0449_c1s2_039621_01.jpg,449,market1501,0
market1501/bounding_box_train/0449_c1s2_039946_03.jpg,449,market1501,0
market1501/bounding_box_train/0449_c1s3_001146_04.jpg,449,market1501,0
market1501/bounding_box_train/0449_c2s1_112291_01.jpg,449,market1501,1
market1501/bounding_box_train/0449_c2s1_112366_01.jpg,449,market1501,1
market1501/bounding_box_train/0449_c2s1_112441_03.jpg,449,market1501,1
market1501/bounding_box_train/0449_c2s1_148266_08.jpg,449,market1501,1
market1501/bounding_box_train/0449_c3s1_112058_03.jpg,449,market1501,2
market1501/bounding_box_train/0449_c3s1_112083_04.jpg,449,market1501,2
market1501/bounding_box_train/0449_c3s1_112133_02.jpg,449,market1501,2
market1501/bounding_box_train/0449_c3s1_148433_04.jpg,449,market1501,2
market1501/bounding_box_train/0449_c3s1_148508_08.jpg,449,market1501,2
market1501/bounding_box_train/0449_c3s1_148558_11.jpg,449,market1501,2
market1501/bounding_box_train/0449_c4s2_039073_02.jpg,449,market1501,3
market1501/bounding_box_train/0449_c4s2_039148_01.jpg,449,market1501,3
market1501/bounding_box_train/0449_c4s3_001548_06.jpg,449,market1501,3
market1501/bounding_box_train/0449_c4s3_001573_03.jpg,449,market1501,3
market1501/bounding_box_train/0449_c5s1_112495_02.jpg,449,market1501,4
market1501/bounding_box_train/0449_c5s1_112520_01.jpg,449,market1501,4
market1501/bounding_box_train/0449_c5s1_112570_01.jpg,449,market1501,4
market1501/bounding_box_train/0449_c5s1_112670_01.jpg,449,market1501,4
market1501/bounding_box_train/0449_c5s1_112845_02.jpg,449,market1501,4
market1501/bounding_box_train/0449_c5s1_149220_07.jpg,449,market1501,4
market1501/bounding_box_train/0450_c1s2_041696_01.jpg,450,market1501,0
market1501/bounding_box_train/0450_c1s2_049321_01.jpg,450,market1501,0
market1501/bounding_box_train/0450_c2s1_113916_01.jpg,450,market1501,1
market1501/bounding_box_train/0450_c2s1_114016_01.jpg,450,market1501,1
market1501/bounding_box_train/0450_c2s1_121591_01.jpg,450,market1501,1
market1501/bounding_box_train/0450_c2s1_121691_01.jpg,450,market1501,1
market1501/bounding_box_train/0450_c3s1_114183_03.jpg,450,market1501,2
market1501/bounding_box_train/0450_c3s1_114208_02.jpg,450,market1501,2
market1501/bounding_box_train/0450_c3s1_121433_01.jpg,450,market1501,2
market1501/bounding_box_train/0450_c5s1_114520_02.jpg,450,market1501,4
market1501/bounding_box_train/0450_c5s1_114545_02.jpg,450,market1501,4
market1501/bounding_box_train/0450_c5s1_114545_03.jpg,450,market1501,4
market1501/bounding_box_train/0450_c5s1_122170_01.jpg,450,market1501,4
market1501/bounding_box_train/0451_c1s2_041171_01.jpg,451,market1501,0
market1501/bounding_box_train/0451_c1s2_044421_02.jpg,451,market1501,0
market1501/bounding_box_train/0451_c1s2_044496_03.jpg,451,market1501,0
market1501/bounding_box_train/0451_c3s1_113583_01.jpg,451,market1501,2
market1501/bounding_box_train/0451_c3s1_113633_02.jpg,451,market1501,2
market1501/bounding_box_train/0451_c3s1_113733_02.jpg,451,market1501,2
market1501/bounding_box_train/0451_c4s2_045273_06.jpg,451,market1501,3
market1501/bounding_box_train/0451_c4s2_045373_03.jpg,451,market1501,3
market1501/bounding_box_train/0451_c5s1_113895_02.jpg,451,market1501,4
market1501/bounding_box_train/0451_c5s1_114020_03.jpg,451,market1501,4
market1501/bounding_box_train/0451_c5s1_114045_02.jpg,451,market1501,4
market1501/bounding_box_train/0451_c5s1_114145_01.jpg,451,market1501,4
market1501/bounding_box_train/0451_c5s1_117320_02.jpg,451,market1501,4
market1501/bounding_box_train/0451_c5s1_117345_06.jpg,451,market1501,4
market1501/bounding_box_train/0451_c5s1_117395_10.jpg,451,market1501,4
market1501/bounding_box_train/0451_c5s1_117445_05.jpg,451,market1501,4
market1501/bounding_box_train/0456_c2s1_116216_01.jpg,456,market1501,1
market1501/bounding_box_train/0456_c2s1_116241_03.jpg,456,market1501,1
market1501/bounding_box_train/0456_c2s2_075757_02.jpg,456,market1501,1
market1501/bounding_box_train/0456_c2s2_075782_01.jpg,456,market1501,1
market1501/bounding_box_train/0456_c3s1_116508_02.jpg,456,market1501,2
market1501/bounding_box_train/0456_c3s2_078528_01.jpg,456,market1501,2
market1501/bounding_box_train/0456_c3s2_078553_01.jpg,456,market1501,2
market1501/bounding_box_train/0456_c6s2_072568_01.jpg,456,market1501,5
market1501/bounding_box_train/0456_c6s2_072593_01.jpg,456,market1501,5
market1501/bounding_box_train/0456_c6s2_072618_01.jpg,456,market1501,5
market1501/bounding_box_train/0456_c6s2_072643_01.jpg,456,market1501,5
market1501/bounding_box_train/0456_c6s2_072668_01.jpg,456,market1501,5
market1501/bounding_box_train/0457_c1s2_044246_02.jpg,457,market1501,0
market1501/bounding_box_train/0457_c1s2_044271_01.jpg,457,market1501,0
market1501/bounding_box_train/0457_c1s2_048321_03.jpg,457,market1501,0
market1501/bounding_box_train/0457_c1s2_048346_03.jpg,457,market1501,0
market1501/bounding_box_train/0457_c2s1_116566_01.jpg,457,market1501,1
market1501/bounding_box_train/0457_c2s1_116616_02.jpg,457,market1501,1
market1501/bounding_box_train/0457_c2s1_116641_02.jpg,457,market1501,1
market1501/bounding_box_train/0457_c2s1_120691_02.jpg,457,market1501,1
market1501/bounding_box_train/0457_c3s1_116508_01.jpg,457,market1501,2
market1501/bounding_box_train/0457_c3s1_116783_03.jpg,457,market1501,2
market1501/bounding_box_train/0457_c3s1_116808_06.jpg,457,market1501,2
market1501/bounding_box_train/0457_c3s1_120258_02.jpg,457,market1501,2
market1501/bounding_box_train/0457_c3s1_120333_01.jpg,457,market1501,2
market1501/bounding_box_train/0457_c5s1_117170_03.jpg,457,market1501,4
market1501/bounding_box_train/0457_c5s1_120895_03.jpg,457,market1501,4
market1501/bounding_box_train/0457_c5s1_120995_01.jpg,457,market1501,4
market1501/bounding_box_train/0468_c1s2_048271_04.jpg,468,market1501,0
market1501/bounding_box_train/0468_c1s2_048346_04.jpg,468,market1501,0
market1501/bounding_box_train/0468_c1s3_001896_03.jpg,468,market1501,0
market1501/bounding_box_train/0468_c1s3_001921_03.jpg,468,market1501,0
market1501/bounding_box_train/0468_c3s1_120708_05.jpg,468,market1501,2
market1501/bounding_box_train/0468_c3s1_120733_05.jpg,468,market1501,2
market1501/bounding_box_train/0468_c3s1_120858_01.jpg,468,market1501,2
market1501/bounding_box_train/0468_c3s1_149033_07.jpg,468,market1501,2
market1501/bounding_box_train/0468_c5s1_121245_02.jpg,468,market1501,4
market1501/bounding_box_train/0468_c5s1_121320_06.jpg,468,market1501,4
market1501/bounding_box_train/0468_c5s1_149645_03.jpg,468,market1501,4
market1501/bounding_box_train/0468_c5s1_149720_03.jpg,468,market1501,4
market1501/bounding_box_train/0047_c1s6_027846_02.jpg,47,market1501,0
market1501/bounding_box_train/0047_c2s3_070302_01.jpg,47,market1501,1
market1501/bounding_box_train/0047_c2s3_070352_01.jpg,47,market1501,1
market1501/bounding_box_train/0047_c3s3_076569_04.jpg,47,market1501,2
market1501/bounding_box_train/0047_c3s3_076619_01.jpg,47,market1501,2
market1501/bounding_box_train/0047_c5s3_076912_03.jpg,47,market1501,4
market1501/bounding_box_train/0047_c5s3_076987_03.jpg,47,market1501,4
market1501/bounding_box_train/0047_c6s4_003052_04.jpg,47,market1501,5
market1501/bounding_box_train/0047_c6s4_003052_05.jpg,47,market1501,5
market1501/bounding_box_train/0047_c6s4_003102_01.jpg,47,market1501,5
market1501/bounding_box_train/0470_c1s2_050421_02.jpg,470,market1501,0
market1501/bounding_box_train/0470_c1s2_050471_01.jpg,470,market1501,0
market1501/bounding_box_train/0470_c2s1_122166_01.jpg,470,market1501,1
market1501/bounding_box_train/0470_c2s1_122216_02.jpg,470,market1501,1
market1501/bounding_box_train/0470_c2s1_122766_02.jpg,470,market1501,1
market1501/bounding_box_train/0470_c2s2_130752_01.jpg,470,market1501,1
market1501/bounding_box_train/0470_c2s2_130777_01.jpg,470,market1501,1
market1501/bounding_box_train/0470_c2s2_130802_01.jpg,470,market1501,1
market1501/bounding_box_train/0470_c3s1_122783_02.jpg,470,market1501,2
market1501/bounding_box_train/0470_c3s1_123058_02.jpg,470,market1501,2
market1501/bounding_box_train/0470_c3s1_123233_01.jpg,470,market1501,2
market1501/bounding_box_train/0470_c3s1_123358_01.jpg,470,market1501,2
market1501/bounding_box_train/0470_c3s1_123458_01.jpg,470,market1501,2
market1501/bounding_box_train/0470_c3s2_133519_02.jpg,470,market1501,2
market1501/bounding_box_train/0470_c3s2_133544_05.jpg,470,market1501,2
market1501/bounding_box_train/0470_c5s1_123520_01.jpg,470,market1501,4
market1501/bounding_box_train/0470_c5s1_123595_03.jpg,470,market1501,4
market1501/bounding_box_train/0470_c5s1_123595_06.jpg,470,market1501,4
market1501/bounding_box_train/0470_c5s1_123795_02.jpg,470,market1501,4
market1501/bounding_box_train/0480_c1s3_035926_05.jpg,480,market1501,0
market1501/bounding_box_train/0480_c2s1_124991_01.jpg,480,market1501,1
market1501/bounding_box_train/0480_c2s1_125116_01.jpg,480,market1501,1
market1501/bounding_box_train/0480_c2s1_125116_07.jpg,480,market1501,1
market1501/bounding_box_train/0480_c2s2_018412_01.jpg,480,market1501,1
market1501/bounding_box_train/0480_c2s2_018412_03.jpg,480,market1501,1
market1501/bounding_box_train/0480_c3s1_125333_01.jpg,480,market1501,2
market1501/bounding_box_train/0480_c3s1_125433_01.jpg,480,market1501,2
market1501/bounding_box_train/0480_c3s1_125458_03.jpg,480,market1501,2
market1501/bounding_box_train/0480_c3s2_021087_04.jpg,480,market1501,2
market1501/bounding_box_train/0480_c3s2_021137_04.jpg,480,market1501,2
market1501/bounding_box_train/0480_c5s1_125445_01.jpg,480,market1501,4
market1501/bounding_box_train/0480_c5s1_125520_02.jpg,480,market1501,4
market1501/bounding_box_train/0480_c6s2_015143_01.jpg,480,market1501,5
market1501/bounding_box_train/0480_c6s2_015168_01.jpg,480,market1501,5
market1501/bounding_box_train/0480_c6s2_015218_02.jpg,480,market1501,5
market1501/bounding_box_train/0481_c1s2_053221_01.jpg,481,market1501,0
market1501/bounding_box_train/0481_c1s2_053321_01.jpg,481,market1501,0
market1501/bounding_box_train/0481_c1s2_053371_01.jpg,481,market1501,0
market1501/bounding_box_train/0481_c1s2_053371_02.jpg,481,market1501,0
market1501/bounding_box_train/0481_c1s2_065896_02.jpg,481,market1501,0
market1501/bounding_box_train/0481_c2s1_125416_03.jpg,481,market1501,1
market1501/bounding_box_train/0481_c2s1_125491_01.jpg,481,market1501,1
market1501/bounding_box_train/0481_c2s1_138266_01.jpg,481,market1501,1
market1501/bounding_box_train/0481_c3s1_125433_03.jpg,481,market1501,2
market1501/bounding_box_train/0481_c3s1_125583_01.jpg,481,market1501,2
market1501/bounding_box_train/0481_c3s1_125633_01.jpg,481,market1501,2
market1501/bounding_box_train/0481_c3s1_125708_01.jpg,481,market1501,2
market1501/bounding_box_train/0481_c3s1_137958_04.jpg,481,market1501,2
market1501/bounding_box_train/0481_c3s1_138258_03.jpg,481,market1501,2
market1501/bounding_box_train/0481_c5s1_126170_01.jpg,481,market1501,4
market1501/bounding_box_train/0481_c5s1_126170_04.jpg,481,market1501,4
market1501/bounding_box_train/0481_c5s1_126270_01.jpg,481,market1501,4
market1501/bounding_box_train/0484_c1s2_053796_01.jpg,484,market1501,0
market1501/bounding_box_train/0484_c1s2_053871_03.jpg,484,market1501,0
market1501/bounding_box_train/0484_c1s3_018701_01.jpg,484,market1501,0
market1501/bounding_box_train/0484_c2s2_001312_02.jpg,484,market1501,1
market1501/bounding_box_train/0484_c2s2_001387_02.jpg,484,market1501,1
market1501/bounding_box_train/0484_c3s1_126283_02.jpg,484,market1501,2
market1501/bounding_box_train/0484_c3s1_126308_02.jpg,484,market1501,2
market1501/bounding_box_train/0484_c3s2_004037_03.jpg,484,market1501,2
market1501/bounding_box_train/0484_c3s2_004062_03.jpg,484,market1501,2
market1501/bounding_box_train/0484_c5s1_126720_01.jpg,484,market1501,4
market1501/bounding_box_train/0484_c5s1_126720_02.jpg,484,market1501,4
market1501/bounding_box_train/0485_c1s2_056096_01.jpg,485,market1501,0
market1501/bounding_box_train/0485_c1s4_048181_02.jpg,485,market1501,0
market1501/bounding_box_train/0485_c1s4_048256_02.jpg,485,market1501,0
market1501/bounding_box_train/0485_c2s1_128316_01.jpg,485,market1501,1
market1501/bounding_box_train/0485_c2s1_128391_01.jpg,485,market1501,1
market1501/bounding_box_train/0485_c2s1_128391_06.jpg,485,market1501,1
market1501/bounding_box_train/0485_c3s1_128633_04.jpg,485,market1501,2
market1501/bounding_box_train/0485_c3s1_128708_03.jpg,485,market1501,2
market1501/bounding_box_train/0485_c3s2_108303_08.jpg,485,market1501,2
market1501/bounding_box_train/0485_c3s2_108328_05.jpg,485,market1501,2
market1501/bounding_box_train/0485_c3s2_108378_04.jpg,485,market1501,2
market1501/bounding_box_train/0485_c5s2_109152_02.jpg,485,market1501,4
market1501/bounding_box_train/0485_c5s2_109177_02.jpg,485,market1501,4
market1501/bounding_box_train/0491_c1s2_057421_02.jpg,491,market1501,0
market1501/bounding_box_train/0491_c1s2_066546_01.jpg,491,market1501,0
market1501/bounding_box_train/0491_c1s2_066796_02.jpg,491,market1501,0
market1501/bounding_box_train/0491_c2s1_129616_02.jpg,491,market1501,1
market1501/bounding_box_train/0491_c2s1_129691_03.jpg,491,market1501,1
market1501/bounding_box_train/0491_c2s1_129716_04.jpg,491,market1501,1
market1501/bounding_box_train/0491_c2s1_129741_04.jpg,491,market1501,1
market1501/bounding_box_train/0491_c2s1_129741_08.jpg,491,market1501,1
market1501/bounding_box_train/0491_c2s1_139216_03.jpg,491,market1501,1
market1501/bounding_box_train/0491_c3s1_129633_03.jpg,491,market1501,2
market1501/bounding_box_train/0491_c3s1_129858_04.jpg,491,market1501,2
market1501/bounding_box_train/0491_c4s2_065998_02.jpg,491,market1501,3
market1501/bounding_box_train/0491_c4s2_066098_05.jpg,491,market1501,3
market1501/bounding_box_train/0491_c5s1_130245_02.jpg,491,market1501,4
market1501/bounding_box_train/0491_c5s1_139220_04.jpg,491,market1501,4
market1501/bounding_box_train/0499_c1s2_060596_01.jpg,499,market1501,0
market1501/bounding_box_train/0499_c1s4_007706_01.jpg,499,market1501,0
market1501/bounding_box_train/0499_c1s4_007806_01.jpg,499,market1501,0
market1501/bounding_box_train/0499_c2s1_132841_01.jpg,499,market1501,1
market1501/bounding_box_train/0499_c2s1_132866_01.jpg,499,market1501,1
market1501/bounding_box_train/0499_c2s1_132916_02.jpg,499,market1501,1
market1501/bounding_box_train/0499_c2s2_065282_04.jpg,499,market1501,1
market1501/bounding_box_train/0499_c2s2_065332_03.jpg,499,market1501,1
market1501/bounding_box_train/0499_c3s1_133008_02.jpg,499,market1501,2
market1501/bounding_box_train/0499_c3s1_133033_02.jpg,499,market1501,2
market1501/bounding_box_train/0499_c3s2_067928_03.jpg,499,market1501,2
market1501/bounding_box_train/0499_c3s2_067953_03.jpg,499,market1501,2
market1501/bounding_box_train/0499_c3s2_067953_09.jpg,499,market1501,2
market1501/bounding_box_train/0499_c3s2_067978_06.jpg,499,market1501,2
market1501/bounding_box_train/0499_c3s2_068003_04.jpg,499,market1501,2
market1501/bounding_box_train/0499_c5s1_133470_02.jpg,499,market1501,4
market1501/bounding_box_train/0499_c5s2_068452_01.jpg,499,market1501,4
market1501/bounding_box_train/0499_c5s2_068502_01.jpg,499,market1501,4
market1501/bounding_box_train/0499_c5s2_068602_01.jpg,499,market1501,4
market1501/bounding_box_train/0499_c6s2_062068_01.jpg,499,market1501,5
market1501/bounding_box_train/0499_c6s2_062093_01.jpg,499,market1501,5
market1501/bounding_box_train/0499_c6s2_062118_03.jpg,499,market1501,5
market1501/bounding_box_train/0499_c6s2_062143_04.jpg,499,market1501,5
market1501/bounding_box_train/0513_c1s6_033396_02.jpg,513,market1501,0
market1501/bounding_box_train/0513_c1s6_033496_01.jpg,513,market1501,0
market1501/bounding_box_train/0513_c3s3_082244_02.jpg,513,market1501,2
market1501/bounding_box_train/0513_c3s3_082269_02.jpg,513,market1501,2
market1501/bounding_box_train/0513_c3s3_082294_01.jpg,513,market1501,2
market1501/bounding_box_train/0513_c4s6_033216_01.jpg,513,market1501,3
market1501/bounding_box_train/0513_c4s6_033266_01.jpg,513,market1501,3
market1501/bounding_box_train/0513_c6s4_008677_03.jpg,513,market1501,5
market1501/bounding_box_train/0513_c6s4_008677_05.jpg,513,market1501,5
market1501/bounding_box_train/0513_c6s4_008702_04.jpg,513,market1501,5
market1501/bounding_box_train/0513_c6s4_008802_03.jpg,513,market1501,5
market1501/bounding_box_train/0513_c6s4_008827_03.jpg,513,market1501,5
market1501/bounding_box_train/0522_c1s2_071346_03.jpg,522,market1501,0
market1501/bounding_box_train/0522_c3s1_143733_03.jpg,522,market1501,2
market1501/bounding_box_train/0522_c4s2_070848_01.jpg,522,market1501,3
market1501/bounding_box_train/0522_c4s2_070873_01.jpg,522,market1501,3
market1501/bounding_box_train/0522_c4s2_070898_01.jpg,522,market1501,3
market1501/bounding_box_train/0522_c4s2_070948_01.jpg,522,market1501,3
market1501/bounding_box_train/0522_c5s1_144145_03.jpg,522,market1501,4
market1501/bounding_box_train/0528_c1s3_007046_04.jpg,528,market1501,0
market1501/bounding_box_train/0528_c2s1_148341_03.jpg,528,market1501,1
market1501/bounding_box_train/0528_c3s1_148583_06.jpg,528,market1501,2
market1501/bounding_box_train/0528_c3s1_148608_05.jpg,528,market1501,2
market1501/bounding_box_train/0528_c3s1_154083_03.jpg,528,market1501,2
market1501/bounding_box_train/0528_c3s1_154208_03.jpg,528,market1501,2
market1501/bounding_box_train/0534_c1s3_012121_01.jpg,534,market1501,0
market1501/bounding_box_train/0534_c1s3_012771_01.jpg,534,market1501,0
market1501/bounding_box_train/0534_c2s1_151841_01.jpg,534,market1501,1
market1501/bounding_box_train/0534_c2s1_151866_01.jpg,534,market1501,1
market1501/bounding_box_train/0534_c2s1_160016_01.jpg,534,market1501,1
market1501/bounding_box_train/0534_c2s1_160041_01.jpg,534,market1501,1
market1501/bounding_box_train/0534_c3s1_152058_03.jpg,534,market1501,2
market1501/bounding_box_train/0534_c3s1_152083_01.jpg,534,market1501,2
market1501/bounding_box_train/0534_c3s1_159158_01.jpg,534,market1501,2
market1501/bounding_box_train/0534_c3s1_159158_02.jpg,534,market1501,2
market1501/bounding_box_train/0537_c1s3_005196_04.jpg,537,market1501,0
market1501/bounding_box_train/0537_c1s3_005221_05.jpg,537,market1501,0
market1501/bounding_box_train/0537_c2s1_152491_01.jpg,537,market1501,1
market1501/bounding_box_train/0537_c4s3_004798_01.jpg,537,market1501,3
market1501/bounding_box_train/0537_c4s3_004823_02.jpg,537,market1501,3
market1501/bounding_box_train/0537_c5s1_152920_05.jpg,537,market1501,4
market1501/bounding_box_train/0537_c5s1_152945_05.jpg,537,market1501,4
market1501/bounding_box_train/0549_c1s3_009246_03.jpg,549,market1501,0
market1501/bounding_box_train/0549_c1s3_009921_05.jpg,549,market1501,0
market1501/bounding_box_train/0549_c1s3_010046_03.jpg,549,market1501,0
market1501/bounding_box_train/0549_c4s3_009898_01.jpg,549,market1501,3
market1501/bounding_box_train/0549_c4s3_009923_01.jpg,549,market1501,3
market1501/bounding_box_train/0549_c4s3_009998_01.jpg,549,market1501,3
market1501/bounding_box_train/0549_c4s3_024229_01.jpg,549,market1501,3
market1501/bounding_box_train/0549_c4s3_024254_02.jpg,549,market1501,3
market1501/bounding_box_train/0552_c1s3_010496_03.jpg,552,market1501,0
market1501/bounding_box_train/0552_c1s3_010521_03.jpg,552,market1501,0
market1501/bounding_box_train/0552_c2s1_157766_01.jpg,552,market1501,1
market1501/bounding_box_train/0552_c2s1_157766_03.jpg,552,market1501,1
market1501/bounding_box_train/0552_c2s1_157791_01.jpg,552,market1501,1
market1501/bounding_box_train/0552_c3s1_157958_02.jpg,552,market1501,2
market1501/bounding_box_train/0552_c3s1_157983_01.jpg,552,market1501,2
market1501/bounding_box_train/0552_c3s1_158008_01.jpg,552,market1501,2
market1501/bounding_box_train/0552_c5s1_158345_06.jpg,552,market1501,4
market1501/bounding_box_train/0557_c1s3_014271_03.jpg,557,market1501,0
market1501/bounding_box_train/0557_c1s3_022976_01.jpg,557,market1501,0
market1501/bounding_box_train/0557_c1s3_023026_02.jpg,557,market1501,0
market1501/bounding_box_train/0557_c1s4_067511_02.jpg,557,market1501,0
market1501/bounding_box_train/0557_c1s4_069236_01.jpg,557,market1501,0
market1501/bounding_box_train/0557_c1s4_072986_01.jpg,557,market1501,0
market1501/bounding_box_train/0557_c2s1_161191_02.jpg,557,market1501,1
market1501/bounding_box_train/0557_c2s1_161241_02.jpg,557,market1501,1
market1501/bounding_box_train/0557_c2s1_161516_01.jpg,557,market1501,1
market1501/bounding_box_train/0557_c2s2_005537_04.jpg,557,market1501,1
market1501/bounding_box_train/0557_c2s2_124952_01.jpg,557,market1501,1
market1501/bounding_box_train/0557_c2s2_124977_01.jpg,557,market1501,1
market1501/bounding_box_train/0557_c2s2_130402_01.jpg,557,market1501,1
market1501/bounding_box_train/0557_c3s1_161658_01.jpg,557,market1501,2
market1501/bounding_box_train/0557_c3s1_161658_02.jpg,557,market1501,2
market1501/bounding_box_train/0557_c3s1_161708_01.jpg,557,market1501,2
market1501/bounding_box_train/0557_c3s2_000046_01.jpg,557,market1501,2
market1501/bounding_box_train/0557_c3s2_008212_02.jpg,557,market1501,2
market1501/bounding_box_train/0557_c3s2_128219_05.jpg,557,market1501,2
market1501/bounding_box_train/0557_c3s2_129544_01.jpg,557,market1501,2
market1501/bounding_box_train/0557_c5s2_000508_01.jpg,557,market1501,4
market1501/bounding_box_train/0557_c5s2_008780_02.jpg,557,market1501,4
market1501/bounding_box_train/0557_c5s2_008805_02.jpg,557,market1501,4
market1501/bounding_box_train/0557_c5s2_008930_01.jpg,557,market1501,4
market1501/bounding_box_train/0557_c5s2_134049_08.jpg,557,market1501,4
market1501/bounding_box_train/0557_c5s2_139349_03.jpg,557,market1501,4
market1501/bounding_box_train/0557_c6s2_002368_01.jpg,557,market1501,5
market1501/bounding_box_train/0557_c6s2_002368_02.jpg,557,market1501,5
market1501/bounding_box_train/0557_c6s2_002393_01.jpg,557,market1501,5
market1501/bounding_box_train/0557_c6s2_002418_01.jpg,557,market1501,5
market1501/bounding_box_train/0557_c6s2_002468_01.jpg,557,market1501,5
market1501/bounding_box_train/0557_c6s2_122393_02.jpg,557,market1501,5
market1501/bounding_box_train/0557_c6s2_122418_01.jpg,557,market1501,5
market1501/bounding_box_train/0557_c6s2_123643_01.jpg,557,market1501,5
market1501/bounding_box_train/0557_c6s2_123668_02.jpg,557,market1501,5
market1501/bounding_box_train/0557_c6s2_127843_01.jpg,557,market1501,5
market1501/bounding_box_train/0557_c6s2_127868_01.jpg,557,market1501,5
market1501/bounding_box_train/0557_c6s2_129143_01.jpg,557,market1501,5
market1501/bounding_box_train/0557_c6s2_129193_01.jpg,557,market1501,5
market1501/bounding_box_train/0557_c6s3_000967_01.jpg,557,market1501,5
market1501/bounding_box_train/0057_c1s1_007551_01.jpg,57,market1501,0
market1501/bounding_box_train/0057_c2s1_006801_02.jpg,57,market1501,1
market1501/bounding_box_train/0057_c4s1_007501_01.jpg,57,market1501,3
market1501/bounding_box_train/0057_c4s1_007551_01.jpg,57,market1501,3
market1501/bounding_box_train/0057_c4s1_008876_02.jpg,57,market1501,3
market1501/bounding_box_train/0057_c4s1_008901_01.jpg,57,market1501,3
market1501/bounding_box_train/0057_c5s1_007526_04.jpg,57,market1501,4
market1501/bounding_box_train/0571_c1s3_021776_02.jpg,571,market1501,0
market1501/bounding_box_train/0571_c1s3_021826_03.jpg,571,market1501,0
market1501/bounding_box_train/0571_c1s3_021851_03.jpg,571,market1501,0
market1501/bounding_box_train/0571_c1s3_022051_02.jpg,571,market1501,0
market1501/bounding_box_train/0571_c2s2_004212_05.jpg,571,market1501,1
market1501/bounding_box_train/0571_c2s2_004337_02.jpg,571,market1501,1
market1501/bounding_box_train/0571_c3s2_007312_04.jpg,571,market1501,2
market1501/bounding_box_train/0571_c3s2_007487_02.jpg,571,market1501,2
market1501/bounding_box_train/0571_c4s3_022054_01.jpg,571,market1501,3
market1501/bounding_box_train/0571_c4s3_022204_02.jpg,571,market1501,3
market1501/bounding_box_train/0571_c4s3_022229_02.jpg,571,market1501,3
market1501/bounding_box_train/0571_c4s3_022279_02.jpg,571,market1501,3
market1501/bounding_box_train/0571_c5s2_008130_02.jpg,571,market1501,4
market1501/bounding_box_train/0571_c5s2_008205_05.jpg,571,market1501,4
market1501/bounding_box_train/0571_c5s2_008230_02.jpg,571,market1501,4
market1501/bounding_box_train/0584_c1s3_026926_02.jpg,584,market1501,0
market1501/bounding_box_train/0584_c1s3_026976_01.jpg,584,market1501,0
market1501/bounding_box_train/0584_c3s2_012412_01.jpg,584,market1501,2
market1501/bounding_box_train/0584_c3s2_012512_01.jpg,584,market1501,2
market1501/bounding_box_train/0584_c3s2_012512_05.jpg,584,market1501,2
market1501/bounding_box_train/0584_c3s2_012637_01.jpg,584,market1501,2
market1501/bounding_box_train/0584_c5s2_012980_01.jpg,584,market1501,4
market1501/bounding_box_train/0584_c5s2_013055_01.jpg,584,market1501,4
market1501/bounding_box_train/0584_c5s2_013105_01.jpg,584,market1501,4
market1501/bounding_box_train/0584_c6s2_006743_02.jpg,584,market1501,5
market1501/bounding_box_train/0584_c6s2_006768_01.jpg,584,market1501,5
market1501/bounding_box_train/0584_c6s2_006768_11.jpg,584,market1501,5
market1501/bounding_box_train/0584_c6s2_006793_01.jpg,584,market1501,5
market1501/bounding_box_train/0584_c6s2_006818_01.jpg,584,market1501,5
market1501/bounding_box_train/0584_c6s2_006843_03.jpg,584,market1501,5
market1501/bounding_box_train/0588_c1s6_018471_02.jpg,588,market1501,0
market1501/bounding_box_train/0588_c2s3_060927_01.jpg,588,market1501,1
market1501/bounding_box_train/0588_c2s3_060952_01.jpg,588,market1501,1
market1501/bounding_box_train/0588_c2s3_061002_04.jpg,588,market1501,1
market1501/bounding_box_train/0588_c3s3_067219_03.jpg,588,market1501,2
market1501/bounding_box_train/0588_c3s3_067269_01.jpg,588,market1501,2
market1501/bounding_box_train/0588_c6s3_090992_01.jpg,588,market1501,5
market1501/bounding_box_train/0588_c6s3_091017_03.jpg,588,market1501,5
market1501/bounding_box_train/0592_c1s3_027901_02.jpg,592,market1501,0
market1501/bounding_box_train/0592_c1s3_027951_01.jpg,592,market1501,0
market1501/bounding_box_train/0592_c1s3_054051_04.jpg,592,market1501,0
market1501/bounding_box_train/0592_c1s3_054076_02.jpg,592,market1501,0
market1501/bounding_box_train/0592_c3s2_013587_03.jpg,592,market1501,2
market1501/bounding_box_train/0592_c3s2_039562_04.jpg,592,market1501,2
market1501/bounding_box_train/0592_c3s2_039612_04.jpg,592,market1501,2
market1501/bounding_box_train/0592_c5s2_014080_02.jpg,592,market1501,4
market1501/bounding_box_train/0592_c5s2_014105_02.jpg,592,market1501,4
market1501/bounding_box_train/0592_c5s2_014180_04.jpg,592,market1501,4
market1501/bounding_box_train/0592_c5s2_014205_02.jpg,592,market1501,4
market1501/bounding_box_train/0592_c5s2_040180_01.jpg,592,market1501,4
market1501/bounding_box_train/0592_c5s2_040180_05.jpg,592,market1501,4
market1501/bounding_box_train/0592_c5s2_040205_02.jpg,592,market1501,4
market1501/bounding_box_train/0592_c5s2_040255_04.jpg,592,market1501,4
market1501/bounding_box_train/0592_c6s2_007743_01.jpg,592,market1501,5
market1501/bounding_box_train/0592_c6s2_007768_02.jpg,592,market1501,5
market1501/bounding_box_train/0592_c6s2_007793_01.jpg,592,market1501,5
market1501/bounding_box_train/0592_c6s2_007818_01.jpg,592,market1501,5
market1501/bounding_box_train/0592_c6s2_007818_02.jpg,592,market1501,5
market1501/bounding_box_train/0592_c6s2_007868_02.jpg,592,market1501,5
market1501/bounding_box_train/0592_c6s2_007893_01.jpg,592,market1501,5
market1501/bounding_box_train/0592_c6s2_007918_01.jpg,592,market1501,5
market1501/bounding_box_train/0592_c6s2_033568_01.jpg,592,market1501,5
market1501/bounding_box_train/0592_c6s2_033593_01.jpg,592,market1501,5
market1501/bounding_box_train/0592_c6s2_033693_01.jpg,592,market1501,5
market1501/bounding_box_train/0592_c6s2_033768_01.jpg,592,market1501,5
market1501/bounding_box_train/0592_c6s2_033793_01.jpg,592,market1501,5
market1501/bounding_box_train/0594_c1s3_028351_01.jpg,594,market1501,0
market1501/bounding_box_train/0594_c1s3_028401_03.jpg,594,market1501,0
market1501/bounding_box_train/0594_c1s3_034476_02.jpg,594,market1501,0
market1501/bounding_box_train/0594_c1s3_034501_05.jpg,594,market1501,0
market1501/bounding_box_train/0594_c3s2_014037_01.jpg,594,market1501,2
market1501/bounding_box_train/0594_c3s2_019912_03.jpg,594,market1501,2
market1501/bounding_box_train/0594_c3s2_019937_04.jpg,594,market1501,2
market1501/bounding_box_train/0594_c3s2_019937_06.jpg,594,market1501,2
market1501/bounding_box_train/0594_c3s2_019962_05.jpg,594,market1501,2
market1501/bounding_box_train/0594_c5s2_014405_04.jpg,594,market1501,4
market1501/bounding_box_train/0594_c5s2_014505_01.jpg,594,market1501,4
market1501/bounding_box_train/0594_c5s2_014530_03.jpg,594,market1501,4
market1501/bounding_box_train/0594_c5s2_014555_03.jpg,594,market1501,4
market1501/bounding_box_train/0594_c6s2_008043_02.jpg,594,market1501,5
market1501/bounding_box_train/0594_c6s2_008068_01.jpg,594,market1501,5
market1501/bounding_box_train/0594_c6s2_008193_01.jpg,594,market1501,5
market1501/bounding_box_train/0594_c6s2_013943_01.jpg,594,market1501,5
market1501/bounding_box_train/0594_c6s2_013968_01.jpg,594,market1501,5
market1501/bounding_box_train/0594_c6s2_013993_01.jpg,594,market1501,5
market1501/bounding_box_train/0594_c6s2_014018_01.jpg,594,market1501,5
market1501/bounding_box_train/0594_c6s2_014043_01.jpg,594,market1501,5
market1501/bounding_box_train/0594_c6s2_014068_01.jpg,594,market1501,5
market1501/bounding_box_train/0596_c1s3_029601_04.jpg,596,market1501,0
market1501/bounding_box_train/0596_c1s3_029651_03.jpg,596,market1501,0
market1501/bounding_box_train/0596_c1s3_042326_02.jpg,596,market1501,0
market1501/bounding_box_train/0596_c1s3_042476_02.jpg,596,market1501,0
market1501/bounding_box_train/0596_c2s2_012112_02.jpg,596,market1501,1
market1501/bounding_box_train/0596_c2s2_012212_06.jpg,596,market1501,1
market1501/bounding_box_train/0596_c3s2_015387_02.jpg,596,market1501,2
market1501/bounding_box_train/0596_c3s2_027687_01.jpg,596,market1501,2
market1501/bounding_box_train/0596_c3s2_027712_02.jpg,596,market1501,2
market1501/bounding_box_train/0596_c3s2_027762_02.jpg,596,market1501,2
market1501/bounding_box_train/0596_c5s2_015730_02.jpg,596,market1501,4
market1501/bounding_box_train/0596_c5s2_015730_03.jpg,596,market1501,4
market1501/bounding_box_train/0596_c5s2_028355_03.jpg,596,market1501,4
market1501/bounding_box_train/0596_c5s2_028405_03.jpg,596,market1501,4
market1501/bounding_box_train/0596_c6s2_009543_02.jpg,596,market1501,5
market1501/bounding_box_train/0596_c6s2_009568_01.jpg,596,market1501,5
market1501/bounding_box_train/0596_c6s2_009593_02.jpg,596,market1501,5
market1501/bounding_box_train/0596_c6s2_021768_03.jpg,596,market1501,5
market1501/bounding_box_train/0596_c6s2_021868_02.jpg,596,market1501,5
market1501/bounding_box_train/0596_c6s2_021893_04.jpg,596,market1501,5
market1501/bounding_box_train/0604_c2s2_013637_01.jpg,604,market1501,1
market1501/bounding_box_train/0604_c2s2_013662_01.jpg,604,market1501,1
market1501/bounding_box_train/0604_c3s2_016787_01.jpg,604,market1501,2
market1501/bounding_box_train/0604_c3s2_016812_01.jpg,604,market1501,2
market1501/bounding_box_train/0604_c3s2_016837_01.jpg,604,market1501,2
market1501/bounding_box_train/0604_c6s2_011043_02.jpg,604,market1501,5
market1501/bounding_box_train/0604_c6s2_011068_02.jpg,604,market1501,5
market1501/bounding_box_train/0604_c6s2_011093_03.jpg,604,market1501,5
market1501/bounding_box_train/0606_c1s3_032051_01.jpg,606,market1501,0
market1501/bounding_box_train/0606_c1s3_032101_02.jpg,606,market1501,0
market1501/bounding_box_train/0606_c1s3_032176_01.jpg,606,market1501,0
market1501/bounding_box_train/0606_c1s4_017081_01.jpg,606,market1501,0
market1501/bounding_box_train/0606_c1s4_017156_01.jpg,606,market1501,0
market1501/bounding_box_train/0606_c2s2_014762_02.jpg,606,market1501,1
market1501/bounding_box_train/0606_c3s2_017462_01.jpg,606,market1501,2
market1501/bounding_box_train/0606_c3s2_017512_01.jpg,606,market1501,2
market1501/bounding_box_train/0606_c3s2_017887_03.jpg,606,market1501,2
market1501/bounding_box_train/0606_c3s2_017962_01.jpg,606,market1501,2
market1501/bounding_box_train/0606_c3s2_056912_03.jpg,606,market1501,2
market1501/bounding_box_train/0606_c3s2_057087_02.jpg,606,market1501,2
market1501/bounding_box_train/0606_c3s2_057162_01.jpg,606,market1501,2
market1501/bounding_box_train/0606_c3s2_057287_02.jpg,606,market1501,2
market1501/bounding_box_train/0606_c3s2_057337_01.jpg,606,market1501,2
market1501/bounding_box_train/0606_c3s2_077253_02.jpg,606,market1501,2
market1501/bounding_box_train/0606_c3s2_077278_03.jpg,606,market1501,2
market1501/bounding_box_train/0606_c4s3_030954_01.jpg,606,market1501,3
market1501/bounding_box_train/0606_c4s3_031029_01.jpg,606,market1501,3
market1501/bounding_box_train/0606_c4s3_031304_02.jpg,606,market1501,3
market1501/bounding_box_train/0606_c4s3_031354_01.jpg,606,market1501,3
market1501/bounding_box_train/0606_c4s3_031404_01.jpg,606,market1501,3
market1501/bounding_box_train/0606_c4s4_017010_04.jpg,606,market1501,3
market1501/bounding_box_train/0606_c4s4_017185_01.jpg,606,market1501,3
market1501/bounding_box_train/0606_c5s2_017905_01.jpg,606,market1501,4
market1501/bounding_box_train/0606_c5s2_018030_02.jpg,606,market1501,4
market1501/bounding_box_train/0606_c5s2_018055_01.jpg,606,market1501,4
market1501/bounding_box_train/0606_c5s2_057780_01.jpg,606,market1501,4
market1501/bounding_box_train/0606_c5s2_057805_02.jpg,606,market1501,4
market1501/bounding_box_train/0606_c5s2_057930_02.jpg,606,market1501,4
market1501/bounding_box_train/0606_c5s2_058230_01.jpg,606,market1501,4
market1501/bounding_box_train/0606_c5s2_078002_01.jpg,606,market1501,4
market1501/bounding_box_train/0606_c5s2_078052_01.jpg,606,market1501,4
market1501/bounding_box_train/0606_c5s2_078077_02.jpg,606,market1501,4
market1501/bounding_box_train/0606_c6s2_011568_01.jpg,606,market1501,5
market1501/bounding_box_train/0606_c6s2_011593_01.jpg,606,market1501,5
market1501/bounding_box_train/0606_c6s2_012093_01.jpg,606,market1501,5
market1501/bounding_box_train/0606_c6s2_012118_01.jpg,606,market1501,5
market1501/bounding_box_train/0606_c6s2_050993_01.jpg,606,market1501,5
market1501/bounding_box_train/0606_c6s2_051068_02.jpg,606,market1501,5
market1501/bounding_box_train/0606_c6s2_051118_02.jpg,606,market1501,5
market1501/bounding_box_train/0606_c6s2_051393_01.jpg,606,market1501,5
market1501/bounding_box_train/0606_c6s2_051443_02.jpg,606,market1501,5
market1501/bounding_box_train/0606_c6s2_051468_04.jpg,606,market1501,5
market1501/bounding_box_train/0606_c6s2_051543_01.jpg,606,market1501,5
market1501/bounding_box_train/0606_c6s2_051843_01.jpg,606,market1501,5
market1501/bounding_box_train/0606_c6s2_071143_01.jpg,606,market1501,5
market1501/bounding_box_train/0606_c6s2_071343_01.jpg,606,market1501,5
market1501/bounding_box_train/0611_c1s3_032476_01.jpg,611,market1501,0
market1501/bounding_box_train/0611_c1s3_032501_01.jpg,611,market1501,0
market1501/bounding_box_train/0611_c1s3_041951_03.jpg,611,market1501,0
market1501/bounding_box_train/0611_c1s3_041976_02.jpg,611,market1501,0
market1501/bounding_box_train/0611_c2s2_014937_01.jpg,611,market1501,1
market1501/bounding_box_train/0611_c2s2_015062_01.jpg,611,market1501,1
market1501/bounding_box_train/0611_c2s2_024462_01.jpg,611,market1501,1
market1501/bounding_box_train/0611_c2s2_024487_01.jpg,611,market1501,1
market1501/bounding_box_train/0611_c3s2_018187_02.jpg,611,market1501,2
market1501/bounding_box_train/0611_c3s2_018262_01.jpg,611,market1501,2
market1501/bounding_box_train/0611_c3s2_018287_03.jpg,611,market1501,2
market1501/bounding_box_train/0611_c3s2_027187_01.jpg,611,market1501,2
market1501/bounding_box_train/0611_c3s2_027212_02.jpg,611,market1501,2
market1501/bounding_box_train/0611_c5s2_018605_01.jpg,611,market1501,4
market1501/bounding_box_train/0611_c5s2_028080_01.jpg,611,market1501,4
market1501/bounding_box_train/0611_c6s2_012493_03.jpg,611,market1501,5
market1501/bounding_box_train/0611_c6s2_021268_01.jpg,611,market1501,5
market1501/bounding_box_train/0611_c6s2_021318_01.jpg,611,market1501,5
market1501/bounding_box_train/0620_c1s3_038401_02.jpg,620,market1501,0
market1501/bounding_box_train/0620_c1s3_038426_05.jpg,620,market1501,0
market1501/bounding_box_train/0620_c1s3_038451_05.jpg,620,market1501,0
market1501/bounding_box_train/0620_c2s2_021162_02.jpg,620,market1501,1
market1501/bounding_box_train/0620_c3s2_023812_07.jpg,620,market1501,2
market1501/bounding_box_train/0620_c3s2_023837_06.jpg,620,market1501,2
market1501/bounding_box_train/0620_c4s3_037429_03.jpg,620,market1501,3
market1501/bounding_box_train/0620_c4s3_037454_03.jpg,620,market1501,3
market1501/bounding_box_train/0620_c4s3_037479_05.jpg,620,market1501,3
market1501/bounding_box_train/0620_c4s3_037529_04.jpg,620,market1501,3
market1501/bounding_box_train/0620_c4s3_037554_03.jpg,620,market1501,3
market1501/bounding_box_train/0620_c4s3_037604_04.jpg,620,market1501,3
market1501/bounding_box_train/0620_c5s2_024105_03.jpg,620,market1501,4
market1501/bounding_box_train/0620_c5s2_024130_03.jpg,620,market1501,4
market1501/bounding_box_train/0620_c6s2_017768_04.jpg,620,market1501,5
market1501/bounding_box_train/0620_c6s2_017793_03.jpg,620,market1501,5
market1501/bounding_box_train/0628_c1s3_064601_02.jpg,628,market1501,0
market1501/bounding_box_train/0628_c2s2_020837_01.jpg,628,market1501,1
market1501/bounding_box_train/0628_c2s2_020837_09.jpg,628,market1501,1
market1501/bounding_box_train/0628_c2s2_020937_01.jpg,628,market1501,1
market1501/bounding_box_train/0628_c2s2_047087_01.jpg,628,market1501,1
market1501/bounding_box_train/0628_c2s2_047112_01.jpg,628,market1501,1
market1501/bounding_box_train/0628_c3s2_024062_05.jpg,628,market1501,2
market1501/bounding_box_train/0628_c3s2_024112_08.jpg,628,market1501,2
market1501/bounding_box_train/0628_c3s2_024137_09.jpg,628,market1501,2
market1501/bounding_box_train/0628_c3s2_049887_01.jpg,628,market1501,2
market1501/bounding_box_train/0628_c3s2_049912_01.jpg,628,market1501,2
market1501/bounding_box_train/0628_c5s2_024480_03.jpg,628,market1501,4
market1501/bounding_box_train/0628_c6s2_018343_03.jpg,628,market1501,5
market1501/bounding_box_train/0628_c6s2_043968_01.jpg,628,market1501,5
market1501/bounding_box_train/0628_c6s2_043993_01.jpg,628,market1501,5
market1501/bounding_box_train/0628_c6s2_044018_01.jpg,628,market1501,5
market1501/bounding_box_train/0628_c6s2_044043_01.jpg,628,market1501,5
market1501/bounding_box_train/0637_c1s3_041851_04.jpg,637,market1501,0
market1501/bounding_box_train/0637_c1s3_041951_05.jpg,637,market1501,0
market1501/bounding_box_train/0637_c1s3_041976_03.jpg,637,market1501,0
market1501/bounding_box_train/0637_c1s3_059301_01.jpg,637,market1501,0
market1501/bounding_box_train/0637_c1s3_059351_01.jpg,637,market1501,0
market1501/bounding_box_train/0637_c3s2_044612_02.jpg,637,market1501,2
market1501/bounding_box_train/0637_c3s2_044637_02.jpg,637,market1501,2
market1501/bounding_box_train/0637_c3s2_044712_04.jpg,637,market1501,2
market1501/bounding_box_train/0637_c5s2_028005_05.jpg,637,market1501,4
market1501/bounding_box_train/0637_c5s2_028080_03.jpg,637,market1501,4
market1501/bounding_box_train/0637_c5s2_028105_05.jpg,637,market1501,4
market1501/bounding_box_train/0637_c5s2_045255_01.jpg,637,market1501,4
market1501/bounding_box_train/0637_c5s2_045430_03.jpg,637,market1501,4
market1501/bounding_box_train/0637_c6s2_021693_02.jpg,637,market1501,5
market1501/bounding_box_train/0637_c6s2_021718_02.jpg,637,market1501,5
market1501/bounding_box_train/0637_c6s2_021768_04.jpg,637,market1501,5
market1501/bounding_box_train/0637_c6s2_021868_01.jpg,637,market1501,5
market1501/bounding_box_train/0637_c6s2_021893_01.jpg,637,market1501,5
market1501/bounding_box_train/0637_c6s2_038643_01.jpg,637,market1501,5
market1501/bounding_box_train/0637_c6s2_038693_01.jpg,637,market1501,5
market1501/bounding_box_train/0637_c6s2_038718_02.jpg,637,market1501,5
market1501/bounding_box_train/0637_c6s2_038743_07.jpg,637,market1501,5
market1501/bounding_box_train/0637_c6s2_038793_03.jpg,637,market1501,5
market1501/bounding_box_train/0637_c6s2_038793_07.jpg,637,market1501,5
market1501/bounding_box_train/0637_c6s2_038818_04.jpg,637,market1501,5
market1501/bounding_box_train/0639_c1s3_043976_01.jpg,639,market1501,0
market1501/bounding_box_train/0639_c2s2_026437_01.jpg,639,market1501,1
market1501/bounding_box_train/0639_c2s2_026462_01.jpg,639,market1501,1
market1501/bounding_box_train/0639_c3s2_029637_01.jpg,639,market1501,2
market1501/bounding_box_train/0639_c3s2_029662_01.jpg,639,market1501,2
market1501/bounding_box_train/0639_c5s2_030055_02.jpg,639,market1501,4
market1501/bounding_box_train/0639_c6s2_023843_01.jpg,639,market1501,5
market1501/bounding_box_train/0639_c6s2_023868_01.jpg,639,market1501,5
market1501/bounding_box_train/0641_c1s3_044401_01.jpg,641,market1501,0
market1501/bounding_box_train/0641_c1s3_044426_01.jpg,641,market1501,0
market1501/bounding_box_train/0641_c1s3_057826_02.jpg,641,market1501,0
market1501/bounding_box_train/0641_c2s2_040312_01.jpg,641,market1501,1
market1501/bounding_box_train/0641_c3s2_030087_02.jpg,641,market1501,2
market1501/bounding_box_train/0641_c3s2_030112_02.jpg,641,market1501,2
market1501/bounding_box_train/0641_c3s2_030137_02.jpg,641,market1501,2
market1501/bounding_box_train/0641_c3s2_043037_01.jpg,641,market1501,2
market1501/bounding_box_train/0641_c5s2_030480_02.jpg,641,market1501,4
market1501/bounding_box_train/0641_c5s2_043930_02.jpg,641,market1501,4
market1501/bounding_box_train/0641_c5s2_043930_04.jpg,641,market1501,4
market1501/bounding_box_train/0641_c6s2_024318_03.jpg,641,market1501,5
market1501/bounding_box_train/0641_c6s2_024343_01.jpg,641,market1501,5
market1501/bounding_box_train/0641_c6s2_024368_01.jpg,641,market1501,5
market1501/bounding_box_train/0641_c6s2_037118_01.jpg,641,market1501,5
market1501/bounding_box_train/0641_c6s2_037143_01.jpg,641,market1501,5
market1501/bounding_box_train/0641_c6s2_037168_01.jpg,641,market1501,5
market1501/bounding_box_train/0641_c6s2_037193_01.jpg,641,market1501,5
market1501/bounding_box_train/0653_c1s3_048751_01.jpg,653,market1501,0
market1501/bounding_box_train/0653_c1s3_065501_02.jpg,653,market1501,0
market1501/bounding_box_train/0653_c1s3_065601_02.jpg,653,market1501,0
market1501/bounding_box_train/0653_c3s2_034262_03.jpg,653,market1501,2
market1501/bounding_box_train/0653_c3s2_034262_05.jpg,653,market1501,2
market1501/bounding_box_train/0653_c3s2_034437_03.jpg,653,market1501,2
market1501/bounding_box_train/0653_c3s2_050912_02.jpg,653,market1501,2
market1501/bounding_box_train/0653_c3s2_050937_03.jpg,653,market1501,2
market1501/bounding_box_train/0653_c3s2_050987_03.jpg,653,market1501,2
market1501/bounding_box_train/0653_c4s3_066104_01.jpg,653,market1501,3
market1501/bounding_box_train/0653_c5s2_034880_02.jpg,653,market1501,4
market1501/bounding_box_train/0653_c5s2_051580_02.jpg,653,market1501,4
market1501/bounding_box_train/0653_c5s2_051605_02.jpg,653,market1501,4
market1501/bounding_box_train/0653_c5s2_051705_03.jpg,653,market1501,4
market1501/bounding_box_train/0653_c5s2_051730_03.jpg,653,market1501,4
market1501/bounding_box_train/0653_c6s2_028518_01.jpg,653,market1501,5
market1501/bounding_box_train/0653_c6s2_028543_01.jpg,653,market1501,5
market1501/bounding_box_train/0653_c6s2_028593_01.jpg,653,market1501,5
market1501/bounding_box_train/0653_c6s2_028618_01.jpg,653,market1501,5
market1501/bounding_box_train/0653_c6s2_044993_01.jpg,653,market1501,5
market1501/bounding_box_train/0653_c6s2_045018_01.jpg,653,market1501,5
market1501/bounding_box_train/0653_c6s2_045043_01.jpg,653,market1501,5
market1501/bounding_box_train/0653_c6s2_045068_01.jpg,653,market1501,5
market1501/bounding_box_train/0653_c6s2_045118_01.jpg,653,market1501,5
market1501/bounding_box_train/0653_c6s2_045168_01.jpg,653,market1501,5
market1501/bounding_box_train/0653_c6s2_045193_01.jpg,653,market1501,5
market1501/bounding_box_train/0653_c6s2_045218_02.jpg,653,market1501,5
market1501/bounding_box_train/0670_c1s3_058726_01.jpg,670,market1501,0
market1501/bounding_box_train/0670_c1s3_058751_01.jpg,670,market1501,0
market1501/bounding_box_train/0670_c1s3_066626_01.jpg,670,market1501,0
market1501/bounding_box_train/0670_c1s3_066776_01.jpg,670,market1501,0
market1501/bounding_box_train/0670_c1s3_066801_01.jpg,670,market1501,0
market1501/bounding_box_train/0670_c2s2_041187_02.jpg,670,market1501,1
market1501/bounding_box_train/0670_c2s2_041262_01.jpg,670,market1501,1
market1501/bounding_box_train/0670_c2s2_049312_01.jpg,670,market1501,1
market1501/bounding_box_train/0670_c2s2_049337_01.jpg,670,market1501,1
market1501/bounding_box_train/0670_c3s2_044487_02.jpg,670,market1501,2
market1501/bounding_box_train/0670_c3s2_044537_01.jpg,670,market1501,2
market1501/bounding_box_train/0670_c3s2_051987_01.jpg,670,market1501,2
market1501/bounding_box_train/0670_c3s2_052012_02.jpg,670,market1501,2
market1501/bounding_box_train/0670_c5s2_044805_02.jpg,670,market1501,4
market1501/bounding_box_train/0670_c5s2_052705_01.jpg,670,market1501,4
market1501/bounding_box_train/0670_c6s2_038718_01.jpg,670,market1501,5
market1501/bounding_box_train/0670_c6s2_038743_01.jpg,670,market1501,5
market1501/bounding_box_train/0670_c6s2_046093_01.jpg,670,market1501,5
market1501/bounding_box_train/0670_c6s2_046118_01.jpg,670,market1501,5
market1501/bounding_box_train/0670_c6s2_046143_01.jpg,670,market1501,5
market1501/bounding_box_train/0068_c3s1_017926_01.jpg,68,market1501,2
market1501/bounding_box_train/0068_c3s1_017951_02.jpg,68,market1501,2
market1501/bounding_box_train/0068_c6s1_010426_01.jpg,68,market1501,5
market1501/bounding_box_train/0068_c6s1_010451_01.jpg,68,market1501,5
market1501/bounding_box_train/0068_c6s1_010476_01.jpg,68,market1501,5
market1501/bounding_box_train/0068_c6s1_010501_01.jpg,68,market1501,5
market1501/bounding_box_train/0068_c6s1_010526_01.jpg,68,market1501,5
market1501/bounding_box_train/0068_c6s1_010551_01.jpg,68,market1501,5
market1501/bounding_box_train/0068_c6s1_010576_01.jpg,68,market1501,5
market1501/bounding_box_train/0068_c6s1_010601_01.jpg,68,market1501,5
market1501/bounding_box_train/0068_c6s1_010626_01.jpg,68,market1501,5
market1501/bounding_box_train/0068_c6s1_010651_01.jpg,68,market1501,5
market1501/bounding_box_train/0068_c6s1_010676_01.jpg,68,market1501,5
market1501/bounding_box_train/0068_c6s1_010701_01.jpg,68,market1501,5
market1501/bounding_box_train/0068_c6s1_010751_01.jpg,68,market1501,5
market1501/bounding_box_train/0068_c6s1_010776_01.jpg,68,market1501,5
market1501/bounding_box_train/0068_c6s1_011876_02.jpg,68,market1501,5
market1501/bounding_box_train/0068_c6s1_011901_01.jpg,68,market1501,5
market1501/bounding_box_train/0068_c6s1_012276_02.jpg,68,market1501,5
market1501/bounding_box_train/0068_c6s1_012351_01.jpg,68,market1501,5
market1501/bounding_box_train/0068_c6s1_012426_02.jpg,68,market1501,5
market1501/bounding_box_train/0068_c6s1_012476_01.jpg,68,market1501,5
market1501/bounding_box_train/0068_c6s1_015076_01.jpg,68,market1501,5
market1501/bounding_box_train/0068_c6s1_015526_01.jpg,68,market1501,5
market1501/bounding_box_train/0068_c6s1_015801_02.jpg,68,market1501,5
market1501/bounding_box_train/0068_c6s1_015926_01.jpg,68,market1501,5
market1501/bounding_box_train/0068_c6s1_015951_02.jpg,68,market1501,5
market1501/bounding_box_train/0068_c6s1_018326_01.jpg,68,market1501,5
market1501/bounding_box_train/0068_c6s1_018351_01.jpg,68,market1501,5
market1501/bounding_box_train/0068_c6s1_018376_01.jpg,68,market1501,5
market1501/bounding_box_train/0068_c6s1_018401_01.jpg,68,market1501,5
market1501/bounding_box_train/0068_c6s1_018426_04.jpg,68,market1501,5
market1501/bounding_box_train/0069_c2s3_057977_03.jpg,69,market1501,1
market1501/bounding_box_train/0069_c2s3_058002_02.jpg,69,market1501,1
market1501/bounding_box_train/0069_c3s3_064294_04.jpg,69,market1501,2
market1501/bounding_box_train/0069_c3s3_064319_04.jpg,69,market1501,2
market1501/bounding_box_train/0069_c5s3_064762_02.jpg,69,market1501,4
market1501/bounding_box_train/0069_c6s3_087992_01.jpg,69,market1501,5
market1501/bounding_box_train/0069_c6s3_088017_01.jpg,69,market1501,5
market1501/bounding_box_train/0696_c1s4_000356_02.jpg,696,market1501,0
market1501/bounding_box_train/0696_c1s4_000631_03.jpg,696,market1501,0
market1501/bounding_box_train/0696_c1s4_000931_07.jpg,696,market1501,0
market1501/bounding_box_train/0696_c1s4_001256_03.jpg,696,market1501,0
market1501/bounding_box_train/0696_c2s2_058807_01.jpg,696,market1501,1
market1501/bounding_box_train/0696_c3s2_052362_06.jpg,696,market1501,2
market1501/bounding_box_train/0696_c3s2_052462_03.jpg,696,market1501,2
market1501/bounding_box_train/0696_c3s2_052562_05.jpg,696,market1501,2
market1501/bounding_box_train/0696_c3s2_060153_03.jpg,696,market1501,2
market1501/bounding_box_train/0696_c3s2_060578_04.jpg,696,market1501,2
market1501/bounding_box_train/0696_c5s2_052930_03.jpg,696,market1501,4
market1501/bounding_box_train/0696_c5s2_053030_04.jpg,696,market1501,4
market1501/bounding_box_train/0696_c5s2_061152_02.jpg,696,market1501,4
market1501/bounding_box_train/0696_c5s2_061227_01.jpg,696,market1501,4
market1501/bounding_box_train/0696_c5s2_061252_01.jpg,696,market1501,4
market1501/bounding_box_train/0696_c5s2_061602_03.jpg,696,market1501,4
market1501/bounding_box_train/0696_c6s2_046518_02.jpg,696,market1501,5
market1501/bounding_box_train/0696_c6s2_046543_03.jpg,696,market1501,5
market1501/bounding_box_train/0696_c6s2_046618_03.jpg,696,market1501,5
market1501/bounding_box_train/0696_c6s2_046643_03.jpg,696,market1501,5
market1501/bounding_box_train/0696_c6s2_054743_05.jpg,696,market1501,5
market1501/bounding_box_train/0696_c6s2_054793_02.jpg,696,market1501,5
market1501/bounding_box_train/0696_c6s2_054868_03.jpg,696,market1501,5
market1501/bounding_box_train/0696_c6s2_054968_03.jpg,696,market1501,5
market1501/bounding_box_train/0696_c6s2_054993_02.jpg,696,market1501,5
market1501/bounding_box_train/0696_c6s2_055093_02.jpg,696,market1501,5
market1501/bounding_box_train/0696_c6s2_055093_06.jpg,696,market1501,5
market1501/bounding_box_train/0007_c1s6_028546_01.jpg,7,market1501,0
market1501/bounding_box_train/0007_c1s6_028546_04.jpg,7,market1501,0
market1501/bounding_box_train/0007_c2s3_070952_01.jpg,7,market1501,1
market1501/bounding_box_train/0007_c2s3_071002_01.jpg,7,market1501,1
market1501/bounding_box_train/0007_c2s3_071052_01.jpg,7,market1501,1
market1501/bounding_box_train/0007_c3s3_077344_04.jpg,7,market1501,2
market1501/bounding_box_train/0007_c3s3_077419_03.jpg,7,market1501,2
market1501/bounding_box_train/0702_c1s3_069151_01.jpg,702,market1501,0
market1501/bounding_box_train/0702_c1s3_069176_01.jpg,702,market1501,0
market1501/bounding_box_train/0702_c1s4_032506_02.jpg,702,market1501,0
market1501/bounding_box_train/0702_c2s2_051662_01.jpg,702,market1501,1
market1501/bounding_box_train/0702_c2s2_051662_03.jpg,702,market1501,1
market1501/bounding_box_train/0702_c2s2_051687_01.jpg,702,market1501,1
market1501/bounding_box_train/0702_c2s2_051687_04.jpg,702,market1501,1
market1501/bounding_box_train/0702_c2s2_090032_02.jpg,702,market1501,1
market1501/bounding_box_train/0702_c2s2_090032_03.jpg,702,market1501,1
market1501/bounding_box_train/0702_c3s2_054862_01.jpg,702,market1501,2
market1501/bounding_box_train/0702_c3s2_054887_01.jpg,702,market1501,2
market1501/bounding_box_train/0702_c3s2_092728_02.jpg,702,market1501,2
market1501/bounding_box_train/0702_c5s2_055205_02.jpg,702,market1501,4
market1501/bounding_box_train/0702_c5s2_055205_04.jpg,702,market1501,4
market1501/bounding_box_train/0702_c5s2_055255_02.jpg,702,market1501,4
market1501/bounding_box_train/0702_c5s2_093552_02.jpg,702,market1501,4
market1501/bounding_box_train/0702_c6s2_049068_01.jpg,702,market1501,5
market1501/bounding_box_train/0702_c6s2_049093_01.jpg,702,market1501,5
market1501/bounding_box_train/0702_c6s2_049118_01.jpg,702,market1501,5
market1501/bounding_box_train/0702_c6s2_086843_01.jpg,702,market1501,5
market1501/bounding_box_train/0702_c6s2_086868_01.jpg,702,market1501,5
market1501/bounding_box_train/0702_c6s2_086893_01.jpg,702,market1501,5
market1501/bounding_box_train/0705_c1s3_070076_01.jpg,705,market1501,0
market1501/bounding_box_train/0705_c1s4_023331_01.jpg,705,market1501,0
market1501/bounding_box_train/0705_c1s4_023431_03.jpg,705,market1501,0
market1501/bounding_box_train/0705_c1s4_023481_01.jpg,705,market1501,0
market1501/bounding_box_train/0705_c2s2_052537_01.jpg,705,market1501,1
market1501/bounding_box_train/0705_c2s2_052537_04.jpg,705,market1501,1
market1501/bounding_box_train/0705_c2s2_052637_03.jpg,705,market1501,1
market1501/bounding_box_train/0705_c2s2_080982_01.jpg,705,market1501,1
market1501/bounding_box_train/0705_c2s2_080982_05.jpg,705,market1501,1
market1501/bounding_box_train/0705_c2s2_081007_02.jpg,705,market1501,1
market1501/bounding_box_train/0705_c3s2_055712_03.jpg,705,market1501,2
market1501/bounding_box_train/0705_c3s2_055762_01.jpg,705,market1501,2
market1501/bounding_box_train/0705_c3s2_083678_03.jpg,705,market1501,2
market1501/bounding_box_train/0705_c3s2_083703_02.jpg,705,market1501,2
market1501/bounding_box_train/0705_c3s2_083778_01.jpg,705,market1501,2
market1501/bounding_box_train/0705_c5s2_056155_02.jpg,705,market1501,4
market1501/bounding_box_train/0705_c5s2_084327_01.jpg,705,market1501,4
market1501/bounding_box_train/0705_c5s2_084427_01.jpg,705,market1501,4
market1501/bounding_box_train/0705_c5s2_084502_01.jpg,705,market1501,4
market1501/bounding_box_train/0705_c5s2_084502_05.jpg,705,market1501,4
market1501/bounding_box_train/0705_c6s2_049943_01.jpg,705,market1501,5
market1501/bounding_box_train/0705_c6s2_049968_01.jpg,705,market1501,5
market1501/bounding_box_train/0705_c6s2_049993_01.jpg,705,market1501,5
market1501/bounding_box_train/0705_c6s2_050018_01.jpg,705,market1501,5
market1501/bounding_box_train/0705_c6s2_077768_01.jpg,705,market1501,5
market1501/bounding_box_train/0705_c6s2_077793_01.jpg,705,market1501,5
market1501/bounding_box_train/0705_c6s2_077818_01.jpg,705,market1501,5
market1501/bounding_box_train/0705_c6s2_077843_01.jpg,705,market1501,5
market1501/bounding_box_train/0706_c1s3_070126_05.jpg,706,market1501,0
market1501/bounding_box_train/0706_c1s4_007706_02.jpg,706,market1501,0
market1501/bounding_box_train/0706_c2s2_052637_01.jpg,706,market1501,1
market1501/bounding_box_train/0706_c2s2_052662_01.jpg,706,market1501,1
market1501/bounding_box_train/0706_c2s2_052737_04.jpg,706,market1501,1
market1501/bounding_box_train/0706_c2s2_065182_02.jpg,706,market1501,1
market1501/bounding_box_train/0706_c2s2_065207_01.jpg,706,market1501,1
market1501/bounding_box_train/0706_c3s2_055837_03.jpg,706,market1501,2
market1501/bounding_box_train/0706_c3s2_055862_02.jpg,706,market1501,2
market1501/bounding_box_train/0706_c3s2_055887_01.jpg,706,market1501,2
market1501/bounding_box_train/0706_c3s2_067953_02.jpg,706,market1501,2
market1501/bounding_box_train/0706_c3s2_067978_04.jpg,706,market1501,2
market1501/bounding_box_train/0706_c3s2_068003_06.jpg,706,market1501,2
market1501/bounding_box_train/0706_c5s2_068752_03.jpg,706,market1501,4
market1501/bounding_box_train/0706_c6s2_050068_02.jpg,706,market1501,5
market1501/bounding_box_train/0706_c6s2_050093_02.jpg,706,market1501,5
market1501/bounding_box_train/0706_c6s2_062068_02.jpg,706,market1501,5
market1501/bounding_box_train/0706_c6s2_062093_02.jpg,706,market1501,5
market1501/bounding_box_train/0706_c6s2_062118_04.jpg,706,market1501,5
market1501/bounding_box_train/0712_c1s3_068151_01.jpg,712,market1501,0
market1501/bounding_box_train/0712_c1s3_068451_01.jpg,712,market1501,0
market1501/bounding_box_train/0712_c1s3_070226_02.jpg,712,market1501,0
market1501/bounding_box_train/0712_c4s3_067729_01.jpg,712,market1501,3
market1501/bounding_box_train/0712_c4s3_067754_01.jpg,712,market1501,3
market1501/bounding_box_train/0712_c4s3_067779_01.jpg,712,market1501,3
market1501/bounding_box_train/0712_c4s3_067829_01.jpg,712,market1501,3
market1501/bounding_box_train/0712_c4s3_067854_01.jpg,712,market1501,3
market1501/bounding_box_train/0712_c4s3_067879_01.jpg,712,market1501,3
market1501/bounding_box_train/0712_c4s3_067904_01.jpg,712,market1501,3
market1501/bounding_box_train/0712_c4s3_067929_01.jpg,712,market1501,3
market1501/bounding_box_train/0712_c4s3_067979_01.jpg,712,market1501,3
market1501/bounding_box_train/0712_c4s3_071579_03.jpg,712,market1501,3
market1501/bounding_box_train/0712_c4s3_071679_01.jpg,712,market1501,3
market1501/bounding_box_train/0712_c4s3_071779_01.jpg,712,market1501,3
market1501/bounding_box_train/0739_c1s6_018771_01.jpg,739,market1501,0
market1501/bounding_box_train/0739_c1s6_018796_01.jpg,739,market1501,0
market1501/bounding_box_train/0739_c2s3_061202_02.jpg,739,market1501,1
market1501/bounding_box_train/0739_c2s3_061227_02.jpg,739,market1501,1
market1501/bounding_box_train/0739_c2s3_061277_02.jpg,739,market1501,1
market1501/bounding_box_train/0739_c3s3_067519_03.jpg,739,market1501,2
market1501/bounding_box_train/0739_c3s3_067669_02.jpg,739,market1501,2
market1501/bounding_box_train/0739_c4s6_019391_01.jpg,739,market1501,3
market1501/bounding_box_train/0739_c4s6_019391_10.jpg,739,market1501,3
market1501/bounding_box_train/0739_c5s3_068012_02.jpg,739,market1501,4
market1501/bounding_box_train/0739_c5s3_068312_01.jpg,739,market1501,4
market1501/bounding_box_train/0739_c5s3_068362_01.jpg,739,market1501,4
market1501/bounding_box_train/0739_c6s3_091367_01.jpg,739,market1501,5
market1501/bounding_box_train/0742_c1s4_006256_04.jpg,742,market1501,0
market1501/bounding_box_train/0742_c1s4_006856_01.jpg,742,market1501,0
market1501/bounding_box_train/0742_c1s4_014856_01.jpg,742,market1501,0
market1501/bounding_box_train/0742_c1s4_014906_01.jpg,742,market1501,0
market1501/bounding_box_train/0742_c1s4_015006_01.jpg,742,market1501,0
market1501/bounding_box_train/0742_c1s4_015231_01.jpg,742,market1501,0
market1501/bounding_box_train/0742_c2s2_063857_02.jpg,742,market1501,1
market1501/bounding_box_train/0742_c2s2_063907_01.jpg,742,market1501,1
market1501/bounding_box_train/0742_c2s2_064332_01.jpg,742,market1501,1
market1501/bounding_box_train/0742_c2s2_072782_02.jpg,742,market1501,1
market1501/bounding_box_train/0742_c2s2_072807_02.jpg,742,market1501,1
market1501/bounding_box_train/0742_c3s2_067403_04.jpg,742,market1501,2
market1501/bounding_box_train/0742_c3s2_075153_03.jpg,742,market1501,2
market1501/bounding_box_train/0742_c3s2_075228_01.jpg,742,market1501,2
market1501/bounding_box_train/0742_c3s2_075253_01.jpg,742,market1501,2
market1501/bounding_box_train/0742_c3s2_075303_01.jpg,742,market1501,2
market1501/bounding_box_train/0742_c3s2_075378_01.jpg,742,market1501,2
market1501/bounding_box_train/0742_c4s4_005610_01.jpg,742,market1501,3
market1501/bounding_box_train/0742_c4s4_005635_01.jpg,742,market1501,3
market1501/bounding_box_train/0742_c5s2_067902_04.jpg,742,market1501,4
market1501/bounding_box_train/0742_c5s2_075852_03.jpg,742,market1501,4
market1501/bounding_box_train/0742_c5s2_075877_02.jpg,742,market1501,4
market1501/bounding_box_train/0742_c5s2_075902_01.jpg,742,market1501,4
market1501/bounding_box_train/0742_c5s2_076052_02.jpg,742,market1501,4
market1501/bounding_box_train/0742_c5s2_076077_02.jpg,742,market1501,4
market1501/bounding_box_train/0742_c5s2_076177_02.jpg,742,market1501,4
market1501/bounding_box_train/0742_c6s2_061568_02.jpg,742,market1501,5
market1501/bounding_box_train/0742_c6s2_061593_03.jpg,742,market1501,5
market1501/bounding_box_train/0742_c6s2_069243_01.jpg,742,market1501,5
market1501/bounding_box_train/0742_c6s2_069268_01.jpg,742,market1501,5
market1501/bounding_box_train/0742_c6s2_069293_01.jpg,742,market1501,5
market1501/bounding_box_train/0742_c6s2_069368_01.jpg,742,market1501,5
market1501/bounding_box_train/0742_c6s2_069418_01.jpg,742,market1501,5
market1501/bounding_box_train/0742_c6s2_069443_03.jpg,742,market1501,5
market1501/bounding_box_train/0748_c1s6_037046_03.jpg,748,market1501,0
market1501/bounding_box_train/0748_c1s6_037096_05.jpg,748,market1501,0
market1501/bounding_box_train/0748_c1s6_037171_08.jpg,748,market1501,0
market1501/bounding_box_train/0748_c3s3_085669_03.jpg,748,market1501,2
market1501/bounding_box_train/0748_c3s3_085719_03.jpg,748,market1501,2
market1501/bounding_box_train/0748_c3s3_085919_06.jpg,748,market1501,2
market1501/bounding_box_train/0748_c5s3_086187_07.jpg,748,market1501,4
market1501/bounding_box_train/0748_c5s3_086287_08.jpg,748,market1501,4
market1501/bounding_box_train/0748_c6s4_012227_02.jpg,748,market1501,5
market1501/bounding_box_train/0748_c6s4_012252_03.jpg,748,market1501,5
market1501/bounding_box_train/0765_c2s2_072232_01.jpg,765,market1501,1
market1501/bounding_box_train/0765_c2s2_072257_01.jpg,765,market1501,1
market1501/bounding_box_train/0765_c2s2_073382_01.jpg,765,market1501,1
market1501/bounding_box_train/0765_c3s2_074978_03.jpg,765,market1501,2
market1501/bounding_box_train/0765_c3s2_075028_02.jpg,765,market1501,2
market1501/bounding_box_train/0765_c6s2_069068_02.jpg,765,market1501,5
market1501/bounding_box_train/0765_c6s2_069118_02.jpg,765,market1501,5
market1501/bounding_box_train/0767_c1s4_015031_02.jpg,767,market1501,0
market1501/bounding_box_train/0767_c3s2_075628_01.jpg,767,market1501,2
market1501/bounding_box_train/0767_c3s2_075628_02.jpg,767,market1501,2
market1501/bounding_box_train/0767_c3s2_075678_04.jpg,767,market1501,2
market1501/bounding_box_train/0767_c3s2_075728_01.jpg,767,market1501,2
market1501/bounding_box_train/0767_c5s2_076052_01.jpg,767,market1501,4
market1501/bounding_box_train/0767_c5s2_076077_01.jpg,767,market1501,4
market1501/bounding_box_train/0767_c5s2_076152_01.jpg,767,market1501,4
market1501/bounding_box_train/0767_c5s2_076177_01.jpg,767,market1501,4
market1501/bounding_box_train/0767_c6s2_069793_01.jpg,767,market1501,5
market1501/bounding_box_train/0767_c6s2_069843_01.jpg,767,market1501,5
market1501/bounding_box_train/0767_c6s2_069868_02.jpg,767,market1501,5
market1501/bounding_box_train/0767_c6s2_069893_01.jpg,767,market1501,5
market1501/bounding_box_train/0767_c6s2_069918_01.jpg,767,market1501,5
market1501/bounding_box_train/0767_c6s2_069943_01.jpg,767,market1501,5
market1501/bounding_box_train/0772_c1s4_017256_03.jpg,772,market1501,0
market1501/bounding_box_train/0772_c1s4_017331_03.jpg,772,market1501,0
market1501/bounding_box_train/0772_c1s4_058386_03.jpg,772,market1501,0
market1501/bounding_box_train/0772_c1s4_058411_02.jpg,772,market1501,0
market1501/bounding_box_train/0772_c3s2_077978_02.jpg,772,market1501,2
market1501/bounding_box_train/0772_c3s2_078003_01.jpg,772,market1501,2
market1501/bounding_box_train/0772_c3s2_078078_01.jpg,772,market1501,2
market1501/bounding_box_train/0772_c3s2_078103_01.jpg,772,market1501,2
market1501/bounding_box_train/0772_c3s2_093028_04.jpg,772,market1501,2
market1501/bounding_box_train/0772_c3s2_093103_04.jpg,772,market1501,2
market1501/bounding_box_train/0772_c3s2_118644_08.jpg,772,market1501,2
market1501/bounding_box_train/0772_c4s4_016660_02.jpg,772,market1501,3
market1501/bounding_box_train/0772_c4s4_017010_03.jpg,772,market1501,3
market1501/bounding_box_train/0772_c4s4_017085_03.jpg,772,market1501,3
market1501/bounding_box_train/0772_c4s4_058266_02.jpg,772,market1501,3
market1501/bounding_box_train/0772_c4s4_058266_05.jpg,772,market1501,3
market1501/bounding_box_train/0772_c4s4_058291_03.jpg,772,market1501,3
market1501/bounding_box_train/0772_c5s2_078477_01.jpg,772,market1501,4
market1501/bounding_box_train/0772_c5s2_078477_03.jpg,772,market1501,4
market1501/bounding_box_train/0772_c5s2_078527_01.jpg,772,market1501,4
market1501/bounding_box_train/0772_c6s2_072093_02.jpg,772,market1501,5
market1501/bounding_box_train/0772_c6s2_072118_02.jpg,772,market1501,5
market1501/bounding_box_train/0772_c6s2_072193_01.jpg,772,market1501,5
market1501/bounding_box_train/0772_c6s2_072218_02.jpg,772,market1501,5
market1501/bounding_box_train/0772_c6s2_072243_01.jpg,772,market1501,5
market1501/bounding_box_train/0772_c6s2_072293_02.jpg,772,market1501,5
market1501/bounding_box_train/0772_c6s2_087143_03.jpg,772,market1501,5
market1501/bounding_box_train/0772_c6s2_087168_03.jpg,772,market1501,5
market1501/bounding_box_train/0772_c6s2_087193_04.jpg,772,market1501,5
market1501/bounding_box_train/0772_c6s2_087218_03.jpg,772,market1501,5
market1501/bounding_box_train/0772_c6s2_087318_03.jpg,772,market1501,5
market1501/bounding_box_train/0772_c6s2_087343_03.jpg,772,market1501,5
market1501/bounding_box_train/0772_c6s2_112818_06.jpg,772,market1501,5
market1501/bounding_box_train/0773_c1s4_017256_02.jpg,773,market1501,0
market1501/bounding_box_train/0773_c1s4_017331_01.jpg,773,market1501,0
market1501/bounding_box_train/0773_c1s4_058386_04.jpg,773,market1501,0
market1501/bounding_box_train/0773_c1s4_058411_03.jpg,773,market1501,0
market1501/bounding_box_train/0773_c3s2_077978_01.jpg,773,market1501,2
market1501/bounding_box_train/0773_c3s2_118669_04.jpg,773,market1501,2
market1501/bounding_box_train/0773_c3s2_118719_02.jpg,773,market1501,2
market1501/bounding_box_train/0773_c4s4_016410_04.jpg,773,market1501,3
market1501/bounding_box_train/0773_c4s4_016660_03.jpg,773,market1501,3
market1501/bounding_box_train/0773_c4s4_016960_01.jpg,773,market1501,3
market1501/bounding_box_train/0773_c4s4_017010_02.jpg,773,market1501,3
market1501/bounding_box_train/0773_c4s4_017085_01.jpg,773,market1501,3
market1501/bounding_box_train/0773_c4s4_017085_06.jpg,773,market1501,3
market1501/bounding_box_train/0773_c4s4_058266_01.jpg,773,market1501,3
market1501/bounding_box_train/0773_c4s4_058291_01.jpg,773,market1501,3
market1501/bounding_box_train/0773_c4s4_059866_03.jpg,773,market1501,3
market1501/bounding_box_train/0773_c5s2_078377_03.jpg,773,market1501,4
market1501/bounding_box_train/0773_c5s2_078402_01.jpg,773,market1501,4
market1501/bounding_box_train/0773_c5s2_078452_01.jpg,773,market1501,4
market1501/bounding_box_train/0773_c5s2_078477_02.jpg,773,market1501,4
market1501/bounding_box_train/0773_c5s2_119349_01.jpg,773,market1501,4
market1501/bounding_box_train/0773_c5s2_119399_02.jpg,773,market1501,4
market1501/bounding_box_train/0773_c6s2_072093_01.jpg,773,market1501,5
market1501/bounding_box_train/0773_c6s2_072118_01.jpg,773,market1501,5
market1501/bounding_box_train/0773_c6s2_072218_01.jpg,773,market1501,5
market1501/bounding_box_train/0773_c6s2_087318_02.jpg,773,market1501,5
market1501/bounding_box_train/0773_c6s2_087343_01.jpg,773,market1501,5
market1501/bounding_box_train/0773_c6s2_112818_02.jpg,773,market1501,5
market1501/bounding_box_train/0079_c1s1_011426_06.jpg,79,market1501,0
market1501/bounding_box_train/0079_c1s1_011451_03.jpg,79,market1501,0
market1501/bounding_box_train/0079_c4s1_011376_01.jpg,79,market1501,3
market1501/bounding_box_train/0079_c4s1_011401_01.jpg,79,market1501,3
market1501/bounding_box_train/0792_c1s4_026706_01.jpg,792,market1501,0
market1501/bounding_box_train/0792_c1s4_026731_01.jpg,792,market1501,0
market1501/bounding_box_train/0792_c1s4_026881_02.jpg,792,market1501,0
market1501/bounding_box_train/0792_c2s2_084057_03.jpg,792,market1501,1
market1501/bounding_box_train/0792_c2s2_084157_03.jpg,792,market1501,1
market1501/bounding_box_train/0792_c3s2_087428_01.jpg,792,market1501,2
market1501/bounding_box_train/0792_c3s2_087503_02.jpg,792,market1501,2
market1501/bounding_box_train/0792_c3s2_087528_01.jpg,792,market1501,2
market1501/bounding_box_train/0792_c4s4_027135_01.jpg,792,market1501,3
market1501/bounding_box_train/0792_c4s4_027160_02.jpg,792,market1501,3
market1501/bounding_box_train/0792_c4s4_027535_01.jpg,792,market1501,3
market1501/bounding_box_train/0792_c5s2_087727_02.jpg,792,market1501,4
market1501/bounding_box_train/0792_c5s2_088052_01.jpg,792,market1501,4
market1501/bounding_box_train/0792_c5s2_088177_01.jpg,792,market1501,4
market1501/bounding_box_train/0792_c5s2_088227_02.jpg,792,market1501,4
market1501/bounding_box_train/0792_c6s2_081693_01.jpg,792,market1501,5
market1501/bounding_box_train/0792_c6s2_081718_04.jpg,792,market1501,5
market1501/bounding_box_train/0806_c1s4_034181_01.jpg,806,market1501,0
market1501/bounding_box_train/0806_c1s4_034256_02.jpg,806,market1501,0
market1501/bounding_box_train/0806_c1s4_044881_04.jpg,806,market1501,0
market1501/bounding_box_train/0806_c1s4_044981_01.jpg,806,market1501,0
market1501/bounding_box_train/0806_c3s2_094653_01.jpg,806,market1501,2
market1501/bounding_box_train/0806_c3s2_094828_01.jpg,806,market1501,2
market1501/bounding_box_train/0806_c3s2_094853_01.jpg,806,market1501,2
market1501/bounding_box_train/0806_c3s2_105178_04.jpg,806,market1501,2
market1501/bounding_box_train/0806_c3s2_105228_07.jpg,806,market1501,2
market1501/bounding_box_train/0806_c3s2_105278_05.jpg,806,market1501,2
market1501/bounding_box_train/0806_c5s2_095177_01.jpg,806,market1501,4
market1501/bounding_box_train/0806_c5s2_095277_02.jpg,806,market1501,4
market1501/bounding_box_train/0806_c5s2_105902_01.jpg,806,market1501,4
market1501/bounding_box_train/0806_c6s2_088893_03.jpg,806,market1501,5
market1501/bounding_box_train/0806_c6s2_088893_10.jpg,806,market1501,5
market1501/bounding_box_train/0806_c6s2_088918_02.jpg,806,market1501,5
market1501/bounding_box_train/0806_c6s2_088968_02.jpg,806,market1501,5
market1501/bounding_box_train/0806_c6s2_089018_02.jpg,806,market1501,5
market1501/bounding_box_train/0806_c6s2_089043_02.jpg,806,market1501,5
market1501/bounding_box_train/0806_c6s2_099243_01.jpg,806,market1501,5
market1501/bounding_box_train/0806_c6s2_099293_01.jpg,806,market1501,5
market1501/bounding_box_train/0806_c6s2_099318_01.jpg,806,market1501,5
market1501/bounding_box_train/0810_c1s4_037756_03.jpg,810,market1501,0
market1501/bounding_box_train/0810_c1s4_037856_05.jpg,810,market1501,0
market1501/bounding_box_train/0810_c1s4_043156_01.jpg,810,market1501,0
market1501/bounding_box_train/0810_c1s4_043256_03.jpg,810,market1501,0
market1501/bounding_box_train/0810_c1s4_043706_03.jpg,810,market1501,0
market1501/bounding_box_train/0810_c1s5_038341_02.jpg,810,market1501,0
market1501/bounding_box_train/0810_c1s5_038366_01.jpg,810,market1501,0
market1501/bounding_box_train/0810_c1s5_038441_01.jpg,810,market1501,0
market1501/bounding_box_train/0810_c1s5_038491_03.jpg,810,market1501,0
market1501/bounding_box_train/0810_c1s5_056991_01.jpg,810,market1501,0
market1501/bounding_box_train/0810_c3s2_098453_04.jpg,810,market1501,2
market1501/bounding_box_train/0810_c3s2_102778_01.jpg,810,market1501,2
market1501/bounding_box_train/0810_c3s2_102803_05.jpg,810,market1501,2
market1501/bounding_box_train/0810_c3s2_102828_02.jpg,810,market1501,2
market1501/bounding_box_train/0810_c3s2_103653_03.jpg,810,market1501,2
market1501/bounding_box_train/0810_c3s2_107303_05.jpg,810,market1501,2
market1501/bounding_box_train/0810_c3s3_012178_02.jpg,810,market1501,2
market1501/bounding_box_train/0810_c3s3_012228_05.jpg,810,market1501,2
market1501/bounding_box_train/0810_c3s3_030328_04.jpg,810,market1501,2
market1501/bounding_box_train/0810_c3s3_030378_02.jpg,810,market1501,2
market1501/bounding_box_train/0810_c3s3_030553_03.jpg,810,market1501,2
market1501/bounding_box_train/0810_c4s4_037135_03.jpg,810,market1501,3
market1501/bounding_box_train/0810_c4s4_037210_01.jpg,810,market1501,3
market1501/bounding_box_train/0810_c4s4_037235_01.jpg,810,market1501,3
market1501/bounding_box_train/0810_c4s4_037335_03.jpg,810,market1501,3
market1501/bounding_box_train/0810_c4s4_037585_02.jpg,810,market1501,3
market1501/bounding_box_train/0810_c4s4_037610_06.jpg,810,market1501,3
market1501/bounding_box_train/0810_c4s4_049385_03.jpg,810,market1501,3
market1501/bounding_box_train/0810_c4s4_054241_02.jpg,810,market1501,3
market1501/bounding_box_train/0810_c4s4_054266_02.jpg,810,market1501,3
market1501/bounding_box_train/0810_c4s4_055216_01.jpg,810,market1501,3
market1501/bounding_box_train/0810_c4s5_038010_03.jpg,810,market1501,3
market1501/bounding_box_train/0810_c4s5_038035_03.jpg,810,market1501,3
market1501/bounding_box_train/0810_c4s5_057060_01.jpg,810,market1501,3
market1501/bounding_box_train/0810_c5s2_098927_06.jpg,810,market1501,4
market1501/bounding_box_train/0810_c5s2_098952_04.jpg,810,market1501,4
market1501/bounding_box_train/0810_c5s3_012715_04.jpg,810,market1501,4
market1501/bounding_box_train/0810_c5s3_030990_03.jpg,810,market1501,4
market1501/bounding_box_train/0810_c5s3_031265_02.jpg,810,market1501,4
market1501/bounding_box_train/0810_c6s2_092693_06.jpg,810,market1501,5
market1501/bounding_box_train/0810_c6s2_092718_03.jpg,810,market1501,5
market1501/bounding_box_train/0810_c6s2_096868_01.jpg,810,market1501,5
market1501/bounding_box_train/0810_c6s2_096918_02.jpg,810,market1501,5
market1501/bounding_box_train/0810_c6s2_100168_06.jpg,810,market1501,5
market1501/bounding_box_train/0810_c6s3_035892_05.jpg,810,market1501,5
market1501/bounding_box_train/0810_c6s3_053967_01.jpg,810,market1501,5
market1501/bounding_box_train/0814_c1s4_039256_01.jpg,814,market1501,0
market1501/bounding_box_train/0814_c1s4_039281_01.jpg,814,market1501,0
market1501/bounding_box_train/0814_c3s2_099578_01.jpg,814,market1501,2
market1501/bounding_box_train/0814_c3s2_099653_01.jpg,814,market1501,2
market1501/bounding_box_train/0814_c4s4_039210_01.jpg,814,market1501,3
market1501/bounding_box_train/0814_c4s4_039235_01.jpg,814,market1501,3
market1501/bounding_box_train/0814_c4s4_039285_01.jpg,814,market1501,3
market1501/bounding_box_train/0814_c4s4_039360_01.jpg,814,market1501,3
market1501/bounding_box_train/0814_c5s2_100252_01.jpg,814,market1501,4
market1501/bounding_box_train/0814_c5s2_100327_01.jpg,814,market1501,4
market1501/bounding_box_train/0814_c5s2_100352_01.jpg,814,market1501,4
market1501/bounding_box_train/0814_c5s2_100377_01.jpg,814,market1501,4
market1501/bounding_box_train/0814_c6s2_093668_02.jpg,814,market1501,5
market1501/bounding_box_train/0814_c6s2_093693_01.jpg,814,market1501,5
market1501/bounding_box_train/0814_c6s2_093718_01.jpg,814,market1501,5
market1501/bounding_box_train/0814_c6s2_093768_02.jpg,814,market1501,5
market1501/bounding_box_train/0814_c6s2_093818_02.jpg,814,market1501,5
market1501/bounding_box_train/0816_c1s4_040231_01.jpg,816,market1501,0
market1501/bounding_box_train/0816_c1s4_040281_01.jpg,816,market1501,0
market1501/bounding_box_train/0816_c1s4_040331_01.jpg,816,market1501,0
market1501/bounding_box_train/0816_c1s4_049981_02.jpg,816,market1501,0
market1501/bounding_box_train/0816_c1s4_050131_01.jpg,816,market1501,0
market1501/bounding_box_train/0816_c3s2_100903_01.jpg,816,market1501,2
market1501/bounding_box_train/0816_c3s2_100953_02.jpg,816,market1501,2
market1501/bounding_box_train/0816_c3s2_100978_01.jpg,816,market1501,2
market1501/bounding_box_train/0816_c3s2_101028_01.jpg,816,market1501,2
market1501/bounding_box_train/0816_c3s2_110303_05.jpg,816,market1501,2
market1501/bounding_box_train/0816_c3s2_110503_01.jpg,816,market1501,2
market1501/bounding_box_train/0816_c4s4_039885_01.jpg,816,market1501,3
market1501/bounding_box_train/0816_c4s4_039910_01.jpg,816,market1501,3
market1501/bounding_box_train/0816_c4s4_039910_02.jpg,816,market1501,3
market1501/bounding_box_train/0816_c4s4_039935_01.jpg,816,market1501,3
market1501/bounding_box_train/0816_c4s4_048910_01.jpg,816,market1501,3
market1501/bounding_box_train/0816_c4s4_048935_01.jpg,816,market1501,3
market1501/bounding_box_train/0816_c5s2_101327_01.jpg,816,market1501,4
market1501/bounding_box_train/0816_c5s2_101452_01.jpg,816,market1501,4
market1501/bounding_box_train/0816_c5s2_101527_01.jpg,816,market1501,4
market1501/bounding_box_train/0816_c5s2_110977_03.jpg,816,market1501,4
market1501/bounding_box_train/0816_c5s2_111052_01.jpg,816,market1501,4
market1501/bounding_box_train/0816_c5s2_111177_01.jpg,816,market1501,4
market1501/bounding_box_train/0816_c5s2_111227_01.jpg,816,market1501,4
market1501/bounding_box_train/0816_c6s2_095043_01.jpg,816,market1501,5
market1501/bounding_box_train/0816_c6s2_095118_01.jpg,816,market1501,5
market1501/bounding_box_train/0816_c6s2_095118_03.jpg,816,market1501,5
market1501/bounding_box_train/0816_c6s2_095193_01.jpg,816,market1501,5
market1501/bounding_box_train/0816_c6s2_095193_04.jpg,816,market1501,5
market1501/bounding_box_train/0816_c6s2_095218_02.jpg,816,market1501,5
market1501/bounding_box_train/0816_c6s2_095218_07.jpg,816,market1501,5
market1501/bounding_box_train/0816_c6s2_095243_01.jpg,816,market1501,5
market1501/bounding_box_train/0816_c6s2_095293_02.jpg,816,market1501,5
market1501/bounding_box_train/0816_c6s2_104368_01.jpg,816,market1501,5
market1501/bounding_box_train/0816_c6s2_104393_01.jpg,816,market1501,5
market1501/bounding_box_train/0816_c6s2_104418_01.jpg,816,market1501,5
market1501/bounding_box_train/0816_c6s2_104468_01.jpg,816,market1501,5
market1501/bounding_box_train/0816_c6s2_104518_01.jpg,816,market1501,5
market1501/bounding_box_train/0816_c6s2_104618_01.jpg,816,market1501,5
market1501/bounding_box_train/0816_c6s2_104618_07.jpg,816,market1501,5
market1501/bounding_box_train/0816_c6s2_104668_01.jpg,816,market1501,5
market1501/bounding_box_train/0816_c6s2_104693_01.jpg,816,market1501,5
market1501/bounding_box_train/0818_c1s4_041031_01.jpg,818,market1501,0
market1501/bounding_box_train/0818_c1s4_041206_01.jpg,818,market1501,0
market1501/bounding_box_train/0818_c1s4_041231_01.jpg,818,market1501,0
market1501/bounding_box_train/0818_c3s2_101753_01.jpg,818,market1501,2
market1501/bounding_box_train/0818_c3s2_101778_01.jpg,818,market1501,2
market1501/bounding_box_train/0818_c3s2_101828_02.jpg,818,market1501,2
market1501/bounding_box_train/0818_c4s4_040660_02.jpg,818,market1501,3
market1501/bounding_box_train/0818_c4s4_040685_01.jpg,818,market1501,3
market1501/bounding_box_train/0818_c4s4_040835_01.jpg,818,market1501,3
market1501/bounding_box_train/0818_c4s4_040860_01.jpg,818,market1501,3
market1501/bounding_box_train/0818_c4s4_040910_01.jpg,818,market1501,3
market1501/bounding_box_train/0818_c4s4_058966_01.jpg,818,market1501,3
market1501/bounding_box_train/0818_c4s4_059016_02.jpg,818,market1501,3
market1501/bounding_box_train/0818_c4s4_074216_01.jpg,818,market1501,3
market1501/bounding_box_train/0818_c4s4_074241_01.jpg,818,market1501,3
market1501/bounding_box_train/0818_c5s2_102202_01.jpg,818,market1501,4
market1501/bounding_box_train/0818_c5s2_102227_01.jpg,818,market1501,4
market1501/bounding_box_train/0818_c5s2_102252_01.jpg,818,market1501,4
market1501/bounding_box_train/0818_c5s2_102252_03.jpg,818,market1501,4
market1501/bounding_box_train/0818_c5s2_102277_01.jpg,818,market1501,4
market1501/bounding_box_train/0818_c6s2_095893_01.jpg,818,market1501,5
market1501/bounding_box_train/0818_c6s2_095918_01.jpg,818,market1501,5
market1501/bounding_box_train/0818_c6s2_095993_01.jpg,818,market1501,5
market1501/bounding_box_train/0818_c6s2_096018_01.jpg,818,market1501,5
market1501/bounding_box_train/0818_c6s2_096018_08.jpg,818,market1501,5
market1501/bounding_box_train/0818_c6s2_096043_01.jpg,818,market1501,5
market1501/bounding_box_train/0837_c2s2_103907_02.jpg,837,market1501,1
market1501/bounding_box_train/0837_c2s2_103932_01.jpg,837,market1501,1
market1501/bounding_box_train/0837_c2s2_103932_06.jpg,837,market1501,1
market1501/bounding_box_train/0837_c3s2_106628_01.jpg,837,market1501,2
market1501/bounding_box_train/0837_c3s2_106678_01.jpg,837,market1501,2
market1501/bounding_box_train/0837_c6s2_100718_01.jpg,837,market1501,5
market1501/bounding_box_train/0837_c6s2_100743_01.jpg,837,market1501,5
market1501/bounding_box_train/0837_c6s2_100793_01.jpg,837,market1501,5
market1501/bounding_box_train/0084_c1s1_013226_04.jpg,84,market1501,0
market1501/bounding_box_train/0084_c5s1_013276_04.jpg,84,market1501,4
market1501/bounding_box_train/0840_c1s4_047506_04.jpg,840,market1501,0
market1501/bounding_box_train/0840_c2s2_104182_03.jpg,840,market1501,1
market1501/bounding_box_train/0840_c3s2_106853_02.jpg,840,market1501,2
market1501/bounding_box_train/0840_c3s2_106878_01.jpg,840,market1501,2
market1501/bounding_box_train/0840_c6s2_101018_01.jpg,840,market1501,5
market1501/bounding_box_train/0842_c1s4_046931_04.jpg,842,market1501,0
market1501/bounding_box_train/0842_c1s4_047081_02.jpg,842,market1501,0
market1501/bounding_box_train/0842_c1s4_048631_03.jpg,842,market1501,0
market1501/bounding_box_train/0842_c1s4_048706_03.jpg,842,market1501,0
market1501/bounding_box_train/0842_c2s2_106232_01.jpg,842,market1501,1
market1501/bounding_box_train/0842_c3s2_107053_05.jpg,842,market1501,2
market1501/bounding_box_train/0842_c3s2_107078_04.jpg,842,market1501,2
market1501/bounding_box_train/0842_c3s2_107153_07.jpg,842,market1501,2
market1501/bounding_box_train/0842_c3s2_107178_02.jpg,842,market1501,2
market1501/bounding_box_train/0842_c5s2_107802_03.jpg,842,market1501,4
market1501/bounding_box_train/0842_c5s2_107852_05.jpg,842,market1501,4
market1501/bounding_box_train/0842_c5s2_107877_07.jpg,842,market1501,4
market1501/bounding_box_train/0842_c5s2_107902_02.jpg,842,market1501,4
market1501/bounding_box_train/0842_c5s2_107927_03.jpg,842,market1501,4
market1501/bounding_box_train/0842_c5s2_107952_02.jpg,842,market1501,4
market1501/bounding_box_train/0842_c5s2_108027_01.jpg,842,market1501,4
market1501/bounding_box_train/0842_c5s2_108102_03.jpg,842,market1501,4
market1501/bounding_box_train/0842_c5s2_108102_04.jpg,842,market1501,4
market1501/bounding_box_train/0842_c6s2_101168_01.jpg,842,market1501,5
market1501/bounding_box_train/0842_c6s2_101243_03.jpg,842,market1501,5
market1501/bounding_box_train/0842_c6s2_101418_02.jpg,842,market1501,5
market1501/bounding_box_train/0843_c2s2_104707_07.jpg,843,market1501,1
market1501/bounding_box_train/0843_c2s2_104732_05.jpg,843,market1501,1
market1501/bounding_box_train/0843_c2s2_104882_03.jpg,843,market1501,1
market1501/bounding_box_train/0843_c2s2_104907_04.jpg,843,market1501,1
market1501/bounding_box_train/0843_c3s2_107153_06.jpg,843,market1501,2
market1501/bounding_box_train/0843_c3s2_107178_07.jpg,843,market1501,2
market1501/bounding_box_train/0843_c3s2_107203_06.jpg,843,market1501,2
market1501/bounding_box_train/0843_c6s2_101318_11.jpg,843,market1501,5
market1501/bounding_box_train/0854_c2s2_104882_05.jpg,854,market1501,1
market1501/bounding_box_train/0854_c2s2_104907_05.jpg,854,market1501,1
market1501/bounding_box_train/0854_c2s2_104957_04.jpg,854,market1501,1
market1501/bounding_box_train/0854_c3s2_107578_08.jpg,854,market1501,2
market1501/bounding_box_train/0854_c3s2_107603_09.jpg,854,market1501,2
market1501/bounding_box_train/0862_c1s4_047631_01.jpg,862,market1501,0
market1501/bounding_box_train/0862_c3s2_107828_04.jpg,862,market1501,2
market1501/bounding_box_train/0862_c3s2_107853_04.jpg,862,market1501,2
market1501/bounding_box_train/0875_c1s4_048406_02.jpg,875,market1501,0
market1501/bounding_box_train/0875_c1s4_048431_03.jpg,875,market1501,0
market1501/bounding_box_train/0875_c2s2_105882_05.jpg,875,market1501,1
market1501/bounding_box_train/0875_c2s2_106057_01.jpg,875,market1501,1
market1501/bounding_box_train/0875_c3s2_108553_06.jpg,875,market1501,2
market1501/bounding_box_train/0875_c3s2_108603_08.jpg,875,market1501,2
market1501/bounding_box_train/0875_c6s2_102718_02.jpg,875,market1501,5
market1501/bounding_box_train/0088_c1s6_028121_03.jpg,88,market1501,0
market1501/bounding_box_train/0088_c1s6_028196_03.jpg,88,market1501,0
market1501/bounding_box_train/0088_c3s3_076794_02.jpg,88,market1501,2
market1501/bounding_box_train/0088_c3s3_076844_01.jpg,88,market1501,2
market1501/bounding_box_train/0088_c3s3_076919_01.jpg,88,market1501,2
market1501/bounding_box_train/0088_c5s3_077212_03.jpg,88,market1501,4
market1501/bounding_box_train/0088_c5s3_077287_01.jpg,88,market1501,4
market1501/bounding_box_train/0088_c5s3_077387_02.jpg,88,market1501,4
market1501/bounding_box_train/0088_c6s4_003152_01.jpg,88,market1501,5
market1501/bounding_box_train/0088_c6s4_003152_04.jpg,88,market1501,5
market1501/bounding_box_train/0088_c6s4_003177_01.jpg,88,market1501,5
market1501/bounding_box_train/0088_c6s4_003177_02.jpg,88,market1501,5
market1501/bounding_box_train/0885_c1s4_049006_01.jpg,885,market1501,0
market1501/bounding_box_train/0885_c1s4_049031_01.jpg,885,market1501,0
market1501/bounding_box_train/0885_c1s4_049056_01.jpg,885,market1501,0
market1501/bounding_box_train/0885_c1s4_049056_09.jpg,885,market1501,0
market1501/bounding_box_train/0885_c1s4_049106_01.jpg,885,market1501,0
market1501/bounding_box_train/0885_c1s4_049131_01.jpg,885,market1501,0
market1501/bounding_box_train/0885_c2s2_106632_01.jpg,885,market1501,1
market1501/bounding_box_train/0885_c3s2_109253_07.jpg,885,market1501,2
market1501/bounding_box_train/0885_c3s2_109278_06.jpg,885,market1501,2
market1501/bounding_box_train/0885_c3s2_109303_02.jpg,885,market1501,2
market1501/bounding_box_train/0885_c6s2_103393_09.jpg,885,market1501,5
market1501/bounding_box_train/0887_c1s4_049056_04.jpg,887,market1501,0
market1501/bounding_box_train/0887_c2s2_106557_03.jpg,887,market1501,1
market1501/bounding_box_train/0887_c2s2_106632_04.jpg,887,market1501,1
market1501/bounding_box_train/0887_c3s2_109303_06.jpg,887,market1501,2
market1501/bounding_box_train/0887_c3s2_109328_09.jpg,887,market1501,2
market1501/bounding_box_train/0887_c3s2_109353_07.jpg,887,market1501,2
market1501/bounding_box_train/0895_c1s4_049681_04.jpg,895,market1501,0
market1501/bounding_box_train/0895_c1s4_049706_03.jpg,895,market1501,0
market1501/bounding_box_train/0895_c1s4_049756_03.jpg,895,market1501,0
market1501/bounding_box_train/0895_c2s2_107257_03.jpg,895,market1501,1
market1501/bounding_box_train/0895_c2s2_107282_03.jpg,895,market1501,1
market1501/bounding_box_train/0895_c3s2_109928_02.jpg,895,market1501,2
market1501/bounding_box_train/0895_c3s2_109953_06.jpg,895,market1501,2
market1501/bounding_box_train/0895_c3s2_109978_04.jpg,895,market1501,2
market1501/bounding_box_train/0895_c3s2_110028_02.jpg,895,market1501,2
market1501/bounding_box_train/0895_c5s2_110627_04.jpg,895,market1501,4
market1501/bounding_box_train/0895_c5s2_110652_04.jpg,895,market1501,4
market1501/bounding_box_train/0895_c6s2_104043_02.jpg,895,market1501,5
market1501/bounding_box_train/0895_c6s2_104068_01.jpg,895,market1501,5
market1501/bounding_box_train/0895_c6s2_104093_01.jpg,895,market1501,5
market1501/bounding_box_train/0895_c6s2_104118_03.jpg,895,market1501,5
market1501/bounding_box_train/0895_c6s2_104143_03.jpg,895,market1501,5
market1501/bounding_box_train/0090_c1s1_015401_02.jpg,90,market1501,0
market1501/bounding_box_train/0090_c4s1_013251_02.jpg,90,market1501,3
market1501/bounding_box_train/0090_c4s1_013276_01.jpg,90,market1501,3
market1501/bounding_box_train/0090_c4s1_015251_01.jpg,90,market1501,3
market1501/bounding_box_train/0090_c4s1_015376_01.jpg,90,market1501,3
market1501/bounding_box_train/0901_c1s4_050356_02.jpg,901,market1501,0
market1501/bounding_box_train/0901_c1s4_050406_03.jpg,901,market1501,0
market1501/bounding_box_train/0901_c1s4_064786_07.jpg,901,market1501,0
market1501/bounding_box_train/0901_c3s2_110903_04.jpg,901,market1501,2
market1501/bounding_box_train/0901_c3s2_110953_03.jpg,901,market1501,2
market1501/bounding_box_train/0901_c3s2_110978_02.jpg,901,market1501,2
market1501/bounding_box_train/0901_c3s2_111003_05.jpg,901,market1501,2
market1501/bounding_box_train/0901_c3s2_125144_06.jpg,901,market1501,2
market1501/bounding_box_train/0901_c5s2_111402_03.jpg,901,market1501,4
market1501/bounding_box_train/0901_c5s2_111452_08.jpg,901,market1501,4
market1501/bounding_box_train/0901_c5s2_125699_09.jpg,901,market1501,4
market1501/bounding_box_train/0901_c5s2_125774_11.jpg,901,market1501,4
market1501/bounding_box_train/0901_c5s2_125799_07.jpg,901,market1501,4
market1501/bounding_box_train/0901_c5s2_125799_09.jpg,901,market1501,4
market1501/bounding_box_train/0901_c5s2_125874_07.jpg,901,market1501,4
market1501/bounding_box_train/0901_c6s2_105043_03.jpg,901,market1501,5
market1501/bounding_box_train/0901_c6s2_105068_02.jpg,901,market1501,5
market1501/bounding_box_train/0901_c6s2_105118_02.jpg,901,market1501,5
market1501/bounding_box_train/0901_c6s2_105193_02.jpg,901,market1501,5
market1501/bounding_box_train/0901_c6s2_105243_06.jpg,901,market1501,5
market1501/bounding_box_train/0901_c6s2_119318_02.jpg,901,market1501,5
market1501/bounding_box_train/0901_c6s2_119343_02.jpg,901,market1501,5
market1501/bounding_box_train/0902_c1s4_050381_02.jpg,902,market1501,0
market1501/bounding_box_train/0902_c1s4_050406_01.jpg,902,market1501,0
market1501/bounding_box_train/0902_c2s2_107807_01.jpg,902,market1501,1
market1501/bounding_box_train/0902_c2s2_107832_01.jpg,902,market1501,1
market1501/bounding_box_train/0902_c2s2_107907_03.jpg,902,market1501,1
market1501/bounding_box_train/0902_c3s2_111003_04.jpg,902,market1501,2
market1501/bounding_box_train/0902_c3s2_111028_05.jpg,902,market1501,2
market1501/bounding_box_train/0902_c3s2_111078_04.jpg,902,market1501,2
market1501/bounding_box_train/0902_c3s2_112403_01.jpg,902,market1501,2
market1501/bounding_box_train/0902_c4s4_051860_03.jpg,902,market1501,3
market1501/bounding_box_train/0902_c4s4_051885_01.jpg,902,market1501,3
market1501/bounding_box_train/0902_c5s2_111452_04.jpg,902,market1501,4
market1501/bounding_box_train/0902_c5s2_113052_02.jpg,902,market1501,4
market1501/bounding_box_train/0902_c5s2_113077_02.jpg,902,market1501,4
market1501/bounding_box_train/0902_c6s2_105243_02.jpg,902,market1501,5
market1501/bounding_box_train/0902_c6s2_105268_04.jpg,902,market1501,5
market1501/bounding_box_train/0902_c6s2_106493_02.jpg,902,market1501,5
market1501/bounding_box_train/0902_c6s2_106543_05.jpg,902,market1501,5
market1501/bounding_box_train/0902_c6s2_106543_06.jpg,902,market1501,5
market1501/bounding_box_train/0902_c6s2_106568_06.jpg,902,market1501,5
market1501/bounding_box_train/0907_c1s4_051481_01.jpg,907,market1501,0
market1501/bounding_box_train/0907_c1s4_051506_01.jpg,907,market1501,0
market1501/bounding_box_train/0907_c1s4_062086_01.jpg,907,market1501,0
market1501/bounding_box_train/0907_c1s5_007961_07.jpg,907,market1501,0
market1501/bounding_box_train/0907_c2s2_108957_02.jpg,907,market1501,1
market1501/bounding_box_train/0907_c2s2_108957_07.jpg,907,market1501,1
market1501/bounding_box_train/0907_c2s2_108982_01.jpg,907,market1501,1
market1501/bounding_box_train/0907_c2s2_108982_03.jpg,907,market1501,1
market1501/bounding_box_train/0907_c2s2_119552_01.jpg,907,market1501,1
market1501/bounding_box_train/0907_c2s2_119577_01.jpg,907,market1501,1
market1501/bounding_box_train/0907_c2s2_140327_02.jpg,907,market1501,1
market1501/bounding_box_train/0907_c2s2_140327_09.jpg,907,market1501,1
market1501/bounding_box_train/0907_c2s2_140352_01.jpg,907,market1501,1
market1501/bounding_box_train/0907_c2s2_140427_02.jpg,907,market1501,1
market1501/bounding_box_train/0907_c2s2_140427_07.jpg,907,market1501,1
market1501/bounding_box_train/0907_c3s2_112178_02.jpg,907,market1501,2
market1501/bounding_box_train/0907_c3s2_112203_01.jpg,907,market1501,2
market1501/bounding_box_train/0907_c3s2_122294_02.jpg,907,market1501,2
market1501/bounding_box_train/0907_c3s2_143544_03.jpg,907,market1501,2
market1501/bounding_box_train/0907_c3s2_143569_02.jpg,907,market1501,2
market1501/bounding_box_train/0907_c3s2_143594_02.jpg,907,market1501,2
market1501/bounding_box_train/0907_c5s2_112477_02.jpg,907,market1501,4
market1501/bounding_box_train/0907_c5s2_112527_01.jpg,907,market1501,4
market1501/bounding_box_train/0907_c5s2_143924_04.jpg,907,market1501,4
market1501/bounding_box_train/0907_c6s2_106393_01.jpg,907,market1501,5
market1501/bounding_box_train/0907_c6s2_106418_01.jpg,907,market1501,5
market1501/bounding_box_train/0907_c6s2_116443_03.jpg,907,market1501,5
market1501/bounding_box_train/0907_c6s2_116468_05.jpg,907,market1501,5
market1501/bounding_box_train/0907_c6s3_005517_01.jpg,907,market1501,5
market1501/bounding_box_train/0907_c6s3_005542_01.jpg,907,market1501,5
market1501/bounding_box_train/0907_c6s3_005567_01.jpg,907,market1501,5
market1501/bounding_box_train/0907_c6s3_024292_02.jpg,907,market1501,5
market1501/bounding_box_train/0907_c6s3_024367_02.jpg,907,market1501,5
market1501/bounding_box_train/0907_c6s3_024417_02.jpg,907,market1501,5
market1501/bounding_box_train/0915_c1s4_053061_02.jpg,915,market1501,0
market1501/bounding_box_train/0915_c1s4_053086_02.jpg,915,market1501,0
market1501/bounding_box_train/0915_c1s4_053086_05.jpg,915,market1501,0
market1501/bounding_box_train/0915_c1s4_058786_04.jpg,915,market1501,0
market1501/bounding_box_train/0915_c1s4_058911_04.jpg,915,market1501,0
market1501/bounding_box_train/0915_c2s2_110357_03.jpg,915,market1501,1
market1501/bounding_box_train/0915_c2s2_110507_02.jpg,915,market1501,1
market1501/bounding_box_train/0915_c2s2_116377_02.jpg,915,market1501,1
market1501/bounding_box_train/0915_c2s2_116402_03.jpg,915,market1501,1
market1501/bounding_box_train/0915_c3s2_113828_02.jpg,915,market1501,2
market1501/bounding_box_train/0915_c3s2_113853_01.jpg,915,market1501,2
market1501/bounding_box_train/0915_c3s2_113953_01.jpg,915,market1501,2
market1501/bounding_box_train/0915_c3s2_114053_02.jpg,915,market1501,2
market1501/bounding_box_train/0915_c3s2_118894_05.jpg,915,market1501,2
market1501/bounding_box_train/0915_c3s2_119069_04.jpg,915,market1501,2
market1501/bounding_box_train/0915_c5s2_114202_01.jpg,915,market1501,4
market1501/bounding_box_train/0915_c5s2_114202_06.jpg,915,market1501,4
market1501/bounding_box_train/0915_c5s2_114449_02.jpg,915,market1501,4
market1501/bounding_box_train/0915_c5s2_114574_04.jpg,915,market1501,4
market1501/bounding_box_train/0915_c5s2_119524_03.jpg,915,market1501,4
market1501/bounding_box_train/0915_c6s2_108093_01.jpg,915,market1501,5
market1501/bounding_box_train/0915_c6s2_108093_08.jpg,915,market1501,5
market1501/bounding_box_train/0915_c6s2_108143_01.jpg,915,market1501,5
market1501/bounding_box_train/0915_c6s2_108168_05.jpg,915,market1501,5
market1501/bounding_box_train/0915_c6s2_108193_01.jpg,915,market1501,5
market1501/bounding_box_train/0915_c6s2_108193_08.jpg,915,market1501,5
market1501/bounding_box_train/0939_c1s4_057786_03.jpg,939,market1501,0
market1501/bounding_box_train/0939_c1s4_057861_01.jpg,939,market1501,0
market1501/bounding_box_train/0939_c3s2_117969_05.jpg,939,market1501,2
market1501/bounding_box_train/0939_c3s2_118019_06.jpg,939,market1501,2
market1501/bounding_box_train/0939_c3s2_118044_02.jpg,939,market1501,2
market1501/bounding_box_train/0939_c3s2_118119_01.jpg,939,market1501,2
market1501/bounding_box_train/0939_c3s2_118169_01.jpg,939,market1501,2
market1501/bounding_box_train/0939_c3s2_118194_01.jpg,939,market1501,2
market1501/bounding_box_train/0939_c3s2_118194_07.jpg,939,market1501,2
market1501/bounding_box_train/0939_c5s2_118724_01.jpg,939,market1501,4
market1501/bounding_box_train/0939_c5s2_118874_01.jpg,939,market1501,4
market1501/bounding_box_train/0939_c6s2_112043_04.jpg,939,market1501,5
market1501/bounding_box_train/0939_c6s2_112068_02.jpg,939,market1501,5
market1501/bounding_box_train/0939_c6s2_112093_01.jpg,939,market1501,5
market1501/bounding_box_train/0939_c6s2_112143_06.jpg,939,market1501,5
market1501/bounding_box_train/0939_c6s2_112243_02.jpg,939,market1501,5
market1501/bounding_box_train/0939_c6s2_112268_01.jpg,939,market1501,5
market1501/bounding_box_train/0939_c6s2_112318_02.jpg,939,market1501,5
market1501/bounding_box_train/0940_c1s4_057786_02.jpg,940,market1501,0
market1501/bounding_box_train/0940_c3s2_118119_02.jpg,940,market1501,2
market1501/bounding_box_train/0940_c3s2_118169_02.jpg,940,market1501,2
market1501/bounding_box_train/0940_c3s2_118194_02.jpg,940,market1501,2
market1501/bounding_box_train/0940_c5s2_118874_04.jpg,940,market1501,4
market1501/bounding_box_train/0940_c6s2_112093_03.jpg,940,market1501,5
market1501/bounding_box_train/0940_c6s2_112243_06.jpg,940,market1501,5
market1501/bounding_box_train/0942_c1s4_057786_01.jpg,942,market1501,0
market1501/bounding_box_train/0942_c1s4_057836_03.jpg,942,market1501,0
market1501/bounding_box_train/0942_c1s4_057861_03.jpg,942,market1501,0
market1501/bounding_box_train/0942_c1s4_057861_04.jpg,942,market1501,0
market1501/bounding_box_train/0942_c3s2_118169_09.jpg,942,market1501,2
market1501/bounding_box_train/0942_c3s2_118194_05.jpg,942,market1501,2
market1501/bounding_box_train/0942_c3s2_118219_04.jpg,942,market1501,2
market1501/bounding_box_train/0942_c3s2_118294_02.jpg,942,market1501,2
market1501/bounding_box_train/0942_c5s2_118799_04.jpg,942,market1501,4
market1501/bounding_box_train/0942_c6s2_112243_03.jpg,942,market1501,5
market1501/bounding_box_train/0942_c6s2_112268_03.jpg,942,market1501,5
market1501/bounding_box_train/0943_c1s4_057536_01.jpg,943,market1501,0
market1501/bounding_box_train/0943_c1s4_067311_02.jpg,943,market1501,0
market1501/bounding_box_train/0943_c1s4_067436_02.jpg,943,market1501,0
market1501/bounding_box_train/0943_c2s2_115002_01.jpg,943,market1501,1
market1501/bounding_box_train/0943_c2s2_115027_01.jpg,943,market1501,1
market1501/bounding_box_train/0943_c2s2_125102_11.jpg,943,market1501,1
market1501/bounding_box_train/0943_c3s2_118194_03.jpg,943,market1501,2
market1501/bounding_box_train/0943_c3s2_127869_01.jpg,943,market1501,2
market1501/bounding_box_train/0943_c3s2_127894_01.jpg,943,market1501,2
market1501/bounding_box_train/0943_c4s4_066766_01.jpg,943,market1501,3
market1501/bounding_box_train/0943_c5s2_118574_01.jpg,943,market1501,4
market1501/bounding_box_train/0943_c5s2_128149_01.jpg,943,market1501,4
market1501/bounding_box_train/0943_c5s2_128149_05.jpg,943,market1501,4
market1501/bounding_box_train/0943_c5s2_128224_01.jpg,943,market1501,4
market1501/bounding_box_train/0943_c5s2_128249_01.jpg,943,market1501,4
market1501/bounding_box_train/0943_c6s2_112368_06.jpg,943,market1501,5
market1501/bounding_box_train/0943_c6s2_121818_03.jpg,943,market1501,5
market1501/bounding_box_train/0947_c1s4_059886_04.jpg,947,market1501,0
market1501/bounding_box_train/0947_c3s2_119269_06.jpg,947,market1501,2
market1501/bounding_box_train/0947_c3s2_119319_07.jpg,947,market1501,2
market1501/bounding_box_train/0947_c3s2_119344_03.jpg,947,market1501,2
market1501/bounding_box_train/0947_c3s2_119519_03.jpg,947,market1501,2
market1501/bounding_box_train/0947_c4s4_059991_03.jpg,947,market1501,3
market1501/bounding_box_train/0947_c5s2_120299_03.jpg,947,market1501,4
market1501/bounding_box_train/0947_c5s2_120299_10.jpg,947,market1501,4
market1501/bounding_box_train/0947_c5s2_120574_04.jpg,947,market1501,4
market1501/bounding_box_train/0947_c5s2_120599_08.jpg,947,market1501,4
market1501/bounding_box_train/0947_c5s2_120799_03.jpg,947,market1501,4
market1501/bounding_box_train/0947_c5s2_120824_01.jpg,947,market1501,4
market1501/bounding_box_train/0947_c6s2_113443_01.jpg,947,market1501,5
market1501/bounding_box_train/0947_c6s2_113468_02.jpg,947,market1501,5
market1501/bounding_box_train/0947_c6s2_113493_01.jpg,947,market1501,5
market1501/bounding_box_train/0947_c6s2_113668_03.jpg,947,market1501,5
market1501/bounding_box_train/0947_c6s2_114043_05.jpg,947,market1501,5
market1501/bounding_box_train/0947_c6s2_114093_03.jpg,947,market1501,5
market1501/bounding_box_train/0947_c6s2_114118_06.jpg,947,market1501,5
market1501/bounding_box_train/0947_c6s2_114168_01.jpg,947,market1501,5
market1501/bounding_box_train/0947_c6s2_114293_04.jpg,947,market1501,5
market1501/bounding_box_train/0948_c1s4_059761_03.jpg,948,market1501,0
market1501/bounding_box_train/0948_c1s4_059811_04.jpg,948,market1501,0
market1501/bounding_box_train/0948_c3s2_119269_04.jpg,948,market1501,2
market1501/bounding_box_train/0948_c3s2_119319_04.jpg,948,market1501,2
market1501/bounding_box_train/0948_c3s2_119344_07.jpg,948,market1501,2
market1501/bounding_box_train/0948_c3s2_119519_01.jpg,948,market1501,2
market1501/bounding_box_train/0948_c3s2_119844_01.jpg,948,market1501,2
market1501/bounding_box_train/0948_c3s2_119844_11.jpg,948,market1501,2
market1501/bounding_box_train/0948_c4s4_059916_01.jpg,948,market1501,3
market1501/bounding_box_train/0948_c4s4_059991_01.jpg,948,market1501,3
market1501/bounding_box_train/0948_c4s4_059991_07.jpg,948,market1501,3
market1501/bounding_box_train/0948_c4s4_060066_01.jpg,948,market1501,3
market1501/bounding_box_train/0948_c4s4_060066_04.jpg,948,market1501,3
market1501/bounding_box_train/0948_c5s2_120299_01.jpg,948,market1501,4
market1501/bounding_box_train/0948_c5s2_120424_01.jpg,948,market1501,4
market1501/bounding_box_train/0948_c5s2_120574_01.jpg,948,market1501,4
market1501/bounding_box_train/0948_c5s2_120599_01.jpg,948,market1501,4
market1501/bounding_box_train/0948_c5s2_120799_09.jpg,948,market1501,4
market1501/bounding_box_train/0948_c5s2_120824_04.jpg,948,market1501,4
market1501/bounding_box_train/0948_c5s2_120999_04.jpg,948,market1501,4
market1501/bounding_box_train/0948_c5s2_121049_03.jpg,948,market1501,4
market1501/bounding_box_train/0948_c5s2_121124_01.jpg,948,market1501,4
market1501/bounding_box_train/0948_c5s2_121149_01.jpg,948,market1501,4
market1501/bounding_box_train/0948_c6s2_113443_04.jpg,948,market1501,5
market1501/bounding_box_train/0948_c6s2_113468_03.jpg,948,market1501,5
market1501/bounding_box_train/0948_c6s2_113493_04.jpg,948,market1501,5
market1501/bounding_box_train/0948_c6s2_113668_04.jpg,948,market1501,5
market1501/bounding_box_train/0948_c6s2_113793_01.jpg,948,market1501,5
market1501/bounding_box_train/0948_c6s2_113818_01.jpg,948,market1501,5
market1501/bounding_box_train/0948_c6s2_113893_03.jpg,948,market1501,5
market1501/bounding_box_train/0948_c6s2_114093_08.jpg,948,market1501,5
market1501/bounding_box_train/0948_c6s2_114118_05.jpg,948,market1501,5
market1501/bounding_box_train/0095_c2s1_015351_05.jpg,95,market1501,1
market1501/bounding_box_train/0095_c4s1_015376_05.jpg,95,market1501,3
market1501/bounding_box_train/0095_c4s1_015401_02.jpg,95,market1501,3
market1501/bounding_box_train/0958_c1s6_025646_04.jpg,958,market1501,0
market1501/bounding_box_train/0958_c2s3_068077_01.jpg,958,market1501,1
market1501/bounding_box_train/0958_c2s3_068177_01.jpg,958,market1501,1
market1501/bounding_box_train/0958_c3s3_074519_05.jpg,958,market1501,2
market1501/bounding_box_train/0958_c5s3_074737_04.jpg,958,market1501,4
market1501/bounding_box_train/0958_c6s4_000977_02.jpg,958,market1501,5
market1501/bounding_box_train/0958_c6s4_001002_01.jpg,958,market1501,5
market1501/bounding_box_train/0958_c6s4_001002_02.jpg,958,market1501,5
market1501/bounding_box_train/0958_c6s4_001027_02.jpg,958,market1501,5
market1501/bounding_box_train/0961_c1s4_061786_01.jpg,961,market1501,0
market1501/bounding_box_train/0961_c1s4_064411_01.jpg,961,market1501,0
market1501/bounding_box_train/0961_c1s4_064486_01.jpg,961,market1501,0
market1501/bounding_box_train/0961_c2s2_122052_04.jpg,961,market1501,1
market1501/bounding_box_train/0961_c3s2_119894_12.jpg,961,market1501,2
market1501/bounding_box_train/0961_c3s2_120094_06.jpg,961,market1501,2
market1501/bounding_box_train/0961_c3s2_120119_01.jpg,961,market1501,2
market1501/bounding_box_train/0961_c3s2_120144_10.jpg,961,market1501,2
market1501/bounding_box_train/0961_c3s2_120394_03.jpg,961,market1501,2
market1501/bounding_box_train/0961_c3s2_120494_03.jpg,961,market1501,2
market1501/bounding_box_train/0961_c6s2_114043_11.jpg,961,market1501,5
market1501/bounding_box_train/0961_c6s2_114168_07.jpg,961,market1501,5
market1501/bounding_box_train/0961_c6s2_114218_04.jpg,961,market1501,5
market1501/bounding_box_train/0961_c6s2_114268_08.jpg,961,market1501,5
market1501/bounding_box_train/0961_c6s2_114293_09.jpg,961,market1501,5
market1501/bounding_box_train/0961_c6s2_114343_05.jpg,961,market1501,5
market1501/bounding_box_train/0961_c6s2_114418_07.jpg,961,market1501,5
market1501/bounding_box_train/0961_c6s2_114568_04.jpg,961,market1501,5
market1501/bounding_box_train/0961_c6s2_114768_03.jpg,961,market1501,5
market1501/bounding_box_train/0961_c6s2_114918_04.jpg,961,market1501,5
market1501/bounding_box_train/0961_c6s2_114943_04.jpg,961,market1501,5
market1501/bounding_box_train/0961_c6s2_118318_09.jpg,961,market1501,5
market1501/bounding_box_train/0963_c1s4_064411_02.jpg,963,market1501,0
market1501/bounding_box_train/0963_c1s4_064611_01.jpg,963,market1501,0
market1501/bounding_box_train/0963_c2s2_122227_03.jpg,963,market1501,1
market1501/bounding_box_train/0963_c2s2_122352_02.jpg,963,market1501,1
market1501/bounding_box_train/0963_c2s2_122352_06.jpg,963,market1501,1
market1501/bounding_box_train/0963_c2s2_122452_03.jpg,963,market1501,1
market1501/bounding_box_train/0963_c3s2_120319_04.jpg,963,market1501,2
market1501/bounding_box_train/0963_c3s2_120394_07.jpg,963,market1501,2
market1501/bounding_box_train/0963_c3s2_120494_02.jpg,963,market1501,2
market1501/bounding_box_train/0963_c5s2_121174_05.jpg,963,market1501,4
market1501/bounding_box_train/0963_c6s2_114368_06.jpg,963,market1501,5
market1501/bounding_box_train/0963_c6s2_114418_04.jpg,963,market1501,5
market1501/bounding_box_train/0963_c6s2_114443_04.jpg,963,market1501,5
market1501/bounding_box_train/0963_c6s2_114568_03.jpg,963,market1501,5
market1501/bounding_box_train/0963_c6s2_114593_03.jpg,963,market1501,5
market1501/bounding_box_train/0963_c6s2_114768_01.jpg,963,market1501,5
market1501/bounding_box_train/0963_c6s2_114818_03.jpg,963,market1501,5
market1501/bounding_box_train/0963_c6s2_114843_03.jpg,963,market1501,5
market1501/bounding_box_train/0963_c6s2_114868_04.jpg,963,market1501,5
market1501/bounding_box_train/0963_c6s2_115093_04.jpg,963,market1501,5
market1501/bounding_box_train/0963_c6s2_115218_03.jpg,963,market1501,5
market1501/bounding_box_train/0963_c6s2_118793_01.jpg,963,market1501,5
market1501/bounding_box_train/0097_c2s1_015701_01.jpg,97,market1501,1
market1501/bounding_box_train/0097_c2s1_015701_03.jpg,97,market1501,1
market1501/bounding_box_train/0097_c2s1_015726_03.jpg,97,market1501,1
market1501/bounding_box_train/0097_c3s1_015926_02.jpg,97,market1501,2
market1501/bounding_box_train/0097_c3s1_015951_02.jpg,97,market1501,2
market1501/bounding_box_train/0097_c3s1_016001_02.jpg,97,market1501,2
market1501/bounding_box_train/0097_c6s1_016501_01.jpg,97,market1501,5
market1501/bounding_box_train/0097_c6s1_016526_01.jpg,97,market1501,5
market1501/bounding_box_train/0976_c1s4_062586_03.jpg,976,market1501,0
market1501/bounding_box_train/0976_c1s4_064411_03.jpg,976,market1501,0
market1501/bounding_box_train/0976_c1s4_064486_04.jpg,976,market1501,0
market1501/bounding_box_train/0976_c1s4_064511_03.jpg,976,market1501,0
market1501/bounding_box_train/0976_c2s2_122052_01.jpg,976,market1501,1
market1501/bounding_box_train/0976_c2s2_122227_01.jpg,976,market1501,1
market1501/bounding_box_train/0976_c2s2_122452_02.jpg,976,market1501,1
market1501/bounding_box_train/0976_c3s2_122719_07.jpg,976,market1501,2
market1501/bounding_box_train/0976_c3s2_122744_09.jpg,976,market1501,2
market1501/bounding_box_train/0976_c3s2_122819_06.jpg,976,market1501,2
market1501/bounding_box_train/0976_c3s2_122994_02.jpg,976,market1501,2
market1501/bounding_box_train/0976_c5s2_123599_03.jpg,976,market1501,4
market1501/bounding_box_train/0976_c5s2_123749_01.jpg,976,market1501,4
market1501/bounding_box_train/0976_c6s2_116143_01.jpg,976,market1501,5
market1501/bounding_box_train/0976_c6s2_116168_01.jpg,976,market1501,5
market1501/bounding_box_train/0976_c6s2_116218_02.jpg,976,market1501,5
market1501/bounding_box_train/0976_c6s2_116493_04.jpg,976,market1501,5
market1501/bounding_box_train/0976_c6s2_116543_02.jpg,976,market1501,5
market1501/bounding_box_train/0976_c6s2_116618_02.jpg,976,market1501,5
market1501/bounding_box_train/0976_c6s2_116893_03.jpg,976,market1501,5
market1501/bounding_box_train/0976_c6s2_117018_09.jpg,976,market1501,5
market1501/bounding_box_train/0976_c6s2_117118_05.jpg,976,market1501,5
market1501/bounding_box_train/0976_c6s2_117118_07.jpg,976,market1501,5
market1501/bounding_box_train/0976_c6s2_117143_05.jpg,976,market1501,5
market1501/bounding_box_train/0976_c6s2_117193_01.jpg,976,market1501,5
market1501/bounding_box_train/0976_c6s2_118643_01.jpg,976,market1501,5
market1501/bounding_box_train/0990_c1s4_066786_02.jpg,990,market1501,0
market1501/bounding_box_train/0990_c1s4_066836_02.jpg,990,market1501,0
market1501/bounding_box_train/0990_c1s4_073236_05.jpg,990,market1501,0
market1501/bounding_box_train/0990_c1s4_073261_07.jpg,990,market1501,0
market1501/bounding_box_train/0990_c2s2_124177_03.jpg,990,market1501,1
market1501/bounding_box_train/0990_c2s2_124227_06.jpg,990,market1501,1
market1501/bounding_box_train/0990_c2s2_156752_02.jpg,990,market1501,1
market1501/bounding_box_train/0990_c3s2_127469_02.jpg,990,market1501,2
market1501/bounding_box_train/0990_c3s2_127494_02.jpg,990,market1501,2
market1501/bounding_box_train/0990_c3s2_133469_02.jpg,990,market1501,2
market1501/bounding_box_train/0990_c3s2_159544_06.jpg,990,market1501,2
market1501/bounding_box_train/0990_c5s2_127824_03.jpg,990,market1501,4
market1501/bounding_box_train/0990_c5s2_127849_04.jpg,990,market1501,4
market1501/bounding_box_train/0990_c6s2_121693_03.jpg,990,market1501,5
market1501/bounding_box_train/0990_c6s2_121718_02.jpg,990,market1501,5
market1501/bounding_box_train/0990_c6s2_121743_05.jpg,990,market1501,5
market1501/bounding_box_train/0990_c6s2_121768_02.jpg,990,market1501,5
market1501/bounding_box_train/0990_c6s2_127543_02.jpg,990,market1501,5
market1501/bounding_box_train/0990_c6s2_127618_06.jpg,990,market1501,5
market1501/bounding_box_train/0990_c6s3_021392_02.jpg,990,market1501,5
market1501/bounding_box_train/0990_c6s3_021417_02.jpg,990,market1501,5
market1501/bounding_box_train/0992_c1s4_066761_04.jpg,992,market1501,0
market1501/bounding_box_train/0992_c1s4_066811_02.jpg,992,market1501,0
market1501/bounding_box_train/0992_c1s4_066836_04.jpg,992,market1501,0
market1501/bounding_box_train/0992_c1s5_014186_01.jpg,992,market1501,0
market1501/bounding_box_train/0992_c1s5_014236_01.jpg,992,market1501,0
market1501/bounding_box_train/0992_c1s5_014261_01.jpg,992,market1501,0
market1501/bounding_box_train/0992_c1s5_014361_03.jpg,992,market1501,0
market1501/bounding_box_train/0992_c2s2_124202_01.jpg,992,market1501,1
market1501/bounding_box_train/0992_c2s2_124227_04.jpg,992,market1501,1
market1501/bounding_box_train/0992_c2s2_146827_01.jpg,992,market1501,1
market1501/bounding_box_train/0992_c3s2_127419_01.jpg,992,market1501,2
market1501/bounding_box_train/0992_c3s2_127469_01.jpg,992,market1501,2
market1501/bounding_box_train/0992_c3s2_127494_04.jpg,992,market1501,2
market1501/bounding_box_train/0992_c3s2_127544_01.jpg,992,market1501,2
market1501/bounding_box_train/0992_c3s2_149569_03.jpg,992,market1501,2
market1501/bounding_box_train/0992_c3s2_149594_04.jpg,992,market1501,2
market1501/bounding_box_train/0992_c4s5_013479_01.jpg,992,market1501,3
market1501/bounding_box_train/0992_c4s5_013479_03.jpg,992,market1501,3
market1501/bounding_box_train/0992_c4s5_013579_02.jpg,992,market1501,3
market1501/bounding_box_train/0992_c4s5_013579_04.jpg,992,market1501,3
market1501/bounding_box_train/0992_c4s5_013604_01.jpg,992,market1501,3
market1501/bounding_box_train/0992_c4s5_013654_01.jpg,992,market1501,3
market1501/bounding_box_train/0992_c5s2_127824_02.jpg,992,market1501,4
market1501/bounding_box_train/0992_c5s2_127899_01.jpg,992,market1501,4
market1501/bounding_box_train/0992_c5s2_127899_08.jpg,992,market1501,4
market1501/bounding_box_train/0992_c5s2_127999_01.jpg,992,market1501,4
market1501/bounding_box_train/0992_c5s2_149924_04.jpg,992,market1501,4
market1501/bounding_box_train/0992_c5s2_150024_04.jpg,992,market1501,4
market1501/bounding_box_train/0994_c1s4_067611_02.jpg,994,market1501,0
market1501/bounding_box_train/0994_c1s4_067636_01.jpg,994,market1501,0
market1501/bounding_box_train/0994_c3s2_127894_05.jpg,994,market1501,2
market1501/bounding_box_train/0994_c3s2_127919_02.jpg,994,market1501,2
market1501/bounding_box_train/0994_c3s2_127969_01.jpg,994,market1501,2
market1501/bounding_box_train/0994_c3s2_127994_02.jpg,994,market1501,2
market1501/bounding_box_train/0994_c4s4_067616_01.jpg,994,market1501,3
market1501/bounding_box_train/0994_c5s2_128524_03.jpg,994,market1501,4
market1501/bounding_box_train/0994_c5s2_128699_04.jpg,994,market1501,4
market1501/bounding_box_train/0994_c6s2_121943_01.jpg,994,market1501,5
market1501/bounding_box_train/0994_c6s2_121968_01.jpg,994,market1501,5
market1501/bounding_box_train/0994_c6s2_122018_01.jpg,994,market1501,5
market1501/bounding_box_train/0994_c6s2_122068_02.jpg,994,market1501,5
market1501/bounding_box_train/0994_c6s2_122143_01.jpg,994,market1501,5
market1501/bounding_box_train/0994_c6s2_122193_01.jpg,994,market1501,5
