path,pid,camid,split,category,domain,object_noun,eval_protocol,session_id,shot_id,frame_id,source_group,query_group,augmentation
train/000001.jpg,64,0,train,tiger,atrw,tiger,single_query,unknown,,,000001,,
train/000002.jpg,27,0,train,tiger,atrw,tiger,single_query,unknown,,,000002,,
train/000009.jpg,246,0,train,tiger,atrw,tiger,single_query,unknown,,,000009,,
train/000012.jpg,148,0,train,tiger,atrw,tiger,single_query,unknown,,,000012,,
train/000014.jpg,154,0,train,tiger,atrw,tiger,single_query,unknown,,,000014,,
train/000015.jpg,244,0,train,tiger,atrw,tiger,single_query,unknown,,,000015,,
train/000020.jpg,22,0,train,tiger,atrw,tiger,single_query,unknown,,,000020,,
train/000021.jpg,265,0,train,tiger,atrw,tiger,single_query,unknown,,,000021,,
train/000024.jpg,91,0,train,tiger,atrw,tiger,single_query,unknown,,,000024,,
train/000025.jpg,66,0,train,tiger,atrw,tiger,single_query,unknown,,,000025,,
train/000029.jpg,172,0,train,tiger,atrw,tiger,single_query,unknown,,,000029,,
train/000031.jpg,238,0,train,tiger,atrw,tiger,single_query,unknown,,,000031,,
train/000033.jpg,268,0,train,tiger,atrw,tiger,single_query,unknown,,,000033,,
train/000037.jpg,94,0,train,tiger,atrw,tiger,single_query,unknown,,,000037,,
train/000039.jpg,268,0,train,tiger,atrw,tiger,single_query,unknown,,,000039,,
train/000042.jpg,244,0,train,tiger,atrw,tiger,single_query,unknown,,,000042,,
train/000043.jpg,198,0,train,tiger,atrw,tiger,single_query,unknown,,,000043,,
train/000044.jpg,97,0,train,tiger,atrw,tiger,single_query,unknown,,,000044,,
train/000047.jpg,223,0,train,tiger,atrw,tiger,single_query,unknown,,,000047,,
train/000049.jpg,28,0,train,tiger,atrw,tiger,single_query,unknown,,,000049,,
train/000050.jpg,265,0,train,tiger,atrw,tiger,single_query,unknown,,,000050,,
train/000053.jpg,171,0,train,tiger,atrw,tiger,single_query,unknown,,,000053,,
train/000056.jpg,108,0,train,tiger,atrw,tiger,single_query,unknown,,,000056,,
train/000058.jpg,43,0,train,tiger,atrw,tiger,single_query,unknown,,,000058,,
train/000064.jpg,94,0,train,tiger,atrw,tiger,single_query,unknown,,,000064,,
train/000069.jpg,33,0,train,tiger,atrw,tiger,single_query,unknown,,,000069,,
train/000071.jpg,217,0,train,tiger,atrw,tiger,single_query,unknown,,,000071,,
train/000078.jpg,124,0,train,tiger,atrw,tiger,single_query,unknown,,,000078,,
train/000079.jpg,261,0,train,tiger,atrw,tiger,single_query,unknown,,,000079,,
train/000083.jpg,264,0,train,tiger,atrw,tiger,single_query,unknown,,,000083,,
train/000085.jpg,196,0,train,tiger,atrw,tiger,single_query,unknown,,,000085,,
train/000090.jpg,25,0,train,tiger,atrw,tiger,single_query,unknown,,,000090,,
train/000091.jpg,253,0,train,tiger,atrw,tiger,single_query,unknown,,,000091,,
train/000093.jpg,178,0,train,tiger,atrw,tiger,single_query,unknown,,,000093,,
train/000094.jpg,181,0,train,tiger,atrw,tiger,single_query,unknown,,,000094,,
train/000095.jpg,25,0,train,tiger,atrw,tiger,single_query,unknown,,,000095,,
train/000096.jpg,72,0,train,tiger,atrw,tiger,single_query,unknown,,,000096,,
train/000100.jpg,160,0,train,tiger,atrw,tiger,single_query,unknown,,,000100,,
train/000104.jpg,237,0,train,tiger,atrw,tiger,single_query,unknown,,,000104,,
train/000105.jpg,153,0,train,tiger,atrw,tiger,single_query,unknown,,,000105,,
train/000107.jpg,82,0,train,tiger,atrw,tiger,single_query,unknown,,,000107,,
train/000108.jpg,253,0,train,tiger,atrw,tiger,single_query,unknown,,,000108,,
train/000109.jpg,201,0,train,tiger,atrw,tiger,single_query,unknown,,,000109,,
train/000111.jpg,168,0,train,tiger,atrw,tiger,single_query,unknown,,,000111,,
train/000120.jpg,178,0,train,tiger,atrw,tiger,single_query,unknown,,,000120,,
train/000127.jpg,97,0,train,tiger,atrw,tiger,single_query,unknown,,,000127,,
train/000129.jpg,55,0,train,tiger,atrw,tiger,single_query,unknown,,,000129,,
train/000135.jpg,6,0,train,tiger,atrw,tiger,single_query,unknown,,,000135,,
train/000136.jpg,202,0,train,tiger,atrw,tiger,single_query,unknown,,,000136,,
train/000137.jpg,268,0,train,tiger,atrw,tiger,single_query,unknown,,,000137,,
train/000140.jpg,45,0,train,tiger,atrw,tiger,single_query,unknown,,,000140,,
train/000144.jpg,69,0,train,tiger,atrw,tiger,single_query,unknown,,,000144,,
train/000150.jpg,126,0,train,tiger,atrw,tiger,single_query,unknown,,,000150,,
train/000151.jpg,94,0,train,tiger,atrw,tiger,single_query,unknown,,,000151,,
train/000152.jpg,250,0,train,tiger,atrw,tiger,single_query,unknown,,,000152,,
train/000153.jpg,72,0,train,tiger,atrw,tiger,single_query,unknown,,,000153,,
train/000154.jpg,172,0,train,tiger,atrw,tiger,single_query,unknown,,,000154,,
train/000155.jpg,76,0,train,tiger,atrw,tiger,single_query,unknown,,,000155,,
train/000159.jpg,202,0,train,tiger,atrw,tiger,single_query,unknown,,,000159,,
train/000160.jpg,81,0,train,tiger,atrw,tiger,single_query,unknown,,,000160,,
train/000161.jpg,22,0,train,tiger,atrw,tiger,single_query,unknown,,,000161,,
train/000167.jpg,267,0,train,tiger,atrw,tiger,single_query,unknown,,,000167,,
train/000172.jpg,132,0,train,tiger,atrw,tiger,single_query,unknown,,,000172,,
train/000173.jpg,243,0,train,tiger,atrw,tiger,single_query,unknown,,,000173,,
train/000175.jpg,130,0,train,tiger,atrw,tiger,single_query,unknown,,,000175,,
train/000178.jpg,126,0,train,tiger,atrw,tiger,single_query,unknown,,,000178,,
train/000179.jpg,243,0,train,tiger,atrw,tiger,single_query,unknown,,,000179,,
train/000185.jpg,82,0,train,tiger,atrw,tiger,single_query,unknown,,,000185,,
train/000187.jpg,153,0,train,tiger,atrw,tiger,single_query,unknown,,,000187,,
train/000189.jpg,88,0,train,tiger,atrw,tiger,single_query,unknown,,,000189,,
train/000190.jpg,12,0,train,tiger,atrw,tiger,single_query,unknown,,,000190,,
train/000195.jpg,246,0,train,tiger,atrw,tiger,single_query,unknown,,,000195,,
train/000198.jpg,222,0,train,tiger,atrw,tiger,single_query,unknown,,,000198,,
train/000201.jpg,153,0,train,tiger,atrw,tiger,single_query,unknown,,,000201,,
train/000204.jpg,24,0,train,tiger,atrw,tiger,single_query,unknown,,,000204,,
train/000205.jpg,187,0,train,tiger,atrw,tiger,single_query,unknown,,,000205,,
train/000206.jpg,261,0,train,tiger,atrw,tiger,single_query,unknown,,,000206,,
train/000209.jpg,78,0,train,tiger,atrw,tiger,single_query,unknown,,,000209,,
train/000210.jpg,168,0,train,tiger,atrw,tiger,single_query,unknown,,,000210,,
train/000212.jpg,154,0,train,tiger,atrw,tiger,single_query,unknown,,,000212,,
train/000214.jpg,64,0,train,tiger,atrw,tiger,single_query,unknown,,,000214,,
train/000217.jpg,82,0,train,tiger,atrw,tiger,single_query,unknown,,,000217,,
train/000222.jpg,3,0,train,tiger,atrw,tiger,single_query,unknown,,,000222,,
train/000225.jpg,213,0,train,tiger,atrw,tiger,single_query,unknown,,,000225,,
train/000227.jpg,261,0,train,tiger,atrw,tiger,single_query,unknown,,,000227,,
train/000229.jpg,45,0,train,tiger,atrw,tiger,single_query,unknown,,,000229,,
train/000232.jpg,160,0,train,tiger,atrw,tiger,single_query,unknown,,,000232,,
train/000233.jpg,6,0,train,tiger,atrw,tiger,single_query,unknown,,,000233,,
train/000236.jpg,243,0,train,tiger,atrw,tiger,single_query,unknown,,,000236,,
train/000238.jpg,273,0,train,tiger,atrw,tiger,single_query,unknown,,,000238,,
train/000240.jpg,246,0,train,tiger,atrw,tiger,single_query,unknown,,,000240,,
train/000245.jpg,246,0,train,tiger,atrw,tiger,single_query,unknown,,,000245,,
train/000246.jpg,223,0,train,tiger,atrw,tiger,single_query,unknown,,,000246,,
train/000247.jpg,76,0,train,tiger,atrw,tiger,single_query,unknown,,,000247,,
train/000252.jpg,244,0,train,tiger,atrw,tiger,single_query,unknown,,,000252,,
train/000256.jpg,81,0,train,tiger,atrw,tiger,single_query,unknown,,,000256,,
train/000257.jpg,160,0,train,tiger,atrw,tiger,single_query,unknown,,,000257,,
train/000262.jpg,237,0,train,tiger,atrw,tiger,single_query,unknown,,,000262,,
train/000265.jpg,106,0,train,tiger,atrw,tiger,single_query,unknown,,,000265,,
train/000268.jpg,181,0,train,tiger,atrw,tiger,single_query,unknown,,,000268,,
train/000269.jpg,153,0,train,tiger,atrw,tiger,single_query,unknown,,,000269,,
train/000270.jpg,171,0,train,tiger,atrw,tiger,single_query,unknown,,,000270,,
train/000272.jpg,148,0,train,tiger,atrw,tiger,single_query,unknown,,,000272,,
train/000279.jpg,181,0,train,tiger,atrw,tiger,single_query,unknown,,,000279,,
train/000281.jpg,172,0,train,tiger,atrw,tiger,single_query,unknown,,,000281,,
train/000283.jpg,154,0,train,tiger,atrw,tiger,single_query,unknown,,,000283,,
train/000284.jpg,154,0,train,tiger,atrw,tiger,single_query,unknown,,,000284,,
train/000285.jpg,213,0,train,tiger,atrw,tiger,single_query,unknown,,,000285,,
train/000286.jpg,201,0,train,tiger,atrw,tiger,single_query,unknown,,,000286,,
train/000287.jpg,195,0,train,tiger,atrw,tiger,single_query,unknown,,,000287,,
train/000294.jpg,142,0,train,tiger,atrw,tiger,single_query,unknown,,,000294,,
train/000296.jpg,226,0,train,tiger,atrw,tiger,single_query,unknown,,,000296,,
train/000298.jpg,115,0,train,tiger,atrw,tiger,single_query,unknown,,,000298,,
train/000299.jpg,244,0,train,tiger,atrw,tiger,single_query,unknown,,,000299,,
train/000300.jpg,256,0,train,tiger,atrw,tiger,single_query,unknown,,,000300,,
train/000303.jpg,3,0,train,tiger,atrw,tiger,single_query,unknown,,,000303,,
train/000305.jpg,90,0,train,tiger,atrw,tiger,single_query,unknown,,,000305,,
train/000307.jpg,1,0,train,tiger,atrw,tiger,single_query,unknown,,,000307,,
train/000311.jpg,160,0,train,tiger,atrw,tiger,single_query,unknown,,,000311,,
train/000313.jpg,81,0,train,tiger,atrw,tiger,single_query,unknown,,,000313,,
train/000314.jpg,268,0,train,tiger,atrw,tiger,single_query,unknown,,,000314,,
train/000316.jpg,3,0,train,tiger,atrw,tiger,single_query,unknown,,,000316,,
train/000317.jpg,129,0,train,tiger,atrw,tiger,single_query,unknown,,,000317,,
train/000319.jpg,238,0,train,tiger,atrw,tiger,single_query,unknown,,,000319,,
train/000320.jpg,240,0,train,tiger,atrw,tiger,single_query,unknown,,,000320,,
train/000323.jpg,238,0,train,tiger,atrw,tiger,single_query,unknown,,,000323,,
train/000324.jpg,271,0,train,tiger,atrw,tiger,single_query,unknown,,,000324,,
train/000327.jpg,132,0,train,tiger,atrw,tiger,single_query,unknown,,,000327,,
train/000334.jpg,228,0,train,tiger,atrw,tiger,single_query,unknown,,,000334,,
train/000337.jpg,223,0,train,tiger,atrw,tiger,single_query,unknown,,,000337,,
train/000339.jpg,249,0,train,tiger,atrw,tiger,single_query,unknown,,,000339,,
train/000340.jpg,13,0,train,tiger,atrw,tiger,single_query,unknown,,,000340,,
train/000342.jpg,160,0,train,tiger,atrw,tiger,single_query,unknown,,,000342,,
train/000348.jpg,109,0,train,tiger,atrw,tiger,single_query,unknown,,,000348,,
train/000355.jpg,160,0,train,tiger,atrw,tiger,single_query,unknown,,,000355,,
train/000356.jpg,64,0,train,tiger,atrw,tiger,single_query,unknown,,,000356,,
train/000357.jpg,202,0,train,tiger,atrw,tiger,single_query,unknown,,,000357,,
train/000360.jpg,244,0,train,tiger,atrw,tiger,single_query,unknown,,,000360,,
train/000361.jpg,91,0,train,tiger,atrw,tiger,single_query,unknown,,,000361,,
train/000368.jpg,91,0,train,tiger,atrw,tiger,single_query,unknown,,,000368,,
train/000369.jpg,82,0,train,tiger,atrw,tiger,single_query,unknown,,,000369,,
train/000370.jpg,168,0,train,tiger,atrw,tiger,single_query,unknown,,,000370,,
train/000372.jpg,160,0,train,tiger,atrw,tiger,single_query,unknown,,,000372,,
train/000373.jpg,220,0,train,tiger,atrw,tiger,single_query,unknown,,,000373,,
train/000381.jpg,27,0,train,tiger,atrw,tiger,single_query,unknown,,,000381,,
train/000382.jpg,114,0,train,tiger,atrw,tiger,single_query,unknown,,,000382,,
train/000384.jpg,0,0,train,tiger,atrw,tiger,single_query,unknown,,,000384,,
train/000385.jpg,34,0,train,tiger,atrw,tiger,single_query,unknown,,,000385,,
train/000387.jpg,160,0,train,tiger,atrw,tiger,single_query,unknown,,,000387,,
train/000393.jpg,43,0,train,tiger,atrw,tiger,single_query,unknown,,,000393,,
train/000396.jpg,153,0,train,tiger,atrw,tiger,single_query,unknown,,,000396,,
train/000398.jpg,202,0,train,tiger,atrw,tiger,single_query,unknown,,,000398,,
train/000405.jpg,247,0,train,tiger,atrw,tiger,single_query,unknown,,,000405,,
train/000409.jpg,268,0,train,tiger,atrw,tiger,single_query,unknown,,,000409,,
train/000418.jpg,237,0,train,tiger,atrw,tiger,single_query,unknown,,,000418,,
train/000420.jpg,246,0,train,tiger,atrw,tiger,single_query,unknown,,,000420,,
train/000423.jpg,154,0,train,tiger,atrw,tiger,single_query,unknown,,,000423,,
train/000424.jpg,265,0,train,tiger,atrw,tiger,single_query,unknown,,,000424,,
train/000426.jpg,250,0,train,tiger,atrw,tiger,single_query,unknown,,,000426,,
train/000427.jpg,106,0,train,tiger,atrw,tiger,single_query,unknown,,,000427,,
train/000433.jpg,211,0,train,tiger,atrw,tiger,single_query,unknown,,,000433,,
train/000436.jpg,259,0,train,tiger,atrw,tiger,single_query,unknown,,,000436,,
train/000438.jpg,136,0,train,tiger,atrw,tiger,single_query,unknown,,,000438,,
train/000443.jpg,237,0,train,tiger,atrw,tiger,single_query,unknown,,,000443,,
train/000447.jpg,261,0,train,tiger,atrw,tiger,single_query,unknown,,,000447,,
train/000453.jpg,51,0,train,tiger,atrw,tiger,single_query,unknown,,,000453,,
train/000460.jpg,142,0,train,tiger,atrw,tiger,single_query,unknown,,,000460,,
train/000462.jpg,237,0,train,tiger,atrw,tiger,single_query,unknown,,,000462,,
train/000463.jpg,160,0,train,tiger,atrw,tiger,single_query,unknown,,,000463,,
train/000465.jpg,96,0,train,tiger,atrw,tiger,single_query,unknown,,,000465,,
train/000468.jpg,244,0,train,tiger,atrw,tiger,single_query,unknown,,,000468,,
train/000471.jpg,243,0,train,tiger,atrw,tiger,single_query,unknown,,,000471,,
train/000473.jpg,142,0,train,tiger,atrw,tiger,single_query,unknown,,,000473,,
train/000481.jpg,160,0,train,tiger,atrw,tiger,single_query,unknown,,,000481,,
train/000487.jpg,255,0,train,tiger,atrw,tiger,single_query,unknown,,,000487,,
train/000489.jpg,187,0,train,tiger,atrw,tiger,single_query,unknown,,,000489,,
train/000492.jpg,76,0,train,tiger,atrw,tiger,single_query,unknown,,,000492,,
train/000500.jpg,255,0,train,tiger,atrw,tiger,single_query,unknown,,,000500,,
train/000502.jpg,237,0,train,tiger,atrw,tiger,single_query,unknown,,,000502,,
train/000505.jpg,154,0,train,tiger,atrw,tiger,single_query,unknown,,,000505,,
train/000508.jpg,153,0,train,tiger,atrw,tiger,single_query,unknown,,,000508,,
train/000510.jpg,30,0,train,tiger,atrw,tiger,single_query,unknown,,,000510,,
train/000511.jpg,57,0,train,tiger,atrw,tiger,single_query,unknown,,,000511,,
train/000514.jpg,238,0,train,tiger,atrw,tiger,single_query,unknown,,,000514,,
train/000516.jpg,271,0,train,tiger,atrw,tiger,single_query,unknown,,,000516,,
train/000517.jpg,94,0,train,tiger,atrw,tiger,single_query,unknown,,,000517,,
train/000518.jpg,1,0,train,tiger,atrw,tiger,single_query,unknown,,,000518,,
train/000519.jpg,273,0,train,tiger,atrw,tiger,single_query,unknown,,,000519,,
train/000521.jpg,160,0,train,tiger,atrw,tiger,single_query,unknown,,,000521,,
train/000523.jpg,160,0,train,tiger,atrw,tiger,single_query,unknown,,,000523,,
train/000524.jpg,132,0,train,tiger,atrw,tiger,single_query,unknown,,,000524,,
train/000525.jpg,247,0,train,tiger,atrw,tiger,single_query,unknown,,,000525,,
train/000528.jpg,247,0,train,tiger,atrw,tiger,single_query,unknown,,,000528,,
train/000529.jpg,175,0,train,tiger,atrw,tiger,single_query,unknown,,,000529,,
train/000530.jpg,273,0,train,tiger,atrw,tiger,single_query,unknown,,,000530,,
train/000531.jpg,24,0,train,tiger,atrw,tiger,single_query,unknown,,,000531,,
train/000533.jpg,274,0,train,tiger,atrw,tiger,single_query,unknown,,,000533,,
train/000534.jpg,106,0,train,tiger,atrw,tiger,single_query,unknown,,,000534,,
train/000538.jpg,6,0,train,tiger,atrw,tiger,single_query,unknown,,,000538,,
train/000540.jpg,3,0,train,tiger,atrw,tiger,single_query,unknown,,,000540,,
train/000541.jpg,201,0,train,tiger,atrw,tiger,single_query,unknown,,,000541,,
train/000543.jpg,54,0,train,tiger,atrw,tiger,single_query,unknown,,,000543,,
train/000548.jpg,40,0,train,tiger,atrw,tiger,single_query,unknown,,,000548,,
train/000550.jpg,240,0,train,tiger,atrw,tiger,single_query,unknown,,,000550,,
train/000551.jpg,13,0,train,tiger,atrw,tiger,single_query,unknown,,,000551,,
train/000559.jpg,160,0,train,tiger,atrw,tiger,single_query,unknown,,,000559,,
train/000560.jpg,13,0,train,tiger,atrw,tiger,single_query,unknown,,,000560,,
train/000562.jpg,28,0,train,tiger,atrw,tiger,single_query,unknown,,,000562,,
train/000566.jpg,153,0,train,tiger,atrw,tiger,single_query,unknown,,,000566,,
train/000568.jpg,136,0,train,tiger,atrw,tiger,single_query,unknown,,,000568,,
train/000574.jpg,69,0,train,tiger,atrw,tiger,single_query,unknown,,,000574,,
train/000575.jpg,60,0,train,tiger,atrw,tiger,single_query,unknown,,,000575,,
train/000582.jpg,247,0,train,tiger,atrw,tiger,single_query,unknown,,,000582,,
train/000584.jpg,0,0,train,tiger,atrw,tiger,single_query,unknown,,,000584,,
train/000585.jpg,54,0,train,tiger,atrw,tiger,single_query,unknown,,,000585,,
train/000590.jpg,25,0,train,tiger,atrw,tiger,single_query,unknown,,,000590,,
train/000592.jpg,246,0,train,tiger,atrw,tiger,single_query,unknown,,,000592,,
train/000593.jpg,85,0,train,tiger,atrw,tiger,single_query,unknown,,,000593,,
train/000597.jpg,168,0,train,tiger,atrw,tiger,single_query,unknown,,,000597,,
train/000598.jpg,229,0,train,tiger,atrw,tiger,single_query,unknown,,,000598,,
train/000599.jpg,243,0,train,tiger,atrw,tiger,single_query,unknown,,,000599,,
train/000603.jpg,54,0,train,tiger,atrw,tiger,single_query,unknown,,,000603,,
train/000604.jpg,243,0,train,tiger,atrw,tiger,single_query,unknown,,,000604,,
train/000606.jpg,153,0,train,tiger,atrw,tiger,single_query,unknown,,,000606,,
train/000607.jpg,253,0,train,tiger,atrw,tiger,single_query,unknown,,,000607,,
train/000609.jpg,187,0,train,tiger,atrw,tiger,single_query,unknown,,,000609,,
train/000611.jpg,43,0,train,tiger,atrw,tiger,single_query,unknown,,,000611,,
train/000612.jpg,153,0,train,tiger,atrw,tiger,single_query,unknown,,,000612,,
train/000614.jpg,51,0,train,tiger,atrw,tiger,single_query,unknown,,,000614,,
train/000617.jpg,202,0,train,tiger,atrw,tiger,single_query,unknown,,,000617,,
train/000618.jpg,39,0,train,tiger,atrw,tiger,single_query,unknown,,,000618,,
train/000623.jpg,249,0,train,tiger,atrw,tiger,single_query,unknown,,,000623,,
train/000624.jpg,196,0,train,tiger,atrw,tiger,single_query,unknown,,,000624,,
train/000625.jpg,201,0,train,tiger,atrw,tiger,single_query,unknown,,,000625,,
train/000626.jpg,160,0,train,tiger,atrw,tiger,single_query,unknown,,,000626,,
train/000627.jpg,153,0,train,tiger,atrw,tiger,single_query,unknown,,,000627,,
train/000628.jpg,196,0,train,tiger,atrw,tiger,single_query,unknown,,,000628,,
train/000630.jpg,201,0,train,tiger,atrw,tiger,single_query,unknown,,,000630,,
train/000633.jpg,57,0,train,tiger,atrw,tiger,single_query,unknown,,,000633,,
train/000634.jpg,264,0,train,tiger,atrw,tiger,single_query,unknown,,,000634,,
train/000636.jpg,160,0,train,tiger,atrw,tiger,single_query,unknown,,,000636,,
train/000637.jpg,33,0,train,tiger,atrw,tiger,single_query,unknown,,,000637,,
train/000641.jpg,208,0,train,tiger,atrw,tiger,single_query,unknown,,,000641,,
train/000643.jpg,69,0,train,tiger,atrw,tiger,single_query,unknown,,,000643,,
train/000645.jpg,100,0,train,tiger,atrw,tiger,single_query,unknown,,,000645,,
train/000656.jpg,153,0,train,tiger,atrw,tiger,single_query,unknown,,,000656,,
train/000660.jpg,247,0,train,tiger,atrw,tiger,single_query,unknown,,,000660,,
train/000661.jpg,177,0,train,tiger,atrw,tiger,single_query,unknown,,,000661,,
train/000664.jpg,240,0,train,tiger,atrw,tiger,single_query,unknown,,,000664,,
train/000669.jpg,88,0,train,tiger,atrw,tiger,single_query,unknown,,,000669,,
train/000670.jpg,172,0,train,tiger,atrw,tiger,single_query,unknown,,,000670,,
train/000671.jpg,259,0,train,tiger,atrw,tiger,single_query,unknown,,,000671,,
train/000676.jpg,265,0,train,tiger,atrw,tiger,single_query,unknown,,,000676,,
train/000677.jpg,168,0,train,tiger,atrw,tiger,single_query,unknown,,,000677,,
train/000678.jpg,153,0,train,tiger,atrw,tiger,single_query,unknown,,,000678,,
train/000680.jpg,117,0,train,tiger,atrw,tiger,single_query,unknown,,,000680,,
train/000684.jpg,202,0,train,tiger,atrw,tiger,single_query,unknown,,,000684,,
train/000685.jpg,154,0,train,tiger,atrw,tiger,single_query,unknown,,,000685,,
train/000688.jpg,82,0,train,tiger,atrw,tiger,single_query,unknown,,,000688,,
train/000690.jpg,216,0,train,tiger,atrw,tiger,single_query,unknown,,,000690,,
train/000692.jpg,172,0,train,tiger,atrw,tiger,single_query,unknown,,,000692,,
train/000696.jpg,154,0,train,tiger,atrw,tiger,single_query,unknown,,,000696,,
train/000699.jpg,28,0,train,tiger,atrw,tiger,single_query,unknown,,,000699,,
train/000701.jpg,60,0,train,tiger,atrw,tiger,single_query,unknown,,,000701,,
train/000703.jpg,28,0,train,tiger,atrw,tiger,single_query,unknown,,,000703,,
train/000705.jpg,274,0,train,tiger,atrw,tiger,single_query,unknown,,,000705,,
train/000707.jpg,142,0,train,tiger,atrw,tiger,single_query,unknown,,,000707,,
train/000712.jpg,129,0,train,tiger,atrw,tiger,single_query,unknown,,,000712,,
train/000713.jpg,237,0,train,tiger,atrw,tiger,single_query,unknown,,,000713,,
train/000714.jpg,226,0,train,tiger,atrw,tiger,single_query,unknown,,,000714,,
train/000716.jpg,55,0,train,tiger,atrw,tiger,single_query,unknown,,,000716,,
train/000718.jpg,153,0,train,tiger,atrw,tiger,single_query,unknown,,,000718,,
train/000723.jpg,100,0,train,tiger,atrw,tiger,single_query,unknown,,,000723,,
train/000732.jpg,243,0,train,tiger,atrw,tiger,single_query,unknown,,,000732,,
train/000733.jpg,108,0,train,tiger,atrw,tiger,single_query,unknown,,,000733,,
train/000736.jpg,90,0,train,tiger,atrw,tiger,single_query,unknown,,,000736,,
train/000737.jpg,153,0,train,tiger,atrw,tiger,single_query,unknown,,,000737,,
train/000739.jpg,160,0,train,tiger,atrw,tiger,single_query,unknown,,,000739,,
train/000747.jpg,198,0,train,tiger,atrw,tiger,single_query,unknown,,,000747,,
train/000752.jpg,261,0,train,tiger,atrw,tiger,single_query,unknown,,,000752,,
train/000753.jpg,153,0,train,tiger,atrw,tiger,single_query,unknown,,,000753,,
train/000754.jpg,136,0,train,tiger,atrw,tiger,single_query,unknown,,,000754,,
train/000755.jpg,117,0,train,tiger,atrw,tiger,single_query,unknown,,,000755,,
train/000756.jpg,249,0,train,tiger,atrw,tiger,single_query,unknown,,,000756,,
train/000759.jpg,39,0,train,tiger,atrw,tiger,single_query,unknown,,,000759,,
train/000762.jpg,108,0,train,tiger,atrw,tiger,single_query,unknown,,,000762,,
train/000769.jpg,57,0,train,tiger,atrw,tiger,single_query,unknown,,,000769,,
train/000774.jpg,249,0,train,tiger,atrw,tiger,single_query,unknown,,,000774,,
train/000775.jpg,265,0,train,tiger,atrw,tiger,single_query,unknown,,,000775,,
train/000780.jpg,259,0,train,tiger,atrw,tiger,single_query,unknown,,,000780,,
train/000782.jpg,244,0,train,tiger,atrw,tiger,single_query,unknown,,,000782,,
train/000783.jpg,274,0,train,tiger,atrw,tiger,single_query,unknown,,,000783,,
train/000785.jpg,69,0,train,tiger,atrw,tiger,single_query,unknown,,,000785,,
train/000787.jpg,69,0,train,tiger,atrw,tiger,single_query,unknown,,,000787,,
train/000789.jpg,6,0,train,tiger,atrw,tiger,single_query,unknown,,,000789,,
train/000792.jpg,243,0,train,tiger,atrw,tiger,single_query,unknown,,,000792,,
train/000799.jpg,117,0,train,tiger,atrw,tiger,single_query,unknown,,,000799,,
train/000800.jpg,148,0,train,tiger,atrw,tiger,single_query,unknown,,,000800,,
train/000801.jpg,160,0,train,tiger,atrw,tiger,single_query,unknown,,,000801,,
train/000804.jpg,81,0,train,tiger,atrw,tiger,single_query,unknown,,,000804,,
train/000811.jpg,55,0,train,tiger,atrw,tiger,single_query,unknown,,,000811,,
train/000816.jpg,259,0,train,tiger,atrw,tiger,single_query,unknown,,,000816,,
train/000820.jpg,51,0,train,tiger,atrw,tiger,single_query,unknown,,,000820,,
train/000821.jpg,67,0,train,tiger,atrw,tiger,single_query,unknown,,,000821,,
train/000826.jpg,64,0,train,tiger,atrw,tiger,single_query,unknown,,,000826,,
train/000828.jpg,130,0,train,tiger,atrw,tiger,single_query,unknown,,,000828,,
train/000829.jpg,60,0,train,tiger,atrw,tiger,single_query,unknown,,,000829,,
train/000832.jpg,261,0,train,tiger,atrw,tiger,single_query,unknown,,,000832,,
train/000834.jpg,55,0,train,tiger,atrw,tiger,single_query,unknown,,,000834,,
train/000838.jpg,126,0,train,tiger,atrw,tiger,single_query,unknown,,,000838,,
train/000839.jpg,250,0,train,tiger,atrw,tiger,single_query,unknown,,,000839,,
train/000841.jpg,0,0,train,tiger,atrw,tiger,single_query,unknown,,,000841,,
train/000851.jpg,154,0,train,tiger,atrw,tiger,single_query,unknown,,,000851,,
train/000852.jpg,256,0,train,tiger,atrw,tiger,single_query,unknown,,,000852,,
train/000859.jpg,96,0,train,tiger,atrw,tiger,single_query,unknown,,,000859,,
train/000860.jpg,153,0,train,tiger,atrw,tiger,single_query,unknown,,,000860,,
train/000861.jpg,240,0,train,tiger,atrw,tiger,single_query,unknown,,,000861,,
train/000867.jpg,13,0,train,tiger,atrw,tiger,single_query,unknown,,,000867,,
train/000873.jpg,255,0,train,tiger,atrw,tiger,single_query,unknown,,,000873,,
train/000877.jpg,64,0,train,tiger,atrw,tiger,single_query,unknown,,,000877,,
train/000880.jpg,255,0,train,tiger,atrw,tiger,single_query,unknown,,,000880,,
train/000882.jpg,40,0,train,tiger,atrw,tiger,single_query,unknown,,,000882,,
train/000886.jpg,139,0,train,tiger,atrw,tiger,single_query,unknown,,,000886,,
train/000891.jpg,211,0,train,tiger,atrw,tiger,single_query,unknown,,,000891,,
train/000895.jpg,66,0,train,tiger,atrw,tiger,single_query,unknown,,,000895,,
train/000896.jpg,274,0,train,tiger,atrw,tiger,single_query,unknown,,,000896,,
train/000898.jpg,249,0,train,tiger,atrw,tiger,single_query,unknown,,,000898,,
train/000899.jpg,178,0,train,tiger,atrw,tiger,single_query,unknown,,,000899,,
train/000904.jpg,139,0,train,tiger,atrw,tiger,single_query,unknown,,,000904,,
train/000905.jpg,136,0,train,tiger,atrw,tiger,single_query,unknown,,,000905,,
train/000906.jpg,97,0,train,tiger,atrw,tiger,single_query,unknown,,,000906,,
train/000907.jpg,153,0,train,tiger,atrw,tiger,single_query,unknown,,,000907,,
train/000913.jpg,213,0,train,tiger,atrw,tiger,single_query,unknown,,,000913,,
train/000914.jpg,195,0,train,tiger,atrw,tiger,single_query,unknown,,,000914,,
train/000915.jpg,246,0,train,tiger,atrw,tiger,single_query,unknown,,,000915,,
train/000920.jpg,171,0,train,tiger,atrw,tiger,single_query,unknown,,,000920,,
train/000921.jpg,136,0,train,tiger,atrw,tiger,single_query,unknown,,,000921,,
train/000922.jpg,187,0,train,tiger,atrw,tiger,single_query,unknown,,,000922,,
train/000923.jpg,160,0,train,tiger,atrw,tiger,single_query,unknown,,,000923,,
train/000924.jpg,100,0,train,tiger,atrw,tiger,single_query,unknown,,,000924,,
train/000925.jpg,153,0,train,tiger,atrw,tiger,single_query,unknown,,,000925,,
train/000927.jpg,153,0,train,tiger,atrw,tiger,single_query,unknown,,,000927,,
train/000932.jpg,136,0,train,tiger,atrw,tiger,single_query,unknown,,,000932,,
train/000933.jpg,64,0,train,tiger,atrw,tiger,single_query,unknown,,,000933,,
train/000938.jpg,153,0,train,tiger,atrw,tiger,single_query,unknown,,,000938,,
train/000939.jpg,42,0,train,tiger,atrw,tiger,single_query,unknown,,,000939,,
train/000940.jpg,60,0,train,tiger,atrw,tiger,single_query,unknown,,,000940,,
train/000947.jpg,78,0,train,tiger,atrw,tiger,single_query,unknown,,,000947,,
train/000950.jpg,136,0,train,tiger,atrw,tiger,single_query,unknown,,,000950,,
train/000951.jpg,153,0,train,tiger,atrw,tiger,single_query,unknown,,,000951,,
train/000953.jpg,25,0,train,tiger,atrw,tiger,single_query,unknown,,,000953,,
train/000965.jpg,253,0,train,tiger,atrw,tiger,single_query,unknown,,,000965,,
train/000968.jpg,222,0,train,tiger,atrw,tiger,single_query,unknown,,,000968,,
train/000970.jpg,261,0,train,tiger,atrw,tiger,single_query,unknown,,,000970,,
train/000974.jpg,72,0,train,tiger,atrw,tiger,single_query,unknown,,,000974,,
train/000981.jpg,261,0,train,tiger,atrw,tiger,single_query,unknown,,,000981,,
train/000983.jpg,97,0,train,tiger,atrw,tiger,single_query,unknown,,,000983,,
train/000988.jpg,114,0,train,tiger,atrw,tiger,single_query,unknown,,,000988,,
train/000993.jpg,201,0,train,tiger,atrw,tiger,single_query,unknown,,,000993,,
train/000995.jpg,265,0,train,tiger,atrw,tiger,single_query,unknown,,,000995,,
train/001003.jpg,237,0,train,tiger,atrw,tiger,single_query,unknown,,,001003,,
train/001012.jpg,39,0,train,tiger,atrw,tiger,single_query,unknown,,,001012,,
train/001014.jpg,3,0,train,tiger,atrw,tiger,single_query,unknown,,,001014,,
train/001015.jpg,237,0,train,tiger,atrw,tiger,single_query,unknown,,,001015,,
train/001019.jpg,268,0,train,tiger,atrw,tiger,single_query,unknown,,,001019,,
train/001020.jpg,106,0,train,tiger,atrw,tiger,single_query,unknown,,,001020,,
train/001023.jpg,267,0,train,tiger,atrw,tiger,single_query,unknown,,,001023,,
train/001027.jpg,259,0,train,tiger,atrw,tiger,single_query,unknown,,,001027,,
train/001032.jpg,78,0,train,tiger,atrw,tiger,single_query,unknown,,,001032,,
train/001037.jpg,151,0,train,tiger,atrw,tiger,single_query,unknown,,,001037,,
train/001044.jpg,153,0,train,tiger,atrw,tiger,single_query,unknown,,,001044,,
train/001046.jpg,211,0,train,tiger,atrw,tiger,single_query,unknown,,,001046,,
train/001050.jpg,255,0,train,tiger,atrw,tiger,single_query,unknown,,,001050,,
train/001059.jpg,40,0,train,tiger,atrw,tiger,single_query,unknown,,,001059,,
train/001061.jpg,94,0,train,tiger,atrw,tiger,single_query,unknown,,,001061,,
train/001064.jpg,246,0,train,tiger,atrw,tiger,single_query,unknown,,,001064,,
train/001065.jpg,172,0,train,tiger,atrw,tiger,single_query,unknown,,,001065,,
train/001069.jpg,154,0,train,tiger,atrw,tiger,single_query,unknown,,,001069,,
train/001070.jpg,117,0,train,tiger,atrw,tiger,single_query,unknown,,,001070,,
train/001074.jpg,213,0,train,tiger,atrw,tiger,single_query,unknown,,,001074,,
train/001079.jpg,249,0,train,tiger,atrw,tiger,single_query,unknown,,,001079,,
train/001080.jpg,145,0,train,tiger,atrw,tiger,single_query,unknown,,,001080,,
train/001087.jpg,259,0,train,tiger,atrw,tiger,single_query,unknown,,,001087,,
train/001089.jpg,255,0,train,tiger,atrw,tiger,single_query,unknown,,,001089,,
train/001094.jpg,40,0,train,tiger,atrw,tiger,single_query,unknown,,,001094,,
train/001096.jpg,22,0,train,tiger,atrw,tiger,single_query,unknown,,,001096,,
train/001098.jpg,151,0,train,tiger,atrw,tiger,single_query,unknown,,,001098,,
train/001099.jpg,160,0,train,tiger,atrw,tiger,single_query,unknown,,,001099,,
train/001103.jpg,201,0,train,tiger,atrw,tiger,single_query,unknown,,,001103,,
train/001105.jpg,246,0,train,tiger,atrw,tiger,single_query,unknown,,,001105,,
train/001114.jpg,78,0,train,tiger,atrw,tiger,single_query,unknown,,,001114,,
train/001116.jpg,244,0,train,tiger,atrw,tiger,single_query,unknown,,,001116,,
train/001120.jpg,171,0,train,tiger,atrw,tiger,single_query,unknown,,,001120,,
train/001125.jpg,247,0,train,tiger,atrw,tiger,single_query,unknown,,,001125,,
train/001128.jpg,126,0,train,tiger,atrw,tiger,single_query,unknown,,,001128,,
train/001130.jpg,256,0,train,tiger,atrw,tiger,single_query,unknown,,,001130,,
train/001131.jpg,96,0,train,tiger,atrw,tiger,single_query,unknown,,,001131,,
train/001135.jpg,160,0,train,tiger,atrw,tiger,single_query,unknown,,,001135,,
train/001137.jpg,160,0,train,tiger,atrw,tiger,single_query,unknown,,,001137,,
train/001138.jpg,13,0,train,tiger,atrw,tiger,single_query,unknown,,,001138,,
train/001139.jpg,202,0,train,tiger,atrw,tiger,single_query,unknown,,,001139,,
train/001140.jpg,256,0,train,tiger,atrw,tiger,single_query,unknown,,,001140,,
train/001141.jpg,45,0,train,tiger,atrw,tiger,single_query,unknown,,,001141,,
train/001147.jpg,202,0,train,tiger,atrw,tiger,single_query,unknown,,,001147,,
train/001148.jpg,261,0,train,tiger,atrw,tiger,single_query,unknown,,,001148,,
train/001151.jpg,1,0,train,tiger,atrw,tiger,single_query,unknown,,,001151,,
train/001153.jpg,160,0,train,tiger,atrw,tiger,single_query,unknown,,,001153,,
train/001155.jpg,153,0,train,tiger,atrw,tiger,single_query,unknown,,,001155,,
train/001158.jpg,255,0,train,tiger,atrw,tiger,single_query,unknown,,,001158,,
train/001160.jpg,213,0,train,tiger,atrw,tiger,single_query,unknown,,,001160,,
train/001162.jpg,115,0,train,tiger,atrw,tiger,single_query,unknown,,,001162,,
train/001165.jpg,114,0,train,tiger,atrw,tiger,single_query,unknown,,,001165,,
train/001168.jpg,264,0,train,tiger,atrw,tiger,single_query,unknown,,,001168,,
train/001170.jpg,250,0,train,tiger,atrw,tiger,single_query,unknown,,,001170,,
train/001173.jpg,268,0,train,tiger,atrw,tiger,single_query,unknown,,,001173,,
train/001175.jpg,195,0,train,tiger,atrw,tiger,single_query,unknown,,,001175,,
train/001176.jpg,252,0,train,tiger,atrw,tiger,single_query,unknown,,,001176,,
train/001181.jpg,154,0,train,tiger,atrw,tiger,single_query,unknown,,,001181,,
train/001182.jpg,246,0,train,tiger,atrw,tiger,single_query,unknown,,,001182,,
train/001183.jpg,244,0,train,tiger,atrw,tiger,single_query,unknown,,,001183,,
train/001184.jpg,42,0,train,tiger,atrw,tiger,single_query,unknown,,,001184,,
train/001186.jpg,64,0,train,tiger,atrw,tiger,single_query,unknown,,,001186,,
train/001189.jpg,64,0,train,tiger,atrw,tiger,single_query,unknown,,,001189,,
train/001193.jpg,160,0,train,tiger,atrw,tiger,single_query,unknown,,,001193,,
train/001196.jpg,130,0,train,tiger,atrw,tiger,single_query,unknown,,,001196,,
train/001198.jpg,108,0,train,tiger,atrw,tiger,single_query,unknown,,,001198,,
train/001205.jpg,246,0,train,tiger,atrw,tiger,single_query,unknown,,,001205,,
train/001208.jpg,24,0,train,tiger,atrw,tiger,single_query,unknown,,,001208,,
train/001212.jpg,55,0,train,tiger,atrw,tiger,single_query,unknown,,,001212,,
train/001213.jpg,274,0,train,tiger,atrw,tiger,single_query,unknown,,,001213,,
train/001214.jpg,271,0,train,tiger,atrw,tiger,single_query,unknown,,,001214,,
train/001217.jpg,265,0,train,tiger,atrw,tiger,single_query,unknown,,,001217,,
train/001223.jpg,153,0,train,tiger,atrw,tiger,single_query,unknown,,,001223,,
train/001224.jpg,249,0,train,tiger,atrw,tiger,single_query,unknown,,,001224,,
train/001225.jpg,1,0,train,tiger,atrw,tiger,single_query,unknown,,,001225,,
train/001226.jpg,43,0,train,tiger,atrw,tiger,single_query,unknown,,,001226,,
train/001232.jpg,91,0,train,tiger,atrw,tiger,single_query,unknown,,,001232,,
train/001234.jpg,3,0,train,tiger,atrw,tiger,single_query,unknown,,,001234,,
train/001235.jpg,255,0,train,tiger,atrw,tiger,single_query,unknown,,,001235,,
train/001237.jpg,240,0,train,tiger,atrw,tiger,single_query,unknown,,,001237,,
train/001239.jpg,265,0,train,tiger,atrw,tiger,single_query,unknown,,,001239,,
train/001242.jpg,142,0,train,tiger,atrw,tiger,single_query,unknown,,,001242,,
train/001243.jpg,175,0,train,tiger,atrw,tiger,single_query,unknown,,,001243,,
train/001247.jpg,34,0,train,tiger,atrw,tiger,single_query,unknown,,,001247,,
train/001249.jpg,57,0,train,tiger,atrw,tiger,single_query,unknown,,,001249,,
train/001250.jpg,22,0,train,tiger,atrw,tiger,single_query,unknown,,,001250,,
train/001251.jpg,154,0,train,tiger,atrw,tiger,single_query,unknown,,,001251,,
train/001252.jpg,124,0,train,tiger,atrw,tiger,single_query,unknown,,,001252,,
train/001254.jpg,145,0,train,tiger,atrw,tiger,single_query,unknown,,,001254,,
train/001258.jpg,97,0,train,tiger,atrw,tiger,single_query,unknown,,,001258,,
train/001259.jpg,175,0,train,tiger,atrw,tiger,single_query,unknown,,,001259,,
train/001260.jpg,54,0,train,tiger,atrw,tiger,single_query,unknown,,,001260,,
train/001263.jpg,153,0,train,tiger,atrw,tiger,single_query,unknown,,,001263,,
train/001267.jpg,265,0,train,tiger,atrw,tiger,single_query,unknown,,,001267,,
train/001272.jpg,97,0,train,tiger,atrw,tiger,single_query,unknown,,,001272,,
train/001273.jpg,246,0,train,tiger,atrw,tiger,single_query,unknown,,,001273,,
train/001274.jpg,82,0,train,tiger,atrw,tiger,single_query,unknown,,,001274,,
train/001276.jpg,238,0,train,tiger,atrw,tiger,single_query,unknown,,,001276,,
train/001280.jpg,69,0,train,tiger,atrw,tiger,single_query,unknown,,,001280,,
train/001283.jpg,12,0,train,tiger,atrw,tiger,single_query,unknown,,,001283,,
train/001286.jpg,208,0,train,tiger,atrw,tiger,single_query,unknown,,,001286,,
train/001287.jpg,211,0,train,tiger,atrw,tiger,single_query,unknown,,,001287,,
train/001290.jpg,261,0,train,tiger,atrw,tiger,single_query,unknown,,,001290,,
train/001291.jpg,256,0,train,tiger,atrw,tiger,single_query,unknown,,,001291,,
train/001294.jpg,24,0,train,tiger,atrw,tiger,single_query,unknown,,,001294,,
train/001300.jpg,153,0,train,tiger,atrw,tiger,single_query,unknown,,,001300,,
train/001301.jpg,160,0,train,tiger,atrw,tiger,single_query,unknown,,,001301,,
train/001303.jpg,220,0,train,tiger,atrw,tiger,single_query,unknown,,,001303,,
train/001305.jpg,154,0,train,tiger,atrw,tiger,single_query,unknown,,,001305,,
train/001306.jpg,160,0,train,tiger,atrw,tiger,single_query,unknown,,,001306,,
train/001308.jpg,136,0,train,tiger,atrw,tiger,single_query,unknown,,,001308,,
train/001310.jpg,226,0,train,tiger,atrw,tiger,single_query,unknown,,,001310,,
train/001311.jpg,6,0,train,tiger,atrw,tiger,single_query,unknown,,,001311,,
train/001312.jpg,252,0,train,tiger,atrw,tiger,single_query,unknown,,,001312,,
train/001316.jpg,97,0,train,tiger,atrw,tiger,single_query,unknown,,,001316,,
train/001318.jpg,178,0,train,tiger,atrw,tiger,single_query,unknown,,,001318,,
train/001321.jpg,136,0,train,tiger,atrw,tiger,single_query,unknown,,,001321,,
train/001322.jpg,28,0,train,tiger,atrw,tiger,single_query,unknown,,,001322,,
train/001323.jpg,153,0,train,tiger,atrw,tiger,single_query,unknown,,,001323,,
train/001328.jpg,250,0,train,tiger,atrw,tiger,single_query,unknown,,,001328,,
train/001330.jpg,60,0,train,tiger,atrw,tiger,single_query,unknown,,,001330,,
train/001332.jpg,153,0,train,tiger,atrw,tiger,single_query,unknown,,,001332,,
train/001338.jpg,88,0,train,tiger,atrw,tiger,single_query,unknown,,,001338,,
train/001339.jpg,240,0,train,tiger,atrw,tiger,single_query,unknown,,,001339,,
train/001342.jpg,114,0,train,tiger,atrw,tiger,single_query,unknown,,,001342,,
train/001343.jpg,250,0,train,tiger,atrw,tiger,single_query,unknown,,,001343,,
train/001344.jpg,265,0,train,tiger,atrw,tiger,single_query,unknown,,,001344,,
train/001348.jpg,265,0,train,tiger,atrw,tiger,single_query,unknown,,,001348,,
train/001355.jpg,246,0,train,tiger,atrw,tiger,single_query,unknown,,,001355,,
train/001358.jpg,160,0,train,tiger,atrw,tiger,single_query,unknown,,,001358,,
train/001359.jpg,175,0,train,tiger,atrw,tiger,single_query,unknown,,,001359,,
train/001360.jpg,160,0,train,tiger,atrw,tiger,single_query,unknown,,,001360,,
train/001365.jpg,126,0,train,tiger,atrw,tiger,single_query,unknown,,,001365,,
train/001366.jpg,216,0,train,tiger,atrw,tiger,single_query,unknown,,,001366,,
train/001367.jpg,223,0,train,tiger,atrw,tiger,single_query,unknown,,,001367,,
train/001368.jpg,106,0,train,tiger,atrw,tiger,single_query,unknown,,,001368,,
train/001369.jpg,261,0,train,tiger,atrw,tiger,single_query,unknown,,,001369,,
train/001373.jpg,265,0,train,tiger,atrw,tiger,single_query,unknown,,,001373,,
train/001376.jpg,153,0,train,tiger,atrw,tiger,single_query,unknown,,,001376,,
train/001378.jpg,55,0,train,tiger,atrw,tiger,single_query,unknown,,,001378,,
train/001384.jpg,43,0,train,tiger,atrw,tiger,single_query,unknown,,,001384,,
train/001389.jpg,160,0,train,tiger,atrw,tiger,single_query,unknown,,,001389,,
train/001391.jpg,238,0,train,tiger,atrw,tiger,single_query,unknown,,,001391,,
train/001392.jpg,237,0,train,tiger,atrw,tiger,single_query,unknown,,,001392,,
train/001395.jpg,246,0,train,tiger,atrw,tiger,single_query,unknown,,,001395,,
train/001396.jpg,252,0,train,tiger,atrw,tiger,single_query,unknown,,,001396,,
train/001399.jpg,160,0,train,tiger,atrw,tiger,single_query,unknown,,,001399,,
train/001400.jpg,237,0,train,tiger,atrw,tiger,single_query,unknown,,,001400,,
train/001408.jpg,3,0,train,tiger,atrw,tiger,single_query,unknown,,,001408,,
train/001409.jpg,168,0,train,tiger,atrw,tiger,single_query,unknown,,,001409,,
train/001410.jpg,153,0,train,tiger,atrw,tiger,single_query,unknown,,,001410,,
train/001411.jpg,264,0,train,tiger,atrw,tiger,single_query,unknown,,,001411,,
train/001412.jpg,175,0,train,tiger,atrw,tiger,single_query,unknown,,,001412,,
train/001414.jpg,3,0,train,tiger,atrw,tiger,single_query,unknown,,,001414,,
train/001415.jpg,30,0,train,tiger,atrw,tiger,single_query,unknown,,,001415,,
train/001416.jpg,250,0,train,tiger,atrw,tiger,single_query,unknown,,,001416,,
train/001419.jpg,264,0,train,tiger,atrw,tiger,single_query,unknown,,,001419,,
train/001421.jpg,247,0,train,tiger,atrw,tiger,single_query,unknown,,,001421,,
train/001424.jpg,202,0,train,tiger,atrw,tiger,single_query,unknown,,,001424,,
train/001432.jpg,139,0,train,tiger,atrw,tiger,single_query,unknown,,,001432,,
train/001433.jpg,25,0,train,tiger,atrw,tiger,single_query,unknown,,,001433,,
train/001435.jpg,246,0,train,tiger,atrw,tiger,single_query,unknown,,,001435,,
train/001436.jpg,261,0,train,tiger,atrw,tiger,single_query,unknown,,,001436,,
train/001444.jpg,223,0,train,tiger,atrw,tiger,single_query,unknown,,,001444,,
train/001446.jpg,27,0,train,tiger,atrw,tiger,single_query,unknown,,,001446,,
train/001449.jpg,238,0,train,tiger,atrw,tiger,single_query,unknown,,,001449,,
train/001450.jpg,33,0,train,tiger,atrw,tiger,single_query,unknown,,,001450,,
train/001451.jpg,271,0,train,tiger,atrw,tiger,single_query,unknown,,,001451,,
train/001452.jpg,268,0,train,tiger,atrw,tiger,single_query,unknown,,,001452,,
train/001453.jpg,196,0,train,tiger,atrw,tiger,single_query,unknown,,,001453,,
train/001454.jpg,160,0,train,tiger,atrw,tiger,single_query,unknown,,,001454,,
train/001455.jpg,265,0,train,tiger,atrw,tiger,single_query,unknown,,,001455,,
train/001459.jpg,243,0,train,tiger,atrw,tiger,single_query,unknown,,,001459,,
train/001461.jpg,40,0,train,tiger,atrw,tiger,single_query,unknown,,,001461,,
train/001464.jpg,91,0,train,tiger,atrw,tiger,single_query,unknown,,,001464,,
train/001470.jpg,267,0,train,tiger,atrw,tiger,single_query,unknown,,,001470,,
train/001472.jpg,217,0,train,tiger,atrw,tiger,single_query,unknown,,,001472,,
train/001475.jpg,202,0,train,tiger,atrw,tiger,single_query,unknown,,,001475,,
train/001477.jpg,100,0,train,tiger,atrw,tiger,single_query,unknown,,,001477,,
train/001478.jpg,168,0,train,tiger,atrw,tiger,single_query,unknown,,,001478,,
train/001483.jpg,244,0,train,tiger,atrw,tiger,single_query,unknown,,,001483,,
train/001485.jpg,160,0,train,tiger,atrw,tiger,single_query,unknown,,,001485,,
train/001486.jpg,264,0,train,tiger,atrw,tiger,single_query,unknown,,,001486,,
train/001488.jpg,145,0,train,tiger,atrw,tiger,single_query,unknown,,,001488,,
train/001489.jpg,217,0,train,tiger,atrw,tiger,single_query,unknown,,,001489,,
train/001491.jpg,153,0,train,tiger,atrw,tiger,single_query,unknown,,,001491,,
train/001501.jpg,64,0,train,tiger,atrw,tiger,single_query,unknown,,,001501,,
train/001503.jpg,249,0,train,tiger,atrw,tiger,single_query,unknown,,,001503,,
train/001504.jpg,256,0,train,tiger,atrw,tiger,single_query,unknown,,,001504,,
train/001505.jpg,145,0,train,tiger,atrw,tiger,single_query,unknown,,,001505,,
train/001510.jpg,250,0,train,tiger,atrw,tiger,single_query,unknown,,,001510,,
train/001511.jpg,154,0,train,tiger,atrw,tiger,single_query,unknown,,,001511,,
train/001512.jpg,151,0,train,tiger,atrw,tiger,single_query,unknown,,,001512,,
train/001513.jpg,153,0,train,tiger,atrw,tiger,single_query,unknown,,,001513,,
train/001515.jpg,202,0,train,tiger,atrw,tiger,single_query,unknown,,,001515,,
train/001518.jpg,273,0,train,tiger,atrw,tiger,single_query,unknown,,,001518,,
train/001519.jpg,67,0,train,tiger,atrw,tiger,single_query,unknown,,,001519,,
train/001520.jpg,6,0,train,tiger,atrw,tiger,single_query,unknown,,,001520,,
train/001523.jpg,136,0,train,tiger,atrw,tiger,single_query,unknown,,,001523,,
train/001524.jpg,145,0,train,tiger,atrw,tiger,single_query,unknown,,,001524,,
train/001525.jpg,90,0,train,tiger,atrw,tiger,single_query,unknown,,,001525,,
train/001527.jpg,237,0,train,tiger,atrw,tiger,single_query,unknown,,,001527,,
train/001530.jpg,228,0,train,tiger,atrw,tiger,single_query,unknown,,,001530,,
train/001531.jpg,261,0,train,tiger,atrw,tiger,single_query,unknown,,,001531,,
train/001532.jpg,114,0,train,tiger,atrw,tiger,single_query,unknown,,,001532,,
train/001535.jpg,237,0,train,tiger,atrw,tiger,single_query,unknown,,,001535,,
train/001536.jpg,54,0,train,tiger,atrw,tiger,single_query,unknown,,,001536,,
train/001538.jpg,154,0,train,tiger,atrw,tiger,single_query,unknown,,,001538,,
train/001539.jpg,160,0,train,tiger,atrw,tiger,single_query,unknown,,,001539,,
train/001541.jpg,72,0,train,tiger,atrw,tiger,single_query,unknown,,,001541,,
train/001544.jpg,168,0,train,tiger,atrw,tiger,single_query,unknown,,,001544,,
train/001547.jpg,222,0,train,tiger,atrw,tiger,single_query,unknown,,,001547,,
train/001548.jpg,261,0,train,tiger,atrw,tiger,single_query,unknown,,,001548,,
train/001549.jpg,154,0,train,tiger,atrw,tiger,single_query,unknown,,,001549,,
train/001551.jpg,208,0,train,tiger,atrw,tiger,single_query,unknown,,,001551,,
train/001552.jpg,106,0,train,tiger,atrw,tiger,single_query,unknown,,,001552,,
train/001554.jpg,160,0,train,tiger,atrw,tiger,single_query,unknown,,,001554,,
train/001557.jpg,145,0,train,tiger,atrw,tiger,single_query,unknown,,,001557,,
train/001558.jpg,243,0,train,tiger,atrw,tiger,single_query,unknown,,,001558,,
train/001560.jpg,160,0,train,tiger,atrw,tiger,single_query,unknown,,,001560,,
train/001563.jpg,247,0,train,tiger,atrw,tiger,single_query,unknown,,,001563,,
train/001565.jpg,42,0,train,tiger,atrw,tiger,single_query,unknown,,,001565,,
train/001573.jpg,151,0,train,tiger,atrw,tiger,single_query,unknown,,,001573,,
train/001574.jpg,222,0,train,tiger,atrw,tiger,single_query,unknown,,,001574,,
train/001579.jpg,246,0,train,tiger,atrw,tiger,single_query,unknown,,,001579,,
train/001581.jpg,195,0,train,tiger,atrw,tiger,single_query,unknown,,,001581,,
train/001584.jpg,220,0,train,tiger,atrw,tiger,single_query,unknown,,,001584,,
train/001586.jpg,198,0,train,tiger,atrw,tiger,single_query,unknown,,,001586,,
train/001587.jpg,66,0,train,tiger,atrw,tiger,single_query,unknown,,,001587,,
train/001590.jpg,153,0,train,tiger,atrw,tiger,single_query,unknown,,,001590,,
train/001591.jpg,151,0,train,tiger,atrw,tiger,single_query,unknown,,,001591,,
train/001592.jpg,171,0,train,tiger,atrw,tiger,single_query,unknown,,,001592,,
train/001593.jpg,64,0,train,tiger,atrw,tiger,single_query,unknown,,,001593,,
train/001594.jpg,148,0,train,tiger,atrw,tiger,single_query,unknown,,,001594,,
train/001595.jpg,246,0,train,tiger,atrw,tiger,single_query,unknown,,,001595,,
train/001600.jpg,130,0,train,tiger,atrw,tiger,single_query,unknown,,,001600,,
train/001601.jpg,30,0,train,tiger,atrw,tiger,single_query,unknown,,,001601,,
train/001602.jpg,136,0,train,tiger,atrw,tiger,single_query,unknown,,,001602,,
train/001608.jpg,34,0,train,tiger,atrw,tiger,single_query,unknown,,,001608,,
train/001610.jpg,238,0,train,tiger,atrw,tiger,single_query,unknown,,,001610,,
train/001611.jpg,211,0,train,tiger,atrw,tiger,single_query,unknown,,,001611,,
train/001618.jpg,249,0,train,tiger,atrw,tiger,single_query,unknown,,,001618,,
train/001621.jpg,249,0,train,tiger,atrw,tiger,single_query,unknown,,,001621,,
train/001625.jpg,250,0,train,tiger,atrw,tiger,single_query,unknown,,,001625,,
train/001632.jpg,108,0,train,tiger,atrw,tiger,single_query,unknown,,,001632,,
train/001634.jpg,69,0,train,tiger,atrw,tiger,single_query,unknown,,,001634,,
train/001638.jpg,261,0,train,tiger,atrw,tiger,single_query,unknown,,,001638,,
train/001639.jpg,90,0,train,tiger,atrw,tiger,single_query,unknown,,,001639,,
train/001646.jpg,42,0,train,tiger,atrw,tiger,single_query,unknown,,,001646,,
train/001652.jpg,60,0,train,tiger,atrw,tiger,single_query,unknown,,,001652,,
train/001653.jpg,172,0,train,tiger,atrw,tiger,single_query,unknown,,,001653,,
train/001659.jpg,54,0,train,tiger,atrw,tiger,single_query,unknown,,,001659,,
train/001661.jpg,243,0,train,tiger,atrw,tiger,single_query,unknown,,,001661,,
train/001666.jpg,175,0,train,tiger,atrw,tiger,single_query,unknown,,,001666,,
train/001668.jpg,6,0,train,tiger,atrw,tiger,single_query,unknown,,,001668,,
train/001670.jpg,243,0,train,tiger,atrw,tiger,single_query,unknown,,,001670,,
train/001676.jpg,153,0,train,tiger,atrw,tiger,single_query,unknown,,,001676,,
train/001678.jpg,250,0,train,tiger,atrw,tiger,single_query,unknown,,,001678,,
train/001680.jpg,202,0,train,tiger,atrw,tiger,single_query,unknown,,,001680,,
train/001681.jpg,55,0,train,tiger,atrw,tiger,single_query,unknown,,,001681,,
train/001685.jpg,94,0,train,tiger,atrw,tiger,single_query,unknown,,,001685,,
train/001687.jpg,154,0,train,tiger,atrw,tiger,single_query,unknown,,,001687,,
train/001692.jpg,88,0,train,tiger,atrw,tiger,single_query,unknown,,,001692,,
train/001693.jpg,60,0,train,tiger,atrw,tiger,single_query,unknown,,,001693,,
train/001694.jpg,160,0,train,tiger,atrw,tiger,single_query,unknown,,,001694,,
train/001696.jpg,172,0,train,tiger,atrw,tiger,single_query,unknown,,,001696,,
train/001699.jpg,160,0,train,tiger,atrw,tiger,single_query,unknown,,,001699,,
train/001701.jpg,55,0,train,tiger,atrw,tiger,single_query,unknown,,,001701,,
train/001702.jpg,247,0,train,tiger,atrw,tiger,single_query,unknown,,,001702,,
train/001703.jpg,0,0,train,tiger,atrw,tiger,single_query,unknown,,,001703,,
train/001704.jpg,264,0,train,tiger,atrw,tiger,single_query,unknown,,,001704,,
train/001706.jpg,267,0,train,tiger,atrw,tiger,single_query,unknown,,,001706,,
train/001714.jpg,85,0,train,tiger,atrw,tiger,single_query,unknown,,,001714,,
train/001717.jpg,94,0,train,tiger,atrw,tiger,single_query,unknown,,,001717,,
train/001718.jpg,154,0,train,tiger,atrw,tiger,single_query,unknown,,,001718,,
train/001720.jpg,129,0,train,tiger,atrw,tiger,single_query,unknown,,,001720,,
train/001726.jpg,259,0,train,tiger,atrw,tiger,single_query,unknown,,,001726,,
train/001729.jpg,154,0,train,tiger,atrw,tiger,single_query,unknown,,,001729,,
train/001734.jpg,243,0,train,tiger,atrw,tiger,single_query,unknown,,,001734,,
train/001737.jpg,172,0,train,tiger,atrw,tiger,single_query,unknown,,,001737,,
train/001739.jpg,229,0,train,tiger,atrw,tiger,single_query,unknown,,,001739,,
train/001740.jpg,201,0,train,tiger,atrw,tiger,single_query,unknown,,,001740,,
train/001743.jpg,240,0,train,tiger,atrw,tiger,single_query,unknown,,,001743,,
train/001746.jpg,154,0,train,tiger,atrw,tiger,single_query,unknown,,,001746,,
train/001748.jpg,22,0,train,tiger,atrw,tiger,single_query,unknown,,,001748,,
train/001750.jpg,153,0,train,tiger,atrw,tiger,single_query,unknown,,,001750,,
train/001751.jpg,255,0,train,tiger,atrw,tiger,single_query,unknown,,,001751,,
train/001752.jpg,28,0,train,tiger,atrw,tiger,single_query,unknown,,,001752,,
train/001758.jpg,12,0,train,tiger,atrw,tiger,single_query,unknown,,,001758,,
train/001761.jpg,229,0,train,tiger,atrw,tiger,single_query,unknown,,,001761,,
train/001764.jpg,187,0,train,tiger,atrw,tiger,single_query,unknown,,,001764,,
train/001765.jpg,66,0,train,tiger,atrw,tiger,single_query,unknown,,,001765,,
train/001766.jpg,117,0,train,tiger,atrw,tiger,single_query,unknown,,,001766,,
train/001767.jpg,247,0,train,tiger,atrw,tiger,single_query,unknown,,,001767,,
train/001769.jpg,90,0,train,tiger,atrw,tiger,single_query,unknown,,,001769,,
train/001771.jpg,55,0,train,tiger,atrw,tiger,single_query,unknown,,,001771,,
train/001779.jpg,211,0,train,tiger,atrw,tiger,single_query,unknown,,,001779,,
train/001781.jpg,237,0,train,tiger,atrw,tiger,single_query,unknown,,,001781,,
train/001785.jpg,217,0,train,tiger,atrw,tiger,single_query,unknown,,,001785,,
train/001787.jpg,45,0,train,tiger,atrw,tiger,single_query,unknown,,,001787,,
train/001791.jpg,124,0,train,tiger,atrw,tiger,single_query,unknown,,,001791,,
train/001797.jpg,160,0,train,tiger,atrw,tiger,single_query,unknown,,,001797,,
train/001799.jpg,238,0,train,tiger,atrw,tiger,single_query,unknown,,,001799,,
train/001800.jpg,226,0,train,tiger,atrw,tiger,single_query,unknown,,,001800,,
train/001805.jpg,76,0,train,tiger,atrw,tiger,single_query,unknown,,,001805,,
train/001806.jpg,181,0,train,tiger,atrw,tiger,single_query,unknown,,,001806,,
train/001807.jpg,33,0,train,tiger,atrw,tiger,single_query,unknown,,,001807,,
train/001810.jpg,151,0,train,tiger,atrw,tiger,single_query,unknown,,,001810,,
train/001813.jpg,30,0,train,tiger,atrw,tiger,single_query,unknown,,,001813,,
train/001814.jpg,177,0,train,tiger,atrw,tiger,single_query,unknown,,,001814,,
train/001819.jpg,22,0,train,tiger,atrw,tiger,single_query,unknown,,,001819,,
train/001821.jpg,228,0,train,tiger,atrw,tiger,single_query,unknown,,,001821,,
train/001824.jpg,175,0,train,tiger,atrw,tiger,single_query,unknown,,,001824,,
train/001826.jpg,25,0,train,tiger,atrw,tiger,single_query,unknown,,,001826,,
train/001832.jpg,132,0,train,tiger,atrw,tiger,single_query,unknown,,,001832,,
train/001834.jpg,211,0,train,tiger,atrw,tiger,single_query,unknown,,,001834,,
train/001838.jpg,274,0,train,tiger,atrw,tiger,single_query,unknown,,,001838,,
train/001839.jpg,153,0,train,tiger,atrw,tiger,single_query,unknown,,,001839,,
train/001842.jpg,154,0,train,tiger,atrw,tiger,single_query,unknown,,,001842,,
train/001846.jpg,168,0,train,tiger,atrw,tiger,single_query,unknown,,,001846,,
train/001849.jpg,202,0,train,tiger,atrw,tiger,single_query,unknown,,,001849,,
train/001852.jpg,108,0,train,tiger,atrw,tiger,single_query,unknown,,,001852,,
train/001854.jpg,154,0,train,tiger,atrw,tiger,single_query,unknown,,,001854,,
train/001856.jpg,45,0,train,tiger,atrw,tiger,single_query,unknown,,,001856,,
train/001860.jpg,160,0,train,tiger,atrw,tiger,single_query,unknown,,,001860,,
train/001870.jpg,273,0,train,tiger,atrw,tiger,single_query,unknown,,,001870,,
train/001873.jpg,136,0,train,tiger,atrw,tiger,single_query,unknown,,,001873,,
train/001874.jpg,145,0,train,tiger,atrw,tiger,single_query,unknown,,,001874,,
train/001879.jpg,40,0,train,tiger,atrw,tiger,single_query,unknown,,,001879,,
train/001881.jpg,160,0,train,tiger,atrw,tiger,single_query,unknown,,,001881,,
train/001885.jpg,136,0,train,tiger,atrw,tiger,single_query,unknown,,,001885,,
train/001886.jpg,273,0,train,tiger,atrw,tiger,single_query,unknown,,,001886,,
train/001888.jpg,1,0,train,tiger,atrw,tiger,single_query,unknown,,,001888,,
train/001892.jpg,250,0,train,tiger,atrw,tiger,single_query,unknown,,,001892,,
train/001893.jpg,136,0,train,tiger,atrw,tiger,single_query,unknown,,,001893,,
train/001896.jpg,256,0,train,tiger,atrw,tiger,single_query,unknown,,,001896,,
train/001905.jpg,168,0,train,tiger,atrw,tiger,single_query,unknown,,,001905,,
train/001907.jpg,24,0,train,tiger,atrw,tiger,single_query,unknown,,,001907,,
train/001914.jpg,243,0,train,tiger,atrw,tiger,single_query,unknown,,,001914,,
train/001915.jpg,43,0,train,tiger,atrw,tiger,single_query,unknown,,,001915,,
train/001916.jpg,172,0,train,tiger,atrw,tiger,single_query,unknown,,,001916,,
train/001919.jpg,154,0,train,tiger,atrw,tiger,single_query,unknown,,,001919,,
train/001924.jpg,96,0,train,tiger,atrw,tiger,single_query,unknown,,,001924,,
train/001930.jpg,57,0,train,tiger,atrw,tiger,single_query,unknown,,,001930,,
train/001931.jpg,66,0,train,tiger,atrw,tiger,single_query,unknown,,,001931,,
train/001934.jpg,267,0,train,tiger,atrw,tiger,single_query,unknown,,,001934,,
train/001936.jpg,42,0,train,tiger,atrw,tiger,single_query,unknown,,,001936,,
train/001942.jpg,108,0,train,tiger,atrw,tiger,single_query,unknown,,,001942,,
train/001944.jpg,114,0,train,tiger,atrw,tiger,single_query,unknown,,,001944,,
train/001945.jpg,237,0,train,tiger,atrw,tiger,single_query,unknown,,,001945,,
train/001947.jpg,40,0,train,tiger,atrw,tiger,single_query,unknown,,,001947,,
train/001948.jpg,247,0,train,tiger,atrw,tiger,single_query,unknown,,,001948,,
train/001949.jpg,247,0,train,tiger,atrw,tiger,single_query,unknown,,,001949,,
train/001950.jpg,100,0,train,tiger,atrw,tiger,single_query,unknown,,,001950,,
train/001952.jpg,153,0,train,tiger,atrw,tiger,single_query,unknown,,,001952,,
train/001958.jpg,208,0,train,tiger,atrw,tiger,single_query,unknown,,,001958,,
train/001964.jpg,246,0,train,tiger,atrw,tiger,single_query,unknown,,,001964,,
train/001967.jpg,106,0,train,tiger,atrw,tiger,single_query,unknown,,,001967,,
train/001970.jpg,34,0,train,tiger,atrw,tiger,single_query,unknown,,,001970,,
train/001973.jpg,160,0,train,tiger,atrw,tiger,single_query,unknown,,,001973,,
train/001981.jpg,220,0,train,tiger,atrw,tiger,single_query,unknown,,,001981,,
train/001983.jpg,1,0,train,tiger,atrw,tiger,single_query,unknown,,,001983,,
train/001990.jpg,244,0,train,tiger,atrw,tiger,single_query,unknown,,,001990,,
train/001991.jpg,160,0,train,tiger,atrw,tiger,single_query,unknown,,,001991,,
train/001994.jpg,153,0,train,tiger,atrw,tiger,single_query,unknown,,,001994,,
train/001997.jpg,22,0,train,tiger,atrw,tiger,single_query,unknown,,,001997,,
train/002000.jpg,201,0,train,tiger,atrw,tiger,single_query,unknown,,,002000,,
train/002002.jpg,160,0,train,tiger,atrw,tiger,single_query,unknown,,,002002,,
train/002004.jpg,181,0,train,tiger,atrw,tiger,single_query,unknown,,,002004,,
train/002007.jpg,196,0,train,tiger,atrw,tiger,single_query,unknown,,,002007,,
train/002009.jpg,153,0,train,tiger,atrw,tiger,single_query,unknown,,,002009,,
train/002010.jpg,223,0,train,tiger,atrw,tiger,single_query,unknown,,,002010,,
train/002014.jpg,151,0,train,tiger,atrw,tiger,single_query,unknown,,,002014,,
train/002017.jpg,24,0,train,tiger,atrw,tiger,single_query,unknown,,,002017,,
train/002019.jpg,153,0,train,tiger,atrw,tiger,single_query,unknown,,,002019,,
train/002023.jpg,100,0,train,tiger,atrw,tiger,single_query,unknown,,,002023,,
train/002025.jpg,168,0,train,tiger,atrw,tiger,single_query,unknown,,,002025,,
train/002027.jpg,100,0,train,tiger,atrw,tiger,single_query,unknown,,,002027,,
train/002028.jpg,250,0,train,tiger,atrw,tiger,single_query,unknown,,,002028,,
train/002033.jpg,252,0,train,tiger,atrw,tiger,single_query,unknown,,,002033,,
train/002034.jpg,181,0,train,tiger,atrw,tiger,single_query,unknown,,,002034,,
train/002035.jpg,1,0,train,tiger,atrw,tiger,single_query,unknown,,,002035,,
train/002037.jpg,30,0,train,tiger,atrw,tiger,single_query,unknown,,,002037,,
train/002042.jpg,195,0,train,tiger,atrw,tiger,single_query,unknown,,,002042,,
train/002044.jpg,265,0,train,tiger,atrw,tiger,single_query,unknown,,,002044,,
train/002045.jpg,96,0,train,tiger,atrw,tiger,single_query,unknown,,,002045,,
train/002047.jpg,154,0,train,tiger,atrw,tiger,single_query,unknown,,,002047,,
train/002049.jpg,246,0,train,tiger,atrw,tiger,single_query,unknown,,,002049,,
train/002055.jpg,153,0,train,tiger,atrw,tiger,single_query,unknown,,,002055,,
train/002058.jpg,72,0,train,tiger,atrw,tiger,single_query,unknown,,,002058,,
train/002059.jpg,216,0,train,tiger,atrw,tiger,single_query,unknown,,,002059,,
train/002064.jpg,12,0,train,tiger,atrw,tiger,single_query,unknown,,,002064,,
train/002065.jpg,100,0,train,tiger,atrw,tiger,single_query,unknown,,,002065,,
train/002066.jpg,265,0,train,tiger,atrw,tiger,single_query,unknown,,,002066,,
train/002067.jpg,175,0,train,tiger,atrw,tiger,single_query,unknown,,,002067,,
train/002071.jpg,160,0,train,tiger,atrw,tiger,single_query,unknown,,,002071,,
train/002072.jpg,247,0,train,tiger,atrw,tiger,single_query,unknown,,,002072,,
train/002075.jpg,55,0,train,tiger,atrw,tiger,single_query,unknown,,,002075,,
train/002078.jpg,243,0,train,tiger,atrw,tiger,single_query,unknown,,,002078,,
train/002079.jpg,177,0,train,tiger,atrw,tiger,single_query,unknown,,,002079,,
train/002080.jpg,216,0,train,tiger,atrw,tiger,single_query,unknown,,,002080,,
train/002082.jpg,265,0,train,tiger,atrw,tiger,single_query,unknown,,,002082,,
train/002086.jpg,274,0,train,tiger,atrw,tiger,single_query,unknown,,,002086,,
train/002088.jpg,51,0,train,tiger,atrw,tiger,single_query,unknown,,,002088,,
train/002090.jpg,114,0,train,tiger,atrw,tiger,single_query,unknown,,,002090,,
train/002093.jpg,81,0,train,tiger,atrw,tiger,single_query,unknown,,,002093,,
train/002094.jpg,129,0,train,tiger,atrw,tiger,single_query,unknown,,,002094,,
train/002098.jpg,1,0,train,tiger,atrw,tiger,single_query,unknown,,,002098,,
train/002104.jpg,171,0,train,tiger,atrw,tiger,single_query,unknown,,,002104,,
train/002105.jpg,124,0,train,tiger,atrw,tiger,single_query,unknown,,,002105,,
train/002110.jpg,66,0,train,tiger,atrw,tiger,single_query,unknown,,,002110,,
train/002112.jpg,136,0,train,tiger,atrw,tiger,single_query,unknown,,,002112,,
train/002113.jpg,250,0,train,tiger,atrw,tiger,single_query,unknown,,,002113,,
train/002114.jpg,243,0,train,tiger,atrw,tiger,single_query,unknown,,,002114,,
train/002119.jpg,160,0,train,tiger,atrw,tiger,single_query,unknown,,,002119,,
train/002120.jpg,175,0,train,tiger,atrw,tiger,single_query,unknown,,,002120,,
train/002122.jpg,6,0,train,tiger,atrw,tiger,single_query,unknown,,,002122,,
train/002123.jpg,96,0,train,tiger,atrw,tiger,single_query,unknown,,,002123,,
train/002125.jpg,145,0,train,tiger,atrw,tiger,single_query,unknown,,,002125,,
train/002127.jpg,249,0,train,tiger,atrw,tiger,single_query,unknown,,,002127,,
train/002128.jpg,273,0,train,tiger,atrw,tiger,single_query,unknown,,,002128,,
train/002130.jpg,72,0,train,tiger,atrw,tiger,single_query,unknown,,,002130,,
train/002137.jpg,30,0,train,tiger,atrw,tiger,single_query,unknown,,,002137,,
train/002140.jpg,243,0,train,tiger,atrw,tiger,single_query,unknown,,,002140,,
train/002141.jpg,64,0,train,tiger,atrw,tiger,single_query,unknown,,,002141,,
train/002143.jpg,27,0,train,tiger,atrw,tiger,single_query,unknown,,,002143,,
train/002144.jpg,60,0,train,tiger,atrw,tiger,single_query,unknown,,,002144,,
train/002145.jpg,85,0,train,tiger,atrw,tiger,single_query,unknown,,,002145,,
train/002146.jpg,271,0,train,tiger,atrw,tiger,single_query,unknown,,,002146,,
train/002149.jpg,160,0,train,tiger,atrw,tiger,single_query,unknown,,,002149,,
train/002153.jpg,64,0,train,tiger,atrw,tiger,single_query,unknown,,,002153,,
train/002156.jpg,168,0,train,tiger,atrw,tiger,single_query,unknown,,,002156,,
train/002162.jpg,109,0,train,tiger,atrw,tiger,single_query,unknown,,,002162,,
train/002163.jpg,198,0,train,tiger,atrw,tiger,single_query,unknown,,,002163,,
train/002168.jpg,202,0,train,tiger,atrw,tiger,single_query,unknown,,,002168,,
train/002170.jpg,261,0,train,tiger,atrw,tiger,single_query,unknown,,,002170,,
train/002172.jpg,27,0,train,tiger,atrw,tiger,single_query,unknown,,,002172,,
train/002173.jpg,168,0,train,tiger,atrw,tiger,single_query,unknown,,,002173,,
train/002174.jpg,223,0,train,tiger,atrw,tiger,single_query,unknown,,,002174,,
train/002179.jpg,114,0,train,tiger,atrw,tiger,single_query,unknown,,,002179,,
train/002180.jpg,268,0,train,tiger,atrw,tiger,single_query,unknown,,,002180,,
train/002182.jpg,160,0,train,tiger,atrw,tiger,single_query,unknown,,,002182,,
train/002183.jpg,57,0,train,tiger,atrw,tiger,single_query,unknown,,,002183,,
train/002185.jpg,217,0,train,tiger,atrw,tiger,single_query,unknown,,,002185,,
train/002188.jpg,181,0,train,tiger,atrw,tiger,single_query,unknown,,,002188,,
train/002189.jpg,211,0,train,tiger,atrw,tiger,single_query,unknown,,,002189,,
train/002190.jpg,130,0,train,tiger,atrw,tiger,single_query,unknown,,,002190,,
train/002191.jpg,94,0,train,tiger,atrw,tiger,single_query,unknown,,,002191,,
train/002192.jpg,33,0,train,tiger,atrw,tiger,single_query,unknown,,,002192,,
train/002193.jpg,76,0,train,tiger,atrw,tiger,single_query,unknown,,,002193,,
train/002198.jpg,195,0,train,tiger,atrw,tiger,single_query,unknown,,,002198,,
train/002200.jpg,153,0,train,tiger,atrw,tiger,single_query,unknown,,,002200,,
train/002204.jpg,60,0,train,tiger,atrw,tiger,single_query,unknown,,,002204,,
train/002210.jpg,175,0,train,tiger,atrw,tiger,single_query,unknown,,,002210,,
train/002211.jpg,237,0,train,tiger,atrw,tiger,single_query,unknown,,,002211,,
train/002219.jpg,126,0,train,tiger,atrw,tiger,single_query,unknown,,,002219,,
train/002228.jpg,106,0,train,tiger,atrw,tiger,single_query,unknown,,,002228,,
train/002230.jpg,139,0,train,tiger,atrw,tiger,single_query,unknown,,,002230,,
train/002231.jpg,259,0,train,tiger,atrw,tiger,single_query,unknown,,,002231,,
train/002234.jpg,252,0,train,tiger,atrw,tiger,single_query,unknown,,,002234,,
train/002238.jpg,160,0,train,tiger,atrw,tiger,single_query,unknown,,,002238,,
train/002243.jpg,249,0,train,tiger,atrw,tiger,single_query,unknown,,,002243,,
train/002249.jpg,238,0,train,tiger,atrw,tiger,single_query,unknown,,,002249,,
train/002251.jpg,228,0,train,tiger,atrw,tiger,single_query,unknown,,,002251,,
train/002253.jpg,0,0,train,tiger,atrw,tiger,single_query,unknown,,,002253,,
train/002255.jpg,216,0,train,tiger,atrw,tiger,single_query,unknown,,,002255,,
train/002257.jpg,160,0,train,tiger,atrw,tiger,single_query,unknown,,,002257,,
train/002260.jpg,153,0,train,tiger,atrw,tiger,single_query,unknown,,,002260,,
train/002262.jpg,261,0,train,tiger,atrw,tiger,single_query,unknown,,,002262,,
train/002263.jpg,81,0,train,tiger,atrw,tiger,single_query,unknown,,,002263,,
train/002265.jpg,237,0,train,tiger,atrw,tiger,single_query,unknown,,,002265,,
train/002267.jpg,222,0,train,tiger,atrw,tiger,single_query,unknown,,,002267,,
train/002269.jpg,253,0,train,tiger,atrw,tiger,single_query,unknown,,,002269,,
train/002270.jpg,243,0,train,tiger,atrw,tiger,single_query,unknown,,,002270,,
train/002272.jpg,57,0,train,tiger,atrw,tiger,single_query,unknown,,,002272,,
train/002273.jpg,274,0,train,tiger,atrw,tiger,single_query,unknown,,,002273,,
train/002276.jpg,264,0,train,tiger,atrw,tiger,single_query,unknown,,,002276,,
train/002280.jpg,148,0,train,tiger,atrw,tiger,single_query,unknown,,,002280,,
train/002287.jpg,28,0,train,tiger,atrw,tiger,single_query,unknown,,,002287,,
train/002290.jpg,154,0,train,tiger,atrw,tiger,single_query,unknown,,,002290,,
train/002296.jpg,109,0,train,tiger,atrw,tiger,single_query,unknown,,,002296,,
train/002297.jpg,177,0,train,tiger,atrw,tiger,single_query,unknown,,,002297,,
train/002299.jpg,223,0,train,tiger,atrw,tiger,single_query,unknown,,,002299,,
train/002302.jpg,267,0,train,tiger,atrw,tiger,single_query,unknown,,,002302,,
train/002306.jpg,91,0,train,tiger,atrw,tiger,single_query,unknown,,,002306,,
train/002307.jpg,85,0,train,tiger,atrw,tiger,single_query,unknown,,,002307,,
train/002314.jpg,12,0,train,tiger,atrw,tiger,single_query,unknown,,,002314,,
train/002315.jpg,243,0,train,tiger,atrw,tiger,single_query,unknown,,,002315,,
train/002316.jpg,175,0,train,tiger,atrw,tiger,single_query,unknown,,,002316,,
train/002320.jpg,153,0,train,tiger,atrw,tiger,single_query,unknown,,,002320,,
train/002322.jpg,153,0,train,tiger,atrw,tiger,single_query,unknown,,,002322,,
train/002323.jpg,136,0,train,tiger,atrw,tiger,single_query,unknown,,,002323,,
train/002324.jpg,247,0,train,tiger,atrw,tiger,single_query,unknown,,,002324,,
train/002328.jpg,12,0,train,tiger,atrw,tiger,single_query,unknown,,,002328,,
train/002329.jpg,238,0,train,tiger,atrw,tiger,single_query,unknown,,,002329,,
train/002335.jpg,217,0,train,tiger,atrw,tiger,single_query,unknown,,,002335,,
train/002336.jpg,66,0,train,tiger,atrw,tiger,single_query,unknown,,,002336,,
train/002339.jpg,244,0,train,tiger,atrw,tiger,single_query,unknown,,,002339,,
train/002340.jpg,213,0,train,tiger,atrw,tiger,single_query,unknown,,,002340,,
train/002341.jpg,160,0,train,tiger,atrw,tiger,single_query,unknown,,,002341,,
train/002344.jpg,115,0,train,tiger,atrw,tiger,single_query,unknown,,,002344,,
train/002349.jpg,273,0,train,tiger,atrw,tiger,single_query,unknown,,,002349,,
train/002353.jpg,244,0,train,tiger,atrw,tiger,single_query,unknown,,,002353,,
train/002360.jpg,252,0,train,tiger,atrw,tiger,single_query,unknown,,,002360,,
train/002364.jpg,78,0,train,tiger,atrw,tiger,single_query,unknown,,,002364,,
train/002369.jpg,27,0,train,tiger,atrw,tiger,single_query,unknown,,,002369,,
train/002370.jpg,256,0,train,tiger,atrw,tiger,single_query,unknown,,,002370,,
train/002373.jpg,3,0,train,tiger,atrw,tiger,single_query,unknown,,,002373,,
train/002374.jpg,208,0,train,tiger,atrw,tiger,single_query,unknown,,,002374,,
train/002377.jpg,69,0,train,tiger,atrw,tiger,single_query,unknown,,,002377,,
train/002379.jpg,3,0,train,tiger,atrw,tiger,single_query,unknown,,,002379,,
train/002388.jpg,240,0,train,tiger,atrw,tiger,single_query,unknown,,,002388,,
train/002389.jpg,6,0,train,tiger,atrw,tiger,single_query,unknown,,,002389,,
train/002390.jpg,129,0,train,tiger,atrw,tiger,single_query,unknown,,,002390,,
train/002405.jpg,265,0,train,tiger,atrw,tiger,single_query,unknown,,,002405,,
train/002411.jpg,274,0,train,tiger,atrw,tiger,single_query,unknown,,,002411,,
train/002419.jpg,57,0,train,tiger,atrw,tiger,single_query,unknown,,,002419,,
train/002420.jpg,228,0,train,tiger,atrw,tiger,single_query,unknown,,,002420,,
train/002425.jpg,160,0,train,tiger,atrw,tiger,single_query,unknown,,,002425,,
train/002426.jpg,253,0,train,tiger,atrw,tiger,single_query,unknown,,,002426,,
train/002430.jpg,229,0,train,tiger,atrw,tiger,single_query,unknown,,,002430,,
train/002431.jpg,228,0,train,tiger,atrw,tiger,single_query,unknown,,,002431,,
train/002432.jpg,172,0,train,tiger,atrw,tiger,single_query,unknown,,,002432,,
train/002433.jpg,76,0,train,tiger,atrw,tiger,single_query,unknown,,,002433,,
train/002434.jpg,172,0,train,tiger,atrw,tiger,single_query,unknown,,,002434,,
train/002436.jpg,136,0,train,tiger,atrw,tiger,single_query,unknown,,,002436,,
train/002440.jpg,249,0,train,tiger,atrw,tiger,single_query,unknown,,,002440,,
train/002442.jpg,97,0,train,tiger,atrw,tiger,single_query,unknown,,,002442,,
train/002445.jpg,136,0,train,tiger,atrw,tiger,single_query,unknown,,,002445,,
train/002447.jpg,76,0,train,tiger,atrw,tiger,single_query,unknown,,,002447,,
train/002450.jpg,267,0,train,tiger,atrw,tiger,single_query,unknown,,,002450,,
train/002452.jpg,106,0,train,tiger,atrw,tiger,single_query,unknown,,,002452,,
train/002453.jpg,160,0,train,tiger,atrw,tiger,single_query,unknown,,,002453,,
train/002455.jpg,40,0,train,tiger,atrw,tiger,single_query,unknown,,,002455,,
train/002456.jpg,256,0,train,tiger,atrw,tiger,single_query,unknown,,,002456,,
train/002458.jpg,177,0,train,tiger,atrw,tiger,single_query,unknown,,,002458,,
train/002459.jpg,90,0,train,tiger,atrw,tiger,single_query,unknown,,,002459,,
train/002461.jpg,106,0,train,tiger,atrw,tiger,single_query,unknown,,,002461,,
train/002470.jpg,151,0,train,tiger,atrw,tiger,single_query,unknown,,,002470,,
train/002471.jpg,267,0,train,tiger,atrw,tiger,single_query,unknown,,,002471,,
train/002472.jpg,109,0,train,tiger,atrw,tiger,single_query,unknown,,,002472,,
train/002473.jpg,172,0,train,tiger,atrw,tiger,single_query,unknown,,,002473,,
train/002475.jpg,160,0,train,tiger,atrw,tiger,single_query,unknown,,,002475,,
train/002476.jpg,237,0,train,tiger,atrw,tiger,single_query,unknown,,,002476,,
train/002477.jpg,3,0,train,tiger,atrw,tiger,single_query,unknown,,,002477,,
train/002479.jpg,273,0,train,tiger,atrw,tiger,single_query,unknown,,,002479,,
train/002481.jpg,66,0,train,tiger,atrw,tiger,single_query,unknown,,,002481,,
train/002486.jpg,39,0,train,tiger,atrw,tiger,single_query,unknown,,,002486,,
train/002487.jpg,151,0,train,tiger,atrw,tiger,single_query,unknown,,,002487,,
train/002490.jpg,54,0,train,tiger,atrw,tiger,single_query,unknown,,,002490,,
train/002492.jpg,246,0,train,tiger,atrw,tiger,single_query,unknown,,,002492,,
train/002493.jpg,237,0,train,tiger,atrw,tiger,single_query,unknown,,,002493,,
train/002497.jpg,12,0,train,tiger,atrw,tiger,single_query,unknown,,,002497,,
train/002499.jpg,250,0,train,tiger,atrw,tiger,single_query,unknown,,,002499,,
train/002501.jpg,202,0,train,tiger,atrw,tiger,single_query,unknown,,,002501,,
train/002503.jpg,153,0,train,tiger,atrw,tiger,single_query,unknown,,,002503,,
train/002504.jpg,154,0,train,tiger,atrw,tiger,single_query,unknown,,,002504,,
train/002505.jpg,171,0,train,tiger,atrw,tiger,single_query,unknown,,,002505,,
train/002507.jpg,226,0,train,tiger,atrw,tiger,single_query,unknown,,,002507,,
train/002512.jpg,267,0,train,tiger,atrw,tiger,single_query,unknown,,,002512,,
train/002513.jpg,261,0,train,tiger,atrw,tiger,single_query,unknown,,,002513,,
train/002516.jpg,85,0,train,tiger,atrw,tiger,single_query,unknown,,,002516,,
train/002523.jpg,55,0,train,tiger,atrw,tiger,single_query,unknown,,,002523,,
train/002524.jpg,178,0,train,tiger,atrw,tiger,single_query,unknown,,,002524,,
train/002526.jpg,117,0,train,tiger,atrw,tiger,single_query,unknown,,,002526,,
train/002527.jpg,160,0,train,tiger,atrw,tiger,single_query,unknown,,,002527,,
train/002528.jpg,66,0,train,tiger,atrw,tiger,single_query,unknown,,,002528,,
train/002532.jpg,238,0,train,tiger,atrw,tiger,single_query,unknown,,,002532,,
train/002535.jpg,153,0,train,tiger,atrw,tiger,single_query,unknown,,,002535,,
train/002542.jpg,66,0,train,tiger,atrw,tiger,single_query,unknown,,,002542,,
train/002543.jpg,247,0,train,tiger,atrw,tiger,single_query,unknown,,,002543,,
train/002544.jpg,30,0,train,tiger,atrw,tiger,single_query,unknown,,,002544,,
train/002546.jpg,154,0,train,tiger,atrw,tiger,single_query,unknown,,,002546,,
train/002550.jpg,265,0,train,tiger,atrw,tiger,single_query,unknown,,,002550,,
train/002552.jpg,246,0,train,tiger,atrw,tiger,single_query,unknown,,,002552,,
train/002556.jpg,202,0,train,tiger,atrw,tiger,single_query,unknown,,,002556,,
train/002558.jpg,0,0,train,tiger,atrw,tiger,single_query,unknown,,,002558,,
train/002561.jpg,114,0,train,tiger,atrw,tiger,single_query,unknown,,,002561,,
train/002562.jpg,178,0,train,tiger,atrw,tiger,single_query,unknown,,,002562,,
train/002563.jpg,168,0,train,tiger,atrw,tiger,single_query,unknown,,,002563,,
train/002564.jpg,256,0,train,tiger,atrw,tiger,single_query,unknown,,,002564,,
train/002566.jpg,22,0,train,tiger,atrw,tiger,single_query,unknown,,,002566,,
train/002568.jpg,106,0,train,tiger,atrw,tiger,single_query,unknown,,,002568,,
train/002570.jpg,168,0,train,tiger,atrw,tiger,single_query,unknown,,,002570,,
train/002576.jpg,91,0,train,tiger,atrw,tiger,single_query,unknown,,,002576,,
train/002578.jpg,160,0,train,tiger,atrw,tiger,single_query,unknown,,,002578,,
train/002579.jpg,261,0,train,tiger,atrw,tiger,single_query,unknown,,,002579,,
train/002582.jpg,240,0,train,tiger,atrw,tiger,single_query,unknown,,,002582,,
train/002583.jpg,109,0,train,tiger,atrw,tiger,single_query,unknown,,,002583,,
train/002584.jpg,100,0,train,tiger,atrw,tiger,single_query,unknown,,,002584,,
train/002585.jpg,114,0,train,tiger,atrw,tiger,single_query,unknown,,,002585,,
train/002589.jpg,250,0,train,tiger,atrw,tiger,single_query,unknown,,,002589,,
train/002593.jpg,172,0,train,tiger,atrw,tiger,single_query,unknown,,,002593,,
train/002594.jpg,187,0,train,tiger,atrw,tiger,single_query,unknown,,,002594,,
train/002596.jpg,172,0,train,tiger,atrw,tiger,single_query,unknown,,,002596,,
train/002597.jpg,24,0,train,tiger,atrw,tiger,single_query,unknown,,,002597,,
train/002601.jpg,40,0,train,tiger,atrw,tiger,single_query,unknown,,,002601,,
train/002602.jpg,223,0,train,tiger,atrw,tiger,single_query,unknown,,,002602,,
train/002610.jpg,130,0,train,tiger,atrw,tiger,single_query,unknown,,,002610,,
train/002611.jpg,13,0,train,tiger,atrw,tiger,single_query,unknown,,,002611,,
train/002612.jpg,217,0,train,tiger,atrw,tiger,single_query,unknown,,,002612,,
train/002621.jpg,43,0,train,tiger,atrw,tiger,single_query,unknown,,,002621,,
train/002624.jpg,12,0,train,tiger,atrw,tiger,single_query,unknown,,,002624,,
train/002628.jpg,55,0,train,tiger,atrw,tiger,single_query,unknown,,,002628,,
train/002631.jpg,172,0,train,tiger,atrw,tiger,single_query,unknown,,,002631,,
train/002632.jpg,55,0,train,tiger,atrw,tiger,single_query,unknown,,,002632,,
train/002634.jpg,177,0,train,tiger,atrw,tiger,single_query,unknown,,,002634,,
train/002635.jpg,168,0,train,tiger,atrw,tiger,single_query,unknown,,,002635,,
train/002636.jpg,247,0,train,tiger,atrw,tiger,single_query,unknown,,,002636,,
train/002638.jpg,246,0,train,tiger,atrw,tiger,single_query,unknown,,,002638,,
train/002646.jpg,153,0,train,tiger,atrw,tiger,single_query,unknown,,,002646,,
train/002650.jpg,259,0,train,tiger,atrw,tiger,single_query,unknown,,,002650,,
train/002651.jpg,153,0,train,tiger,atrw,tiger,single_query,unknown,,,002651,,
train/002652.jpg,160,0,train,tiger,atrw,tiger,single_query,unknown,,,002652,,
train/002654.jpg,172,0,train,tiger,atrw,tiger,single_query,unknown,,,002654,,
train/002659.jpg,132,0,train,tiger,atrw,tiger,single_query,unknown,,,002659,,
train/002660.jpg,78,0,train,tiger,atrw,tiger,single_query,unknown,,,002660,,
train/002665.jpg,259,0,train,tiger,atrw,tiger,single_query,unknown,,,002665,,
train/002668.jpg,132,0,train,tiger,atrw,tiger,single_query,unknown,,,002668,,
train/002679.jpg,108,0,train,tiger,atrw,tiger,single_query,unknown,,,002679,,
train/002681.jpg,168,0,train,tiger,atrw,tiger,single_query,unknown,,,002681,,
train/002683.jpg,100,0,train,tiger,atrw,tiger,single_query,unknown,,,002683,,
train/002684.jpg,274,0,train,tiger,atrw,tiger,single_query,unknown,,,002684,,
train/002685.jpg,229,0,train,tiger,atrw,tiger,single_query,unknown,,,002685,,
train/002695.jpg,3,0,train,tiger,atrw,tiger,single_query,unknown,,,002695,,
train/002696.jpg,154,0,train,tiger,atrw,tiger,single_query,unknown,,,002696,,
train/002698.jpg,51,0,train,tiger,atrw,tiger,single_query,unknown,,,002698,,
train/002699.jpg,177,0,train,tiger,atrw,tiger,single_query,unknown,,,002699,,
train/002703.jpg,175,0,train,tiger,atrw,tiger,single_query,unknown,,,002703,,
train/002706.jpg,267,0,train,tiger,atrw,tiger,single_query,unknown,,,002706,,
train/002708.jpg,244,0,train,tiger,atrw,tiger,single_query,unknown,,,002708,,
train/002709.jpg,22,0,train,tiger,atrw,tiger,single_query,unknown,,,002709,,
train/002714.jpg,45,0,train,tiger,atrw,tiger,single_query,unknown,,,002714,,
train/002720.jpg,243,0,train,tiger,atrw,tiger,single_query,unknown,,,002720,,
train/002723.jpg,240,0,train,tiger,atrw,tiger,single_query,unknown,,,002723,,
train/002724.jpg,255,0,train,tiger,atrw,tiger,single_query,unknown,,,002724,,
train/002727.jpg,243,0,train,tiger,atrw,tiger,single_query,unknown,,,002727,,
train/002728.jpg,153,0,train,tiger,atrw,tiger,single_query,unknown,,,002728,,
train/002729.jpg,160,0,train,tiger,atrw,tiger,single_query,unknown,,,002729,,
train/002730.jpg,142,0,train,tiger,atrw,tiger,single_query,unknown,,,002730,,
train/002731.jpg,160,0,train,tiger,atrw,tiger,single_query,unknown,,,002731,,
train/002732.jpg,45,0,train,tiger,atrw,tiger,single_query,unknown,,,002732,,
train/002735.jpg,228,0,train,tiger,atrw,tiger,single_query,unknown,,,002735,,
train/002738.jpg,66,0,train,tiger,atrw,tiger,single_query,unknown,,,002738,,
train/002739.jpg,153,0,train,tiger,atrw,tiger,single_query,unknown,,,002739,,
train/002749.jpg,237,0,train,tiger,atrw,tiger,single_query,unknown,,,002749,,
train/002750.jpg,115,0,train,tiger,atrw,tiger,single_query,unknown,,,002750,,
train/002752.jpg,229,0,train,tiger,atrw,tiger,single_query,unknown,,,002752,,
train/002754.jpg,220,0,train,tiger,atrw,tiger,single_query,unknown,,,002754,,
train/002757.jpg,171,0,train,tiger,atrw,tiger,single_query,unknown,,,002757,,
train/002760.jpg,97,0,train,tiger,atrw,tiger,single_query,unknown,,,002760,,
train/002762.jpg,261,0,train,tiger,atrw,tiger,single_query,unknown,,,002762,,
train/002763.jpg,222,0,train,tiger,atrw,tiger,single_query,unknown,,,002763,,
train/002764.jpg,226,0,train,tiger,atrw,tiger,single_query,unknown,,,002764,,
train/002765.jpg,145,0,train,tiger,atrw,tiger,single_query,unknown,,,002765,,
train/002769.jpg,160,0,train,tiger,atrw,tiger,single_query,unknown,,,002769,,
train/002771.jpg,25,0,train,tiger,atrw,tiger,single_query,unknown,,,002771,,
train/002772.jpg,54,0,train,tiger,atrw,tiger,single_query,unknown,,,002772,,
train/002774.jpg,265,0,train,tiger,atrw,tiger,single_query,unknown,,,002774,,
train/002775.jpg,85,0,train,tiger,atrw,tiger,single_query,unknown,,,002775,,
train/002776.jpg,271,0,train,tiger,atrw,tiger,single_query,unknown,,,002776,,
train/002784.jpg,256,0,train,tiger,atrw,tiger,single_query,unknown,,,002784,,
train/002786.jpg,249,0,train,tiger,atrw,tiger,single_query,unknown,,,002786,,
train/002787.jpg,267,0,train,tiger,atrw,tiger,single_query,unknown,,,002787,,
train/002788.jpg,0,0,train,tiger,atrw,tiger,single_query,unknown,,,002788,,
train/002791.jpg,43,0,train,tiger,atrw,tiger,single_query,unknown,,,002791,,
train/002792.jpg,97,0,train,tiger,atrw,tiger,single_query,unknown,,,002792,,
train/002797.jpg,264,0,train,tiger,atrw,tiger,single_query,unknown,,,002797,,
train/002801.jpg,259,0,train,tiger,atrw,tiger,single_query,unknown,,,002801,,
train/002806.jpg,139,0,train,tiger,atrw,tiger,single_query,unknown,,,002806,,
train/002807.jpg,228,0,train,tiger,atrw,tiger,single_query,unknown,,,002807,,
train/002808.jpg,136,0,train,tiger,atrw,tiger,single_query,unknown,,,002808,,
train/002818.jpg,178,0,train,tiger,atrw,tiger,single_query,unknown,,,002818,,
train/002819.jpg,154,0,train,tiger,atrw,tiger,single_query,unknown,,,002819,,
train/002826.jpg,34,0,train,tiger,atrw,tiger,single_query,unknown,,,002826,,
train/002829.jpg,154,0,train,tiger,atrw,tiger,single_query,unknown,,,002829,,
train/002831.jpg,268,0,train,tiger,atrw,tiger,single_query,unknown,,,002831,,
train/002833.jpg,39,0,train,tiger,atrw,tiger,single_query,unknown,,,002833,,
train/002836.jpg,274,0,train,tiger,atrw,tiger,single_query,unknown,,,002836,,
train/002839.jpg,78,0,train,tiger,atrw,tiger,single_query,unknown,,,002839,,
train/002842.jpg,54,0,train,tiger,atrw,tiger,single_query,unknown,,,002842,,
train/002844.jpg,252,0,train,tiger,atrw,tiger,single_query,unknown,,,002844,,
train/002845.jpg,132,0,train,tiger,atrw,tiger,single_query,unknown,,,002845,,
train/002846.jpg,243,0,train,tiger,atrw,tiger,single_query,unknown,,,002846,,
train/002848.jpg,261,0,train,tiger,atrw,tiger,single_query,unknown,,,002848,,
train/002849.jpg,246,0,train,tiger,atrw,tiger,single_query,unknown,,,002849,,
train/002852.jpg,198,0,train,tiger,atrw,tiger,single_query,unknown,,,002852,,
train/002854.jpg,265,0,train,tiger,atrw,tiger,single_query,unknown,,,002854,,
train/002855.jpg,267,0,train,tiger,atrw,tiger,single_query,unknown,,,002855,,
train/002857.jpg,252,0,train,tiger,atrw,tiger,single_query,unknown,,,002857,,
train/002859.jpg,246,0,train,tiger,atrw,tiger,single_query,unknown,,,002859,,
train/002861.jpg,240,0,train,tiger,atrw,tiger,single_query,unknown,,,002861,,
train/002862.jpg,100,0,train,tiger,atrw,tiger,single_query,unknown,,,002862,,
train/002867.jpg,160,0,train,tiger,atrw,tiger,single_query,unknown,,,002867,,
train/002868.jpg,177,0,train,tiger,atrw,tiger,single_query,unknown,,,002868,,
train/002880.jpg,220,0,train,tiger,atrw,tiger,single_query,unknown,,,002880,,
train/002883.jpg,264,0,train,tiger,atrw,tiger,single_query,unknown,,,002883,,
train/002886.jpg,175,0,train,tiger,atrw,tiger,single_query,unknown,,,002886,,
train/002888.jpg,142,0,train,tiger,atrw,tiger,single_query,unknown,,,002888,,
train/002889.jpg,198,0,train,tiger,atrw,tiger,single_query,unknown,,,002889,,
train/002893.jpg,97,0,train,tiger,atrw,tiger,single_query,unknown,,,002893,,
train/002896.jpg,34,0,train,tiger,atrw,tiger,single_query,unknown,,,002896,,
train/002898.jpg,201,0,train,tiger,atrw,tiger,single_query,unknown,,,002898,,
train/002905.jpg,273,0,train,tiger,atrw,tiger,single_query,unknown,,,002905,,
train/002910.jpg,220,0,train,tiger,atrw,tiger,single_query,unknown,,,002910,,
train/002911.jpg,85,0,train,tiger,atrw,tiger,single_query,unknown,,,002911,,
train/002920.jpg,91,0,train,tiger,atrw,tiger,single_query,unknown,,,002920,,
train/002921.jpg,85,0,train,tiger,atrw,tiger,single_query,unknown,,,002921,,
train/002924.jpg,30,0,train,tiger,atrw,tiger,single_query,unknown,,,002924,,
train/002925.jpg,129,0,train,tiger,atrw,tiger,single_query,unknown,,,002925,,
train/002932.jpg,267,0,train,tiger,atrw,tiger,single_query,unknown,,,002932,,
train/002936.jpg,153,0,train,tiger,atrw,tiger,single_query,unknown,,,002936,,
train/002937.jpg,268,0,train,tiger,atrw,tiger,single_query,unknown,,,002937,,
train/002943.jpg,153,0,train,tiger,atrw,tiger,single_query,unknown,,,002943,,
train/002946.jpg,33,0,train,tiger,atrw,tiger,single_query,unknown,,,002946,,
train/002947.jpg,168,0,train,tiger,atrw,tiger,single_query,unknown,,,002947,,
train/002949.jpg,91,0,train,tiger,atrw,tiger,single_query,unknown,,,002949,,
train/002950.jpg,264,0,train,tiger,atrw,tiger,single_query,unknown,,,002950,,
train/002957.jpg,238,0,train,tiger,atrw,tiger,single_query,unknown,,,002957,,
train/002959.jpg,217,0,train,tiger,atrw,tiger,single_query,unknown,,,002959,,
train/002962.jpg,247,0,train,tiger,atrw,tiger,single_query,unknown,,,002962,,
train/002963.jpg,237,0,train,tiger,atrw,tiger,single_query,unknown,,,002963,,
train/002964.jpg,267,0,train,tiger,atrw,tiger,single_query,unknown,,,002964,,
train/002965.jpg,124,0,train,tiger,atrw,tiger,single_query,unknown,,,002965,,
train/002966.jpg,129,0,train,tiger,atrw,tiger,single_query,unknown,,,002966,,
train/002971.jpg,109,0,train,tiger,atrw,tiger,single_query,unknown,,,002971,,
train/002978.jpg,153,0,train,tiger,atrw,tiger,single_query,unknown,,,002978,,
train/002986.jpg,160,0,train,tiger,atrw,tiger,single_query,unknown,,,002986,,
train/002988.jpg,208,0,train,tiger,atrw,tiger,single_query,unknown,,,002988,,
train/002989.jpg,268,0,train,tiger,atrw,tiger,single_query,unknown,,,002989,,
train/002992.jpg,153,0,train,tiger,atrw,tiger,single_query,unknown,,,002992,,
train/002998.jpg,43,0,train,tiger,atrw,tiger,single_query,unknown,,,002998,,
train/002999.jpg,142,0,train,tiger,atrw,tiger,single_query,unknown,,,002999,,
train/003001.jpg,168,0,train,tiger,atrw,tiger,single_query,unknown,,,003001,,
train/003002.jpg,39,0,train,tiger,atrw,tiger,single_query,unknown,,,003002,,
train/003011.jpg,108,0,train,tiger,atrw,tiger,single_query,unknown,,,003011,,
train/003012.jpg,106,0,train,tiger,atrw,tiger,single_query,unknown,,,003012,,
train/003013.jpg,264,0,train,tiger,atrw,tiger,single_query,unknown,,,003013,,
train/003014.jpg,244,0,train,tiger,atrw,tiger,single_query,unknown,,,003014,,
train/003018.jpg,264,0,train,tiger,atrw,tiger,single_query,unknown,,,003018,,
train/003021.jpg,175,0,train,tiger,atrw,tiger,single_query,unknown,,,003021,,
train/003024.jpg,115,0,train,tiger,atrw,tiger,single_query,unknown,,,003024,,
train/003025.jpg,228,0,train,tiger,atrw,tiger,single_query,unknown,,,003025,,
train/003027.jpg,153,0,train,tiger,atrw,tiger,single_query,unknown,,,003027,,
train/003033.jpg,115,0,train,tiger,atrw,tiger,single_query,unknown,,,003033,,
train/003035.jpg,39,0,train,tiger,atrw,tiger,single_query,unknown,,,003035,,
train/003037.jpg,39,0,train,tiger,atrw,tiger,single_query,unknown,,,003037,,
train/003038.jpg,42,0,train,tiger,atrw,tiger,single_query,unknown,,,003038,,
train/003039.jpg,160,0,train,tiger,atrw,tiger,single_query,unknown,,,003039,,
train/003042.jpg,160,0,train,tiger,atrw,tiger,single_query,unknown,,,003042,,
train/003045.jpg,39,0,train,tiger,atrw,tiger,single_query,unknown,,,003045,,
train/003049.jpg,82,0,train,tiger,atrw,tiger,single_query,unknown,,,003049,,
train/003050.jpg,114,0,train,tiger,atrw,tiger,single_query,unknown,,,003050,,
train/003051.jpg,222,0,train,tiger,atrw,tiger,single_query,unknown,,,003051,,
train/003052.jpg,100,0,train,tiger,atrw,tiger,single_query,unknown,,,003052,,
train/003058.jpg,237,0,train,tiger,atrw,tiger,single_query,unknown,,,003058,,
train/003059.jpg,45,0,train,tiger,atrw,tiger,single_query,unknown,,,003059,,
train/003062.jpg,171,0,train,tiger,atrw,tiger,single_query,unknown,,,003062,,
train/003064.jpg,154,0,train,tiger,atrw,tiger,single_query,unknown,,,003064,,
train/003065.jpg,178,0,train,tiger,atrw,tiger,single_query,unknown,,,003065,,
train/003071.jpg,25,0,train,tiger,atrw,tiger,single_query,unknown,,,003071,,
train/003072.jpg,106,0,train,tiger,atrw,tiger,single_query,unknown,,,003072,,
train/003076.jpg,69,0,train,tiger,atrw,tiger,single_query,unknown,,,003076,,
train/003080.jpg,154,0,train,tiger,atrw,tiger,single_query,unknown,,,003080,,
train/003083.jpg,139,0,train,tiger,atrw,tiger,single_query,unknown,,,003083,,
train/003086.jpg,171,0,train,tiger,atrw,tiger,single_query,unknown,,,003086,,
train/003088.jpg,244,0,train,tiger,atrw,tiger,single_query,unknown,,,003088,,
train/003089.jpg,82,0,train,tiger,atrw,tiger,single_query,unknown,,,003089,,
train/003096.jpg,153,0,train,tiger,atrw,tiger,single_query,unknown,,,003096,,
train/003097.jpg,240,0,train,tiger,atrw,tiger,single_query,unknown,,,003097,,
train/003103.jpg,151,0,train,tiger,atrw,tiger,single_query,unknown,,,003103,,
train/003107.jpg,0,0,train,tiger,atrw,tiger,single_query,unknown,,,003107,,
train/003113.jpg,160,0,train,tiger,atrw,tiger,single_query,unknown,,,003113,,
train/003115.jpg,51,0,train,tiger,atrw,tiger,single_query,unknown,,,003115,,
train/003117.jpg,96,0,train,tiger,atrw,tiger,single_query,unknown,,,003117,,
train/003120.jpg,160,0,train,tiger,atrw,tiger,single_query,unknown,,,003120,,
train/003126.jpg,136,0,train,tiger,atrw,tiger,single_query,unknown,,,003126,,
train/003128.jpg,246,0,train,tiger,atrw,tiger,single_query,unknown,,,003128,,
train/003131.jpg,229,0,train,tiger,atrw,tiger,single_query,unknown,,,003131,,
train/003134.jpg,246,0,train,tiger,atrw,tiger,single_query,unknown,,,003134,,
train/003135.jpg,223,0,train,tiger,atrw,tiger,single_query,unknown,,,003135,,
train/003136.jpg,178,0,train,tiger,atrw,tiger,single_query,unknown,,,003136,,
train/003139.jpg,66,0,train,tiger,atrw,tiger,single_query,unknown,,,003139,,
train/003141.jpg,228,0,train,tiger,atrw,tiger,single_query,unknown,,,003141,,
train/003143.jpg,148,0,train,tiger,atrw,tiger,single_query,unknown,,,003143,,
train/003144.jpg,136,0,train,tiger,atrw,tiger,single_query,unknown,,,003144,,
train/003145.jpg,25,0,train,tiger,atrw,tiger,single_query,unknown,,,003145,,
train/003147.jpg,160,0,train,tiger,atrw,tiger,single_query,unknown,,,003147,,
train/003148.jpg,54,0,train,tiger,atrw,tiger,single_query,unknown,,,003148,,
train/003149.jpg,145,0,train,tiger,atrw,tiger,single_query,unknown,,,003149,,
train/003150.jpg,154,0,train,tiger,atrw,tiger,single_query,unknown,,,003150,,
train/003151.jpg,55,0,train,tiger,atrw,tiger,single_query,unknown,,,003151,,
train/003155.jpg,109,0,train,tiger,atrw,tiger,single_query,unknown,,,003155,,
train/003156.jpg,154,0,train,tiger,atrw,tiger,single_query,unknown,,,003156,,
train/003158.jpg,249,0,train,tiger,atrw,tiger,single_query,unknown,,,003158,,
train/003160.jpg,154,0,train,tiger,atrw,tiger,single_query,unknown,,,003160,,
train/003162.jpg,97,0,train,tiger,atrw,tiger,single_query,unknown,,,003162,,
train/003163.jpg,246,0,train,tiger,atrw,tiger,single_query,unknown,,,003163,,
train/003167.jpg,136,0,train,tiger,atrw,tiger,single_query,unknown,,,003167,,
train/003172.jpg,246,0,train,tiger,atrw,tiger,single_query,unknown,,,003172,,
train/003175.jpg,253,0,train,tiger,atrw,tiger,single_query,unknown,,,003175,,
train/003176.jpg,160,0,train,tiger,atrw,tiger,single_query,unknown,,,003176,,
train/003177.jpg,247,0,train,tiger,atrw,tiger,single_query,unknown,,,003177,,
train/003186.jpg,153,0,train,tiger,atrw,tiger,single_query,unknown,,,003186,,
train/003187.jpg,13,0,train,tiger,atrw,tiger,single_query,unknown,,,003187,,
train/003191.jpg,201,0,train,tiger,atrw,tiger,single_query,unknown,,,003191,,
train/003194.jpg,139,0,train,tiger,atrw,tiger,single_query,unknown,,,003194,,
train/003199.jpg,142,0,train,tiger,atrw,tiger,single_query,unknown,,,003199,,
train/003205.jpg,246,0,train,tiger,atrw,tiger,single_query,unknown,,,003205,,
train/003209.jpg,243,0,train,tiger,atrw,tiger,single_query,unknown,,,003209,,
train/003210.jpg,264,0,train,tiger,atrw,tiger,single_query,unknown,,,003210,,
train/003211.jpg,129,0,train,tiger,atrw,tiger,single_query,unknown,,,003211,,
train/003219.jpg,153,0,train,tiger,atrw,tiger,single_query,unknown,,,003219,,
train/003221.jpg,45,0,train,tiger,atrw,tiger,single_query,unknown,,,003221,,
train/003225.jpg,160,0,train,tiger,atrw,tiger,single_query,unknown,,,003225,,
train/003226.jpg,238,0,train,tiger,atrw,tiger,single_query,unknown,,,003226,,
train/003230.jpg,217,0,train,tiger,atrw,tiger,single_query,unknown,,,003230,,
train/003234.jpg,67,0,train,tiger,atrw,tiger,single_query,unknown,,,003234,,
train/003236.jpg,57,0,train,tiger,atrw,tiger,single_query,unknown,,,003236,,
train/003242.jpg,213,0,train,tiger,atrw,tiger,single_query,unknown,,,003242,,
train/003246.jpg,208,0,train,tiger,atrw,tiger,single_query,unknown,,,003246,,
train/003250.jpg,43,0,train,tiger,atrw,tiger,single_query,unknown,,,003250,,
train/003251.jpg,100,0,train,tiger,atrw,tiger,single_query,unknown,,,003251,,
train/003253.jpg,213,0,train,tiger,atrw,tiger,single_query,unknown,,,003253,,
train/003254.jpg,237,0,train,tiger,atrw,tiger,single_query,unknown,,,003254,,
train/003257.jpg,153,0,train,tiger,atrw,tiger,single_query,unknown,,,003257,,
train/003259.jpg,168,0,train,tiger,atrw,tiger,single_query,unknown,,,003259,,
train/003261.jpg,172,0,train,tiger,atrw,tiger,single_query,unknown,,,003261,,
train/003262.jpg,27,0,train,tiger,atrw,tiger,single_query,unknown,,,003262,,
train/003265.jpg,168,0,train,tiger,atrw,tiger,single_query,unknown,,,003265,,
train/003266.jpg,82,0,train,tiger,atrw,tiger,single_query,unknown,,,003266,,
train/003267.jpg,187,0,train,tiger,atrw,tiger,single_query,unknown,,,003267,,
train/003273.jpg,268,0,train,tiger,atrw,tiger,single_query,unknown,,,003273,,
train/003276.jpg,42,0,train,tiger,atrw,tiger,single_query,unknown,,,003276,,
train/003277.jpg,43,0,train,tiger,atrw,tiger,single_query,unknown,,,003277,,
train/003279.jpg,240,0,train,tiger,atrw,tiger,single_query,unknown,,,003279,,
train/003283.jpg,217,0,train,tiger,atrw,tiger,single_query,unknown,,,003283,,
train/003284.jpg,244,0,train,tiger,atrw,tiger,single_query,unknown,,,003284,,
train/003286.jpg,154,0,train,tiger,atrw,tiger,single_query,unknown,,,003286,,
train/003287.jpg,181,0,train,tiger,atrw,tiger,single_query,unknown,,,003287,,
train/003289.jpg,64,0,train,tiger,atrw,tiger,single_query,unknown,,,003289,,
train/003290.jpg,69,0,train,tiger,atrw,tiger,single_query,unknown,,,003290,,
train/003292.jpg,247,0,train,tiger,atrw,tiger,single_query,unknown,,,003292,,
train/003297.jpg,153,0,train,tiger,atrw,tiger,single_query,unknown,,,003297,,
train/003299.jpg,108,0,train,tiger,atrw,tiger,single_query,unknown,,,003299,,
train/003301.jpg,81,0,train,tiger,atrw,tiger,single_query,unknown,,,003301,,
train/003303.jpg,100,0,train,tiger,atrw,tiger,single_query,unknown,,,003303,,
train/003307.jpg,154,0,train,tiger,atrw,tiger,single_query,unknown,,,003307,,
train/003309.jpg,28,0,train,tiger,atrw,tiger,single_query,unknown,,,003309,,
train/003310.jpg,213,0,train,tiger,atrw,tiger,single_query,unknown,,,003310,,
train/003314.jpg,72,0,train,tiger,atrw,tiger,single_query,unknown,,,003314,,
train/003317.jpg,3,0,train,tiger,atrw,tiger,single_query,unknown,,,003317,,
train/003321.jpg,13,0,train,tiger,atrw,tiger,single_query,unknown,,,003321,,
train/003323.jpg,12,0,train,tiger,atrw,tiger,single_query,unknown,,,003323,,
train/003325.jpg,96,0,train,tiger,atrw,tiger,single_query,unknown,,,003325,,
train/003327.jpg,145,0,train,tiger,atrw,tiger,single_query,unknown,,,003327,,
train/003328.jpg,259,0,train,tiger,atrw,tiger,single_query,unknown,,,003328,,
train/003329.jpg,109,0,train,tiger,atrw,tiger,single_query,unknown,,,003329,,
train/003331.jpg,259,0,train,tiger,atrw,tiger,single_query,unknown,,,003331,,
train/003333.jpg,271,0,train,tiger,atrw,tiger,single_query,unknown,,,003333,,
train/003338.jpg,136,0,train,tiger,atrw,tiger,single_query,unknown,,,003338,,
train/003339.jpg,82,0,train,tiger,atrw,tiger,single_query,unknown,,,003339,,
train/003341.jpg,45,0,train,tiger,atrw,tiger,single_query,unknown,,,003341,,
train/003343.jpg,153,0,train,tiger,atrw,tiger,single_query,unknown,,,003343,,
train/003354.jpg,153,0,train,tiger,atrw,tiger,single_query,unknown,,,003354,,
train/003358.jpg,160,0,train,tiger,atrw,tiger,single_query,unknown,,,003358,,
train/003362.jpg,142,0,train,tiger,atrw,tiger,single_query,unknown,,,003362,,
train/003364.jpg,114,0,train,tiger,atrw,tiger,single_query,unknown,,,003364,,
train/003365.jpg,25,0,train,tiger,atrw,tiger,single_query,unknown,,,003365,,
train/003366.jpg,78,0,train,tiger,atrw,tiger,single_query,unknown,,,003366,,
train/003368.jpg,81,0,train,tiger,atrw,tiger,single_query,unknown,,,003368,,
train/003369.jpg,220,0,train,tiger,atrw,tiger,single_query,unknown,,,003369,,
train/003370.jpg,264,0,train,tiger,atrw,tiger,single_query,unknown,,,003370,,
train/003373.jpg,177,0,train,tiger,atrw,tiger,single_query,unknown,,,003373,,
train/003374.jpg,136,0,train,tiger,atrw,tiger,single_query,unknown,,,003374,,
train/003375.jpg,198,0,train,tiger,atrw,tiger,single_query,unknown,,,003375,,
train/003377.jpg,160,0,train,tiger,atrw,tiger,single_query,unknown,,,003377,,
train/003378.jpg,181,0,train,tiger,atrw,tiger,single_query,unknown,,,003378,,
train/003381.jpg,265,0,train,tiger,atrw,tiger,single_query,unknown,,,003381,,
train/003384.jpg,168,0,train,tiger,atrw,tiger,single_query,unknown,,,003384,,
train/003386.jpg,153,0,train,tiger,atrw,tiger,single_query,unknown,,,003386,,
train/003387.jpg,126,0,train,tiger,atrw,tiger,single_query,unknown,,,003387,,
train/003388.jpg,253,0,train,tiger,atrw,tiger,single_query,unknown,,,003388,,
train/003394.jpg,247,0,train,tiger,atrw,tiger,single_query,unknown,,,003394,,
train/003396.jpg,175,0,train,tiger,atrw,tiger,single_query,unknown,,,003396,,
train/003397.jpg,81,0,train,tiger,atrw,tiger,single_query,unknown,,,003397,,
train/003398.jpg,117,0,train,tiger,atrw,tiger,single_query,unknown,,,003398,,
train/003399.jpg,261,0,train,tiger,atrw,tiger,single_query,unknown,,,003399,,
train/003402.jpg,109,0,train,tiger,atrw,tiger,single_query,unknown,,,003402,,
train/003403.jpg,243,0,train,tiger,atrw,tiger,single_query,unknown,,,003403,,
train/003407.jpg,243,0,train,tiger,atrw,tiger,single_query,unknown,,,003407,,
train/003411.jpg,252,0,train,tiger,atrw,tiger,single_query,unknown,,,003411,,
train/003416.jpg,30,0,train,tiger,atrw,tiger,single_query,unknown,,,003416,,
train/003417.jpg,160,0,train,tiger,atrw,tiger,single_query,unknown,,,003417,,
train/003421.jpg,223,0,train,tiger,atrw,tiger,single_query,unknown,,,003421,,
train/003424.jpg,106,0,train,tiger,atrw,tiger,single_query,unknown,,,003424,,
train/003425.jpg,54,0,train,tiger,atrw,tiger,single_query,unknown,,,003425,,
train/003429.jpg,55,0,train,tiger,atrw,tiger,single_query,unknown,,,003429,,
train/003430.jpg,201,0,train,tiger,atrw,tiger,single_query,unknown,,,003430,,
train/003431.jpg,3,0,train,tiger,atrw,tiger,single_query,unknown,,,003431,,
train/003435.jpg,148,0,train,tiger,atrw,tiger,single_query,unknown,,,003435,,
train/003437.jpg,153,0,train,tiger,atrw,tiger,single_query,unknown,,,003437,,
train/003444.jpg,172,0,train,tiger,atrw,tiger,single_query,unknown,,,003444,,
train/003445.jpg,255,0,train,tiger,atrw,tiger,single_query,unknown,,,003445,,
train/003449.jpg,246,0,train,tiger,atrw,tiger,single_query,unknown,,,003449,,
train/003452.jpg,172,0,train,tiger,atrw,tiger,single_query,unknown,,,003452,,
train/003460.jpg,255,0,train,tiger,atrw,tiger,single_query,unknown,,,003460,,
train/003462.jpg,256,0,train,tiger,atrw,tiger,single_query,unknown,,,003462,,
train/003464.jpg,30,0,train,tiger,atrw,tiger,single_query,unknown,,,003464,,
train/003466.jpg,247,0,train,tiger,atrw,tiger,single_query,unknown,,,003466,,
train/003468.jpg,106,0,train,tiger,atrw,tiger,single_query,unknown,,,003468,,
train/003483.jpg,136,0,train,tiger,atrw,tiger,single_query,unknown,,,003483,,
train/003484.jpg,100,0,train,tiger,atrw,tiger,single_query,unknown,,,003484,,
train/003486.jpg,54,0,train,tiger,atrw,tiger,single_query,unknown,,,003486,,
train/003490.jpg,28,0,train,tiger,atrw,tiger,single_query,unknown,,,003490,,
train/003494.jpg,220,0,train,tiger,atrw,tiger,single_query,unknown,,,003494,,
train/003496.jpg,264,0,train,tiger,atrw,tiger,single_query,unknown,,,003496,,
train/003503.jpg,24,0,train,tiger,atrw,tiger,single_query,unknown,,,003503,,
train/003507.jpg,100,0,train,tiger,atrw,tiger,single_query,unknown,,,003507,,
train/003510.jpg,211,0,train,tiger,atrw,tiger,single_query,unknown,,,003510,,
train/003511.jpg,172,0,train,tiger,atrw,tiger,single_query,unknown,,,003511,,
train/003514.jpg,42,0,train,tiger,atrw,tiger,single_query,unknown,,,003514,,
train/003521.jpg,226,0,train,tiger,atrw,tiger,single_query,unknown,,,003521,,
train/003522.jpg,34,0,train,tiger,atrw,tiger,single_query,unknown,,,003522,,
train/003523.jpg,256,0,train,tiger,atrw,tiger,single_query,unknown,,,003523,,
train/003527.jpg,247,0,train,tiger,atrw,tiger,single_query,unknown,,,003527,,
train/003529.jpg,72,0,train,tiger,atrw,tiger,single_query,unknown,,,003529,,
train/003530.jpg,153,0,train,tiger,atrw,tiger,single_query,unknown,,,003530,,
train/003532.jpg,136,0,train,tiger,atrw,tiger,single_query,unknown,,,003532,,
train/003538.jpg,243,0,train,tiger,atrw,tiger,single_query,unknown,,,003538,,
train/003540.jpg,153,0,train,tiger,atrw,tiger,single_query,unknown,,,003540,,
train/003541.jpg,246,0,train,tiger,atrw,tiger,single_query,unknown,,,003541,,
train/003543.jpg,249,0,train,tiger,atrw,tiger,single_query,unknown,,,003543,,
train/003544.jpg,69,0,train,tiger,atrw,tiger,single_query,unknown,,,003544,,
train/003548.jpg,160,0,train,tiger,atrw,tiger,single_query,unknown,,,003548,,
train/003551.jpg,264,0,train,tiger,atrw,tiger,single_query,unknown,,,003551,,
train/003556.jpg,139,0,train,tiger,atrw,tiger,single_query,unknown,,,003556,,
train/003557.jpg,160,0,train,tiger,atrw,tiger,single_query,unknown,,,003557,,
train/003560.jpg,201,0,train,tiger,atrw,tiger,single_query,unknown,,,003560,,
train/003562.jpg,229,0,train,tiger,atrw,tiger,single_query,unknown,,,003562,,
train/003570.jpg,6,0,train,tiger,atrw,tiger,single_query,unknown,,,003570,,
train/003580.jpg,267,0,train,tiger,atrw,tiger,single_query,unknown,,,003580,,
train/003583.jpg,129,0,train,tiger,atrw,tiger,single_query,unknown,,,003583,,
train/003584.jpg,34,0,train,tiger,atrw,tiger,single_query,unknown,,,003584,,
train/003586.jpg,256,0,train,tiger,atrw,tiger,single_query,unknown,,,003586,,
train/003595.jpg,247,0,train,tiger,atrw,tiger,single_query,unknown,,,003595,,
train/003596.jpg,168,0,train,tiger,atrw,tiger,single_query,unknown,,,003596,,
train/003597.jpg,250,0,train,tiger,atrw,tiger,single_query,unknown,,,003597,,
train/003601.jpg,213,0,train,tiger,atrw,tiger,single_query,unknown,,,003601,,
train/003607.jpg,153,0,train,tiger,atrw,tiger,single_query,unknown,,,003607,,
train/003611.jpg,238,0,train,tiger,atrw,tiger,single_query,unknown,,,003611,,
train/003612.jpg,175,0,train,tiger,atrw,tiger,single_query,unknown,,,003612,,
train/003613.jpg,243,0,train,tiger,atrw,tiger,single_query,unknown,,,003613,,
train/003617.jpg,54,0,train,tiger,atrw,tiger,single_query,unknown,,,003617,,
train/003619.jpg,126,0,train,tiger,atrw,tiger,single_query,unknown,,,003619,,
train/003621.jpg,268,0,train,tiger,atrw,tiger,single_query,unknown,,,003621,,
train/003624.jpg,177,0,train,tiger,atrw,tiger,single_query,unknown,,,003624,,
train/003625.jpg,220,0,train,tiger,atrw,tiger,single_query,unknown,,,003625,,
train/003630.jpg,72,0,train,tiger,atrw,tiger,single_query,unknown,,,003630,,
train/003635.jpg,72,0,train,tiger,atrw,tiger,single_query,unknown,,,003635,,
train/003638.jpg,148,0,train,tiger,atrw,tiger,single_query,unknown,,,003638,,
train/003641.jpg,160,0,train,tiger,atrw,tiger,single_query,unknown,,,003641,,
train/003642.jpg,136,0,train,tiger,atrw,tiger,single_query,unknown,,,003642,,
train/003644.jpg,22,0,train,tiger,atrw,tiger,single_query,unknown,,,003644,,
train/003649.jpg,171,0,train,tiger,atrw,tiger,single_query,unknown,,,003649,,
train/003650.jpg,76,0,train,tiger,atrw,tiger,single_query,unknown,,,003650,,
train/003654.jpg,216,0,train,tiger,atrw,tiger,single_query,unknown,,,003654,,
train/003655.jpg,76,0,train,tiger,atrw,tiger,single_query,unknown,,,003655,,
train/003656.jpg,90,0,train,tiger,atrw,tiger,single_query,unknown,,,003656,,
train/003657.jpg,250,0,train,tiger,atrw,tiger,single_query,unknown,,,003657,,
train/003658.jpg,148,0,train,tiger,atrw,tiger,single_query,unknown,,,003658,,
train/003659.jpg,64,0,train,tiger,atrw,tiger,single_query,unknown,,,003659,,
train/003660.jpg,201,0,train,tiger,atrw,tiger,single_query,unknown,,,003660,,
train/003661.jpg,142,0,train,tiger,atrw,tiger,single_query,unknown,,,003661,,
train/003670.jpg,78,0,train,tiger,atrw,tiger,single_query,unknown,,,003670,,
train/003674.jpg,160,0,train,tiger,atrw,tiger,single_query,unknown,,,003674,,
train/003677.jpg,136,0,train,tiger,atrw,tiger,single_query,unknown,,,003677,,
train/003679.jpg,267,0,train,tiger,atrw,tiger,single_query,unknown,,,003679,,
train/003681.jpg,181,0,train,tiger,atrw,tiger,single_query,unknown,,,003681,,
train/003683.jpg,243,0,train,tiger,atrw,tiger,single_query,unknown,,,003683,,
train/003688.jpg,256,0,train,tiger,atrw,tiger,single_query,unknown,,,003688,,
train/003689.jpg,34,0,train,tiger,atrw,tiger,single_query,unknown,,,003689,,
train/003693.jpg,229,0,train,tiger,atrw,tiger,single_query,unknown,,,003693,,
train/003694.jpg,91,0,train,tiger,atrw,tiger,single_query,unknown,,,003694,,
train/003696.jpg,153,0,train,tiger,atrw,tiger,single_query,unknown,,,003696,,
train/003698.jpg,237,0,train,tiger,atrw,tiger,single_query,unknown,,,003698,,
train/003700.jpg,273,0,train,tiger,atrw,tiger,single_query,unknown,,,003700,,
train/003704.jpg,201,0,train,tiger,atrw,tiger,single_query,unknown,,,003704,,
train/003707.jpg,13,0,train,tiger,atrw,tiger,single_query,unknown,,,003707,,
train/003708.jpg,168,0,train,tiger,atrw,tiger,single_query,unknown,,,003708,,
train/003713.jpg,27,0,train,tiger,atrw,tiger,single_query,unknown,,,003713,,
train/003714.jpg,265,0,train,tiger,atrw,tiger,single_query,unknown,,,003714,,
train/003717.jpg,223,0,train,tiger,atrw,tiger,single_query,unknown,,,003717,,
train/003721.jpg,69,0,train,tiger,atrw,tiger,single_query,unknown,,,003721,,
train/003725.jpg,54,0,train,tiger,atrw,tiger,single_query,unknown,,,003725,,
train/003730.jpg,94,0,train,tiger,atrw,tiger,single_query,unknown,,,003730,,
train/003738.jpg,247,0,train,tiger,atrw,tiger,single_query,unknown,,,003738,,
train/003739.jpg,6,0,train,tiger,atrw,tiger,single_query,unknown,,,003739,,
train/003741.jpg,237,0,train,tiger,atrw,tiger,single_query,unknown,,,003741,,
train/003742.jpg,271,0,train,tiger,atrw,tiger,single_query,unknown,,,003742,,
train/003752.jpg,268,0,train,tiger,atrw,tiger,single_query,unknown,,,003752,,
train/003758.jpg,261,0,train,tiger,atrw,tiger,single_query,unknown,,,003758,,
train/003759.jpg,273,0,train,tiger,atrw,tiger,single_query,unknown,,,003759,,
train/003761.jpg,237,0,train,tiger,atrw,tiger,single_query,unknown,,,003761,,
train/003767.jpg,249,0,train,tiger,atrw,tiger,single_query,unknown,,,003767,,
train/003771.jpg,55,0,train,tiger,atrw,tiger,single_query,unknown,,,003771,,
train/003776.jpg,172,0,train,tiger,atrw,tiger,single_query,unknown,,,003776,,
train/003777.jpg,273,0,train,tiger,atrw,tiger,single_query,unknown,,,003777,,
train/003779.jpg,265,0,train,tiger,atrw,tiger,single_query,unknown,,,003779,,
train/003782.jpg,97,0,train,tiger,atrw,tiger,single_query,unknown,,,003782,,
train/003783.jpg,97,0,train,tiger,atrw,tiger,single_query,unknown,,,003783,,
train/003791.jpg,0,0,train,tiger,atrw,tiger,single_query,unknown,,,003791,,
train/003792.jpg,45,0,train,tiger,atrw,tiger,single_query,unknown,,,003792,,
train/003798.jpg,33,0,train,tiger,atrw,tiger,single_query,unknown,,,003798,,
train/003800.jpg,153,0,train,tiger,atrw,tiger,single_query,unknown,,,003800,,
train/003805.jpg,1,0,train,tiger,atrw,tiger,single_query,unknown,,,003805,,
train/003807.jpg,1,0,train,tiger,atrw,tiger,single_query,unknown,,,003807,,
train/003808.jpg,22,0,train,tiger,atrw,tiger,single_query,unknown,,,003808,,
train/003811.jpg,244,0,train,tiger,atrw,tiger,single_query,unknown,,,003811,,
train/003814.jpg,96,0,train,tiger,atrw,tiger,single_query,unknown,,,003814,,
train/003817.jpg,160,0,train,tiger,atrw,tiger,single_query,unknown,,,003817,,
train/003818.jpg,130,0,train,tiger,atrw,tiger,single_query,unknown,,,003818,,
train/003822.jpg,40,0,train,tiger,atrw,tiger,single_query,unknown,,,003822,,
train/003824.jpg,139,0,train,tiger,atrw,tiger,single_query,unknown,,,003824,,
train/003826.jpg,160,0,train,tiger,atrw,tiger,single_query,unknown,,,003826,,
train/003828.jpg,217,0,train,tiger,atrw,tiger,single_query,unknown,,,003828,,
train/003829.jpg,153,0,train,tiger,atrw,tiger,single_query,unknown,,,003829,,
train/003831.jpg,136,0,train,tiger,atrw,tiger,single_query,unknown,,,003831,,
train/003834.jpg,240,0,train,tiger,atrw,tiger,single_query,unknown,,,003834,,
train/003837.jpg,172,0,train,tiger,atrw,tiger,single_query,unknown,,,003837,,
train/003839.jpg,160,0,train,tiger,atrw,tiger,single_query,unknown,,,003839,,
train/003841.jpg,22,0,train,tiger,atrw,tiger,single_query,unknown,,,003841,,
train/003842.jpg,97,0,train,tiger,atrw,tiger,single_query,unknown,,,003842,,
train/003843.jpg,211,0,train,tiger,atrw,tiger,single_query,unknown,,,003843,,
train/003844.jpg,153,0,train,tiger,atrw,tiger,single_query,unknown,,,003844,,
train/003846.jpg,246,0,train,tiger,atrw,tiger,single_query,unknown,,,003846,,
train/003849.jpg,54,0,train,tiger,atrw,tiger,single_query,unknown,,,003849,,
train/003854.jpg,201,0,train,tiger,atrw,tiger,single_query,unknown,,,003854,,
train/003855.jpg,160,0,train,tiger,atrw,tiger,single_query,unknown,,,003855,,
train/003857.jpg,261,0,train,tiger,atrw,tiger,single_query,unknown,,,003857,,
train/003859.jpg,271,0,train,tiger,atrw,tiger,single_query,unknown,,,003859,,
train/003861.jpg,160,0,train,tiger,atrw,tiger,single_query,unknown,,,003861,,
train/003863.jpg,40,0,train,tiger,atrw,tiger,single_query,unknown,,,003863,,
train/003866.jpg,246,0,train,tiger,atrw,tiger,single_query,unknown,,,003866,,
train/003868.jpg,249,0,train,tiger,atrw,tiger,single_query,unknown,,,003868,,
train/003870.jpg,244,0,train,tiger,atrw,tiger,single_query,unknown,,,003870,,
train/003871.jpg,243,0,train,tiger,atrw,tiger,single_query,unknown,,,003871,,
train/003873.jpg,94,0,train,tiger,atrw,tiger,single_query,unknown,,,003873,,
train/003874.jpg,67,0,train,tiger,atrw,tiger,single_query,unknown,,,003874,,
train/003876.jpg,246,0,train,tiger,atrw,tiger,single_query,unknown,,,003876,,
train/003881.jpg,97,0,train,tiger,atrw,tiger,single_query,unknown,,,003881,,
train/003883.jpg,247,0,train,tiger,atrw,tiger,single_query,unknown,,,003883,,
train/003887.jpg,136,0,train,tiger,atrw,tiger,single_query,unknown,,,003887,,
train/003891.jpg,64,0,train,tiger,atrw,tiger,single_query,unknown,,,003891,,
train/003896.jpg,154,0,train,tiger,atrw,tiger,single_query,unknown,,,003896,,
train/003897.jpg,265,0,train,tiger,atrw,tiger,single_query,unknown,,,003897,,
train/003900.jpg,171,0,train,tiger,atrw,tiger,single_query,unknown,,,003900,,
train/003903.jpg,132,0,train,tiger,atrw,tiger,single_query,unknown,,,003903,,
train/003906.jpg,268,0,train,tiger,atrw,tiger,single_query,unknown,,,003906,,
train/003908.jpg,6,0,train,tiger,atrw,tiger,single_query,unknown,,,003908,,
train/003909.jpg,243,0,train,tiger,atrw,tiger,single_query,unknown,,,003909,,
train/003910.jpg,66,0,train,tiger,atrw,tiger,single_query,unknown,,,003910,,
train/003911.jpg,145,0,train,tiger,atrw,tiger,single_query,unknown,,,003911,,
train/003915.jpg,154,0,train,tiger,atrw,tiger,single_query,unknown,,,003915,,
train/003918.jpg,160,0,train,tiger,atrw,tiger,single_query,unknown,,,003918,,
train/003919.jpg,171,0,train,tiger,atrw,tiger,single_query,unknown,,,003919,,
train/003925.jpg,45,0,train,tiger,atrw,tiger,single_query,unknown,,,003925,,
train/003926.jpg,160,0,train,tiger,atrw,tiger,single_query,unknown,,,003926,,
train/003930.jpg,117,0,train,tiger,atrw,tiger,single_query,unknown,,,003930,,
train/003931.jpg,76,0,train,tiger,atrw,tiger,single_query,unknown,,,003931,,
train/003932.jpg,271,0,train,tiger,atrw,tiger,single_query,unknown,,,003932,,
train/003933.jpg,160,0,train,tiger,atrw,tiger,single_query,unknown,,,003933,,
train/003934.jpg,96,0,train,tiger,atrw,tiger,single_query,unknown,,,003934,,
train/003935.jpg,115,0,train,tiger,atrw,tiger,single_query,unknown,,,003935,,
train/003936.jpg,124,0,train,tiger,atrw,tiger,single_query,unknown,,,003936,,
train/003940.jpg,265,0,train,tiger,atrw,tiger,single_query,unknown,,,003940,,
train/003944.jpg,153,0,train,tiger,atrw,tiger,single_query,unknown,,,003944,,
train/003946.jpg,132,0,train,tiger,atrw,tiger,single_query,unknown,,,003946,,
train/003947.jpg,42,0,train,tiger,atrw,tiger,single_query,unknown,,,003947,,
train/003948.jpg,249,0,train,tiger,atrw,tiger,single_query,unknown,,,003948,,
train/003956.jpg,216,0,train,tiger,atrw,tiger,single_query,unknown,,,003956,,
train/003957.jpg,178,0,train,tiger,atrw,tiger,single_query,unknown,,,003957,,
train/003960.jpg,247,0,train,tiger,atrw,tiger,single_query,unknown,,,003960,,
train/003965.jpg,237,0,train,tiger,atrw,tiger,single_query,unknown,,,003965,,
train/003967.jpg,154,0,train,tiger,atrw,tiger,single_query,unknown,,,003967,,
train/003968.jpg,160,0,train,tiger,atrw,tiger,single_query,unknown,,,003968,,
train/003970.jpg,256,0,train,tiger,atrw,tiger,single_query,unknown,,,003970,,
train/003971.jpg,168,0,train,tiger,atrw,tiger,single_query,unknown,,,003971,,
train/003975.jpg,132,0,train,tiger,atrw,tiger,single_query,unknown,,,003975,,
train/003982.jpg,273,0,train,tiger,atrw,tiger,single_query,unknown,,,003982,,
train/003986.jpg,154,0,train,tiger,atrw,tiger,single_query,unknown,,,003986,,
train/003987.jpg,67,0,train,tiger,atrw,tiger,single_query,unknown,,,003987,,
train/003988.jpg,88,0,train,tiger,atrw,tiger,single_query,unknown,,,003988,,
train/003989.jpg,66,0,train,tiger,atrw,tiger,single_query,unknown,,,003989,,
train/003990.jpg,246,0,train,tiger,atrw,tiger,single_query,unknown,,,003990,,
train/003991.jpg,136,0,train,tiger,atrw,tiger,single_query,unknown,,,003991,,
train/003997.jpg,0,0,train,tiger,atrw,tiger,single_query,unknown,,,003997,,
train/003998.jpg,264,0,train,tiger,atrw,tiger,single_query,unknown,,,003998,,
train/004000.jpg,28,0,train,tiger,atrw,tiger,single_query,unknown,,,004000,,
train/004001.jpg,172,0,train,tiger,atrw,tiger,single_query,unknown,,,004001,,
train/004004.jpg,249,0,train,tiger,atrw,tiger,single_query,unknown,,,004004,,
train/004007.jpg,54,0,train,tiger,atrw,tiger,single_query,unknown,,,004007,,
train/004011.jpg,216,0,train,tiger,atrw,tiger,single_query,unknown,,,004011,,
train/004015.jpg,208,0,train,tiger,atrw,tiger,single_query,unknown,,,004015,,
train/004016.jpg,153,0,train,tiger,atrw,tiger,single_query,unknown,,,004016,,
train/004017.jpg,115,0,train,tiger,atrw,tiger,single_query,unknown,,,004017,,
train/004021.jpg,67,0,train,tiger,atrw,tiger,single_query,unknown,,,004021,,
train/004023.jpg,247,0,train,tiger,atrw,tiger,single_query,unknown,,,004023,,
train/004026.jpg,108,0,train,tiger,atrw,tiger,single_query,unknown,,,004026,,
train/004031.jpg,114,0,train,tiger,atrw,tiger,single_query,unknown,,,004031,,
train/004032.jpg,12,0,train,tiger,atrw,tiger,single_query,unknown,,,004032,,
train/004033.jpg,33,0,train,tiger,atrw,tiger,single_query,unknown,,,004033,,
train/004041.jpg,6,0,train,tiger,atrw,tiger,single_query,unknown,,,004041,,
train/004042.jpg,153,0,train,tiger,atrw,tiger,single_query,unknown,,,004042,,
train/004046.jpg,154,0,train,tiger,atrw,tiger,single_query,unknown,,,004046,,
train/004047.jpg,168,0,train,tiger,atrw,tiger,single_query,unknown,,,004047,,
train/004050.jpg,243,0,train,tiger,atrw,tiger,single_query,unknown,,,004050,,
train/004052.jpg,187,0,train,tiger,atrw,tiger,single_query,unknown,,,004052,,
train/004053.jpg,117,0,train,tiger,atrw,tiger,single_query,unknown,,,004053,,
train/004056.jpg,168,0,train,tiger,atrw,tiger,single_query,unknown,,,004056,,
train/004061.jpg,60,0,train,tiger,atrw,tiger,single_query,unknown,,,004061,,
train/004068.jpg,253,0,train,tiger,atrw,tiger,single_query,unknown,,,004068,,
train/004076.jpg,249,0,train,tiger,atrw,tiger,single_query,unknown,,,004076,,
train/004080.jpg,51,0,train,tiger,atrw,tiger,single_query,unknown,,,004080,,
train/004084.jpg,244,0,train,tiger,atrw,tiger,single_query,unknown,,,004084,,
train/004085.jpg,181,0,train,tiger,atrw,tiger,single_query,unknown,,,004085,,
train/004086.jpg,175,0,train,tiger,atrw,tiger,single_query,unknown,,,004086,,
train/004087.jpg,238,0,train,tiger,atrw,tiger,single_query,unknown,,,004087,,
train/004088.jpg,3,0,train,tiger,atrw,tiger,single_query,unknown,,,004088,,
train/004091.jpg,249,0,train,tiger,atrw,tiger,single_query,unknown,,,004091,,
train/004098.jpg,148,0,train,tiger,atrw,tiger,single_query,unknown,,,004098,,
train/004100.jpg,117,0,train,tiger,atrw,tiger,single_query,unknown,,,004100,,
train/004102.jpg,142,0,train,tiger,atrw,tiger,single_query,unknown,,,004102,,
train/004107.jpg,264,0,train,tiger,atrw,tiger,single_query,unknown,,,004107,,
train/004109.jpg,153,0,train,tiger,atrw,tiger,single_query,unknown,,,004109,,
train/004111.jpg,154,0,train,tiger,atrw,tiger,single_query,unknown,,,004111,,
train/004113.jpg,126,0,train,tiger,atrw,tiger,single_query,unknown,,,004113,,
train/004117.jpg,142,0,train,tiger,atrw,tiger,single_query,unknown,,,004117,,
train/004124.jpg,153,0,train,tiger,atrw,tiger,single_query,unknown,,,004124,,
train/004125.jpg,153,0,train,tiger,atrw,tiger,single_query,unknown,,,004125,,
train/004127.jpg,178,0,train,tiger,atrw,tiger,single_query,unknown,,,004127,,
train/004128.jpg,55,0,train,tiger,atrw,tiger,single_query,unknown,,,004128,,
train/004130.jpg,253,0,train,tiger,atrw,tiger,single_query,unknown,,,004130,,
train/004131.jpg,90,0,train,tiger,atrw,tiger,single_query,unknown,,,004131,,
train/004132.jpg,247,0,train,tiger,atrw,tiger,single_query,unknown,,,004132,,
train/004133.jpg,223,0,train,tiger,atrw,tiger,single_query,unknown,,,004133,,
train/004140.jpg,136,0,train,tiger,atrw,tiger,single_query,unknown,,,004140,,
train/004141.jpg,25,0,train,tiger,atrw,tiger,single_query,unknown,,,004141,,
train/004142.jpg,40,0,train,tiger,atrw,tiger,single_query,unknown,,,004142,,
train/004151.jpg,160,0,train,tiger,atrw,tiger,single_query,unknown,,,004151,,
train/004156.jpg,139,0,train,tiger,atrw,tiger,single_query,unknown,,,004156,,
train/004157.jpg,187,0,train,tiger,atrw,tiger,single_query,unknown,,,004157,,
train/004158.jpg,43,0,train,tiger,atrw,tiger,single_query,unknown,,,004158,,
train/004159.jpg,82,0,train,tiger,atrw,tiger,single_query,unknown,,,004159,,
train/004161.jpg,243,0,train,tiger,atrw,tiger,single_query,unknown,,,004161,,
train/004162.jpg,55,0,train,tiger,atrw,tiger,single_query,unknown,,,004162,,
train/004165.jpg,196,0,train,tiger,atrw,tiger,single_query,unknown,,,004165,,
train/004168.jpg,88,0,train,tiger,atrw,tiger,single_query,unknown,,,004168,,
train/004170.jpg,217,0,train,tiger,atrw,tiger,single_query,unknown,,,004170,,
train/004171.jpg,243,0,train,tiger,atrw,tiger,single_query,unknown,,,004171,,
train/004173.jpg,30,0,train,tiger,atrw,tiger,single_query,unknown,,,004173,,
train/004176.jpg,265,0,train,tiger,atrw,tiger,single_query,unknown,,,004176,,
train/004177.jpg,160,0,train,tiger,atrw,tiger,single_query,unknown,,,004177,,
train/004181.jpg,246,0,train,tiger,atrw,tiger,single_query,unknown,,,004181,,
train/004182.jpg,264,0,train,tiger,atrw,tiger,single_query,unknown,,,004182,,
train/004183.jpg,67,0,train,tiger,atrw,tiger,single_query,unknown,,,004183,,
train/004184.jpg,39,0,train,tiger,atrw,tiger,single_query,unknown,,,004184,,
train/004186.jpg,66,0,train,tiger,atrw,tiger,single_query,unknown,,,004186,,
train/004188.jpg,271,0,train,tiger,atrw,tiger,single_query,unknown,,,004188,,
train/004191.jpg,273,0,train,tiger,atrw,tiger,single_query,unknown,,,004191,,
train/004193.jpg,243,0,train,tiger,atrw,tiger,single_query,unknown,,,004193,,
train/004194.jpg,268,0,train,tiger,atrw,tiger,single_query,unknown,,,004194,,
train/004195.jpg,160,0,train,tiger,atrw,tiger,single_query,unknown,,,004195,,
train/004196.jpg,54,0,train,tiger,atrw,tiger,single_query,unknown,,,004196,,
train/004199.jpg,90,0,train,tiger,atrw,tiger,single_query,unknown,,,004199,,
train/004204.jpg,160,0,train,tiger,atrw,tiger,single_query,unknown,,,004204,,
train/004206.jpg,60,0,train,tiger,atrw,tiger,single_query,unknown,,,004206,,
train/004207.jpg,100,0,train,tiger,atrw,tiger,single_query,unknown,,,004207,,
train/004209.jpg,211,0,train,tiger,atrw,tiger,single_query,unknown,,,004209,,
train/004215.jpg,124,0,train,tiger,atrw,tiger,single_query,unknown,,,004215,,
train/004217.jpg,255,0,train,tiger,atrw,tiger,single_query,unknown,,,004217,,
train/004219.jpg,153,0,train,tiger,atrw,tiger,single_query,unknown,,,004219,,
train/004226.jpg,226,0,train,tiger,atrw,tiger,single_query,unknown,,,004226,,
train/004228.jpg,265,0,train,tiger,atrw,tiger,single_query,unknown,,,004228,,
train/004229.jpg,249,0,train,tiger,atrw,tiger,single_query,unknown,,,004229,,
train/004233.jpg,195,0,train,tiger,atrw,tiger,single_query,unknown,,,004233,,
train/004236.jpg,211,0,train,tiger,atrw,tiger,single_query,unknown,,,004236,,
train/004237.jpg,253,0,train,tiger,atrw,tiger,single_query,unknown,,,004237,,
train/004239.jpg,153,0,train,tiger,atrw,tiger,single_query,unknown,,,004239,,
train/004240.jpg,238,0,train,tiger,atrw,tiger,single_query,unknown,,,004240,,
train/004243.jpg,229,0,train,tiger,atrw,tiger,single_query,unknown,,,004243,,
train/004244.jpg,249,0,train,tiger,atrw,tiger,single_query,unknown,,,004244,,
train/004246.jpg,64,0,train,tiger,atrw,tiger,single_query,unknown,,,004246,,
train/004247.jpg,72,0,train,tiger,atrw,tiger,single_query,unknown,,,004247,,
train/004251.jpg,124,0,train,tiger,atrw,tiger,single_query,unknown,,,004251,,
train/004252.jpg,145,0,train,tiger,atrw,tiger,single_query,unknown,,,004252,,
train/004254.jpg,108,0,train,tiger,atrw,tiger,single_query,unknown,,,004254,,
train/004256.jpg,154,0,train,tiger,atrw,tiger,single_query,unknown,,,004256,,
train/004259.jpg,178,0,train,tiger,atrw,tiger,single_query,unknown,,,004259,,
train/004260.jpg,265,0,train,tiger,atrw,tiger,single_query,unknown,,,004260,,
train/004261.jpg,55,0,train,tiger,atrw,tiger,single_query,unknown,,,004261,,
train/004263.jpg,153,0,train,tiger,atrw,tiger,single_query,unknown,,,004263,,
train/004265.jpg,237,0,train,tiger,atrw,tiger,single_query,unknown,,,004265,,
train/004267.jpg,106,0,train,tiger,atrw,tiger,single_query,unknown,,,004267,,
train/004268.jpg,78,0,train,tiger,atrw,tiger,single_query,unknown,,,004268,,
train/004269.jpg,238,0,train,tiger,atrw,tiger,single_query,unknown,,,004269,,
train/004271.jpg,177,0,train,tiger,atrw,tiger,single_query,unknown,,,004271,,
train/004273.jpg,196,0,train,tiger,atrw,tiger,single_query,unknown,,,004273,,
train/004275.jpg,153,0,train,tiger,atrw,tiger,single_query,unknown,,,004275,,
train/004278.jpg,195,0,train,tiger,atrw,tiger,single_query,unknown,,,004278,,
train/004279.jpg,237,0,train,tiger,atrw,tiger,single_query,unknown,,,004279,,
train/004281.jpg,229,0,train,tiger,atrw,tiger,single_query,unknown,,,004281,,
train/004282.jpg,51,0,train,tiger,atrw,tiger,single_query,unknown,,,004282,,
train/004283.jpg,238,0,train,tiger,atrw,tiger,single_query,unknown,,,004283,,
train/004284.jpg,177,0,train,tiger,atrw,tiger,single_query,unknown,,,004284,,
train/004285.jpg,151,0,train,tiger,atrw,tiger,single_query,unknown,,,004285,,
train/004289.jpg,195,0,train,tiger,atrw,tiger,single_query,unknown,,,004289,,
train/004290.jpg,237,0,train,tiger,atrw,tiger,single_query,unknown,,,004290,,
train/004292.jpg,90,0,train,tiger,atrw,tiger,single_query,unknown,,,004292,,
train/004294.jpg,160,0,train,tiger,atrw,tiger,single_query,unknown,,,004294,,
train/004295.jpg,153,0,train,tiger,atrw,tiger,single_query,unknown,,,004295,,
train/004301.jpg,226,0,train,tiger,atrw,tiger,single_query,unknown,,,004301,,
train/004302.jpg,24,0,train,tiger,atrw,tiger,single_query,unknown,,,004302,,
train/004303.jpg,85,0,train,tiger,atrw,tiger,single_query,unknown,,,004303,,
train/004305.jpg,67,0,train,tiger,atrw,tiger,single_query,unknown,,,004305,,
train/004307.jpg,3,0,train,tiger,atrw,tiger,single_query,unknown,,,004307,,
train/004314.jpg,57,0,train,tiger,atrw,tiger,single_query,unknown,,,004314,,
train/004322.jpg,237,0,train,tiger,atrw,tiger,single_query,unknown,,,004322,,
train/004323.jpg,12,0,train,tiger,atrw,tiger,single_query,unknown,,,004323,,
train/004325.jpg,154,0,train,tiger,atrw,tiger,single_query,unknown,,,004325,,
train/004331.jpg,81,0,train,tiger,atrw,tiger,single_query,unknown,,,004331,,
train/004335.jpg,196,0,train,tiger,atrw,tiger,single_query,unknown,,,004335,,
train/004337.jpg,57,0,train,tiger,atrw,tiger,single_query,unknown,,,004337,,
train/004338.jpg,198,0,train,tiger,atrw,tiger,single_query,unknown,,,004338,,
train/004342.jpg,267,0,train,tiger,atrw,tiger,single_query,unknown,,,004342,,
train/004348.jpg,153,0,train,tiger,atrw,tiger,single_query,unknown,,,004348,,
train/004349.jpg,145,0,train,tiger,atrw,tiger,single_query,unknown,,,004349,,
train/004351.jpg,88,0,train,tiger,atrw,tiger,single_query,unknown,,,004351,,
train/004353.jpg,246,0,train,tiger,atrw,tiger,single_query,unknown,,,004353,,
train/004354.jpg,244,0,train,tiger,atrw,tiger,single_query,unknown,,,004354,,
train/004355.jpg,238,0,train,tiger,atrw,tiger,single_query,unknown,,,004355,,
train/004358.jpg,175,0,train,tiger,atrw,tiger,single_query,unknown,,,004358,,
train/004361.jpg,6,0,train,tiger,atrw,tiger,single_query,unknown,,,004361,,
train/004363.jpg,246,0,train,tiger,atrw,tiger,single_query,unknown,,,004363,,
train/004365.jpg,247,0,train,tiger,atrw,tiger,single_query,unknown,,,004365,,
train/004369.jpg,268,0,train,tiger,atrw,tiger,single_query,unknown,,,004369,,
train/004370.jpg,39,0,train,tiger,atrw,tiger,single_query,unknown,,,004370,,
train/004371.jpg,64,0,train,tiger,atrw,tiger,single_query,unknown,,,004371,,
train/004376.jpg,255,0,train,tiger,atrw,tiger,single_query,unknown,,,004376,,
train/004378.jpg,171,0,train,tiger,atrw,tiger,single_query,unknown,,,004378,,
train/004382.jpg,97,0,train,tiger,atrw,tiger,single_query,unknown,,,004382,,
train/004389.jpg,88,0,train,tiger,atrw,tiger,single_query,unknown,,,004389,,
train/004390.jpg,268,0,train,tiger,atrw,tiger,single_query,unknown,,,004390,,
train/004395.jpg,51,0,train,tiger,atrw,tiger,single_query,unknown,,,004395,,
train/004397.jpg,243,0,train,tiger,atrw,tiger,single_query,unknown,,,004397,,
train/004400.jpg,42,0,train,tiger,atrw,tiger,single_query,unknown,,,004400,,
train/004404.jpg,196,0,train,tiger,atrw,tiger,single_query,unknown,,,004404,,
train/004405.jpg,88,0,train,tiger,atrw,tiger,single_query,unknown,,,004405,,
train/004408.jpg,55,0,train,tiger,atrw,tiger,single_query,unknown,,,004408,,
train/004414.jpg,85,0,train,tiger,atrw,tiger,single_query,unknown,,,004414,,
train/004416.jpg,171,0,train,tiger,atrw,tiger,single_query,unknown,,,004416,,
train/004419.jpg,153,0,train,tiger,atrw,tiger,single_query,unknown,,,004419,,
train/004420.jpg,172,0,train,tiger,atrw,tiger,single_query,unknown,,,004420,,
train/004421.jpg,34,0,train,tiger,atrw,tiger,single_query,unknown,,,004421,,
train/004423.jpg,72,0,train,tiger,atrw,tiger,single_query,unknown,,,004423,,
train/004424.jpg,129,0,train,tiger,atrw,tiger,single_query,unknown,,,004424,,
train/004427.jpg,124,0,train,tiger,atrw,tiger,single_query,unknown,,,004427,,
train/004429.jpg,246,0,train,tiger,atrw,tiger,single_query,unknown,,,004429,,
train/004430.jpg,196,0,train,tiger,atrw,tiger,single_query,unknown,,,004430,,
train/004433.jpg,153,0,train,tiger,atrw,tiger,single_query,unknown,,,004433,,
train/004436.jpg,181,0,train,tiger,atrw,tiger,single_query,unknown,,,004436,,
train/004438.jpg,265,0,train,tiger,atrw,tiger,single_query,unknown,,,004438,,
train/004444.jpg,153,0,train,tiger,atrw,tiger,single_query,unknown,,,004444,,
train/004447.jpg,271,0,train,tiger,atrw,tiger,single_query,unknown,,,004447,,
train/004453.jpg,40,0,train,tiger,atrw,tiger,single_query,unknown,,,004453,,
train/004455.jpg,22,0,train,tiger,atrw,tiger,single_query,unknown,,,004455,,
train/004456.jpg,256,0,train,tiger,atrw,tiger,single_query,unknown,,,004456,,
train/004457.jpg,274,0,train,tiger,atrw,tiger,single_query,unknown,,,004457,,
train/004462.jpg,228,0,train,tiger,atrw,tiger,single_query,unknown,,,004462,,
train/004463.jpg,136,0,train,tiger,atrw,tiger,single_query,unknown,,,004463,,
train/004464.jpg,217,0,train,tiger,atrw,tiger,single_query,unknown,,,004464,,
train/004467.jpg,153,0,train,tiger,atrw,tiger,single_query,unknown,,,004467,,
train/004471.jpg,178,0,train,tiger,atrw,tiger,single_query,unknown,,,004471,,
train/004475.jpg,33,0,train,tiger,atrw,tiger,single_query,unknown,,,004475,,
train/004476.jpg,55,0,train,tiger,atrw,tiger,single_query,unknown,,,004476,,
train/004480.jpg,265,0,train,tiger,atrw,tiger,single_query,unknown,,,004480,,
train/004485.jpg,247,0,train,tiger,atrw,tiger,single_query,unknown,,,004485,,
train/004488.jpg,13,0,train,tiger,atrw,tiger,single_query,unknown,,,004488,,
train/004490.jpg,222,0,train,tiger,atrw,tiger,single_query,unknown,,,004490,,
train/004493.jpg,172,0,train,tiger,atrw,tiger,single_query,unknown,,,004493,,
train/004496.jpg,223,0,train,tiger,atrw,tiger,single_query,unknown,,,004496,,
train/004497.jpg,208,0,train,tiger,atrw,tiger,single_query,unknown,,,004497,,
train/004501.jpg,154,0,train,tiger,atrw,tiger,single_query,unknown,,,004501,,
train/004502.jpg,51,0,train,tiger,atrw,tiger,single_query,unknown,,,004502,,
train/004504.jpg,264,0,train,tiger,atrw,tiger,single_query,unknown,,,004504,,
train/004509.jpg,43,0,train,tiger,atrw,tiger,single_query,unknown,,,004509,,
train/004511.jpg,249,0,train,tiger,atrw,tiger,single_query,unknown,,,004511,,
train/004514.jpg,271,0,train,tiger,atrw,tiger,single_query,unknown,,,004514,,
train/004516.jpg,195,0,train,tiger,atrw,tiger,single_query,unknown,,,004516,,
train/004522.jpg,175,0,train,tiger,atrw,tiger,single_query,unknown,,,004522,,
train/004526.jpg,261,0,train,tiger,atrw,tiger,single_query,unknown,,,004526,,
train/004528.jpg,198,0,train,tiger,atrw,tiger,single_query,unknown,,,004528,,
train/004530.jpg,139,0,train,tiger,atrw,tiger,single_query,unknown,,,004530,,
train/004535.jpg,243,0,train,tiger,atrw,tiger,single_query,unknown,,,004535,,
train/004538.jpg,117,0,train,tiger,atrw,tiger,single_query,unknown,,,004538,,
train/004540.jpg,66,0,train,tiger,atrw,tiger,single_query,unknown,,,004540,,
train/004546.jpg,115,0,train,tiger,atrw,tiger,single_query,unknown,,,004546,,
train/004548.jpg,253,0,train,tiger,atrw,tiger,single_query,unknown,,,004548,,
train/004549.jpg,246,0,train,tiger,atrw,tiger,single_query,unknown,,,004549,,
train/004554.jpg,160,0,train,tiger,atrw,tiger,single_query,unknown,,,004554,,
train/004555.jpg,97,0,train,tiger,atrw,tiger,single_query,unknown,,,004555,,
train/004557.jpg,249,0,train,tiger,atrw,tiger,single_query,unknown,,,004557,,
train/004561.jpg,154,0,train,tiger,atrw,tiger,single_query,unknown,,,004561,,
train/004564.jpg,261,0,train,tiger,atrw,tiger,single_query,unknown,,,004564,,
train/004568.jpg,115,0,train,tiger,atrw,tiger,single_query,unknown,,,004568,,
train/004573.jpg,3,0,train,tiger,atrw,tiger,single_query,unknown,,,004573,,
train/004576.jpg,172,0,train,tiger,atrw,tiger,single_query,unknown,,,004576,,
train/004577.jpg,244,0,train,tiger,atrw,tiger,single_query,unknown,,,004577,,
train/004582.jpg,246,0,train,tiger,atrw,tiger,single_query,unknown,,,004582,,
train/004591.jpg,249,0,train,tiger,atrw,tiger,single_query,unknown,,,004591,,
train/004595.jpg,249,0,train,tiger,atrw,tiger,single_query,unknown,,,004595,,
train/004596.jpg,265,0,train,tiger,atrw,tiger,single_query,unknown,,,004596,,
train/004597.jpg,153,0,train,tiger,atrw,tiger,single_query,unknown,,,004597,,
train/004598.jpg,187,0,train,tiger,atrw,tiger,single_query,unknown,,,004598,,
train/004600.jpg,40,0,train,tiger,atrw,tiger,single_query,unknown,,,004600,,
train/004602.jpg,175,0,train,tiger,atrw,tiger,single_query,unknown,,,004602,,
train/004609.jpg,243,0,train,tiger,atrw,tiger,single_query,unknown,,,004609,,
train/004611.jpg,249,0,train,tiger,atrw,tiger,single_query,unknown,,,004611,,
train/004612.jpg,177,0,train,tiger,atrw,tiger,single_query,unknown,,,004612,,
train/004613.jpg,153,0,train,tiger,atrw,tiger,single_query,unknown,,,004613,,
train/004614.jpg,108,0,train,tiger,atrw,tiger,single_query,unknown,,,004614,,
train/004615.jpg,196,0,train,tiger,atrw,tiger,single_query,unknown,,,004615,,
train/004616.jpg,97,0,train,tiger,atrw,tiger,single_query,unknown,,,004616,,
train/004618.jpg,265,0,train,tiger,atrw,tiger,single_query,unknown,,,004618,,
train/004619.jpg,249,0,train,tiger,atrw,tiger,single_query,unknown,,,004619,,
train/004622.jpg,153,0,train,tiger,atrw,tiger,single_query,unknown,,,004622,,
train/004626.jpg,57,0,train,tiger,atrw,tiger,single_query,unknown,,,004626,,
train/004629.jpg,222,0,train,tiger,atrw,tiger,single_query,unknown,,,004629,,
train/004630.jpg,244,0,train,tiger,atrw,tiger,single_query,unknown,,,004630,,
train/004631.jpg,76,0,train,tiger,atrw,tiger,single_query,unknown,,,004631,,
train/004632.jpg,136,0,train,tiger,atrw,tiger,single_query,unknown,,,004632,,
train/004634.jpg,264,0,train,tiger,atrw,tiger,single_query,unknown,,,004634,,
train/004637.jpg,201,0,train,tiger,atrw,tiger,single_query,unknown,,,004637,,
train/004639.jpg,273,0,train,tiger,atrw,tiger,single_query,unknown,,,004639,,
train/004640.jpg,126,0,train,tiger,atrw,tiger,single_query,unknown,,,004640,,
train/004643.jpg,100,0,train,tiger,atrw,tiger,single_query,unknown,,,004643,,
train/004645.jpg,85,0,train,tiger,atrw,tiger,single_query,unknown,,,004645,,
train/004648.jpg,0,0,train,tiger,atrw,tiger,single_query,unknown,,,004648,,
train/004650.jpg,100,0,train,tiger,atrw,tiger,single_query,unknown,,,004650,,
train/004651.jpg,222,0,train,tiger,atrw,tiger,single_query,unknown,,,004651,,
train/004653.jpg,228,0,train,tiger,atrw,tiger,single_query,unknown,,,004653,,
train/004659.jpg,255,0,train,tiger,atrw,tiger,single_query,unknown,,,004659,,
train/004662.jpg,249,0,train,tiger,atrw,tiger,single_query,unknown,,,004662,,
train/004670.jpg,13,0,train,tiger,atrw,tiger,single_query,unknown,,,004670,,
train/004677.jpg,267,0,train,tiger,atrw,tiger,single_query,unknown,,,004677,,
train/004684.jpg,265,0,train,tiger,atrw,tiger,single_query,unknown,,,004684,,
train/004685.jpg,265,0,train,tiger,atrw,tiger,single_query,unknown,,,004685,,
train/004686.jpg,261,0,train,tiger,atrw,tiger,single_query,unknown,,,004686,,
train/004690.jpg,67,0,train,tiger,atrw,tiger,single_query,unknown,,,004690,,
train/004691.jpg,253,0,train,tiger,atrw,tiger,single_query,unknown,,,004691,,
train/004692.jpg,3,0,train,tiger,atrw,tiger,single_query,unknown,,,004692,,
train/004694.jpg,222,0,train,tiger,atrw,tiger,single_query,unknown,,,004694,,
train/004699.jpg,114,0,train,tiger,atrw,tiger,single_query,unknown,,,004699,,
train/004703.jpg,24,0,train,tiger,atrw,tiger,single_query,unknown,,,004703,,
train/004707.jpg,256,0,train,tiger,atrw,tiger,single_query,unknown,,,004707,,
train/004710.jpg,220,0,train,tiger,atrw,tiger,single_query,unknown,,,004710,,
train/004714.jpg,66,0,train,tiger,atrw,tiger,single_query,unknown,,,004714,,
train/004715.jpg,24,0,train,tiger,atrw,tiger,single_query,unknown,,,004715,,
train/004722.jpg,136,0,train,tiger,atrw,tiger,single_query,unknown,,,004722,,
train/004725.jpg,78,0,train,tiger,atrw,tiger,single_query,unknown,,,004725,,
train/004727.jpg,238,0,train,tiger,atrw,tiger,single_query,unknown,,,004727,,
train/004729.jpg,267,0,train,tiger,atrw,tiger,single_query,unknown,,,004729,,
train/004730.jpg,145,0,train,tiger,atrw,tiger,single_query,unknown,,,004730,,
train/004731.jpg,202,0,train,tiger,atrw,tiger,single_query,unknown,,,004731,,
train/004734.jpg,130,0,train,tiger,atrw,tiger,single_query,unknown,,,004734,,
train/004739.jpg,153,0,train,tiger,atrw,tiger,single_query,unknown,,,004739,,
train/004740.jpg,124,0,train,tiger,atrw,tiger,single_query,unknown,,,004740,,
train/004741.jpg,55,0,train,tiger,atrw,tiger,single_query,unknown,,,004741,,
train/004742.jpg,168,0,train,tiger,atrw,tiger,single_query,unknown,,,004742,,
train/004743.jpg,246,0,train,tiger,atrw,tiger,single_query,unknown,,,004743,,
train/004744.jpg,97,0,train,tiger,atrw,tiger,single_query,unknown,,,004744,,
train/004747.jpg,64,0,train,tiger,atrw,tiger,single_query,unknown,,,004747,,
train/004752.jpg,249,0,train,tiger,atrw,tiger,single_query,unknown,,,004752,,
train/004758.jpg,66,0,train,tiger,atrw,tiger,single_query,unknown,,,004758,,
train/004759.jpg,0,0,train,tiger,atrw,tiger,single_query,unknown,,,004759,,
train/004761.jpg,160,0,train,tiger,atrw,tiger,single_query,unknown,,,004761,,
train/004765.jpg,25,0,train,tiger,atrw,tiger,single_query,unknown,,,004765,,
train/004766.jpg,216,0,train,tiger,atrw,tiger,single_query,unknown,,,004766,,
train/004767.jpg,259,0,train,tiger,atrw,tiger,single_query,unknown,,,004767,,
train/004768.jpg,267,0,train,tiger,atrw,tiger,single_query,unknown,,,004768,,
train/004773.jpg,247,0,train,tiger,atrw,tiger,single_query,unknown,,,004773,,
train/004775.jpg,268,0,train,tiger,atrw,tiger,single_query,unknown,,,004775,,
train/004777.jpg,237,0,train,tiger,atrw,tiger,single_query,unknown,,,004777,,
train/004778.jpg,249,0,train,tiger,atrw,tiger,single_query,unknown,,,004778,,
train/004784.jpg,13,0,train,tiger,atrw,tiger,single_query,unknown,,,004784,,
train/004785.jpg,268,0,train,tiger,atrw,tiger,single_query,unknown,,,004785,,
train/004787.jpg,237,0,train,tiger,atrw,tiger,single_query,unknown,,,004787,,
train/004792.jpg,246,0,train,tiger,atrw,tiger,single_query,unknown,,,004792,,
train/004794.jpg,57,0,train,tiger,atrw,tiger,single_query,unknown,,,004794,,
train/004797.jpg,96,0,train,tiger,atrw,tiger,single_query,unknown,,,004797,,
train/004802.jpg,106,0,train,tiger,atrw,tiger,single_query,unknown,,,004802,,
train/004808.jpg,153,0,train,tiger,atrw,tiger,single_query,unknown,,,004808,,
train/004809.jpg,246,0,train,tiger,atrw,tiger,single_query,unknown,,,004809,,
train/004816.jpg,264,0,train,tiger,atrw,tiger,single_query,unknown,,,004816,,
train/004817.jpg,259,0,train,tiger,atrw,tiger,single_query,unknown,,,004817,,
train/004820.jpg,160,0,train,tiger,atrw,tiger,single_query,unknown,,,004820,,
train/004821.jpg,246,0,train,tiger,atrw,tiger,single_query,unknown,,,004821,,
train/004822.jpg,160,0,train,tiger,atrw,tiger,single_query,unknown,,,004822,,
train/004825.jpg,261,0,train,tiger,atrw,tiger,single_query,unknown,,,004825,,
train/004826.jpg,33,0,train,tiger,atrw,tiger,single_query,unknown,,,004826,,
train/004828.jpg,160,0,train,tiger,atrw,tiger,single_query,unknown,,,004828,,
train/004830.jpg,178,0,train,tiger,atrw,tiger,single_query,unknown,,,004830,,
train/004833.jpg,153,0,train,tiger,atrw,tiger,single_query,unknown,,,004833,,
train/004834.jpg,229,0,train,tiger,atrw,tiger,single_query,unknown,,,004834,,
train/004837.jpg,171,0,train,tiger,atrw,tiger,single_query,unknown,,,004837,,
train/004838.jpg,39,0,train,tiger,atrw,tiger,single_query,unknown,,,004838,,
train/004843.jpg,97,0,train,tiger,atrw,tiger,single_query,unknown,,,004843,,
train/004844.jpg,268,0,train,tiger,atrw,tiger,single_query,unknown,,,004844,,
train/004850.jpg,246,0,train,tiger,atrw,tiger,single_query,unknown,,,004850,,
train/004851.jpg,247,0,train,tiger,atrw,tiger,single_query,unknown,,,004851,,
train/004852.jpg,22,0,train,tiger,atrw,tiger,single_query,unknown,,,004852,,
train/004857.jpg,136,0,train,tiger,atrw,tiger,single_query,unknown,,,004857,,
train/004858.jpg,27,0,train,tiger,atrw,tiger,single_query,unknown,,,004858,,
train/004863.jpg,13,0,train,tiger,atrw,tiger,single_query,unknown,,,004863,,
train/004866.jpg,268,0,train,tiger,atrw,tiger,single_query,unknown,,,004866,,
train/004871.jpg,240,0,train,tiger,atrw,tiger,single_query,unknown,,,004871,,
train/004872.jpg,267,0,train,tiger,atrw,tiger,single_query,unknown,,,004872,,
train/004876.jpg,153,0,train,tiger,atrw,tiger,single_query,unknown,,,004876,,
train/004883.jpg,267,0,train,tiger,atrw,tiger,single_query,unknown,,,004883,,
train/004893.jpg,97,0,train,tiger,atrw,tiger,single_query,unknown,,,004893,,
train/004896.jpg,265,0,train,tiger,atrw,tiger,single_query,unknown,,,004896,,
train/004899.jpg,130,0,train,tiger,atrw,tiger,single_query,unknown,,,004899,,
train/004900.jpg,246,0,train,tiger,atrw,tiger,single_query,unknown,,,004900,,
train/004902.jpg,243,0,train,tiger,atrw,tiger,single_query,unknown,,,004902,,
train/004904.jpg,237,0,train,tiger,atrw,tiger,single_query,unknown,,,004904,,
train/004910.jpg,252,0,train,tiger,atrw,tiger,single_query,unknown,,,004910,,
train/004911.jpg,153,0,train,tiger,atrw,tiger,single_query,unknown,,,004911,,
train/004917.jpg,160,0,train,tiger,atrw,tiger,single_query,unknown,,,004917,,
train/004920.jpg,154,0,train,tiger,atrw,tiger,single_query,unknown,,,004920,,
train/004921.jpg,91,0,train,tiger,atrw,tiger,single_query,unknown,,,004921,,
train/004922.jpg,96,0,train,tiger,atrw,tiger,single_query,unknown,,,004922,,
train/004927.jpg,78,0,train,tiger,atrw,tiger,single_query,unknown,,,004927,,
train/004928.jpg,249,0,train,tiger,atrw,tiger,single_query,unknown,,,004928,,
train/004929.jpg,108,0,train,tiger,atrw,tiger,single_query,unknown,,,004929,,
train/004930.jpg,126,0,train,tiger,atrw,tiger,single_query,unknown,,,004930,,
train/004932.jpg,124,0,train,tiger,atrw,tiger,single_query,unknown,,,004932,,
train/004934.jpg,267,0,train,tiger,atrw,tiger,single_query,unknown,,,004934,,
train/004936.jpg,153,0,train,tiger,atrw,tiger,single_query,unknown,,,004936,,
train/004937.jpg,256,0,train,tiger,atrw,tiger,single_query,unknown,,,004937,,
train/004946.jpg,256,0,train,tiger,atrw,tiger,single_query,unknown,,,004946,,
train/004949.jpg,213,0,train,tiger,atrw,tiger,single_query,unknown,,,004949,,
train/004950.jpg,264,0,train,tiger,atrw,tiger,single_query,unknown,,,004950,,
train/004953.jpg,240,0,train,tiger,atrw,tiger,single_query,unknown,,,004953,,
train/004954.jpg,202,0,train,tiger,atrw,tiger,single_query,unknown,,,004954,,
train/004959.jpg,237,0,train,tiger,atrw,tiger,single_query,unknown,,,004959,,
train/004963.jpg,264,0,train,tiger,atrw,tiger,single_query,unknown,,,004963,,
train/004966.jpg,226,0,train,tiger,atrw,tiger,single_query,unknown,,,004966,,
train/004967.jpg,265,0,train,tiger,atrw,tiger,single_query,unknown,,,004967,,
train/004969.jpg,13,0,train,tiger,atrw,tiger,single_query,unknown,,,004969,,
train/004970.jpg,28,0,train,tiger,atrw,tiger,single_query,unknown,,,004970,,
train/004971.jpg,154,0,train,tiger,atrw,tiger,single_query,unknown,,,004971,,
train/004972.jpg,130,0,train,tiger,atrw,tiger,single_query,unknown,,,004972,,
train/004975.jpg,109,0,train,tiger,atrw,tiger,single_query,unknown,,,004975,,
train/004984.jpg,216,0,train,tiger,atrw,tiger,single_query,unknown,,,004984,,
train/004988.jpg,30,0,train,tiger,atrw,tiger,single_query,unknown,,,004988,,
train/004995.jpg,268,0,train,tiger,atrw,tiger,single_query,unknown,,,004995,,
train/004997.jpg,237,0,train,tiger,atrw,tiger,single_query,unknown,,,004997,,
train/004999.jpg,198,0,train,tiger,atrw,tiger,single_query,unknown,,,004999,,
train/005000.jpg,268,0,train,tiger,atrw,tiger,single_query,unknown,,,005000,,
train/005003.jpg,66,0,train,tiger,atrw,tiger,single_query,unknown,,,005003,,
train/005005.jpg,237,0,train,tiger,atrw,tiger,single_query,unknown,,,005005,,
train/005006.jpg,130,0,train,tiger,atrw,tiger,single_query,unknown,,,005006,,
train/005009.jpg,243,0,train,tiger,atrw,tiger,single_query,unknown,,,005009,,
train/005014.jpg,160,0,train,tiger,atrw,tiger,single_query,unknown,,,005014,,
train/005015.jpg,124,0,train,tiger,atrw,tiger,single_query,unknown,,,005015,,
train/005022.jpg,88,0,train,tiger,atrw,tiger,single_query,unknown,,,005022,,
train/005023.jpg,153,0,train,tiger,atrw,tiger,single_query,unknown,,,005023,,
train/005027.jpg,271,0,train,tiger,atrw,tiger,single_query,unknown,,,005027,,
train/005032.jpg,30,0,train,tiger,atrw,tiger,single_query,unknown,,,005032,,
train/005041.jpg,33,0,train,tiger,atrw,tiger,single_query,unknown,,,005041,,
train/005042.jpg,253,0,train,tiger,atrw,tiger,single_query,unknown,,,005042,,
train/005044.jpg,249,0,train,tiger,atrw,tiger,single_query,unknown,,,005044,,
train/005046.jpg,3,0,train,tiger,atrw,tiger,single_query,unknown,,,005046,,
train/005047.jpg,264,0,train,tiger,atrw,tiger,single_query,unknown,,,005047,,
train/005048.jpg,160,0,train,tiger,atrw,tiger,single_query,unknown,,,005048,,
train/005051.jpg,126,0,train,tiger,atrw,tiger,single_query,unknown,,,005051,,
train/005053.jpg,208,0,train,tiger,atrw,tiger,single_query,unknown,,,005053,,
train/005061.jpg,268,0,train,tiger,atrw,tiger,single_query,unknown,,,005061,,
train/005062.jpg,54,0,train,tiger,atrw,tiger,single_query,unknown,,,005062,,
train/005065.jpg,172,0,train,tiger,atrw,tiger,single_query,unknown,,,005065,,
train/005066.jpg,259,0,train,tiger,atrw,tiger,single_query,unknown,,,005066,,
train/005069.jpg,27,0,train,tiger,atrw,tiger,single_query,unknown,,,005069,,
train/005071.jpg,172,0,train,tiger,atrw,tiger,single_query,unknown,,,005071,,
train/005072.jpg,268,0,train,tiger,atrw,tiger,single_query,unknown,,,005072,,
train/005075.jpg,265,0,train,tiger,atrw,tiger,single_query,unknown,,,005075,,
train/005080.jpg,67,0,train,tiger,atrw,tiger,single_query,unknown,,,005080,,
train/005081.jpg,78,0,train,tiger,atrw,tiger,single_query,unknown,,,005081,,
train/005082.jpg,172,0,train,tiger,atrw,tiger,single_query,unknown,,,005082,,
train/005085.jpg,100,0,train,tiger,atrw,tiger,single_query,unknown,,,005085,,
train/005091.jpg,43,0,train,tiger,atrw,tiger,single_query,unknown,,,005091,,
train/005094.jpg,72,0,train,tiger,atrw,tiger,single_query,unknown,,,005094,,
train/005106.jpg,82,0,train,tiger,atrw,tiger,single_query,unknown,,,005106,,
train/005113.jpg,90,0,train,tiger,atrw,tiger,single_query,unknown,,,005113,,
train/005114.jpg,265,0,train,tiger,atrw,tiger,single_query,unknown,,,005114,,
train/005121.jpg,54,0,train,tiger,atrw,tiger,single_query,unknown,,,005121,,
train/005123.jpg,252,0,train,tiger,atrw,tiger,single_query,unknown,,,005123,,
train/005125.jpg,249,0,train,tiger,atrw,tiger,single_query,unknown,,,005125,,
train/005126.jpg,81,0,train,tiger,atrw,tiger,single_query,unknown,,,005126,,
train/005128.jpg,250,0,train,tiger,atrw,tiger,single_query,unknown,,,005128,,
train/005129.jpg,243,0,train,tiger,atrw,tiger,single_query,unknown,,,005129,,
train/005130.jpg,249,0,train,tiger,atrw,tiger,single_query,unknown,,,005130,,
train/005131.jpg,252,0,train,tiger,atrw,tiger,single_query,unknown,,,005131,,
train/005132.jpg,238,0,train,tiger,atrw,tiger,single_query,unknown,,,005132,,
train/005136.jpg,177,0,train,tiger,atrw,tiger,single_query,unknown,,,005136,,
train/005137.jpg,100,0,train,tiger,atrw,tiger,single_query,unknown,,,005137,,
train/005138.jpg,88,0,train,tiger,atrw,tiger,single_query,unknown,,,005138,,
train/005141.jpg,246,0,train,tiger,atrw,tiger,single_query,unknown,,,005141,,
train/005142.jpg,3,0,train,tiger,atrw,tiger,single_query,unknown,,,005142,,
train/005143.jpg,217,0,train,tiger,atrw,tiger,single_query,unknown,,,005143,,
train/005145.jpg,115,0,train,tiger,atrw,tiger,single_query,unknown,,,005145,,
train/005146.jpg,160,0,train,tiger,atrw,tiger,single_query,unknown,,,005146,,
train/005149.jpg,243,0,train,tiger,atrw,tiger,single_query,unknown,,,005149,,
train/005150.jpg,136,0,train,tiger,atrw,tiger,single_query,unknown,,,005150,,
train/005152.jpg,274,0,train,tiger,atrw,tiger,single_query,unknown,,,005152,,
train/005153.jpg,136,0,train,tiger,atrw,tiger,single_query,unknown,,,005153,,
train/005154.jpg,145,0,train,tiger,atrw,tiger,single_query,unknown,,,005154,,
train/005155.jpg,247,0,train,tiger,atrw,tiger,single_query,unknown,,,005155,,
test/000999.jpg,19,0,query,tiger,atrw,tiger,single_query,1:14,1,491,1:14:491,multi,
test/001379.jpg,159,0,query,tiger,atrw,tiger,single_query,13:2,13,3314,13:2:3314,multi,
test/004776.jpg,162,0,query,tiger,atrw,tiger,single_query,13:2,13,3314,13:2:3314,multi,
test/002847.jpg,231,0,query,tiger,atrw,tiger,single_query,29:2,29,243,29:2:243,sing,
test/004309.jpg,135,0,query,tiger,atrw,tiger,single_query,28:0,28,6974,28:0:6974,sing,
test/003443.jpg,234,0,query,tiger,atrw,tiger,single_query,30:2,30,57,30:2:57,multi,
test/000338.jpg,166,0,query,tiger,atrw,tiger,single_query,17:2,17,168,17:2:168,multi,
test/002288.jpg,166,1,gallery,tiger,atrw,tiger,single_query,17:2,17,169,17:2:169,multi,
test/002250.jpg,141,0,query,tiger,atrw,tiger,single_query,28:1,28,4879,28:1:4879,sing,
test/000556.jpg,166,1,gallery,tiger,atrw,tiger,single_query,17:0,17,246,17:0:246,multi,
test/002626.jpg,210,0,query,tiger,atrw,tiger,single_query,24:0,24,6322,24:0:6322,sing,
test/002595.jpg,174,0,query,tiger,atrw,tiger,single_query,21:1,21,45,21:1:45,sing,
test/003821.jpg,219,0,query,tiger,atrw,tiger,single_query,25:0,25,4129,25:0:4129,sing,
test/001613.jpg,159,1,gallery,tiger,atrw,tiger,single_query,14:0,14,196,14:0:196,multi,
test/003637.jpg,156,0,query,tiger,atrw,tiger,single_query,15:2,15,385,15:2:385,multi,
test/003138.jpg,166,1,gallery,tiger,atrw,tiger,single_query,17:2,17,6,17:2:6,multi,
test/004346.jpg,214,0,query,tiger,atrw,tiger,single_query,24:0,24,5774,24:0:5774,sing,
test/004362.jpg,162,1,gallery,tiger,atrw,tiger,single_query,15:0,15,43,15:0:43,multi,
test/002421.jpg,157,0,query,tiger,atrw,tiger,single_query,15:0,15,43,15:0:43,multi,
test/001354.jpg,166,1,gallery,tiger,atrw,tiger,single_query,17:2,17,28,17:2:28,multi,
test/003942.jpg,169,0,query,tiger,atrw,tiger,single_query,21:2,21,30,21:2:30,multi,
test/002229.jpg,133,0,query,tiger,atrw,tiger,single_query,28:0,28,4049,28:0:4049,sing,
test/002032.jpg,204,0,query,tiger,atrw,tiger,single_query,23:5,23,749,23:5:749,sing,
test/003179.jpg,21,0,query,tiger,atrw,tiger,single_query,2:0,2,276,2:0:276,sing,
test/001895.jpg,138,0,query,tiger,atrw,tiger,single_query,28:0,28,5726,28:0:5726,sing,
test/003856.jpg,135,1,gallery,tiger,atrw,tiger,single_query,28:0,28,5726,28:0:5726,sing,
test/003183.jpg,166,1,gallery,tiger,atrw,tiger,single_query,17:2,17,26,17:2:26,multi,
test/000250.jpg,235,0,query,tiger,atrw,tiger,single_query,30:1,30,105,30:1:105,multi,
test/000934.jpg,163,0,query,tiger,atrw,tiger,single_query,17:8,17,116,17:8:116,multi,
test/004570.jpg,162,1,gallery,tiger,atrw,tiger,single_query,14:0,14,123,14:0:123,multi,
test/004923.jpg,174,1,gallery,tiger,atrw,tiger,single_query,21:1,21,43,21:1:43,sing,
test/003006.jpg,127,0,query,tiger,atrw,tiger,single_query,11:0,11,244,11:0:244,sing,
test/001753.jpg,159,1,gallery,tiger,atrw,tiger,single_query,17:5,17,22,17:5:22,multi,
test/003140.jpg,231,1,gallery,tiger,atrw,tiger,single_query,29:2,29,240,29:2:240,sing,
test/004049.jpg,166,1,gallery,tiger,atrw,tiger,single_query,17:0,17,182,17:0:182,multi,
test/004238.jpg,159,1,gallery,tiger,atrw,tiger,single_query,14:3,14,17,14:3:17,multi,
test/000065.jpg,144,0,query,tiger,atrw,tiger,single_query,28:1,28,4923,28:1:4923,sing,
test/004803.jpg,165,0,query,tiger,atrw,tiger,single_query,17:3,17,54,17:3:54,multi,
test/002994.jpg,270,0,query,tiger,atrw,tiger,single_query,31:7,31,458,31:7:458,multi,
test/004793.jpg,157,1,gallery,tiger,atrw,tiger,single_query,15:1,15,122,15:1:122,multi,
test/004384.jpg,163,1,gallery,tiger,atrw,tiger,single_query,15:1,15,122,15:1:122,multi,
test/002095.jpg,219,1,gallery,tiger,atrw,tiger,single_query,25:0,25,4128,25:0:4128,sing,
test/001835.jpg,184,0,query,tiger,atrw,tiger,single_query,23:4,23,113,23:4:113,multi,
test/001462.jpg,48,0,query,tiger,atrw,tiger,single_query,3:12,3,1210,3:12:1210,sing,
test/003588.jpg,21,1,gallery,tiger,atrw,tiger,single_query,2:0,2,279,2:0:279,sing,
test/000813.jpg,46,0,query,tiger,atrw,tiger,single_query,3:8,3,100,3:8:100,sing,
test/001093.jpg,163,1,gallery,tiger,atrw,tiger,single_query,17:8,17,72,17:8:72,multi,
test/000448.jpg,234,1,gallery,tiger,atrw,tiger,single_query,30:2,30,48,30:2:48,multi,
test/002759.jpg,163,1,gallery,tiger,atrw,tiger,single_query,17:8,17,112,17:8:112,multi,
test/004636.jpg,214,1,gallery,tiger,atrw,tiger,single_query,24:0,24,5770,24:0:5770,sing,
test/003465.jpg,166,1,gallery,tiger,atrw,tiger,single_query,17:2,17,31,17:2:31,multi,
test/003392.jpg,174,1,gallery,tiger,atrw,tiger,single_query,21:1,21,50,21:1:50,sing,
test/001959.jpg,36,0,query,tiger,atrw,tiger,single_query,3:5,3,19,3:5:19,sing,
test/001057.jpg,157,1,gallery,tiger,atrw,tiger,single_query,17:8,17,23,17:8:23,multi,
test/004558.jpg,190,0,query,tiger,atrw,tiger,single_query,23:4,23,189,23:4:189,multi,
test/003189.jpg,144,1,gallery,tiger,atrw,tiger,single_query,28:1,28,7116,28:1:7116,sing,
test/003756.jpg,127,1,gallery,tiger,atrw,tiger,single_query,11:0,11,230,11:0:230,sing,
test/003448.jpg,7,0,query,tiger,atrw,tiger,single_query,1:0,1,42,1:0:42,multi,
test/004175.jpg,258,0,query,tiger,atrw,tiger,single_query,31:1,31,605,31:1:605,sing,
test/000224.jpg,61,0,query,tiger,atrw,tiger,single_query,4:3,4,2064,4:3:2064,sing,
test/003802.jpg,73,0,query,tiger,atrw,tiger,single_query,4:3,4,2064,4:3:2064,sing,
test/004880.jpg,79,0,query,tiger,atrw,tiger,single_query,4:3,4,2064,4:3:2064,sing,
test/004835.jpg,19,1,gallery,tiger,atrw,tiger,single_query,1:13,1,14,1:13:14,multi,
test/004654.jpg,190,1,gallery,tiger,atrw,tiger,single_query,23:3,23,1093,23:3:1093,multi,
test/001966.jpg,180,0,query,tiger,atrw,tiger,single_query,22:1,22,128,22:1:128,sing,
test/002805.jpg,138,1,gallery,tiger,atrw,tiger,single_query,28:0,28,5460,28:0:5460,sing,
test/004818.jpg,135,1,gallery,tiger,atrw,tiger,single_query,28:0,28,5460,28:0:5460,sing,
test/002663.jpg,235,1,gallery,tiger,atrw,tiger,single_query,30:1,30,169,30:1:169,multi,
test/003803.jpg,234,1,gallery,tiger,atrw,tiger,single_query,30:2,30,55,30:2:55,multi,
test/002531.jpg,162,1,gallery,tiger,atrw,tiger,single_query,17:4,17,64,17:4:64,multi,
test/000856.jpg,112,0,query,tiger,atrw,tiger,single_query,10:1,10,24,10:1:24,sing,
test/001340.jpg,162,1,gallery,tiger,atrw,tiger,single_query,17:4,17,63,17:4:63,multi,
test/000322.jpg,120,0,query,tiger,atrw,tiger,single_query,11:0,11,89,11:0:89,sing,
test/002381.jpg,262,0,query,tiger,atrw,tiger,single_query,31:6,31,296,31:6:296,multi,
test/003476.jpg,184,1,gallery,tiger,atrw,tiger,single_query,23:4,23,115,23:4:115,multi,
test/003890.jpg,219,1,gallery,tiger,atrw,tiger,single_query,25:0,25,4136,25:0:4136,sing,
test/002733.jpg,210,1,gallery,tiger,atrw,tiger,single_query,24:0,24,6320,24:0:6320,sing,
test/004311.jpg,234,1,gallery,tiger,atrw,tiger,single_query,30:2,30,45,30:2:45,multi,
test/000565.jpg,135,1,gallery,tiger,atrw,tiger,single_query,28:0,28,4638,28:0:4638,sing,
test/000060.jpg,234,1,gallery,tiger,atrw,tiger,single_query,31:1,31,1299,31:1:1299,multi,
test/003682.jpg,61,1,gallery,tiger,atrw,tiger,single_query,4:3,4,2049,4:3:2049,sing,
test/003296.jpg,63,0,query,tiger,atrw,tiger,single_query,4:3,4,2049,4:3:2049,sing,
test/004410.jpg,73,1,gallery,tiger,atrw,tiger,single_query,4:3,4,2049,4:3:2049,sing,
test/002252.jpg,219,1,gallery,tiger,atrw,tiger,single_query,25:0,25,4132,25:0:4132,sing,
test/004037.jpg,189,0,query,tiger,atrw,tiger,single_query,23:3,23,1030,23:3:1030,multi,
test/003680.jpg,262,1,gallery,tiger,atrw,tiger,single_query,31:2,31,938,31:2:938,multi,
test/000911.jpg,270,1,gallery,tiger,atrw,tiger,single_query,31:7,31,461,31:7:461,multi,
test/004994.jpg,16,0,query,tiger,atrw,tiger,single_query,1:15,1,60,1:15:60,multi,
test/004864.jpg,7,1,gallery,tiger,atrw,tiger,single_query,1:0,1,35,1:0:35,multi,
test/003623.jpg,192,0,query,tiger,atrw,tiger,single_query,23:3,23,2536,23:3:2536,multi,
test/002873.jpg,87,0,query,tiger,atrw,tiger,single_query,4:3,4,3794,4:3:3794,multi,
test/004698.jpg,159,1,gallery,tiger,atrw,tiger,single_query,14:0,14,187,14:0:187,multi,
test/000984.jpg,18,0,query,tiger,atrw,tiger,single_query,1:13,1,347,1:13:347,multi,
test/003852.jpg,156,1,gallery,tiger,atrw,tiger,single_query,13:1,13,3312,13:1:3312,multi,
test/001118.jpg,234,1,gallery,tiger,atrw,tiger,single_query,31:1,31,1302,31:1:1302,multi,
test/002157.jpg,48,1,gallery,tiger,atrw,tiger,single_query,3:12,3,1390,3:12:1390,sing,
test/004440.jpg,219,1,gallery,tiger,atrw,tiger,single_query,25:0,25,4134,25:0:4134,sing,
test/000432.jpg,159,1,gallery,tiger,atrw,tiger,single_query,14:0,14,207,14:0:207,multi,
test/001036.jpg,159,1,gallery,tiger,atrw,tiger,single_query,14:0,14,206,14:0:206,multi,
test/001925.jpg,31,0,query,tiger,atrw,tiger,single_query,3:15,3,530,3:15:530,sing,
test/004489.jpg,159,1,gallery,tiger,atrw,tiger,single_query,14:1,14,14,14:1:14,multi,
test/003442.jpg,135,1,gallery,tiger,atrw,tiger,single_query,28:0,28,6727,28:0:6727,sing,
test/001060.jpg,205,0,query,tiger,atrw,tiger,single_query,24:0,24,5071,24:0:5071,sing,
test/002356.jpg,141,1,gallery,tiger,atrw,tiger,single_query,28:1,28,4242,28:1:4242,sing,
test/004976.jpg,10,0,query,tiger,atrw,tiger,single_query,1:5,1,512,1:5:512,multi,
test/004255.jpg,174,1,gallery,tiger,atrw,tiger,single_query,21:1,21,30,21:1:30,sing,
test/002167.jpg,37,0,query,tiger,atrw,tiger,single_query,3:10,3,124,3:10:124,multi,
test/000149.jpg,18,1,gallery,tiger,atrw,tiger,single_query,1:13,1,342,1:13:342,multi,
test/004823.jpg,111,0,query,tiger,atrw,tiger,single_query,10:2,10,149,10:2:149,multi,
test/002691.jpg,258,1,gallery,tiger,atrw,tiger,single_query,31:1,31,584,31:1:584,sing,
test/005021.jpg,270,1,gallery,tiger,atrw,tiger,single_query,31:6,31,427,31:6:427,multi,
test/004565.jpg,190,1,gallery,tiger,atrw,tiger,single_query,23:3,23,1095,23:3:1095,multi,
test/004571.jpg,165,1,gallery,tiger,atrw,tiger,single_query,17:3,17,36,17:3:36,multi,
test/000686.jpg,184,1,gallery,tiger,atrw,tiger,single_query,23:4,23,121,23:4:121,multi,
test/000853.jpg,192,1,gallery,tiger,atrw,tiger,single_query,23:4,23,121,23:4:121,multi,
test/002922.jpg,159,1,gallery,tiger,atrw,tiger,single_query,15:3,15,39,15:3:39,multi,
test/004090.jpg,102,0,query,tiger,atrw,tiger,single_query,9:1,9,2793,9:1:2793,sing,
test/000422.jpg,105,0,query,tiger,atrw,tiger,single_query,9:1,9,458,9:1:458,sing,
test/002711.jpg,166,1,gallery,tiger,atrw,tiger,single_query,17:0,17,249,17:0:249,multi,
test/001393.jpg,169,1,gallery,tiger,atrw,tiger,single_query,21:4,21,40,21:4:40,multi,
test/002311.jpg,7,1,gallery,tiger,atrw,tiger,single_query,1:0,1,47,1:0:47,multi,
test/004431.jpg,73,1,gallery,tiger,atrw,tiger,single_query,4:3,4,2060,4:3:2060,sing,
test/001200.jpg,75,0,query,tiger,atrw,tiger,single_query,4:3,4,2060,4:3:2060,sing,
test/000729.jpg,79,1,gallery,tiger,atrw,tiger,single_query,4:3,4,2060,4:3:2060,sing,
test/002520.jpg,156,1,gallery,tiger,atrw,tiger,single_query,15:0,15,52,15:0:52,multi,
test/003604.jpg,162,1,gallery,tiger,atrw,tiger,single_query,15:0,15,52,15:0:52,multi,
test/002508.jpg,162,1,gallery,tiger,atrw,tiger,single_query,16:1,16,3325,16:1:3325,multi,
test/000668.jpg,37,1,gallery,tiger,atrw,tiger,single_query,3:10,3,123,3:10:123,multi,
test/000102.jpg,79,1,gallery,tiger,atrw,tiger,single_query,4:3,4,2142,4:3:2142,sing,
test/002941.jpg,219,1,gallery,tiger,atrw,tiger,single_query,25:0,25,4130,25:0:4130,sing,
test/005083.jpg,183,0,query,tiger,atrw,tiger,single_query,23:12,23,71,23:12:71,sing,
test/003639.jpg,127,1,gallery,tiger,atrw,tiger,single_query,11:0,11,226,11:0:226,sing,
test/001772.jpg,258,1,gallery,tiger,atrw,tiger,single_query,31:1,31,569,31:1:569,sing,
test/001154.jpg,61,1,gallery,tiger,atrw,tiger,single_query,4:3,4,2048,4:3:2048,sing,
test/004874.jpg,63,1,gallery,tiger,atrw,tiger,single_query,4:3,4,2048,4:3:2048,sing,
test/000289.jpg,73,1,gallery,tiger,atrw,tiger,single_query,4:3,4,2048,4:3:2048,sing,
test/002139.jpg,165,1,gallery,tiger,atrw,tiger,single_query,17:3,17,37,17:3:37,multi,
test/002927.jpg,48,1,gallery,tiger,atrw,tiger,single_query,3:12,3,1365,3:12:1365,sing,
test/004439.jpg,180,1,gallery,tiger,atrw,tiger,single_query,22:1,22,114,22:1:114,sing,
test/001033.jpg,127,1,gallery,tiger,atrw,tiger,single_query,11:0,11,315,11:0:315,sing,
test/003773.jpg,235,1,gallery,tiger,atrw,tiger,single_query,31:4,31,1096,31:4:1096,multi,
test/003886.jpg,16,1,gallery,tiger,atrw,tiger,single_query,1:9,1,10,1:9:10,multi,
test/002062.jpg,156,1,gallery,tiger,atrw,tiger,single_query,17:6,17,4,17:6:4,multi,
test/004425.jpg,159,1,gallery,tiger,atrw,tiger,single_query,13:2,13,3313,13:2:3313,multi,
test/003215.jpg,162,1,gallery,tiger,atrw,tiger,single_query,13:2,13,3313,13:2:3313,multi,
test/001861.jpg,150,0,query,tiger,atrw,tiger,single_query,28:2,28,3865,28:2:3865,sing,
test/001818.jpg,87,1,gallery,tiger,atrw,tiger,single_query,5:0,5,1777,5:0:1777,multi,
test/004366.jpg,165,1,gallery,tiger,atrw,tiger,single_query,17:2,17,51,17:2:51,multi,
test/003361.jpg,258,1,gallery,tiger,atrw,tiger,single_query,31:1,31,565,31:1:565,sing,
test/002614.jpg,169,1,gallery,tiger,atrw,tiger,single_query,21:4,21,43,21:4:43,multi,
test/004587.jpg,10,1,gallery,tiger,atrw,tiger,single_query,1:5,1,485,1:5:485,multi,
test/002313.jpg,258,1,gallery,tiger,atrw,tiger,single_query,31:1,31,627,31:1:627,sing,
test/000728.jpg,163,1,gallery,tiger,atrw,tiger,single_query,17:7,17,117,17:7:117,multi,
test/004688.jpg,157,1,gallery,tiger,atrw,tiger,single_query,17:7,17,117,17:7:117,multi,
test/003943.jpg,207,0,query,tiger,atrw,tiger,single_query,23:6,23,1056,23:6:1056,sing,
test/004443.jpg,159,1,gallery,tiger,atrw,tiger,single_query,14:0,14,197,14:0:197,multi,
test/003198.jpg,31,1,gallery,tiger,atrw,tiger,single_query,3:15,3,475,3:15:475,sing,
test/002956.jpg,141,1,gallery,tiger,atrw,tiger,single_query,28:1,28,4265,28:1:4265,sing,
test/000306.jpg,48,1,gallery,tiger,atrw,tiger,single_query,3:12,3,1394,3:12:1394,sing,
test/000547.jpg,262,1,gallery,tiger,atrw,tiger,single_query,31:6,31,302,31:6:302,multi,
test/002702.jpg,169,1,gallery,tiger,atrw,tiger,single_query,21:2,21,31,21:2:31,multi,
test/000486.jpg,166,1,gallery,tiger,atrw,tiger,single_query,17:2,17,15,17:2:15,multi,
test/004796.jpg,159,1,gallery,tiger,atrw,tiger,single_query,17:5,17,17,17:5:17,multi,
test/002712.jpg,159,1,gallery,tiger,atrw,tiger,single_query,15:3,15,33,15:3:33,multi,
test/002215.jpg,156,1,gallery,tiger,atrw,tiger,single_query,15:0,15,9,15:0:9,multi,
test/001496.jpg,163,1,gallery,tiger,atrw,tiger,single_query,17:7,17,128,17:7:128,multi,
test/003722.jpg,193,0,query,tiger,atrw,tiger,single_query,26:0,26,3683,26:0:3683,sing,
test/001992.jpg,19,1,gallery,tiger,atrw,tiger,single_query,1:13,1,12,1:13:12,multi,
test/003869.jpg,193,1,gallery,tiger,atrw,tiger,single_query,26:0,26,3677,26:0:3677,sing,
test/004214.jpg,147,0,query,tiger,atrw,tiger,single_query,28:2,28,3853,28:2:3853,sing,
test/002258.jpg,144,1,gallery,tiger,atrw,tiger,single_query,28:1,28,5326,28:1:5326,sing,
test/002908.jpg,235,1,gallery,tiger,atrw,tiger,single_query,31:3,31,610,31:3:610,multi,
test/003972.jpg,133,1,gallery,tiger,atrw,tiger,single_query,28:0,28,4323,28:0:4323,sing,
test/004620.jpg,144,1,gallery,tiger,atrw,tiger,single_query,28:1,28,5370,28:1:5370,sing,
test/004341.jpg,270,1,gallery,tiger,atrw,tiger,single_query,31:4,31,121,31:4:121,multi,
test/001630.jpg,204,1,gallery,tiger,atrw,tiger,single_query,23:5,23,751,23:5:751,sing,
test/003146.jpg,162,1,gallery,tiger,atrw,tiger,single_query,14:1,14,105,14:1:105,multi,
test/001297.jpg,138,1,gallery,tiger,atrw,tiger,single_query,28:0,28,7710,28:0:7710,sing,
test/003181.jpg,52,0,query,tiger,atrw,tiger,single_query,3:16,3,49,3:16:49,sing,
test/004938.jpg,262,1,gallery,tiger,atrw,tiger,single_query,31:2,31,293,31:2:293,multi,
test/000088.jpg,138,1,gallery,tiger,atrw,tiger,single_query,28:0,28,7277,28:0:7277,sing,
test/005139.jpg,159,1,gallery,tiger,atrw,tiger,single_query,14:0,14,21,14:0:21,multi,
test/003838.jpg,166,1,gallery,tiger,atrw,tiger,single_query,17:2,17,174,17:2:174,multi,
test/001498.jpg,166,1,gallery,tiger,atrw,tiger,single_query,17:0,17,166,17:0:166,multi,
test/000771.jpg,16,1,gallery,tiger,atrw,tiger,single_query,1:9,1,17,1:9:17,multi,
test/002382.jpg,21,1,gallery,tiger,atrw,tiger,single_query,2:0,2,260,2:0:260,sing,
test/004890.jpg,163,1,gallery,tiger,atrw,tiger,single_query,14:1,14,89,14:1:89,multi,
test/004585.jpg,166,1,gallery,tiger,atrw,tiger,single_query,17:3,17,104,17:3:104,multi,
test/000431.jpg,156,1,gallery,tiger,atrw,tiger,single_query,13:2,13,3448,13:2:3448,multi,
test/003047.jpg,210,1,gallery,tiger,atrw,tiger,single_query,24:0,24,6304,24:0:6304,sing,
test/003415.jpg,174,1,gallery,tiger,atrw,tiger,single_query,21:1,21,46,21:1:46,sing,
test/001371.jpg,112,1,gallery,tiger,atrw,tiger,single_query,10:1,10,0,10:1:0,sing,
test/004987.jpg,120,1,gallery,tiger,atrw,tiger,single_query,11:0,11,90,11:0:90,sing,
test/005056.jpg,144,1,gallery,tiger,atrw,tiger,single_query,28:1,28,7436,28:1:7436,sing,
test/000772.jpg,48,1,gallery,tiger,atrw,tiger,single_query,3:12,3,1378,3:12:1378,sing,
test/001040.jpg,48,1,gallery,tiger,atrw,tiger,single_query,3:12,3,1399,3:12:1399,sing,
test/003106.jpg,18,1,gallery,tiger,atrw,tiger,single_query,1:14,1,287,1:14:287,multi,
test/001133.jpg,159,1,gallery,tiger,atrw,tiger,single_query,17:5,17,20,17:5:20,multi,
test/002177.jpg,159,1,gallery,tiger,atrw,tiger,single_query,14:1,14,13,14:1:13,multi,
test/003395.jpg,144,1,gallery,tiger,atrw,tiger,single_query,28:1,28,4922,28:1:4922,sing,
test/004465.jpg,258,1,gallery,tiger,atrw,tiger,single_query,31:1,31,559,31:1:559,sing,
test/000767.jpg,7,1,gallery,tiger,atrw,tiger,single_query,1:0,1,43,1:0:43,multi,
test/000760.jpg,7,1,gallery,tiger,atrw,tiger,single_query,1:1,1,0,1:1:0,multi,
test/002242.jpg,163,1,gallery,tiger,atrw,tiger,single_query,16:0,16,3368,16:0:3368,multi,
test/002640.jpg,19,1,gallery,tiger,atrw,tiger,single_query,1:14,1,500,1:14:500,multi,
test/002378.jpg,162,1,gallery,tiger,atrw,tiger,single_query,16:1,16,3341,16:1:3341,multi,
test/004483.jpg,93,0,query,tiger,atrw,tiger,single_query,9:1,9,1164,9:1:1164,sing,
test/004534.jpg,270,1,gallery,tiger,atrw,tiger,single_query,31:6,31,398,31:6:398,multi,
test/002106.jpg,48,1,gallery,tiger,atrw,tiger,single_query,3:12,3,1393,3:12:1393,sing,
test/000698.jpg,127,1,gallery,tiger,atrw,tiger,single_query,11:0,11,246,11:0:246,sing,
test/002680.jpg,112,1,gallery,tiger,atrw,tiger,single_query,10:1,10,1,10:1:1,sing,
test/004412.jpg,105,1,gallery,tiger,atrw,tiger,single_query,9:1,9,452,9:1:452,sing,
test/002851.jpg,169,1,gallery,tiger,atrw,tiger,single_query,21:2,21,29,21:2:29,multi,
test/000526.jpg,162,1,gallery,tiger,atrw,tiger,single_query,14:0,14,122,14:0:122,multi,
test/004663.jpg,166,1,gallery,tiger,atrw,tiger,single_query,17:3,17,15,17:3:15,multi,
test/000464.jpg,156,1,gallery,tiger,atrw,tiger,single_query,15:0,15,48,15:0:48,multi,
test/004066.jpg,162,1,gallery,tiger,atrw,tiger,single_query,15:0,15,48,15:0:48,multi,
test/002588.jpg,162,1,gallery,tiger,atrw,tiger,single_query,16:1,16,3314,16:1:3314,multi,
test/003214.jpg,234,1,gallery,tiger,atrw,tiger,single_query,31:1,31,1332,31:1:1332,multi,
test/000512.jpg,144,1,gallery,tiger,atrw,tiger,single_query,28:1,28,4595,28:1:4595,sing,
test/002864.jpg,159,1,gallery,tiger,atrw,tiger,single_query,14:0,14,182,14:0:182,multi,
test/001178.jpg,138,1,gallery,tiger,atrw,tiger,single_query,28:0,28,5770,28:0:5770,sing,
test/003308.jpg,135,1,gallery,tiger,atrw,tiger,single_query,28:0,28,5770,28:0:5770,sing,
test/002701.jpg,93,1,gallery,tiger,atrw,tiger,single_query,9:1,9,1153,9:1:1153,sing,
test/001115.jpg,135,1,gallery,tiger,atrw,tiger,single_query,28:0,28,5144,28:0:5144,sing,
test/001482.jpg,87,1,gallery,tiger,atrw,tiger,single_query,5:0,5,1781,5:0:1781,multi,
test/000171.jpg,111,1,gallery,tiger,atrw,tiger,single_query,10:3,10,474,10:3:474,multi,
test/002567.jpg,205,1,gallery,tiger,atrw,tiger,single_query,24:0,24,5070,24:0:5070,sing,
test/002454.jpg,166,1,gallery,tiger,atrw,tiger,single_query,17:2,17,33,17:2:33,multi,
test/000165.jpg,165,1,gallery,tiger,atrw,tiger,single_query,17:3,17,56,17:3:56,multi,
test/002656.jpg,163,1,gallery,tiger,atrw,tiger,single_query,14:1,14,87,14:1:87,multi,
test/002398.jpg,235,1,gallery,tiger,atrw,tiger,single_query,31:3,31,607,31:3:607,multi,
test/002358.jpg,234,1,gallery,tiger,atrw,tiger,single_query,30:2,30,35,30:2:35,multi,
test/004136.jpg,210,1,gallery,tiger,atrw,tiger,single_query,24:0,24,6321,24:0:6321,sing,
test/003537.jpg,16,1,gallery,tiger,atrw,tiger,single_query,1:9,1,12,1:9:12,multi,
test/000544.jpg,163,1,gallery,tiger,atrw,tiger,single_query,17:1,17,18,17:1:18,multi,
test/003125.jpg,156,1,gallery,tiger,atrw,tiger,single_query,15:2,15,382,15:2:382,multi,
test/003363.jpg,270,1,gallery,tiger,atrw,tiger,single_query,31:5,31,36,31:5:36,multi,
test/001203.jpg,159,1,gallery,tiger,atrw,tiger,single_query,14:0,14,209,14:0:209,multi,
test/000987.jpg,156,1,gallery,tiger,atrw,tiger,single_query,13:1,13,3313,13:1:3313,multi,
test/000446.jpg,270,1,gallery,tiger,atrw,tiger,single_query,31:7,31,462,31:7:462,multi,
test/000181.jpg,190,1,gallery,tiger,atrw,tiger,single_query,23:4,23,195,23:4:195,multi,
test/002821.jpg,162,1,gallery,tiger,atrw,tiger,single_query,16:1,16,3344,16:1:3344,multi,
test/004315.jpg,7,1,gallery,tiger,atrw,tiger,single_query,1:0,1,41,1:0:41,multi,
test/001195.jpg,270,1,gallery,tiger,atrw,tiger,single_query,31:5,31,49,31:5:49,multi,
test/000084.jpg,105,1,gallery,tiger,atrw,tiger,single_query,9:1,9,467,9:1:467,sing,
test/001640.jpg,48,1,gallery,tiger,atrw,tiger,single_query,3:12,3,1391,3:12:1391,sing,
test/003342.jpg,63,1,gallery,tiger,atrw,tiger,single_query,4:3,4,2072,4:3:2072,sing,
test/000397.jpg,73,1,gallery,tiger,atrw,tiger,single_query,4:3,4,2072,4:3:2072,sing,
test/000237.jpg,184,1,gallery,tiger,atrw,tiger,single_query,23:0,23,233,23:0:233,multi,
test/000259.jpg,162,1,gallery,tiger,atrw,tiger,single_query,14:1,14,135,14:1:135,multi,
test/004075.jpg,102,1,gallery,tiger,atrw,tiger,single_query,9:1,9,2776,9:1:2776,sing,
test/003446.jpg,210,1,gallery,tiger,atrw,tiger,single_query,24:0,24,6306,24:0:6306,sing,
test/002428.jpg,159,1,gallery,tiger,atrw,tiger,single_query,14:2,14,100,14:2:100,multi,
test/001794.jpg,70,0,query,tiger,atrw,tiger,single_query,4:3,4,2128,4:3:2128,sing,
test/002018.jpg,262,1,gallery,tiger,atrw,tiger,single_query,31:6,31,295,31:6:295,multi,
test/001768.jpg,156,1,gallery,tiger,atrw,tiger,single_query,15:2,15,370,15:2:370,multi,
test/001830.jpg,270,1,gallery,tiger,atrw,tiger,single_query,31:5,31,37,31:5:37,multi,
test/003322.jpg,162,1,gallery,tiger,atrw,tiger,single_query,14:1,14,130,14:1:130,multi,
test/001540.jpg,133,1,gallery,tiger,atrw,tiger,single_query,28:0,28,4275,28:0:4275,sing,
test/000722.jpg,189,1,gallery,tiger,atrw,tiger,single_query,23:3,23,1033,23:3:1033,multi,
test/003727.jpg,123,0,query,tiger,atrw,tiger,single_query,11:0,11,161,11:0:161,sing,
test/002916.jpg,210,1,gallery,tiger,atrw,tiger,single_query,24:0,24,6324,24:0:6324,sing,
test/000000.jpg,199,0,query,tiger,atrw,tiger,single_query,23:4,23,657,23:4:657,sing,
test/000798.jpg,156,1,gallery,tiger,atrw,tiger,single_query,15:2,15,231,15:2:231,multi,
test/001084.jpg,159,1,gallery,tiger,atrw,tiger,single_query,15:2,15,231,15:2:231,multi,
test/001725.jpg,165,1,gallery,tiger,atrw,tiger,single_query,17:2,17,57,17:2:57,multi,
test/001921.jpg,103,0,query,tiger,atrw,tiger,single_query,9:1,9,2871,9:1:2871,sing,
test/004608.jpg,190,1,gallery,tiger,atrw,tiger,single_query,23:3,23,1094,23:3:1094,multi,
test/001585.jpg,235,1,gallery,tiger,atrw,tiger,single_query,30:1,30,104,30:1:104,multi,
test/000720.jpg,150,1,gallery,tiger,atrw,tiger,single_query,28:2,28,3758,28:2:3758,sing,
test/002767.jpg,157,1,gallery,tiger,atrw,tiger,single_query,15:2,15,35,15:2:35,multi,
test/001111.jpg,159,1,gallery,tiger,atrw,tiger,single_query,15:2,15,35,15:2:35,multi,
test/001609.jpg,169,1,gallery,tiger,atrw,tiger,single_query,21:4,21,48,21:4:48,multi,
test/004336.jpg,189,1,gallery,tiger,atrw,tiger,single_query,23:3,23,1031,23:3:1031,multi,
test/000564.jpg,162,1,gallery,tiger,atrw,tiger,single_query,15:0,15,51,15:0:51,multi,
test/004974.jpg,156,1,gallery,tiger,atrw,tiger,single_query,15:0,15,51,15:0:51,multi,
test/002334.jpg,105,1,gallery,tiger,atrw,tiger,single_query,9:1,9,435,9:1:435,sing,
test/004996.jpg,159,1,gallery,tiger,atrw,tiger,single_query,14:0,14,23,14:0:23,multi,
test/001017.jpg,204,1,gallery,tiger,atrw,tiger,single_query,23:5,23,758,23:5:758,sing,
test/001628.jpg,163,1,gallery,tiger,atrw,tiger,single_query,17:7,17,363,17:7:363,multi,
test/002515.jpg,36,1,gallery,tiger,atrw,tiger,single_query,3:5,3,21,3:5:21,sing,
test/005074.jpg,199,1,gallery,tiger,atrw,tiger,single_query,23:4,23,656,23:4:656,sing,
test/000388.jpg,156,1,gallery,tiger,atrw,tiger,single_query,13:2,13,3447,13:2:3447,multi,
test/001241.jpg,159,1,gallery,tiger,atrw,tiger,single_query,17:5,17,18,17:5:18,multi,
test/002232.jpg,156,1,gallery,tiger,atrw,tiger,single_query,15:0,15,12,15:0:12,multi,
test/003275.jpg,49,0,query,tiger,atrw,tiger,single_query,3:12,3,1096,3:12:1096,sing,
test/000876.jpg,162,1,gallery,tiger,atrw,tiger,single_query,16:1,16,3316,16:1:3316,multi,
test/001335.jpg,157,1,gallery,tiger,atrw,tiger,single_query,17:8,17,12,17:8:12,multi,
test/000629.jpg,123,1,gallery,tiger,atrw,tiger,single_query,11:0,11,163,11:0:163,sing,
test/004242.jpg,270,1,gallery,tiger,atrw,tiger,single_query,31:6,31,362,31:6:362,multi,
test/004345.jpg,232,0,query,tiger,atrw,tiger,single_query,29:2,29,135,29:2:135,sing,
test/002397.jpg,46,1,gallery,tiger,atrw,tiger,single_query,3:8,3,1022,3:8:1022,sing,
test/001927.jpg,235,1,gallery,tiger,atrw,tiger,single_query,31:3,31,615,31:3:615,multi,
test/003004.jpg,150,1,gallery,tiger,atrw,tiger,single_query,28:2,28,4813,28:2:4813,sing,
test/000928.jpg,234,1,gallery,tiger,atrw,tiger,single_query,30:2,30,37,30:2:37,multi,
test/005064.jpg,162,1,gallery,tiger,atrw,tiger,single_query,16:1,16,3340,16:1:3340,multi,
test/004208.jpg,166,1,gallery,tiger,atrw,tiger,single_query,17:0,17,156,17:0:156,multi,
test/000855.jpg,231,1,gallery,tiger,atrw,tiger,single_query,29:2,29,242,29:2:242,sing,
test/002934.jpg,270,1,gallery,tiger,atrw,tiger,single_query,31:6,31,399,31:6:399,multi,
test/003554.jpg,156,1,gallery,tiger,atrw,tiger,single_query,15:0,15,7,15:0:7,multi,
test/001497.jpg,205,1,gallery,tiger,atrw,tiger,single_query,24:0,24,5068,24:0:5068,sing,
test/002030.jpg,7,1,gallery,tiger,atrw,tiger,single_query,1:1,1,1,1:1:1,multi,
test/003133.jpg,144,1,gallery,tiger,atrw,tiger,single_query,28:1,28,5395,28:1:5395,sing,
test/000893.jpg,165,1,gallery,tiger,atrw,tiger,single_query,17:3,17,53,17:3:53,multi,
test/004096.jpg,235,1,gallery,tiger,atrw,tiger,single_query,31:4,31,1089,31:4:1089,multi,
test/003436.jpg,48,1,gallery,tiger,atrw,tiger,single_query,3:12,3,1395,3:12:1395,sing,
test/002345.jpg,166,1,gallery,tiger,atrw,tiger,single_query,17:2,17,39,17:2:39,multi,
test/004738.jpg,105,1,gallery,tiger,atrw,tiger,single_query,9:1,9,434,9:1:434,sing,
test/002214.jpg,159,1,gallery,tiger,atrw,tiger,single_query,17:5,17,21,17:5:21,multi,
test/001081.jpg,190,1,gallery,tiger,atrw,tiger,single_query,23:4,23,194,23:4:194,multi,
test/000359.jpg,210,1,gallery,tiger,atrw,tiger,single_query,24:0,24,6305,24:0:6305,sing,
test/000148.jpg,258,1,gallery,tiger,atrw,tiger,single_query,31:1,31,573,31:1:573,sing,
test/004870.jpg,162,1,gallery,tiger,atrw,tiger,single_query,14:1,14,110,14:1:110,multi,
test/003533.jpg,138,1,gallery,tiger,atrw,tiger,single_query,28:0,28,7810,28:0:7810,sing,
test/001403.jpg,118,0,query,tiger,atrw,tiger,single_query,10:5,10,916,10:5:916,sing,
test/000412.jpg,48,1,gallery,tiger,atrw,tiger,single_query,3:12,3,1375,3:12:1375,sing,
test/001798.jpg,52,1,gallery,tiger,atrw,tiger,single_query,3:16,3,48,3:16:48,sing,
test/002565.jpg,144,1,gallery,tiger,atrw,tiger,single_query,28:1,28,7190,28:1:7190,sing,
test/000345.jpg,138,1,gallery,tiger,atrw,tiger,single_query,28:0,28,5801,28:0:5801,sing,
test/003939.jpg,135,1,gallery,tiger,atrw,tiger,single_query,28:0,28,5801,28:0:5801,sing,
test/000273.jpg,184,1,gallery,tiger,atrw,tiger,single_query,23:0,23,230,23:0:230,multi,
test/002979.jpg,156,1,gallery,tiger,atrw,tiger,single_query,15:2,15,388,15:2:388,multi,
test/003166.jpg,234,1,gallery,tiger,atrw,tiger,single_query,30:2,30,32,30:2:32,multi,
test/003836.jpg,165,1,gallery,tiger,atrw,tiger,single_query,17:3,17,42,17:3:42,multi,
test/001357.jpg,235,1,gallery,tiger,atrw,tiger,single_query,31:2,31,632,31:2:632,multi,
test/003152.jpg,16,1,gallery,tiger,atrw,tiger,single_query,1:9,1,15,1:9:15,multi,
test/001660.jpg,36,1,gallery,tiger,atrw,tiger,single_query,3:5,3,36,3:5:36,sing,
test/004649.jpg,61,1,gallery,tiger,atrw,tiger,single_query,4:3,4,2051,4:3:2051,sing,
test/001988.jpg,63,1,gallery,tiger,atrw,tiger,single_query,4:3,4,2051,4:3:2051,sing,
test/001875.jpg,73,1,gallery,tiger,atrw,tiger,single_query,4:3,4,2051,4:3:2051,sing,
test/004687.jpg,75,1,gallery,tiger,atrw,tiger,single_query,4:3,4,2051,4:3:2051,sing,
test/000207.jpg,156,1,gallery,tiger,atrw,tiger,single_query,15:2,15,372,15:2:372,multi,
test/001053.jpg,111,1,gallery,tiger,atrw,tiger,single_query,10:3,10,447,10:3:447,multi,
test/001727.jpg,258,1,gallery,tiger,atrw,tiger,single_query,31:1,31,591,31:1:591,sing,
test/003516.jpg,48,1,gallery,tiger,atrw,tiger,single_query,3:12,3,1372,3:12:1372,sing,
test/003423.jpg,159,1,gallery,tiger,atrw,tiger,single_query,14:0,14,185,14:0:185,multi,
test/003709.jpg,262,1,gallery,tiger,atrw,tiger,single_query,31:6,31,301,31:6:301,multi,
test/003094.jpg,162,1,gallery,tiger,atrw,tiger,single_query,14:1,14,107,14:1:107,multi,
test/000278.jpg,46,1,gallery,tiger,atrw,tiger,single_query,3:8,3,1005,3:8:1005,sing,
test/002641.jpg,93,1,gallery,tiger,atrw,tiger,single_query,9:1,9,1173,9:1:1173,sing,
test/005004.jpg,174,1,gallery,tiger,atrw,tiger,single_query,21:1,21,35,21:1:35,sing,
test/000220.jpg,166,1,gallery,tiger,atrw,tiger,single_query,17:3,17,11,17:3:11,multi,
test/001884.jpg,234,1,gallery,tiger,atrw,tiger,single_query,31:1,31,1337,31:1:1337,multi,
test/002913.jpg,157,1,gallery,tiger,atrw,tiger,single_query,17:8,17,50,17:8:50,multi,
test/002970.jpg,147,1,gallery,tiger,atrw,tiger,single_query,28:2,28,4282,28:2:4282,sing,
test/001514.jpg,144,1,gallery,tiger,atrw,tiger,single_query,28:1,28,5302,28:1:5302,sing,
test/001911.jpg,162,1,gallery,tiger,atrw,tiger,single_query,17:4,17,52,17:4:52,multi,
test/004110.jpg,270,1,gallery,tiger,atrw,tiger,single_query,31:5,31,20,31:5:20,multi,
test/001926.jpg,163,1,gallery,tiger,atrw,tiger,single_query,14:1,14,85,14:1:85,multi,
test/000549.jpg,18,1,gallery,tiger,atrw,tiger,single_query,1:13,1,294,1:13:294,multi,
test/000979.jpg,63,1,gallery,tiger,atrw,tiger,single_query,4:3,4,2055,4:3:2055,sing,
test/002096.jpg,73,1,gallery,tiger,atrw,tiger,single_query,4:3,4,2055,4:3:2055,sing,
test/001101.jpg,75,1,gallery,tiger,atrw,tiger,single_query,4:3,4,2055,4:3:2055,sing,
test/002221.jpg,214,1,gallery,tiger,atrw,tiger,single_query,24:0,24,5771,24:0:5771,sing,
test/001284.jpg,48,1,gallery,tiger,atrw,tiger,single_query,3:12,3,1198,3:12:1198,sing,
test/004681.jpg,270,1,gallery,tiger,atrw,tiger,single_query,31:4,31,12,31:4:12,multi,
test/003391.jpg,16,1,gallery,tiger,atrw,tiger,single_query,1:15,1,62,1:15:62,multi,
test/004755.jpg,156,1,gallery,tiger,atrw,tiger,single_query,13:2,13,3446,13:2:3446,multi,
test/000386.jpg,37,1,gallery,tiger,atrw,tiger,single_query,3:14,3,449,3:14:449,multi,
test/000691.jpg,184,1,gallery,tiger,atrw,tiger,single_query,23:0,23,229,23:0:229,multi,
test/002800.jpg,10,1,gallery,tiger,atrw,tiger,single_query,1:4,1,255,1:4:255,multi,
test/004470.jpg,133,1,gallery,tiger,atrw,tiger,single_query,28:0,28,4336,28:0:4336,sing,
test/002887.jpg,205,1,gallery,tiger,atrw,tiger,single_query,24:0,24,5069,24:0:5069,sing,
test/003928.jpg,162,1,gallery,tiger,atrw,tiger,single_query,15:2,15,225,15:2:225,multi,
test/001013.jpg,46,1,gallery,tiger,atrw,tiger,single_query,3:8,3,1011,3:8:1011,sing,
test/003969.jpg,49,1,gallery,tiger,atrw,tiger,single_query,3:12,3,1092,3:12:1092,sing,
test/000509.jpg,99,0,query,tiger,atrw,tiger,single_query,9:1,9,1437,9:1:1437,sing,
test/002506.jpg,156,1,gallery,tiger,atrw,tiger,single_query,15:2,15,384,15:2:384,multi,
test/003249.jpg,9,0,query,tiger,atrw,tiger,single_query,1:7,1,109,1:7:109,multi,
test/000702.jpg,157,1,gallery,tiger,atrw,tiger,single_query,17:8,17,29,17:8:29,multi,
test/000124.jpg,10,1,gallery,tiger,atrw,tiger,single_query,1:4,1,256,1:4:256,multi,
test/003974.jpg,159,1,gallery,tiger,atrw,tiger,single_query,17:5,17,19,17:5:19,multi,
test/001277.jpg,184,1,gallery,tiger,atrw,tiger,single_query,23:0,23,226,23:0:226,multi,
test/003405.jpg,162,1,gallery,tiger,atrw,tiger,single_query,17:4,17,49,17:4:49,multi,
test/004886.jpg,166,1,gallery,tiger,atrw,tiger,single_query,17:2,17,14,17:2:14,multi,
test/003026.jpg,162,1,gallery,tiger,atrw,tiger,single_query,16:1,16,3318,16:1:3318,multi,
test/002804.jpg,162,1,gallery,tiger,atrw,tiger,single_query,16:1,16,3319,16:1:3319,multi,
test/002967.jpg,157,1,gallery,tiger,atrw,tiger,single_query,13:2,13,3438,13:2:3438,multi,
test/002627.jpg,147,1,gallery,tiger,atrw,tiger,single_query,28:2,28,3873,28:2:3873,sing,
test/003735.jpg,48,1,gallery,tiger,atrw,tiger,single_query,3:12,3,1398,3:12:1398,sing,
test/000845.jpg,190,1,gallery,tiger,atrw,tiger,single_query,23:3,23,1091,23:3:1091,multi,
test/004641.jpg,16,1,gallery,tiger,atrw,tiger,single_query,1:15,1,59,1:15:59,multi,
test/000817.jpg,84,0,query,tiger,atrw,tiger,single_query,4:3,4,2181,4:3:2181,sing,
test/002338.jpg,234,1,gallery,tiger,atrw,tiger,single_query,30:2,30,49,30:2:49,multi,
test/000417.jpg,184,1,gallery,tiger,atrw,tiger,single_query,23:0,23,228,23:0:228,multi,
test/003894.jpg,262,1,gallery,tiger,atrw,tiger,single_query,31:2,31,300,31:2:300,multi,
test/000223.jpg,19,1,gallery,tiger,atrw,tiger,single_query,1:14,1,494,1:14:494,multi,
test/003999.jpg,159,1,gallery,tiger,atrw,tiger,single_query,15:3,15,36,15:3:36,multi,
test/002918.jpg,225,0,query,tiger,atrw,tiger,single_query,29:0,29,111,29:0:111,sing,
test/001076.jpg,120,1,gallery,tiger,atrw,tiger,single_query,11:0,11,100,11:0:100,sing,
test/001471.jpg,234,1,gallery,tiger,atrw,tiger,single_query,31:1,31,1300,31:1:1300,multi,
test/000164.jpg,219,1,gallery,tiger,atrw,tiger,single_query,25:0,25,4126,25:0:4126,sing,
test/000266.jpg,48,1,gallery,tiger,atrw,tiger,single_query,3:12,3,1379,3:12:1379,sing,
test/003055.jpg,159,1,gallery,tiger,atrw,tiger,single_query,14:0,14,216,14:0:216,multi,
test/003572.jpg,15,0,query,tiger,atrw,tiger,single_query,1:12,1,59,1:12:59,multi,
test/002108.jpg,102,1,gallery,tiger,atrw,tiger,single_query,9:1,9,2765,9:1:2765,sing,
test/001572.jpg,235,1,gallery,tiger,atrw,tiger,single_query,30:1,30,113,30:1:113,multi,
test/004461.jpg,235,1,gallery,tiger,atrw,tiger,single_query,30:1,30,168,30:1:168,multi,
test/002305.jpg,235,1,gallery,tiger,atrw,tiger,single_query,31:3,31,614,31:3:614,multi,
test/005101.jpg,15,1,gallery,tiger,atrw,tiger,single_query,1:12,1,111,1:12:111,multi,
test/003687.jpg,189,1,gallery,tiger,atrw,tiger,single_query,23:3,23,2539,23:3:2539,multi,
test/003706.jpg,192,1,gallery,tiger,atrw,tiger,single_query,23:3,23,2539,23:3:2539,multi,
test/004798.jpg,165,1,gallery,tiger,atrw,tiger,single_query,17:0,17,283,17:0:283,multi,
test/002574.jpg,219,1,gallery,tiger,atrw,tiger,single_query,25:0,25,4125,25:0:4125,sing,
test/000406.jpg,162,1,gallery,tiger,atrw,tiger,single_query,14:1,14,139,14:1:139,multi,
test/004712.jpg,234,1,gallery,tiger,atrw,tiger,single_query,30:2,30,36,30:2:36,multi,
test/000010.jpg,162,1,gallery,tiger,atrw,tiger,single_query,15:2,15,226,15:2:226,multi,
test/005097.jpg,166,1,gallery,tiger,atrw,tiger,single_query,17:3,17,13,17:3:13,multi,
test/004106.jpg,162,1,gallery,tiger,atrw,tiger,single_query,16:1,16,3323,16:1:3323,multi,
test/000863.jpg,19,1,gallery,tiger,atrw,tiger,single_query,1:13,1,2,1:13:2,multi,
test/005119.jpg,207,1,gallery,tiger,atrw,tiger,single_query,23:6,23,1052,23:6:1052,sing,
test/003858.jpg,174,1,gallery,tiger,atrw,tiger,single_query,21:1,21,31,21:1:31,sing,
test/000901.jpg,120,1,gallery,tiger,atrw,tiger,single_query,11:0,11,142,11:0:142,sing,
test/003664.jpg,235,1,gallery,tiger,atrw,tiger,single_query,31:3,31,611,31:3:611,multi,
test/003524.jpg,234,1,gallery,tiger,atrw,tiger,single_query,30:2,30,59,30:2:59,multi,
test/001935.jpg,159,1,gallery,tiger,atrw,tiger,single_query,15:3,15,35,15:3:35,multi,
test/000642.jpg,166,1,gallery,tiger,atrw,tiger,single_query,17:2,17,21,17:2:21,multi,
test/003034.jpg,234,1,gallery,tiger,atrw,tiger,single_query,30:2,30,51,30:2:51,multi,
test/001815.jpg,166,1,gallery,tiger,atrw,tiger,single_query,17:0,17,180,17:0:180,multi,
test/001010.jpg,37,1,gallery,tiger,atrw,tiger,single_query,3:14,3,448,3:14:448,multi,
test/003962.jpg,70,1,gallery,tiger,atrw,tiger,single_query,4:3,4,2123,4:3:2123,sing,
test/004973.jpg,235,1,gallery,tiger,atrw,tiger,single_query,31:3,31,609,31:3:609,multi,
test/003356.jpg,52,1,gallery,tiger,atrw,tiger,single_query,3:16,3,63,3:16:63,sing,
test/003434.jpg,270,1,gallery,tiger,atrw,tiger,single_query,31:5,31,47,31:5:47,multi,
test/002099.jpg,166,1,gallery,tiger,atrw,tiger,single_query,17:2,17,10,17:2:10,multi,
test/001965.jpg,162,1,gallery,tiger,atrw,tiger,single_query,16:1,16,3327,16:1:3327,multi,
test/000818.jpg,49,1,gallery,tiger,atrw,tiger,single_query,3:12,3,1098,3:12:1098,sing,
test/004665.jpg,234,1,gallery,tiger,atrw,tiger,single_query,31:1,31,1297,31:1:1297,multi,
test/002245.jpg,99,1,gallery,tiger,atrw,tiger,single_query,9:1,9,1440,9:1:1440,sing,
test/000687.jpg,186,0,query,tiger,atrw,tiger,single_query,23:2,23,3569,23:2:3569,multi,
test/000725.jpg,87,1,gallery,tiger,atrw,tiger,single_query,5:0,5,1770,5:0:1770,multi,
test/003751.jpg,184,1,gallery,tiger,atrw,tiger,single_query,23:0,23,232,23:0:232,multi,
test/000889.jpg,225,1,gallery,tiger,atrw,tiger,single_query,29:0,29,105,29:0:105,sing,
test/003629.jpg,162,1,gallery,tiger,atrw,tiger,single_query,16:1,16,3324,16:1:3324,multi,
test/001963.jpg,36,1,gallery,tiger,atrw,tiger,single_query,3:5,3,28,3:5:28,sing,
test/003985.jpg,234,1,gallery,tiger,atrw,tiger,single_query,30:2,30,34,30:2:34,multi,
test/001298.jpg,184,1,gallery,tiger,atrw,tiger,single_query,23:4,23,118,23:4:118,multi,
test/001394.jpg,16,1,gallery,tiger,atrw,tiger,single_query,1:9,1,169,1:9:169,multi,
test/001877.jpg,169,1,gallery,tiger,atrw,tiger,single_query,21:4,21,32,21:4:32,multi,
test/001521.jpg,210,1,gallery,tiger,atrw,tiger,single_query,24:0,24,6307,24:0:6307,sing,
test/002020.jpg,205,1,gallery,tiger,atrw,tiger,single_query,24:0,24,5061,24:0:5061,sing,
test/004782.jpg,231,1,gallery,tiger,atrw,tiger,single_query,29:2,29,238,29:2:238,sing,
test/004709.jpg,52,1,gallery,tiger,atrw,tiger,single_query,3:16,3,66,3:16:66,sing,
test/000414.jpg,157,1,gallery,tiger,atrw,tiger,single_query,17:8,17,18,17:8:18,multi,
test/003833.jpg,234,1,gallery,tiger,atrw,tiger,single_query,30:2,30,39,30:2:39,multi,
test/003164.jpg,235,1,gallery,tiger,atrw,tiger,single_query,30:1,30,170,30:1:170,multi,
test/004122.jpg,163,1,gallery,tiger,atrw,tiger,single_query,14:1,14,80,14:1:80,multi,
test/002907.jpg,207,1,gallery,tiger,atrw,tiger,single_query,23:6,23,1054,23:6:1054,sing,
test/004435.jpg,205,1,gallery,tiger,atrw,tiger,single_query,24:0,24,5064,24:0:5064,sing,
test/004401.jpg,231,1,gallery,tiger,atrw,tiger,single_query,29:2,29,237,29:2:237,sing,
test/003636.jpg,193,1,gallery,tiger,atrw,tiger,single_query,26:0,26,3682,26:0:3682,sing,
test/002843.jpg,159,1,gallery,tiger,atrw,tiger,single_query,14:0,14,201,14:0:201,multi,
test/002874.jpg,159,1,gallery,tiger,atrw,tiger,single_query,15:3,15,38,15:3:38,multi,
test/000455.jpg,156,1,gallery,tiger,atrw,tiger,single_query,17:6,17,11,17:6:11,multi,
test/001607.jpg,162,1,gallery,tiger,atrw,tiger,single_query,17:4,17,54,17:4:54,multi,
test/000067.jpg,199,1,gallery,tiger,atrw,tiger,single_query,23:4,23,651,23:4:651,sing,
test/004952.jpg,180,1,gallery,tiger,atrw,tiger,single_query,22:1,22,146,22:1:146,sing,
test/002196.jpg,270,1,gallery,tiger,atrw,tiger,single_query,31:6,31,365,31:6:365,multi,
test/002657.jpg,156,1,gallery,tiger,atrw,tiger,single_query,15:0,15,56,15:0:56,multi,
test/001456.jpg,162,1,gallery,tiger,atrw,tiger,single_query,15:0,15,56,15:0:56,multi,
test/002254.jpg,186,1,gallery,tiger,atrw,tiger,single_query,24:0,24,4108,24:0:4108,multi,
test/001933.jpg,163,1,gallery,tiger,atrw,tiger,single_query,17:1,17,19,17:1:19,multi,
test/001876.jpg,159,1,gallery,tiger,atrw,tiger,single_query,14:0,14,215,14:0:215,multi,
test/002383.jpg,7,1,gallery,tiger,atrw,tiger,single_query,1:0,1,40,1:0:40,multi,
test/004380.jpg,7,1,gallery,tiger,atrw,tiger,single_query,1:0,1,38,1:0:38,multi,
test/001882.jpg,231,1,gallery,tiger,atrw,tiger,single_query,29:2,29,476,29:2:476,sing,
test/004678.jpg,121,0,query,tiger,atrw,tiger,single_query,11:0,11,597,11:0:597,sing,
test/003813.jpg,159,1,gallery,tiger,atrw,tiger,single_query,14:0,14,194,14:0:194,multi,
test/001774.jpg,165,1,gallery,tiger,atrw,tiger,single_query,17:2,17,50,17:2:50,multi,
test/001352.jpg,162,1,gallery,tiger,atrw,tiger,single_query,16:1,16,3347,16:1:3347,multi,
test/002468.jpg,162,1,gallery,tiger,atrw,tiger,single_query,17:4,17,51,17:4:51,multi,
test/003497.jpg,162,1,gallery,tiger,atrw,tiger,single_query,16:1,16,3338,16:1:3338,multi,
test/001650.jpg,111,1,gallery,tiger,atrw,tiger,single_query,10:2,10,123,10:2:123,multi,
test/002124.jpg,270,1,gallery,tiger,atrw,tiger,single_query,31:5,31,44,31:5:44,multi,
test/003360.jpg,214,1,gallery,tiger,atrw,tiger,single_query,24:0,24,5776,24:0:5776,sing,
test/002083.jpg,133,1,gallery,tiger,atrw,tiger,single_query,28:0,28,4361,28:0:4361,sing,
test/000588.jpg,147,1,gallery,tiger,atrw,tiger,single_query,28:2,28,4383,28:2:4383,sing,
test/002540.jpg,234,1,gallery,tiger,atrw,tiger,single_query,31:1,31,1293,31:1:1293,multi,
test/001775.jpg,159,1,gallery,tiger,atrw,tiger,single_query,14:0,14,177,14:0:177,multi,
test/000796.jpg,169,1,gallery,tiger,atrw,tiger,single_query,21:4,21,38,21:4:38,multi,
test/000552.jpg,162,1,gallery,tiger,atrw,tiger,single_query,14:1,14,142,14:1:142,multi,
test/001209.jpg,169,1,gallery,tiger,atrw,tiger,single_query,21:2,21,37,21:2:37,multi,
test/000158.jpg,87,1,gallery,tiger,atrw,tiger,single_query,4:3,4,3839,4:3:3839,multi,
test/001007.jpg,162,1,gallery,tiger,atrw,tiger,single_query,14:0,14,120,14:0:120,multi,
test/001026.jpg,159,1,gallery,tiger,atrw,tiger,single_query,14:0,14,184,14:0:184,multi,
test/003711.jpg,61,1,gallery,tiger,atrw,tiger,single_query,4:3,4,2050,4:3:2050,sing,
test/001428.jpg,63,1,gallery,tiger,atrw,tiger,single_query,4:3,4,2050,4:3:2050,sing,
test/000802.jpg,73,1,gallery,tiger,atrw,tiger,single_query,4:3,4,2050,4:3:2050,sing,
test/004028.jpg,75,1,gallery,tiger,atrw,tiger,single_query,4:3,4,2050,4:3:2050,sing,
test/005070.jpg,214,1,gallery,tiger,atrw,tiger,single_query,24:0,24,5775,24:0:5775,sing,
test/002798.jpg,16,1,gallery,tiger,atrw,tiger,single_query,1:9,1,13,1:9:13,multi,
test/003481.jpg,48,1,gallery,tiger,atrw,tiger,single_query,3:12,3,1374,3:12:1374,sing,
test/001654.jpg,159,1,gallery,tiger,atrw,tiger,single_query,15:3,15,30,15:3:30,multi,
test/002021.jpg,19,1,gallery,tiger,atrw,tiger,single_query,1:13,1,13,1:13:13,multi,
test/003379.jpg,48,1,gallery,tiger,atrw,tiger,single_query,3:12,3,1370,3:12:1370,sing,
test/003028.jpg,156,1,gallery,tiger,atrw,tiger,single_query,15:2,15,392,15:2:392,multi,
test/001570.jpg,174,1,gallery,tiger,atrw,tiger,single_query,21:1,21,41,21:1:41,sing,
test/002972.jpg,156,1,gallery,tiger,atrw,tiger,single_query,13:2,13,3451,13:2:3451,multi,
test/000844.jpg,87,1,gallery,tiger,atrw,tiger,single_query,5:0,5,1779,5:0:1779,multi,
test/002135.jpg,79,1,gallery,tiger,atrw,tiger,single_query,4:3,4,2141,4:3:2141,sing,
test/000515.jpg,157,1,gallery,tiger,atrw,tiger,single_query,17:8,17,10,17:8:10,multi,
test/000610.jpg,147,1,gallery,tiger,atrw,tiger,single_query,28:2,28,5324,28:2:5324,sing,
test/004002.jpg,120,1,gallery,tiger,atrw,tiger,single_query,11:0,11,88,11:0:88,sing,
test/001833.jpg,174,1,gallery,tiger,atrw,tiger,single_query,21:1,21,44,21:1:44,sing,
test/002580.jpg,147,1,gallery,tiger,atrw,tiger,single_query,28:2,28,3846,28:2:3846,sing,
test/001674.jpg,166,1,gallery,tiger,atrw,tiger,single_query,17:2,17,24,17:2:24,multi,
test/004054.jpg,219,1,gallery,tiger,atrw,tiger,single_query,25:0,25,4131,25:0:4131,sing,
test/000843.jpg,150,1,gallery,tiger,atrw,tiger,single_query,28:2,28,4744,28:2:4744,sing,
test/004286.jpg,46,1,gallery,tiger,atrw,tiger,single_query,3:8,3,1008,3:8:1008,sing,
test/004760.jpg,262,1,gallery,tiger,atrw,tiger,single_query,31:2,31,286,31:2:286,multi,
test/000770.jpg,121,1,gallery,tiger,atrw,tiger,single_query,11:0,11,609,11:0:609,sing,
test/002285.jpg,156,1,gallery,tiger,atrw,tiger,single_query,15:0,15,8,15:0:8,multi,
test/004145.jpg,162,1,gallery,tiger,atrw,tiger,single_query,15:2,15,224,15:2:224,multi,
test/001843.jpg,163,1,gallery,tiger,atrw,tiger,single_query,17:8,17,115,17:8:115,multi,
test/000203.jpg,157,1,gallery,tiger,atrw,tiger,single_query,17:8,17,37,17:8:37,multi,
test/001749.jpg,156,1,gallery,tiger,atrw,tiger,single_query,15:0,15,4,15:0:4,multi,
test/004166.jpg,144,1,gallery,tiger,atrw,tiger,single_query,28:1,28,5349,28:1:5349,sing,
test/002977.jpg,147,1,gallery,tiger,atrw,tiger,single_query,28:2,28,6194,28:2:6194,sing,
test/000945.jpg,162,1,gallery,tiger,atrw,tiger,single_query,14:0,14,104,14:0:104,multi,
test/004034.jpg,166,1,gallery,tiger,atrw,tiger,single_query,17:2,17,176,17:2:176,multi,
test/002246.jpg,163,1,gallery,tiger,atrw,tiger,single_query,17:8,17,75,17:8:75,multi,
test/003478.jpg,166,1,gallery,tiger,atrw,tiger,single_query,17:2,17,38,17:2:38,multi,
test/001700.jpg,193,1,gallery,tiger,atrw,tiger,single_query,26:0,26,3679,26:0:3679,sing,
test/001404.jpg,262,1,gallery,tiger,atrw,tiger,single_query,31:2,31,292,31:2:292,multi,
test/002117.jpg,262,1,gallery,tiger,atrw,tiger,single_query,31:2,31,277,31:2:277,multi,
test/005087.jpg,162,1,gallery,tiger,atrw,tiger,single_query,17:7,17,336,17:7:336,multi,
test/003077.jpg,165,1,gallery,tiger,atrw,tiger,single_query,17:0,17,281,17:0:281,multi,
test/000419.jpg,165,1,gallery,tiger,atrw,tiger,single_query,17:2,17,53,17:2:53,multi,
test/003330.jpg,159,1,gallery,tiger,atrw,tiger,single_query,14:0,14,2,14:0:2,multi,
test/001533.jpg,166,1,gallery,tiger,atrw,tiger,single_query,17:0,17,251,17:0:251,multi,
test/003561.jpg,112,1,gallery,tiger,atrw,tiger,single_query,10:1,10,23,10:1:23,sing,
test/000825.jpg,163,1,gallery,tiger,atrw,tiger,single_query,17:8,17,76,17:8:76,multi,
test/000428.jpg,135,1,gallery,tiger,atrw,tiger,single_query,28:0,28,6545,28:0:6545,sing,
test/003203.jpg,219,1,gallery,tiger,atrw,tiger,single_query,25:0,25,4124,25:0:4124,sing,
test/003188.jpg,189,1,gallery,tiger,atrw,tiger,single_query,23:3,23,1035,23:3:1035,multi,
test/003840.jpg,235,1,gallery,tiger,atrw,tiger,single_query,30:1,30,181,30:1:181,multi,
test/004656.jpg,156,1,gallery,tiger,atrw,tiger,single_query,15:2,15,390,15:2:390,multi,
test/000649.jpg,225,1,gallery,tiger,atrw,tiger,single_query,29:0,29,110,29:0:110,sing,
test/000061.jpg,48,1,gallery,tiger,atrw,tiger,single_query,3:12,3,1213,3:12:1213,sing,
test/002091.jpg,120,1,gallery,tiger,atrw,tiger,single_query,11:0,11,101,11:0:101,sing,
test/004805.jpg,111,1,gallery,tiger,atrw,tiger,single_query,10:2,10,118,10:2:118,multi,
test/003159.jpg,144,1,gallery,tiger,atrw,tiger,single_query,28:1,28,7106,28:1:7106,sing,
test/004332.jpg,46,1,gallery,tiger,atrw,tiger,single_query,3:8,3,1016,3:8:1016,sing,
test/002809.jpg,165,1,gallery,tiger,atrw,tiger,single_query,17:3,17,29,17:3:29,multi,
test/003684.jpg,135,1,gallery,tiger,atrw,tiger,single_query,28:0,28,6634,28:0:6634,sing,
test/004377.jpg,159,1,gallery,tiger,atrw,tiger,single_query,14:0,14,218,14:0:218,multi,
test/003952.jpg,162,1,gallery,tiger,atrw,tiger,single_query,16:1,16,3342,16:1:3342,multi,
test/002008.jpg,147,1,gallery,tiger,atrw,tiger,single_query,28:2,28,3880,28:2:3880,sing,
test/004299.jpg,258,1,gallery,tiger,atrw,tiger,single_query,31:1,31,587,31:1:587,sing,
test/001088.jpg,162,1,gallery,tiger,atrw,tiger,single_query,14:1,14,112,14:1:112,multi,
test/000264.jpg,166,1,gallery,tiger,atrw,tiger,single_query,17:3,17,20,17:3:20,multi,
test/000477.jpg,163,1,gallery,tiger,atrw,tiger,single_query,14:1,14,81,14:1:81,multi,
test/000724.jpg,102,1,gallery,tiger,atrw,tiger,single_query,9:1,9,2770,9:1:2770,sing,
test/002673.jpg,163,1,gallery,tiger,atrw,tiger,single_query,17:1,17,21,17:1:21,multi,
test/000291.jpg,165,1,gallery,tiger,atrw,tiger,single_query,17:3,17,35,17:3:35,multi,
test/003879.jpg,123,1,gallery,tiger,atrw,tiger,single_query,11:0,11,157,11:0:157,sing,
test/003980.jpg,192,1,gallery,tiger,atrw,tiger,single_query,23:3,23,2537,23:3:2537,multi,
test/004579.jpg,169,1,gallery,tiger,atrw,tiger,single_query,21:2,21,42,21:2:42,multi,
test/002321.jpg,235,1,gallery,tiger,atrw,tiger,single_query,31:4,31,1093,31:4:1093,multi,
test/004594.jpg,262,1,gallery,tiger,atrw,tiger,single_query,31:6,31,299,31:6:299,multi,
test/000870.jpg,9,1,gallery,tiger,atrw,tiger,single_query,1:7,1,114,1:7:114,multi,
test/003646.jpg,156,1,gallery,tiger,atrw,tiger,single_query,16:2,16,3389,16:2:3389,multi,
test/000315.jpg,262,1,gallery,tiger,atrw,tiger,single_query,31:2,31,282,31:2:282,multi,
test/004669.jpg,144,1,gallery,tiger,atrw,tiger,single_query,28:1,28,7003,28:1:7003,sing,
test/003410.jpg,189,1,gallery,tiger,atrw,tiger,single_query,25:1,25,0,25:1:0,multi,
test/004044.jpg,63,1,gallery,tiger,atrw,tiger,single_query,4:3,4,2074,4:3:2074,sing,
test/000421.jpg,73,1,gallery,tiger,atrw,tiger,single_query,4:3,4,2074,4:3:2074,sing,
test/002983.jpg,207,1,gallery,tiger,atrw,tiger,single_query,23:6,23,1062,23:6:1062,sing,
test/004604.jpg,18,1,gallery,tiger,atrw,tiger,single_query,1:13,1,295,1:13:295,multi,
test/001657.jpg,16,1,gallery,tiger,atrw,tiger,single_query,1:15,1,57,1:15:57,multi,
test/004674.jpg,48,1,gallery,tiger,atrw,tiger,single_query,3:12,3,1380,3:12:1380,sing,
test/002603.jpg,225,1,gallery,tiger,atrw,tiger,single_query,29:0,29,106,29:0:106,sing,
test/002645.jpg,166,1,gallery,tiger,atrw,tiger,single_query,17:3,17,16,17:3:16,multi,
test/002569.jpg,162,1,gallery,tiger,atrw,tiger,single_query,16:1,16,3337,16:1:3337,multi,
test/001831.jpg,156,1,gallery,tiger,atrw,tiger,single_query,16:2,16,3385,16:2:3385,multi,
test/004274.jpg,159,1,gallery,tiger,atrw,tiger,single_query,14:1,14,10,14:1:10,multi,
test/004848.jpg,4,0,query,tiger,atrw,tiger,single_query,0:1,0,351,0:1:351,multi,
test/005068.jpg,270,1,gallery,tiger,atrw,tiger,single_query,31:5,31,29,31:5:29,multi,
test/003472.jpg,37,1,gallery,tiger,atrw,tiger,single_query,3:14,3,452,3:14:452,multi,
test/002435.jpg,103,1,gallery,tiger,atrw,tiger,single_query,9:1,9,2883,9:1:2883,sing,
test/000776.jpg,189,1,gallery,tiger,atrw,tiger,single_query,23:3,23,1034,23:3:1034,multi,
test/003993.jpg,87,1,gallery,tiger,atrw,tiger,single_query,5:0,5,1775,5:0:1775,multi,
test/004359.jpg,127,1,gallery,tiger,atrw,tiger,single_query,11:0,11,225,11:0:225,sing,
test/003112.jpg,120,1,gallery,tiger,atrw,tiger,single_query,11:0,11,108,11:0:108,sing,
test/005030.jpg,135,1,gallery,tiger,atrw,tiger,single_query,28:0,28,5611,28:0:5611,sing,
test/000176.jpg,138,1,gallery,tiger,atrw,tiger,single_query,28:0,28,5611,28:0:5611,sing,
test/003095.jpg,270,1,gallery,tiger,atrw,tiger,single_query,31:5,31,28,31:5:28,multi,
test/004873.jpg,61,1,gallery,tiger,atrw,tiger,single_query,4:3,4,2061,4:3:2061,sing,
test/002741.jpg,73,1,gallery,tiger,atrw,tiger,single_query,4:3,4,2061,4:3:2061,sing,
test/001786.jpg,75,1,gallery,tiger,atrw,tiger,single_query,4:3,4,2061,4:3:2061,sing,
test/003023.jpg,79,1,gallery,tiger,atrw,tiger,single_query,4:3,4,2061,4:3:2061,sing,
test/001845.jpg,103,1,gallery,tiger,atrw,tiger,single_query,9:1,9,2878,9:1:2878,sing,
test/003104.jpg,235,1,gallery,tiger,atrw,tiger,single_query,30:1,30,107,30:1:107,multi,
test/004584.jpg,162,1,gallery,tiger,atrw,tiger,single_query,14:1,14,106,14:1:106,multi,
test/003489.jpg,156,1,gallery,tiger,atrw,tiger,single_query,17:6,17,7,17:6:7,multi,
test/001730.jpg,135,1,gallery,tiger,atrw,tiger,single_query,28:0,28,6585,28:0:6585,sing,
test/004992.jpg,180,1,gallery,tiger,atrw,tiger,single_query,22:1,22,113,22:1:113,sing,
test/002012.jpg,93,1,gallery,tiger,atrw,tiger,single_query,9:1,9,1007,9:1:1007,sing,
test/004503.jpg,87,1,gallery,tiger,atrw,tiger,single_query,5:0,5,1773,5:0:1773,multi,
test/002500.jpg,21,1,gallery,tiger,atrw,tiger,single_query,2:0,2,265,2:0:265,sing,
test/000004.jpg,157,1,gallery,tiger,atrw,tiger,single_query,17:7,17,120,17:7:120,multi,
test/004933.jpg,163,1,gallery,tiger,atrw,tiger,single_query,17:7,17,120,17:7:120,multi,
test/003439.jpg,10,1,gallery,tiger,atrw,tiger,single_query,1:4,1,252,1:4:252,multi,
test/004892.jpg,166,1,gallery,tiger,atrw,tiger,single_query,17:2,17,34,17:2:34,multi,
test/002363.jpg,99,1,gallery,tiger,atrw,tiger,single_query,9:1,9,1448,9:1:1448,sing,
test/003326.jpg,84,1,gallery,tiger,atrw,tiger,single_query,4:3,4,2184,4:3:2184,sing,
test/000253.jpg,174,1,gallery,tiger,atrw,tiger,single_query,21:1,21,38,21:1:38,sing,
test/001145.jpg,4,1,gallery,tiger,atrw,tiger,single_query,0:1,0,354,0:1:354,multi,
test/002897.jpg,147,1,gallery,tiger,atrw,tiger,single_query,28:2,28,3768,28:2:3768,sing,
test/003950.jpg,159,1,gallery,tiger,atrw,tiger,single_query,14:0,14,195,14:0:195,multi,
test/003592.jpg,18,1,gallery,tiger,atrw,tiger,single_query,1:14,1,288,1:14:288,multi,
test/002186.jpg,234,1,gallery,tiger,atrw,tiger,single_query,31:1,31,1295,31:1:1295,multi,
test/002850.jpg,159,1,gallery,tiger,atrw,tiger,single_query,14:0,14,181,14:0:181,multi,
test/002404.jpg,162,1,gallery,tiger,atrw,tiger,single_query,17:4,17,53,17:4:53,multi,
test/002498.jpg,70,1,gallery,tiger,atrw,tiger,single_query,4:3,4,2125,4:3:2125,sing,
test/003229.jpg,156,1,gallery,tiger,atrw,tiger,single_query,15:2,15,373,15:2:373,multi,
test/001227.jpg,190,1,gallery,tiger,atrw,tiger,single_query,23:4,23,190,23:4:190,multi,
test/001275.jpg,9,1,gallery,tiger,atrw,tiger,single_query,1:7,1,115,1:7:115,multi,
test/001656.jpg,166,1,gallery,tiger,atrw,tiger,single_query,17:2,17,23,17:2:23,multi,
test/003676.jpg,159,1,gallery,tiger,atrw,tiger,single_query,14:0,14,190,14:0:190,multi,
test/003355.jpg,180,1,gallery,tiger,atrw,tiger,single_query,22:1,22,126,22:1:126,sing,
test/003951.jpg,9,1,gallery,tiger,atrw,tiger,single_query,1:7,1,108,1:7:108,multi,
test/000288.jpg,214,1,gallery,tiger,atrw,tiger,single_query,24:0,24,5777,24:0:5777,sing,
test/003380.jpg,186,1,gallery,tiger,atrw,tiger,single_query,23:2,23,3570,23:2:3570,multi,
test/004824.jpg,270,1,gallery,tiger,atrw,tiger,single_query,31:6,31,405,31:6:405,multi,
test/004543.jpg,235,1,gallery,tiger,atrw,tiger,single_query,31:4,31,1094,31:4:1094,multi,
test/003451.jpg,4,1,gallery,tiger,atrw,tiger,single_query,0:0,0,321,0:0:321,multi,
test/002841.jpg,135,1,gallery,tiger,atrw,tiger,single_query,28:0,28,3586,28:0:3586,sing,
test/003453.jpg,234,1,gallery,tiger,atrw,tiger,single_query,31:1,31,1303,31:1:1303,multi,
test/001473.jpg,61,1,gallery,tiger,atrw,tiger,single_query,4:3,4,2043,4:3:2043,sing,
test/001363.jpg,70,1,gallery,tiger,atrw,tiger,single_query,4:3,4,2043,4:3:2043,sing,
test/000074.jpg,73,1,gallery,tiger,atrw,tiger,single_query,4:3,4,2043,4:3:2043,sing,
test/003157.jpg,10,1,gallery,tiger,atrw,tiger,single_query,1:5,1,515,1:5:515,multi,
test/003345.jpg,162,1,gallery,tiger,atrw,tiger,single_query,15:0,15,57,15:0:57,multi,
test/001836.jpg,156,1,gallery,tiger,atrw,tiger,single_query,15:0,15,57,15:0:57,multi,
test/003208.jpg,156,1,gallery,tiger,atrw,tiger,single_query,15:0,15,82,15:0:82,multi,
test/002902.jpg,262,1,gallery,tiger,atrw,tiger,single_query,31:6,31,305,31:6:305,multi,
test/002555.jpg,190,1,gallery,tiger,atrw,tiger,single_query,23:4,23,191,23:4:191,multi,
test/003885.jpg,16,1,gallery,tiger,atrw,tiger,single_query,1:9,1,11,1:9:11,multi,
test/004402.jpg,163,1,gallery,tiger,atrw,tiger,single_query,17:8,17,100,17:8:100,multi,
test/004748.jpg,207,1,gallery,tiger,atrw,tiger,single_query,23:6,23,1053,23:6:1053,sing,
test/001119.jpg,99,1,gallery,tiger,atrw,tiger,single_query,9:1,9,1450,9:1:1450,sing,
test/004813.jpg,105,1,gallery,tiger,atrw,tiger,single_query,9:1,9,437,9:1:437,sing,
test/000276.jpg,144,1,gallery,tiger,atrw,tiger,single_query,28:1,28,5338,28:1:5338,sing,
test/003992.jpg,135,1,gallery,tiger,atrw,tiger,single_query,28:0,28,3583,28:0:3583,sing,
test/003671.jpg,204,1,gallery,tiger,atrw,tiger,single_query,23:5,23,750,23:5:750,sing,
test/004879.jpg,207,1,gallery,tiger,atrw,tiger,single_query,23:6,23,1050,23:6:1050,sing,
test/002928.jpg,162,1,gallery,tiger,atrw,tiger,single_query,16:1,16,3320,16:1:3320,multi,
test/004977.jpg,166,1,gallery,tiger,atrw,tiger,single_query,17:2,17,167,17:2:167,multi,
test/002013.jpg,159,1,gallery,tiger,atrw,tiger,single_query,15:2,15,37,15:2:37,multi,
test/002132.jpg,111,1,gallery,tiger,atrw,tiger,single_query,10:3,10,479,10:3:479,multi,
test/001974.jpg,235,1,gallery,tiger,atrw,tiger,single_query,31:3,31,613,31:3:613,multi,
test/004667.jpg,159,1,gallery,tiger,atrw,tiger,single_query,13:2,13,3310,13:2:3310,multi,
test/002677.jpg,162,1,gallery,tiger,atrw,tiger,single_query,13:2,13,3310,13:2:3310,multi,
test/001576.jpg,127,1,gallery,tiger,atrw,tiger,single_query,11:0,11,227,11:0:227,sing,
test/004856.jpg,166,1,gallery,tiger,atrw,tiger,single_query,17:2,17,40,17:2:40,multi,
test/004652.jpg,70,1,gallery,tiger,atrw,tiger,single_query,4:3,4,2129,4:3:2129,sing,
test/002100.jpg,162,1,gallery,tiger,atrw,tiger,single_query,17:4,17,62,17:4:62,multi,
test/002352.jpg,157,1,gallery,tiger,atrw,tiger,single_query,17:8,17,21,17:8:21,multi,
test/002890.jpg,156,1,gallery,tiger,atrw,tiger,single_query,13:2,13,3450,13:2:3450,multi,
test/001278.jpg,157,1,gallery,tiger,atrw,tiger,single_query,17:8,17,43,17:8:43,multi,
test/004951.jpg,262,1,gallery,tiger,atrw,tiger,single_query,31:2,31,290,31:2:290,multi,
test/001067.jpg,147,1,gallery,tiger,atrw,tiger,single_query,28:2,28,3893,28:2:3893,sing,
test/001645.jpg,162,1,gallery,tiger,atrw,tiger,single_query,15:2,15,227,15:2:227,multi,
test/000967.jpg,4,1,gallery,tiger,atrw,tiger,single_query,0:1,0,360,0:1:360,multi,
test/002982.jpg,219,1,gallery,tiger,atrw,tiger,single_query,25:0,25,4133,25:0:4133,sing,
test/003979.jpg,166,1,gallery,tiger,atrw,tiger,single_query,17:3,17,111,17:3:111,multi,
test/004913.jpg,174,1,gallery,tiger,atrw,tiger,single_query,21:1,21,32,21:1:32,sing,
test/000170.jpg,103,1,gallery,tiger,atrw,tiger,single_query,9:1,9,2884,9:1:2884,sing,
test/001776.jpg,118,1,gallery,tiger,atrw,tiger,single_query,10:5,10,909,10:5:909,sing,
test/001672.jpg,166,1,gallery,tiger,atrw,tiger,single_query,17:2,17,29,17:2:29,multi,
test/000621.jpg,162,1,gallery,tiger,atrw,tiger,single_query,14:0,14,125,14:0:125,multi,
test/000491.jpg,189,1,gallery,tiger,atrw,tiger,single_query,23:3,23,2541,23:3:2541,multi,
test/004373.jpg,192,1,gallery,tiger,atrw,tiger,single_query,23:3,23,2541,23:3:2541,multi,
test/003576.jpg,232,1,gallery,tiger,atrw,tiger,single_query,29:2,29,136,29:2:136,sing,
test/004915.jpg,166,1,gallery,tiger,atrw,tiger,single_query,17:0,17,168,17:0:168,multi,
test/001956.jpg,174,1,gallery,tiger,atrw,tiger,single_query,21:1,21,24,21:1:24,sing,
test/001844.jpg,156,1,gallery,tiger,atrw,tiger,single_query,16:2,16,3392,16:2:3392,multi,
test/002875.jpg,162,1,gallery,tiger,atrw,tiger,single_query,17:4,17,59,17:4:59,multi,
test/003953.jpg,169,1,gallery,tiger,atrw,tiger,single_query,21:4,21,35,21:4:35,multi,
test/002751.jpg,159,1,gallery,tiger,atrw,tiger,single_query,14:0,14,203,14:0:203,multi,
test/004842.jpg,166,1,gallery,tiger,atrw,tiger,single_query,17:2,17,173,17:2:173,multi,
test/001770.jpg,156,1,gallery,tiger,atrw,tiger,single_query,15:2,15,387,15:2:387,multi,
test/001326.jpg,235,1,gallery,tiger,atrw,tiger,single_query,30:1,30,109,30:1:109,multi,
test/005107.jpg,87,1,gallery,tiger,atrw,tiger,single_query,5:0,5,1778,5:0:1778,multi,
test/001808.jpg,163,1,gallery,tiger,atrw,tiger,single_query,14:1,14,82,14:1:82,multi,
test/002747.jpg,37,1,gallery,tiger,atrw,tiger,single_query,3:14,3,450,3:14:450,multi,
test/004019.jpg,138,1,gallery,tiger,atrw,tiger,single_query,28:0,28,7813,28:0:7813,sing,
test/002386.jpg,184,1,gallery,tiger,atrw,tiger,single_query,23:4,23,110,23:4:110,multi,
test/003241.jpg,162,1,gallery,tiger,atrw,tiger,single_query,14:0,14,121,14:0:121,multi,
test/000975.jpg,262,1,gallery,tiger,atrw,tiger,single_query,31:6,31,297,31:6:297,multi,
test/000482.jpg,235,1,gallery,tiger,atrw,tiger,single_query,30:1,30,108,30:1:108,multi,
test/001559.jpg,10,1,gallery,tiger,atrw,tiger,single_query,1:5,1,519,1:5:519,multi,
test/002326.jpg,163,1,gallery,tiger,atrw,tiger,single_query,14:1,14,88,14:1:88,multi,
test/000978.jpg,207,1,gallery,tiger,atrw,tiger,single_query,23:6,23,1051,23:6:1051,sing,
test/004867.jpg,159,1,gallery,tiger,atrw,tiger,single_query,15:2,15,368,15:2:368,multi,
test/001458.jpg,111,1,gallery,tiger,atrw,tiger,single_query,10:2,10,144,10:2:144,multi,
test/002830.jpg,99,1,gallery,tiger,atrw,tiger,single_query,9:1,9,1430,9:1:1430,sing,
test/003291.jpg,234,1,gallery,tiger,atrw,tiger,single_query,30:2,30,40,30:2:40,multi,
test/004815.jpg,16,1,gallery,tiger,atrw,tiger,single_query,1:9,1,18,1:9:18,multi,
test/000261.jpg,234,1,gallery,tiger,atrw,tiger,single_query,30:2,30,52,30:2:52,multi,
test/001265.jpg,18,1,gallery,tiger,atrw,tiger,single_query,1:13,1,345,1:13:345,multi,
test/004197.jpg,166,1,gallery,tiger,atrw,tiger,single_query,17:3,17,12,17:3:12,multi,
test/001018.jpg,166,1,gallery,tiger,atrw,tiger,single_query,17:3,17,10,17:3:10,multi,
test/001172.jpg,135,1,gallery,tiger,atrw,tiger,single_query,28:0,28,3812,28:0:3812,sing,
test/002969.jpg,7,1,gallery,tiger,atrw,tiger,single_query,1:0,1,17,1:0:17,multi,
test/005147.jpg,231,1,gallery,tiger,atrw,tiger,single_query,29:2,29,475,29:2:475,sing,
test/001405.jpg,190,1,gallery,tiger,atrw,tiger,single_query,23:4,23,193,23:4:193,multi,
test/004494.jpg,157,1,gallery,tiger,atrw,tiger,single_query,13:2,13,3436,13:2:3436,multi,
test/002040.jpg,162,1,gallery,tiger,atrw,tiger,single_query,14:0,14,126,14:0:126,multi,
test/001809.jpg,16,1,gallery,tiger,atrw,tiger,single_query,1:15,1,61,1:15:61,multi,
test/003440.jpg,204,1,gallery,tiger,atrw,tiger,single_query,23:5,23,747,23:5:747,sing,
test/000996.jpg,163,1,gallery,tiger,atrw,tiger,single_query,17:8,17,77,17:8:77,multi,
test/001271.jpg,16,1,gallery,tiger,atrw,tiger,single_query,1:15,1,56,1:15:56,multi,
test/004556.jpg,174,1,gallery,tiger,atrw,tiger,single_query,21:1,21,36,21:1:36,sing,
test/001420.jpg,165,1,gallery,tiger,atrw,tiger,single_query,17:3,17,39,17:3:39,multi,
test/001122.jpg,157,1,gallery,tiger,atrw,tiger,single_query,17:7,17,121,17:7:121,multi,
test/003579.jpg,163,1,gallery,tiger,atrw,tiger,single_query,17:7,17,121,17:7:121,multi,
test/001048.jpg,70,1,gallery,tiger,atrw,tiger,single_query,4:3,4,2124,4:3:2124,sing,
test/003281.jpg,63,1,gallery,tiger,atrw,tiger,single_query,4:3,4,2076,4:3:2076,sing,
test/004660.jpg,73,1,gallery,tiger,atrw,tiger,single_query,4:3,4,2076,4:3:2076,sing,
test/000213.jpg,61,1,gallery,tiger,atrw,tiger,single_query,4:3,4,2047,4:3:2047,sing,
test/002707.jpg,63,1,gallery,tiger,atrw,tiger,single_query,4:3,4,2047,4:3:2047,sing,
test/000364.jpg,70,1,gallery,tiger,atrw,tiger,single_query,4:3,4,2047,4:3:2047,sing,
test/002945.jpg,73,1,gallery,tiger,atrw,tiger,single_query,4:3,4,2047,4:3:2047,sing,
test/002633.jpg,21,1,gallery,tiger,atrw,tiger,single_query,2:0,2,263,2:0:263,sing,
test/000571.jpg,174,1,gallery,tiger,atrw,tiger,single_query,21:1,21,48,21:1:48,sing,
test/003485.jpg,15,1,gallery,tiger,atrw,tiger,single_query,1:12,1,112,1:12:112,multi,
test/000052.jpg,165,1,gallery,tiger,atrw,tiger,single_query,17:3,17,40,17:3:40,multi,
test/004942.jpg,7,1,gallery,tiger,atrw,tiger,single_query,1:0,1,18,1:0:18,multi,
test/002675.jpg,157,1,gallery,tiger,atrw,tiger,single_query,17:8,17,19,17:8:19,multi,
test/002514.jpg,48,1,gallery,tiger,atrw,tiger,single_query,3:12,3,1396,3:12:1396,sing,
test/001126.jpg,235,1,gallery,tiger,atrw,tiger,single_query,31:4,31,1091,31:4:1091,multi,
test/003632.jpg,180,1,gallery,tiger,atrw,tiger,single_query,22:1,22,104,22:1:104,sing,
test/002832.jpg,15,1,gallery,tiger,atrw,tiger,single_query,1:8,1,104,1:8:104,multi,
test/001381.jpg,19,1,gallery,tiger,atrw,tiger,single_query,1:14,1,497,1:14:497,multi,
test/001104.jpg,163,1,gallery,tiger,atrw,tiger,single_query,17:8,17,105,17:8:105,multi,
test/000830.jpg,183,1,gallery,tiger,atrw,tiger,single_query,23:12,23,68,23:12:68,sing,
test/003731.jpg,169,1,gallery,tiger,atrw,tiger,single_query,21:2,21,44,21:2:44,multi,
test/000865.jpg,258,1,gallery,tiger,atrw,tiger,single_query,31:1,31,615,31:1:615,sing,
test/002118.jpg,159,1,gallery,tiger,atrw,tiger,single_query,14:0,14,202,14:0:202,multi,
test/002217.jpg,165,1,gallery,tiger,atrw,tiger,single_query,17:2,17,54,17:2:54,multi,
test/002541.jpg,141,1,gallery,tiger,atrw,tiger,single_query,28:1,28,4683,28:1:4683,sing,
test/004248.jpg,147,1,gallery,tiger,atrw,tiger,single_query,28:2,28,4177,28:2:4177,sing,
test/004249.jpg,165,1,gallery,tiger,atrw,tiger,single_query,17:3,17,34,17:3:34,multi,
test/001868.jpg,270,1,gallery,tiger,atrw,tiger,single_query,31:7,31,459,31:7:459,multi,
test/001822.jpg,156,1,gallery,tiger,atrw,tiger,single_query,15:0,15,6,15:0:6,multi,
test/000595.jpg,205,1,gallery,tiger,atrw,tiger,single_query,24:0,24,5066,24:0:5066,sing,
test/001516.jpg,234,1,gallery,tiger,atrw,tiger,single_query,30:2,30,56,30:2:56,multi,
test/005010.jpg,165,1,gallery,tiger,atrw,tiger,single_query,17:3,17,38,17:3:38,multi,
test/000815.jpg,63,1,gallery,tiger,atrw,tiger,single_query,4:3,4,2054,4:3:2054,sing,
test/002284.jpg,73,1,gallery,tiger,atrw,tiger,single_query,4:3,4,2054,4:3:2054,sing,
test/001350.jpg,75,1,gallery,tiger,atrw,tiger,single_query,4:3,4,2054,4:3:2054,sing,
test/004661.jpg,93,1,gallery,tiger,atrw,tiger,single_query,9:1,9,1006,9:1:1006,sing,
test/000466.jpg,166,1,gallery,tiger,atrw,tiger,single_query,17:3,17,105,17:3:105,multi,
test/004831.jpg,138,1,gallery,tiger,atrw,tiger,single_query,28:0,28,7424,28:0:7424,sing,
test/000532.jpg,156,1,gallery,tiger,atrw,tiger,single_query,16:2,16,3387,16:2:3387,multi,
test/001719.jpg,193,1,gallery,tiger,atrw,tiger,single_query,26:0,26,3686,26:0:3686,sing,
test/001697.jpg,16,1,gallery,tiger,atrw,tiger,single_query,1:15,1,64,1:15:64,multi,
test/000476.jpg,111,1,gallery,tiger,atrw,tiger,single_query,10:2,10,103,10:2:103,multi,
test/002407.jpg,79,1,gallery,tiger,atrw,tiger,single_query,4:3,4,2139,4:3:2139,sing,
test/001191.jpg,199,1,gallery,tiger,atrw,tiger,single_query,23:4,23,653,23:4:653,sing,
test/004029.jpg,163,1,gallery,tiger,atrw,tiger,single_query,15:1,15,123,15:1:123,multi,
test/001422.jpg,157,1,gallery,tiger,atrw,tiger,single_query,15:1,15,123,15:1:123,multi,
test/000655.jpg,159,1,gallery,tiger,atrw,tiger,single_query,15:3,15,31,15:3:31,multi,
test/003127.jpg,166,1,gallery,tiger,atrw,tiger,single_query,17:2,17,172,17:2:172,multi,
test/004711.jpg,9,1,gallery,tiger,atrw,tiger,single_query,1:7,1,112,1:7:112,multi,
test/003480.jpg,103,1,gallery,tiger,atrw,tiger,single_query,9:1,9,2879,9:1:2879,sing,
test/002742.jpg,70,1,gallery,tiger,atrw,tiger,single_query,4:3,4,2126,4:3:2126,sing,
test/000694.jpg,235,1,gallery,tiger,atrw,tiger,single_query,30:1,30,110,30:1:110,multi,
test/001031.jpg,163,1,gallery,tiger,atrw,tiger,single_query,17:7,17,362,17:7:362,multi,
test/004754.jpg,159,1,gallery,tiger,atrw,tiger,single_query,15:2,15,369,15:2:369,multi,
test/000211.jpg,9,1,gallery,tiger,atrw,tiger,single_query,1:4,1,131,1:4:131,multi,
test/001479.jpg,162,1,gallery,tiger,atrw,tiger,single_query,16:1,16,3312,16:1:3312,multi,
test/002533.jpg,162,1,gallery,tiger,atrw,tiger,single_query,15:0,15,44,15:0:44,multi,
test/002522.jpg,157,1,gallery,tiger,atrw,tiger,single_query,15:0,15,44,15:0:44,multi,
test/002380.jpg,166,1,gallery,tiger,atrw,tiger,single_query,17:3,17,14,17:3:14,multi,
test/000081.jpg,190,1,gallery,tiger,atrw,tiger,single_query,23:4,23,188,23:4:188,multi,
test/004901.jpg,232,1,gallery,tiger,atrw,tiger,single_query,29:2,29,195,29:2:195,sing,
test/000059.jpg,99,1,gallery,tiger,atrw,tiger,single_query,9:1,9,1300,9:1:1300,sing,
test/003528.jpg,87,1,gallery,tiger,atrw,tiger,single_query,4:3,4,3806,4:3:3806,multi,
test/003622.jpg,169,1,gallery,tiger,atrw,tiger,single_query,21:4,21,44,21:4:44,multi,
test/003185.jpg,159,1,gallery,tiger,atrw,tiger,single_query,14:0,14,11,14:0:11,multi,
test/004413.jpg,162,1,gallery,tiger,atrw,tiger,single_query,14:0,14,103,14:0:103,multi,
test/002026.jpg,31,1,gallery,tiger,atrw,tiger,single_query,3:15,3,532,3:15:532,sing,
test/003404.jpg,4,1,gallery,tiger,atrw,tiger,single_query,0:0,0,322,0:0:322,multi,
test/000474.jpg,262,1,gallery,tiger,atrw,tiger,single_query,31:6,31,300,31:6:300,multi,
test/003044.jpg,199,1,gallery,tiger,atrw,tiger,single_query,23:4,23,648,23:4:648,sing,
test/001110.jpg,258,1,gallery,tiger,atrw,tiger,single_query,31:1,31,576,31:1:576,sing,
test/002713.jpg,156,1,gallery,tiger,atrw,tiger,single_query,16:2,16,3391,16:2:3391,multi,
test/001957.jpg,112,1,gallery,tiger,atrw,tiger,single_query,10:1,10,109,10:1:109,sing,
test/001508.jpg,234,1,gallery,tiger,atrw,tiger,single_query,31:1,31,1298,31:1:1298,multi,
test/002449.jpg,166,1,gallery,tiger,atrw,tiger,single_query,17:2,17,36,17:2:36,multi,
test/001437.jpg,15,1,gallery,tiger,atrw,tiger,single_query,1:12,1,110,1:12:110,multi,
test/000472.jpg,163,1,gallery,tiger,atrw,tiger,single_query,17:8,17,110,17:8:110,multi,
test/001522.jpg,262,1,gallery,tiger,atrw,tiger,single_query,31:2,31,297,31:2:297,multi,
test/003093.jpg,102,1,gallery,tiger,atrw,tiger,single_query,9:1,9,2784,9:1:2784,sing,
test/002175.jpg,99,1,gallery,tiger,atrw,tiger,single_query,9:1,9,1442,9:1:1442,sing,
test/001571.jpg,18,1,gallery,tiger,atrw,tiger,single_query,1:13,1,344,1:13:344,multi,
test/001642.jpg,156,1,gallery,tiger,atrw,tiger,single_query,13:1,13,3311,13:1:3311,multi,
test/001257.jpg,10,1,gallery,tiger,atrw,tiger,single_query,1:5,1,486,1:5:486,multi,
test/004847.jpg,93,1,gallery,tiger,atrw,tiger,single_query,9:1,9,1158,9:1:1158,sing,
test/004270.jpg,4,1,gallery,tiger,atrw,tiger,single_query,0:0,0,320,0:0:320,multi,
test/002022.jpg,270,1,gallery,tiger,atrw,tiger,single_query,31:6,31,401,31:6:401,multi,
test/001636.jpg,166,1,gallery,tiger,atrw,tiger,single_query,17:0,17,143,17:0:143,multi,
test/002084.jpg,162,1,gallery,tiger,atrw,tiger,single_query,16:1,16,3350,16:1:3350,multi,
test/001293.jpg,162,1,gallery,tiger,atrw,tiger,single_query,16:1,16,3332,16:1:3332,multi,
test/004352.jpg,174,1,gallery,tiger,atrw,tiger,single_query,21:1,21,49,21:1:49,sing,
test/003454.jpg,48,1,gallery,tiger,atrw,tiger,single_query,3:12,3,1362,3:12:1362,sing,
test/003393.jpg,165,1,gallery,tiger,atrw,tiger,single_query,17:3,17,32,17:3:32,multi,
test/000304.jpg,270,1,gallery,tiger,atrw,tiger,single_query,31:4,31,125,31:4:125,multi,
test/004272.jpg,141,1,gallery,tiger,atrw,tiger,single_query,28:1,28,5462,28:1:5462,sing,
test/000788.jpg,144,1,gallery,tiger,atrw,tiger,single_query,28:1,28,5462,28:1:5462,sing,
test/002617.jpg,19,1,gallery,tiger,atrw,tiger,single_query,1:14,1,499,1:14:499,multi,
test/003795.jpg,162,1,gallery,tiger,atrw,tiger,single_query,16:1,16,3343,16:1:3343,multi,
test/001261.jpg,156,1,gallery,tiger,atrw,tiger,single_query,15:2,15,376,15:2:376,multi,
test/003376.jpg,159,1,gallery,tiger,atrw,tiger,single_query,14:0,14,179,14:0:179,multi,
test/000054.jpg,18,1,gallery,tiger,atrw,tiger,single_query,1:13,1,427,1:13:427,multi,
test/000507.jpg,52,1,gallery,tiger,atrw,tiger,single_query,3:16,3,62,3:16:62,sing,
test/004563.jpg,147,1,gallery,tiger,atrw,tiger,single_query,28:2,28,3751,28:2:3751,sing,
test/001051.jpg,157,1,gallery,tiger,atrw,tiger,single_query,15:2,15,218,15:2:218,multi,
test/002351.jpg,163,1,gallery,tiger,atrw,tiger,single_query,14:1,14,83,14:1:83,multi,
test/001858.jpg,159,1,gallery,tiger,atrw,tiger,single_query,14:1,14,20,14:1:20,multi,
test/002003.jpg,21,1,gallery,tiger,atrw,tiger,single_query,2:0,2,222,2:0:222,sing,
test/004719.jpg,159,1,gallery,tiger,atrw,tiger,single_query,14:0,14,198,14:0:198,multi,
test/000958.jpg,162,1,gallery,tiger,atrw,tiger,single_query,13:2,13,3546,13:2:3546,multi,
test/003311.jpg,163,1,gallery,tiger,atrw,tiger,single_query,14:1,14,92,14:1:92,multi,
test/000542.jpg,63,1,gallery,tiger,atrw,tiger,single_query,4:3,4,2057,4:3:2057,sing,
test/000635.jpg,73,1,gallery,tiger,atrw,tiger,single_query,4:3,4,2057,4:3:2057,sing,
test/002858.jpg,75,1,gallery,tiger,atrw,tiger,single_query,4:3,4,2057,4:3:2057,sing,
test/001188.jpg,270,1,gallery,tiger,atrw,tiger,single_query,31:5,31,21,31:5:21,multi,
test/003142.jpg,84,1,gallery,tiger,atrw,tiger,single_query,4:3,4,2180,4:3:2180,sing,
test/004672.jpg,270,1,gallery,tiger,atrw,tiger,single_query,31:4,31,1118,31:4:1118,multi,
test/000377.jpg,219,1,gallery,tiger,atrw,tiger,single_query,25:0,25,4127,25:0:4127,sing,
test/004473.jpg,163,1,gallery,tiger,atrw,tiger,single_query,14:1,14,94,14:1:94,multi,
test/004437.jpg,37,1,gallery,tiger,atrw,tiger,single_query,3:14,3,451,3:14:451,multi,
test/003695.jpg,133,1,gallery,tiger,atrw,tiger,single_query,28:0,28,4035,28:0:4035,sing,
test/000263.jpg,262,1,gallery,tiger,atrw,tiger,single_query,31:6,31,304,31:6:304,multi,
test/004479.jpg,156,1,gallery,tiger,atrw,tiger,single_query,16:2,16,3384,16:2:3384,multi,
test/000673.jpg,193,1,gallery,tiger,atrw,tiger,single_query,26:0,26,3678,26:0:3678,sing,
test/003615.jpg,133,1,gallery,tiger,atrw,tiger,single_query,28:0,28,4322,28:0:4322,sing,
test/004035.jpg,234,1,gallery,tiger,atrw,tiger,single_query,30:2,30,33,30:2:33,multi,
test/001289.jpg,166,1,gallery,tiger,atrw,tiger,single_query,17:2,17,18,17:2:18,multi,
test/004680.jpg,235,1,gallery,tiger,atrw,tiger,single_query,30:1,30,112,30:1:112,multi,
test/005050.jpg,99,1,gallery,tiger,atrw,tiger,single_query,9:1,9,1439,9:1:1439,sing,
test/003593.jpg,165,1,gallery,tiger,atrw,tiger,single_query,17:2,17,55,17:2:55,multi,
test/000026.jpg,159,1,gallery,tiger,atrw,tiger,single_query,14:0,14,12,14:0:12,multi,
test/004059.jpg,111,1,gallery,tiger,atrw,tiger,single_query,10:3,10,445,10:3:445,multi,
test/000750.jpg,133,1,gallery,tiger,atrw,tiger,single_query,28:0,28,4479,28:0:4479,sing,
test/001142.jpg,166,1,gallery,tiger,atrw,tiger,single_query,17:2,17,175,17:2:175,multi,
test/004601.jpg,121,1,gallery,tiger,atrw,tiger,single_query,11:0,11,600,11:0:600,sing,
test/001904.jpg,190,1,gallery,tiger,atrw,tiger,single_query,23:4,23,192,23:4:192,multi,
test/001000.jpg,61,1,gallery,tiger,atrw,tiger,single_query,4:3,4,2068,4:3:2068,sing,
test/003315.jpg,73,1,gallery,tiger,atrw,tiger,single_query,4:3,4,2068,4:3:2068,sing,
test/001847.jpg,192,1,gallery,tiger,atrw,tiger,single_query,23:3,23,2534,23:3:2534,multi,
test/002372.jpg,156,1,gallery,tiger,atrw,tiger,single_query,15:2,15,391,15:2:391,multi,
test/002812.jpg,63,1,gallery,tiger,atrw,tiger,single_query,4:3,4,2056,4:3:2056,sing,
test/002518.jpg,73,1,gallery,tiger,atrw,tiger,single_query,4:3,4,2056,4:3:2056,sing,
test/001589.jpg,75,1,gallery,tiger,atrw,tiger,single_query,4:3,4,2056,4:3:2056,sing,
test/005117.jpg,162,1,gallery,tiger,atrw,tiger,single_query,14:1,14,133,14:1:133,multi,
test/003224.jpg,18,1,gallery,tiger,atrw,tiger,single_query,1:13,1,36,1:13:36,multi,
test/003295.jpg,70,1,gallery,tiger,atrw,tiger,single_query,4:3,4,2121,4:3:2121,sing,
test/002301.jpg,162,1,gallery,tiger,atrw,tiger,single_query,15:2,15,223,15:2:223,multi,
test/000711.jpg,159,1,gallery,tiger,atrw,tiger,single_query,15:3,15,29,15:3:29,multi,
test/003313.jpg,163,1,gallery,tiger,atrw,tiger,single_query,14:1,14,76,14:1:76,multi,
test/001698.jpg,105,1,gallery,tiger,atrw,tiger,single_query,9:1,9,450,9:1:450,sing,
test/000520.jpg,163,1,gallery,tiger,atrw,tiger,single_query,17:8,17,73,17:8:73,multi,
test/004986.jpg,235,1,gallery,tiger,atrw,tiger,single_query,30:1,30,106,30:1:106,multi,
test/003929.jpg,156,1,gallery,tiger,atrw,tiger,single_query,15:2,15,377,15:2:377,multi,
test/004705.jpg,159,1,gallery,tiger,atrw,tiger,single_query,14:0,14,210,14:0:210,multi,
test/004957.jpg,159,1,gallery,tiger,atrw,tiger,single_query,14:0,14,1,14:0:1,multi,
test/003757.jpg,7,1,gallery,tiger,atrw,tiger,single_query,1:0,1,36,1:0:36,multi,
test/001941.jpg,105,1,gallery,tiger,atrw,tiger,single_query,9:1,9,459,9:1:459,sing,
test/000114.jpg,162,1,gallery,tiger,atrw,tiger,single_query,17:4,17,58,17:4:58,multi,
test/000325.jpg,84,1,gallery,tiger,atrw,tiger,single_query,4:3,4,2187,4:3:2187,sing,
test/005115.jpg,61,1,gallery,tiger,atrw,tiger,single_query,4:3,4,2067,4:3:2067,sing,
test/003063.jpg,73,1,gallery,tiger,atrw,tiger,single_query,4:3,4,2067,4:3:2067,sing,
test/001923.jpg,31,1,gallery,tiger,atrw,tiger,single_query,3:15,3,538,3:15:538,sing,
test/000130.jpg,157,1,gallery,tiger,atrw,tiger,single_query,15:2,15,33,15:2:33,multi,
test/001880.jpg,159,1,gallery,tiger,atrw,tiger,single_query,15:2,15,33,15:2:33,multi,
test/004770.jpg,258,1,gallery,tiger,atrw,tiger,single_query,31:1,31,616,31:1:616,sing,
test/003349.jpg,199,1,gallery,tiger,atrw,tiger,single_query,23:4,23,654,23:4:654,sing,
test/004924.jpg,79,1,gallery,tiger,atrw,tiger,single_query,4:3,4,2145,4:3:2145,sing,
test/001463.jpg,79,1,gallery,tiger,atrw,tiger,single_query,4:3,4,2140,4:3:2140,sing,
test/001043.jpg,156,1,gallery,tiger,atrw,tiger,single_query,15:0,15,54,15:0:54,multi,
test/003427.jpg,162,1,gallery,tiger,atrw,tiger,single_query,15:0,15,54,15:0:54,multi,
test/002052.jpg,156,1,gallery,tiger,atrw,tiger,single_query,15:2,15,383,15:2:383,multi,
test/004009.jpg,184,1,gallery,tiger,atrw,tiger,single_query,23:4,23,119,23:4:119,multi,
test/001066.jpg,235,1,gallery,tiger,atrw,tiger,single_query,30:1,30,103,30:1:103,multi,
test/001569.jpg,166,1,gallery,tiger,atrw,tiger,single_query,17:0,17,250,17:0:250,multi,
test/004104.jpg,4,1,gallery,tiger,atrw,tiger,single_query,0:0,0,323,0:0:323,multi,
test/003036.jpg,270,1,gallery,tiger,atrw,tiger,single_query,31:6,31,403,31:6:403,multi,
test/001438.jpg,19,1,gallery,tiger,atrw,tiger,single_query,1:13,1,11,1:13:11,multi,
test/003498.jpg,31,1,gallery,tiger,atrw,tiger,single_query,3:15,3,536,3:15:536,sing,
test/003371.jpg,135,1,gallery,tiger,atrw,tiger,single_query,28:0,28,6723,28:0:6723,sing,
test/005016.jpg,16,1,gallery,tiger,atrw,tiger,single_query,1:15,1,55,1:15:55,multi,
test/004129.jpg,156,1,gallery,tiger,atrw,tiger,single_query,15:0,15,80,15:0:80,multi,
test/000442.jpg,21,1,gallery,tiger,atrw,tiger,single_query,2:0,2,275,2:0:275,sing,
test/005038.jpg,231,1,gallery,tiger,atrw,tiger,single_query,29:2,29,474,29:2:474,sing,
test/003602.jpg,46,1,gallery,tiger,atrw,tiger,single_query,3:8,3,1027,3:8:1027,sing,
test/001580.jpg,48,1,gallery,tiger,atrw,tiger,single_query,3:12,3,1397,3:12:1397,sing,
test/004374.jpg,162,1,gallery,tiger,atrw,tiger,single_query,14:1,14,104,14:1:104,multi,
test/003243.jpg,156,1,gallery,tiger,atrw,tiger,single_query,15:2,15,228,15:2:228,multi,
test/002187.jpg,162,1,gallery,tiger,atrw,tiger,single_query,15:2,15,228,15:2:228,multi,
test/001922.jpg,156,1,gallery,tiger,atrw,tiger,single_query,15:2,15,379,15:2:379,multi,
test/004909.jpg,235,1,gallery,tiger,atrw,tiger,single_query,31:3,31,606,31:3:606,multi,
test/004655.jpg,156,1,gallery,tiger,atrw,tiger,single_query,15:2,15,381,15:2:381,multi,
test/000110.jpg,270,1,gallery,tiger,atrw,tiger,single_query,31:6,31,404,31:6:404,multi,
test/004506.jpg,156,1,gallery,tiger,atrw,tiger,single_query,13:1,13,3310,13:1:3310,multi,
test/002054.jpg,4,1,gallery,tiger,atrw,tiger,single_query,0:1,0,355,0:1:355,multi,
test/001756.jpg,262,1,gallery,tiger,atrw,tiger,single_query,31:6,31,306,31:6:306,multi,
test/002591.jpg,169,1,gallery,tiger,atrw,tiger,single_query,21:2,21,34,21:2:34,multi,
test/004749.jpg,270,1,gallery,tiger,atrw,tiger,single_query,31:4,31,123,31:4:123,multi,
test/002758.jpg,48,1,gallery,tiger,atrw,tiger,single_query,3:12,3,1361,3:12:1361,sing,
test/004218.jpg,4,1,gallery,tiger,atrw,tiger,single_query,0:1,0,362,0:1:362,multi,
test/001616.jpg,10,1,gallery,tiger,atrw,tiger,single_query,1:5,1,503,1:5:503,multi,
test/000982.jpg,159,1,gallery,tiger,atrw,tiger,single_query,14:0,14,191,14:0:191,multi,
test/002985.jpg,118,1,gallery,tiger,atrw,tiger,single_query,10:5,10,1001,10:5:1001,sing,
test/000846.jpg,141,1,gallery,tiger,atrw,tiger,single_query,28:1,28,3410,28:1:3410,sing,
test/000040.jpg,112,1,gallery,tiger,atrw,tiger,single_query,10:1,10,102,10:1:102,sing,
test/004174.jpg,7,1,gallery,tiger,atrw,tiger,single_query,1:1,1,10,1:1:10,multi,
test/002465.jpg,156,1,gallery,tiger,atrw,tiger,single_query,17:6,17,9,17:6:9,multi,
test/001633.jpg,190,1,gallery,tiger,atrw,tiger,single_query,23:3,23,2716,23:3:2716,multi,
test/001891.jpg,163,1,gallery,tiger,atrw,tiger,single_query,14:1,14,86,14:1:86,multi,
test/000900.jpg,159,1,gallery,tiger,atrw,tiger,single_query,14:0,14,10,14:0:10,multi,
test/000282.jpg,18,1,gallery,tiger,atrw,tiger,single_query,1:13,1,40,1:13:40,multi,
test/001817.jpg,183,1,gallery,tiger,atrw,tiger,single_query,23:12,23,74,23:12:74,sing,
test/000786.jpg,165,1,gallery,tiger,atrw,tiger,single_query,17:3,17,45,17:3:45,multi,
test/001268.jpg,258,1,gallery,tiger,atrw,tiger,single_query,31:1,31,621,31:1:621,sing,
test/002534.jpg,99,1,gallery,tiger,atrw,tiger,single_query,9:1,9,1301,9:1:1301,sing,
test/002625.jpg,156,1,gallery,tiger,atrw,tiger,single_query,17:6,17,8,17:6:8,multi,
test/002892.jpg,169,1,gallery,tiger,atrw,tiger,single_query,21:4,21,50,21:4:50,multi,
test/003691.jpg,87,1,gallery,tiger,atrw,tiger,single_query,5:0,5,1782,5:0:1782,multi,
test/004829.jpg,10,1,gallery,tiger,atrw,tiger,single_query,1:4,1,254,1:4:254,multi,
test/000216.jpg,163,1,gallery,tiger,atrw,tiger,single_query,17:1,17,20,17:1:20,multi,
test/002011.jpg,19,1,gallery,tiger,atrw,tiger,single_query,1:13,1,17,1:13:17,multi,
test/003271.jpg,163,1,gallery,tiger,atrw,tiger,single_query,17:1,17,16,17:1:16,multi,
test/001912.jpg,87,1,gallery,tiger,atrw,tiger,single_query,4:3,4,3803,4:3:3803,multi,
test/000835.jpg,156,1,gallery,tiger,atrw,tiger,single_query,15:2,15,389,15:2:389,multi,
test/000441.jpg,235,1,gallery,tiger,atrw,tiger,single_query,30:1,30,188,30:1:188,multi,
test/000106.jpg,270,1,gallery,tiger,atrw,tiger,single_query,31:5,31,39,31:5:39,multi,
test/002429.jpg,52,1,gallery,tiger,atrw,tiger,single_query,3:16,3,86,3:16:86,sing,
test/003848.jpg,111,1,gallery,tiger,atrw,tiger,single_query,10:2,10,104,10:2:104,multi,
test/001121.jpg,103,1,gallery,tiger,atrw,tiger,single_query,9:1,9,2880,9:1:2880,sing,
test/001206.jpg,270,1,gallery,tiger,atrw,tiger,single_query,31:4,31,1121,31:4:1121,multi,
test/003851.jpg,15,1,gallery,tiger,atrw,tiger,single_query,1:12,1,60,1:12:60,multi,
test/002586.jpg,159,1,gallery,tiger,atrw,tiger,single_query,17:5,17,26,17:5:26,multi,
test/000403.jpg,7,1,gallery,tiger,atrw,tiger,single_query,1:1,1,12,1:1:12,multi,
test/002866.jpg,156,1,gallery,tiger,atrw,tiger,single_query,17:6,17,10,17:6:10,multi,
test/003923.jpg,156,1,gallery,tiger,atrw,tiger,single_query,15:0,15,49,15:0:49,multi,
test/002953.jpg,162,1,gallery,tiger,atrw,tiger,single_query,15:0,15,49,15:0:49,multi,
test/000790.jpg,135,1,gallery,tiger,atrw,tiger,single_query,28:0,28,6475,28:0:6475,sing,
test/001599.jpg,262,1,gallery,tiger,atrw,tiger,single_query,31:2,31,298,31:2:298,multi,
test/000132.jpg,105,1,gallery,tiger,atrw,tiger,single_query,9:1,9,436,9:1:436,sing,
test/005036.jpg,157,1,gallery,tiger,atrw,tiger,single_query,17:8,17,68,17:8:68,multi,
test/004764.jpg,231,1,gallery,tiger,atrw,tiger,single_query,29:2,29,245,29:2:245,sing,
test/003665.jpg,262,1,gallery,tiger,atrw,tiger,single_query,31:6,31,303,31:6:303,multi,
test/003763.jpg,192,1,gallery,tiger,atrw,tiger,single_query,23:3,23,2535,23:3:2535,multi,
test/004101.jpg,174,1,gallery,tiger,atrw,tiger,single_query,21:1,21,42,21:1:42,sing,
test/000493.jpg,270,1,gallery,tiger,atrw,tiger,single_query,31:7,31,457,31:7:457,multi,
test/001582.jpg,186,1,gallery,tiger,atrw,tiger,single_query,23:2,23,3571,23:2:3571,multi,
test/001529.jpg,7,1,gallery,tiger,atrw,tiger,single_query,1:0,1,34,1:0:34,multi,
test/002856.jpg,120,1,gallery,tiger,atrw,tiger,single_query,11:0,11,75,11:0:75,sing,
test/002919.jpg,52,1,gallery,tiger,atrw,tiger,single_query,3:16,3,61,3:16:61,sing,
test/003457.jpg,112,1,gallery,tiger,atrw,tiger,single_query,10:1,10,142,10:1:142,sing,
test/001082.jpg,159,1,gallery,tiger,atrw,tiger,single_query,14:0,14,180,14:0:180,multi,
test/003959.jpg,234,1,gallery,tiger,atrw,tiger,single_query,31:1,31,1336,31:1:1336,multi,
test/004983.jpg,156,1,gallery,tiger,atrw,tiger,single_query,16:2,16,3393,16:2:3393,multi,
test/003353.jpg,61,1,gallery,tiger,atrw,tiger,single_query,4:3,4,2052,4:3:2052,sing,
test/004452.jpg,63,1,gallery,tiger,atrw,tiger,single_query,4:3,4,2052,4:3:2052,sing,
test/001866.jpg,73,1,gallery,tiger,atrw,tiger,single_query,4:3,4,2052,4:3:2052,sing,
test/001655.jpg,75,1,gallery,tiger,atrw,tiger,single_query,4:3,4,2052,4:3:2052,sing,
test/004357.jpg,147,1,gallery,tiger,atrw,tiger,single_query,28:2,28,3928,28:2:3928,sing,
test/000973.jpg,87,1,gallery,tiger,atrw,tiger,single_query,5:0,5,1771,5:0:1771,multi,
test/003079.jpg,214,1,gallery,tiger,atrw,tiger,single_query,24:0,24,5769,24:0:5769,sing,
test/004628.jpg,157,1,gallery,tiger,atrw,tiger,single_query,17:8,17,31,17:8:31,multi,
test/000640.jpg,141,1,gallery,tiger,atrw,tiger,single_query,28:1,28,4255,28:1:4255,sing,
test/003455.jpg,157,1,gallery,tiger,atrw,tiger,single_query,15:2,15,15,15:2:15,multi,
test/004143.jpg,159,1,gallery,tiger,atrw,tiger,single_query,14:0,14,18,14:0:18,multi,
test/002968.jpg,159,1,gallery,tiger,atrw,tiger,single_query,17:5,17,16,17:5:16,multi,
test/004733.jpg,204,1,gallery,tiger,atrw,tiger,single_query,23:5,23,748,23:5:748,sing,
test/000587.jpg,235,1,gallery,tiger,atrw,tiger,single_query,30:1,30,116,30:1:116,multi,
test/002333.jpg,135,1,gallery,tiger,atrw,tiger,single_query,28:0,28,6572,28:0:6572,sing,
test/003746.jpg,199,1,gallery,tiger,atrw,tiger,single_query,23:4,23,650,23:4:650,sing,
test/002689.jpg,144,1,gallery,tiger,atrw,tiger,single_query,28:1,28,6191,28:1:6191,sing,
test/003618.jpg,234,1,gallery,tiger,atrw,tiger,single_query,31:1,31,1331,31:1:1331,multi,
test/004167.jpg,156,1,gallery,tiger,atrw,tiger,single_query,15:0,15,10,15:0:10,multi,
test/003401.jpg,159,1,gallery,tiger,atrw,tiger,single_query,14:0,14,26,14:0:26,multi,
test/001156.jpg,235,1,gallery,tiger,atrw,tiger,single_query,31:4,31,1097,31:4:1097,multi,
test/004819.jpg,157,1,gallery,tiger,atrw,tiger,single_query,17:8,17,15,17:8:15,multi,
test/001279.jpg,262,1,gallery,tiger,atrw,tiger,single_query,31:6,31,293,31:6:293,multi,
test/004726.jpg,121,1,gallery,tiger,atrw,tiger,single_query,11:0,11,602,11:0:602,sing,
test/000341.jpg,133,1,gallery,tiger,atrw,tiger,single_query,28:0,28,3433,28:0:3433,sing,
test/001035.jpg,235,1,gallery,tiger,atrw,tiger,single_query,30:1,30,114,30:1:114,multi,
test/002304.jpg,112,1,gallery,tiger,atrw,tiger,single_query,10:1,10,26,10:1:26,sing,
test/004512.jpg,192,1,gallery,tiger,atrw,tiger,single_query,23:3,23,2538,23:3:2538,multi,
test/002914.jpg,262,1,gallery,tiger,atrw,tiger,single_query,31:2,31,289,31:2:289,multi,
test/000395.jpg,157,1,gallery,tiger,atrw,tiger,single_query,17:8,17,32,17:8:32,multi,
test/002870.jpg,16,1,gallery,tiger,atrw,tiger,single_query,1:9,1,20,1:9:20,multi,
test/001937.jpg,99,1,gallery,tiger,atrw,tiger,single_query,9:1,9,1433,9:1:1433,sing,
test/001837.jpg,166,1,gallery,tiger,atrw,tiger,single_query,17:3,17,18,17:3:18,multi,
test/000738.jpg,234,1,gallery,tiger,atrw,tiger,single_query,30:2,30,47,30:2:47,multi,
test/000608.jpg,205,1,gallery,tiger,atrw,tiger,single_query,24:0,24,5067,24:0:5067,sing,
test/000812.jpg,165,1,gallery,tiger,atrw,tiger,single_query,17:0,17,279,17:0:279,multi,
test/002138.jpg,165,1,gallery,tiger,atrw,tiger,single_query,17:3,17,30,17:3:30,multi,
test/000742.jpg,157,1,gallery,tiger,atrw,tiger,single_query,17:8,17,35,17:8:35,multi,
test/001440.jpg,16,1,gallery,tiger,atrw,tiger,single_query,1:15,1,63,1:15:63,multi,
test/002415.jpg,159,1,gallery,tiger,atrw,tiger,single_query,14:1,14,16,14:1:16,multi,
test/003904.jpg,235,1,gallery,tiger,atrw,tiger,single_query,31:3,31,616,31:3:616,multi,
test/002575.jpg,162,1,gallery,tiger,atrw,tiger,single_query,15:0,15,47,15:0:47,multi,
test/003702.jpg,156,1,gallery,tiger,atrw,tiger,single_query,15:0,15,47,15:0:47,multi,
test/003720.jpg,16,1,gallery,tiger,atrw,tiger,single_query,1:15,1,48,1:15:48,multi,
test/000847.jpg,156,1,gallery,tiger,atrw,tiger,single_query,16:2,16,3394,16:2:3394,multi,
test/004544.jpg,19,1,gallery,tiger,atrw,tiger,single_query,1:14,1,492,1:14:492,multi,
test/001663.jpg,18,1,gallery,tiger,atrw,tiger,single_query,1:13,1,343,1:13:343,multi,
test/004458.jpg,157,1,gallery,tiger,atrw,tiger,single_query,17:8,17,30,17:8:30,multi,
test/002519.jpg,111,1,gallery,tiger,atrw,tiger,single_query,10:3,10,427,10:3:427,multi,
test/001506.jpg,93,1,gallery,tiger,atrw,tiger,single_query,9:1,9,1166,9:1:1166,sing,
test/003719.jpg,118,1,gallery,tiger,atrw,tiger,single_query,10:5,10,1003,10:5:1003,sing,
test/003743.jpg,234,1,gallery,tiger,atrw,tiger,single_query,30:2,30,46,30:2:46,multi,
test/000601.jpg,163,1,gallery,tiger,atrw,tiger,single_query,15:1,15,132,15:1:132,multi,
test/000613.jpg,37,1,gallery,tiger,atrw,tiger,single_query,3:14,3,446,3:14:446,multi,
test/002494.jpg,234,1,gallery,tiger,atrw,tiger,single_query,31:1,31,1289,31:1:1289,multi,
test/004832.jpg,159,1,gallery,tiger,atrw,tiger,single_query,15:2,15,34,15:2:34,multi,
test/001095.jpg,157,1,gallery,tiger,atrw,tiger,single_query,15:2,15,34,15:2:34,multi,
test/004912.jpg,270,1,gallery,tiger,atrw,tiger,single_query,31:7,31,456,31:7:456,multi,
test/000795.jpg,162,1,gallery,tiger,atrw,tiger,single_query,17:7,17,340,17:7:340,multi,
test/004735.jpg,166,1,gallery,tiger,atrw,tiger,single_query,17:2,17,32,17:2:32,multi,
test/000573.jpg,147,1,gallery,tiger,atrw,tiger,single_query,28:2,28,4096,28:2:4096,sing,
test/000579.jpg,159,1,gallery,tiger,atrw,tiger,single_query,14:0,14,205,14:0:205,multi,
test/001215.jpg,138,1,gallery,tiger,atrw,tiger,single_query,28:0,28,5796,28:0:5796,sing,
test/004039.jpg,135,1,gallery,tiger,atrw,tiger,single_query,28:0,28,5796,28:0:5796,sing,
test/005109.jpg,105,1,gallery,tiger,atrw,tiger,single_query,9:1,9,438,9:1:438,sing,
test/003000.jpg,234,1,gallery,tiger,atrw,tiger,single_query,31:1,31,1335,31:1:1335,multi,
test/000749.jpg,18,1,gallery,tiger,atrw,tiger,single_query,1:13,1,425,1:13:425,multi,
test/000879.jpg,4,1,gallery,tiger,atrw,tiger,single_query,0:1,0,364,0:1:364,multi,
test/002474.jpg,162,1,gallery,tiger,atrw,tiger,single_query,17:4,17,56,17:4:56,multi,
test/000681.jpg,99,1,gallery,tiger,atrw,tiger,single_query,9:1,9,1438,9:1:1438,sing,
test/003413.jpg,112,1,gallery,tiger,atrw,tiger,single_query,10:1,10,103,10:1:103,sing,
test/001457.jpg,4,1,gallery,tiger,atrw,tiger,single_query,0:0,0,319,0:0:319,multi,
test/003438.jpg,157,1,gallery,tiger,atrw,tiger,single_query,17:7,17,116,17:7:116,multi,
test/004525.jpg,163,1,gallery,tiger,atrw,tiger,single_query,17:7,17,116,17:7:116,multi,
test/004474.jpg,225,1,gallery,tiger,atrw,tiger,single_query,29:0,29,108,29:0:108,sing,
test/002484.jpg,159,1,gallery,tiger,atrw,tiger,single_query,15:2,15,366,15:2:366,multi,
test/000903.jpg,258,1,gallery,tiger,atrw,tiger,single_query,31:1,31,571,31:1:571,sing,
test/000496.jpg,262,1,gallery,tiger,atrw,tiger,single_query,31:2,31,295,31:2:295,multi,
test/001406.jpg,159,1,gallery,tiger,atrw,tiger,single_query,15:3,15,34,15:3:34,multi,
test/002278.jpg,135,1,gallery,tiger,atrw,tiger,single_query,28:0,28,5071,28:0:5071,sing,
test/003539.jpg,48,1,gallery,tiger,atrw,tiger,single_query,3:12,3,1376,3:12:1376,sing,
test/003492.jpg,18,1,gallery,tiger,atrw,tiger,single_query,1:13,1,335,1:13:335,multi,
test/004795.jpg,184,1,gallery,tiger,atrw,tiger,single_query,23:0,23,225,23:0:225,multi,
test/002427.jpg,15,1,gallery,tiger,atrw,tiger,single_query,1:12,1,107,1:12:107,multi,
test/004583.jpg,48,1,gallery,tiger,atrw,tiger,single_query,3:12,3,1364,3:12:1364,sing,
test/001364.jpg,150,1,gallery,tiger,atrw,tiger,single_query,28:2,28,3747,28:2:3747,sing,
test/003020.jpg,163,1,gallery,tiger,atrw,tiger,single_query,17:7,17,361,17:7:361,multi,
test/000331.jpg,183,1,gallery,tiger,atrw,tiger,single_query,23:12,23,67,23:12:67,sing,
test/003699.jpg,231,1,gallery,tiger,atrw,tiger,single_query,29:2,29,241,29:2:241,sing,
test/002283.jpg,258,1,gallery,tiger,atrw,tiger,single_query,31:1,31,614,31:1:614,sing,
test/003390.jpg,159,1,gallery,tiger,atrw,tiger,single_query,14:0,14,204,14:0:204,multi,
test/002944.jpg,232,1,gallery,tiger,atrw,tiger,single_query,29:2,29,138,29:2:138,sing,
test/001157.jpg,156,1,gallery,tiger,atrw,tiger,single_query,16:2,16,3383,16:2:3383,multi,
test/000871.jpg,4,1,gallery,tiger,atrw,tiger,single_query,0:1,0,361,0:1:361,multi,
test/001567.jpg,133,1,gallery,tiger,atrw,tiger,single_query,28:0,28,4251,28:0:4251,sing,
test/003653.jpg,163,1,gallery,tiger,atrw,tiger,single_query,17:1,17,15,17:1:15,multi,
test/003456.jpg,193,1,gallery,tiger,atrw,tiger,single_query,26:0,26,3684,26:0:3684,sing,
test/001383.jpg,234,1,gallery,tiger,atrw,tiger,single_query,30:2,30,43,30:2:43,multi,
test/002247.jpg,49,1,gallery,tiger,atrw,tiger,single_query,3:12,3,1091,3:12:1091,sing,
test/004442.jpg,31,1,gallery,tiger,atrw,tiger,single_query,3:15,3,527,3:15:527,sing,
test/001823.jpg,225,1,gallery,tiger,atrw,tiger,single_query,29:0,29,109,29:0:109,sing,
test/000011.jpg,231,1,gallery,tiger,atrw,tiger,single_query,29:2,29,246,29:2:246,sing,
test/000362.jpg,262,1,gallery,tiger,atrw,tiger,single_query,31:2,31,447,31:2:447,multi,
test/002710.jpg,111,1,gallery,tiger,atrw,tiger,single_query,10:3,10,478,10:3:478,multi,
test/004426.jpg,9,1,gallery,tiger,atrw,tiger,single_query,1:4,1,133,1:4:133,multi,
test/002485.jpg,120,1,gallery,tiger,atrw,tiger,single_query,11:0,11,85,11:0:85,sing,
test/002721.jpg,127,1,gallery,tiger,atrw,tiger,single_query,11:0,11,232,11:0:232,sing,
test/003184.jpg,159,1,gallery,tiger,atrw,tiger,single_query,17:5,17,25,17:5:25,multi,
test/001062.jpg,159,1,gallery,tiger,atrw,tiger,single_query,14:1,14,22,14:1:22,multi,
test/002076.jpg,118,1,gallery,tiger,atrw,tiger,single_query,10:5,10,908,10:5:908,sing,
test/003753.jpg,157,1,gallery,tiger,atrw,tiger,single_query,17:8,17,25,17:8:25,multi,
test/000413.jpg,15,1,gallery,tiger,atrw,tiger,single_query,1:12,1,62,1:12:62,multi,
test/003703.jpg,156,1,gallery,tiger,atrw,tiger,single_query,15:2,15,232,15:2:232,multi,
test/002915.jpg,159,1,gallery,tiger,atrw,tiger,single_query,15:2,15,232,15:2:232,multi,
test/000365.jpg,123,1,gallery,tiger,atrw,tiger,single_query,11:0,11,160,11:0:160,sing,
test/000527.jpg,262,1,gallery,tiger,atrw,tiger,single_query,31:6,31,298,31:6:298,multi,
test/001315.jpg,79,1,gallery,tiger,atrw,tiger,single_query,4:3,4,2143,4:3:2143,sing,
test/001499.jpg,166,1,gallery,tiger,atrw,tiger,single_query,17:2,17,12,17:2:12,multi,
test/000766.jpg,207,1,gallery,tiger,atrw,tiger,single_query,23:6,23,1055,23:6:1055,sing,
test/004116.jpg,18,1,gallery,tiger,atrw,tiger,single_query,1:14,1,290,1:14:290,multi,
test/001077.jpg,37,1,gallery,tiger,atrw,tiger,single_query,3:10,3,125,3:10:125,multi,
test/000706.jpg,262,1,gallery,tiger,atrw,tiger,single_query,31:6,31,307,31:6:307,multi,
test/001899.jpg,169,1,gallery,tiger,atrw,tiger,single_query,21:4,21,37,21:4:37,multi,
test/000437.jpg,163,1,gallery,tiger,atrw,tiger,single_query,15:1,15,128,15:1:128,multi,
test/004751.jpg,127,1,gallery,tiger,atrw,tiger,single_query,11:0,11,221,11:0:221,sing,
test/000909.jpg,270,1,gallery,tiger,atrw,tiger,single_query,31:6,31,425,31:6:425,multi,
test/000416.jpg,163,1,gallery,tiger,atrw,tiger,single_query,17:7,17,364,17:7:364,multi,
test/001757.jpg,204,1,gallery,tiger,atrw,tiger,single_query,23:5,23,754,23:5:754,sing,
test/004720.jpg,174,1,gallery,tiger,atrw,tiger,single_query,21:1,21,47,21:1:47,sing,
test/001996.jpg,166,1,gallery,tiger,atrw,tiger,single_query,17:2,17,35,17:2:35,multi,
test/002152.jpg,162,1,gallery,tiger,atrw,tiger,single_query,14:1,14,140,14:1:140,multi,
test/003319.jpg,87,1,gallery,tiger,atrw,tiger,single_query,5:0,5,1776,5:0:1776,multi,
test/002069.jpg,184,1,gallery,tiger,atrw,tiger,single_query,23:4,23,111,23:4:111,multi,
test/003463.jpg,165,1,gallery,tiger,atrw,tiger,single_query,17:3,17,57,17:3:57,multi,
test/000985.jpg,103,1,gallery,tiger,atrw,tiger,single_query,9:1,9,2873,9:1:2873,sing,
test/001890.jpg,162,1,gallery,tiger,atrw,tiger,single_query,16:1,16,3315,16:1:3315,multi,
test/004379.jpg,144,1,gallery,tiger,atrw,tiger,single_query,28:1,28,5277,28:1:5277,sing,
test/002136.jpg,141,1,gallery,tiger,atrw,tiger,single_query,28:1,28,5277,28:1:5277,sing,
test/002664.jpg,225,1,gallery,tiger,atrw,tiger,single_query,29:0,29,103,29:0:103,sing,
test/000349.jpg,204,1,gallery,tiger,atrw,tiger,single_query,23:5,23,752,23:5:752,sing,
test/002126.jpg,184,1,gallery,tiger,atrw,tiger,single_query,23:4,23,117,23:4:117,multi,
test/002715.jpg,84,1,gallery,tiger,atrw,tiger,single_query,4:3,4,2178,4:3:2178,sing,
test/004137.jpg,214,1,gallery,tiger,atrw,tiger,single_query,24:0,24,5773,24:0:5773,sing,
test/003633.jpg,120,1,gallery,tiger,atrw,tiger,single_query,11:0,11,87,11:0:87,sing,
test/001262.jpg,18,1,gallery,tiger,atrw,tiger,single_query,1:14,1,142,1:14:142,multi,
test/001129.jpg,234,1,gallery,tiger,atrw,tiger,single_query,30:2,30,41,30:2:41,multi,
test/000916.jpg,225,1,gallery,tiger,atrw,tiger,single_query,29:0,29,101,29:0:101,sing,
test/004169.jpg,163,1,gallery,tiger,atrw,tiger,single_query,14:1,14,95,14:1:95,multi,
test/003512.jpg,9,1,gallery,tiger,atrw,tiger,single_query,1:7,1,111,1:7:111,multi,
test/003546.jpg,165,1,gallery,tiger,atrw,tiger,single_query,17:2,17,49,17:2:49,multi,
test/004541.jpg,166,1,gallery,tiger,atrw,tiger,single_query,17:2,17,17,17:2:17,multi,
test/000827.jpg,174,1,gallery,tiger,atrw,tiger,single_query,21:1,21,37,21:1:37,sing,
test/005028.jpg,7,1,gallery,tiger,atrw,tiger,single_query,1:0,1,37,1:0:37,multi,
test/000570.jpg,270,1,gallery,tiger,atrw,tiger,single_query,31:4,31,1116,31:4:1116,multi,
test/000866.jpg,10,1,gallery,tiger,atrw,tiger,single_query,1:5,1,501,1:5:501,multi,
test/000764.jpg,163,1,gallery,tiger,atrw,tiger,single_query,14:1,14,84,14:1:84,multi,
test/000741.jpg,138,1,gallery,tiger,atrw,tiger,single_query,28:0,28,5774,28:0:5774,sing,
test/002996.jpg,135,1,gallery,tiger,atrw,tiger,single_query,28:0,28,5774,28:0:5774,sing,
test/001627.jpg,162,1,gallery,tiger,atrw,tiger,single_query,15:0,15,55,15:0:55,multi,
test/000943.jpg,156,1,gallery,tiger,atrw,tiger,single_query,15:0,15,55,15:0:55,multi,
test/004846.jpg,9,1,gallery,tiger,atrw,tiger,single_query,1:7,1,113,1:7:113,multi,
test/003508.jpg,93,1,gallery,tiger,atrw,tiger,single_query,9:1,9,1145,9:1:1145,sing,
test/000964.jpg,270,1,gallery,tiger,atrw,tiger,single_query,31:4,31,1120,31:4:1120,multi,
test/001425.jpg,46,1,gallery,tiger,atrw,tiger,single_query,3:8,3,1009,3:8:1009,sing,
test/000654.jpg,157,1,gallery,tiger,atrw,tiger,single_query,17:8,17,34,17:8:34,multi,
test/001054.jpg,163,1,gallery,tiger,atrw,tiger,single_query,17:8,17,74,17:8:74,multi,
test/001005.jpg,135,1,gallery,tiger,atrw,tiger,single_query,28:0,28,4903,28:0:4903,sing,
test/001058.jpg,36,1,gallery,tiger,atrw,tiger,single_query,3:5,3,24,3:5:24,sing,
test/001623.jpg,234,1,gallery,tiger,atrw,tiger,single_query,30:2,30,44,30:2:44,multi,
test/003729.jpg,87,1,gallery,tiger,atrw,tiger,single_query,5:0,5,1772,5:0:1772,multi,
test/004180.jpg,184,1,gallery,tiger,atrw,tiger,single_query,23:4,23,114,23:4:114,multi,
test/003599.jpg,49,1,gallery,tiger,atrw,tiger,single_query,3:12,3,1087,3:12:1087,sing,
test/004580.jpg,235,1,gallery,tiger,atrw,tiger,single_query,30:1,30,176,30:1:176,multi,
test/004763.jpg,31,1,gallery,tiger,atrw,tiger,single_query,3:15,3,528,3:15:528,sing,
test/003245.jpg,15,1,gallery,tiger,atrw,tiger,single_query,1:12,1,109,1:12:109,multi,
test/002756.jpg,135,1,gallery,tiger,atrw,tiger,single_query,28:0,28,6808,28:0:6808,sing,
test/004728.jpg,166,1,gallery,tiger,atrw,tiger,single_query,17:0,17,252,17:0:252,multi,
test/000730.jpg,235,1,gallery,tiger,atrw,tiger,single_query,30:1,30,180,30:1:180,multi,
test/000168.jpg,19,1,gallery,tiger,atrw,tiger,single_query,1:14,1,495,1:14:495,multi,
test/001282.jpg,127,1,gallery,tiger,atrw,tiger,single_query,11:0,11,240,11:0:240,sing,
test/004223.jpg,21,1,gallery,tiger,atrw,tiger,single_query,2:0,2,259,2:0:259,sing,
test/002623.jpg,157,1,gallery,tiger,atrw,tiger,single_query,17:8,17,26,17:8:26,multi,
test/004861.jpg,162,1,gallery,tiger,atrw,tiger,single_query,14:1,14,143,14:1:143,multi,
test/001313.jpg,214,1,gallery,tiger,atrw,tiger,single_query,24:0,24,5772,24:0:5772,sing,
test/003827.jpg,180,1,gallery,tiger,atrw,tiger,single_query,22:1,22,103,22:1:103,sing,
test/003662.jpg,103,1,gallery,tiger,atrw,tiger,single_query,9:1,9,2885,9:1:2885,sing,
test/004235.jpg,105,1,gallery,tiger,atrw,tiger,single_query,9:1,9,466,9:1:466,sing,
test/000367.jpg,162,1,gallery,tiger,atrw,tiger,single_query,14:1,14,134,14:1:134,multi,
test/004025.jpg,111,1,gallery,tiger,atrw,tiger,single_query,10:2,10,130,10:2:130,multi,
test/003252.jpg,169,1,gallery,tiger,atrw,tiger,single_query,21:2,21,28,21:2:28,multi,
test/004387.jpg,183,1,gallery,tiger,atrw,tiger,single_query,23:12,23,72,23:12:72,sing,
test/004093.jpg,165,1,gallery,tiger,atrw,tiger,single_query,17:3,17,41,17:3:41,multi,
test/001777.jpg,225,1,gallery,tiger,atrw,tiger,single_query,29:0,29,102,29:0:102,sing,
test/000483.jpg,199,1,gallery,tiger,atrw,tiger,single_query,23:4,23,652,23:4:652,sing,
test/003447.jpg,99,1,gallery,tiger,atrw,tiger,single_query,9:1,9,1498,9:1:1498,sing,
test/004859.jpg,19,1,gallery,tiger,atrw,tiger,single_query,1:14,1,489,1:14:489,multi,
test/001728.jpg,157,1,gallery,tiger,atrw,tiger,single_query,17:8,17,16,17:8:16,multi,
test/001658.jpg,21,1,gallery,tiger,atrw,tiger,single_query,2:0,2,277,2:0:277,sing,
test/004063.jpg,133,1,gallery,tiger,atrw,tiger,single_query,28:0,28,4360,28:0:4360,sing,
test/003473.jpg,118,1,gallery,tiger,atrw,tiger,single_query,10:5,10,911,10:5:911,sing,
test/003258.jpg,180,1,gallery,tiger,atrw,tiger,single_query,22:1,22,117,22:1:117,sing,
test/003995.jpg,258,1,gallery,tiger,atrw,tiger,single_query,31:1,31,589,31:1:589,sing,
test/003270.jpg,159,1,gallery,tiger,atrw,tiger,single_query,14:0,14,178,14:0:178,multi,
test/003412.jpg,159,1,gallery,tiger,atrw,tiger,single_query,15:2,15,367,15:2:367,multi,
test/003745.jpg,147,1,gallery,tiger,atrw,tiger,single_query,28:2,28,4829,28:2:4829,sing,
test/000807.jpg,10,1,gallery,tiger,atrw,tiger,single_query,1:5,1,487,1:5:487,multi,
test/000013.jpg,270,1,gallery,tiger,atrw,tiger,single_query,31:4,31,124,31:4:124,multi,
test/000119.jpg,156,1,gallery,tiger,atrw,tiger,single_query,15:2,15,230,15:2:230,multi,
test/002203.jpg,159,1,gallery,tiger,atrw,tiger,single_query,15:2,15,230,15:2:230,multi,
test/003474.jpg,112,1,gallery,tiger,atrw,tiger,single_query,10:1,10,10,10:1:10,sing,
test/003809.jpg,10,1,gallery,tiger,atrw,tiger,single_query,1:5,1,502,1:5:502,multi,
test/001056.jpg,166,1,gallery,tiger,atrw,tiger,single_query,17:2,17,13,17:2:13,multi,
test/004094.jpg,234,1,gallery,tiger,atrw,tiger,single_query,31:1,31,1308,31:1:1308,multi,
test/000591.jpg,162,1,gallery,tiger,atrw,tiger,single_query,17:1,17,40,17:1:40,multi,
test/003302.jpg,87,1,gallery,tiger,atrw,tiger,single_query,5:0,5,1774,5:0:1774,multi,
test/004539.jpg,184,1,gallery,tiger,atrw,tiger,single_query,23:0,23,231,23:0:231,multi,
test/002785.jpg,63,1,gallery,tiger,atrw,tiger,single_query,4:3,4,2075,4:3:2075,sing,
test/003804.jpg,73,1,gallery,tiger,atrw,tiger,single_query,4:3,4,2075,4:3:2075,sing,
test/001427.jpg,270,1,gallery,tiger,atrw,tiger,single_query,31:7,31,460,31:7:460,multi,
test/004119.jpg,15,1,gallery,tiger,atrw,tiger,single_query,1:8,1,90,1:8:90,multi,
test/002355.jpg,48,1,gallery,tiger,atrw,tiger,single_query,3:12,3,1363,3:12:1363,sing,
test/000082.jpg,135,1,gallery,tiger,atrw,tiger,single_query,28:0,28,6624,28:0:6624,sing,
test/002587.jpg,15,1,gallery,tiger,atrw,tiger,single_query,1:8,1,93,1:8:93,multi,
test/003794.jpg,31,1,gallery,tiger,atrw,tiger,single_query,3:15,3,534,3:15:534,sing,
test/003750.jpg,79,1,gallery,tiger,atrw,tiger,single_query,4:3,4,2144,4:3:2144,sing,
test/000336.jpg,150,1,gallery,tiger,atrw,tiger,single_query,28:2,28,3729,28:2:3729,sing,
test/003766.jpg,159,1,gallery,tiger,atrw,tiger,single_query,14:0,14,211,14:0:211,multi,
test/002572.jpg,37,1,gallery,tiger,atrw,tiger,single_query,3:14,3,447,3:14:447,multi,
test/003419.jpg,159,1,gallery,tiger,atrw,tiger,single_query,14:0,14,20,14:0:20,multi,
test/003488.jpg,159,1,gallery,tiger,atrw,tiger,single_query,17:5,17,24,17:5:24,multi,
test/004885.jpg,163,1,gallery,tiger,atrw,tiger,single_query,14:1,14,91,14:1:91,multi,
test/001713.jpg,48,1,gallery,tiger,atrw,tiger,single_query,3:12,3,1368,3:12:1368,sing,
test/001851.jpg,157,1,gallery,tiger,atrw,tiger,single_query,13:2,13,3439,13:2:3439,multi,
test/000488.jpg,102,1,gallery,tiger,atrw,tiger,single_query,9:1,9,2780,9:1:2780,sing,
test/000394.jpg,159,1,gallery,tiger,atrw,tiger,single_query,14:0,14,189,14:0:189,multi,
test/000070.jpg,102,1,gallery,tiger,atrw,tiger,single_query,9:1,9,2799,9:1:2799,sing,
test/001546.jpg,157,1,gallery,tiger,atrw,tiger,single_query,17:8,17,33,17:8:33,multi,
test/004524.jpg,180,1,gallery,tiger,atrw,tiger,single_query,22:1,22,147,22:1:147,sing,
test/001867.jpg,193,1,gallery,tiger,atrw,tiger,single_query,26:0,26,3676,26:0:3676,sing,
test/002766.jpg,141,1,gallery,tiger,atrw,tiger,single_query,28:1,28,5663,28:1:5663,sing,
test/000894.jpg,159,1,gallery,tiger,atrw,tiger,single_query,14:0,14,19,14:0:19,multi,
test/004683.jpg,205,1,gallery,tiger,atrw,tiger,single_query,24:0,24,5063,24:0:5063,sing,
test/002620.jpg,162,1,gallery,tiger,atrw,tiger,single_query,16:1,16,3334,16:1:3334,multi,
test/003893.jpg,166,1,gallery,tiger,atrw,tiger,single_query,17:2,17,20,17:2:20,multi,
test/002024.jpg,48,1,gallery,tiger,atrw,tiger,single_query,3:12,3,1377,3:12:1377,sing,
test/000301.jpg,162,1,gallery,tiger,atrw,tiger,single_query,14:0,14,124,14:0:124,multi,
test/000344.jpg,207,1,gallery,tiger,atrw,tiger,single_query,23:6,23,1057,23:6:1057,sing,
test/000794.jpg,141,1,gallery,tiger,atrw,tiger,single_query,28:1,28,3406,28:1:3406,sing,
test/002469.jpg,36,1,gallery,tiger,atrw,tiger,single_query,3:5,3,25,3:5:25,sing,
test/003409.jpg,157,1,gallery,tiger,atrw,tiger,single_query,17:8,17,39,17:8:39,multi,
test/005095.jpg,165,1,gallery,tiger,atrw,tiger,single_query,17:2,17,59,17:2:59,multi,
test/001500.jpg,18,1,gallery,tiger,atrw,tiger,single_query,1:13,1,415,1:13:415,multi,
test/001006.jpg,111,1,gallery,tiger,atrw,tiger,single_query,10:3,10,446,10:3:446,multi,
test/000717.jpg,111,1,gallery,tiger,atrw,tiger,single_query,10:3,10,472,10:3:472,multi,
test/000309.jpg,270,1,gallery,tiger,atrw,tiger,single_query,31:5,31,25,31:5:25,multi,
test/002639.jpg,118,1,gallery,tiger,atrw,tiger,single_query,10:5,10,1015,10:5:1015,sing,
test/004895.jpg,235,1,gallery,tiger,atrw,tiger,single_query,30:1,30,101,30:1:101,multi,
test/001292.jpg,270,1,gallery,tiger,atrw,tiger,single_query,31:4,31,1117,31:4:1117,multi,
test/003916.jpg,48,1,gallery,tiger,atrw,tiger,single_query,3:12,3,1212,3:12:1212,sing,
test/002061.jpg,138,1,gallery,tiger,atrw,tiger,single_query,28:0,28,7815,28:0:7815,sing,
test/001985.jpg,7,1,gallery,tiger,atrw,tiger,single_query,1:0,1,46,1:0:46,multi,
test/004918.jpg,159,1,gallery,tiger,atrw,tiger,single_query,15:3,15,32,15:3:32,multi,
test/003040.jpg,231,1,gallery,tiger,atrw,tiger,single_query,29:2,29,477,29:2:477,sing,
test/000027.jpg,118,1,gallery,tiger,atrw,tiger,single_query,10:5,10,1014,10:5:1014,sing,
test/002133.jpg,234,1,gallery,tiger,atrw,tiger,single_query,31:1,31,1279,31:1:1279,multi,
test/001596.jpg,111,1,gallery,tiger,atrw,tiger,single_query,10:2,10,147,10:2:147,multi,
test/001174.jpg,235,1,gallery,tiger,atrw,tiger,single_query,30:1,30,102,30:1:102,multi,
test/002600.jpg,157,1,gallery,tiger,atrw,tiger,single_query,17:8,17,70,17:8:70,multi,
test/003898.jpg,205,1,gallery,tiger,atrw,tiger,single_query,24:0,24,5060,24:0:5060,sing,
test/004072.jpg,118,1,gallery,tiger,atrw,tiger,single_query,10:5,10,1013,10:5:1013,sing,
test/000208.jpg,205,1,gallery,tiger,atrw,tiger,single_query,24:0,24,5062,24:0:5062,sing,
test/001004.jpg,262,1,gallery,tiger,atrw,tiger,single_query,31:2,31,288,31:2:288,multi,
test/000162.jpg,49,1,gallery,tiger,atrw,tiger,single_query,3:12,3,1094,3:12:1094,sing,
test/002521.jpg,159,1,gallery,tiger,atrw,tiger,single_query,14:0,14,193,14:0:193,multi,
test/000128.jpg,159,1,gallery,tiger,atrw,tiger,single_query,14:0,14,199,14:0:199,multi,
test/001760.jpg,162,1,gallery,tiger,atrw,tiger,single_query,16:1,16,3311,16:1:3311,multi,
test/003239.jpg,214,1,gallery,tiger,atrw,tiger,single_query,24:0,24,5767,24:0:5767,sing,
test/003690.jpg,36,1,gallery,tiger,atrw,tiger,single_query,3:5,3,29,3:5:29,sing,
test/000581.jpg,99,1,gallery,tiger,atrw,tiger,single_query,9:1,9,1299,9:1:1299,sing,
test/002895.jpg,163,1,gallery,tiger,atrw,tiger,single_query,17:1,17,22,17:1:22,multi,
test/004445.jpg,235,1,gallery,tiger,atrw,tiger,single_query,30:1,30,100,30:1:100,multi,
test/000057.jpg,210,1,gallery,tiger,atrw,tiger,single_query,24:0,24,6319,24:0:6319,sing,
test/004757.jpg,190,1,gallery,tiger,atrw,tiger,single_query,23:3,23,1092,23:3:1092,multi,
test/002222.jpg,10,1,gallery,tiger,atrw,tiger,single_query,1:4,1,253,1:4:253,multi,
test/001190.jpg,127,1,gallery,tiger,atrw,tiger,single_query,11:0,11,223,11:0:223,sing,
test/000321.jpg,105,1,gallery,tiger,atrw,tiger,single_query,9:1,9,454,9:1:454,sing,
test/004152.jpg,214,1,gallery,tiger,atrw,tiger,single_query,24:0,24,5768,24:0:5768,sing,
test/001939.jpg,163,1,gallery,tiger,atrw,tiger,single_query,14:1,14,77,14:1:77,multi,
test/004810.jpg,49,1,gallery,tiger,atrw,tiger,single_query,3:12,3,1088,3:12:1088,sing,
test/002029.jpg,183,1,gallery,tiger,atrw,tiger,single_query,23:12,23,75,23:12:75,sing,
test/000972.jpg,111,1,gallery,tiger,atrw,tiger,single_query,10:2,10,105,10:2:105,multi,
test/004533.jpg,184,1,gallery,tiger,atrw,tiger,single_query,23:4,23,112,23:4:112,multi,
test/004617.jpg,84,1,gallery,tiger,atrw,tiger,single_query,4:3,4,2183,4:3:2183,sing,
test/001299.jpg,174,1,gallery,tiger,atrw,tiger,single_query,21:1,21,29,21:1:29,sing,
test/001380.jpg,19,1,gallery,tiger,atrw,tiger,single_query,1:13,1,10,1:13:10,multi,
test/000400.jpg,159,1,gallery,tiger,atrw,tiger,single_query,14:1,14,21,14:1:21,multi,
test/001683.jpg,102,1,gallery,tiger,atrw,tiger,single_query,9:1,9,2800,9:1:2800,sing,
test/003810.jpg,199,1,gallery,tiger,atrw,tiger,single_query,23:4,23,655,23:4:655,sing,
test/002342.jpg,210,1,gallery,tiger,atrw,tiger,single_query,24:0,24,6323,24:0:6323,sing,
test/003351.jpg,156,1,gallery,tiger,atrw,tiger,single_query,17:6,17,5,17:6:5,multi,
test/003016.jpg,159,1,gallery,tiger,atrw,tiger,single_query,14:0,14,22,14:0:22,multi,
test/000675.jpg,118,1,gallery,tiger,atrw,tiger,single_query,10:5,10,913,10:5:913,sing,
test/002268.jpg,163,1,gallery,tiger,atrw,tiger,single_query,15:1,15,125,15:1:125,multi,
test/004231.jpg,157,1,gallery,tiger,atrw,tiger,single_query,15:1,15,125,15:1:125,multi,
test/003054.jpg,61,1,gallery,tiger,atrw,tiger,single_query,4:3,4,2066,4:3:2066,sing,
test/002853.jpg,73,1,gallery,tiger,atrw,tiger,single_query,4:3,4,2066,4:3:2066,sing,
test/000596.jpg,79,1,gallery,tiger,atrw,tiger,single_query,4:3,4,2066,4:3:2066,sing,
test/004147.jpg,166,1,gallery,tiger,atrw,tiger,single_query,17:0,17,178,17:0:178,multi,
test/005043.jpg,174,1,gallery,tiger,atrw,tiger,single_query,21:1,21,39,21:1:39,sing,
test/003009.jpg,144,1,gallery,tiger,atrw,tiger,single_query,28:1,28,5378,28:1:5378,sing,
test/002337.jpg,141,1,gallery,tiger,atrw,tiger,single_query,28:1,28,4271,28:1:4271,sing,
test/001517.jpg,18,1,gallery,tiger,atrw,tiger,single_query,1:13,1,339,1:13:339,multi,
test/001747.jpg,270,1,gallery,tiger,atrw,tiger,single_query,31:4,31,127,31:4:127,multi,
test/003223.jpg,159,1,gallery,tiger,atrw,tiger,single_query,14:0,14,17,14:0:17,multi,
test/002901.jpg,135,1,gallery,tiger,atrw,tiger,single_query,28:0,28,6109,28:0:6109,sing,
test/005052.jpg,150,1,gallery,tiger,atrw,tiger,single_query,28:2,28,3774,28:2:3774,sing,
test/000952.jpg,157,1,gallery,tiger,atrw,tiger,single_query,17:8,17,11,17:8:11,multi,
test/002016.jpg,121,1,gallery,tiger,atrw,tiger,single_query,11:0,11,594,11:0:594,sing,
test/003032.jpg,15,1,gallery,tiger,atrw,tiger,single_query,1:12,1,61,1:12:61,multi,
test/003099.jpg,93,1,gallery,tiger,atrw,tiger,single_query,9:1,9,1000,9:1:1000,sing,
test/004812.jpg,135,1,gallery,tiger,atrw,tiger,single_query,28:0,28,6627,28:0:6627,sing,
test/004118.jpg,163,1,gallery,tiger,atrw,tiger,single_query,14:1,14,79,14:1:79,multi,
test/000145.jpg,163,1,gallery,tiger,atrw,tiger,single_query,17:8,17,113,17:8:113,multi,
test/004814.jpg,165,1,gallery,tiger,atrw,tiger,single_query,17:2,17,58,17:2:58,multi,
test/004468.jpg,7,1,gallery,tiger,atrw,tiger,single_query,1:0,1,39,1:0:39,multi,
test/001982.jpg,144,1,gallery,tiger,atrw,tiger,single_query,28:1,28,5355,28:1:5355,sing,
test/004146.jpg,162,1,gallery,tiger,atrw,tiger,single_query,14:1,14,131,14:1:131,multi,
test/004103.jpg,186,1,gallery,tiger,atrw,tiger,single_query,23:2,23,3566,23:2:3566,multi,
test/003204.jpg,270,1,gallery,tiger,atrw,tiger,single_query,31:5,31,24,31:5:24,multi,
test/003723.jpg,234,1,gallery,tiger,atrw,tiger,single_query,31:1,31,1296,31:1:1296,multi,
test/000375.jpg,36,1,gallery,tiger,atrw,tiger,single_query,3:5,3,20,3:5:20,sing,
test/004234.jpg,135,1,gallery,tiger,atrw,tiger,single_query,28:0,28,4731,28:0:4731,sing,
test/000594.jpg,270,1,gallery,tiger,atrw,tiger,single_query,31:5,31,18,31:5:18,multi,
test/003672.jpg,162,1,gallery,tiger,atrw,tiger,single_query,14:1,14,138,14:1:138,multi,
test/000034.jpg,174,1,gallery,tiger,atrw,tiger,single_query,21:1,21,34,21:1:34,sing,
test/002863.jpg,234,1,gallery,tiger,atrw,tiger,single_query,30:2,30,58,30:2:58,multi,
test/003288.jpg,186,1,gallery,tiger,atrw,tiger,single_query,23:2,23,3567,23:2:3567,multi,
test/000768.jpg,166,1,gallery,tiger,atrw,tiger,single_query,17:2,17,16,17:2:16,multi,
test/004210.jpg,157,1,gallery,tiger,atrw,tiger,single_query,17:8,17,14,17:8:14,multi,
test/002092.jpg,166,1,gallery,tiger,atrw,tiger,single_query,17:0,17,248,17:0:248,multi,
test/005092.jpg,162,1,gallery,tiger,atrw,tiger,single_query,16:1,16,3317,16:1:3317,multi,
test/002331.jpg,7,1,gallery,tiger,atrw,tiger,single_query,1:0,1,45,1:0:45,multi,
test/002129.jpg,121,1,gallery,tiger,atrw,tiger,single_query,11:0,11,613,11:0:613,sing,
test/002973.jpg,48,1,gallery,tiger,atrw,tiger,single_query,3:12,3,1205,3:12:1205,sing,
test/001132.jpg,21,1,gallery,tiger,atrw,tiger,single_query,2:0,2,307,2:0:307,sing,
test/004005.jpg,135,1,gallery,tiger,atrw,tiger,single_query,28:0,28,5675,28:0:5675,sing,
test/001840.jpg,190,1,gallery,tiger,atrw,tiger,single_query,23:3,23,2715,23:3:2715,multi,
test/003519.jpg,21,1,gallery,tiger,atrw,tiger,single_query,2:0,2,190,2:0:190,sing,
test/001169.jpg,102,1,gallery,tiger,atrw,tiger,single_query,9:1,9,2788,9:1:2788,sing,
test/003272.jpg,162,1,gallery,tiger,atrw,tiger,single_query,14:1,14,111,14:1:111,multi,
test/005008.jpg,234,1,gallery,tiger,atrw,tiger,single_query,31:1,31,1280,31:1:1280,multi,
test/002820.jpg,156,1,gallery,tiger,atrw,tiger,single_query,16:2,16,3388,16:2:3388,multi,
test/002987.jpg,52,1,gallery,tiger,atrw,tiger,single_query,3:16,3,64,3:16:64,sing,
test/000944.jpg,10,1,gallery,tiger,atrw,tiger,single_query,1:4,1,237,1:4:237,multi,
test/000260.jpg,48,1,gallery,tiger,atrw,tiger,single_query,3:12,3,1371,3:12:1371,sing,
test/000186.jpg,156,1,gallery,tiger,atrw,tiger,single_query,17:6,17,6,17:6:6,multi,
test/001550.jpg,258,1,gallery,tiger,atrw,tiger,single_query,31:1,31,609,31:1:609,sing,
test/002464.jpg,183,1,gallery,tiger,atrw,tiger,single_query,23:12,23,66,23:12:66,sing,
test/001755.jpg,103,1,gallery,tiger,atrw,tiger,single_query,9:1,9,2869,9:1:2869,sing,
test/001466.jpg,166,1,gallery,tiger,atrw,tiger,single_query,17:3,17,110,17:3:110,multi,
test/005100.jpg,105,1,gallery,tiger,atrw,tiger,single_query,9:1,9,455,9:1:455,sing,
test/002734.jpg,174,1,gallery,tiger,atrw,tiger,single_query,21:1,21,40,21:1:40,sing,
test/004027.jpg,118,1,gallery,tiger,atrw,tiger,single_query,10:5,10,1000,10:5:1000,sing,
test/002181.jpg,163,1,gallery,tiger,atrw,tiger,single_query,17:8,17,104,17:8:104,multi,
test/001946.jpg,262,1,gallery,tiger,atrw,tiger,single_query,31:2,31,444,31:2:444,multi,
test/004288.jpg,159,1,gallery,tiger,atrw,tiger,single_query,14:1,14,12,14:1:12,multi,
test/004642.jpg,232,1,gallery,tiger,atrw,tiger,single_query,29:2,29,196,29:2:196,sing,
test/004498.jpg,162,1,gallery,tiger,atrw,tiger,single_query,17:4,17,50,17:4:50,multi,
test/000008.jpg,157,1,gallery,tiger,atrw,tiger,single_query,17:8,17,69,17:8:69,multi,
test/000080.jpg,157,1,gallery,tiger,atrw,tiger,single_query,17:8,17,20,17:8:20,multi,
test/002312.jpg,169,1,gallery,tiger,atrw,tiger,single_query,21:4,21,33,21:4:33,multi,
test/001042.jpg,157,1,gallery,tiger,atrw,tiger,single_query,15:2,15,18,15:2:18,multi,
test/001741.jpg,270,1,gallery,tiger,atrw,tiger,single_query,31:6,31,366,31:6:366,multi,
test/000194.jpg,235,1,gallery,tiger,atrw,tiger,single_query,30:1,30,111,30:1:111,multi,
test/001612.jpg,166,1,gallery,tiger,atrw,tiger,single_query,17:2,17,179,17:2:179,multi,
test/004702.jpg,19,1,gallery,tiger,atrw,tiger,single_query,1:13,1,16,1:13:16,multi,
test/002348.jpg,159,1,gallery,tiger,atrw,tiger,single_query,14:0,14,14,14:0:14,multi,
test/002551.jpg,235,1,gallery,tiger,atrw,tiger,single_query,31:3,31,612,31:3:612,multi,
test/001439.jpg,46,1,gallery,tiger,atrw,tiger,single_query,3:8,3,1010,3:8:1010,sing,
test/004666.jpg,159,1,gallery,tiger,atrw,tiger,single_query,14:0,14,212,14:0:212,multi,
test/001202.jpg,49,1,gallery,tiger,atrw,tiger,single_query,3:12,3,1035,3:12:1035,sing,
test/002789.jpg,7,1,gallery,tiger,atrw,tiger,single_query,1:0,1,16,1:0:16,multi,
test/002525.jpg,150,1,gallery,tiger,atrw,tiger,single_query,28:2,28,4700,28:2:4700,sing,
test/001709.jpg,163,1,gallery,tiger,atrw,tiger,single_query,17:8,17,114,17:8:114,multi,
test/001144.jpg,102,1,gallery,tiger,atrw,tiger,single_query,9:1,9,2774,9:1:2774,sing,
test/004304.jpg,190,1,gallery,tiger,atrw,tiger,single_query,23:3,23,1096,23:3:1096,multi,
test/001721.jpg,162,1,gallery,tiger,atrw,tiger,single_query,13:2,13,3312,13:2:3312,multi,
test/003765.jpg,159,1,gallery,tiger,atrw,tiger,single_query,13:2,13,3312,13:2:3312,multi,
test/004931.jpg,165,1,gallery,tiger,atrw,tiger,single_query,17:2,17,56,17:2:56,multi,
test/002281.jpg,111,1,gallery,tiger,atrw,tiger,single_query,10:2,10,124,10:2:124,multi,
test/002904.jpg,163,1,gallery,tiger,atrw,tiger,single_query,17:8,17,111,17:8:111,multi,
test/004347.jpg,162,1,gallery,tiger,atrw,tiger,single_query,15:0,15,53,15:0:53,multi,
test/005124.jpg,156,1,gallery,tiger,atrw,tiger,single_query,15:0,15,53,15:0:53,multi,
test/005148.jpg,156,1,gallery,tiger,atrw,tiger,single_query,15:0,15,50,15:0:50,multi,
test/000076.jpg,162,1,gallery,tiger,atrw,tiger,single_query,15:0,15,50,15:0:50,multi,
test/005088.jpg,147,1,gallery,tiger,atrw,tiger,single_query,28:2,28,4260,28:2:4260,sing,
test/003029.jpg,10,1,gallery,tiger,atrw,tiger,single_query,1:11,1,180,1:11:180,multi,
test/001675.jpg,234,1,gallery,tiger,atrw,tiger,single_query,30:2,30,54,30:2:54,multi,
test/000639.jpg,180,1,gallery,tiger,atrw,tiger,single_query,22:1,22,102,22:1:102,sing,
test/003201.jpg,141,1,gallery,tiger,atrw,tiger,single_query,28:1,28,4248,28:1:4248,sing,
test/002266.jpg,7,1,gallery,tiger,atrw,tiger,single_query,1:1,1,13,1:1:13,multi,
test/003479.jpg,163,1,gallery,tiger,atrw,tiger,single_query,15:1,15,126,15:1:126,multi,
test/000308.jpg,157,1,gallery,tiger,atrw,tiger,single_query,15:1,15,126,15:1:126,multi,
test/001418.jpg,169,1,gallery,tiger,atrw,tiger,single_query,21:4,21,34,21:4:34,multi,
test/002790.jpg,262,1,gallery,tiger,atrw,tiger,single_query,31:2,31,291,31:2:291,multi,
test/000726.jpg,121,1,gallery,tiger,atrw,tiger,single_query,11:0,11,605,11:0:605,sing,
test/004449.jpg,190,1,gallery,tiger,atrw,tiger,single_query,23:3,23,1097,23:3:1097,multi,
test/003816.jpg,193,1,gallery,tiger,atrw,tiger,single_query,26:0,26,3675,26:0:3675,sing,
test/000459.jpg,37,1,gallery,tiger,atrw,tiger,single_query,3:14,3,453,3:14:453,multi,
test/001801.jpg,162,1,gallery,tiger,atrw,tiger,single_query,14:1,14,108,14:1:108,multi,
test/001073.jpg,165,1,gallery,tiger,atrw,tiger,single_query,17:0,17,282,17:0:282,multi,
test/003964.jpg,156,1,gallery,tiger,atrw,tiger,single_query,16:2,16,3390,16:2:3390,multi,
test/003845.jpg,184,1,gallery,tiger,atrw,tiger,single_query,23:4,23,116,23:4:116,multi,
test/004148.jpg,159,1,gallery,tiger,atrw,tiger,single_query,14:0,14,16,14:0:16,multi,
test/002782.jpg,162,1,gallery,tiger,atrw,tiger,single_query,14:0,14,102,14:0:102,multi,
test/000378.jpg,7,1,gallery,tiger,atrw,tiger,single_query,1:0,1,15,1:0:15,multi,
test/002599.jpg,157,1,gallery,tiger,atrw,tiger,single_query,17:8,17,36,17:8:36,multi,
test/004610.jpg,93,1,gallery,tiger,atrw,tiger,single_query,9:1,9,1002,9:1:1002,sing,
test/004055.jpg,232,1,gallery,tiger,atrw,tiger,single_query,29:2,29,139,29:2:139,sing,
test/002837.jpg,46,1,gallery,tiger,atrw,tiger,single_query,3:8,3,1030,3:8:1030,sing,
test/003506.jpg,121,1,gallery,tiger,atrw,tiger,single_query,11:0,11,610,11:0:610,sing,
test/002529.jpg,123,1,gallery,tiger,atrw,tiger,single_query,11:0,11,159,11:0:159,sing,
test/002980.jpg,193,1,gallery,tiger,atrw,tiger,single_query,26:0,26,3680,26:0:3680,sing,
test/003123.jpg,184,1,gallery,tiger,atrw,tiger,single_query,23:0,23,227,23:0:227,multi,
test/004172.jpg,162,1,gallery,tiger,atrw,tiger,single_query,14:1,14,132,14:1:132,multi,
test/004078.jpg,162,1,gallery,tiger,atrw,tiger,single_query,17:4,17,57,17:4:57,multi,
test/004164.jpg,147,1,gallery,tiger,atrw,tiger,single_query,28:2,28,3859,28:2:3859,sing,
test/004807.jpg,225,1,gallery,tiger,atrw,tiger,single_query,29:0,29,107,29:0:107,sing,
test/000063.jpg,18,1,gallery,tiger,atrw,tiger,single_query,1:13,1,435,1:13:435,multi,
test/002648.jpg,111,1,gallery,tiger,atrw,tiger,single_query,10:2,10,112,10:2:112,multi,
test/000506.jpg,235,1,gallery,tiger,atrw,tiger,single_query,30:1,30,115,30:1:115,multi,
test/003161.jpg,102,1,gallery,tiger,atrw,tiger,single_query,9:1,9,2786,9:1:2786,sing,
test/002773.jpg,159,1,gallery,tiger,atrw,tiger,single_query,17:5,17,23,17:5:23,multi,
test/003568.jpg,10,1,gallery,tiger,atrw,tiger,single_query,1:4,1,257,1:4:257,multi,
test/000868.jpg,84,1,gallery,tiger,atrw,tiger,single_query,4:3,4,2182,4:3:2182,sing,
test/002277.jpg,258,1,gallery,tiger,atrw,tiger,single_query,31:1,31,618,31:1:618,sing,
test/003984.jpg,156,1,gallery,tiger,atrw,tiger,single_query,16:2,16,3386,16:2:3386,multi,
test/000580.jpg,189,1,gallery,tiger,atrw,tiger,single_query,23:3,23,2542,23:3:2542,multi,
test/003192.jpg,192,1,gallery,tiger,atrw,tiger,single_query,23:3,23,2542,23:3:2542,multi,
test/003905.jpg,234,1,gallery,tiger,atrw,tiger,single_query,31:1,31,1301,31:1:1301,multi,
test/004682.jpg,183,1,gallery,tiger,atrw,tiger,single_query,23:12,23,73,23:12:73,sing,
test/000849.jpg,163,1,gallery,tiger,atrw,tiger,single_query,15:1,15,124,15:1:124,multi,
test/003996.jpg,157,1,gallery,tiger,atrw,tiger,single_query,15:1,15,124,15:1:124,multi,
test/004647.jpg,31,1,gallery,tiger,atrw,tiger,single_query,3:15,3,529,3:15:529,sing,
test/004396.jpg,234,1,gallery,tiger,atrw,tiger,single_query,31:1,31,1304,31:1:1304,multi,
test/002293.jpg,235,1,gallery,tiger,atrw,tiger,single_query,30:1,30,223,30:1:223,multi,
test/003324.jpg,162,1,gallery,tiger,atrw,tiger,single_query,16:1,16,3351,16:1:3351,multi,
test/004510.jpg,61,1,gallery,tiger,atrw,tiger,single_query,4:3,4,2042,4:3:2042,sing,
test/002935.jpg,70,1,gallery,tiger,atrw,tiger,single_query,4:3,4,2042,4:3:2042,sing,
test/003587.jpg,73,1,gallery,tiger,atrw,tiger,single_query,4:3,4,2042,4:3:2042,sing,
test/003786.jpg,133,1,gallery,tiger,atrw,tiger,single_query,28:0,28,4125,28:0:4125,sing,
test/003491.jpg,157,1,gallery,tiger,atrw,tiger,single_query,13:2,13,3435,13:2:3435,multi,
test/003068.jpg,135,1,gallery,tiger,atrw,tiger,single_query,28:0,28,6747,28:0:6747,sing,
test/004762.jpg,49,1,gallery,tiger,atrw,tiger,single_query,3:12,3,1090,3:12:1090,sing,
test/001534.jpg,121,1,gallery,tiger,atrw,tiger,single_query,11:0,11,598,11:0:598,sing,
test/000475.jpg,99,1,gallery,tiger,atrw,tiger,single_query,9:1,9,1432,9:1:1432,sing,
test/004706.jpg,162,1,gallery,tiger,atrw,tiger,single_query,14:1,14,137,14:1:137,multi,
test/001285.jpg,48,1,gallery,tiger,atrw,tiger,single_query,3:12,3,1211,3:12:1211,sing,
test/001481.jpg,235,1,gallery,tiger,atrw,tiger,single_query,30:1,30,177,30:1:177,multi,
test/003282.jpg,87,1,gallery,tiger,atrw,tiger,single_query,5:0,5,1780,5:0:1780,multi,
test/002046.jpg,165,1,gallery,tiger,atrw,tiger,single_query,17:3,17,52,17:3:52,multi,
test/000998.jpg,138,1,gallery,tiger,atrw,tiger,single_query,28:0,28,5790,28:0:5790,sing,
test/002630.jpg,135,1,gallery,tiger,atrw,tiger,single_query,28:0,28,5790,28:0:5790,sing,
test/001199.jpg,123,1,gallery,tiger,atrw,tiger,single_query,11:0,11,156,11:0:156,sing,
test/004906.jpg,166,1,gallery,tiger,atrw,tiger,single_query,17:0,17,144,17:0:144,multi,
test/004840.jpg,133,1,gallery,tiger,atrw,tiger,single_query,28:0,28,4045,28:0:4045,sing,
test/004381.jpg,162,1,gallery,tiger,atrw,tiger,single_query,14:1,14,109,14:1:109,multi,
test/003207.jpg,18,1,gallery,tiger,atrw,tiger,single_query,1:13,1,42,1:13:42,multi,
test/003247.jpg,166,1,gallery,tiger,atrw,tiger,single_query,17:2,17,25,17:2:25,multi,
test/004225.jpg,186,1,gallery,tiger,atrw,tiger,single_query,23:2,23,3572,23:2:3572,multi,
test/001583.jpg,52,1,gallery,tiger,atrw,tiger,single_query,3:16,3,65,3:16:65,sing,
test/004985.jpg,157,1,gallery,tiger,atrw,tiger,single_query,13:2,13,3437,13:2:3437,multi,
test/000572.jpg,133,1,gallery,tiger,atrw,tiger,single_query,28:0,28,4339,28:0:4339,sing,
test/002142.jpg,19,1,gallery,tiger,atrw,tiger,single_query,1:14,1,485,1:14:485,multi,
test/002294.jpg,10,1,gallery,tiger,atrw,tiger,single_query,1:5,1,518,1:5:518,multi,
test/002560.jpg,162,1,gallery,tiger,atrw,tiger,single_query,16:1,16,3339,16:1:3339,multi,
test/003389.jpg,87,1,gallery,tiger,atrw,tiger,single_query,4:3,4,3842,4:3:3842,multi,
test/004057.jpg,163,1,gallery,tiger,atrw,tiger,single_query,15:1,15,129,15:1:129,multi,
test/000848.jpg,157,1,gallery,tiger,atrw,tiger,single_query,17:8,17,40,17:8:40,multi,
test/003092.jpg,150,1,gallery,tiger,atrw,tiger,single_query,28:2,28,4686,28:2:4686,sing,
test/004958.jpg,103,1,gallery,tiger,atrw,tiger,single_query,9:1,9,2870,9:1:2870,sing,
test/004592.jpg,163,1,gallery,tiger,atrw,tiger,single_query,14:1,14,90,14:1:90,multi,
test/003983.jpg,87,1,gallery,tiger,atrw,tiger,single_query,4:3,4,3823,4:3:3823,multi,
test/000665.jpg,127,1,gallery,tiger,atrw,tiger,single_query,11:0,11,229,11:0:229,sing,
test/001063.jpg,99,1,gallery,tiger,atrw,tiger,single_query,9:1,9,1298,9:1:1298,sing,
test/002409.jpg,159,1,gallery,tiger,atrw,tiger,single_query,14:1,14,24,14:1:24,multi,
test/001377.jpg,163,1,gallery,tiger,atrw,tiger,single_query,15:1,15,130,15:1:130,multi,
test/000666.jpg,61,1,gallery,tiger,atrw,tiger,single_query,4:3,4,2062,4:3:2062,sing,
test/004190.jpg,73,1,gallery,tiger,atrw,tiger,single_query,4:3,4,2062,4:3:2062,sing,
test/000946.jpg,79,1,gallery,tiger,atrw,tiger,single_query,4:3,4,2062,4:3:2062,sing,
test/001372.jpg,180,1,gallery,tiger,atrw,tiger,single_query,22:1,22,112,22:1:112,sing,
test/004845.jpg,18,1,gallery,tiger,atrw,tiger,single_query,1:13,1,426,1:13:426,multi,
test/001762.jpg,21,1,gallery,tiger,atrw,tiger,single_query,2:0,2,244,2:0:244,sing,
test/003170.jpg,111,1,gallery,tiger,atrw,tiger,single_query,10:3,10,471,10:3:471,multi,
test/003616.jpg,159,1,gallery,tiger,atrw,tiger,single_query,14:0,14,15,14:0:15,multi,
test/005026.jpg,99,1,gallery,tiger,atrw,tiger,single_query,9:1,9,1444,9:1:1444,sing,
test/004955.jpg,234,1,gallery,tiger,atrw,tiger,single_query,30:2,30,42,30:2:42,multi,
test/003697.jpg,162,1,gallery,tiger,atrw,tiger,single_query,17:4,17,55,17:4:55,multi,
test/000651.jpg,9,1,gallery,tiger,atrw,tiger,single_query,1:4,1,132,1:4:132,multi,
test/004434.jpg,133,1,gallery,tiger,atrw,tiger,single_query,28:0,28,4265,28:0:4265,sing,
test/002343.jpg,15,1,gallery,tiger,atrw,tiger,single_query,1:9,1,117,1:9:117,multi,
test/001641.jpg,156,1,gallery,tiger,atrw,tiger,single_query,15:2,15,378,15:2:378,multi,
test/000822.jpg,159,1,gallery,tiger,atrw,tiger,single_query,13:2,13,3311,13:2:3311,multi,
test/003614.jpg,162,1,gallery,tiger,atrw,tiger,single_query,13:2,13,3311,13:2:3311,multi,
test/000231.jpg,36,1,gallery,tiger,atrw,tiger,single_query,3:5,3,18,3:5:18,sing,
test/002292.jpg,186,1,gallery,tiger,atrw,tiger,single_query,23:2,23,3568,23:2:3568,multi,
test/002478.jpg,127,1,gallery,tiger,atrw,tiger,single_query,11:0,11,235,11:0:235,sing,
test/002097.jpg,18,1,gallery,tiger,atrw,tiger,single_query,1:13,1,349,1:13:349,multi,
test/003017.jpg,162,1,gallery,tiger,atrw,tiger,single_query,17:1,17,41,17:1:41,multi,
test/004780.jpg,138,1,gallery,tiger,atrw,tiger,single_query,28:0,28,5829,28:0:5829,sing,
test/001789.jpg,135,1,gallery,tiger,atrw,tiger,single_query,28:0,28,5829,28:0:5829,sing,
test/001222.jpg,169,1,gallery,tiger,atrw,tiger,single_query,21:2,21,41,21:2:41,multi,
test/004945.jpg,180,1,gallery,tiger,atrw,tiger,single_query,22:1,22,149,22:1:149,sing,
test/002194.jpg,163,1,gallery,tiger,atrw,tiger,single_query,17:8,17,107,17:8:107,multi,
test/001334.jpg,84,1,gallery,tiger,atrw,tiger,single_query,4:3,4,2186,4:3:2186,sing,
test/003878.jpg,204,1,gallery,tiger,atrw,tiger,single_query,23:5,23,755,23:5:755,sing,
test/004448.jpg,46,1,gallery,tiger,atrw,tiger,single_query,3:8,3,1034,3:8:1034,sing,
test/002235.jpg,234,1,gallery,tiger,atrw,tiger,single_query,31:1,31,1307,31:1:1307,multi,
test/004586.jpg,162,1,gallery,tiger,atrw,tiger,single_query,14:1,14,113,14:1:113,multi,
test/002401.jpg,93,1,gallery,tiger,atrw,tiger,single_query,9:1,9,1160,9:1:1160,sing,
test/004621.jpg,123,1,gallery,tiger,atrw,tiger,single_query,11:0,11,158,11:0:158,sing,
test/001047.jpg,135,1,gallery,tiger,atrw,tiger,single_query,28:0,28,4641,28:0:4641,sing,
test/002942.jpg,9,1,gallery,tiger,atrw,tiger,single_query,1:7,1,110,1:7:110,multi,
test/003294.jpg,258,1,gallery,tiger,atrw,tiger,single_query,31:1,31,620,31:1:620,sing,
test/002077.jpg,162,1,gallery,tiger,atrw,tiger,single_query,17:4,17,61,17:4:61,multi,
test/003350.jpg,166,1,gallery,tiger,atrw,tiger,single_query,17:3,17,17,17:3:17,multi,
test/000028.jpg,36,1,gallery,tiger,atrw,tiger,single_query,3:5,3,37,3:5:37,sing,
test/005029.jpg,189,1,gallery,tiger,atrw,tiger,single_query,23:3,23,2540,23:3:2540,multi,
test/000658.jpg,192,1,gallery,tiger,atrw,tiger,single_query,23:3,23,2540,23:3:2540,multi,
test/003958.jpg,162,1,gallery,tiger,atrw,tiger,single_query,17:1,17,39,17:1:39,multi,
test/000143.jpg,235,1,gallery,tiger,atrw,tiger,single_query,31:3,31,598,31:3:598,multi,
test/003101.jpg,166,1,gallery,tiger,atrw,tiger,single_query,17:2,17,42,17:2:42,multi,
test/003515.jpg,16,1,gallery,tiger,atrw,tiger,single_query,1:9,1,14,1:9:14,multi,
test/001689.jpg,159,1,gallery,tiger,atrw,tiger,single_query,14:0,14,214,14:0:214,multi,
test/001614.jpg,123,1,gallery,tiger,atrw,tiger,single_query,11:0,11,164,11:0:164,sing,
test/002722.jpg,111,1,gallery,tiger,atrw,tiger,single_query,10:3,10,473,10:3:473,multi,
test/001617.jpg,162,1,gallery,tiger,atrw,tiger,single_query,16:1,16,3326,16:1:3326,multi,
test/002705.jpg,102,1,gallery,tiger,atrw,tiger,single_query,9:1,9,2763,9:1:2763,sing,
test/003748.jpg,138,1,gallery,tiger,atrw,tiger,single_query,28:0,28,5861,28:0:5861,sing,
test/001221.jpg,135,1,gallery,tiger,atrw,tiger,single_query,28:0,28,5861,28:0:5861,sing,
test/004657.jpg,258,1,gallery,tiger,atrw,tiger,single_query,31:1,31,590,31:1:590,sing,
test/003213.jpg,157,1,gallery,tiger,atrw,tiger,single_query,17:8,17,41,17:8:41,multi,
test/004675.jpg,121,1,gallery,tiger,atrw,tiger,single_query,11:0,11,599,11:0:599,sing,
test/003240.jpg,163,1,gallery,tiger,atrw,tiger,single_query,17:8,17,78,17:8:78,multi,
test/003100.jpg,169,1,gallery,tiger,atrw,tiger,single_query,21:2,21,32,21:2:32,multi,
test/003575.jpg,156,1,gallery,tiger,atrw,tiger,single_query,15:0,15,11,15:0:11,multi,
test/004067.jpg,103,1,gallery,tiger,atrw,tiger,single_query,9:1,9,2875,9:1:2875,sing,
test/001171.jpg,156,1,gallery,tiger,atrw,tiger,single_query,15:2,15,386,15:2:386,multi,
test/004499.jpg,159,1,gallery,tiger,atrw,tiger,single_query,14:0,14,183,14:0:183,multi,
test/001124.jpg,232,1,gallery,tiger,atrw,tiger,single_query,29:2,29,197,29:2:197,sing,
test/001281.jpg,120,1,gallery,tiger,atrw,tiger,single_query,11:0,11,94,11:0:94,sing,
test/002087.jpg,156,1,gallery,tiger,atrw,tiger,single_query,15:2,15,375,15:2:375,multi,
test/004589.jpg,48,1,gallery,tiger,atrw,tiger,single_query,3:12,3,1369,3:12:1369,sing,
test/000017.jpg,156,1,gallery,tiger,atrw,tiger,single_query,15:0,15,5,15:0:5,multi,
test/001426.jpg,166,1,gallery,tiger,atrw,tiger,single_query,17:2,17,41,17:2:41,multi,
test/003526.jpg,162,1,gallery,tiger,atrw,tiger,single_query,17:4,17,60,17:4:60,multi,
test/003559.jpg,157,1,gallery,tiger,atrw,tiger,single_query,17:8,17,42,17:8:42,multi,
test/001008.jpg,163,1,gallery,tiger,atrw,tiger,single_query,17:8,17,108,17:8:108,multi,
test/003116.jpg,18,1,gallery,tiger,atrw,tiger,single_query,1:13,1,346,1:13:346,multi,
test/002462.jpg,111,1,gallery,tiger,atrw,tiger,single_query,10:3,10,430,10:3:430,multi,
test/004574.jpg,184,1,gallery,tiger,atrw,tiger,single_query,23:4,23,120,23:4:120,multi,
test/000710.jpg,192,1,gallery,tiger,atrw,tiger,single_query,23:4,23,120,23:4:120,multi,
test/005098.jpg,16,1,gallery,tiger,atrw,tiger,single_query,1:9,1,16,1:9:16,multi,
test/004800.jpg,232,1,gallery,tiger,atrw,tiger,single_query,29:2,29,133,29:2:133,sing,
test/004043.jpg,262,1,gallery,tiger,atrw,tiger,single_query,31:6,31,294,31:6:294,multi,
test/002899.jpg,18,1,gallery,tiger,atrw,tiger,single_query,1:14,1,141,1:14:141,multi,
test/003233.jpg,121,1,gallery,tiger,atrw,tiger,single_query,11:0,11,603,11:0:603,sing,
test/005086.jpg,159,1,gallery,tiger,atrw,tiger,single_query,14:0,14,188,14:0:188,multi,
test/003500.jpg,166,1,gallery,tiger,atrw,tiger,single_query,17:2,17,178,17:2:178,multi,
test/001929.jpg,157,1,gallery,tiger,atrw,tiger,single_query,17:8,17,28,17:8:28,multi,
test/002366.jpg,133,1,gallery,tiger,atrw,tiger,single_query,28:0,28,4273,28:0:4273,sing,
test/000926.jpg,234,1,gallery,tiger,atrw,tiger,single_query,30:2,30,38,30:2:38,multi,
test/000036.jpg,103,1,gallery,tiger,atrw,tiger,single_query,9:1,9,2877,9:1:2877,sing,
test/003263.jpg,163,1,gallery,tiger,atrw,tiger,single_query,15:1,15,127,15:1:127,multi,
test/004849.jpg,157,1,gallery,tiger,atrw,tiger,single_query,15:1,15,127,15:1:127,multi,
test/000022.jpg,258,1,gallery,tiger,atrw,tiger,single_query,31:1,31,581,31:1:581,sing,
test/002308.jpg,135,1,gallery,tiger,atrw,tiger,single_query,28:0,28,6739,28:0:6739,sing,
test/005111.jpg,258,1,gallery,tiger,atrw,tiger,single_query,31:1,31,577,31:1:577,sing,
test/001253.jpg,93,1,gallery,tiger,atrw,tiger,single_query,9:1,9,1140,9:1:1140,sing,
test/000101.jpg,159,1,gallery,tiger,atrw,tiger,single_query,15:3,15,37,15:3:37,multi,
test/004572.jpg,159,1,gallery,tiger,atrw,tiger,single_query,14:0,14,0,14:0:0,multi,
test/005049.jpg,16,1,gallery,tiger,atrw,tiger,single_query,1:8,1,345,1:8:345,multi,
test/000274.jpg,135,1,gallery,tiger,atrw,tiger,single_query,28:0,28,7205,28:0:7205,sing,
test/004531.jpg,138,1,gallery,tiger,atrw,tiger,single_query,28:0,28,7205,28:0:7205,sing,
test/001841.jpg,270,1,gallery,tiger,atrw,tiger,single_query,31:5,31,19,31:5:19,multi,
test/004185.jpg,262,1,gallery,tiger,atrw,tiger,single_query,31:2,31,939,31:2:939,multi,
test/002779.jpg,7,1,gallery,tiger,atrw,tiger,single_query,1:2,1,102,1:2:102,multi,
test/004120.jpg,70,1,gallery,tiger,atrw,tiger,single_query,4:3,4,2130,4:3:2130,sing,
test/000404.jpg,159,1,gallery,tiger,atrw,tiger,single_query,14:0,14,24,14:0:24,multi,
test/000182.jpg,87,1,gallery,tiger,atrw,tiger,single_query,5:0,5,1784,5:0:1784,multi,
test/001526.jpg,157,1,gallery,tiger,atrw,tiger,single_query,17:8,17,49,17:8:49,multi,
test/000363.jpg,112,1,gallery,tiger,atrw,tiger,single_query,10:1,10,21,10:1:21,sing,
test/000650.jpg,123,1,gallery,tiger,atrw,tiger,single_query,11:0,11,162,11:0:162,sing,
test/000956.jpg,162,1,gallery,tiger,atrw,tiger,single_query,15:0,15,41,15:0:41,multi,
test/000719.jpg,157,1,gallery,tiger,atrw,tiger,single_query,15:0,15,41,15:0:41,multi,
test/001577.jpg,61,1,gallery,tiger,atrw,tiger,single_query,4:3,4,2069,4:3:2069,sing,
test/001351.jpg,73,1,gallery,tiger,atrw,tiger,single_query,4:3,4,2069,4:3:2069,sing,
test/001665.jpg,262,1,gallery,tiger,atrw,tiger,single_query,31:6,31,308,31:6:308,multi,
test/001387.jpg,183,1,gallery,tiger,atrw,tiger,single_query,23:12,23,69,23:12:69,sing,
test/002101.jpg,135,1,gallery,tiger,atrw,tiger,single_query,28:0,28,6457,28:0:6457,sing,
test/003545.jpg,19,1,gallery,tiger,atrw,tiger,single_query,1:13,1,3,1:13:3,multi,
test/000147.jpg,156,1,gallery,tiger,atrw,tiger,single_query,15:2,15,380,15:2:380,multi,
test/003084.jpg,159,1,gallery,tiger,atrw,tiger,single_query,14:0,14,186,14:0:186,multi,
test/001256.jpg,162,1,gallery,tiger,atrw,tiger,single_query,15:0,15,42,15:0:42,multi,
test/003535.jpg,157,1,gallery,tiger,atrw,tiger,single_query,15:0,15,42,15:0:42,multi,
test/002607.jpg,232,1,gallery,tiger,atrw,tiger,single_query,29:2,29,134,29:2:134,sing,
test/004230.jpg,225,1,gallery,tiger,atrw,tiger,single_query,29:0,29,100,29:0:100,sing,
test/000099.jpg,232,1,gallery,tiger,atrw,tiger,single_query,29:2,29,137,29:2:137,sing,
test/004367.jpg,174,1,gallery,tiger,atrw,tiger,single_query,21:1,21,33,21:1:33,sing,
test/001643.jpg,138,1,gallery,tiger,atrw,tiger,single_query,28:0,28,5815,28:0:5815,sing,
test/002618.jpg,135,1,gallery,tiger,atrw,tiger,single_query,28:0,28,5815,28:0:5815,sing,
test/001180.jpg,99,1,gallery,tiger,atrw,tiger,single_query,9:1,9,1302,9:1:1302,sing,
test/000779.jpg,169,1,gallery,tiger,atrw,tiger,single_query,21:4,21,41,21:4:41,multi,
test/003352.jpg,84,1,gallery,tiger,atrw,tiger,single_query,4:3,4,2188,4:3:2188,sing,
test/000962.jpg,105,1,gallery,tiger,atrw,tiger,single_query,9:1,9,469,9:1:469,sing,
test/000123.jpg,163,1,gallery,tiger,atrw,tiger,single_query,15:1,15,133,15:1:133,multi,
test/002958.jpg,31,1,gallery,tiger,atrw,tiger,single_query,3:15,3,531,3:15:531,sing,
test/003206.jpg,103,1,gallery,tiger,atrw,tiger,single_query,9:1,9,2882,9:1:2882,sing,
test/000503.jpg,121,1,gallery,tiger,atrw,tiger,single_query,11:0,11,596,11:0:596,sing,
test/004875.jpg,166,1,gallery,tiger,atrw,tiger,single_query,17:2,17,19,17:2:19,multi,
test/000351.jpg,162,1,gallery,tiger,atrw,tiger,single_query,16:1,16,3348,16:1:3348,multi,
test/001710.jpg,165,1,gallery,tiger,atrw,tiger,single_query,17:3,17,55,17:3:55,multi,
test/001575.jpg,159,1,gallery,tiger,atrw,tiger,single_query,14:1,14,23,14:1:23,multi,
test/001345.jpg,199,1,gallery,tiger,atrw,tiger,single_query,23:4,23,649,23:4:649,sing,
test/002391.jpg,159,1,gallery,tiger,atrw,tiger,single_query,14:1,14,18,14:1:18,multi,
test/002688.jpg,52,1,gallery,tiger,atrw,tiger,single_query,3:16,3,80,3:16:80,sing,
test/001715.jpg,204,1,gallery,tiger,atrw,tiger,single_query,23:5,23,753,23:5:753,sing,
test/002865.jpg,166,1,gallery,tiger,atrw,tiger,single_query,17:2,17,170,17:2:170,multi,
test/002930.jpg,48,1,gallery,tiger,atrw,tiger,single_query,3:12,3,1373,3:12:1373,sing,
test/003608.jpg,270,1,gallery,tiger,atrw,tiger,single_query,31:7,31,455,31:7:455,multi,
test/001894.jpg,190,1,gallery,tiger,atrw,tiger,single_query,23:3,23,1098,23:3:1098,multi,
test/002824.jpg,73,1,gallery,tiger,atrw,tiger,single_query,4:3,4,2059,4:3:2059,sing,
test/000823.jpg,75,1,gallery,tiger,atrw,tiger,single_query,4:3,4,2059,4:3:2059,sing,
test/002300.jpg,207,1,gallery,tiger,atrw,tiger,single_query,23:6,23,1061,23:6:1061,sing,
test/004836.jpg,144,1,gallery,tiger,atrw,tiger,single_query,28:1,28,7011,28:1:7011,sing,
test/004968.jpg,99,1,gallery,tiger,atrw,tiger,single_query,9:1,9,1436,9:1:1436,sing,
test/001735.jpg,138,1,gallery,tiger,atrw,tiger,single_query,28:0,28,7607,28:0:7607,sing,
test/003441.jpg,165,1,gallery,tiger,atrw,tiger,single_query,17:3,17,33,17:3:33,multi,
test/000425.jpg,141,1,gallery,tiger,atrw,tiger,single_query,28:1,28,4687,28:1:4687,sing,
test/001502.jpg,270,1,gallery,tiger,atrw,tiger,single_query,31:5,31,23,31:5:23,multi,
test/001901.jpg,165,1,gallery,tiger,atrw,tiger,single_query,17:2,17,52,17:2:52,multi,
test/004801.jpg,162,1,gallery,tiger,atrw,tiger,single_query,14:1,14,114,14:1:114,multi,
test/003536.jpg,184,1,gallery,tiger,atrw,tiger,single_query,23:0,23,234,23:0:234,multi,
test/001434.jpg,48,1,gallery,tiger,atrw,tiger,single_query,3:12,3,1360,3:12:1360,sing,
test/001370.jpg,112,1,gallery,tiger,atrw,tiger,single_query,10:1,10,25,10:1:25,sing,
test/000005.jpg,103,1,gallery,tiger,atrw,tiger,single_query,9:1,9,2881,9:1:2881,sing,
test/002827.jpg,225,1,gallery,tiger,atrw,tiger,single_query,29:0,29,104,29:0:104,sing,
test/000884.jpg,210,1,gallery,tiger,atrw,tiger,single_query,24:0,24,6308,24:0:6308,sing,
test/000191.jpg,193,1,gallery,tiger,atrw,tiger,single_query,26:0,26,3681,26:0:3681,sing,
test/002154.jpg,183,1,gallery,tiger,atrw,tiger,single_query,23:12,23,70,23:12:70,sing,
test/000328.jpg,111,1,gallery,tiger,atrw,tiger,single_query,10:2,10,113,10:2:113,multi,
test/004343.jpg,169,1,gallery,tiger,atrw,tiger,single_query,21:2,21,38,21:2:38,multi,
test/000478.jpg,262,1,gallery,tiger,atrw,tiger,single_query,31:2,31,942,31:2:942,multi,
test/004841.jpg,159,1,gallery,tiger,atrw,tiger,single_query,14:0,14,208,14:0:208,multi,
test/004241.jpg,157,1,gallery,tiger,atrw,tiger,single_query,17:8,17,38,17:8:38,multi,
test/004567.jpg,162,1,gallery,tiger,atrw,tiger,single_query,16:1,16,3336,16:1:3336,multi,
test/004073.jpg,162,1,gallery,tiger,atrw,tiger,single_query,16:1,16,3321,16:1:3321,multi,
test/001468.jpg,165,1,gallery,tiger,atrw,tiger,single_query,17:3,17,31,17:3:31,multi,
test/001707.jpg,121,1,gallery,tiger,atrw,tiger,single_query,11:0,11,589,11:0:589,sing,
test/001898.jpg,112,1,gallery,tiger,atrw,tiger,single_query,10:1,10,140,10:1:140,sing,
test/003797.jpg,166,1,gallery,tiger,atrw,tiger,single_query,17:2,17,11,17:2:11,multi,
test/004477.jpg,162,1,gallery,tiger,atrw,tiger,single_query,16:1,16,3310,16:1:3310,multi,
test/004482.jpg,162,1,gallery,tiger,atrw,tiger,single_query,14:0,14,100,14:0:100,multi,
test/002239.jpg,163,1,gallery,tiger,atrw,tiger,single_query,15:1,15,131,15:1:131,multi,
test/003007.jpg,84,1,gallery,tiger,atrw,tiger,single_query,4:3,4,2185,4:3:2185,sing,
test/001134.jpg,135,1,gallery,tiger,atrw,tiger,single_query,28:0,28,3588,28:0:3588,sing,
test/002929.jpg,150,1,gallery,tiger,atrw,tiger,single_query,28:2,28,4821,28:2:4821,sing,
test/004297.jpg,103,1,gallery,tiger,atrw,tiger,single_query,9:1,9,2876,9:1:2876,sing,
test/004081.jpg,156,1,gallery,tiger,atrw,tiger,single_query,13:2,13,3452,13:2:3452,multi,
test/001002.jpg,111,1,gallery,tiger,atrw,tiger,single_query,10:3,10,443,10:3:443,multi,
test/002403.jpg,169,1,gallery,tiger,atrw,tiger,single_query,21:2,21,33,21:2:33,multi,
test/003774.jpg,99,1,gallery,tiger,atrw,tiger,single_query,9:1,9,1428,9:1:1428,sing,
test/001495.jpg,123,1,gallery,tiger,atrw,tiger,single_query,11:0,11,155,11:0:155,sing,
test/003567.jpg,166,1,gallery,tiger,atrw,tiger,single_query,17:2,17,37,17:2:37,multi,
test/002879.jpg,235,1,gallery,tiger,atrw,tiger,single_query,31:4,31,1090,31:4:1090,multi,
test/003078.jpg,166,1,gallery,tiger,atrw,tiger,single_query,17:0,17,145,17:0:145,multi,
test/003053.jpg,144,1,gallery,tiger,atrw,tiger,single_query,28:1,28,7041,28:1:7041,sing,
test/001528.jpg,84,1,gallery,tiger,atrw,tiger,single_query,4:3,4,2179,4:3:2179,sing,
test/003718.jpg,234,1,gallery,tiger,atrw,tiger,single_query,31:1,31,1291,31:1:1291,multi,
test/002653.jpg,162,1,gallery,tiger,atrw,tiger,single_query,16:1,16,3345,16:1:3345,multi,
test/000837.jpg,105,1,gallery,tiger,atrw,tiger,single_query,9:1,9,451,9:1:451,sing,
test/000854.jpg,166,1,gallery,tiger,atrw,tiger,single_query,17:2,17,43,17:2:43,multi,
test/003914.jpg,166,1,gallery,tiger,atrw,tiger,single_query,17:2,17,171,17:2:171,multi,
test/004811.jpg,18,1,gallery,tiger,atrw,tiger,single_query,1:13,1,423,1:13:423,multi,
test/003884.jpg,162,1,gallery,tiger,atrw,tiger,single_query,16:1,16,3335,16:1:3335,multi,
test/001465.jpg,156,1,gallery,tiger,atrw,tiger,single_query,13:2,13,3449,13:2:3449,multi,
test/002460.jpg,18,1,gallery,tiger,atrw,tiger,single_query,1:13,1,424,1:13:424,multi,
test/003542.jpg,166,1,gallery,tiger,atrw,tiger,single_query,17:2,17,30,17:2:30,multi,
test/005122.jpg,162,1,gallery,tiger,atrw,tiger,single_query,14:1,14,115,14:1:115,multi,
test/000055.jpg,258,1,gallery,tiger,atrw,tiger,single_query,31:1,31,563,31:1:563,sing,
test/003129.jpg,144,1,gallery,tiger,atrw,tiger,single_query,28:1,28,7008,28:1:7008,sing,
test/002223.jpg,31,1,gallery,tiger,atrw,tiger,single_query,3:15,3,537,3:15:537,sing,
test/004201.jpg,156,1,gallery,tiger,atrw,tiger,single_query,15:0,15,81,15:0:81,multi,
test/003306.jpg,163,1,gallery,tiger,atrw,tiger,single_query,17:8,17,106,17:8:106,multi,
test/004411.jpg,102,1,gallery,tiger,atrw,tiger,single_query,9:1,9,2801,9:1:2801,sing,
test/004114.jpg,165,1,gallery,tiger,atrw,tiger,single_query,17:0,17,280,17:0:280,multi,
test/001474.jpg,159,1,gallery,tiger,atrw,tiger,single_query,14:0,14,192,14:0:192,multi,
test/001011.jpg,207,1,gallery,tiger,atrw,tiger,single_query,23:6,23,1058,23:6:1058,sing,
test/000632.jpg,162,1,gallery,tiger,atrw,tiger,single_query,14:1,14,129,14:1:129,multi,
test/004575.jpg,4,1,gallery,tiger,atrw,tiger,single_query,0:1,0,357,0:1:357,multi,
test/001347.jpg,150,1,gallery,tiger,atrw,tiger,single_query,28:2,28,4785,28:2:4785,sing,
test/001469.jpg,270,1,gallery,tiger,atrw,tiger,single_query,31:6,31,426,31:6:426,multi,
test/002275.jpg,169,1,gallery,tiger,atrw,tiger,single_query,21:4,21,39,21:4:39,multi,
test/000545.jpg,19,1,gallery,tiger,atrw,tiger,single_query,1:13,1,15,1:13:15,multi,
test/000391.jpg,21,1,gallery,tiger,atrw,tiger,single_query,2:0,2,246,2:0:246,sing,
test/003754.jpg,138,1,gallery,tiger,atrw,tiger,single_query,28:0,28,5366,28:0:5366,sing,
test/003768.jpg,135,1,gallery,tiger,atrw,tiger,single_query,28:0,28,5366,28:0:5366,sing,
test/004916.jpg,180,1,gallery,tiger,atrw,tiger,single_query,22:1,22,144,22:1:144,sing,
test/001401.jpg,156,1,gallery,tiger,atrw,tiger,single_query,15:2,15,371,15:2:371,multi,
test/003920.jpg,63,1,gallery,tiger,atrw,tiger,single_query,4:3,4,2071,4:3:2071,sing,
test/004907.jpg,73,1,gallery,tiger,atrw,tiger,single_query,4:3,4,2071,4:3:2071,sing,
test/000230.jpg,102,1,gallery,tiger,atrw,tiger,single_query,9:1,9,2805,9:1:2805,sing,
test/000498.jpg,258,1,gallery,tiger,atrw,tiger,single_query,31:1,31,566,31:1:566,sing,
test/003114.jpg,219,1,gallery,tiger,atrw,tiger,single_query,25:0,25,4137,25:0:4137,sing,
test/002984.jpg,166,1,gallery,tiger,atrw,tiger,single_query,17:2,17,177,17:2:177,multi,
test/004679.jpg,262,1,gallery,tiger,atrw,tiger,single_query,31:2,31,294,31:2:294,multi,
test/002655.jpg,189,1,gallery,tiger,atrw,tiger,single_query,23:3,23,1032,23:3:1032,multi,
test/002794.jpg,162,1,gallery,tiger,atrw,tiger,single_query,16:1,16,3313,16:1:3313,multi,
test/003232.jpg,159,1,gallery,tiger,atrw,tiger,single_query,14:0,14,200,14:0:200,multi,
test/001442.jpg,162,1,gallery,tiger,atrw,tiger,single_query,16:1,16,3333,16:1:3333,multi,
test/003130.jpg,49,1,gallery,tiger,atrw,tiger,single_query,3:12,3,1089,3:12:1089,sing,
test/001319.jpg,166,1,gallery,tiger,atrw,tiger,single_query,17:2,17,27,17:2:27,multi,
test/003046.jpg,105,1,gallery,tiger,atrw,tiger,single_query,9:1,9,462,9:1:462,sing,
test/003640.jpg,19,1,gallery,tiger,atrw,tiger,single_query,1:14,1,496,1:14:496,multi,
test/002687.jpg,205,1,gallery,tiger,atrw,tiger,single_query,24:0,24,5065,24:0:5065,sing,
test/001187.jpg,18,1,gallery,tiger,atrw,tiger,single_query,1:13,1,49,1:13:49,multi,
test/003216.jpg,19,1,gallery,tiger,atrw,tiger,single_query,1:13,1,196,1:13:196,multi,
test/003304.jpg,162,1,gallery,tiger,atrw,tiger,single_query,16:1,16,3349,16:1:3349,multi,
test/002107.jpg,159,1,gallery,tiger,atrw,tiger,single_query,14:0,14,217,14:0:217,multi,
test/002802.jpg,231,1,gallery,tiger,atrw,tiger,single_query,29:2,29,239,29:2:239,sing,
test/003573.jpg,70,1,gallery,tiger,atrw,tiger,single_query,4:3,4,2122,4:3:2122,sing,
test/002951.jpg,169,1,gallery,tiger,atrw,tiger,single_query,21:2,21,36,21:2:36,multi,
test/001562.jpg,166,1,gallery,tiger,atrw,tiger,single_query,17:3,17,19,17:3:19,multi,
test/004668.jpg,162,1,gallery,tiger,atrw,tiger,single_query,14:1,14,136,14:1:136,multi,
test/003074.jpg,156,1,gallery,tiger,atrw,tiger,single_query,15:2,15,374,15:2:374,multi,
test/002206.jpg,159,1,gallery,tiger,atrw,tiger,single_query,14:1,14,11,14:1:11,multi,
test/003312.jpg,219,1,gallery,tiger,atrw,tiger,single_query,25:0,25,4135,25:0:4135,sing,
test/003344.jpg,48,1,gallery,tiger,atrw,tiger,single_query,3:12,3,1209,3:12:1209,sing,
test/003819.jpg,18,1,gallery,tiger,atrw,tiger,single_query,1:13,1,334,1:13:334,multi,
test/002488.jpg,163,1,gallery,tiger,atrw,tiger,single_query,17:1,17,17,17:1:17,multi,
test/001333.jpg,18,1,gallery,tiger,atrw,tiger,single_query,1:14,1,289,1:14:289,multi,
test/001109.jpg,63,1,gallery,tiger,atrw,tiger,single_query,4:3,4,2070,4:3:2070,sing,
test/000006.jpg,73,1,gallery,tiger,atrw,tiger,single_query,4:3,4,2070,4:3:2070,sing,
test/002777.jpg,166,1,gallery,tiger,atrw,tiger,single_query,17:0,17,170,17:0:170,multi,
test/001848.jpg,157,1,gallery,tiger,atrw,tiger,single_query,17:8,17,24,17:8:24,multi,
test/000038.jpg,186,1,gallery,tiger,atrw,tiger,single_query,23:2,23,263,23:2:263,multi,
test/002015.jpg,157,1,gallery,tiger,atrw,tiger,single_query,17:8,17,22,17:8:22,multi,
test/002629.jpg,186,1,gallery,tiger,atrw,tiger,single_query,24:0,24,4107,24:0:4107,multi,
test/003264.jpg,258,1,gallery,tiger,atrw,tiger,single_query,31:1,31,602,31:1:602,sing,
test/001361.jpg,162,1,gallery,tiger,atrw,tiger,single_query,14:1,14,141,14:1:141,multi,
test/000239.jpg,157,1,gallery,tiger,atrw,tiger,single_query,17:7,17,118,17:7:118,multi,
test/002693.jpg,163,1,gallery,tiger,atrw,tiger,single_query,17:7,17,118,17:7:118,multi,
test/001362.jpg,138,1,gallery,tiger,atrw,tiger,single_query,28:0,28,7347,28:0:7347,sing,
test/001955.jpg,162,1,gallery,tiger,atrw,tiger,single_query,14:1,14,116,14:1:116,multi,
test/002347.jpg,157,1,gallery,tiger,atrw,tiger,single_query,17:8,17,17,17:8:17,multi,
test/004386.jpg,87,1,gallery,tiger,atrw,tiger,single_query,4:3,4,3838,4:3:3838,multi,
test/001255.jpg,48,1,gallery,tiger,atrw,tiger,single_query,3:12,3,1392,3:12:1392,sing,
test/004469.jpg,144,1,gallery,tiger,atrw,tiger,single_query,28:1,28,7005,28:1:7005,sing,
test/001216.jpg,184,1,gallery,tiger,atrw,tiger,single_query,23:4,23,109,23:4:109,multi,
test/001052.jpg,159,1,gallery,tiger,atrw,tiger,single_query,14:0,14,213,14:0:213,multi,
test/002437.jpg,138,1,gallery,tiger,atrw,tiger,single_query,28:0,28,5531,28:0:5531,sing,
test/005024.jpg,135,1,gallery,tiger,atrw,tiger,single_query,28:0,28,5531,28:0:5531,sing,
test/003422.jpg,235,1,gallery,tiger,atrw,tiger,single_query,31:4,31,1095,31:4:1095,multi,
test/004308.jpg,163,1,gallery,tiger,atrw,tiger,single_query,14:1,14,78,14:1:78,multi,
test/004878.jpg,169,1,gallery,tiger,atrw,tiger,single_query,21:4,21,36,21:4:36,multi,
test/001862.jpg,163,1,gallery,tiger,atrw,tiger,single_query,14:1,14,93,14:1:93,multi,
test/002394.jpg,18,1,gallery,tiger,atrw,tiger,single_query,1:13,1,338,1:13:338,multi,
test/003550.jpg,234,1,gallery,tiger,atrw,tiger,single_query,31:1,31,1292,31:1:1292,multi,
test/003901.jpg,162,1,gallery,tiger,atrw,tiger,single_query,14:0,14,101,14:0:101,multi,
test/001631.jpg,112,1,gallery,tiger,atrw,tiger,single_query,10:1,10,22,10:1:22,sing,
test/003505.jpg,18,1,gallery,tiger,atrw,tiger,single_query,1:13,1,411,1:13:411,multi,
test/004212.jpg,120,1,gallery,tiger,atrw,tiger,single_query,11:0,11,76,11:0:76,sing,
test/000976.jpg,169,1,gallery,tiger,atrw,tiger,single_query,21:2,21,35,21:2:35,multi,
test/003469.jpg,157,1,gallery,tiger,atrw,tiger,single_query,17:8,17,27,17:8:27,multi,
test/002884.jpg,105,1,gallery,tiger,atrw,tiger,single_query,9:1,9,440,9:1:440,sing,
test/003260.jpg,157,1,gallery,tiger,atrw,tiger,single_query,17:8,17,13,17:8:13,multi,
test/003806.jpg,166,1,gallery,tiger,atrw,tiger,single_query,17:3,17,21,17:3:21,multi,
test/002975.jpg,270,1,gallery,tiger,atrw,tiger,single_query,31:6,31,361,31:6:361,multi,
test/002746.jpg,18,1,gallery,tiger,atrw,tiger,single_query,1:14,1,291,1:14:291,multi,
test/003109.jpg,61,1,gallery,tiger,atrw,tiger,single_query,4:3,4,2053,4:3:2053,sing,
test/003820.jpg,63,1,gallery,tiger,atrw,tiger,single_query,4:3,4,2053,4:3:2053,sing,
test/001201.jpg,73,1,gallery,tiger,atrw,tiger,single_query,4:3,4,2053,4:3:2053,sing,
test/000139.jpg,75,1,gallery,tiger,atrw,tiger,single_query,4:3,4,2053,4:3:2053,sing,
test/002891.jpg,174,1,gallery,tiger,atrw,tiger,single_query,21:1,21,28,21:1:28,sing,
test/004713.jpg,144,1,gallery,tiger,atrw,tiger,single_query,28:1,28,5321,28:1:5321,sing,
test/003003.jpg,235,1,gallery,tiger,atrw,tiger,single_query,31:3,31,599,31:3:599,multi,
test/003202.jpg,111,1,gallery,tiger,atrw,tiger,single_query,10:3,10,444,10:3:444,multi,
test/000842.jpg,235,1,gallery,tiger,atrw,tiger,single_query,30:1,30,340,30:1:340,multi,
test/001302.jpg,156,1,gallery,tiger,atrw,tiger,single_query,15:0,15,13,15:0:13,multi,
test/003585.jpg,99,1,gallery,tiger,atrw,tiger,single_query,9:1,9,1434,9:1:1434,sing,
test/003552.jpg,162,1,gallery,tiger,atrw,tiger,single_query,16:1,16,3346,16:1:3346,multi,
test/000484.jpg,63,1,gallery,tiger,atrw,tiger,single_query,4:3,4,2073,4:3:2073,sing,
test/001219.jpg,73,1,gallery,tiger,atrw,tiger,single_query,4:3,4,2073,4:3:2073,sing,
test/004213.jpg,15,1,gallery,tiger,atrw,tiger,single_query,1:9,1,114,1:9:114,multi,
test/001906.jpg,7,1,gallery,tiger,atrw,tiger,single_query,1:0,1,44,1:0:44,multi,
