path,pid,camid,split,category,domain,object_noun,eval_protocol,session_id,shot_id,frame_id,source_group,query_group,augmentation
0_c1_000_000000.jpg,0,1,train,boat,boat,boat,cross_view,c1,,000000,0:c1:000:000000,,000
0_c1_000_000001.jpg,0,1,train,boat,boat,boat,cross_view,c1,,000001,0:c1:000:000001,,000
0_c1_001_000000.jpg,0,1,train,boat,boat,boat,cross_view,c1,,000000,0:c1:001:000000,,001
0_c1_001_000001.jpg,0,1,train,boat,boat,boat,cross_view,c1,,000001,0:c1:001:000001,,001
0_c1_002_000000.jpg,0,1,train,boat,boat,boat,cross_view,c1,,000000,0:c1:002:000000,,002
0_c1_002_000001.jpg,0,1,train,boat,boat,boat,cross_view,c1,,000001,0:c1:002:000001,,002
0_c1_003_000000.jpg,0,1,train,boat,boat,boat,cross_view,c1,,000000,0:c1:003:000000,,003
0_c1_003_000001.jpg,0,1,train,boat,boat,boat,cross_view,c1,,000001,0:c1:003:000001,,003
0_c1_004_000000.jpg,0,1,train,boat,boat,boat,cross_view,c1,,000000,0:c1:004:000000,,004
0_c1_004_000001.jpg,0,1,train,boat,boat,boat,cross_view,c1,,000001,0:c1:004:000001,,004
0_c1_005_000000.jpg,0,1,train,boat,boat,boat,cross_view,c1,,000000,0:c1:005:000000,,005
0_c1_005_000001.jpg,0,1,train,boat,boat,boat,cross_view,c1,,000001,0:c1:005:000001,,005
0_c1_00_14.jpg,0,1,train,boat,boat,boat,cross_view,c1,,14,0:c1:00:14,,original
0_c1_00_4.jpg,0,1,train,boat,boat,boat,cross_view,c1,,4,0:c1:00:4,,original
0_c2_000_000002.jpg,0,2,train,boat,boat,boat,cross_view,c2,,000002,0:c2:000:000002,,000
0_c2_000_000003.jpg,0,2,train,boat,boat,boat,cross_view,c2,,000003,0:c2:000:000003,,000
0_c2_000_000004.jpg,0,2,train,boat,boat,boat,cross_view,c2,,000004,0:c2:000:000004,,000
0_c2_001_000002.jpg,0,2,train,boat,boat,boat,cross_view,c2,,000002,0:c2:001:000002,,001
0_c2_001_000003.jpg,0,2,train,boat,boat,boat,cross_view,c2,,000003,0:c2:001:000003,,001
0_c2_001_000004.jpg,0,2,train,boat,boat,boat,cross_view,c2,,000004,0:c2:001:000004,,001
0_c2_002_000002.jpg,0,2,train,boat,boat,boat,cross_view,c2,,000002,0:c2:002:000002,,002
0_c2_002_000003.jpg,0,2,train,boat,boat,boat,cross_view,c2,,000003,0:c2:002:000003,,002
0_c2_002_000004.jpg,0,2,train,boat,boat,boat,cross_view,c2,,000004,0:c2:002:000004,,002
0_c2_003_000002.jpg,0,2,train,boat,boat,boat,cross_view,c2,,000002,0:c2:003:000002,,003
0_c2_003_000003.jpg,0,2,train,boat,boat,boat,cross_view,c2,,000003,0:c2:003:000003,,003
0_c2_003_000004.jpg,0,2,train,boat,boat,boat,cross_view,c2,,000004,0:c2:003:000004,,003
0_c2_004_000002.jpg,0,2,train,boat,boat,boat,cross_view,c2,,000002,0:c2:004:000002,,004
0_c2_004_000003.jpg,0,2,train,boat,boat,boat,cross_view,c2,,000003,0:c2:004:000003,,004
0_c2_004_000004.jpg,0,2,train,boat,boat,boat,cross_view,c2,,000004,0:c2:004:000004,,004
0_c2_005_000002.jpg,0,2,train,boat,boat,boat,cross_view,c2,,000002,0:c2:005:000002,,005
0_c2_005_000003.jpg,0,2,train,boat,boat,boat,cross_view,c2,,000003,0:c2:005:000003,,005
0_c2_005_000004.jpg,0,2,train,boat,boat,boat,cross_view,c2,,000004,0:c2:005:000004,,005
0_c2_00_12.jpg,0,2,train,boat,boat,boat,cross_view,c2,,12,0:c2:00:12,,original
0_c2_00_3.jpg,0,2,train,boat,boat,boat,cross_view,c2,,3,0:c2:00:3,,original
0_c2_00_8.jpg,0,2,train,boat,boat,boat,cross_view,c2,,8,0:c2:00:8,,original
0_c3_000_000005.jpg,0,3,train,boat,boat,boat,cross_view,c3,,000005,0:c3:000:000005,,000
0_c3_000_000006.jpg,0,3,train,boat,boat,boat,cross_view,c3,,000006,0:c3:000:000006,,000
0_c3_000_000007.jpg,0,3,train,boat,boat,boat,cross_view,c3,,000007,0:c3:000:000007,,000
0_c3_001_000005.jpg,0,3,train,boat,boat,boat,cross_view,c3,,000005,0:c3:001:000005,,001
0_c3_001_000006.jpg,0,3,train,boat,boat,boat,cross_view,c3,,000006,0:c3:001:000006,,001
0_c3_001_000007.jpg,0,3,train,boat,boat,boat,cross_view,c3,,000007,0:c3:001:000007,,001
0_c3_002_000005.jpg,0,3,train,boat,boat,boat,cross_view,c3,,000005,0:c3:002:000005,,002
0_c3_002_000006.jpg,0,3,train,boat,boat,boat,cross_view,c3,,000006,0:c3:002:000006,,002
0_c3_002_000007.jpg,0,3,train,boat,boat,boat,cross_view,c3,,000007,0:c3:002:000007,,002
0_c3_003_000005.jpg,0,3,train,boat,boat,boat,cross_view,c3,,000005,0:c3:003:000005,,003
0_c3_003_000006.jpg,0,3,train,boat,boat,boat,cross_view,c3,,000006,0:c3:003:000006,,003
0_c3_003_000007.jpg,0,3,train,boat,boat,boat,cross_view,c3,,000007,0:c3:003:000007,,003
0_c3_004_000005.jpg,0,3,train,boat,boat,boat,cross_view,c3,,000005,0:c3:004:000005,,004
0_c3_004_000006.jpg,0,3,train,boat,boat,boat,cross_view,c3,,000006,0:c3:004:000006,,004
0_c3_004_000007.jpg,0,3,train,boat,boat,boat,cross_view,c3,,000007,0:c3:004:000007,,004
0_c3_005_000005.jpg,0,3,train,boat,boat,boat,cross_view,c3,,000005,0:c3:005:000005,,005
0_c3_005_000006.jpg,0,3,train,boat,boat,boat,cross_view,c3,,000006,0:c3:005:000006,,005
0_c3_005_000007.jpg,0,3,train,boat,boat,boat,cross_view,c3,,000007,0:c3:005:000007,,005
0_c3_00_13.jpg,0,3,train,boat,boat,boat,cross_view,c3,,13,0:c3:00:13,,original
0_c3_00_5.jpg,0,3,train,boat,boat,boat,cross_view,c3,,5,0:c3:00:5,,original
0_c3_00_7.jpg,0,3,train,boat,boat,boat,cross_view,c3,,7,0:c3:00:7,,original
0_c4_000_000008.jpg,0,4,train,boat,boat,boat,cross_view,c4,,000008,0:c4:000:000008,,000
0_c4_000_000009.jpg,0,4,train,boat,boat,boat,cross_view,c4,,000009,0:c4:000:000009,,000
0_c4_000_000010.jpg,0,4,train,boat,boat,boat,cross_view,c4,,000010,0:c4:000:000010,,000
0_c4_001_000008.jpg,0,4,train,boat,boat,boat,cross_view,c4,,000008,0:c4:001:000008,,001
0_c4_001_000009.jpg,0,4,train,boat,boat,boat,cross_view,c4,,000009,0:c4:001:000009,,001
0_c4_001_000010.jpg,0,4,train,boat,boat,boat,cross_view,c4,,000010,0:c4:001:000010,,001
0_c4_002_000008.jpg,0,4,train,boat,boat,boat,cross_view,c4,,000008,0:c4:002:000008,,002
0_c4_002_000009.jpg,0,4,train,boat,boat,boat,cross_view,c4,,000009,0:c4:002:000009,,002
0_c4_002_000010.jpg,0,4,train,boat,boat,boat,cross_view,c4,,000010,0:c4:002:000010,,002
0_c4_003_000008.jpg,0,4,train,boat,boat,boat,cross_view,c4,,000008,0:c4:003:000008,,003
0_c4_003_000009.jpg,0,4,train,boat,boat,boat,cross_view,c4,,000009,0:c4:003:000009,,003
0_c4_003_000010.jpg,0,4,train,boat,boat,boat,cross_view,c4,,000010,0:c4:003:000010,,003
0_c4_004_000008.jpg,0,4,train,boat,boat,boat,cross_view,c4,,000008,0:c4:004:000008,,004
0_c4_004_000009.jpg,0,4,train,boat,boat,boat,cross_view,c4,,000009,0:c4:004:000009,,004
0_c4_004_000010.jpg,0,4,train,boat,boat,boat,cross_view,c4,,000010,0:c4:004:000010,,004
0_c4_005_000008.jpg,0,4,train,boat,boat,boat,cross_view,c4,,000008,0:c4:005:000008,,005
0_c4_005_000009.jpg,0,4,train,boat,boat,boat,cross_view,c4,,000009,0:c4:005:000009,,005
0_c4_005_000010.jpg,0,4,train,boat,boat,boat,cross_view,c4,,000010,0:c4:005:000010,,005
0_c4_00_10.jpg,0,4,train,boat,boat,boat,cross_view,c4,,10,0:c4:00:10,,original
0_c4_00_11.jpg,0,4,train,boat,boat,boat,cross_view,c4,,11,0:c4:00:11,,original
0_c4_00_6.jpg,0,4,train,boat,boat,boat,cross_view,c4,,6,0:c4:00:6,,original
0_c5_000_000011.jpg,0,5,train,boat,boat,boat,cross_view,c5,,000011,0:c5:000:000011,,000
0_c5_000_000012.jpg,0,5,train,boat,boat,boat,cross_view,c5,,000012,0:c5:000:000012,,000
0_c5_001_000011.jpg,0,5,train,boat,boat,boat,cross_view,c5,,000011,0:c5:001:000011,,001
0_c5_001_000012.jpg,0,5,train,boat,boat,boat,cross_view,c5,,000012,0:c5:001:000012,,001
0_c5_002_000011.jpg,0,5,train,boat,boat,boat,cross_view,c5,,000011,0:c5:002:000011,,002
0_c5_002_000012.jpg,0,5,train,boat,boat,boat,cross_view,c5,,000012,0:c5:002:000012,,002
0_c5_003_000011.jpg,0,5,train,boat,boat,boat,cross_view,c5,,000011,0:c5:003:000011,,003
0_c5_003_000012.jpg,0,5,train,boat,boat,boat,cross_view,c5,,000012,0:c5:003:000012,,003
0_c5_004_000011.jpg,0,5,train,boat,boat,boat,cross_view,c5,,000011,0:c5:004:000011,,004
0_c5_004_000012.jpg,0,5,train,boat,boat,boat,cross_view,c5,,000012,0:c5:004:000012,,004
0_c5_005_000011.jpg,0,5,train,boat,boat,boat,cross_view,c5,,000011,0:c5:005:000011,,005
0_c5_005_000012.jpg,0,5,train,boat,boat,boat,cross_view,c5,,000012,0:c5:005:000012,,005
0_c5_00_15.jpg,0,5,train,boat,boat,boat,cross_view,c5,,15,0:c5:00:15,,original
0_c5_00_9.jpg,0,5,train,boat,boat,boat,cross_view,c5,,9,0:c5:00:9,,original
0_c6_000_000013.jpg,0,6,train,boat,boat,boat,cross_view,c6,,000013,0:c6:000:000013,,000
0_c6_000_000014.jpg,0,6,train,boat,boat,boat,cross_view,c6,,000014,0:c6:000:000014,,000
0_c6_001_000013.jpg,0,6,train,boat,boat,boat,cross_view,c6,,000013,0:c6:001:000013,,001
0_c6_001_000014.jpg,0,6,train,boat,boat,boat,cross_view,c6,,000014,0:c6:001:000014,,001
0_c6_002_000013.jpg,0,6,train,boat,boat,boat,cross_view,c6,,000013,0:c6:002:000013,,002
0_c6_002_000014.jpg,0,6,train,boat,boat,boat,cross_view,c6,,000014,0:c6:002:000014,,002
0_c6_003_000013.jpg,0,6,train,boat,boat,boat,cross_view,c6,,000013,0:c6:003:000013,,003
0_c6_003_000014.jpg,0,6,train,boat,boat,boat,cross_view,c6,,000014,0:c6:003:000014,,003
0_c6_004_000013.jpg,0,6,train,boat,boat,boat,cross_view,c6,,000013,0:c6:004:000013,,004
0_c6_004_000014.jpg,0,6,train,boat,boat,boat,cross_view,c6,,000014,0:c6:004:000014,,004
0_c6_005_000013.jpg,0,6,train,boat,boat,boat,cross_view,c6,,000013,0:c6:005:000013,,005
0_c6_005_000014.jpg,0,6,train,boat,boat,boat,cross_view,c6,,000014,0:c6:005:000014,,005
0_c6_00_1.jpg,0,6,train,boat,boat,boat,cross_view,c6,,1,0:c6:00:1,,original
0_c6_00_2.jpg,0,6,train,boat,boat,boat,cross_view,c6,,2,0:c6:00:2,,original
100_c1_000_000000.jpg,100,1,train,boat,boat,boat,cross_view,c1,,000000,100:c1:000:000000,,000
100_c1_000_000001.jpg,100,1,train,boat,boat,boat,cross_view,c1,,000001,100:c1:000:000001,,000
100_c1_001_000000.jpg,100,1,train,boat,boat,boat,cross_view,c1,,000000,100:c1:001:000000,,001
100_c1_001_000001.jpg,100,1,train,boat,boat,boat,cross_view,c1,,000001,100:c1:001:000001,,001
100_c1_002_000000.jpg,100,1,train,boat,boat,boat,cross_view,c1,,000000,100:c1:002:000000,,002
100_c1_002_000001.jpg,100,1,train,boat,boat,boat,cross_view,c1,,000001,100:c1:002:000001,,002
100_c1_003_000000.jpg,100,1,train,boat,boat,boat,cross_view,c1,,000000,100:c1:003:000000,,003
100_c1_003_000001.jpg,100,1,train,boat,boat,boat,cross_view,c1,,000001,100:c1:003:000001,,003
100_c1_004_000000.jpg,100,1,train,boat,boat,boat,cross_view,c1,,000000,100:c1:004:000000,,004
100_c1_004_000001.jpg,100,1,train,boat,boat,boat,cross_view,c1,,000001,100:c1:004:000001,,004
100_c1_005_000000.jpg,100,1,train,boat,boat,boat,cross_view,c1,,000000,100:c1:005:000000,,005
100_c1_005_000001.jpg,100,1,train,boat,boat,boat,cross_view,c1,,000001,100:c1:005:000001,,005
100_c1_00_1.jpg,100,1,train,boat,boat,boat,cross_view,c1,,1,100:c1:00:1,,original
100_c1_00_2.jpg,100,1,train,boat,boat,boat,cross_view,c1,,2,100:c1:00:2,,original
100_c3_000_000002.jpg,100,3,train,boat,boat,boat,cross_view,c3,,000002,100:c3:000:000002,,000
100_c3_001_000002.jpg,100,3,train,boat,boat,boat,cross_view,c3,,000002,100:c3:001:000002,,001
100_c3_002_000002.jpg,100,3,train,boat,boat,boat,cross_view,c3,,000002,100:c3:002:000002,,002
100_c3_003_000002.jpg,100,3,train,boat,boat,boat,cross_view,c3,,000002,100:c3:003:000002,,003
100_c3_004_000002.jpg,100,3,train,boat,boat,boat,cross_view,c3,,000002,100:c3:004:000002,,004
100_c3_005_000002.jpg,100,3,train,boat,boat,boat,cross_view,c3,,000002,100:c3:005:000002,,005
100_c3_00_4.jpg,100,3,train,boat,boat,boat,cross_view,c3,,4,100:c3:00:4,,original
100_c4_000_000003.jpg,100,4,train,boat,boat,boat,cross_view,c4,,000003,100:c4:000:000003,,000
100_c4_001_000003.jpg,100,4,train,boat,boat,boat,cross_view,c4,,000003,100:c4:001:000003,,001
100_c4_002_000003.jpg,100,4,train,boat,boat,boat,cross_view,c4,,000003,100:c4:002:000003,,002
100_c4_003_000003.jpg,100,4,train,boat,boat,boat,cross_view,c4,,000003,100:c4:003:000003,,003
100_c4_004_000003.jpg,100,4,train,boat,boat,boat,cross_view,c4,,000003,100:c4:004:000003,,004
100_c4_005_000003.jpg,100,4,train,boat,boat,boat,cross_view,c4,,000003,100:c4:005:000003,,005
100_c4_00_0.jpg,100,4,train,boat,boat,boat,cross_view,c4,,0,100:c4:00:0,,original
100_c6_000_000004.jpg,100,6,train,boat,boat,boat,cross_view,c6,,000004,100:c6:000:000004,,000
100_c6_001_000004.jpg,100,6,train,boat,boat,boat,cross_view,c6,,000004,100:c6:001:000004,,001
100_c6_002_000004.jpg,100,6,train,boat,boat,boat,cross_view,c6,,000004,100:c6:002:000004,,002
100_c6_003_000004.jpg,100,6,train,boat,boat,boat,cross_view,c6,,000004,100:c6:003:000004,,003
100_c6_004_000004.jpg,100,6,train,boat,boat,boat,cross_view,c6,,000004,100:c6:004:000004,,004
100_c6_005_000004.jpg,100,6,train,boat,boat,boat,cross_view,c6,,000004,100:c6:005:000004,,005
100_c6_00_3.jpg,100,6,train,boat,boat,boat,cross_view,c6,,3,100:c6:00:3,,original
101_c1_00_0.jpg,101,1,query,boat,boat,boat,cross_view,c1,,0,101:c1:00:0,,original
101_c1_00_4.jpg,101,1,gallery,boat,boat,boat,cross_view,c1,,4,101:c1:00:4,,original
101_c2_00_2.jpg,101,2,gallery,boat,boat,boat,cross_view,c2,,2,101:c2:00:2,,original
101_c5_00_1.jpg,101,5,gallery,boat,boat,boat,cross_view,c5,,1,101:c5:00:1,,original
101_c5_00_3.jpg,101,5,gallery,boat,boat,boat,cross_view,c5,,3,101:c5:00:3,,original
102_c1_000_000000.jpg,102,1,train,boat,boat,boat,cross_view,c1,,000000,102:c1:000:000000,,000
102_c1_000_000001.jpg,102,1,train,boat,boat,boat,cross_view,c1,,000001,102:c1:000:000001,,000
102_c1_001_000000.jpg,102,1,train,boat,boat,boat,cross_view,c1,,000000,102:c1:001:000000,,001
102_c1_001_000001.jpg,102,1,train,boat,boat,boat,cross_view,c1,,000001,102:c1:001:000001,,001
102_c1_002_000000.jpg,102,1,train,boat,boat,boat,cross_view,c1,,000000,102:c1:002:000000,,002
102_c1_002_000001.jpg,102,1,train,boat,boat,boat,cross_view,c1,,000001,102:c1:002:000001,,002
102_c1_003_000000.jpg,102,1,train,boat,boat,boat,cross_view,c1,,000000,102:c1:003:000000,,003
102_c1_003_000001.jpg,102,1,train,boat,boat,boat,cross_view,c1,,000001,102:c1:003:000001,,003
102_c1_004_000000.jpg,102,1,train,boat,boat,boat,cross_view,c1,,000000,102:c1:004:000000,,004
102_c1_004_000001.jpg,102,1,train,boat,boat,boat,cross_view,c1,,000001,102:c1:004:000001,,004
102_c1_005_000000.jpg,102,1,train,boat,boat,boat,cross_view,c1,,000000,102:c1:005:000000,,005
102_c1_005_000001.jpg,102,1,train,boat,boat,boat,cross_view,c1,,000001,102:c1:005:000001,,005
102_c1_00_0.jpg,102,1,train,boat,boat,boat,cross_view,c1,,0,102:c1:00:0,,original
102_c1_00_2.jpg,102,1,train,boat,boat,boat,cross_view,c1,,2,102:c1:00:2,,original
102_c1_00_4.jpg,102,1,train,boat,boat,boat,cross_view,c1,,4,102:c1:00:4,,original
102_c2_000_000002.jpg,102,2,train,boat,boat,boat,cross_view,c2,,000002,102:c2:000:000002,,000
102_c2_000_000003.jpg,102,2,train,boat,boat,boat,cross_view,c2,,000003,102:c2:000:000003,,000
102_c2_001_000002.jpg,102,2,train,boat,boat,boat,cross_view,c2,,000002,102:c2:001:000002,,001
102_c2_001_000003.jpg,102,2,train,boat,boat,boat,cross_view,c2,,000003,102:c2:001:000003,,001
102_c2_002_000002.jpg,102,2,train,boat,boat,boat,cross_view,c2,,000002,102:c2:002:000002,,002
102_c2_002_000003.jpg,102,2,train,boat,boat,boat,cross_view,c2,,000003,102:c2:002:000003,,002
102_c2_003_000002.jpg,102,2,train,boat,boat,boat,cross_view,c2,,000002,102:c2:003:000002,,003
102_c2_003_000003.jpg,102,2,train,boat,boat,boat,cross_view,c2,,000003,102:c2:003:000003,,003
102_c2_004_000002.jpg,102,2,train,boat,boat,boat,cross_view,c2,,000002,102:c2:004:000002,,004
102_c2_004_000003.jpg,102,2,train,boat,boat,boat,cross_view,c2,,000003,102:c2:004:000003,,004
102_c2_005_000002.jpg,102,2,train,boat,boat,boat,cross_view,c2,,000002,102:c2:005:000002,,005
102_c2_005_000003.jpg,102,2,train,boat,boat,boat,cross_view,c2,,000003,102:c2:005:000003,,005
102_c2_00_1.jpg,102,2,train,boat,boat,boat,cross_view,c2,,1,102:c2:00:1,,original
102_c2_00_3.jpg,102,2,train,boat,boat,boat,cross_view,c2,,3,102:c2:00:3,,original
102_c3_000_000004.jpg,102,3,train,boat,boat,boat,cross_view,c3,,000004,102:c3:000:000004,,000
102_c3_001_000004.jpg,102,3,train,boat,boat,boat,cross_view,c3,,000004,102:c3:001:000004,,001
102_c3_002_000004.jpg,102,3,train,boat,boat,boat,cross_view,c3,,000004,102:c3:002:000004,,002
102_c3_003_000004.jpg,102,3,train,boat,boat,boat,cross_view,c3,,000004,102:c3:003:000004,,003
102_c3_004_000004.jpg,102,3,train,boat,boat,boat,cross_view,c3,,000004,102:c3:004:000004,,004
102_c3_005_000004.jpg,102,3,train,boat,boat,boat,cross_view,c3,,000004,102:c3:005:000004,,005
102_c3_00_7.jpg,102,3,train,boat,boat,boat,cross_view,c3,,7,102:c3:00:7,,original
102_c4_000_000005.jpg,102,4,train,boat,boat,boat,cross_view,c4,,000005,102:c4:000:000005,,000
102_c4_000_000006.jpg,102,4,train,boat,boat,boat,cross_view,c4,,000006,102:c4:000:000006,,000
102_c4_001_000005.jpg,102,4,train,boat,boat,boat,cross_view,c4,,000005,102:c4:001:000005,,001
102_c4_001_000006.jpg,102,4,train,boat,boat,boat,cross_view,c4,,000006,102:c4:001:000006,,001
102_c4_002_000005.jpg,102,4,train,boat,boat,boat,cross_view,c4,,000005,102:c4:002:000005,,002
102_c4_002_000006.jpg,102,4,train,boat,boat,boat,cross_view,c4,,000006,102:c4:002:000006,,002
102_c4_003_000005.jpg,102,4,train,boat,boat,boat,cross_view,c4,,000005,102:c4:003:000005,,003
102_c4_003_000006.jpg,102,4,train,boat,boat,boat,cross_view,c4,,000006,102:c4:003:000006,,003
102_c4_004_000005.jpg,102,4,train,boat,boat,boat,cross_view,c4,,000005,102:c4:004:000005,,004
102_c4_004_000006.jpg,102,4,train,boat,boat,boat,cross_view,c4,,000006,102:c4:004:000006,,004
102_c4_005_000005.jpg,102,4,train,boat,boat,boat,cross_view,c4,,000005,102:c4:005:000005,,005
102_c4_005_000006.jpg,102,4,train,boat,boat,boat,cross_view,c4,,000006,102:c4:005:000006,,005
102_c4_00_0.jpg,102,4,train,boat,boat,boat,cross_view,c4,,0,102:c4:00:0,,original
102_c4_00_1.jpg,102,4,train,boat,boat,boat,cross_view,c4,,1,102:c4:00:1,,original
102_c4_00_4.jpg,102,4,train,boat,boat,boat,cross_view,c4,,4,102:c4:00:4,,original
102_c4_00_5.jpg,102,4,train,boat,boat,boat,cross_view,c4,,5,102:c4:00:5,,original
102_c6_000_000007.jpg,102,6,train,boat,boat,boat,cross_view,c6,,000007,102:c6:000:000007,,000
102_c6_001_000007.jpg,102,6,train,boat,boat,boat,cross_view,c6,,000007,102:c6:001:000007,,001
102_c6_002_000007.jpg,102,6,train,boat,boat,boat,cross_view,c6,,000007,102:c6:002:000007,,002
102_c6_003_000007.jpg,102,6,train,boat,boat,boat,cross_view,c6,,000007,102:c6:003:000007,,003
102_c6_004_000007.jpg,102,6,train,boat,boat,boat,cross_view,c6,,000007,102:c6:004:000007,,004
102_c6_005_000007.jpg,102,6,train,boat,boat,boat,cross_view,c6,,000007,102:c6:005:000007,,005
102_c6_00_2.jpg,102,6,train,boat,boat,boat,cross_view,c6,,2,102:c6:00:2,,original
102_c6_00_3.jpg,102,6,train,boat,boat,boat,cross_view,c6,,3,102:c6:00:3,,original
102_c6_00_6.jpg,102,6,train,boat,boat,boat,cross_view,c6,,6,102:c6:00:6,,original
103_c2_000_000000.jpg,103,2,train,boat,boat,boat,cross_view,c2,,000000,103:c2:000:000000,,000
103_c2_000_000001.jpg,103,2,train,boat,boat,boat,cross_view,c2,,000001,103:c2:000:000001,,000
103_c2_001_000000.jpg,103,2,train,boat,boat,boat,cross_view,c2,,000000,103:c2:001:000000,,001
103_c2_001_000001.jpg,103,2,train,boat,boat,boat,cross_view,c2,,000001,103:c2:001:000001,,001
103_c2_002_000000.jpg,103,2,train,boat,boat,boat,cross_view,c2,,000000,103:c2:002:000000,,002
103_c2_002_000001.jpg,103,2,train,boat,boat,boat,cross_view,c2,,000001,103:c2:002:000001,,002
103_c2_003_000000.jpg,103,2,train,boat,boat,boat,cross_view,c2,,000000,103:c2:003:000000,,003
103_c2_003_000001.jpg,103,2,train,boat,boat,boat,cross_view,c2,,000001,103:c2:003:000001,,003
103_c2_004_000000.jpg,103,2,train,boat,boat,boat,cross_view,c2,,000000,103:c2:004:000000,,004
103_c2_004_000001.jpg,103,2,train,boat,boat,boat,cross_view,c2,,000001,103:c2:004:000001,,004
103_c2_005_000000.jpg,103,2,train,boat,boat,boat,cross_view,c2,,000000,103:c2:005:000000,,005
103_c2_005_000001.jpg,103,2,train,boat,boat,boat,cross_view,c2,,000001,103:c2:005:000001,,005
103_c2_00_0.jpg,103,2,train,boat,boat,boat,cross_view,c2,,0,103:c2:00:0,,original
103_c2_00_6.jpg,103,2,train,boat,boat,boat,cross_view,c2,,6,103:c2:00:6,,original
103_c3_000_000002.jpg,103,3,train,boat,boat,boat,cross_view,c3,,000002,103:c3:000:000002,,000
103_c3_001_000002.jpg,103,3,train,boat,boat,boat,cross_view,c3,,000002,103:c3:001:000002,,001
103_c3_002_000002.jpg,103,3,train,boat,boat,boat,cross_view,c3,,000002,103:c3:002:000002,,002
103_c3_003_000002.jpg,103,3,train,boat,boat,boat,cross_view,c3,,000002,103:c3:003:000002,,003
103_c3_004_000002.jpg,103,3,train,boat,boat,boat,cross_view,c3,,000002,103:c3:004:000002,,004
103_c3_005_000002.jpg,103,3,train,boat,boat,boat,cross_view,c3,,000002,103:c3:005:000002,,005
103_c3_00_2.jpg,103,3,train,boat,boat,boat,cross_view,c3,,2,103:c3:00:2,,original
103_c4_000_000003.jpg,103,4,train,boat,boat,boat,cross_view,c4,,000003,103:c4:000:000003,,000
103_c4_001_000003.jpg,103,4,train,boat,boat,boat,cross_view,c4,,000003,103:c4:001:000003,,001
103_c4_002_000003.jpg,103,4,train,boat,boat,boat,cross_view,c4,,000003,103:c4:002:000003,,002
103_c4_003_000003.jpg,103,4,train,boat,boat,boat,cross_view,c4,,000003,103:c4:003:000003,,003
103_c4_004_000003.jpg,103,4,train,boat,boat,boat,cross_view,c4,,000003,103:c4:004:000003,,004
103_c4_005_000003.jpg,103,4,train,boat,boat,boat,cross_view,c4,,000003,103:c4:005:000003,,005
103_c4_00_4.jpg,103,4,train,boat,boat,boat,cross_view,c4,,4,103:c4:00:4,,original
103_c5_000_000004.jpg,103,5,train,boat,boat,boat,cross_view,c5,,000004,103:c5:000:000004,,000
103_c5_000_000005.jpg,103,5,train,boat,boat,boat,cross_view,c5,,000005,103:c5:000:000005,,000
103_c5_001_000004.jpg,103,5,train,boat,boat,boat,cross_view,c5,,000004,103:c5:001:000004,,001
103_c5_001_000005.jpg,103,5,train,boat,boat,boat,cross_view,c5,,000005,103:c5:001:000005,,001
103_c5_002_000004.jpg,103,5,train,boat,boat,boat,cross_view,c5,,000004,103:c5:002:000004,,002
103_c5_002_000005.jpg,103,5,train,boat,boat,boat,cross_view,c5,,000005,103:c5:002:000005,,002
103_c5_003_000004.jpg,103,5,train,boat,boat,boat,cross_view,c5,,000004,103:c5:003:000004,,003
103_c5_003_000005.jpg,103,5,train,boat,boat,boat,cross_view,c5,,000005,103:c5:003:000005,,003
103_c5_004_000004.jpg,103,5,train,boat,boat,boat,cross_view,c5,,000004,103:c5:004:000004,,004
103_c5_004_000005.jpg,103,5,train,boat,boat,boat,cross_view,c5,,000005,103:c5:004:000005,,004
103_c5_005_000004.jpg,103,5,train,boat,boat,boat,cross_view,c5,,000004,103:c5:005:000004,,005
103_c5_005_000005.jpg,103,5,train,boat,boat,boat,cross_view,c5,,000005,103:c5:005:000005,,005
103_c5_00_3.jpg,103,5,train,boat,boat,boat,cross_view,c5,,3,103:c5:00:3,,original
103_c5_00_5.jpg,103,5,train,boat,boat,boat,cross_view,c5,,5,103:c5:00:5,,original
103_c6_000_000006.jpg,103,6,train,boat,boat,boat,cross_view,c6,,000006,103:c6:000:000006,,000
103_c6_001_000006.jpg,103,6,train,boat,boat,boat,cross_view,c6,,000006,103:c6:001:000006,,001
103_c6_002_000006.jpg,103,6,train,boat,boat,boat,cross_view,c6,,000006,103:c6:002:000006,,002
103_c6_003_000006.jpg,103,6,train,boat,boat,boat,cross_view,c6,,000006,103:c6:003:000006,,003
103_c6_004_000006.jpg,103,6,train,boat,boat,boat,cross_view,c6,,000006,103:c6:004:000006,,004
103_c6_005_000006.jpg,103,6,train,boat,boat,boat,cross_view,c6,,000006,103:c6:005:000006,,005
103_c6_00_8.jpg,103,6,train,boat,boat,boat,cross_view,c6,,8,103:c6:00:8,,original
104_c1_000_000000.jpg,104,1,train,boat,boat,boat,cross_view,c1,,000000,104:c1:000:000000,,000
104_c1_000_000001.jpg,104,1,train,boat,boat,boat,cross_view,c1,,000001,104:c1:000:000001,,000
104_c1_001_000000.jpg,104,1,train,boat,boat,boat,cross_view,c1,,000000,104:c1:001:000000,,001
104_c1_001_000001.jpg,104,1,train,boat,boat,boat,cross_view,c1,,000001,104:c1:001:000001,,001
104_c1_002_000000.jpg,104,1,train,boat,boat,boat,cross_view,c1,,000000,104:c1:002:000000,,002
104_c1_002_000001.jpg,104,1,train,boat,boat,boat,cross_view,c1,,000001,104:c1:002:000001,,002
104_c1_003_000000.jpg,104,1,train,boat,boat,boat,cross_view,c1,,000000,104:c1:003:000000,,003
104_c1_003_000001.jpg,104,1,train,boat,boat,boat,cross_view,c1,,000001,104:c1:003:000001,,003
104_c1_004_000000.jpg,104,1,train,boat,boat,boat,cross_view,c1,,000000,104:c1:004:000000,,004
104_c1_004_000001.jpg,104,1,train,boat,boat,boat,cross_view,c1,,000001,104:c1:004:000001,,004
104_c1_005_000000.jpg,104,1,train,boat,boat,boat,cross_view,c1,,000000,104:c1:005:000000,,005
104_c1_005_000001.jpg,104,1,train,boat,boat,boat,cross_view,c1,,000001,104:c1:005:000001,,005
104_c1_00_8.jpg,104,1,train,boat,boat,boat,cross_view,c1,,8,104:c1:00:8,,original
104_c1_00_9.jpg,104,1,train,boat,boat,boat,cross_view,c1,,9,104:c1:00:9,,original
104_c2_000_000002.jpg,104,2,train,boat,boat,boat,cross_view,c2,,000002,104:c2:000:000002,,000
104_c2_000_000003.jpg,104,2,train,boat,boat,boat,cross_view,c2,,000003,104:c2:000:000003,,000
104_c2_001_000002.jpg,104,2,train,boat,boat,boat,cross_view,c2,,000002,104:c2:001:000002,,001
104_c2_001_000003.jpg,104,2,train,boat,boat,boat,cross_view,c2,,000003,104:c2:001:000003,,001
104_c2_002_000002.jpg,104,2,train,boat,boat,boat,cross_view,c2,,000002,104:c2:002:000002,,002
104_c2_002_000003.jpg,104,2,train,boat,boat,boat,cross_view,c2,,000003,104:c2:002:000003,,002
104_c2_003_000002.jpg,104,2,train,boat,boat,boat,cross_view,c2,,000002,104:c2:003:000002,,003
104_c2_003_000003.jpg,104,2,train,boat,boat,boat,cross_view,c2,,000003,104:c2:003:000003,,003
104_c2_004_000002.jpg,104,2,train,boat,boat,boat,cross_view,c2,,000002,104:c2:004:000002,,004
104_c2_004_000003.jpg,104,2,train,boat,boat,boat,cross_view,c2,,000003,104:c2:004:000003,,004
104_c2_005_000002.jpg,104,2,train,boat,boat,boat,cross_view,c2,,000002,104:c2:005:000002,,005
104_c2_005_000003.jpg,104,2,train,boat,boat,boat,cross_view,c2,,000003,104:c2:005:000003,,005
104_c2_00_0.jpg,104,2,train,boat,boat,boat,cross_view,c2,,0,104:c2:00:0,,original
104_c2_00_1.jpg,104,2,train,boat,boat,boat,cross_view,c2,,1,104:c2:00:1,,original
104_c4_000_000004.jpg,104,4,train,boat,boat,boat,cross_view,c4,,000004,104:c4:000:000004,,000
104_c4_000_000005.jpg,104,4,train,boat,boat,boat,cross_view,c4,,000005,104:c4:000:000005,,000
104_c4_001_000004.jpg,104,4,train,boat,boat,boat,cross_view,c4,,000004,104:c4:001:000004,,001
104_c4_001_000005.jpg,104,4,train,boat,boat,boat,cross_view,c4,,000005,104:c4:001:000005,,001
104_c4_002_000004.jpg,104,4,train,boat,boat,boat,cross_view,c4,,000004,104:c4:002:000004,,002
104_c4_002_000005.jpg,104,4,train,boat,boat,boat,cross_view,c4,,000005,104:c4:002:000005,,002
104_c4_003_000004.jpg,104,4,train,boat,boat,boat,cross_view,c4,,000004,104:c4:003:000004,,003
104_c4_003_000005.jpg,104,4,train,boat,boat,boat,cross_view,c4,,000005,104:c4:003:000005,,003
104_c4_004_000004.jpg,104,4,train,boat,boat,boat,cross_view,c4,,000004,104:c4:004:000004,,004
104_c4_004_000005.jpg,104,4,train,boat,boat,boat,cross_view,c4,,000005,104:c4:004:000005,,004
104_c4_005_000004.jpg,104,4,train,boat,boat,boat,cross_view,c4,,000004,104:c4:005:000004,,005
104_c4_005_000005.jpg,104,4,train,boat,boat,boat,cross_view,c4,,000005,104:c4:005:000005,,005
104_c4_00_2.jpg,104,4,train,boat,boat,boat,cross_view,c4,,2,104:c4:00:2,,original
104_c4_00_7.jpg,104,4,train,boat,boat,boat,cross_view,c4,,7,104:c4:00:7,,original
104_c5_000_000006.jpg,104,5,train,boat,boat,boat,cross_view,c5,,000006,104:c5:000:000006,,000
104_c5_000_000007.jpg,104,5,train,boat,boat,boat,cross_view,c5,,000007,104:c5:000:000007,,000
104_c5_001_000006.jpg,104,5,train,boat,boat,boat,cross_view,c5,,000006,104:c5:001:000006,,001
104_c5_001_000007.jpg,104,5,train,boat,boat,boat,cross_view,c5,,000007,104:c5:001:000007,,001
104_c5_002_000006.jpg,104,5,train,boat,boat,boat,cross_view,c5,,000006,104:c5:002:000006,,002
104_c5_002_000007.jpg,104,5,train,boat,boat,boat,cross_view,c5,,000007,104:c5:002:000007,,002
104_c5_003_000006.jpg,104,5,train,boat,boat,boat,cross_view,c5,,000006,104:c5:003:000006,,003
104_c5_003_000007.jpg,104,5,train,boat,boat,boat,cross_view,c5,,000007,104:c5:003:000007,,003
104_c5_004_000006.jpg,104,5,train,boat,boat,boat,cross_view,c5,,000006,104:c5:004:000006,,004
104_c5_004_000007.jpg,104,5,train,boat,boat,boat,cross_view,c5,,000007,104:c5:004:000007,,004
104_c5_005_000006.jpg,104,5,train,boat,boat,boat,cross_view,c5,,000006,104:c5:005:000006,,005
104_c5_005_000007.jpg,104,5,train,boat,boat,boat,cross_view,c5,,000007,104:c5:005:000007,,005
104_c5_00_3.jpg,104,5,train,boat,boat,boat,cross_view,c5,,3,104:c5:00:3,,original
104_c5_00_4.jpg,104,5,train,boat,boat,boat,cross_view,c5,,4,104:c5:00:4,,original
104_c6_000_000008.jpg,104,6,train,boat,boat,boat,cross_view,c6,,000008,104:c6:000:000008,,000
104_c6_000_000009.jpg,104,6,train,boat,boat,boat,cross_view,c6,,000009,104:c6:000:000009,,000
104_c6_001_000008.jpg,104,6,train,boat,boat,boat,cross_view,c6,,000008,104:c6:001:000008,,001
104_c6_001_000009.jpg,104,6,train,boat,boat,boat,cross_view,c6,,000009,104:c6:001:000009,,001
104_c6_002_000008.jpg,104,6,train,boat,boat,boat,cross_view,c6,,000008,104:c6:002:000008,,002
104_c6_002_000009.jpg,104,6,train,boat,boat,boat,cross_view,c6,,000009,104:c6:002:000009,,002
104_c6_003_000008.jpg,104,6,train,boat,boat,boat,cross_view,c6,,000008,104:c6:003:000008,,003
104_c6_003_000009.jpg,104,6,train,boat,boat,boat,cross_view,c6,,000009,104:c6:003:000009,,003
104_c6_004_000008.jpg,104,6,train,boat,boat,boat,cross_view,c6,,000008,104:c6:004:000008,,004
104_c6_004_000009.jpg,104,6,train,boat,boat,boat,cross_view,c6,,000009,104:c6:004:000009,,004
104_c6_005_000008.jpg,104,6,train,boat,boat,boat,cross_view,c6,,000008,104:c6:005:000008,,005
104_c6_005_000009.jpg,104,6,train,boat,boat,boat,cross_view,c6,,000009,104:c6:005:000009,,005
104_c6_00_5.jpg,104,6,train,boat,boat,boat,cross_view,c6,,5,104:c6:00:5,,original
104_c6_00_6.jpg,104,6,train,boat,boat,boat,cross_view,c6,,6,104:c6:00:6,,original
105_c1_000_000000.jpg,105,1,train,boat,boat,boat,cross_view,c1,,000000,105:c1:000:000000,,000
105_c1_000_000001.jpg,105,1,train,boat,boat,boat,cross_view,c1,,000001,105:c1:000:000001,,000
105_c1_001_000000.jpg,105,1,train,boat,boat,boat,cross_view,c1,,000000,105:c1:001:000000,,001
105_c1_001_000001.jpg,105,1,train,boat,boat,boat,cross_view,c1,,000001,105:c1:001:000001,,001
105_c1_002_000000.jpg,105,1,train,boat,boat,boat,cross_view,c1,,000000,105:c1:002:000000,,002
105_c1_002_000001.jpg,105,1,train,boat,boat,boat,cross_view,c1,,000001,105:c1:002:000001,,002
105_c1_003_000000.jpg,105,1,train,boat,boat,boat,cross_view,c1,,000000,105:c1:003:000000,,003
105_c1_003_000001.jpg,105,1,train,boat,boat,boat,cross_view,c1,,000001,105:c1:003:000001,,003
105_c1_004_000000.jpg,105,1,train,boat,boat,boat,cross_view,c1,,000000,105:c1:004:000000,,004
105_c1_004_000001.jpg,105,1,train,boat,boat,boat,cross_view,c1,,000001,105:c1:004:000001,,004
105_c1_005_000000.jpg,105,1,train,boat,boat,boat,cross_view,c1,,000000,105:c1:005:000000,,005
105_c1_005_000001.jpg,105,1,train,boat,boat,boat,cross_view,c1,,000001,105:c1:005:000001,,005
105_c1_00_6.jpg,105,1,train,boat,boat,boat,cross_view,c1,,6,105:c1:00:6,,original
105_c1_00_8.jpg,105,1,train,boat,boat,boat,cross_view,c1,,8,105:c1:00:8,,original
105_c2_000_000002.jpg,105,2,train,boat,boat,boat,cross_view,c2,,000002,105:c2:000:000002,,000
105_c2_000_000003.jpg,105,2,train,boat,boat,boat,cross_view,c2,,000003,105:c2:000:000003,,000
105_c2_001_000002.jpg,105,2,train,boat,boat,boat,cross_view,c2,,000002,105:c2:001:000002,,001
105_c2_001_000003.jpg,105,2,train,boat,boat,boat,cross_view,c2,,000003,105:c2:001:000003,,001
105_c2_002_000002.jpg,105,2,train,boat,boat,boat,cross_view,c2,,000002,105:c2:002:000002,,002
105_c2_002_000003.jpg,105,2,train,boat,boat,boat,cross_view,c2,,000003,105:c2:002:000003,,002
105_c2_003_000002.jpg,105,2,train,boat,boat,boat,cross_view,c2,,000002,105:c2:003:000002,,003
105_c2_003_000003.jpg,105,2,train,boat,boat,boat,cross_view,c2,,000003,105:c2:003:000003,,003
105_c2_004_000002.jpg,105,2,train,boat,boat,boat,cross_view,c2,,000002,105:c2:004:000002,,004
105_c2_004_000003.jpg,105,2,train,boat,boat,boat,cross_view,c2,,000003,105:c2:004:000003,,004
105_c2_005_000002.jpg,105,2,train,boat,boat,boat,cross_view,c2,,000002,105:c2:005:000002,,005
105_c2_005_000003.jpg,105,2,train,boat,boat,boat,cross_view,c2,,000003,105:c2:005:000003,,005
105_c2_00_0.jpg,105,2,train,boat,boat,boat,cross_view,c2,,0,105:c2:00:0,,original
105_c2_00_1.jpg,105,2,train,boat,boat,boat,cross_view,c2,,1,105:c2:00:1,,original
105_c3_000_000004.jpg,105,3,train,boat,boat,boat,cross_view,c3,,000004,105:c3:000:000004,,000
105_c3_001_000004.jpg,105,3,train,boat,boat,boat,cross_view,c3,,000004,105:c3:001:000004,,001
105_c3_002_000004.jpg,105,3,train,boat,boat,boat,cross_view,c3,,000004,105:c3:002:000004,,002
105_c3_003_000004.jpg,105,3,train,boat,boat,boat,cross_view,c3,,000004,105:c3:003:000004,,003
105_c3_004_000004.jpg,105,3,train,boat,boat,boat,cross_view,c3,,000004,105:c3:004:000004,,004
105_c3_005_000004.jpg,105,3,train,boat,boat,boat,cross_view,c3,,000004,105:c3:005:000004,,005
105_c3_00_2.jpg,105,3,train,boat,boat,boat,cross_view,c3,,2,105:c3:00:2,,original
105_c4_000_000005.jpg,105,4,train,boat,boat,boat,cross_view,c4,,000005,105:c4:000:000005,,000
105_c4_001_000005.jpg,105,4,train,boat,boat,boat,cross_view,c4,,000005,105:c4:001:000005,,001
105_c4_002_000005.jpg,105,4,train,boat,boat,boat,cross_view,c4,,000005,105:c4:002:000005,,002
105_c4_003_000005.jpg,105,4,train,boat,boat,boat,cross_view,c4,,000005,105:c4:003:000005,,003
105_c4_004_000005.jpg,105,4,train,boat,boat,boat,cross_view,c4,,000005,105:c4:004:000005,,004
105_c4_005_000005.jpg,105,4,train,boat,boat,boat,cross_view,c4,,000005,105:c4:005:000005,,005
105_c4_00_7.jpg,105,4,train,boat,boat,boat,cross_view,c4,,7,105:c4:00:7,,original
105_c5_000_000006.jpg,105,5,train,boat,boat,boat,cross_view,c5,,000006,105:c5:000:000006,,000
105_c5_001_000006.jpg,105,5,train,boat,boat,boat,cross_view,c5,,000006,105:c5:001:000006,,001
105_c5_002_000006.jpg,105,5,train,boat,boat,boat,cross_view,c5,,000006,105:c5:002:000006,,002
105_c5_003_000006.jpg,105,5,train,boat,boat,boat,cross_view,c5,,000006,105:c5:003:000006,,003
105_c5_004_000006.jpg,105,5,train,boat,boat,boat,cross_view,c5,,000006,105:c5:004:000006,,004
105_c5_005_000006.jpg,105,5,train,boat,boat,boat,cross_view,c5,,000006,105:c5:005:000006,,005
105_c5_00_5.jpg,105,5,train,boat,boat,boat,cross_view,c5,,5,105:c5:00:5,,original
105_c6_000_000007.jpg,105,6,train,boat,boat,boat,cross_view,c6,,000007,105:c6:000:000007,,000
105_c6_000_000008.jpg,105,6,train,boat,boat,boat,cross_view,c6,,000008,105:c6:000:000008,,000
105_c6_001_000007.jpg,105,6,train,boat,boat,boat,cross_view,c6,,000007,105:c6:001:000007,,001
105_c6_001_000008.jpg,105,6,train,boat,boat,boat,cross_view,c6,,000008,105:c6:001:000008,,001
105_c6_002_000007.jpg,105,6,train,boat,boat,boat,cross_view,c6,,000007,105:c6:002:000007,,002
105_c6_002_000008.jpg,105,6,train,boat,boat,boat,cross_view,c6,,000008,105:c6:002:000008,,002
105_c6_003_000007.jpg,105,6,train,boat,boat,boat,cross_view,c6,,000007,105:c6:003:000007,,003
105_c6_003_000008.jpg,105,6,train,boat,boat,boat,cross_view,c6,,000008,105:c6:003:000008,,003
105_c6_004_000007.jpg,105,6,train,boat,boat,boat,cross_view,c6,,000007,105:c6:004:000007,,004
105_c6_004_000008.jpg,105,6,train,boat,boat,boat,cross_view,c6,,000008,105:c6:004:000008,,004
105_c6_005_000007.jpg,105,6,train,boat,boat,boat,cross_view,c6,,000007,105:c6:005:000007,,005
105_c6_005_000008.jpg,105,6,train,boat,boat,boat,cross_view,c6,,000008,105:c6:005:000008,,005
105_c6_00_3.jpg,105,6,train,boat,boat,boat,cross_view,c6,,3,105:c6:00:3,,original
105_c6_00_4.jpg,105,6,train,boat,boat,boat,cross_view,c6,,4,105:c6:00:4,,original
106_c2_000_000000.jpg,106,2,train,boat,boat,boat,cross_view,c2,,000000,106:c2:000:000000,,000
106_c2_000_000001.jpg,106,2,train,boat,boat,boat,cross_view,c2,,000001,106:c2:000:000001,,000
106_c2_001_000000.jpg,106,2,train,boat,boat,boat,cross_view,c2,,000000,106:c2:001:000000,,001
106_c2_001_000001.jpg,106,2,train,boat,boat,boat,cross_view,c2,,000001,106:c2:001:000001,,001
106_c2_002_000000.jpg,106,2,train,boat,boat,boat,cross_view,c2,,000000,106:c2:002:000000,,002
106_c2_002_000001.jpg,106,2,train,boat,boat,boat,cross_view,c2,,000001,106:c2:002:000001,,002
106_c2_003_000000.jpg,106,2,train,boat,boat,boat,cross_view,c2,,000000,106:c2:003:000000,,003
106_c2_003_000001.jpg,106,2,train,boat,boat,boat,cross_view,c2,,000001,106:c2:003:000001,,003
106_c2_004_000000.jpg,106,2,train,boat,boat,boat,cross_view,c2,,000000,106:c2:004:000000,,004
106_c2_004_000001.jpg,106,2,train,boat,boat,boat,cross_view,c2,,000001,106:c2:004:000001,,004
106_c2_005_000000.jpg,106,2,train,boat,boat,boat,cross_view,c2,,000000,106:c2:005:000000,,005
106_c2_005_000001.jpg,106,2,train,boat,boat,boat,cross_view,c2,,000001,106:c2:005:000001,,005
106_c2_00_1.jpg,106,2,train,boat,boat,boat,cross_view,c2,,1,106:c2:00:1,,original
106_c2_00_2.jpg,106,2,train,boat,boat,boat,cross_view,c2,,2,106:c2:00:2,,original
106_c3_000_000002.jpg,106,3,train,boat,boat,boat,cross_view,c3,,000002,106:c3:000:000002,,000
106_c3_001_000002.jpg,106,3,train,boat,boat,boat,cross_view,c3,,000002,106:c3:001:000002,,001
106_c3_002_000002.jpg,106,3,train,boat,boat,boat,cross_view,c3,,000002,106:c3:002:000002,,002
106_c3_003_000002.jpg,106,3,train,boat,boat,boat,cross_view,c3,,000002,106:c3:003:000002,,003
106_c3_004_000002.jpg,106,3,train,boat,boat,boat,cross_view,c3,,000002,106:c3:004:000002,,004
106_c3_005_000002.jpg,106,3,train,boat,boat,boat,cross_view,c3,,000002,106:c3:005:000002,,005
106_c3_00_0.jpg,106,3,train,boat,boat,boat,cross_view,c3,,0,106:c3:00:0,,original
106_c4_000_000003.jpg,106,4,train,boat,boat,boat,cross_view,c4,,000003,106:c4:000:000003,,000
106_c4_001_000003.jpg,106,4,train,boat,boat,boat,cross_view,c4,,000003,106:c4:001:000003,,001
106_c4_002_000003.jpg,106,4,train,boat,boat,boat,cross_view,c4,,000003,106:c4:002:000003,,002
106_c4_003_000003.jpg,106,4,train,boat,boat,boat,cross_view,c4,,000003,106:c4:003:000003,,003
106_c4_004_000003.jpg,106,4,train,boat,boat,boat,cross_view,c4,,000003,106:c4:004:000003,,004
106_c4_005_000003.jpg,106,4,train,boat,boat,boat,cross_view,c4,,000003,106:c4:005:000003,,005
106_c4_00_3.jpg,106,4,train,boat,boat,boat,cross_view,c4,,3,106:c4:00:3,,original
106_c6_000_000004.jpg,106,6,train,boat,boat,boat,cross_view,c6,,000004,106:c6:000:000004,,000
106_c6_001_000004.jpg,106,6,train,boat,boat,boat,cross_view,c6,,000004,106:c6:001:000004,,001
106_c6_002_000004.jpg,106,6,train,boat,boat,boat,cross_view,c6,,000004,106:c6:002:000004,,002
106_c6_003_000004.jpg,106,6,train,boat,boat,boat,cross_view,c6,,000004,106:c6:003:000004,,003
106_c6_004_000004.jpg,106,6,train,boat,boat,boat,cross_view,c6,,000004,106:c6:004:000004,,004
106_c6_005_000004.jpg,106,6,train,boat,boat,boat,cross_view,c6,,000004,106:c6:005:000004,,005
106_c6_00_4.jpg,106,6,train,boat,boat,boat,cross_view,c6,,4,106:c6:00:4,,original
10_c2_00_1.jpg,10,2,query,boat,boat,boat,cross_view,c2,,1,10:c2:00:1,,original
10_c2_00_3.jpg,10,2,gallery,boat,boat,boat,cross_view,c2,,3,10:c2:00:3,,original
10_c4_00_2.jpg,10,4,gallery,boat,boat,boat,cross_view,c4,,2,10:c4:00:2,,original
10_c6_00_4.jpg,10,6,gallery,boat,boat,boat,cross_view,c6,,4,10:c6:00:4,,original
11_c1_000_000000.jpg,11,1,train,boat,boat,boat,cross_view,c1,,000000,11:c1:000:000000,,000
11_c1_001_000000.jpg,11,1,train,boat,boat,boat,cross_view,c1,,000000,11:c1:001:000000,,001
11_c1_002_000000.jpg,11,1,train,boat,boat,boat,cross_view,c1,,000000,11:c1:002:000000,,002
11_c1_003_000000.jpg,11,1,train,boat,boat,boat,cross_view,c1,,000000,11:c1:003:000000,,003
11_c1_004_000000.jpg,11,1,train,boat,boat,boat,cross_view,c1,,000000,11:c1:004:000000,,004
11_c1_005_000000.jpg,11,1,train,boat,boat,boat,cross_view,c1,,000000,11:c1:005:000000,,005
11_c1_00_0.jpg,11,1,train,boat,boat,boat,cross_view,c1,,0,11:c1:00:0,,original
11_c2_000_000001.jpg,11,2,train,boat,boat,boat,cross_view,c2,,000001,11:c2:000:000001,,000
11_c2_001_000001.jpg,11,2,train,boat,boat,boat,cross_view,c2,,000001,11:c2:001:000001,,001
11_c2_002_000001.jpg,11,2,train,boat,boat,boat,cross_view,c2,,000001,11:c2:002:000001,,002
11_c2_003_000001.jpg,11,2,train,boat,boat,boat,cross_view,c2,,000001,11:c2:003:000001,,003
11_c2_004_000001.jpg,11,2,train,boat,boat,boat,cross_view,c2,,000001,11:c2:004:000001,,004
11_c2_005_000001.jpg,11,2,train,boat,boat,boat,cross_view,c2,,000001,11:c2:005:000001,,005
11_c2_00_4.jpg,11,2,train,boat,boat,boat,cross_view,c2,,4,11:c2:00:4,,original
11_c3_000_000002.jpg,11,3,train,boat,boat,boat,cross_view,c3,,000002,11:c3:000:000002,,000
11_c3_001_000002.jpg,11,3,train,boat,boat,boat,cross_view,c3,,000002,11:c3:001:000002,,001
11_c3_002_000002.jpg,11,3,train,boat,boat,boat,cross_view,c3,,000002,11:c3:002:000002,,002
11_c3_003_000002.jpg,11,3,train,boat,boat,boat,cross_view,c3,,000002,11:c3:003:000002,,003
11_c3_004_000002.jpg,11,3,train,boat,boat,boat,cross_view,c3,,000002,11:c3:004:000002,,004
11_c3_005_000002.jpg,11,3,train,boat,boat,boat,cross_view,c3,,000002,11:c3:005:000002,,005
11_c3_00_3.jpg,11,3,train,boat,boat,boat,cross_view,c3,,3,11:c3:00:3,,original
11_c4_000_000003.jpg,11,4,train,boat,boat,boat,cross_view,c4,,000003,11:c4:000:000003,,000
11_c4_001_000003.jpg,11,4,train,boat,boat,boat,cross_view,c4,,000003,11:c4:001:000003,,001
11_c4_002_000003.jpg,11,4,train,boat,boat,boat,cross_view,c4,,000003,11:c4:002:000003,,002
11_c4_003_000003.jpg,11,4,train,boat,boat,boat,cross_view,c4,,000003,11:c4:003:000003,,003
11_c4_004_000003.jpg,11,4,train,boat,boat,boat,cross_view,c4,,000003,11:c4:004:000003,,004
11_c4_005_000003.jpg,11,4,train,boat,boat,boat,cross_view,c4,,000003,11:c4:005:000003,,005
11_c4_00_2.jpg,11,4,train,boat,boat,boat,cross_view,c4,,2,11:c4:00:2,,original
11_c5_000_000004.jpg,11,5,train,boat,boat,boat,cross_view,c5,,000004,11:c5:000:000004,,000
11_c5_001_000004.jpg,11,5,train,boat,boat,boat,cross_view,c5,,000004,11:c5:001:000004,,001
11_c5_002_000004.jpg,11,5,train,boat,boat,boat,cross_view,c5,,000004,11:c5:002:000004,,002
11_c5_003_000004.jpg,11,5,train,boat,boat,boat,cross_view,c5,,000004,11:c5:003:000004,,003
11_c5_004_000004.jpg,11,5,train,boat,boat,boat,cross_view,c5,,000004,11:c5:004:000004,,004
11_c5_005_000004.jpg,11,5,train,boat,boat,boat,cross_view,c5,,000004,11:c5:005:000004,,005
11_c5_00_1.jpg,11,5,train,boat,boat,boat,cross_view,c5,,1,11:c5:00:1,,original
12_c1_000_000000.jpg,12,1,train,boat,boat,boat,cross_view,c1,,000000,12:c1:000:000000,,000
12_c1_001_000000.jpg,12,1,train,boat,boat,boat,cross_view,c1,,000000,12:c1:001:000000,,001
12_c1_002_000000.jpg,12,1,train,boat,boat,boat,cross_view,c1,,000000,12:c1:002:000000,,002
12_c1_003_000000.jpg,12,1,train,boat,boat,boat,cross_view,c1,,000000,12:c1:003:000000,,003
12_c1_004_000000.jpg,12,1,train,boat,boat,boat,cross_view,c1,,000000,12:c1:004:000000,,004
12_c1_005_000000.jpg,12,1,train,boat,boat,boat,cross_view,c1,,000000,12:c1:005:000000,,005
12_c1_00_1.jpg,12,1,train,boat,boat,boat,cross_view,c1,,1,12:c1:00:1,,original
12_c3_000_000001.jpg,12,3,train,boat,boat,boat,cross_view,c3,,000001,12:c3:000:000001,,000
12_c3_001_000001.jpg,12,3,train,boat,boat,boat,cross_view,c3,,000001,12:c3:001:000001,,001
12_c3_002_000001.jpg,12,3,train,boat,boat,boat,cross_view,c3,,000001,12:c3:002:000001,,002
12_c3_003_000001.jpg,12,3,train,boat,boat,boat,cross_view,c3,,000001,12:c3:003:000001,,003
12_c3_004_000001.jpg,12,3,train,boat,boat,boat,cross_view,c3,,000001,12:c3:004:000001,,004
12_c3_005_000001.jpg,12,3,train,boat,boat,boat,cross_view,c3,,000001,12:c3:005:000001,,005
12_c3_00_2.jpg,12,3,train,boat,boat,boat,cross_view,c3,,2,12:c3:00:2,,original
12_c5_000_000002.jpg,12,5,train,boat,boat,boat,cross_view,c5,,000002,12:c5:000:000002,,000
12_c5_001_000002.jpg,12,5,train,boat,boat,boat,cross_view,c5,,000002,12:c5:001:000002,,001
12_c5_002_000002.jpg,12,5,train,boat,boat,boat,cross_view,c5,,000002,12:c5:002:000002,,002
12_c5_003_000002.jpg,12,5,train,boat,boat,boat,cross_view,c5,,000002,12:c5:003:000002,,003
12_c5_004_000002.jpg,12,5,train,boat,boat,boat,cross_view,c5,,000002,12:c5:004:000002,,004
12_c5_005_000002.jpg,12,5,train,boat,boat,boat,cross_view,c5,,000002,12:c5:005:000002,,005
12_c5_00_0.jpg,12,5,train,boat,boat,boat,cross_view,c5,,0,12:c5:00:0,,original
13_c1_000_000000.jpg,13,1,train,boat,boat,boat,cross_view,c1,,000000,13:c1:000:000000,,000
13_c1_001_000000.jpg,13,1,train,boat,boat,boat,cross_view,c1,,000000,13:c1:001:000000,,001
13_c1_002_000000.jpg,13,1,train,boat,boat,boat,cross_view,c1,,000000,13:c1:002:000000,,002
13_c1_003_000000.jpg,13,1,train,boat,boat,boat,cross_view,c1,,000000,13:c1:003:000000,,003
13_c1_004_000000.jpg,13,1,train,boat,boat,boat,cross_view,c1,,000000,13:c1:004:000000,,004
13_c1_005_000000.jpg,13,1,train,boat,boat,boat,cross_view,c1,,000000,13:c1:005:000000,,005
13_c4_000_000001.jpg,13,4,train,boat,boat,boat,cross_view,c4,,000001,13:c4:000:000001,,000
13_c4_000_000002.jpg,13,4,train,boat,boat,boat,cross_view,c4,,000002,13:c4:000:000002,,000
13_c4_001_000001.jpg,13,4,train,boat,boat,boat,cross_view,c4,,000001,13:c4:001:000001,,001
13_c4_001_000002.jpg,13,4,train,boat,boat,boat,cross_view,c4,,000002,13:c4:001:000002,,001
13_c4_002_000001.jpg,13,4,train,boat,boat,boat,cross_view,c4,,000001,13:c4:002:000001,,002
13_c4_002_000002.jpg,13,4,train,boat,boat,boat,cross_view,c4,,000002,13:c4:002:000002,,002
13_c4_003_000001.jpg,13,4,train,boat,boat,boat,cross_view,c4,,000001,13:c4:003:000001,,003
13_c4_003_000002.jpg,13,4,train,boat,boat,boat,cross_view,c4,,000002,13:c4:003:000002,,003
13_c4_004_000001.jpg,13,4,train,boat,boat,boat,cross_view,c4,,000001,13:c4:004:000001,,004
13_c4_004_000002.jpg,13,4,train,boat,boat,boat,cross_view,c4,,000002,13:c4:004:000002,,004
13_c4_005_000001.jpg,13,4,train,boat,boat,boat,cross_view,c4,,000001,13:c4:005:000001,,005
13_c4_005_000002.jpg,13,4,train,boat,boat,boat,cross_view,c4,,000002,13:c4:005:000002,,005
13_c6_000_000003.jpg,13,6,train,boat,boat,boat,cross_view,c6,,000003,13:c6:000:000003,,000
13_c6_000_000004.jpg,13,6,train,boat,boat,boat,cross_view,c6,,000004,13:c6:000:000004,,000
13_c6_001_000003.jpg,13,6,train,boat,boat,boat,cross_view,c6,,000003,13:c6:001:000003,,001
13_c6_001_000004.jpg,13,6,train,boat,boat,boat,cross_view,c6,,000004,13:c6:001:000004,,001
13_c6_002_000003.jpg,13,6,train,boat,boat,boat,cross_view,c6,,000003,13:c6:002:000003,,002
13_c6_002_000004.jpg,13,6,train,boat,boat,boat,cross_view,c6,,000004,13:c6:002:000004,,002
13_c6_003_000003.jpg,13,6,train,boat,boat,boat,cross_view,c6,,000003,13:c6:003:000003,,003
13_c6_003_000004.jpg,13,6,train,boat,boat,boat,cross_view,c6,,000004,13:c6:003:000004,,003
13_c6_004_000003.jpg,13,6,train,boat,boat,boat,cross_view,c6,,000003,13:c6:004:000003,,004
13_c6_004_000004.jpg,13,6,train,boat,boat,boat,cross_view,c6,,000004,13:c6:004:000004,,004
13_c6_005_000003.jpg,13,6,train,boat,boat,boat,cross_view,c6,,000003,13:c6:005:000003,,005
13_c6_005_000004.jpg,13,6,train,boat,boat,boat,cross_view,c6,,000004,13:c6:005:000004,,005
14_c1_000_000000.jpg,14,1,train,boat,boat,boat,cross_view,c1,,000000,14:c1:000:000000,,000
14_c1_001_000000.jpg,14,1,train,boat,boat,boat,cross_view,c1,,000000,14:c1:001:000000,,001
14_c1_002_000000.jpg,14,1,train,boat,boat,boat,cross_view,c1,,000000,14:c1:002:000000,,002
14_c1_003_000000.jpg,14,1,train,boat,boat,boat,cross_view,c1,,000000,14:c1:003:000000,,003
14_c1_004_000000.jpg,14,1,train,boat,boat,boat,cross_view,c1,,000000,14:c1:004:000000,,004
14_c1_005_000000.jpg,14,1,train,boat,boat,boat,cross_view,c1,,000000,14:c1:005:000000,,005
14_c1_00_0.jpg,14,1,train,boat,boat,boat,cross_view,c1,,0,14:c1:00:0,,original
14_c2_000_000001.jpg,14,2,train,boat,boat,boat,cross_view,c2,,000001,14:c2:000:000001,,000
14_c2_001_000001.jpg,14,2,train,boat,boat,boat,cross_view,c2,,000001,14:c2:001:000001,,001
14_c2_002_000001.jpg,14,2,train,boat,boat,boat,cross_view,c2,,000001,14:c2:002:000001,,002
14_c2_003_000001.jpg,14,2,train,boat,boat,boat,cross_view,c2,,000001,14:c2:003:000001,,003
14_c2_004_000001.jpg,14,2,train,boat,boat,boat,cross_view,c2,,000001,14:c2:004:000001,,004
14_c2_005_000001.jpg,14,2,train,boat,boat,boat,cross_view,c2,,000001,14:c2:005:000001,,005
14_c2_00_2.jpg,14,2,train,boat,boat,boat,cross_view,c2,,2,14:c2:00:2,,original
14_c3_000_000002.jpg,14,3,train,boat,boat,boat,cross_view,c3,,000002,14:c3:000:000002,,000
14_c3_001_000002.jpg,14,3,train,boat,boat,boat,cross_view,c3,,000002,14:c3:001:000002,,001
14_c3_002_000002.jpg,14,3,train,boat,boat,boat,cross_view,c3,,000002,14:c3:002:000002,,002
14_c3_003_000002.jpg,14,3,train,boat,boat,boat,cross_view,c3,,000002,14:c3:003:000002,,003
14_c3_004_000002.jpg,14,3,train,boat,boat,boat,cross_view,c3,,000002,14:c3:004:000002,,004
14_c3_005_000002.jpg,14,3,train,boat,boat,boat,cross_view,c3,,000002,14:c3:005:000002,,005
14_c3_00_3.jpg,14,3,train,boat,boat,boat,cross_view,c3,,3,14:c3:00:3,,original
14_c4_000_000003.jpg,14,4,train,boat,boat,boat,cross_view,c4,,000003,14:c4:000:000003,,000
14_c4_001_000003.jpg,14,4,train,boat,boat,boat,cross_view,c4,,000003,14:c4:001:000003,,001
14_c4_002_000003.jpg,14,4,train,boat,boat,boat,cross_view,c4,,000003,14:c4:002:000003,,002
14_c4_003_000003.jpg,14,4,train,boat,boat,boat,cross_view,c4,,000003,14:c4:003:000003,,003
14_c4_004_000003.jpg,14,4,train,boat,boat,boat,cross_view,c4,,000003,14:c4:004:000003,,004
14_c4_005_000003.jpg,14,4,train,boat,boat,boat,cross_view,c4,,000003,14:c4:005:000003,,005
14_c4_00_1.jpg,14,4,train,boat,boat,boat,cross_view,c4,,1,14:c4:00:1,,original
14_c5_000_000004.jpg,14,5,train,boat,boat,boat,cross_view,c5,,000004,14:c5:000:000004,,000
14_c5_001_000004.jpg,14,5,train,boat,boat,boat,cross_view,c5,,000004,14:c5:001:000004,,001
14_c5_002_000004.jpg,14,5,train,boat,boat,boat,cross_view,c5,,000004,14:c5:002:000004,,002
14_c5_003_000004.jpg,14,5,train,boat,boat,boat,cross_view,c5,,000004,14:c5:003:000004,,003
14_c5_004_000004.jpg,14,5,train,boat,boat,boat,cross_view,c5,,000004,14:c5:004:000004,,004
14_c5_005_000004.jpg,14,5,train,boat,boat,boat,cross_view,c5,,000004,14:c5:005:000004,,005
14_c5_00_4.jpg,14,5,train,boat,boat,boat,cross_view,c5,,4,14:c5:00:4,,original
15_c1_000_000000.jpg,15,1,train,boat,boat,boat,cross_view,c1,,000000,15:c1:000:000000,,000
15_c1_000_000001.jpg,15,1,train,boat,boat,boat,cross_view,c1,,000001,15:c1:000:000001,,000
15_c1_000_000002.jpg,15,1,train,boat,boat,boat,cross_view,c1,,000002,15:c1:000:000002,,000
15_c1_001_000000.jpg,15,1,train,boat,boat,boat,cross_view,c1,,000000,15:c1:001:000000,,001
15_c1_001_000001.jpg,15,1,train,boat,boat,boat,cross_view,c1,,000001,15:c1:001:000001,,001
15_c1_001_000002.jpg,15,1,train,boat,boat,boat,cross_view,c1,,000002,15:c1:001:000002,,001
15_c1_002_000000.jpg,15,1,train,boat,boat,boat,cross_view,c1,,000000,15:c1:002:000000,,002
15_c1_002_000001.jpg,15,1,train,boat,boat,boat,cross_view,c1,,000001,15:c1:002:000001,,002
15_c1_002_000002.jpg,15,1,train,boat,boat,boat,cross_view,c1,,000002,15:c1:002:000002,,002
15_c1_003_000000.jpg,15,1,train,boat,boat,boat,cross_view,c1,,000000,15:c1:003:000000,,003
15_c1_003_000001.jpg,15,1,train,boat,boat,boat,cross_view,c1,,000001,15:c1:003:000001,,003
15_c1_003_000002.jpg,15,1,train,boat,boat,boat,cross_view,c1,,000002,15:c1:003:000002,,003
15_c1_004_000000.jpg,15,1,train,boat,boat,boat,cross_view,c1,,000000,15:c1:004:000000,,004
15_c1_004_000001.jpg,15,1,train,boat,boat,boat,cross_view,c1,,000001,15:c1:004:000001,,004
15_c1_004_000002.jpg,15,1,train,boat,boat,boat,cross_view,c1,,000002,15:c1:004:000002,,004
15_c1_005_000000.jpg,15,1,train,boat,boat,boat,cross_view,c1,,000000,15:c1:005:000000,,005
15_c1_005_000001.jpg,15,1,train,boat,boat,boat,cross_view,c1,,000001,15:c1:005:000001,,005
15_c1_005_000002.jpg,15,1,train,boat,boat,boat,cross_view,c1,,000002,15:c1:005:000002,,005
15_c1_00_22.jpg,15,1,train,boat,boat,boat,cross_view,c1,,22,15:c1:00:22,,original
15_c1_00_23.jpg,15,1,train,boat,boat,boat,cross_view,c1,,23,15:c1:00:23,,original
15_c1_00_24.jpg,15,1,train,boat,boat,boat,cross_view,c1,,24,15:c1:00:24,,original
15_c2_000_000003.jpg,15,2,train,boat,boat,boat,cross_view,c2,,000003,15:c2:000:000003,,000
15_c2_000_000004.jpg,15,2,train,boat,boat,boat,cross_view,c2,,000004,15:c2:000:000004,,000
15_c2_000_000005.jpg,15,2,train,boat,boat,boat,cross_view,c2,,000005,15:c2:000:000005,,000
15_c2_000_000006.jpg,15,2,train,boat,boat,boat,cross_view,c2,,000006,15:c2:000:000006,,000
15_c2_001_000003.jpg,15,2,train,boat,boat,boat,cross_view,c2,,000003,15:c2:001:000003,,001
15_c2_001_000004.jpg,15,2,train,boat,boat,boat,cross_view,c2,,000004,15:c2:001:000004,,001
15_c2_001_000005.jpg,15,2,train,boat,boat,boat,cross_view,c2,,000005,15:c2:001:000005,,001
15_c2_001_000006.jpg,15,2,train,boat,boat,boat,cross_view,c2,,000006,15:c2:001:000006,,001
15_c2_002_000003.jpg,15,2,train,boat,boat,boat,cross_view,c2,,000003,15:c2:002:000003,,002
15_c2_002_000004.jpg,15,2,train,boat,boat,boat,cross_view,c2,,000004,15:c2:002:000004,,002
15_c2_002_000005.jpg,15,2,train,boat,boat,boat,cross_view,c2,,000005,15:c2:002:000005,,002
15_c2_002_000006.jpg,15,2,train,boat,boat,boat,cross_view,c2,,000006,15:c2:002:000006,,002
15_c2_003_000003.jpg,15,2,train,boat,boat,boat,cross_view,c2,,000003,15:c2:003:000003,,003
15_c2_003_000004.jpg,15,2,train,boat,boat,boat,cross_view,c2,,000004,15:c2:003:000004,,003
15_c2_003_000005.jpg,15,2,train,boat,boat,boat,cross_view,c2,,000005,15:c2:003:000005,,003
15_c2_003_000006.jpg,15,2,train,boat,boat,boat,cross_view,c2,,000006,15:c2:003:000006,,003
15_c2_004_000003.jpg,15,2,train,boat,boat,boat,cross_view,c2,,000003,15:c2:004:000003,,004
15_c2_004_000004.jpg,15,2,train,boat,boat,boat,cross_view,c2,,000004,15:c2:004:000004,,004
15_c2_004_000005.jpg,15,2,train,boat,boat,boat,cross_view,c2,,000005,15:c2:004:000005,,004
15_c2_004_000006.jpg,15,2,train,boat,boat,boat,cross_view,c2,,000006,15:c2:004:000006,,004
15_c2_005_000003.jpg,15,2,train,boat,boat,boat,cross_view,c2,,000003,15:c2:005:000003,,005
15_c2_005_000004.jpg,15,2,train,boat,boat,boat,cross_view,c2,,000004,15:c2:005:000004,,005
15_c2_005_000005.jpg,15,2,train,boat,boat,boat,cross_view,c2,,000005,15:c2:005:000005,,005
15_c2_005_000006.jpg,15,2,train,boat,boat,boat,cross_view,c2,,000006,15:c2:005:000006,,005
15_c2_00_10.jpg,15,2,train,boat,boat,boat,cross_view,c2,,10,15:c2:00:10,,original
15_c2_00_15.jpg,15,2,train,boat,boat,boat,cross_view,c2,,15,15:c2:00:15,,original
15_c2_00_4.jpg,15,2,train,boat,boat,boat,cross_view,c2,,4,15:c2:00:4,,original
15_c2_00_5.jpg,15,2,train,boat,boat,boat,cross_view,c2,,5,15:c2:00:5,,original
15_c3_000_000007.jpg,15,3,train,boat,boat,boat,cross_view,c3,,000007,15:c3:000:000007,,000
15_c3_000_000008.jpg,15,3,train,boat,boat,boat,cross_view,c3,,000008,15:c3:000:000008,,000
15_c3_000_000009.jpg,15,3,train,boat,boat,boat,cross_view,c3,,000009,15:c3:000:000009,,000
15_c3_000_000010.jpg,15,3,train,boat,boat,boat,cross_view,c3,,000010,15:c3:000:000010,,000
15_c3_001_000007.jpg,15,3,train,boat,boat,boat,cross_view,c3,,000007,15:c3:001:000007,,001
15_c3_001_000008.jpg,15,3,train,boat,boat,boat,cross_view,c3,,000008,15:c3:001:000008,,001
15_c3_001_000009.jpg,15,3,train,boat,boat,boat,cross_view,c3,,000009,15:c3:001:000009,,001
15_c3_001_000010.jpg,15,3,train,boat,boat,boat,cross_view,c3,,000010,15:c3:001:000010,,001
15_c3_002_000007.jpg,15,3,train,boat,boat,boat,cross_view,c3,,000007,15:c3:002:000007,,002
15_c3_002_000008.jpg,15,3,train,boat,boat,boat,cross_view,c3,,000008,15:c3:002:000008,,002
15_c3_002_000009.jpg,15,3,train,boat,boat,boat,cross_view,c3,,000009,15:c3:002:000009,,002
15_c3_002_000010.jpg,15,3,train,boat,boat,boat,cross_view,c3,,000010,15:c3:002:000010,,002
15_c3_003_000007.jpg,15,3,train,boat,boat,boat,cross_view,c3,,000007,15:c3:003:000007,,003
15_c3_003_000008.jpg,15,3,train,boat,boat,boat,cross_view,c3,,000008,15:c3:003:000008,,003
15_c3_003_000009.jpg,15,3,train,boat,boat,boat,cross_view,c3,,000009,15:c3:003:000009,,003
15_c3_003_000010.jpg,15,3,train,boat,boat,boat,cross_view,c3,,000010,15:c3:003:000010,,003
15_c3_004_000007.jpg,15,3,train,boat,boat,boat,cross_view,c3,,000007,15:c3:004:000007,,004
15_c3_004_000008.jpg,15,3,train,boat,boat,boat,cross_view,c3,,000008,15:c3:004:000008,,004
15_c3_004_000009.jpg,15,3,train,boat,boat,boat,cross_view,c3,,000009,15:c3:004:000009,,004
15_c3_004_000010.jpg,15,3,train,boat,boat,boat,cross_view,c3,,000010,15:c3:004:000010,,004
15_c3_005_000007.jpg,15,3,train,boat,boat,boat,cross_view,c3,,000007,15:c3:005:000007,,005
15_c3_005_000008.jpg,15,3,train,boat,boat,boat,cross_view,c3,,000008,15:c3:005:000008,,005
15_c3_005_000009.jpg,15,3,train,boat,boat,boat,cross_view,c3,,000009,15:c3:005:000009,,005
15_c3_005_000010.jpg,15,3,train,boat,boat,boat,cross_view,c3,,000010,15:c3:005:000010,,005
15_c3_00_11.jpg,15,3,train,boat,boat,boat,cross_view,c3,,11,15:c3:00:11,,original
15_c3_00_16.jpg,15,3,train,boat,boat,boat,cross_view,c3,,16,15:c3:00:16,,original
15_c3_00_2.jpg,15,3,train,boat,boat,boat,cross_view,c3,,2,15:c3:00:2,,original
15_c3_00_6.jpg,15,3,train,boat,boat,boat,cross_view,c3,,6,15:c3:00:6,,original
15_c4_000_000011.jpg,15,4,train,boat,boat,boat,cross_view,c4,,000011,15:c4:000:000011,,000
15_c4_000_000012.jpg,15,4,train,boat,boat,boat,cross_view,c4,,000012,15:c4:000:000012,,000
15_c4_000_000013.jpg,15,4,train,boat,boat,boat,cross_view,c4,,000013,15:c4:000:000013,,000
15_c4_000_000014.jpg,15,4,train,boat,boat,boat,cross_view,c4,,000014,15:c4:000:000014,,000
15_c4_001_000011.jpg,15,4,train,boat,boat,boat,cross_view,c4,,000011,15:c4:001:000011,,001
15_c4_001_000012.jpg,15,4,train,boat,boat,boat,cross_view,c4,,000012,15:c4:001:000012,,001
15_c4_001_000013.jpg,15,4,train,boat,boat,boat,cross_view,c4,,000013,15:c4:001:000013,,001
15_c4_001_000014.jpg,15,4,train,boat,boat,boat,cross_view,c4,,000014,15:c4:001:000014,,001
15_c4_002_000011.jpg,15,4,train,boat,boat,boat,cross_view,c4,,000011,15:c4:002:000011,,002
15_c4_002_000012.jpg,15,4,train,boat,boat,boat,cross_view,c4,,000012,15:c4:002:000012,,002
15_c4_002_000013.jpg,15,4,train,boat,boat,boat,cross_view,c4,,000013,15:c4:002:000013,,002
15_c4_002_000014.jpg,15,4,train,boat,boat,boat,cross_view,c4,,000014,15:c4:002:000014,,002
15_c4_003_000011.jpg,15,4,train,boat,boat,boat,cross_view,c4,,000011,15:c4:003:000011,,003
15_c4_003_000012.jpg,15,4,train,boat,boat,boat,cross_view,c4,,000012,15:c4:003:000012,,003
15_c4_003_000013.jpg,15,4,train,boat,boat,boat,cross_view,c4,,000013,15:c4:003:000013,,003
15_c4_003_000014.jpg,15,4,train,boat,boat,boat,cross_view,c4,,000014,15:c4:003:000014,,003
15_c4_004_000011.jpg,15,4,train,boat,boat,boat,cross_view,c4,,000011,15:c4:004:000011,,004
15_c4_004_000012.jpg,15,4,train,boat,boat,boat,cross_view,c4,,000012,15:c4:004:000012,,004
15_c4_004_000013.jpg,15,4,train,boat,boat,boat,cross_view,c4,,000013,15:c4:004:000013,,004
15_c4_004_000014.jpg,15,4,train,boat,boat,boat,cross_view,c4,,000014,15:c4:004:000014,,004
15_c4_005_000011.jpg,15,4,train,boat,boat,boat,cross_view,c4,,000011,15:c4:005:000011,,005
15_c4_005_000012.jpg,15,4,train,boat,boat,boat,cross_view,c4,,000012,15:c4:005:000012,,005
15_c4_005_000013.jpg,15,4,train,boat,boat,boat,cross_view,c4,,000013,15:c4:005:000013,,005
15_c4_005_000014.jpg,15,4,train,boat,boat,boat,cross_view,c4,,000014,15:c4:005:000014,,005
15_c4_00_12.jpg,15,4,train,boat,boat,boat,cross_view,c4,,12,15:c4:00:12,,original
15_c4_00_17.jpg,15,4,train,boat,boat,boat,cross_view,c4,,17,15:c4:00:17,,original
15_c4_00_3.jpg,15,4,train,boat,boat,boat,cross_view,c4,,3,15:c4:00:3,,original
15_c4_00_7.jpg,15,4,train,boat,boat,boat,cross_view,c4,,7,15:c4:00:7,,original
15_c5_000_000015.jpg,15,5,train,boat,boat,boat,cross_view,c5,,000015,15:c5:000:000015,,000
15_c5_000_000016.jpg,15,5,train,boat,boat,boat,cross_view,c5,,000016,15:c5:000:000016,,000
15_c5_000_000017.jpg,15,5,train,boat,boat,boat,cross_view,c5,,000017,15:c5:000:000017,,000
15_c5_000_000018.jpg,15,5,train,boat,boat,boat,cross_view,c5,,000018,15:c5:000:000018,,000
15_c5_000_000019.jpg,15,5,train,boat,boat,boat,cross_view,c5,,000019,15:c5:000:000019,,000
15_c5_001_000015.jpg,15,5,train,boat,boat,boat,cross_view,c5,,000015,15:c5:001:000015,,001
15_c5_001_000016.jpg,15,5,train,boat,boat,boat,cross_view,c5,,000016,15:c5:001:000016,,001
15_c5_001_000017.jpg,15,5,train,boat,boat,boat,cross_view,c5,,000017,15:c5:001:000017,,001
15_c5_001_000018.jpg,15,5,train,boat,boat,boat,cross_view,c5,,000018,15:c5:001:000018,,001
15_c5_001_000019.jpg,15,5,train,boat,boat,boat,cross_view,c5,,000019,15:c5:001:000019,,001
15_c5_002_000015.jpg,15,5,train,boat,boat,boat,cross_view,c5,,000015,15:c5:002:000015,,002
15_c5_002_000016.jpg,15,5,train,boat,boat,boat,cross_view,c5,,000016,15:c5:002:000016,,002
15_c5_002_000017.jpg,15,5,train,boat,boat,boat,cross_view,c5,,000017,15:c5:002:000017,,002
15_c5_002_000018.jpg,15,5,train,boat,boat,boat,cross_view,c5,,000018,15:c5:002:000018,,002
15_c5_002_000019.jpg,15,5,train,boat,boat,boat,cross_view,c5,,000019,15:c5:002:000019,,002
15_c5_003_000015.jpg,15,5,train,boat,boat,boat,cross_view,c5,,000015,15:c5:003:000015,,003
15_c5_003_000016.jpg,15,5,train,boat,boat,boat,cross_view,c5,,000016,15:c5:003:000016,,003
15_c5_003_000017.jpg,15,5,train,boat,boat,boat,cross_view,c5,,000017,15:c5:003:000017,,003
15_c5_003_000018.jpg,15,5,train,boat,boat,boat,cross_view,c5,,000018,15:c5:003:000018,,003
15_c5_003_000019.jpg,15,5,train,boat,boat,boat,cross_view,c5,,000019,15:c5:003:000019,,003
15_c5_004_000015.jpg,15,5,train,boat,boat,boat,cross_view,c5,,000015,15:c5:004:000015,,004
15_c5_004_000016.jpg,15,5,train,boat,boat,boat,cross_view,c5,,000016,15:c5:004:000016,,004
15_c5_004_000017.jpg,15,5,train,boat,boat,boat,cross_view,c5,,000017,15:c5:004:000017,,004
15_c5_004_000018.jpg,15,5,train,boat,boat,boat,cross_view,c5,,000018,15:c5:004:000018,,004
15_c5_004_000019.jpg,15,5,train,boat,boat,boat,cross_view,c5,,000019,15:c5:004:000019,,004
15_c5_005_000015.jpg,15,5,train,boat,boat,boat,cross_view,c5,,000015,15:c5:005:000015,,005
15_c5_005_000016.jpg,15,5,train,boat,boat,boat,cross_view,c5,,000016,15:c5:005:000016,,005
15_c5_005_000017.jpg,15,5,train,boat,boat,boat,cross_view,c5,,000017,15:c5:005:000017,,005
15_c5_005_000018.jpg,15,5,train,boat,boat,boat,cross_view,c5,,000018,15:c5:005:000018,,005
15_c5_005_000019.jpg,15,5,train,boat,boat,boat,cross_view,c5,,000019,15:c5:005:000019,,005
15_c5_00_0.jpg,15,5,train,boat,boat,boat,cross_view,c5,,0,15:c5:00:0,,original
15_c5_00_13.jpg,15,5,train,boat,boat,boat,cross_view,c5,,13,15:c5:00:13,,original
15_c5_00_18.jpg,15,5,train,boat,boat,boat,cross_view,c5,,18,15:c5:00:18,,original
15_c5_00_21.jpg,15,5,train,boat,boat,boat,cross_view,c5,,21,15:c5:00:21,,original
15_c5_00_8.jpg,15,5,train,boat,boat,boat,cross_view,c5,,8,15:c5:00:8,,original
15_c6_000_000020.jpg,15,6,train,boat,boat,boat,cross_view,c6,,000020,15:c6:000:000020,,000
15_c6_000_000021.jpg,15,6,train,boat,boat,boat,cross_view,c6,,000021,15:c6:000:000021,,000
15_c6_000_000022.jpg,15,6,train,boat,boat,boat,cross_view,c6,,000022,15:c6:000:000022,,000
15_c6_000_000023.jpg,15,6,train,boat,boat,boat,cross_view,c6,,000023,15:c6:000:000023,,000
15_c6_000_000024.jpg,15,6,train,boat,boat,boat,cross_view,c6,,000024,15:c6:000:000024,,000
15_c6_001_000020.jpg,15,6,train,boat,boat,boat,cross_view,c6,,000020,15:c6:001:000020,,001
15_c6_001_000021.jpg,15,6,train,boat,boat,boat,cross_view,c6,,000021,15:c6:001:000021,,001
15_c6_001_000022.jpg,15,6,train,boat,boat,boat,cross_view,c6,,000022,15:c6:001:000022,,001
15_c6_001_000023.jpg,15,6,train,boat,boat,boat,cross_view,c6,,000023,15:c6:001:000023,,001
15_c6_001_000024.jpg,15,6,train,boat,boat,boat,cross_view,c6,,000024,15:c6:001:000024,,001
15_c6_002_000020.jpg,15,6,train,boat,boat,boat,cross_view,c6,,000020,15:c6:002:000020,,002
15_c6_002_000021.jpg,15,6,train,boat,boat,boat,cross_view,c6,,000021,15:c6:002:000021,,002
15_c6_002_000022.jpg,15,6,train,boat,boat,boat,cross_view,c6,,000022,15:c6:002:000022,,002
15_c6_002_000023.jpg,15,6,train,boat,boat,boat,cross_view,c6,,000023,15:c6:002:000023,,002
15_c6_002_000024.jpg,15,6,train,boat,boat,boat,cross_view,c6,,000024,15:c6:002:000024,,002
15_c6_003_000020.jpg,15,6,train,boat,boat,boat,cross_view,c6,,000020,15:c6:003:000020,,003
15_c6_003_000021.jpg,15,6,train,boat,boat,boat,cross_view,c6,,000021,15:c6:003:000021,,003
15_c6_003_000022.jpg,15,6,train,boat,boat,boat,cross_view,c6,,000022,15:c6:003:000022,,003
15_c6_003_000023.jpg,15,6,train,boat,boat,boat,cross_view,c6,,000023,15:c6:003:000023,,003
15_c6_003_000024.jpg,15,6,train,boat,boat,boat,cross_view,c6,,000024,15:c6:003:000024,,003
15_c6_004_000020.jpg,15,6,train,boat,boat,boat,cross_view,c6,,000020,15:c6:004:000020,,004
15_c6_004_000021.jpg,15,6,train,boat,boat,boat,cross_view,c6,,000021,15:c6:004:000021,,004
15_c6_004_000022.jpg,15,6,train,boat,boat,boat,cross_view,c6,,000022,15:c6:004:000022,,004
15_c6_004_000023.jpg,15,6,train,boat,boat,boat,cross_view,c6,,000023,15:c6:004:000023,,004
15_c6_004_000024.jpg,15,6,train,boat,boat,boat,cross_view,c6,,000024,15:c6:004:000024,,004
15_c6_005_000020.jpg,15,6,train,boat,boat,boat,cross_view,c6,,000020,15:c6:005:000020,,005
15_c6_005_000021.jpg,15,6,train,boat,boat,boat,cross_view,c6,,000021,15:c6:005:000021,,005
15_c6_005_000022.jpg,15,6,train,boat,boat,boat,cross_view,c6,,000022,15:c6:005:000022,,005
15_c6_005_000023.jpg,15,6,train,boat,boat,boat,cross_view,c6,,000023,15:c6:005:000023,,005
15_c6_005_000024.jpg,15,6,train,boat,boat,boat,cross_view,c6,,000024,15:c6:005:000024,,005
15_c6_00_1.jpg,15,6,train,boat,boat,boat,cross_view,c6,,1,15:c6:00:1,,original
15_c6_00_14.jpg,15,6,train,boat,boat,boat,cross_view,c6,,14,15:c6:00:14,,original
15_c6_00_19.jpg,15,6,train,boat,boat,boat,cross_view,c6,,19,15:c6:00:19,,original
15_c6_00_20.jpg,15,6,train,boat,boat,boat,cross_view,c6,,20,15:c6:00:20,,original
15_c6_00_9.jpg,15,6,train,boat,boat,boat,cross_view,c6,,9,15:c6:00:9,,original
16_c1_00_8.jpg,16,1,query,boat,boat,boat,cross_view,c1,,8,16:c1:00:8,,original
16_c2_00_0.jpg,16,2,gallery,boat,boat,boat,cross_view,c2,,0,16:c2:00:0,,original
16_c2_00_11.jpg,16,2,gallery,boat,boat,boat,cross_view,c2,,11,16:c2:00:11,,original
16_c2_00_6.jpg,16,2,gallery,boat,boat,boat,cross_view,c2,,6,16:c2:00:6,,original
16_c3_00_1.jpg,16,3,gallery,boat,boat,boat,cross_view,c3,,1,16:c3:00:1,,original
16_c3_00_10.jpg,16,3,gallery,boat,boat,boat,cross_view,c3,,10,16:c3:00:10,,original
16_c3_00_5.jpg,16,3,gallery,boat,boat,boat,cross_view,c3,,5,16:c3:00:5,,original
16_c4_00_2.jpg,16,4,gallery,boat,boat,boat,cross_view,c4,,2,16:c4:00:2,,original
16_c5_00_3.jpg,16,5,gallery,boat,boat,boat,cross_view,c5,,3,16:c5:00:3,,original
16_c6_00_4.jpg,16,6,gallery,boat,boat,boat,cross_view,c6,,4,16:c6:00:4,,original
16_c6_00_7.jpg,16,6,gallery,boat,boat,boat,cross_view,c6,,7,16:c6:00:7,,original
16_c6_00_9.jpg,16,6,gallery,boat,boat,boat,cross_view,c6,,9,16:c6:00:9,,original
17_c1_000_000000.jpg,17,1,train,boat,boat,boat,cross_view,c1,,000000,17:c1:000:000000,,000
17_c1_000_000001.jpg,17,1,train,boat,boat,boat,cross_view,c1,,000001,17:c1:000:000001,,000
17_c1_000_000002.jpg,17,1,train,boat,boat,boat,cross_view,c1,,000002,17:c1:000:000002,,000
17_c1_000_000003.jpg,17,1,train,boat,boat,boat,cross_view,c1,,000003,17:c1:000:000003,,000
17_c1_001_000000.jpg,17,1,train,boat,boat,boat,cross_view,c1,,000000,17:c1:001:000000,,001
17_c1_001_000001.jpg,17,1,train,boat,boat,boat,cross_view,c1,,000001,17:c1:001:000001,,001
17_c1_001_000002.jpg,17,1,train,boat,boat,boat,cross_view,c1,,000002,17:c1:001:000002,,001
17_c1_001_000003.jpg,17,1,train,boat,boat,boat,cross_view,c1,,000003,17:c1:001:000003,,001
17_c1_002_000000.jpg,17,1,train,boat,boat,boat,cross_view,c1,,000000,17:c1:002:000000,,002
17_c1_002_000001.jpg,17,1,train,boat,boat,boat,cross_view,c1,,000001,17:c1:002:000001,,002
17_c1_002_000002.jpg,17,1,train,boat,boat,boat,cross_view,c1,,000002,17:c1:002:000002,,002
17_c1_002_000003.jpg,17,1,train,boat,boat,boat,cross_view,c1,,000003,17:c1:002:000003,,002
17_c1_003_000000.jpg,17,1,train,boat,boat,boat,cross_view,c1,,000000,17:c1:003:000000,,003
17_c1_003_000001.jpg,17,1,train,boat,boat,boat,cross_view,c1,,000001,17:c1:003:000001,,003
17_c1_003_000002.jpg,17,1,train,boat,boat,boat,cross_view,c1,,000002,17:c1:003:000002,,003
17_c1_003_000003.jpg,17,1,train,boat,boat,boat,cross_view,c1,,000003,17:c1:003:000003,,003
17_c1_004_000000.jpg,17,1,train,boat,boat,boat,cross_view,c1,,000000,17:c1:004:000000,,004
17_c1_004_000001.jpg,17,1,train,boat,boat,boat,cross_view,c1,,000001,17:c1:004:000001,,004
17_c1_004_000002.jpg,17,1,train,boat,boat,boat,cross_view,c1,,000002,17:c1:004:000002,,004
17_c1_004_000003.jpg,17,1,train,boat,boat,boat,cross_view,c1,,000003,17:c1:004:000003,,004
17_c1_005_000000.jpg,17,1,train,boat,boat,boat,cross_view,c1,,000000,17:c1:005:000000,,005
17_c1_005_000001.jpg,17,1,train,boat,boat,boat,cross_view,c1,,000001,17:c1:005:000001,,005
17_c1_005_000002.jpg,17,1,train,boat,boat,boat,cross_view,c1,,000002,17:c1:005:000002,,005
17_c1_005_000003.jpg,17,1,train,boat,boat,boat,cross_view,c1,,000003,17:c1:005:000003,,005
17_c1_00_1.jpg,17,1,train,boat,boat,boat,cross_view,c1,,1,17:c1:00:1,,original
17_c1_00_2.jpg,17,1,train,boat,boat,boat,cross_view,c1,,2,17:c1:00:2,,original
17_c1_00_7.jpg,17,1,train,boat,boat,boat,cross_view,c1,,7,17:c1:00:7,,original
17_c1_00_8.jpg,17,1,train,boat,boat,boat,cross_view,c1,,8,17:c1:00:8,,original
17_c2_000_000004.jpg,17,2,train,boat,boat,boat,cross_view,c2,,000004,17:c2:000:000004,,000
17_c2_000_000005.jpg,17,2,train,boat,boat,boat,cross_view,c2,,000005,17:c2:000:000005,,000
17_c2_000_000006.jpg,17,2,train,boat,boat,boat,cross_view,c2,,000006,17:c2:000:000006,,000
17_c2_001_000004.jpg,17,2,train,boat,boat,boat,cross_view,c2,,000004,17:c2:001:000004,,001
17_c2_001_000005.jpg,17,2,train,boat,boat,boat,cross_view,c2,,000005,17:c2:001:000005,,001
17_c2_001_000006.jpg,17,2,train,boat,boat,boat,cross_view,c2,,000006,17:c2:001:000006,,001
17_c2_002_000004.jpg,17,2,train,boat,boat,boat,cross_view,c2,,000004,17:c2:002:000004,,002
17_c2_002_000005.jpg,17,2,train,boat,boat,boat,cross_view,c2,,000005,17:c2:002:000005,,002
17_c2_002_000006.jpg,17,2,train,boat,boat,boat,cross_view,c2,,000006,17:c2:002:000006,,002
17_c2_003_000004.jpg,17,2,train,boat,boat,boat,cross_view,c2,,000004,17:c2:003:000004,,003
17_c2_003_000005.jpg,17,2,train,boat,boat,boat,cross_view,c2,,000005,17:c2:003:000005,,003
17_c2_003_000006.jpg,17,2,train,boat,boat,boat,cross_view,c2,,000006,17:c2:003:000006,,003
17_c2_004_000004.jpg,17,2,train,boat,boat,boat,cross_view,c2,,000004,17:c2:004:000004,,004
17_c2_004_000005.jpg,17,2,train,boat,boat,boat,cross_view,c2,,000005,17:c2:004:000005,,004
17_c2_004_000006.jpg,17,2,train,boat,boat,boat,cross_view,c2,,000006,17:c2:004:000006,,004
17_c2_005_000004.jpg,17,2,train,boat,boat,boat,cross_view,c2,,000004,17:c2:005:000004,,005
17_c2_005_000005.jpg,17,2,train,boat,boat,boat,cross_view,c2,,000005,17:c2:005:000005,,005
17_c2_005_000006.jpg,17,2,train,boat,boat,boat,cross_view,c2,,000006,17:c2:005:000006,,005
17_c2_00_0.jpg,17,2,train,boat,boat,boat,cross_view,c2,,0,17:c2:00:0,,original
17_c2_00_12.jpg,17,2,train,boat,boat,boat,cross_view,c2,,12,17:c2:00:12,,original
17_c2_00_5.jpg,17,2,train,boat,boat,boat,cross_view,c2,,5,17:c2:00:5,,original
17_c3_000_000007.jpg,17,3,train,boat,boat,boat,cross_view,c3,,000007,17:c3:000:000007,,000
17_c3_000_000008.jpg,17,3,train,boat,boat,boat,cross_view,c3,,000008,17:c3:000:000008,,000
17_c3_000_000009.jpg,17,3,train,boat,boat,boat,cross_view,c3,,000009,17:c3:000:000009,,000
17_c3_001_000007.jpg,17,3,train,boat,boat,boat,cross_view,c3,,000007,17:c3:001:000007,,001
17_c3_001_000008.jpg,17,3,train,boat,boat,boat,cross_view,c3,,000008,17:c3:001:000008,,001
17_c3_001_000009.jpg,17,3,train,boat,boat,boat,cross_view,c3,,000009,17:c3:001:000009,,001
17_c3_002_000007.jpg,17,3,train,boat,boat,boat,cross_view,c3,,000007,17:c3:002:000007,,002
17_c3_002_000008.jpg,17,3,train,boat,boat,boat,cross_view,c3,,000008,17:c3:002:000008,,002
17_c3_002_000009.jpg,17,3,train,boat,boat,boat,cross_view,c3,,000009,17:c3:002:000009,,002
17_c3_003_000007.jpg,17,3,train,boat,boat,boat,cross_view,c3,,000007,17:c3:003:000007,,003
17_c3_003_000008.jpg,17,3,train,boat,boat,boat,cross_view,c3,,000008,17:c3:003:000008,,003
17_c3_003_000009.jpg,17,3,train,boat,boat,boat,cross_view,c3,,000009,17:c3:003:000009,,003
17_c3_004_000007.jpg,17,3,train,boat,boat,boat,cross_view,c3,,000007,17:c3:004:000007,,004
17_c3_004_000008.jpg,17,3,train,boat,boat,boat,cross_view,c3,,000008,17:c3:004:000008,,004
17_c3_004_000009.jpg,17,3,train,boat,boat,boat,cross_view,c3,,000009,17:c3:004:000009,,004
17_c3_005_000007.jpg,17,3,train,boat,boat,boat,cross_view,c3,,000007,17:c3:005:000007,,005
17_c3_005_000008.jpg,17,3,train,boat,boat,boat,cross_view,c3,,000008,17:c3:005:000008,,005
17_c3_005_000009.jpg,17,3,train,boat,boat,boat,cross_view,c3,,000009,17:c3:005:000009,,005
17_c3_00_11.jpg,17,3,train,boat,boat,boat,cross_view,c3,,11,17:c3:00:11,,original
17_c3_00_4.jpg,17,3,train,boat,boat,boat,cross_view,c3,,4,17:c3:00:4,,original
17_c3_00_9.jpg,17,3,train,boat,boat,boat,cross_view,c3,,9,17:c3:00:9,,original
17_c4_000_000010.jpg,17,4,train,boat,boat,boat,cross_view,c4,,000010,17:c4:000:000010,,000
17_c4_000_000011.jpg,17,4,train,boat,boat,boat,cross_view,c4,,000011,17:c4:000:000011,,000
17_c4_001_000010.jpg,17,4,train,boat,boat,boat,cross_view,c4,,000010,17:c4:001:000010,,001
17_c4_001_000011.jpg,17,4,train,boat,boat,boat,cross_view,c4,,000011,17:c4:001:000011,,001
17_c4_002_000010.jpg,17,4,train,boat,boat,boat,cross_view,c4,,000010,17:c4:002:000010,,002
17_c4_002_000011.jpg,17,4,train,boat,boat,boat,cross_view,c4,,000011,17:c4:002:000011,,002
17_c4_003_000010.jpg,17,4,train,boat,boat,boat,cross_view,c4,,000010,17:c4:003:000010,,003
17_c4_003_000011.jpg,17,4,train,boat,boat,boat,cross_view,c4,,000011,17:c4:003:000011,,003
17_c4_004_000010.jpg,17,4,train,boat,boat,boat,cross_view,c4,,000010,17:c4:004:000010,,004
17_c4_004_000011.jpg,17,4,train,boat,boat,boat,cross_view,c4,,000011,17:c4:004:000011,,004
17_c4_005_000010.jpg,17,4,train,boat,boat,boat,cross_view,c4,,000010,17:c4:005:000010,,005
17_c4_005_000011.jpg,17,4,train,boat,boat,boat,cross_view,c4,,000011,17:c4:005:000011,,005
17_c4_00_10.jpg,17,4,train,boat,boat,boat,cross_view,c4,,10,17:c4:00:10,,original
17_c4_00_3.jpg,17,4,train,boat,boat,boat,cross_view,c4,,3,17:c4:00:3,,original
17_c5_000_000012.jpg,17,5,train,boat,boat,boat,cross_view,c5,,000012,17:c5:000:000012,,000
17_c5_000_000013.jpg,17,5,train,boat,boat,boat,cross_view,c5,,000013,17:c5:000:000013,,000
17_c5_001_000012.jpg,17,5,train,boat,boat,boat,cross_view,c5,,000012,17:c5:001:000012,,001
17_c5_001_000013.jpg,17,5,train,boat,boat,boat,cross_view,c5,,000013,17:c5:001:000013,,001
17_c5_002_000012.jpg,17,5,train,boat,boat,boat,cross_view,c5,,000012,17:c5:002:000012,,002
17_c5_002_000013.jpg,17,5,train,boat,boat,boat,cross_view,c5,,000013,17:c5:002:000013,,002
17_c5_003_000012.jpg,17,5,train,boat,boat,boat,cross_view,c5,,000012,17:c5:003:000012,,003
17_c5_003_000013.jpg,17,5,train,boat,boat,boat,cross_view,c5,,000013,17:c5:003:000013,,003
17_c5_004_000012.jpg,17,5,train,boat,boat,boat,cross_view,c5,,000012,17:c5:004:000012,,004
17_c5_004_000013.jpg,17,5,train,boat,boat,boat,cross_view,c5,,000013,17:c5:004:000013,,004
17_c5_005_000012.jpg,17,5,train,boat,boat,boat,cross_view,c5,,000012,17:c5:005:000012,,005
17_c5_005_000013.jpg,17,5,train,boat,boat,boat,cross_view,c5,,000013,17:c5:005:000013,,005
17_c5_00_13.jpg,17,5,train,boat,boat,boat,cross_view,c5,,13,17:c5:00:13,,original
17_c5_00_6.jpg,17,5,train,boat,boat,boat,cross_view,c5,,6,17:c5:00:6,,original
18_c1_000_000000.jpg,18,1,train,boat,boat,boat,cross_view,c1,,000000,18:c1:000:000000,,000
18_c1_000_000001.jpg,18,1,train,boat,boat,boat,cross_view,c1,,000001,18:c1:000:000001,,000
18_c1_001_000000.jpg,18,1,train,boat,boat,boat,cross_view,c1,,000000,18:c1:001:000000,,001
18_c1_001_000001.jpg,18,1,train,boat,boat,boat,cross_view,c1,,000001,18:c1:001:000001,,001
18_c1_002_000000.jpg,18,1,train,boat,boat,boat,cross_view,c1,,000000,18:c1:002:000000,,002
18_c1_002_000001.jpg,18,1,train,boat,boat,boat,cross_view,c1,,000001,18:c1:002:000001,,002
18_c1_003_000000.jpg,18,1,train,boat,boat,boat,cross_view,c1,,000000,18:c1:003:000000,,003
18_c1_003_000001.jpg,18,1,train,boat,boat,boat,cross_view,c1,,000001,18:c1:003:000001,,003
18_c1_004_000000.jpg,18,1,train,boat,boat,boat,cross_view,c1,,000000,18:c1:004:000000,,004
18_c1_004_000001.jpg,18,1,train,boat,boat,boat,cross_view,c1,,000001,18:c1:004:000001,,004
18_c1_005_000000.jpg,18,1,train,boat,boat,boat,cross_view,c1,,000000,18:c1:005:000000,,005
18_c1_005_000001.jpg,18,1,train,boat,boat,boat,cross_view,c1,,000001,18:c1:005:000001,,005
18_c1_00_0.jpg,18,1,train,boat,boat,boat,cross_view,c1,,0,18:c1:00:0,,original
18_c1_00_3.jpg,18,1,train,boat,boat,boat,cross_view,c1,,3,18:c1:00:3,,original
18_c2_000_000002.jpg,18,2,train,boat,boat,boat,cross_view,c2,,000002,18:c2:000:000002,,000
18_c2_001_000002.jpg,18,2,train,boat,boat,boat,cross_view,c2,,000002,18:c2:001:000002,,001
18_c2_002_000002.jpg,18,2,train,boat,boat,boat,cross_view,c2,,000002,18:c2:002:000002,,002
18_c2_003_000002.jpg,18,2,train,boat,boat,boat,cross_view,c2,,000002,18:c2:003:000002,,003
18_c2_004_000002.jpg,18,2,train,boat,boat,boat,cross_view,c2,,000002,18:c2:004:000002,,004
18_c2_005_000002.jpg,18,2,train,boat,boat,boat,cross_view,c2,,000002,18:c2:005:000002,,005
18_c2_00_1.jpg,18,2,train,boat,boat,boat,cross_view,c2,,1,18:c2:00:1,,original
18_c3_000_000003.jpg,18,3,train,boat,boat,boat,cross_view,c3,,000003,18:c3:000:000003,,000
18_c3_001_000003.jpg,18,3,train,boat,boat,boat,cross_view,c3,,000003,18:c3:001:000003,,001
18_c3_002_000003.jpg,18,3,train,boat,boat,boat,cross_view,c3,,000003,18:c3:002:000003,,002
18_c3_003_000003.jpg,18,3,train,boat,boat,boat,cross_view,c3,,000003,18:c3:003:000003,,003
18_c3_004_000003.jpg,18,3,train,boat,boat,boat,cross_view,c3,,000003,18:c3:004:000003,,004
18_c3_005_000003.jpg,18,3,train,boat,boat,boat,cross_view,c3,,000003,18:c3:005:000003,,005
18_c3_00_4.jpg,18,3,train,boat,boat,boat,cross_view,c3,,4,18:c3:00:4,,original
18_c4_000_000004.jpg,18,4,train,boat,boat,boat,cross_view,c4,,000004,18:c4:000:000004,,000
18_c4_000_000005.jpg,18,4,train,boat,boat,boat,cross_view,c4,,000005,18:c4:000:000005,,000
18_c4_001_000004.jpg,18,4,train,boat,boat,boat,cross_view,c4,,000004,18:c4:001:000004,,001
18_c4_001_000005.jpg,18,4,train,boat,boat,boat,cross_view,c4,,000005,18:c4:001:000005,,001
18_c4_002_000004.jpg,18,4,train,boat,boat,boat,cross_view,c4,,000004,18:c4:002:000004,,002
18_c4_002_000005.jpg,18,4,train,boat,boat,boat,cross_view,c4,,000005,18:c4:002:000005,,002
18_c4_003_000004.jpg,18,4,train,boat,boat,boat,cross_view,c4,,000004,18:c4:003:000004,,003
18_c4_003_000005.jpg,18,4,train,boat,boat,boat,cross_view,c4,,000005,18:c4:003:000005,,003
18_c4_004_000004.jpg,18,4,train,boat,boat,boat,cross_view,c4,,000004,18:c4:004:000004,,004
18_c4_004_000005.jpg,18,4,train,boat,boat,boat,cross_view,c4,,000005,18:c4:004:000005,,004
18_c4_005_000004.jpg,18,4,train,boat,boat,boat,cross_view,c4,,000004,18:c4:005:000004,,005
18_c4_005_000005.jpg,18,4,train,boat,boat,boat,cross_view,c4,,000005,18:c4:005:000005,,005
18_c4_00_2.jpg,18,4,train,boat,boat,boat,cross_view,c4,,2,18:c4:00:2,,original
18_c4_00_5.jpg,18,4,train,boat,boat,boat,cross_view,c4,,5,18:c4:00:5,,original
19_c1_000_000000.jpg,19,1,train,boat,boat,boat,cross_view,c1,,000000,19:c1:000:000000,,000
19_c1_000_000001.jpg,19,1,train,boat,boat,boat,cross_view,c1,,000001,19:c1:000:000001,,000
19_c1_001_000000.jpg,19,1,train,boat,boat,boat,cross_view,c1,,000000,19:c1:001:000000,,001
19_c1_001_000001.jpg,19,1,train,boat,boat,boat,cross_view,c1,,000001,19:c1:001:000001,,001
19_c1_002_000000.jpg,19,1,train,boat,boat,boat,cross_view,c1,,000000,19:c1:002:000000,,002
19_c1_002_000001.jpg,19,1,train,boat,boat,boat,cross_view,c1,,000001,19:c1:002:000001,,002
19_c1_003_000000.jpg,19,1,train,boat,boat,boat,cross_view,c1,,000000,19:c1:003:000000,,003
19_c1_003_000001.jpg,19,1,train,boat,boat,boat,cross_view,c1,,000001,19:c1:003:000001,,003
19_c1_004_000000.jpg,19,1,train,boat,boat,boat,cross_view,c1,,000000,19:c1:004:000000,,004
19_c1_004_000001.jpg,19,1,train,boat,boat,boat,cross_view,c1,,000001,19:c1:004:000001,,004
19_c1_005_000000.jpg,19,1,train,boat,boat,boat,cross_view,c1,,000000,19:c1:005:000000,,005
19_c1_005_000001.jpg,19,1,train,boat,boat,boat,cross_view,c1,,000001,19:c1:005:000001,,005
19_c1_00_0.jpg,19,1,train,boat,boat,boat,cross_view,c1,,0,19:c1:00:0,,original
19_c1_00_8.jpg,19,1,train,boat,boat,boat,cross_view,c1,,8,19:c1:00:8,,original
19_c2_000_000002.jpg,19,2,train,boat,boat,boat,cross_view,c2,,000002,19:c2:000:000002,,000
19_c2_000_000003.jpg,19,2,train,boat,boat,boat,cross_view,c2,,000003,19:c2:000:000003,,000
19_c2_001_000002.jpg,19,2,train,boat,boat,boat,cross_view,c2,,000002,19:c2:001:000002,,001
19_c2_001_000003.jpg,19,2,train,boat,boat,boat,cross_view,c2,,000003,19:c2:001:000003,,001
19_c2_002_000002.jpg,19,2,train,boat,boat,boat,cross_view,c2,,000002,19:c2:002:000002,,002
19_c2_002_000003.jpg,19,2,train,boat,boat,boat,cross_view,c2,,000003,19:c2:002:000003,,002
19_c2_003_000002.jpg,19,2,train,boat,boat,boat,cross_view,c2,,000002,19:c2:003:000002,,003
19_c2_003_000003.jpg,19,2,train,boat,boat,boat,cross_view,c2,,000003,19:c2:003:000003,,003
19_c2_004_000002.jpg,19,2,train,boat,boat,boat,cross_view,c2,,000002,19:c2:004:000002,,004
19_c2_004_000003.jpg,19,2,train,boat,boat,boat,cross_view,c2,,000003,19:c2:004:000003,,004
19_c2_005_000002.jpg,19,2,train,boat,boat,boat,cross_view,c2,,000002,19:c2:005:000002,,005
19_c2_005_000003.jpg,19,2,train,boat,boat,boat,cross_view,c2,,000003,19:c2:005:000003,,005
19_c2_00_1.jpg,19,2,train,boat,boat,boat,cross_view,c2,,1,19:c2:00:1,,original
19_c2_00_9.jpg,19,2,train,boat,boat,boat,cross_view,c2,,9,19:c2:00:9,,original
19_c3_000_000004.jpg,19,3,train,boat,boat,boat,cross_view,c3,,000004,19:c3:000:000004,,000
19_c3_000_000005.jpg,19,3,train,boat,boat,boat,cross_view,c3,,000005,19:c3:000:000005,,000
19_c3_001_000004.jpg,19,3,train,boat,boat,boat,cross_view,c3,,000004,19:c3:001:000004,,001
19_c3_001_000005.jpg,19,3,train,boat,boat,boat,cross_view,c3,,000005,19:c3:001:000005,,001
19_c3_002_000004.jpg,19,3,train,boat,boat,boat,cross_view,c3,,000004,19:c3:002:000004,,002
19_c3_002_000005.jpg,19,3,train,boat,boat,boat,cross_view,c3,,000005,19:c3:002:000005,,002
19_c3_003_000004.jpg,19,3,train,boat,boat,boat,cross_view,c3,,000004,19:c3:003:000004,,003
19_c3_003_000005.jpg,19,3,train,boat,boat,boat,cross_view,c3,,000005,19:c3:003:000005,,003
19_c3_004_000004.jpg,19,3,train,boat,boat,boat,cross_view,c3,,000004,19:c3:004:000004,,004
19_c3_004_000005.jpg,19,3,train,boat,boat,boat,cross_view,c3,,000005,19:c3:004:000005,,004
19_c3_005_000004.jpg,19,3,train,boat,boat,boat,cross_view,c3,,000004,19:c3:005:000004,,005
19_c3_005_000005.jpg,19,3,train,boat,boat,boat,cross_view,c3,,000005,19:c3:005:000005,,005
19_c3_00_2.jpg,19,3,train,boat,boat,boat,cross_view,c3,,2,19:c3:00:2,,original
19_c3_00_7.jpg,19,3,train,boat,boat,boat,cross_view,c3,,7,19:c3:00:7,,original
19_c4_000_000006.jpg,19,4,train,boat,boat,boat,cross_view,c4,,000006,19:c4:000:000006,,000
19_c4_000_000007.jpg,19,4,train,boat,boat,boat,cross_view,c4,,000007,19:c4:000:000007,,000
19_c4_000_000008.jpg,19,4,train,boat,boat,boat,cross_view,c4,,000008,19:c4:000:000008,,000
19_c4_001_000006.jpg,19,4,train,boat,boat,boat,cross_view,c4,,000006,19:c4:001:000006,,001
19_c4_001_000007.jpg,19,4,train,boat,boat,boat,cross_view,c4,,000007,19:c4:001:000007,,001
19_c4_001_000008.jpg,19,4,train,boat,boat,boat,cross_view,c4,,000008,19:c4:001:000008,,001
19_c4_002_000006.jpg,19,4,train,boat,boat,boat,cross_view,c4,,000006,19:c4:002:000006,,002
19_c4_002_000007.jpg,19,4,train,boat,boat,boat,cross_view,c4,,000007,19:c4:002:000007,,002
19_c4_002_000008.jpg,19,4,train,boat,boat,boat,cross_view,c4,,000008,19:c4:002:000008,,002
19_c4_003_000006.jpg,19,4,train,boat,boat,boat,cross_view,c4,,000006,19:c4:003:000006,,003
19_c4_003_000007.jpg,19,4,train,boat,boat,boat,cross_view,c4,,000007,19:c4:003:000007,,003
19_c4_003_000008.jpg,19,4,train,boat,boat,boat,cross_view,c4,,000008,19:c4:003:000008,,003
19_c4_004_000006.jpg,19,4,train,boat,boat,boat,cross_view,c4,,000006,19:c4:004:000006,,004
19_c4_004_000007.jpg,19,4,train,boat,boat,boat,cross_view,c4,,000007,19:c4:004:000007,,004
19_c4_004_000008.jpg,19,4,train,boat,boat,boat,cross_view,c4,,000008,19:c4:004:000008,,004
19_c4_005_000006.jpg,19,4,train,boat,boat,boat,cross_view,c4,,000006,19:c4:005:000006,,005
19_c4_005_000007.jpg,19,4,train,boat,boat,boat,cross_view,c4,,000007,19:c4:005:000007,,005
19_c4_005_000008.jpg,19,4,train,boat,boat,boat,cross_view,c4,,000008,19:c4:005:000008,,005
19_c4_00_10.jpg,19,4,train,boat,boat,boat,cross_view,c4,,10,19:c4:00:10,,original
19_c4_00_3.jpg,19,4,train,boat,boat,boat,cross_view,c4,,3,19:c4:00:3,,original
19_c4_00_6.jpg,19,4,train,boat,boat,boat,cross_view,c4,,6,19:c4:00:6,,original
19_c5_000_000009.jpg,19,5,train,boat,boat,boat,cross_view,c5,,000009,19:c5:000:000009,,000
19_c5_001_000009.jpg,19,5,train,boat,boat,boat,cross_view,c5,,000009,19:c5:001:000009,,001
19_c5_002_000009.jpg,19,5,train,boat,boat,boat,cross_view,c5,,000009,19:c5:002:000009,,002
19_c5_003_000009.jpg,19,5,train,boat,boat,boat,cross_view,c5,,000009,19:c5:003:000009,,003
19_c5_004_000009.jpg,19,5,train,boat,boat,boat,cross_view,c5,,000009,19:c5:004:000009,,004
19_c5_005_000009.jpg,19,5,train,boat,boat,boat,cross_view,c5,,000009,19:c5:005:000009,,005
19_c5_00_4.jpg,19,5,train,boat,boat,boat,cross_view,c5,,4,19:c5:00:4,,original
19_c6_000_000010.jpg,19,6,train,boat,boat,boat,cross_view,c6,,000010,19:c6:000:000010,,000
19_c6_000_000011.jpg,19,6,train,boat,boat,boat,cross_view,c6,,000011,19:c6:000:000011,,000
19_c6_001_000010.jpg,19,6,train,boat,boat,boat,cross_view,c6,,000010,19:c6:001:000010,,001
19_c6_001_000011.jpg,19,6,train,boat,boat,boat,cross_view,c6,,000011,19:c6:001:000011,,001
19_c6_002_000010.jpg,19,6,train,boat,boat,boat,cross_view,c6,,000010,19:c6:002:000010,,002
19_c6_002_000011.jpg,19,6,train,boat,boat,boat,cross_view,c6,,000011,19:c6:002:000011,,002
19_c6_003_000010.jpg,19,6,train,boat,boat,boat,cross_view,c6,,000010,19:c6:003:000010,,003
19_c6_003_000011.jpg,19,6,train,boat,boat,boat,cross_view,c6,,000011,19:c6:003:000011,,003
19_c6_004_000010.jpg,19,6,train,boat,boat,boat,cross_view,c6,,000010,19:c6:004:000010,,004
19_c6_004_000011.jpg,19,6,train,boat,boat,boat,cross_view,c6,,000011,19:c6:004:000011,,004
19_c6_005_000010.jpg,19,6,train,boat,boat,boat,cross_view,c6,,000010,19:c6:005:000010,,005
19_c6_005_000011.jpg,19,6,train,boat,boat,boat,cross_view,c6,,000011,19:c6:005:000011,,005
19_c6_00_11.jpg,19,6,train,boat,boat,boat,cross_view,c6,,11,19:c6:00:11,,original
19_c6_00_5.jpg,19,6,train,boat,boat,boat,cross_view,c6,,5,19:c6:00:5,,original
1_c1_00_2.jpg,1,1,query,boat,boat,boat,cross_view,c1,,2,1:c1:00:2,,original
1_c1_00_4.jpg,1,1,gallery,boat,boat,boat,cross_view,c1,,4,1:c1:00:4,,original
1_c2_00_0.jpg,1,2,gallery,boat,boat,boat,cross_view,c2,,0,1:c2:00:0,,original
1_c2_00_1.jpg,1,2,gallery,boat,boat,boat,cross_view,c2,,1,1:c2:00:1,,original
1_c5_00_3.jpg,1,5,gallery,boat,boat,boat,cross_view,c5,,3,1:c5:00:3,,original
20_c1_000_000000.jpg,20,1,train,boat,boat,boat,cross_view,c1,,000000,20:c1:000:000000,,000
20_c1_001_000000.jpg,20,1,train,boat,boat,boat,cross_view,c1,,000000,20:c1:001:000000,,001
20_c1_002_000000.jpg,20,1,train,boat,boat,boat,cross_view,c1,,000000,20:c1:002:000000,,002
20_c1_003_000000.jpg,20,1,train,boat,boat,boat,cross_view,c1,,000000,20:c1:003:000000,,003
20_c1_004_000000.jpg,20,1,train,boat,boat,boat,cross_view,c1,,000000,20:c1:004:000000,,004
20_c1_005_000000.jpg,20,1,train,boat,boat,boat,cross_view,c1,,000000,20:c1:005:000000,,005
20_c1_00_10.jpg,20,1,train,boat,boat,boat,cross_view,c1,,10,20:c1:00:10,,original
20_c2_000_000001.jpg,20,2,train,boat,boat,boat,cross_view,c2,,000001,20:c2:000:000001,,000
20_c2_000_000002.jpg,20,2,train,boat,boat,boat,cross_view,c2,,000002,20:c2:000:000002,,000
20_c2_001_000001.jpg,20,2,train,boat,boat,boat,cross_view,c2,,000001,20:c2:001:000001,,001
20_c2_001_000002.jpg,20,2,train,boat,boat,boat,cross_view,c2,,000002,20:c2:001:000002,,001
20_c2_002_000001.jpg,20,2,train,boat,boat,boat,cross_view,c2,,000001,20:c2:002:000001,,002
20_c2_002_000002.jpg,20,2,train,boat,boat,boat,cross_view,c2,,000002,20:c2:002:000002,,002
20_c2_003_000001.jpg,20,2,train,boat,boat,boat,cross_view,c2,,000001,20:c2:003:000001,,003
20_c2_003_000002.jpg,20,2,train,boat,boat,boat,cross_view,c2,,000002,20:c2:003:000002,,003
20_c2_004_000001.jpg,20,2,train,boat,boat,boat,cross_view,c2,,000001,20:c2:004:000001,,004
20_c2_004_000002.jpg,20,2,train,boat,boat,boat,cross_view,c2,,000002,20:c2:004:000002,,004
20_c2_005_000001.jpg,20,2,train,boat,boat,boat,cross_view,c2,,000001,20:c2:005:000001,,005
20_c2_005_000002.jpg,20,2,train,boat,boat,boat,cross_view,c2,,000002,20:c2:005:000002,,005
20_c2_00_0.jpg,20,2,train,boat,boat,boat,cross_view,c2,,0,20:c2:00:0,,original
20_c2_00_9.jpg,20,2,train,boat,boat,boat,cross_view,c2,,9,20:c2:00:9,,original
20_c3_000_000003.jpg,20,3,train,boat,boat,boat,cross_view,c3,,000003,20:c3:000:000003,,000
20_c3_000_000004.jpg,20,3,train,boat,boat,boat,cross_view,c3,,000004,20:c3:000:000004,,000
20_c3_001_000003.jpg,20,3,train,boat,boat,boat,cross_view,c3,,000003,20:c3:001:000003,,001
20_c3_001_000004.jpg,20,3,train,boat,boat,boat,cross_view,c3,,000004,20:c3:001:000004,,001
20_c3_002_000003.jpg,20,3,train,boat,boat,boat,cross_view,c3,,000003,20:c3:002:000003,,002
20_c3_002_000004.jpg,20,3,train,boat,boat,boat,cross_view,c3,,000004,20:c3:002:000004,,002
20_c3_003_000003.jpg,20,3,train,boat,boat,boat,cross_view,c3,,000003,20:c3:003:000003,,003
20_c3_003_000004.jpg,20,3,train,boat,boat,boat,cross_view,c3,,000004,20:c3:003:000004,,003
20_c3_004_000003.jpg,20,3,train,boat,boat,boat,cross_view,c3,,000003,20:c3:004:000003,,004
20_c3_004_000004.jpg,20,3,train,boat,boat,boat,cross_view,c3,,000004,20:c3:004:000004,,004
20_c3_005_000003.jpg,20,3,train,boat,boat,boat,cross_view,c3,,000003,20:c3:005:000003,,005
20_c3_005_000004.jpg,20,3,train,boat,boat,boat,cross_view,c3,,000004,20:c3:005:000004,,005
20_c3_00_6.jpg,20,3,train,boat,boat,boat,cross_view,c3,,6,20:c3:00:6,,original
20_c3_00_8.jpg,20,3,train,boat,boat,boat,cross_view,c3,,8,20:c3:00:8,,original
20_c4_000_000005.jpg,20,4,train,boat,boat,boat,cross_view,c4,,000005,20:c4:000:000005,,000
20_c4_000_000006.jpg,20,4,train,boat,boat,boat,cross_view,c4,,000006,20:c4:000:000006,,000
20_c4_001_000005.jpg,20,4,train,boat,boat,boat,cross_view,c4,,000005,20:c4:001:000005,,001
20_c4_001_000006.jpg,20,4,train,boat,boat,boat,cross_view,c4,,000006,20:c4:001:000006,,001
20_c4_002_000005.jpg,20,4,train,boat,boat,boat,cross_view,c4,,000005,20:c4:002:000005,,002
20_c4_002_000006.jpg,20,4,train,boat,boat,boat,cross_view,c4,,000006,20:c4:002:000006,,002
20_c4_003_000005.jpg,20,4,train,boat,boat,boat,cross_view,c4,,000005,20:c4:003:000005,,003
20_c4_003_000006.jpg,20,4,train,boat,boat,boat,cross_view,c4,,000006,20:c4:003:000006,,003
20_c4_004_000005.jpg,20,4,train,boat,boat,boat,cross_view,c4,,000005,20:c4:004:000005,,004
20_c4_004_000006.jpg,20,4,train,boat,boat,boat,cross_view,c4,,000006,20:c4:004:000006,,004
20_c4_005_000005.jpg,20,4,train,boat,boat,boat,cross_view,c4,,000005,20:c4:005:000005,,005
20_c4_005_000006.jpg,20,4,train,boat,boat,boat,cross_view,c4,,000006,20:c4:005:000006,,005
20_c4_00_1.jpg,20,4,train,boat,boat,boat,cross_view,c4,,1,20:c4:00:1,,original
20_c4_00_4.jpg,20,4,train,boat,boat,boat,cross_view,c4,,4,20:c4:00:4,,original
20_c5_000_000007.jpg,20,5,train,boat,boat,boat,cross_view,c5,,000007,20:c5:000:000007,,000
20_c5_001_000007.jpg,20,5,train,boat,boat,boat,cross_view,c5,,000007,20:c5:001:000007,,001
20_c5_002_000007.jpg,20,5,train,boat,boat,boat,cross_view,c5,,000007,20:c5:002:000007,,002
20_c5_003_000007.jpg,20,5,train,boat,boat,boat,cross_view,c5,,000007,20:c5:003:000007,,003
20_c5_004_000007.jpg,20,5,train,boat,boat,boat,cross_view,c5,,000007,20:c5:004:000007,,004
20_c5_005_000007.jpg,20,5,train,boat,boat,boat,cross_view,c5,,000007,20:c5:005:000007,,005
20_c5_00_2.jpg,20,5,train,boat,boat,boat,cross_view,c5,,2,20:c5:00:2,,original
20_c6_000_000008.jpg,20,6,train,boat,boat,boat,cross_view,c6,,000008,20:c6:000:000008,,000
20_c6_000_000009.jpg,20,6,train,boat,boat,boat,cross_view,c6,,000009,20:c6:000:000009,,000
20_c6_001_000008.jpg,20,6,train,boat,boat,boat,cross_view,c6,,000008,20:c6:001:000008,,001
20_c6_001_000009.jpg,20,6,train,boat,boat,boat,cross_view,c6,,000009,20:c6:001:000009,,001
20_c6_002_000008.jpg,20,6,train,boat,boat,boat,cross_view,c6,,000008,20:c6:002:000008,,002
20_c6_002_000009.jpg,20,6,train,boat,boat,boat,cross_view,c6,,000009,20:c6:002:000009,,002
20_c6_003_000008.jpg,20,6,train,boat,boat,boat,cross_view,c6,,000008,20:c6:003:000008,,003
20_c6_003_000009.jpg,20,6,train,boat,boat,boat,cross_view,c6,,000009,20:c6:003:000009,,003
20_c6_004_000008.jpg,20,6,train,boat,boat,boat,cross_view,c6,,000008,20:c6:004:000008,,004
20_c6_004_000009.jpg,20,6,train,boat,boat,boat,cross_view,c6,,000009,20:c6:004:000009,,004
20_c6_005_000008.jpg,20,6,train,boat,boat,boat,cross_view,c6,,000008,20:c6:005:000008,,005
20_c6_005_000009.jpg,20,6,train,boat,boat,boat,cross_view,c6,,000009,20:c6:005:000009,,005
20_c6_00_3.jpg,20,6,train,boat,boat,boat,cross_view,c6,,3,20:c6:00:3,,original
20_c6_00_7.jpg,20,6,train,boat,boat,boat,cross_view,c6,,7,20:c6:00:7,,original
21_c1_000_000000.jpg,21,1,train,boat,boat,boat,cross_view,c1,,000000,21:c1:000:000000,,000
21_c1_001_000000.jpg,21,1,train,boat,boat,boat,cross_view,c1,,000000,21:c1:001:000000,,001
21_c1_002_000000.jpg,21,1,train,boat,boat,boat,cross_view,c1,,000000,21:c1:002:000000,,002
21_c1_003_000000.jpg,21,1,train,boat,boat,boat,cross_view,c1,,000000,21:c1:003:000000,,003
21_c1_004_000000.jpg,21,1,train,boat,boat,boat,cross_view,c1,,000000,21:c1:004:000000,,004
21_c1_005_000000.jpg,21,1,train,boat,boat,boat,cross_view,c1,,000000,21:c1:005:000000,,005
21_c1_00_10.jpg,21,1,train,boat,boat,boat,cross_view,c1,,10,21:c1:00:10,,original
21_c2_000_000001.jpg,21,2,train,boat,boat,boat,cross_view,c2,,000001,21:c2:000:000001,,000
21_c2_000_000002.jpg,21,2,train,boat,boat,boat,cross_view,c2,,000002,21:c2:000:000002,,000
21_c2_000_000003.jpg,21,2,train,boat,boat,boat,cross_view,c2,,000003,21:c2:000:000003,,000
21_c2_001_000001.jpg,21,2,train,boat,boat,boat,cross_view,c2,,000001,21:c2:001:000001,,001
21_c2_001_000002.jpg,21,2,train,boat,boat,boat,cross_view,c2,,000002,21:c2:001:000002,,001
21_c2_001_000003.jpg,21,2,train,boat,boat,boat,cross_view,c2,,000003,21:c2:001:000003,,001
21_c2_002_000001.jpg,21,2,train,boat,boat,boat,cross_view,c2,,000001,21:c2:002:000001,,002
21_c2_002_000002.jpg,21,2,train,boat,boat,boat,cross_view,c2,,000002,21:c2:002:000002,,002
21_c2_002_000003.jpg,21,2,train,boat,boat,boat,cross_view,c2,,000003,21:c2:002:000003,,002
21_c2_003_000001.jpg,21,2,train,boat,boat,boat,cross_view,c2,,000001,21:c2:003:000001,,003
21_c2_003_000002.jpg,21,2,train,boat,boat,boat,cross_view,c2,,000002,21:c2:003:000002,,003
21_c2_003_000003.jpg,21,2,train,boat,boat,boat,cross_view,c2,,000003,21:c2:003:000003,,003
21_c2_004_000001.jpg,21,2,train,boat,boat,boat,cross_view,c2,,000001,21:c2:004:000001,,004
21_c2_004_000002.jpg,21,2,train,boat,boat,boat,cross_view,c2,,000002,21:c2:004:000002,,004
21_c2_004_000003.jpg,21,2,train,boat,boat,boat,cross_view,c2,,000003,21:c2:004:000003,,004
21_c2_005_000001.jpg,21,2,train,boat,boat,boat,cross_view,c2,,000001,21:c2:005:000001,,005
21_c2_005_000002.jpg,21,2,train,boat,boat,boat,cross_view,c2,,000002,21:c2:005:000002,,005
21_c2_005_000003.jpg,21,2,train,boat,boat,boat,cross_view,c2,,000003,21:c2:005:000003,,005
21_c2_00_0.jpg,21,2,train,boat,boat,boat,cross_view,c2,,0,21:c2:00:0,,original
21_c2_00_8.jpg,21,2,train,boat,boat,boat,cross_view,c2,,8,21:c2:00:8,,original
21_c2_00_9.jpg,21,2,train,boat,boat,boat,cross_view,c2,,9,21:c2:00:9,,original
21_c3_000_000004.jpg,21,3,train,boat,boat,boat,cross_view,c3,,000004,21:c3:000:000004,,000
21_c3_000_000005.jpg,21,3,train,boat,boat,boat,cross_view,c3,,000005,21:c3:000:000005,,000
21_c3_001_000004.jpg,21,3,train,boat,boat,boat,cross_view,c3,,000004,21:c3:001:000004,,001
21_c3_001_000005.jpg,21,3,train,boat,boat,boat,cross_view,c3,,000005,21:c3:001:000005,,001
21_c3_002_000004.jpg,21,3,train,boat,boat,boat,cross_view,c3,,000004,21:c3:002:000004,,002
21_c3_002_000005.jpg,21,3,train,boat,boat,boat,cross_view,c3,,000005,21:c3:002:000005,,002
21_c3_003_000004.jpg,21,3,train,boat,boat,boat,cross_view,c3,,000004,21:c3:003:000004,,003
21_c3_003_000005.jpg,21,3,train,boat,boat,boat,cross_view,c3,,000005,21:c3:003:000005,,003
21_c3_004_000004.jpg,21,3,train,boat,boat,boat,cross_view,c3,,000004,21:c3:004:000004,,004
21_c3_004_000005.jpg,21,3,train,boat,boat,boat,cross_view,c3,,000005,21:c3:004:000005,,004
21_c3_005_000004.jpg,21,3,train,boat,boat,boat,cross_view,c3,,000004,21:c3:005:000004,,005
21_c3_005_000005.jpg,21,3,train,boat,boat,boat,cross_view,c3,,000005,21:c3:005:000005,,005
21_c3_00_1.jpg,21,3,train,boat,boat,boat,cross_view,c3,,1,21:c3:00:1,,original
21_c3_00_7.jpg,21,3,train,boat,boat,boat,cross_view,c3,,7,21:c3:00:7,,original
21_c4_000_000006.jpg,21,4,train,boat,boat,boat,cross_view,c4,,000006,21:c4:000:000006,,000
21_c4_001_000006.jpg,21,4,train,boat,boat,boat,cross_view,c4,,000006,21:c4:001:000006,,001
21_c4_002_000006.jpg,21,4,train,boat,boat,boat,cross_view,c4,,000006,21:c4:002:000006,,002
21_c4_003_000006.jpg,21,4,train,boat,boat,boat,cross_view,c4,,000006,21:c4:003:000006,,003
21_c4_004_000006.jpg,21,4,train,boat,boat,boat,cross_view,c4,,000006,21:c4:004:000006,,004
21_c4_005_000006.jpg,21,4,train,boat,boat,boat,cross_view,c4,,000006,21:c4:005:000006,,005
21_c4_00_2.jpg,21,4,train,boat,boat,boat,cross_view,c4,,2,21:c4:00:2,,original
21_c5_000_000007.jpg,21,5,train,boat,boat,boat,cross_view,c5,,000007,21:c5:000:000007,,000
21_c5_000_000008.jpg,21,5,train,boat,boat,boat,cross_view,c5,,000008,21:c5:000:000008,,000
21_c5_001_000007.jpg,21,5,train,boat,boat,boat,cross_view,c5,,000007,21:c5:001:000007,,001
21_c5_001_000008.jpg,21,5,train,boat,boat,boat,cross_view,c5,,000008,21:c5:001:000008,,001
21_c5_002_000007.jpg,21,5,train,boat,boat,boat,cross_view,c5,,000007,21:c5:002:000007,,002
21_c5_002_000008.jpg,21,5,train,boat,boat,boat,cross_view,c5,,000008,21:c5:002:000008,,002
21_c5_003_000007.jpg,21,5,train,boat,boat,boat,cross_view,c5,,000007,21:c5:003:000007,,003
21_c5_003_000008.jpg,21,5,train,boat,boat,boat,cross_view,c5,,000008,21:c5:003:000008,,003
21_c5_004_000007.jpg,21,5,train,boat,boat,boat,cross_view,c5,,000007,21:c5:004:000007,,004
21_c5_004_000008.jpg,21,5,train,boat,boat,boat,cross_view,c5,,000008,21:c5:004:000008,,004
21_c5_005_000007.jpg,21,5,train,boat,boat,boat,cross_view,c5,,000007,21:c5:005:000007,,005
21_c5_005_000008.jpg,21,5,train,boat,boat,boat,cross_view,c5,,000008,21:c5:005:000008,,005
21_c5_00_3.jpg,21,5,train,boat,boat,boat,cross_view,c5,,3,21:c5:00:3,,original
21_c5_00_6.jpg,21,5,train,boat,boat,boat,cross_view,c5,,6,21:c5:00:6,,original
21_c6_000_000009.jpg,21,6,train,boat,boat,boat,cross_view,c6,,000009,21:c6:000:000009,,000
21_c6_000_000010.jpg,21,6,train,boat,boat,boat,cross_view,c6,,000010,21:c6:000:000010,,000
21_c6_001_000009.jpg,21,6,train,boat,boat,boat,cross_view,c6,,000009,21:c6:001:000009,,001
21_c6_001_000010.jpg,21,6,train,boat,boat,boat,cross_view,c6,,000010,21:c6:001:000010,,001
21_c6_002_000009.jpg,21,6,train,boat,boat,boat,cross_view,c6,,000009,21:c6:002:000009,,002
21_c6_002_000010.jpg,21,6,train,boat,boat,boat,cross_view,c6,,000010,21:c6:002:000010,,002
21_c6_003_000009.jpg,21,6,train,boat,boat,boat,cross_view,c6,,000009,21:c6:003:000009,,003
21_c6_003_000010.jpg,21,6,train,boat,boat,boat,cross_view,c6,,000010,21:c6:003:000010,,003
21_c6_004_000009.jpg,21,6,train,boat,boat,boat,cross_view,c6,,000009,21:c6:004:000009,,004
21_c6_004_000010.jpg,21,6,train,boat,boat,boat,cross_view,c6,,000010,21:c6:004:000010,,004
21_c6_005_000009.jpg,21,6,train,boat,boat,boat,cross_view,c6,,000009,21:c6:005:000009,,005
21_c6_005_000010.jpg,21,6,train,boat,boat,boat,cross_view,c6,,000010,21:c6:005:000010,,005
21_c6_00_4.jpg,21,6,train,boat,boat,boat,cross_view,c6,,4,21:c6:00:4,,original
21_c6_00_5.jpg,21,6,train,boat,boat,boat,cross_view,c6,,5,21:c6:00:5,,original
22_c1_00_13.jpg,22,1,query,boat,boat,boat,cross_view,c1,,13,22:c1:00:13,,original
22_c2_00_10.jpg,22,2,gallery,boat,boat,boat,cross_view,c2,,10,22:c2:00:10,,original
22_c2_00_4.jpg,22,2,gallery,boat,boat,boat,cross_view,c2,,4,22:c2:00:4,,original
22_c2_00_5.jpg,22,2,gallery,boat,boat,boat,cross_view,c2,,5,22:c2:00:5,,original
22_c3_00_3.jpg,22,3,gallery,boat,boat,boat,cross_view,c3,,3,22:c3:00:3,,original
22_c3_00_6.jpg,22,3,gallery,boat,boat,boat,cross_view,c3,,6,22:c3:00:6,,original
22_c4_00_11.jpg,22,4,gallery,boat,boat,boat,cross_view,c4,,11,22:c4:00:11,,original
22_c4_00_2.jpg,22,4,gallery,boat,boat,boat,cross_view,c4,,2,22:c4:00:2,,original
22_c4_00_7.jpg,22,4,gallery,boat,boat,boat,cross_view,c4,,7,22:c4:00:7,,original
22_c5_00_1.jpg,22,5,gallery,boat,boat,boat,cross_view,c5,,1,22:c5:00:1,,original
22_c5_00_8.jpg,22,5,gallery,boat,boat,boat,cross_view,c5,,8,22:c5:00:8,,original
22_c6_00_0.jpg,22,6,gallery,boat,boat,boat,cross_view,c6,,0,22:c6:00:0,,original
22_c6_00_12.jpg,22,6,gallery,boat,boat,boat,cross_view,c6,,12,22:c6:00:12,,original
22_c6_00_9.jpg,22,6,gallery,boat,boat,boat,cross_view,c6,,9,22:c6:00:9,,original
23_c1_000_000000.jpg,23,1,train,boat,boat,boat,cross_view,c1,,000000,23:c1:000:000000,,000
23_c1_000_000001.jpg,23,1,train,boat,boat,boat,cross_view,c1,,000001,23:c1:000:000001,,000
23_c1_000_000002.jpg,23,1,train,boat,boat,boat,cross_view,c1,,000002,23:c1:000:000002,,000
23_c1_001_000000.jpg,23,1,train,boat,boat,boat,cross_view,c1,,000000,23:c1:001:000000,,001
23_c1_001_000001.jpg,23,1,train,boat,boat,boat,cross_view,c1,,000001,23:c1:001:000001,,001
23_c1_001_000002.jpg,23,1,train,boat,boat,boat,cross_view,c1,,000002,23:c1:001:000002,,001
23_c1_002_000000.jpg,23,1,train,boat,boat,boat,cross_view,c1,,000000,23:c1:002:000000,,002
23_c1_002_000001.jpg,23,1,train,boat,boat,boat,cross_view,c1,,000001,23:c1:002:000001,,002
23_c1_002_000002.jpg,23,1,train,boat,boat,boat,cross_view,c1,,000002,23:c1:002:000002,,002
23_c1_003_000000.jpg,23,1,train,boat,boat,boat,cross_view,c1,,000000,23:c1:003:000000,,003
23_c1_003_000001.jpg,23,1,train,boat,boat,boat,cross_view,c1,,000001,23:c1:003:000001,,003
23_c1_003_000002.jpg,23,1,train,boat,boat,boat,cross_view,c1,,000002,23:c1:003:000002,,003
23_c1_004_000000.jpg,23,1,train,boat,boat,boat,cross_view,c1,,000000,23:c1:004:000000,,004
23_c1_004_000001.jpg,23,1,train,boat,boat,boat,cross_view,c1,,000001,23:c1:004:000001,,004
23_c1_004_000002.jpg,23,1,train,boat,boat,boat,cross_view,c1,,000002,23:c1:004:000002,,004
23_c1_005_000000.jpg,23,1,train,boat,boat,boat,cross_view,c1,,000000,23:c1:005:000000,,005
23_c1_005_000001.jpg,23,1,train,boat,boat,boat,cross_view,c1,,000001,23:c1:005:000001,,005
23_c1_005_000002.jpg,23,1,train,boat,boat,boat,cross_view,c1,,000002,23:c1:005:000002,,005
23_c1_00_11.jpg,23,1,train,boat,boat,boat,cross_view,c1,,11,23:c1:00:11,,original
23_c1_00_12.jpg,23,1,train,boat,boat,boat,cross_view,c1,,12,23:c1:00:12,,original
23_c1_00_13.jpg,23,1,train,boat,boat,boat,cross_view,c1,,13,23:c1:00:13,,original
23_c2_000_000003.jpg,23,2,train,boat,boat,boat,cross_view,c2,,000003,23:c2:000:000003,,000
23_c2_000_000004.jpg,23,2,train,boat,boat,boat,cross_view,c2,,000004,23:c2:000:000004,,000
23_c2_001_000003.jpg,23,2,train,boat,boat,boat,cross_view,c2,,000003,23:c2:001:000003,,001
23_c2_001_000004.jpg,23,2,train,boat,boat,boat,cross_view,c2,,000004,23:c2:001:000004,,001
23_c2_002_000003.jpg,23,2,train,boat,boat,boat,cross_view,c2,,000003,23:c2:002:000003,,002
23_c2_002_000004.jpg,23,2,train,boat,boat,boat,cross_view,c2,,000004,23:c2:002:000004,,002
23_c2_003_000003.jpg,23,2,train,boat,boat,boat,cross_view,c2,,000003,23:c2:003:000003,,003
23_c2_003_000004.jpg,23,2,train,boat,boat,boat,cross_view,c2,,000004,23:c2:003:000004,,003
23_c2_004_000003.jpg,23,2,train,boat,boat,boat,cross_view,c2,,000003,23:c2:004:000003,,004
23_c2_004_000004.jpg,23,2,train,boat,boat,boat,cross_view,c2,,000004,23:c2:004:000004,,004
23_c2_005_000003.jpg,23,2,train,boat,boat,boat,cross_view,c2,,000003,23:c2:005:000003,,005
23_c2_005_000004.jpg,23,2,train,boat,boat,boat,cross_view,c2,,000004,23:c2:005:000004,,005
23_c2_00_0.jpg,23,2,train,boat,boat,boat,cross_view,c2,,0,23:c2:00:0,,original
23_c2_00_10.jpg,23,2,train,boat,boat,boat,cross_view,c2,,10,23:c2:00:10,,original
23_c3_000_000005.jpg,23,3,train,boat,boat,boat,cross_view,c3,,000005,23:c3:000:000005,,000
23_c3_000_000006.jpg,23,3,train,boat,boat,boat,cross_view,c3,,000006,23:c3:000:000006,,000
23_c3_000_000007.jpg,23,3,train,boat,boat,boat,cross_view,c3,,000007,23:c3:000:000007,,000
23_c3_001_000005.jpg,23,3,train,boat,boat,boat,cross_view,c3,,000005,23:c3:001:000005,,001
23_c3_001_000006.jpg,23,3,train,boat,boat,boat,cross_view,c3,,000006,23:c3:001:000006,,001
23_c3_001_000007.jpg,23,3,train,boat,boat,boat,cross_view,c3,,000007,23:c3:001:000007,,001
23_c3_002_000005.jpg,23,3,train,boat,boat,boat,cross_view,c3,,000005,23:c3:002:000005,,002
23_c3_002_000006.jpg,23,3,train,boat,boat,boat,cross_view,c3,,000006,23:c3:002:000006,,002
23_c3_002_000007.jpg,23,3,train,boat,boat,boat,cross_view,c3,,000007,23:c3:002:000007,,002
23_c3_003_000005.jpg,23,3,train,boat,boat,boat,cross_view,c3,,000005,23:c3:003:000005,,003
23_c3_003_000006.jpg,23,3,train,boat,boat,boat,cross_view,c3,,000006,23:c3:003:000006,,003
23_c3_003_000007.jpg,23,3,train,boat,boat,boat,cross_view,c3,,000007,23:c3:003:000007,,003
23_c3_004_000005.jpg,23,3,train,boat,boat,boat,cross_view,c3,,000005,23:c3:004:000005,,004
23_c3_004_000006.jpg,23,3,train,boat,boat,boat,cross_view,c3,,000006,23:c3:004:000006,,004
23_c3_004_000007.jpg,23,3,train,boat,boat,boat,cross_view,c3,,000007,23:c3:004:000007,,004
23_c3_005_000005.jpg,23,3,train,boat,boat,boat,cross_view,c3,,000005,23:c3:005:000005,,005
23_c3_005_000006.jpg,23,3,train,boat,boat,boat,cross_view,c3,,000006,23:c3:005:000006,,005
23_c3_005_000007.jpg,23,3,train,boat,boat,boat,cross_view,c3,,000007,23:c3:005:000007,,005
23_c3_00_1.jpg,23,3,train,boat,boat,boat,cross_view,c3,,1,23:c3:00:1,,original
23_c3_00_8.jpg,23,3,train,boat,boat,boat,cross_view,c3,,8,23:c3:00:8,,original
23_c3_00_9.jpg,23,3,train,boat,boat,boat,cross_view,c3,,9,23:c3:00:9,,original
23_c4_000_000008.jpg,23,4,train,boat,boat,boat,cross_view,c4,,000008,23:c4:000:000008,,000
23_c4_000_000009.jpg,23,4,train,boat,boat,boat,cross_view,c4,,000009,23:c4:000:000009,,000
23_c4_001_000008.jpg,23,4,train,boat,boat,boat,cross_view,c4,,000008,23:c4:001:000008,,001
23_c4_001_000009.jpg,23,4,train,boat,boat,boat,cross_view,c4,,000009,23:c4:001:000009,,001
23_c4_002_000008.jpg,23,4,train,boat,boat,boat,cross_view,c4,,000008,23:c4:002:000008,,002
23_c4_002_000009.jpg,23,4,train,boat,boat,boat,cross_view,c4,,000009,23:c4:002:000009,,002
23_c4_003_000008.jpg,23,4,train,boat,boat,boat,cross_view,c4,,000008,23:c4:003:000008,,003
23_c4_003_000009.jpg,23,4,train,boat,boat,boat,cross_view,c4,,000009,23:c4:003:000009,,003
23_c4_004_000008.jpg,23,4,train,boat,boat,boat,cross_view,c4,,000008,23:c4:004:000008,,004
23_c4_004_000009.jpg,23,4,train,boat,boat,boat,cross_view,c4,,000009,23:c4:004:000009,,004
23_c4_005_000008.jpg,23,4,train,boat,boat,boat,cross_view,c4,,000008,23:c4:005:000008,,005
23_c4_005_000009.jpg,23,4,train,boat,boat,boat,cross_view,c4,,000009,23:c4:005:000009,,005
23_c4_00_2.jpg,23,4,train,boat,boat,boat,cross_view,c4,,2,23:c4:00:2,,original
23_c4_00_7.jpg,23,4,train,boat,boat,boat,cross_view,c4,,7,23:c4:00:7,,original
23_c5_000_000010.jpg,23,5,train,boat,boat,boat,cross_view,c5,,000010,23:c5:000:000010,,000
23_c5_000_000011.jpg,23,5,train,boat,boat,boat,cross_view,c5,,000011,23:c5:000:000011,,000
23_c5_001_000010.jpg,23,5,train,boat,boat,boat,cross_view,c5,,000010,23:c5:001:000010,,001
23_c5_001_000011.jpg,23,5,train,boat,boat,boat,cross_view,c5,,000011,23:c5:001:000011,,001
23_c5_002_000010.jpg,23,5,train,boat,boat,boat,cross_view,c5,,000010,23:c5:002:000010,,002
23_c5_002_000011.jpg,23,5,train,boat,boat,boat,cross_view,c5,,000011,23:c5:002:000011,,002
23_c5_003_000010.jpg,23,5,train,boat,boat,boat,cross_view,c5,,000010,23:c5:003:000010,,003
23_c5_003_000011.jpg,23,5,train,boat,boat,boat,cross_view,c5,,000011,23:c5:003:000011,,003
23_c5_004_000010.jpg,23,5,train,boat,boat,boat,cross_view,c5,,000010,23:c5:004:000010,,004
23_c5_004_000011.jpg,23,5,train,boat,boat,boat,cross_view,c5,,000011,23:c5:004:000011,,004
23_c5_005_000010.jpg,23,5,train,boat,boat,boat,cross_view,c5,,000010,23:c5:005:000010,,005
23_c5_005_000011.jpg,23,5,train,boat,boat,boat,cross_view,c5,,000011,23:c5:005:000011,,005
23_c5_00_3.jpg,23,5,train,boat,boat,boat,cross_view,c5,,3,23:c5:00:3,,original
23_c5_00_6.jpg,23,5,train,boat,boat,boat,cross_view,c5,,6,23:c5:00:6,,original
23_c6_000_000012.jpg,23,6,train,boat,boat,boat,cross_view,c6,,000012,23:c6:000:000012,,000
23_c6_000_000013.jpg,23,6,train,boat,boat,boat,cross_view,c6,,000013,23:c6:000:000013,,000
23_c6_001_000012.jpg,23,6,train,boat,boat,boat,cross_view,c6,,000012,23:c6:001:000012,,001
23_c6_001_000013.jpg,23,6,train,boat,boat,boat,cross_view,c6,,000013,23:c6:001:000013,,001
23_c6_002_000012.jpg,23,6,train,boat,boat,boat,cross_view,c6,,000012,23:c6:002:000012,,002
23_c6_002_000013.jpg,23,6,train,boat,boat,boat,cross_view,c6,,000013,23:c6:002:000013,,002
23_c6_003_000012.jpg,23,6,train,boat,boat,boat,cross_view,c6,,000012,23:c6:003:000012,,003
23_c6_003_000013.jpg,23,6,train,boat,boat,boat,cross_view,c6,,000013,23:c6:003:000013,,003
23_c6_004_000012.jpg,23,6,train,boat,boat,boat,cross_view,c6,,000012,23:c6:004:000012,,004
23_c6_004_000013.jpg,23,6,train,boat,boat,boat,cross_view,c6,,000013,23:c6:004:000013,,004
23_c6_005_000012.jpg,23,6,train,boat,boat,boat,cross_view,c6,,000012,23:c6:005:000012,,005
23_c6_005_000013.jpg,23,6,train,boat,boat,boat,cross_view,c6,,000013,23:c6:005:000013,,005
23_c6_00_4.jpg,23,6,train,boat,boat,boat,cross_view,c6,,4,23:c6:00:4,,original
23_c6_00_5.jpg,23,6,train,boat,boat,boat,cross_view,c6,,5,23:c6:00:5,,original
24_c1_000_000000.jpg,24,1,train,boat,boat,boat,cross_view,c1,,000000,24:c1:000:000000,,000
24_c1_001_000000.jpg,24,1,train,boat,boat,boat,cross_view,c1,,000000,24:c1:001:000000,,001
24_c1_002_000000.jpg,24,1,train,boat,boat,boat,cross_view,c1,,000000,24:c1:002:000000,,002
24_c1_003_000000.jpg,24,1,train,boat,boat,boat,cross_view,c1,,000000,24:c1:003:000000,,003
24_c1_004_000000.jpg,24,1,train,boat,boat,boat,cross_view,c1,,000000,24:c1:004:000000,,004
24_c1_005_000000.jpg,24,1,train,boat,boat,boat,cross_view,c1,,000000,24:c1:005:000000,,005
24_c1_00_5.jpg,24,1,train,boat,boat,boat,cross_view,c1,,5,24:c1:00:5,,original
24_c2_000_000001.jpg,24,2,train,boat,boat,boat,cross_view,c2,,000001,24:c2:000:000001,,000
24_c2_001_000001.jpg,24,2,train,boat,boat,boat,cross_view,c2,,000001,24:c2:001:000001,,001
24_c2_002_000001.jpg,24,2,train,boat,boat,boat,cross_view,c2,,000001,24:c2:002:000001,,002
24_c2_003_000001.jpg,24,2,train,boat,boat,boat,cross_view,c2,,000001,24:c2:003:000001,,003
24_c2_004_000001.jpg,24,2,train,boat,boat,boat,cross_view,c2,,000001,24:c2:004:000001,,004
24_c2_005_000001.jpg,24,2,train,boat,boat,boat,cross_view,c2,,000001,24:c2:005:000001,,005
24_c2_00_0.jpg,24,2,train,boat,boat,boat,cross_view,c2,,0,24:c2:00:0,,original
24_c5_000_000002.jpg,24,5,train,boat,boat,boat,cross_view,c5,,000002,24:c5:000:000002,,000
24_c5_001_000002.jpg,24,5,train,boat,boat,boat,cross_view,c5,,000002,24:c5:001:000002,,001
24_c5_002_000002.jpg,24,5,train,boat,boat,boat,cross_view,c5,,000002,24:c5:002:000002,,002
24_c5_003_000002.jpg,24,5,train,boat,boat,boat,cross_view,c5,,000002,24:c5:003:000002,,003
24_c5_004_000002.jpg,24,5,train,boat,boat,boat,cross_view,c5,,000002,24:c5:004:000002,,004
24_c5_005_000002.jpg,24,5,train,boat,boat,boat,cross_view,c5,,000002,24:c5:005:000002,,005
24_c5_00_1.jpg,24,5,train,boat,boat,boat,cross_view,c5,,1,24:c5:00:1,,original
24_c6_000_000003.jpg,24,6,train,boat,boat,boat,cross_view,c6,,000003,24:c6:000:000003,,000
24_c6_000_000004.jpg,24,6,train,boat,boat,boat,cross_view,c6,,000004,24:c6:000:000004,,000
24_c6_000_000005.jpg,24,6,train,boat,boat,boat,cross_view,c6,,000005,24:c6:000:000005,,000
24_c6_001_000003.jpg,24,6,train,boat,boat,boat,cross_view,c6,,000003,24:c6:001:000003,,001
24_c6_001_000004.jpg,24,6,train,boat,boat,boat,cross_view,c6,,000004,24:c6:001:000004,,001
24_c6_001_000005.jpg,24,6,train,boat,boat,boat,cross_view,c6,,000005,24:c6:001:000005,,001
24_c6_002_000003.jpg,24,6,train,boat,boat,boat,cross_view,c6,,000003,24:c6:002:000003,,002
24_c6_002_000004.jpg,24,6,train,boat,boat,boat,cross_view,c6,,000004,24:c6:002:000004,,002
24_c6_002_000005.jpg,24,6,train,boat,boat,boat,cross_view,c6,,000005,24:c6:002:000005,,002
24_c6_003_000003.jpg,24,6,train,boat,boat,boat,cross_view,c6,,000003,24:c6:003:000003,,003
24_c6_003_000004.jpg,24,6,train,boat,boat,boat,cross_view,c6,,000004,24:c6:003:000004,,003
24_c6_003_000005.jpg,24,6,train,boat,boat,boat,cross_view,c6,,000005,24:c6:003:000005,,003
24_c6_004_000003.jpg,24,6,train,boat,boat,boat,cross_view,c6,,000003,24:c6:004:000003,,004
24_c6_004_000004.jpg,24,6,train,boat,boat,boat,cross_view,c6,,000004,24:c6:004:000004,,004
24_c6_004_000005.jpg,24,6,train,boat,boat,boat,cross_view,c6,,000005,24:c6:004:000005,,004
24_c6_005_000003.jpg,24,6,train,boat,boat,boat,cross_view,c6,,000003,24:c6:005:000003,,005
24_c6_005_000004.jpg,24,6,train,boat,boat,boat,cross_view,c6,,000004,24:c6:005:000004,,005
24_c6_005_000005.jpg,24,6,train,boat,boat,boat,cross_view,c6,,000005,24:c6:005:000005,,005
24_c6_00_2.jpg,24,6,train,boat,boat,boat,cross_view,c6,,2,24:c6:00:2,,original
24_c6_00_3.jpg,24,6,train,boat,boat,boat,cross_view,c6,,3,24:c6:00:3,,original
24_c6_00_4.jpg,24,6,train,boat,boat,boat,cross_view,c6,,4,24:c6:00:4,,original
25_c1_000_000000.jpg,25,1,train,boat,boat,boat,cross_view,c1,,000000,25:c1:000:000000,,000
25_c1_000_000001.jpg,25,1,train,boat,boat,boat,cross_view,c1,,000001,25:c1:000:000001,,000
25_c1_001_000000.jpg,25,1,train,boat,boat,boat,cross_view,c1,,000000,25:c1:001:000000,,001
25_c1_001_000001.jpg,25,1,train,boat,boat,boat,cross_view,c1,,000001,25:c1:001:000001,,001
25_c1_002_000000.jpg,25,1,train,boat,boat,boat,cross_view,c1,,000000,25:c1:002:000000,,002
25_c1_002_000001.jpg,25,1,train,boat,boat,boat,cross_view,c1,,000001,25:c1:002:000001,,002
25_c1_003_000000.jpg,25,1,train,boat,boat,boat,cross_view,c1,,000000,25:c1:003:000000,,003
25_c1_003_000001.jpg,25,1,train,boat,boat,boat,cross_view,c1,,000001,25:c1:003:000001,,003
25_c1_004_000000.jpg,25,1,train,boat,boat,boat,cross_view,c1,,000000,25:c1:004:000000,,004
25_c1_004_000001.jpg,25,1,train,boat,boat,boat,cross_view,c1,,000001,25:c1:004:000001,,004
25_c1_005_000000.jpg,25,1,train,boat,boat,boat,cross_view,c1,,000000,25:c1:005:000000,,005
25_c1_005_000001.jpg,25,1,train,boat,boat,boat,cross_view,c1,,000001,25:c1:005:000001,,005
25_c1_00_11.jpg,25,1,train,boat,boat,boat,cross_view,c1,,11,25:c1:00:11,,original
25_c1_00_9.jpg,25,1,train,boat,boat,boat,cross_view,c1,,9,25:c1:00:9,,original
25_c2_000_000002.jpg,25,2,train,boat,boat,boat,cross_view,c2,,000002,25:c2:000:000002,,000
25_c2_001_000002.jpg,25,2,train,boat,boat,boat,cross_view,c2,,000002,25:c2:001:000002,,001
25_c2_002_000002.jpg,25,2,train,boat,boat,boat,cross_view,c2,,000002,25:c2:002:000002,,002
25_c2_003_000002.jpg,25,2,train,boat,boat,boat,cross_view,c2,,000002,25:c2:003:000002,,003
25_c2_004_000002.jpg,25,2,train,boat,boat,boat,cross_view,c2,,000002,25:c2:004:000002,,004
25_c2_005_000002.jpg,25,2,train,boat,boat,boat,cross_view,c2,,000002,25:c2:005:000002,,005
25_c2_00_0.jpg,25,2,train,boat,boat,boat,cross_view,c2,,0,25:c2:00:0,,original
25_c3_000_000003.jpg,25,3,train,boat,boat,boat,cross_view,c3,,000003,25:c3:000:000003,,000
25_c3_000_000004.jpg,25,3,train,boat,boat,boat,cross_view,c3,,000004,25:c3:000:000004,,000
25_c3_001_000003.jpg,25,3,train,boat,boat,boat,cross_view,c3,,000003,25:c3:001:000003,,001
25_c3_001_000004.jpg,25,3,train,boat,boat,boat,cross_view,c3,,000004,25:c3:001:000004,,001
25_c3_002_000003.jpg,25,3,train,boat,boat,boat,cross_view,c3,,000003,25:c3:002:000003,,002
25_c3_002_000004.jpg,25,3,train,boat,boat,boat,cross_view,c3,,000004,25:c3:002:000004,,002
25_c3_003_000003.jpg,25,3,train,boat,boat,boat,cross_view,c3,,000003,25:c3:003:000003,,003
25_c3_003_000004.jpg,25,3,train,boat,boat,boat,cross_view,c3,,000004,25:c3:003:000004,,003
25_c3_004_000003.jpg,25,3,train,boat,boat,boat,cross_view,c3,,000003,25:c3:004:000003,,004
25_c3_004_000004.jpg,25,3,train,boat,boat,boat,cross_view,c3,,000004,25:c3:004:000004,,004
25_c3_005_000003.jpg,25,3,train,boat,boat,boat,cross_view,c3,,000003,25:c3:005:000003,,005
25_c3_005_000004.jpg,25,3,train,boat,boat,boat,cross_view,c3,,000004,25:c3:005:000004,,005
25_c3_00_1.jpg,25,3,train,boat,boat,boat,cross_view,c3,,1,25:c3:00:1,,original
25_c3_00_6.jpg,25,3,train,boat,boat,boat,cross_view,c3,,6,25:c3:00:6,,original
25_c4_000_000005.jpg,25,4,train,boat,boat,boat,cross_view,c4,,000005,25:c4:000:000005,,000
25_c4_000_000006.jpg,25,4,train,boat,boat,boat,cross_view,c4,,000006,25:c4:000:000006,,000
25_c4_000_000007.jpg,25,4,train,boat,boat,boat,cross_view,c4,,000007,25:c4:000:000007,,000
25_c4_001_000005.jpg,25,4,train,boat,boat,boat,cross_view,c4,,000005,25:c4:001:000005,,001
25_c4_001_000006.jpg,25,4,train,boat,boat,boat,cross_view,c4,,000006,25:c4:001:000006,,001
25_c4_001_000007.jpg,25,4,train,boat,boat,boat,cross_view,c4,,000007,25:c4:001:000007,,001
25_c4_002_000005.jpg,25,4,train,boat,boat,boat,cross_view,c4,,000005,25:c4:002:000005,,002
25_c4_002_000006.jpg,25,4,train,boat,boat,boat,cross_view,c4,,000006,25:c4:002:000006,,002
25_c4_002_000007.jpg,25,4,train,boat,boat,boat,cross_view,c4,,000007,25:c4:002:000007,,002
25_c4_003_000005.jpg,25,4,train,boat,boat,boat,cross_view,c4,,000005,25:c4:003:000005,,003
25_c4_003_000006.jpg,25,4,train,boat,boat,boat,cross_view,c4,,000006,25:c4:003:000006,,003
25_c4_003_000007.jpg,25,4,train,boat,boat,boat,cross_view,c4,,000007,25:c4:003:000007,,003
25_c4_004_000005.jpg,25,4,train,boat,boat,boat,cross_view,c4,,000005,25:c4:004:000005,,004
25_c4_004_000006.jpg,25,4,train,boat,boat,boat,cross_view,c4,,000006,25:c4:004:000006,,004
25_c4_004_000007.jpg,25,4,train,boat,boat,boat,cross_view,c4,,000007,25:c4:004:000007,,004
25_c4_005_000005.jpg,25,4,train,boat,boat,boat,cross_view,c4,,000005,25:c4:005:000005,,005
25_c4_005_000006.jpg,25,4,train,boat,boat,boat,cross_view,c4,,000006,25:c4:005:000006,,005
25_c4_005_000007.jpg,25,4,train,boat,boat,boat,cross_view,c4,,000007,25:c4:005:000007,,005
25_c4_00_10.jpg,25,4,train,boat,boat,boat,cross_view,c4,,10,25:c4:00:10,,original
25_c4_00_2.jpg,25,4,train,boat,boat,boat,cross_view,c4,,2,25:c4:00:2,,original
25_c4_00_7.jpg,25,4,train,boat,boat,boat,cross_view,c4,,7,25:c4:00:7,,original
25_c5_000_000008.jpg,25,5,train,boat,boat,boat,cross_view,c5,,000008,25:c5:000:000008,,000
25_c5_000_000009.jpg,25,5,train,boat,boat,boat,cross_view,c5,,000009,25:c5:000:000009,,000
25_c5_001_000008.jpg,25,5,train,boat,boat,boat,cross_view,c5,,000008,25:c5:001:000008,,001
25_c5_001_000009.jpg,25,5,train,boat,boat,boat,cross_view,c5,,000009,25:c5:001:000009,,001
25_c5_002_000008.jpg,25,5,train,boat,boat,boat,cross_view,c5,,000008,25:c5:002:000008,,002
25_c5_002_000009.jpg,25,5,train,boat,boat,boat,cross_view,c5,,000009,25:c5:002:000009,,002
25_c5_003_000008.jpg,25,5,train,boat,boat,boat,cross_view,c5,,000008,25:c5:003:000008,,003
25_c5_003_000009.jpg,25,5,train,boat,boat,boat,cross_view,c5,,000009,25:c5:003:000009,,003
25_c5_004_000008.jpg,25,5,train,boat,boat,boat,cross_view,c5,,000008,25:c5:004:000008,,004
25_c5_004_000009.jpg,25,5,train,boat,boat,boat,cross_view,c5,,000009,25:c5:004:000009,,004
25_c5_005_000008.jpg,25,5,train,boat,boat,boat,cross_view,c5,,000008,25:c5:005:000008,,005
25_c5_005_000009.jpg,25,5,train,boat,boat,boat,cross_view,c5,,000009,25:c5:005:000009,,005
25_c5_00_3.jpg,25,5,train,boat,boat,boat,cross_view,c5,,3,25:c5:00:3,,original
25_c5_00_5.jpg,25,5,train,boat,boat,boat,cross_view,c5,,5,25:c5:00:5,,original
25_c6_000_000010.jpg,25,6,train,boat,boat,boat,cross_view,c6,,000010,25:c6:000:000010,,000
25_c6_000_000011.jpg,25,6,train,boat,boat,boat,cross_view,c6,,000011,25:c6:000:000011,,000
25_c6_001_000010.jpg,25,6,train,boat,boat,boat,cross_view,c6,,000010,25:c6:001:000010,,001
25_c6_001_000011.jpg,25,6,train,boat,boat,boat,cross_view,c6,,000011,25:c6:001:000011,,001
25_c6_002_000010.jpg,25,6,train,boat,boat,boat,cross_view,c6,,000010,25:c6:002:000010,,002
25_c6_002_000011.jpg,25,6,train,boat,boat,boat,cross_view,c6,,000011,25:c6:002:000011,,002
25_c6_003_000010.jpg,25,6,train,boat,boat,boat,cross_view,c6,,000010,25:c6:003:000010,,003
25_c6_003_000011.jpg,25,6,train,boat,boat,boat,cross_view,c6,,000011,25:c6:003:000011,,003
25_c6_004_000010.jpg,25,6,train,boat,boat,boat,cross_view,c6,,000010,25:c6:004:000010,,004
25_c6_004_000011.jpg,25,6,train,boat,boat,boat,cross_view,c6,,000011,25:c6:004:000011,,004
25_c6_005_000010.jpg,25,6,train,boat,boat,boat,cross_view,c6,,000010,25:c6:005:000010,,005
25_c6_005_000011.jpg,25,6,train,boat,boat,boat,cross_view,c6,,000011,25:c6:005:000011,,005
25_c6_00_4.jpg,25,6,train,boat,boat,boat,cross_view,c6,,4,25:c6:00:4,,original
25_c6_00_8.jpg,25,6,train,boat,boat,boat,cross_view,c6,,8,25:c6:00:8,,original
26_c1_000_000000.jpg,26,1,train,boat,boat,boat,cross_view,c1,,000000,26:c1:000:000000,,000
26_c1_001_000000.jpg,26,1,train,boat,boat,boat,cross_view,c1,,000000,26:c1:001:000000,,001
26_c1_002_000000.jpg,26,1,train,boat,boat,boat,cross_view,c1,,000000,26:c1:002:000000,,002
26_c1_003_000000.jpg,26,1,train,boat,boat,boat,cross_view,c1,,000000,26:c1:003:000000,,003
26_c1_004_000000.jpg,26,1,train,boat,boat,boat,cross_view,c1,,000000,26:c1:004:000000,,004
26_c1_005_000000.jpg,26,1,train,boat,boat,boat,cross_view,c1,,000000,26:c1:005:000000,,005
26_c1_00_3.jpg,26,1,train,boat,boat,boat,cross_view,c1,,3,26:c1:00:3,,original
26_c2_000_000001.jpg,26,2,train,boat,boat,boat,cross_view,c2,,000001,26:c2:000:000001,,000
26_c2_001_000001.jpg,26,2,train,boat,boat,boat,cross_view,c2,,000001,26:c2:001:000001,,001
26_c2_002_000001.jpg,26,2,train,boat,boat,boat,cross_view,c2,,000001,26:c2:002:000001,,002
26_c2_003_000001.jpg,26,2,train,boat,boat,boat,cross_view,c2,,000001,26:c2:003:000001,,003
26_c2_004_000001.jpg,26,2,train,boat,boat,boat,cross_view,c2,,000001,26:c2:004:000001,,004
26_c2_005_000001.jpg,26,2,train,boat,boat,boat,cross_view,c2,,000001,26:c2:005:000001,,005
26_c2_00_0.jpg,26,2,train,boat,boat,boat,cross_view,c2,,0,26:c2:00:0,,original
26_c4_000_000002.jpg,26,4,train,boat,boat,boat,cross_view,c4,,000002,26:c4:000:000002,,000
26_c4_001_000002.jpg,26,4,train,boat,boat,boat,cross_view,c4,,000002,26:c4:001:000002,,001
26_c4_002_000002.jpg,26,4,train,boat,boat,boat,cross_view,c4,,000002,26:c4:002:000002,,002
26_c4_003_000002.jpg,26,4,train,boat,boat,boat,cross_view,c4,,000002,26:c4:003:000002,,003
26_c4_004_000002.jpg,26,4,train,boat,boat,boat,cross_view,c4,,000002,26:c4:004:000002,,004
26_c4_005_000002.jpg,26,4,train,boat,boat,boat,cross_view,c4,,000002,26:c4:005:000002,,005
26_c4_00_1.jpg,26,4,train,boat,boat,boat,cross_view,c4,,1,26:c4:00:1,,original
26_c5_000_000003.jpg,26,5,train,boat,boat,boat,cross_view,c5,,000003,26:c5:000:000003,,000
26_c5_001_000003.jpg,26,5,train,boat,boat,boat,cross_view,c5,,000003,26:c5:001:000003,,001
26_c5_002_000003.jpg,26,5,train,boat,boat,boat,cross_view,c5,,000003,26:c5:002:000003,,002
26_c5_003_000003.jpg,26,5,train,boat,boat,boat,cross_view,c5,,000003,26:c5:003:000003,,003
26_c5_004_000003.jpg,26,5,train,boat,boat,boat,cross_view,c5,,000003,26:c5:004:000003,,004
26_c5_005_000003.jpg,26,5,train,boat,boat,boat,cross_view,c5,,000003,26:c5:005:000003,,005
26_c5_00_2.jpg,26,5,train,boat,boat,boat,cross_view,c5,,2,26:c5:00:2,,original
27_c12_00_0.jpg,27,12,query,boat,boat,boat,cross_view,c12,,0,27:c12:00:0,,original
27_c2_00_8.jpg,27,2,gallery,boat,boat,boat,cross_view,c2,,8,27:c2:00:8,,original
27_c3_00_1.jpg,27,3,gallery,boat,boat,boat,cross_view,c3,,1,27:c3:00:1,,original
27_c3_00_7.jpg,27,3,gallery,boat,boat,boat,cross_view,c3,,7,27:c3:00:7,,original
27_c4_00_2.jpg,27,4,gallery,boat,boat,boat,cross_view,c4,,2,27:c4:00:2,,original
27_c4_00_6.jpg,27,4,gallery,boat,boat,boat,cross_view,c4,,6,27:c4:00:6,,original
27_c5_00_3.jpg,27,5,gallery,boat,boat,boat,cross_view,c5,,3,27:c5:00:3,,original
27_c5_00_5.jpg,27,5,gallery,boat,boat,boat,cross_view,c5,,5,27:c5:00:5,,original
27_c6_00_4.jpg,27,6,gallery,boat,boat,boat,cross_view,c6,,4,27:c6:00:4,,original
28_c1_000_000000.jpg,28,1,train,boat,boat,boat,cross_view,c1,,000000,28:c1:000:000000,,000
28_c1_000_000001.jpg,28,1,train,boat,boat,boat,cross_view,c1,,000001,28:c1:000:000001,,000
28_c1_001_000000.jpg,28,1,train,boat,boat,boat,cross_view,c1,,000000,28:c1:001:000000,,001
28_c1_001_000001.jpg,28,1,train,boat,boat,boat,cross_view,c1,,000001,28:c1:001:000001,,001
28_c1_002_000000.jpg,28,1,train,boat,boat,boat,cross_view,c1,,000000,28:c1:002:000000,,002
28_c1_002_000001.jpg,28,1,train,boat,boat,boat,cross_view,c1,,000001,28:c1:002:000001,,002
28_c1_003_000000.jpg,28,1,train,boat,boat,boat,cross_view,c1,,000000,28:c1:003:000000,,003
28_c1_003_000001.jpg,28,1,train,boat,boat,boat,cross_view,c1,,000001,28:c1:003:000001,,003
28_c1_004_000000.jpg,28,1,train,boat,boat,boat,cross_view,c1,,000000,28:c1:004:000000,,004
28_c1_004_000001.jpg,28,1,train,boat,boat,boat,cross_view,c1,,000001,28:c1:004:000001,,004
28_c1_005_000000.jpg,28,1,train,boat,boat,boat,cross_view,c1,,000000,28:c1:005:000000,,005
28_c1_005_000001.jpg,28,1,train,boat,boat,boat,cross_view,c1,,000001,28:c1:005:000001,,005
28_c1_00_11.jpg,28,1,train,boat,boat,boat,cross_view,c1,,11,28:c1:00:11,,original
28_c1_00_12.jpg,28,1,train,boat,boat,boat,cross_view,c1,,12,28:c1:00:12,,original
28_c2_000_000002.jpg,28,2,train,boat,boat,boat,cross_view,c2,,000002,28:c2:000:000002,,000
28_c2_000_000003.jpg,28,2,train,boat,boat,boat,cross_view,c2,,000003,28:c2:000:000003,,000
28_c2_001_000002.jpg,28,2,train,boat,boat,boat,cross_view,c2,,000002,28:c2:001:000002,,001
28_c2_001_000003.jpg,28,2,train,boat,boat,boat,cross_view,c2,,000003,28:c2:001:000003,,001
28_c2_002_000002.jpg,28,2,train,boat,boat,boat,cross_view,c2,,000002,28:c2:002:000002,,002
28_c2_002_000003.jpg,28,2,train,boat,boat,boat,cross_view,c2,,000003,28:c2:002:000003,,002
28_c2_003_000002.jpg,28,2,train,boat,boat,boat,cross_view,c2,,000002,28:c2:003:000002,,003
28_c2_003_000003.jpg,28,2,train,boat,boat,boat,cross_view,c2,,000003,28:c2:003:000003,,003
28_c2_004_000002.jpg,28,2,train,boat,boat,boat,cross_view,c2,,000002,28:c2:004:000002,,004
28_c2_004_000003.jpg,28,2,train,boat,boat,boat,cross_view,c2,,000003,28:c2:004:000003,,004
28_c2_005_000002.jpg,28,2,train,boat,boat,boat,cross_view,c2,,000002,28:c2:005:000002,,005
28_c2_005_000003.jpg,28,2,train,boat,boat,boat,cross_view,c2,,000003,28:c2:005:000003,,005
28_c2_00_0.jpg,28,2,train,boat,boat,boat,cross_view,c2,,0,28:c2:00:0,,original
28_c2_00_7.jpg,28,2,train,boat,boat,boat,cross_view,c2,,7,28:c2:00:7,,original
28_c3_000_000004.jpg,28,3,train,boat,boat,boat,cross_view,c3,,000004,28:c3:000:000004,,000
28_c3_000_000005.jpg,28,3,train,boat,boat,boat,cross_view,c3,,000005,28:c3:000:000005,,000
28_c3_000_000006.jpg,28,3,train,boat,boat,boat,cross_view,c3,,000006,28:c3:000:000006,,000
28_c3_001_000004.jpg,28,3,train,boat,boat,boat,cross_view,c3,,000004,28:c3:001:000004,,001
28_c3_001_000005.jpg,28,3,train,boat,boat,boat,cross_view,c3,,000005,28:c3:001:000005,,001
28_c3_001_000006.jpg,28,3,train,boat,boat,boat,cross_view,c3,,000006,28:c3:001:000006,,001
28_c3_002_000004.jpg,28,3,train,boat,boat,boat,cross_view,c3,,000004,28:c3:002:000004,,002
28_c3_002_000005.jpg,28,3,train,boat,boat,boat,cross_view,c3,,000005,28:c3:002:000005,,002
28_c3_002_000006.jpg,28,3,train,boat,boat,boat,cross_view,c3,,000006,28:c3:002:000006,,002
28_c3_003_000004.jpg,28,3,train,boat,boat,boat,cross_view,c3,,000004,28:c3:003:000004,,003
28_c3_003_000005.jpg,28,3,train,boat,boat,boat,cross_view,c3,,000005,28:c3:003:000005,,003
28_c3_003_000006.jpg,28,3,train,boat,boat,boat,cross_view,c3,,000006,28:c3:003:000006,,003
28_c3_004_000004.jpg,28,3,train,boat,boat,boat,cross_view,c3,,000004,28:c3:004:000004,,004
28_c3_004_000005.jpg,28,3,train,boat,boat,boat,cross_view,c3,,000005,28:c3:004:000005,,004
28_c3_004_000006.jpg,28,3,train,boat,boat,boat,cross_view,c3,,000006,28:c3:004:000006,,004
28_c3_005_000004.jpg,28,3,train,boat,boat,boat,cross_view,c3,,000004,28:c3:005:000004,,005
28_c3_005_000005.jpg,28,3,train,boat,boat,boat,cross_view,c3,,000005,28:c3:005:000005,,005
28_c3_005_000006.jpg,28,3,train,boat,boat,boat,cross_view,c3,,000006,28:c3:005:000006,,005
28_c3_00_1.jpg,28,3,train,boat,boat,boat,cross_view,c3,,1,28:c3:00:1,,original
28_c3_00_10.jpg,28,3,train,boat,boat,boat,cross_view,c3,,10,28:c3:00:10,,original
28_c3_00_8.jpg,28,3,train,boat,boat,boat,cross_view,c3,,8,28:c3:00:8,,original
28_c4_000_000007.jpg,28,4,train,boat,boat,boat,cross_view,c4,,000007,28:c4:000:000007,,000
28_c4_000_000008.jpg,28,4,train,boat,boat,boat,cross_view,c4,,000008,28:c4:000:000008,,000
28_c4_000_000009.jpg,28,4,train,boat,boat,boat,cross_view,c4,,000009,28:c4:000:000009,,000
28_c4_001_000007.jpg,28,4,train,boat,boat,boat,cross_view,c4,,000007,28:c4:001:000007,,001
28_c4_001_000008.jpg,28,4,train,boat,boat,boat,cross_view,c4,,000008,28:c4:001:000008,,001
28_c4_001_000009.jpg,28,4,train,boat,boat,boat,cross_view,c4,,000009,28:c4:001:000009,,001
28_c4_002_000007.jpg,28,4,train,boat,boat,boat,cross_view,c4,,000007,28:c4:002:000007,,002
28_c4_002_000008.jpg,28,4,train,boat,boat,boat,cross_view,c4,,000008,28:c4:002:000008,,002
28_c4_002_000009.jpg,28,4,train,boat,boat,boat,cross_view,c4,,000009,28:c4:002:000009,,002
28_c4_003_000007.jpg,28,4,train,boat,boat,boat,cross_view,c4,,000007,28:c4:003:000007,,003
28_c4_003_000008.jpg,28,4,train,boat,boat,boat,cross_view,c4,,000008,28:c4:003:000008,,003
28_c4_003_000009.jpg,28,4,train,boat,boat,boat,cross_view,c4,,000009,28:c4:003:000009,,003
28_c4_004_000007.jpg,28,4,train,boat,boat,boat,cross_view,c4,,000007,28:c4:004:000007,,004
28_c4_004_000008.jpg,28,4,train,boat,boat,boat,cross_view,c4,,000008,28:c4:004:000008,,004
28_c4_004_000009.jpg,28,4,train,boat,boat,boat,cross_view,c4,,000009,28:c4:004:000009,,004
28_c4_005_000007.jpg,28,4,train,boat,boat,boat,cross_view,c4,,000007,28:c4:005:000007,,005
28_c4_005_000008.jpg,28,4,train,boat,boat,boat,cross_view,c4,,000008,28:c4:005:000008,,005
28_c4_005_000009.jpg,28,4,train,boat,boat,boat,cross_view,c4,,000009,28:c4:005:000009,,005
28_c4_00_2.jpg,28,4,train,boat,boat,boat,cross_view,c4,,2,28:c4:00:2,,original
28_c4_00_5.jpg,28,4,train,boat,boat,boat,cross_view,c4,,5,28:c4:00:5,,original
28_c4_00_9.jpg,28,4,train,boat,boat,boat,cross_view,c4,,9,28:c4:00:9,,original
28_c5_000_000010.jpg,28,5,train,boat,boat,boat,cross_view,c5,,000010,28:c5:000:000010,,000
28_c5_001_000010.jpg,28,5,train,boat,boat,boat,cross_view,c5,,000010,28:c5:001:000010,,001
28_c5_002_000010.jpg,28,5,train,boat,boat,boat,cross_view,c5,,000010,28:c5:002:000010,,002
28_c5_003_000010.jpg,28,5,train,boat,boat,boat,cross_view,c5,,000010,28:c5:003:000010,,003
28_c5_004_000010.jpg,28,5,train,boat,boat,boat,cross_view,c5,,000010,28:c5:004:000010,,004
28_c5_005_000010.jpg,28,5,train,boat,boat,boat,cross_view,c5,,000010,28:c5:005:000010,,005
28_c5_00_3.jpg,28,5,train,boat,boat,boat,cross_view,c5,,3,28:c5:00:3,,original
28_c6_000_000011.jpg,28,6,train,boat,boat,boat,cross_view,c6,,000011,28:c6:000:000011,,000
28_c6_000_000012.jpg,28,6,train,boat,boat,boat,cross_view,c6,,000012,28:c6:000:000012,,000
28_c6_001_000011.jpg,28,6,train,boat,boat,boat,cross_view,c6,,000011,28:c6:001:000011,,001
28_c6_001_000012.jpg,28,6,train,boat,boat,boat,cross_view,c6,,000012,28:c6:001:000012,,001
28_c6_002_000011.jpg,28,6,train,boat,boat,boat,cross_view,c6,,000011,28:c6:002:000011,,002
28_c6_002_000012.jpg,28,6,train,boat,boat,boat,cross_view,c6,,000012,28:c6:002:000012,,002
28_c6_003_000011.jpg,28,6,train,boat,boat,boat,cross_view,c6,,000011,28:c6:003:000011,,003
28_c6_003_000012.jpg,28,6,train,boat,boat,boat,cross_view,c6,,000012,28:c6:003:000012,,003
28_c6_004_000011.jpg,28,6,train,boat,boat,boat,cross_view,c6,,000011,28:c6:004:000011,,004
28_c6_004_000012.jpg,28,6,train,boat,boat,boat,cross_view,c6,,000012,28:c6:004:000012,,004
28_c6_005_000011.jpg,28,6,train,boat,boat,boat,cross_view,c6,,000011,28:c6:005:000011,,005
28_c6_005_000012.jpg,28,6,train,boat,boat,boat,cross_view,c6,,000012,28:c6:005:000012,,005
28_c6_00_4.jpg,28,6,train,boat,boat,boat,cross_view,c6,,4,28:c6:00:4,,original
28_c6_00_6.jpg,28,6,train,boat,boat,boat,cross_view,c6,,6,28:c6:00:6,,original
29_c1_000_000000.jpg,29,1,train,boat,boat,boat,cross_view,c1,,000000,29:c1:000:000000,,000
29_c1_000_000001.jpg,29,1,train,boat,boat,boat,cross_view,c1,,000001,29:c1:000:000001,,000
29_c1_000_000002.jpg,29,1,train,boat,boat,boat,cross_view,c1,,000002,29:c1:000:000002,,000
29_c1_001_000000.jpg,29,1,train,boat,boat,boat,cross_view,c1,,000000,29:c1:001:000000,,001
29_c1_001_000001.jpg,29,1,train,boat,boat,boat,cross_view,c1,,000001,29:c1:001:000001,,001
29_c1_001_000002.jpg,29,1,train,boat,boat,boat,cross_view,c1,,000002,29:c1:001:000002,,001
29_c1_002_000000.jpg,29,1,train,boat,boat,boat,cross_view,c1,,000000,29:c1:002:000000,,002
29_c1_002_000001.jpg,29,1,train,boat,boat,boat,cross_view,c1,,000001,29:c1:002:000001,,002
29_c1_002_000002.jpg,29,1,train,boat,boat,boat,cross_view,c1,,000002,29:c1:002:000002,,002
29_c1_003_000000.jpg,29,1,train,boat,boat,boat,cross_view,c1,,000000,29:c1:003:000000,,003
29_c1_003_000001.jpg,29,1,train,boat,boat,boat,cross_view,c1,,000001,29:c1:003:000001,,003
29_c1_003_000002.jpg,29,1,train,boat,boat,boat,cross_view,c1,,000002,29:c1:003:000002,,003
29_c1_004_000000.jpg,29,1,train,boat,boat,boat,cross_view,c1,,000000,29:c1:004:000000,,004
29_c1_004_000001.jpg,29,1,train,boat,boat,boat,cross_view,c1,,000001,29:c1:004:000001,,004
29_c1_004_000002.jpg,29,1,train,boat,boat,boat,cross_view,c1,,000002,29:c1:004:000002,,004
29_c1_005_000000.jpg,29,1,train,boat,boat,boat,cross_view,c1,,000000,29:c1:005:000000,,005
29_c1_005_000001.jpg,29,1,train,boat,boat,boat,cross_view,c1,,000001,29:c1:005:000001,,005
29_c1_005_000002.jpg,29,1,train,boat,boat,boat,cross_view,c1,,000002,29:c1:005:000002,,005
29_c1_00_5.jpg,29,1,train,boat,boat,boat,cross_view,c1,,5,29:c1:00:5,,original
29_c1_00_6.jpg,29,1,train,boat,boat,boat,cross_view,c1,,6,29:c1:00:6,,original
29_c1_00_9.jpg,29,1,train,boat,boat,boat,cross_view,c1,,9,29:c1:00:9,,original
29_c2_000_000003.jpg,29,2,train,boat,boat,boat,cross_view,c2,,000003,29:c2:000:000003,,000
29_c2_000_000004.jpg,29,2,train,boat,boat,boat,cross_view,c2,,000004,29:c2:000:000004,,000
29_c2_001_000003.jpg,29,2,train,boat,boat,boat,cross_view,c2,,000003,29:c2:001:000003,,001
29_c2_001_000004.jpg,29,2,train,boat,boat,boat,cross_view,c2,,000004,29:c2:001:000004,,001
29_c2_002_000003.jpg,29,2,train,boat,boat,boat,cross_view,c2,,000003,29:c2:002:000003,,002
29_c2_002_000004.jpg,29,2,train,boat,boat,boat,cross_view,c2,,000004,29:c2:002:000004,,002
29_c2_003_000003.jpg,29,2,train,boat,boat,boat,cross_view,c2,,000003,29:c2:003:000003,,003
29_c2_003_000004.jpg,29,2,train,boat,boat,boat,cross_view,c2,,000004,29:c2:003:000004,,003
29_c2_004_000003.jpg,29,2,train,boat,boat,boat,cross_view,c2,,000003,29:c2:004:000003,,004
29_c2_004_000004.jpg,29,2,train,boat,boat,boat,cross_view,c2,,000004,29:c2:004:000004,,004
29_c2_005_000003.jpg,29,2,train,boat,boat,boat,cross_view,c2,,000003,29:c2:005:000003,,005
29_c2_005_000004.jpg,29,2,train,boat,boat,boat,cross_view,c2,,000004,29:c2:005:000004,,005
29_c2_00_0.jpg,29,2,train,boat,boat,boat,cross_view,c2,,0,29:c2:00:0,,original
29_c2_00_8.jpg,29,2,train,boat,boat,boat,cross_view,c2,,8,29:c2:00:8,,original
29_c3_000_000005.jpg,29,3,train,boat,boat,boat,cross_view,c3,,000005,29:c3:000:000005,,000
29_c3_000_000006.jpg,29,3,train,boat,boat,boat,cross_view,c3,,000006,29:c3:000:000006,,000
29_c3_001_000005.jpg,29,3,train,boat,boat,boat,cross_view,c3,,000005,29:c3:001:000005,,001
29_c3_001_000006.jpg,29,3,train,boat,boat,boat,cross_view,c3,,000006,29:c3:001:000006,,001
29_c3_002_000005.jpg,29,3,train,boat,boat,boat,cross_view,c3,,000005,29:c3:002:000005,,002
29_c3_002_000006.jpg,29,3,train,boat,boat,boat,cross_view,c3,,000006,29:c3:002:000006,,002
29_c3_003_000005.jpg,29,3,train,boat,boat,boat,cross_view,c3,,000005,29:c3:003:000005,,003
29_c3_003_000006.jpg,29,3,train,boat,boat,boat,cross_view,c3,,000006,29:c3:003:000006,,003
29_c3_004_000005.jpg,29,3,train,boat,boat,boat,cross_view,c3,,000005,29:c3:004:000005,,004
29_c3_004_000006.jpg,29,3,train,boat,boat,boat,cross_view,c3,,000006,29:c3:004:000006,,004
29_c3_005_000005.jpg,29,3,train,boat,boat,boat,cross_view,c3,,000005,29:c3:005:000005,,005
29_c3_005_000006.jpg,29,3,train,boat,boat,boat,cross_view,c3,,000006,29:c3:005:000006,,005
29_c3_00_1.jpg,29,3,train,boat,boat,boat,cross_view,c3,,1,29:c3:00:1,,original
29_c3_00_7.jpg,29,3,train,boat,boat,boat,cross_view,c3,,7,29:c3:00:7,,original
29_c4_000_000007.jpg,29,4,train,boat,boat,boat,cross_view,c4,,000007,29:c4:000:000007,,000
29_c4_001_000007.jpg,29,4,train,boat,boat,boat,cross_view,c4,,000007,29:c4:001:000007,,001
29_c4_002_000007.jpg,29,4,train,boat,boat,boat,cross_view,c4,,000007,29:c4:002:000007,,002
29_c4_003_000007.jpg,29,4,train,boat,boat,boat,cross_view,c4,,000007,29:c4:003:000007,,003
29_c4_004_000007.jpg,29,4,train,boat,boat,boat,cross_view,c4,,000007,29:c4:004:000007,,004
29_c4_005_000007.jpg,29,4,train,boat,boat,boat,cross_view,c4,,000007,29:c4:005:000007,,005
29_c4_00_2.jpg,29,4,train,boat,boat,boat,cross_view,c4,,2,29:c4:00:2,,original
29_c5_000_000008.jpg,29,5,train,boat,boat,boat,cross_view,c5,,000008,29:c5:000:000008,,000
29_c5_001_000008.jpg,29,5,train,boat,boat,boat,cross_view,c5,,000008,29:c5:001:000008,,001
29_c5_002_000008.jpg,29,5,train,boat,boat,boat,cross_view,c5,,000008,29:c5:002:000008,,002
29_c5_003_000008.jpg,29,5,train,boat,boat,boat,cross_view,c5,,000008,29:c5:003:000008,,003
29_c5_004_000008.jpg,29,5,train,boat,boat,boat,cross_view,c5,,000008,29:c5:004:000008,,004
29_c5_005_000008.jpg,29,5,train,boat,boat,boat,cross_view,c5,,000008,29:c5:005:000008,,005
29_c5_00_3.jpg,29,5,train,boat,boat,boat,cross_view,c5,,3,29:c5:00:3,,original
29_c6_000_000009.jpg,29,6,train,boat,boat,boat,cross_view,c6,,000009,29:c6:000:000009,,000
29_c6_001_000009.jpg,29,6,train,boat,boat,boat,cross_view,c6,,000009,29:c6:001:000009,,001
29_c6_002_000009.jpg,29,6,train,boat,boat,boat,cross_view,c6,,000009,29:c6:002:000009,,002
29_c6_003_000009.jpg,29,6,train,boat,boat,boat,cross_view,c6,,000009,29:c6:003:000009,,003
29_c6_004_000009.jpg,29,6,train,boat,boat,boat,cross_view,c6,,000009,29:c6:004:000009,,004
29_c6_005_000009.jpg,29,6,train,boat,boat,boat,cross_view,c6,,000009,29:c6:005:000009,,005
29_c6_00_4.jpg,29,6,train,boat,boat,boat,cross_view,c6,,4,29:c6:00:4,,original
2_c1_000_000000.jpg,2,1,train,boat,boat,boat,cross_view,c1,,000000,2:c1:000:000000,,000
2_c1_001_000000.jpg,2,1,train,boat,boat,boat,cross_view,c1,,000000,2:c1:001:000000,,001
2_c1_002_000000.jpg,2,1,train,boat,boat,boat,cross_view,c1,,000000,2:c1:002:000000,,002
2_c1_003_000000.jpg,2,1,train,boat,boat,boat,cross_view,c1,,000000,2:c1:003:000000,,003
2_c1_004_000000.jpg,2,1,train,boat,boat,boat,cross_view,c1,,000000,2:c1:004:000000,,004
2_c1_005_000000.jpg,2,1,train,boat,boat,boat,cross_view,c1,,000000,2:c1:005:000000,,005
2_c1_00_1.jpg,2,1,train,boat,boat,boat,cross_view,c1,,1,2:c1:00:1,,original
2_c2_000_000001.jpg,2,2,train,boat,boat,boat,cross_view,c2,,000001,2:c2:000:000001,,000
2_c2_000_000002.jpg,2,2,train,boat,boat,boat,cross_view,c2,,000002,2:c2:000:000002,,000
2_c2_001_000001.jpg,2,2,train,boat,boat,boat,cross_view,c2,,000001,2:c2:001:000001,,001
2_c2_001_000002.jpg,2,2,train,boat,boat,boat,cross_view,c2,,000002,2:c2:001:000002,,001
2_c2_002_000001.jpg,2,2,train,boat,boat,boat,cross_view,c2,,000001,2:c2:002:000001,,002
2_c2_002_000002.jpg,2,2,train,boat,boat,boat,cross_view,c2,,000002,2:c2:002:000002,,002
2_c2_003_000001.jpg,2,2,train,boat,boat,boat,cross_view,c2,,000001,2:c2:003:000001,,003
2_c2_003_000002.jpg,2,2,train,boat,boat,boat,cross_view,c2,,000002,2:c2:003:000002,,003
2_c2_004_000001.jpg,2,2,train,boat,boat,boat,cross_view,c2,,000001,2:c2:004:000001,,004
2_c2_004_000002.jpg,2,2,train,boat,boat,boat,cross_view,c2,,000002,2:c2:004:000002,,004
2_c2_005_000001.jpg,2,2,train,boat,boat,boat,cross_view,c2,,000001,2:c2:005:000001,,005
2_c2_005_000002.jpg,2,2,train,boat,boat,boat,cross_view,c2,,000002,2:c2:005:000002,,005
2_c2_00_0.jpg,2,2,train,boat,boat,boat,cross_view,c2,,0,2:c2:00:0,,original
2_c2_00_2.jpg,2,2,train,boat,boat,boat,cross_view,c2,,2,2:c2:00:2,,original
2_c6_000_000003.jpg,2,6,train,boat,boat,boat,cross_view,c6,,000003,2:c6:000:000003,,000
2_c6_001_000003.jpg,2,6,train,boat,boat,boat,cross_view,c6,,000003,2:c6:001:000003,,001
2_c6_002_000003.jpg,2,6,train,boat,boat,boat,cross_view,c6,,000003,2:c6:002:000003,,002
2_c6_003_000003.jpg,2,6,train,boat,boat,boat,cross_view,c6,,000003,2:c6:003:000003,,003
2_c6_004_000003.jpg,2,6,train,boat,boat,boat,cross_view,c6,,000003,2:c6:004:000003,,004
2_c6_005_000003.jpg,2,6,train,boat,boat,boat,cross_view,c6,,000003,2:c6:005:000003,,005
2_c6_00_3.jpg,2,6,train,boat,boat,boat,cross_view,c6,,3,2:c6:00:3,,original
30_c1_000_000000.jpg,30,1,train,boat,boat,boat,cross_view,c1,,000000,30:c1:000:000000,,000
30_c1_000_000001.jpg,30,1,train,boat,boat,boat,cross_view,c1,,000001,30:c1:000:000001,,000
30_c1_001_000000.jpg,30,1,train,boat,boat,boat,cross_view,c1,,000000,30:c1:001:000000,,001
30_c1_001_000001.jpg,30,1,train,boat,boat,boat,cross_view,c1,,000001,30:c1:001:000001,,001
30_c1_002_000000.jpg,30,1,train,boat,boat,boat,cross_view,c1,,000000,30:c1:002:000000,,002
30_c1_002_000001.jpg,30,1,train,boat,boat,boat,cross_view,c1,,000001,30:c1:002:000001,,002
30_c1_003_000000.jpg,30,1,train,boat,boat,boat,cross_view,c1,,000000,30:c1:003:000000,,003
30_c1_003_000001.jpg,30,1,train,boat,boat,boat,cross_view,c1,,000001,30:c1:003:000001,,003
30_c1_004_000000.jpg,30,1,train,boat,boat,boat,cross_view,c1,,000000,30:c1:004:000000,,004
30_c1_004_000001.jpg,30,1,train,boat,boat,boat,cross_view,c1,,000001,30:c1:004:000001,,004
30_c1_005_000000.jpg,30,1,train,boat,boat,boat,cross_view,c1,,000000,30:c1:005:000000,,005
30_c1_005_000001.jpg,30,1,train,boat,boat,boat,cross_view,c1,,000001,30:c1:005:000001,,005
30_c1_00_8.jpg,30,1,train,boat,boat,boat,cross_view,c1,,8,30:c1:00:8,,original
30_c1_00_9.jpg,30,1,train,boat,boat,boat,cross_view,c1,,9,30:c1:00:9,,original
30_c2_000_000002.jpg,30,2,train,boat,boat,boat,cross_view,c2,,000002,30:c2:000:000002,,000
30_c2_000_000003.jpg,30,2,train,boat,boat,boat,cross_view,c2,,000003,30:c2:000:000003,,000
30_c2_001_000002.jpg,30,2,train,boat,boat,boat,cross_view,c2,,000002,30:c2:001:000002,,001
30_c2_001_000003.jpg,30,2,train,boat,boat,boat,cross_view,c2,,000003,30:c2:001:000003,,001
30_c2_002_000002.jpg,30,2,train,boat,boat,boat,cross_view,c2,,000002,30:c2:002:000002,,002
30_c2_002_000003.jpg,30,2,train,boat,boat,boat,cross_view,c2,,000003,30:c2:002:000003,,002
30_c2_003_000002.jpg,30,2,train,boat,boat,boat,cross_view,c2,,000002,30:c2:003:000002,,003
30_c2_003_000003.jpg,30,2,train,boat,boat,boat,cross_view,c2,,000003,30:c2:003:000003,,003
30_c2_004_000002.jpg,30,2,train,boat,boat,boat,cross_view,c2,,000002,30:c2:004:000002,,004
30_c2_004_000003.jpg,30,2,train,boat,boat,boat,cross_view,c2,,000003,30:c2:004:000003,,004
30_c2_005_000002.jpg,30,2,train,boat,boat,boat,cross_view,c2,,000002,30:c2:005:000002,,005
30_c2_005_000003.jpg,30,2,train,boat,boat,boat,cross_view,c2,,000003,30:c2:005:000003,,005
30_c2_00_0.jpg,30,2,train,boat,boat,boat,cross_view,c2,,0,30:c2:00:0,,original
30_c2_00_5.jpg,30,2,train,boat,boat,boat,cross_view,c2,,5,30:c2:00:5,,original
30_c3_000_000004.jpg,30,3,train,boat,boat,boat,cross_view,c3,,000004,30:c3:000:000004,,000
30_c3_000_000005.jpg,30,3,train,boat,boat,boat,cross_view,c3,,000005,30:c3:000:000005,,000
30_c3_001_000004.jpg,30,3,train,boat,boat,boat,cross_view,c3,,000004,30:c3:001:000004,,001
30_c3_001_000005.jpg,30,3,train,boat,boat,boat,cross_view,c3,,000005,30:c3:001:000005,,001
30_c3_002_000004.jpg,30,3,train,boat,boat,boat,cross_view,c3,,000004,30:c3:002:000004,,002
30_c3_002_000005.jpg,30,3,train,boat,boat,boat,cross_view,c3,,000005,30:c3:002:000005,,002
30_c3_003_000004.jpg,30,3,train,boat,boat,boat,cross_view,c3,,000004,30:c3:003:000004,,003
30_c3_003_000005.jpg,30,3,train,boat,boat,boat,cross_view,c3,,000005,30:c3:003:000005,,003
30_c3_004_000004.jpg,30,3,train,boat,boat,boat,cross_view,c3,,000004,30:c3:004:000004,,004
30_c3_004_000005.jpg,30,3,train,boat,boat,boat,cross_view,c3,,000005,30:c3:004:000005,,004
30_c3_005_000004.jpg,30,3,train,boat,boat,boat,cross_view,c3,,000004,30:c3:005:000004,,005
30_c3_005_000005.jpg,30,3,train,boat,boat,boat,cross_view,c3,,000005,30:c3:005:000005,,005
30_c3_00_1.jpg,30,3,train,boat,boat,boat,cross_view,c3,,1,30:c3:00:1,,original
30_c3_00_6.jpg,30,3,train,boat,boat,boat,cross_view,c3,,6,30:c3:00:6,,original
30_c4_000_000006.jpg,30,4,train,boat,boat,boat,cross_view,c4,,000006,30:c4:000:000006,,000
30_c4_000_000007.jpg,30,4,train,boat,boat,boat,cross_view,c4,,000007,30:c4:000:000007,,000
30_c4_001_000006.jpg,30,4,train,boat,boat,boat,cross_view,c4,,000006,30:c4:001:000006,,001
30_c4_001_000007.jpg,30,4,train,boat,boat,boat,cross_view,c4,,000007,30:c4:001:000007,,001
30_c4_002_000006.jpg,30,4,train,boat,boat,boat,cross_view,c4,,000006,30:c4:002:000006,,002
30_c4_002_000007.jpg,30,4,train,boat,boat,boat,cross_view,c4,,000007,30:c4:002:000007,,002
30_c4_003_000006.jpg,30,4,train,boat,boat,boat,cross_view,c4,,000006,30:c4:003:000006,,003
30_c4_003_000007.jpg,30,4,train,boat,boat,boat,cross_view,c4,,000007,30:c4:003:000007,,003
30_c4_004_000006.jpg,30,4,train,boat,boat,boat,cross_view,c4,,000006,30:c4:004:000006,,004
30_c4_004_000007.jpg,30,4,train,boat,boat,boat,cross_view,c4,,000007,30:c4:004:000007,,004
30_c4_005_000006.jpg,30,4,train,boat,boat,boat,cross_view,c4,,000006,30:c4:005:000006,,005
30_c4_005_000007.jpg,30,4,train,boat,boat,boat,cross_view,c4,,000007,30:c4:005:000007,,005
30_c4_00_2.jpg,30,4,train,boat,boat,boat,cross_view,c4,,2,30:c4:00:2,,original
30_c4_00_7.jpg,30,4,train,boat,boat,boat,cross_view,c4,,7,30:c4:00:7,,original
30_c5_000_000008.jpg,30,5,train,boat,boat,boat,cross_view,c5,,000008,30:c5:000:000008,,000
30_c5_001_000008.jpg,30,5,train,boat,boat,boat,cross_view,c5,,000008,30:c5:001:000008,,001
30_c5_002_000008.jpg,30,5,train,boat,boat,boat,cross_view,c5,,000008,30:c5:002:000008,,002
30_c5_003_000008.jpg,30,5,train,boat,boat,boat,cross_view,c5,,000008,30:c5:003:000008,,003
30_c5_004_000008.jpg,30,5,train,boat,boat,boat,cross_view,c5,,000008,30:c5:004:000008,,004
30_c5_005_000008.jpg,30,5,train,boat,boat,boat,cross_view,c5,,000008,30:c5:005:000008,,005
30_c5_00_3.jpg,30,5,train,boat,boat,boat,cross_view,c5,,3,30:c5:00:3,,original
30_c6_000_000009.jpg,30,6,train,boat,boat,boat,cross_view,c6,,000009,30:c6:000:000009,,000
30_c6_001_000009.jpg,30,6,train,boat,boat,boat,cross_view,c6,,000009,30:c6:001:000009,,001
30_c6_002_000009.jpg,30,6,train,boat,boat,boat,cross_view,c6,,000009,30:c6:002:000009,,002
30_c6_003_000009.jpg,30,6,train,boat,boat,boat,cross_view,c6,,000009,30:c6:003:000009,,003
30_c6_004_000009.jpg,30,6,train,boat,boat,boat,cross_view,c6,,000009,30:c6:004:000009,,004
30_c6_005_000009.jpg,30,6,train,boat,boat,boat,cross_view,c6,,000009,30:c6:005:000009,,005
30_c6_00_4.jpg,30,6,train,boat,boat,boat,cross_view,c6,,4,30:c6:00:4,,original
31_c1_00_4.jpg,31,1,query,boat,boat,boat,cross_view,c1,,4,31:c1:00:4,,original
31_c2_00_0.jpg,31,2,gallery,boat,boat,boat,cross_view,c2,,0,31:c2:00:0,,original
31_c3_00_1.jpg,31,3,gallery,boat,boat,boat,cross_view,c3,,1,31:c3:00:1,,original
31_c4_00_2.jpg,31,4,gallery,boat,boat,boat,cross_view,c4,,2,31:c4:00:2,,original
31_c4_00_3.jpg,31,4,gallery,boat,boat,boat,cross_view,c4,,3,31:c4:00:3,,original
32_c2_000_000000.jpg,32,2,train,boat,boat,boat,cross_view,c2,,000000,32:c2:000:000000,,000
32_c2_001_000000.jpg,32,2,train,boat,boat,boat,cross_view,c2,,000000,32:c2:001:000000,,001
32_c2_002_000000.jpg,32,2,train,boat,boat,boat,cross_view,c2,,000000,32:c2:002:000000,,002
32_c2_003_000000.jpg,32,2,train,boat,boat,boat,cross_view,c2,,000000,32:c2:003:000000,,003
32_c2_004_000000.jpg,32,2,train,boat,boat,boat,cross_view,c2,,000000,32:c2:004:000000,,004
32_c2_005_000000.jpg,32,2,train,boat,boat,boat,cross_view,c2,,000000,32:c2:005:000000,,005
32_c2_00_0.jpg,32,2,train,boat,boat,boat,cross_view,c2,,0,32:c2:00:0,,original
32_c3_000_000001.jpg,32,3,train,boat,boat,boat,cross_view,c3,,000001,32:c3:000:000001,,000
32_c3_001_000001.jpg,32,3,train,boat,boat,boat,cross_view,c3,,000001,32:c3:001:000001,,001
32_c3_002_000001.jpg,32,3,train,boat,boat,boat,cross_view,c3,,000001,32:c3:002:000001,,002
32_c3_003_000001.jpg,32,3,train,boat,boat,boat,cross_view,c3,,000001,32:c3:003:000001,,003
32_c3_004_000001.jpg,32,3,train,boat,boat,boat,cross_view,c3,,000001,32:c3:004:000001,,004
32_c3_005_000001.jpg,32,3,train,boat,boat,boat,cross_view,c3,,000001,32:c3:005:000001,,005
32_c3_00_1.jpg,32,3,train,boat,boat,boat,cross_view,c3,,1,32:c3:00:1,,original
32_c5_000_000002.jpg,32,5,train,boat,boat,boat,cross_view,c5,,000002,32:c5:000:000002,,000
32_c5_000_000003.jpg,32,5,train,boat,boat,boat,cross_view,c5,,000003,32:c5:000:000003,,000
32_c5_001_000002.jpg,32,5,train,boat,boat,boat,cross_view,c5,,000002,32:c5:001:000002,,001
32_c5_001_000003.jpg,32,5,train,boat,boat,boat,cross_view,c5,,000003,32:c5:001:000003,,001
32_c5_002_000002.jpg,32,5,train,boat,boat,boat,cross_view,c5,,000002,32:c5:002:000002,,002
32_c5_002_000003.jpg,32,5,train,boat,boat,boat,cross_view,c5,,000003,32:c5:002:000003,,002
32_c5_003_000002.jpg,32,5,train,boat,boat,boat,cross_view,c5,,000002,32:c5:003:000002,,003
32_c5_003_000003.jpg,32,5,train,boat,boat,boat,cross_view,c5,,000003,32:c5:003:000003,,003
32_c5_004_000002.jpg,32,5,train,boat,boat,boat,cross_view,c5,,000002,32:c5:004:000002,,004
32_c5_004_000003.jpg,32,5,train,boat,boat,boat,cross_view,c5,,000003,32:c5:004:000003,,004
32_c5_005_000002.jpg,32,5,train,boat,boat,boat,cross_view,c5,,000002,32:c5:005:000002,,005
32_c5_005_000003.jpg,32,5,train,boat,boat,boat,cross_view,c5,,000003,32:c5:005:000003,,005
32_c5_00_2.jpg,32,5,train,boat,boat,boat,cross_view,c5,,2,32:c5:00:2,,original
32_c5_00_3.jpg,32,5,train,boat,boat,boat,cross_view,c5,,3,32:c5:00:3,,original
33_c2_000_000000.jpg,33,2,train,boat,boat,boat,cross_view,c2,,000000,33:c2:000:000000,,000
33_c2_000_000001.jpg,33,2,train,boat,boat,boat,cross_view,c2,,000001,33:c2:000:000001,,000
33_c2_001_000000.jpg,33,2,train,boat,boat,boat,cross_view,c2,,000000,33:c2:001:000000,,001
33_c2_001_000001.jpg,33,2,train,boat,boat,boat,cross_view,c2,,000001,33:c2:001:000001,,001
33_c2_002_000000.jpg,33,2,train,boat,boat,boat,cross_view,c2,,000000,33:c2:002:000000,,002
33_c2_002_000001.jpg,33,2,train,boat,boat,boat,cross_view,c2,,000001,33:c2:002:000001,,002
33_c2_003_000000.jpg,33,2,train,boat,boat,boat,cross_view,c2,,000000,33:c2:003:000000,,003
33_c2_003_000001.jpg,33,2,train,boat,boat,boat,cross_view,c2,,000001,33:c2:003:000001,,003
33_c2_004_000000.jpg,33,2,train,boat,boat,boat,cross_view,c2,,000000,33:c2:004:000000,,004
33_c2_004_000001.jpg,33,2,train,boat,boat,boat,cross_view,c2,,000001,33:c2:004:000001,,004
33_c2_005_000000.jpg,33,2,train,boat,boat,boat,cross_view,c2,,000000,33:c2:005:000000,,005
33_c2_005_000001.jpg,33,2,train,boat,boat,boat,cross_view,c2,,000001,33:c2:005:000001,,005
33_c2_00_0.jpg,33,2,train,boat,boat,boat,cross_view,c2,,0,33:c2:00:0,,original
33_c2_00_5.jpg,33,2,train,boat,boat,boat,cross_view,c2,,5,33:c2:00:5,,original
33_c3_000_000002.jpg,33,3,train,boat,boat,boat,cross_view,c3,,000002,33:c3:000:000002,,000
33_c3_000_000003.jpg,33,3,train,boat,boat,boat,cross_view,c3,,000003,33:c3:000:000003,,000
33_c3_001_000002.jpg,33,3,train,boat,boat,boat,cross_view,c3,,000002,33:c3:001:000002,,001
33_c3_001_000003.jpg,33,3,train,boat,boat,boat,cross_view,c3,,000003,33:c3:001:000003,,001
33_c3_002_000002.jpg,33,3,train,boat,boat,boat,cross_view,c3,,000002,33:c3:002:000002,,002
33_c3_002_000003.jpg,33,3,train,boat,boat,boat,cross_view,c3,,000003,33:c3:002:000003,,002
33_c3_003_000002.jpg,33,3,train,boat,boat,boat,cross_view,c3,,000002,33:c3:003:000002,,003
33_c3_003_000003.jpg,33,3,train,boat,boat,boat,cross_view,c3,,000003,33:c3:003:000003,,003
33_c3_004_000002.jpg,33,3,train,boat,boat,boat,cross_view,c3,,000002,33:c3:004:000002,,004
33_c3_004_000003.jpg,33,3,train,boat,boat,boat,cross_view,c3,,000003,33:c3:004:000003,,004
33_c3_005_000002.jpg,33,3,train,boat,boat,boat,cross_view,c3,,000002,33:c3:005:000002,,005
33_c3_005_000003.jpg,33,3,train,boat,boat,boat,cross_view,c3,,000003,33:c3:005:000003,,005
33_c3_00_1.jpg,33,3,train,boat,boat,boat,cross_view,c3,,1,33:c3:00:1,,original
33_c3_00_6.jpg,33,3,train,boat,boat,boat,cross_view,c3,,6,33:c3:00:6,,original
33_c4_000_000004.jpg,33,4,train,boat,boat,boat,cross_view,c4,,000004,33:c4:000:000004,,000
33_c4_000_000005.jpg,33,4,train,boat,boat,boat,cross_view,c4,,000005,33:c4:000:000005,,000
33_c4_001_000004.jpg,33,4,train,boat,boat,boat,cross_view,c4,,000004,33:c4:001:000004,,001
33_c4_001_000005.jpg,33,4,train,boat,boat,boat,cross_view,c4,,000005,33:c4:001:000005,,001
33_c4_002_000004.jpg,33,4,train,boat,boat,boat,cross_view,c4,,000004,33:c4:002:000004,,002
33_c4_002_000005.jpg,33,4,train,boat,boat,boat,cross_view,c4,,000005,33:c4:002:000005,,002
33_c4_003_000004.jpg,33,4,train,boat,boat,boat,cross_view,c4,,000004,33:c4:003:000004,,003
33_c4_003_000005.jpg,33,4,train,boat,boat,boat,cross_view,c4,,000005,33:c4:003:000005,,003
33_c4_004_000004.jpg,33,4,train,boat,boat,boat,cross_view,c4,,000004,33:c4:004:000004,,004
33_c4_004_000005.jpg,33,4,train,boat,boat,boat,cross_view,c4,,000005,33:c4:004:000005,,004
33_c4_005_000004.jpg,33,4,train,boat,boat,boat,cross_view,c4,,000004,33:c4:005:000004,,005
33_c4_005_000005.jpg,33,4,train,boat,boat,boat,cross_view,c4,,000005,33:c4:005:000005,,005
33_c4_00_2.jpg,33,4,train,boat,boat,boat,cross_view,c4,,2,33:c4:00:2,,original
33_c4_00_7.jpg,33,4,train,boat,boat,boat,cross_view,c4,,7,33:c4:00:7,,original
33_c5_000_000006.jpg,33,5,train,boat,boat,boat,cross_view,c5,,000006,33:c5:000:000006,,000
33_c5_001_000006.jpg,33,5,train,boat,boat,boat,cross_view,c5,,000006,33:c5:001:000006,,001
33_c5_002_000006.jpg,33,5,train,boat,boat,boat,cross_view,c5,,000006,33:c5:002:000006,,002
33_c5_003_000006.jpg,33,5,train,boat,boat,boat,cross_view,c5,,000006,33:c5:003:000006,,003
33_c5_004_000006.jpg,33,5,train,boat,boat,boat,cross_view,c5,,000006,33:c5:004:000006,,004
33_c5_005_000006.jpg,33,5,train,boat,boat,boat,cross_view,c5,,000006,33:c5:005:000006,,005
33_c5_00_3.jpg,33,5,train,boat,boat,boat,cross_view,c5,,3,33:c5:00:3,,original
33_c6_000_000007.jpg,33,6,train,boat,boat,boat,cross_view,c6,,000007,33:c6:000:000007,,000
33_c6_001_000007.jpg,33,6,train,boat,boat,boat,cross_view,c6,,000007,33:c6:001:000007,,001
33_c6_002_000007.jpg,33,6,train,boat,boat,boat,cross_view,c6,,000007,33:c6:002:000007,,002
33_c6_003_000007.jpg,33,6,train,boat,boat,boat,cross_view,c6,,000007,33:c6:003:000007,,003
33_c6_004_000007.jpg,33,6,train,boat,boat,boat,cross_view,c6,,000007,33:c6:004:000007,,004
33_c6_005_000007.jpg,33,6,train,boat,boat,boat,cross_view,c6,,000007,33:c6:005:000007,,005
33_c6_00_4.jpg,33,6,train,boat,boat,boat,cross_view,c6,,4,33:c6:00:4,,original
34_c1_00_3.jpg,34,1,query,boat,boat,boat,cross_view,c1,,3,34:c1:00:3,,original
34_c2_00_0.jpg,34,2,gallery,boat,boat,boat,cross_view,c2,,0,34:c2:00:0,,original
34_c2_00_1.jpg,34,2,gallery,boat,boat,boat,cross_view,c2,,1,34:c2:00:1,,original
34_c3_00_2.jpg,34,3,gallery,boat,boat,boat,cross_view,c3,,2,34:c3:00:2,,original
35_c1_000_000000.jpg,35,1,train,boat,boat,boat,cross_view,c1,,000000,35:c1:000:000000,,000
35_c1_000_000001.jpg,35,1,train,boat,boat,boat,cross_view,c1,,000001,35:c1:000:000001,,000
35_c1_001_000000.jpg,35,1,train,boat,boat,boat,cross_view,c1,,000000,35:c1:001:000000,,001
35_c1_001_000001.jpg,35,1,train,boat,boat,boat,cross_view,c1,,000001,35:c1:001:000001,,001
35_c1_002_000000.jpg,35,1,train,boat,boat,boat,cross_view,c1,,000000,35:c1:002:000000,,002
35_c1_002_000001.jpg,35,1,train,boat,boat,boat,cross_view,c1,,000001,35:c1:002:000001,,002
35_c1_003_000000.jpg,35,1,train,boat,boat,boat,cross_view,c1,,000000,35:c1:003:000000,,003
35_c1_003_000001.jpg,35,1,train,boat,boat,boat,cross_view,c1,,000001,35:c1:003:000001,,003
35_c1_004_000000.jpg,35,1,train,boat,boat,boat,cross_view,c1,,000000,35:c1:004:000000,,004
35_c1_004_000001.jpg,35,1,train,boat,boat,boat,cross_view,c1,,000001,35:c1:004:000001,,004
35_c1_005_000000.jpg,35,1,train,boat,boat,boat,cross_view,c1,,000000,35:c1:005:000000,,005
35_c1_005_000001.jpg,35,1,train,boat,boat,boat,cross_view,c1,,000001,35:c1:005:000001,,005
35_c1_00_2.jpg,35,1,train,boat,boat,boat,cross_view,c1,,2,35:c1:00:2,,original
35_c1_00_3.jpg,35,1,train,boat,boat,boat,cross_view,c1,,3,35:c1:00:3,,original
35_c2_000_000002.jpg,35,2,train,boat,boat,boat,cross_view,c2,,000002,35:c2:000:000002,,000
35_c2_001_000002.jpg,35,2,train,boat,boat,boat,cross_view,c2,,000002,35:c2:001:000002,,001
35_c2_002_000002.jpg,35,2,train,boat,boat,boat,cross_view,c2,,000002,35:c2:002:000002,,002
35_c2_003_000002.jpg,35,2,train,boat,boat,boat,cross_view,c2,,000002,35:c2:003:000002,,003
35_c2_004_000002.jpg,35,2,train,boat,boat,boat,cross_view,c2,,000002,35:c2:004:000002,,004
35_c2_005_000002.jpg,35,2,train,boat,boat,boat,cross_view,c2,,000002,35:c2:005:000002,,005
35_c2_00_0.jpg,35,2,train,boat,boat,boat,cross_view,c2,,0,35:c2:00:0,,original
35_c3_000_000003.jpg,35,3,train,boat,boat,boat,cross_view,c3,,000003,35:c3:000:000003,,000
35_c3_001_000003.jpg,35,3,train,boat,boat,boat,cross_view,c3,,000003,35:c3:001:000003,,001
35_c3_002_000003.jpg,35,3,train,boat,boat,boat,cross_view,c3,,000003,35:c3:002:000003,,002
35_c3_003_000003.jpg,35,3,train,boat,boat,boat,cross_view,c3,,000003,35:c3:003:000003,,003
35_c3_004_000003.jpg,35,3,train,boat,boat,boat,cross_view,c3,,000003,35:c3:004:000003,,004
35_c3_005_000003.jpg,35,3,train,boat,boat,boat,cross_view,c3,,000003,35:c3:005:000003,,005
35_c3_00_1.jpg,35,3,train,boat,boat,boat,cross_view,c3,,1,35:c3:00:1,,original
36_c1_000_000000.jpg,36,1,train,boat,boat,boat,cross_view,c1,,000000,36:c1:000:000000,,000
36_c1_001_000000.jpg,36,1,train,boat,boat,boat,cross_view,c1,,000000,36:c1:001:000000,,001
36_c1_002_000000.jpg,36,1,train,boat,boat,boat,cross_view,c1,,000000,36:c1:002:000000,,002
36_c1_003_000000.jpg,36,1,train,boat,boat,boat,cross_view,c1,,000000,36:c1:003:000000,,003
36_c1_004_000000.jpg,36,1,train,boat,boat,boat,cross_view,c1,,000000,36:c1:004:000000,,004
36_c1_005_000000.jpg,36,1,train,boat,boat,boat,cross_view,c1,,000000,36:c1:005:000000,,005
36_c1_00_8.jpg,36,1,train,boat,boat,boat,cross_view,c1,,8,36:c1:00:8,,original
36_c2_000_000001.jpg,36,2,train,boat,boat,boat,cross_view,c2,,000001,36:c2:000:000001,,000
36_c2_000_000002.jpg,36,2,train,boat,boat,boat,cross_view,c2,,000002,36:c2:000:000002,,000
36_c2_000_000003.jpg,36,2,train,boat,boat,boat,cross_view,c2,,000003,36:c2:000:000003,,000
36_c2_000_000004.jpg,36,2,train,boat,boat,boat,cross_view,c2,,000004,36:c2:000:000004,,000
36_c2_001_000001.jpg,36,2,train,boat,boat,boat,cross_view,c2,,000001,36:c2:001:000001,,001
36_c2_001_000002.jpg,36,2,train,boat,boat,boat,cross_view,c2,,000002,36:c2:001:000002,,001
36_c2_001_000003.jpg,36,2,train,boat,boat,boat,cross_view,c2,,000003,36:c2:001:000003,,001
36_c2_001_000004.jpg,36,2,train,boat,boat,boat,cross_view,c2,,000004,36:c2:001:000004,,001
36_c2_002_000001.jpg,36,2,train,boat,boat,boat,cross_view,c2,,000001,36:c2:002:000001,,002
36_c2_002_000002.jpg,36,2,train,boat,boat,boat,cross_view,c2,,000002,36:c2:002:000002,,002
36_c2_002_000003.jpg,36,2,train,boat,boat,boat,cross_view,c2,,000003,36:c2:002:000003,,002
36_c2_002_000004.jpg,36,2,train,boat,boat,boat,cross_view,c2,,000004,36:c2:002:000004,,002
36_c2_003_000001.jpg,36,2,train,boat,boat,boat,cross_view,c2,,000001,36:c2:003:000001,,003
36_c2_003_000002.jpg,36,2,train,boat,boat,boat,cross_view,c2,,000002,36:c2:003:000002,,003
36_c2_003_000003.jpg,36,2,train,boat,boat,boat,cross_view,c2,,000003,36:c2:003:000003,,003
36_c2_003_000004.jpg,36,2,train,boat,boat,boat,cross_view,c2,,000004,36:c2:003:000004,,003
36_c2_004_000001.jpg,36,2,train,boat,boat,boat,cross_view,c2,,000001,36:c2:004:000001,,004
36_c2_004_000002.jpg,36,2,train,boat,boat,boat,cross_view,c2,,000002,36:c2:004:000002,,004
36_c2_004_000003.jpg,36,2,train,boat,boat,boat,cross_view,c2,,000003,36:c2:004:000003,,004
36_c2_004_000004.jpg,36,2,train,boat,boat,boat,cross_view,c2,,000004,36:c2:004:000004,,004
36_c2_005_000001.jpg,36,2,train,boat,boat,boat,cross_view,c2,,000001,36:c2:005:000001,,005
36_c2_005_000002.jpg,36,2,train,boat,boat,boat,cross_view,c2,,000002,36:c2:005:000002,,005
36_c2_005_000003.jpg,36,2,train,boat,boat,boat,cross_view,c2,,000003,36:c2:005:000003,,005
36_c2_005_000004.jpg,36,2,train,boat,boat,boat,cross_view,c2,,000004,36:c2:005:000004,,005
36_c2_00_4.jpg,36,2,train,boat,boat,boat,cross_view,c2,,4,36:c2:00:4,,original
36_c2_00_5.jpg,36,2,train,boat,boat,boat,cross_view,c2,,5,36:c2:00:5,,original
36_c2_00_6.jpg,36,2,train,boat,boat,boat,cross_view,c2,,6,36:c2:00:6,,original
36_c2_00_7.jpg,36,2,train,boat,boat,boat,cross_view,c2,,7,36:c2:00:7,,original
36_c3_000_000005.jpg,36,3,train,boat,boat,boat,cross_view,c3,,000005,36:c3:000:000005,,000
36_c3_001_000005.jpg,36,3,train,boat,boat,boat,cross_view,c3,,000005,36:c3:001:000005,,001
36_c3_002_000005.jpg,36,3,train,boat,boat,boat,cross_view,c3,,000005,36:c3:002:000005,,002
36_c3_003_000005.jpg,36,3,train,boat,boat,boat,cross_view,c3,,000005,36:c3:003:000005,,003
36_c3_004_000005.jpg,36,3,train,boat,boat,boat,cross_view,c3,,000005,36:c3:004:000005,,004
36_c3_005_000005.jpg,36,3,train,boat,boat,boat,cross_view,c3,,000005,36:c3:005:000005,,005
36_c3_00_3.jpg,36,3,train,boat,boat,boat,cross_view,c3,,3,36:c3:00:3,,original
36_c4_000_000006.jpg,36,4,train,boat,boat,boat,cross_view,c4,,000006,36:c4:000:000006,,000
36_c4_001_000006.jpg,36,4,train,boat,boat,boat,cross_view,c4,,000006,36:c4:001:000006,,001
36_c4_002_000006.jpg,36,4,train,boat,boat,boat,cross_view,c4,,000006,36:c4:002:000006,,002
36_c4_003_000006.jpg,36,4,train,boat,boat,boat,cross_view,c4,,000006,36:c4:003:000006,,003
36_c4_004_000006.jpg,36,4,train,boat,boat,boat,cross_view,c4,,000006,36:c4:004:000006,,004
36_c4_005_000006.jpg,36,4,train,boat,boat,boat,cross_view,c4,,000006,36:c4:005:000006,,005
36_c4_00_2.jpg,36,4,train,boat,boat,boat,cross_view,c4,,2,36:c4:00:2,,original
36_c5_000_000007.jpg,36,5,train,boat,boat,boat,cross_view,c5,,000007,36:c5:000:000007,,000
36_c5_001_000007.jpg,36,5,train,boat,boat,boat,cross_view,c5,,000007,36:c5:001:000007,,001
36_c5_002_000007.jpg,36,5,train,boat,boat,boat,cross_view,c5,,000007,36:c5:002:000007,,002
36_c5_003_000007.jpg,36,5,train,boat,boat,boat,cross_view,c5,,000007,36:c5:003:000007,,003
36_c5_004_000007.jpg,36,5,train,boat,boat,boat,cross_view,c5,,000007,36:c5:004:000007,,004
36_c5_005_000007.jpg,36,5,train,boat,boat,boat,cross_view,c5,,000007,36:c5:005:000007,,005
36_c5_00_1.jpg,36,5,train,boat,boat,boat,cross_view,c5,,1,36:c5:00:1,,original
36_c6_000_000008.jpg,36,6,train,boat,boat,boat,cross_view,c6,,000008,36:c6:000:000008,,000
36_c6_001_000008.jpg,36,6,train,boat,boat,boat,cross_view,c6,,000008,36:c6:001:000008,,001
36_c6_002_000008.jpg,36,6,train,boat,boat,boat,cross_view,c6,,000008,36:c6:002:000008,,002
36_c6_003_000008.jpg,36,6,train,boat,boat,boat,cross_view,c6,,000008,36:c6:003:000008,,003
36_c6_004_000008.jpg,36,6,train,boat,boat,boat,cross_view,c6,,000008,36:c6:004:000008,,004
36_c6_005_000008.jpg,36,6,train,boat,boat,boat,cross_view,c6,,000008,36:c6:005:000008,,005
36_c6_00_0.jpg,36,6,train,boat,boat,boat,cross_view,c6,,0,36:c6:00:0,,original
37_c1_000_000000.jpg,37,1,train,boat,boat,boat,cross_view,c1,,000000,37:c1:000:000000,,000
37_c1_000_000001.jpg,37,1,train,boat,boat,boat,cross_view,c1,,000001,37:c1:000:000001,,000
37_c1_001_000000.jpg,37,1,train,boat,boat,boat,cross_view,c1,,000000,37:c1:001:000000,,001
37_c1_001_000001.jpg,37,1,train,boat,boat,boat,cross_view,c1,,000001,37:c1:001:000001,,001
37_c1_002_000000.jpg,37,1,train,boat,boat,boat,cross_view,c1,,000000,37:c1:002:000000,,002
37_c1_002_000001.jpg,37,1,train,boat,boat,boat,cross_view,c1,,000001,37:c1:002:000001,,002
37_c1_003_000000.jpg,37,1,train,boat,boat,boat,cross_view,c1,,000000,37:c1:003:000000,,003
37_c1_003_000001.jpg,37,1,train,boat,boat,boat,cross_view,c1,,000001,37:c1:003:000001,,003
37_c1_004_000000.jpg,37,1,train,boat,boat,boat,cross_view,c1,,000000,37:c1:004:000000,,004
37_c1_004_000001.jpg,37,1,train,boat,boat,boat,cross_view,c1,,000001,37:c1:004:000001,,004
37_c1_005_000000.jpg,37,1,train,boat,boat,boat,cross_view,c1,,000000,37:c1:005:000000,,005
37_c1_005_000001.jpg,37,1,train,boat,boat,boat,cross_view,c1,,000001,37:c1:005:000001,,005
37_c1_00_3.jpg,37,1,train,boat,boat,boat,cross_view,c1,,3,37:c1:00:3,,original
37_c1_00_4.jpg,37,1,train,boat,boat,boat,cross_view,c1,,4,37:c1:00:4,,original
37_c4_000_000002.jpg,37,4,train,boat,boat,boat,cross_view,c4,,000002,37:c4:000:000002,,000
37_c4_001_000002.jpg,37,4,train,boat,boat,boat,cross_view,c4,,000002,37:c4:001:000002,,001
37_c4_002_000002.jpg,37,4,train,boat,boat,boat,cross_view,c4,,000002,37:c4:002:000002,,002
37_c4_003_000002.jpg,37,4,train,boat,boat,boat,cross_view,c4,,000002,37:c4:003:000002,,003
37_c4_004_000002.jpg,37,4,train,boat,boat,boat,cross_view,c4,,000002,37:c4:004:000002,,004
37_c4_005_000002.jpg,37,4,train,boat,boat,boat,cross_view,c4,,000002,37:c4:005:000002,,005
37_c4_00_1.jpg,37,4,train,boat,boat,boat,cross_view,c4,,1,37:c4:00:1,,original
37_c5_000_000003.jpg,37,5,train,boat,boat,boat,cross_view,c5,,000003,37:c5:000:000003,,000
37_c5_001_000003.jpg,37,5,train,boat,boat,boat,cross_view,c5,,000003,37:c5:001:000003,,001
37_c5_002_000003.jpg,37,5,train,boat,boat,boat,cross_view,c5,,000003,37:c5:002:000003,,002
37_c5_003_000003.jpg,37,5,train,boat,boat,boat,cross_view,c5,,000003,37:c5:003:000003,,003
37_c5_004_000003.jpg,37,5,train,boat,boat,boat,cross_view,c5,,000003,37:c5:004:000003,,004
37_c5_005_000003.jpg,37,5,train,boat,boat,boat,cross_view,c5,,000003,37:c5:005:000003,,005
37_c5_00_2.jpg,37,5,train,boat,boat,boat,cross_view,c5,,2,37:c5:00:2,,original
38_c1_000_000000.jpg,38,1,train,boat,boat,boat,cross_view,c1,,000000,38:c1:000:000000,,000
38_c1_000_000001.jpg,38,1,train,boat,boat,boat,cross_view,c1,,000001,38:c1:000:000001,,000
38_c1_001_000000.jpg,38,1,train,boat,boat,boat,cross_view,c1,,000000,38:c1:001:000000,,001
38_c1_001_000001.jpg,38,1,train,boat,boat,boat,cross_view,c1,,000001,38:c1:001:000001,,001
38_c1_002_000000.jpg,38,1,train,boat,boat,boat,cross_view,c1,,000000,38:c1:002:000000,,002
38_c1_002_000001.jpg,38,1,train,boat,boat,boat,cross_view,c1,,000001,38:c1:002:000001,,002
38_c1_003_000000.jpg,38,1,train,boat,boat,boat,cross_view,c1,,000000,38:c1:003:000000,,003
38_c1_003_000001.jpg,38,1,train,boat,boat,boat,cross_view,c1,,000001,38:c1:003:000001,,003
38_c1_004_000000.jpg,38,1,train,boat,boat,boat,cross_view,c1,,000000,38:c1:004:000000,,004
38_c1_004_000001.jpg,38,1,train,boat,boat,boat,cross_view,c1,,000001,38:c1:004:000001,,004
38_c1_005_000000.jpg,38,1,train,boat,boat,boat,cross_view,c1,,000000,38:c1:005:000000,,005
38_c1_005_000001.jpg,38,1,train,boat,boat,boat,cross_view,c1,,000001,38:c1:005:000001,,005
38_c1_00_8.jpg,38,1,train,boat,boat,boat,cross_view,c1,,8,38:c1:00:8,,original
38_c1_00_9.jpg,38,1,train,boat,boat,boat,cross_view,c1,,9,38:c1:00:9,,original
38_c2_000_000002.jpg,38,2,train,boat,boat,boat,cross_view,c2,,000002,38:c2:000:000002,,000
38_c2_001_000002.jpg,38,2,train,boat,boat,boat,cross_view,c2,,000002,38:c2:001:000002,,001
38_c2_002_000002.jpg,38,2,train,boat,boat,boat,cross_view,c2,,000002,38:c2:002:000002,,002
38_c2_003_000002.jpg,38,2,train,boat,boat,boat,cross_view,c2,,000002,38:c2:003:000002,,003
38_c2_004_000002.jpg,38,2,train,boat,boat,boat,cross_view,c2,,000002,38:c2:004:000002,,004
38_c2_005_000002.jpg,38,2,train,boat,boat,boat,cross_view,c2,,000002,38:c2:005:000002,,005
38_c2_00_0.jpg,38,2,train,boat,boat,boat,cross_view,c2,,0,38:c2:00:0,,original
38_c3_000_000003.jpg,38,3,train,boat,boat,boat,cross_view,c3,,000003,38:c3:000:000003,,000
38_c3_001_000003.jpg,38,3,train,boat,boat,boat,cross_view,c3,,000003,38:c3:001:000003,,001
38_c3_002_000003.jpg,38,3,train,boat,boat,boat,cross_view,c3,,000003,38:c3:002:000003,,002
38_c3_003_000003.jpg,38,3,train,boat,boat,boat,cross_view,c3,,000003,38:c3:003:000003,,003
38_c3_004_000003.jpg,38,3,train,boat,boat,boat,cross_view,c3,,000003,38:c3:004:000003,,004
38_c3_005_000003.jpg,38,3,train,boat,boat,boat,cross_view,c3,,000003,38:c3:005:000003,,005
38_c3_00_1.jpg,38,3,train,boat,boat,boat,cross_view,c3,,1,38:c3:00:1,,original
38_c4_000_000004.jpg,38,4,train,boat,boat,boat,cross_view,c4,,000004,38:c4:000:000004,,000
38_c4_000_000005.jpg,38,4,train,boat,boat,boat,cross_view,c4,,000005,38:c4:000:000005,,000
38_c4_001_000004.jpg,38,4,train,boat,boat,boat,cross_view,c4,,000004,38:c4:001:000004,,001
38_c4_001_000005.jpg,38,4,train,boat,boat,boat,cross_view,c4,,000005,38:c4:001:000005,,001
38_c4_002_000004.jpg,38,4,train,boat,boat,boat,cross_view,c4,,000004,38:c4:002:000004,,002
38_c4_002_000005.jpg,38,4,train,boat,boat,boat,cross_view,c4,,000005,38:c4:002:000005,,002
38_c4_003_000004.jpg,38,4,train,boat,boat,boat,cross_view,c4,,000004,38:c4:003:000004,,003
38_c4_003_000005.jpg,38,4,train,boat,boat,boat,cross_view,c4,,000005,38:c4:003:000005,,003
38_c4_004_000004.jpg,38,4,train,boat,boat,boat,cross_view,c4,,000004,38:c4:004:000004,,004
38_c4_004_000005.jpg,38,4,train,boat,boat,boat,cross_view,c4,,000005,38:c4:004:000005,,004
38_c4_005_000004.jpg,38,4,train,boat,boat,boat,cross_view,c4,,000004,38:c4:005:000004,,005
38_c4_005_000005.jpg,38,4,train,boat,boat,boat,cross_view,c4,,000005,38:c4:005:000005,,005
38_c4_00_2.jpg,38,4,train,boat,boat,boat,cross_view,c4,,2,38:c4:00:2,,original
38_c4_00_7.jpg,38,4,train,boat,boat,boat,cross_view,c4,,7,38:c4:00:7,,original
38_c5_000_000006.jpg,38,5,train,boat,boat,boat,cross_view,c5,,000006,38:c5:000:000006,,000
38_c5_000_000007.jpg,38,5,train,boat,boat,boat,cross_view,c5,,000007,38:c5:000:000007,,000
38_c5_001_000006.jpg,38,5,train,boat,boat,boat,cross_view,c5,,000006,38:c5:001:000006,,001
38_c5_001_000007.jpg,38,5,train,boat,boat,boat,cross_view,c5,,000007,38:c5:001:000007,,001
38_c5_002_000006.jpg,38,5,train,boat,boat,boat,cross_view,c5,,000006,38:c5:002:000006,,002
38_c5_002_000007.jpg,38,5,train,boat,boat,boat,cross_view,c5,,000007,38:c5:002:000007,,002
38_c5_003_000006.jpg,38,5,train,boat,boat,boat,cross_view,c5,,000006,38:c5:003:000006,,003
38_c5_003_000007.jpg,38,5,train,boat,boat,boat,cross_view,c5,,000007,38:c5:003:000007,,003
38_c5_004_000006.jpg,38,5,train,boat,boat,boat,cross_view,c5,,000006,38:c5:004:000006,,004
38_c5_004_000007.jpg,38,5,train,boat,boat,boat,cross_view,c5,,000007,38:c5:004:000007,,004
38_c5_005_000006.jpg,38,5,train,boat,boat,boat,cross_view,c5,,000006,38:c5:005:000006,,005
38_c5_005_000007.jpg,38,5,train,boat,boat,boat,cross_view,c5,,000007,38:c5:005:000007,,005
38_c5_00_3.jpg,38,5,train,boat,boat,boat,cross_view,c5,,3,38:c5:00:3,,original
38_c5_00_6.jpg,38,5,train,boat,boat,boat,cross_view,c5,,6,38:c5:00:6,,original
38_c6_000_000008.jpg,38,6,train,boat,boat,boat,cross_view,c6,,000008,38:c6:000:000008,,000
38_c6_000_000009.jpg,38,6,train,boat,boat,boat,cross_view,c6,,000009,38:c6:000:000009,,000
38_c6_001_000008.jpg,38,6,train,boat,boat,boat,cross_view,c6,,000008,38:c6:001:000008,,001
38_c6_001_000009.jpg,38,6,train,boat,boat,boat,cross_view,c6,,000009,38:c6:001:000009,,001
38_c6_002_000008.jpg,38,6,train,boat,boat,boat,cross_view,c6,,000008,38:c6:002:000008,,002
38_c6_002_000009.jpg,38,6,train,boat,boat,boat,cross_view,c6,,000009,38:c6:002:000009,,002
38_c6_003_000008.jpg,38,6,train,boat,boat,boat,cross_view,c6,,000008,38:c6:003:000008,,003
38_c6_003_000009.jpg,38,6,train,boat,boat,boat,cross_view,c6,,000009,38:c6:003:000009,,003
38_c6_004_000008.jpg,38,6,train,boat,boat,boat,cross_view,c6,,000008,38:c6:004:000008,,004
38_c6_004_000009.jpg,38,6,train,boat,boat,boat,cross_view,c6,,000009,38:c6:004:000009,,004
38_c6_005_000008.jpg,38,6,train,boat,boat,boat,cross_view,c6,,000008,38:c6:005:000008,,005
38_c6_005_000009.jpg,38,6,train,boat,boat,boat,cross_view,c6,,000009,38:c6:005:000009,,005
38_c6_00_4.jpg,38,6,train,boat,boat,boat,cross_view,c6,,4,38:c6:00:4,,original
38_c6_00_5.jpg,38,6,train,boat,boat,boat,cross_view,c6,,5,38:c6:00:5,,original
39_c1_000_000000.jpg,39,1,train,boat,boat,boat,cross_view,c1,,000000,39:c1:000:000000,,000
39_c1_000_000001.jpg,39,1,train,boat,boat,boat,cross_view,c1,,000001,39:c1:000:000001,,000
39_c1_001_000000.jpg,39,1,train,boat,boat,boat,cross_view,c1,,000000,39:c1:001:000000,,001
39_c1_001_000001.jpg,39,1,train,boat,boat,boat,cross_view,c1,,000001,39:c1:001:000001,,001
39_c1_002_000000.jpg,39,1,train,boat,boat,boat,cross_view,c1,,000000,39:c1:002:000000,,002
39_c1_002_000001.jpg,39,1,train,boat,boat,boat,cross_view,c1,,000001,39:c1:002:000001,,002
39_c1_003_000000.jpg,39,1,train,boat,boat,boat,cross_view,c1,,000000,39:c1:003:000000,,003
39_c1_003_000001.jpg,39,1,train,boat,boat,boat,cross_view,c1,,000001,39:c1:003:000001,,003
39_c1_004_000000.jpg,39,1,train,boat,boat,boat,cross_view,c1,,000000,39:c1:004:000000,,004
39_c1_004_000001.jpg,39,1,train,boat,boat,boat,cross_view,c1,,000001,39:c1:004:000001,,004
39_c1_005_000000.jpg,39,1,train,boat,boat,boat,cross_view,c1,,000000,39:c1:005:000000,,005
39_c1_005_000001.jpg,39,1,train,boat,boat,boat,cross_view,c1,,000001,39:c1:005:000001,,005
39_c1_00_8.jpg,39,1,train,boat,boat,boat,cross_view,c1,,8,39:c1:00:8,,original
39_c1_00_9.jpg,39,1,train,boat,boat,boat,cross_view,c1,,9,39:c1:00:9,,original
39_c2_000_000002.jpg,39,2,train,boat,boat,boat,cross_view,c2,,000002,39:c2:000:000002,,000
39_c2_001_000002.jpg,39,2,train,boat,boat,boat,cross_view,c2,,000002,39:c2:001:000002,,001
39_c2_002_000002.jpg,39,2,train,boat,boat,boat,cross_view,c2,,000002,39:c2:002:000002,,002
39_c2_003_000002.jpg,39,2,train,boat,boat,boat,cross_view,c2,,000002,39:c2:003:000002,,003
39_c2_004_000002.jpg,39,2,train,boat,boat,boat,cross_view,c2,,000002,39:c2:004:000002,,004
39_c2_005_000002.jpg,39,2,train,boat,boat,boat,cross_view,c2,,000002,39:c2:005:000002,,005
39_c2_00_0.jpg,39,2,train,boat,boat,boat,cross_view,c2,,0,39:c2:00:0,,original
39_c3_000_000003.jpg,39,3,train,boat,boat,boat,cross_view,c3,,000003,39:c3:000:000003,,000
39_c3_000_000004.jpg,39,3,train,boat,boat,boat,cross_view,c3,,000004,39:c3:000:000004,,000
39_c3_001_000003.jpg,39,3,train,boat,boat,boat,cross_view,c3,,000003,39:c3:001:000003,,001
39_c3_001_000004.jpg,39,3,train,boat,boat,boat,cross_view,c3,,000004,39:c3:001:000004,,001
39_c3_002_000003.jpg,39,3,train,boat,boat,boat,cross_view,c3,,000003,39:c3:002:000003,,002
39_c3_002_000004.jpg,39,3,train,boat,boat,boat,cross_view,c3,,000004,39:c3:002:000004,,002
39_c3_003_000003.jpg,39,3,train,boat,boat,boat,cross_view,c3,,000003,39:c3:003:000003,,003
39_c3_003_000004.jpg,39,3,train,boat,boat,boat,cross_view,c3,,000004,39:c3:003:000004,,003
39_c3_004_000003.jpg,39,3,train,boat,boat,boat,cross_view,c3,,000003,39:c3:004:000003,,004
39_c3_004_000004.jpg,39,3,train,boat,boat,boat,cross_view,c3,,000004,39:c3:004:000004,,004
39_c3_005_000003.jpg,39,3,train,boat,boat,boat,cross_view,c3,,000003,39:c3:005:000003,,005
39_c3_005_000004.jpg,39,3,train,boat,boat,boat,cross_view,c3,,000004,39:c3:005:000004,,005
39_c3_00_1.jpg,39,3,train,boat,boat,boat,cross_view,c3,,1,39:c3:00:1,,original
39_c3_00_7.jpg,39,3,train,boat,boat,boat,cross_view,c3,,7,39:c3:00:7,,original
39_c4_000_000005.jpg,39,4,train,boat,boat,boat,cross_view,c4,,000005,39:c4:000:000005,,000
39_c4_000_000006.jpg,39,4,train,boat,boat,boat,cross_view,c4,,000006,39:c4:000:000006,,000
39_c4_001_000005.jpg,39,4,train,boat,boat,boat,cross_view,c4,,000005,39:c4:001:000005,,001
39_c4_001_000006.jpg,39,4,train,boat,boat,boat,cross_view,c4,,000006,39:c4:001:000006,,001
39_c4_002_000005.jpg,39,4,train,boat,boat,boat,cross_view,c4,,000005,39:c4:002:000005,,002
39_c4_002_000006.jpg,39,4,train,boat,boat,boat,cross_view,c4,,000006,39:c4:002:000006,,002
39_c4_003_000005.jpg,39,4,train,boat,boat,boat,cross_view,c4,,000005,39:c4:003:000005,,003
39_c4_003_000006.jpg,39,4,train,boat,boat,boat,cross_view,c4,,000006,39:c4:003:000006,,003
39_c4_004_000005.jpg,39,4,train,boat,boat,boat,cross_view,c4,,000005,39:c4:004:000005,,004
39_c4_004_000006.jpg,39,4,train,boat,boat,boat,cross_view,c4,,000006,39:c4:004:000006,,004
39_c4_005_000005.jpg,39,4,train,boat,boat,boat,cross_view,c4,,000005,39:c4:005:000005,,005
39_c4_005_000006.jpg,39,4,train,boat,boat,boat,cross_view,c4,,000006,39:c4:005:000006,,005
39_c4_00_2.jpg,39,4,train,boat,boat,boat,cross_view,c4,,2,39:c4:00:2,,original
39_c4_00_6.jpg,39,4,train,boat,boat,boat,cross_view,c4,,6,39:c4:00:6,,original
39_c5_000_000007.jpg,39,5,train,boat,boat,boat,cross_view,c5,,000007,39:c5:000:000007,,000
39_c5_000_000008.jpg,39,5,train,boat,boat,boat,cross_view,c5,,000008,39:c5:000:000008,,000
39_c5_001_000007.jpg,39,5,train,boat,boat,boat,cross_view,c5,,000007,39:c5:001:000007,,001
39_c5_001_000008.jpg,39,5,train,boat,boat,boat,cross_view,c5,,000008,39:c5:001:000008,,001
39_c5_002_000007.jpg,39,5,train,boat,boat,boat,cross_view,c5,,000007,39:c5:002:000007,,002
39_c5_002_000008.jpg,39,5,train,boat,boat,boat,cross_view,c5,,000008,39:c5:002:000008,,002
39_c5_003_000007.jpg,39,5,train,boat,boat,boat,cross_view,c5,,000007,39:c5:003:000007,,003
39_c5_003_000008.jpg,39,5,train,boat,boat,boat,cross_view,c5,,000008,39:c5:003:000008,,003
39_c5_004_000007.jpg,39,5,train,boat,boat,boat,cross_view,c5,,000007,39:c5:004:000007,,004
39_c5_004_000008.jpg,39,5,train,boat,boat,boat,cross_view,c5,,000008,39:c5:004:000008,,004
39_c5_005_000007.jpg,39,5,train,boat,boat,boat,cross_view,c5,,000007,39:c5:005:000007,,005
39_c5_005_000008.jpg,39,5,train,boat,boat,boat,cross_view,c5,,000008,39:c5:005:000008,,005
39_c5_00_3.jpg,39,5,train,boat,boat,boat,cross_view,c5,,3,39:c5:00:3,,original
39_c5_00_5.jpg,39,5,train,boat,boat,boat,cross_view,c5,,5,39:c5:00:5,,original
39_c6_000_000009.jpg,39,6,train,boat,boat,boat,cross_view,c6,,000009,39:c6:000:000009,,000
39_c6_001_000009.jpg,39,6,train,boat,boat,boat,cross_view,c6,,000009,39:c6:001:000009,,001
39_c6_002_000009.jpg,39,6,train,boat,boat,boat,cross_view,c6,,000009,39:c6:002:000009,,002
39_c6_003_000009.jpg,39,6,train,boat,boat,boat,cross_view,c6,,000009,39:c6:003:000009,,003
39_c6_004_000009.jpg,39,6,train,boat,boat,boat,cross_view,c6,,000009,39:c6:004:000009,,004
39_c6_005_000009.jpg,39,6,train,boat,boat,boat,cross_view,c6,,000009,39:c6:005:000009,,005
39_c6_00_4.jpg,39,6,train,boat,boat,boat,cross_view,c6,,4,39:c6:00:4,,original
3_c1_000_000000.jpg,3,1,train,boat,boat,boat,cross_view,c1,,000000,3:c1:000:000000,,000
3_c1_001_000000.jpg,3,1,train,boat,boat,boat,cross_view,c1,,000000,3:c1:001:000000,,001
3_c1_002_000000.jpg,3,1,train,boat,boat,boat,cross_view,c1,,000000,3:c1:002:000000,,002
3_c1_003_000000.jpg,3,1,train,boat,boat,boat,cross_view,c1,,000000,3:c1:003:000000,,003
3_c1_004_000000.jpg,3,1,train,boat,boat,boat,cross_view,c1,,000000,3:c1:004:000000,,004
3_c1_005_000000.jpg,3,1,train,boat,boat,boat,cross_view,c1,,000000,3:c1:005:000000,,005
3_c1_00_2.jpg,3,1,train,boat,boat,boat,cross_view,c1,,2,3:c1:00:2,,original
3_c2_000_000001.jpg,3,2,train,boat,boat,boat,cross_view,c2,,000001,3:c2:000:000001,,000
3_c2_001_000001.jpg,3,2,train,boat,boat,boat,cross_view,c2,,000001,3:c2:001:000001,,001
3_c2_002_000001.jpg,3,2,train,boat,boat,boat,cross_view,c2,,000001,3:c2:002:000001,,002
3_c2_003_000001.jpg,3,2,train,boat,boat,boat,cross_view,c2,,000001,3:c2:003:000001,,003
3_c2_004_000001.jpg,3,2,train,boat,boat,boat,cross_view,c2,,000001,3:c2:004:000001,,004
3_c2_005_000001.jpg,3,2,train,boat,boat,boat,cross_view,c2,,000001,3:c2:005:000001,,005
3_c2_00_4.jpg,3,2,train,boat,boat,boat,cross_view,c2,,4,3:c2:00:4,,original
3_c4_000_000002.jpg,3,4,train,boat,boat,boat,cross_view,c4,,000002,3:c4:000:000002,,000
3_c4_001_000002.jpg,3,4,train,boat,boat,boat,cross_view,c4,,000002,3:c4:001:000002,,001
3_c4_002_000002.jpg,3,4,train,boat,boat,boat,cross_view,c4,,000002,3:c4:002:000002,,002
3_c4_003_000002.jpg,3,4,train,boat,boat,boat,cross_view,c4,,000002,3:c4:003:000002,,003
3_c4_004_000002.jpg,3,4,train,boat,boat,boat,cross_view,c4,,000002,3:c4:004:000002,,004
3_c4_005_000002.jpg,3,4,train,boat,boat,boat,cross_view,c4,,000002,3:c4:005:000002,,005
3_c4_00_1.jpg,3,4,train,boat,boat,boat,cross_view,c4,,1,3:c4:00:1,,original
3_c5_000_000003.jpg,3,5,train,boat,boat,boat,cross_view,c5,,000003,3:c5:000:000003,,000
3_c5_001_000003.jpg,3,5,train,boat,boat,boat,cross_view,c5,,000003,3:c5:001:000003,,001
3_c5_002_000003.jpg,3,5,train,boat,boat,boat,cross_view,c5,,000003,3:c5:002:000003,,002
3_c5_003_000003.jpg,3,5,train,boat,boat,boat,cross_view,c5,,000003,3:c5:003:000003,,003
3_c5_004_000003.jpg,3,5,train,boat,boat,boat,cross_view,c5,,000003,3:c5:004:000003,,004
3_c5_005_000003.jpg,3,5,train,boat,boat,boat,cross_view,c5,,000003,3:c5:005:000003,,005
3_c5_00_0.jpg,3,5,train,boat,boat,boat,cross_view,c5,,0,3:c5:00:0,,original
3_c6_000_000004.jpg,3,6,train,boat,boat,boat,cross_view,c6,,000004,3:c6:000:000004,,000
3_c6_001_000004.jpg,3,6,train,boat,boat,boat,cross_view,c6,,000004,3:c6:001:000004,,001
3_c6_002_000004.jpg,3,6,train,boat,boat,boat,cross_view,c6,,000004,3:c6:002:000004,,002
3_c6_003_000004.jpg,3,6,train,boat,boat,boat,cross_view,c6,,000004,3:c6:003:000004,,003
3_c6_004_000004.jpg,3,6,train,boat,boat,boat,cross_view,c6,,000004,3:c6:004:000004,,004
3_c6_005_000004.jpg,3,6,train,boat,boat,boat,cross_view,c6,,000004,3:c6:005:000004,,005
3_c6_00_3.jpg,3,6,train,boat,boat,boat,cross_view,c6,,3,3:c6:00:3,,original
40_c1_000_000000.jpg,40,1,train,boat,boat,boat,cross_view,c1,,000000,40:c1:000:000000,,000
40_c1_000_000001.jpg,40,1,train,boat,boat,boat,cross_view,c1,,000001,40:c1:000:000001,,000
40_c1_001_000000.jpg,40,1,train,boat,boat,boat,cross_view,c1,,000000,40:c1:001:000000,,001
40_c1_001_000001.jpg,40,1,train,boat,boat,boat,cross_view,c1,,000001,40:c1:001:000001,,001
40_c1_002_000000.jpg,40,1,train,boat,boat,boat,cross_view,c1,,000000,40:c1:002:000000,,002
40_c1_002_000001.jpg,40,1,train,boat,boat,boat,cross_view,c1,,000001,40:c1:002:000001,,002
40_c1_003_000000.jpg,40,1,train,boat,boat,boat,cross_view,c1,,000000,40:c1:003:000000,,003
40_c1_003_000001.jpg,40,1,train,boat,boat,boat,cross_view,c1,,000001,40:c1:003:000001,,003
40_c1_004_000000.jpg,40,1,train,boat,boat,boat,cross_view,c1,,000000,40:c1:004:000000,,004
40_c1_004_000001.jpg,40,1,train,boat,boat,boat,cross_view,c1,,000001,40:c1:004:000001,,004
40_c1_005_000000.jpg,40,1,train,boat,boat,boat,cross_view,c1,,000000,40:c1:005:000000,,005
40_c1_005_000001.jpg,40,1,train,boat,boat,boat,cross_view,c1,,000001,40:c1:005:000001,,005
40_c1_00_10.jpg,40,1,train,boat,boat,boat,cross_view,c1,,10,40:c1:00:10,,original
40_c1_00_9.jpg,40,1,train,boat,boat,boat,cross_view,c1,,9,40:c1:00:9,,original
40_c2_000_000002.jpg,40,2,train,boat,boat,boat,cross_view,c2,,000002,40:c2:000:000002,,000
40_c2_000_000003.jpg,40,2,train,boat,boat,boat,cross_view,c2,,000003,40:c2:000:000003,,000
40_c2_001_000002.jpg,40,2,train,boat,boat,boat,cross_view,c2,,000002,40:c2:001:000002,,001
40_c2_001_000003.jpg,40,2,train,boat,boat,boat,cross_view,c2,,000003,40:c2:001:000003,,001
40_c2_002_000002.jpg,40,2,train,boat,boat,boat,cross_view,c2,,000002,40:c2:002:000002,,002
40_c2_002_000003.jpg,40,2,train,boat,boat,boat,cross_view,c2,,000003,40:c2:002:000003,,002
40_c2_003_000002.jpg,40,2,train,boat,boat,boat,cross_view,c2,,000002,40:c2:003:000002,,003
40_c2_003_000003.jpg,40,2,train,boat,boat,boat,cross_view,c2,,000003,40:c2:003:000003,,003
40_c2_004_000002.jpg,40,2,train,boat,boat,boat,cross_view,c2,,000002,40:c2:004:000002,,004
40_c2_004_000003.jpg,40,2,train,boat,boat,boat,cross_view,c2,,000003,40:c2:004:000003,,004
40_c2_005_000002.jpg,40,2,train,boat,boat,boat,cross_view,c2,,000002,40:c2:005:000002,,005
40_c2_005_000003.jpg,40,2,train,boat,boat,boat,cross_view,c2,,000003,40:c2:005:000003,,005
40_c2_00_0.jpg,40,2,train,boat,boat,boat,cross_view,c2,,0,40:c2:00:0,,original
40_c2_00_4.jpg,40,2,train,boat,boat,boat,cross_view,c2,,4,40:c2:00:4,,original
40_c3_000_000004.jpg,40,3,train,boat,boat,boat,cross_view,c3,,000004,40:c3:000:000004,,000
40_c3_001_000004.jpg,40,3,train,boat,boat,boat,cross_view,c3,,000004,40:c3:001:000004,,001
40_c3_002_000004.jpg,40,3,train,boat,boat,boat,cross_view,c3,,000004,40:c3:002:000004,,002
40_c3_003_000004.jpg,40,3,train,boat,boat,boat,cross_view,c3,,000004,40:c3:003:000004,,003
40_c3_004_000004.jpg,40,3,train,boat,boat,boat,cross_view,c3,,000004,40:c3:004:000004,,004
40_c3_005_000004.jpg,40,3,train,boat,boat,boat,cross_view,c3,,000004,40:c3:005:000004,,005
40_c3_00_5.jpg,40,3,train,boat,boat,boat,cross_view,c3,,5,40:c3:00:5,,original
40_c4_000_000005.jpg,40,4,train,boat,boat,boat,cross_view,c4,,000005,40:c4:000:000005,,000
40_c4_000_000006.jpg,40,4,train,boat,boat,boat,cross_view,c4,,000006,40:c4:000:000006,,000
40_c4_001_000005.jpg,40,4,train,boat,boat,boat,cross_view,c4,,000005,40:c4:001:000005,,001
40_c4_001_000006.jpg,40,4,train,boat,boat,boat,cross_view,c4,,000006,40:c4:001:000006,,001
40_c4_002_000005.jpg,40,4,train,boat,boat,boat,cross_view,c4,,000005,40:c4:002:000005,,002
40_c4_002_000006.jpg,40,4,train,boat,boat,boat,cross_view,c4,,000006,40:c4:002:000006,,002
40_c4_003_000005.jpg,40,4,train,boat,boat,boat,cross_view,c4,,000005,40:c4:003:000005,,003
40_c4_003_000006.jpg,40,4,train,boat,boat,boat,cross_view,c4,,000006,40:c4:003:000006,,003
40_c4_004_000005.jpg,40,4,train,boat,boat,boat,cross_view,c4,,000005,40:c4:004:000005,,004
40_c4_004_000006.jpg,40,4,train,boat,boat,boat,cross_view,c4,,000006,40:c4:004:000006,,004
40_c4_005_000005.jpg,40,4,train,boat,boat,boat,cross_view,c4,,000005,40:c4:005:000005,,005
40_c4_005_000006.jpg,40,4,train,boat,boat,boat,cross_view,c4,,000006,40:c4:005:000006,,005
40_c4_00_1.jpg,40,4,train,boat,boat,boat,cross_view,c4,,1,40:c4:00:1,,original
40_c4_00_7.jpg,40,4,train,boat,boat,boat,cross_view,c4,,7,40:c4:00:7,,original
40_c5_000_000007.jpg,40,5,train,boat,boat,boat,cross_view,c5,,000007,40:c5:000:000007,,000
40_c5_000_000008.jpg,40,5,train,boat,boat,boat,cross_view,c5,,000008,40:c5:000:000008,,000
40_c5_001_000007.jpg,40,5,train,boat,boat,boat,cross_view,c5,,000007,40:c5:001:000007,,001
40_c5_001_000008.jpg,40,5,train,boat,boat,boat,cross_view,c5,,000008,40:c5:001:000008,,001
40_c5_002_000007.jpg,40,5,train,boat,boat,boat,cross_view,c5,,000007,40:c5:002:000007,,002
40_c5_002_000008.jpg,40,5,train,boat,boat,boat,cross_view,c5,,000008,40:c5:002:000008,,002
40_c5_003_000007.jpg,40,5,train,boat,boat,boat,cross_view,c5,,000007,40:c5:003:000007,,003
40_c5_003_000008.jpg,40,5,train,boat,boat,boat,cross_view,c5,,000008,40:c5:003:000008,,003
40_c5_004_000007.jpg,40,5,train,boat,boat,boat,cross_view,c5,,000007,40:c5:004:000007,,004
40_c5_004_000008.jpg,40,5,train,boat,boat,boat,cross_view,c5,,000008,40:c5:004:000008,,004
40_c5_005_000007.jpg,40,5,train,boat,boat,boat,cross_view,c5,,000007,40:c5:005:000007,,005
40_c5_005_000008.jpg,40,5,train,boat,boat,boat,cross_view,c5,,000008,40:c5:005:000008,,005
40_c5_00_2.jpg,40,5,train,boat,boat,boat,cross_view,c5,,2,40:c5:00:2,,original
40_c5_00_6.jpg,40,5,train,boat,boat,boat,cross_view,c5,,6,40:c5:00:6,,original
40_c6_000_000009.jpg,40,6,train,boat,boat,boat,cross_view,c6,,000009,40:c6:000:000009,,000
40_c6_000_000010.jpg,40,6,train,boat,boat,boat,cross_view,c6,,000010,40:c6:000:000010,,000
40_c6_001_000009.jpg,40,6,train,boat,boat,boat,cross_view,c6,,000009,40:c6:001:000009,,001
40_c6_001_000010.jpg,40,6,train,boat,boat,boat,cross_view,c6,,000010,40:c6:001:000010,,001
40_c6_002_000009.jpg,40,6,train,boat,boat,boat,cross_view,c6,,000009,40:c6:002:000009,,002
40_c6_002_000010.jpg,40,6,train,boat,boat,boat,cross_view,c6,,000010,40:c6:002:000010,,002
40_c6_003_000009.jpg,40,6,train,boat,boat,boat,cross_view,c6,,000009,40:c6:003:000009,,003
40_c6_003_000010.jpg,40,6,train,boat,boat,boat,cross_view,c6,,000010,40:c6:003:000010,,003
40_c6_004_000009.jpg,40,6,train,boat,boat,boat,cross_view,c6,,000009,40:c6:004:000009,,004
40_c6_004_000010.jpg,40,6,train,boat,boat,boat,cross_view,c6,,000010,40:c6:004:000010,,004
40_c6_005_000009.jpg,40,6,train,boat,boat,boat,cross_view,c6,,000009,40:c6:005:000009,,005
40_c6_005_000010.jpg,40,6,train,boat,boat,boat,cross_view,c6,,000010,40:c6:005:000010,,005
40_c6_00_3.jpg,40,6,train,boat,boat,boat,cross_view,c6,,3,40:c6:00:3,,original
40_c6_00_8.jpg,40,6,train,boat,boat,boat,cross_view,c6,,8,40:c6:00:8,,original
41_c1_000_000000.jpg,41,1,train,boat,boat,boat,cross_view,c1,,000000,41:c1:000:000000,,000
41_c1_001_000000.jpg,41,1,train,boat,boat,boat,cross_view,c1,,000000,41:c1:001:000000,,001
41_c1_002_000000.jpg,41,1,train,boat,boat,boat,cross_view,c1,,000000,41:c1:002:000000,,002
41_c1_003_000000.jpg,41,1,train,boat,boat,boat,cross_view,c1,,000000,41:c1:003:000000,,003
41_c1_004_000000.jpg,41,1,train,boat,boat,boat,cross_view,c1,,000000,41:c1:004:000000,,004
41_c1_005_000000.jpg,41,1,train,boat,boat,boat,cross_view,c1,,000000,41:c1:005:000000,,005
41_c1_00_0.jpg,41,1,train,boat,boat,boat,cross_view,c1,,0,41:c1:00:0,,original
42_c1_000_000000.jpg,42,1,train,boat,boat,boat,cross_view,c1,,000000,42:c1:000:000000,,000
42_c1_001_000000.jpg,42,1,train,boat,boat,boat,cross_view,c1,,000000,42:c1:001:000000,,001
42_c1_002_000000.jpg,42,1,train,boat,boat,boat,cross_view,c1,,000000,42:c1:002:000000,,002
42_c1_003_000000.jpg,42,1,train,boat,boat,boat,cross_view,c1,,000000,42:c1:003:000000,,003
42_c1_004_000000.jpg,42,1,train,boat,boat,boat,cross_view,c1,,000000,42:c1:004:000000,,004
42_c1_005_000000.jpg,42,1,train,boat,boat,boat,cross_view,c1,,000000,42:c1:005:000000,,005
42_c1_00_8.jpg,42,1,train,boat,boat,boat,cross_view,c1,,8,42:c1:00:8,,original
42_c2_000_000001.jpg,42,2,train,boat,boat,boat,cross_view,c2,,000001,42:c2:000:000001,,000
42_c2_001_000001.jpg,42,2,train,boat,boat,boat,cross_view,c2,,000001,42:c2:001:000001,,001
42_c2_002_000001.jpg,42,2,train,boat,boat,boat,cross_view,c2,,000001,42:c2:002:000001,,002
42_c2_003_000001.jpg,42,2,train,boat,boat,boat,cross_view,c2,,000001,42:c2:003:000001,,003
42_c2_004_000001.jpg,42,2,train,boat,boat,boat,cross_view,c2,,000001,42:c2:004:000001,,004
42_c2_005_000001.jpg,42,2,train,boat,boat,boat,cross_view,c2,,000001,42:c2:005:000001,,005
42_c2_00_0.jpg,42,2,train,boat,boat,boat,cross_view,c2,,0,42:c2:00:0,,original
42_c3_000_000002.jpg,42,3,train,boat,boat,boat,cross_view,c3,,000002,42:c3:000:000002,,000
42_c3_000_000003.jpg,42,3,train,boat,boat,boat,cross_view,c3,,000003,42:c3:000:000003,,000
42_c3_001_000002.jpg,42,3,train,boat,boat,boat,cross_view,c3,,000002,42:c3:001:000002,,001
42_c3_001_000003.jpg,42,3,train,boat,boat,boat,cross_view,c3,,000003,42:c3:001:000003,,001
42_c3_002_000002.jpg,42,3,train,boat,boat,boat,cross_view,c3,,000002,42:c3:002:000002,,002
42_c3_002_000003.jpg,42,3,train,boat,boat,boat,cross_view,c3,,000003,42:c3:002:000003,,002
42_c3_003_000002.jpg,42,3,train,boat,boat,boat,cross_view,c3,,000002,42:c3:003:000002,,003
42_c3_003_000003.jpg,42,3,train,boat,boat,boat,cross_view,c3,,000003,42:c3:003:000003,,003
42_c3_004_000002.jpg,42,3,train,boat,boat,boat,cross_view,c3,,000002,42:c3:004:000002,,004
42_c3_004_000003.jpg,42,3,train,boat,boat,boat,cross_view,c3,,000003,42:c3:004:000003,,004
42_c3_005_000002.jpg,42,3,train,boat,boat,boat,cross_view,c3,,000002,42:c3:005:000002,,005
42_c3_005_000003.jpg,42,3,train,boat,boat,boat,cross_view,c3,,000003,42:c3:005:000003,,005
42_c3_00_1.jpg,42,3,train,boat,boat,boat,cross_view,c3,,1,42:c3:00:1,,original
42_c3_00_7.jpg,42,3,train,boat,boat,boat,cross_view,c3,,7,42:c3:00:7,,original
42_c4_000_000004.jpg,42,4,train,boat,boat,boat,cross_view,c4,,000004,42:c4:000:000004,,000
42_c4_000_000005.jpg,42,4,train,boat,boat,boat,cross_view,c4,,000005,42:c4:000:000005,,000
42_c4_001_000004.jpg,42,4,train,boat,boat,boat,cross_view,c4,,000004,42:c4:001:000004,,001
42_c4_001_000005.jpg,42,4,train,boat,boat,boat,cross_view,c4,,000005,42:c4:001:000005,,001
42_c4_002_000004.jpg,42,4,train,boat,boat,boat,cross_view,c4,,000004,42:c4:002:000004,,002
42_c4_002_000005.jpg,42,4,train,boat,boat,boat,cross_view,c4,,000005,42:c4:002:000005,,002
42_c4_003_000004.jpg,42,4,train,boat,boat,boat,cross_view,c4,,000004,42:c4:003:000004,,003
42_c4_003_000005.jpg,42,4,train,boat,boat,boat,cross_view,c4,,000005,42:c4:003:000005,,003
42_c4_004_000004.jpg,42,4,train,boat,boat,boat,cross_view,c4,,000004,42:c4:004:000004,,004
42_c4_004_000005.jpg,42,4,train,boat,boat,boat,cross_view,c4,,000005,42:c4:004:000005,,004
42_c4_005_000004.jpg,42,4,train,boat,boat,boat,cross_view,c4,,000004,42:c4:005:000004,,005
42_c4_005_000005.jpg,42,4,train,boat,boat,boat,cross_view,c4,,000005,42:c4:005:000005,,005
42_c4_00_2.jpg,42,4,train,boat,boat,boat,cross_view,c4,,2,42:c4:00:2,,original
42_c4_00_6.jpg,42,4,train,boat,boat,boat,cross_view,c4,,6,42:c4:00:6,,original
42_c5_000_000006.jpg,42,5,train,boat,boat,boat,cross_view,c5,,000006,42:c5:000:000006,,000
42_c5_000_000007.jpg,42,5,train,boat,boat,boat,cross_view,c5,,000007,42:c5:000:000007,,000
42_c5_001_000006.jpg,42,5,train,boat,boat,boat,cross_view,c5,,000006,42:c5:001:000006,,001
42_c5_001_000007.jpg,42,5,train,boat,boat,boat,cross_view,c5,,000007,42:c5:001:000007,,001
42_c5_002_000006.jpg,42,5,train,boat,boat,boat,cross_view,c5,,000006,42:c5:002:000006,,002
42_c5_002_000007.jpg,42,5,train,boat,boat,boat,cross_view,c5,,000007,42:c5:002:000007,,002
42_c5_003_000006.jpg,42,5,train,boat,boat,boat,cross_view,c5,,000006,42:c5:003:000006,,003
42_c5_003_000007.jpg,42,5,train,boat,boat,boat,cross_view,c5,,000007,42:c5:003:000007,,003
42_c5_004_000006.jpg,42,5,train,boat,boat,boat,cross_view,c5,,000006,42:c5:004:000006,,004
42_c5_004_000007.jpg,42,5,train,boat,boat,boat,cross_view,c5,,000007,42:c5:004:000007,,004
42_c5_005_000006.jpg,42,5,train,boat,boat,boat,cross_view,c5,,000006,42:c5:005:000006,,005
42_c5_005_000007.jpg,42,5,train,boat,boat,boat,cross_view,c5,,000007,42:c5:005:000007,,005
42_c5_00_3.jpg,42,5,train,boat,boat,boat,cross_view,c5,,3,42:c5:00:3,,original
42_c5_00_5.jpg,42,5,train,boat,boat,boat,cross_view,c5,,5,42:c5:00:5,,original
42_c6_000_000008.jpg,42,6,train,boat,boat,boat,cross_view,c6,,000008,42:c6:000:000008,,000
42_c6_001_000008.jpg,42,6,train,boat,boat,boat,cross_view,c6,,000008,42:c6:001:000008,,001
42_c6_002_000008.jpg,42,6,train,boat,boat,boat,cross_view,c6,,000008,42:c6:002:000008,,002
42_c6_003_000008.jpg,42,6,train,boat,boat,boat,cross_view,c6,,000008,42:c6:003:000008,,003
42_c6_004_000008.jpg,42,6,train,boat,boat,boat,cross_view,c6,,000008,42:c6:004:000008,,004
42_c6_005_000008.jpg,42,6,train,boat,boat,boat,cross_view,c6,,000008,42:c6:005:000008,,005
42_c6_00_4.jpg,42,6,train,boat,boat,boat,cross_view,c6,,4,42:c6:00:4,,original
43_c1_00_9.jpg,43,1,query,boat,boat,boat,cross_view,c1,,9,43:c1:00:9,,original
43_c2_00_0.jpg,43,2,gallery,boat,boat,boat,cross_view,c2,,0,43:c2:00:0,,original
43_c2_00_8.jpg,43,2,gallery,boat,boat,boat,cross_view,c2,,8,43:c2:00:8,,original
43_c3_00_1.jpg,43,3,gallery,boat,boat,boat,cross_view,c3,,1,43:c3:00:1,,original
43_c3_00_7.jpg,43,3,gallery,boat,boat,boat,cross_view,c3,,7,43:c3:00:7,,original
43_c4_00_2.jpg,43,4,gallery,boat,boat,boat,cross_view,c4,,2,43:c4:00:2,,original
43_c4_00_6.jpg,43,4,gallery,boat,boat,boat,cross_view,c4,,6,43:c4:00:6,,original
43_c5_00_3.jpg,43,5,gallery,boat,boat,boat,cross_view,c5,,3,43:c5:00:3,,original
43_c5_00_5.jpg,43,5,gallery,boat,boat,boat,cross_view,c5,,5,43:c5:00:5,,original
43_c6_00_4.jpg,43,6,gallery,boat,boat,boat,cross_view,c6,,4,43:c6:00:4,,original
44_c1_00_5.jpg,44,1,query,boat,boat,boat,cross_view,c1,,5,44:c1:00:5,,original
44_c1_00_9.jpg,44,1,gallery,boat,boat,boat,cross_view,c1,,9,44:c1:00:9,,original
44_c2_00_0.jpg,44,2,gallery,boat,boat,boat,cross_view,c2,,0,44:c2:00:0,,original
44_c3_00_1.jpg,44,3,gallery,boat,boat,boat,cross_view,c3,,1,44:c3:00:1,,original
44_c3_00_8.jpg,44,3,gallery,boat,boat,boat,cross_view,c3,,8,44:c3:00:8,,original
44_c4_00_2.jpg,44,4,gallery,boat,boat,boat,cross_view,c4,,2,44:c4:00:2,,original
44_c4_00_7.jpg,44,4,gallery,boat,boat,boat,cross_view,c4,,7,44:c4:00:7,,original
44_c5_00_3.jpg,44,5,gallery,boat,boat,boat,cross_view,c5,,3,44:c5:00:3,,original
44_c5_00_6.jpg,44,5,gallery,boat,boat,boat,cross_view,c5,,6,44:c5:00:6,,original
44_c6_00_4.jpg,44,6,gallery,boat,boat,boat,cross_view,c6,,4,44:c6:00:4,,original
45_c2_000_000000.jpg,45,2,train,boat,boat,boat,cross_view,c2,,000000,45:c2:000:000000,,000
45_c2_001_000000.jpg,45,2,train,boat,boat,boat,cross_view,c2,,000000,45:c2:001:000000,,001
45_c2_002_000000.jpg,45,2,train,boat,boat,boat,cross_view,c2,,000000,45:c2:002:000000,,002
45_c2_003_000000.jpg,45,2,train,boat,boat,boat,cross_view,c2,,000000,45:c2:003:000000,,003
45_c2_004_000000.jpg,45,2,train,boat,boat,boat,cross_view,c2,,000000,45:c2:004:000000,,004
45_c2_005_000000.jpg,45,2,train,boat,boat,boat,cross_view,c2,,000000,45:c2:005:000000,,005
45_c2_00_0.jpg,45,2,train,boat,boat,boat,cross_view,c2,,0,45:c2:00:0,,original
45_c3_000_000001.jpg,45,3,train,boat,boat,boat,cross_view,c3,,000001,45:c3:000:000001,,000
45_c3_000_000002.jpg,45,3,train,boat,boat,boat,cross_view,c3,,000002,45:c3:000:000002,,000
45_c3_001_000001.jpg,45,3,train,boat,boat,boat,cross_view,c3,,000001,45:c3:001:000001,,001
45_c3_001_000002.jpg,45,3,train,boat,boat,boat,cross_view,c3,,000002,45:c3:001:000002,,001
45_c3_002_000001.jpg,45,3,train,boat,boat,boat,cross_view,c3,,000001,45:c3:002:000001,,002
45_c3_002_000002.jpg,45,3,train,boat,boat,boat,cross_view,c3,,000002,45:c3:002:000002,,002
45_c3_003_000001.jpg,45,3,train,boat,boat,boat,cross_view,c3,,000001,45:c3:003:000001,,003
45_c3_003_000002.jpg,45,3,train,boat,boat,boat,cross_view,c3,,000002,45:c3:003:000002,,003
45_c3_004_000001.jpg,45,3,train,boat,boat,boat,cross_view,c3,,000001,45:c3:004:000001,,004
45_c3_004_000002.jpg,45,3,train,boat,boat,boat,cross_view,c3,,000002,45:c3:004:000002,,004
45_c3_005_000001.jpg,45,3,train,boat,boat,boat,cross_view,c3,,000001,45:c3:005:000001,,005
45_c3_005_000002.jpg,45,3,train,boat,boat,boat,cross_view,c3,,000002,45:c3:005:000002,,005
45_c3_00_1.jpg,45,3,train,boat,boat,boat,cross_view,c3,,1,45:c3:00:1,,original
45_c3_00_3.jpg,45,3,train,boat,boat,boat,cross_view,c3,,3,45:c3:00:3,,original
45_c4_000_000003.jpg,45,4,train,boat,boat,boat,cross_view,c4,,000003,45:c4:000:000003,,000
45_c4_000_000004.jpg,45,4,train,boat,boat,boat,cross_view,c4,,000004,45:c4:000:000004,,000
45_c4_001_000003.jpg,45,4,train,boat,boat,boat,cross_view,c4,,000003,45:c4:001:000003,,001
45_c4_001_000004.jpg,45,4,train,boat,boat,boat,cross_view,c4,,000004,45:c4:001:000004,,001
45_c4_002_000003.jpg,45,4,train,boat,boat,boat,cross_view,c4,,000003,45:c4:002:000003,,002
45_c4_002_000004.jpg,45,4,train,boat,boat,boat,cross_view,c4,,000004,45:c4:002:000004,,002
45_c4_003_000003.jpg,45,4,train,boat,boat,boat,cross_view,c4,,000003,45:c4:003:000003,,003
45_c4_003_000004.jpg,45,4,train,boat,boat,boat,cross_view,c4,,000004,45:c4:003:000004,,003
45_c4_004_000003.jpg,45,4,train,boat,boat,boat,cross_view,c4,,000003,45:c4:004:000003,,004
45_c4_004_000004.jpg,45,4,train,boat,boat,boat,cross_view,c4,,000004,45:c4:004:000004,,004
45_c4_005_000003.jpg,45,4,train,boat,boat,boat,cross_view,c4,,000003,45:c4:005:000003,,005
45_c4_005_000004.jpg,45,4,train,boat,boat,boat,cross_view,c4,,000004,45:c4:005:000004,,005
45_c4_00_2.jpg,45,4,train,boat,boat,boat,cross_view,c4,,2,45:c4:00:2,,original
45_c4_00_4.jpg,45,4,train,boat,boat,boat,cross_view,c4,,4,45:c4:00:4,,original
46_c1_000_000000.jpg,46,1,train,boat,boat,boat,cross_view,c1,,000000,46:c1:000:000000,,000
46_c1_001_000000.jpg,46,1,train,boat,boat,boat,cross_view,c1,,000000,46:c1:001:000000,,001
46_c1_002_000000.jpg,46,1,train,boat,boat,boat,cross_view,c1,,000000,46:c1:002:000000,,002
46_c1_003_000000.jpg,46,1,train,boat,boat,boat,cross_view,c1,,000000,46:c1:003:000000,,003
46_c1_004_000000.jpg,46,1,train,boat,boat,boat,cross_view,c1,,000000,46:c1:004:000000,,004
46_c1_005_000000.jpg,46,1,train,boat,boat,boat,cross_view,c1,,000000,46:c1:005:000000,,005
46_c1_00_4.jpg,46,1,train,boat,boat,boat,cross_view,c1,,4,46:c1:00:4,,original
46_c2_000_000001.jpg,46,2,train,boat,boat,boat,cross_view,c2,,000001,46:c2:000:000001,,000
46_c2_001_000001.jpg,46,2,train,boat,boat,boat,cross_view,c2,,000001,46:c2:001:000001,,001
46_c2_002_000001.jpg,46,2,train,boat,boat,boat,cross_view,c2,,000001,46:c2:002:000001,,002
46_c2_003_000001.jpg,46,2,train,boat,boat,boat,cross_view,c2,,000001,46:c2:003:000001,,003
46_c2_004_000001.jpg,46,2,train,boat,boat,boat,cross_view,c2,,000001,46:c2:004:000001,,004
46_c2_005_000001.jpg,46,2,train,boat,boat,boat,cross_view,c2,,000001,46:c2:005:000001,,005
46_c2_00_0.jpg,46,2,train,boat,boat,boat,cross_view,c2,,0,46:c2:00:0,,original
46_c3_000_000002.jpg,46,3,train,boat,boat,boat,cross_view,c3,,000002,46:c3:000:000002,,000
46_c3_000_000003.jpg,46,3,train,boat,boat,boat,cross_view,c3,,000003,46:c3:000:000003,,000
46_c3_001_000002.jpg,46,3,train,boat,boat,boat,cross_view,c3,,000002,46:c3:001:000002,,001
46_c3_001_000003.jpg,46,3,train,boat,boat,boat,cross_view,c3,,000003,46:c3:001:000003,,001
46_c3_002_000002.jpg,46,3,train,boat,boat,boat,cross_view,c3,,000002,46:c3:002:000002,,002
46_c3_002_000003.jpg,46,3,train,boat,boat,boat,cross_view,c3,,000003,46:c3:002:000003,,002
46_c3_003_000002.jpg,46,3,train,boat,boat,boat,cross_view,c3,,000002,46:c3:003:000002,,003
46_c3_003_000003.jpg,46,3,train,boat,boat,boat,cross_view,c3,,000003,46:c3:003:000003,,003
46_c3_004_000002.jpg,46,3,train,boat,boat,boat,cross_view,c3,,000002,46:c3:004:000002,,004
46_c3_004_000003.jpg,46,3,train,boat,boat,boat,cross_view,c3,,000003,46:c3:004:000003,,004
46_c3_005_000002.jpg,46,3,train,boat,boat,boat,cross_view,c3,,000002,46:c3:005:000002,,005
46_c3_005_000003.jpg,46,3,train,boat,boat,boat,cross_view,c3,,000003,46:c3:005:000003,,005
46_c3_00_1.jpg,46,3,train,boat,boat,boat,cross_view,c3,,1,46:c3:00:1,,original
46_c3_00_2.jpg,46,3,train,boat,boat,boat,cross_view,c3,,2,46:c3:00:2,,original
46_c4_000_000004.jpg,46,4,train,boat,boat,boat,cross_view,c4,,000004,46:c4:000:000004,,000
46_c4_001_000004.jpg,46,4,train,boat,boat,boat,cross_view,c4,,000004,46:c4:001:000004,,001
46_c4_002_000004.jpg,46,4,train,boat,boat,boat,cross_view,c4,,000004,46:c4:002:000004,,002
46_c4_003_000004.jpg,46,4,train,boat,boat,boat,cross_view,c4,,000004,46:c4:003:000004,,003
46_c4_004_000004.jpg,46,4,train,boat,boat,boat,cross_view,c4,,000004,46:c4:004:000004,,004
46_c4_005_000004.jpg,46,4,train,boat,boat,boat,cross_view,c4,,000004,46:c4:005:000004,,005
46_c4_00_3.jpg,46,4,train,boat,boat,boat,cross_view,c4,,3,46:c4:00:3,,original
47_c1_000_000000.jpg,47,1,train,boat,boat,boat,cross_view,c1,,000000,47:c1:000:000000,,000
47_c1_000_000001.jpg,47,1,train,boat,boat,boat,cross_view,c1,,000001,47:c1:000:000001,,000
47_c1_001_000000.jpg,47,1,train,boat,boat,boat,cross_view,c1,,000000,47:c1:001:000000,,001
47_c1_001_000001.jpg,47,1,train,boat,boat,boat,cross_view,c1,,000001,47:c1:001:000001,,001
47_c1_002_000000.jpg,47,1,train,boat,boat,boat,cross_view,c1,,000000,47:c1:002:000000,,002
47_c1_002_000001.jpg,47,1,train,boat,boat,boat,cross_view,c1,,000001,47:c1:002:000001,,002
47_c1_003_000000.jpg,47,1,train,boat,boat,boat,cross_view,c1,,000000,47:c1:003:000000,,003
47_c1_003_000001.jpg,47,1,train,boat,boat,boat,cross_view,c1,,000001,47:c1:003:000001,,003
47_c1_004_000000.jpg,47,1,train,boat,boat,boat,cross_view,c1,,000000,47:c1:004:000000,,004
47_c1_004_000001.jpg,47,1,train,boat,boat,boat,cross_view,c1,,000001,47:c1:004:000001,,004
47_c1_005_000000.jpg,47,1,train,boat,boat,boat,cross_view,c1,,000000,47:c1:005:000000,,005
47_c1_005_000001.jpg,47,1,train,boat,boat,boat,cross_view,c1,,000001,47:c1:005:000001,,005
47_c1_00_3.jpg,47,1,train,boat,boat,boat,cross_view,c1,,3,47:c1:00:3,,original
47_c1_00_4.jpg,47,1,train,boat,boat,boat,cross_view,c1,,4,47:c1:00:4,,original
47_c2_000_000002.jpg,47,2,train,boat,boat,boat,cross_view,c2,,000002,47:c2:000:000002,,000
47_c2_001_000002.jpg,47,2,train,boat,boat,boat,cross_view,c2,,000002,47:c2:001:000002,,001
47_c2_002_000002.jpg,47,2,train,boat,boat,boat,cross_view,c2,,000002,47:c2:002:000002,,002
47_c2_003_000002.jpg,47,2,train,boat,boat,boat,cross_view,c2,,000002,47:c2:003:000002,,003
47_c2_004_000002.jpg,47,2,train,boat,boat,boat,cross_view,c2,,000002,47:c2:004:000002,,004
47_c2_005_000002.jpg,47,2,train,boat,boat,boat,cross_view,c2,,000002,47:c2:005:000002,,005
47_c2_00_0.jpg,47,2,train,boat,boat,boat,cross_view,c2,,0,47:c2:00:0,,original
47_c3_000_000003.jpg,47,3,train,boat,boat,boat,cross_view,c3,,000003,47:c3:000:000003,,000
47_c3_001_000003.jpg,47,3,train,boat,boat,boat,cross_view,c3,,000003,47:c3:001:000003,,001
47_c3_002_000003.jpg,47,3,train,boat,boat,boat,cross_view,c3,,000003,47:c3:002:000003,,002
47_c3_003_000003.jpg,47,3,train,boat,boat,boat,cross_view,c3,,000003,47:c3:003:000003,,003
47_c3_004_000003.jpg,47,3,train,boat,boat,boat,cross_view,c3,,000003,47:c3:004:000003,,004
47_c3_005_000003.jpg,47,3,train,boat,boat,boat,cross_view,c3,,000003,47:c3:005:000003,,005
47_c3_00_2.jpg,47,3,train,boat,boat,boat,cross_view,c3,,2,47:c3:00:2,,original
47_c6_000_000004.jpg,47,6,train,boat,boat,boat,cross_view,c6,,000004,47:c6:000:000004,,000
47_c6_001_000004.jpg,47,6,train,boat,boat,boat,cross_view,c6,,000004,47:c6:001:000004,,001
47_c6_002_000004.jpg,47,6,train,boat,boat,boat,cross_view,c6,,000004,47:c6:002:000004,,002
47_c6_003_000004.jpg,47,6,train,boat,boat,boat,cross_view,c6,,000004,47:c6:003:000004,,003
47_c6_004_000004.jpg,47,6,train,boat,boat,boat,cross_view,c6,,000004,47:c6:004:000004,,004
47_c6_005_000004.jpg,47,6,train,boat,boat,boat,cross_view,c6,,000004,47:c6:005:000004,,005
47_c6_00_1.jpg,47,6,train,boat,boat,boat,cross_view,c6,,1,47:c6:00:1,,original
48_c1_000_000000.jpg,48,1,train,boat,boat,boat,cross_view,c1,,000000,48:c1:000:000000,,000
48_c1_001_000000.jpg,48,1,train,boat,boat,boat,cross_view,c1,,000000,48:c1:001:000000,,001
48_c1_002_000000.jpg,48,1,train,boat,boat,boat,cross_view,c1,,000000,48:c1:002:000000,,002
48_c1_003_000000.jpg,48,1,train,boat,boat,boat,cross_view,c1,,000000,48:c1:003:000000,,003
48_c1_004_000000.jpg,48,1,train,boat,boat,boat,cross_view,c1,,000000,48:c1:004:000000,,004
48_c1_005_000000.jpg,48,1,train,boat,boat,boat,cross_view,c1,,000000,48:c1:005:000000,,005
48_c1_00_1.jpg,48,1,train,boat,boat,boat,cross_view,c1,,1,48:c1:00:1,,original
48_c5_000_000001.jpg,48,5,train,boat,boat,boat,cross_view,c5,,000001,48:c5:000:000001,,000
48_c5_001_000001.jpg,48,5,train,boat,boat,boat,cross_view,c5,,000001,48:c5:001:000001,,001
48_c5_002_000001.jpg,48,5,train,boat,boat,boat,cross_view,c5,,000001,48:c5:002:000001,,002
48_c5_003_000001.jpg,48,5,train,boat,boat,boat,cross_view,c5,,000001,48:c5:003:000001,,003
48_c5_004_000001.jpg,48,5,train,boat,boat,boat,cross_view,c5,,000001,48:c5:004:000001,,004
48_c5_005_000001.jpg,48,5,train,boat,boat,boat,cross_view,c5,,000001,48:c5:005:000001,,005
48_c5_00_0.jpg,48,5,train,boat,boat,boat,cross_view,c5,,0,48:c5:00:0,,original
48_c6_000_000002.jpg,48,6,train,boat,boat,boat,cross_view,c6,,000002,48:c6:000:000002,,000
48_c6_001_000002.jpg,48,6,train,boat,boat,boat,cross_view,c6,,000002,48:c6:001:000002,,001
48_c6_002_000002.jpg,48,6,train,boat,boat,boat,cross_view,c6,,000002,48:c6:002:000002,,002
48_c6_003_000002.jpg,48,6,train,boat,boat,boat,cross_view,c6,,000002,48:c6:003:000002,,003
48_c6_004_000002.jpg,48,6,train,boat,boat,boat,cross_view,c6,,000002,48:c6:004:000002,,004
48_c6_005_000002.jpg,48,6,train,boat,boat,boat,cross_view,c6,,000002,48:c6:005:000002,,005
48_c6_00_2.jpg,48,6,train,boat,boat,boat,cross_view,c6,,2,48:c6:00:2,,original
49_c1_000_000000.jpg,49,1,train,boat,boat,boat,cross_view,c1,,000000,49:c1:000:000000,,000
49_c1_001_000000.jpg,49,1,train,boat,boat,boat,cross_view,c1,,000000,49:c1:001:000000,,001
49_c1_002_000000.jpg,49,1,train,boat,boat,boat,cross_view,c1,,000000,49:c1:002:000000,,002
49_c1_003_000000.jpg,49,1,train,boat,boat,boat,cross_view,c1,,000000,49:c1:003:000000,,003
49_c1_004_000000.jpg,49,1,train,boat,boat,boat,cross_view,c1,,000000,49:c1:004:000000,,004
49_c1_005_000000.jpg,49,1,train,boat,boat,boat,cross_view,c1,,000000,49:c1:005:000000,,005
49_c1_00_4.jpg,49,1,train,boat,boat,boat,cross_view,c1,,4,49:c1:00:4,,original
49_c2_000_000001.jpg,49,2,train,boat,boat,boat,cross_view,c2,,000001,49:c2:000:000001,,000
49_c2_001_000001.jpg,49,2,train,boat,boat,boat,cross_view,c2,,000001,49:c2:001:000001,,001
49_c2_002_000001.jpg,49,2,train,boat,boat,boat,cross_view,c2,,000001,49:c2:002:000001,,002
49_c2_003_000001.jpg,49,2,train,boat,boat,boat,cross_view,c2,,000001,49:c2:003:000001,,003
49_c2_004_000001.jpg,49,2,train,boat,boat,boat,cross_view,c2,,000001,49:c2:004:000001,,004
49_c2_005_000001.jpg,49,2,train,boat,boat,boat,cross_view,c2,,000001,49:c2:005:000001,,005
49_c2_00_3.jpg,49,2,train,boat,boat,boat,cross_view,c2,,3,49:c2:00:3,,original
49_c3_000_000002.jpg,49,3,train,boat,boat,boat,cross_view,c3,,000002,49:c3:000:000002,,000
49_c3_001_000002.jpg,49,3,train,boat,boat,boat,cross_view,c3,,000002,49:c3:001:000002,,001
49_c3_002_000002.jpg,49,3,train,boat,boat,boat,cross_view,c3,,000002,49:c3:002:000002,,002
49_c3_003_000002.jpg,49,3,train,boat,boat,boat,cross_view,c3,,000002,49:c3:003:000002,,003
49_c3_004_000002.jpg,49,3,train,boat,boat,boat,cross_view,c3,,000002,49:c3:004:000002,,004
49_c3_005_000002.jpg,49,3,train,boat,boat,boat,cross_view,c3,,000002,49:c3:005:000002,,005
49_c3_00_2.jpg,49,3,train,boat,boat,boat,cross_view,c3,,2,49:c3:00:2,,original
49_c5_000_000003.jpg,49,5,train,boat,boat,boat,cross_view,c5,,000003,49:c5:000:000003,,000
49_c5_001_000003.jpg,49,5,train,boat,boat,boat,cross_view,c5,,000003,49:c5:001:000003,,001
49_c5_002_000003.jpg,49,5,train,boat,boat,boat,cross_view,c5,,000003,49:c5:002:000003,,002
49_c5_003_000003.jpg,49,5,train,boat,boat,boat,cross_view,c5,,000003,49:c5:003:000003,,003
49_c5_004_000003.jpg,49,5,train,boat,boat,boat,cross_view,c5,,000003,49:c5:004:000003,,004
49_c5_005_000003.jpg,49,5,train,boat,boat,boat,cross_view,c5,,000003,49:c5:005:000003,,005
49_c5_00_0.jpg,49,5,train,boat,boat,boat,cross_view,c5,,0,49:c5:00:0,,original
49_c6_000_000004.jpg,49,6,train,boat,boat,boat,cross_view,c6,,000004,49:c6:000:000004,,000
49_c6_001_000004.jpg,49,6,train,boat,boat,boat,cross_view,c6,,000004,49:c6:001:000004,,001
49_c6_002_000004.jpg,49,6,train,boat,boat,boat,cross_view,c6,,000004,49:c6:002:000004,,002
49_c6_003_000004.jpg,49,6,train,boat,boat,boat,cross_view,c6,,000004,49:c6:003:000004,,003
49_c6_004_000004.jpg,49,6,train,boat,boat,boat,cross_view,c6,,000004,49:c6:004:000004,,004
49_c6_005_000004.jpg,49,6,train,boat,boat,boat,cross_view,c6,,000004,49:c6:005:000004,,005
49_c6_00_1.jpg,49,6,train,boat,boat,boat,cross_view,c6,,1,49:c6:00:1,,original
4_c1_000_000000.jpg,4,1,train,boat,boat,boat,cross_view,c1,,000000,4:c1:000:000000,,000
4_c1_000_000001.jpg,4,1,train,boat,boat,boat,cross_view,c1,,000001,4:c1:000:000001,,000
4_c1_001_000000.jpg,4,1,train,boat,boat,boat,cross_view,c1,,000000,4:c1:001:000000,,001
4_c1_001_000001.jpg,4,1,train,boat,boat,boat,cross_view,c1,,000001,4:c1:001:000001,,001
4_c1_002_000000.jpg,4,1,train,boat,boat,boat,cross_view,c1,,000000,4:c1:002:000000,,002
4_c1_002_000001.jpg,4,1,train,boat,boat,boat,cross_view,c1,,000001,4:c1:002:000001,,002
4_c1_003_000000.jpg,4,1,train,boat,boat,boat,cross_view,c1,,000000,4:c1:003:000000,,003
4_c1_003_000001.jpg,4,1,train,boat,boat,boat,cross_view,c1,,000001,4:c1:003:000001,,003
4_c1_004_000000.jpg,4,1,train,boat,boat,boat,cross_view,c1,,000000,4:c1:004:000000,,004
4_c1_004_000001.jpg,4,1,train,boat,boat,boat,cross_view,c1,,000001,4:c1:004:000001,,004
4_c1_005_000000.jpg,4,1,train,boat,boat,boat,cross_view,c1,,000000,4:c1:005:000000,,005
4_c1_005_000001.jpg,4,1,train,boat,boat,boat,cross_view,c1,,000001,4:c1:005:000001,,005
4_c1_00_3.jpg,4,1,train,boat,boat,boat,cross_view,c1,,3,4:c1:00:3,,original
4_c1_00_4.jpg,4,1,train,boat,boat,boat,cross_view,c1,,4,4:c1:00:4,,original
4_c3_000_000002.jpg,4,3,train,boat,boat,boat,cross_view,c3,,000002,4:c3:000:000002,,000
4_c3_001_000002.jpg,4,3,train,boat,boat,boat,cross_view,c3,,000002,4:c3:001:000002,,001
4_c3_002_000002.jpg,4,3,train,boat,boat,boat,cross_view,c3,,000002,4:c3:002:000002,,002
4_c3_003_000002.jpg,4,3,train,boat,boat,boat,cross_view,c3,,000002,4:c3:003:000002,,003
4_c3_004_000002.jpg,4,3,train,boat,boat,boat,cross_view,c3,,000002,4:c3:004:000002,,004
4_c3_005_000002.jpg,4,3,train,boat,boat,boat,cross_view,c3,,000002,4:c3:005:000002,,005
4_c3_00_1.jpg,4,3,train,boat,boat,boat,cross_view,c3,,1,4:c3:00:1,,original
4_c4_000_000003.jpg,4,4,train,boat,boat,boat,cross_view,c4,,000003,4:c4:000:000003,,000
4_c4_001_000003.jpg,4,4,train,boat,boat,boat,cross_view,c4,,000003,4:c4:001:000003,,001
4_c4_002_000003.jpg,4,4,train,boat,boat,boat,cross_view,c4,,000003,4:c4:002:000003,,002
4_c4_003_000003.jpg,4,4,train,boat,boat,boat,cross_view,c4,,000003,4:c4:003:000003,,003
4_c4_004_000003.jpg,4,4,train,boat,boat,boat,cross_view,c4,,000003,4:c4:004:000003,,004
4_c4_005_000003.jpg,4,4,train,boat,boat,boat,cross_view,c4,,000003,4:c4:005:000003,,005
4_c4_00_2.jpg,4,4,train,boat,boat,boat,cross_view,c4,,2,4:c4:00:2,,original
4_c5_000_000004.jpg,4,5,train,boat,boat,boat,cross_view,c5,,000004,4:c5:000:000004,,000
4_c5_001_000004.jpg,4,5,train,boat,boat,boat,cross_view,c5,,000004,4:c5:001:000004,,001
4_c5_002_000004.jpg,4,5,train,boat,boat,boat,cross_view,c5,,000004,4:c5:002:000004,,002
4_c5_003_000004.jpg,4,5,train,boat,boat,boat,cross_view,c5,,000004,4:c5:003:000004,,003
4_c5_004_000004.jpg,4,5,train,boat,boat,boat,cross_view,c5,,000004,4:c5:004:000004,,004
4_c5_005_000004.jpg,4,5,train,boat,boat,boat,cross_view,c5,,000004,4:c5:005:000004,,005
4_c5_00_0.jpg,4,5,train,boat,boat,boat,cross_view,c5,,0,4:c5:00:0,,original
50_c1_000_000000.jpg,50,1,train,boat,boat,boat,cross_view,c1,,000000,50:c1:000:000000,,000
50_c1_000_000001.jpg,50,1,train,boat,boat,boat,cross_view,c1,,000001,50:c1:000:000001,,000
50_c1_001_000000.jpg,50,1,train,boat,boat,boat,cross_view,c1,,000000,50:c1:001:000000,,001
50_c1_001_000001.jpg,50,1,train,boat,boat,boat,cross_view,c1,,000001,50:c1:001:000001,,001
50_c1_002_000000.jpg,50,1,train,boat,boat,boat,cross_view,c1,,000000,50:c1:002:000000,,002
50_c1_002_000001.jpg,50,1,train,boat,boat,boat,cross_view,c1,,000001,50:c1:002:000001,,002
50_c1_003_000000.jpg,50,1,train,boat,boat,boat,cross_view,c1,,000000,50:c1:003:000000,,003
50_c1_003_000001.jpg,50,1,train,boat,boat,boat,cross_view,c1,,000001,50:c1:003:000001,,003
50_c1_004_000000.jpg,50,1,train,boat,boat,boat,cross_view,c1,,000000,50:c1:004:000000,,004
50_c1_004_000001.jpg,50,1,train,boat,boat,boat,cross_view,c1,,000001,50:c1:004:000001,,004
50_c1_005_000000.jpg,50,1,train,boat,boat,boat,cross_view,c1,,000000,50:c1:005:000000,,005
50_c1_005_000001.jpg,50,1,train,boat,boat,boat,cross_view,c1,,000001,50:c1:005:000001,,005
50_c1_00_3.jpg,50,1,train,boat,boat,boat,cross_view,c1,,3,50:c1:00:3,,original
50_c1_00_4.jpg,50,1,train,boat,boat,boat,cross_view,c1,,4,50:c1:00:4,,original
50_c2_000_000002.jpg,50,2,train,boat,boat,boat,cross_view,c2,,000002,50:c2:000:000002,,000
50_c2_001_000002.jpg,50,2,train,boat,boat,boat,cross_view,c2,,000002,50:c2:001:000002,,001
50_c2_002_000002.jpg,50,2,train,boat,boat,boat,cross_view,c2,,000002,50:c2:002:000002,,002
50_c2_003_000002.jpg,50,2,train,boat,boat,boat,cross_view,c2,,000002,50:c2:003:000002,,003
50_c2_004_000002.jpg,50,2,train,boat,boat,boat,cross_view,c2,,000002,50:c2:004:000002,,004
50_c2_005_000002.jpg,50,2,train,boat,boat,boat,cross_view,c2,,000002,50:c2:005:000002,,005
50_c2_00_0.jpg,50,2,train,boat,boat,boat,cross_view,c2,,0,50:c2:00:0,,original
50_c5_000_000003.jpg,50,5,train,boat,boat,boat,cross_view,c5,,000003,50:c5:000:000003,,000
50_c5_001_000003.jpg,50,5,train,boat,boat,boat,cross_view,c5,,000003,50:c5:001:000003,,001
50_c5_002_000003.jpg,50,5,train,boat,boat,boat,cross_view,c5,,000003,50:c5:002:000003,,002
50_c5_003_000003.jpg,50,5,train,boat,boat,boat,cross_view,c5,,000003,50:c5:003:000003,,003
50_c5_004_000003.jpg,50,5,train,boat,boat,boat,cross_view,c5,,000003,50:c5:004:000003,,004
50_c5_005_000003.jpg,50,5,train,boat,boat,boat,cross_view,c5,,000003,50:c5:005:000003,,005
50_c5_00_1.jpg,50,5,train,boat,boat,boat,cross_view,c5,,1,50:c5:00:1,,original
50_c6_000_000004.jpg,50,6,train,boat,boat,boat,cross_view,c6,,000004,50:c6:000:000004,,000
50_c6_001_000004.jpg,50,6,train,boat,boat,boat,cross_view,c6,,000004,50:c6:001:000004,,001
50_c6_002_000004.jpg,50,6,train,boat,boat,boat,cross_view,c6,,000004,50:c6:002:000004,,002
50_c6_003_000004.jpg,50,6,train,boat,boat,boat,cross_view,c6,,000004,50:c6:003:000004,,003
50_c6_004_000004.jpg,50,6,train,boat,boat,boat,cross_view,c6,,000004,50:c6:004:000004,,004
50_c6_005_000004.jpg,50,6,train,boat,boat,boat,cross_view,c6,,000004,50:c6:005:000004,,005
50_c6_00_2.jpg,50,6,train,boat,boat,boat,cross_view,c6,,2,50:c6:00:2,,original
51_c1_000_000000.jpg,51,1,train,boat,boat,boat,cross_view,c1,,000000,51:c1:000:000000,,000
51_c1_000_000001.jpg,51,1,train,boat,boat,boat,cross_view,c1,,000001,51:c1:000:000001,,000
51_c1_001_000000.jpg,51,1,train,boat,boat,boat,cross_view,c1,,000000,51:c1:001:000000,,001
51_c1_001_000001.jpg,51,1,train,boat,boat,boat,cross_view,c1,,000001,51:c1:001:000001,,001
51_c1_002_000000.jpg,51,1,train,boat,boat,boat,cross_view,c1,,000000,51:c1:002:000000,,002
51_c1_002_000001.jpg,51,1,train,boat,boat,boat,cross_view,c1,,000001,51:c1:002:000001,,002
51_c1_003_000000.jpg,51,1,train,boat,boat,boat,cross_view,c1,,000000,51:c1:003:000000,,003
51_c1_003_000001.jpg,51,1,train,boat,boat,boat,cross_view,c1,,000001,51:c1:003:000001,,003
51_c1_004_000000.jpg,51,1,train,boat,boat,boat,cross_view,c1,,000000,51:c1:004:000000,,004
51_c1_004_000001.jpg,51,1,train,boat,boat,boat,cross_view,c1,,000001,51:c1:004:000001,,004
51_c1_005_000000.jpg,51,1,train,boat,boat,boat,cross_view,c1,,000000,51:c1:005:000000,,005
51_c1_005_000001.jpg,51,1,train,boat,boat,boat,cross_view,c1,,000001,51:c1:005:000001,,005
51_c1_00_3.jpg,51,1,train,boat,boat,boat,cross_view,c1,,3,51:c1:00:3,,original
51_c1_00_4.jpg,51,1,train,boat,boat,boat,cross_view,c1,,4,51:c1:00:4,,original
51_c4_000_000002.jpg,51,4,train,boat,boat,boat,cross_view,c4,,000002,51:c4:000:000002,,000
51_c4_001_000002.jpg,51,4,train,boat,boat,boat,cross_view,c4,,000002,51:c4:001:000002,,001
51_c4_002_000002.jpg,51,4,train,boat,boat,boat,cross_view,c4,,000002,51:c4:002:000002,,002
51_c4_003_000002.jpg,51,4,train,boat,boat,boat,cross_view,c4,,000002,51:c4:003:000002,,003
51_c4_004_000002.jpg,51,4,train,boat,boat,boat,cross_view,c4,,000002,51:c4:004:000002,,004
51_c4_005_000002.jpg,51,4,train,boat,boat,boat,cross_view,c4,,000002,51:c4:005:000002,,005
51_c4_00_2.jpg,51,4,train,boat,boat,boat,cross_view,c4,,2,51:c4:00:2,,original
51_c5_000_000003.jpg,51,5,train,boat,boat,boat,cross_view,c5,,000003,51:c5:000:000003,,000
51_c5_001_000003.jpg,51,5,train,boat,boat,boat,cross_view,c5,,000003,51:c5:001:000003,,001
51_c5_002_000003.jpg,51,5,train,boat,boat,boat,cross_view,c5,,000003,51:c5:002:000003,,002
51_c5_003_000003.jpg,51,5,train,boat,boat,boat,cross_view,c5,,000003,51:c5:003:000003,,003
51_c5_004_000003.jpg,51,5,train,boat,boat,boat,cross_view,c5,,000003,51:c5:004:000003,,004
51_c5_005_000003.jpg,51,5,train,boat,boat,boat,cross_view,c5,,000003,51:c5:005:000003,,005
51_c5_00_1.jpg,51,5,train,boat,boat,boat,cross_view,c5,,1,51:c5:00:1,,original
51_c6_000_000004.jpg,51,6,train,boat,boat,boat,cross_view,c6,,000004,51:c6:000:000004,,000
51_c6_001_000004.jpg,51,6,train,boat,boat,boat,cross_view,c6,,000004,51:c6:001:000004,,001
51_c6_002_000004.jpg,51,6,train,boat,boat,boat,cross_view,c6,,000004,51:c6:002:000004,,002
51_c6_003_000004.jpg,51,6,train,boat,boat,boat,cross_view,c6,,000004,51:c6:003:000004,,003
51_c6_004_000004.jpg,51,6,train,boat,boat,boat,cross_view,c6,,000004,51:c6:004:000004,,004
51_c6_005_000004.jpg,51,6,train,boat,boat,boat,cross_view,c6,,000004,51:c6:005:000004,,005
51_c6_00_0.jpg,51,6,train,boat,boat,boat,cross_view,c6,,0,51:c6:00:0,,original
52_c1_000_000000.jpg,52,1,train,boat,boat,boat,cross_view,c1,,000000,52:c1:000:000000,,000
52_c1_000_000001.jpg,52,1,train,boat,boat,boat,cross_view,c1,,000001,52:c1:000:000001,,000
52_c1_001_000000.jpg,52,1,train,boat,boat,boat,cross_view,c1,,000000,52:c1:001:000000,,001
52_c1_001_000001.jpg,52,1,train,boat,boat,boat,cross_view,c1,,000001,52:c1:001:000001,,001
52_c1_002_000000.jpg,52,1,train,boat,boat,boat,cross_view,c1,,000000,52:c1:002:000000,,002
52_c1_002_000001.jpg,52,1,train,boat,boat,boat,cross_view,c1,,000001,52:c1:002:000001,,002
52_c1_003_000000.jpg,52,1,train,boat,boat,boat,cross_view,c1,,000000,52:c1:003:000000,,003
52_c1_003_000001.jpg,52,1,train,boat,boat,boat,cross_view,c1,,000001,52:c1:003:000001,,003
52_c1_004_000000.jpg,52,1,train,boat,boat,boat,cross_view,c1,,000000,52:c1:004:000000,,004
52_c1_004_000001.jpg,52,1,train,boat,boat,boat,cross_view,c1,,000001,52:c1:004:000001,,004
52_c1_005_000000.jpg,52,1,train,boat,boat,boat,cross_view,c1,,000000,52:c1:005:000000,,005
52_c1_005_000001.jpg,52,1,train,boat,boat,boat,cross_view,c1,,000001,52:c1:005:000001,,005
52_c1_00_3.jpg,52,1,train,boat,boat,boat,cross_view,c1,,3,52:c1:00:3,,original
52_c1_00_4.jpg,52,1,train,boat,boat,boat,cross_view,c1,,4,52:c1:00:4,,original
52_c3_000_000002.jpg,52,3,train,boat,boat,boat,cross_view,c3,,000002,52:c3:000:000002,,000
52_c3_001_000002.jpg,52,3,train,boat,boat,boat,cross_view,c3,,000002,52:c3:001:000002,,001
52_c3_002_000002.jpg,52,3,train,boat,boat,boat,cross_view,c3,,000002,52:c3:002:000002,,002
52_c3_003_000002.jpg,52,3,train,boat,boat,boat,cross_view,c3,,000002,52:c3:003:000002,,003
52_c3_004_000002.jpg,52,3,train,boat,boat,boat,cross_view,c3,,000002,52:c3:004:000002,,004
52_c3_005_000002.jpg,52,3,train,boat,boat,boat,cross_view,c3,,000002,52:c3:005:000002,,005
52_c3_00_2.jpg,52,3,train,boat,boat,boat,cross_view,c3,,2,52:c3:00:2,,original
52_c4_000_000003.jpg,52,4,train,boat,boat,boat,cross_view,c4,,000003,52:c4:000:000003,,000
52_c4_001_000003.jpg,52,4,train,boat,boat,boat,cross_view,c4,,000003,52:c4:001:000003,,001
52_c4_002_000003.jpg,52,4,train,boat,boat,boat,cross_view,c4,,000003,52:c4:002:000003,,002
52_c4_003_000003.jpg,52,4,train,boat,boat,boat,cross_view,c4,,000003,52:c4:003:000003,,003
52_c4_004_000003.jpg,52,4,train,boat,boat,boat,cross_view,c4,,000003,52:c4:004:000003,,004
52_c4_005_000003.jpg,52,4,train,boat,boat,boat,cross_view,c4,,000003,52:c4:005:000003,,005
52_c4_00_1.jpg,52,4,train,boat,boat,boat,cross_view,c4,,1,52:c4:00:1,,original
52_c6_000_000004.jpg,52,6,train,boat,boat,boat,cross_view,c6,,000004,52:c6:000:000004,,000
52_c6_001_000004.jpg,52,6,train,boat,boat,boat,cross_view,c6,,000004,52:c6:001:000004,,001
52_c6_002_000004.jpg,52,6,train,boat,boat,boat,cross_view,c6,,000004,52:c6:002:000004,,002
52_c6_003_000004.jpg,52,6,train,boat,boat,boat,cross_view,c6,,000004,52:c6:003:000004,,003
52_c6_004_000004.jpg,52,6,train,boat,boat,boat,cross_view,c6,,000004,52:c6:004:000004,,004
52_c6_005_000004.jpg,52,6,train,boat,boat,boat,cross_view,c6,,000004,52:c6:005:000004,,005
52_c6_00_0.jpg,52,6,train,boat,boat,boat,cross_view,c6,,0,52:c6:00:0,,original
53_c1_000_000000.jpg,53,1,train,boat,boat,boat,cross_view,c1,,000000,53:c1:000:000000,,000
53_c1_000_000001.jpg,53,1,train,boat,boat,boat,cross_view,c1,,000001,53:c1:000:000001,,000
53_c1_000_000002.jpg,53,1,train,boat,boat,boat,cross_view,c1,,000002,53:c1:000:000002,,000
53_c1_001_000000.jpg,53,1,train,boat,boat,boat,cross_view,c1,,000000,53:c1:001:000000,,001
53_c1_001_000001.jpg,53,1,train,boat,boat,boat,cross_view,c1,,000001,53:c1:001:000001,,001
53_c1_001_000002.jpg,53,1,train,boat,boat,boat,cross_view,c1,,000002,53:c1:001:000002,,001
53_c1_002_000000.jpg,53,1,train,boat,boat,boat,cross_view,c1,,000000,53:c1:002:000000,,002
53_c1_002_000001.jpg,53,1,train,boat,boat,boat,cross_view,c1,,000001,53:c1:002:000001,,002
53_c1_002_000002.jpg,53,1,train,boat,boat,boat,cross_view,c1,,000002,53:c1:002:000002,,002
53_c1_003_000000.jpg,53,1,train,boat,boat,boat,cross_view,c1,,000000,53:c1:003:000000,,003
53_c1_003_000001.jpg,53,1,train,boat,boat,boat,cross_view,c1,,000001,53:c1:003:000001,,003
53_c1_003_000002.jpg,53,1,train,boat,boat,boat,cross_view,c1,,000002,53:c1:003:000002,,003
53_c1_004_000000.jpg,53,1,train,boat,boat,boat,cross_view,c1,,000000,53:c1:004:000000,,004
53_c1_004_000001.jpg,53,1,train,boat,boat,boat,cross_view,c1,,000001,53:c1:004:000001,,004
53_c1_004_000002.jpg,53,1,train,boat,boat,boat,cross_view,c1,,000002,53:c1:004:000002,,004
53_c1_005_000000.jpg,53,1,train,boat,boat,boat,cross_view,c1,,000000,53:c1:005:000000,,005
53_c1_005_000001.jpg,53,1,train,boat,boat,boat,cross_view,c1,,000001,53:c1:005:000001,,005
53_c1_005_000002.jpg,53,1,train,boat,boat,boat,cross_view,c1,,000002,53:c1:005:000002,,005
53_c1_00_2.jpg,53,1,train,boat,boat,boat,cross_view,c1,,2,53:c1:00:2,,original
53_c1_00_3.jpg,53,1,train,boat,boat,boat,cross_view,c1,,3,53:c1:00:3,,original
53_c1_00_4.jpg,53,1,train,boat,boat,boat,cross_view,c1,,4,53:c1:00:4,,original
53_c3_000_000003.jpg,53,3,train,boat,boat,boat,cross_view,c3,,000003,53:c3:000:000003,,000
53_c3_001_000003.jpg,53,3,train,boat,boat,boat,cross_view,c3,,000003,53:c3:001:000003,,001
53_c3_002_000003.jpg,53,3,train,boat,boat,boat,cross_view,c3,,000003,53:c3:002:000003,,002
53_c3_003_000003.jpg,53,3,train,boat,boat,boat,cross_view,c3,,000003,53:c3:003:000003,,003
53_c3_004_000003.jpg,53,3,train,boat,boat,boat,cross_view,c3,,000003,53:c3:004:000003,,004
53_c3_005_000003.jpg,53,3,train,boat,boat,boat,cross_view,c3,,000003,53:c3:005:000003,,005
53_c3_00_0.jpg,53,3,train,boat,boat,boat,cross_view,c3,,0,53:c3:00:0,,original
53_c4_000_000004.jpg,53,4,train,boat,boat,boat,cross_view,c4,,000004,53:c4:000:000004,,000
53_c4_001_000004.jpg,53,4,train,boat,boat,boat,cross_view,c4,,000004,53:c4:001:000004,,001
53_c4_002_000004.jpg,53,4,train,boat,boat,boat,cross_view,c4,,000004,53:c4:002:000004,,002
53_c4_003_000004.jpg,53,4,train,boat,boat,boat,cross_view,c4,,000004,53:c4:003:000004,,003
53_c4_004_000004.jpg,53,4,train,boat,boat,boat,cross_view,c4,,000004,53:c4:004:000004,,004
53_c4_005_000004.jpg,53,4,train,boat,boat,boat,cross_view,c4,,000004,53:c4:005:000004,,005
53_c4_00_1.jpg,53,4,train,boat,boat,boat,cross_view,c4,,1,53:c4:00:1,,original
54_c1_00_9.jpg,54,1,query,boat,boat,boat,cross_view,c1,,9,54:c1:00:9,,original
54_c2_00_0.jpg,54,2,gallery,boat,boat,boat,cross_view,c2,,0,54:c2:00:0,,original
54_c3_00_1.jpg,54,3,gallery,boat,boat,boat,cross_view,c3,,1,54:c3:00:1,,original
54_c4_00_2.jpg,54,4,gallery,boat,boat,boat,cross_view,c4,,2,54:c4:00:2,,original
54_c5_00_3.jpg,54,5,gallery,boat,boat,boat,cross_view,c5,,3,54:c5:00:3,,original
54_c5_00_8.jpg,54,5,gallery,boat,boat,boat,cross_view,c5,,8,54:c5:00:8,,original
54_c6_00_4.jpg,54,6,gallery,boat,boat,boat,cross_view,c6,,4,54:c6:00:4,,original
54_c6_00_5.jpg,54,6,gallery,boat,boat,boat,cross_view,c6,,5,54:c6:00:5,,original
54_c6_00_6.jpg,54,6,gallery,boat,boat,boat,cross_view,c6,,6,54:c6:00:6,,original
54_c6_00_7.jpg,54,6,gallery,boat,boat,boat,cross_view,c6,,7,54:c6:00:7,,original
55_c1_000_000000.jpg,55,1,train,boat,boat,boat,cross_view,c1,,000000,55:c1:000:000000,,000
55_c1_000_000001.jpg,55,1,train,boat,boat,boat,cross_view,c1,,000001,55:c1:000:000001,,000
55_c1_000_000002.jpg,55,1,train,boat,boat,boat,cross_view,c1,,000002,55:c1:000:000002,,000
55_c1_000_000003.jpg,55,1,train,boat,boat,boat,cross_view,c1,,000003,55:c1:000:000003,,000
55_c1_001_000000.jpg,55,1,train,boat,boat,boat,cross_view,c1,,000000,55:c1:001:000000,,001
55_c1_001_000001.jpg,55,1,train,boat,boat,boat,cross_view,c1,,000001,55:c1:001:000001,,001
55_c1_001_000002.jpg,55,1,train,boat,boat,boat,cross_view,c1,,000002,55:c1:001:000002,,001
55_c1_001_000003.jpg,55,1,train,boat,boat,boat,cross_view,c1,,000003,55:c1:001:000003,,001
55_c1_002_000000.jpg,55,1,train,boat,boat,boat,cross_view,c1,,000000,55:c1:002:000000,,002
55_c1_002_000001.jpg,55,1,train,boat,boat,boat,cross_view,c1,,000001,55:c1:002:000001,,002
55_c1_002_000002.jpg,55,1,train,boat,boat,boat,cross_view,c1,,000002,55:c1:002:000002,,002
55_c1_002_000003.jpg,55,1,train,boat,boat,boat,cross_view,c1,,000003,55:c1:002:000003,,002
55_c1_003_000000.jpg,55,1,train,boat,boat,boat,cross_view,c1,,000000,55:c1:003:000000,,003
55_c1_003_000001.jpg,55,1,train,boat,boat,boat,cross_view,c1,,000001,55:c1:003:000001,,003
55_c1_003_000002.jpg,55,1,train,boat,boat,boat,cross_view,c1,,000002,55:c1:003:000002,,003
55_c1_003_000003.jpg,55,1,train,boat,boat,boat,cross_view,c1,,000003,55:c1:003:000003,,003
55_c1_004_000000.jpg,55,1,train,boat,boat,boat,cross_view,c1,,000000,55:c1:004:000000,,004
55_c1_004_000001.jpg,55,1,train,boat,boat,boat,cross_view,c1,,000001,55:c1:004:000001,,004
55_c1_004_000002.jpg,55,1,train,boat,boat,boat,cross_view,c1,,000002,55:c1:004:000002,,004
55_c1_004_000003.jpg,55,1,train,boat,boat,boat,cross_view,c1,,000003,55:c1:004:000003,,004
55_c1_005_000000.jpg,55,1,train,boat,boat,boat,cross_view,c1,,000000,55:c1:005:000000,,005
55_c1_005_000001.jpg,55,1,train,boat,boat,boat,cross_view,c1,,000001,55:c1:005:000001,,005
55_c1_005_000002.jpg,55,1,train,boat,boat,boat,cross_view,c1,,000002,55:c1:005:000002,,005
55_c1_005_000003.jpg,55,1,train,boat,boat,boat,cross_view,c1,,000003,55:c1:005:000003,,005
55_c1_00_6.jpg,55,1,train,boat,boat,boat,cross_view,c1,,6,55:c1:00:6,,original
55_c1_00_7.jpg,55,1,train,boat,boat,boat,cross_view,c1,,7,55:c1:00:7,,original
55_c1_00_8.jpg,55,1,train,boat,boat,boat,cross_view,c1,,8,55:c1:00:8,,original
55_c1_00_9.jpg,55,1,train,boat,boat,boat,cross_view,c1,,9,55:c1:00:9,,original
55_c2_000_000004.jpg,55,2,train,boat,boat,boat,cross_view,c2,,000004,55:c2:000:000004,,000
55_c2_001_000004.jpg,55,2,train,boat,boat,boat,cross_view,c2,,000004,55:c2:001:000004,,001
55_c2_002_000004.jpg,55,2,train,boat,boat,boat,cross_view,c2,,000004,55:c2:002:000004,,002
55_c2_003_000004.jpg,55,2,train,boat,boat,boat,cross_view,c2,,000004,55:c2:003:000004,,003
55_c2_004_000004.jpg,55,2,train,boat,boat,boat,cross_view,c2,,000004,55:c2:004:000004,,004
55_c2_005_000004.jpg,55,2,train,boat,boat,boat,cross_view,c2,,000004,55:c2:005:000004,,005
55_c2_00_0.jpg,55,2,train,boat,boat,boat,cross_view,c2,,0,55:c2:00:0,,original
55_c3_000_000005.jpg,55,3,train,boat,boat,boat,cross_view,c3,,000005,55:c3:000:000005,,000
55_c3_000_000006.jpg,55,3,train,boat,boat,boat,cross_view,c3,,000006,55:c3:000:000006,,000
55_c3_001_000005.jpg,55,3,train,boat,boat,boat,cross_view,c3,,000005,55:c3:001:000005,,001
55_c3_001_000006.jpg,55,3,train,boat,boat,boat,cross_view,c3,,000006,55:c3:001:000006,,001
55_c3_002_000005.jpg,55,3,train,boat,boat,boat,cross_view,c3,,000005,55:c3:002:000005,,002
55_c3_002_000006.jpg,55,3,train,boat,boat,boat,cross_view,c3,,000006,55:c3:002:000006,,002
55_c3_003_000005.jpg,55,3,train,boat,boat,boat,cross_view,c3,,000005,55:c3:003:000005,,003
55_c3_003_000006.jpg,55,3,train,boat,boat,boat,cross_view,c3,,000006,55:c3:003:000006,,003
55_c3_004_000005.jpg,55,3,train,boat,boat,boat,cross_view,c3,,000005,55:c3:004:000005,,004
55_c3_004_000006.jpg,55,3,train,boat,boat,boat,cross_view,c3,,000006,55:c3:004:000006,,004
55_c3_005_000005.jpg,55,3,train,boat,boat,boat,cross_view,c3,,000005,55:c3:005:000005,,005
55_c3_005_000006.jpg,55,3,train,boat,boat,boat,cross_view,c3,,000006,55:c3:005:000006,,005
55_c3_00_1.jpg,55,3,train,boat,boat,boat,cross_view,c3,,1,55:c3:00:1,,original
55_c3_00_5.jpg,55,3,train,boat,boat,boat,cross_view,c3,,5,55:c3:00:5,,original
55_c4_000_000007.jpg,55,4,train,boat,boat,boat,cross_view,c4,,000007,55:c4:000:000007,,000
55_c4_001_000007.jpg,55,4,train,boat,boat,boat,cross_view,c4,,000007,55:c4:001:000007,,001
55_c4_002_000007.jpg,55,4,train,boat,boat,boat,cross_view,c4,,000007,55:c4:002:000007,,002
55_c4_003_000007.jpg,55,4,train,boat,boat,boat,cross_view,c4,,000007,55:c4:003:000007,,003
55_c4_004_000007.jpg,55,4,train,boat,boat,boat,cross_view,c4,,000007,55:c4:004:000007,,004
55_c4_005_000007.jpg,55,4,train,boat,boat,boat,cross_view,c4,,000007,55:c4:005:000007,,005
55_c4_00_2.jpg,55,4,train,boat,boat,boat,cross_view,c4,,2,55:c4:00:2,,original
55_c5_000_000008.jpg,55,5,train,boat,boat,boat,cross_view,c5,,000008,55:c5:000:000008,,000
55_c5_001_000008.jpg,55,5,train,boat,boat,boat,cross_view,c5,,000008,55:c5:001:000008,,001
55_c5_002_000008.jpg,55,5,train,boat,boat,boat,cross_view,c5,,000008,55:c5:002:000008,,002
55_c5_003_000008.jpg,55,5,train,boat,boat,boat,cross_view,c5,,000008,55:c5:003:000008,,003
55_c5_004_000008.jpg,55,5,train,boat,boat,boat,cross_view,c5,,000008,55:c5:004:000008,,004
55_c5_005_000008.jpg,55,5,train,boat,boat,boat,cross_view,c5,,000008,55:c5:005:000008,,005
55_c5_00_4.jpg,55,5,train,boat,boat,boat,cross_view,c5,,4,55:c5:00:4,,original
55_c6_000_000009.jpg,55,6,train,boat,boat,boat,cross_view,c6,,000009,55:c6:000:000009,,000
55_c6_001_000009.jpg,55,6,train,boat,boat,boat,cross_view,c6,,000009,55:c6:001:000009,,001
55_c6_002_000009.jpg,55,6,train,boat,boat,boat,cross_view,c6,,000009,55:c6:002:000009,,002
55_c6_003_000009.jpg,55,6,train,boat,boat,boat,cross_view,c6,,000009,55:c6:003:000009,,003
55_c6_004_000009.jpg,55,6,train,boat,boat,boat,cross_view,c6,,000009,55:c6:004:000009,,004
55_c6_005_000009.jpg,55,6,train,boat,boat,boat,cross_view,c6,,000009,55:c6:005:000009,,005
55_c6_00_3.jpg,55,6,train,boat,boat,boat,cross_view,c6,,3,55:c6:00:3,,original
56_c1_000_000000.jpg,56,1,train,boat,boat,boat,cross_view,c1,,000000,56:c1:000:000000,,000
56_c1_001_000000.jpg,56,1,train,boat,boat,boat,cross_view,c1,,000000,56:c1:001:000000,,001
56_c1_002_000000.jpg,56,1,train,boat,boat,boat,cross_view,c1,,000000,56:c1:002:000000,,002
56_c1_003_000000.jpg,56,1,train,boat,boat,boat,cross_view,c1,,000000,56:c1:003:000000,,003
56_c1_004_000000.jpg,56,1,train,boat,boat,boat,cross_view,c1,,000000,56:c1:004:000000,,004
56_c1_005_000000.jpg,56,1,train,boat,boat,boat,cross_view,c1,,000000,56:c1:005:000000,,005
56_c1_00_4.jpg,56,1,train,boat,boat,boat,cross_view,c1,,4,56:c1:00:4,,original
56_c2_000_000001.jpg,56,2,train,boat,boat,boat,cross_view,c2,,000001,56:c2:000:000001,,000
56_c2_001_000001.jpg,56,2,train,boat,boat,boat,cross_view,c2,,000001,56:c2:001:000001,,001
56_c2_002_000001.jpg,56,2,train,boat,boat,boat,cross_view,c2,,000001,56:c2:002:000001,,002
56_c2_003_000001.jpg,56,2,train,boat,boat,boat,cross_view,c2,,000001,56:c2:003:000001,,003
56_c2_004_000001.jpg,56,2,train,boat,boat,boat,cross_view,c2,,000001,56:c2:004:000001,,004
56_c2_005_000001.jpg,56,2,train,boat,boat,boat,cross_view,c2,,000001,56:c2:005:000001,,005
56_c2_00_0.jpg,56,2,train,boat,boat,boat,cross_view,c2,,0,56:c2:00:0,,original
56_c3_000_000002.jpg,56,3,train,boat,boat,boat,cross_view,c3,,000002,56:c3:000:000002,,000
56_c3_001_000002.jpg,56,3,train,boat,boat,boat,cross_view,c3,,000002,56:c3:001:000002,,001
56_c3_002_000002.jpg,56,3,train,boat,boat,boat,cross_view,c3,,000002,56:c3:002:000002,,002
56_c3_003_000002.jpg,56,3,train,boat,boat,boat,cross_view,c3,,000002,56:c3:003:000002,,003
56_c3_004_000002.jpg,56,3,train,boat,boat,boat,cross_view,c3,,000002,56:c3:004:000002,,004
56_c3_005_000002.jpg,56,3,train,boat,boat,boat,cross_view,c3,,000002,56:c3:005:000002,,005
56_c3_00_2.jpg,56,3,train,boat,boat,boat,cross_view,c3,,2,56:c3:00:2,,original
56_c4_000_000003.jpg,56,4,train,boat,boat,boat,cross_view,c4,,000003,56:c4:000:000003,,000
56_c4_001_000003.jpg,56,4,train,boat,boat,boat,cross_view,c4,,000003,56:c4:001:000003,,001
56_c4_002_000003.jpg,56,4,train,boat,boat,boat,cross_view,c4,,000003,56:c4:002:000003,,002
56_c4_003_000003.jpg,56,4,train,boat,boat,boat,cross_view,c4,,000003,56:c4:003:000003,,003
56_c4_004_000003.jpg,56,4,train,boat,boat,boat,cross_view,c4,,000003,56:c4:004:000003,,004
56_c4_005_000003.jpg,56,4,train,boat,boat,boat,cross_view,c4,,000003,56:c4:005:000003,,005
56_c4_00_3.jpg,56,4,train,boat,boat,boat,cross_view,c4,,3,56:c4:00:3,,original
56_c6_000_000004.jpg,56,6,train,boat,boat,boat,cross_view,c6,,000004,56:c6:000:000004,,000
56_c6_001_000004.jpg,56,6,train,boat,boat,boat,cross_view,c6,,000004,56:c6:001:000004,,001
56_c6_002_000004.jpg,56,6,train,boat,boat,boat,cross_view,c6,,000004,56:c6:002:000004,,002
56_c6_003_000004.jpg,56,6,train,boat,boat,boat,cross_view,c6,,000004,56:c6:003:000004,,003
56_c6_004_000004.jpg,56,6,train,boat,boat,boat,cross_view,c6,,000004,56:c6:004:000004,,004
56_c6_005_000004.jpg,56,6,train,boat,boat,boat,cross_view,c6,,000004,56:c6:005:000004,,005
56_c6_00_1.jpg,56,6,train,boat,boat,boat,cross_view,c6,,1,56:c6:00:1,,original
57_c1_000_000000.jpg,57,1,train,boat,boat,boat,cross_view,c1,,000000,57:c1:000:000000,,000
57_c1_000_000001.jpg,57,1,train,boat,boat,boat,cross_view,c1,,000001,57:c1:000:000001,,000
57_c1_001_000000.jpg,57,1,train,boat,boat,boat,cross_view,c1,,000000,57:c1:001:000000,,001
57_c1_001_000001.jpg,57,1,train,boat,boat,boat,cross_view,c1,,000001,57:c1:001:000001,,001
57_c1_002_000000.jpg,57,1,train,boat,boat,boat,cross_view,c1,,000000,57:c1:002:000000,,002
57_c1_002_000001.jpg,57,1,train,boat,boat,boat,cross_view,c1,,000001,57:c1:002:000001,,002
57_c1_003_000000.jpg,57,1,train,boat,boat,boat,cross_view,c1,,000000,57:c1:003:000000,,003
57_c1_003_000001.jpg,57,1,train,boat,boat,boat,cross_view,c1,,000001,57:c1:003:000001,,003
57_c1_004_000000.jpg,57,1,train,boat,boat,boat,cross_view,c1,,000000,57:c1:004:000000,,004
57_c1_004_000001.jpg,57,1,train,boat,boat,boat,cross_view,c1,,000001,57:c1:004:000001,,004
57_c1_005_000000.jpg,57,1,train,boat,boat,boat,cross_view,c1,,000000,57:c1:005:000000,,005
57_c1_005_000001.jpg,57,1,train,boat,boat,boat,cross_view,c1,,000001,57:c1:005:000001,,005
57_c1_00_2.jpg,57,1,train,boat,boat,boat,cross_view,c1,,2,57:c1:00:2,,original
57_c1_00_3.jpg,57,1,train,boat,boat,boat,cross_view,c1,,3,57:c1:00:3,,original
57_c3_000_000002.jpg,57,3,train,boat,boat,boat,cross_view,c3,,000002,57:c3:000:000002,,000
57_c3_001_000002.jpg,57,3,train,boat,boat,boat,cross_view,c3,,000002,57:c3:001:000002,,001
57_c3_002_000002.jpg,57,3,train,boat,boat,boat,cross_view,c3,,000002,57:c3:002:000002,,002
57_c3_003_000002.jpg,57,3,train,boat,boat,boat,cross_view,c3,,000002,57:c3:003:000002,,003
57_c3_004_000002.jpg,57,3,train,boat,boat,boat,cross_view,c3,,000002,57:c3:004:000002,,004
57_c3_005_000002.jpg,57,3,train,boat,boat,boat,cross_view,c3,,000002,57:c3:005:000002,,005
57_c3_00_0.jpg,57,3,train,boat,boat,boat,cross_view,c3,,0,57:c3:00:0,,original
57_c4_000_000003.jpg,57,4,train,boat,boat,boat,cross_view,c4,,000003,57:c4:000:000003,,000
57_c4_001_000003.jpg,57,4,train,boat,boat,boat,cross_view,c4,,000003,57:c4:001:000003,,001
57_c4_002_000003.jpg,57,4,train,boat,boat,boat,cross_view,c4,,000003,57:c4:002:000003,,002
57_c4_003_000003.jpg,57,4,train,boat,boat,boat,cross_view,c4,,000003,57:c4:003:000003,,003
57_c4_004_000003.jpg,57,4,train,boat,boat,boat,cross_view,c4,,000003,57:c4:004:000003,,004
57_c4_005_000003.jpg,57,4,train,boat,boat,boat,cross_view,c4,,000003,57:c4:005:000003,,005
57_c4_00_1.jpg,57,4,train,boat,boat,boat,cross_view,c4,,1,57:c4:00:1,,original
58_c1_00_3.jpg,58,1,query,boat,boat,boat,cross_view,c1,,3,58:c1:00:3,,original
58_c3_00_2.jpg,58,3,gallery,boat,boat,boat,cross_view,c3,,2,58:c3:00:2,,original
58_c5_00_1.jpg,58,5,gallery,boat,boat,boat,cross_view,c5,,1,58:c5:00:1,,original
58_c6_00_0.jpg,58,6,gallery,boat,boat,boat,cross_view,c6,,0,58:c6:00:0,,original
59_c1_000_000000.jpg,59,1,train,boat,boat,boat,cross_view,c1,,000000,59:c1:000:000000,,000
59_c1_000_000001.jpg,59,1,train,boat,boat,boat,cross_view,c1,,000001,59:c1:000:000001,,000
59_c1_001_000000.jpg,59,1,train,boat,boat,boat,cross_view,c1,,000000,59:c1:001:000000,,001
59_c1_001_000001.jpg,59,1,train,boat,boat,boat,cross_view,c1,,000001,59:c1:001:000001,,001
59_c1_002_000000.jpg,59,1,train,boat,boat,boat,cross_view,c1,,000000,59:c1:002:000000,,002
59_c1_002_000001.jpg,59,1,train,boat,boat,boat,cross_view,c1,,000001,59:c1:002:000001,,002
59_c1_003_000000.jpg,59,1,train,boat,boat,boat,cross_view,c1,,000000,59:c1:003:000000,,003
59_c1_003_000001.jpg,59,1,train,boat,boat,boat,cross_view,c1,,000001,59:c1:003:000001,,003
59_c1_004_000000.jpg,59,1,train,boat,boat,boat,cross_view,c1,,000000,59:c1:004:000000,,004
59_c1_004_000001.jpg,59,1,train,boat,boat,boat,cross_view,c1,,000001,59:c1:004:000001,,004
59_c1_005_000000.jpg,59,1,train,boat,boat,boat,cross_view,c1,,000000,59:c1:005:000000,,005
59_c1_005_000001.jpg,59,1,train,boat,boat,boat,cross_view,c1,,000001,59:c1:005:000001,,005
59_c1_00_7.jpg,59,1,train,boat,boat,boat,cross_view,c1,,7,59:c1:00:7,,original
59_c1_00_8.jpg,59,1,train,boat,boat,boat,cross_view,c1,,8,59:c1:00:8,,original
59_c2_000_000002.jpg,59,2,train,boat,boat,boat,cross_view,c2,,000002,59:c2:000:000002,,000
59_c2_000_000003.jpg,59,2,train,boat,boat,boat,cross_view,c2,,000003,59:c2:000:000003,,000
59_c2_001_000002.jpg,59,2,train,boat,boat,boat,cross_view,c2,,000002,59:c2:001:000002,,001
59_c2_001_000003.jpg,59,2,train,boat,boat,boat,cross_view,c2,,000003,59:c2:001:000003,,001
59_c2_002_000002.jpg,59,2,train,boat,boat,boat,cross_view,c2,,000002,59:c2:002:000002,,002
59_c2_002_000003.jpg,59,2,train,boat,boat,boat,cross_view,c2,,000003,59:c2:002:000003,,002
59_c2_003_000002.jpg,59,2,train,boat,boat,boat,cross_view,c2,,000002,59:c2:003:000002,,003
59_c2_003_000003.jpg,59,2,train,boat,boat,boat,cross_view,c2,,000003,59:c2:003:000003,,003
59_c2_004_000002.jpg,59,2,train,boat,boat,boat,cross_view,c2,,000002,59:c2:004:000002,,004
59_c2_004_000003.jpg,59,2,train,boat,boat,boat,cross_view,c2,,000003,59:c2:004:000003,,004
59_c2_005_000002.jpg,59,2,train,boat,boat,boat,cross_view,c2,,000002,59:c2:005:000002,,005
59_c2_005_000003.jpg,59,2,train,boat,boat,boat,cross_view,c2,,000003,59:c2:005:000003,,005
59_c2_00_0.jpg,59,2,train,boat,boat,boat,cross_view,c2,,0,59:c2:00:0,,original
59_c2_00_4.jpg,59,2,train,boat,boat,boat,cross_view,c2,,4,59:c2:00:4,,original
59_c3_000_000004.jpg,59,3,train,boat,boat,boat,cross_view,c3,,000004,59:c3:000:000004,,000
59_c3_000_000005.jpg,59,3,train,boat,boat,boat,cross_view,c3,,000005,59:c3:000:000005,,000
59_c3_000_000006.jpg,59,3,train,boat,boat,boat,cross_view,c3,,000006,59:c3:000:000006,,000
59_c3_001_000004.jpg,59,3,train,boat,boat,boat,cross_view,c3,,000004,59:c3:001:000004,,001
59_c3_001_000005.jpg,59,3,train,boat,boat,boat,cross_view,c3,,000005,59:c3:001:000005,,001
59_c3_001_000006.jpg,59,3,train,boat,boat,boat,cross_view,c3,,000006,59:c3:001:000006,,001
59_c3_002_000004.jpg,59,3,train,boat,boat,boat,cross_view,c3,,000004,59:c3:002:000004,,002
59_c3_002_000005.jpg,59,3,train,boat,boat,boat,cross_view,c3,,000005,59:c3:002:000005,,002
59_c3_002_000006.jpg,59,3,train,boat,boat,boat,cross_view,c3,,000006,59:c3:002:000006,,002
59_c3_003_000004.jpg,59,3,train,boat,boat,boat,cross_view,c3,,000004,59:c3:003:000004,,003
59_c3_003_000005.jpg,59,3,train,boat,boat,boat,cross_view,c3,,000005,59:c3:003:000005,,003
59_c3_003_000006.jpg,59,3,train,boat,boat,boat,cross_view,c3,,000006,59:c3:003:000006,,003
59_c3_004_000004.jpg,59,3,train,boat,boat,boat,cross_view,c3,,000004,59:c3:004:000004,,004
59_c3_004_000005.jpg,59,3,train,boat,boat,boat,cross_view,c3,,000005,59:c3:004:000005,,004
59_c3_004_000006.jpg,59,3,train,boat,boat,boat,cross_view,c3,,000006,59:c3:004:000006,,004
59_c3_005_000004.jpg,59,3,train,boat,boat,boat,cross_view,c3,,000004,59:c3:005:000004,,005
59_c3_005_000005.jpg,59,3,train,boat,boat,boat,cross_view,c3,,000005,59:c3:005:000005,,005
59_c3_005_000006.jpg,59,3,train,boat,boat,boat,cross_view,c3,,000006,59:c3:005:000006,,005
59_c3_00_1.jpg,59,3,train,boat,boat,boat,cross_view,c3,,1,59:c3:00:1,,original
59_c3_00_3.jpg,59,3,train,boat,boat,boat,cross_view,c3,,3,59:c3:00:3,,original
59_c3_00_5.jpg,59,3,train,boat,boat,boat,cross_view,c3,,5,59:c3:00:5,,original
59_c4_000_000007.jpg,59,4,train,boat,boat,boat,cross_view,c4,,000007,59:c4:000:000007,,000
59_c4_001_000007.jpg,59,4,train,boat,boat,boat,cross_view,c4,,000007,59:c4:001:000007,,001
59_c4_002_000007.jpg,59,4,train,boat,boat,boat,cross_view,c4,,000007,59:c4:002:000007,,002
59_c4_003_000007.jpg,59,4,train,boat,boat,boat,cross_view,c4,,000007,59:c4:003:000007,,003
59_c4_004_000007.jpg,59,4,train,boat,boat,boat,cross_view,c4,,000007,59:c4:004:000007,,004
59_c4_005_000007.jpg,59,4,train,boat,boat,boat,cross_view,c4,,000007,59:c4:005:000007,,005
59_c4_00_2.jpg,59,4,train,boat,boat,boat,cross_view,c4,,2,59:c4:00:2,,original
59_c6_000_000008.jpg,59,6,train,boat,boat,boat,cross_view,c6,,000008,59:c6:000:000008,,000
59_c6_001_000008.jpg,59,6,train,boat,boat,boat,cross_view,c6,,000008,59:c6:001:000008,,001
59_c6_002_000008.jpg,59,6,train,boat,boat,boat,cross_view,c6,,000008,59:c6:002:000008,,002
59_c6_003_000008.jpg,59,6,train,boat,boat,boat,cross_view,c6,,000008,59:c6:003:000008,,003
59_c6_004_000008.jpg,59,6,train,boat,boat,boat,cross_view,c6,,000008,59:c6:004:000008,,004
59_c6_005_000008.jpg,59,6,train,boat,boat,boat,cross_view,c6,,000008,59:c6:005:000008,,005
59_c6_00_6.jpg,59,6,train,boat,boat,boat,cross_view,c6,,6,59:c6:00:6,,original
5_c1_000_000000.jpg,5,1,train,boat,boat,boat,cross_view,c1,,000000,5:c1:000:000000,,000
5_c1_000_000001.jpg,5,1,train,boat,boat,boat,cross_view,c1,,000001,5:c1:000:000001,,000
5_c1_001_000000.jpg,5,1,train,boat,boat,boat,cross_view,c1,,000000,5:c1:001:000000,,001
5_c1_001_000001.jpg,5,1,train,boat,boat,boat,cross_view,c1,,000001,5:c1:001:000001,,001
5_c1_002_000000.jpg,5,1,train,boat,boat,boat,cross_view,c1,,000000,5:c1:002:000000,,002
5_c1_002_000001.jpg,5,1,train,boat,boat,boat,cross_view,c1,,000001,5:c1:002:000001,,002
5_c1_003_000000.jpg,5,1,train,boat,boat,boat,cross_view,c1,,000000,5:c1:003:000000,,003
5_c1_003_000001.jpg,5,1,train,boat,boat,boat,cross_view,c1,,000001,5:c1:003:000001,,003
5_c1_004_000000.jpg,5,1,train,boat,boat,boat,cross_view,c1,,000000,5:c1:004:000000,,004
5_c1_004_000001.jpg,5,1,train,boat,boat,boat,cross_view,c1,,000001,5:c1:004:000001,,004
5_c1_005_000000.jpg,5,1,train,boat,boat,boat,cross_view,c1,,000000,5:c1:005:000000,,005
5_c1_005_000001.jpg,5,1,train,boat,boat,boat,cross_view,c1,,000001,5:c1:005:000001,,005
5_c1_00_1.jpg,5,1,train,boat,boat,boat,cross_view,c1,,1,5:c1:00:1,,original
5_c1_00_7.jpg,5,1,train,boat,boat,boat,cross_view,c1,,7,5:c1:00:7,,original
5_c2_000_000002.jpg,5,2,train,boat,boat,boat,cross_view,c2,,000002,5:c2:000:000002,,000
5_c2_000_000003.jpg,5,2,train,boat,boat,boat,cross_view,c2,,000003,5:c2:000:000003,,000
5_c2_000_000004.jpg,5,2,train,boat,boat,boat,cross_view,c2,,000004,5:c2:000:000004,,000
5_c2_001_000002.jpg,5,2,train,boat,boat,boat,cross_view,c2,,000002,5:c2:001:000002,,001
5_c2_001_000003.jpg,5,2,train,boat,boat,boat,cross_view,c2,,000003,5:c2:001:000003,,001
5_c2_001_000004.jpg,5,2,train,boat,boat,boat,cross_view,c2,,000004,5:c2:001:000004,,001
5_c2_002_000002.jpg,5,2,train,boat,boat,boat,cross_view,c2,,000002,5:c2:002:000002,,002
5_c2_002_000003.jpg,5,2,train,boat,boat,boat,cross_view,c2,,000003,5:c2:002:000003,,002
5_c2_002_000004.jpg,5,2,train,boat,boat,boat,cross_view,c2,,000004,5:c2:002:000004,,002
5_c2_003_000002.jpg,5,2,train,boat,boat,boat,cross_view,c2,,000002,5:c2:003:000002,,003
5_c2_003_000003.jpg,5,2,train,boat,boat,boat,cross_view,c2,,000003,5:c2:003:000003,,003
5_c2_003_000004.jpg,5,2,train,boat,boat,boat,cross_view,c2,,000004,5:c2:003:000004,,003
5_c2_004_000002.jpg,5,2,train,boat,boat,boat,cross_view,c2,,000002,5:c2:004:000002,,004
5_c2_004_000003.jpg,5,2,train,boat,boat,boat,cross_view,c2,,000003,5:c2:004:000003,,004
5_c2_004_000004.jpg,5,2,train,boat,boat,boat,cross_view,c2,,000004,5:c2:004:000004,,004
5_c2_005_000002.jpg,5,2,train,boat,boat,boat,cross_view,c2,,000002,5:c2:005:000002,,005
5_c2_005_000003.jpg,5,2,train,boat,boat,boat,cross_view,c2,,000003,5:c2:005:000003,,005
5_c2_005_000004.jpg,5,2,train,boat,boat,boat,cross_view,c2,,000004,5:c2:005:000004,,005
5_c2_00_2.jpg,5,2,train,boat,boat,boat,cross_view,c2,,2,5:c2:00:2,,original
5_c2_00_4.jpg,5,2,train,boat,boat,boat,cross_view,c2,,4,5:c2:00:4,,original
5_c2_00_6.jpg,5,2,train,boat,boat,boat,cross_view,c2,,6,5:c2:00:6,,original
5_c3_000_000005.jpg,5,3,train,boat,boat,boat,cross_view,c3,,000005,5:c3:000:000005,,000
5_c3_001_000005.jpg,5,3,train,boat,boat,boat,cross_view,c3,,000005,5:c3:001:000005,,001
5_c3_002_000005.jpg,5,3,train,boat,boat,boat,cross_view,c3,,000005,5:c3:002:000005,,002
5_c3_003_000005.jpg,5,3,train,boat,boat,boat,cross_view,c3,,000005,5:c3:003:000005,,003
5_c3_004_000005.jpg,5,3,train,boat,boat,boat,cross_view,c3,,000005,5:c3:004:000005,,004
5_c3_005_000005.jpg,5,3,train,boat,boat,boat,cross_view,c3,,000005,5:c3:005:000005,,005
5_c3_00_10.jpg,5,3,train,boat,boat,boat,cross_view,c3,,10,5:c3:00:10,,original
5_c4_000_000006.jpg,5,4,train,boat,boat,boat,cross_view,c4,,000006,5:c4:000:000006,,000
5_c4_000_000007.jpg,5,4,train,boat,boat,boat,cross_view,c4,,000007,5:c4:000:000007,,000
5_c4_000_000008.jpg,5,4,train,boat,boat,boat,cross_view,c4,,000008,5:c4:000:000008,,000
5_c4_001_000006.jpg,5,4,train,boat,boat,boat,cross_view,c4,,000006,5:c4:001:000006,,001
5_c4_001_000007.jpg,5,4,train,boat,boat,boat,cross_view,c4,,000007,5:c4:001:000007,,001
5_c4_001_000008.jpg,5,4,train,boat,boat,boat,cross_view,c4,,000008,5:c4:001:000008,,001
5_c4_002_000006.jpg,5,4,train,boat,boat,boat,cross_view,c4,,000006,5:c4:002:000006,,002
5_c4_002_000007.jpg,5,4,train,boat,boat,boat,cross_view,c4,,000007,5:c4:002:000007,,002
5_c4_002_000008.jpg,5,4,train,boat,boat,boat,cross_view,c4,,000008,5:c4:002:000008,,002
5_c4_003_000006.jpg,5,4,train,boat,boat,boat,cross_view,c4,,000006,5:c4:003:000006,,003
5_c4_003_000007.jpg,5,4,train,boat,boat,boat,cross_view,c4,,000007,5:c4:003:000007,,003
5_c4_003_000008.jpg,5,4,train,boat,boat,boat,cross_view,c4,,000008,5:c4:003:000008,,003
5_c4_004_000006.jpg,5,4,train,boat,boat,boat,cross_view,c4,,000006,5:c4:004:000006,,004
5_c4_004_000007.jpg,5,4,train,boat,boat,boat,cross_view,c4,,000007,5:c4:004:000007,,004
5_c4_004_000008.jpg,5,4,train,boat,boat,boat,cross_view,c4,,000008,5:c4:004:000008,,004
5_c4_005_000006.jpg,5,4,train,boat,boat,boat,cross_view,c4,,000006,5:c4:005:000006,,005
5_c4_005_000007.jpg,5,4,train,boat,boat,boat,cross_view,c4,,000007,5:c4:005:000007,,005
5_c4_005_000008.jpg,5,4,train,boat,boat,boat,cross_view,c4,,000008,5:c4:005:000008,,005
5_c4_00_0.jpg,5,4,train,boat,boat,boat,cross_view,c4,,0,5:c4:00:0,,original
5_c4_00_11.jpg,5,4,train,boat,boat,boat,cross_view,c4,,11,5:c4:00:11,,original
5_c4_00_3.jpg,5,4,train,boat,boat,boat,cross_view,c4,,3,5:c4:00:3,,original
5_c5_000_000009.jpg,5,5,train,boat,boat,boat,cross_view,c5,,000009,5:c5:000:000009,,000
5_c5_000_000010.jpg,5,5,train,boat,boat,boat,cross_view,c5,,000010,5:c5:000:000010,,000
5_c5_001_000009.jpg,5,5,train,boat,boat,boat,cross_view,c5,,000009,5:c5:001:000009,,001
5_c5_001_000010.jpg,5,5,train,boat,boat,boat,cross_view,c5,,000010,5:c5:001:000010,,001
5_c5_002_000009.jpg,5,5,train,boat,boat,boat,cross_view,c5,,000009,5:c5:002:000009,,002
5_c5_002_000010.jpg,5,5,train,boat,boat,boat,cross_view,c5,,000010,5:c5:002:000010,,002
5_c5_003_000009.jpg,5,5,train,boat,boat,boat,cross_view,c5,,000009,5:c5:003:000009,,003
5_c5_003_000010.jpg,5,5,train,boat,boat,boat,cross_view,c5,,000010,5:c5:003:000010,,003
5_c5_004_000009.jpg,5,5,train,boat,boat,boat,cross_view,c5,,000009,5:c5:004:000009,,004
5_c5_004_000010.jpg,5,5,train,boat,boat,boat,cross_view,c5,,000010,5:c5:004:000010,,004
5_c5_005_000009.jpg,5,5,train,boat,boat,boat,cross_view,c5,,000009,5:c5:005:000009,,005
5_c5_005_000010.jpg,5,5,train,boat,boat,boat,cross_view,c5,,000010,5:c5:005:000010,,005
5_c5_00_12.jpg,5,5,train,boat,boat,boat,cross_view,c5,,12,5:c5:00:12,,original
5_c5_00_5.jpg,5,5,train,boat,boat,boat,cross_view,c5,,5,5:c5:00:5,,original
5_c6_000_000011.jpg,5,6,train,boat,boat,boat,cross_view,c6,,000011,5:c6:000:000011,,000
5_c6_000_000012.jpg,5,6,train,boat,boat,boat,cross_view,c6,,000012,5:c6:000:000012,,000
5_c6_001_000011.jpg,5,6,train,boat,boat,boat,cross_view,c6,,000011,5:c6:001:000011,,001
5_c6_001_000012.jpg,5,6,train,boat,boat,boat,cross_view,c6,,000012,5:c6:001:000012,,001
5_c6_002_000011.jpg,5,6,train,boat,boat,boat,cross_view,c6,,000011,5:c6:002:000011,,002
5_c6_002_000012.jpg,5,6,train,boat,boat,boat,cross_view,c6,,000012,5:c6:002:000012,,002
5_c6_003_000011.jpg,5,6,train,boat,boat,boat,cross_view,c6,,000011,5:c6:003:000011,,003
5_c6_003_000012.jpg,5,6,train,boat,boat,boat,cross_view,c6,,000012,5:c6:003:000012,,003
5_c6_004_000011.jpg,5,6,train,boat,boat,boat,cross_view,c6,,000011,5:c6:004:000011,,004
5_c6_004_000012.jpg,5,6,train,boat,boat,boat,cross_view,c6,,000012,5:c6:004:000012,,004
5_c6_005_000011.jpg,5,6,train,boat,boat,boat,cross_view,c6,,000011,5:c6:005:000011,,005
5_c6_005_000012.jpg,5,6,train,boat,boat,boat,cross_view,c6,,000012,5:c6:005:000012,,005
5_c6_00_8.jpg,5,6,train,boat,boat,boat,cross_view,c6,,8,5:c6:00:8,,original
5_c6_00_9.jpg,5,6,train,boat,boat,boat,cross_view,c6,,9,5:c6:00:9,,original
60_c1_00_7.jpg,60,1,query,boat,boat,boat,cross_view,c1,,7,60:c1:00:7,,original
60_c1_00_8.jpg,60,1,gallery,boat,boat,boat,cross_view,c1,,8,60:c1:00:8,,original
60_c1_00_9.jpg,60,1,gallery,boat,boat,boat,cross_view,c1,,9,60:c1:00:9,,original
60_c2_00_0.jpg,60,2,gallery,boat,boat,boat,cross_view,c2,,0,60:c2:00:0,,original
60_c3_00_1.jpg,60,3,gallery,boat,boat,boat,cross_view,c3,,1,60:c3:00:1,,original
60_c4_00_2.jpg,60,4,gallery,boat,boat,boat,cross_view,c4,,2,60:c4:00:2,,original
60_c4_00_6.jpg,60,4,gallery,boat,boat,boat,cross_view,c4,,6,60:c4:00:6,,original
60_c5_00_3.jpg,60,5,gallery,boat,boat,boat,cross_view,c5,,3,60:c5:00:3,,original
60_c5_00_5.jpg,60,5,gallery,boat,boat,boat,cross_view,c5,,5,60:c5:00:5,,original
60_c6_00_4.jpg,60,6,gallery,boat,boat,boat,cross_view,c6,,4,60:c6:00:4,,original
61_c1_00_1.jpg,61,1,query,boat,boat,boat,cross_view,c1,,1,61:c1:00:1,,original
61_c2_00_0.jpg,61,2,gallery,boat,boat,boat,cross_view,c2,,0,61:c2:00:0,,original
61_c6_00_2.jpg,61,6,gallery,boat,boat,boat,cross_view,c6,,2,61:c6:00:2,,original
62_c1_00_4.jpg,62,1,query,boat,boat,boat,cross_view,c1,,4,62:c1:00:4,,original
62_c2_00_0.jpg,62,2,gallery,boat,boat,boat,cross_view,c2,,0,62:c2:00:0,,original
62_c3_00_1.jpg,62,3,gallery,boat,boat,boat,cross_view,c3,,1,62:c3:00:1,,original
62_c4_00_2.jpg,62,4,gallery,boat,boat,boat,cross_view,c4,,2,62:c4:00:2,,original
62_c5_00_3.jpg,62,5,gallery,boat,boat,boat,cross_view,c5,,3,62:c5:00:3,,original
63_c1_000_000000.jpg,63,1,train,boat,boat,boat,cross_view,c1,,000000,63:c1:000:000000,,000
63_c1_001_000000.jpg,63,1,train,boat,boat,boat,cross_view,c1,,000000,63:c1:001:000000,,001
63_c1_002_000000.jpg,63,1,train,boat,boat,boat,cross_view,c1,,000000,63:c1:002:000000,,002
63_c1_003_000000.jpg,63,1,train,boat,boat,boat,cross_view,c1,,000000,63:c1:003:000000,,003
63_c1_004_000000.jpg,63,1,train,boat,boat,boat,cross_view,c1,,000000,63:c1:004:000000,,004
63_c1_005_000000.jpg,63,1,train,boat,boat,boat,cross_view,c1,,000000,63:c1:005:000000,,005
63_c1_00_4.jpg,63,1,train,boat,boat,boat,cross_view,c1,,4,63:c1:00:4,,original
63_c2_000_000001.jpg,63,2,train,boat,boat,boat,cross_view,c2,,000001,63:c2:000:000001,,000
63_c2_001_000001.jpg,63,2,train,boat,boat,boat,cross_view,c2,,000001,63:c2:001:000001,,001
63_c2_002_000001.jpg,63,2,train,boat,boat,boat,cross_view,c2,,000001,63:c2:002:000001,,002
63_c2_003_000001.jpg,63,2,train,boat,boat,boat,cross_view,c2,,000001,63:c2:003:000001,,003
63_c2_004_000001.jpg,63,2,train,boat,boat,boat,cross_view,c2,,000001,63:c2:004:000001,,004
63_c2_005_000001.jpg,63,2,train,boat,boat,boat,cross_view,c2,,000001,63:c2:005:000001,,005
63_c2_00_0.jpg,63,2,train,boat,boat,boat,cross_view,c2,,0,63:c2:00:0,,original
63_c3_000_000002.jpg,63,3,train,boat,boat,boat,cross_view,c3,,000002,63:c3:000:000002,,000
63_c3_001_000002.jpg,63,3,train,boat,boat,boat,cross_view,c3,,000002,63:c3:001:000002,,001
63_c3_002_000002.jpg,63,3,train,boat,boat,boat,cross_view,c3,,000002,63:c3:002:000002,,002
63_c3_003_000002.jpg,63,3,train,boat,boat,boat,cross_view,c3,,000002,63:c3:003:000002,,003
63_c3_004_000002.jpg,63,3,train,boat,boat,boat,cross_view,c3,,000002,63:c3:004:000002,,004
63_c3_005_000002.jpg,63,3,train,boat,boat,boat,cross_view,c3,,000002,63:c3:005:000002,,005
63_c3_00_1.jpg,63,3,train,boat,boat,boat,cross_view,c3,,1,63:c3:00:1,,original
63_c4_000_000003.jpg,63,4,train,boat,boat,boat,cross_view,c4,,000003,63:c4:000:000003,,000
63_c4_001_000003.jpg,63,4,train,boat,boat,boat,cross_view,c4,,000003,63:c4:001:000003,,001
63_c4_002_000003.jpg,63,4,train,boat,boat,boat,cross_view,c4,,000003,63:c4:002:000003,,002
63_c4_003_000003.jpg,63,4,train,boat,boat,boat,cross_view,c4,,000003,63:c4:003:000003,,003
63_c4_004_000003.jpg,63,4,train,boat,boat,boat,cross_view,c4,,000003,63:c4:004:000003,,004
63_c4_005_000003.jpg,63,4,train,boat,boat,boat,cross_view,c4,,000003,63:c4:005:000003,,005
63_c4_00_2.jpg,63,4,train,boat,boat,boat,cross_view,c4,,2,63:c4:00:2,,original
63_c5_000_000004.jpg,63,5,train,boat,boat,boat,cross_view,c5,,000004,63:c5:000:000004,,000
63_c5_001_000004.jpg,63,5,train,boat,boat,boat,cross_view,c5,,000004,63:c5:001:000004,,001
63_c5_002_000004.jpg,63,5,train,boat,boat,boat,cross_view,c5,,000004,63:c5:002:000004,,002
63_c5_003_000004.jpg,63,5,train,boat,boat,boat,cross_view,c5,,000004,63:c5:003:000004,,003
63_c5_004_000004.jpg,63,5,train,boat,boat,boat,cross_view,c5,,000004,63:c5:004:000004,,004
63_c5_005_000004.jpg,63,5,train,boat,boat,boat,cross_view,c5,,000004,63:c5:005:000004,,005
63_c5_00_3.jpg,63,5,train,boat,boat,boat,cross_view,c5,,3,63:c5:00:3,,original
64_c1_000_000000.jpg,64,1,train,boat,boat,boat,cross_view,c1,,000000,64:c1:000:000000,,000
64_c1_000_000001.jpg,64,1,train,boat,boat,boat,cross_view,c1,,000001,64:c1:000:000001,,000
64_c1_001_000000.jpg,64,1,train,boat,boat,boat,cross_view,c1,,000000,64:c1:001:000000,,001
64_c1_001_000001.jpg,64,1,train,boat,boat,boat,cross_view,c1,,000001,64:c1:001:000001,,001
64_c1_002_000000.jpg,64,1,train,boat,boat,boat,cross_view,c1,,000000,64:c1:002:000000,,002
64_c1_002_000001.jpg,64,1,train,boat,boat,boat,cross_view,c1,,000001,64:c1:002:000001,,002
64_c1_003_000000.jpg,64,1,train,boat,boat,boat,cross_view,c1,,000000,64:c1:003:000000,,003
64_c1_003_000001.jpg,64,1,train,boat,boat,boat,cross_view,c1,,000001,64:c1:003:000001,,003
64_c1_004_000000.jpg,64,1,train,boat,boat,boat,cross_view,c1,,000000,64:c1:004:000000,,004
64_c1_004_000001.jpg,64,1,train,boat,boat,boat,cross_view,c1,,000001,64:c1:004:000001,,004
64_c1_005_000000.jpg,64,1,train,boat,boat,boat,cross_view,c1,,000000,64:c1:005:000000,,005
64_c1_005_000001.jpg,64,1,train,boat,boat,boat,cross_view,c1,,000001,64:c1:005:000001,,005
64_c1_00_11.jpg,64,1,train,boat,boat,boat,cross_view,c1,,11,64:c1:00:11,,original
64_c1_00_12.jpg,64,1,train,boat,boat,boat,cross_view,c1,,12,64:c1:00:12,,original
64_c2_000_000002.jpg,64,2,train,boat,boat,boat,cross_view,c2,,000002,64:c2:000:000002,,000
64_c2_000_000003.jpg,64,2,train,boat,boat,boat,cross_view,c2,,000003,64:c2:000:000003,,000
64_c2_000_000004.jpg,64,2,train,boat,boat,boat,cross_view,c2,,000004,64:c2:000:000004,,000
64_c2_001_000002.jpg,64,2,train,boat,boat,boat,cross_view,c2,,000002,64:c2:001:000002,,001
64_c2_001_000003.jpg,64,2,train,boat,boat,boat,cross_view,c2,,000003,64:c2:001:000003,,001
64_c2_001_000004.jpg,64,2,train,boat,boat,boat,cross_view,c2,,000004,64:c2:001:000004,,001
64_c2_002_000002.jpg,64,2,train,boat,boat,boat,cross_view,c2,,000002,64:c2:002:000002,,002
64_c2_002_000003.jpg,64,2,train,boat,boat,boat,cross_view,c2,,000003,64:c2:002:000003,,002
64_c2_002_000004.jpg,64,2,train,boat,boat,boat,cross_view,c2,,000004,64:c2:002:000004,,002
64_c2_003_000002.jpg,64,2,train,boat,boat,boat,cross_view,c2,,000002,64:c2:003:000002,,003
64_c2_003_000003.jpg,64,2,train,boat,boat,boat,cross_view,c2,,000003,64:c2:003:000003,,003
64_c2_003_000004.jpg,64,2,train,boat,boat,boat,cross_view,c2,,000004,64:c2:003:000004,,003
64_c2_004_000002.jpg,64,2,train,boat,boat,boat,cross_view,c2,,000002,64:c2:004:000002,,004
64_c2_004_000003.jpg,64,2,train,boat,boat,boat,cross_view,c2,,000003,64:c2:004:000003,,004
64_c2_004_000004.jpg,64,2,train,boat,boat,boat,cross_view,c2,,000004,64:c2:004:000004,,004
64_c2_005_000002.jpg,64,2,train,boat,boat,boat,cross_view,c2,,000002,64:c2:005:000002,,005
64_c2_005_000003.jpg,64,2,train,boat,boat,boat,cross_view,c2,,000003,64:c2:005:000003,,005
64_c2_005_000004.jpg,64,2,train,boat,boat,boat,cross_view,c2,,000004,64:c2:005:000004,,005
64_c2_00_0.jpg,64,2,train,boat,boat,boat,cross_view,c2,,0,64:c2:00:0,,original
64_c2_00_10.jpg,64,2,train,boat,boat,boat,cross_view,c2,,10,64:c2:00:10,,original
64_c2_00_9.jpg,64,2,train,boat,boat,boat,cross_view,c2,,9,64:c2:00:9,,original
64_c3_000_000005.jpg,64,3,train,boat,boat,boat,cross_view,c3,,000005,64:c3:000:000005,,000
64_c3_000_000006.jpg,64,3,train,boat,boat,boat,cross_view,c3,,000006,64:c3:000:000006,,000
64_c3_001_000005.jpg,64,3,train,boat,boat,boat,cross_view,c3,,000005,64:c3:001:000005,,001
64_c3_001_000006.jpg,64,3,train,boat,boat,boat,cross_view,c3,,000006,64:c3:001:000006,,001
64_c3_002_000005.jpg,64,3,train,boat,boat,boat,cross_view,c3,,000005,64:c3:002:000005,,002
64_c3_002_000006.jpg,64,3,train,boat,boat,boat,cross_view,c3,,000006,64:c3:002:000006,,002
64_c3_003_000005.jpg,64,3,train,boat,boat,boat,cross_view,c3,,000005,64:c3:003:000005,,003
64_c3_003_000006.jpg,64,3,train,boat,boat,boat,cross_view,c3,,000006,64:c3:003:000006,,003
64_c3_004_000005.jpg,64,3,train,boat,boat,boat,cross_view,c3,,000005,64:c3:004:000005,,004
64_c3_004_000006.jpg,64,3,train,boat,boat,boat,cross_view,c3,,000006,64:c3:004:000006,,004
64_c3_005_000005.jpg,64,3,train,boat,boat,boat,cross_view,c3,,000005,64:c3:005:000005,,005
64_c3_005_000006.jpg,64,3,train,boat,boat,boat,cross_view,c3,,000006,64:c3:005:000006,,005
64_c3_00_1.jpg,64,3,train,boat,boat,boat,cross_view,c3,,1,64:c3:00:1,,original
64_c3_00_7.jpg,64,3,train,boat,boat,boat,cross_view,c3,,7,64:c3:00:7,,original
64_c4_000_000007.jpg,64,4,train,boat,boat,boat,cross_view,c4,,000007,64:c4:000:000007,,000
64_c4_000_000008.jpg,64,4,train,boat,boat,boat,cross_view,c4,,000008,64:c4:000:000008,,000
64_c4_001_000007.jpg,64,4,train,boat,boat,boat,cross_view,c4,,000007,64:c4:001:000007,,001
64_c4_001_000008.jpg,64,4,train,boat,boat,boat,cross_view,c4,,000008,64:c4:001:000008,,001
64_c4_002_000007.jpg,64,4,train,boat,boat,boat,cross_view,c4,,000007,64:c4:002:000007,,002
64_c4_002_000008.jpg,64,4,train,boat,boat,boat,cross_view,c4,,000008,64:c4:002:000008,,002
64_c4_003_000007.jpg,64,4,train,boat,boat,boat,cross_view,c4,,000007,64:c4:003:000007,,003
64_c4_003_000008.jpg,64,4,train,boat,boat,boat,cross_view,c4,,000008,64:c4:003:000008,,003
64_c4_004_000007.jpg,64,4,train,boat,boat,boat,cross_view,c4,,000007,64:c4:004:000007,,004
64_c4_004_000008.jpg,64,4,train,boat,boat,boat,cross_view,c4,,000008,64:c4:004:000008,,004
64_c4_005_000007.jpg,64,4,train,boat,boat,boat,cross_view,c4,,000007,64:c4:005:000007,,005
64_c4_005_000008.jpg,64,4,train,boat,boat,boat,cross_view,c4,,000008,64:c4:005:000008,,005
64_c4_00_2.jpg,64,4,train,boat,boat,boat,cross_view,c4,,2,64:c4:00:2,,original
64_c4_00_6.jpg,64,4,train,boat,boat,boat,cross_view,c4,,6,64:c4:00:6,,original
64_c5_000_000009.jpg,64,5,train,boat,boat,boat,cross_view,c5,,000009,64:c5:000:000009,,000
64_c5_000_000010.jpg,64,5,train,boat,boat,boat,cross_view,c5,,000010,64:c5:000:000010,,000
64_c5_001_000009.jpg,64,5,train,boat,boat,boat,cross_view,c5,,000009,64:c5:001:000009,,001
64_c5_001_000010.jpg,64,5,train,boat,boat,boat,cross_view,c5,,000010,64:c5:001:000010,,001
64_c5_002_000009.jpg,64,5,train,boat,boat,boat,cross_view,c5,,000009,64:c5:002:000009,,002
64_c5_002_000010.jpg,64,5,train,boat,boat,boat,cross_view,c5,,000010,64:c5:002:000010,,002
64_c5_003_000009.jpg,64,5,train,boat,boat,boat,cross_view,c5,,000009,64:c5:003:000009,,003
64_c5_003_000010.jpg,64,5,train,boat,boat,boat,cross_view,c5,,000010,64:c5:003:000010,,003
64_c5_004_000009.jpg,64,5,train,boat,boat,boat,cross_view,c5,,000009,64:c5:004:000009,,004
64_c5_004_000010.jpg,64,5,train,boat,boat,boat,cross_view,c5,,000010,64:c5:004:000010,,004
64_c5_005_000009.jpg,64,5,train,boat,boat,boat,cross_view,c5,,000009,64:c5:005:000009,,005
64_c5_005_000010.jpg,64,5,train,boat,boat,boat,cross_view,c5,,000010,64:c5:005:000010,,005
64_c5_00_3.jpg,64,5,train,boat,boat,boat,cross_view,c5,,3,64:c5:00:3,,original
64_c5_00_8.jpg,64,5,train,boat,boat,boat,cross_view,c5,,8,64:c5:00:8,,original
64_c6_000_000011.jpg,64,6,train,boat,boat,boat,cross_view,c6,,000011,64:c6:000:000011,,000
64_c6_000_000012.jpg,64,6,train,boat,boat,boat,cross_view,c6,,000012,64:c6:000:000012,,000
64_c6_001_000011.jpg,64,6,train,boat,boat,boat,cross_view,c6,,000011,64:c6:001:000011,,001
64_c6_001_000012.jpg,64,6,train,boat,boat,boat,cross_view,c6,,000012,64:c6:001:000012,,001
64_c6_002_000011.jpg,64,6,train,boat,boat,boat,cross_view,c6,,000011,64:c6:002:000011,,002
64_c6_002_000012.jpg,64,6,train,boat,boat,boat,cross_view,c6,,000012,64:c6:002:000012,,002
64_c6_003_000011.jpg,64,6,train,boat,boat,boat,cross_view,c6,,000011,64:c6:003:000011,,003
64_c6_003_000012.jpg,64,6,train,boat,boat,boat,cross_view,c6,,000012,64:c6:003:000012,,003
64_c6_004_000011.jpg,64,6,train,boat,boat,boat,cross_view,c6,,000011,64:c6:004:000011,,004
64_c6_004_000012.jpg,64,6,train,boat,boat,boat,cross_view,c6,,000012,64:c6:004:000012,,004
64_c6_005_000011.jpg,64,6,train,boat,boat,boat,cross_view,c6,,000011,64:c6:005:000011,,005
64_c6_005_000012.jpg,64,6,train,boat,boat,boat,cross_view,c6,,000012,64:c6:005:000012,,005
64_c6_00_4.jpg,64,6,train,boat,boat,boat,cross_view,c6,,4,64:c6:00:4,,original
64_c6_00_5.jpg,64,6,train,boat,boat,boat,cross_view,c6,,5,64:c6:00:5,,original
65_c1_000_000000.jpg,65,1,train,boat,boat,boat,cross_view,c1,,000000,65:c1:000:000000,,000
65_c1_000_000001.jpg,65,1,train,boat,boat,boat,cross_view,c1,,000001,65:c1:000:000001,,000
65_c1_001_000000.jpg,65,1,train,boat,boat,boat,cross_view,c1,,000000,65:c1:001:000000,,001
65_c1_001_000001.jpg,65,1,train,boat,boat,boat,cross_view,c1,,000001,65:c1:001:000001,,001
65_c1_002_000000.jpg,65,1,train,boat,boat,boat,cross_view,c1,,000000,65:c1:002:000000,,002
65_c1_002_000001.jpg,65,1,train,boat,boat,boat,cross_view,c1,,000001,65:c1:002:000001,,002
65_c1_003_000000.jpg,65,1,train,boat,boat,boat,cross_view,c1,,000000,65:c1:003:000000,,003
65_c1_003_000001.jpg,65,1,train,boat,boat,boat,cross_view,c1,,000001,65:c1:003:000001,,003
65_c1_004_000000.jpg,65,1,train,boat,boat,boat,cross_view,c1,,000000,65:c1:004:000000,,004
65_c1_004_000001.jpg,65,1,train,boat,boat,boat,cross_view,c1,,000001,65:c1:004:000001,,004
65_c1_005_000000.jpg,65,1,train,boat,boat,boat,cross_view,c1,,000000,65:c1:005:000000,,005
65_c1_005_000001.jpg,65,1,train,boat,boat,boat,cross_view,c1,,000001,65:c1:005:000001,,005
65_c1_00_4.jpg,65,1,train,boat,boat,boat,cross_view,c1,,4,65:c1:00:4,,original
65_c1_00_9.jpg,65,1,train,boat,boat,boat,cross_view,c1,,9,65:c1:00:9,,original
65_c2_000_000002.jpg,65,2,train,boat,boat,boat,cross_view,c2,,000002,65:c2:000:000002,,000
65_c2_000_000003.jpg,65,2,train,boat,boat,boat,cross_view,c2,,000003,65:c2:000:000003,,000
65_c2_001_000002.jpg,65,2,train,boat,boat,boat,cross_view,c2,,000002,65:c2:001:000002,,001
65_c2_001_000003.jpg,65,2,train,boat,boat,boat,cross_view,c2,,000003,65:c2:001:000003,,001
65_c2_002_000002.jpg,65,2,train,boat,boat,boat,cross_view,c2,,000002,65:c2:002:000002,,002
65_c2_002_000003.jpg,65,2,train,boat,boat,boat,cross_view,c2,,000003,65:c2:002:000003,,002
65_c2_003_000002.jpg,65,2,train,boat,boat,boat,cross_view,c2,,000002,65:c2:003:000002,,003
65_c2_003_000003.jpg,65,2,train,boat,boat,boat,cross_view,c2,,000003,65:c2:003:000003,,003
65_c2_004_000002.jpg,65,2,train,boat,boat,boat,cross_view,c2,,000002,65:c2:004:000002,,004
65_c2_004_000003.jpg,65,2,train,boat,boat,boat,cross_view,c2,,000003,65:c2:004:000003,,004
65_c2_005_000002.jpg,65,2,train,boat,boat,boat,cross_view,c2,,000002,65:c2:005:000002,,005
65_c2_005_000003.jpg,65,2,train,boat,boat,boat,cross_view,c2,,000003,65:c2:005:000003,,005
65_c2_00_0.jpg,65,2,train,boat,boat,boat,cross_view,c2,,0,65:c2:00:0,,original
65_c2_00_6.jpg,65,2,train,boat,boat,boat,cross_view,c2,,6,65:c2:00:6,,original
65_c3_000_000004.jpg,65,3,train,boat,boat,boat,cross_view,c3,,000004,65:c3:000:000004,,000
65_c3_001_000004.jpg,65,3,train,boat,boat,boat,cross_view,c3,,000004,65:c3:001:000004,,001
65_c3_002_000004.jpg,65,3,train,boat,boat,boat,cross_view,c3,,000004,65:c3:002:000004,,002
65_c3_003_000004.jpg,65,3,train,boat,boat,boat,cross_view,c3,,000004,65:c3:003:000004,,003
65_c3_004_000004.jpg,65,3,train,boat,boat,boat,cross_view,c3,,000004,65:c3:004:000004,,004
65_c3_005_000004.jpg,65,3,train,boat,boat,boat,cross_view,c3,,000004,65:c3:005:000004,,005
65_c3_00_5.jpg,65,3,train,boat,boat,boat,cross_view,c3,,5,65:c3:00:5,,original
65_c4_000_000005.jpg,65,4,train,boat,boat,boat,cross_view,c4,,000005,65:c4:000:000005,,000
65_c4_000_000006.jpg,65,4,train,boat,boat,boat,cross_view,c4,,000006,65:c4:000:000006,,000
65_c4_001_000005.jpg,65,4,train,boat,boat,boat,cross_view,c4,,000005,65:c4:001:000005,,001
65_c4_001_000006.jpg,65,4,train,boat,boat,boat,cross_view,c4,,000006,65:c4:001:000006,,001
65_c4_002_000005.jpg,65,4,train,boat,boat,boat,cross_view,c4,,000005,65:c4:002:000005,,002
65_c4_002_000006.jpg,65,4,train,boat,boat,boat,cross_view,c4,,000006,65:c4:002:000006,,002
65_c4_003_000005.jpg,65,4,train,boat,boat,boat,cross_view,c4,,000005,65:c4:003:000005,,003
65_c4_003_000006.jpg,65,4,train,boat,boat,boat,cross_view,c4,,000006,65:c4:003:000006,,003
65_c4_004_000005.jpg,65,4,train,boat,boat,boat,cross_view,c4,,000005,65:c4:004:000005,,004
65_c4_004_000006.jpg,65,4,train,boat,boat,boat,cross_view,c4,,000006,65:c4:004:000006,,004
65_c4_005_000005.jpg,65,4,train,boat,boat,boat,cross_view,c4,,000005,65:c4:005:000005,,005
65_c4_005_000006.jpg,65,4,train,boat,boat,boat,cross_view,c4,,000006,65:c4:005:000006,,005
65_c4_00_3.jpg,65,4,train,boat,boat,boat,cross_view,c4,,3,65:c4:00:3,,original
65_c4_00_7.jpg,65,4,train,boat,boat,boat,cross_view,c4,,7,65:c4:00:7,,original
65_c5_000_000007.jpg,65,5,train,boat,boat,boat,cross_view,c5,,000007,65:c5:000:000007,,000
65_c5_001_000007.jpg,65,5,train,boat,boat,boat,cross_view,c5,,000007,65:c5:001:000007,,001
65_c5_002_000007.jpg,65,5,train,boat,boat,boat,cross_view,c5,,000007,65:c5:002:000007,,002
65_c5_003_000007.jpg,65,5,train,boat,boat,boat,cross_view,c5,,000007,65:c5:003:000007,,003
65_c5_004_000007.jpg,65,5,train,boat,boat,boat,cross_view,c5,,000007,65:c5:004:000007,,004
65_c5_005_000007.jpg,65,5,train,boat,boat,boat,cross_view,c5,,000007,65:c5:005:000007,,005
65_c5_00_8.jpg,65,5,train,boat,boat,boat,cross_view,c5,,8,65:c5:00:8,,original
65_c6_000_000008.jpg,65,6,train,boat,boat,boat,cross_view,c6,,000008,65:c6:000:000008,,000
65_c6_000_000009.jpg,65,6,train,boat,boat,boat,cross_view,c6,,000009,65:c6:000:000009,,000
65_c6_001_000008.jpg,65,6,train,boat,boat,boat,cross_view,c6,,000008,65:c6:001:000008,,001
65_c6_001_000009.jpg,65,6,train,boat,boat,boat,cross_view,c6,,000009,65:c6:001:000009,,001
65_c6_002_000008.jpg,65,6,train,boat,boat,boat,cross_view,c6,,000008,65:c6:002:000008,,002
65_c6_002_000009.jpg,65,6,train,boat,boat,boat,cross_view,c6,,000009,65:c6:002:000009,,002
65_c6_003_000008.jpg,65,6,train,boat,boat,boat,cross_view,c6,,000008,65:c6:003:000008,,003
65_c6_003_000009.jpg,65,6,train,boat,boat,boat,cross_view,c6,,000009,65:c6:003:000009,,003
65_c6_004_000008.jpg,65,6,train,boat,boat,boat,cross_view,c6,,000008,65:c6:004:000008,,004
65_c6_004_000009.jpg,65,6,train,boat,boat,boat,cross_view,c6,,000009,65:c6:004:000009,,004
65_c6_005_000008.jpg,65,6,train,boat,boat,boat,cross_view,c6,,000008,65:c6:005:000008,,005
65_c6_005_000009.jpg,65,6,train,boat,boat,boat,cross_view,c6,,000009,65:c6:005:000009,,005
65_c6_00_1.jpg,65,6,train,boat,boat,boat,cross_view,c6,,1,65:c6:00:1,,original
65_c6_00_2.jpg,65,6,train,boat,boat,boat,cross_view,c6,,2,65:c6:00:2,,original
66_c1_000_000000.jpg,66,1,train,boat,boat,boat,cross_view,c1,,000000,66:c1:000:000000,,000
66_c1_001_000000.jpg,66,1,train,boat,boat,boat,cross_view,c1,,000000,66:c1:001:000000,,001
66_c1_002_000000.jpg,66,1,train,boat,boat,boat,cross_view,c1,,000000,66:c1:002:000000,,002
66_c1_003_000000.jpg,66,1,train,boat,boat,boat,cross_view,c1,,000000,66:c1:003:000000,,003
66_c1_004_000000.jpg,66,1,train,boat,boat,boat,cross_view,c1,,000000,66:c1:004:000000,,004
66_c1_005_000000.jpg,66,1,train,boat,boat,boat,cross_view,c1,,000000,66:c1:005:000000,,005
66_c1_00_0.jpg,66,1,train,boat,boat,boat,cross_view,c1,,0,66:c1:00:0,,original
66_c2_000_000001.jpg,66,2,train,boat,boat,boat,cross_view,c2,,000001,66:c2:000:000001,,000
66_c2_001_000001.jpg,66,2,train,boat,boat,boat,cross_view,c2,,000001,66:c2:001:000001,,001
66_c2_002_000001.jpg,66,2,train,boat,boat,boat,cross_view,c2,,000001,66:c2:002:000001,,002
66_c2_003_000001.jpg,66,2,train,boat,boat,boat,cross_view,c2,,000001,66:c2:003:000001,,003
66_c2_004_000001.jpg,66,2,train,boat,boat,boat,cross_view,c2,,000001,66:c2:004:000001,,004
66_c2_005_000001.jpg,66,2,train,boat,boat,boat,cross_view,c2,,000001,66:c2:005:000001,,005
66_c2_00_1.jpg,66,2,train,boat,boat,boat,cross_view,c2,,1,66:c2:00:1,,original
66_c4_000_000002.jpg,66,4,train,boat,boat,boat,cross_view,c4,,000002,66:c4:000:000002,,000
66_c4_001_000002.jpg,66,4,train,boat,boat,boat,cross_view,c4,,000002,66:c4:001:000002,,001
66_c4_002_000002.jpg,66,4,train,boat,boat,boat,cross_view,c4,,000002,66:c4:002:000002,,002
66_c4_003_000002.jpg,66,4,train,boat,boat,boat,cross_view,c4,,000002,66:c4:003:000002,,003
66_c4_004_000002.jpg,66,4,train,boat,boat,boat,cross_view,c4,,000002,66:c4:004:000002,,004
66_c4_005_000002.jpg,66,4,train,boat,boat,boat,cross_view,c4,,000002,66:c4:005:000002,,005
66_c4_00_2.jpg,66,4,train,boat,boat,boat,cross_view,c4,,2,66:c4:00:2,,original
66_c5_000_000003.jpg,66,5,train,boat,boat,boat,cross_view,c5,,000003,66:c5:000:000003,,000
66_c5_000_000004.jpg,66,5,train,boat,boat,boat,cross_view,c5,,000004,66:c5:000:000004,,000
66_c5_001_000003.jpg,66,5,train,boat,boat,boat,cross_view,c5,,000003,66:c5:001:000003,,001
66_c5_001_000004.jpg,66,5,train,boat,boat,boat,cross_view,c5,,000004,66:c5:001:000004,,001
66_c5_002_000003.jpg,66,5,train,boat,boat,boat,cross_view,c5,,000003,66:c5:002:000003,,002
66_c5_002_000004.jpg,66,5,train,boat,boat,boat,cross_view,c5,,000004,66:c5:002:000004,,002
66_c5_003_000003.jpg,66,5,train,boat,boat,boat,cross_view,c5,,000003,66:c5:003:000003,,003
66_c5_003_000004.jpg,66,5,train,boat,boat,boat,cross_view,c5,,000004,66:c5:003:000004,,003
66_c5_004_000003.jpg,66,5,train,boat,boat,boat,cross_view,c5,,000003,66:c5:004:000003,,004
66_c5_004_000004.jpg,66,5,train,boat,boat,boat,cross_view,c5,,000004,66:c5:004:000004,,004
66_c5_005_000003.jpg,66,5,train,boat,boat,boat,cross_view,c5,,000003,66:c5:005:000003,,005
66_c5_005_000004.jpg,66,5,train,boat,boat,boat,cross_view,c5,,000004,66:c5:005:000004,,005
66_c5_00_3.jpg,66,5,train,boat,boat,boat,cross_view,c5,,3,66:c5:00:3,,original
66_c5_00_4.jpg,66,5,train,boat,boat,boat,cross_view,c5,,4,66:c5:00:4,,original
67_c1_00_0.jpg,67,1,query,boat,boat,boat,cross_view,c1,,0,67:c1:00:0,,original
67_c1_00_7.jpg,67,1,gallery,boat,boat,boat,cross_view,c1,,7,67:c1:00:7,,original
67_c2_00_3.jpg,67,2,gallery,boat,boat,boat,cross_view,c2,,3,67:c2:00:3,,original
67_c2_00_5.jpg,67,2,gallery,boat,boat,boat,cross_view,c2,,5,67:c2:00:5,,original
67_c3_00_1.jpg,67,3,gallery,boat,boat,boat,cross_view,c3,,1,67:c3:00:1,,original
67_c3_00_2.jpg,67,3,gallery,boat,boat,boat,cross_view,c3,,2,67:c3:00:2,,original
67_c4_00_4.jpg,67,4,gallery,boat,boat,boat,cross_view,c4,,4,67:c4:00:4,,original
67_c6_00_6.jpg,67,6,gallery,boat,boat,boat,cross_view,c6,,6,67:c6:00:6,,original
68_c1_00_2.jpg,68,1,query,boat,boat,boat,cross_view,c1,,2,68:c1:00:2,,original
68_c2_00_4.jpg,68,2,gallery,boat,boat,boat,cross_view,c2,,4,68:c2:00:4,,original
68_c3_00_0.jpg,68,3,gallery,boat,boat,boat,cross_view,c3,,0,68:c3:00:0,,original
68_c5_00_1.jpg,68,5,gallery,boat,boat,boat,cross_view,c5,,1,68:c5:00:1,,original
68_c6_00_3.jpg,68,6,gallery,boat,boat,boat,cross_view,c6,,3,68:c6:00:3,,original
69_c1_00_17.jpg,69,1,query,boat,boat,boat,cross_view,c1,,17,69:c1:00:17,,original
69_c1_00_4.jpg,69,1,gallery,boat,boat,boat,cross_view,c1,,4,69:c1:00:4,,original
69_c1_00_7.jpg,69,1,gallery,boat,boat,boat,cross_view,c1,,7,69:c1:00:7,,original
69_c1_00_8.jpg,69,1,gallery,boat,boat,boat,cross_view,c1,,8,69:c1:00:8,,original
69_c2_00_0.jpg,69,2,gallery,boat,boat,boat,cross_view,c2,,0,69:c2:00:0,,original
69_c2_00_14.jpg,69,2,gallery,boat,boat,boat,cross_view,c2,,14,69:c2:00:14,,original
69_c2_00_9.jpg,69,2,gallery,boat,boat,boat,cross_view,c2,,9,69:c2:00:9,,original
69_c3_00_12.jpg,69,3,gallery,boat,boat,boat,cross_view,c3,,12,69:c3:00:12,,original
69_c3_00_15.jpg,69,3,gallery,boat,boat,boat,cross_view,c3,,15,69:c3:00:15,,original
69_c3_00_3.jpg,69,3,gallery,boat,boat,boat,cross_view,c3,,3,69:c3:00:3,,original
69_c3_00_6.jpg,69,3,gallery,boat,boat,boat,cross_view,c3,,6,69:c3:00:6,,original
69_c4_00_10.jpg,69,4,gallery,boat,boat,boat,cross_view,c4,,10,69:c4:00:10,,original
69_c4_00_11.jpg,69,4,gallery,boat,boat,boat,cross_view,c4,,11,69:c4:00:11,,original
69_c4_00_13.jpg,69,4,gallery,boat,boat,boat,cross_view,c4,,13,69:c4:00:13,,original
69_c5_00_1.jpg,69,5,gallery,boat,boat,boat,cross_view,c5,,1,69:c5:00:1,,original
69_c5_00_16.jpg,69,5,gallery,boat,boat,boat,cross_view,c5,,16,69:c5:00:16,,original
69_c5_00_5.jpg,69,5,gallery,boat,boat,boat,cross_view,c5,,5,69:c5:00:5,,original
69_c6_00_18.jpg,69,6,gallery,boat,boat,boat,cross_view,c6,,18,69:c6:00:18,,original
69_c6_00_19.jpg,69,6,gallery,boat,boat,boat,cross_view,c6,,19,69:c6:00:19,,original
69_c6_00_2.jpg,69,6,gallery,boat,boat,boat,cross_view,c6,,2,69:c6:00:2,,original
6_c1_000_000000.jpg,6,1,train,boat,boat,boat,cross_view,c1,,000000,6:c1:000:000000,,000
6_c1_001_000000.jpg,6,1,train,boat,boat,boat,cross_view,c1,,000000,6:c1:001:000000,,001
6_c1_002_000000.jpg,6,1,train,boat,boat,boat,cross_view,c1,,000000,6:c1:002:000000,,002
6_c1_003_000000.jpg,6,1,train,boat,boat,boat,cross_view,c1,,000000,6:c1:003:000000,,003
6_c1_004_000000.jpg,6,1,train,boat,boat,boat,cross_view,c1,,000000,6:c1:004:000000,,004
6_c1_005_000000.jpg,6,1,train,boat,boat,boat,cross_view,c1,,000000,6:c1:005:000000,,005
6_c1_00_8.jpg,6,1,train,boat,boat,boat,cross_view,c1,,8,6:c1:00:8,,original
6_c2_000_000001.jpg,6,2,train,boat,boat,boat,cross_view,c2,,000001,6:c2:000:000001,,000
6_c2_000_000002.jpg,6,2,train,boat,boat,boat,cross_view,c2,,000002,6:c2:000:000002,,000
6_c2_001_000001.jpg,6,2,train,boat,boat,boat,cross_view,c2,,000001,6:c2:001:000001,,001
6_c2_001_000002.jpg,6,2,train,boat,boat,boat,cross_view,c2,,000002,6:c2:001:000002,,001
6_c2_002_000001.jpg,6,2,train,boat,boat,boat,cross_view,c2,,000001,6:c2:002:000001,,002
6_c2_002_000002.jpg,6,2,train,boat,boat,boat,cross_view,c2,,000002,6:c2:002:000002,,002
6_c2_003_000001.jpg,6,2,train,boat,boat,boat,cross_view,c2,,000001,6:c2:003:000001,,003
6_c2_003_000002.jpg,6,2,train,boat,boat,boat,cross_view,c2,,000002,6:c2:003:000002,,003
6_c2_004_000001.jpg,6,2,train,boat,boat,boat,cross_view,c2,,000001,6:c2:004:000001,,004
6_c2_004_000002.jpg,6,2,train,boat,boat,boat,cross_view,c2,,000002,6:c2:004:000002,,004
6_c2_005_000001.jpg,6,2,train,boat,boat,boat,cross_view,c2,,000001,6:c2:005:000001,,005
6_c2_005_000002.jpg,6,2,train,boat,boat,boat,cross_view,c2,,000002,6:c2:005:000002,,005
6_c2_00_2.jpg,6,2,train,boat,boat,boat,cross_view,c2,,2,6:c2:00:2,,original
6_c2_00_7.jpg,6,2,train,boat,boat,boat,cross_view,c2,,7,6:c2:00:7,,original
6_c3_000_000003.jpg,6,3,train,boat,boat,boat,cross_view,c3,,000003,6:c3:000:000003,,000
6_c3_000_000004.jpg,6,3,train,boat,boat,boat,cross_view,c3,,000004,6:c3:000:000004,,000
6_c3_001_000003.jpg,6,3,train,boat,boat,boat,cross_view,c3,,000003,6:c3:001:000003,,001
6_c3_001_000004.jpg,6,3,train,boat,boat,boat,cross_view,c3,,000004,6:c3:001:000004,,001
6_c3_002_000003.jpg,6,3,train,boat,boat,boat,cross_view,c3,,000003,6:c3:002:000003,,002
6_c3_002_000004.jpg,6,3,train,boat,boat,boat,cross_view,c3,,000004,6:c3:002:000004,,002
6_c3_003_000003.jpg,6,3,train,boat,boat,boat,cross_view,c3,,000003,6:c3:003:000003,,003
6_c3_003_000004.jpg,6,3,train,boat,boat,boat,cross_view,c3,,000004,6:c3:003:000004,,003
6_c3_004_000003.jpg,6,3,train,boat,boat,boat,cross_view,c3,,000003,6:c3:004:000003,,004
6_c3_004_000004.jpg,6,3,train,boat,boat,boat,cross_view,c3,,000004,6:c3:004:000004,,004
6_c3_005_000003.jpg,6,3,train,boat,boat,boat,cross_view,c3,,000003,6:c3:005:000003,,005
6_c3_005_000004.jpg,6,3,train,boat,boat,boat,cross_view,c3,,000004,6:c3:005:000004,,005
6_c3_00_4.jpg,6,3,train,boat,boat,boat,cross_view,c3,,4,6:c3:00:4,,original
6_c3_00_6.jpg,6,3,train,boat,boat,boat,cross_view,c3,,6,6:c3:00:6,,original
6_c4_000_000005.jpg,6,4,train,boat,boat,boat,cross_view,c4,,000005,6:c4:000:000005,,000
6_c4_000_000006.jpg,6,4,train,boat,boat,boat,cross_view,c4,,000006,6:c4:000:000006,,000
6_c4_000_000007.jpg,6,4,train,boat,boat,boat,cross_view,c4,,000007,6:c4:000:000007,,000
6_c4_001_000005.jpg,6,4,train,boat,boat,boat,cross_view,c4,,000005,6:c4:001:000005,,001
6_c4_001_000006.jpg,6,4,train,boat,boat,boat,cross_view,c4,,000006,6:c4:001:000006,,001
6_c4_001_000007.jpg,6,4,train,boat,boat,boat,cross_view,c4,,000007,6:c4:001:000007,,001
6_c4_002_000005.jpg,6,4,train,boat,boat,boat,cross_view,c4,,000005,6:c4:002:000005,,002
6_c4_002_000006.jpg,6,4,train,boat,boat,boat,cross_view,c4,,000006,6:c4:002:000006,,002
6_c4_002_000007.jpg,6,4,train,boat,boat,boat,cross_view,c4,,000007,6:c4:002:000007,,002
6_c4_003_000005.jpg,6,4,train,boat,boat,boat,cross_view,c4,,000005,6:c4:003:000005,,003
6_c4_003_000006.jpg,6,4,train,boat,boat,boat,cross_view,c4,,000006,6:c4:003:000006,,003
6_c4_003_000007.jpg,6,4,train,boat,boat,boat,cross_view,c4,,000007,6:c4:003:000007,,003
6_c4_004_000005.jpg,6,4,train,boat,boat,boat,cross_view,c4,,000005,6:c4:004:000005,,004
6_c4_004_000006.jpg,6,4,train,boat,boat,boat,cross_view,c4,,000006,6:c4:004:000006,,004
6_c4_004_000007.jpg,6,4,train,boat,boat,boat,cross_view,c4,,000007,6:c4:004:000007,,004
6_c4_005_000005.jpg,6,4,train,boat,boat,boat,cross_view,c4,,000005,6:c4:005:000005,,005
6_c4_005_000006.jpg,6,4,train,boat,boat,boat,cross_view,c4,,000006,6:c4:005:000006,,005
6_c4_005_000007.jpg,6,4,train,boat,boat,boat,cross_view,c4,,000007,6:c4:005:000007,,005
6_c4_00_1.jpg,6,4,train,boat,boat,boat,cross_view,c4,,1,6:c4:00:1,,original
6_c4_00_11.jpg,6,4,train,boat,boat,boat,cross_view,c4,,11,6:c4:00:11,,original
6_c4_00_3.jpg,6,4,train,boat,boat,boat,cross_view,c4,,3,6:c4:00:3,,original
6_c5_000_000008.jpg,6,5,train,boat,boat,boat,cross_view,c5,,000008,6:c5:000:000008,,000
6_c5_000_000009.jpg,6,5,train,boat,boat,boat,cross_view,c5,,000009,6:c5:000:000009,,000
6_c5_000_000010.jpg,6,5,train,boat,boat,boat,cross_view,c5,,000010,6:c5:000:000010,,000
6_c5_001_000008.jpg,6,5,train,boat,boat,boat,cross_view,c5,,000008,6:c5:001:000008,,001
6_c5_001_000009.jpg,6,5,train,boat,boat,boat,cross_view,c5,,000009,6:c5:001:000009,,001
6_c5_001_000010.jpg,6,5,train,boat,boat,boat,cross_view,c5,,000010,6:c5:001:000010,,001
6_c5_002_000008.jpg,6,5,train,boat,boat,boat,cross_view,c5,,000008,6:c5:002:000008,,002
6_c5_002_000009.jpg,6,5,train,boat,boat,boat,cross_view,c5,,000009,6:c5:002:000009,,002
6_c5_002_000010.jpg,6,5,train,boat,boat,boat,cross_view,c5,,000010,6:c5:002:000010,,002
6_c5_003_000008.jpg,6,5,train,boat,boat,boat,cross_view,c5,,000008,6:c5:003:000008,,003
6_c5_003_000009.jpg,6,5,train,boat,boat,boat,cross_view,c5,,000009,6:c5:003:000009,,003
6_c5_003_000010.jpg,6,5,train,boat,boat,boat,cross_view,c5,,000010,6:c5:003:000010,,003
6_c5_004_000008.jpg,6,5,train,boat,boat,boat,cross_view,c5,,000008,6:c5:004:000008,,004
6_c5_004_000009.jpg,6,5,train,boat,boat,boat,cross_view,c5,,000009,6:c5:004:000009,,004
6_c5_004_000010.jpg,6,5,train,boat,boat,boat,cross_view,c5,,000010,6:c5:004:000010,,004
6_c5_005_000008.jpg,6,5,train,boat,boat,boat,cross_view,c5,,000008,6:c5:005:000008,,005
6_c5_005_000009.jpg,6,5,train,boat,boat,boat,cross_view,c5,,000009,6:c5:005:000009,,005
6_c5_005_000010.jpg,6,5,train,boat,boat,boat,cross_view,c5,,000010,6:c5:005:000010,,005
6_c5_00_0.jpg,6,5,train,boat,boat,boat,cross_view,c5,,0,6:c5:00:0,,original
6_c5_00_12.jpg,6,5,train,boat,boat,boat,cross_view,c5,,12,6:c5:00:12,,original
6_c5_00_9.jpg,6,5,train,boat,boat,boat,cross_view,c5,,9,6:c5:00:9,,original
6_c6_000_000011.jpg,6,6,train,boat,boat,boat,cross_view,c6,,000011,6:c6:000:000011,,000
6_c6_000_000012.jpg,6,6,train,boat,boat,boat,cross_view,c6,,000012,6:c6:000:000012,,000
6_c6_001_000011.jpg,6,6,train,boat,boat,boat,cross_view,c6,,000011,6:c6:001:000011,,001
6_c6_001_000012.jpg,6,6,train,boat,boat,boat,cross_view,c6,,000012,6:c6:001:000012,,001
6_c6_002_000011.jpg,6,6,train,boat,boat,boat,cross_view,c6,,000011,6:c6:002:000011,,002
6_c6_002_000012.jpg,6,6,train,boat,boat,boat,cross_view,c6,,000012,6:c6:002:000012,,002
6_c6_003_000011.jpg,6,6,train,boat,boat,boat,cross_view,c6,,000011,6:c6:003:000011,,003
6_c6_003_000012.jpg,6,6,train,boat,boat,boat,cross_view,c6,,000012,6:c6:003:000012,,003
6_c6_004_000011.jpg,6,6,train,boat,boat,boat,cross_view,c6,,000011,6:c6:004:000011,,004
6_c6_004_000012.jpg,6,6,train,boat,boat,boat,cross_view,c6,,000012,6:c6:004:000012,,004
6_c6_005_000011.jpg,6,6,train,boat,boat,boat,cross_view,c6,,000011,6:c6:005:000011,,005
6_c6_005_000012.jpg,6,6,train,boat,boat,boat,cross_view,c6,,000012,6:c6:005:000012,,005
6_c6_00_10.jpg,6,6,train,boat,boat,boat,cross_view,c6,,10,6:c6:00:10,,original
6_c6_00_5.jpg,6,6,train,boat,boat,boat,cross_view,c6,,5,6:c6:00:5,,original
70_c1_00_1.jpg,70,1,query,boat,boat,boat,cross_view,c1,,1,70:c1:00:1,,original
70_c1_00_3.jpg,70,1,gallery,boat,boat,boat,cross_view,c1,,3,70:c1:00:3,,original
70_c3_00_4.jpg,70,3,gallery,boat,boat,boat,cross_view,c3,,4,70:c3:00:4,,original
70_c5_00_2.jpg,70,5,gallery,boat,boat,boat,cross_view,c5,,2,70:c5:00:2,,original
70_c6_00_0.jpg,70,6,gallery,boat,boat,boat,cross_view,c6,,0,70:c6:00:0,,original
71_c1_000_000000.jpg,71,1,train,boat,boat,boat,cross_view,c1,,000000,71:c1:000:000000,,000
71_c1_000_000001.jpg,71,1,train,boat,boat,boat,cross_view,c1,,000001,71:c1:000:000001,,000
71_c1_001_000000.jpg,71,1,train,boat,boat,boat,cross_view,c1,,000000,71:c1:001:000000,,001
71_c1_001_000001.jpg,71,1,train,boat,boat,boat,cross_view,c1,,000001,71:c1:001:000001,,001
71_c1_002_000000.jpg,71,1,train,boat,boat,boat,cross_view,c1,,000000,71:c1:002:000000,,002
71_c1_002_000001.jpg,71,1,train,boat,boat,boat,cross_view,c1,,000001,71:c1:002:000001,,002
71_c1_003_000000.jpg,71,1,train,boat,boat,boat,cross_view,c1,,000000,71:c1:003:000000,,003
71_c1_003_000001.jpg,71,1,train,boat,boat,boat,cross_view,c1,,000001,71:c1:003:000001,,003
71_c1_004_000000.jpg,71,1,train,boat,boat,boat,cross_view,c1,,000000,71:c1:004:000000,,004
71_c1_004_000001.jpg,71,1,train,boat,boat,boat,cross_view,c1,,000001,71:c1:004:000001,,004
71_c1_005_000000.jpg,71,1,train,boat,boat,boat,cross_view,c1,,000000,71:c1:005:000000,,005
71_c1_005_000001.jpg,71,1,train,boat,boat,boat,cross_view,c1,,000001,71:c1:005:000001,,005
71_c1_00_0.jpg,71,1,train,boat,boat,boat,cross_view,c1,,0,71:c1:00:0,,original
71_c1_00_8.jpg,71,1,train,boat,boat,boat,cross_view,c1,,8,71:c1:00:8,,original
71_c2_000_000002.jpg,71,2,train,boat,boat,boat,cross_view,c2,,000002,71:c2:000:000002,,000
71_c2_001_000002.jpg,71,2,train,boat,boat,boat,cross_view,c2,,000002,71:c2:001:000002,,001
71_c2_002_000002.jpg,71,2,train,boat,boat,boat,cross_view,c2,,000002,71:c2:002:000002,,002
71_c2_003_000002.jpg,71,2,train,boat,boat,boat,cross_view,c2,,000002,71:c2:003:000002,,003
71_c2_004_000002.jpg,71,2,train,boat,boat,boat,cross_view,c2,,000002,71:c2:004:000002,,004
71_c2_005_000002.jpg,71,2,train,boat,boat,boat,cross_view,c2,,000002,71:c2:005:000002,,005
71_c2_00_1.jpg,71,2,train,boat,boat,boat,cross_view,c2,,1,71:c2:00:1,,original
71_c3_000_000003.jpg,71,3,train,boat,boat,boat,cross_view,c3,,000003,71:c3:000:000003,,000
71_c3_000_000004.jpg,71,3,train,boat,boat,boat,cross_view,c3,,000004,71:c3:000:000004,,000
71_c3_001_000003.jpg,71,3,train,boat,boat,boat,cross_view,c3,,000003,71:c3:001:000003,,001
71_c3_001_000004.jpg,71,3,train,boat,boat,boat,cross_view,c3,,000004,71:c3:001:000004,,001
71_c3_002_000003.jpg,71,3,train,boat,boat,boat,cross_view,c3,,000003,71:c3:002:000003,,002
71_c3_002_000004.jpg,71,3,train,boat,boat,boat,cross_view,c3,,000004,71:c3:002:000004,,002
71_c3_003_000003.jpg,71,3,train,boat,boat,boat,cross_view,c3,,000003,71:c3:003:000003,,003
71_c3_003_000004.jpg,71,3,train,boat,boat,boat,cross_view,c3,,000004,71:c3:003:000004,,003
71_c3_004_000003.jpg,71,3,train,boat,boat,boat,cross_view,c3,,000003,71:c3:004:000003,,004
71_c3_004_000004.jpg,71,3,train,boat,boat,boat,cross_view,c3,,000004,71:c3:004:000004,,004
71_c3_005_000003.jpg,71,3,train,boat,boat,boat,cross_view,c3,,000003,71:c3:005:000003,,005
71_c3_005_000004.jpg,71,3,train,boat,boat,boat,cross_view,c3,,000004,71:c3:005:000004,,005
71_c3_00_2.jpg,71,3,train,boat,boat,boat,cross_view,c3,,2,71:c3:00:2,,original
71_c3_00_3.jpg,71,3,train,boat,boat,boat,cross_view,c3,,3,71:c3:00:3,,original
71_c4_000_000005.jpg,71,4,train,boat,boat,boat,cross_view,c4,,000005,71:c4:000:000005,,000
71_c4_001_000005.jpg,71,4,train,boat,boat,boat,cross_view,c4,,000005,71:c4:001:000005,,001
71_c4_002_000005.jpg,71,4,train,boat,boat,boat,cross_view,c4,,000005,71:c4:002:000005,,002
71_c4_003_000005.jpg,71,4,train,boat,boat,boat,cross_view,c4,,000005,71:c4:003:000005,,003
71_c4_004_000005.jpg,71,4,train,boat,boat,boat,cross_view,c4,,000005,71:c4:004:000005,,004
71_c4_005_000005.jpg,71,4,train,boat,boat,boat,cross_view,c4,,000005,71:c4:005:000005,,005
71_c4_00_4.jpg,71,4,train,boat,boat,boat,cross_view,c4,,4,71:c4:00:4,,original
71_c5_000_000006.jpg,71,5,train,boat,boat,boat,cross_view,c5,,000006,71:c5:000:000006,,000
71_c5_000_000007.jpg,71,5,train,boat,boat,boat,cross_view,c5,,000007,71:c5:000:000007,,000
71_c5_001_000006.jpg,71,5,train,boat,boat,boat,cross_view,c5,,000006,71:c5:001:000006,,001
71_c5_001_000007.jpg,71,5,train,boat,boat,boat,cross_view,c5,,000007,71:c5:001:000007,,001
71_c5_002_000006.jpg,71,5,train,boat,boat,boat,cross_view,c5,,000006,71:c5:002:000006,,002
71_c5_002_000007.jpg,71,5,train,boat,boat,boat,cross_view,c5,,000007,71:c5:002:000007,,002
71_c5_003_000006.jpg,71,5,train,boat,boat,boat,cross_view,c5,,000006,71:c5:003:000006,,003
71_c5_003_000007.jpg,71,5,train,boat,boat,boat,cross_view,c5,,000007,71:c5:003:000007,,003
71_c5_004_000006.jpg,71,5,train,boat,boat,boat,cross_view,c5,,000006,71:c5:004:000006,,004
71_c5_004_000007.jpg,71,5,train,boat,boat,boat,cross_view,c5,,000007,71:c5:004:000007,,004
71_c5_005_000006.jpg,71,5,train,boat,boat,boat,cross_view,c5,,000006,71:c5:005:000006,,005
71_c5_005_000007.jpg,71,5,train,boat,boat,boat,cross_view,c5,,000007,71:c5:005:000007,,005
71_c5_00_5.jpg,71,5,train,boat,boat,boat,cross_view,c5,,5,71:c5:00:5,,original
71_c5_00_6.jpg,71,5,train,boat,boat,boat,cross_view,c5,,6,71:c5:00:6,,original
71_c6_000_000008.jpg,71,6,train,boat,boat,boat,cross_view,c6,,000008,71:c6:000:000008,,000
71_c6_001_000008.jpg,71,6,train,boat,boat,boat,cross_view,c6,,000008,71:c6:001:000008,,001
71_c6_002_000008.jpg,71,6,train,boat,boat,boat,cross_view,c6,,000008,71:c6:002:000008,,002
71_c6_003_000008.jpg,71,6,train,boat,boat,boat,cross_view,c6,,000008,71:c6:003:000008,,003
71_c6_004_000008.jpg,71,6,train,boat,boat,boat,cross_view,c6,,000008,71:c6:004:000008,,004
71_c6_005_000008.jpg,71,6,train,boat,boat,boat,cross_view,c6,,000008,71:c6:005:000008,,005
71_c6_00_7.jpg,71,6,train,boat,boat,boat,cross_view,c6,,7,71:c6:00:7,,original
72_c1_000_000000.jpg,72,1,train,boat,boat,boat,cross_view,c1,,000000,72:c1:000:000000,,000
72_c1_000_000001.jpg,72,1,train,boat,boat,boat,cross_view,c1,,000001,72:c1:000:000001,,000
72_c1_001_000000.jpg,72,1,train,boat,boat,boat,cross_view,c1,,000000,72:c1:001:000000,,001
72_c1_001_000001.jpg,72,1,train,boat,boat,boat,cross_view,c1,,000001,72:c1:001:000001,,001
72_c1_002_000000.jpg,72,1,train,boat,boat,boat,cross_view,c1,,000000,72:c1:002:000000,,002
72_c1_002_000001.jpg,72,1,train,boat,boat,boat,cross_view,c1,,000001,72:c1:002:000001,,002
72_c1_003_000000.jpg,72,1,train,boat,boat,boat,cross_view,c1,,000000,72:c1:003:000000,,003
72_c1_003_000001.jpg,72,1,train,boat,boat,boat,cross_view,c1,,000001,72:c1:003:000001,,003
72_c1_004_000000.jpg,72,1,train,boat,boat,boat,cross_view,c1,,000000,72:c1:004:000000,,004
72_c1_004_000001.jpg,72,1,train,boat,boat,boat,cross_view,c1,,000001,72:c1:004:000001,,004
72_c1_005_000000.jpg,72,1,train,boat,boat,boat,cross_view,c1,,000000,72:c1:005:000000,,005
72_c1_005_000001.jpg,72,1,train,boat,boat,boat,cross_view,c1,,000001,72:c1:005:000001,,005
72_c1_00_.jpg,72,1,train,boat,boat,boat,cross_view,c1,,,72:c1:00:missing,,original
72_c1_00_1.jpg,72,1,train,boat,boat,boat,cross_view,c1,,1,72:c1:00:1,,original
72_c2_000_000002.jpg,72,2,train,boat,boat,boat,cross_view,c2,,000002,72:c2:000:000002,,000
72_c2_000_000003.jpg,72,2,train,boat,boat,boat,cross_view,c2,,000003,72:c2:000:000003,,000
72_c2_001_000002.jpg,72,2,train,boat,boat,boat,cross_view,c2,,000002,72:c2:001:000002,,001
72_c2_001_000003.jpg,72,2,train,boat,boat,boat,cross_view,c2,,000003,72:c2:001:000003,,001
72_c2_002_000002.jpg,72,2,train,boat,boat,boat,cross_view,c2,,000002,72:c2:002:000002,,002
72_c2_002_000003.jpg,72,2,train,boat,boat,boat,cross_view,c2,,000003,72:c2:002:000003,,002
72_c2_003_000002.jpg,72,2,train,boat,boat,boat,cross_view,c2,,000002,72:c2:003:000002,,003
72_c2_003_000003.jpg,72,2,train,boat,boat,boat,cross_view,c2,,000003,72:c2:003:000003,,003
72_c2_004_000002.jpg,72,2,train,boat,boat,boat,cross_view,c2,,000002,72:c2:004:000002,,004
72_c2_004_000003.jpg,72,2,train,boat,boat,boat,cross_view,c2,,000003,72:c2:004:000003,,004
72_c2_005_000002.jpg,72,2,train,boat,boat,boat,cross_view,c2,,000002,72:c2:005:000002,,005
72_c2_005_000003.jpg,72,2,train,boat,boat,boat,cross_view,c2,,000003,72:c2:005:000003,,005
72_c2_00_2.jpg,72,2,train,boat,boat,boat,cross_view,c2,,2,72:c2:00:2,,original
72_c2_00_3.jpg,72,2,train,boat,boat,boat,cross_view,c2,,3,72:c2:00:3,,original
72_c3_000_000004.jpg,72,3,train,boat,boat,boat,cross_view,c3,,000004,72:c3:000:000004,,000
72_c3_001_000004.jpg,72,3,train,boat,boat,boat,cross_view,c3,,000004,72:c3:001:000004,,001
72_c3_002_000004.jpg,72,3,train,boat,boat,boat,cross_view,c3,,000004,72:c3:002:000004,,002
72_c3_003_000004.jpg,72,3,train,boat,boat,boat,cross_view,c3,,000004,72:c3:003:000004,,003
72_c3_004_000004.jpg,72,3,train,boat,boat,boat,cross_view,c3,,000004,72:c3:004:000004,,004
72_c3_005_000004.jpg,72,3,train,boat,boat,boat,cross_view,c3,,000004,72:c3:005:000004,,005
72_c3_00_8.jpg,72,3,train,boat,boat,boat,cross_view,c3,,8,72:c3:00:8,,original
72_c4_000_000005.jpg,72,4,train,boat,boat,boat,cross_view,c4,,000005,72:c4:000:000005,,000
72_c4_000_000006.jpg,72,4,train,boat,boat,boat,cross_view,c4,,000006,72:c4:000:000006,,000
72_c4_001_000005.jpg,72,4,train,boat,boat,boat,cross_view,c4,,000005,72:c4:001:000005,,001
72_c4_001_000006.jpg,72,4,train,boat,boat,boat,cross_view,c4,,000006,72:c4:001:000006,,001
72_c4_002_000005.jpg,72,4,train,boat,boat,boat,cross_view,c4,,000005,72:c4:002:000005,,002
72_c4_002_000006.jpg,72,4,train,boat,boat,boat,cross_view,c4,,000006,72:c4:002:000006,,002
72_c4_003_000005.jpg,72,4,train,boat,boat,boat,cross_view,c4,,000005,72:c4:003:000005,,003
72_c4_003_000006.jpg,72,4,train,boat,boat,boat,cross_view,c4,,000006,72:c4:003:000006,,003
72_c4_004_000005.jpg,72,4,train,boat,boat,boat,cross_view,c4,,000005,72:c4:004:000005,,004
72_c4_004_000006.jpg,72,4,train,boat,boat,boat,cross_view,c4,,000006,72:c4:004:000006,,004
72_c4_005_000005.jpg,72,4,train,boat,boat,boat,cross_view,c4,,000005,72:c4:005:000005,,005
72_c4_005_000006.jpg,72,4,train,boat,boat,boat,cross_view,c4,,000006,72:c4:005:000006,,005
72_c4_00_0.jpg,72,4,train,boat,boat,boat,cross_view,c4,,0,72:c4:00:0,,original
72_c4_00_4.jpg,72,4,train,boat,boat,boat,cross_view,c4,,4,72:c4:00:4,,original
72_c5_000_000007.jpg,72,5,train,boat,boat,boat,cross_view,c5,,000007,72:c5:000:000007,,000
72_c5_000_000008.jpg,72,5,train,boat,boat,boat,cross_view,c5,,000008,72:c5:000:000008,,000
72_c5_001_000007.jpg,72,5,train,boat,boat,boat,cross_view,c5,,000007,72:c5:001:000007,,001
72_c5_001_000008.jpg,72,5,train,boat,boat,boat,cross_view,c5,,000008,72:c5:001:000008,,001
72_c5_002_000007.jpg,72,5,train,boat,boat,boat,cross_view,c5,,000007,72:c5:002:000007,,002
72_c5_002_000008.jpg,72,5,train,boat,boat,boat,cross_view,c5,,000008,72:c5:002:000008,,002
72_c5_003_000007.jpg,72,5,train,boat,boat,boat,cross_view,c5,,000007,72:c5:003:000007,,003
72_c5_003_000008.jpg,72,5,train,boat,boat,boat,cross_view,c5,,000008,72:c5:003:000008,,003
72_c5_004_000007.jpg,72,5,train,boat,boat,boat,cross_view,c5,,000007,72:c5:004:000007,,004
72_c5_004_000008.jpg,72,5,train,boat,boat,boat,cross_view,c5,,000008,72:c5:004:000008,,004
72_c5_005_000007.jpg,72,5,train,boat,boat,boat,cross_view,c5,,000007,72:c5:005:000007,,005
72_c5_005_000008.jpg,72,5,train,boat,boat,boat,cross_view,c5,,000008,72:c5:005:000008,,005
72_c5_00_6.jpg,72,5,train,boat,boat,boat,cross_view,c5,,6,72:c5:00:6,,original
72_c5_00_7.jpg,72,5,train,boat,boat,boat,cross_view,c5,,7,72:c5:00:7,,original
72_c6_000_000009.jpg,72,6,train,boat,boat,boat,cross_view,c6,,000009,72:c6:000:000009,,000
72_c6_001_000009.jpg,72,6,train,boat,boat,boat,cross_view,c6,,000009,72:c6:001:000009,,001
72_c6_002_000009.jpg,72,6,train,boat,boat,boat,cross_view,c6,,000009,72:c6:002:000009,,002
72_c6_003_000009.jpg,72,6,train,boat,boat,boat,cross_view,c6,,000009,72:c6:003:000009,,003
72_c6_004_000009.jpg,72,6,train,boat,boat,boat,cross_view,c6,,000009,72:c6:004:000009,,004
72_c6_005_000009.jpg,72,6,train,boat,boat,boat,cross_view,c6,,000009,72:c6:005:000009,,005
72_c6_00_6.jpg,72,6,train,boat,boat,boat,cross_view,c6,,6,72:c6:00:6,,original
73_c1_000_000000.jpg,73,1,train,boat,boat,boat,cross_view,c1,,000000,73:c1:000:000000,,000
73_c1_001_000000.jpg,73,1,train,boat,boat,boat,cross_view,c1,,000000,73:c1:001:000000,,001
73_c1_002_000000.jpg,73,1,train,boat,boat,boat,cross_view,c1,,000000,73:c1:002:000000,,002
73_c1_003_000000.jpg,73,1,train,boat,boat,boat,cross_view,c1,,000000,73:c1:003:000000,,003
73_c1_004_000000.jpg,73,1,train,boat,boat,boat,cross_view,c1,,000000,73:c1:004:000000,,004
73_c1_005_000000.jpg,73,1,train,boat,boat,boat,cross_view,c1,,000000,73:c1:005:000000,,005
73_c1_00_0.jpg,73,1,train,boat,boat,boat,cross_view,c1,,0,73:c1:00:0,,original
73_c3_000_000001.jpg,73,3,train,boat,boat,boat,cross_view,c3,,000001,73:c3:000:000001,,000
73_c3_001_000001.jpg,73,3,train,boat,boat,boat,cross_view,c3,,000001,73:c3:001:000001,,001
73_c3_002_000001.jpg,73,3,train,boat,boat,boat,cross_view,c3,,000001,73:c3:002:000001,,002
73_c3_003_000001.jpg,73,3,train,boat,boat,boat,cross_view,c3,,000001,73:c3:003:000001,,003
73_c3_004_000001.jpg,73,3,train,boat,boat,boat,cross_view,c3,,000001,73:c3:004:000001,,004
73_c3_005_000001.jpg,73,3,train,boat,boat,boat,cross_view,c3,,000001,73:c3:005:000001,,005
73_c3_00_1.jpg,73,3,train,boat,boat,boat,cross_view,c3,,1,73:c3:00:1,,original
73_c4_000_000002.jpg,73,4,train,boat,boat,boat,cross_view,c4,,000002,73:c4:000:000002,,000
73_c4_001_000002.jpg,73,4,train,boat,boat,boat,cross_view,c4,,000002,73:c4:001:000002,,001
73_c4_002_000002.jpg,73,4,train,boat,boat,boat,cross_view,c4,,000002,73:c4:002:000002,,002
73_c4_003_000002.jpg,73,4,train,boat,boat,boat,cross_view,c4,,000002,73:c4:003:000002,,003
73_c4_004_000002.jpg,73,4,train,boat,boat,boat,cross_view,c4,,000002,73:c4:004:000002,,004
73_c4_005_000002.jpg,73,4,train,boat,boat,boat,cross_view,c4,,000002,73:c4:005:000002,,005
73_c4_00_4.jpg,73,4,train,boat,boat,boat,cross_view,c4,,4,73:c4:00:4,,original
73_c5_000_000003.jpg,73,5,train,boat,boat,boat,cross_view,c5,,000003,73:c5:000:000003,,000
73_c5_000_000004.jpg,73,5,train,boat,boat,boat,cross_view,c5,,000004,73:c5:000:000004,,000
73_c5_001_000003.jpg,73,5,train,boat,boat,boat,cross_view,c5,,000003,73:c5:001:000003,,001
73_c5_001_000004.jpg,73,5,train,boat,boat,boat,cross_view,c5,,000004,73:c5:001:000004,,001
73_c5_002_000003.jpg,73,5,train,boat,boat,boat,cross_view,c5,,000003,73:c5:002:000003,,002
73_c5_002_000004.jpg,73,5,train,boat,boat,boat,cross_view,c5,,000004,73:c5:002:000004,,002
73_c5_003_000003.jpg,73,5,train,boat,boat,boat,cross_view,c5,,000003,73:c5:003:000003,,003
73_c5_003_000004.jpg,73,5,train,boat,boat,boat,cross_view,c5,,000004,73:c5:003:000004,,003
73_c5_004_000003.jpg,73,5,train,boat,boat,boat,cross_view,c5,,000003,73:c5:004:000003,,004
73_c5_004_000004.jpg,73,5,train,boat,boat,boat,cross_view,c5,,000004,73:c5:004:000004,,004
73_c5_005_000003.jpg,73,5,train,boat,boat,boat,cross_view,c5,,000003,73:c5:005:000003,,005
73_c5_005_000004.jpg,73,5,train,boat,boat,boat,cross_view,c5,,000004,73:c5:005:000004,,005
73_c5_00_2.jpg,73,5,train,boat,boat,boat,cross_view,c5,,2,73:c5:00:2,,original
73_c5_00_3.jpg,73,5,train,boat,boat,boat,cross_view,c5,,3,73:c5:00:3,,original
74_c1_00_2.jpg,74,1,query,boat,boat,boat,cross_view,c1,,2,74:c1:00:2,,original
74_c1_00_3.jpg,74,1,gallery,boat,boat,boat,cross_view,c1,,3,74:c1:00:3,,original
74_c2_00_4.jpg,74,2,gallery,boat,boat,boat,cross_view,c2,,4,74:c2:00:4,,original
74_c4_00_1.jpg,74,4,gallery,boat,boat,boat,cross_view,c4,,1,74:c4:00:1,,original
74_c5_00_0.jpg,74,5,gallery,boat,boat,boat,cross_view,c5,,0,74:c5:00:0,,original
75_c1_00_7.jpg,75,1,query,boat,boat,boat,cross_view,c1,,7,75:c1:00:7,,original
75_c2_00_1.jpg,75,2,gallery,boat,boat,boat,cross_view,c2,,1,75:c2:00:1,,original
75_c2_00_2.jpg,75,2,gallery,boat,boat,boat,cross_view,c2,,2,75:c2:00:2,,original
75_c3_00_0.jpg,75,3,gallery,boat,boat,boat,cross_view,c3,,0,75:c3:00:0,,original
75_c3_00_8.jpg,75,3,gallery,boat,boat,boat,cross_view,c3,,8,75:c3:00:8,,original
75_c4_00_3.jpg,75,4,gallery,boat,boat,boat,cross_view,c4,,3,75:c4:00:3,,original
75_c4_00_6.jpg,75,4,gallery,boat,boat,boat,cross_view,c4,,6,75:c4:00:6,,original
75_c5_00_5.jpg,75,5,gallery,boat,boat,boat,cross_view,c5,,5,75:c5:00:5,,original
75_c6_00_4.jpg,75,6,gallery,boat,boat,boat,cross_view,c6,,4,75:c6:00:4,,original
75_c6_00_9.jpg,75,6,gallery,boat,boat,boat,cross_view,c6,,9,75:c6:00:9,,original
76_c1_000_000000.jpg,76,1,train,boat,boat,boat,cross_view,c1,,000000,76:c1:000:000000,,000
76_c1_000_000001.jpg,76,1,train,boat,boat,boat,cross_view,c1,,000001,76:c1:000:000001,,000
76_c1_001_000000.jpg,76,1,train,boat,boat,boat,cross_view,c1,,000000,76:c1:001:000000,,001
76_c1_001_000001.jpg,76,1,train,boat,boat,boat,cross_view,c1,,000001,76:c1:001:000001,,001
76_c1_002_000000.jpg,76,1,train,boat,boat,boat,cross_view,c1,,000000,76:c1:002:000000,,002
76_c1_002_000001.jpg,76,1,train,boat,boat,boat,cross_view,c1,,000001,76:c1:002:000001,,002
76_c1_003_000000.jpg,76,1,train,boat,boat,boat,cross_view,c1,,000000,76:c1:003:000000,,003
76_c1_003_000001.jpg,76,1,train,boat,boat,boat,cross_view,c1,,000001,76:c1:003:000001,,003
76_c1_004_000000.jpg,76,1,train,boat,boat,boat,cross_view,c1,,000000,76:c1:004:000000,,004
76_c1_004_000001.jpg,76,1,train,boat,boat,boat,cross_view,c1,,000001,76:c1:004:000001,,004
76_c1_005_000000.jpg,76,1,train,boat,boat,boat,cross_view,c1,,000000,76:c1:005:000000,,005
76_c1_005_000001.jpg,76,1,train,boat,boat,boat,cross_view,c1,,000001,76:c1:005:000001,,005
76_c1_00_0.jpg,76,1,train,boat,boat,boat,cross_view,c1,,0,76:c1:00:0,,original
76_c1_00_1.jpg,76,1,train,boat,boat,boat,cross_view,c1,,1,76:c1:00:1,,original
76_c2_000_000002.jpg,76,2,train,boat,boat,boat,cross_view,c2,,000002,76:c2:000:000002,,000
76_c2_000_000003.jpg,76,2,train,boat,boat,boat,cross_view,c2,,000003,76:c2:000:000003,,000
76_c2_001_000002.jpg,76,2,train,boat,boat,boat,cross_view,c2,,000002,76:c2:001:000002,,001
76_c2_001_000003.jpg,76,2,train,boat,boat,boat,cross_view,c2,,000003,76:c2:001:000003,,001
76_c2_002_000002.jpg,76,2,train,boat,boat,boat,cross_view,c2,,000002,76:c2:002:000002,,002
76_c2_002_000003.jpg,76,2,train,boat,boat,boat,cross_view,c2,,000003,76:c2:002:000003,,002
76_c2_003_000002.jpg,76,2,train,boat,boat,boat,cross_view,c2,,000002,76:c2:003:000002,,003
76_c2_003_000003.jpg,76,2,train,boat,boat,boat,cross_view,c2,,000003,76:c2:003:000003,,003
76_c2_004_000002.jpg,76,2,train,boat,boat,boat,cross_view,c2,,000002,76:c2:004:000002,,004
76_c2_004_000003.jpg,76,2,train,boat,boat,boat,cross_view,c2,,000003,76:c2:004:000003,,004
76_c2_005_000002.jpg,76,2,train,boat,boat,boat,cross_view,c2,,000002,76:c2:005:000002,,005
76_c2_005_000003.jpg,76,2,train,boat,boat,boat,cross_view,c2,,000003,76:c2:005:000003,,005
76_c2_00_5.jpg,76,2,train,boat,boat,boat,cross_view,c2,,5,76:c2:00:5,,original
76_c2_00_6.jpg,76,2,train,boat,boat,boat,cross_view,c2,,6,76:c2:00:6,,original
76_c3_000_000004.jpg,76,3,train,boat,boat,boat,cross_view,c3,,000004,76:c3:000:000004,,000
76_c3_001_000004.jpg,76,3,train,boat,boat,boat,cross_view,c3,,000004,76:c3:001:000004,,001
76_c3_002_000004.jpg,76,3,train,boat,boat,boat,cross_view,c3,,000004,76:c3:002:000004,,002
76_c3_003_000004.jpg,76,3,train,boat,boat,boat,cross_view,c3,,000004,76:c3:003:000004,,003
76_c3_004_000004.jpg,76,3,train,boat,boat,boat,cross_view,c3,,000004,76:c3:004:000004,,004
76_c3_005_000004.jpg,76,3,train,boat,boat,boat,cross_view,c3,,000004,76:c3:005:000004,,005
76_c3_00_8.jpg,76,3,train,boat,boat,boat,cross_view,c3,,8,76:c3:00:8,,original
76_c4_000_000005.jpg,76,4,train,boat,boat,boat,cross_view,c4,,000005,76:c4:000:000005,,000
76_c4_001_000005.jpg,76,4,train,boat,boat,boat,cross_view,c4,,000005,76:c4:001:000005,,001
76_c4_002_000005.jpg,76,4,train,boat,boat,boat,cross_view,c4,,000005,76:c4:002:000005,,002
76_c4_003_000005.jpg,76,4,train,boat,boat,boat,cross_view,c4,,000005,76:c4:003:000005,,003
76_c4_004_000005.jpg,76,4,train,boat,boat,boat,cross_view,c4,,000005,76:c4:004:000005,,004
76_c4_005_000005.jpg,76,4,train,boat,boat,boat,cross_view,c4,,000005,76:c4:005:000005,,005
76_c4_00_4.jpg,76,4,train,boat,boat,boat,cross_view,c4,,4,76:c4:00:4,,original
76_c5_000_000006.jpg,76,5,train,boat,boat,boat,cross_view,c5,,000006,76:c5:000:000006,,000
76_c5_001_000006.jpg,76,5,train,boat,boat,boat,cross_view,c5,,000006,76:c5:001:000006,,001
76_c5_002_000006.jpg,76,5,train,boat,boat,boat,cross_view,c5,,000006,76:c5:002:000006,,002
76_c5_003_000006.jpg,76,5,train,boat,boat,boat,cross_view,c5,,000006,76:c5:003:000006,,003
76_c5_004_000006.jpg,76,5,train,boat,boat,boat,cross_view,c5,,000006,76:c5:004:000006,,004
76_c5_005_000006.jpg,76,5,train,boat,boat,boat,cross_view,c5,,000006,76:c5:005:000006,,005
76_c5_00_7.jpg,76,5,train,boat,boat,boat,cross_view,c5,,7,76:c5:00:7,,original
76_c6_000_000007.jpg,76,6,train,boat,boat,boat,cross_view,c6,,000007,76:c6:000:000007,,000
76_c6_000_000008.jpg,76,6,train,boat,boat,boat,cross_view,c6,,000008,76:c6:000:000008,,000
76_c6_001_000007.jpg,76,6,train,boat,boat,boat,cross_view,c6,,000007,76:c6:001:000007,,001
76_c6_001_000008.jpg,76,6,train,boat,boat,boat,cross_view,c6,,000008,76:c6:001:000008,,001
76_c6_002_000007.jpg,76,6,train,boat,boat,boat,cross_view,c6,,000007,76:c6:002:000007,,002
76_c6_002_000008.jpg,76,6,train,boat,boat,boat,cross_view,c6,,000008,76:c6:002:000008,,002
76_c6_003_000007.jpg,76,6,train,boat,boat,boat,cross_view,c6,,000007,76:c6:003:000007,,003
76_c6_003_000008.jpg,76,6,train,boat,boat,boat,cross_view,c6,,000008,76:c6:003:000008,,003
76_c6_004_000007.jpg,76,6,train,boat,boat,boat,cross_view,c6,,000007,76:c6:004:000007,,004
76_c6_004_000008.jpg,76,6,train,boat,boat,boat,cross_view,c6,,000008,76:c6:004:000008,,004
76_c6_005_000007.jpg,76,6,train,boat,boat,boat,cross_view,c6,,000007,76:c6:005:000007,,005
76_c6_005_000008.jpg,76,6,train,boat,boat,boat,cross_view,c6,,000008,76:c6:005:000008,,005
76_c6_00_2.jpg,76,6,train,boat,boat,boat,cross_view,c6,,2,76:c6:00:2,,original
76_c6_00_3.jpg,76,6,train,boat,boat,boat,cross_view,c6,,3,76:c6:00:3,,original
77_c1_000_000000.jpg,77,1,train,boat,boat,boat,cross_view,c1,,000000,77:c1:000:000000,,000
77_c1_001_000000.jpg,77,1,train,boat,boat,boat,cross_view,c1,,000000,77:c1:001:000000,,001
77_c1_002_000000.jpg,77,1,train,boat,boat,boat,cross_view,c1,,000000,77:c1:002:000000,,002
77_c1_003_000000.jpg,77,1,train,boat,boat,boat,cross_view,c1,,000000,77:c1:003:000000,,003
77_c1_004_000000.jpg,77,1,train,boat,boat,boat,cross_view,c1,,000000,77:c1:004:000000,,004
77_c1_005_000000.jpg,77,1,train,boat,boat,boat,cross_view,c1,,000000,77:c1:005:000000,,005
77_c1_00_0.jpg,77,1,train,boat,boat,boat,cross_view,c1,,0,77:c1:00:0,,original
77_c2_000_000001.jpg,77,2,train,boat,boat,boat,cross_view,c2,,000001,77:c2:000:000001,,000
77_c2_001_000001.jpg,77,2,train,boat,boat,boat,cross_view,c2,,000001,77:c2:001:000001,,001
77_c2_002_000001.jpg,77,2,train,boat,boat,boat,cross_view,c2,,000001,77:c2:002:000001,,002
77_c2_003_000001.jpg,77,2,train,boat,boat,boat,cross_view,c2,,000001,77:c2:003:000001,,003
77_c2_004_000001.jpg,77,2,train,boat,boat,boat,cross_view,c2,,000001,77:c2:004:000001,,004
77_c2_005_000001.jpg,77,2,train,boat,boat,boat,cross_view,c2,,000001,77:c2:005:000001,,005
77_c2_00_3.jpg,77,2,train,boat,boat,boat,cross_view,c2,,3,77:c2:00:3,,original
77_c3_000_000002.jpg,77,3,train,boat,boat,boat,cross_view,c3,,000002,77:c3:000:000002,,000
77_c3_000_000003.jpg,77,3,train,boat,boat,boat,cross_view,c3,,000003,77:c3:000:000003,,000
77_c3_001_000002.jpg,77,3,train,boat,boat,boat,cross_view,c3,,000002,77:c3:001:000002,,001
77_c3_001_000003.jpg,77,3,train,boat,boat,boat,cross_view,c3,,000003,77:c3:001:000003,,001
77_c3_002_000002.jpg,77,3,train,boat,boat,boat,cross_view,c3,,000002,77:c3:002:000002,,002
77_c3_002_000003.jpg,77,3,train,boat,boat,boat,cross_view,c3,,000003,77:c3:002:000003,,002
77_c3_003_000002.jpg,77,3,train,boat,boat,boat,cross_view,c3,,000002,77:c3:003:000002,,003
77_c3_003_000003.jpg,77,3,train,boat,boat,boat,cross_view,c3,,000003,77:c3:003:000003,,003
77_c3_004_000002.jpg,77,3,train,boat,boat,boat,cross_view,c3,,000002,77:c3:004:000002,,004
77_c3_004_000003.jpg,77,3,train,boat,boat,boat,cross_view,c3,,000003,77:c3:004:000003,,004
77_c3_005_000002.jpg,77,3,train,boat,boat,boat,cross_view,c3,,000002,77:c3:005:000002,,005
77_c3_005_000003.jpg,77,3,train,boat,boat,boat,cross_view,c3,,000003,77:c3:005:000003,,005
77_c3_00_1.jpg,77,3,train,boat,boat,boat,cross_view,c3,,1,77:c3:00:1,,original
77_c3_00_2.jpg,77,3,train,boat,boat,boat,cross_view,c3,,2,77:c3:00:2,,original
77_c5_000_000004.jpg,77,5,train,boat,boat,boat,cross_view,c5,,000004,77:c5:000:000004,,000
77_c5_001_000004.jpg,77,5,train,boat,boat,boat,cross_view,c5,,000004,77:c5:001:000004,,001
77_c5_002_000004.jpg,77,5,train,boat,boat,boat,cross_view,c5,,000004,77:c5:002:000004,,002
77_c5_003_000004.jpg,77,5,train,boat,boat,boat,cross_view,c5,,000004,77:c5:003:000004,,003
77_c5_004_000004.jpg,77,5,train,boat,boat,boat,cross_view,c5,,000004,77:c5:004:000004,,004
77_c5_005_000004.jpg,77,5,train,boat,boat,boat,cross_view,c5,,000004,77:c5:005:000004,,005
77_c5_00_4.jpg,77,5,train,boat,boat,boat,cross_view,c5,,4,77:c5:00:4,,original
78_c2_00_1.jpg,78,2,query,boat,boat,boat,cross_view,c2,,1,78:c2:00:1,,original
78_c3_00_4.jpg,78,3,gallery,boat,boat,boat,cross_view,c3,,4,78:c3:00:4,,original
78_c4_00_2.jpg,78,4,gallery,boat,boat,boat,cross_view,c4,,2,78:c4:00:2,,original
78_c5_00_0.jpg,78,5,gallery,boat,boat,boat,cross_view,c5,,0,78:c5:00:0,,original
78_c5_00_3.jpg,78,5,gallery,boat,boat,boat,cross_view,c5,,3,78:c5:00:3,,original
79_c1_000_000000.jpg,79,1,train,boat,boat,boat,cross_view,c1,,000000,79:c1:000:000000,,000
79_c1_001_000000.jpg,79,1,train,boat,boat,boat,cross_view,c1,,000000,79:c1:001:000000,,001
79_c1_002_000000.jpg,79,1,train,boat,boat,boat,cross_view,c1,,000000,79:c1:002:000000,,002
79_c1_003_000000.jpg,79,1,train,boat,boat,boat,cross_view,c1,,000000,79:c1:003:000000,,003
79_c1_004_000000.jpg,79,1,train,boat,boat,boat,cross_view,c1,,000000,79:c1:004:000000,,004
79_c1_005_000000.jpg,79,1,train,boat,boat,boat,cross_view,c1,,000000,79:c1:005:000000,,005
79_c1_00_2.jpg,79,1,train,boat,boat,boat,cross_view,c1,,2,79:c1:00:2,,original
79_c2_000_000001.jpg,79,2,train,boat,boat,boat,cross_view,c2,,000001,79:c2:000:000001,,000
79_c2_001_000001.jpg,79,2,train,boat,boat,boat,cross_view,c2,,000001,79:c2:001:000001,,001
79_c2_002_000001.jpg,79,2,train,boat,boat,boat,cross_view,c2,,000001,79:c2:002:000001,,002
79_c2_003_000001.jpg,79,2,train,boat,boat,boat,cross_view,c2,,000001,79:c2:003:000001,,003
79_c2_004_000001.jpg,79,2,train,boat,boat,boat,cross_view,c2,,000001,79:c2:004:000001,,004
79_c2_005_000001.jpg,79,2,train,boat,boat,boat,cross_view,c2,,000001,79:c2:005:000001,,005
79_c2_00_0.jpg,79,2,train,boat,boat,boat,cross_view,c2,,0,79:c2:00:0,,original
79_c3_000_000002.jpg,79,3,train,boat,boat,boat,cross_view,c3,,000002,79:c3:000:000002,,000
79_c3_001_000002.jpg,79,3,train,boat,boat,boat,cross_view,c3,,000002,79:c3:001:000002,,001
79_c3_002_000002.jpg,79,3,train,boat,boat,boat,cross_view,c3,,000002,79:c3:002:000002,,002
79_c3_003_000002.jpg,79,3,train,boat,boat,boat,cross_view,c3,,000002,79:c3:003:000002,,003
79_c3_004_000002.jpg,79,3,train,boat,boat,boat,cross_view,c3,,000002,79:c3:004:000002,,004
79_c3_005_000002.jpg,79,3,train,boat,boat,boat,cross_view,c3,,000002,79:c3:005:000002,,005
79_c3_00_1.jpg,79,3,train,boat,boat,boat,cross_view,c3,,1,79:c3:00:1,,original
79_c4_000_000003.jpg,79,4,train,boat,boat,boat,cross_view,c4,,000003,79:c4:000:000003,,000
79_c4_001_000003.jpg,79,4,train,boat,boat,boat,cross_view,c4,,000003,79:c4:001:000003,,001
79_c4_002_000003.jpg,79,4,train,boat,boat,boat,cross_view,c4,,000003,79:c4:002:000003,,002
79_c4_003_000003.jpg,79,4,train,boat,boat,boat,cross_view,c4,,000003,79:c4:003:000003,,003
79_c4_004_000003.jpg,79,4,train,boat,boat,boat,cross_view,c4,,000003,79:c4:004:000003,,004
79_c4_005_000003.jpg,79,4,train,boat,boat,boat,cross_view,c4,,000003,79:c4:005:000003,,005
79_c4_00_4.jpg,79,4,train,boat,boat,boat,cross_view,c4,,4,79:c4:00:4,,original
79_c5_000_000004.jpg,79,5,train,boat,boat,boat,cross_view,c5,,000004,79:c5:000:000004,,000
79_c5_001_000004.jpg,79,5,train,boat,boat,boat,cross_view,c5,,000004,79:c5:001:000004,,001
79_c5_002_000004.jpg,79,5,train,boat,boat,boat,cross_view,c5,,000004,79:c5:002:000004,,002
79_c5_003_000004.jpg,79,5,train,boat,boat,boat,cross_view,c5,,000004,79:c5:003:000004,,003
79_c5_004_000004.jpg,79,5,train,boat,boat,boat,cross_view,c5,,000004,79:c5:004:000004,,004
79_c5_005_000004.jpg,79,5,train,boat,boat,boat,cross_view,c5,,000004,79:c5:005:000004,,005
79_c5_00_3.jpg,79,5,train,boat,boat,boat,cross_view,c5,,3,79:c5:00:3,,original
79_c6_000_000005.jpg,79,6,train,boat,boat,boat,cross_view,c6,,000005,79:c6:000:000005,,000
79_c6_000_000006.jpg,79,6,train,boat,boat,boat,cross_view,c6,,000006,79:c6:000:000006,,000
79_c6_001_000005.jpg,79,6,train,boat,boat,boat,cross_view,c6,,000005,79:c6:001:000005,,001
79_c6_001_000006.jpg,79,6,train,boat,boat,boat,cross_view,c6,,000006,79:c6:001:000006,,001
79_c6_002_000005.jpg,79,6,train,boat,boat,boat,cross_view,c6,,000005,79:c6:002:000005,,002
79_c6_002_000006.jpg,79,6,train,boat,boat,boat,cross_view,c6,,000006,79:c6:002:000006,,002
79_c6_003_000005.jpg,79,6,train,boat,boat,boat,cross_view,c6,,000005,79:c6:003:000005,,003
79_c6_003_000006.jpg,79,6,train,boat,boat,boat,cross_view,c6,,000006,79:c6:003:000006,,003
79_c6_004_000005.jpg,79,6,train,boat,boat,boat,cross_view,c6,,000005,79:c6:004:000005,,004
79_c6_004_000006.jpg,79,6,train,boat,boat,boat,cross_view,c6,,000006,79:c6:004:000006,,004
79_c6_005_000005.jpg,79,6,train,boat,boat,boat,cross_view,c6,,000005,79:c6:005:000005,,005
79_c6_005_000006.jpg,79,6,train,boat,boat,boat,cross_view,c6,,000006,79:c6:005:000006,,005
79_c6_00_5.jpg,79,6,train,boat,boat,boat,cross_view,c6,,5,79:c6:00:5,,original
79_c6_00_6.jpg,79,6,train,boat,boat,boat,cross_view,c6,,6,79:c6:00:6,,original
7_c1_000_000000.jpg,7,1,train,boat,boat,boat,cross_view,c1,,000000,7:c1:000:000000,,000
7_c1_001_000000.jpg,7,1,train,boat,boat,boat,cross_view,c1,,000000,7:c1:001:000000,,001
7_c1_002_000000.jpg,7,1,train,boat,boat,boat,cross_view,c1,,000000,7:c1:002:000000,,002
7_c1_003_000000.jpg,7,1,train,boat,boat,boat,cross_view,c1,,000000,7:c1:003:000000,,003
7_c1_004_000000.jpg,7,1,train,boat,boat,boat,cross_view,c1,,000000,7:c1:004:000000,,004
7_c1_005_000000.jpg,7,1,train,boat,boat,boat,cross_view,c1,,000000,7:c1:005:000000,,005
7_c1_00_4.jpg,7,1,train,boat,boat,boat,cross_view,c1,,4,7:c1:00:4,,original
7_c2_000_000001.jpg,7,2,train,boat,boat,boat,cross_view,c2,,000001,7:c2:000:000001,,000
7_c2_001_000001.jpg,7,2,train,boat,boat,boat,cross_view,c2,,000001,7:c2:001:000001,,001
7_c2_002_000001.jpg,7,2,train,boat,boat,boat,cross_view,c2,,000001,7:c2:002:000001,,002
7_c2_003_000001.jpg,7,2,train,boat,boat,boat,cross_view,c2,,000001,7:c2:003:000001,,003
7_c2_004_000001.jpg,7,2,train,boat,boat,boat,cross_view,c2,,000001,7:c2:004:000001,,004
7_c2_005_000001.jpg,7,2,train,boat,boat,boat,cross_view,c2,,000001,7:c2:005:000001,,005
7_c2_00_0.jpg,7,2,train,boat,boat,boat,cross_view,c2,,0,7:c2:00:0,,original
7_c3_000_000002.jpg,7,3,train,boat,boat,boat,cross_view,c3,,000002,7:c3:000:000002,,000
7_c3_001_000002.jpg,7,3,train,boat,boat,boat,cross_view,c3,,000002,7:c3:001:000002,,001
7_c3_002_000002.jpg,7,3,train,boat,boat,boat,cross_view,c3,,000002,7:c3:002:000002,,002
7_c3_003_000002.jpg,7,3,train,boat,boat,boat,cross_view,c3,,000002,7:c3:003:000002,,003
7_c3_004_000002.jpg,7,3,train,boat,boat,boat,cross_view,c3,,000002,7:c3:004:000002,,004
7_c3_005_000002.jpg,7,3,train,boat,boat,boat,cross_view,c3,,000002,7:c3:005:000002,,005
7_c3_00_1.jpg,7,3,train,boat,boat,boat,cross_view,c3,,1,7:c3:00:1,,original
7_c5_000_000003.jpg,7,5,train,boat,boat,boat,cross_view,c5,,000003,7:c5:000:000003,,000
7_c5_001_000003.jpg,7,5,train,boat,boat,boat,cross_view,c5,,000003,7:c5:001:000003,,001
7_c5_002_000003.jpg,7,5,train,boat,boat,boat,cross_view,c5,,000003,7:c5:002:000003,,002
7_c5_003_000003.jpg,7,5,train,boat,boat,boat,cross_view,c5,,000003,7:c5:003:000003,,003
7_c5_004_000003.jpg,7,5,train,boat,boat,boat,cross_view,c5,,000003,7:c5:004:000003,,004
7_c5_005_000003.jpg,7,5,train,boat,boat,boat,cross_view,c5,,000003,7:c5:005:000003,,005
7_c5_00_2.jpg,7,5,train,boat,boat,boat,cross_view,c5,,2,7:c5:00:2,,original
7_c6_000_000004.jpg,7,6,train,boat,boat,boat,cross_view,c6,,000004,7:c6:000:000004,,000
7_c6_001_000004.jpg,7,6,train,boat,boat,boat,cross_view,c6,,000004,7:c6:001:000004,,001
7_c6_002_000004.jpg,7,6,train,boat,boat,boat,cross_view,c6,,000004,7:c6:002:000004,,002
7_c6_003_000004.jpg,7,6,train,boat,boat,boat,cross_view,c6,,000004,7:c6:003:000004,,003
7_c6_004_000004.jpg,7,6,train,boat,boat,boat,cross_view,c6,,000004,7:c6:004:000004,,004
7_c6_005_000004.jpg,7,6,train,boat,boat,boat,cross_view,c6,,000004,7:c6:005:000004,,005
7_c6_00_3.jpg,7,6,train,boat,boat,boat,cross_view,c6,,3,7:c6:00:3,,original
80_c1_000_000000.jpg,80,1,train,boat,boat,boat,cross_view,c1,,000000,80:c1:000:000000,,000
80_c1_001_000000.jpg,80,1,train,boat,boat,boat,cross_view,c1,,000000,80:c1:001:000000,,001
80_c1_002_000000.jpg,80,1,train,boat,boat,boat,cross_view,c1,,000000,80:c1:002:000000,,002
80_c1_003_000000.jpg,80,1,train,boat,boat,boat,cross_view,c1,,000000,80:c1:003:000000,,003
80_c1_004_000000.jpg,80,1,train,boat,boat,boat,cross_view,c1,,000000,80:c1:004:000000,,004
80_c1_005_000000.jpg,80,1,train,boat,boat,boat,cross_view,c1,,000000,80:c1:005:000000,,005
80_c1_00_1.jpg,80,1,train,boat,boat,boat,cross_view,c1,,1,80:c1:00:1,,original
80_c2_000_000001.jpg,80,2,train,boat,boat,boat,cross_view,c2,,000001,80:c2:000:000001,,000
80_c2_000_000002.jpg,80,2,train,boat,boat,boat,cross_view,c2,,000002,80:c2:000:000002,,000
80_c2_001_000001.jpg,80,2,train,boat,boat,boat,cross_view,c2,,000001,80:c2:001:000001,,001
80_c2_001_000002.jpg,80,2,train,boat,boat,boat,cross_view,c2,,000002,80:c2:001:000002,,001
80_c2_002_000001.jpg,80,2,train,boat,boat,boat,cross_view,c2,,000001,80:c2:002:000001,,002
80_c2_002_000002.jpg,80,2,train,boat,boat,boat,cross_view,c2,,000002,80:c2:002:000002,,002
80_c2_003_000001.jpg,80,2,train,boat,boat,boat,cross_view,c2,,000001,80:c2:003:000001,,003
80_c2_003_000002.jpg,80,2,train,boat,boat,boat,cross_view,c2,,000002,80:c2:003:000002,,003
80_c2_004_000001.jpg,80,2,train,boat,boat,boat,cross_view,c2,,000001,80:c2:004:000001,,004
80_c2_004_000002.jpg,80,2,train,boat,boat,boat,cross_view,c2,,000002,80:c2:004:000002,,004
80_c2_005_000001.jpg,80,2,train,boat,boat,boat,cross_view,c2,,000001,80:c2:005:000001,,005
80_c2_005_000002.jpg,80,2,train,boat,boat,boat,cross_view,c2,,000002,80:c2:005:000002,,005
80_c2_00_3.jpg,80,2,train,boat,boat,boat,cross_view,c2,,3,80:c2:00:3,,original
80_c2_00_4.jpg,80,2,train,boat,boat,boat,cross_view,c2,,4,80:c2:00:4,,original
80_c5_000_000003.jpg,80,5,train,boat,boat,boat,cross_view,c5,,000003,80:c5:000:000003,,000
80_c5_001_000003.jpg,80,5,train,boat,boat,boat,cross_view,c5,,000003,80:c5:001:000003,,001
80_c5_002_000003.jpg,80,5,train,boat,boat,boat,cross_view,c5,,000003,80:c5:002:000003,,002
80_c5_003_000003.jpg,80,5,train,boat,boat,boat,cross_view,c5,,000003,80:c5:003:000003,,003
80_c5_004_000003.jpg,80,5,train,boat,boat,boat,cross_view,c5,,000003,80:c5:004:000003,,004
80_c5_005_000003.jpg,80,5,train,boat,boat,boat,cross_view,c5,,000003,80:c5:005:000003,,005
80_c5_00_0.jpg,80,5,train,boat,boat,boat,cross_view,c5,,0,80:c5:00:0,,original
80_c6_000_000004.jpg,80,6,train,boat,boat,boat,cross_view,c6,,000004,80:c6:000:000004,,000
80_c6_001_000004.jpg,80,6,train,boat,boat,boat,cross_view,c6,,000004,80:c6:001:000004,,001
80_c6_002_000004.jpg,80,6,train,boat,boat,boat,cross_view,c6,,000004,80:c6:002:000004,,002
80_c6_003_000004.jpg,80,6,train,boat,boat,boat,cross_view,c6,,000004,80:c6:003:000004,,003
80_c6_004_000004.jpg,80,6,train,boat,boat,boat,cross_view,c6,,000004,80:c6:004:000004,,004
80_c6_005_000004.jpg,80,6,train,boat,boat,boat,cross_view,c6,,000004,80:c6:005:000004,,005
80_c6_00_2.jpg,80,6,train,boat,boat,boat,cross_view,c6,,2,80:c6:00:2,,original
81_c1_000_000000.jpg,81,1,train,boat,boat,boat,cross_view,c1,,000000,81:c1:000:000000,,000
81_c1_001_000000.jpg,81,1,train,boat,boat,boat,cross_view,c1,,000000,81:c1:001:000000,,001
81_c1_002_000000.jpg,81,1,train,boat,boat,boat,cross_view,c1,,000000,81:c1:002:000000,,002
81_c1_003_000000.jpg,81,1,train,boat,boat,boat,cross_view,c1,,000000,81:c1:003:000000,,003
81_c1_004_000000.jpg,81,1,train,boat,boat,boat,cross_view,c1,,000000,81:c1:004:000000,,004
81_c1_005_000000.jpg,81,1,train,boat,boat,boat,cross_view,c1,,000000,81:c1:005:000000,,005
81_c1_00_7.jpg,81,1,train,boat,boat,boat,cross_view,c1,,7,81:c1:00:7,,original
81_c2_000_000001.jpg,81,2,train,boat,boat,boat,cross_view,c2,,000001,81:c2:000:000001,,000
81_c2_000_000002.jpg,81,2,train,boat,boat,boat,cross_view,c2,,000002,81:c2:000:000002,,000
81_c2_001_000001.jpg,81,2,train,boat,boat,boat,cross_view,c2,,000001,81:c2:001:000001,,001
81_c2_001_000002.jpg,81,2,train,boat,boat,boat,cross_view,c2,,000002,81:c2:001:000002,,001
81_c2_002_000001.jpg,81,2,train,boat,boat,boat,cross_view,c2,,000001,81:c2:002:000001,,002
81_c2_002_000002.jpg,81,2,train,boat,boat,boat,cross_view,c2,,000002,81:c2:002:000002,,002
81_c2_003_000001.jpg,81,2,train,boat,boat,boat,cross_view,c2,,000001,81:c2:003:000001,,003
81_c2_003_000002.jpg,81,2,train,boat,boat,boat,cross_view,c2,,000002,81:c2:003:000002,,003
81_c2_004_000001.jpg,81,2,train,boat,boat,boat,cross_view,c2,,000001,81:c2:004:000001,,004
81_c2_004_000002.jpg,81,2,train,boat,boat,boat,cross_view,c2,,000002,81:c2:004:000002,,004
81_c2_005_000001.jpg,81,2,train,boat,boat,boat,cross_view,c2,,000001,81:c2:005:000001,,005
81_c2_005_000002.jpg,81,2,train,boat,boat,boat,cross_view,c2,,000002,81:c2:005:000002,,005
81_c2_00_4.jpg,81,2,train,boat,boat,boat,cross_view,c2,,4,81:c2:00:4,,original
81_c2_00_6.jpg,81,2,train,boat,boat,boat,cross_view,c2,,6,81:c2:00:6,,original
81_c3_000_000003.jpg,81,3,train,boat,boat,boat,cross_view,c3,,000003,81:c3:000:000003,,000
81_c3_000_000004.jpg,81,3,train,boat,boat,boat,cross_view,c3,,000004,81:c3:000:000004,,000
81_c3_001_000003.jpg,81,3,train,boat,boat,boat,cross_view,c3,,000003,81:c3:001:000003,,001
81_c3_001_000004.jpg,81,3,train,boat,boat,boat,cross_view,c3,,000004,81:c3:001:000004,,001
81_c3_002_000003.jpg,81,3,train,boat,boat,boat,cross_view,c3,,000003,81:c3:002:000003,,002
81_c3_002_000004.jpg,81,3,train,boat,boat,boat,cross_view,c3,,000004,81:c3:002:000004,,002
81_c3_003_000003.jpg,81,3,train,boat,boat,boat,cross_view,c3,,000003,81:c3:003:000003,,003
81_c3_003_000004.jpg,81,3,train,boat,boat,boat,cross_view,c3,,000004,81:c3:003:000004,,003
81_c3_004_000003.jpg,81,3,train,boat,boat,boat,cross_view,c3,,000003,81:c3:004:000003,,004
81_c3_004_000004.jpg,81,3,train,boat,boat,boat,cross_view,c3,,000004,81:c3:004:000004,,004
81_c3_005_000003.jpg,81,3,train,boat,boat,boat,cross_view,c3,,000003,81:c3:005:000003,,005
81_c3_005_000004.jpg,81,3,train,boat,boat,boat,cross_view,c3,,000004,81:c3:005:000004,,005
81_c3_00_0.jpg,81,3,train,boat,boat,boat,cross_view,c3,,0,81:c3:00:0,,original
81_c3_00_1.jpg,81,3,train,boat,boat,boat,cross_view,c3,,1,81:c3:00:1,,original
81_c4_000_000005.jpg,81,4,train,boat,boat,boat,cross_view,c4,,000005,81:c4:000:000005,,000
81_c4_001_000005.jpg,81,4,train,boat,boat,boat,cross_view,c4,,000005,81:c4:001:000005,,001
81_c4_002_000005.jpg,81,4,train,boat,boat,boat,cross_view,c4,,000005,81:c4:002:000005,,002
81_c4_003_000005.jpg,81,4,train,boat,boat,boat,cross_view,c4,,000005,81:c4:003:000005,,003
81_c4_004_000005.jpg,81,4,train,boat,boat,boat,cross_view,c4,,000005,81:c4:004:000005,,004
81_c4_005_000005.jpg,81,4,train,boat,boat,boat,cross_view,c4,,000005,81:c4:005:000005,,005
81_c4_00_0.jpg,81,4,train,boat,boat,boat,cross_view,c4,,0,81:c4:00:0,,original
81_c6_000_000006.jpg,81,6,train,boat,boat,boat,cross_view,c6,,000006,81:c6:000:000006,,000
81_c6_001_000006.jpg,81,6,train,boat,boat,boat,cross_view,c6,,000006,81:c6:001:000006,,001
81_c6_002_000006.jpg,81,6,train,boat,boat,boat,cross_view,c6,,000006,81:c6:002:000006,,002
81_c6_003_000006.jpg,81,6,train,boat,boat,boat,cross_view,c6,,000006,81:c6:003:000006,,003
81_c6_004_000006.jpg,81,6,train,boat,boat,boat,cross_view,c6,,000006,81:c6:004:000006,,004
81_c6_005_000006.jpg,81,6,train,boat,boat,boat,cross_view,c6,,000006,81:c6:005:000006,,005
81_c6_00_2.jpg,81,6,train,boat,boat,boat,cross_view,c6,,2,81:c6:00:2,,original
82_c1_00_5.jpg,82,1,query,boat,boat,boat,cross_view,c1,,5,82:c1:00:5,,original
82_c3_00_4.jpg,82,3,gallery,boat,boat,boat,cross_view,c3,,4,82:c3:00:4,,original
82_c4_00_0.jpg,82,4,gallery,boat,boat,boat,cross_view,c4,,0,82:c4:00:0,,original
82_c4_00_3.jpg,82,4,gallery,boat,boat,boat,cross_view,c4,,3,82:c4:00:3,,original
82_c6_00_1.jpg,82,6,gallery,boat,boat,boat,cross_view,c6,,1,82:c6:00:1,,original
83_c1_000_000000.jpg,83,1,train,boat,boat,boat,cross_view,c1,,000000,83:c1:000:000000,,000
83_c1_001_000000.jpg,83,1,train,boat,boat,boat,cross_view,c1,,000000,83:c1:001:000000,,001
83_c1_002_000000.jpg,83,1,train,boat,boat,boat,cross_view,c1,,000000,83:c1:002:000000,,002
83_c1_003_000000.jpg,83,1,train,boat,boat,boat,cross_view,c1,,000000,83:c1:003:000000,,003
83_c1_004_000000.jpg,83,1,train,boat,boat,boat,cross_view,c1,,000000,83:c1:004:000000,,004
83_c1_005_000000.jpg,83,1,train,boat,boat,boat,cross_view,c1,,000000,83:c1:005:000000,,005
83_c1_00_5.jpg,83,1,train,boat,boat,boat,cross_view,c1,,5,83:c1:00:5,,original
83_c3_000_000001.jpg,83,3,train,boat,boat,boat,cross_view,c3,,000001,83:c3:000:000001,,000
83_c3_000_000002.jpg,83,3,train,boat,boat,boat,cross_view,c3,,000002,83:c3:000:000002,,000
83_c3_000_000003.jpg,83,3,train,boat,boat,boat,cross_view,c3,,000003,83:c3:000:000003,,000
83_c3_001_000001.jpg,83,3,train,boat,boat,boat,cross_view,c3,,000001,83:c3:001:000001,,001
83_c3_001_000002.jpg,83,3,train,boat,boat,boat,cross_view,c3,,000002,83:c3:001:000002,,001
83_c3_001_000003.jpg,83,3,train,boat,boat,boat,cross_view,c3,,000003,83:c3:001:000003,,001
83_c3_002_000001.jpg,83,3,train,boat,boat,boat,cross_view,c3,,000001,83:c3:002:000001,,002
83_c3_002_000002.jpg,83,3,train,boat,boat,boat,cross_view,c3,,000002,83:c3:002:000002,,002
83_c3_002_000003.jpg,83,3,train,boat,boat,boat,cross_view,c3,,000003,83:c3:002:000003,,002
83_c3_003_000001.jpg,83,3,train,boat,boat,boat,cross_view,c3,,000001,83:c3:003:000001,,003
83_c3_003_000002.jpg,83,3,train,boat,boat,boat,cross_view,c3,,000002,83:c3:003:000002,,003
83_c3_003_000003.jpg,83,3,train,boat,boat,boat,cross_view,c3,,000003,83:c3:003:000003,,003
83_c3_004_000001.jpg,83,3,train,boat,boat,boat,cross_view,c3,,000001,83:c3:004:000001,,004
83_c3_004_000002.jpg,83,3,train,boat,boat,boat,cross_view,c3,,000002,83:c3:004:000002,,004
83_c3_004_000003.jpg,83,3,train,boat,boat,boat,cross_view,c3,,000003,83:c3:004:000003,,004
83_c3_005_000001.jpg,83,3,train,boat,boat,boat,cross_view,c3,,000001,83:c3:005:000001,,005
83_c3_005_000002.jpg,83,3,train,boat,boat,boat,cross_view,c3,,000002,83:c3:005:000002,,005
83_c3_005_000003.jpg,83,3,train,boat,boat,boat,cross_view,c3,,000003,83:c3:005:000003,,005
83_c3_00_0.jpg,83,3,train,boat,boat,boat,cross_view,c3,,0,83:c3:00:0,,original
83_c3_00_1.jpg,83,3,train,boat,boat,boat,cross_view,c3,,1,83:c3:00:1,,original
83_c3_00_2.jpg,83,3,train,boat,boat,boat,cross_view,c3,,2,83:c3:00:2,,original
83_c4_000_000004.jpg,83,4,train,boat,boat,boat,cross_view,c4,,000004,83:c4:000:000004,,000
83_c4_001_000004.jpg,83,4,train,boat,boat,boat,cross_view,c4,,000004,83:c4:001:000004,,001
83_c4_002_000004.jpg,83,4,train,boat,boat,boat,cross_view,c4,,000004,83:c4:002:000004,,002
83_c4_003_000004.jpg,83,4,train,boat,boat,boat,cross_view,c4,,000004,83:c4:003:000004,,003
83_c4_004_000004.jpg,83,4,train,boat,boat,boat,cross_view,c4,,000004,83:c4:004:000004,,004
83_c4_005_000004.jpg,83,4,train,boat,boat,boat,cross_view,c4,,000004,83:c4:005:000004,,005
83_c4_00_4.jpg,83,4,train,boat,boat,boat,cross_view,c4,,4,83:c4:00:4,,original
83_c5_000_000005.jpg,83,5,train,boat,boat,boat,cross_view,c5,,000005,83:c5:000:000005,,000
83_c5_000_000006.jpg,83,5,train,boat,boat,boat,cross_view,c5,,000006,83:c5:000:000006,,000
83_c5_001_000005.jpg,83,5,train,boat,boat,boat,cross_view,c5,,000005,83:c5:001:000005,,001
83_c5_001_000006.jpg,83,5,train,boat,boat,boat,cross_view,c5,,000006,83:c5:001:000006,,001
83_c5_002_000005.jpg,83,5,train,boat,boat,boat,cross_view,c5,,000005,83:c5:002:000005,,002
83_c5_002_000006.jpg,83,5,train,boat,boat,boat,cross_view,c5,,000006,83:c5:002:000006,,002
83_c5_003_000005.jpg,83,5,train,boat,boat,boat,cross_view,c5,,000005,83:c5:003:000005,,003
83_c5_003_000006.jpg,83,5,train,boat,boat,boat,cross_view,c5,,000006,83:c5:003:000006,,003
83_c5_004_000005.jpg,83,5,train,boat,boat,boat,cross_view,c5,,000005,83:c5:004:000005,,004
83_c5_004_000006.jpg,83,5,train,boat,boat,boat,cross_view,c5,,000006,83:c5:004:000006,,004
83_c5_005_000005.jpg,83,5,train,boat,boat,boat,cross_view,c5,,000005,83:c5:005:000005,,005
83_c5_005_000006.jpg,83,5,train,boat,boat,boat,cross_view,c5,,000006,83:c5:005:000006,,005
83_c5_00_3.jpg,83,5,train,boat,boat,boat,cross_view,c5,,3,83:c5:00:3,,original
83_c5_00_7.jpg,83,5,train,boat,boat,boat,cross_view,c5,,7,83:c5:00:7,,original
83_c6_000_000007.jpg,83,6,train,boat,boat,boat,cross_view,c6,,000007,83:c6:000:000007,,000
83_c6_001_000007.jpg,83,6,train,boat,boat,boat,cross_view,c6,,000007,83:c6:001:000007,,001
83_c6_002_000007.jpg,83,6,train,boat,boat,boat,cross_view,c6,,000007,83:c6:002:000007,,002
83_c6_003_000007.jpg,83,6,train,boat,boat,boat,cross_view,c6,,000007,83:c6:003:000007,,003
83_c6_004_000007.jpg,83,6,train,boat,boat,boat,cross_view,c6,,000007,83:c6:004:000007,,004
83_c6_005_000007.jpg,83,6,train,boat,boat,boat,cross_view,c6,,000007,83:c6:005:000007,,005
83_c6_00_6.jpg,83,6,train,boat,boat,boat,cross_view,c6,,6,83:c6:00:6,,original
84_c2_00_0.jpg,84,2,query,boat,boat,boat,cross_view,c2,,0,84:c2:00:0,,original
84_c3_00_1.jpg,84,3,gallery,boat,boat,boat,cross_view,c3,,1,84:c3:00:1,,original
84_c5_00_2.jpg,84,5,gallery,boat,boat,boat,cross_view,c5,,2,84:c5:00:2,,original
84_c5_00_4.jpg,84,5,gallery,boat,boat,boat,cross_view,c5,,4,84:c5:00:4,,original
84_c6_00_3.jpg,84,6,gallery,boat,boat,boat,cross_view,c6,,3,84:c6:00:3,,original
85_c1_00_0.jpg,85,1,query,boat,boat,boat,cross_view,c1,,0,85:c1:00:0,,original
85_c3_00_3.jpg,85,3,gallery,boat,boat,boat,cross_view,c3,,3,85:c3:00:3,,original
85_c3_00_4.jpg,85,3,gallery,boat,boat,boat,cross_view,c3,,4,85:c3:00:4,,original
85_c4_00_2.jpg,85,4,gallery,boat,boat,boat,cross_view,c4,,2,85:c4:00:2,,original
85_c6_00_1.jpg,85,6,gallery,boat,boat,boat,cross_view,c6,,1,85:c6:00:1,,original
86_c1_000_000000.jpg,86,1,train,boat,boat,boat,cross_view,c1,,000000,86:c1:000:000000,,000
86_c1_000_000001.jpg,86,1,train,boat,boat,boat,cross_view,c1,,000001,86:c1:000:000001,,000
86_c1_001_000000.jpg,86,1,train,boat,boat,boat,cross_view,c1,,000000,86:c1:001:000000,,001
86_c1_001_000001.jpg,86,1,train,boat,boat,boat,cross_view,c1,,000001,86:c1:001:000001,,001
86_c1_002_000000.jpg,86,1,train,boat,boat,boat,cross_view,c1,,000000,86:c1:002:000000,,002
86_c1_002_000001.jpg,86,1,train,boat,boat,boat,cross_view,c1,,000001,86:c1:002:000001,,002
86_c1_003_000000.jpg,86,1,train,boat,boat,boat,cross_view,c1,,000000,86:c1:003:000000,,003
86_c1_003_000001.jpg,86,1,train,boat,boat,boat,cross_view,c1,,000001,86:c1:003:000001,,003
86_c1_004_000000.jpg,86,1,train,boat,boat,boat,cross_view,c1,,000000,86:c1:004:000000,,004
86_c1_004_000001.jpg,86,1,train,boat,boat,boat,cross_view,c1,,000001,86:c1:004:000001,,004
86_c1_005_000000.jpg,86,1,train,boat,boat,boat,cross_view,c1,,000000,86:c1:005:000000,,005
86_c1_005_000001.jpg,86,1,train,boat,boat,boat,cross_view,c1,,000001,86:c1:005:000001,,005
86_c1_00_8.jpg,86,1,train,boat,boat,boat,cross_view,c1,,8,86:c1:00:8,,original
86_c1_00_9.jpg,86,1,train,boat,boat,boat,cross_view,c1,,9,86:c1:00:9,,original
86_c2_000_000002.jpg,86,2,train,boat,boat,boat,cross_view,c2,,000002,86:c2:000:000002,,000
86_c2_001_000002.jpg,86,2,train,boat,boat,boat,cross_view,c2,,000002,86:c2:001:000002,,001
86_c2_002_000002.jpg,86,2,train,boat,boat,boat,cross_view,c2,,000002,86:c2:002:000002,,002
86_c2_003_000002.jpg,86,2,train,boat,boat,boat,cross_view,c2,,000002,86:c2:003:000002,,003
86_c2_004_000002.jpg,86,2,train,boat,boat,boat,cross_view,c2,,000002,86:c2:004:000002,,004
86_c2_005_000002.jpg,86,2,train,boat,boat,boat,cross_view,c2,,000002,86:c2:005:000002,,005
86_c2_00_7.jpg,86,2,train,boat,boat,boat,cross_view,c2,,7,86:c2:00:7,,original
86_c3_000_000003.jpg,86,3,train,boat,boat,boat,cross_view,c3,,000003,86:c3:000:000003,,000
86_c3_000_000004.jpg,86,3,train,boat,boat,boat,cross_view,c3,,000004,86:c3:000:000004,,000
86_c3_001_000003.jpg,86,3,train,boat,boat,boat,cross_view,c3,,000003,86:c3:001:000003,,001
86_c3_001_000004.jpg,86,3,train,boat,boat,boat,cross_view,c3,,000004,86:c3:001:000004,,001
86_c3_002_000003.jpg,86,3,train,boat,boat,boat,cross_view,c3,,000003,86:c3:002:000003,,002
86_c3_002_000004.jpg,86,3,train,boat,boat,boat,cross_view,c3,,000004,86:c3:002:000004,,002
86_c3_003_000003.jpg,86,3,train,boat,boat,boat,cross_view,c3,,000003,86:c3:003:000003,,003
86_c3_003_000004.jpg,86,3,train,boat,boat,boat,cross_view,c3,,000004,86:c3:003:000004,,003
86_c3_004_000003.jpg,86,3,train,boat,boat,boat,cross_view,c3,,000003,86:c3:004:000003,,004
86_c3_004_000004.jpg,86,3,train,boat,boat,boat,cross_view,c3,,000004,86:c3:004:000004,,004
86_c3_005_000003.jpg,86,3,train,boat,boat,boat,cross_view,c3,,000003,86:c3:005:000003,,005
86_c3_005_000004.jpg,86,3,train,boat,boat,boat,cross_view,c3,,000004,86:c3:005:000004,,005
86_c3_00_0.jpg,86,3,train,boat,boat,boat,cross_view,c3,,0,86:c3:00:0,,original
86_c3_00_1.jpg,86,3,train,boat,boat,boat,cross_view,c3,,1,86:c3:00:1,,original
86_c4_000_000005.jpg,86,4,train,boat,boat,boat,cross_view,c4,,000005,86:c4:000:000005,,000
86_c4_000_000006.jpg,86,4,train,boat,boat,boat,cross_view,c4,,000006,86:c4:000:000006,,000
86_c4_001_000005.jpg,86,4,train,boat,boat,boat,cross_view,c4,,000005,86:c4:001:000005,,001
86_c4_001_000006.jpg,86,4,train,boat,boat,boat,cross_view,c4,,000006,86:c4:001:000006,,001
86_c4_002_000005.jpg,86,4,train,boat,boat,boat,cross_view,c4,,000005,86:c4:002:000005,,002
86_c4_002_000006.jpg,86,4,train,boat,boat,boat,cross_view,c4,,000006,86:c4:002:000006,,002
86_c4_003_000005.jpg,86,4,train,boat,boat,boat,cross_view,c4,,000005,86:c4:003:000005,,003
86_c4_003_000006.jpg,86,4,train,boat,boat,boat,cross_view,c4,,000006,86:c4:003:000006,,003
86_c4_004_000005.jpg,86,4,train,boat,boat,boat,cross_view,c4,,000005,86:c4:004:000005,,004
86_c4_004_000006.jpg,86,4,train,boat,boat,boat,cross_view,c4,,000006,86:c4:004:000006,,004
86_c4_005_000005.jpg,86,4,train,boat,boat,boat,cross_view,c4,,000005,86:c4:005:000005,,005
86_c4_005_000006.jpg,86,4,train,boat,boat,boat,cross_view,c4,,000006,86:c4:005:000006,,005
86_c4_00_2.jpg,86,4,train,boat,boat,boat,cross_view,c4,,2,86:c4:00:2,,original
86_c4_00_6.jpg,86,4,train,boat,boat,boat,cross_view,c4,,6,86:c4:00:6,,original
86_c5_000_000007.jpg,86,5,train,boat,boat,boat,cross_view,c5,,000007,86:c5:000:000007,,000
86_c5_001_000007.jpg,86,5,train,boat,boat,boat,cross_view,c5,,000007,86:c5:001:000007,,001
86_c5_002_000007.jpg,86,5,train,boat,boat,boat,cross_view,c5,,000007,86:c5:002:000007,,002
86_c5_003_000007.jpg,86,5,train,boat,boat,boat,cross_view,c5,,000007,86:c5:003:000007,,003
86_c5_004_000007.jpg,86,5,train,boat,boat,boat,cross_view,c5,,000007,86:c5:004:000007,,004
86_c5_005_000007.jpg,86,5,train,boat,boat,boat,cross_view,c5,,000007,86:c5:005:000007,,005
86_c5_00_5.jpg,86,5,train,boat,boat,boat,cross_view,c5,,5,86:c5:00:5,,original
86_c6_000_000008.jpg,86,6,train,boat,boat,boat,cross_view,c6,,000008,86:c6:000:000008,,000
86_c6_000_000009.jpg,86,6,train,boat,boat,boat,cross_view,c6,,000009,86:c6:000:000009,,000
86_c6_001_000008.jpg,86,6,train,boat,boat,boat,cross_view,c6,,000008,86:c6:001:000008,,001
86_c6_001_000009.jpg,86,6,train,boat,boat,boat,cross_view,c6,,000009,86:c6:001:000009,,001
86_c6_002_000008.jpg,86,6,train,boat,boat,boat,cross_view,c6,,000008,86:c6:002:000008,,002
86_c6_002_000009.jpg,86,6,train,boat,boat,boat,cross_view,c6,,000009,86:c6:002:000009,,002
86_c6_003_000008.jpg,86,6,train,boat,boat,boat,cross_view,c6,,000008,86:c6:003:000008,,003
86_c6_003_000009.jpg,86,6,train,boat,boat,boat,cross_view,c6,,000009,86:c6:003:000009,,003
86_c6_004_000008.jpg,86,6,train,boat,boat,boat,cross_view,c6,,000008,86:c6:004:000008,,004
86_c6_004_000009.jpg,86,6,train,boat,boat,boat,cross_view,c6,,000009,86:c6:004:000009,,004
86_c6_005_000008.jpg,86,6,train,boat,boat,boat,cross_view,c6,,000008,86:c6:005:000008,,005
86_c6_005_000009.jpg,86,6,train,boat,boat,boat,cross_view,c6,,000009,86:c6:005:000009,,005
86_c6_00_3.jpg,86,6,train,boat,boat,boat,cross_view,c6,,3,86:c6:00:3,,original
86_c6_00_4.jpg,86,6,train,boat,boat,boat,cross_view,c6,,4,86:c6:00:4,,original
87_c1_000_000000.jpg,87,1,train,boat,boat,boat,cross_view,c1,,000000,87:c1:000:000000,,000
87_c1_001_000000.jpg,87,1,train,boat,boat,boat,cross_view,c1,,000000,87:c1:001:000000,,001
87_c1_002_000000.jpg,87,1,train,boat,boat,boat,cross_view,c1,,000000,87:c1:002:000000,,002
87_c1_003_000000.jpg,87,1,train,boat,boat,boat,cross_view,c1,,000000,87:c1:003:000000,,003
87_c1_004_000000.jpg,87,1,train,boat,boat,boat,cross_view,c1,,000000,87:c1:004:000000,,004
87_c1_005_000000.jpg,87,1,train,boat,boat,boat,cross_view,c1,,000000,87:c1:005:000000,,005
87_c1_00_3.jpg,87,1,train,boat,boat,boat,cross_view,c1,,3,87:c1:00:3,,original
87_c3_000_000001.jpg,87,3,train,boat,boat,boat,cross_view,c3,,000001,87:c3:000:000001,,000
87_c3_001_000001.jpg,87,3,train,boat,boat,boat,cross_view,c3,,000001,87:c3:001:000001,,001
87_c3_002_000001.jpg,87,3,train,boat,boat,boat,cross_view,c3,,000001,87:c3:002:000001,,002
87_c3_003_000001.jpg,87,3,train,boat,boat,boat,cross_view,c3,,000001,87:c3:003:000001,,003
87_c3_004_000001.jpg,87,3,train,boat,boat,boat,cross_view,c3,,000001,87:c3:004:000001,,004
87_c3_005_000001.jpg,87,3,train,boat,boat,boat,cross_view,c3,,000001,87:c3:005:000001,,005
87_c3_00_0.jpg,87,3,train,boat,boat,boat,cross_view,c3,,0,87:c3:00:0,,original
87_c4_000_000002.jpg,87,4,train,boat,boat,boat,cross_view,c4,,000002,87:c4:000:000002,,000
87_c4_001_000002.jpg,87,4,train,boat,boat,boat,cross_view,c4,,000002,87:c4:001:000002,,001
87_c4_002_000002.jpg,87,4,train,boat,boat,boat,cross_view,c4,,000002,87:c4:002:000002,,002
87_c4_003_000002.jpg,87,4,train,boat,boat,boat,cross_view,c4,,000002,87:c4:003:000002,,003
87_c4_004_000002.jpg,87,4,train,boat,boat,boat,cross_view,c4,,000002,87:c4:004:000002,,004
87_c4_005_000002.jpg,87,4,train,boat,boat,boat,cross_view,c4,,000002,87:c4:005:000002,,005
87_c4_00_1.jpg,87,4,train,boat,boat,boat,cross_view,c4,,1,87:c4:00:1,,original
87_c5_000_000003.jpg,87,5,train,boat,boat,boat,cross_view,c5,,000003,87:c5:000:000003,,000
87_c5_001_000003.jpg,87,5,train,boat,boat,boat,cross_view,c5,,000003,87:c5:001:000003,,001
87_c5_002_000003.jpg,87,5,train,boat,boat,boat,cross_view,c5,,000003,87:c5:002:000003,,002
87_c5_003_000003.jpg,87,5,train,boat,boat,boat,cross_view,c5,,000003,87:c5:003:000003,,003
87_c5_004_000003.jpg,87,5,train,boat,boat,boat,cross_view,c5,,000003,87:c5:004:000003,,004
87_c5_005_000003.jpg,87,5,train,boat,boat,boat,cross_view,c5,,000003,87:c5:005:000003,,005
87_c5_00_2.jpg,87,5,train,boat,boat,boat,cross_view,c5,,2,87:c5:00:2,,original
87_c6_000_000004.jpg,87,6,train,boat,boat,boat,cross_view,c6,,000004,87:c6:000:000004,,000
87_c6_001_000004.jpg,87,6,train,boat,boat,boat,cross_view,c6,,000004,87:c6:001:000004,,001
87_c6_002_000004.jpg,87,6,train,boat,boat,boat,cross_view,c6,,000004,87:c6:002:000004,,002
87_c6_003_000004.jpg,87,6,train,boat,boat,boat,cross_view,c6,,000004,87:c6:003:000004,,003
87_c6_004_000004.jpg,87,6,train,boat,boat,boat,cross_view,c6,,000004,87:c6:004:000004,,004
87_c6_005_000004.jpg,87,6,train,boat,boat,boat,cross_view,c6,,000004,87:c6:005:000004,,005
87_c6_00_4.jpg,87,6,train,boat,boat,boat,cross_view,c6,,4,87:c6:00:4,,original
88_c1_000_000000.jpg,88,1,train,boat,boat,boat,cross_view,c1,,000000,88:c1:000:000000,,000
88_c1_001_000000.jpg,88,1,train,boat,boat,boat,cross_view,c1,,000000,88:c1:001:000000,,001
88_c1_002_000000.jpg,88,1,train,boat,boat,boat,cross_view,c1,,000000,88:c1:002:000000,,002
88_c1_003_000000.jpg,88,1,train,boat,boat,boat,cross_view,c1,,000000,88:c1:003:000000,,003
88_c1_004_000000.jpg,88,1,train,boat,boat,boat,cross_view,c1,,000000,88:c1:004:000000,,004
88_c1_005_000000.jpg,88,1,train,boat,boat,boat,cross_view,c1,,000000,88:c1:005:000000,,005
88_c1_00_7.jpg,88,1,train,boat,boat,boat,cross_view,c1,,7,88:c1:00:7,,original
88_c2_000_000001.jpg,88,2,train,boat,boat,boat,cross_view,c2,,000001,88:c2:000:000001,,000
88_c2_001_000001.jpg,88,2,train,boat,boat,boat,cross_view,c2,,000001,88:c2:001:000001,,001
88_c2_002_000001.jpg,88,2,train,boat,boat,boat,cross_view,c2,,000001,88:c2:002:000001,,002
88_c2_003_000001.jpg,88,2,train,boat,boat,boat,cross_view,c2,,000001,88:c2:003:000001,,003
88_c2_004_000001.jpg,88,2,train,boat,boat,boat,cross_view,c2,,000001,88:c2:004:000001,,004
88_c2_005_000001.jpg,88,2,train,boat,boat,boat,cross_view,c2,,000001,88:c2:005:000001,,005
88_c2_00_1.jpg,88,2,train,boat,boat,boat,cross_view,c2,,1,88:c2:00:1,,original
88_c3_000_000002.jpg,88,3,train,boat,boat,boat,cross_view,c3,,000002,88:c3:000:000002,,000
88_c3_000_000003.jpg,88,3,train,boat,boat,boat,cross_view,c3,,000003,88:c3:000:000003,,000
88_c3_001_000002.jpg,88,3,train,boat,boat,boat,cross_view,c3,,000002,88:c3:001:000002,,001
88_c3_001_000003.jpg,88,3,train,boat,boat,boat,cross_view,c3,,000003,88:c3:001:000003,,001
88_c3_002_000002.jpg,88,3,train,boat,boat,boat,cross_view,c3,,000002,88:c3:002:000002,,002
88_c3_002_000003.jpg,88,3,train,boat,boat,boat,cross_view,c3,,000003,88:c3:002:000003,,002
88_c3_003_000002.jpg,88,3,train,boat,boat,boat,cross_view,c3,,000002,88:c3:003:000002,,003
88_c3_003_000003.jpg,88,3,train,boat,boat,boat,cross_view,c3,,000003,88:c3:003:000003,,003
88_c3_004_000002.jpg,88,3,train,boat,boat,boat,cross_view,c3,,000002,88:c3:004:000002,,004
88_c3_004_000003.jpg,88,3,train,boat,boat,boat,cross_view,c3,,000003,88:c3:004:000003,,004
88_c3_005_000002.jpg,88,3,train,boat,boat,boat,cross_view,c3,,000002,88:c3:005:000002,,005
88_c3_005_000003.jpg,88,3,train,boat,boat,boat,cross_view,c3,,000003,88:c3:005:000003,,005
88_c3_00_0.jpg,88,3,train,boat,boat,boat,cross_view,c3,,0,88:c3:00:0,,original
88_c3_00_4.jpg,88,3,train,boat,boat,boat,cross_view,c3,,4,88:c3:00:4,,original
88_c4_000_000004.jpg,88,4,train,boat,boat,boat,cross_view,c4,,000004,88:c4:000:000004,,000
88_c4_001_000004.jpg,88,4,train,boat,boat,boat,cross_view,c4,,000004,88:c4:001:000004,,001
88_c4_002_000004.jpg,88,4,train,boat,boat,boat,cross_view,c4,,000004,88:c4:002:000004,,002
88_c4_003_000004.jpg,88,4,train,boat,boat,boat,cross_view,c4,,000004,88:c4:003:000004,,003
88_c4_004_000004.jpg,88,4,train,boat,boat,boat,cross_view,c4,,000004,88:c4:004:000004,,004
88_c4_005_000004.jpg,88,4,train,boat,boat,boat,cross_view,c4,,000004,88:c4:005:000004,,005
88_c4_00_3.jpg,88,4,train,boat,boat,boat,cross_view,c4,,3,88:c4:00:3,,original
88_c5_000_000005.jpg,88,5,train,boat,boat,boat,cross_view,c5,,000005,88:c5:000:000005,,000
88_c5_001_000005.jpg,88,5,train,boat,boat,boat,cross_view,c5,,000005,88:c5:001:000005,,001
88_c5_002_000005.jpg,88,5,train,boat,boat,boat,cross_view,c5,,000005,88:c5:002:000005,,002
88_c5_003_000005.jpg,88,5,train,boat,boat,boat,cross_view,c5,,000005,88:c5:003:000005,,003
88_c5_004_000005.jpg,88,5,train,boat,boat,boat,cross_view,c5,,000005,88:c5:004:000005,,004
88_c5_005_000005.jpg,88,5,train,boat,boat,boat,cross_view,c5,,000005,88:c5:005:000005,,005
88_c5_00_5.jpg,88,5,train,boat,boat,boat,cross_view,c5,,5,88:c5:00:5,,original
88_c6_000_000006.jpg,88,6,train,boat,boat,boat,cross_view,c6,,000006,88:c6:000:000006,,000
88_c6_000_000007.jpg,88,6,train,boat,boat,boat,cross_view,c6,,000007,88:c6:000:000007,,000
88_c6_001_000006.jpg,88,6,train,boat,boat,boat,cross_view,c6,,000006,88:c6:001:000006,,001
88_c6_001_000007.jpg,88,6,train,boat,boat,boat,cross_view,c6,,000007,88:c6:001:000007,,001
88_c6_002_000006.jpg,88,6,train,boat,boat,boat,cross_view,c6,,000006,88:c6:002:000006,,002
88_c6_002_000007.jpg,88,6,train,boat,boat,boat,cross_view,c6,,000007,88:c6:002:000007,,002
88_c6_003_000006.jpg,88,6,train,boat,boat,boat,cross_view,c6,,000006,88:c6:003:000006,,003
88_c6_003_000007.jpg,88,6,train,boat,boat,boat,cross_view,c6,,000007,88:c6:003:000007,,003
88_c6_004_000006.jpg,88,6,train,boat,boat,boat,cross_view,c6,,000006,88:c6:004:000006,,004
88_c6_004_000007.jpg,88,6,train,boat,boat,boat,cross_view,c6,,000007,88:c6:004:000007,,004
88_c6_005_000006.jpg,88,6,train,boat,boat,boat,cross_view,c6,,000006,88:c6:005:000006,,005
88_c6_005_000007.jpg,88,6,train,boat,boat,boat,cross_view,c6,,000007,88:c6:005:000007,,005
88_c6_00_2.jpg,88,6,train,boat,boat,boat,cross_view,c6,,2,88:c6:00:2,,original
88_c6_00_6.jpg,88,6,train,boat,boat,boat,cross_view,c6,,6,88:c6:00:6,,original
89_c1_000_000000.jpg,89,1,train,boat,boat,boat,cross_view,c1,,000000,89:c1:000:000000,,000
89_c1_000_000001.jpg,89,1,train,boat,boat,boat,cross_view,c1,,000001,89:c1:000:000001,,000
89_c1_001_000000.jpg,89,1,train,boat,boat,boat,cross_view,c1,,000000,89:c1:001:000000,,001
89_c1_001_000001.jpg,89,1,train,boat,boat,boat,cross_view,c1,,000001,89:c1:001:000001,,001
89_c1_002_000000.jpg,89,1,train,boat,boat,boat,cross_view,c1,,000000,89:c1:002:000000,,002
89_c1_002_000001.jpg,89,1,train,boat,boat,boat,cross_view,c1,,000001,89:c1:002:000001,,002
89_c1_003_000000.jpg,89,1,train,boat,boat,boat,cross_view,c1,,000000,89:c1:003:000000,,003
89_c1_003_000001.jpg,89,1,train,boat,boat,boat,cross_view,c1,,000001,89:c1:003:000001,,003
89_c1_004_000000.jpg,89,1,train,boat,boat,boat,cross_view,c1,,000000,89:c1:004:000000,,004
89_c1_004_000001.jpg,89,1,train,boat,boat,boat,cross_view,c1,,000001,89:c1:004:000001,,004
89_c1_005_000000.jpg,89,1,train,boat,boat,boat,cross_view,c1,,000000,89:c1:005:000000,,005
89_c1_005_000001.jpg,89,1,train,boat,boat,boat,cross_view,c1,,000001,89:c1:005:000001,,005
89_c1_00_0.jpg,89,1,train,boat,boat,boat,cross_view,c1,,0,89:c1:00:0,,original
89_c1_00_1.jpg,89,1,train,boat,boat,boat,cross_view,c1,,1,89:c1:00:1,,original
89_c4_000_000002.jpg,89,4,train,boat,boat,boat,cross_view,c4,,000002,89:c4:000:000002,,000
89_c4_001_000002.jpg,89,4,train,boat,boat,boat,cross_view,c4,,000002,89:c4:001:000002,,001
89_c4_002_000002.jpg,89,4,train,boat,boat,boat,cross_view,c4,,000002,89:c4:002:000002,,002
89_c4_003_000002.jpg,89,4,train,boat,boat,boat,cross_view,c4,,000002,89:c4:003:000002,,003
89_c4_004_000002.jpg,89,4,train,boat,boat,boat,cross_view,c4,,000002,89:c4:004:000002,,004
89_c4_005_000002.jpg,89,4,train,boat,boat,boat,cross_view,c4,,000002,89:c4:005:000002,,005
89_c4_00_4.jpg,89,4,train,boat,boat,boat,cross_view,c4,,4,89:c4:00:4,,original
89_c5_000_000003.jpg,89,5,train,boat,boat,boat,cross_view,c5,,000003,89:c5:000:000003,,000
89_c5_000_000004.jpg,89,5,train,boat,boat,boat,cross_view,c5,,000004,89:c5:000:000004,,000
89_c5_001_000003.jpg,89,5,train,boat,boat,boat,cross_view,c5,,000003,89:c5:001:000003,,001
89_c5_001_000004.jpg,89,5,train,boat,boat,boat,cross_view,c5,,000004,89:c5:001:000004,,001
89_c5_002_000003.jpg,89,5,train,boat,boat,boat,cross_view,c5,,000003,89:c5:002:000003,,002
89_c5_002_000004.jpg,89,5,train,boat,boat,boat,cross_view,c5,,000004,89:c5:002:000004,,002
89_c5_003_000003.jpg,89,5,train,boat,boat,boat,cross_view,c5,,000003,89:c5:003:000003,,003
89_c5_003_000004.jpg,89,5,train,boat,boat,boat,cross_view,c5,,000004,89:c5:003:000004,,003
89_c5_004_000003.jpg,89,5,train,boat,boat,boat,cross_view,c5,,000003,89:c5:004:000003,,004
89_c5_004_000004.jpg,89,5,train,boat,boat,boat,cross_view,c5,,000004,89:c5:004:000004,,004
89_c5_005_000003.jpg,89,5,train,boat,boat,boat,cross_view,c5,,000003,89:c5:005:000003,,005
89_c5_005_000004.jpg,89,5,train,boat,boat,boat,cross_view,c5,,000004,89:c5:005:000004,,005
89_c5_00_3.jpg,89,5,train,boat,boat,boat,cross_view,c5,,3,89:c5:00:3,,original
89_c5_00_5.jpg,89,5,train,boat,boat,boat,cross_view,c5,,5,89:c5:00:5,,original
89_c6_000_000005.jpg,89,6,train,boat,boat,boat,cross_view,c6,,000005,89:c6:000:000005,,000
89_c6_000_000006.jpg,89,6,train,boat,boat,boat,cross_view,c6,,000006,89:c6:000:000006,,000
89_c6_001_000005.jpg,89,6,train,boat,boat,boat,cross_view,c6,,000005,89:c6:001:000005,,001
89_c6_001_000006.jpg,89,6,train,boat,boat,boat,cross_view,c6,,000006,89:c6:001:000006,,001
89_c6_002_000005.jpg,89,6,train,boat,boat,boat,cross_view,c6,,000005,89:c6:002:000005,,002
89_c6_002_000006.jpg,89,6,train,boat,boat,boat,cross_view,c6,,000006,89:c6:002:000006,,002
89_c6_003_000005.jpg,89,6,train,boat,boat,boat,cross_view,c6,,000005,89:c6:003:000005,,003
89_c6_003_000006.jpg,89,6,train,boat,boat,boat,cross_view,c6,,000006,89:c6:003:000006,,003
89_c6_004_000005.jpg,89,6,train,boat,boat,boat,cross_view,c6,,000005,89:c6:004:000005,,004
89_c6_004_000006.jpg,89,6,train,boat,boat,boat,cross_view,c6,,000006,89:c6:004:000006,,004
89_c6_005_000005.jpg,89,6,train,boat,boat,boat,cross_view,c6,,000005,89:c6:005:000005,,005
89_c6_005_000006.jpg,89,6,train,boat,boat,boat,cross_view,c6,,000006,89:c6:005:000006,,005
89_c6_00_2.jpg,89,6,train,boat,boat,boat,cross_view,c6,,2,89:c6:00:2,,original
89_c6_00_6.jpg,89,6,train,boat,boat,boat,cross_view,c6,,6,89:c6:00:6,,original
8_c1_00_0.jpg,8,1,query,boat,boat,boat,cross_view,c1,,0,8:c1:00:0,,original
8_c1_00_2.jpg,8,1,gallery,boat,boat,boat,cross_view,c1,,2,8:c1:00:2,,original
8_c2_00_1.jpg,8,2,gallery,boat,boat,boat,cross_view,c2,,1,8:c2:00:1,,original
90_c1_000_000000.jpg,90,1,train,boat,boat,boat,cross_view,c1,,000000,90:c1:000:000000,,000
90_c1_000_000001.jpg,90,1,train,boat,boat,boat,cross_view,c1,,000001,90:c1:000:000001,,000
90_c1_001_000000.jpg,90,1,train,boat,boat,boat,cross_view,c1,,000000,90:c1:001:000000,,001
90_c1_001_000001.jpg,90,1,train,boat,boat,boat,cross_view,c1,,000001,90:c1:001:000001,,001
90_c1_002_000000.jpg,90,1,train,boat,boat,boat,cross_view,c1,,000000,90:c1:002:000000,,002
90_c1_002_000001.jpg,90,1,train,boat,boat,boat,cross_view,c1,,000001,90:c1:002:000001,,002
90_c1_003_000000.jpg,90,1,train,boat,boat,boat,cross_view,c1,,000000,90:c1:003:000000,,003
90_c1_003_000001.jpg,90,1,train,boat,boat,boat,cross_view,c1,,000001,90:c1:003:000001,,003
90_c1_004_000000.jpg,90,1,train,boat,boat,boat,cross_view,c1,,000000,90:c1:004:000000,,004
90_c1_004_000001.jpg,90,1,train,boat,boat,boat,cross_view,c1,,000001,90:c1:004:000001,,004
90_c1_005_000000.jpg,90,1,train,boat,boat,boat,cross_view,c1,,000000,90:c1:005:000000,,005
90_c1_005_000001.jpg,90,1,train,boat,boat,boat,cross_view,c1,,000001,90:c1:005:000001,,005
90_c1_00_0.jpg,90,1,train,boat,boat,boat,cross_view,c1,,0,90:c1:00:0,,original
90_c1_00_2.jpg,90,1,train,boat,boat,boat,cross_view,c1,,2,90:c1:00:2,,original
90_c2_000_000002.jpg,90,2,train,boat,boat,boat,cross_view,c2,,000002,90:c2:000:000002,,000
90_c2_001_000002.jpg,90,2,train,boat,boat,boat,cross_view,c2,,000002,90:c2:001:000002,,001
90_c2_002_000002.jpg,90,2,train,boat,boat,boat,cross_view,c2,,000002,90:c2:002:000002,,002
90_c2_003_000002.jpg,90,2,train,boat,boat,boat,cross_view,c2,,000002,90:c2:003:000002,,003
90_c2_004_000002.jpg,90,2,train,boat,boat,boat,cross_view,c2,,000002,90:c2:004:000002,,004
90_c2_005_000002.jpg,90,2,train,boat,boat,boat,cross_view,c2,,000002,90:c2:005:000002,,005
90_c2_00_6.jpg,90,2,train,boat,boat,boat,cross_view,c2,,6,90:c2:00:6,,original
90_c3_000_000003.jpg,90,3,train,boat,boat,boat,cross_view,c3,,000003,90:c3:000:000003,,000
90_c3_001_000003.jpg,90,3,train,boat,boat,boat,cross_view,c3,,000003,90:c3:001:000003,,001
90_c3_002_000003.jpg,90,3,train,boat,boat,boat,cross_view,c3,,000003,90:c3:002:000003,,002
90_c3_003_000003.jpg,90,3,train,boat,boat,boat,cross_view,c3,,000003,90:c3:003:000003,,003
90_c3_004_000003.jpg,90,3,train,boat,boat,boat,cross_view,c3,,000003,90:c3:004:000003,,004
90_c3_005_000003.jpg,90,3,train,boat,boat,boat,cross_view,c3,,000003,90:c3:005:000003,,005
90_c3_00_5.jpg,90,3,train,boat,boat,boat,cross_view,c3,,5,90:c3:00:5,,original
90_c4_000_000004.jpg,90,4,train,boat,boat,boat,cross_view,c4,,000004,90:c4:000:000004,,000
90_c4_001_000004.jpg,90,4,train,boat,boat,boat,cross_view,c4,,000004,90:c4:001:000004,,001
90_c4_002_000004.jpg,90,4,train,boat,boat,boat,cross_view,c4,,000004,90:c4:002:000004,,002
90_c4_003_000004.jpg,90,4,train,boat,boat,boat,cross_view,c4,,000004,90:c4:003:000004,,003
90_c4_004_000004.jpg,90,4,train,boat,boat,boat,cross_view,c4,,000004,90:c4:004:000004,,004
90_c4_005_000004.jpg,90,4,train,boat,boat,boat,cross_view,c4,,000004,90:c4:005:000004,,005
90_c4_00_4.jpg,90,4,train,boat,boat,boat,cross_view,c4,,4,90:c4:00:4,,original
90_c5_000_000005.jpg,90,5,train,boat,boat,boat,cross_view,c5,,000005,90:c5:000:000005,,000
90_c5_001_000005.jpg,90,5,train,boat,boat,boat,cross_view,c5,,000005,90:c5:001:000005,,001
90_c5_002_000005.jpg,90,5,train,boat,boat,boat,cross_view,c5,,000005,90:c5:002:000005,,002
90_c5_003_000005.jpg,90,5,train,boat,boat,boat,cross_view,c5,,000005,90:c5:003:000005,,003
90_c5_004_000005.jpg,90,5,train,boat,boat,boat,cross_view,c5,,000005,90:c5:004:000005,,004
90_c5_005_000005.jpg,90,5,train,boat,boat,boat,cross_view,c5,,000005,90:c5:005:000005,,005
90_c5_00_3.jpg,90,5,train,boat,boat,boat,cross_view,c5,,3,90:c5:00:3,,original
90_c6_000_000006.jpg,90,6,train,boat,boat,boat,cross_view,c6,,000006,90:c6:000:000006,,000
90_c6_000_000007.jpg,90,6,train,boat,boat,boat,cross_view,c6,,000007,90:c6:000:000007,,000
90_c6_001_000006.jpg,90,6,train,boat,boat,boat,cross_view,c6,,000006,90:c6:001:000006,,001
90_c6_001_000007.jpg,90,6,train,boat,boat,boat,cross_view,c6,,000007,90:c6:001:000007,,001
90_c6_002_000006.jpg,90,6,train,boat,boat,boat,cross_view,c6,,000006,90:c6:002:000006,,002
90_c6_002_000007.jpg,90,6,train,boat,boat,boat,cross_view,c6,,000007,90:c6:002:000007,,002
90_c6_003_000006.jpg,90,6,train,boat,boat,boat,cross_view,c6,,000006,90:c6:003:000006,,003
90_c6_003_000007.jpg,90,6,train,boat,boat,boat,cross_view,c6,,000007,90:c6:003:000007,,003
90_c6_004_000006.jpg,90,6,train,boat,boat,boat,cross_view,c6,,000006,90:c6:004:000006,,004
90_c6_004_000007.jpg,90,6,train,boat,boat,boat,cross_view,c6,,000007,90:c6:004:000007,,004
90_c6_005_000006.jpg,90,6,train,boat,boat,boat,cross_view,c6,,000006,90:c6:005:000006,,005
90_c6_005_000007.jpg,90,6,train,boat,boat,boat,cross_view,c6,,000007,90:c6:005:000007,,005
90_c6_00_1.jpg,90,6,train,boat,boat,boat,cross_view,c6,,1,90:c6:00:1,,original
90_c6_00_7.jpg,90,6,train,boat,boat,boat,cross_view,c6,,7,90:c6:00:7,,original
91_c1_000_000000.jpg,91,1,train,boat,boat,boat,cross_view,c1,,000000,91:c1:000:000000,,000
91_c1_001_000000.jpg,91,1,train,boat,boat,boat,cross_view,c1,,000000,91:c1:001:000000,,001
91_c1_002_000000.jpg,91,1,train,boat,boat,boat,cross_view,c1,,000000,91:c1:002:000000,,002
91_c1_003_000000.jpg,91,1,train,boat,boat,boat,cross_view,c1,,000000,91:c1:003:000000,,003
91_c1_004_000000.jpg,91,1,train,boat,boat,boat,cross_view,c1,,000000,91:c1:004:000000,,004
91_c1_005_000000.jpg,91,1,train,boat,boat,boat,cross_view,c1,,000000,91:c1:005:000000,,005
91_c1_00_0.jpg,91,1,train,boat,boat,boat,cross_view,c1,,0,91:c1:00:0,,original
91_c2_000_000001.jpg,91,2,train,boat,boat,boat,cross_view,c2,,000001,91:c2:000:000001,,000
91_c2_000_000002.jpg,91,2,train,boat,boat,boat,cross_view,c2,,000002,91:c2:000:000002,,000
91_c2_001_000001.jpg,91,2,train,boat,boat,boat,cross_view,c2,,000001,91:c2:001:000001,,001
91_c2_001_000002.jpg,91,2,train,boat,boat,boat,cross_view,c2,,000002,91:c2:001:000002,,001
91_c2_002_000001.jpg,91,2,train,boat,boat,boat,cross_view,c2,,000001,91:c2:002:000001,,002
91_c2_002_000002.jpg,91,2,train,boat,boat,boat,cross_view,c2,,000002,91:c2:002:000002,,002
91_c2_003_000001.jpg,91,2,train,boat,boat,boat,cross_view,c2,,000001,91:c2:003:000001,,003
91_c2_003_000002.jpg,91,2,train,boat,boat,boat,cross_view,c2,,000002,91:c2:003:000002,,003
91_c2_004_000001.jpg,91,2,train,boat,boat,boat,cross_view,c2,,000001,91:c2:004:000001,,004
91_c2_004_000002.jpg,91,2,train,boat,boat,boat,cross_view,c2,,000002,91:c2:004:000002,,004
91_c2_005_000001.jpg,91,2,train,boat,boat,boat,cross_view,c2,,000001,91:c2:005:000001,,005
91_c2_005_000002.jpg,91,2,train,boat,boat,boat,cross_view,c2,,000002,91:c2:005:000002,,005
91_c2_00_1.jpg,91,2,train,boat,boat,boat,cross_view,c2,,1,91:c2:00:1,,original
91_c2_00_2.jpg,91,2,train,boat,boat,boat,cross_view,c2,,2,91:c2:00:2,,original
91_c3_000_000003.jpg,91,3,train,boat,boat,boat,cross_view,c3,,000003,91:c3:000:000003,,000
91_c3_001_000003.jpg,91,3,train,boat,boat,boat,cross_view,c3,,000003,91:c3:001:000003,,001
91_c3_002_000003.jpg,91,3,train,boat,boat,boat,cross_view,c3,,000003,91:c3:002:000003,,002
91_c3_003_000003.jpg,91,3,train,boat,boat,boat,cross_view,c3,,000003,91:c3:003:000003,,003
91_c3_004_000003.jpg,91,3,train,boat,boat,boat,cross_view,c3,,000003,91:c3:004:000003,,004
91_c3_005_000003.jpg,91,3,train,boat,boat,boat,cross_view,c3,,000003,91:c3:005:000003,,005
91_c3_00_5.jpg,91,3,train,boat,boat,boat,cross_view,c3,,5,91:c3:00:5,,original
91_c4_000_000004.jpg,91,4,train,boat,boat,boat,cross_view,c4,,000004,91:c4:000:000004,,000
91_c4_001_000004.jpg,91,4,train,boat,boat,boat,cross_view,c4,,000004,91:c4:001:000004,,001
91_c4_002_000004.jpg,91,4,train,boat,boat,boat,cross_view,c4,,000004,91:c4:002:000004,,002
91_c4_003_000004.jpg,91,4,train,boat,boat,boat,cross_view,c4,,000004,91:c4:003:000004,,003
91_c4_004_000004.jpg,91,4,train,boat,boat,boat,cross_view,c4,,000004,91:c4:004:000004,,004
91_c4_005_000004.jpg,91,4,train,boat,boat,boat,cross_view,c4,,000004,91:c4:005:000004,,005
91_c4_00_3.jpg,91,4,train,boat,boat,boat,cross_view,c4,,3,91:c4:00:3,,original
91_c5_000_000005.jpg,91,5,train,boat,boat,boat,cross_view,c5,,000005,91:c5:000:000005,,000
91_c5_001_000005.jpg,91,5,train,boat,boat,boat,cross_view,c5,,000005,91:c5:001:000005,,001
91_c5_002_000005.jpg,91,5,train,boat,boat,boat,cross_view,c5,,000005,91:c5:002:000005,,002
91_c5_003_000005.jpg,91,5,train,boat,boat,boat,cross_view,c5,,000005,91:c5:003:000005,,003
91_c5_004_000005.jpg,91,5,train,boat,boat,boat,cross_view,c5,,000005,91:c5:004:000005,,004
91_c5_005_000005.jpg,91,5,train,boat,boat,boat,cross_view,c5,,000005,91:c5:005:000005,,005
91_c5_00_6.jpg,91,5,train,boat,boat,boat,cross_view,c5,,6,91:c5:00:6,,original
91_c6_000_000006.jpg,91,6,train,boat,boat,boat,cross_view,c6,,000006,91:c6:000:000006,,000
91_c6_001_000006.jpg,91,6,train,boat,boat,boat,cross_view,c6,,000006,91:c6:001:000006,,001
91_c6_002_000006.jpg,91,6,train,boat,boat,boat,cross_view,c6,,000006,91:c6:002:000006,,002
91_c6_003_000006.jpg,91,6,train,boat,boat,boat,cross_view,c6,,000006,91:c6:003:000006,,003
91_c6_004_000006.jpg,91,6,train,boat,boat,boat,cross_view,c6,,000006,91:c6:004:000006,,004
91_c6_005_000006.jpg,91,6,train,boat,boat,boat,cross_view,c6,,000006,91:c6:005:000006,,005
91_c6_00_4.jpg,91,6,train,boat,boat,boat,cross_view,c6,,4,91:c6:00:4,,original
92_c2_000_000000.jpg,92,2,train,boat,boat,boat,cross_view,c2,,000000,92:c2:000:000000,,000
92_c2_000_000001.jpg,92,2,train,boat,boat,boat,cross_view,c2,,000001,92:c2:000:000001,,000
92_c2_001_000000.jpg,92,2,train,boat,boat,boat,cross_view,c2,,000000,92:c2:001:000000,,001
92_c2_001_000001.jpg,92,2,train,boat,boat,boat,cross_view,c2,,000001,92:c2:001:000001,,001
92_c2_002_000000.jpg,92,2,train,boat,boat,boat,cross_view,c2,,000000,92:c2:002:000000,,002
92_c2_002_000001.jpg,92,2,train,boat,boat,boat,cross_view,c2,,000001,92:c2:002:000001,,002
92_c2_003_000000.jpg,92,2,train,boat,boat,boat,cross_view,c2,,000000,92:c2:003:000000,,003
92_c2_003_000001.jpg,92,2,train,boat,boat,boat,cross_view,c2,,000001,92:c2:003:000001,,003
92_c2_004_000000.jpg,92,2,train,boat,boat,boat,cross_view,c2,,000000,92:c2:004:000000,,004
92_c2_004_000001.jpg,92,2,train,boat,boat,boat,cross_view,c2,,000001,92:c2:004:000001,,004
92_c2_005_000000.jpg,92,2,train,boat,boat,boat,cross_view,c2,,000000,92:c2:005:000000,,005
92_c2_005_000001.jpg,92,2,train,boat,boat,boat,cross_view,c2,,000001,92:c2:005:000001,,005
92_c2_00_0.jpg,92,2,train,boat,boat,boat,cross_view,c2,,0,92:c2:00:0,,original
92_c2_00_1.jpg,92,2,train,boat,boat,boat,cross_view,c2,,1,92:c2:00:1,,original
92_c4_000_000002.jpg,92,4,train,boat,boat,boat,cross_view,c4,,000002,92:c4:000:000002,,000
92_c4_001_000002.jpg,92,4,train,boat,boat,boat,cross_view,c4,,000002,92:c4:001:000002,,001
92_c4_002_000002.jpg,92,4,train,boat,boat,boat,cross_view,c4,,000002,92:c4:002:000002,,002
92_c4_003_000002.jpg,92,4,train,boat,boat,boat,cross_view,c4,,000002,92:c4:003:000002,,003
92_c4_004_000002.jpg,92,4,train,boat,boat,boat,cross_view,c4,,000002,92:c4:004:000002,,004
92_c4_005_000002.jpg,92,4,train,boat,boat,boat,cross_view,c4,,000002,92:c4:005:000002,,005
92_c4_00_2.jpg,92,4,train,boat,boat,boat,cross_view,c4,,2,92:c4:00:2,,original
92_c5_000_000003.jpg,92,5,train,boat,boat,boat,cross_view,c5,,000003,92:c5:000:000003,,000
92_c5_001_000003.jpg,92,5,train,boat,boat,boat,cross_view,c5,,000003,92:c5:001:000003,,001
92_c5_002_000003.jpg,92,5,train,boat,boat,boat,cross_view,c5,,000003,92:c5:002:000003,,002
92_c5_003_000003.jpg,92,5,train,boat,boat,boat,cross_view,c5,,000003,92:c5:003:000003,,003
92_c5_004_000003.jpg,92,5,train,boat,boat,boat,cross_view,c5,,000003,92:c5:004:000003,,004
92_c5_005_000003.jpg,92,5,train,boat,boat,boat,cross_view,c5,,000003,92:c5:005:000003,,005
92_c5_00_3.jpg,92,5,train,boat,boat,boat,cross_view,c5,,3,92:c5:00:3,,original
93_c4_000_000000.jpg,93,4,train,boat,boat,boat,cross_view,c4,,000000,93:c4:000:000000,,000
93_c4_000_000001.jpg,93,4,train,boat,boat,boat,cross_view,c4,,000001,93:c4:000:000001,,000
93_c4_001_000000.jpg,93,4,train,boat,boat,boat,cross_view,c4,,000000,93:c4:001:000000,,001
93_c4_001_000001.jpg,93,4,train,boat,boat,boat,cross_view,c4,,000001,93:c4:001:000001,,001
93_c4_002_000000.jpg,93,4,train,boat,boat,boat,cross_view,c4,,000000,93:c4:002:000000,,002
93_c4_002_000001.jpg,93,4,train,boat,boat,boat,cross_view,c4,,000001,93:c4:002:000001,,002
93_c4_003_000000.jpg,93,4,train,boat,boat,boat,cross_view,c4,,000000,93:c4:003:000000,,003
93_c4_003_000001.jpg,93,4,train,boat,boat,boat,cross_view,c4,,000001,93:c4:003:000001,,003
93_c4_004_000000.jpg,93,4,train,boat,boat,boat,cross_view,c4,,000000,93:c4:004:000000,,004
93_c4_004_000001.jpg,93,4,train,boat,boat,boat,cross_view,c4,,000001,93:c4:004:000001,,004
93_c4_005_000000.jpg,93,4,train,boat,boat,boat,cross_view,c4,,000000,93:c4:005:000000,,005
93_c4_005_000001.jpg,93,4,train,boat,boat,boat,cross_view,c4,,000001,93:c4:005:000001,,005
93_c4_00_0.jpg,93,4,train,boat,boat,boat,cross_view,c4,,0,93:c4:00:0,,original
93_c4_00_4.jpg,93,4,train,boat,boat,boat,cross_view,c4,,4,93:c4:00:4,,original
93_c5_000_000002.jpg,93,5,train,boat,boat,boat,cross_view,c5,,000002,93:c5:000:000002,,000
93_c5_000_000003.jpg,93,5,train,boat,boat,boat,cross_view,c5,,000003,93:c5:000:000003,,000
93_c5_001_000002.jpg,93,5,train,boat,boat,boat,cross_view,c5,,000002,93:c5:001:000002,,001
93_c5_001_000003.jpg,93,5,train,boat,boat,boat,cross_view,c5,,000003,93:c5:001:000003,,001
93_c5_002_000002.jpg,93,5,train,boat,boat,boat,cross_view,c5,,000002,93:c5:002:000002,,002
93_c5_002_000003.jpg,93,5,train,boat,boat,boat,cross_view,c5,,000003,93:c5:002:000003,,002
93_c5_003_000002.jpg,93,5,train,boat,boat,boat,cross_view,c5,,000002,93:c5:003:000002,,003
93_c5_003_000003.jpg,93,5,train,boat,boat,boat,cross_view,c5,,000003,93:c5:003:000003,,003
93_c5_004_000002.jpg,93,5,train,boat,boat,boat,cross_view,c5,,000002,93:c5:004:000002,,004
93_c5_004_000003.jpg,93,5,train,boat,boat,boat,cross_view,c5,,000003,93:c5:004:000003,,004
93_c5_005_000002.jpg,93,5,train,boat,boat,boat,cross_view,c5,,000002,93:c5:005:000002,,005
93_c5_005_000003.jpg,93,5,train,boat,boat,boat,cross_view,c5,,000003,93:c5:005:000003,,005
93_c5_00_1.jpg,93,5,train,boat,boat,boat,cross_view,c5,,1,93:c5:00:1,,original
93_c5_00_2.jpg,93,5,train,boat,boat,boat,cross_view,c5,,2,93:c5:00:2,,original
93_c6_000_000004.jpg,93,6,train,boat,boat,boat,cross_view,c6,,000004,93:c6:000:000004,,000
93_c6_001_000004.jpg,93,6,train,boat,boat,boat,cross_view,c6,,000004,93:c6:001:000004,,001
93_c6_002_000004.jpg,93,6,train,boat,boat,boat,cross_view,c6,,000004,93:c6:002:000004,,002
93_c6_003_000004.jpg,93,6,train,boat,boat,boat,cross_view,c6,,000004,93:c6:003:000004,,003
93_c6_004_000004.jpg,93,6,train,boat,boat,boat,cross_view,c6,,000004,93:c6:004:000004,,004
93_c6_005_000004.jpg,93,6,train,boat,boat,boat,cross_view,c6,,000004,93:c6:005:000004,,005
93_c6_00_3.jpg,93,6,train,boat,boat,boat,cross_view,c6,,3,93:c6:00:3,,original
94_c2_000_000000.jpg,94,2,train,boat,boat,boat,cross_view,c2,,000000,94:c2:000:000000,,000
94_c2_001_000000.jpg,94,2,train,boat,boat,boat,cross_view,c2,,000000,94:c2:001:000000,,001
94_c2_002_000000.jpg,94,2,train,boat,boat,boat,cross_view,c2,,000000,94:c2:002:000000,,002
94_c2_003_000000.jpg,94,2,train,boat,boat,boat,cross_view,c2,,000000,94:c2:003:000000,,003
94_c2_004_000000.jpg,94,2,train,boat,boat,boat,cross_view,c2,,000000,94:c2:004:000000,,004
94_c2_005_000000.jpg,94,2,train,boat,boat,boat,cross_view,c2,,000000,94:c2:005:000000,,005
94_c2_00_1.jpg,94,2,train,boat,boat,boat,cross_view,c2,,1,94:c2:00:1,,original
94_c3_000_000001.jpg,94,3,train,boat,boat,boat,cross_view,c3,,000001,94:c3:000:000001,,000
94_c3_001_000001.jpg,94,3,train,boat,boat,boat,cross_view,c3,,000001,94:c3:001:000001,,001
94_c3_002_000001.jpg,94,3,train,boat,boat,boat,cross_view,c3,,000001,94:c3:002:000001,,002
94_c3_003_000001.jpg,94,3,train,boat,boat,boat,cross_view,c3,,000001,94:c3:003:000001,,003
94_c3_004_000001.jpg,94,3,train,boat,boat,boat,cross_view,c3,,000001,94:c3:004:000001,,004
94_c3_005_000001.jpg,94,3,train,boat,boat,boat,cross_view,c3,,000001,94:c3:005:000001,,005
94_c3_00_3.jpg,94,3,train,boat,boat,boat,cross_view,c3,,3,94:c3:00:3,,original
94_c5_000_000002.jpg,94,5,train,boat,boat,boat,cross_view,c5,,000002,94:c5:000:000002,,000
94_c5_000_000003.jpg,94,5,train,boat,boat,boat,cross_view,c5,,000003,94:c5:000:000003,,000
94_c5_001_000002.jpg,94,5,train,boat,boat,boat,cross_view,c5,,000002,94:c5:001:000002,,001
94_c5_001_000003.jpg,94,5,train,boat,boat,boat,cross_view,c5,,000003,94:c5:001:000003,,001
94_c5_002_000002.jpg,94,5,train,boat,boat,boat,cross_view,c5,,000002,94:c5:002:000002,,002
94_c5_002_000003.jpg,94,5,train,boat,boat,boat,cross_view,c5,,000003,94:c5:002:000003,,002
94_c5_003_000002.jpg,94,5,train,boat,boat,boat,cross_view,c5,,000002,94:c5:003:000002,,003
94_c5_003_000003.jpg,94,5,train,boat,boat,boat,cross_view,c5,,000003,94:c5:003:000003,,003
94_c5_004_000002.jpg,94,5,train,boat,boat,boat,cross_view,c5,,000002,94:c5:004:000002,,004
94_c5_004_000003.jpg,94,5,train,boat,boat,boat,cross_view,c5,,000003,94:c5:004:000003,,004
94_c5_005_000002.jpg,94,5,train,boat,boat,boat,cross_view,c5,,000002,94:c5:005:000002,,005
94_c5_005_000003.jpg,94,5,train,boat,boat,boat,cross_view,c5,,000003,94:c5:005:000003,,005
94_c5_00_2.jpg,94,5,train,boat,boat,boat,cross_view,c5,,2,94:c5:00:2,,original
94_c5_00_5.jpg,94,5,train,boat,boat,boat,cross_view,c5,,5,94:c5:00:5,,original
94_c6_000_000004.jpg,94,6,train,boat,boat,boat,cross_view,c6,,000004,94:c6:000:000004,,000
94_c6_000_000005.jpg,94,6,train,boat,boat,boat,cross_view,c6,,000005,94:c6:000:000005,,000
94_c6_001_000004.jpg,94,6,train,boat,boat,boat,cross_view,c6,,000004,94:c6:001:000004,,001
94_c6_001_000005.jpg,94,6,train,boat,boat,boat,cross_view,c6,,000005,94:c6:001:000005,,001
94_c6_002_000004.jpg,94,6,train,boat,boat,boat,cross_view,c6,,000004,94:c6:002:000004,,002
94_c6_002_000005.jpg,94,6,train,boat,boat,boat,cross_view,c6,,000005,94:c6:002:000005,,002
94_c6_003_000004.jpg,94,6,train,boat,boat,boat,cross_view,c6,,000004,94:c6:003:000004,,003
94_c6_003_000005.jpg,94,6,train,boat,boat,boat,cross_view,c6,,000005,94:c6:003:000005,,003
94_c6_004_000004.jpg,94,6,train,boat,boat,boat,cross_view,c6,,000004,94:c6:004:000004,,004
94_c6_004_000005.jpg,94,6,train,boat,boat,boat,cross_view,c6,,000005,94:c6:004:000005,,004
94_c6_005_000004.jpg,94,6,train,boat,boat,boat,cross_view,c6,,000004,94:c6:005:000004,,005
94_c6_005_000005.jpg,94,6,train,boat,boat,boat,cross_view,c6,,000005,94:c6:005:000005,,005
94_c6_00_0.jpg,94,6,train,boat,boat,boat,cross_view,c6,,0,94:c6:00:0,,original
94_c6_00_4.jpg,94,6,train,boat,boat,boat,cross_view,c6,,4,94:c6:00:4,,original
95_c1_000_000000.jpg,95,1,train,boat,boat,boat,cross_view,c1,,000000,95:c1:000:000000,,000
95_c1_001_000000.jpg,95,1,train,boat,boat,boat,cross_view,c1,,000000,95:c1:001:000000,,001
95_c1_002_000000.jpg,95,1,train,boat,boat,boat,cross_view,c1,,000000,95:c1:002:000000,,002
95_c1_003_000000.jpg,95,1,train,boat,boat,boat,cross_view,c1,,000000,95:c1:003:000000,,003
95_c1_004_000000.jpg,95,1,train,boat,boat,boat,cross_view,c1,,000000,95:c1:004:000000,,004
95_c1_005_000000.jpg,95,1,train,boat,boat,boat,cross_view,c1,,000000,95:c1:005:000000,,005
95_c1_00_3.jpg,95,1,train,boat,boat,boat,cross_view,c1,,3,95:c1:00:3,,original
95_c2_000_000001.jpg,95,2,train,boat,boat,boat,cross_view,c2,,000001,95:c2:000:000001,,000
95_c2_000_000002.jpg,95,2,train,boat,boat,boat,cross_view,c2,,000002,95:c2:000:000002,,000
95_c2_001_000001.jpg,95,2,train,boat,boat,boat,cross_view,c2,,000001,95:c2:001:000001,,001
95_c2_001_000002.jpg,95,2,train,boat,boat,boat,cross_view,c2,,000002,95:c2:001:000002,,001
95_c2_002_000001.jpg,95,2,train,boat,boat,boat,cross_view,c2,,000001,95:c2:002:000001,,002
95_c2_002_000002.jpg,95,2,train,boat,boat,boat,cross_view,c2,,000002,95:c2:002:000002,,002
95_c2_003_000001.jpg,95,2,train,boat,boat,boat,cross_view,c2,,000001,95:c2:003:000001,,003
95_c2_003_000002.jpg,95,2,train,boat,boat,boat,cross_view,c2,,000002,95:c2:003:000002,,003
95_c2_004_000001.jpg,95,2,train,boat,boat,boat,cross_view,c2,,000001,95:c2:004:000001,,004
95_c2_004_000002.jpg,95,2,train,boat,boat,boat,cross_view,c2,,000002,95:c2:004:000002,,004
95_c2_005_000001.jpg,95,2,train,boat,boat,boat,cross_view,c2,,000001,95:c2:005:000001,,005
95_c2_005_000002.jpg,95,2,train,boat,boat,boat,cross_view,c2,,000002,95:c2:005:000002,,005
95_c2_00_4.jpg,95,2,train,boat,boat,boat,cross_view,c2,,4,95:c2:00:4,,original
95_c2_00_5.jpg,95,2,train,boat,boat,boat,cross_view,c2,,5,95:c2:00:5,,original
95_c3_000_000003.jpg,95,3,train,boat,boat,boat,cross_view,c3,,000003,95:c3:000:000003,,000
95_c3_001_000003.jpg,95,3,train,boat,boat,boat,cross_view,c3,,000003,95:c3:001:000003,,001
95_c3_002_000003.jpg,95,3,train,boat,boat,boat,cross_view,c3,,000003,95:c3:002:000003,,002
95_c3_003_000003.jpg,95,3,train,boat,boat,boat,cross_view,c3,,000003,95:c3:003:000003,,003
95_c3_004_000003.jpg,95,3,train,boat,boat,boat,cross_view,c3,,000003,95:c3:004:000003,,004
95_c3_005_000003.jpg,95,3,train,boat,boat,boat,cross_view,c3,,000003,95:c3:005:000003,,005
95_c3_00_0.jpg,95,3,train,boat,boat,boat,cross_view,c3,,0,95:c3:00:0,,original
95_c4_000_000004.jpg,95,4,train,boat,boat,boat,cross_view,c4,,000004,95:c4:000:000004,,000
95_c4_001_000004.jpg,95,4,train,boat,boat,boat,cross_view,c4,,000004,95:c4:001:000004,,001
95_c4_002_000004.jpg,95,4,train,boat,boat,boat,cross_view,c4,,000004,95:c4:002:000004,,002
95_c4_003_000004.jpg,95,4,train,boat,boat,boat,cross_view,c4,,000004,95:c4:003:000004,,003
95_c4_004_000004.jpg,95,4,train,boat,boat,boat,cross_view,c4,,000004,95:c4:004:000004,,004
95_c4_005_000004.jpg,95,4,train,boat,boat,boat,cross_view,c4,,000004,95:c4:005:000004,,005
95_c4_00_1.jpg,95,4,train,boat,boat,boat,cross_view,c4,,1,95:c4:00:1,,original
95_c6_000_000005.jpg,95,6,train,boat,boat,boat,cross_view,c6,,000005,95:c6:000:000005,,000
95_c6_001_000005.jpg,95,6,train,boat,boat,boat,cross_view,c6,,000005,95:c6:001:000005,,001
95_c6_002_000005.jpg,95,6,train,boat,boat,boat,cross_view,c6,,000005,95:c6:002:000005,,002
95_c6_003_000005.jpg,95,6,train,boat,boat,boat,cross_view,c6,,000005,95:c6:003:000005,,003
95_c6_004_000005.jpg,95,6,train,boat,boat,boat,cross_view,c6,,000005,95:c6:004:000005,,004
95_c6_005_000005.jpg,95,6,train,boat,boat,boat,cross_view,c6,,000005,95:c6:005:000005,,005
95_c6_00_2.jpg,95,6,train,boat,boat,boat,cross_view,c6,,2,95:c6:00:2,,original
96_c2_000_000000.jpg,96,2,train,boat,boat,boat,cross_view,c2,,000000,96:c2:000:000000,,000
96_c2_000_000001.jpg,96,2,train,boat,boat,boat,cross_view,c2,,000001,96:c2:000:000001,,000
96_c2_001_000000.jpg,96,2,train,boat,boat,boat,cross_view,c2,,000000,96:c2:001:000000,,001
96_c2_001_000001.jpg,96,2,train,boat,boat,boat,cross_view,c2,,000001,96:c2:001:000001,,001
96_c2_002_000000.jpg,96,2,train,boat,boat,boat,cross_view,c2,,000000,96:c2:002:000000,,002
96_c2_002_000001.jpg,96,2,train,boat,boat,boat,cross_view,c2,,000001,96:c2:002:000001,,002
96_c2_003_000000.jpg,96,2,train,boat,boat,boat,cross_view,c2,,000000,96:c2:003:000000,,003
96_c2_003_000001.jpg,96,2,train,boat,boat,boat,cross_view,c2,,000001,96:c2:003:000001,,003
96_c2_004_000000.jpg,96,2,train,boat,boat,boat,cross_view,c2,,000000,96:c2:004:000000,,004
96_c2_004_000001.jpg,96,2,train,boat,boat,boat,cross_view,c2,,000001,96:c2:004:000001,,004
96_c2_005_000000.jpg,96,2,train,boat,boat,boat,cross_view,c2,,000000,96:c2:005:000000,,005
96_c2_005_000001.jpg,96,2,train,boat,boat,boat,cross_view,c2,,000001,96:c2:005:000001,,005
96_c2_00_2.jpg,96,2,train,boat,boat,boat,cross_view,c2,,2,96:c2:00:2,,original
96_c2_00_4.jpg,96,2,train,boat,boat,boat,cross_view,c2,,4,96:c2:00:4,,original
96_c3_000_000002.jpg,96,3,train,boat,boat,boat,cross_view,c3,,000002,96:c3:000:000002,,000
96_c3_001_000002.jpg,96,3,train,boat,boat,boat,cross_view,c3,,000002,96:c3:001:000002,,001
96_c3_002_000002.jpg,96,3,train,boat,boat,boat,cross_view,c3,,000002,96:c3:002:000002,,002
96_c3_003_000002.jpg,96,3,train,boat,boat,boat,cross_view,c3,,000002,96:c3:003:000002,,003
96_c3_004_000002.jpg,96,3,train,boat,boat,boat,cross_view,c3,,000002,96:c3:004:000002,,004
96_c3_005_000002.jpg,96,3,train,boat,boat,boat,cross_view,c3,,000002,96:c3:005:000002,,005
96_c3_00_1.jpg,96,3,train,boat,boat,boat,cross_view,c3,,1,96:c3:00:1,,original
96_c5_000_000003.jpg,96,5,train,boat,boat,boat,cross_view,c5,,000003,96:c5:000:000003,,000
96_c5_001_000003.jpg,96,5,train,boat,boat,boat,cross_view,c5,,000003,96:c5:001:000003,,001
96_c5_002_000003.jpg,96,5,train,boat,boat,boat,cross_view,c5,,000003,96:c5:002:000003,,002
96_c5_003_000003.jpg,96,5,train,boat,boat,boat,cross_view,c5,,000003,96:c5:003:000003,,003
96_c5_004_000003.jpg,96,5,train,boat,boat,boat,cross_view,c5,,000003,96:c5:004:000003,,004
96_c5_005_000003.jpg,96,5,train,boat,boat,boat,cross_view,c5,,000003,96:c5:005:000003,,005
96_c5_00_3.jpg,96,5,train,boat,boat,boat,cross_view,c5,,3,96:c5:00:3,,original
96_c6_000_000004.jpg,96,6,train,boat,boat,boat,cross_view,c6,,000004,96:c6:000:000004,,000
96_c6_001_000004.jpg,96,6,train,boat,boat,boat,cross_view,c6,,000004,96:c6:001:000004,,001
96_c6_002_000004.jpg,96,6,train,boat,boat,boat,cross_view,c6,,000004,96:c6:002:000004,,002
96_c6_003_000004.jpg,96,6,train,boat,boat,boat,cross_view,c6,,000004,96:c6:003:000004,,003
96_c6_004_000004.jpg,96,6,train,boat,boat,boat,cross_view,c6,,000004,96:c6:004:000004,,004
96_c6_005_000004.jpg,96,6,train,boat,boat,boat,cross_view,c6,,000004,96:c6:005:000004,,005
96_c6_00_0.jpg,96,6,train,boat,boat,boat,cross_view,c6,,0,96:c6:00:0,,original
97_c1_000_000000.jpg,97,1,train,boat,boat,boat,cross_view,c1,,000000,97:c1:000:000000,,000
97_c1_001_000000.jpg,97,1,train,boat,boat,boat,cross_view,c1,,000000,97:c1:001:000000,,001
97_c1_002_000000.jpg,97,1,train,boat,boat,boat,cross_view,c1,,000000,97:c1:002:000000,,002
97_c1_003_000000.jpg,97,1,train,boat,boat,boat,cross_view,c1,,000000,97:c1:003:000000,,003
97_c1_004_000000.jpg,97,1,train,boat,boat,boat,cross_view,c1,,000000,97:c1:004:000000,,004
97_c1_005_000000.jpg,97,1,train,boat,boat,boat,cross_view,c1,,000000,97:c1:005:000000,,005
97_c1_00_6.jpg,97,1,train,boat,boat,boat,cross_view,c1,,6,97:c1:00:6,,original
97_c2_000_000001.jpg,97,2,train,boat,boat,boat,cross_view,c2,,000001,97:c2:000:000001,,000
97_c2_001_000001.jpg,97,2,train,boat,boat,boat,cross_view,c2,,000001,97:c2:001:000001,,001
97_c2_002_000001.jpg,97,2,train,boat,boat,boat,cross_view,c2,,000001,97:c2:002:000001,,002
97_c2_003_000001.jpg,97,2,train,boat,boat,boat,cross_view,c2,,000001,97:c2:003:000001,,003
97_c2_004_000001.jpg,97,2,train,boat,boat,boat,cross_view,c2,,000001,97:c2:004:000001,,004
97_c2_005_000001.jpg,97,2,train,boat,boat,boat,cross_view,c2,,000001,97:c2:005:000001,,005
97_c2_00_5.jpg,97,2,train,boat,boat,boat,cross_view,c2,,5,97:c2:00:5,,original
97_c4_000_000002.jpg,97,4,train,boat,boat,boat,cross_view,c4,,000002,97:c4:000:000002,,000
97_c4_001_000002.jpg,97,4,train,boat,boat,boat,cross_view,c4,,000002,97:c4:001:000002,,001
97_c4_002_000002.jpg,97,4,train,boat,boat,boat,cross_view,c4,,000002,97:c4:002:000002,,002
97_c4_003_000002.jpg,97,4,train,boat,boat,boat,cross_view,c4,,000002,97:c4:003:000002,,003
97_c4_004_000002.jpg,97,4,train,boat,boat,boat,cross_view,c4,,000002,97:c4:004:000002,,004
97_c4_005_000002.jpg,97,4,train,boat,boat,boat,cross_view,c4,,000002,97:c4:005:000002,,005
97_c4_00_4.jpg,97,4,train,boat,boat,boat,cross_view,c4,,4,97:c4:00:4,,original
97_c5_000_000003.jpg,97,5,train,boat,boat,boat,cross_view,c5,,000003,97:c5:000:000003,,000
97_c5_000_000004.jpg,97,5,train,boat,boat,boat,cross_view,c5,,000004,97:c5:000:000004,,000
97_c5_000_000005.jpg,97,5,train,boat,boat,boat,cross_view,c5,,000005,97:c5:000:000005,,000
97_c5_001_000003.jpg,97,5,train,boat,boat,boat,cross_view,c5,,000003,97:c5:001:000003,,001
97_c5_001_000004.jpg,97,5,train,boat,boat,boat,cross_view,c5,,000004,97:c5:001:000004,,001
97_c5_001_000005.jpg,97,5,train,boat,boat,boat,cross_view,c5,,000005,97:c5:001:000005,,001
97_c5_002_000003.jpg,97,5,train,boat,boat,boat,cross_view,c5,,000003,97:c5:002:000003,,002
97_c5_002_000004.jpg,97,5,train,boat,boat,boat,cross_view,c5,,000004,97:c5:002:000004,,002
97_c5_002_000005.jpg,97,5,train,boat,boat,boat,cross_view,c5,,000005,97:c5:002:000005,,002
97_c5_003_000003.jpg,97,5,train,boat,boat,boat,cross_view,c5,,000003,97:c5:003:000003,,003
97_c5_003_000004.jpg,97,5,train,boat,boat,boat,cross_view,c5,,000004,97:c5:003:000004,,003
97_c5_003_000005.jpg,97,5,train,boat,boat,boat,cross_view,c5,,000005,97:c5:003:000005,,003
97_c5_004_000003.jpg,97,5,train,boat,boat,boat,cross_view,c5,,000003,97:c5:004:000003,,004
97_c5_004_000004.jpg,97,5,train,boat,boat,boat,cross_view,c5,,000004,97:c5:004:000004,,004
97_c5_004_000005.jpg,97,5,train,boat,boat,boat,cross_view,c5,,000005,97:c5:004:000005,,004
97_c5_005_000003.jpg,97,5,train,boat,boat,boat,cross_view,c5,,000003,97:c5:005:000003,,005
97_c5_005_000004.jpg,97,5,train,boat,boat,boat,cross_view,c5,,000004,97:c5:005:000004,,005
97_c5_005_000005.jpg,97,5,train,boat,boat,boat,cross_view,c5,,000005,97:c5:005:000005,,005
97_c5_00_0.jpg,97,5,train,boat,boat,boat,cross_view,c5,,0,97:c5:00:0,,original
97_c5_00_1.jpg,97,5,train,boat,boat,boat,cross_view,c5,,1,97:c5:00:1,,original
97_c5_00_2.jpg,97,5,train,boat,boat,boat,cross_view,c5,,2,97:c5:00:2,,original
97_c6_000_000006.jpg,97,6,train,boat,boat,boat,cross_view,c6,,000006,97:c6:000:000006,,000
97_c6_001_000006.jpg,97,6,train,boat,boat,boat,cross_view,c6,,000006,97:c6:001:000006,,001
97_c6_002_000006.jpg,97,6,train,boat,boat,boat,cross_view,c6,,000006,97:c6:002:000006,,002
97_c6_003_000006.jpg,97,6,train,boat,boat,boat,cross_view,c6,,000006,97:c6:003:000006,,003
97_c6_004_000006.jpg,97,6,train,boat,boat,boat,cross_view,c6,,000006,97:c6:004:000006,,004
97_c6_005_000006.jpg,97,6,train,boat,boat,boat,cross_view,c6,,000006,97:c6:005:000006,,005
97_c6_00_3.jpg,97,6,train,boat,boat,boat,cross_view,c6,,3,97:c6:00:3,,original
98_c1_000_000000.jpg,98,1,train,boat,boat,boat,cross_view,c1,,000000,98:c1:000:000000,,000
98_c1_001_000000.jpg,98,1,train,boat,boat,boat,cross_view,c1,,000000,98:c1:001:000000,,001
98_c1_002_000000.jpg,98,1,train,boat,boat,boat,cross_view,c1,,000000,98:c1:002:000000,,002
98_c1_003_000000.jpg,98,1,train,boat,boat,boat,cross_view,c1,,000000,98:c1:003:000000,,003
98_c1_004_000000.jpg,98,1,train,boat,boat,boat,cross_view,c1,,000000,98:c1:004:000000,,004
98_c1_005_000000.jpg,98,1,train,boat,boat,boat,cross_view,c1,,000000,98:c1:005:000000,,005
98_c1_00_1.jpg,98,1,train,boat,boat,boat,cross_view,c1,,1,98:c1:00:1,,original
98_c4_000_000001.jpg,98,4,train,boat,boat,boat,cross_view,c4,,000001,98:c4:000:000001,,000
98_c4_001_000001.jpg,98,4,train,boat,boat,boat,cross_view,c4,,000001,98:c4:001:000001,,001
98_c4_002_000001.jpg,98,4,train,boat,boat,boat,cross_view,c4,,000001,98:c4:002:000001,,002
98_c4_003_000001.jpg,98,4,train,boat,boat,boat,cross_view,c4,,000001,98:c4:003:000001,,003
98_c4_004_000001.jpg,98,4,train,boat,boat,boat,cross_view,c4,,000001,98:c4:004:000001,,004
98_c4_005_000001.jpg,98,4,train,boat,boat,boat,cross_view,c4,,000001,98:c4:005:000001,,005
98_c4_00_3.jpg,98,4,train,boat,boat,boat,cross_view,c4,,3,98:c4:00:3,,original
98_c5_000_000002.jpg,98,5,train,boat,boat,boat,cross_view,c5,,000002,98:c5:000:000002,,000
98_c5_000_000003.jpg,98,5,train,boat,boat,boat,cross_view,c5,,000003,98:c5:000:000003,,000
98_c5_001_000002.jpg,98,5,train,boat,boat,boat,cross_view,c5,,000002,98:c5:001:000002,,001
98_c5_001_000003.jpg,98,5,train,boat,boat,boat,cross_view,c5,,000003,98:c5:001:000003,,001
98_c5_002_000002.jpg,98,5,train,boat,boat,boat,cross_view,c5,,000002,98:c5:002:000002,,002
98_c5_002_000003.jpg,98,5,train,boat,boat,boat,cross_view,c5,,000003,98:c5:002:000003,,002
98_c5_003_000002.jpg,98,5,train,boat,boat,boat,cross_view,c5,,000002,98:c5:003:000002,,003
98_c5_003_000003.jpg,98,5,train,boat,boat,boat,cross_view,c5,,000003,98:c5:003:000003,,003
98_c5_004_000002.jpg,98,5,train,boat,boat,boat,cross_view,c5,,000002,98:c5:004:000002,,004
98_c5_004_000003.jpg,98,5,train,boat,boat,boat,cross_view,c5,,000003,98:c5:004:000003,,004
98_c5_005_000002.jpg,98,5,train,boat,boat,boat,cross_view,c5,,000002,98:c5:005:000002,,005
98_c5_005_000003.jpg,98,5,train,boat,boat,boat,cross_view,c5,,000003,98:c5:005:000003,,005
98_c5_00_0.jpg,98,5,train,boat,boat,boat,cross_view,c5,,0,98:c5:00:0,,original
98_c5_00_2.jpg,98,5,train,boat,boat,boat,cross_view,c5,,2,98:c5:00:2,,original
98_c6_000_000004.jpg,98,6,train,boat,boat,boat,cross_view,c6,,000004,98:c6:000:000004,,000
98_c6_001_000004.jpg,98,6,train,boat,boat,boat,cross_view,c6,,000004,98:c6:001:000004,,001
98_c6_002_000004.jpg,98,6,train,boat,boat,boat,cross_view,c6,,000004,98:c6:002:000004,,002
98_c6_003_000004.jpg,98,6,train,boat,boat,boat,cross_view,c6,,000004,98:c6:003:000004,,003
98_c6_004_000004.jpg,98,6,train,boat,boat,boat,cross_view,c6,,000004,98:c6:004:000004,,004
98_c6_005_000004.jpg,98,6,train,boat,boat,boat,cross_view,c6,,000004,98:c6:005:000004,,005
98_c6_00_4.jpg,98,6,train,boat,boat,boat,cross_view,c6,,4,98:c6:00:4,,original
99_c1_000_000000.jpg,99,1,train,boat,boat,boat,cross_view,c1,,000000,99:c1:000:000000,,000
99_c1_001_000000.jpg,99,1,train,boat,boat,boat,cross_view,c1,,000000,99:c1:001:000000,,001
99_c1_002_000000.jpg,99,1,train,boat,boat,boat,cross_view,c1,,000000,99:c1:002:000000,,002
99_c1_003_000000.jpg,99,1,train,boat,boat,boat,cross_view,c1,,000000,99:c1:003:000000,,003
99_c1_004_000000.jpg,99,1,train,boat,boat,boat,cross_view,c1,,000000,99:c1:004:000000,,004
99_c1_005_000000.jpg,99,1,train,boat,boat,boat,cross_view,c1,,000000,99:c1:005:000000,,005
99_c1_00_5.jpg,99,1,train,boat,boat,boat,cross_view,c1,,5,99:c1:00:5,,original
99_c2_000_000001.jpg,99,2,train,boat,boat,boat,cross_view,c2,,000001,99:c2:000:000001,,000
99_c2_001_000001.jpg,99,2,train,boat,boat,boat,cross_view,c2,,000001,99:c2:001:000001,,001
99_c2_002_000001.jpg,99,2,train,boat,boat,boat,cross_view,c2,,000001,99:c2:002:000001,,002
99_c2_003_000001.jpg,99,2,train,boat,boat,boat,cross_view,c2,,000001,99:c2:003:000001,,003
99_c2_004_000001.jpg,99,2,train,boat,boat,boat,cross_view,c2,,000001,99:c2:004:000001,,004
99_c2_005_000001.jpg,99,2,train,boat,boat,boat,cross_view,c2,,000001,99:c2:005:000001,,005
99_c2_00_3.jpg,99,2,train,boat,boat,boat,cross_view,c2,,3,99:c2:00:3,,original
99_c4_000_000002.jpg,99,4,train,boat,boat,boat,cross_view,c4,,000002,99:c4:000:000002,,000
99_c4_000_000003.jpg,99,4,train,boat,boat,boat,cross_view,c4,,000003,99:c4:000:000003,,000
99_c4_000_000004.jpg,99,4,train,boat,boat,boat,cross_view,c4,,000004,99:c4:000:000004,,000
99_c4_001_000002.jpg,99,4,train,boat,boat,boat,cross_view,c4,,000002,99:c4:001:000002,,001
99_c4_001_000003.jpg,99,4,train,boat,boat,boat,cross_view,c4,,000003,99:c4:001:000003,,001
99_c4_001_000004.jpg,99,4,train,boat,boat,boat,cross_view,c4,,000004,99:c4:001:000004,,001
99_c4_002_000002.jpg,99,4,train,boat,boat,boat,cross_view,c4,,000002,99:c4:002:000002,,002
99_c4_002_000003.jpg,99,4,train,boat,boat,boat,cross_view,c4,,000003,99:c4:002:000003,,002
99_c4_002_000004.jpg,99,4,train,boat,boat,boat,cross_view,c4,,000004,99:c4:002:000004,,002
99_c4_003_000002.jpg,99,4,train,boat,boat,boat,cross_view,c4,,000002,99:c4:003:000002,,003
99_c4_003_000003.jpg,99,4,train,boat,boat,boat,cross_view,c4,,000003,99:c4:003:000003,,003
99_c4_003_000004.jpg,99,4,train,boat,boat,boat,cross_view,c4,,000004,99:c4:003:000004,,003
99_c4_004_000002.jpg,99,4,train,boat,boat,boat,cross_view,c4,,000002,99:c4:004:000002,,004
99_c4_004_000003.jpg,99,4,train,boat,boat,boat,cross_view,c4,,000003,99:c4:004:000003,,004
99_c4_004_000004.jpg,99,4,train,boat,boat,boat,cross_view,c4,,000004,99:c4:004:000004,,004
99_c4_005_000002.jpg,99,4,train,boat,boat,boat,cross_view,c4,,000002,99:c4:005:000002,,005
99_c4_005_000003.jpg,99,4,train,boat,boat,boat,cross_view,c4,,000003,99:c4:005:000003,,005
99_c4_005_000004.jpg,99,4,train,boat,boat,boat,cross_view,c4,,000004,99:c4:005:000004,,005
99_c4_00_0.jpg,99,4,train,boat,boat,boat,cross_view,c4,,0,99:c4:00:0,,original
99_c4_00_1.jpg,99,4,train,boat,boat,boat,cross_view,c4,,1,99:c4:00:1,,original
99_c4_00_2.jpg,99,4,train,boat,boat,boat,cross_view,c4,,2,99:c4:00:2,,original
99_c6_000_000005.jpg,99,6,train,boat,boat,boat,cross_view,c6,,000005,99:c6:000:000005,,000
99_c6_001_000005.jpg,99,6,train,boat,boat,boat,cross_view,c6,,000005,99:c6:001:000005,,001
99_c6_002_000005.jpg,99,6,train,boat,boat,boat,cross_view,c6,,000005,99:c6:002:000005,,002
99_c6_003_000005.jpg,99,6,train,boat,boat,boat,cross_view,c6,,000005,99:c6:003:000005,,003
99_c6_004_000005.jpg,99,6,train,boat,boat,boat,cross_view,c6,,000005,99:c6:004:000005,,004
99_c6_005_000005.jpg,99,6,train,boat,boat,boat,cross_view,c6,,000005,99:c6:005:000005,,005
99_c6_00_4.jpg,99,6,train,boat,boat,boat,cross_view,c6,,4,99:c6:00:4,,original
9_c1_00_4.jpg,9,1,query,boat,boat,boat,cross_view,c1,,4,9:c1:00:4,,original
9_c1_00_5.jpg,9,1,gallery,boat,boat,boat,cross_view,c1,,5,9:c1:00:5,,original
9_c2_00_0.jpg,9,2,gallery,boat,boat,boat,cross_view,c2,,0,9:c2:00:0,,original
9_c3_00_1.jpg,9,3,gallery,boat,boat,boat,cross_view,c3,,1,9:c3:00:1,,original
9_c3_00_2.jpg,9,3,gallery,boat,boat,boat,cross_view,c3,,2,9:c3:00:2,,original
9_c5_00_3.jpg,9,5,gallery,boat,boat,boat,cross_view,c5,,3,9:c5:00:3,,original
