path,pid,camid,split,category,domain,object_noun,eval_protocol,session_id,shot_id,frame_id,source_group,query_group,augmentation
00_aibang/00_v001_f000455.jpg,00,0,train,panda,ipanda50,giant panda,session_reid,v001,,455,0:v001,,
00_aibang/00_v001_f000765.jpg,00,0,train,panda,ipanda50,giant panda,session_reid,v001,,765,0:v001,,
00_aibang/00_v001_f000945.jpg,00,0,train,panda,ipanda50,giant panda,session_reid,v001,,945,0:v001,,
00_aibang/00_v002_f000690.jpg,00,1,train,panda,ipanda50,giant panda,session_reid,v002,,690,0:v002,,
00_aibang/00_v002_f001250.jpg,00,1,train,panda,ipanda50,giant panda,session_reid,v002,,1250,0:v002,,
00_aibang/00_v002_f001340.jpg,00,1,train,panda,ipanda50,giant panda,session_reid,v002,,1340,0:v002,,
00_aibang/00_v002_f001425.jpg,00,1,train,panda,ipanda50,giant panda,session_reid,v002,,1425,0:v002,,
00_aibang/00_v002_f001500.jpg,00,1,train,panda,ipanda50,giant panda,session_reid,v002,,1500,0:v002,,
00_aibang/00_v002_f002095.jpg,00,1,train,panda,ipanda50,giant panda,session_reid,v002,,2095,0:v002,,
00_aibang/00_v002_f002930.jpg,00,1,train,panda,ipanda50,giant panda,session_reid,v002,,2930,0:v002,,
00_aibang/00_v002_f003980.jpg,00,1,train,panda,ipanda50,giant panda,session_reid,v002,,3980,0:v002,,
00_aibang/00_v002_f004160.jpg,00,1,train,panda,ipanda50,giant panda,session_reid,v002,,4160,0:v002,,
00_aibang/00_v003_f000405.jpg,00,2,train,panda,ipanda50,giant panda,session_reid,v003,,405,0:v003,,
00_aibang/00_v003_f000440.jpg,00,2,train,panda,ipanda50,giant panda,session_reid,v003,,440,0:v003,,
00_aibang/00_v003_f000650.jpg,00,2,train,panda,ipanda50,giant panda,session_reid,v003,,650,0:v003,,
00_aibang/00_v003_f002620.jpg,00,2,train,panda,ipanda50,giant panda,session_reid,v003,,2620,0:v003,,
00_aibang/00_v004_f000100.jpg,00,3,train,panda,ipanda50,giant panda,session_reid,v004,,100,0:v004,,
00_aibang/00_v004_f000485.jpg,00,3,train,panda,ipanda50,giant panda,session_reid,v004,,485,0:v004,,
00_aibang/00_v005_f000280.jpg,00,4,train,panda,ipanda50,giant panda,session_reid,v005,,280,0:v005,,
00_aibang/00_v005_f001295.jpg,00,4,train,panda,ipanda50,giant panda,session_reid,v005,,1295,0:v005,,
00_aibang/00_v005_f002180.jpg,00,4,train,panda,ipanda50,giant panda,session_reid,v005,,2180,0:v005,,
00_aibang/00_v006_f000305.jpg,00,5,train,panda,ipanda50,giant panda,session_reid,v006,,305,0:v006,,
00_aibang/00_v006_f001225.jpg,00,5,train,panda,ipanda50,giant panda,session_reid,v006,,1225,0:v006,,
00_aibang/00_v007_f000115.jpg,00,6,train,panda,ipanda50,giant panda,session_reid,v007,,115,0:v007,,
00_aibang/00_v007_f003230.jpg,00,6,train,panda,ipanda50,giant panda,session_reid,v007,,3230,0:v007,,
00_aibang/00_v007_f004345.jpg,00,6,train,panda,ipanda50,giant panda,session_reid,v007,,4345,0:v007,,
00_aibang/00_v008_f000025.jpg,00,7,train,panda,ipanda50,giant panda,session_reid,v008,,25,0:v008,,
00_aibang/00_v008_f000275.jpg,00,7,train,panda,ipanda50,giant panda,session_reid,v008,,275,0:v008,,
00_aibang/00_v009_f003120.jpg,00,8,train,panda,ipanda50,giant panda,session_reid,v009,,3120,0:v009,,
00_aibang/00_v010_f001800.jpg,00,9,train,panda,ipanda50,giant panda,session_reid,v010,,1800,0:v010,,
00_aibang/00_v010_f003780.jpg,00,9,train,panda,ipanda50,giant panda,session_reid,v010,,3780,0:v010,,
00_aibang/00_v011_f000600.jpg,00,10,train,panda,ipanda50,giant panda,session_reid,v011,,600,0:v011,,
00_aibang/00_v012_f000830.jpg,00,11,train,panda,ipanda50,giant panda,session_reid,v012,,830,0:v012,,
00_aibang/00_v013_f000310.jpg,00,12,train,panda,ipanda50,giant panda,session_reid,v013,,310,0:v013,,
00_aibang/00_v013_f000695.jpg,00,12,train,panda,ipanda50,giant panda,session_reid,v013,,695,0:v013,,
00_aibang/00_v013_f000975.jpg,00,12,train,panda,ipanda50,giant panda,session_reid,v013,,975,0:v013,,
00_aibang/00_v014_f000270.jpg,00,13,train,panda,ipanda50,giant panda,session_reid,v014,,270,0:v014,,
00_aibang/00_v014_f002070.jpg,00,13,train,panda,ipanda50,giant panda,session_reid,v014,,2070,0:v014,,
00_aibang/00_v015_f000060.jpg,00,14,train,panda,ipanda50,giant panda,session_reid,v015,,60,0:v015,,
00_aibang/00_v015_f002760.jpg,00,14,train,panda,ipanda50,giant panda,session_reid,v015,,2760,0:v015,,
00_aibang/00_v017_f000510.jpg,00,15,train,panda,ipanda50,giant panda,session_reid,v017,,510,0:v017,,
00_aibang/00_v017_f007055.jpg,00,15,train,panda,ipanda50,giant panda,session_reid,v017,,7055,0:v017,,
00_aibang/00_v018_f000230.jpg,00,16,train,panda,ipanda50,giant panda,session_reid,v018,,230,0:v018,,
00_aibang/00_v019_f000195.jpg,00,17,train,panda,ipanda50,giant panda,session_reid,v019,,195,0:v019,,
00_aibang/00_v020_f000015.jpg,00,18,train,panda,ipanda50,giant panda,session_reid,v020,,15,0:v020,,
00_aibang/00_v020_f000525.jpg,00,18,train,panda,ipanda50,giant panda,session_reid,v020,,525,0:v020,,
00_aibang/00_v020_f000990.jpg,00,18,train,panda,ipanda50,giant panda,session_reid,v020,,990,0:v020,,
00_aibang/00_v021_f000455.jpg,00,19,train,panda,ipanda50,giant panda,session_reid,v021,,455,0:v021,,
00_aibang/00_v021_f001130.jpg,00,19,train,panda,ipanda50,giant panda,session_reid,v021,,1130,0:v021,,
00_aibang/00_v021_f001515.jpg,00,19,train,panda,ipanda50,giant panda,session_reid,v021,,1515,0:v021,,
00_aibang/00_v021_f001650.jpg,00,19,train,panda,ipanda50,giant panda,session_reid,v021,,1650,0:v021,,
00_aibang/00_v021_f002355.jpg,00,19,train,panda,ipanda50,giant panda,session_reid,v021,,2355,0:v021,,
00_aibang/00_v021_f002550.jpg,00,19,train,panda,ipanda50,giant panda,session_reid,v021,,2550,0:v021,,
00_aibang/00_v021_f003255.jpg,00,19,train,panda,ipanda50,giant panda,session_reid,v021,,3255,0:v021,,
00_aibang/00_v021_f003330.jpg,00,19,train,panda,ipanda50,giant panda,session_reid,v021,,3330,0:v021,,
00_aibang/00_v021_f003605.jpg,00,19,train,panda,ipanda50,giant panda,session_reid,v021,,3605,0:v021,,
00_aibang/00_v021_f004155.jpg,00,19,train,panda,ipanda50,giant panda,session_reid,v021,,4155,0:v021,,
00_aibang/00_v021_f004380.jpg,00,19,train,panda,ipanda50,giant panda,session_reid,v021,,4380,0:v021,,
00_aibang/00_v021_f004505.jpg,00,19,train,panda,ipanda50,giant panda,session_reid,v021,,4505,0:v021,,
00_aibang/00_v021_f004680.jpg,00,19,train,panda,ipanda50,giant panda,session_reid,v021,,4680,0:v021,,
00_aibang/00_v021_f004755.jpg,00,19,train,panda,ipanda50,giant panda,session_reid,v021,,4755,0:v021,,
00_aibang/00_v021_f005270.jpg,00,19,train,panda,ipanda50,giant panda,session_reid,v021,,5270,0:v021,,
00_aibang/00_v021_f005475.jpg,00,19,train,panda,ipanda50,giant panda,session_reid,v021,,5475,0:v021,,
00_aibang/00_v021_f005530.jpg,00,19,train,panda,ipanda50,giant panda,session_reid,v021,,5530,0:v021,,
00_aibang/00_v021_f005875.jpg,00,19,train,panda,ipanda50,giant panda,session_reid,v021,,5875,0:v021,,
00_aibang/00_v021_f006900.jpg,00,19,train,panda,ipanda50,giant panda,session_reid,v021,,6900,0:v021,,
00_aibang/00_v021_f007095.jpg,00,19,train,panda,ipanda50,giant panda,session_reid,v021,,7095,0:v021,,
00_aibang/00_v022_f000445.jpg,00,20,train,panda,ipanda50,giant panda,session_reid,v022,,445,0:v022,,
00_aibang/00_v022_f001595.jpg,00,20,train,panda,ipanda50,giant panda,session_reid,v022,,1595,0:v022,,
00_aibang/00_v024_f000005.jpg,00,21,train,panda,ipanda50,giant panda,session_reid,v024,,5,0:v024,,
00_aibang/00_v025_f000325.jpg,00,22,train,panda,ipanda50,giant panda,session_reid,v025,,325,0:v025,,
00_aibang/00_v025_f001125.jpg,00,22,train,panda,ipanda50,giant panda,session_reid,v025,,1125,0:v025,,
00_aibang/00_v026_f001850.jpg,00,23,train,panda,ipanda50,giant panda,session_reid,v026,,1850,0:v026,,
00_aibang/00_v026_f003850.jpg,00,23,train,panda,ipanda50,giant panda,session_reid,v026,,3850,0:v026,,
00_aibang/00_v026_f004005.jpg,00,23,train,panda,ipanda50,giant panda,session_reid,v026,,4005,0:v026,,
00_aibang/00_v026_f004320.jpg,00,23,train,panda,ipanda50,giant panda,session_reid,v026,,4320,0:v026,,
00_aibang/00_v026_f004575.jpg,00,23,train,panda,ipanda50,giant panda,session_reid,v026,,4575,0:v026,,
00_aibang/00_v026_f004725.jpg,00,23,train,panda,ipanda50,giant panda,session_reid,v026,,4725,0:v026,,
00_aibang/00_v027_f000075.jpg,00,24,train,panda,ipanda50,giant panda,session_reid,v027,,75,0:v027,,
00_aibang/00_v027_f000230.jpg,00,24,train,panda,ipanda50,giant panda,session_reid,v027,,230,0:v027,,
00_aibang/00_v028_f001080.jpg,00,25,train,panda,ipanda50,giant panda,session_reid,v028,,1080,0:v028,,
00_aibang/00_v028_f001320.jpg,00,25,train,panda,ipanda50,giant panda,session_reid,v028,,1320,0:v028,,
00_aibang/00_v029_f000170.jpg,00,26,train,panda,ipanda50,giant panda,session_reid,v029,,170,0:v029,,
00_aibang/00_v029_f005610.jpg,00,26,train,panda,ipanda50,giant panda,session_reid,v029,,5610,0:v029,,
00_aibang/00_v029_f005950.jpg,00,26,train,panda,ipanda50,giant panda,session_reid,v029,,5950,0:v029,,
00_aibang/00_v030_f000005.jpg,00,27,train,panda,ipanda50,giant panda,session_reid,v030,,5,0:v030,,
00_aibang/00_v030_f000080.jpg,00,27,train,panda,ipanda50,giant panda,session_reid,v030,,80,0:v030,,
00_aibang/00_v030_f000110.jpg,00,27,train,panda,ipanda50,giant panda,session_reid,v030,,110,0:v030,,
00_aibang/00_v030_f000165.jpg,00,27,train,panda,ipanda50,giant panda,session_reid,v030,,165,0:v030,,
00_aibang/00_v030_f000195.jpg,00,27,train,panda,ipanda50,giant panda,session_reid,v030,,195,0:v030,,
00_aibang/00_v030_f000205.jpg,00,27,train,panda,ipanda50,giant panda,session_reid,v030,,205,0:v030,,
00_aibang/00_v030_f000335.jpg,00,27,train,panda,ipanda50,giant panda,session_reid,v030,,335,0:v030,,
00_aibang/00_v030_f001480.jpg,00,27,train,panda,ipanda50,giant panda,session_reid,v030,,1480,0:v030,,
00_aibang/00_v030_f002805.jpg,00,27,train,panda,ipanda50,giant panda,session_reid,v030,,2805,0:v030,,
00_aibang/00_v030_f004605.jpg,00,27,train,panda,ipanda50,giant panda,session_reid,v030,,4605,0:v030,,
00_aibang/00_v031_f000895.jpg,00,28,train,panda,ipanda50,giant panda,session_reid,v031,,895,0:v031,,
00_aibang/00_v032_f000005.jpg,00,29,train,panda,ipanda50,giant panda,session_reid,v032,,5,0:v032,,
00_aibang/00_v032_f001450.jpg,00,29,train,panda,ipanda50,giant panda,session_reid,v032,,1450,0:v032,,
00_aibang/00_v032_f001665.jpg,00,29,train,panda,ipanda50,giant panda,session_reid,v032,,1665,0:v032,,
00_aibang/00_v033_f000550.jpg,00,30,train,panda,ipanda50,giant panda,session_reid,v033,,550,0:v033,,
00_aibang/00_v033_f000830.jpg,00,30,train,panda,ipanda50,giant panda,session_reid,v033,,830,0:v033,,
00_aibang/00_v033_f002005.jpg,00,30,train,panda,ipanda50,giant panda,session_reid,v033,,2005,0:v033,,
00_aibang/00_v034_f000005.jpg,00,31,train,panda,ipanda50,giant panda,session_reid,v034,,5,0:v034,,
00_aibang/00_v034_f000030.jpg,00,31,train,panda,ipanda50,giant panda,session_reid,v034,,30,0:v034,,
00_aibang/00_v034_f000105.jpg,00,31,train,panda,ipanda50,giant panda,session_reid,v034,,105,0:v034,,
00_aibang/00_v034_f000650.jpg,00,31,train,panda,ipanda50,giant panda,session_reid,v034,,650,0:v034,,
00_aibang/00_v034_f000755.jpg,00,31,train,panda,ipanda50,giant panda,session_reid,v034,,755,0:v034,,
00_aibang/00_v035_f000075.jpg,00,32,train,panda,ipanda50,giant panda,session_reid,v035,,75,0:v035,,
00_aibang/00_v038_f001360.jpg,00,33,train,panda,ipanda50,giant panda,session_reid,v038,,1360,0:v038,,
00_aibang/00_v038_f004505.jpg,00,33,train,panda,ipanda50,giant panda,session_reid,v038,,4505,0:v038,,
00_aibang/00_v038_f005360.jpg,00,33,train,panda,ipanda50,giant panda,session_reid,v038,,5360,0:v038,,
00_aibang/00_v039_f002465.jpg,00,34,train,panda,ipanda50,giant panda,session_reid,v039,,2465,0:v039,,
00_aibang/00_v039_f014875.jpg,00,34,train,panda,ipanda50,giant panda,session_reid,v039,,14875,0:v039,,
00_aibang/00_v042_f000495.jpg,00,35,train,panda,ipanda50,giant panda,session_reid,v042,,495,0:v042,,
00_aibang/00_v042_f000945.jpg,00,35,train,panda,ipanda50,giant panda,session_reid,v042,,945,0:v042,,
00_aibang/00_v042_f002790.jpg,00,35,train,panda,ipanda50,giant panda,session_reid,v042,,2790,0:v042,,
00_aibang/00_v043_f000090.jpg,00,36,train,panda,ipanda50,giant panda,session_reid,v043,,90,0:v043,,
00_aibang/00_v043_f000255.jpg,00,36,train,panda,ipanda50,giant panda,session_reid,v043,,255,0:v043,,
00_aibang/00_v044_f000625.jpg,00,37,train,panda,ipanda50,giant panda,session_reid,v044,,625,0:v044,,
00_aibang/00_v046_f000225.jpg,00,38,train,panda,ipanda50,giant panda,session_reid,v046,,225,0:v046,,
00_aibang/00_v047_f000050.jpg,00,39,train,panda,ipanda50,giant panda,session_reid,v047,,50,0:v047,,
00_aibang/00_v048_f000735.jpg,00,40,train,panda,ipanda50,giant panda,session_reid,v048,,735,0:v048,,
00_aibang/00_v048_f001085.jpg,00,40,train,panda,ipanda50,giant panda,session_reid,v048,,1085,0:v048,,
00_aibang/00_v049_f000005.jpg,00,41,train,panda,ipanda50,giant panda,session_reid,v049,,5,0:v049,,
00_aibang/00_v049_f001810.jpg,00,41,train,panda,ipanda50,giant panda,session_reid,v049,,1810,0:v049,,
00_aibang/00_v050_f000535.jpg,00,42,train,panda,ipanda50,giant panda,session_reid,v050,,535,0:v050,,
00_aibang/00_v051_f000085.jpg,00,43,train,panda,ipanda50,giant panda,session_reid,v051,,85,0:v051,,
00_aibang/00_v051_f000140.jpg,00,43,train,panda,ipanda50,giant panda,session_reid,v051,,140,0:v051,,
00_aibang/00_v052_f000085.jpg,00,44,train,panda,ipanda50,giant panda,session_reid,v052,,85,0:v052,,
00_aibang/00_v052_f001955.jpg,00,44,train,panda,ipanda50,giant panda,session_reid,v052,,1955,0:v052,,
00_aibang/00_v053_f000270.jpg,00,45,train,panda,ipanda50,giant panda,session_reid,v053,,270,0:v053,,
00_aibang/00_v056_f003420.jpg,00,46,train,panda,ipanda50,giant panda,session_reid,v056,,3420,0:v056,,
00_aibang/00_v057_f000005.jpg,00,47,train,panda,ipanda50,giant panda,session_reid,v057,,5,0:v057,,
00_aibang/00_v057_f003460.jpg,00,47,train,panda,ipanda50,giant panda,session_reid,v057,,3460,0:v057,,
00_aibang/00_v057_f005635.jpg,00,47,train,panda,ipanda50,giant panda,session_reid,v057,,5635,0:v057,,
00_aibang/00_v058_f000005.jpg,00,48,train,panda,ipanda50,giant panda,session_reid,v058,,5,0:v058,,
00_aibang/00_v058_f002890.jpg,00,48,train,panda,ipanda50,giant panda,session_reid,v058,,2890,0:v058,,
00_aibang/00_v059_f000405.jpg,00,49,train,panda,ipanda50,giant panda,session_reid,v059,,405,0:v059,,
00_aibang/00_v060_f000075.jpg,00,50,train,panda,ipanda50,giant panda,session_reid,v060,,75,0:v060,,
00_aibang/00_v063_f000005.jpg,00,51,train,panda,ipanda50,giant panda,session_reid,v063,,5,0:v063,,
00_aibang/00_v067_f001620.jpg,00,52,train,panda,ipanda50,giant panda,session_reid,v067,,1620,0:v067,,
00_aibang/00_v071_f001440.jpg,00,53,train,panda,ipanda50,giant panda,session_reid,v071,,1440,0:v071,,
00_aibang/00_v071_f001620.jpg,00,53,train,panda,ipanda50,giant panda,session_reid,v071,,1620,0:v071,,
00_aibang/00_v073_f000050.jpg,00,54,train,panda,ipanda50,giant panda,session_reid,v073,,50,0:v073,,
00_aibang/00_v073_f002585.jpg,00,54,train,panda,ipanda50,giant panda,session_reid,v073,,2585,0:v073,,
00_aibang/00_v074_f000720.jpg,00,55,train,panda,ipanda50,giant panda,session_reid,v074,,720,0:v074,,
00_aibang/00_v077_f000155.jpg,00,56,train,panda,ipanda50,giant panda,session_reid,v077,,155,0:v077,,
00_aibang/00_v077_f001350.jpg,00,56,train,panda,ipanda50,giant panda,session_reid,v077,,1350,0:v077,,
00_aibang/00_v077_f001455.jpg,00,56,train,panda,ipanda50,giant panda,session_reid,v077,,1455,0:v077,,
00_aibang/00_v081_f000005.jpg,00,57,train,panda,ipanda50,giant panda,session_reid,v081,,5,0:v081,,
00_aibang/00_v081_f000385.jpg,00,57,train,panda,ipanda50,giant panda,session_reid,v081,,385,0:v081,,
00_aibang/00_v081_f001580.jpg,00,57,train,panda,ipanda50,giant panda,session_reid,v081,,1580,0:v081,,
00_aibang/00_v083_f000795.jpg,00,58,train,panda,ipanda50,giant panda,session_reid,v083,,795,0:v083,,
00_aibang/00_v084_f000005.jpg,00,59,train,panda,ipanda50,giant panda,session_reid,v084,,5,0:v084,,
00_aibang/00_v084_f000095.jpg,00,59,train,panda,ipanda50,giant panda,session_reid,v084,,95,0:v084,,
00_aibang/00_v084_f000330.jpg,00,59,train,panda,ipanda50,giant panda,session_reid,v084,,330,0:v084,,
00_aibang/00_v084_f000925.jpg,00,59,train,panda,ipanda50,giant panda,session_reid,v084,,925,0:v084,,
00_aibang/00_v084_f001005.jpg,00,59,train,panda,ipanda50,giant panda,session_reid,v084,,1005,0:v084,,
00_aibang/00_v084_f001515.jpg,00,59,train,panda,ipanda50,giant panda,session_reid,v084,,1515,0:v084,,
00_aibang/00_v084_f002245.jpg,00,59,train,panda,ipanda50,giant panda,session_reid,v084,,2245,0:v084,,
00_aibang/00_v084_f002540.jpg,00,59,train,panda,ipanda50,giant panda,session_reid,v084,,2540,0:v084,,
00_aibang/00_v084_f008400.jpg,00,59,train,panda,ipanda50,giant panda,session_reid,v084,,8400,0:v084,,
00_aibang/00_v084_f010040.jpg,00,59,train,panda,ipanda50,giant panda,session_reid,v084,,10040,0:v084,,
00_aibang/00_v084_f010270.jpg,00,59,train,panda,ipanda50,giant panda,session_reid,v084,,10270,0:v084,,
00_aibang/00_v085_f000300.jpg,00,60,train,panda,ipanda50,giant panda,session_reid,v085,,300,0:v085,,
00_aibang/00_v085_f002220.jpg,00,60,train,panda,ipanda50,giant panda,session_reid,v085,,2220,0:v085,,
00_aibang/00_v088_f000450.jpg,00,61,train,panda,ipanda50,giant panda,session_reid,v088,,450,0:v088,,
00_aibang/00_v092_f002880.jpg,00,62,train,panda,ipanda50,giant panda,session_reid,v092,,2880,0:v092,,
00_aibang/00_v093_f000005.jpg,00,63,train,panda,ipanda50,giant panda,session_reid,v093,,5,0:v093,,
00_aibang/00_v094_f000005.jpg,00,64,train,panda,ipanda50,giant panda,session_reid,v094,,5,0:v094,,
00_aibang/00_v094_f000260.jpg,00,64,train,panda,ipanda50,giant panda,session_reid,v094,,260,0:v094,,
00_aibang/00_v094_f001245.jpg,00,64,train,panda,ipanda50,giant panda,session_reid,v094,,1245,0:v094,,
00_aibang/00_v095_f000060.jpg,00,65,train,panda,ipanda50,giant panda,session_reid,v095,,60,0:v095,,
00_aibang/00_v096_f000005.jpg,00,66,train,panda,ipanda50,giant panda,session_reid,v096,,5,0:v096,,
00_aibang/00_v098_f000875.jpg,00,67,train,panda,ipanda50,giant panda,session_reid,v098,,875,0:v098,,
00_aibang/00_v098_f001190.jpg,00,67,train,panda,ipanda50,giant panda,session_reid,v098,,1190,0:v098,,
00_aibang/00_v098_f001535.jpg,00,67,train,panda,ipanda50,giant panda,session_reid,v098,,1535,0:v098,,
00_aibang/00_v098_f004665.jpg,00,67,train,panda,ipanda50,giant panda,session_reid,v098,,4665,0:v098,,
00_aibang/00_v098_f004765.jpg,00,67,train,panda,ipanda50,giant panda,session_reid,v098,,4765,0:v098,,
00_aibang/00_v098_f004930.jpg,00,67,train,panda,ipanda50,giant panda,session_reid,v098,,4930,0:v098,,
00_aibang/00_v098_f005205.jpg,00,67,train,panda,ipanda50,giant panda,session_reid,v098,,5205,0:v098,,
00_aibang/00_v099_f000125.jpg,00,68,train,panda,ipanda50,giant panda,session_reid,v099,,125,0:v099,,
00_aibang/00_v100_f000350.jpg,00,69,train,panda,ipanda50,giant panda,session_reid,v100,,350,0:v100,,
00_aibang/00_v109_f000090.jpg,00,70,train,panda,ipanda50,giant panda,session_reid,v109,,90,0:v109,,
00_aibang/00_v111_f000005.jpg,00,71,train,panda,ipanda50,giant panda,session_reid,v111,,5,0:v111,,
00_aibang/00_v111_f002170.jpg,00,71,train,panda,ipanda50,giant panda,session_reid,v111,,2170,0:v111,,
00_aibang/00_v111_f002340.jpg,00,71,train,panda,ipanda50,giant panda,session_reid,v111,,2340,0:v111,,
00_aibang/00_v113_f000050.jpg,00,72,train,panda,ipanda50,giant panda,session_reid,v113,,50,0:v113,,
00_aibang/00_v113_f000190.jpg,00,72,train,panda,ipanda50,giant panda,session_reid,v113,,190,0:v113,,
00_aibang/00_v116_f000500.jpg,00,73,train,panda,ipanda50,giant panda,session_reid,v116,,500,0:v116,,
00_aibang/00_v116_f000885.jpg,00,73,train,panda,ipanda50,giant panda,session_reid,v116,,885,0:v116,,
00_aibang/00_v116_f001365.jpg,00,73,train,panda,ipanda50,giant panda,session_reid,v116,,1365,0:v116,,
00_aibang/00_v117_f000005.jpg,00,74,train,panda,ipanda50,giant panda,session_reid,v117,,5,0:v117,,
00_aibang/00_v119_f000740.jpg,00,75,train,panda,ipanda50,giant panda,session_reid,v119,,740,0:v119,,
00_aibang/00_v119_f001415.jpg,00,75,train,panda,ipanda50,giant panda,session_reid,v119,,1415,0:v119,,
00_aibang/00_v125_f000380.jpg,00,76,train,panda,ipanda50,giant panda,session_reid,v125,,380,0:v125,,
00_aibang/00_v125_f001370.jpg,00,76,train,panda,ipanda50,giant panda,session_reid,v125,,1370,0:v125,,
00_aibang/00_v127_f000005.jpg,00,77,train,panda,ipanda50,giant panda,session_reid,v127,,5,0:v127,,
00_aibang/00_v127_f001785.jpg,00,77,train,panda,ipanda50,giant panda,session_reid,v127,,1785,0:v127,,
00_aibang/00_v127_f003270.jpg,00,77,train,panda,ipanda50,giant panda,session_reid,v127,,3270,0:v127,,
00_aibang/00_v127_f003290.jpg,00,77,train,panda,ipanda50,giant panda,session_reid,v127,,3290,0:v127,,
00_aibang/00_v127_f003330.jpg,00,77,train,panda,ipanda50,giant panda,session_reid,v127,,3330,0:v127,,
00_aibang/00_v130_f000050.jpg,00,78,train,panda,ipanda50,giant panda,session_reid,v130,,50,0:v130,,
00_aibang/00_v130_f001380.jpg,00,78,train,panda,ipanda50,giant panda,session_reid,v130,,1380,0:v130,,
00_aibang/00_v133_f000005.jpg,00,79,train,panda,ipanda50,giant panda,session_reid,v133,,5,0:v133,,
00_aibang/00_v133_f000100.jpg,00,79,train,panda,ipanda50,giant panda,session_reid,v133,,100,0:v133,,
00_aibang/00_v133_f000330.jpg,00,79,train,panda,ipanda50,giant panda,session_reid,v133,,330,0:v133,,
00_aibang/00_v133_f000615.jpg,00,79,train,panda,ipanda50,giant panda,session_reid,v133,,615,0:v133,,
00_aibang/00_v134_f002055.jpg,00,80,train,panda,ipanda50,giant panda,session_reid,v134,,2055,0:v134,,
00_aibang/00_v134_f003220.jpg,00,80,train,panda,ipanda50,giant panda,session_reid,v134,,3220,0:v134,,
00_aibang/00_v134_f003430.jpg,00,80,train,panda,ipanda50,giant panda,session_reid,v134,,3430,0:v134,,
00_aibang/00_v136_f001020.jpg,00,81,train,panda,ipanda50,giant panda,session_reid,v136,,1020,0:v136,,
00_aibang/00_v137_f000005.jpg,00,82,train,panda,ipanda50,giant panda,session_reid,v137,,5,0:v137,,
00_aibang/00_v137_f000760.jpg,00,82,train,panda,ipanda50,giant panda,session_reid,v137,,760,0:v137,,
00_aibang/00_v137_f000805.jpg,00,82,train,panda,ipanda50,giant panda,session_reid,v137,,805,0:v137,,
00_aibang/00_v137_f000835.jpg,00,82,train,panda,ipanda50,giant panda,session_reid,v137,,835,0:v137,,
00_aibang/00_v137_f002240.jpg,00,82,train,panda,ipanda50,giant panda,session_reid,v137,,2240,0:v137,,
00_aibang/00_v137_f002555.jpg,00,82,train,panda,ipanda50,giant panda,session_reid,v137,,2555,0:v137,,
00_aibang/00_v137_f002685.jpg,00,82,train,panda,ipanda50,giant panda,session_reid,v137,,2685,0:v137,,
00_aibang/00_v137_f002755.jpg,00,82,train,panda,ipanda50,giant panda,session_reid,v137,,2755,0:v137,,
00_aibang/00_v144_f000005.jpg,00,83,train,panda,ipanda50,giant panda,session_reid,v144,,5,0:v144,,
00_aibang/00_v145_f000005.jpg,00,84,train,panda,ipanda50,giant panda,session_reid,v145,,5,0:v145,,
00_aibang/00_v146_f000545.jpg,00,85,train,panda,ipanda50,giant panda,session_reid,v146,,545,0:v146,,
00_aibang/00_v146_f001360.jpg,00,85,train,panda,ipanda50,giant panda,session_reid,v146,,1360,0:v146,,
00_aibang/00_v146_f002040.jpg,00,85,train,panda,ipanda50,giant panda,session_reid,v146,,2040,0:v146,,
00_aibang/00_v148_f000005.jpg,00,86,train,panda,ipanda50,giant panda,session_reid,v148,,5,0:v148,,
00_aibang/00_v148_f002425.jpg,00,86,train,panda,ipanda50,giant panda,session_reid,v148,,2425,0:v148,,
00_aibang/00_v148_f002805.jpg,00,86,train,panda,ipanda50,giant panda,session_reid,v148,,2805,0:v148,,
00_aibang/00_v150_f001680.jpg,00,87,train,panda,ipanda50,giant panda,session_reid,v150,,1680,0:v150,,
00_aibang/00_v150_f002485.jpg,00,87,train,panda,ipanda50,giant panda,session_reid,v150,,2485,0:v150,,
00_aibang/00_v150_f002705.jpg,00,87,train,panda,ipanda50,giant panda,session_reid,v150,,2705,0:v150,,
00_aibang/00_v150_f003655.jpg,00,87,train,panda,ipanda50,giant panda,session_reid,v150,,3655,0:v150,,
00_aibang/00_v150_f007385.jpg,00,87,train,panda,ipanda50,giant panda,session_reid,v150,,7385,0:v150,,
00_aibang/00_v151_f000105.jpg,00,88,train,panda,ipanda50,giant panda,session_reid,v151,,105,0:v151,,
00_aibang/00_v151_f001285.jpg,00,88,train,panda,ipanda50,giant panda,session_reid,v151,,1285,0:v151,,
00_aibang/00_v151_f001395.jpg,00,88,train,panda,ipanda50,giant panda,session_reid,v151,,1395,0:v151,,
00_aibang/00_v151_f001490.jpg,00,88,train,panda,ipanda50,giant panda,session_reid,v151,,1490,0:v151,,
00_aibang/00_v151_f003065.jpg,00,88,train,panda,ipanda50,giant panda,session_reid,v151,,3065,0:v151,,
00_aibang/00_v153_f000725.jpg,00,89,train,panda,ipanda50,giant panda,session_reid,v153,,725,0:v153,,
00_aibang/00_v154_f000105.jpg,00,90,train,panda,ipanda50,giant panda,session_reid,v154,,105,0:v154,,
00_aibang/00_v154_f002955.jpg,00,90,train,panda,ipanda50,giant panda,session_reid,v154,,2955,0:v154,,
00_aibang/00_v156_f000075.jpg,00,91,train,panda,ipanda50,giant panda,session_reid,v156,,75,0:v156,,
00_aibang/00_v156_f000410.jpg,00,91,train,panda,ipanda50,giant panda,session_reid,v156,,410,0:v156,,
00_aibang/00_v156_f000910.jpg,00,91,train,panda,ipanda50,giant panda,session_reid,v156,,910,0:v156,,
00_aibang/00_v156_f001065.jpg,00,91,train,panda,ipanda50,giant panda,session_reid,v156,,1065,0:v156,,
00_aibang/00_v156_f002350.jpg,00,91,train,panda,ipanda50,giant panda,session_reid,v156,,2350,0:v156,,
00_aibang/00_v159_f003905.jpg,00,92,train,panda,ipanda50,giant panda,session_reid,v159,,3905,0:v159,,
00_aibang/00_v159_f004605.jpg,00,92,train,panda,ipanda50,giant panda,session_reid,v159,,4605,0:v159,,
00_aibang/00_v159_f006305.jpg,00,92,train,panda,ipanda50,giant panda,session_reid,v159,,6305,0:v159,,
00_aibang/00_v159_f006335.jpg,00,92,train,panda,ipanda50,giant panda,session_reid,v159,,6335,0:v159,,
00_aibang/00_v159_f006405.jpg,00,92,train,panda,ipanda50,giant panda,session_reid,v159,,6405,0:v159,,
00_aibang/00_v162_f000640.jpg,00,93,train,panda,ipanda50,giant panda,session_reid,v162,,640,0:v162,,
00_aibang/00_v162_f001335.jpg,00,93,train,panda,ipanda50,giant panda,session_reid,v162,,1335,0:v162,,
00_aibang/00_v162_f002190.jpg,00,93,train,panda,ipanda50,giant panda,session_reid,v162,,2190,0:v162,,
00_aibang/00_v162_f003040.jpg,00,93,train,panda,ipanda50,giant panda,session_reid,v162,,3040,0:v162,,
00_aibang/00_v162_f003115.jpg,00,93,train,panda,ipanda50,giant panda,session_reid,v162,,3115,0:v162,,
00_aibang/00_v162_f003455.jpg,00,93,train,panda,ipanda50,giant panda,session_reid,v162,,3455,0:v162,,
00_aibang/00_v163_f000745.jpg,00,94,train,panda,ipanda50,giant panda,session_reid,v163,,745,0:v163,,
00_aibang/00_v163_f000845.jpg,00,94,train,panda,ipanda50,giant panda,session_reid,v163,,845,0:v163,,
00_aibang/00_v163_f000955.jpg,00,94,train,panda,ipanda50,giant panda,session_reid,v163,,955,0:v163,,
00_aibang/00_v163_f001055.jpg,00,94,train,panda,ipanda50,giant panda,session_reid,v163,,1055,0:v163,,
01_aoliao/01_1.jpg,01,436,train,panda,ipanda50,giant panda,session_reid,legacy,,1,1:legacy,,
01_aoliao/01_1195.jpg,01,436,train,panda,ipanda50,giant panda,session_reid,legacy,,1195,1:legacy,,
01_aoliao/01_140.jpg,01,436,train,panda,ipanda50,giant panda,session_reid,legacy,,140,1:legacy,,
01_aoliao/01_465.jpg,01,436,train,panda,ipanda50,giant panda,session_reid,legacy,,465,1:legacy,,
01_aoliao/01_5.jpg,01,436,train,panda,ipanda50,giant panda,session_reid,legacy,,5,1:legacy,,
01_aoliao/01_65.jpg,01,436,train,panda,ipanda50,giant panda,session_reid,legacy,,65,1:legacy,,
01_aoliao/01_655.jpg,01,436,train,panda,ipanda50,giant panda,session_reid,legacy,,655,1:legacy,,
01_aoliao/01_v002_f000050.jpg,01,437,train,panda,ipanda50,giant panda,session_reid,v002,,50,1:v002,,
01_aoliao/01_v002_f000120.jpg,01,437,train,panda,ipanda50,giant panda,session_reid,v002,,120,1:v002,,
01_aoliao/01_v002_f000150.jpg,01,437,train,panda,ipanda50,giant panda,session_reid,v002,,150,1:v002,,
01_aoliao/01_v002_f000200.jpg,01,437,train,panda,ipanda50,giant panda,session_reid,v002,,200,1:v002,,
01_aoliao/01_v002_f000220.jpg,01,437,train,panda,ipanda50,giant panda,session_reid,v002,,220,1:v002,,
01_aoliao/01_v002_f000325.jpg,01,437,train,panda,ipanda50,giant panda,session_reid,v002,,325,1:v002,,
01_aoliao/01_v002_f000915.jpg,01,437,train,panda,ipanda50,giant panda,session_reid,v002,,915,1:v002,,
01_aoliao/01_v002_f001080.jpg,01,437,train,panda,ipanda50,giant panda,session_reid,v002,,1080,1:v002,,
01_aoliao/01_v002_f001135.jpg,01,437,train,panda,ipanda50,giant panda,session_reid,v002,,1135,1:v002,,
01_aoliao/01_v002_f001520.jpg,01,437,train,panda,ipanda50,giant panda,session_reid,v002,,1520,1:v002,,
01_aoliao/01_v002_f001555.jpg,01,437,train,panda,ipanda50,giant panda,session_reid,v002,,1555,1:v002,,
01_aoliao/01_v002_f001575.jpg,01,437,train,panda,ipanda50,giant panda,session_reid,v002,,1575,1:v002,,
01_aoliao/01_v002_f001680.jpg,01,437,train,panda,ipanda50,giant panda,session_reid,v002,,1680,1:v002,,
01_aoliao/01_v002_f001715.jpg,01,437,train,panda,ipanda50,giant panda,session_reid,v002,,1715,1:v002,,
01_aoliao/01_v002_f001995.jpg,01,437,train,panda,ipanda50,giant panda,session_reid,v002,,1995,1:v002,,
01_aoliao/01_v002_f002065.jpg,01,437,train,panda,ipanda50,giant panda,session_reid,v002,,2065,1:v002,,
01_aoliao/01_v002_f002090.jpg,01,437,train,panda,ipanda50,giant panda,session_reid,v002,,2090,1:v002,,
01_aoliao/01_v003_f000050.jpg,01,438,train,panda,ipanda50,giant panda,session_reid,v003,,50,1:v003,,
01_aoliao/01_v003_f000145.jpg,01,438,train,panda,ipanda50,giant panda,session_reid,v003,,145,1:v003,,
01_aoliao/01_v003_f000245.jpg,01,438,train,panda,ipanda50,giant panda,session_reid,v003,,245,1:v003,,
01_aoliao/01_v003_f000280.jpg,01,438,train,panda,ipanda50,giant panda,session_reid,v003,,280,1:v003,,
01_aoliao/01_v003_f000455.jpg,01,438,train,panda,ipanda50,giant panda,session_reid,v003,,455,1:v003,,
01_aoliao/01_v004_f000005.jpg,01,439,train,panda,ipanda50,giant panda,session_reid,v004,,5,1:v004,,
01_aoliao/01_v004_f000455.jpg,01,439,train,panda,ipanda50,giant panda,session_reid,v004,,455,1:v004,,
01_aoliao/01_v004_f000500.jpg,01,439,train,panda,ipanda50,giant panda,session_reid,v004,,500,1:v004,,
01_aoliao/01_v004_f000930.jpg,01,439,train,panda,ipanda50,giant panda,session_reid,v004,,930,1:v004,,
01_aoliao/01_v004_f001025.jpg,01,439,train,panda,ipanda50,giant panda,session_reid,v004,,1025,1:v004,,
01_aoliao/01_v006_f000005.jpg,01,440,train,panda,ipanda50,giant panda,session_reid,v006,,5,1:v006,,
01_aoliao/01_v006_f000205.jpg,01,440,train,panda,ipanda50,giant panda,session_reid,v006,,205,1:v006,,
01_aoliao/01_v006_f000355.jpg,01,440,train,panda,ipanda50,giant panda,session_reid,v006,,355,1:v006,,
01_aoliao/01_v006_f000555.jpg,01,440,train,panda,ipanda50,giant panda,session_reid,v006,,555,1:v006,,
01_aoliao/01_v006_f000580.jpg,01,440,train,panda,ipanda50,giant panda,session_reid,v006,,580,1:v006,,
01_aoliao/01_v006_f000605.jpg,01,440,train,panda,ipanda50,giant panda,session_reid,v006,,605,1:v006,,
01_aoliao/01_v006_f000735.jpg,01,440,train,panda,ipanda50,giant panda,session_reid,v006,,735,1:v006,,
01_aoliao/01_v006_f000780.jpg,01,440,train,panda,ipanda50,giant panda,session_reid,v006,,780,1:v006,,
01_aoliao/01_v006_f000925.jpg,01,440,train,panda,ipanda50,giant panda,session_reid,v006,,925,1:v006,,
01_aoliao/01_v006_f001005.jpg,01,440,train,panda,ipanda50,giant panda,session_reid,v006,,1005,1:v006,,
01_aoliao/01_v007_f000010.jpg,01,441,train,panda,ipanda50,giant panda,session_reid,v007,,10,1:v007,,
01_aoliao/01_v007_f000280.jpg,01,441,train,panda,ipanda50,giant panda,session_reid,v007,,280,1:v007,,
01_aoliao/01_v007_f000700.jpg,01,441,train,panda,ipanda50,giant panda,session_reid,v007,,700,1:v007,,
01_aoliao/01_v007_f000880.jpg,01,441,train,panda,ipanda50,giant panda,session_reid,v007,,880,1:v007,,
01_aoliao/01_v007_f000885.jpg,01,441,train,panda,ipanda50,giant panda,session_reid,v007,,885,1:v007,,
01_aoliao/01_v007_f001660.jpg,01,441,train,panda,ipanda50,giant panda,session_reid,v007,,1660,1:v007,,
01_aoliao/01_v007_f001685.jpg,01,441,train,panda,ipanda50,giant panda,session_reid,v007,,1685,1:v007,,
01_aoliao/01_v007_f001725.jpg,01,441,train,panda,ipanda50,giant panda,session_reid,v007,,1725,1:v007,,
01_aoliao/01_v007_f001905.jpg,01,441,train,panda,ipanda50,giant panda,session_reid,v007,,1905,1:v007,,
01_aoliao/01_v007_f002130.jpg,01,441,train,panda,ipanda50,giant panda,session_reid,v007,,2130,1:v007,,
01_aoliao/01_v007_f002140.jpg,01,441,train,panda,ipanda50,giant panda,session_reid,v007,,2140,1:v007,,
01_aoliao/01_v007_f002465.jpg,01,441,train,panda,ipanda50,giant panda,session_reid,v007,,2465,1:v007,,
01_aoliao/01_v007_f002950.jpg,01,441,train,panda,ipanda50,giant panda,session_reid,v007,,2950,1:v007,,
01_aoliao/01_v008_f000090.jpg,01,442,train,panda,ipanda50,giant panda,session_reid,v008,,90,1:v008,,
01_aoliao/01_v008_f000105.jpg,01,442,train,panda,ipanda50,giant panda,session_reid,v008,,105,1:v008,,
01_aoliao/01_v008_f000120.jpg,01,442,train,panda,ipanda50,giant panda,session_reid,v008,,120,1:v008,,
01_aoliao/01_v008_f000150.jpg,01,442,train,panda,ipanda50,giant panda,session_reid,v008,,150,1:v008,,
01_aoliao/01_v008_f000500.jpg,01,442,train,panda,ipanda50,giant panda,session_reid,v008,,500,1:v008,,
02_baolan/02_v001_f000020.jpg,02,784,train,panda,ipanda50,giant panda,session_reid,v001,,20,2:v001,,
02_baolan/02_v001_f001315.jpg,02,784,train,panda,ipanda50,giant panda,session_reid,v001,,1315,2:v001,,
02_baolan/02_v001_f001840.jpg,02,784,train,panda,ipanda50,giant panda,session_reid,v001,,1840,2:v001,,
02_baolan/02_v001_f002075.jpg,02,784,train,panda,ipanda50,giant panda,session_reid,v001,,2075,2:v001,,
02_baolan/02_v002_f000425.jpg,02,785,train,panda,ipanda50,giant panda,session_reid,v002,,425,2:v002,,
02_baolan/02_v002_f001420.jpg,02,785,train,panda,ipanda50,giant panda,session_reid,v002,,1420,2:v002,,
02_baolan/02_v003_f000125.jpg,02,786,train,panda,ipanda50,giant panda,session_reid,v003,,125,2:v003,,
02_baolan/02_v003_f000235.jpg,02,786,train,panda,ipanda50,giant panda,session_reid,v003,,235,2:v003,,
02_baolan/02_v003_f001945.jpg,02,786,train,panda,ipanda50,giant panda,session_reid,v003,,1945,2:v003,,
02_baolan/02_v004_f000185.jpg,02,787,train,panda,ipanda50,giant panda,session_reid,v004,,185,2:v004,,
02_baolan/02_v004_f000605.jpg,02,787,train,panda,ipanda50,giant panda,session_reid,v004,,605,2:v004,,
02_baolan/02_v004_f001135.jpg,02,787,train,panda,ipanda50,giant panda,session_reid,v004,,1135,2:v004,,
02_baolan/02_v004_f001245.jpg,02,787,train,panda,ipanda50,giant panda,session_reid,v004,,1245,2:v004,,
02_baolan/02_v004_f002200.jpg,02,787,train,panda,ipanda50,giant panda,session_reid,v004,,2200,2:v004,,
02_baolan/02_v004_f002210.jpg,02,787,train,panda,ipanda50,giant panda,session_reid,v004,,2210,2:v004,,
02_baolan/02_v004_f002415.jpg,02,787,train,panda,ipanda50,giant panda,session_reid,v004,,2415,2:v004,,
02_baolan/02_v004_f003755.jpg,02,787,train,panda,ipanda50,giant panda,session_reid,v004,,3755,2:v004,,
02_baolan/02_v004_f003850.jpg,02,787,train,panda,ipanda50,giant panda,session_reid,v004,,3850,2:v004,,
02_baolan/02_v005_f003860.jpg,02,788,train,panda,ipanda50,giant panda,session_reid,v005,,3860,2:v005,,
02_baolan/02_v006_f000005.jpg,02,789,train,panda,ipanda50,giant panda,session_reid,v006,,5,2:v006,,
02_baolan/02_v007_f000005.jpg,02,790,train,panda,ipanda50,giant panda,session_reid,v007,,5,2:v007,,
02_baolan/02_v007_f000055.jpg,02,790,train,panda,ipanda50,giant panda,session_reid,v007,,55,2:v007,,
02_baolan/02_v007_f002140.jpg,02,790,train,panda,ipanda50,giant panda,session_reid,v007,,2140,2:v007,,
02_baolan/02_v007_f002205.jpg,02,790,train,panda,ipanda50,giant panda,session_reid,v007,,2205,2:v007,,
02_baolan/02_v007_f031190.jpg,02,790,train,panda,ipanda50,giant panda,session_reid,v007,,31190,2:v007,,
02_baolan/02_v007_f031305.jpg,02,790,train,panda,ipanda50,giant panda,session_reid,v007,,31305,2:v007,,
02_baolan/02_v007_f040180.jpg,02,790,train,panda,ipanda50,giant panda,session_reid,v007,,40180,2:v007,,
02_baolan/02_v008_f000005.jpg,02,791,train,panda,ipanda50,giant panda,session_reid,v008,,5,2:v008,,
02_baolan/02_v009_f000005.jpg,02,792,train,panda,ipanda50,giant panda,session_reid,v009,,5,2:v009,,
02_baolan/02_v009_f000230.jpg,02,792,train,panda,ipanda50,giant panda,session_reid,v009,,230,2:v009,,
02_baolan/02_v009_f000555.jpg,02,792,train,panda,ipanda50,giant panda,session_reid,v009,,555,2:v009,,
02_baolan/02_v009_f001195.jpg,02,792,train,panda,ipanda50,giant panda,session_reid,v009,,1195,2:v009,,
02_baolan/02_v009_f001250.jpg,02,792,train,panda,ipanda50,giant panda,session_reid,v009,,1250,2:v009,,
02_baolan/02_v009_f001420.jpg,02,792,train,panda,ipanda50,giant panda,session_reid,v009,,1420,2:v009,,
02_baolan/02_v010_f000005.jpg,02,793,train,panda,ipanda50,giant panda,session_reid,v010,,5,2:v010,,
02_baolan/02_v010_f000510.jpg,02,793,train,panda,ipanda50,giant panda,session_reid,v010,,510,2:v010,,
02_baolan/02_v010_f001125.jpg,02,793,train,panda,ipanda50,giant panda,session_reid,v010,,1125,2:v010,,
02_baolan/02_v011_f000805.jpg,02,794,train,panda,ipanda50,giant panda,session_reid,v011,,805,2:v011,,
02_baolan/02_v011_f001215.jpg,02,794,train,panda,ipanda50,giant panda,session_reid,v011,,1215,2:v011,,
02_baolan/02_v011_f001280.jpg,02,794,train,panda,ipanda50,giant panda,session_reid,v011,,1280,2:v011,,
02_baolan/02_v011_f001315.jpg,02,794,train,panda,ipanda50,giant panda,session_reid,v011,,1315,2:v011,,
02_baolan/02_v012_f000005.jpg,02,795,train,panda,ipanda50,giant panda,session_reid,v012,,5,2:v012,,
02_baolan/02_v013_f000005.jpg,02,796,train,panda,ipanda50,giant panda,session_reid,v013,,5,2:v013,,
02_baolan/02_v013_f001085.jpg,02,796,train,panda,ipanda50,giant panda,session_reid,v013,,1085,2:v013,,
02_baolan/02_v013_f001330.jpg,02,796,train,panda,ipanda50,giant panda,session_reid,v013,,1330,2:v013,,
02_baolan/02_v013_f001470.jpg,02,796,train,panda,ipanda50,giant panda,session_reid,v013,,1470,2:v013,,
02_baolan/02_v014_f000130.jpg,02,797,train,panda,ipanda50,giant panda,session_reid,v014,,130,2:v014,,
02_baolan/02_v015_f000005.jpg,02,798,train,panda,ipanda50,giant panda,session_reid,v015,,5,2:v015,,
02_baolan/02_v015_f000800.jpg,02,798,train,panda,ipanda50,giant panda,session_reid,v015,,800,2:v015,,
02_baolan/02_v015_f000890.jpg,02,798,train,panda,ipanda50,giant panda,session_reid,v015,,890,2:v015,,
02_baolan/02_v015_f001875.jpg,02,798,train,panda,ipanda50,giant panda,session_reid,v015,,1875,2:v015,,
02_baolan/02_v015_f001905.jpg,02,798,train,panda,ipanda50,giant panda,session_reid,v015,,1905,2:v015,,
02_baolan/02_v015_f002215.jpg,02,798,train,panda,ipanda50,giant panda,session_reid,v015,,2215,2:v015,,
02_baolan/02_v015_f004520.jpg,02,798,train,panda,ipanda50,giant panda,session_reid,v015,,4520,2:v015,,
02_baolan/02_v015_f004895.jpg,02,798,train,panda,ipanda50,giant panda,session_reid,v015,,4895,2:v015,,
02_baolan/02_v015_f005250.jpg,02,798,train,panda,ipanda50,giant panda,session_reid,v015,,5250,2:v015,,
02_baolan/02_v015_f005355.jpg,02,798,train,panda,ipanda50,giant panda,session_reid,v015,,5355,2:v015,,
02_baolan/02_v015_f005680.jpg,02,798,train,panda,ipanda50,giant panda,session_reid,v015,,5680,2:v015,,
02_baolan/02_v015_f005705.jpg,02,798,train,panda,ipanda50,giant panda,session_reid,v015,,5705,2:v015,,
02_baolan/02_v015_f005730.jpg,02,798,train,panda,ipanda50,giant panda,session_reid,v015,,5730,2:v015,,
02_baolan/02_v015_f005780.jpg,02,798,train,panda,ipanda50,giant panda,session_reid,v015,,5780,2:v015,,
02_baolan/02_v015_f005820.jpg,02,798,train,panda,ipanda50,giant panda,session_reid,v015,,5820,2:v015,,
02_baolan/02_v016_f000015.jpg,02,799,train,panda,ipanda50,giant panda,session_reid,v016,,15,2:v016,,
02_baolan/02_v016_f000160.jpg,02,799,train,panda,ipanda50,giant panda,session_reid,v016,,160,2:v016,,
02_baolan/02_v016_f000720.jpg,02,799,train,panda,ipanda50,giant panda,session_reid,v016,,720,2:v016,,
02_baolan/02_v016_f000950.jpg,02,799,train,panda,ipanda50,giant panda,session_reid,v016,,950,2:v016,,
02_baolan/02_v017_f000005.jpg,02,800,train,panda,ipanda50,giant panda,session_reid,v017,,5,2:v017,,
02_baolan/02_v017_f000095.jpg,02,800,train,panda,ipanda50,giant panda,session_reid,v017,,95,2:v017,,
02_baolan/02_v017_f000125.jpg,02,800,train,panda,ipanda50,giant panda,session_reid,v017,,125,2:v017,,
02_baolan/02_v017_f000145.jpg,02,800,train,panda,ipanda50,giant panda,session_reid,v017,,145,2:v017,,
02_baolan/02_v017_f000280.jpg,02,800,train,panda,ipanda50,giant panda,session_reid,v017,,280,2:v017,,
02_baolan/02_v017_f000320.jpg,02,800,train,panda,ipanda50,giant panda,session_reid,v017,,320,2:v017,,
02_baolan/02_v017_f000370.jpg,02,800,train,panda,ipanda50,giant panda,session_reid,v017,,370,2:v017,,
02_baolan/02_v017_f000565.jpg,02,800,train,panda,ipanda50,giant panda,session_reid,v017,,565,2:v017,,
02_baolan/02_v017_f000585.jpg,02,800,train,panda,ipanda50,giant panda,session_reid,v017,,585,2:v017,,
02_baolan/02_v017_f000910.jpg,02,800,train,panda,ipanda50,giant panda,session_reid,v017,,910,2:v017,,
02_baolan/02_v017_f001290.jpg,02,800,train,panda,ipanda50,giant panda,session_reid,v017,,1290,2:v017,,
02_baolan/02_v017_f001760.jpg,02,800,train,panda,ipanda50,giant panda,session_reid,v017,,1760,2:v017,,
02_baolan/02_v017_f001980.jpg,02,800,train,panda,ipanda50,giant panda,session_reid,v017,,1980,2:v017,,
02_baolan/02_v017_f002175.jpg,02,800,train,panda,ipanda50,giant panda,session_reid,v017,,2175,2:v017,,
02_baolan/02_v017_f002310.jpg,02,800,train,panda,ipanda50,giant panda,session_reid,v017,,2310,2:v017,,
02_baolan/02_v017_f002360.jpg,02,800,train,panda,ipanda50,giant panda,session_reid,v017,,2360,2:v017,,
02_baolan/02_v017_f003000.jpg,02,800,train,panda,ipanda50,giant panda,session_reid,v017,,3000,2:v017,,
02_baolan/02_v018_f000225.jpg,02,801,train,panda,ipanda50,giant panda,session_reid,v018,,225,2:v018,,
02_baolan/02_v018_f000670.jpg,02,801,train,panda,ipanda50,giant panda,session_reid,v018,,670,2:v018,,
02_baolan/02_v018_f000995.jpg,02,801,train,panda,ipanda50,giant panda,session_reid,v018,,995,2:v018,,
02_baolan/02_v018_f001835.jpg,02,801,train,panda,ipanda50,giant panda,session_reid,v018,,1835,2:v018,,
02_baolan/02_v018_f002715.jpg,02,801,train,panda,ipanda50,giant panda,session_reid,v018,,2715,2:v018,,
02_baolan/02_v018_f002745.jpg,02,801,train,panda,ipanda50,giant panda,session_reid,v018,,2745,2:v018,,
02_baolan/02_v018_f003135.jpg,02,801,train,panda,ipanda50,giant panda,session_reid,v018,,3135,2:v018,,
02_baolan/02_v018_f003240.jpg,02,801,train,panda,ipanda50,giant panda,session_reid,v018,,3240,2:v018,,
02_baolan/02_v019_f000005.jpg,02,802,train,panda,ipanda50,giant panda,session_reid,v019,,5,2:v019,,
02_baolan/02_v019_f000270.jpg,02,802,train,panda,ipanda50,giant panda,session_reid,v019,,270,2:v019,,
02_baolan/02_v019_f000295.jpg,02,802,train,panda,ipanda50,giant panda,session_reid,v019,,295,2:v019,,
02_baolan/02_v019_f000360.jpg,02,802,train,panda,ipanda50,giant panda,session_reid,v019,,360,2:v019,,
02_baolan/02_v019_f002805.jpg,02,802,train,panda,ipanda50,giant panda,session_reid,v019,,2805,2:v019,,
02_baolan/02_v019_f003180.jpg,02,802,train,panda,ipanda50,giant panda,session_reid,v019,,3180,2:v019,,
02_baolan/02_v020_f000005.jpg,02,803,train,panda,ipanda50,giant panda,session_reid,v020,,5,2:v020,,
02_baolan/02_v020_f000110.jpg,02,803,train,panda,ipanda50,giant panda,session_reid,v020,,110,2:v020,,
02_baolan/02_v020_f000925.jpg,02,803,train,panda,ipanda50,giant panda,session_reid,v020,,925,2:v020,,
02_baolan/02_v020_f001250.jpg,02,803,train,panda,ipanda50,giant panda,session_reid,v020,,1250,2:v020,,
02_baolan/02_v020_f001330.jpg,02,803,train,panda,ipanda50,giant panda,session_reid,v020,,1330,2:v020,,
02_baolan/02_v020_f001400.jpg,02,803,train,panda,ipanda50,giant panda,session_reid,v020,,1400,2:v020,,
02_baolan/02_v020_f001420.jpg,02,803,train,panda,ipanda50,giant panda,session_reid,v020,,1420,2:v020,,
02_baolan/02_v021_f000005.jpg,02,804,train,panda,ipanda50,giant panda,session_reid,v021,,5,2:v021,,
02_baolan/02_v021_f000150.jpg,02,804,train,panda,ipanda50,giant panda,session_reid,v021,,150,2:v021,,
02_baolan/02_v021_f000755.jpg,02,804,train,panda,ipanda50,giant panda,session_reid,v021,,755,2:v021,,
02_baolan/02_v021_f003565.jpg,02,804,train,panda,ipanda50,giant panda,session_reid,v021,,3565,2:v021,,
02_baolan/02_v022_f000005.jpg,02,805,train,panda,ipanda50,giant panda,session_reid,v022,,5,2:v022,,
02_baolan/02_v022_f002300.jpg,02,805,train,panda,ipanda50,giant panda,session_reid,v022,,2300,2:v022,,
02_baolan/02_v022_f002705.jpg,02,805,train,panda,ipanda50,giant panda,session_reid,v022,,2705,2:v022,,
02_baolan/02_v022_f004275.jpg,02,805,train,panda,ipanda50,giant panda,session_reid,v022,,4275,2:v022,,
02_baolan/02_v023_f000005.jpg,02,806,train,panda,ipanda50,giant panda,session_reid,v023,,5,2:v023,,
02_baolan/02_v023_f000175.jpg,02,806,train,panda,ipanda50,giant panda,session_reid,v023,,175,2:v023,,
02_baolan/02_v024_f000005.jpg,02,807,train,panda,ipanda50,giant panda,session_reid,v024,,5,2:v024,,
02_baolan/02_v025_f000005.jpg,02,808,train,panda,ipanda50,giant panda,session_reid,v025,,5,2:v025,,
02_baolan/02_v025_f000180.jpg,02,808,train,panda,ipanda50,giant panda,session_reid,v025,,180,2:v025,,
02_baolan/02_v025_f000470.jpg,02,808,train,panda,ipanda50,giant panda,session_reid,v025,,470,2:v025,,
02_baolan/02_v025_f000510.jpg,02,808,train,panda,ipanda50,giant panda,session_reid,v025,,510,2:v025,,
02_baolan/02_v025_f000545.jpg,02,808,train,panda,ipanda50,giant panda,session_reid,v025,,545,2:v025,,
02_baolan/02_v025_f000660.jpg,02,808,train,panda,ipanda50,giant panda,session_reid,v025,,660,2:v025,,
02_baolan/02_v025_f000805.jpg,02,808,train,panda,ipanda50,giant panda,session_reid,v025,,805,2:v025,,
02_baolan/02_v025_f000855.jpg,02,808,train,panda,ipanda50,giant panda,session_reid,v025,,855,2:v025,,
02_baolan/02_v025_f001120.jpg,02,808,train,panda,ipanda50,giant panda,session_reid,v025,,1120,2:v025,,
02_baolan/02_v025_f001285.jpg,02,808,train,panda,ipanda50,giant panda,session_reid,v025,,1285,2:v025,,
02_baolan/02_v025_f001605.jpg,02,808,train,panda,ipanda50,giant panda,session_reid,v025,,1605,2:v025,,
02_baolan/02_v025_f003715.jpg,02,808,train,panda,ipanda50,giant panda,session_reid,v025,,3715,2:v025,,
02_baolan/02_v025_f003735.jpg,02,808,train,panda,ipanda50,giant panda,session_reid,v025,,3735,2:v025,,
02_baolan/02_v025_f003875.jpg,02,808,train,panda,ipanda50,giant panda,session_reid,v025,,3875,2:v025,,
02_baolan/02_v026_f000070.jpg,02,809,train,panda,ipanda50,giant panda,session_reid,v026,,70,2:v026,,
02_baolan/02_v026_f000465.jpg,02,809,train,panda,ipanda50,giant panda,session_reid,v026,,465,2:v026,,
02_baolan/02_v026_f001470.jpg,02,809,train,panda,ipanda50,giant panda,session_reid,v026,,1470,2:v026,,
02_baolan/02_v026_f001710.jpg,02,809,train,panda,ipanda50,giant panda,session_reid,v026,,1710,2:v026,,
02_baolan/02_v026_f003065.jpg,02,809,train,panda,ipanda50,giant panda,session_reid,v026,,3065,2:v026,,
02_baolan/02_v026_f003295.jpg,02,809,train,panda,ipanda50,giant panda,session_reid,v026,,3295,2:v026,,
02_baolan/02_v026_f005655.jpg,02,809,train,panda,ipanda50,giant panda,session_reid,v026,,5655,2:v026,,
02_baolan/02_v026_f005880.jpg,02,809,train,panda,ipanda50,giant panda,session_reid,v026,,5880,2:v026,,
02_baolan/02_v026_f006235.jpg,02,809,train,panda,ipanda50,giant panda,session_reid,v026,,6235,2:v026,,
02_baolan/02_v027_f000005.jpg,02,810,train,panda,ipanda50,giant panda,session_reid,v027,,5,2:v027,,
02_baolan/02_v029_f000005.jpg,02,811,train,panda,ipanda50,giant panda,session_reid,v029,,5,2:v029,,
02_baolan/02_v030_f000005.jpg,02,812,train,panda,ipanda50,giant panda,session_reid,v030,,5,2:v030,,
02_baolan/02_v030_f000465.jpg,02,812,train,panda,ipanda50,giant panda,session_reid,v030,,465,2:v030,,
02_baolan/02_v030_f000750.jpg,02,812,train,panda,ipanda50,giant panda,session_reid,v030,,750,2:v030,,
02_baolan/02_v030_f000840.jpg,02,812,train,panda,ipanda50,giant panda,session_reid,v030,,840,2:v030,,
02_baolan/02_v030_f000850.jpg,02,812,train,panda,ipanda50,giant panda,session_reid,v030,,850,2:v030,,
02_baolan/02_v030_f000935.jpg,02,812,train,panda,ipanda50,giant panda,session_reid,v030,,935,2:v030,,
02_baolan/02_v030_f001690.jpg,02,812,train,panda,ipanda50,giant panda,session_reid,v030,,1690,2:v030,,
02_baolan/02_v030_f002105.jpg,02,812,train,panda,ipanda50,giant panda,session_reid,v030,,2105,2:v030,,
02_baolan/02_v030_f002230.jpg,02,812,train,panda,ipanda50,giant panda,session_reid,v030,,2230,2:v030,,
02_baolan/02_v030_f002355.jpg,02,812,train,panda,ipanda50,giant panda,session_reid,v030,,2355,2:v030,,
02_baolan/02_v030_f002680.jpg,02,812,train,panda,ipanda50,giant panda,session_reid,v030,,2680,2:v030,,
02_baolan/02_v030_f003070.jpg,02,812,train,panda,ipanda50,giant panda,session_reid,v030,,3070,2:v030,,
02_baolan/02_v031_f001170.jpg,02,813,train,panda,ipanda50,giant panda,session_reid,v031,,1170,2:v031,,
02_baolan/02_v031_f001305.jpg,02,813,train,panda,ipanda50,giant panda,session_reid,v031,,1305,2:v031,,
02_baolan/02_v032_f000005.jpg,02,814,train,panda,ipanda50,giant panda,session_reid,v032,,5,2:v032,,
02_baolan/02_v032_f000145.jpg,02,814,train,panda,ipanda50,giant panda,session_reid,v032,,145,2:v032,,
02_baolan/02_v032_f000225.jpg,02,814,train,panda,ipanda50,giant panda,session_reid,v032,,225,2:v032,,
02_baolan/02_v032_f002610.jpg,02,814,train,panda,ipanda50,giant panda,session_reid,v032,,2610,2:v032,,
02_baolan/02_v032_f002745.jpg,02,814,train,panda,ipanda50,giant panda,session_reid,v032,,2745,2:v032,,
02_baolan/02_v033_f000005.jpg,02,815,train,panda,ipanda50,giant panda,session_reid,v033,,5,2:v033,,
02_baolan/02_v033_f000360.jpg,02,815,train,panda,ipanda50,giant panda,session_reid,v033,,360,2:v033,,
02_baolan/02_v033_f003540.jpg,02,815,train,panda,ipanda50,giant panda,session_reid,v033,,3540,2:v033,,
02_baolan/02_v034_f000005.jpg,02,816,train,panda,ipanda50,giant panda,session_reid,v034,,5,2:v034,,
02_baolan/02_v034_f000850.jpg,02,816,train,panda,ipanda50,giant panda,session_reid,v034,,850,2:v034,,
02_baolan/02_v034_f002125.jpg,02,816,train,panda,ipanda50,giant panda,session_reid,v034,,2125,2:v034,,
02_baolan/02_v035_f000005.jpg,02,817,train,panda,ipanda50,giant panda,session_reid,v035,,5,2:v035,,
02_baolan/02_v035_f000150.jpg,02,817,train,panda,ipanda50,giant panda,session_reid,v035,,150,2:v035,,
02_baolan/02_v035_f001055.jpg,02,817,train,panda,ipanda50,giant panda,session_reid,v035,,1055,2:v035,,
02_baolan/02_v035_f001125.jpg,02,817,train,panda,ipanda50,giant panda,session_reid,v035,,1125,2:v035,,
02_baolan/02_v036_f000005.jpg,02,818,train,panda,ipanda50,giant panda,session_reid,v036,,5,2:v036,,
02_baolan/02_v036_f000530.jpg,02,818,train,panda,ipanda50,giant panda,session_reid,v036,,530,2:v036,,
02_baolan/02_v036_f000565.jpg,02,818,train,panda,ipanda50,giant panda,session_reid,v036,,565,2:v036,,
02_baolan/02_v036_f000720.jpg,02,818,train,panda,ipanda50,giant panda,session_reid,v036,,720,2:v036,,
02_baolan/02_v036_f000750.jpg,02,818,train,panda,ipanda50,giant panda,session_reid,v036,,750,2:v036,,
02_baolan/02_v036_f000815.jpg,02,818,train,panda,ipanda50,giant panda,session_reid,v036,,815,2:v036,,
02_baolan/02_v036_f000945.jpg,02,818,train,panda,ipanda50,giant panda,session_reid,v036,,945,2:v036,,
02_baolan/02_v036_f001030.jpg,02,818,train,panda,ipanda50,giant panda,session_reid,v036,,1030,2:v036,,
02_baolan/02_v036_f001080.jpg,02,818,train,panda,ipanda50,giant panda,session_reid,v036,,1080,2:v036,,
02_baolan/02_v036_f001720.jpg,02,818,train,panda,ipanda50,giant panda,session_reid,v036,,1720,2:v036,,
02_baolan/02_v036_f001830.jpg,02,818,train,panda,ipanda50,giant panda,session_reid,v036,,1830,2:v036,,
02_baolan/02_v036_f002130.jpg,02,818,train,panda,ipanda50,giant panda,session_reid,v036,,2130,2:v036,,
02_baolan/02_v036_f002560.jpg,02,818,train,panda,ipanda50,giant panda,session_reid,v036,,2560,2:v036,,
02_baolan/02_v036_f002615.jpg,02,818,train,panda,ipanda50,giant panda,session_reid,v036,,2615,2:v036,,
02_baolan/02_v036_f002715.jpg,02,818,train,panda,ipanda50,giant panda,session_reid,v036,,2715,2:v036,,
02_baolan/02_v036_f002950.jpg,02,818,train,panda,ipanda50,giant panda,session_reid,v036,,2950,2:v036,,
02_baolan/02_v037_f000005.jpg,02,819,train,panda,ipanda50,giant panda,session_reid,v037,,5,2:v037,,
03_bingdian/03_v001_f000195.jpg,03,1192,query,panda,ipanda50,giant panda,session_reid,v001,,195,3:v001,,
03_bingdian/03_v001_f001380.jpg,03,1192,gallery,panda,ipanda50,giant panda,session_reid,v001,,1380,3:v001,,
03_bingdian/03_v001_f002770.jpg,03,1192,gallery,panda,ipanda50,giant panda,session_reid,v001,,2770,3:v001,,
03_bingdian/03_v001_f002795.jpg,03,1192,gallery,panda,ipanda50,giant panda,session_reid,v001,,2795,3:v001,,
03_bingdian/03_v001_f002905.jpg,03,1192,gallery,panda,ipanda50,giant panda,session_reid,v001,,2905,3:v001,,
03_bingdian/03_v001_f003230.jpg,03,1192,gallery,panda,ipanda50,giant panda,session_reid,v001,,3230,3:v001,,
03_bingdian/03_v001_f003240.jpg,03,1192,gallery,panda,ipanda50,giant panda,session_reid,v001,,3240,3:v001,,
03_bingdian/03_v001_f003305.jpg,03,1192,gallery,panda,ipanda50,giant panda,session_reid,v001,,3305,3:v001,,
03_bingdian/03_v001_f003400.jpg,03,1192,gallery,panda,ipanda50,giant panda,session_reid,v001,,3400,3:v001,,
03_bingdian/03_v001_f003470.jpg,03,1192,gallery,panda,ipanda50,giant panda,session_reid,v001,,3470,3:v001,,
03_bingdian/03_v001_f003560.jpg,03,1192,gallery,panda,ipanda50,giant panda,session_reid,v001,,3560,3:v001,,
03_bingdian/03_v001_f003655.jpg,03,1192,gallery,panda,ipanda50,giant panda,session_reid,v001,,3655,3:v001,,
03_bingdian/03_v001_f003835.jpg,03,1192,gallery,panda,ipanda50,giant panda,session_reid,v001,,3835,3:v001,,
03_bingdian/03_v001_f004050.jpg,03,1192,gallery,panda,ipanda50,giant panda,session_reid,v001,,4050,3:v001,,
03_bingdian/03_v002_f000005.jpg,03,1193,query,panda,ipanda50,giant panda,session_reid,v002,,5,3:v002,,
03_bingdian/03_v003_f000005.jpg,03,1194,query,panda,ipanda50,giant panda,session_reid,v003,,5,3:v003,,
03_bingdian/03_v003_f003565.jpg,03,1194,gallery,panda,ipanda50,giant panda,session_reid,v003,,3565,3:v003,,
03_bingdian/03_v003_f003580.jpg,03,1194,gallery,panda,ipanda50,giant panda,session_reid,v003,,3580,3:v003,,
03_bingdian/03_v003_f003605.jpg,03,1194,gallery,panda,ipanda50,giant panda,session_reid,v003,,3605,3:v003,,
03_bingdian/03_v003_f004300.jpg,03,1194,gallery,panda,ipanda50,giant panda,session_reid,v003,,4300,3:v003,,
03_bingdian/03_v003_f004505.jpg,03,1194,gallery,panda,ipanda50,giant panda,session_reid,v003,,4505,3:v003,,
03_bingdian/03_v003_f004565.jpg,03,1194,gallery,panda,ipanda50,giant panda,session_reid,v003,,4565,3:v003,,
03_bingdian/03_v003_f005135.jpg,03,1194,gallery,panda,ipanda50,giant panda,session_reid,v003,,5135,3:v003,,
03_bingdian/03_v004_f000040.jpg,03,1195,query,panda,ipanda50,giant panda,session_reid,v004,,40,3:v004,,
03_bingdian/03_v005_f000005.jpg,03,1196,query,panda,ipanda50,giant panda,session_reid,v005,,5,3:v005,,
03_bingdian/03_v005_f000350.jpg,03,1196,gallery,panda,ipanda50,giant panda,session_reid,v005,,350,3:v005,,
03_bingdian/03_v005_f000365.jpg,03,1196,gallery,panda,ipanda50,giant panda,session_reid,v005,,365,3:v005,,
03_bingdian/03_v005_f001860.jpg,03,1196,gallery,panda,ipanda50,giant panda,session_reid,v005,,1860,3:v005,,
03_bingdian/03_v005_f002375.jpg,03,1196,gallery,panda,ipanda50,giant panda,session_reid,v005,,2375,3:v005,,
03_bingdian/03_v005_f002555.jpg,03,1196,gallery,panda,ipanda50,giant panda,session_reid,v005,,2555,3:v005,,
03_bingdian/03_v006_f000005.jpg,03,1197,query,panda,ipanda50,giant panda,session_reid,v006,,5,3:v006,,
03_bingdian/03_v006_f000580.jpg,03,1197,gallery,panda,ipanda50,giant panda,session_reid,v006,,580,3:v006,,
03_bingdian/03_v006_f001055.jpg,03,1197,gallery,panda,ipanda50,giant panda,session_reid,v006,,1055,3:v006,,
03_bingdian/03_v006_f001790.jpg,03,1197,gallery,panda,ipanda50,giant panda,session_reid,v006,,1790,3:v006,,
03_bingdian/03_v006_f003680.jpg,03,1197,gallery,panda,ipanda50,giant panda,session_reid,v006,,3680,3:v006,,
03_bingdian/03_v006_f005090.jpg,03,1197,gallery,panda,ipanda50,giant panda,session_reid,v006,,5090,3:v006,,
03_bingdian/03_v006_f005130.jpg,03,1197,gallery,panda,ipanda50,giant panda,session_reid,v006,,5130,3:v006,,
03_bingdian/03_v006_f005405.jpg,03,1197,gallery,panda,ipanda50,giant panda,session_reid,v006,,5405,3:v006,,
03_bingdian/03_v007_f000005.jpg,03,1198,query,panda,ipanda50,giant panda,session_reid,v007,,5,3:v007,,
03_bingdian/03_v007_f001035.jpg,03,1198,gallery,panda,ipanda50,giant panda,session_reid,v007,,1035,3:v007,,
03_bingdian/03_v008_f000125.jpg,03,1199,query,panda,ipanda50,giant panda,session_reid,v008,,125,3:v008,,
03_bingdian/03_v008_f000405.jpg,03,1199,gallery,panda,ipanda50,giant panda,session_reid,v008,,405,3:v008,,
03_bingdian/03_v008_f001750.jpg,03,1199,gallery,panda,ipanda50,giant panda,session_reid,v008,,1750,3:v008,,
03_bingdian/03_v008_f004165.jpg,03,1199,gallery,panda,ipanda50,giant panda,session_reid,v008,,4165,3:v008,,
03_bingdian/03_v008_f004630.jpg,03,1199,gallery,panda,ipanda50,giant panda,session_reid,v008,,4630,3:v008,,
03_bingdian/03_v009_f000145.jpg,03,1200,query,panda,ipanda50,giant panda,session_reid,v009,,145,3:v009,,
03_bingdian/03_v009_f000275.jpg,03,1200,gallery,panda,ipanda50,giant panda,session_reid,v009,,275,3:v009,,
03_bingdian/03_v009_f001500.jpg,03,1200,gallery,panda,ipanda50,giant panda,session_reid,v009,,1500,3:v009,,
03_bingdian/03_v009_f001585.jpg,03,1200,gallery,panda,ipanda50,giant panda,session_reid,v009,,1585,3:v009,,
03_bingdian/03_v009_f001775.jpg,03,1200,gallery,panda,ipanda50,giant panda,session_reid,v009,,1775,3:v009,,
03_bingdian/03_v009_f001835.jpg,03,1200,gallery,panda,ipanda50,giant panda,session_reid,v009,,1835,3:v009,,
03_bingdian/03_v009_f001935.jpg,03,1200,gallery,panda,ipanda50,giant panda,session_reid,v009,,1935,3:v009,,
03_bingdian/03_v009_f001950.jpg,03,1200,gallery,panda,ipanda50,giant panda,session_reid,v009,,1950,3:v009,,
03_bingdian/03_v009_f002065.jpg,03,1200,gallery,panda,ipanda50,giant panda,session_reid,v009,,2065,3:v009,,
03_bingdian/03_v009_f002195.jpg,03,1200,gallery,panda,ipanda50,giant panda,session_reid,v009,,2195,3:v009,,
03_bingdian/03_v009_f002220.jpg,03,1200,gallery,panda,ipanda50,giant panda,session_reid,v009,,2220,3:v009,,
03_bingdian/03_v009_f002270.jpg,03,1200,gallery,panda,ipanda50,giant panda,session_reid,v009,,2270,3:v009,,
03_bingdian/03_v009_f002370.jpg,03,1200,gallery,panda,ipanda50,giant panda,session_reid,v009,,2370,3:v009,,
03_bingdian/03_v009_f002385.jpg,03,1200,gallery,panda,ipanda50,giant panda,session_reid,v009,,2385,3:v009,,
03_bingdian/03_v009_f002435.jpg,03,1200,gallery,panda,ipanda50,giant panda,session_reid,v009,,2435,3:v009,,
03_bingdian/03_v009_f002470.jpg,03,1200,gallery,panda,ipanda50,giant panda,session_reid,v009,,2470,3:v009,,
03_bingdian/03_v009_f003235.jpg,03,1200,gallery,panda,ipanda50,giant panda,session_reid,v009,,3235,3:v009,,
03_bingdian/03_v009_f003820.jpg,03,1200,gallery,panda,ipanda50,giant panda,session_reid,v009,,3820,3:v009,,
03_bingdian/03_v009_f004220.jpg,03,1200,gallery,panda,ipanda50,giant panda,session_reid,v009,,4220,3:v009,,
03_bingdian/03_v009_f004760.jpg,03,1200,gallery,panda,ipanda50,giant panda,session_reid,v009,,4760,3:v009,,
03_bingdian/03_v010_f000005.jpg,03,1201,query,panda,ipanda50,giant panda,session_reid,v010,,5,3:v010,,
03_bingdian/03_v011_f000025.jpg,03,1202,query,panda,ipanda50,giant panda,session_reid,v011,,25,3:v011,,
03_bingdian/03_v011_f000105.jpg,03,1202,gallery,panda,ipanda50,giant panda,session_reid,v011,,105,3:v011,,
03_bingdian/03_v011_f000545.jpg,03,1202,gallery,panda,ipanda50,giant panda,session_reid,v011,,545,3:v011,,
03_bingdian/03_v011_f001240.jpg,03,1202,gallery,panda,ipanda50,giant panda,session_reid,v011,,1240,3:v011,,
03_bingdian/03_v012_f000005.jpg,03,1203,query,panda,ipanda50,giant panda,session_reid,v012,,5,3:v012,,
03_bingdian/03_v012_f000105.jpg,03,1203,gallery,panda,ipanda50,giant panda,session_reid,v012,,105,3:v012,,
03_bingdian/03_v012_f004030.jpg,03,1203,gallery,panda,ipanda50,giant panda,session_reid,v012,,4030,3:v012,,
03_bingdian/03_v012_f005050.jpg,03,1203,gallery,panda,ipanda50,giant panda,session_reid,v012,,5050,3:v012,,
03_bingdian/03_v012_f005255.jpg,03,1203,gallery,panda,ipanda50,giant panda,session_reid,v012,,5255,3:v012,,
03_bingdian/03_v014_f000130.jpg,03,1204,query,panda,ipanda50,giant panda,session_reid,v014,,130,3:v014,,
03_bingdian/03_v014_f000225.jpg,03,1204,gallery,panda,ipanda50,giant panda,session_reid,v014,,225,3:v014,,
03_bingdian/03_v014_f000300.jpg,03,1204,gallery,panda,ipanda50,giant panda,session_reid,v014,,300,3:v014,,
03_bingdian/03_v014_f000770.jpg,03,1204,gallery,panda,ipanda50,giant panda,session_reid,v014,,770,3:v014,,
03_bingdian/03_v015_f001460.jpg,03,1205,query,panda,ipanda50,giant panda,session_reid,v015,,1460,3:v015,,
03_bingdian/03_v015_f001585.jpg,03,1205,gallery,panda,ipanda50,giant panda,session_reid,v015,,1585,3:v015,,
03_bingdian/03_v015_f001675.jpg,03,1205,gallery,panda,ipanda50,giant panda,session_reid,v015,,1675,3:v015,,
03_bingdian/03_v015_f001795.jpg,03,1205,gallery,panda,ipanda50,giant panda,session_reid,v015,,1795,3:v015,,
03_bingdian/03_v015_f001835.jpg,03,1205,gallery,panda,ipanda50,giant panda,session_reid,v015,,1835,3:v015,,
03_bingdian/03_v015_f001870.jpg,03,1205,gallery,panda,ipanda50,giant panda,session_reid,v015,,1870,3:v015,,
03_bingdian/03_v015_f001935.jpg,03,1205,gallery,panda,ipanda50,giant panda,session_reid,v015,,1935,3:v015,,
03_bingdian/03_v015_f002045.jpg,03,1205,gallery,panda,ipanda50,giant panda,session_reid,v015,,2045,3:v015,,
03_bingdian/03_v015_f002055.jpg,03,1205,gallery,panda,ipanda50,giant panda,session_reid,v015,,2055,3:v015,,
03_bingdian/03_v015_f002195.jpg,03,1205,gallery,panda,ipanda50,giant panda,session_reid,v015,,2195,3:v015,,
03_bingdian/03_v015_f002235.jpg,03,1205,gallery,panda,ipanda50,giant panda,session_reid,v015,,2235,3:v015,,
03_bingdian/03_v015_f002270.jpg,03,1205,gallery,panda,ipanda50,giant panda,session_reid,v015,,2270,3:v015,,
04_chengdui/04_120.jpg,04,1618,query,panda,ipanda50,giant panda,session_reid,legacy,,120,4:legacy,,
04_chengdui/04_135.jpg,04,1618,gallery,panda,ipanda50,giant panda,session_reid,legacy,,135,4:legacy,,
04_chengdui/04_150.jpg,04,1618,gallery,panda,ipanda50,giant panda,session_reid,legacy,,150,4:legacy,,
04_chengdui/04_170.jpg,04,1618,gallery,panda,ipanda50,giant panda,session_reid,legacy,,170,4:legacy,,
04_chengdui/04_20150330-104100_幼年园_成对上树，思一在树下_1190.jpg,04,1617,query,panda,ipanda50,giant panda,session_reid,20150330-104100_幼年园_成对上树，思一在树下,,1190,4:20150330-104100_幼年园_成对上树，思一在树下,,
04_chengdui/04_20150330-104100_幼年园_成对上树，思一在树下_420.jpg,04,1617,gallery,panda,ipanda50,giant panda,session_reid,20150330-104100_幼年园_成对上树，思一在树下,,420,4:20150330-104100_幼年园_成对上树，思一在树下,,
04_chengdui/04_20150330-104100_幼年园_成对上树，思一在树下_470.jpg,04,1617,gallery,panda,ipanda50,giant panda,session_reid,20150330-104100_幼年园_成对上树，思一在树下,,470,4:20150330-104100_幼年园_成对上树，思一在树下,,
04_chengdui/04_210.jpg,04,1618,gallery,panda,ipanda50,giant panda,session_reid,legacy,,210,4:legacy,,
04_chengdui/04_215.jpg,04,1618,gallery,panda,ipanda50,giant panda,session_reid,legacy,,215,4:legacy,,
04_chengdui/04_285.jpg,04,1618,gallery,panda,ipanda50,giant panda,session_reid,legacy,,285,4:legacy,,
04_chengdui/04_325.jpg,04,1618,gallery,panda,ipanda50,giant panda,session_reid,legacy,,325,4:legacy,,
04_chengdui/04_365.jpg,04,1618,gallery,panda,ipanda50,giant panda,session_reid,legacy,,365,4:legacy,,
04_chengdui/04_375.jpg,04,1618,gallery,panda,ipanda50,giant panda,session_reid,legacy,,375,4:legacy,,
04_chengdui/04_410.jpg,04,1618,gallery,panda,ipanda50,giant panda,session_reid,legacy,,410,4:legacy,,
04_chengdui/04_455.jpg,04,1618,gallery,panda,ipanda50,giant panda,session_reid,legacy,,455,4:legacy,,
04_chengdui/04_5.jpg,04,1618,gallery,panda,ipanda50,giant panda,session_reid,legacy,,5,4:legacy,,
04_chengdui/04_920.jpg,04,1618,gallery,panda,ipanda50,giant panda,session_reid,legacy,,920,4:legacy,,
04_chengdui/04_v002_f000185.jpg,04,1619,query,panda,ipanda50,giant panda,session_reid,v002,,185,4:v002,,
04_chengdui/04_v002_f000335.jpg,04,1619,gallery,panda,ipanda50,giant panda,session_reid,v002,,335,4:v002,,
04_chengdui/04_v002_f000640.jpg,04,1619,gallery,panda,ipanda50,giant panda,session_reid,v002,,640,4:v002,,
04_chengdui/04_v002_f000730.jpg,04,1619,gallery,panda,ipanda50,giant panda,session_reid,v002,,730,4:v002,,
04_chengdui/04_v002_f000760.jpg,04,1619,gallery,panda,ipanda50,giant panda,session_reid,v002,,760,4:v002,,
04_chengdui/04_v002_f000775.jpg,04,1619,gallery,panda,ipanda50,giant panda,session_reid,v002,,775,4:v002,,
04_chengdui/04_v003_f000725.jpg,04,1620,query,panda,ipanda50,giant panda,session_reid,v003,,725,4:v003,,
04_chengdui/04_v003_f000795.jpg,04,1620,gallery,panda,ipanda50,giant panda,session_reid,v003,,795,4:v003,,
04_chengdui/04_v003_f000830.jpg,04,1620,gallery,panda,ipanda50,giant panda,session_reid,v003,,830,4:v003,,
04_chengdui/04_v003_f001055.jpg,04,1620,gallery,panda,ipanda50,giant panda,session_reid,v003,,1055,4:v003,,
04_chengdui/04_v003_f001145.jpg,04,1620,gallery,panda,ipanda50,giant panda,session_reid,v003,,1145,4:v003,,
04_chengdui/04_v003_f001165.jpg,04,1620,gallery,panda,ipanda50,giant panda,session_reid,v003,,1165,4:v003,,
04_chengdui/04_v003_f001180.jpg,04,1620,gallery,panda,ipanda50,giant panda,session_reid,v003,,1180,4:v003,,
04_chengdui/04_v003_f001270.jpg,04,1620,gallery,panda,ipanda50,giant panda,session_reid,v003,,1270,4:v003,,
04_chengdui/04_v003_f001415.jpg,04,1620,gallery,panda,ipanda50,giant panda,session_reid,v003,,1415,4:v003,,
04_chengdui/04_v003_f001430.jpg,04,1620,gallery,panda,ipanda50,giant panda,session_reid,v003,,1430,4:v003,,
04_chengdui/04_v003_f001450.jpg,04,1620,gallery,panda,ipanda50,giant panda,session_reid,v003,,1450,4:v003,,
04_chengdui/04_v003_f001590.jpg,04,1620,gallery,panda,ipanda50,giant panda,session_reid,v003,,1590,4:v003,,
04_chengdui/04_v003_f001670.jpg,04,1620,gallery,panda,ipanda50,giant panda,session_reid,v003,,1670,4:v003,,
04_chengdui/04_v003_f001780.jpg,04,1620,gallery,panda,ipanda50,giant panda,session_reid,v003,,1780,4:v003,,
04_chengdui/04_v003_f001900.jpg,04,1620,gallery,panda,ipanda50,giant panda,session_reid,v003,,1900,4:v003,,
04_chengdui/04_v003_f002055.jpg,04,1620,gallery,panda,ipanda50,giant panda,session_reid,v003,,2055,4:v003,,
04_chengdui/04_v003_f002405.jpg,04,1620,gallery,panda,ipanda50,giant panda,session_reid,v003,,2405,4:v003,,
04_chengdui/04_v003_f002495.jpg,04,1620,gallery,panda,ipanda50,giant panda,session_reid,v003,,2495,4:v003,,
04_chengdui/04_v003_f002555.jpg,04,1620,gallery,panda,ipanda50,giant panda,session_reid,v003,,2555,4:v003,,
04_chengdui/04_v003_f002925.jpg,04,1620,gallery,panda,ipanda50,giant panda,session_reid,v003,,2925,4:v003,,
04_chengdui/04_v004_f000030.jpg,04,1621,query,panda,ipanda50,giant panda,session_reid,v004,,30,4:v004,,
04_chengdui/04_v004_f000080.jpg,04,1621,gallery,panda,ipanda50,giant panda,session_reid,v004,,80,4:v004,,
04_chengdui/04_v004_f000190.jpg,04,1621,gallery,panda,ipanda50,giant panda,session_reid,v004,,190,4:v004,,
04_chengdui/04_v004_f000635.jpg,04,1621,gallery,panda,ipanda50,giant panda,session_reid,v004,,635,4:v004,,
04_chengdui/04_v004_f000710.jpg,04,1621,gallery,panda,ipanda50,giant panda,session_reid,v004,,710,4:v004,,
04_chengdui/04_v006_f000365.jpg,04,1622,query,panda,ipanda50,giant panda,session_reid,v006,,365,4:v006,,
04_chengdui/04_v006_f000485.jpg,04,1622,gallery,panda,ipanda50,giant panda,session_reid,v006,,485,4:v006,,
04_chengdui/04_v006_f000570.jpg,04,1622,gallery,panda,ipanda50,giant panda,session_reid,v006,,570,4:v006,,
04_chengdui/04_v006_f000650.jpg,04,1622,gallery,panda,ipanda50,giant panda,session_reid,v006,,650,4:v006,,
04_chengdui/04_v006_f001150.jpg,04,1622,gallery,panda,ipanda50,giant panda,session_reid,v006,,1150,4:v006,,
04_chengdui/04_v006_f001430.jpg,04,1622,gallery,panda,ipanda50,giant panda,session_reid,v006,,1430,4:v006,,
04_chengdui/04_v006_f001625.jpg,04,1622,gallery,panda,ipanda50,giant panda,session_reid,v006,,1625,4:v006,,
04_chengdui/04_v006_f001790.jpg,04,1622,gallery,panda,ipanda50,giant panda,session_reid,v006,,1790,4:v006,,
04_chengdui/04_v006_f001830.jpg,04,1622,gallery,panda,ipanda50,giant panda,session_reid,v006,,1830,4:v006,,
04_chengdui/04_v006_f001880.jpg,04,1622,gallery,panda,ipanda50,giant panda,session_reid,v006,,1880,4:v006,,
05_chengjiu/05_1.jpg,05,1631,train,panda,ipanda50,giant panda,session_reid,legacy,,1,5:legacy,,
05_chengjiu/05_105.jpg,05,1631,train,panda,ipanda50,giant panda,session_reid,legacy,,105,5:legacy,,
05_chengjiu/05_120.jpg,05,1631,train,panda,ipanda50,giant panda,session_reid,legacy,,120,5:legacy,,
05_chengjiu/05_1305.jpg,05,1631,train,panda,ipanda50,giant panda,session_reid,legacy,,1305,5:legacy,,
05_chengjiu/05_1580.jpg,05,1631,train,panda,ipanda50,giant panda,session_reid,legacy,,1580,5:legacy,,
05_chengjiu/05_1630.jpg,05,1631,train,panda,ipanda50,giant panda,session_reid,legacy,,1630,5:legacy,,
05_chengjiu/05_1680.jpg,05,1631,train,panda,ipanda50,giant panda,session_reid,legacy,,1680,5:legacy,,
05_chengjiu/05_175.jpg,05,1631,train,panda,ipanda50,giant panda,session_reid,legacy,,175,5:legacy,,
05_chengjiu/05_1775.jpg,05,1631,train,panda,ipanda50,giant panda,session_reid,legacy,,1775,5:legacy,,
05_chengjiu/05_1895.jpg,05,1631,train,panda,ipanda50,giant panda,session_reid,legacy,,1895,5:legacy,,
05_chengjiu/05_20160610-095600_幼年园_成就倒立挠痒_1.jpg,05,1623,train,panda,ipanda50,giant panda,session_reid,20160610-095600_幼年园_成就倒立挠痒,,1,5:20160610-095600_幼年园_成就倒立挠痒,,
05_chengjiu/05_20160610-095600_幼年园_成就倒立挠痒_1060.jpg,05,1623,train,panda,ipanda50,giant panda,session_reid,20160610-095600_幼年园_成就倒立挠痒,,1060,5:20160610-095600_幼年园_成就倒立挠痒,,
05_chengjiu/05_20160610-095600_幼年园_成就倒立挠痒_1120.jpg,05,1623,train,panda,ipanda50,giant panda,session_reid,20160610-095600_幼年园_成就倒立挠痒,,1120,5:20160610-095600_幼年园_成就倒立挠痒,,
05_chengjiu/05_20160610-095600_幼年园_成就倒立挠痒_1235.jpg,05,1623,train,panda,ipanda50,giant panda,session_reid,20160610-095600_幼年园_成就倒立挠痒,,1235,5:20160610-095600_幼年园_成就倒立挠痒,,
05_chengjiu/05_20160610-095600_幼年园_成就倒立挠痒_1290.jpg,05,1623,train,panda,ipanda50,giant panda,session_reid,20160610-095600_幼年园_成就倒立挠痒,,1290,5:20160610-095600_幼年园_成就倒立挠痒,,
05_chengjiu/05_20160610-095600_幼年园_成就倒立挠痒_1350.jpg,05,1623,train,panda,ipanda50,giant panda,session_reid,20160610-095600_幼年园_成就倒立挠痒,,1350,5:20160610-095600_幼年园_成就倒立挠痒,,
05_chengjiu/05_20160610-095600_幼年园_成就倒立挠痒_1530.jpg,05,1623,train,panda,ipanda50,giant panda,session_reid,20160610-095600_幼年园_成就倒立挠痒,,1530,5:20160610-095600_幼年园_成就倒立挠痒,,
05_chengjiu/05_20160610-095600_幼年园_成就倒立挠痒_1760.jpg,05,1623,train,panda,ipanda50,giant panda,session_reid,20160610-095600_幼年园_成就倒立挠痒,,1760,5:20160610-095600_幼年园_成就倒立挠痒,,
05_chengjiu/05_20160610-095600_幼年园_成就倒立挠痒_2275.jpg,05,1623,train,panda,ipanda50,giant panda,session_reid,20160610-095600_幼年园_成就倒立挠痒,,2275,5:20160610-095600_幼年园_成就倒立挠痒,,
05_chengjiu/05_20160610-095600_幼年园_成就倒立挠痒_2930.jpg,05,1623,train,panda,ipanda50,giant panda,session_reid,20160610-095600_幼年园_成就倒立挠痒,,2930,5:20160610-095600_幼年园_成就倒立挠痒,,
05_chengjiu/05_20160610-095600_幼年园_成就倒立挠痒_2965.jpg,05,1623,train,panda,ipanda50,giant panda,session_reid,20160610-095600_幼年园_成就倒立挠痒,,2965,5:20160610-095600_幼年园_成就倒立挠痒,,
05_chengjiu/05_20160610-095600_幼年园_成就倒立挠痒_420.jpg,05,1623,train,panda,ipanda50,giant panda,session_reid,20160610-095600_幼年园_成就倒立挠痒,,420,5:20160610-095600_幼年园_成就倒立挠痒,,
05_chengjiu/05_20160610-095600_幼年园_成就倒立挠痒_605.jpg,05,1623,train,panda,ipanda50,giant panda,session_reid,20160610-095600_幼年园_成就倒立挠痒,,605,5:20160610-095600_幼年园_成就倒立挠痒,,
05_chengjiu/05_20160610-095600_幼年园_成就倒立挠痒_785.jpg,05,1623,train,panda,ipanda50,giant panda,session_reid,20160610-095600_幼年园_成就倒立挠痒,,785,5:20160610-095600_幼年园_成就倒立挠痒,,
05_chengjiu/05_20160610-095600_幼年园_成就倒立挠痒_945.jpg,05,1623,train,panda,ipanda50,giant panda,session_reid,20160610-095600_幼年园_成就倒立挠痒,,945,5:20160610-095600_幼年园_成就倒立挠痒,,
05_chengjiu/05_20160623-090800_幼年园_成就揉脸蛋_1.jpg,05,1624,train,panda,ipanda50,giant panda,session_reid,20160623-090800_幼年园_成就揉脸蛋,,1,5:20160623-090800_幼年园_成就揉脸蛋,,
05_chengjiu/05_20160623-090800_幼年园_成就揉脸蛋_1350.jpg,05,1624,train,panda,ipanda50,giant panda,session_reid,20160623-090800_幼年园_成就揉脸蛋,,1350,5:20160623-090800_幼年园_成就揉脸蛋,,
05_chengjiu/05_20160623-090800_幼年园_成就揉脸蛋_1465.jpg,05,1624,train,panda,ipanda50,giant panda,session_reid,20160623-090800_幼年园_成就揉脸蛋,,1465,5:20160623-090800_幼年园_成就揉脸蛋,,
05_chengjiu/05_20160623-090800_幼年园_成就揉脸蛋_335.jpg,05,1624,train,panda,ipanda50,giant panda,session_reid,20160623-090800_幼年园_成就揉脸蛋,,335,5:20160623-090800_幼年园_成就揉脸蛋,,
05_chengjiu/05_20160630-111100_幼年园_成就甩水_1.jpg,05,1625,train,panda,ipanda50,giant panda,session_reid,20160630-111100_幼年园_成就甩水,,1,5:20160630-111100_幼年园_成就甩水,,
05_chengjiu/05_20160630-111100_幼年园_成就甩水_195.jpg,05,1625,train,panda,ipanda50,giant panda,session_reid,20160630-111100_幼年园_成就甩水,,195,5:20160630-111100_幼年园_成就甩水,,
05_chengjiu/05_20160630-111100_幼年园_成就甩水_250.jpg,05,1625,train,panda,ipanda50,giant panda,session_reid,20160630-111100_幼年园_成就甩水,,250,5:20160630-111100_幼年园_成就甩水,,
05_chengjiu/05_20160630-111100_幼年园_成就甩水_610.jpg,05,1625,train,panda,ipanda50,giant panda,session_reid,20160630-111100_幼年园_成就甩水,,610,5:20160630-111100_幼年园_成就甩水,,
05_chengjiu/05_20160722-145225_1号别墅_成就泡完澡在珍多面前倒下_1.jpg,05,1626,train,panda,ipanda50,giant panda,session_reid,20160722-145225_1号别墅_成就泡完澡在珍多面前倒下,,1,5:20160722-145225_1号别墅_成就泡完澡在珍多面前倒下,,
05_chengjiu/05_20160722-145225_1号别墅_成就泡完澡在珍多面前倒下_115.jpg,05,1626,train,panda,ipanda50,giant panda,session_reid,20160722-145225_1号别墅_成就泡完澡在珍多面前倒下,,115,5:20160722-145225_1号别墅_成就泡完澡在珍多面前倒下,,
05_chengjiu/05_20160722-145225_1号别墅_成就泡完澡在珍多面前倒下_470.jpg,05,1626,train,panda,ipanda50,giant panda,session_reid,20160722-145225_1号别墅_成就泡完澡在珍多面前倒下,,470,5:20160722-145225_1号别墅_成就泡完澡在珍多面前倒下,,
05_chengjiu/05_20160728-104600_一号别墅_成就玩冰_1.jpg,05,1627,train,panda,ipanda50,giant panda,session_reid,20160728-104600_一号别墅_成就玩冰,,1,5:20160728-104600_一号别墅_成就玩冰,,
05_chengjiu/05_20160728-104600_一号别墅_成就玩冰_1060.jpg,05,1627,train,panda,ipanda50,giant panda,session_reid,20160728-104600_一号别墅_成就玩冰,,1060,5:20160728-104600_一号别墅_成就玩冰,,
05_chengjiu/05_20160728-104600_一号别墅_成就玩冰_1085.jpg,05,1627,train,panda,ipanda50,giant panda,session_reid,20160728-104600_一号别墅_成就玩冰,,1085,5:20160728-104600_一号别墅_成就玩冰,,
05_chengjiu/05_20160728-104600_一号别墅_成就玩冰_1330.jpg,05,1627,train,panda,ipanda50,giant panda,session_reid,20160728-104600_一号别墅_成就玩冰,,1330,5:20160728-104600_一号别墅_成就玩冰,,
05_chengjiu/05_20160728-104600_一号别墅_成就玩冰_2690.jpg,05,1627,train,panda,ipanda50,giant panda,session_reid,20160728-104600_一号别墅_成就玩冰,,2690,5:20160728-104600_一号别墅_成就玩冰,,
05_chengjiu/05_20160728-104600_一号别墅_成就玩冰_3685.jpg,05,1627,train,panda,ipanda50,giant panda,session_reid,20160728-104600_一号别墅_成就玩冰,,3685,5:20160728-104600_一号别墅_成就玩冰,,
05_chengjiu/05_20160728-104600_一号别墅_成就玩冰_3820.jpg,05,1627,train,panda,ipanda50,giant panda,session_reid,20160728-104600_一号别墅_成就玩冰,,3820,5:20160728-104600_一号别墅_成就玩冰,,
05_chengjiu/05_20160728-104600_一号别墅_成就玩冰_4095.jpg,05,1627,train,panda,ipanda50,giant panda,session_reid,20160728-104600_一号别墅_成就玩冰,,4095,5:20160728-104600_一号别墅_成就玩冰,,
05_chengjiu/05_20160728-104600_一号别墅_成就玩冰_4170.jpg,05,1627,train,panda,ipanda50,giant panda,session_reid,20160728-104600_一号别墅_成就玩冰,,4170,5:20160728-104600_一号别墅_成就玩冰,,
05_chengjiu/05_20160728-104600_一号别墅_成就玩冰_4270.jpg,05,1627,train,panda,ipanda50,giant panda,session_reid,20160728-104600_一号别墅_成就玩冰,,4270,5:20160728-104600_一号别墅_成就玩冰,,
05_chengjiu/05_20160728-111100_一号别墅_成就玩冰超开心_1040.jpg,05,1628,train,panda,ipanda50,giant panda,session_reid,20160728-111100_一号别墅_成就玩冰超开心,,1040,5:20160728-111100_一号别墅_成就玩冰超开心,,
05_chengjiu/05_20160728-111100_一号别墅_成就玩冰超开心_135.jpg,05,1628,train,panda,ipanda50,giant panda,session_reid,20160728-111100_一号别墅_成就玩冰超开心,,135,5:20160728-111100_一号别墅_成就玩冰超开心,,
05_chengjiu/05_20160728-111100_一号别墅_成就玩冰超开心_1785.jpg,05,1628,train,panda,ipanda50,giant panda,session_reid,20160728-111100_一号别墅_成就玩冰超开心,,1785,5:20160728-111100_一号别墅_成就玩冰超开心,,
05_chengjiu/05_20160728-111100_一号别墅_成就玩冰超开心_1855.jpg,05,1628,train,panda,ipanda50,giant panda,session_reid,20160728-111100_一号别墅_成就玩冰超开心,,1855,5:20160728-111100_一号别墅_成就玩冰超开心,,
05_chengjiu/05_20160728-111100_一号别墅_成就玩冰超开心_2520.jpg,05,1628,train,panda,ipanda50,giant panda,session_reid,20160728-111100_一号别墅_成就玩冰超开心,,2520,5:20160728-111100_一号别墅_成就玩冰超开心,,
05_chengjiu/05_20160728-111100_一号别墅_成就玩冰超开心_2550.jpg,05,1628,train,panda,ipanda50,giant panda,session_reid,20160728-111100_一号别墅_成就玩冰超开心,,2550,5:20160728-111100_一号别墅_成就玩冰超开心,,
05_chengjiu/05_20160728-111100_一号别墅_成就玩冰超开心_2625.jpg,05,1628,train,panda,ipanda50,giant panda,session_reid,20160728-111100_一号别墅_成就玩冰超开心,,2625,5:20160728-111100_一号别墅_成就玩冰超开心,,
05_chengjiu/05_20160728-111100_一号别墅_成就玩冰超开心_465.jpg,05,1628,train,panda,ipanda50,giant panda,session_reid,20160728-111100_一号别墅_成就玩冰超开心,,465,5:20160728-111100_一号别墅_成就玩冰超开心,,
05_chengjiu/05_20160728-112100_一号别墅_成就抱着冰玩_1150.jpg,05,1629,train,panda,ipanda50,giant panda,session_reid,20160728-112100_一号别墅_成就抱着冰玩,,1150,5:20160728-112100_一号别墅_成就抱着冰玩,,
05_chengjiu/05_20160728-112100_一号别墅_成就抱着冰玩_1420.jpg,05,1629,train,panda,ipanda50,giant panda,session_reid,20160728-112100_一号别墅_成就抱着冰玩,,1420,5:20160728-112100_一号别墅_成就抱着冰玩,,
05_chengjiu/05_20160728-112100_一号别墅_成就抱着冰玩_2490.jpg,05,1629,train,panda,ipanda50,giant panda,session_reid,20160728-112100_一号别墅_成就抱着冰玩,,2490,5:20160728-112100_一号别墅_成就抱着冰玩,,
05_chengjiu/05_20160728-112100_一号别墅_成就抱着冰玩_3120.jpg,05,1629,train,panda,ipanda50,giant panda,session_reid,20160728-112100_一号别墅_成就抱着冰玩,,3120,5:20160728-112100_一号别墅_成就抱着冰玩,,
05_chengjiu/05_20160728-112100_一号别墅_成就抱着冰玩_3470.jpg,05,1629,train,panda,ipanda50,giant panda,session_reid,20160728-112100_一号别墅_成就抱着冰玩,,3470,5:20160728-112100_一号别墅_成就抱着冰玩,,
05_chengjiu/05_20160728-112100_一号别墅_成就抱着冰玩_3515.jpg,05,1629,train,panda,ipanda50,giant panda,session_reid,20160728-112100_一号别墅_成就抱着冰玩,,3515,5:20160728-112100_一号别墅_成就抱着冰玩,,
05_chengjiu/05_20160728-112100_一号别墅_成就抱着冰玩_3600.jpg,05,1629,train,panda,ipanda50,giant panda,session_reid,20160728-112100_一号别墅_成就抱着冰玩,,3600,5:20160728-112100_一号别墅_成就抱着冰玩,,
05_chengjiu/05_20160728-112100_一号别墅_成就抱着冰玩_3725.jpg,05,1629,train,panda,ipanda50,giant panda,session_reid,20160728-112100_一号别墅_成就抱着冰玩,,3725,5:20160728-112100_一号别墅_成就抱着冰玩,,
05_chengjiu/05_20160728-112100_一号别墅_成就抱着冰玩_3935.jpg,05,1629,train,panda,ipanda50,giant panda,session_reid,20160728-112100_一号别墅_成就抱着冰玩,,3935,5:20160728-112100_一号别墅_成就抱着冰玩,,
05_chengjiu/05_20160728-112100_一号别墅_成就抱着冰玩_4230.jpg,05,1629,train,panda,ipanda50,giant panda,session_reid,20160728-112100_一号别墅_成就抱着冰玩,,4230,5:20160728-112100_一号别墅_成就抱着冰玩,,
05_chengjiu/05_20160728-112100_一号别墅_成就抱着冰玩_4320.jpg,05,1629,train,panda,ipanda50,giant panda,session_reid,20160728-112100_一号别墅_成就抱着冰玩,,4320,5:20160728-112100_一号别墅_成就抱着冰玩,,
05_chengjiu/05_20160730-075820_1号别墅_成就屁股挂个竹子下水池泡澡_1.jpg,05,1630,train,panda,ipanda50,giant panda,session_reid,20160730-075820_1号别墅_成就屁股挂个竹子下水池泡澡,,1,5:20160730-075820_1号别墅_成就屁股挂个竹子下水池泡澡,,
05_chengjiu/05_20160730-075820_1号别墅_成就屁股挂个竹子下水池泡澡_125.jpg,05,1630,train,panda,ipanda50,giant panda,session_reid,20160730-075820_1号别墅_成就屁股挂个竹子下水池泡澡,,125,5:20160730-075820_1号别墅_成就屁股挂个竹子下水池泡澡,,
05_chengjiu/05_20160730-075820_1号别墅_成就屁股挂个竹子下水池泡澡_1460.jpg,05,1630,train,panda,ipanda50,giant panda,session_reid,20160730-075820_1号别墅_成就屁股挂个竹子下水池泡澡,,1460,5:20160730-075820_1号别墅_成就屁股挂个竹子下水池泡澡,,
05_chengjiu/05_20160730-075820_1号别墅_成就屁股挂个竹子下水池泡澡_185.jpg,05,1630,train,panda,ipanda50,giant panda,session_reid,20160730-075820_1号别墅_成就屁股挂个竹子下水池泡澡,,185,5:20160730-075820_1号别墅_成就屁股挂个竹子下水池泡澡,,
05_chengjiu/05_20160730-075820_1号别墅_成就屁股挂个竹子下水池泡澡_280.jpg,05,1630,train,panda,ipanda50,giant panda,session_reid,20160730-075820_1号别墅_成就屁股挂个竹子下水池泡澡,,280,5:20160730-075820_1号别墅_成就屁股挂个竹子下水池泡澡,,
05_chengjiu/05_20160730-075820_1号别墅_成就屁股挂个竹子下水池泡澡_380.jpg,05,1630,train,panda,ipanda50,giant panda,session_reid,20160730-075820_1号别墅_成就屁股挂个竹子下水池泡澡,,380,5:20160730-075820_1号别墅_成就屁股挂个竹子下水池泡澡,,
05_chengjiu/05_20160730-075820_1号别墅_成就屁股挂个竹子下水池泡澡_485.jpg,05,1630,train,panda,ipanda50,giant panda,session_reid,20160730-075820_1号别墅_成就屁股挂个竹子下水池泡澡,,485,5:20160730-075820_1号别墅_成就屁股挂个竹子下水池泡澡,,
05_chengjiu/05_20160730-075820_1号别墅_成就屁股挂个竹子下水池泡澡_50.jpg,05,1630,train,panda,ipanda50,giant panda,session_reid,20160730-075820_1号别墅_成就屁股挂个竹子下水池泡澡,,50,5:20160730-075820_1号别墅_成就屁股挂个竹子下水池泡澡,,
05_chengjiu/05_380.jpg,05,1631,train,panda,ipanda50,giant panda,session_reid,legacy,,380,5:legacy,,
05_chengjiu/05_465.jpg,05,1631,train,panda,ipanda50,giant panda,session_reid,legacy,,465,5:legacy,,
05_chengjiu/05_470.jpg,05,1631,train,panda,ipanda50,giant panda,session_reid,legacy,,470,5:legacy,,
05_chengjiu/05_605.jpg,05,1631,train,panda,ipanda50,giant panda,session_reid,legacy,,605,5:legacy,,
05_chengjiu/05_790.jpg,05,1631,train,panda,ipanda50,giant panda,session_reid,legacy,,790,5:legacy,,
05_chengjiu/05_870.jpg,05,1631,train,panda,ipanda50,giant panda,session_reid,legacy,,870,5:legacy,,
05_chengjiu/05_v002_f000005.jpg,05,1632,train,panda,ipanda50,giant panda,session_reid,v002,,5,5:v002,,
05_chengjiu/05_v002_f000580.jpg,05,1632,train,panda,ipanda50,giant panda,session_reid,v002,,580,5:v002,,
05_chengjiu/05_v002_f000605.jpg,05,1632,train,panda,ipanda50,giant panda,session_reid,v002,,605,5:v002,,
05_chengjiu/05_v002_f000625.jpg,05,1632,train,panda,ipanda50,giant panda,session_reid,v002,,625,5:v002,,
05_chengjiu/05_v002_f000675.jpg,05,1632,train,panda,ipanda50,giant panda,session_reid,v002,,675,5:v002,,
05_chengjiu/05_v002_f000765.jpg,05,1632,train,panda,ipanda50,giant panda,session_reid,v002,,765,5:v002,,
05_chengjiu/05_v002_f000800.jpg,05,1632,train,panda,ipanda50,giant panda,session_reid,v002,,800,5:v002,,
05_chengjiu/05_v002_f000855.jpg,05,1632,train,panda,ipanda50,giant panda,session_reid,v002,,855,5:v002,,
05_chengjiu/05_v002_f000890.jpg,05,1632,train,panda,ipanda50,giant panda,session_reid,v002,,890,5:v002,,
05_chengjiu/05_v002_f000930.jpg,05,1632,train,panda,ipanda50,giant panda,session_reid,v002,,930,5:v002,,
05_chengjiu/05_v002_f000960.jpg,05,1632,train,panda,ipanda50,giant panda,session_reid,v002,,960,5:v002,,
05_chengjiu/05_v002_f001000.jpg,05,1632,train,panda,ipanda50,giant panda,session_reid,v002,,1000,5:v002,,
05_chengjiu/05_v002_f001025.jpg,05,1632,train,panda,ipanda50,giant panda,session_reid,v002,,1025,5:v002,,
05_chengjiu/05_v002_f001065.jpg,05,1632,train,panda,ipanda50,giant panda,session_reid,v002,,1065,5:v002,,
05_chengjiu/05_v002_f001085.jpg,05,1632,train,panda,ipanda50,giant panda,session_reid,v002,,1085,5:v002,,
05_chengjiu/05_v002_f001140.jpg,05,1632,train,panda,ipanda50,giant panda,session_reid,v002,,1140,5:v002,,
05_chengjiu/05_v002_f001240.jpg,05,1632,train,panda,ipanda50,giant panda,session_reid,v002,,1240,5:v002,,
06_chengshi/06_v002_f000005.jpg,06,1633,train,panda,ipanda50,giant panda,session_reid,v002,,5,6:v002,,
06_chengshi/06_v002_f001025.jpg,06,1633,train,panda,ipanda50,giant panda,session_reid,v002,,1025,6:v002,,
06_chengshi/06_v002_f001115.jpg,06,1633,train,panda,ipanda50,giant panda,session_reid,v002,,1115,6:v002,,
06_chengshi/06_v002_f001130.jpg,06,1633,train,panda,ipanda50,giant panda,session_reid,v002,,1130,6:v002,,
06_chengshi/06_v002_f001505.jpg,06,1633,train,panda,ipanda50,giant panda,session_reid,v002,,1505,6:v002,,
06_chengshi/06_v002_f001620.jpg,06,1633,train,panda,ipanda50,giant panda,session_reid,v002,,1620,6:v002,,
06_chengshi/06_v003_f000455.jpg,06,1634,train,panda,ipanda50,giant panda,session_reid,v003,,455,6:v003,,
06_chengshi/06_v003_f000555.jpg,06,1634,train,panda,ipanda50,giant panda,session_reid,v003,,555,6:v003,,
06_chengshi/06_v005_f000200.jpg,06,1635,train,panda,ipanda50,giant panda,session_reid,v005,,200,6:v005,,
06_chengshi/06_v005_f000305.jpg,06,1635,train,panda,ipanda50,giant panda,session_reid,v005,,305,6:v005,,
06_chengshi/06_v005_f000505.jpg,06,1635,train,panda,ipanda50,giant panda,session_reid,v005,,505,6:v005,,
06_chengshi/06_v005_f000735.jpg,06,1635,train,panda,ipanda50,giant panda,session_reid,v005,,735,6:v005,,
06_chengshi/06_v005_f000780.jpg,06,1635,train,panda,ipanda50,giant panda,session_reid,v005,,780,6:v005,,
06_chengshi/06_v006_f000005.jpg,06,1636,train,panda,ipanda50,giant panda,session_reid,v006,,5,6:v006,,
06_chengshi/06_v006_f000670.jpg,06,1636,train,panda,ipanda50,giant panda,session_reid,v006,,670,6:v006,,
06_chengshi/06_v006_f000805.jpg,06,1636,train,panda,ipanda50,giant panda,session_reid,v006,,805,6:v006,,
06_chengshi/06_v006_f000920.jpg,06,1636,train,panda,ipanda50,giant panda,session_reid,v006,,920,6:v006,,
06_chengshi/06_v007_f000045.jpg,06,1637,train,panda,ipanda50,giant panda,session_reid,v007,,45,6:v007,,
06_chengshi/06_v007_f002095.jpg,06,1637,train,panda,ipanda50,giant panda,session_reid,v007,,2095,6:v007,,
06_chengshi/06_v007_f002120.jpg,06,1637,train,panda,ipanda50,giant panda,session_reid,v007,,2120,6:v007,,
06_chengshi/06_v009_f000525.jpg,06,1638,train,panda,ipanda50,giant panda,session_reid,v009,,525,6:v009,,
06_chengshi/06_v009_f000850.jpg,06,1638,train,panda,ipanda50,giant panda,session_reid,v009,,850,6:v009,,
06_chengshi/06_v009_f002750.jpg,06,1638,train,panda,ipanda50,giant panda,session_reid,v009,,2750,6:v009,,
06_chengshi/06_v010_f000230.jpg,06,1639,train,panda,ipanda50,giant panda,session_reid,v010,,230,6:v010,,
06_chengshi/06_v010_f001215.jpg,06,1639,train,panda,ipanda50,giant panda,session_reid,v010,,1215,6:v010,,
06_chengshi/06_v010_f001240.jpg,06,1639,train,panda,ipanda50,giant panda,session_reid,v010,,1240,6:v010,,
06_chengshi/06_v010_f001635.jpg,06,1639,train,panda,ipanda50,giant panda,session_reid,v010,,1635,6:v010,,
06_chengshi/06_v010_f001680.jpg,06,1639,train,panda,ipanda50,giant panda,session_reid,v010,,1680,6:v010,,
06_chengshi/06_v010_f001735.jpg,06,1639,train,panda,ipanda50,giant panda,session_reid,v010,,1735,6:v010,,
06_chengshi/06_v014_f000005.jpg,06,1640,train,panda,ipanda50,giant panda,session_reid,v014,,5,6:v014,,
06_chengshi/06_v014_f000055.jpg,06,1640,train,panda,ipanda50,giant panda,session_reid,v014,,55,6:v014,,
06_chengshi/06_v014_f000445.jpg,06,1640,train,panda,ipanda50,giant panda,session_reid,v014,,445,6:v014,,
06_chengshi/06_v014_f000805.jpg,06,1640,train,panda,ipanda50,giant panda,session_reid,v014,,805,6:v014,,
06_chengshi/06_v015_f000005.jpg,06,1641,train,panda,ipanda50,giant panda,session_reid,v015,,5,6:v015,,
06_chengshi/06_v015_f000420.jpg,06,1641,train,panda,ipanda50,giant panda,session_reid,v015,,420,6:v015,,
06_chengshi/06_v015_f000800.jpg,06,1641,train,panda,ipanda50,giant panda,session_reid,v015,,800,6:v015,,
06_chengshi/06_v015_f000845.jpg,06,1641,train,panda,ipanda50,giant panda,session_reid,v015,,845,6:v015,,
06_chengshi/06_v016_f001285.jpg,06,1642,train,panda,ipanda50,giant panda,session_reid,v016,,1285,6:v016,,
06_chengshi/06_v016_f001355.jpg,06,1642,train,panda,ipanda50,giant panda,session_reid,v016,,1355,6:v016,,
06_chengshi/06_v016_f001440.jpg,06,1642,train,panda,ipanda50,giant panda,session_reid,v016,,1440,6:v016,,
06_chengshi/06_v017_f000005.jpg,06,1643,train,panda,ipanda50,giant panda,session_reid,v017,,5,6:v017,,
06_chengshi/06_v017_f000115.jpg,06,1643,train,panda,ipanda50,giant panda,session_reid,v017,,115,6:v017,,
06_chengshi/06_v017_f000130.jpg,06,1643,train,panda,ipanda50,giant panda,session_reid,v017,,130,6:v017,,
06_chengshi/06_v017_f000145.jpg,06,1643,train,panda,ipanda50,giant panda,session_reid,v017,,145,6:v017,,
06_chengshi/06_v017_f000705.jpg,06,1643,train,panda,ipanda50,giant panda,session_reid,v017,,705,6:v017,,
06_chengshi/06_v017_f000880.jpg,06,1643,train,panda,ipanda50,giant panda,session_reid,v017,,880,6:v017,,
06_chengshi/06_v017_f000940.jpg,06,1643,train,panda,ipanda50,giant panda,session_reid,v017,,940,6:v017,,
06_chengshi/06_v017_f001005.jpg,06,1643,train,panda,ipanda50,giant panda,session_reid,v017,,1005,6:v017,,
06_chengshi/06_v017_f001190.jpg,06,1643,train,panda,ipanda50,giant panda,session_reid,v017,,1190,6:v017,,
06_chengshi/06_v017_f001300.jpg,06,1643,train,panda,ipanda50,giant panda,session_reid,v017,,1300,6:v017,,
06_chengshi/06_v017_f001555.jpg,06,1643,train,panda,ipanda50,giant panda,session_reid,v017,,1555,6:v017,,
06_chengshi/06_v017_f001575.jpg,06,1643,train,panda,ipanda50,giant panda,session_reid,v017,,1575,6:v017,,
06_chengshi/06_v017_f001640.jpg,06,1643,train,panda,ipanda50,giant panda,session_reid,v017,,1640,6:v017,,
06_chengshi/06_v017_f001760.jpg,06,1643,train,panda,ipanda50,giant panda,session_reid,v017,,1760,6:v017,,
06_chengshi/06_v018_f000005.jpg,06,1644,train,panda,ipanda50,giant panda,session_reid,v018,,5,6:v018,,
06_chengshi/06_v018_f000905.jpg,06,1644,train,panda,ipanda50,giant panda,session_reid,v018,,905,6:v018,,
06_chengshi/06_v018_f001405.jpg,06,1644,train,panda,ipanda50,giant panda,session_reid,v018,,1405,6:v018,,
06_chengshi/06_v019_f000155.jpg,06,1645,train,panda,ipanda50,giant panda,session_reid,v019,,155,6:v019,,
06_chengshi/06_v019_f000210.jpg,06,1645,train,panda,ipanda50,giant panda,session_reid,v019,,210,6:v019,,
06_chengshi/06_v019_f000265.jpg,06,1645,train,panda,ipanda50,giant panda,session_reid,v019,,265,6:v019,,
06_chengshi/06_v019_f000390.jpg,06,1645,train,panda,ipanda50,giant panda,session_reid,v019,,390,6:v019,,
06_chengshi/06_v019_f000465.jpg,06,1645,train,panda,ipanda50,giant panda,session_reid,v019,,465,6:v019,,
06_chengshi/06_v020_f000200.jpg,06,1646,train,panda,ipanda50,giant panda,session_reid,v020,,200,6:v020,,
06_chengshi/06_v020_f000275.jpg,06,1646,train,panda,ipanda50,giant panda,session_reid,v020,,275,6:v020,,
06_chengshi/06_v020_f000840.jpg,06,1646,train,panda,ipanda50,giant panda,session_reid,v020,,840,6:v020,,
06_chengshi/06_v020_f001085.jpg,06,1646,train,panda,ipanda50,giant panda,session_reid,v020,,1085,6:v020,,
06_chengshi/06_v020_f001115.jpg,06,1646,train,panda,ipanda50,giant panda,session_reid,v020,,1115,6:v020,,
06_chengshi/06_v021_f000015.jpg,06,1647,train,panda,ipanda50,giant panda,session_reid,v021,,15,6:v021,,
06_chengshi/06_v021_f000410.jpg,06,1647,train,panda,ipanda50,giant panda,session_reid,v021,,410,6:v021,,
06_chengshi/06_v021_f000500.jpg,06,1647,train,panda,ipanda50,giant panda,session_reid,v021,,500,6:v021,,
06_chengshi/06_v021_f000525.jpg,06,1647,train,panda,ipanda50,giant panda,session_reid,v021,,525,6:v021,,
06_chengshi/06_v021_f000745.jpg,06,1647,train,panda,ipanda50,giant panda,session_reid,v021,,745,6:v021,,
06_chengshi/06_v021_f002075.jpg,06,1647,train,panda,ipanda50,giant panda,session_reid,v021,,2075,6:v021,,
06_chengshi/06_v021_f002160.jpg,06,1647,train,panda,ipanda50,giant panda,session_reid,v021,,2160,6:v021,,
06_chengshi/06_v021_f002290.jpg,06,1647,train,panda,ipanda50,giant panda,session_reid,v021,,2290,6:v021,,
06_chengshi/06_v021_f002385.jpg,06,1647,train,panda,ipanda50,giant panda,session_reid,v021,,2385,6:v021,,
06_chengshi/06_v021_f002455.jpg,06,1647,train,panda,ipanda50,giant panda,session_reid,v021,,2455,6:v021,,
06_chengshi/06_v021_f002480.jpg,06,1647,train,panda,ipanda50,giant panda,session_reid,v021,,2480,6:v021,,
06_chengshi/06_v021_f002505.jpg,06,1647,train,panda,ipanda50,giant panda,session_reid,v021,,2505,6:v021,,
06_chengshi/06_v021_f002880.jpg,06,1647,train,panda,ipanda50,giant panda,session_reid,v021,,2880,6:v021,,
07_chengshuang/07_1.jpg,07,1648,train,panda,ipanda50,giant panda,session_reid,legacy,,1,7:legacy,,
07_chengshuang/07_1010.jpg,07,1648,train,panda,ipanda50,giant panda,session_reid,legacy,,1010,7:legacy,,
07_chengshuang/07_1170.jpg,07,1648,train,panda,ipanda50,giant panda,session_reid,legacy,,1170,7:legacy,,
07_chengshuang/07_465.jpg,07,1648,train,panda,ipanda50,giant panda,session_reid,legacy,,465,7:legacy,,
07_chengshuang/07_540.jpg,07,1648,train,panda,ipanda50,giant panda,session_reid,legacy,,540,7:legacy,,
07_chengshuang/07_710.jpg,07,1648,train,panda,ipanda50,giant panda,session_reid,legacy,,710,7:legacy,,
07_chengshuang/07_730.jpg,07,1648,train,panda,ipanda50,giant panda,session_reid,legacy,,730,7:legacy,,
07_chengshuang/07_790.jpg,07,1648,train,panda,ipanda50,giant panda,session_reid,legacy,,790,7:legacy,,
07_chengshuang/07_865.jpg,07,1648,train,panda,ipanda50,giant panda,session_reid,legacy,,865,7:legacy,,
07_chengshuang/07_955.jpg,07,1648,train,panda,ipanda50,giant panda,session_reid,legacy,,955,7:legacy,,
07_chengshuang/07_v002_f000005.jpg,07,1649,train,panda,ipanda50,giant panda,session_reid,v002,,5,7:v002,,
07_chengshuang/07_v002_f000360.jpg,07,1649,train,panda,ipanda50,giant panda,session_reid,v002,,360,7:v002,,
07_chengshuang/07_v002_f000420.jpg,07,1649,train,panda,ipanda50,giant panda,session_reid,v002,,420,7:v002,,
07_chengshuang/07_v002_f000570.jpg,07,1649,train,panda,ipanda50,giant panda,session_reid,v002,,570,7:v002,,
07_chengshuang/07_v002_f000860.jpg,07,1649,train,panda,ipanda50,giant panda,session_reid,v002,,860,7:v002,,
07_chengshuang/07_v002_f001075.jpg,07,1649,train,panda,ipanda50,giant panda,session_reid,v002,,1075,7:v002,,
07_chengshuang/07_v002_f001215.jpg,07,1649,train,panda,ipanda50,giant panda,session_reid,v002,,1215,7:v002,,
07_chengshuang/07_v002_f001275.jpg,07,1649,train,panda,ipanda50,giant panda,session_reid,v002,,1275,7:v002,,
07_chengshuang/07_v002_f001610.jpg,07,1649,train,panda,ipanda50,giant panda,session_reid,v002,,1610,7:v002,,
07_chengshuang/07_v002_f001670.jpg,07,1649,train,panda,ipanda50,giant panda,session_reid,v002,,1670,7:v002,,
07_chengshuang/07_v002_f001840.jpg,07,1649,train,panda,ipanda50,giant panda,session_reid,v002,,1840,7:v002,,
07_chengshuang/07_v002_f001940.jpg,07,1649,train,panda,ipanda50,giant panda,session_reid,v002,,1940,7:v002,,
07_chengshuang/07_v002_f002140.jpg,07,1649,train,panda,ipanda50,giant panda,session_reid,v002,,2140,7:v002,,
07_chengshuang/07_v005_f001500.jpg,07,1650,train,panda,ipanda50,giant panda,session_reid,v005,,1500,7:v005,,
07_chengshuang/07_v005_f001740.jpg,07,1650,train,panda,ipanda50,giant panda,session_reid,v005,,1740,7:v005,,
07_chengshuang/07_v005_f001795.jpg,07,1650,train,panda,ipanda50,giant panda,session_reid,v005,,1795,7:v005,,
07_chengshuang/07_v005_f001860.jpg,07,1650,train,panda,ipanda50,giant panda,session_reid,v005,,1860,7:v005,,
07_chengshuang/07_v005_f001885.jpg,07,1650,train,panda,ipanda50,giant panda,session_reid,v005,,1885,7:v005,,
07_chengshuang/07_v005_f002170.jpg,07,1650,train,panda,ipanda50,giant panda,session_reid,v005,,2170,7:v005,,
07_chengshuang/07_v005_f002200.jpg,07,1650,train,panda,ipanda50,giant panda,session_reid,v005,,2200,7:v005,,
07_chengshuang/07_v005_f002245.jpg,07,1650,train,panda,ipanda50,giant panda,session_reid,v005,,2245,7:v005,,
07_chengshuang/07_v005_f002275.jpg,07,1650,train,panda,ipanda50,giant panda,session_reid,v005,,2275,7:v005,,
07_chengshuang/07_v006_f000220.jpg,07,1651,train,panda,ipanda50,giant panda,session_reid,v006,,220,7:v006,,
07_chengshuang/07_v006_f000250.jpg,07,1651,train,panda,ipanda50,giant panda,session_reid,v006,,250,7:v006,,
07_chengshuang/07_v006_f000300.jpg,07,1651,train,panda,ipanda50,giant panda,session_reid,v006,,300,7:v006,,
07_chengshuang/07_v006_f000320.jpg,07,1651,train,panda,ipanda50,giant panda,session_reid,v006,,320,7:v006,,
07_chengshuang/07_v006_f000335.jpg,07,1651,train,panda,ipanda50,giant panda,session_reid,v006,,335,7:v006,,
07_chengshuang/07_v006_f000350.jpg,07,1651,train,panda,ipanda50,giant panda,session_reid,v006,,350,7:v006,,
07_chengshuang/07_v006_f000360.jpg,07,1651,train,panda,ipanda50,giant panda,session_reid,v006,,360,7:v006,,
07_chengshuang/07_v006_f000460.jpg,07,1651,train,panda,ipanda50,giant panda,session_reid,v006,,460,7:v006,,
07_chengshuang/07_v006_f000555.jpg,07,1651,train,panda,ipanda50,giant panda,session_reid,v006,,555,7:v006,,
07_chengshuang/07_v006_f000630.jpg,07,1651,train,panda,ipanda50,giant panda,session_reid,v006,,630,7:v006,,
07_chengshuang/07_v006_f000650.jpg,07,1651,train,panda,ipanda50,giant panda,session_reid,v006,,650,7:v006,,
07_chengshuang/07_v006_f000675.jpg,07,1651,train,panda,ipanda50,giant panda,session_reid,v006,,675,7:v006,,
07_chengshuang/07_v006_f000820.jpg,07,1651,train,panda,ipanda50,giant panda,session_reid,v006,,820,7:v006,,
07_chengshuang/07_v007_f000005.jpg,07,1652,train,panda,ipanda50,giant panda,session_reid,v007,,5,7:v007,,
07_chengshuang/07_v007_f000380.jpg,07,1652,train,panda,ipanda50,giant panda,session_reid,v007,,380,7:v007,,
07_chengshuang/07_v007_f000885.jpg,07,1652,train,panda,ipanda50,giant panda,session_reid,v007,,885,7:v007,,
07_chengshuang/07_v007_f001640.jpg,07,1652,train,panda,ipanda50,giant panda,session_reid,v007,,1640,7:v007,,
07_chengshuang/07_v007_f001710.jpg,07,1652,train,panda,ipanda50,giant panda,session_reid,v007,,1710,7:v007,,
07_chengshuang/07_v007_f001890.jpg,07,1652,train,panda,ipanda50,giant panda,session_reid,v007,,1890,7:v007,,
07_chengshuang/07_v007_f001985.jpg,07,1652,train,panda,ipanda50,giant panda,session_reid,v007,,1985,7:v007,,
08_fulai/08_v001_f000465.jpg,08,1653,train,panda,ipanda50,giant panda,session_reid,v001,,465,8:v001,,
08_fulai/08_v002_f000185.jpg,08,1654,train,panda,ipanda50,giant panda,session_reid,v002,,185,8:v002,,
08_fulai/08_v002_f000195.jpg,08,1654,train,panda,ipanda50,giant panda,session_reid,v002,,195,8:v002,,
08_fulai/08_v002_f000225.jpg,08,1654,train,panda,ipanda50,giant panda,session_reid,v002,,225,8:v002,,
08_fulai/08_v002_f000305.jpg,08,1654,train,panda,ipanda50,giant panda,session_reid,v002,,305,8:v002,,
08_fulai/08_v002_f000470.jpg,08,1654,train,panda,ipanda50,giant panda,session_reid,v002,,470,8:v002,,
08_fulai/08_v002_f000475.jpg,08,1654,train,panda,ipanda50,giant panda,session_reid,v002,,475,8:v002,,
08_fulai/08_v002_f000490.jpg,08,1654,train,panda,ipanda50,giant panda,session_reid,v002,,490,8:v002,,
08_fulai/08_v002_f000520.jpg,08,1654,train,panda,ipanda50,giant panda,session_reid,v002,,520,8:v002,,
08_fulai/08_v002_f000545.jpg,08,1654,train,panda,ipanda50,giant panda,session_reid,v002,,545,8:v002,,
08_fulai/08_v002_f000570.jpg,08,1654,train,panda,ipanda50,giant panda,session_reid,v002,,570,8:v002,,
08_fulai/08_v002_f000615.jpg,08,1654,train,panda,ipanda50,giant panda,session_reid,v002,,615,8:v002,,
08_fulai/08_v002_f000640.jpg,08,1654,train,panda,ipanda50,giant panda,session_reid,v002,,640,8:v002,,
08_fulai/08_v002_f000670.jpg,08,1654,train,panda,ipanda50,giant panda,session_reid,v002,,670,8:v002,,
08_fulai/08_v002_f000680.jpg,08,1654,train,panda,ipanda50,giant panda,session_reid,v002,,680,8:v002,,
08_fulai/08_v002_f000730.jpg,08,1654,train,panda,ipanda50,giant panda,session_reid,v002,,730,8:v002,,
08_fulai/08_v002_f000760.jpg,08,1654,train,panda,ipanda50,giant panda,session_reid,v002,,760,8:v002,,
08_fulai/08_v002_f000775.jpg,08,1654,train,panda,ipanda50,giant panda,session_reid,v002,,775,8:v002,,
08_fulai/08_v002_f000865.jpg,08,1654,train,panda,ipanda50,giant panda,session_reid,v002,,865,8:v002,,
08_fulai/08_v002_f001055.jpg,08,1654,train,panda,ipanda50,giant panda,session_reid,v002,,1055,8:v002,,
08_fulai/08_v002_f001505.jpg,08,1654,train,panda,ipanda50,giant panda,session_reid,v002,,1505,8:v002,,
08_fulai/08_v002_f001590.jpg,08,1654,train,panda,ipanda50,giant panda,session_reid,v002,,1590,8:v002,,
08_fulai/08_v002_f001665.jpg,08,1654,train,panda,ipanda50,giant panda,session_reid,v002,,1665,8:v002,,
08_fulai/08_v002_f001790.jpg,08,1654,train,panda,ipanda50,giant panda,session_reid,v002,,1790,8:v002,,
08_fulai/08_v002_f002300.jpg,08,1654,train,panda,ipanda50,giant panda,session_reid,v002,,2300,8:v002,,
08_fulai/08_v002_f002335.jpg,08,1654,train,panda,ipanda50,giant panda,session_reid,v002,,2335,8:v002,,
08_fulai/08_v002_f002700.jpg,08,1654,train,panda,ipanda50,giant panda,session_reid,v002,,2700,8:v002,,
08_fulai/08_v002_f003305.jpg,08,1654,train,panda,ipanda50,giant panda,session_reid,v002,,3305,8:v002,,
08_fulai/08_v002_f003335.jpg,08,1654,train,panda,ipanda50,giant panda,session_reid,v002,,3335,8:v002,,
08_fulai/08_v002_f003790.jpg,08,1654,train,panda,ipanda50,giant panda,session_reid,v002,,3790,8:v002,,
08_fulai/08_v002_f003940.jpg,08,1654,train,panda,ipanda50,giant panda,session_reid,v002,,3940,8:v002,,
08_fulai/08_v002_f004045.jpg,08,1654,train,panda,ipanda50,giant panda,session_reid,v002,,4045,8:v002,,
08_fulai/08_v002_f004520.jpg,08,1654,train,panda,ipanda50,giant panda,session_reid,v002,,4520,8:v002,,
08_fulai/08_v002_f004580.jpg,08,1654,train,panda,ipanda50,giant panda,session_reid,v002,,4580,8:v002,,
08_fulai/08_v002_f004980.jpg,08,1654,train,panda,ipanda50,giant panda,session_reid,v002,,4980,8:v002,,
08_fulai/08_v002_f005205.jpg,08,1654,train,panda,ipanda50,giant panda,session_reid,v002,,5205,8:v002,,
08_fulai/08_v002_f005420.jpg,08,1654,train,panda,ipanda50,giant panda,session_reid,v002,,5420,8:v002,,
08_fulai/08_v002_f005750.jpg,08,1654,train,panda,ipanda50,giant panda,session_reid,v002,,5750,8:v002,,
08_fulai/08_v002_f006140.jpg,08,1654,train,panda,ipanda50,giant panda,session_reid,v002,,6140,8:v002,,
08_fulai/08_v002_f006330.jpg,08,1654,train,panda,ipanda50,giant panda,session_reid,v002,,6330,8:v002,,
08_fulai/08_v002_f006390.jpg,08,1654,train,panda,ipanda50,giant panda,session_reid,v002,,6390,8:v002,,
08_fulai/08_v003_f000515.jpg,08,1655,train,panda,ipanda50,giant panda,session_reid,v003,,515,8:v003,,
08_fulai/08_v003_f000605.jpg,08,1655,train,panda,ipanda50,giant panda,session_reid,v003,,605,8:v003,,
08_fulai/08_v003_f000655.jpg,08,1655,train,panda,ipanda50,giant panda,session_reid,v003,,655,8:v003,,
08_fulai/08_v003_f000725.jpg,08,1655,train,panda,ipanda50,giant panda,session_reid,v003,,725,8:v003,,
08_fulai/08_v003_f000915.jpg,08,1655,train,panda,ipanda50,giant panda,session_reid,v003,,915,8:v003,,
08_fulai/08_v003_f001205.jpg,08,1655,train,panda,ipanda50,giant panda,session_reid,v003,,1205,8:v003,,
08_fulai/08_v003_f001415.jpg,08,1655,train,panda,ipanda50,giant panda,session_reid,v003,,1415,8:v003,,
08_fulai/08_v003_f001545.jpg,08,1655,train,panda,ipanda50,giant panda,session_reid,v003,,1545,8:v003,,
08_fulai/08_v003_f001745.jpg,08,1655,train,panda,ipanda50,giant panda,session_reid,v003,,1745,8:v003,,
08_fulai/08_v003_f001815.jpg,08,1655,train,panda,ipanda50,giant panda,session_reid,v003,,1815,8:v003,,
08_fulai/08_v003_f001965.jpg,08,1655,train,panda,ipanda50,giant panda,session_reid,v003,,1965,8:v003,,
08_fulai/08_v003_f002235.jpg,08,1655,train,panda,ipanda50,giant panda,session_reid,v003,,2235,8:v003,,
08_fulai/08_v003_f002320.jpg,08,1655,train,panda,ipanda50,giant panda,session_reid,v003,,2320,8:v003,,
08_fulai/08_v003_f002430.jpg,08,1655,train,panda,ipanda50,giant panda,session_reid,v003,,2430,8:v003,,
08_fulai/08_v003_f002475.jpg,08,1655,train,panda,ipanda50,giant panda,session_reid,v003,,2475,8:v003,,
08_fulai/08_v003_f003705.jpg,08,1655,train,panda,ipanda50,giant panda,session_reid,v003,,3705,8:v003,,
08_fulai/08_v003_f005080.jpg,08,1655,train,panda,ipanda50,giant panda,session_reid,v003,,5080,8:v003,,
08_fulai/08_v003_f005505.jpg,08,1655,train,panda,ipanda50,giant panda,session_reid,v003,,5505,8:v003,,
08_fulai/08_v003_f005590.jpg,08,1655,train,panda,ipanda50,giant panda,session_reid,v003,,5590,8:v003,,
08_fulai/08_v005_f000845.jpg,08,1656,train,panda,ipanda50,giant panda,session_reid,v005,,845,8:v005,,
08_fulai/08_v005_f000895.jpg,08,1656,train,panda,ipanda50,giant panda,session_reid,v005,,895,8:v005,,
08_fulai/08_v005_f001505.jpg,08,1656,train,panda,ipanda50,giant panda,session_reid,v005,,1505,8:v005,,
08_fulai/08_v005_f001685.jpg,08,1656,train,panda,ipanda50,giant panda,session_reid,v005,,1685,8:v005,,
08_fulai/08_v005_f002020.jpg,08,1656,train,panda,ipanda50,giant panda,session_reid,v005,,2020,8:v005,,
08_fulai/08_v005_f002085.jpg,08,1656,train,panda,ipanda50,giant panda,session_reid,v005,,2085,8:v005,,
08_fulai/08_v005_f002205.jpg,08,1656,train,panda,ipanda50,giant panda,session_reid,v005,,2205,8:v005,,
08_fulai/08_v005_f002440.jpg,08,1656,train,panda,ipanda50,giant panda,session_reid,v005,,2440,8:v005,,
08_fulai/08_v006_f001080.jpg,08,1657,train,panda,ipanda50,giant panda,session_reid,v006,,1080,8:v006,,
08_fulai/08_v006_f001330.jpg,08,1657,train,panda,ipanda50,giant panda,session_reid,v006,,1330,8:v006,,
08_fulai/08_v006_f001640.jpg,08,1657,train,panda,ipanda50,giant panda,session_reid,v006,,1640,8:v006,,
08_fulai/08_v006_f002215.jpg,08,1657,train,panda,ipanda50,giant panda,session_reid,v006,,2215,8:v006,,
08_fulai/08_v006_f002380.jpg,08,1657,train,panda,ipanda50,giant panda,session_reid,v006,,2380,8:v006,,
08_fulai/08_v007_f002570.jpg,08,1658,train,panda,ipanda50,giant panda,session_reid,v007,,2570,8:v007,,
08_fulai/08_v007_f003015.jpg,08,1658,train,panda,ipanda50,giant panda,session_reid,v007,,3015,8:v007,,
08_fulai/08_v007_f003095.jpg,08,1658,train,panda,ipanda50,giant panda,session_reid,v007,,3095,8:v007,,
08_fulai/08_v008_f000205.jpg,08,1659,train,panda,ipanda50,giant panda,session_reid,v008,,205,8:v008,,
08_fulai/08_v008_f001050.jpg,08,1659,train,panda,ipanda50,giant panda,session_reid,v008,,1050,8:v008,,
08_fulai/08_v008_f001130.jpg,08,1659,train,panda,ipanda50,giant panda,session_reid,v008,,1130,8:v008,,
09_fushun/09_v001_f000020.jpg,09,1660,query,panda,ipanda50,giant panda,session_reid,v001,,20,9:v001,,
09_fushun/09_v001_f000365.jpg,09,1660,gallery,panda,ipanda50,giant panda,session_reid,v001,,365,9:v001,,
09_fushun/09_v001_f000465.jpg,09,1660,gallery,panda,ipanda50,giant panda,session_reid,v001,,465,9:v001,,
09_fushun/09_v001_f001380.jpg,09,1660,gallery,panda,ipanda50,giant panda,session_reid,v001,,1380,9:v001,,
09_fushun/09_v001_f001805.jpg,09,1660,gallery,panda,ipanda50,giant panda,session_reid,v001,,1805,9:v001,,
09_fushun/09_v002_f000215.jpg,09,1661,query,panda,ipanda50,giant panda,session_reid,v002,,215,9:v002,,
09_fushun/09_v002_f000355.jpg,09,1661,gallery,panda,ipanda50,giant panda,session_reid,v002,,355,9:v002,,
09_fushun/09_v002_f000425.jpg,09,1661,gallery,panda,ipanda50,giant panda,session_reid,v002,,425,9:v002,,
09_fushun/09_v002_f000675.jpg,09,1661,gallery,panda,ipanda50,giant panda,session_reid,v002,,675,9:v002,,
09_fushun/09_v002_f001020.jpg,09,1661,gallery,panda,ipanda50,giant panda,session_reid,v002,,1020,9:v002,,
09_fushun/09_v003_f000005.jpg,09,1662,query,panda,ipanda50,giant panda,session_reid,v003,,5,9:v003,,
09_fushun/09_v003_f000400.jpg,09,1662,gallery,panda,ipanda50,giant panda,session_reid,v003,,400,9:v003,,
09_fushun/09_v003_f000420.jpg,09,1662,gallery,panda,ipanda50,giant panda,session_reid,v003,,420,9:v003,,
09_fushun/09_v003_f000645.jpg,09,1662,gallery,panda,ipanda50,giant panda,session_reid,v003,,645,9:v003,,
09_fushun/09_v003_f000855.jpg,09,1662,gallery,panda,ipanda50,giant panda,session_reid,v003,,855,9:v003,,
09_fushun/09_v003_f001105.jpg,09,1662,gallery,panda,ipanda50,giant panda,session_reid,v003,,1105,9:v003,,
09_fushun/09_v003_f001255.jpg,09,1662,gallery,panda,ipanda50,giant panda,session_reid,v003,,1255,9:v003,,
09_fushun/09_v004_f000170.jpg,09,1663,query,panda,ipanda50,giant panda,session_reid,v004,,170,9:v004,,
09_fushun/09_v004_f000330.jpg,09,1663,gallery,panda,ipanda50,giant panda,session_reid,v004,,330,9:v004,,
09_fushun/09_v004_f000545.jpg,09,1663,gallery,panda,ipanda50,giant panda,session_reid,v004,,545,9:v004,,
09_fushun/09_v005_f000005.jpg,09,1664,query,panda,ipanda50,giant panda,session_reid,v005,,5,9:v005,,
09_fushun/09_v005_f000190.jpg,09,1664,gallery,panda,ipanda50,giant panda,session_reid,v005,,190,9:v005,,
09_fushun/09_v005_f000350.jpg,09,1664,gallery,panda,ipanda50,giant panda,session_reid,v005,,350,9:v005,,
09_fushun/09_v005_f000385.jpg,09,1664,gallery,panda,ipanda50,giant panda,session_reid,v005,,385,9:v005,,
09_fushun/09_v005_f000525.jpg,09,1664,gallery,panda,ipanda50,giant panda,session_reid,v005,,525,9:v005,,
09_fushun/09_v005_f000585.jpg,09,1664,gallery,panda,ipanda50,giant panda,session_reid,v005,,585,9:v005,,
09_fushun/09_v005_f000615.jpg,09,1664,gallery,panda,ipanda50,giant panda,session_reid,v005,,615,9:v005,,
09_fushun/09_v005_f000855.jpg,09,1664,gallery,panda,ipanda50,giant panda,session_reid,v005,,855,9:v005,,
09_fushun/09_v005_f001200.jpg,09,1664,gallery,panda,ipanda50,giant panda,session_reid,v005,,1200,9:v005,,
09_fushun/09_v005_f001240.jpg,09,1664,gallery,panda,ipanda50,giant panda,session_reid,v005,,1240,9:v005,,
09_fushun/09_v005_f001280.jpg,09,1664,gallery,panda,ipanda50,giant panda,session_reid,v005,,1280,9:v005,,
09_fushun/09_v005_f001325.jpg,09,1664,gallery,panda,ipanda50,giant panda,session_reid,v005,,1325,9:v005,,
09_fushun/09_v005_f001345.jpg,09,1664,gallery,panda,ipanda50,giant panda,session_reid,v005,,1345,9:v005,,
09_fushun/09_v005_f001415.jpg,09,1664,gallery,panda,ipanda50,giant panda,session_reid,v005,,1415,9:v005,,
09_fushun/09_v005_f001420.jpg,09,1664,gallery,panda,ipanda50,giant panda,session_reid,v005,,1420,9:v005,,
09_fushun/09_v005_f001450.jpg,09,1664,gallery,panda,ipanda50,giant panda,session_reid,v005,,1450,9:v005,,
09_fushun/09_v005_f001485.jpg,09,1664,gallery,panda,ipanda50,giant panda,session_reid,v005,,1485,9:v005,,
09_fushun/09_v005_f001505.jpg,09,1664,gallery,panda,ipanda50,giant panda,session_reid,v005,,1505,9:v005,,
09_fushun/09_v006_f000050.jpg,09,1665,query,panda,ipanda50,giant panda,session_reid,v006,,50,9:v006,,
09_fushun/09_v006_f000055.jpg,09,1665,gallery,panda,ipanda50,giant panda,session_reid,v006,,55,9:v006,,
09_fushun/09_v006_f000125.jpg,09,1665,gallery,panda,ipanda50,giant panda,session_reid,v006,,125,9:v006,,
09_fushun/09_v006_f000190.jpg,09,1665,gallery,panda,ipanda50,giant panda,session_reid,v006,,190,9:v006,,
09_fushun/09_v006_f000225.jpg,09,1665,gallery,panda,ipanda50,giant panda,session_reid,v006,,225,9:v006,,
09_fushun/09_v006_f000250.jpg,09,1665,gallery,panda,ipanda50,giant panda,session_reid,v006,,250,9:v006,,
09_fushun/09_v006_f000335.jpg,09,1665,gallery,panda,ipanda50,giant panda,session_reid,v006,,335,9:v006,,
09_fushun/09_v006_f000420.jpg,09,1665,gallery,panda,ipanda50,giant panda,session_reid,v006,,420,9:v006,,
09_fushun/09_v006_f000435.jpg,09,1665,gallery,panda,ipanda50,giant panda,session_reid,v006,,435,9:v006,,
09_fushun/09_v006_f000470.jpg,09,1665,gallery,panda,ipanda50,giant panda,session_reid,v006,,470,9:v006,,
09_fushun/09_v006_f000920.jpg,09,1665,gallery,panda,ipanda50,giant panda,session_reid,v006,,920,9:v006,,
09_fushun/09_v007_f000005.jpg,09,1666,query,panda,ipanda50,giant panda,session_reid,v007,,5,9:v007,,
09_fushun/09_v007_f000055.jpg,09,1666,gallery,panda,ipanda50,giant panda,session_reid,v007,,55,9:v007,,
09_fushun/09_v007_f000090.jpg,09,1666,gallery,panda,ipanda50,giant panda,session_reid,v007,,90,9:v007,,
09_fushun/09_v007_f000145.jpg,09,1666,gallery,panda,ipanda50,giant panda,session_reid,v007,,145,9:v007,,
09_fushun/09_v007_f000290.jpg,09,1666,gallery,panda,ipanda50,giant panda,session_reid,v007,,290,9:v007,,
09_fushun/09_v007_f000300.jpg,09,1666,gallery,panda,ipanda50,giant panda,session_reid,v007,,300,9:v007,,
09_fushun/09_v007_f000410.jpg,09,1666,gallery,panda,ipanda50,giant panda,session_reid,v007,,410,9:v007,,
09_fushun/09_v007_f000435.jpg,09,1666,gallery,panda,ipanda50,giant panda,session_reid,v007,,435,9:v007,,
09_fushun/09_v007_f000635.jpg,09,1666,gallery,panda,ipanda50,giant panda,session_reid,v007,,635,9:v007,,
09_fushun/09_v007_f000970.jpg,09,1666,gallery,panda,ipanda50,giant panda,session_reid,v007,,970,9:v007,,
09_fushun/09_v008_f000005.jpg,09,1667,query,panda,ipanda50,giant panda,session_reid,v008,,5,9:v008,,
09_fushun/09_v008_f000380.jpg,09,1667,gallery,panda,ipanda50,giant panda,session_reid,v008,,380,9:v008,,
09_fushun/09_v008_f000570.jpg,09,1667,gallery,panda,ipanda50,giant panda,session_reid,v008,,570,9:v008,,
09_fushun/09_v008_f000720.jpg,09,1667,gallery,panda,ipanda50,giant panda,session_reid,v008,,720,9:v008,,
09_fushun/09_v008_f001030.jpg,09,1667,gallery,panda,ipanda50,giant panda,session_reid,v008,,1030,9:v008,,
09_fushun/09_v008_f001130.jpg,09,1667,gallery,panda,ipanda50,giant panda,session_reid,v008,,1130,9:v008,,
09_fushun/09_v008_f001375.jpg,09,1667,gallery,panda,ipanda50,giant panda,session_reid,v008,,1375,9:v008,,
09_fushun/09_v008_f001430.jpg,09,1667,gallery,panda,ipanda50,giant panda,session_reid,v008,,1430,9:v008,,
09_fushun/09_v008_f001540.jpg,09,1667,gallery,panda,ipanda50,giant panda,session_reid,v008,,1540,9:v008,,
09_fushun/09_v008_f001775.jpg,09,1667,gallery,panda,ipanda50,giant panda,session_reid,v008,,1775,9:v008,,
09_fushun/09_v009_f000035.jpg,09,1668,query,panda,ipanda50,giant panda,session_reid,v009,,35,9:v009,,
09_fushun/09_v009_f000210.jpg,09,1668,gallery,panda,ipanda50,giant panda,session_reid,v009,,210,9:v009,,
09_fushun/09_v009_f000225.jpg,09,1668,gallery,panda,ipanda50,giant panda,session_reid,v009,,225,9:v009,,
09_fushun/09_v009_f000565.jpg,09,1668,gallery,panda,ipanda50,giant panda,session_reid,v009,,565,9:v009,,
09_fushun/09_v010_f000005.jpg,09,1669,query,panda,ipanda50,giant panda,session_reid,v010,,5,9:v010,,
09_fushun/09_v010_f000105.jpg,09,1669,gallery,panda,ipanda50,giant panda,session_reid,v010,,105,9:v010,,
09_fushun/09_v010_f000485.jpg,09,1669,gallery,panda,ipanda50,giant panda,session_reid,v010,,485,9:v010,,
09_fushun/09_v010_f000585.jpg,09,1669,gallery,panda,ipanda50,giant panda,session_reid,v010,,585,9:v010,,
09_fushun/09_v010_f000605.jpg,09,1669,gallery,panda,ipanda50,giant panda,session_reid,v010,,605,9:v010,,
09_fushun/09_v010_f000700.jpg,09,1669,gallery,panda,ipanda50,giant panda,session_reid,v010,,700,9:v010,,
09_fushun/09_v010_f001655.jpg,09,1669,gallery,panda,ipanda50,giant panda,session_reid,v010,,1655,9:v010,,
09_fushun/09_v010_f002065.jpg,09,1669,gallery,panda,ipanda50,giant panda,session_reid,v010,,2065,9:v010,,
09_fushun/09_v010_f002405.jpg,09,1669,gallery,panda,ipanda50,giant panda,session_reid,v010,,2405,9:v010,,
09_fushun/09_v010_f002535.jpg,09,1669,gallery,panda,ipanda50,giant panda,session_reid,v010,,2535,9:v010,,
09_fushun/09_v010_f002945.jpg,09,1669,gallery,panda,ipanda50,giant panda,session_reid,v010,,2945,9:v010,,
09_fushun/09_v013_f000065.jpg,09,1670,query,panda,ipanda50,giant panda,session_reid,v013,,65,9:v013,,
09_fushun/09_v013_f000180.jpg,09,1670,gallery,panda,ipanda50,giant panda,session_reid,v013,,180,9:v013,,
09_fushun/09_v013_f000205.jpg,09,1670,gallery,panda,ipanda50,giant panda,session_reid,v013,,205,9:v013,,
09_fushun/09_v013_f000330.jpg,09,1670,gallery,panda,ipanda50,giant panda,session_reid,v013,,330,9:v013,,
09_fushun/09_v013_f000420.jpg,09,1670,gallery,panda,ipanda50,giant panda,session_reid,v013,,420,9:v013,,
09_fushun/09_v013_f000505.jpg,09,1670,gallery,panda,ipanda50,giant panda,session_reid,v013,,505,9:v013,,
09_fushun/09_v013_f000620.jpg,09,1670,gallery,panda,ipanda50,giant panda,session_reid,v013,,620,9:v013,,
09_fushun/09_v014_f000365.jpg,09,1671,query,panda,ipanda50,giant panda,session_reid,v014,,365,9:v014,,
09_fushun/09_v014_f000400.jpg,09,1671,gallery,panda,ipanda50,giant panda,session_reid,v014,,400,9:v014,,
09_fushun/09_v014_f001550.jpg,09,1671,gallery,panda,ipanda50,giant panda,session_reid,v014,,1550,9:v014,,
09_fushun/09_v014_f001975.jpg,09,1671,gallery,panda,ipanda50,giant panda,session_reid,v014,,1975,9:v014,,
09_fushun/09_v014_f002105.jpg,09,1671,gallery,panda,ipanda50,giant panda,session_reid,v014,,2105,9:v014,,
09_fushun/09_v016_f000005.jpg,09,1672,query,panda,ipanda50,giant panda,session_reid,v016,,5,9:v016,,
09_fushun/09_v016_f000460.jpg,09,1672,gallery,panda,ipanda50,giant panda,session_reid,v016,,460,9:v016,,
09_fushun/09_v016_f000595.jpg,09,1672,gallery,panda,ipanda50,giant panda,session_reid,v016,,595,9:v016,,
09_fushun/09_v016_f000665.jpg,09,1672,gallery,panda,ipanda50,giant panda,session_reid,v016,,665,9:v016,,
09_fushun/09_v016_f000725.jpg,09,1672,gallery,panda,ipanda50,giant panda,session_reid,v016,,725,9:v016,,
09_fushun/09_v016_f000790.jpg,09,1672,gallery,panda,ipanda50,giant panda,session_reid,v016,,790,9:v016,,
09_fushun/09_v016_f001205.jpg,09,1672,gallery,panda,ipanda50,giant panda,session_reid,v016,,1205,9:v016,,
09_fushun/09_v016_f001485.jpg,09,1672,gallery,panda,ipanda50,giant panda,session_reid,v016,,1485,9:v016,,
09_fushun/09_v016_f001530.jpg,09,1672,gallery,panda,ipanda50,giant panda,session_reid,v016,,1530,9:v016,,
09_fushun/09_v016_f001805.jpg,09,1672,gallery,panda,ipanda50,giant panda,session_reid,v016,,1805,9:v016,,
09_fushun/09_v016_f002490.jpg,09,1672,gallery,panda,ipanda50,giant panda,session_reid,v016,,2490,9:v016,,
09_fushun/09_v016_f002540.jpg,09,1672,gallery,panda,ipanda50,giant panda,session_reid,v016,,2540,9:v016,,
09_fushun/09_v016_f002615.jpg,09,1672,gallery,panda,ipanda50,giant panda,session_reid,v016,,2615,9:v016,,
09_fushun/09_v016_f002820.jpg,09,1672,gallery,panda,ipanda50,giant panda,session_reid,v016,,2820,9:v016,,
09_fushun/09_v016_f002920.jpg,09,1672,gallery,panda,ipanda50,giant panda,session_reid,v016,,2920,9:v016,,
09_fushun/09_v017_f000290.jpg,09,1673,query,panda,ipanda50,giant panda,session_reid,v017,,290,9:v017,,
09_fushun/09_v017_f001235.jpg,09,1673,gallery,panda,ipanda50,giant panda,session_reid,v017,,1235,9:v017,,
09_fushun/09_v017_f001590.jpg,09,1673,gallery,panda,ipanda50,giant panda,session_reid,v017,,1590,9:v017,,
09_fushun/09_v018_f000005.jpg,09,1674,query,panda,ipanda50,giant panda,session_reid,v018,,5,9:v018,,
09_fushun/09_v019_f000005.jpg,09,1675,query,panda,ipanda50,giant panda,session_reid,v019,,5,9:v019,,
09_fushun/09_v019_f000370.jpg,09,1675,gallery,panda,ipanda50,giant panda,session_reid,v019,,370,9:v019,,
09_fushun/09_v019_f000700.jpg,09,1675,gallery,panda,ipanda50,giant panda,session_reid,v019,,700,9:v019,,
09_fushun/09_v020_f000250.jpg,09,1676,query,panda,ipanda50,giant panda,session_reid,v020,,250,9:v020,,
09_fushun/09_v020_f000635.jpg,09,1676,gallery,panda,ipanda50,giant panda,session_reid,v020,,635,9:v020,,
09_fushun/09_v021_f000005.jpg,09,1677,query,panda,ipanda50,giant panda,session_reid,v021,,5,9:v021,,
09_fushun/09_v021_f000275.jpg,09,1677,gallery,panda,ipanda50,giant panda,session_reid,v021,,275,9:v021,,
09_fushun/09_v021_f000315.jpg,09,1677,gallery,panda,ipanda50,giant panda,session_reid,v021,,315,9:v021,,
09_fushun/09_v021_f000405.jpg,09,1677,gallery,panda,ipanda50,giant panda,session_reid,v021,,405,9:v021,,
09_fushun/09_v021_f000420.jpg,09,1677,gallery,panda,ipanda50,giant panda,session_reid,v021,,420,9:v021,,
09_fushun/09_v021_f000465.jpg,09,1677,gallery,panda,ipanda50,giant panda,session_reid,v021,,465,9:v021,,
09_fushun/09_v021_f000505.jpg,09,1677,gallery,panda,ipanda50,giant panda,session_reid,v021,,505,9:v021,,
09_fushun/09_v021_f000560.jpg,09,1677,gallery,panda,ipanda50,giant panda,session_reid,v021,,560,9:v021,,
09_fushun/09_v021_f000580.jpg,09,1677,gallery,panda,ipanda50,giant panda,session_reid,v021,,580,9:v021,,
09_fushun/09_v021_f000760.jpg,09,1677,gallery,panda,ipanda50,giant panda,session_reid,v021,,760,9:v021,,
09_fushun/09_v021_f000955.jpg,09,1677,gallery,panda,ipanda50,giant panda,session_reid,v021,,955,9:v021,,
09_fushun/09_v021_f001170.jpg,09,1677,gallery,panda,ipanda50,giant panda,session_reid,v021,,1170,9:v021,,
09_fushun/09_v021_f001655.jpg,09,1677,gallery,panda,ipanda50,giant panda,session_reid,v021,,1655,9:v021,,
09_fushun/09_v021_f001725.jpg,09,1677,gallery,panda,ipanda50,giant panda,session_reid,v021,,1725,9:v021,,
09_fushun/09_v021_f001775.jpg,09,1677,gallery,panda,ipanda50,giant panda,session_reid,v021,,1775,9:v021,,
09_fushun/09_v021_f001895.jpg,09,1677,gallery,panda,ipanda50,giant panda,session_reid,v021,,1895,9:v021,,
09_fushun/09_v021_f001980.jpg,09,1677,gallery,panda,ipanda50,giant panda,session_reid,v021,,1980,9:v021,,
09_fushun/09_v021_f002065.jpg,09,1677,gallery,panda,ipanda50,giant panda,session_reid,v021,,2065,9:v021,,
09_fushun/09_v021_f002120.jpg,09,1677,gallery,panda,ipanda50,giant panda,session_reid,v021,,2120,9:v021,,
09_fushun/09_v022_f000005.jpg,09,1678,query,panda,ipanda50,giant panda,session_reid,v022,,5,9:v022,,
09_fushun/09_v022_f000415.jpg,09,1678,gallery,panda,ipanda50,giant panda,session_reid,v022,,415,9:v022,,
09_fushun/09_v022_f000865.jpg,09,1678,gallery,panda,ipanda50,giant panda,session_reid,v022,,865,9:v022,,
09_fushun/09_v023_f000005.jpg,09,1679,query,panda,ipanda50,giant panda,session_reid,v023,,5,9:v023,,
09_fushun/09_v023_f000400.jpg,09,1679,gallery,panda,ipanda50,giant panda,session_reid,v023,,400,9:v023,,
09_fushun/09_v023_f000440.jpg,09,1679,gallery,panda,ipanda50,giant panda,session_reid,v023,,440,9:v023,,
09_fushun/09_v023_f000540.jpg,09,1679,gallery,panda,ipanda50,giant panda,session_reid,v023,,540,9:v023,,
09_fushun/09_v023_f000855.jpg,09,1679,gallery,panda,ipanda50,giant panda,session_reid,v023,,855,9:v023,,
09_fushun/09_v023_f001005.jpg,09,1679,gallery,panda,ipanda50,giant panda,session_reid,v023,,1005,9:v023,,
09_fushun/09_v023_f001245.jpg,09,1679,gallery,panda,ipanda50,giant panda,session_reid,v023,,1245,9:v023,,
09_fushun/09_v024_f000035.jpg,09,1680,query,panda,ipanda50,giant panda,session_reid,v024,,35,9:v024,,
09_fushun/09_v024_f000170.jpg,09,1680,gallery,panda,ipanda50,giant panda,session_reid,v024,,170,9:v024,,
09_fushun/09_v024_f000205.jpg,09,1680,gallery,panda,ipanda50,giant panda,session_reid,v024,,205,9:v024,,
09_fushun/09_v024_f000330.jpg,09,1680,gallery,panda,ipanda50,giant panda,session_reid,v024,,330,9:v024,,
09_fushun/09_v024_f000350.jpg,09,1680,gallery,panda,ipanda50,giant panda,session_reid,v024,,350,9:v024,,
09_fushun/09_v024_f000385.jpg,09,1680,gallery,panda,ipanda50,giant panda,session_reid,v024,,385,9:v024,,
09_fushun/09_v025_f000005.jpg,09,1681,query,panda,ipanda50,giant panda,session_reid,v025,,5,9:v025,,
09_fushun/09_v025_f000155.jpg,09,1681,gallery,panda,ipanda50,giant panda,session_reid,v025,,155,9:v025,,
09_fushun/09_v025_f000760.jpg,09,1681,gallery,panda,ipanda50,giant panda,session_reid,v025,,760,9:v025,,
09_fushun/09_v025_f000805.jpg,09,1681,gallery,panda,ipanda50,giant panda,session_reid,v025,,805,9:v025,,
09_fushun/09_v028_f000005.jpg,09,1682,query,panda,ipanda50,giant panda,session_reid,v028,,5,9:v028,,
09_fushun/09_v028_f000595.jpg,09,1682,gallery,panda,ipanda50,giant panda,session_reid,v028,,595,9:v028,,
09_fushun/09_v028_f000720.jpg,09,1682,gallery,panda,ipanda50,giant panda,session_reid,v028,,720,9:v028,,
09_fushun/09_v028_f000855.jpg,09,1682,gallery,panda,ipanda50,giant panda,session_reid,v028,,855,9:v028,,
09_fushun/09_v028_f000940.jpg,09,1682,gallery,panda,ipanda50,giant panda,session_reid,v028,,940,9:v028,,
09_fushun/09_v028_f001000.jpg,09,1682,gallery,panda,ipanda50,giant panda,session_reid,v028,,1000,9:v028,,
10_hexing/10_v001_f000245.jpg,10,95,train,panda,ipanda50,giant panda,session_reid,v001,,245,10:v001,,
10_hexing/10_v001_f000595.jpg,10,95,train,panda,ipanda50,giant panda,session_reid,v001,,595,10:v001,,
10_hexing/10_v001_f000790.jpg,10,95,train,panda,ipanda50,giant panda,session_reid,v001,,790,10:v001,,
10_hexing/10_v001_f000805.jpg,10,95,train,panda,ipanda50,giant panda,session_reid,v001,,805,10:v001,,
10_hexing/10_v001_f000830.jpg,10,95,train,panda,ipanda50,giant panda,session_reid,v001,,830,10:v001,,
10_hexing/10_v002_f000005.jpg,10,96,train,panda,ipanda50,giant panda,session_reid,v002,,5,10:v002,,
10_hexing/10_v002_f000115.jpg,10,96,train,panda,ipanda50,giant panda,session_reid,v002,,115,10:v002,,
10_hexing/10_v002_f000295.jpg,10,96,train,panda,ipanda50,giant panda,session_reid,v002,,295,10:v002,,
10_hexing/10_v002_f000630.jpg,10,96,train,panda,ipanda50,giant panda,session_reid,v002,,630,10:v002,,
10_hexing/10_v002_f000890.jpg,10,96,train,panda,ipanda50,giant panda,session_reid,v002,,890,10:v002,,
10_hexing/10_v002_f001105.jpg,10,96,train,panda,ipanda50,giant panda,session_reid,v002,,1105,10:v002,,
10_hexing/10_v002_f001380.jpg,10,96,train,panda,ipanda50,giant panda,session_reid,v002,,1380,10:v002,,
10_hexing/10_v002_f001605.jpg,10,96,train,panda,ipanda50,giant panda,session_reid,v002,,1605,10:v002,,
10_hexing/10_v002_f001850.jpg,10,96,train,panda,ipanda50,giant panda,session_reid,v002,,1850,10:v002,,
10_hexing/10_v002_f001880.jpg,10,96,train,panda,ipanda50,giant panda,session_reid,v002,,1880,10:v002,,
10_hexing/10_v002_f001915.jpg,10,96,train,panda,ipanda50,giant panda,session_reid,v002,,1915,10:v002,,
10_hexing/10_v002_f002125.jpg,10,96,train,panda,ipanda50,giant panda,session_reid,v002,,2125,10:v002,,
10_hexing/10_v002_f002165.jpg,10,96,train,panda,ipanda50,giant panda,session_reid,v002,,2165,10:v002,,
10_hexing/10_v003_f000005.jpg,10,97,train,panda,ipanda50,giant panda,session_reid,v003,,5,10:v003,,
10_hexing/10_v003_f000180.jpg,10,97,train,panda,ipanda50,giant panda,session_reid,v003,,180,10:v003,,
10_hexing/10_v003_f000595.jpg,10,97,train,panda,ipanda50,giant panda,session_reid,v003,,595,10:v003,,
10_hexing/10_v003_f001055.jpg,10,97,train,panda,ipanda50,giant panda,session_reid,v003,,1055,10:v003,,
10_hexing/10_v003_f001365.jpg,10,97,train,panda,ipanda50,giant panda,session_reid,v003,,1365,10:v003,,
10_hexing/10_v003_f001955.jpg,10,97,train,panda,ipanda50,giant panda,session_reid,v003,,1955,10:v003,,
10_hexing/10_v003_f002715.jpg,10,97,train,panda,ipanda50,giant panda,session_reid,v003,,2715,10:v003,,
10_hexing/10_v003_f003060.jpg,10,97,train,panda,ipanda50,giant panda,session_reid,v003,,3060,10:v003,,
10_hexing/10_v003_f003315.jpg,10,97,train,panda,ipanda50,giant panda,session_reid,v003,,3315,10:v003,,
10_hexing/10_v004_f000005.jpg,10,98,train,panda,ipanda50,giant panda,session_reid,v004,,5,10:v004,,
10_hexing/10_v004_f000055.jpg,10,98,train,panda,ipanda50,giant panda,session_reid,v004,,55,10:v004,,
10_hexing/10_v004_f000195.jpg,10,98,train,panda,ipanda50,giant panda,session_reid,v004,,195,10:v004,,
10_hexing/10_v004_f000865.jpg,10,98,train,panda,ipanda50,giant panda,session_reid,v004,,865,10:v004,,
10_hexing/10_v004_f000925.jpg,10,98,train,panda,ipanda50,giant panda,session_reid,v004,,925,10:v004,,
10_hexing/10_v005_f000050.jpg,10,99,train,panda,ipanda50,giant panda,session_reid,v005,,50,10:v005,,
10_hexing/10_v005_f002195.jpg,10,99,train,panda,ipanda50,giant panda,session_reid,v005,,2195,10:v005,,
10_hexing/10_v007_f000015.jpg,10,100,train,panda,ipanda50,giant panda,session_reid,v007,,15,10:v007,,
10_hexing/10_v007_f000275.jpg,10,100,train,panda,ipanda50,giant panda,session_reid,v007,,275,10:v007,,
10_hexing/10_v007_f000515.jpg,10,100,train,panda,ipanda50,giant panda,session_reid,v007,,515,10:v007,,
10_hexing/10_v007_f000770.jpg,10,100,train,panda,ipanda50,giant panda,session_reid,v007,,770,10:v007,,
10_hexing/10_v008_f000010.jpg,10,101,train,panda,ipanda50,giant panda,session_reid,v008,,10,10:v008,,
10_hexing/10_v008_f000060.jpg,10,101,train,panda,ipanda50,giant panda,session_reid,v008,,60,10:v008,,
10_hexing/10_v008_f001100.jpg,10,101,train,panda,ipanda50,giant panda,session_reid,v008,,1100,10:v008,,
10_hexing/10_v008_f001450.jpg,10,101,train,panda,ipanda50,giant panda,session_reid,v008,,1450,10:v008,,
10_hexing/10_v008_f003875.jpg,10,101,train,panda,ipanda50,giant panda,session_reid,v008,,3875,10:v008,,
10_hexing/10_v009_f000005.jpg,10,102,train,panda,ipanda50,giant panda,session_reid,v009,,5,10:v009,,
10_hexing/10_v010_f002700.jpg,10,103,train,panda,ipanda50,giant panda,session_reid,v010,,2700,10:v010,,
10_hexing/10_v010_f002760.jpg,10,103,train,panda,ipanda50,giant panda,session_reid,v010,,2760,10:v010,,
10_hexing/10_v011_f000275.jpg,10,104,train,panda,ipanda50,giant panda,session_reid,v011,,275,10:v011,,
10_hexing/10_v012_f001300.jpg,10,105,train,panda,ipanda50,giant panda,session_reid,v012,,1300,10:v012,,
10_hexing/10_v012_f001805.jpg,10,105,train,panda,ipanda50,giant panda,session_reid,v012,,1805,10:v012,,
10_hexing/10_v013_f001865.jpg,10,106,train,panda,ipanda50,giant panda,session_reid,v013,,1865,10:v013,,
10_hexing/10_v013_f001900.jpg,10,106,train,panda,ipanda50,giant panda,session_reid,v013,,1900,10:v013,,
10_hexing/10_v013_f002385.jpg,10,106,train,panda,ipanda50,giant panda,session_reid,v013,,2385,10:v013,,
10_hexing/10_v013_f002580.jpg,10,106,train,panda,ipanda50,giant panda,session_reid,v013,,2580,10:v013,,
10_hexing/10_v013_f002640.jpg,10,106,train,panda,ipanda50,giant panda,session_reid,v013,,2640,10:v013,,
10_hexing/10_v013_f002695.jpg,10,106,train,panda,ipanda50,giant panda,session_reid,v013,,2695,10:v013,,
10_hexing/10_v013_f003220.jpg,10,106,train,panda,ipanda50,giant panda,session_reid,v013,,3220,10:v013,,
10_hexing/10_v013_f003785.jpg,10,106,train,panda,ipanda50,giant panda,session_reid,v013,,3785,10:v013,,
10_hexing/10_v013_f004325.jpg,10,106,train,panda,ipanda50,giant panda,session_reid,v013,,4325,10:v013,,
10_hexing/10_v013_f004385.jpg,10,106,train,panda,ipanda50,giant panda,session_reid,v013,,4385,10:v013,,
10_hexing/10_v013_f004540.jpg,10,106,train,panda,ipanda50,giant panda,session_reid,v013,,4540,10:v013,,
10_hexing/10_v014_f000050.jpg,10,107,train,panda,ipanda50,giant panda,session_reid,v014,,50,10:v014,,
10_hexing/10_v014_f000345.jpg,10,107,train,panda,ipanda50,giant panda,session_reid,v014,,345,10:v014,,
10_hexing/10_v014_f000880.jpg,10,107,train,panda,ipanda50,giant panda,session_reid,v014,,880,10:v014,,
10_hexing/10_v015_f000045.jpg,10,108,train,panda,ipanda50,giant panda,session_reid,v015,,45,10:v015,,
10_hexing/10_v015_f000240.jpg,10,108,train,panda,ipanda50,giant panda,session_reid,v015,,240,10:v015,,
10_hexing/10_v015_f000320.jpg,10,108,train,panda,ipanda50,giant panda,session_reid,v015,,320,10:v015,,
10_hexing/10_v015_f001410.jpg,10,108,train,panda,ipanda50,giant panda,session_reid,v015,,1410,10:v015,,
10_hexing/10_v017_f000380.jpg,10,109,train,panda,ipanda50,giant panda,session_reid,v017,,380,10:v017,,
10_hexing/10_v017_f000910.jpg,10,109,train,panda,ipanda50,giant panda,session_reid,v017,,910,10:v017,,
10_hexing/10_v017_f001095.jpg,10,109,train,panda,ipanda50,giant panda,session_reid,v017,,1095,10:v017,,
10_hexing/10_v019_f000595.jpg,10,110,train,panda,ipanda50,giant panda,session_reid,v019,,595,10:v019,,
10_hexing/10_v019_f004675.jpg,10,110,train,panda,ipanda50,giant panda,session_reid,v019,,4675,10:v019,,
10_hexing/10_v020_f000350.jpg,10,111,train,panda,ipanda50,giant panda,session_reid,v020,,350,10:v020,,
10_hexing/10_v021_f000175.jpg,10,112,train,panda,ipanda50,giant panda,session_reid,v021,,175,10:v021,,
10_hexing/10_v023_f001225.jpg,10,113,train,panda,ipanda50,giant panda,session_reid,v023,,1225,10:v023,,
10_hexing/10_v023_f001715.jpg,10,113,train,panda,ipanda50,giant panda,session_reid,v023,,1715,10:v023,,
10_hexing/10_v025_f000280.jpg,10,114,train,panda,ipanda50,giant panda,session_reid,v025,,280,10:v025,,
10_hexing/10_v025_f001755.jpg,10,114,train,panda,ipanda50,giant panda,session_reid,v025,,1755,10:v025,,
10_hexing/10_v027_f000195.jpg,10,115,train,panda,ipanda50,giant panda,session_reid,v027,,195,10:v027,,
10_hexing/10_v027_f000830.jpg,10,115,train,panda,ipanda50,giant panda,session_reid,v027,,830,10:v027,,
10_hexing/10_v031_f000005.jpg,10,116,train,panda,ipanda50,giant panda,session_reid,v031,,5,10:v031,,
10_hexing/10_v032_f000005.jpg,10,117,train,panda,ipanda50,giant panda,session_reid,v032,,5,10:v032,,
10_hexing/10_v032_f000750.jpg,10,117,train,panda,ipanda50,giant panda,session_reid,v032,,750,10:v032,,
10_hexing/10_v032_f000780.jpg,10,117,train,panda,ipanda50,giant panda,session_reid,v032,,780,10:v032,,
10_hexing/10_v032_f000810.jpg,10,117,train,panda,ipanda50,giant panda,session_reid,v032,,810,10:v032,,
10_hexing/10_v032_f000830.jpg,10,117,train,panda,ipanda50,giant panda,session_reid,v032,,830,10:v032,,
10_hexing/10_v032_f000850.jpg,10,117,train,panda,ipanda50,giant panda,session_reid,v032,,850,10:v032,,
10_hexing/10_v032_f000905.jpg,10,117,train,panda,ipanda50,giant panda,session_reid,v032,,905,10:v032,,
10_hexing/10_v032_f001830.jpg,10,117,train,panda,ipanda50,giant panda,session_reid,v032,,1830,10:v032,,
10_hexing/10_v032_f002080.jpg,10,117,train,panda,ipanda50,giant panda,session_reid,v032,,2080,10:v032,,
10_hexing/10_v032_f002310.jpg,10,117,train,panda,ipanda50,giant panda,session_reid,v032,,2310,10:v032,,
10_hexing/10_v032_f003705.jpg,10,117,train,panda,ipanda50,giant panda,session_reid,v032,,3705,10:v032,,
10_hexing/10_v032_f005500.jpg,10,117,train,panda,ipanda50,giant panda,session_reid,v032,,5500,10:v032,,
10_hexing/10_v032_f005650.jpg,10,117,train,panda,ipanda50,giant panda,session_reid,v032,,5650,10:v032,,
10_hexing/10_v033_f000575.jpg,10,118,train,panda,ipanda50,giant panda,session_reid,v033,,575,10:v033,,
10_hexing/10_v033_f001150.jpg,10,118,train,panda,ipanda50,giant panda,session_reid,v033,,1150,10:v033,,
10_hexing/10_v034_f000010.jpg,10,119,train,panda,ipanda50,giant panda,session_reid,v034,,10,10:v034,,
10_hexing/10_v035_f000300.jpg,10,120,train,panda,ipanda50,giant panda,session_reid,v035,,300,10:v035,,
10_hexing/10_v035_f000440.jpg,10,120,train,panda,ipanda50,giant panda,session_reid,v035,,440,10:v035,,
10_hexing/10_v035_f002550.jpg,10,120,train,panda,ipanda50,giant panda,session_reid,v035,,2550,10:v035,,
10_hexing/10_v037_f000075.jpg,10,121,train,panda,ipanda50,giant panda,session_reid,v037,,75,10:v037,,
10_hexing/10_v038_f002220.jpg,10,122,train,panda,ipanda50,giant panda,session_reid,v038,,2220,10:v038,,
10_hexing/10_v038_f003180.jpg,10,122,train,panda,ipanda50,giant panda,session_reid,v038,,3180,10:v038,,
10_hexing/10_v040_f001260.jpg,10,123,train,panda,ipanda50,giant panda,session_reid,v040,,1260,10:v040,,
10_hexing/10_v040_f005400.jpg,10,123,train,panda,ipanda50,giant panda,session_reid,v040,,5400,10:v040,,
10_hexing/10_v041_f001225.jpg,10,124,train,panda,ipanda50,giant panda,session_reid,v041,,1225,10:v041,,
10_hexing/10_v041_f002420.jpg,10,124,train,panda,ipanda50,giant panda,session_reid,v041,,2420,10:v041,,
10_hexing/10_v042_f000005.jpg,10,125,train,panda,ipanda50,giant panda,session_reid,v042,,5,10:v042,,
10_hexing/10_v042_f000090.jpg,10,125,train,panda,ipanda50,giant panda,session_reid,v042,,90,10:v042,,
10_hexing/10_v042_f000980.jpg,10,125,train,panda,ipanda50,giant panda,session_reid,v042,,980,10:v042,,
10_hexing/10_v042_f001220.jpg,10,125,train,panda,ipanda50,giant panda,session_reid,v042,,1220,10:v042,,
10_hexing/10_v042_f001265.jpg,10,125,train,panda,ipanda50,giant panda,session_reid,v042,,1265,10:v042,,
10_hexing/10_v043_f000175.jpg,10,126,train,panda,ipanda50,giant panda,session_reid,v043,,175,10:v043,,
10_hexing/10_v043_f000625.jpg,10,126,train,panda,ipanda50,giant panda,session_reid,v043,,625,10:v043,,
10_hexing/10_v045_f000850.jpg,10,127,train,panda,ipanda50,giant panda,session_reid,v045,,850,10:v045,,
10_hexing/10_v045_f005100.jpg,10,127,train,panda,ipanda50,giant panda,session_reid,v045,,5100,10:v045,,
10_hexing/10_v046_f000005.jpg,10,128,train,panda,ipanda50,giant panda,session_reid,v046,,5,10:v046,,
10_hexing/10_v046_f000755.jpg,10,128,train,panda,ipanda50,giant panda,session_reid,v046,,755,10:v046,,
10_hexing/10_v046_f001060.jpg,10,128,train,panda,ipanda50,giant panda,session_reid,v046,,1060,10:v046,,
10_hexing/10_v046_f001080.jpg,10,128,train,panda,ipanda50,giant panda,session_reid,v046,,1080,10:v046,,
10_hexing/10_v046_f001140.jpg,10,128,train,panda,ipanda50,giant panda,session_reid,v046,,1140,10:v046,,
10_hexing/10_v046_f001305.jpg,10,128,train,panda,ipanda50,giant panda,session_reid,v046,,1305,10:v046,,
10_hexing/10_v046_f001380.jpg,10,128,train,panda,ipanda50,giant panda,session_reid,v046,,1380,10:v046,,
10_hexing/10_v046_f001745.jpg,10,128,train,panda,ipanda50,giant panda,session_reid,v046,,1745,10:v046,,
10_hexing/10_v046_f002200.jpg,10,128,train,panda,ipanda50,giant panda,session_reid,v046,,2200,10:v046,,
10_hexing/10_v046_f003570.jpg,10,128,train,panda,ipanda50,giant panda,session_reid,v046,,3570,10:v046,,
10_hexing/10_v046_f004205.jpg,10,128,train,panda,ipanda50,giant panda,session_reid,v046,,4205,10:v046,,
10_hexing/10_v046_f005430.jpg,10,128,train,panda,ipanda50,giant panda,session_reid,v046,,5430,10:v046,,
10_hexing/10_v048_f000005.jpg,10,129,train,panda,ipanda50,giant panda,session_reid,v048,,5,10:v048,,
10_hexing/10_v050_f000305.jpg,10,130,train,panda,ipanda50,giant panda,session_reid,v050,,305,10:v050,,
10_hexing/10_v050_f000485.jpg,10,130,train,panda,ipanda50,giant panda,session_reid,v050,,485,10:v050,,
10_hexing/10_v050_f000520.jpg,10,130,train,panda,ipanda50,giant panda,session_reid,v050,,520,10:v050,,
10_hexing/10_v050_f000540.jpg,10,130,train,panda,ipanda50,giant panda,session_reid,v050,,540,10:v050,,
10_hexing/10_v050_f000790.jpg,10,130,train,panda,ipanda50,giant panda,session_reid,v050,,790,10:v050,,
10_hexing/10_v050_f001165.jpg,10,130,train,panda,ipanda50,giant panda,session_reid,v050,,1165,10:v050,,
10_hexing/10_v050_f001405.jpg,10,130,train,panda,ipanda50,giant panda,session_reid,v050,,1405,10:v050,,
10_hexing/10_v050_f002215.jpg,10,130,train,panda,ipanda50,giant panda,session_reid,v050,,2215,10:v050,,
10_hexing/10_v050_f002245.jpg,10,130,train,panda,ipanda50,giant panda,session_reid,v050,,2245,10:v050,,
10_hexing/10_v051_f000170.jpg,10,131,train,panda,ipanda50,giant panda,session_reid,v051,,170,10:v051,,
10_hexing/10_v052_f000050.jpg,10,132,train,panda,ipanda50,giant panda,session_reid,v052,,50,10:v052,,
10_hexing/10_v052_f003000.jpg,10,132,train,panda,ipanda50,giant panda,session_reid,v052,,3000,10:v052,,
10_hexing/10_v053_f000005.jpg,10,133,train,panda,ipanda50,giant panda,session_reid,v053,,5,10:v053,,
10_hexing/10_v054_f000005.jpg,10,134,train,panda,ipanda50,giant panda,session_reid,v054,,5,10:v054,,
10_hexing/10_v054_f000730.jpg,10,134,train,panda,ipanda50,giant panda,session_reid,v054,,730,10:v054,,
10_hexing/10_v054_f000880.jpg,10,134,train,panda,ipanda50,giant panda,session_reid,v054,,880,10:v054,,
10_hexing/10_v054_f001005.jpg,10,134,train,panda,ipanda50,giant panda,session_reid,v054,,1005,10:v054,,
10_hexing/10_v055_f000180.jpg,10,135,train,panda,ipanda50,giant panda,session_reid,v055,,180,10:v055,,
10_hexing/10_v055_f000205.jpg,10,135,train,panda,ipanda50,giant panda,session_reid,v055,,205,10:v055,,
10_hexing/10_v055_f000305.jpg,10,135,train,panda,ipanda50,giant panda,session_reid,v055,,305,10:v055,,
10_hexing/10_v055_f000480.jpg,10,135,train,panda,ipanda50,giant panda,session_reid,v055,,480,10:v055,,
10_hexing/10_v056_f000045.jpg,10,136,train,panda,ipanda50,giant panda,session_reid,v056,,45,10:v056,,
10_hexing/10_v056_f001770.jpg,10,136,train,panda,ipanda50,giant panda,session_reid,v056,,1770,10:v056,,
10_hexing/10_v057_f000205.jpg,10,137,train,panda,ipanda50,giant panda,session_reid,v057,,205,10:v057,,
10_hexing/10_v057_f001265.jpg,10,137,train,panda,ipanda50,giant panda,session_reid,v057,,1265,10:v057,,
10_hexing/10_v058_f000155.jpg,10,138,train,panda,ipanda50,giant panda,session_reid,v058,,155,10:v058,,
10_hexing/10_v058_f000285.jpg,10,138,train,panda,ipanda50,giant panda,session_reid,v058,,285,10:v058,,
10_hexing/10_v058_f000515.jpg,10,138,train,panda,ipanda50,giant panda,session_reid,v058,,515,10:v058,,
10_hexing/10_v058_f001410.jpg,10,138,train,panda,ipanda50,giant panda,session_reid,v058,,1410,10:v058,,
10_hexing/10_v058_f001495.jpg,10,138,train,panda,ipanda50,giant panda,session_reid,v058,,1495,10:v058,,
10_hexing/10_v058_f002285.jpg,10,138,train,panda,ipanda50,giant panda,session_reid,v058,,2285,10:v058,,
10_hexing/10_v058_f003020.jpg,10,138,train,panda,ipanda50,giant panda,session_reid,v058,,3020,10:v058,,
10_hexing/10_v059_f000810.jpg,10,139,train,panda,ipanda50,giant panda,session_reid,v059,,810,10:v059,,
10_hexing/10_v059_f001935.jpg,10,139,train,panda,ipanda50,giant panda,session_reid,v059,,1935,10:v059,,
10_hexing/10_v060_f000005.jpg,10,140,train,panda,ipanda50,giant panda,session_reid,v060,,5,10:v060,,
10_hexing/10_v060_f005025.jpg,10,140,train,panda,ipanda50,giant panda,session_reid,v060,,5025,10:v060,,
10_hexing/10_v060_f005095.jpg,10,140,train,panda,ipanda50,giant panda,session_reid,v060,,5095,10:v060,,
10_hexing/10_v060_f005120.jpg,10,140,train,panda,ipanda50,giant panda,session_reid,v060,,5120,10:v060,,
10_hexing/10_v061_f001355.jpg,10,141,train,panda,ipanda50,giant panda,session_reid,v061,,1355,10:v061,,
10_hexing/10_v061_f001400.jpg,10,141,train,panda,ipanda50,giant panda,session_reid,v061,,1400,10:v061,,
10_hexing/10_v061_f001475.jpg,10,141,train,panda,ipanda50,giant panda,session_reid,v061,,1475,10:v061,,
10_hexing/10_v062_f001860.jpg,10,142,train,panda,ipanda50,giant panda,session_reid,v062,,1860,10:v062,,
10_hexing/10_v062_f002700.jpg,10,142,train,panda,ipanda50,giant panda,session_reid,v062,,2700,10:v062,,
10_hexing/10_v062_f003180.jpg,10,142,train,panda,ipanda50,giant panda,session_reid,v062,,3180,10:v062,,
10_hexing/10_v063_f000005.jpg,10,143,train,panda,ipanda50,giant panda,session_reid,v063,,5,10:v063,,
10_hexing/10_v063_f000295.jpg,10,143,train,panda,ipanda50,giant panda,session_reid,v063,,295,10:v063,,
10_hexing/10_v063_f000315.jpg,10,143,train,panda,ipanda50,giant panda,session_reid,v063,,315,10:v063,,
10_hexing/10_v063_f000360.jpg,10,143,train,panda,ipanda50,giant panda,session_reid,v063,,360,10:v063,,
10_hexing/10_v063_f000595.jpg,10,143,train,panda,ipanda50,giant panda,session_reid,v063,,595,10:v063,,
10_hexing/10_v063_f001380.jpg,10,143,train,panda,ipanda50,giant panda,session_reid,v063,,1380,10:v063,,
10_hexing/10_v063_f003115.jpg,10,143,train,panda,ipanda50,giant panda,session_reid,v063,,3115,10:v063,,
10_hexing/10_v063_f004775.jpg,10,143,train,panda,ipanda50,giant panda,session_reid,v063,,4775,10:v063,,
10_hexing/10_v063_f005080.jpg,10,143,train,panda,ipanda50,giant panda,session_reid,v063,,5080,10:v063,,
10_hexing/10_v063_f005320.jpg,10,143,train,panda,ipanda50,giant panda,session_reid,v063,,5320,10:v063,,
10_hexing/10_v063_f005860.jpg,10,143,train,panda,ipanda50,giant panda,session_reid,v063,,5860,10:v063,,
10_hexing/10_v063_f005930.jpg,10,143,train,panda,ipanda50,giant panda,session_reid,v063,,5930,10:v063,,
10_hexing/10_v065_f005950.jpg,10,144,train,panda,ipanda50,giant panda,session_reid,v065,,5950,10:v065,,
10_hexing/10_v065_f014960.jpg,10,144,train,panda,ipanda50,giant panda,session_reid,v065,,14960,10:v065,,
10_hexing/10_v066_f000585.jpg,10,145,train,panda,ipanda50,giant panda,session_reid,v066,,585,10:v066,,
10_hexing/10_v066_f000850.jpg,10,145,train,panda,ipanda50,giant panda,session_reid,v066,,850,10:v066,,
10_hexing/10_v068_f000075.jpg,10,146,train,panda,ipanda50,giant panda,session_reid,v068,,75,10:v068,,
10_hexing/10_v068_f000180.jpg,10,146,train,panda,ipanda50,giant panda,session_reid,v068,,180,10:v068,,
10_hexing/10_v071_f000050.jpg,10,147,train,panda,ipanda50,giant panda,session_reid,v071,,50,10:v071,,
10_hexing/10_v071_f000270.jpg,10,147,train,panda,ipanda50,giant panda,session_reid,v071,,270,10:v071,,
10_hexing/10_v071_f001295.jpg,10,147,train,panda,ipanda50,giant panda,session_reid,v071,,1295,10:v071,,
10_hexing/10_v071_f001515.jpg,10,147,train,panda,ipanda50,giant panda,session_reid,v071,,1515,10:v071,,
10_hexing/10_v072_f000385.jpg,10,148,train,panda,ipanda50,giant panda,session_reid,v072,,385,10:v072,,
10_hexing/10_v072_f000680.jpg,10,148,train,panda,ipanda50,giant panda,session_reid,v072,,680,10:v072,,
10_hexing/10_v072_f000810.jpg,10,148,train,panda,ipanda50,giant panda,session_reid,v072,,810,10:v072,,
10_hexing/10_v074_f000800.jpg,10,149,train,panda,ipanda50,giant panda,session_reid,v074,,800,10:v074,,
10_hexing/10_v074_f000810.jpg,10,149,train,panda,ipanda50,giant panda,session_reid,v074,,810,10:v074,,
10_hexing/10_v074_f000825.jpg,10,149,train,panda,ipanda50,giant panda,session_reid,v074,,825,10:v074,,
10_hexing/10_v074_f000880.jpg,10,149,train,panda,ipanda50,giant panda,session_reid,v074,,880,10:v074,,
10_hexing/10_v075_f000385.jpg,10,150,train,panda,ipanda50,giant panda,session_reid,v075,,385,10:v075,,
10_hexing/10_v076_f000005.jpg,10,151,train,panda,ipanda50,giant panda,session_reid,v076,,5,10:v076,,
10_hexing/10_v076_f002940.jpg,10,151,train,panda,ipanda50,giant panda,session_reid,v076,,2940,10:v076,,
10_hexing/10_v077_f000005.jpg,10,152,train,panda,ipanda50,giant panda,session_reid,v077,,5,10:v077,,
10_hexing/10_v077_f000050.jpg,10,152,train,panda,ipanda50,giant panda,session_reid,v077,,50,10:v077,,
10_hexing/10_v077_f001075.jpg,10,152,train,panda,ipanda50,giant panda,session_reid,v077,,1075,10:v077,,
10_hexing/10_v077_f001300.jpg,10,152,train,panda,ipanda50,giant panda,session_reid,v077,,1300,10:v077,,
10_hexing/10_v078_f000350.jpg,10,153,train,panda,ipanda50,giant panda,session_reid,v078,,350,10:v078,,
10_hexing/10_v078_f000775.jpg,10,153,train,panda,ipanda50,giant panda,session_reid,v078,,775,10:v078,,
10_hexing/10_v079_f000315.jpg,10,154,train,panda,ipanda50,giant panda,session_reid,v079,,315,10:v079,,
10_hexing/10_v079_f000875.jpg,10,154,train,panda,ipanda50,giant panda,session_reid,v079,,875,10:v079,,
10_hexing/10_v080_f000850.jpg,10,155,train,panda,ipanda50,giant panda,session_reid,v080,,850,10:v080,,
10_hexing/10_v080_f000925.jpg,10,155,train,panda,ipanda50,giant panda,session_reid,v080,,925,10:v080,,
10_hexing/10_v080_f001145.jpg,10,155,train,panda,ipanda50,giant panda,session_reid,v080,,1145,10:v080,,
10_hexing/10_v080_f001155.jpg,10,155,train,panda,ipanda50,giant panda,session_reid,v080,,1155,10:v080,,
10_hexing/10_v084_f000870.jpg,10,156,train,panda,ipanda50,giant panda,session_reid,v084,,870,10:v084,,
10_hexing/10_v084_f001250.jpg,10,156,train,panda,ipanda50,giant panda,session_reid,v084,,1250,10:v084,,
10_hexing/10_v084_f001400.jpg,10,156,train,panda,ipanda50,giant panda,session_reid,v084,,1400,10:v084,,
10_hexing/10_v085_f000070.jpg,10,157,train,panda,ipanda50,giant panda,session_reid,v085,,70,10:v085,,
10_hexing/10_v085_f000330.jpg,10,157,train,panda,ipanda50,giant panda,session_reid,v085,,330,10:v085,,
10_hexing/10_v085_f001755.jpg,10,157,train,panda,ipanda50,giant panda,session_reid,v085,,1755,10:v085,,
10_hexing/10_v085_f001910.jpg,10,157,train,panda,ipanda50,giant panda,session_reid,v085,,1910,10:v085,,
10_hexing/10_v085_f004075.jpg,10,157,train,panda,ipanda50,giant panda,session_reid,v085,,4075,10:v085,,
10_hexing/10_v085_f004105.jpg,10,157,train,panda,ipanda50,giant panda,session_reid,v085,,4105,10:v085,,
10_hexing/10_v085_f004200.jpg,10,157,train,panda,ipanda50,giant panda,session_reid,v085,,4200,10:v085,,
10_hexing/10_v085_f004245.jpg,10,157,train,panda,ipanda50,giant panda,session_reid,v085,,4245,10:v085,,
10_hexing/10_v085_f004330.jpg,10,157,train,panda,ipanda50,giant panda,session_reid,v085,,4330,10:v085,,
10_hexing/10_v086_f000450.jpg,10,158,train,panda,ipanda50,giant panda,session_reid,v086,,450,10:v086,,
10_hexing/10_v086_f001620.jpg,10,158,train,panda,ipanda50,giant panda,session_reid,v086,,1620,10:v086,,
10_hexing/10_v086_f001745.jpg,10,158,train,panda,ipanda50,giant panda,session_reid,v086,,1745,10:v086,,
10_hexing/10_v088_f001485.jpg,10,159,train,panda,ipanda50,giant panda,session_reid,v088,,1485,10:v088,,
10_hexing/10_v089_f000210.jpg,10,160,train,panda,ipanda50,giant panda,session_reid,v089,,210,10:v089,,
10_hexing/10_v091_f001085.jpg,10,161,train,panda,ipanda50,giant panda,session_reid,v091,,1085,10:v091,,
10_hexing/10_v095_f000050.jpg,10,162,train,panda,ipanda50,giant panda,session_reid,v095,,50,10:v095,,
10_hexing/10_v095_f000275.jpg,10,162,train,panda,ipanda50,giant panda,session_reid,v095,,275,10:v095,,
10_hexing/10_v096_f000715.jpg,10,163,train,panda,ipanda50,giant panda,session_reid,v096,,715,10:v096,,
10_hexing/10_v096_f000740.jpg,10,163,train,panda,ipanda50,giant panda,session_reid,v096,,740,10:v096,,
10_hexing/10_v096_f000815.jpg,10,163,train,panda,ipanda50,giant panda,session_reid,v096,,815,10:v096,,
10_hexing/10_v097_f000240.jpg,10,164,train,panda,ipanda50,giant panda,session_reid,v097,,240,10:v097,,
10_hexing/10_v097_f000375.jpg,10,164,train,panda,ipanda50,giant panda,session_reid,v097,,375,10:v097,,
11_jiaoao/11_v001_f000005.jpg,11,165,query,panda,ipanda50,giant panda,session_reid,v001,,5,11:v001,,
11_jiaoao/11_v002_f000195.jpg,11,166,query,panda,ipanda50,giant panda,session_reid,v002,,195,11:v002,,
11_jiaoao/11_v002_f001720.jpg,11,166,gallery,panda,ipanda50,giant panda,session_reid,v002,,1720,11:v002,,
11_jiaoao/11_v002_f001815.jpg,11,166,gallery,panda,ipanda50,giant panda,session_reid,v002,,1815,11:v002,,
11_jiaoao/11_v002_f002140.jpg,11,166,gallery,panda,ipanda50,giant panda,session_reid,v002,,2140,11:v002,,
11_jiaoao/11_v002_f002345.jpg,11,166,gallery,panda,ipanda50,giant panda,session_reid,v002,,2345,11:v002,,
11_jiaoao/11_v002_f002475.jpg,11,166,gallery,panda,ipanda50,giant panda,session_reid,v002,,2475,11:v002,,
11_jiaoao/11_v006_f000005.jpg,11,167,query,panda,ipanda50,giant panda,session_reid,v006,,5,11:v006,,
11_jiaoao/11_v006_f001200.jpg,11,167,gallery,panda,ipanda50,giant panda,session_reid,v006,,1200,11:v006,,
11_jiaoao/11_v006_f001395.jpg,11,167,gallery,panda,ipanda50,giant panda,session_reid,v006,,1395,11:v006,,
11_jiaoao/11_v006_f001680.jpg,11,167,gallery,panda,ipanda50,giant panda,session_reid,v006,,1680,11:v006,,
11_jiaoao/11_v006_f001710.jpg,11,167,gallery,panda,ipanda50,giant panda,session_reid,v006,,1710,11:v006,,
11_jiaoao/11_v006_f001760.jpg,11,167,gallery,panda,ipanda50,giant panda,session_reid,v006,,1760,11:v006,,
11_jiaoao/11_v006_f001980.jpg,11,167,gallery,panda,ipanda50,giant panda,session_reid,v006,,1980,11:v006,,
11_jiaoao/11_v006_f002130.jpg,11,167,gallery,panda,ipanda50,giant panda,session_reid,v006,,2130,11:v006,,
11_jiaoao/11_v006_f002480.jpg,11,167,gallery,panda,ipanda50,giant panda,session_reid,v006,,2480,11:v006,,
11_jiaoao/11_v006_f002615.jpg,11,167,gallery,panda,ipanda50,giant panda,session_reid,v006,,2615,11:v006,,
11_jiaoao/11_v007_f000005.jpg,11,168,query,panda,ipanda50,giant panda,session_reid,v007,,5,11:v007,,
11_jiaoao/11_v007_f000105.jpg,11,168,gallery,panda,ipanda50,giant panda,session_reid,v007,,105,11:v007,,
11_jiaoao/11_v007_f000475.jpg,11,168,gallery,panda,ipanda50,giant panda,session_reid,v007,,475,11:v007,,
11_jiaoao/11_v007_f000800.jpg,11,168,gallery,panda,ipanda50,giant panda,session_reid,v007,,800,11:v007,,
11_jiaoao/11_v007_f000925.jpg,11,168,gallery,panda,ipanda50,giant panda,session_reid,v007,,925,11:v007,,
11_jiaoao/11_v008_f000130.jpg,11,169,query,panda,ipanda50,giant panda,session_reid,v008,,130,11:v008,,
11_jiaoao/11_v008_f000540.jpg,11,169,gallery,panda,ipanda50,giant panda,session_reid,v008,,540,11:v008,,
11_jiaoao/11_v010_f000480.jpg,11,170,query,panda,ipanda50,giant panda,session_reid,v010,,480,11:v010,,
11_jiaoao/11_v010_f001070.jpg,11,170,gallery,panda,ipanda50,giant panda,session_reid,v010,,1070,11:v010,,
11_jiaoao/11_v010_f002095.jpg,11,170,gallery,panda,ipanda50,giant panda,session_reid,v010,,2095,11:v010,,
11_jiaoao/11_v010_f002235.jpg,11,170,gallery,panda,ipanda50,giant panda,session_reid,v010,,2235,11:v010,,
11_jiaoao/11_v010_f002820.jpg,11,170,gallery,panda,ipanda50,giant panda,session_reid,v010,,2820,11:v010,,
11_jiaoao/11_v011_f000265.jpg,11,171,query,panda,ipanda50,giant panda,session_reid,v011,,265,11:v011,,
11_jiaoao/11_v011_f000315.jpg,11,171,gallery,panda,ipanda50,giant panda,session_reid,v011,,315,11:v011,,
11_jiaoao/11_v011_f000390.jpg,11,171,gallery,panda,ipanda50,giant panda,session_reid,v011,,390,11:v011,,
11_jiaoao/11_v011_f000415.jpg,11,171,gallery,panda,ipanda50,giant panda,session_reid,v011,,415,11:v011,,
11_jiaoao/11_v011_f000615.jpg,11,171,gallery,panda,ipanda50,giant panda,session_reid,v011,,615,11:v011,,
11_jiaoao/11_v011_f001170.jpg,11,171,gallery,panda,ipanda50,giant panda,session_reid,v011,,1170,11:v011,,
11_jiaoao/11_v011_f001305.jpg,11,171,gallery,panda,ipanda50,giant panda,session_reid,v011,,1305,11:v011,,
11_jiaoao/11_v011_f001330.jpg,11,171,gallery,panda,ipanda50,giant panda,session_reid,v011,,1330,11:v011,,
11_jiaoao/11_v011_f001525.jpg,11,171,gallery,panda,ipanda50,giant panda,session_reid,v011,,1525,11:v011,,
11_jiaoao/11_v011_f001570.jpg,11,171,gallery,panda,ipanda50,giant panda,session_reid,v011,,1570,11:v011,,
11_jiaoao/11_v011_f001605.jpg,11,171,gallery,panda,ipanda50,giant panda,session_reid,v011,,1605,11:v011,,
11_jiaoao/11_v011_f002005.jpg,11,171,gallery,panda,ipanda50,giant panda,session_reid,v011,,2005,11:v011,,
11_jiaoao/11_v011_f002575.jpg,11,171,gallery,panda,ipanda50,giant panda,session_reid,v011,,2575,11:v011,,
11_jiaoao/11_v011_f002785.jpg,11,171,gallery,panda,ipanda50,giant panda,session_reid,v011,,2785,11:v011,,
11_jiaoao/11_v011_f003440.jpg,11,171,gallery,panda,ipanda50,giant panda,session_reid,v011,,3440,11:v011,,
11_jiaoao/11_v014_f000005.jpg,11,172,query,panda,ipanda50,giant panda,session_reid,v014,,5,11:v014,,
11_jiaoao/11_v014_f000305.jpg,11,172,gallery,panda,ipanda50,giant panda,session_reid,v014,,305,11:v014,,
11_jiaoao/11_v014_f000630.jpg,11,172,gallery,panda,ipanda50,giant panda,session_reid,v014,,630,11:v014,,
11_jiaoao/11_v014_f001020.jpg,11,172,gallery,panda,ipanda50,giant panda,session_reid,v014,,1020,11:v014,,
11_jiaoao/11_v014_f001045.jpg,11,172,gallery,panda,ipanda50,giant panda,session_reid,v014,,1045,11:v014,,
11_jiaoao/11_v015_f000005.jpg,11,173,query,panda,ipanda50,giant panda,session_reid,v015,,5,11:v015,,
11_jiaoao/11_v015_f000110.jpg,11,173,gallery,panda,ipanda50,giant panda,session_reid,v015,,110,11:v015,,
11_jiaoao/11_v016_f000005.jpg,11,174,query,panda,ipanda50,giant panda,session_reid,v016,,5,11:v016,,
11_jiaoao/11_v016_f000125.jpg,11,174,gallery,panda,ipanda50,giant panda,session_reid,v016,,125,11:v016,,
11_jiaoao/11_v016_f000905.jpg,11,174,gallery,panda,ipanda50,giant panda,session_reid,v016,,905,11:v016,,
11_jiaoao/11_v016_f000930.jpg,11,174,gallery,panda,ipanda50,giant panda,session_reid,v016,,930,11:v016,,
11_jiaoao/11_v018_f000005.jpg,11,175,query,panda,ipanda50,giant panda,session_reid,v018,,5,11:v018,,
11_jiaoao/11_v018_f000470.jpg,11,175,gallery,panda,ipanda50,giant panda,session_reid,v018,,470,11:v018,,
11_jiaoao/11_v018_f001380.jpg,11,175,gallery,panda,ipanda50,giant panda,session_reid,v018,,1380,11:v018,,
11_jiaoao/11_v022_f000005.jpg,11,176,query,panda,ipanda50,giant panda,session_reid,v022,,5,11:v022,,
11_jiaoao/11_v022_f000340.jpg,11,176,gallery,panda,ipanda50,giant panda,session_reid,v022,,340,11:v022,,
11_jiaoao/11_v022_f000510.jpg,11,176,gallery,panda,ipanda50,giant panda,session_reid,v022,,510,11:v022,,
11_jiaoao/11_v022_f001075.jpg,11,176,gallery,panda,ipanda50,giant panda,session_reid,v022,,1075,11:v022,,
11_jiaoao/11_v022_f001220.jpg,11,176,gallery,panda,ipanda50,giant panda,session_reid,v022,,1220,11:v022,,
11_jiaoao/11_v023_f002800.jpg,11,177,query,panda,ipanda50,giant panda,session_reid,v023,,2800,11:v023,,
11_jiaoao/11_v023_f003195.jpg,11,177,gallery,panda,ipanda50,giant panda,session_reid,v023,,3195,11:v023,,
11_jiaoao/11_v023_f003940.jpg,11,177,gallery,panda,ipanda50,giant panda,session_reid,v023,,3940,11:v023,,
11_jiaoao/11_v026_f000005.jpg,11,178,query,panda,ipanda50,giant panda,session_reid,v026,,5,11:v026,,
11_jiaoao/11_v026_f000295.jpg,11,178,gallery,panda,ipanda50,giant panda,session_reid,v026,,295,11:v026,,
11_jiaoao/11_v027_f000265.jpg,11,179,query,panda,ipanda50,giant panda,session_reid,v027,,265,11:v027,,
11_jiaoao/11_v029_f000005.jpg,11,180,query,panda,ipanda50,giant panda,session_reid,v029,,5,11:v029,,
11_jiaoao/11_v029_f000090.jpg,11,180,gallery,panda,ipanda50,giant panda,session_reid,v029,,90,11:v029,,
11_jiaoao/11_v029_f000605.jpg,11,180,gallery,panda,ipanda50,giant panda,session_reid,v029,,605,11:v029,,
11_jiaoao/11_v029_f001145.jpg,11,180,gallery,panda,ipanda50,giant panda,session_reid,v029,,1145,11:v029,,
11_jiaoao/11_v029_f001235.jpg,11,180,gallery,panda,ipanda50,giant panda,session_reid,v029,,1235,11:v029,,
11_jiaoao/11_v029_f001460.jpg,11,180,gallery,panda,ipanda50,giant panda,session_reid,v029,,1460,11:v029,,
11_jiaoao/11_v029_f001505.jpg,11,180,gallery,panda,ipanda50,giant panda,session_reid,v029,,1505,11:v029,,
11_jiaoao/11_v029_f001825.jpg,11,180,gallery,panda,ipanda50,giant panda,session_reid,v029,,1825,11:v029,,
12_jingjing/12_20180201-140440_幼儿园_晶晶咬晶亮，和晶亮玩耍_1315.jpg,12,181,query,panda,ipanda50,giant panda,session_reid,20180201-140440_幼儿园_晶晶咬晶亮，和晶亮玩耍,,1315,12:20180201-140440_幼儿园_晶晶咬晶亮，和晶亮玩耍,,
12_jingjing/12_20180201-140440_幼儿园_晶晶咬晶亮，和晶亮玩耍_1345.jpg,12,181,gallery,panda,ipanda50,giant panda,session_reid,20180201-140440_幼儿园_晶晶咬晶亮，和晶亮玩耍,,1345,12:20180201-140440_幼儿园_晶晶咬晶亮，和晶亮玩耍,,
12_jingjing/12_20180208-133750_幼儿园_晶亮走过来和晶晶一起抢大竹竿_1.jpg,12,182,query,panda,ipanda50,giant panda,session_reid,20180208-133750_幼儿园_晶亮走过来和晶晶一起抢大竹竿,,1,12:20180208-133750_幼儿园_晶亮走过来和晶晶一起抢大竹竿,,
12_jingjing/12_20180208-133750_幼儿园_晶亮走过来和晶晶一起抢大竹竿_4315.jpg,12,182,gallery,panda,ipanda50,giant panda,session_reid,20180208-133750_幼儿园_晶亮走过来和晶晶一起抢大竹竿,,4315,12:20180208-133750_幼儿园_晶亮走过来和晶晶一起抢大竹竿,,
12_jingjing/12_20180212-104815_幼儿园_晶晶吃竹子，动弹的竹子吓到晶亮_1.jpg,12,183,query,panda,ipanda50,giant panda,session_reid,20180212-104815_幼儿园_晶晶吃竹子，动弹的竹子吓到晶亮,,1,12:20180212-104815_幼儿园_晶晶吃竹子，动弹的竹子吓到晶亮,,
12_jingjing/12_20180214-090000_幼儿园_晶晶和晶亮在木架玩耍，把雪拿来擦身上_2175.jpg,12,184,query,panda,ipanda50,giant panda,session_reid,20180214-090000_幼儿园_晶晶和晶亮在木架玩耍，把雪拿来擦身上,,2175,12:20180214-090000_幼儿园_晶晶和晶亮在木架玩耍，把雪拿来擦身上,,
12_jingjing/12_20180214-090000_幼儿园_晶晶和晶亮在木架玩耍，把雪拿来擦身上_4065.jpg,12,184,gallery,panda,ipanda50,giant panda,session_reid,20180214-090000_幼儿园_晶晶和晶亮在木架玩耍，把雪拿来擦身上,,4065,12:20180214-090000_幼儿园_晶晶和晶亮在木架玩耍，把雪拿来擦身上,,
12_jingjing/12_20180214-090000_幼儿园_晶晶和晶亮在木架玩耍，把雪拿来擦身上_910.jpg,12,184,gallery,panda,ipanda50,giant panda,session_reid,20180214-090000_幼儿园_晶晶和晶亮在木架玩耍，把雪拿来擦身上,,910,12:20180214-090000_幼儿园_晶晶和晶亮在木架玩耍，把雪拿来擦身上,,
12_jingjing/12_v001_f000005.jpg,12,185,query,panda,ipanda50,giant panda,session_reid,v001,,5,12:v001,,
12_jingjing/12_v001_f000090.jpg,12,185,gallery,panda,ipanda50,giant panda,session_reid,v001,,90,12:v001,,
12_jingjing/12_v001_f000245.jpg,12,185,gallery,panda,ipanda50,giant panda,session_reid,v001,,245,12:v001,,
12_jingjing/12_v001_f000260.jpg,12,185,gallery,panda,ipanda50,giant panda,session_reid,v001,,260,12:v001,,
12_jingjing/12_v001_f000525.jpg,12,185,gallery,panda,ipanda50,giant panda,session_reid,v001,,525,12:v001,,
12_jingjing/12_v001_f000730.jpg,12,185,gallery,panda,ipanda50,giant panda,session_reid,v001,,730,12:v001,,
12_jingjing/12_v001_f001490.jpg,12,185,gallery,panda,ipanda50,giant panda,session_reid,v001,,1490,12:v001,,
12_jingjing/12_v003_f000345.jpg,12,186,query,panda,ipanda50,giant panda,session_reid,v003,,345,12:v003,,
12_jingjing/12_v003_f000605.jpg,12,186,gallery,panda,ipanda50,giant panda,session_reid,v003,,605,12:v003,,
12_jingjing/12_v003_f000705.jpg,12,186,gallery,panda,ipanda50,giant panda,session_reid,v003,,705,12:v003,,
12_jingjing/12_v003_f000755.jpg,12,186,gallery,panda,ipanda50,giant panda,session_reid,v003,,755,12:v003,,
12_jingjing/12_v003_f000805.jpg,12,186,gallery,panda,ipanda50,giant panda,session_reid,v003,,805,12:v003,,
12_jingjing/12_v003_f001045.jpg,12,186,gallery,panda,ipanda50,giant panda,session_reid,v003,,1045,12:v003,,
12_jingjing/12_v003_f001155.jpg,12,186,gallery,panda,ipanda50,giant panda,session_reid,v003,,1155,12:v003,,
12_jingjing/12_v003_f001780.jpg,12,186,gallery,panda,ipanda50,giant panda,session_reid,v003,,1780,12:v003,,
12_jingjing/12_v003_f003505.jpg,12,186,gallery,panda,ipanda50,giant panda,session_reid,v003,,3505,12:v003,,
12_jingjing/12_v003_f003705.jpg,12,186,gallery,panda,ipanda50,giant panda,session_reid,v003,,3705,12:v003,,
12_jingjing/12_v003_f004260.jpg,12,186,gallery,panda,ipanda50,giant panda,session_reid,v003,,4260,12:v003,,
12_jingjing/12_v004_f000055.jpg,12,187,query,panda,ipanda50,giant panda,session_reid,v004,,55,12:v004,,
12_jingjing/12_v004_f000450.jpg,12,187,gallery,panda,ipanda50,giant panda,session_reid,v004,,450,12:v004,,
12_jingjing/12_v004_f000530.jpg,12,187,gallery,panda,ipanda50,giant panda,session_reid,v004,,530,12:v004,,
12_jingjing/12_v004_f000680.jpg,12,187,gallery,panda,ipanda50,giant panda,session_reid,v004,,680,12:v004,,
12_jingjing/12_v005_f000005.jpg,12,188,query,panda,ipanda50,giant panda,session_reid,v005,,5,12:v005,,
12_jingjing/12_v005_f000750.jpg,12,188,gallery,panda,ipanda50,giant panda,session_reid,v005,,750,12:v005,,
12_jingjing/12_v005_f001055.jpg,12,188,gallery,panda,ipanda50,giant panda,session_reid,v005,,1055,12:v005,,
12_jingjing/12_v005_f001070.jpg,12,188,gallery,panda,ipanda50,giant panda,session_reid,v005,,1070,12:v005,,
12_jingjing/12_v005_f001105.jpg,12,188,gallery,panda,ipanda50,giant panda,session_reid,v005,,1105,12:v005,,
12_jingjing/12_v006_f000005.jpg,12,189,query,panda,ipanda50,giant panda,session_reid,v006,,5,12:v006,,
12_jingjing/12_v006_f000205.jpg,12,189,gallery,panda,ipanda50,giant panda,session_reid,v006,,205,12:v006,,
12_jingjing/12_v006_f000235.jpg,12,189,gallery,panda,ipanda50,giant panda,session_reid,v006,,235,12:v006,,
12_jingjing/12_v006_f000395.jpg,12,189,gallery,panda,ipanda50,giant panda,session_reid,v006,,395,12:v006,,
12_jingjing/12_v006_f000605.jpg,12,189,gallery,panda,ipanda50,giant panda,session_reid,v006,,605,12:v006,,
12_jingjing/12_v006_f001105.jpg,12,189,gallery,panda,ipanda50,giant panda,session_reid,v006,,1105,12:v006,,
12_jingjing/12_v006_f001385.jpg,12,189,gallery,panda,ipanda50,giant panda,session_reid,v006,,1385,12:v006,,
12_jingjing/12_v007_f001835.jpg,12,190,query,panda,ipanda50,giant panda,session_reid,v007,,1835,12:v007,,
12_jingjing/12_v007_f002285.jpg,12,190,gallery,panda,ipanda50,giant panda,session_reid,v007,,2285,12:v007,,
12_jingjing/12_v007_f004305.jpg,12,190,gallery,panda,ipanda50,giant panda,session_reid,v007,,4305,12:v007,,
12_jingjing/12_v007_f005015.jpg,12,190,gallery,panda,ipanda50,giant panda,session_reid,v007,,5015,12:v007,,
12_jingjing/12_v007_f005095.jpg,12,190,gallery,panda,ipanda50,giant panda,session_reid,v007,,5095,12:v007,,
12_jingjing/12_v007_f005125.jpg,12,190,gallery,panda,ipanda50,giant panda,session_reid,v007,,5125,12:v007,,
12_jingjing/12_v008_f000005.jpg,12,191,query,panda,ipanda50,giant panda,session_reid,v008,,5,12:v008,,
12_jingjing/12_v008_f000935.jpg,12,191,gallery,panda,ipanda50,giant panda,session_reid,v008,,935,12:v008,,
13_jingliang/13_v002_f002460.jpg,13,192,train,panda,ipanda50,giant panda,session_reid,v002,,2460,13:v002,,
13_jingliang/13_v002_f002520.jpg,13,192,train,panda,ipanda50,giant panda,session_reid,v002,,2520,13:v002,,
13_jingliang/13_v004_f000060.jpg,13,193,train,panda,ipanda50,giant panda,session_reid,v004,,60,13:v004,,
13_jingliang/13_v004_f000135.jpg,13,193,train,panda,ipanda50,giant panda,session_reid,v004,,135,13:v004,,
13_jingliang/13_v004_f000180.jpg,13,193,train,panda,ipanda50,giant panda,session_reid,v004,,180,13:v004,,
13_jingliang/13_v004_f000300.jpg,13,193,train,panda,ipanda50,giant panda,session_reid,v004,,300,13:v004,,
13_jingliang/13_v004_f000950.jpg,13,193,train,panda,ipanda50,giant panda,session_reid,v004,,950,13:v004,,
13_jingliang/13_v004_f001485.jpg,13,193,train,panda,ipanda50,giant panda,session_reid,v004,,1485,13:v004,,
13_jingliang/13_v004_f001565.jpg,13,193,train,panda,ipanda50,giant panda,session_reid,v004,,1565,13:v004,,
13_jingliang/13_v004_f001610.jpg,13,193,train,panda,ipanda50,giant panda,session_reid,v004,,1610,13:v004,,
13_jingliang/13_v004_f001655.jpg,13,193,train,panda,ipanda50,giant panda,session_reid,v004,,1655,13:v004,,
13_jingliang/13_v004_f001825.jpg,13,193,train,panda,ipanda50,giant panda,session_reid,v004,,1825,13:v004,,
13_jingliang/13_v004_f002105.jpg,13,193,train,panda,ipanda50,giant panda,session_reid,v004,,2105,13:v004,,
13_jingliang/13_v004_f002160.jpg,13,193,train,panda,ipanda50,giant panda,session_reid,v004,,2160,13:v004,,
13_jingliang/13_v004_f002245.jpg,13,193,train,panda,ipanda50,giant panda,session_reid,v004,,2245,13:v004,,
13_jingliang/13_v004_f002755.jpg,13,193,train,panda,ipanda50,giant panda,session_reid,v004,,2755,13:v004,,
13_jingliang/13_v005_f000015.jpg,13,194,train,panda,ipanda50,giant panda,session_reid,v005,,15,13:v005,,
13_jingliang/13_v005_f002495.jpg,13,194,train,panda,ipanda50,giant panda,session_reid,v005,,2495,13:v005,,
13_jingliang/13_v006_f000240.jpg,13,195,train,panda,ipanda50,giant panda,session_reid,v006,,240,13:v006,,
13_jingliang/13_v006_f000600.jpg,13,195,train,panda,ipanda50,giant panda,session_reid,v006,,600,13:v006,,
13_jingliang/13_v006_f001425.jpg,13,195,train,panda,ipanda50,giant panda,session_reid,v006,,1425,13:v006,,
13_jingliang/13_v007_f000005.jpg,13,196,train,panda,ipanda50,giant panda,session_reid,v007,,5,13:v007,,
13_jingliang/13_v007_f000735.jpg,13,196,train,panda,ipanda50,giant panda,session_reid,v007,,735,13:v007,,
13_jingliang/13_v007_f000905.jpg,13,196,train,panda,ipanda50,giant panda,session_reid,v007,,905,13:v007,,
13_jingliang/13_v007_f001370.jpg,13,196,train,panda,ipanda50,giant panda,session_reid,v007,,1370,13:v007,,
13_jingliang/13_v007_f001505.jpg,13,196,train,panda,ipanda50,giant panda,session_reid,v007,,1505,13:v007,,
13_jingliang/13_v009_f000005.jpg,13,197,train,panda,ipanda50,giant panda,session_reid,v009,,5,13:v009,,
13_jingliang/13_v009_f000340.jpg,13,197,train,panda,ipanda50,giant panda,session_reid,v009,,340,13:v009,,
13_jingliang/13_v009_f000490.jpg,13,197,train,panda,ipanda50,giant panda,session_reid,v009,,490,13:v009,,
13_jingliang/13_v009_f000520.jpg,13,197,train,panda,ipanda50,giant panda,session_reid,v009,,520,13:v009,,
13_jingliang/13_v009_f000600.jpg,13,197,train,panda,ipanda50,giant panda,session_reid,v009,,600,13:v009,,
13_jingliang/13_v009_f000895.jpg,13,197,train,panda,ipanda50,giant panda,session_reid,v009,,895,13:v009,,
13_jingliang/13_v009_f001255.jpg,13,197,train,panda,ipanda50,giant panda,session_reid,v009,,1255,13:v009,,
13_jingliang/13_v009_f001365.jpg,13,197,train,panda,ipanda50,giant panda,session_reid,v009,,1365,13:v009,,
13_jingliang/13_v010_f000040.jpg,13,198,train,panda,ipanda50,giant panda,session_reid,v010,,40,13:v010,,
13_jingliang/13_v010_f000150.jpg,13,198,train,panda,ipanda50,giant panda,session_reid,v010,,150,13:v010,,
13_jingliang/13_v010_f000205.jpg,13,198,train,panda,ipanda50,giant panda,session_reid,v010,,205,13:v010,,
13_jingliang/13_v010_f001000.jpg,13,198,train,panda,ipanda50,giant panda,session_reid,v010,,1000,13:v010,,
13_jingliang/13_v010_f001115.jpg,13,198,train,panda,ipanda50,giant panda,session_reid,v010,,1115,13:v010,,
13_jingliang/13_v011_f000005.jpg,13,199,train,panda,ipanda50,giant panda,session_reid,v011,,5,13:v011,,
13_jingliang/13_v011_f000575.jpg,13,199,train,panda,ipanda50,giant panda,session_reid,v011,,575,13:v011,,
13_jingliang/13_v011_f000740.jpg,13,199,train,panda,ipanda50,giant panda,session_reid,v011,,740,13:v011,,
13_jingliang/13_v011_f001010.jpg,13,199,train,panda,ipanda50,giant panda,session_reid,v011,,1010,13:v011,,
13_jingliang/13_v011_f002900.jpg,13,199,train,panda,ipanda50,giant panda,session_reid,v011,,2900,13:v011,,
13_jingliang/13_v011_f003570.jpg,13,199,train,panda,ipanda50,giant panda,session_reid,v011,,3570,13:v011,,
13_jingliang/13_v011_f004285.jpg,13,199,train,panda,ipanda50,giant panda,session_reid,v011,,4285,13:v011,,
13_jingliang/13_v011_f004460.jpg,13,199,train,panda,ipanda50,giant panda,session_reid,v011,,4460,13:v011,,
13_jingliang/13_v011_f004705.jpg,13,199,train,panda,ipanda50,giant panda,session_reid,v011,,4705,13:v011,,
13_jingliang/13_v012_f000005.jpg,13,200,train,panda,ipanda50,giant panda,session_reid,v012,,5,13:v012,,
13_jingliang/13_v012_f000355.jpg,13,200,train,panda,ipanda50,giant panda,session_reid,v012,,355,13:v012,,
13_jingliang/13_v012_f001075.jpg,13,200,train,panda,ipanda50,giant panda,session_reid,v012,,1075,13:v012,,
13_jingliang/13_v012_f001930.jpg,13,200,train,panda,ipanda50,giant panda,session_reid,v012,,1930,13:v012,,
13_jingliang/13_v012_f004740.jpg,13,200,train,panda,ipanda50,giant panda,session_reid,v012,,4740,13:v012,,
13_jingliang/13_v013_f000890.jpg,13,201,train,panda,ipanda50,giant panda,session_reid,v013,,890,13:v013,,
13_jingliang/13_v013_f000975.jpg,13,201,train,panda,ipanda50,giant panda,session_reid,v013,,975,13:v013,,
13_jingliang/13_v013_f001140.jpg,13,201,train,panda,ipanda50,giant panda,session_reid,v013,,1140,13:v013,,
13_jingliang/13_v013_f001685.jpg,13,201,train,panda,ipanda50,giant panda,session_reid,v013,,1685,13:v013,,
13_jingliang/13_v013_f001710.jpg,13,201,train,panda,ipanda50,giant panda,session_reid,v013,,1710,13:v013,,
13_jingliang/13_v013_f001730.jpg,13,201,train,panda,ipanda50,giant panda,session_reid,v013,,1730,13:v013,,
13_jingliang/13_v013_f001755.jpg,13,201,train,panda,ipanda50,giant panda,session_reid,v013,,1755,13:v013,,
13_jingliang/13_v013_f001810.jpg,13,201,train,panda,ipanda50,giant panda,session_reid,v013,,1810,13:v013,,
13_jingliang/13_v013_f001845.jpg,13,201,train,panda,ipanda50,giant panda,session_reid,v013,,1845,13:v013,,
13_jingliang/13_v013_f001890.jpg,13,201,train,panda,ipanda50,giant panda,session_reid,v013,,1890,13:v013,,
13_jingliang/13_v013_f001935.jpg,13,201,train,panda,ipanda50,giant panda,session_reid,v013,,1935,13:v013,,
13_jingliang/13_v016_f000560.jpg,13,202,train,panda,ipanda50,giant panda,session_reid,v016,,560,13:v016,,
13_jingliang/13_v016_f000640.jpg,13,202,train,panda,ipanda50,giant panda,session_reid,v016,,640,13:v016,,
13_jingliang/13_v016_f001015.jpg,13,202,train,panda,ipanda50,giant panda,session_reid,v016,,1015,13:v016,,
13_jingliang/13_v018_f000020.jpg,13,203,train,panda,ipanda50,giant panda,session_reid,v018,,20,13:v018,,
13_jingliang/13_v018_f000230.jpg,13,203,train,panda,ipanda50,giant panda,session_reid,v018,,230,13:v018,,
13_jingliang/13_v018_f000790.jpg,13,203,train,panda,ipanda50,giant panda,session_reid,v018,,790,13:v018,,
13_jingliang/13_v019_f000020.jpg,13,204,train,panda,ipanda50,giant panda,session_reid,v019,,20,13:v019,,
13_jingliang/13_v019_f000515.jpg,13,204,train,panda,ipanda50,giant panda,session_reid,v019,,515,13:v019,,
13_jingliang/13_v019_f000970.jpg,13,204,train,panda,ipanda50,giant panda,session_reid,v019,,970,13:v019,,
13_jingliang/13_v019_f002700.jpg,13,204,train,panda,ipanda50,giant panda,session_reid,v019,,2700,13:v019,,
13_jingliang/13_v021_f000005.jpg,13,205,train,panda,ipanda50,giant panda,session_reid,v021,,5,13:v021,,
13_jingliang/13_v021_f000330.jpg,13,205,train,panda,ipanda50,giant panda,session_reid,v021,,330,13:v021,,
13_jingliang/13_v021_f000745.jpg,13,205,train,panda,ipanda50,giant panda,session_reid,v021,,745,13:v021,,
13_jingliang/13_v023_f000005.jpg,13,206,train,panda,ipanda50,giant panda,session_reid,v023,,5,13:v023,,
13_jingliang/13_v023_f001605.jpg,13,206,train,panda,ipanda50,giant panda,session_reid,v023,,1605,13:v023,,
13_jingliang/13_v023_f001805.jpg,13,206,train,panda,ipanda50,giant panda,session_reid,v023,,1805,13:v023,,
13_jingliang/13_v023_f001825.jpg,13,206,train,panda,ipanda50,giant panda,session_reid,v023,,1825,13:v023,,
13_jingliang/13_v023_f001875.jpg,13,206,train,panda,ipanda50,giant panda,session_reid,v023,,1875,13:v023,,
13_jingliang/13_v023_f001920.jpg,13,206,train,panda,ipanda50,giant panda,session_reid,v023,,1920,13:v023,,
13_jingliang/13_v023_f001975.jpg,13,206,train,panda,ipanda50,giant panda,session_reid,v023,,1975,13:v023,,
13_jingliang/13_v023_f002005.jpg,13,206,train,panda,ipanda50,giant panda,session_reid,v023,,2005,13:v023,,
13_jingliang/13_v023_f002135.jpg,13,206,train,panda,ipanda50,giant panda,session_reid,v023,,2135,13:v023,,
13_jingliang/13_v023_f002305.jpg,13,206,train,panda,ipanda50,giant panda,session_reid,v023,,2305,13:v023,,
13_jingliang/13_v023_f002345.jpg,13,206,train,panda,ipanda50,giant panda,session_reid,v023,,2345,13:v023,,
13_jingliang/13_v023_f002580.jpg,13,206,train,panda,ipanda50,giant panda,session_reid,v023,,2580,13:v023,,
13_jingliang/13_v023_f004505.jpg,13,206,train,panda,ipanda50,giant panda,session_reid,v023,,4505,13:v023,,
13_jingliang/13_v023_f005105.jpg,13,206,train,panda,ipanda50,giant panda,session_reid,v023,,5105,13:v023,,
13_jingliang/13_v023_f005130.jpg,13,206,train,panda,ipanda50,giant panda,session_reid,v023,,5130,13:v023,,
13_jingliang/13_v023_f005160.jpg,13,206,train,panda,ipanda50,giant panda,session_reid,v023,,5160,13:v023,,
13_jingliang/13_v023_f005205.jpg,13,206,train,panda,ipanda50,giant panda,session_reid,v023,,5205,13:v023,,
13_jingliang/13_v023_f005485.jpg,13,206,train,panda,ipanda50,giant panda,session_reid,v023,,5485,13:v023,,
13_jingliang/13_v023_f005535.jpg,13,206,train,panda,ipanda50,giant panda,session_reid,v023,,5535,13:v023,,
13_jingliang/13_v024_f000685.jpg,13,207,train,panda,ipanda50,giant panda,session_reid,v024,,685,13:v024,,
13_jingliang/13_v024_f000735.jpg,13,207,train,panda,ipanda50,giant panda,session_reid,v024,,735,13:v024,,
13_jingliang/13_v024_f000785.jpg,13,207,train,panda,ipanda50,giant panda,session_reid,v024,,785,13:v024,,
13_jingliang/13_v024_f000865.jpg,13,207,train,panda,ipanda50,giant panda,session_reid,v024,,865,13:v024,,
13_jingliang/13_v024_f000875.jpg,13,207,train,panda,ipanda50,giant panda,session_reid,v024,,875,13:v024,,
13_jingliang/13_v024_f000970.jpg,13,207,train,panda,ipanda50,giant panda,session_reid,v024,,970,13:v024,,
13_jingliang/13_v024_f001670.jpg,13,207,train,panda,ipanda50,giant panda,session_reid,v024,,1670,13:v024,,
13_jingliang/13_v024_f001725.jpg,13,207,train,panda,ipanda50,giant panda,session_reid,v024,,1725,13:v024,,
13_jingliang/13_v024_f001750.jpg,13,207,train,panda,ipanda50,giant panda,session_reid,v024,,1750,13:v024,,
13_jingliang/13_v024_f002060.jpg,13,207,train,panda,ipanda50,giant panda,session_reid,v024,,2060,13:v024,,
13_jingliang/13_v024_f002700.jpg,13,207,train,panda,ipanda50,giant panda,session_reid,v024,,2700,13:v024,,
13_jingliang/13_v024_f002725.jpg,13,207,train,panda,ipanda50,giant panda,session_reid,v024,,2725,13:v024,,
13_jingliang/13_v024_f003255.jpg,13,207,train,panda,ipanda50,giant panda,session_reid,v024,,3255,13:v024,,
13_jingliang/13_v025_f001420.jpg,13,208,train,panda,ipanda50,giant panda,session_reid,v025,,1420,13:v025,,
13_jingliang/13_v025_f001515.jpg,13,208,train,panda,ipanda50,giant panda,session_reid,v025,,1515,13:v025,,
13_jingliang/13_v025_f001550.jpg,13,208,train,panda,ipanda50,giant panda,session_reid,v025,,1550,13:v025,,
13_jingliang/13_v025_f001560.jpg,13,208,train,panda,ipanda50,giant panda,session_reid,v025,,1560,13:v025,,
13_jingliang/13_v025_f001580.jpg,13,208,train,panda,ipanda50,giant panda,session_reid,v025,,1580,13:v025,,
13_jingliang/13_v025_f001590.jpg,13,208,train,panda,ipanda50,giant panda,session_reid,v025,,1590,13:v025,,
13_jingliang/13_v025_f001725.jpg,13,208,train,panda,ipanda50,giant panda,session_reid,v025,,1725,13:v025,,
13_jingliang/13_v025_f001775.jpg,13,208,train,panda,ipanda50,giant panda,session_reid,v025,,1775,13:v025,,
13_jingliang/13_v025_f002520.jpg,13,208,train,panda,ipanda50,giant panda,session_reid,v025,,2520,13:v025,,
13_jingliang/13_v025_f002580.jpg,13,208,train,panda,ipanda50,giant panda,session_reid,v025,,2580,13:v025,,
13_jingliang/13_v025_f002810.jpg,13,208,train,panda,ipanda50,giant panda,session_reid,v025,,2810,13:v025,,
13_jingliang/13_v025_f003100.jpg,13,208,train,panda,ipanda50,giant panda,session_reid,v025,,3100,13:v025,,
13_jingliang/13_v025_f003185.jpg,13,208,train,panda,ipanda50,giant panda,session_reid,v025,,3185,13:v025,,
13_jingliang/13_v026_f000360.jpg,13,209,train,panda,ipanda50,giant panda,session_reid,v026,,360,13:v026,,
13_jingliang/13_v026_f002520.jpg,13,209,train,panda,ipanda50,giant panda,session_reid,v026,,2520,13:v026,,
13_jingliang/13_v026_f002580.jpg,13,209,train,panda,ipanda50,giant panda,session_reid,v026,,2580,13:v026,,
13_jingliang/13_v026_f002940.jpg,13,209,train,panda,ipanda50,giant panda,session_reid,v026,,2940,13:v026,,
13_jingliang/13_v027_f000005.jpg,13,210,train,panda,ipanda50,giant panda,session_reid,v027,,5,13:v027,,
13_jingliang/13_v027_f000105.jpg,13,210,train,panda,ipanda50,giant panda,session_reid,v027,,105,13:v027,,
13_jingliang/13_v027_f000215.jpg,13,210,train,panda,ipanda50,giant panda,session_reid,v027,,215,13:v027,,
13_jingliang/13_v027_f000340.jpg,13,210,train,panda,ipanda50,giant panda,session_reid,v027,,340,13:v027,,
13_jingliang/13_v027_f000490.jpg,13,210,train,panda,ipanda50,giant panda,session_reid,v027,,490,13:v027,,
13_jingliang/13_v027_f000555.jpg,13,210,train,panda,ipanda50,giant panda,session_reid,v027,,555,13:v027,,
13_jingliang/13_v027_f000925.jpg,13,210,train,panda,ipanda50,giant panda,session_reid,v027,,925,13:v027,,
13_jingliang/13_v027_f001190.jpg,13,210,train,panda,ipanda50,giant panda,session_reid,v027,,1190,13:v027,,
13_jingliang/13_v027_f001225.jpg,13,210,train,panda,ipanda50,giant panda,session_reid,v027,,1225,13:v027,,
13_jingliang/13_v027_f002020.jpg,13,210,train,panda,ipanda50,giant panda,session_reid,v027,,2020,13:v027,,
13_jingliang/13_v029_f000035.jpg,13,211,train,panda,ipanda50,giant panda,session_reid,v029,,35,13:v029,,
13_jingliang/13_v029_f000410.jpg,13,211,train,panda,ipanda50,giant panda,session_reid,v029,,410,13:v029,,
13_jingliang/13_v029_f000460.jpg,13,211,train,panda,ipanda50,giant panda,session_reid,v029,,460,13:v029,,
13_jingliang/13_v029_f004045.jpg,13,211,train,panda,ipanda50,giant panda,session_reid,v029,,4045,13:v029,,
13_jingliang/13_v030_f000005.jpg,13,212,train,panda,ipanda50,giant panda,session_reid,v030,,5,13:v030,,
13_jingliang/13_v030_f000240.jpg,13,212,train,panda,ipanda50,giant panda,session_reid,v030,,240,13:v030,,
13_jingliang/13_v030_f000255.jpg,13,212,train,panda,ipanda50,giant panda,session_reid,v030,,255,13:v030,,
13_jingliang/13_v030_f000325.jpg,13,212,train,panda,ipanda50,giant panda,session_reid,v030,,325,13:v030,,
13_jingliang/13_v030_f000895.jpg,13,212,train,panda,ipanda50,giant panda,session_reid,v030,,895,13:v030,,
13_jingliang/13_v030_f001435.jpg,13,212,train,panda,ipanda50,giant panda,session_reid,v030,,1435,13:v030,,
13_jingliang/13_v039_f000005.jpg,13,213,train,panda,ipanda50,giant panda,session_reid,v039,,5,13:v039,,
13_jingliang/13_v039_f001565.jpg,13,213,train,panda,ipanda50,giant panda,session_reid,v039,,1565,13:v039,,
13_jingliang/13_v039_f001750.jpg,13,213,train,panda,ipanda50,giant panda,session_reid,v039,,1750,13:v039,,
13_jingliang/13_v045_f000390.jpg,13,214,train,panda,ipanda50,giant panda,session_reid,v045,,390,13:v045,,
13_jingliang/13_v045_f000840.jpg,13,214,train,panda,ipanda50,giant panda,session_reid,v045,,840,13:v045,,
13_jingliang/13_v045_f002475.jpg,13,214,train,panda,ipanda50,giant panda,session_reid,v045,,2475,13:v045,,
13_jingliang/13_v045_f002760.jpg,13,214,train,panda,ipanda50,giant panda,session_reid,v045,,2760,13:v045,,
13_jingliang/13_v047_f000025.jpg,13,215,train,panda,ipanda50,giant panda,session_reid,v047,,25,13:v047,,
13_jingliang/13_v047_f000155.jpg,13,215,train,panda,ipanda50,giant panda,session_reid,v047,,155,13:v047,,
13_jingliang/13_v047_f000525.jpg,13,215,train,panda,ipanda50,giant panda,session_reid,v047,,525,13:v047,,
13_jingliang/13_v048_f001840.jpg,13,216,train,panda,ipanda50,giant panda,session_reid,v048,,1840,13:v048,,
13_jingliang/13_v048_f001920.jpg,13,216,train,panda,ipanda50,giant panda,session_reid,v048,,1920,13:v048,,
13_jingliang/13_v048_f002255.jpg,13,216,train,panda,ipanda50,giant panda,session_reid,v048,,2255,13:v048,,
13_jingliang/13_v048_f002605.jpg,13,216,train,panda,ipanda50,giant panda,session_reid,v048,,2605,13:v048,,
13_jingliang/13_v048_f002705.jpg,13,216,train,panda,ipanda50,giant panda,session_reid,v048,,2705,13:v048,,
13_jingliang/13_v048_f002720.jpg,13,216,train,panda,ipanda50,giant panda,session_reid,v048,,2720,13:v048,,
13_jingliang/13_v048_f002965.jpg,13,216,train,panda,ipanda50,giant panda,session_reid,v048,,2965,13:v048,,
13_jingliang/13_v052_f001230.jpg,13,217,train,panda,ipanda50,giant panda,session_reid,v052,,1230,13:v052,,
13_jingliang/13_v052_f001290.jpg,13,217,train,panda,ipanda50,giant panda,session_reid,v052,,1290,13:v052,,
13_jingliang/13_v052_f001740.jpg,13,217,train,panda,ipanda50,giant panda,session_reid,v052,,1740,13:v052,,
13_jingliang/13_v052_f001830.jpg,13,217,train,panda,ipanda50,giant panda,session_reid,v052,,1830,13:v052,,
13_jingliang/13_v052_f001890.jpg,13,217,train,panda,ipanda50,giant panda,session_reid,v052,,1890,13:v052,,
13_jingliang/13_v052_f002070.jpg,13,217,train,panda,ipanda50,giant panda,session_reid,v052,,2070,13:v052,,
13_jingliang/13_v052_f002205.jpg,13,217,train,panda,ipanda50,giant panda,session_reid,v052,,2205,13:v052,,
13_jingliang/13_v052_f002375.jpg,13,217,train,panda,ipanda50,giant panda,session_reid,v052,,2375,13:v052,,
13_jingliang/13_v053_f000375.jpg,13,218,train,panda,ipanda50,giant panda,session_reid,v053,,375,13:v053,,
13_jingliang/13_v053_f000470.jpg,13,218,train,panda,ipanda50,giant panda,session_reid,v053,,470,13:v053,,
13_jingliang/13_v053_f000545.jpg,13,218,train,panda,ipanda50,giant panda,session_reid,v053,,545,13:v053,,
13_jingliang/13_v055_f000010.jpg,13,219,train,panda,ipanda50,giant panda,session_reid,v055,,10,13:v055,,
13_jingliang/13_v055_f000315.jpg,13,219,train,panda,ipanda50,giant panda,session_reid,v055,,315,13:v055,,
13_jingliang/13_v055_f001400.jpg,13,219,train,panda,ipanda50,giant panda,session_reid,v055,,1400,13:v055,,
13_jingliang/13_v055_f003230.jpg,13,219,train,panda,ipanda50,giant panda,session_reid,v055,,3230,13:v055,,
13_jingliang/13_v056_f000005.jpg,13,220,train,panda,ipanda50,giant panda,session_reid,v056,,5,13:v056,,
13_jingliang/13_v056_f000520.jpg,13,220,train,panda,ipanda50,giant panda,session_reid,v056,,520,13:v056,,
13_jingliang/13_v058_f000550.jpg,13,221,train,panda,ipanda50,giant panda,session_reid,v058,,550,13:v058,,
13_jingliang/13_v058_f000725.jpg,13,221,train,panda,ipanda50,giant panda,session_reid,v058,,725,13:v058,,
13_jingliang/13_v058_f002350.jpg,13,221,train,panda,ipanda50,giant panda,session_reid,v058,,2350,13:v058,,
13_jingliang/13_v058_f002575.jpg,13,221,train,panda,ipanda50,giant panda,session_reid,v058,,2575,13:v058,,
13_jingliang/13_v058_f002665.jpg,13,221,train,panda,ipanda50,giant panda,session_reid,v058,,2665,13:v058,,
13_jingliang/13_v058_f002980.jpg,13,221,train,panda,ipanda50,giant panda,session_reid,v058,,2980,13:v058,,
13_jingliang/13_v061_f000060.jpg,13,222,train,panda,ipanda50,giant panda,session_reid,v061,,60,13:v061,,
13_jingliang/13_v061_f000070.jpg,13,222,train,panda,ipanda50,giant panda,session_reid,v061,,70,13:v061,,
13_jingliang/13_v061_f000300.jpg,13,222,train,panda,ipanda50,giant panda,session_reid,v061,,300,13:v061,,
13_jingliang/13_v061_f000370.jpg,13,222,train,panda,ipanda50,giant panda,session_reid,v061,,370,13:v061,,
13_jingliang/13_v061_f000565.jpg,13,222,train,panda,ipanda50,giant panda,session_reid,v061,,565,13:v061,,
13_jingliang/13_v061_f000680.jpg,13,222,train,panda,ipanda50,giant panda,session_reid,v061,,680,13:v061,,
13_jingliang/13_v061_f000725.jpg,13,222,train,panda,ipanda50,giant panda,session_reid,v061,,725,13:v061,,
13_jingliang/13_v065_f000115.jpg,13,223,train,panda,ipanda50,giant panda,session_reid,v065,,115,13:v065,,
13_jingliang/13_v065_f000170.jpg,13,223,train,panda,ipanda50,giant panda,session_reid,v065,,170,13:v065,,
13_jingliang/13_v065_f000205.jpg,13,223,train,panda,ipanda50,giant panda,session_reid,v065,,205,13:v065,,
13_jingliang/13_v067_f000570.jpg,13,224,train,panda,ipanda50,giant panda,session_reid,v067,,570,13:v067,,
13_jingliang/13_v067_f001125.jpg,13,224,train,panda,ipanda50,giant panda,session_reid,v067,,1125,13:v067,,
13_jingliang/13_v067_f001615.jpg,13,224,train,panda,ipanda50,giant panda,session_reid,v067,,1615,13:v067,,
13_jingliang/13_v067_f002570.jpg,13,224,train,panda,ipanda50,giant panda,session_reid,v067,,2570,13:v067,,
13_jingliang/13_v068_f000325.jpg,13,225,train,panda,ipanda50,giant panda,session_reid,v068,,325,13:v068,,
13_jingliang/13_v068_f000475.jpg,13,225,train,panda,ipanda50,giant panda,session_reid,v068,,475,13:v068,,
13_jingliang/13_v068_f000575.jpg,13,225,train,panda,ipanda50,giant panda,session_reid,v068,,575,13:v068,,
13_jingliang/13_v068_f000720.jpg,13,225,train,panda,ipanda50,giant panda,session_reid,v068,,720,13:v068,,
13_jingliang/13_v068_f000935.jpg,13,225,train,panda,ipanda50,giant panda,session_reid,v068,,935,13:v068,,
13_jingliang/13_v068_f000980.jpg,13,225,train,panda,ipanda50,giant panda,session_reid,v068,,980,13:v068,,
13_jingliang/13_v068_f001015.jpg,13,225,train,panda,ipanda50,giant panda,session_reid,v068,,1015,13:v068,,
13_jingliang/13_v068_f001055.jpg,13,225,train,panda,ipanda50,giant panda,session_reid,v068,,1055,13:v068,,
13_jingliang/13_v068_f001230.jpg,13,225,train,panda,ipanda50,giant panda,session_reid,v068,,1230,13:v068,,
13_jingliang/13_v068_f001260.jpg,13,225,train,panda,ipanda50,giant panda,session_reid,v068,,1260,13:v068,,
13_jingliang/13_v068_f001505.jpg,13,225,train,panda,ipanda50,giant panda,session_reid,v068,,1505,13:v068,,
13_jingliang/13_v068_f001730.jpg,13,225,train,panda,ipanda50,giant panda,session_reid,v068,,1730,13:v068,,
13_jingliang/13_v068_f001775.jpg,13,225,train,panda,ipanda50,giant panda,session_reid,v068,,1775,13:v068,,
13_jingliang/13_v068_f001805.jpg,13,225,train,panda,ipanda50,giant panda,session_reid,v068,,1805,13:v068,,
13_jingliang/13_v068_f001825.jpg,13,225,train,panda,ipanda50,giant panda,session_reid,v068,,1825,13:v068,,
13_jingliang/13_v068_f001905.jpg,13,225,train,panda,ipanda50,giant panda,session_reid,v068,,1905,13:v068,,
13_jingliang/13_v068_f001980.jpg,13,225,train,panda,ipanda50,giant panda,session_reid,v068,,1980,13:v068,,
13_jingliang/13_v068_f002060.jpg,13,225,train,panda,ipanda50,giant panda,session_reid,v068,,2060,13:v068,,
13_jingliang/13_v068_f002680.jpg,13,225,train,panda,ipanda50,giant panda,session_reid,v068,,2680,13:v068,,
13_jingliang/13_v068_f002755.jpg,13,225,train,panda,ipanda50,giant panda,session_reid,v068,,2755,13:v068,,
13_jingliang/13_v069_f000230.jpg,13,226,train,panda,ipanda50,giant panda,session_reid,v069,,230,13:v069,,
13_jingliang/13_v069_f001945.jpg,13,226,train,panda,ipanda50,giant panda,session_reid,v069,,1945,13:v069,,
13_jingliang/13_v070_f000840.jpg,13,227,train,panda,ipanda50,giant panda,session_reid,v070,,840,13:v070,,
13_jingliang/13_v070_f001015.jpg,13,227,train,panda,ipanda50,giant panda,session_reid,v070,,1015,13:v070,,
13_jingliang/13_v070_f001260.jpg,13,227,train,panda,ipanda50,giant panda,session_reid,v070,,1260,13:v070,,
13_jingliang/13_v073_f000435.jpg,13,228,train,panda,ipanda50,giant panda,session_reid,v073,,435,13:v073,,
13_jingliang/13_v073_f000675.jpg,13,228,train,panda,ipanda50,giant panda,session_reid,v073,,675,13:v073,,
13_jingliang/13_v073_f000840.jpg,13,228,train,panda,ipanda50,giant panda,session_reid,v073,,840,13:v073,,
13_jingliang/13_v073_f001010.jpg,13,228,train,panda,ipanda50,giant panda,session_reid,v073,,1010,13:v073,,
13_jingliang/13_v073_f001105.jpg,13,228,train,panda,ipanda50,giant panda,session_reid,v073,,1105,13:v073,,
13_jingliang/13_v073_f001160.jpg,13,228,train,panda,ipanda50,giant panda,session_reid,v073,,1160,13:v073,,
13_jingliang/13_v073_f001220.jpg,13,228,train,panda,ipanda50,giant panda,session_reid,v073,,1220,13:v073,,
13_jingliang/13_v073_f001300.jpg,13,228,train,panda,ipanda50,giant panda,session_reid,v073,,1300,13:v073,,
13_jingliang/13_v073_f001715.jpg,13,228,train,panda,ipanda50,giant panda,session_reid,v073,,1715,13:v073,,
13_jingliang/13_v073_f002335.jpg,13,228,train,panda,ipanda50,giant panda,session_reid,v073,,2335,13:v073,,
13_jingliang/13_v073_f002530.jpg,13,228,train,panda,ipanda50,giant panda,session_reid,v073,,2530,13:v073,,
13_jingliang/13_v073_f002730.jpg,13,228,train,panda,ipanda50,giant panda,session_reid,v073,,2730,13:v073,,
13_jingliang/13_v074_f000220.jpg,13,229,train,panda,ipanda50,giant panda,session_reid,v074,,220,13:v074,,
13_jingliang/13_v074_f001560.jpg,13,229,train,panda,ipanda50,giant panda,session_reid,v074,,1560,13:v074,,
13_jingliang/13_v074_f001890.jpg,13,229,train,panda,ipanda50,giant panda,session_reid,v074,,1890,13:v074,,
13_jingliang/13_v074_f001970.jpg,13,229,train,panda,ipanda50,giant panda,session_reid,v074,,1970,13:v074,,
13_jingliang/13_v075_f000005.jpg,13,230,train,panda,ipanda50,giant panda,session_reid,v075,,5,13:v075,,
13_jingliang/13_v075_f000065.jpg,13,230,train,panda,ipanda50,giant panda,session_reid,v075,,65,13:v075,,
13_jingliang/13_v075_f000105.jpg,13,230,train,panda,ipanda50,giant panda,session_reid,v075,,105,13:v075,,
13_jingliang/13_v075_f000295.jpg,13,230,train,panda,ipanda50,giant panda,session_reid,v075,,295,13:v075,,
13_jingliang/13_v075_f000405.jpg,13,230,train,panda,ipanda50,giant panda,session_reid,v075,,405,13:v075,,
13_jingliang/13_v075_f000705.jpg,13,230,train,panda,ipanda50,giant panda,session_reid,v075,,705,13:v075,,
13_jingliang/13_v075_f000770.jpg,13,230,train,panda,ipanda50,giant panda,session_reid,v075,,770,13:v075,,
13_jingliang/13_v075_f000785.jpg,13,230,train,panda,ipanda50,giant panda,session_reid,v075,,785,13:v075,,
13_jingliang/13_v075_f000910.jpg,13,230,train,panda,ipanda50,giant panda,session_reid,v075,,910,13:v075,,
13_jingliang/13_v075_f001120.jpg,13,230,train,panda,ipanda50,giant panda,session_reid,v075,,1120,13:v075,,
13_jingliang/13_v075_f001205.jpg,13,230,train,panda,ipanda50,giant panda,session_reid,v075,,1205,13:v075,,
13_jingliang/13_v077_f000005.jpg,13,231,train,panda,ipanda50,giant panda,session_reid,v077,,5,13:v077,,
13_jingliang/13_v077_f000380.jpg,13,231,train,panda,ipanda50,giant panda,session_reid,v077,,380,13:v077,,
13_jingliang/13_v077_f000830.jpg,13,231,train,panda,ipanda50,giant panda,session_reid,v077,,830,13:v077,,
13_jingliang/13_v077_f000895.jpg,13,231,train,panda,ipanda50,giant panda,session_reid,v077,,895,13:v077,,
13_jingliang/13_v077_f001030.jpg,13,231,train,panda,ipanda50,giant panda,session_reid,v077,,1030,13:v077,,
13_jingliang/13_v077_f001340.jpg,13,231,train,panda,ipanda50,giant panda,session_reid,v077,,1340,13:v077,,
13_jingliang/13_v077_f001405.jpg,13,231,train,panda,ipanda50,giant panda,session_reid,v077,,1405,13:v077,,
13_jingliang/13_v077_f001635.jpg,13,231,train,panda,ipanda50,giant panda,session_reid,v077,,1635,13:v077,,
13_jingliang/13_v077_f002175.jpg,13,231,train,panda,ipanda50,giant panda,session_reid,v077,,2175,13:v077,,
13_jingliang/13_v077_f002400.jpg,13,231,train,panda,ipanda50,giant panda,session_reid,v077,,2400,13:v077,,
13_jingliang/13_v077_f002835.jpg,13,231,train,panda,ipanda50,giant panda,session_reid,v077,,2835,13:v077,,
13_jingliang/13_v077_f003065.jpg,13,231,train,panda,ipanda50,giant panda,session_reid,v077,,3065,13:v077,,
13_jingliang/13_v077_f003225.jpg,13,231,train,panda,ipanda50,giant panda,session_reid,v077,,3225,13:v077,,
13_jingliang/13_v077_f003290.jpg,13,231,train,panda,ipanda50,giant panda,session_reid,v077,,3290,13:v077,,
13_jingliang/13_v080_f000005.jpg,13,232,train,panda,ipanda50,giant panda,session_reid,v080,,5,13:v080,,
13_jingliang/13_v080_f000160.jpg,13,232,train,panda,ipanda50,giant panda,session_reid,v080,,160,13:v080,,
13_jingliang/13_v080_f000375.jpg,13,232,train,panda,ipanda50,giant panda,session_reid,v080,,375,13:v080,,
13_jingliang/13_v080_f000435.jpg,13,232,train,panda,ipanda50,giant panda,session_reid,v080,,435,13:v080,,
13_jingliang/13_v080_f000495.jpg,13,232,train,panda,ipanda50,giant panda,session_reid,v080,,495,13:v080,,
13_jingliang/13_v080_f001440.jpg,13,232,train,panda,ipanda50,giant panda,session_reid,v080,,1440,13:v080,,
13_jingliang/13_v080_f001950.jpg,13,232,train,panda,ipanda50,giant panda,session_reid,v080,,1950,13:v080,,
13_jingliang/13_v082_f000185.jpg,13,233,train,panda,ipanda50,giant panda,session_reid,v082,,185,13:v082,,
13_jingliang/13_v082_f000435.jpg,13,233,train,panda,ipanda50,giant panda,session_reid,v082,,435,13:v082,,
13_jingliang/13_v082_f000505.jpg,13,233,train,panda,ipanda50,giant panda,session_reid,v082,,505,13:v082,,
13_jingliang/13_v082_f000865.jpg,13,233,train,panda,ipanda50,giant panda,session_reid,v082,,865,13:v082,,
13_jingliang/13_v082_f001765.jpg,13,233,train,panda,ipanda50,giant panda,session_reid,v082,,1765,13:v082,,
13_jingliang/13_v083_f000340.jpg,13,234,train,panda,ipanda50,giant panda,session_reid,v083,,340,13:v083,,
13_jingliang/13_v083_f000455.jpg,13,234,train,panda,ipanda50,giant panda,session_reid,v083,,455,13:v083,,
13_jingliang/13_v086_f000005.jpg,13,235,train,panda,ipanda50,giant panda,session_reid,v086,,5,13:v086,,
13_jingliang/13_v086_f000105.jpg,13,235,train,panda,ipanda50,giant panda,session_reid,v086,,105,13:v086,,
13_jingliang/13_v086_f000245.jpg,13,235,train,panda,ipanda50,giant panda,session_reid,v086,,245,13:v086,,
13_jingliang/13_v086_f000325.jpg,13,235,train,panda,ipanda50,giant panda,session_reid,v086,,325,13:v086,,
13_jingliang/13_v086_f000505.jpg,13,235,train,panda,ipanda50,giant panda,session_reid,v086,,505,13:v086,,
13_jingliang/13_v087_f000035.jpg,13,236,train,panda,ipanda50,giant panda,session_reid,v087,,35,13:v087,,
13_jingliang/13_v087_f000190.jpg,13,236,train,panda,ipanda50,giant panda,session_reid,v087,,190,13:v087,,
13_jingliang/13_v087_f001270.jpg,13,236,train,panda,ipanda50,giant panda,session_reid,v087,,1270,13:v087,,
13_jingliang/13_v087_f001390.jpg,13,236,train,panda,ipanda50,giant panda,session_reid,v087,,1390,13:v087,,
13_jingliang/13_v088_f000320.jpg,13,237,train,panda,ipanda50,giant panda,session_reid,v088,,320,13:v088,,
13_jingliang/13_v088_f000690.jpg,13,237,train,panda,ipanda50,giant panda,session_reid,v088,,690,13:v088,,
13_jingliang/13_v088_f001010.jpg,13,237,train,panda,ipanda50,giant panda,session_reid,v088,,1010,13:v088,,
14_maodou/14_v002_f000005.jpg,14,238,train,panda,ipanda50,giant panda,session_reid,v002,,5,14:v002,,
14_maodou/14_v002_f000120.jpg,14,238,train,panda,ipanda50,giant panda,session_reid,v002,,120,14:v002,,
14_maodou/14_v002_f000180.jpg,14,238,train,panda,ipanda50,giant panda,session_reid,v002,,180,14:v002,,
14_maodou/14_v002_f000600.jpg,14,238,train,panda,ipanda50,giant panda,session_reid,v002,,600,14:v002,,
14_maodou/14_v002_f000795.jpg,14,238,train,panda,ipanda50,giant panda,session_reid,v002,,795,14:v002,,
14_maodou/14_v002_f001495.jpg,14,238,train,panda,ipanda50,giant panda,session_reid,v002,,1495,14:v002,,
14_maodou/14_v002_f001545.jpg,14,238,train,panda,ipanda50,giant panda,session_reid,v002,,1545,14:v002,,
14_maodou/14_v002_f001905.jpg,14,238,train,panda,ipanda50,giant panda,session_reid,v002,,1905,14:v002,,
14_maodou/14_v003_f000005.jpg,14,239,train,panda,ipanda50,giant panda,session_reid,v003,,5,14:v003,,
14_maodou/14_v003_f000035.jpg,14,239,train,panda,ipanda50,giant panda,session_reid,v003,,35,14:v003,,
14_maodou/14_v003_f000355.jpg,14,239,train,panda,ipanda50,giant panda,session_reid,v003,,355,14:v003,,
14_maodou/14_v003_f000465.jpg,14,239,train,panda,ipanda50,giant panda,session_reid,v003,,465,14:v003,,
14_maodou/14_v003_f000710.jpg,14,239,train,panda,ipanda50,giant panda,session_reid,v003,,710,14:v003,,
14_maodou/14_v003_f000755.jpg,14,239,train,panda,ipanda50,giant panda,session_reid,v003,,755,14:v003,,
14_maodou/14_v004_f000005.jpg,14,240,train,panda,ipanda50,giant panda,session_reid,v004,,5,14:v004,,
14_maodou/14_v004_f000710.jpg,14,240,train,panda,ipanda50,giant panda,session_reid,v004,,710,14:v004,,
14_maodou/14_v004_f000810.jpg,14,240,train,panda,ipanda50,giant panda,session_reid,v004,,810,14:v004,,
14_maodou/14_v004_f000920.jpg,14,240,train,panda,ipanda50,giant panda,session_reid,v004,,920,14:v004,,
14_maodou/14_v004_f001330.jpg,14,240,train,panda,ipanda50,giant panda,session_reid,v004,,1330,14:v004,,
14_maodou/14_v004_f001340.jpg,14,240,train,panda,ipanda50,giant panda,session_reid,v004,,1340,14:v004,,
14_maodou/14_v004_f001365.jpg,14,240,train,panda,ipanda50,giant panda,session_reid,v004,,1365,14:v004,,
14_maodou/14_v004_f001480.jpg,14,240,train,panda,ipanda50,giant panda,session_reid,v004,,1480,14:v004,,
14_maodou/14_v007_f000115.jpg,14,241,train,panda,ipanda50,giant panda,session_reid,v007,,115,14:v007,,
14_maodou/14_v007_f000220.jpg,14,241,train,panda,ipanda50,giant panda,session_reid,v007,,220,14:v007,,
14_maodou/14_v007_f000270.jpg,14,241,train,panda,ipanda50,giant panda,session_reid,v007,,270,14:v007,,
14_maodou/14_v007_f000480.jpg,14,241,train,panda,ipanda50,giant panda,session_reid,v007,,480,14:v007,,
14_maodou/14_v007_f000610.jpg,14,241,train,panda,ipanda50,giant panda,session_reid,v007,,610,14:v007,,
14_maodou/14_v007_f000695.jpg,14,241,train,panda,ipanda50,giant panda,session_reid,v007,,695,14:v007,,
14_maodou/14_v008_f000005.jpg,14,242,train,panda,ipanda50,giant panda,session_reid,v008,,5,14:v008,,
14_maodou/14_v008_f000085.jpg,14,242,train,panda,ipanda50,giant panda,session_reid,v008,,85,14:v008,,
14_maodou/14_v008_f000320.jpg,14,242,train,panda,ipanda50,giant panda,session_reid,v008,,320,14:v008,,
14_maodou/14_v008_f000795.jpg,14,242,train,panda,ipanda50,giant panda,session_reid,v008,,795,14:v008,,
14_maodou/14_v008_f001450.jpg,14,242,train,panda,ipanda50,giant panda,session_reid,v008,,1450,14:v008,,
14_maodou/14_v008_f001660.jpg,14,242,train,panda,ipanda50,giant panda,session_reid,v008,,1660,14:v008,,
14_maodou/14_v008_f001790.jpg,14,242,train,panda,ipanda50,giant panda,session_reid,v008,,1790,14:v008,,
14_maodou/14_v008_f001845.jpg,14,242,train,panda,ipanda50,giant panda,session_reid,v008,,1845,14:v008,,
14_maodou/14_v008_f001885.jpg,14,242,train,panda,ipanda50,giant panda,session_reid,v008,,1885,14:v008,,
14_maodou/14_v008_f001905.jpg,14,242,train,panda,ipanda50,giant panda,session_reid,v008,,1905,14:v008,,
14_maodou/14_v008_f002090.jpg,14,242,train,panda,ipanda50,giant panda,session_reid,v008,,2090,14:v008,,
14_maodou/14_v008_f002190.jpg,14,242,train,panda,ipanda50,giant panda,session_reid,v008,,2190,14:v008,,
14_maodou/14_v009_f000005.jpg,14,243,train,panda,ipanda50,giant panda,session_reid,v009,,5,14:v009,,
14_maodou/14_v010_f000005.jpg,14,244,train,panda,ipanda50,giant panda,session_reid,v010,,5,14:v010,,
14_maodou/14_v010_f000255.jpg,14,244,train,panda,ipanda50,giant panda,session_reid,v010,,255,14:v010,,
14_maodou/14_v010_f000330.jpg,14,244,train,panda,ipanda50,giant panda,session_reid,v010,,330,14:v010,,
14_maodou/14_v010_f000505.jpg,14,244,train,panda,ipanda50,giant panda,session_reid,v010,,505,14:v010,,
14_maodou/14_v010_f000555.jpg,14,244,train,panda,ipanda50,giant panda,session_reid,v010,,555,14:v010,,
14_maodou/14_v010_f000745.jpg,14,244,train,panda,ipanda50,giant panda,session_reid,v010,,745,14:v010,,
14_maodou/14_v010_f000820.jpg,14,244,train,panda,ipanda50,giant panda,session_reid,v010,,820,14:v010,,
14_maodou/14_v010_f000840.jpg,14,244,train,panda,ipanda50,giant panda,session_reid,v010,,840,14:v010,,
14_maodou/14_v010_f000855.jpg,14,244,train,panda,ipanda50,giant panda,session_reid,v010,,855,14:v010,,
14_maodou/14_v010_f000885.jpg,14,244,train,panda,ipanda50,giant panda,session_reid,v010,,885,14:v010,,
14_maodou/14_v010_f000905.jpg,14,244,train,panda,ipanda50,giant panda,session_reid,v010,,905,14:v010,,
14_maodou/14_v010_f000950.jpg,14,244,train,panda,ipanda50,giant panda,session_reid,v010,,950,14:v010,,
14_maodou/14_v010_f001005.jpg,14,244,train,panda,ipanda50,giant panda,session_reid,v010,,1005,14:v010,,
14_maodou/14_v010_f001110.jpg,14,244,train,panda,ipanda50,giant panda,session_reid,v010,,1110,14:v010,,
14_maodou/14_v010_f001160.jpg,14,244,train,panda,ipanda50,giant panda,session_reid,v010,,1160,14:v010,,
14_maodou/14_v011_f000005.jpg,14,245,train,panda,ipanda50,giant panda,session_reid,v011,,5,14:v011,,
14_maodou/14_v011_f000585.jpg,14,245,train,panda,ipanda50,giant panda,session_reid,v011,,585,14:v011,,
14_maodou/14_v011_f000630.jpg,14,245,train,panda,ipanda50,giant panda,session_reid,v011,,630,14:v011,,
14_maodou/14_v011_f000655.jpg,14,245,train,panda,ipanda50,giant panda,session_reid,v011,,655,14:v011,,
14_maodou/14_v012_f000765.jpg,14,246,train,panda,ipanda50,giant panda,session_reid,v012,,765,14:v012,,
14_maodou/14_v012_f001010.jpg,14,246,train,panda,ipanda50,giant panda,session_reid,v012,,1010,14:v012,,
14_maodou/14_v013_f000005.jpg,14,247,train,panda,ipanda50,giant panda,session_reid,v013,,5,14:v013,,
14_maodou/14_v013_f000845.jpg,14,247,train,panda,ipanda50,giant panda,session_reid,v013,,845,14:v013,,
14_maodou/14_v013_f000855.jpg,14,247,train,panda,ipanda50,giant panda,session_reid,v013,,855,14:v013,,
14_maodou/14_v013_f000930.jpg,14,247,train,panda,ipanda50,giant panda,session_reid,v013,,930,14:v013,,
14_maodou/14_v014_f000045.jpg,14,248,train,panda,ipanda50,giant panda,session_reid,v014,,45,14:v014,,
14_maodou/14_v014_f000180.jpg,14,248,train,panda,ipanda50,giant panda,session_reid,v014,,180,14:v014,,
14_maodou/14_v014_f000200.jpg,14,248,train,panda,ipanda50,giant panda,session_reid,v014,,200,14:v014,,
14_maodou/14_v014_f000295.jpg,14,248,train,panda,ipanda50,giant panda,session_reid,v014,,295,14:v014,,
14_maodou/14_v014_f000370.jpg,14,248,train,panda,ipanda50,giant panda,session_reid,v014,,370,14:v014,,
14_maodou/14_v014_f000420.jpg,14,248,train,panda,ipanda50,giant panda,session_reid,v014,,420,14:v014,,
14_maodou/14_v015_f000010.jpg,14,249,train,panda,ipanda50,giant panda,session_reid,v015,,10,14:v015,,
14_maodou/14_v015_f000090.jpg,14,249,train,panda,ipanda50,giant panda,session_reid,v015,,90,14:v015,,
14_maodou/14_v015_f000215.jpg,14,249,train,panda,ipanda50,giant panda,session_reid,v015,,215,14:v015,,
14_maodou/14_v015_f000255.jpg,14,249,train,panda,ipanda50,giant panda,session_reid,v015,,255,14:v015,,
14_maodou/14_v015_f000295.jpg,14,249,train,panda,ipanda50,giant panda,session_reid,v015,,295,14:v015,,
14_maodou/14_v015_f000325.jpg,14,249,train,panda,ipanda50,giant panda,session_reid,v015,,325,14:v015,,
14_maodou/14_v015_f000410.jpg,14,249,train,panda,ipanda50,giant panda,session_reid,v015,,410,14:v015,,
14_maodou/14_v015_f000455.jpg,14,249,train,panda,ipanda50,giant panda,session_reid,v015,,455,14:v015,,
14_maodou/14_v015_f000515.jpg,14,249,train,panda,ipanda50,giant panda,session_reid,v015,,515,14:v015,,
14_maodou/14_v015_f000590.jpg,14,249,train,panda,ipanda50,giant panda,session_reid,v015,,590,14:v015,,
14_maodou/14_v015_f000675.jpg,14,249,train,panda,ipanda50,giant panda,session_reid,v015,,675,14:v015,,
14_maodou/14_v015_f000705.jpg,14,249,train,panda,ipanda50,giant panda,session_reid,v015,,705,14:v015,,
14_maodou/14_v015_f000865.jpg,14,249,train,panda,ipanda50,giant panda,session_reid,v015,,865,14:v015,,
14_maodou/14_v018_f000195.jpg,14,250,train,panda,ipanda50,giant panda,session_reid,v018,,195,14:v018,,
14_maodou/14_v018_f001135.jpg,14,250,train,panda,ipanda50,giant panda,session_reid,v018,,1135,14:v018,,
14_maodou/14_v019_f000500.jpg,14,251,train,panda,ipanda50,giant panda,session_reid,v019,,500,14:v019,,
14_maodou/14_v019_f001590.jpg,14,251,train,panda,ipanda50,giant panda,session_reid,v019,,1590,14:v019,,
14_maodou/14_v019_f002015.jpg,14,251,train,panda,ipanda50,giant panda,session_reid,v019,,2015,14:v019,,
14_maodou/14_v019_f002610.jpg,14,251,train,panda,ipanda50,giant panda,session_reid,v019,,2610,14:v019,,
14_maodou/14_v019_f002675.jpg,14,251,train,panda,ipanda50,giant panda,session_reid,v019,,2675,14:v019,,
14_maodou/14_v019_f002810.jpg,14,251,train,panda,ipanda50,giant panda,session_reid,v019,,2810,14:v019,,
14_maodou/14_v019_f003305.jpg,14,251,train,panda,ipanda50,giant panda,session_reid,v019,,3305,14:v019,,
14_maodou/14_v019_f004385.jpg,14,251,train,panda,ipanda50,giant panda,session_reid,v019,,4385,14:v019,,
14_maodou/14_v020_f000005.jpg,14,252,train,panda,ipanda50,giant panda,session_reid,v020,,5,14:v020,,
14_maodou/14_v021_f000005.jpg,14,253,train,panda,ipanda50,giant panda,session_reid,v021,,5,14:v021,,
14_maodou/14_v021_f000605.jpg,14,253,train,panda,ipanda50,giant panda,session_reid,v021,,605,14:v021,,
14_maodou/14_v022_f000005.jpg,14,254,train,panda,ipanda50,giant panda,session_reid,v022,,5,14:v022,,
14_maodou/14_v022_f000240.jpg,14,254,train,panda,ipanda50,giant panda,session_reid,v022,,240,14:v022,,
14_maodou/14_v022_f000825.jpg,14,254,train,panda,ipanda50,giant panda,session_reid,v022,,825,14:v022,,
14_maodou/14_v022_f000855.jpg,14,254,train,panda,ipanda50,giant panda,session_reid,v022,,855,14:v022,,
14_maodou/14_v022_f000945.jpg,14,254,train,panda,ipanda50,giant panda,session_reid,v022,,945,14:v022,,
14_maodou/14_v022_f000960.jpg,14,254,train,panda,ipanda50,giant panda,session_reid,v022,,960,14:v022,,
14_maodou/14_v022_f001005.jpg,14,254,train,panda,ipanda50,giant panda,session_reid,v022,,1005,14:v022,,
14_maodou/14_v022_f002000.jpg,14,254,train,panda,ipanda50,giant panda,session_reid,v022,,2000,14:v022,,
14_maodou/14_v023_f000005.jpg,14,255,train,panda,ipanda50,giant panda,session_reid,v023,,5,14:v023,,
14_maodou/14_v023_f000060.jpg,14,255,train,panda,ipanda50,giant panda,session_reid,v023,,60,14:v023,,
14_maodou/14_v023_f000200.jpg,14,255,train,panda,ipanda50,giant panda,session_reid,v023,,200,14:v023,,
14_maodou/14_v023_f000360.jpg,14,255,train,panda,ipanda50,giant panda,session_reid,v023,,360,14:v023,,
14_maodou/14_v023_f001160.jpg,14,255,train,panda,ipanda50,giant panda,session_reid,v023,,1160,14:v023,,
14_maodou/14_v023_f001245.jpg,14,255,train,panda,ipanda50,giant panda,session_reid,v023,,1245,14:v023,,
14_maodou/14_v023_f001485.jpg,14,255,train,panda,ipanda50,giant panda,session_reid,v023,,1485,14:v023,,
14_maodou/14_v025_f000105.jpg,14,256,train,panda,ipanda50,giant panda,session_reid,v025,,105,14:v025,,
14_maodou/14_v025_f001250.jpg,14,256,train,panda,ipanda50,giant panda,session_reid,v025,,1250,14:v025,,
14_maodou/14_v025_f001305.jpg,14,256,train,panda,ipanda50,giant panda,session_reid,v025,,1305,14:v025,,
14_maodou/14_v025_f001330.jpg,14,256,train,panda,ipanda50,giant panda,session_reid,v025,,1330,14:v025,,
14_maodou/14_v025_f001445.jpg,14,256,train,panda,ipanda50,giant panda,session_reid,v025,,1445,14:v025,,
14_maodou/14_v025_f001510.jpg,14,256,train,panda,ipanda50,giant panda,session_reid,v025,,1510,14:v025,,
14_maodou/14_v028_f002410.jpg,14,257,train,panda,ipanda50,giant panda,session_reid,v028,,2410,14:v028,,
14_maodou/14_v028_f002435.jpg,14,257,train,panda,ipanda50,giant panda,session_reid,v028,,2435,14:v028,,
14_maodou/14_v028_f002465.jpg,14,257,train,panda,ipanda50,giant panda,session_reid,v028,,2465,14:v028,,
14_maodou/14_v028_f002535.jpg,14,257,train,panda,ipanda50,giant panda,session_reid,v028,,2535,14:v028,,
14_maodou/14_v028_f002555.jpg,14,257,train,panda,ipanda50,giant panda,session_reid,v028,,2555,14:v028,,
14_maodou/14_v028_f002590.jpg,14,257,train,panda,ipanda50,giant panda,session_reid,v028,,2590,14:v028,,
14_maodou/14_v028_f002955.jpg,14,257,train,panda,ipanda50,giant panda,session_reid,v028,,2955,14:v028,,
14_maodou/14_v029_f000005.jpg,14,258,train,panda,ipanda50,giant panda,session_reid,v029,,5,14:v029,,
14_maodou/14_v030_f000300.jpg,14,259,train,panda,ipanda50,giant panda,session_reid,v030,,300,14:v030,,
14_maodou/14_v030_f000610.jpg,14,259,train,panda,ipanda50,giant panda,session_reid,v030,,610,14:v030,,
14_maodou/14_v030_f000895.jpg,14,259,train,panda,ipanda50,giant panda,session_reid,v030,,895,14:v030,,
14_maodou/14_v030_f000905.jpg,14,259,train,panda,ipanda50,giant panda,session_reid,v030,,905,14:v030,,
14_maodou/14_v030_f000945.jpg,14,259,train,panda,ipanda50,giant panda,session_reid,v030,,945,14:v030,,
14_maodou/14_v031_f000005.jpg,14,260,train,panda,ipanda50,giant panda,session_reid,v031,,5,14:v031,,
14_maodou/14_v031_f000925.jpg,14,260,train,panda,ipanda50,giant panda,session_reid,v031,,925,14:v031,,
14_maodou/14_v032_f000135.jpg,14,261,train,panda,ipanda50,giant panda,session_reid,v032,,135,14:v032,,
14_maodou/14_v032_f000165.jpg,14,261,train,panda,ipanda50,giant panda,session_reid,v032,,165,14:v032,,
14_maodou/14_v032_f000265.jpg,14,261,train,panda,ipanda50,giant panda,session_reid,v032,,265,14:v032,,
14_maodou/14_v032_f000305.jpg,14,261,train,panda,ipanda50,giant panda,session_reid,v032,,305,14:v032,,
14_maodou/14_v033_f000230.jpg,14,262,train,panda,ipanda50,giant panda,session_reid,v033,,230,14:v033,,
14_maodou/14_v033_f001040.jpg,14,262,train,panda,ipanda50,giant panda,session_reid,v033,,1040,14:v033,,
14_maodou/14_v033_f001055.jpg,14,262,train,panda,ipanda50,giant panda,session_reid,v033,,1055,14:v033,,
14_maodou/14_v034_f000215.jpg,14,263,train,panda,ipanda50,giant panda,session_reid,v034,,215,14:v034,,
14_maodou/14_v034_f000405.jpg,14,263,train,panda,ipanda50,giant panda,session_reid,v034,,405,14:v034,,
14_maodou/14_v034_f000420.jpg,14,263,train,panda,ipanda50,giant panda,session_reid,v034,,420,14:v034,,
14_maodou/14_v034_f000470.jpg,14,263,train,panda,ipanda50,giant panda,session_reid,v034,,470,14:v034,,
14_maodou/14_v034_f000605.jpg,14,263,train,panda,ipanda50,giant panda,session_reid,v034,,605,14:v034,,
14_maodou/14_v036_f000085.jpg,14,264,train,panda,ipanda50,giant panda,session_reid,v036,,85,14:v036,,
14_maodou/14_v036_f000110.jpg,14,264,train,panda,ipanda50,giant panda,session_reid,v036,,110,14:v036,,
14_maodou/14_v036_f000150.jpg,14,264,train,panda,ipanda50,giant panda,session_reid,v036,,150,14:v036,,
14_maodou/14_v036_f000410.jpg,14,264,train,panda,ipanda50,giant panda,session_reid,v036,,410,14:v036,,
14_maodou/14_v037_f000005.jpg,14,265,train,panda,ipanda50,giant panda,session_reid,v037,,5,14:v037,,
14_maodou/14_v037_f000700.jpg,14,265,train,panda,ipanda50,giant panda,session_reid,v037,,700,14:v037,,
14_maodou/14_v037_f001140.jpg,14,265,train,panda,ipanda50,giant panda,session_reid,v037,,1140,14:v037,,
14_maodou/14_v037_f001285.jpg,14,265,train,panda,ipanda50,giant panda,session_reid,v037,,1285,14:v037,,
14_maodou/14_v037_f001450.jpg,14,265,train,panda,ipanda50,giant panda,session_reid,v037,,1450,14:v037,,
14_maodou/14_v037_f002245.jpg,14,265,train,panda,ipanda50,giant panda,session_reid,v037,,2245,14:v037,,
14_maodou/14_v038_f000800.jpg,14,266,train,panda,ipanda50,giant panda,session_reid,v038,,800,14:v038,,
14_maodou/14_v039_f000070.jpg,14,267,train,panda,ipanda50,giant panda,session_reid,v039,,70,14:v039,,
14_maodou/14_v039_f000220.jpg,14,267,train,panda,ipanda50,giant panda,session_reid,v039,,220,14:v039,,
14_maodou/14_v039_f000355.jpg,14,267,train,panda,ipanda50,giant panda,session_reid,v039,,355,14:v039,,
14_maodou/14_v039_f000650.jpg,14,267,train,panda,ipanda50,giant panda,session_reid,v039,,650,14:v039,,
14_maodou/14_v039_f000710.jpg,14,267,train,panda,ipanda50,giant panda,session_reid,v039,,710,14:v039,,
14_maodou/14_v040_f000235.jpg,14,268,train,panda,ipanda50,giant panda,session_reid,v040,,235,14:v040,,
14_maodou/14_v040_f000505.jpg,14,268,train,panda,ipanda50,giant panda,session_reid,v040,,505,14:v040,,
14_maodou/14_v040_f000805.jpg,14,268,train,panda,ipanda50,giant panda,session_reid,v040,,805,14:v040,,
14_maodou/14_v040_f000905.jpg,14,268,train,panda,ipanda50,giant panda,session_reid,v040,,905,14:v040,,
15_maosun/15_v001_f000005.jpg,15,269,train,panda,ipanda50,giant panda,session_reid,v001,,5,15:v001,,
15_maosun/15_v001_f000390.jpg,15,269,train,panda,ipanda50,giant panda,session_reid,v001,,390,15:v001,,
15_maosun/15_v001_f000430.jpg,15,269,train,panda,ipanda50,giant panda,session_reid,v001,,430,15:v001,,
15_maosun/15_v001_f000505.jpg,15,269,train,panda,ipanda50,giant panda,session_reid,v001,,505,15:v001,,
15_maosun/15_v002_f000005.jpg,15,270,train,panda,ipanda50,giant panda,session_reid,v002,,5,15:v002,,
15_maosun/15_v002_f000355.jpg,15,270,train,panda,ipanda50,giant panda,session_reid,v002,,355,15:v002,,
15_maosun/15_v003_f000005.jpg,15,271,train,panda,ipanda50,giant panda,session_reid,v003,,5,15:v003,,
15_maosun/15_v003_f000040.jpg,15,271,train,panda,ipanda50,giant panda,session_reid,v003,,40,15:v003,,
15_maosun/15_v003_f000145.jpg,15,271,train,panda,ipanda50,giant panda,session_reid,v003,,145,15:v003,,
15_maosun/15_v003_f000215.jpg,15,271,train,panda,ipanda50,giant panda,session_reid,v003,,215,15:v003,,
15_maosun/15_v003_f000260.jpg,15,271,train,panda,ipanda50,giant panda,session_reid,v003,,260,15:v003,,
15_maosun/15_v003_f000320.jpg,15,271,train,panda,ipanda50,giant panda,session_reid,v003,,320,15:v003,,
15_maosun/15_v003_f000555.jpg,15,271,train,panda,ipanda50,giant panda,session_reid,v003,,555,15:v003,,
15_maosun/15_v003_f001320.jpg,15,271,train,panda,ipanda50,giant panda,session_reid,v003,,1320,15:v003,,
15_maosun/15_v003_f001335.jpg,15,271,train,panda,ipanda50,giant panda,session_reid,v003,,1335,15:v003,,
15_maosun/15_v003_f001385.jpg,15,271,train,panda,ipanda50,giant panda,session_reid,v003,,1385,15:v003,,
15_maosun/15_v003_f001410.jpg,15,271,train,panda,ipanda50,giant panda,session_reid,v003,,1410,15:v003,,
15_maosun/15_v003_f001430.jpg,15,271,train,panda,ipanda50,giant panda,session_reid,v003,,1430,15:v003,,
15_maosun/15_v003_f001450.jpg,15,271,train,panda,ipanda50,giant panda,session_reid,v003,,1450,15:v003,,
15_maosun/15_v003_f001460.jpg,15,271,train,panda,ipanda50,giant panda,session_reid,v003,,1460,15:v003,,
15_maosun/15_v003_f001550.jpg,15,271,train,panda,ipanda50,giant panda,session_reid,v003,,1550,15:v003,,
15_maosun/15_v003_f001680.jpg,15,271,train,panda,ipanda50,giant panda,session_reid,v003,,1680,15:v003,,
15_maosun/15_v003_f001705.jpg,15,271,train,panda,ipanda50,giant panda,session_reid,v003,,1705,15:v003,,
15_maosun/15_v003_f001725.jpg,15,271,train,panda,ipanda50,giant panda,session_reid,v003,,1725,15:v003,,
15_maosun/15_v003_f001745.jpg,15,271,train,panda,ipanda50,giant panda,session_reid,v003,,1745,15:v003,,
15_maosun/15_v004_f000005.jpg,15,272,train,panda,ipanda50,giant panda,session_reid,v004,,5,15:v004,,
15_maosun/15_v004_f000195.jpg,15,272,train,panda,ipanda50,giant panda,session_reid,v004,,195,15:v004,,
15_maosun/15_v004_f000255.jpg,15,272,train,panda,ipanda50,giant panda,session_reid,v004,,255,15:v004,,
15_maosun/15_v004_f000295.jpg,15,272,train,panda,ipanda50,giant panda,session_reid,v004,,295,15:v004,,
15_maosun/15_v004_f000355.jpg,15,272,train,panda,ipanda50,giant panda,session_reid,v004,,355,15:v004,,
15_maosun/15_v004_f000455.jpg,15,272,train,panda,ipanda50,giant panda,session_reid,v004,,455,15:v004,,
15_maosun/15_v004_f000600.jpg,15,272,train,panda,ipanda50,giant panda,session_reid,v004,,600,15:v004,,
15_maosun/15_v005_f000115.jpg,15,273,train,panda,ipanda50,giant panda,session_reid,v005,,115,15:v005,,
15_maosun/15_v005_f000415.jpg,15,273,train,panda,ipanda50,giant panda,session_reid,v005,,415,15:v005,,
15_maosun/15_v006_f000270.jpg,15,274,train,panda,ipanda50,giant panda,session_reid,v006,,270,15:v006,,
15_maosun/15_v006_f000355.jpg,15,274,train,panda,ipanda50,giant panda,session_reid,v006,,355,15:v006,,
15_maosun/15_v006_f000370.jpg,15,274,train,panda,ipanda50,giant panda,session_reid,v006,,370,15:v006,,
15_maosun/15_v006_f000385.jpg,15,274,train,panda,ipanda50,giant panda,session_reid,v006,,385,15:v006,,
15_maosun/15_v006_f000480.jpg,15,274,train,panda,ipanda50,giant panda,session_reid,v006,,480,15:v006,,
15_maosun/15_v006_f000535.jpg,15,274,train,panda,ipanda50,giant panda,session_reid,v006,,535,15:v006,,
15_maosun/15_v006_f000600.jpg,15,274,train,panda,ipanda50,giant panda,session_reid,v006,,600,15:v006,,
15_maosun/15_v006_f000785.jpg,15,274,train,panda,ipanda50,giant panda,session_reid,v006,,785,15:v006,,
15_maosun/15_v006_f000935.jpg,15,274,train,panda,ipanda50,giant panda,session_reid,v006,,935,15:v006,,
15_maosun/15_v006_f000965.jpg,15,274,train,panda,ipanda50,giant panda,session_reid,v006,,965,15:v006,,
15_maosun/15_v006_f001040.jpg,15,274,train,panda,ipanda50,giant panda,session_reid,v006,,1040,15:v006,,
15_maosun/15_v006_f001075.jpg,15,274,train,panda,ipanda50,giant panda,session_reid,v006,,1075,15:v006,,
15_maosun/15_v006_f001110.jpg,15,274,train,panda,ipanda50,giant panda,session_reid,v006,,1110,15:v006,,
15_maosun/15_v006_f001155.jpg,15,274,train,panda,ipanda50,giant panda,session_reid,v006,,1155,15:v006,,
15_maosun/15_v006_f001200.jpg,15,274,train,panda,ipanda50,giant panda,session_reid,v006,,1200,15:v006,,
15_maosun/15_v006_f001230.jpg,15,274,train,panda,ipanda50,giant panda,session_reid,v006,,1230,15:v006,,
15_maosun/15_v007_f000005.jpg,15,275,train,panda,ipanda50,giant panda,session_reid,v007,,5,15:v007,,
15_maosun/15_v007_f000225.jpg,15,275,train,panda,ipanda50,giant panda,session_reid,v007,,225,15:v007,,
15_maosun/15_v007_f000295.jpg,15,275,train,panda,ipanda50,giant panda,session_reid,v007,,295,15:v007,,
15_maosun/15_v007_f000395.jpg,15,275,train,panda,ipanda50,giant panda,session_reid,v007,,395,15:v007,,
15_maosun/15_v008_f000005.jpg,15,276,train,panda,ipanda50,giant panda,session_reid,v008,,5,15:v008,,
15_maosun/15_v008_f000150.jpg,15,276,train,panda,ipanda50,giant panda,session_reid,v008,,150,15:v008,,
15_maosun/15_v008_f000545.jpg,15,276,train,panda,ipanda50,giant panda,session_reid,v008,,545,15:v008,,
15_maosun/15_v008_f000565.jpg,15,276,train,panda,ipanda50,giant panda,session_reid,v008,,565,15:v008,,
15_maosun/15_v008_f000850.jpg,15,276,train,panda,ipanda50,giant panda,session_reid,v008,,850,15:v008,,
15_maosun/15_v008_f000890.jpg,15,276,train,panda,ipanda50,giant panda,session_reid,v008,,890,15:v008,,
15_maosun/15_v008_f001470.jpg,15,276,train,panda,ipanda50,giant panda,session_reid,v008,,1470,15:v008,,
15_maosun/15_v008_f001505.jpg,15,276,train,panda,ipanda50,giant panda,session_reid,v008,,1505,15:v008,,
15_maosun/15_v009_f000005.jpg,15,277,train,panda,ipanda50,giant panda,session_reid,v009,,5,15:v009,,
15_maosun/15_v009_f000045.jpg,15,277,train,panda,ipanda50,giant panda,session_reid,v009,,45,15:v009,,
15_maosun/15_v009_f000070.jpg,15,277,train,panda,ipanda50,giant panda,session_reid,v009,,70,15:v009,,
15_maosun/15_v009_f000120.jpg,15,277,train,panda,ipanda50,giant panda,session_reid,v009,,120,15:v009,,
15_maosun/15_v009_f000375.jpg,15,277,train,panda,ipanda50,giant panda,session_reid,v009,,375,15:v009,,
15_maosun/15_v009_f000395.jpg,15,277,train,panda,ipanda50,giant panda,session_reid,v009,,395,15:v009,,
15_maosun/15_v009_f000420.jpg,15,277,train,panda,ipanda50,giant panda,session_reid,v009,,420,15:v009,,
15_maosun/15_v009_f000505.jpg,15,277,train,panda,ipanda50,giant panda,session_reid,v009,,505,15:v009,,
15_maosun/15_v009_f001220.jpg,15,277,train,panda,ipanda50,giant panda,session_reid,v009,,1220,15:v009,,
15_maosun/15_v009_f002350.jpg,15,277,train,panda,ipanda50,giant panda,session_reid,v009,,2350,15:v009,,
15_maosun/15_v009_f003000.jpg,15,277,train,panda,ipanda50,giant panda,session_reid,v009,,3000,15:v009,,
15_maosun/15_v009_f003510.jpg,15,277,train,panda,ipanda50,giant panda,session_reid,v009,,3510,15:v009,,
15_maosun/15_v009_f003580.jpg,15,277,train,panda,ipanda50,giant panda,session_reid,v009,,3580,15:v009,,
15_maosun/15_v009_f003630.jpg,15,277,train,panda,ipanda50,giant panda,session_reid,v009,,3630,15:v009,,
15_maosun/15_v009_f003745.jpg,15,277,train,panda,ipanda50,giant panda,session_reid,v009,,3745,15:v009,,
15_maosun/15_v010_f000080.jpg,15,278,train,panda,ipanda50,giant panda,session_reid,v010,,80,15:v010,,
15_maosun/15_v010_f000165.jpg,15,278,train,panda,ipanda50,giant panda,session_reid,v010,,165,15:v010,,
15_maosun/15_v010_f000335.jpg,15,278,train,panda,ipanda50,giant panda,session_reid,v010,,335,15:v010,,
15_maosun/15_v010_f000480.jpg,15,278,train,panda,ipanda50,giant panda,session_reid,v010,,480,15:v010,,
15_maosun/15_v011_f000005.jpg,15,279,train,panda,ipanda50,giant panda,session_reid,v011,,5,15:v011,,
15_maosun/15_v011_f000865.jpg,15,279,train,panda,ipanda50,giant panda,session_reid,v011,,865,15:v011,,
15_maosun/15_v011_f001575.jpg,15,279,train,panda,ipanda50,giant panda,session_reid,v011,,1575,15:v011,,
15_maosun/15_v012_f000090.jpg,15,280,train,panda,ipanda50,giant panda,session_reid,v012,,90,15:v012,,
15_maosun/15_v012_f000245.jpg,15,280,train,panda,ipanda50,giant panda,session_reid,v012,,245,15:v012,,
15_maosun/15_v012_f000320.jpg,15,280,train,panda,ipanda50,giant panda,session_reid,v012,,320,15:v012,,
15_maosun/15_v012_f000455.jpg,15,280,train,panda,ipanda50,giant panda,session_reid,v012,,455,15:v012,,
15_maosun/15_v012_f000470.jpg,15,280,train,panda,ipanda50,giant panda,session_reid,v012,,470,15:v012,,
15_maosun/15_v012_f000510.jpg,15,280,train,panda,ipanda50,giant panda,session_reid,v012,,510,15:v012,,
15_maosun/15_v012_f000535.jpg,15,280,train,panda,ipanda50,giant panda,session_reid,v012,,535,15:v012,,
15_maosun/15_v012_f000555.jpg,15,280,train,panda,ipanda50,giant panda,session_reid,v012,,555,15:v012,,
15_maosun/15_v012_f000710.jpg,15,280,train,panda,ipanda50,giant panda,session_reid,v012,,710,15:v012,,
15_maosun/15_v012_f000835.jpg,15,280,train,panda,ipanda50,giant panda,session_reid,v012,,835,15:v012,,
15_maosun/15_v012_f000890.jpg,15,280,train,panda,ipanda50,giant panda,session_reid,v012,,890,15:v012,,
15_maosun/15_v012_f000915.jpg,15,280,train,panda,ipanda50,giant panda,session_reid,v012,,915,15:v012,,
15_maosun/15_v012_f001090.jpg,15,280,train,panda,ipanda50,giant panda,session_reid,v012,,1090,15:v012,,
15_maosun/15_v013_f000065.jpg,15,281,train,panda,ipanda50,giant panda,session_reid,v013,,65,15:v013,,
15_maosun/15_v013_f000095.jpg,15,281,train,panda,ipanda50,giant panda,session_reid,v013,,95,15:v013,,
15_maosun/15_v013_f000135.jpg,15,281,train,panda,ipanda50,giant panda,session_reid,v013,,135,15:v013,,
15_maosun/15_v013_f000175.jpg,15,281,train,panda,ipanda50,giant panda,session_reid,v013,,175,15:v013,,
15_maosun/15_v013_f000570.jpg,15,281,train,panda,ipanda50,giant panda,session_reid,v013,,570,15:v013,,
15_maosun/15_v013_f000705.jpg,15,281,train,panda,ipanda50,giant panda,session_reid,v013,,705,15:v013,,
15_maosun/15_v013_f000905.jpg,15,281,train,panda,ipanda50,giant panda,session_reid,v013,,905,15:v013,,
15_maosun/15_v013_f001155.jpg,15,281,train,panda,ipanda50,giant panda,session_reid,v013,,1155,15:v013,,
15_maosun/15_v013_f001160.jpg,15,281,train,panda,ipanda50,giant panda,session_reid,v013,,1160,15:v013,,
15_maosun/15_v013_f001305.jpg,15,281,train,panda,ipanda50,giant panda,session_reid,v013,,1305,15:v013,,
15_maosun/15_v013_f001380.jpg,15,281,train,panda,ipanda50,giant panda,session_reid,v013,,1380,15:v013,,
15_maosun/15_v014_f000005.jpg,15,282,train,panda,ipanda50,giant panda,session_reid,v014,,5,15:v014,,
15_maosun/15_v014_f000395.jpg,15,282,train,panda,ipanda50,giant panda,session_reid,v014,,395,15:v014,,
15_maosun/15_v014_f000420.jpg,15,282,train,panda,ipanda50,giant panda,session_reid,v014,,420,15:v014,,
15_maosun/15_v014_f000905.jpg,15,282,train,panda,ipanda50,giant panda,session_reid,v014,,905,15:v014,,
15_maosun/15_v014_f001205.jpg,15,282,train,panda,ipanda50,giant panda,session_reid,v014,,1205,15:v014,,
15_maosun/15_v014_f001260.jpg,15,282,train,panda,ipanda50,giant panda,session_reid,v014,,1260,15:v014,,
15_maosun/15_v014_f001310.jpg,15,282,train,panda,ipanda50,giant panda,session_reid,v014,,1310,15:v014,,
15_maosun/15_v014_f001500.jpg,15,282,train,panda,ipanda50,giant panda,session_reid,v014,,1500,15:v014,,
15_maosun/15_v014_f001595.jpg,15,282,train,panda,ipanda50,giant panda,session_reid,v014,,1595,15:v014,,
15_maosun/15_v015_f000005.jpg,15,283,train,panda,ipanda50,giant panda,session_reid,v015,,5,15:v015,,
15_maosun/15_v015_f000150.jpg,15,283,train,panda,ipanda50,giant panda,session_reid,v015,,150,15:v015,,
15_maosun/15_v015_f000455.jpg,15,283,train,panda,ipanda50,giant panda,session_reid,v015,,455,15:v015,,
15_maosun/15_v015_f000915.jpg,15,283,train,panda,ipanda50,giant panda,session_reid,v015,,915,15:v015,,
15_maosun/15_v016_f000105.jpg,15,284,train,panda,ipanda50,giant panda,session_reid,v016,,105,15:v016,,
15_maosun/15_v017_f000005.jpg,15,285,train,panda,ipanda50,giant panda,session_reid,v017,,5,15:v017,,
15_maosun/15_v017_f000085.jpg,15,285,train,panda,ipanda50,giant panda,session_reid,v017,,85,15:v017,,
15_maosun/15_v017_f000130.jpg,15,285,train,panda,ipanda50,giant panda,session_reid,v017,,130,15:v017,,
15_maosun/15_v017_f000150.jpg,15,285,train,panda,ipanda50,giant panda,session_reid,v017,,150,15:v017,,
15_maosun/15_v017_f000175.jpg,15,285,train,panda,ipanda50,giant panda,session_reid,v017,,175,15:v017,,
15_maosun/15_v017_f000340.jpg,15,285,train,panda,ipanda50,giant panda,session_reid,v017,,340,15:v017,,
15_maosun/15_v017_f000415.jpg,15,285,train,panda,ipanda50,giant panda,session_reid,v017,,415,15:v017,,
15_maosun/15_v018_f000005.jpg,15,286,train,panda,ipanda50,giant panda,session_reid,v018,,5,15:v018,,
15_maosun/15_v018_f000195.jpg,15,286,train,panda,ipanda50,giant panda,session_reid,v018,,195,15:v018,,
15_maosun/15_v018_f000700.jpg,15,286,train,panda,ipanda50,giant panda,session_reid,v018,,700,15:v018,,
15_maosun/15_v018_f000905.jpg,15,286,train,panda,ipanda50,giant panda,session_reid,v018,,905,15:v018,,
15_maosun/15_v018_f001045.jpg,15,286,train,panda,ipanda50,giant panda,session_reid,v018,,1045,15:v018,,
15_maosun/15_v018_f001385.jpg,15,286,train,panda,ipanda50,giant panda,session_reid,v018,,1385,15:v018,,
15_maosun/15_v018_f001430.jpg,15,286,train,panda,ipanda50,giant panda,session_reid,v018,,1430,15:v018,,
15_maosun/15_v019_f000005.jpg,15,287,train,panda,ipanda50,giant panda,session_reid,v019,,5,15:v019,,
15_maosun/15_v019_f000105.jpg,15,287,train,panda,ipanda50,giant panda,session_reid,v019,,105,15:v019,,
15_maosun/15_v019_f000750.jpg,15,287,train,panda,ipanda50,giant panda,session_reid,v019,,750,15:v019,,
15_maosun/15_v019_f000990.jpg,15,287,train,panda,ipanda50,giant panda,session_reid,v019,,990,15:v019,,
15_maosun/15_v020_f000005.jpg,15,288,train,panda,ipanda50,giant panda,session_reid,v020,,5,15:v020,,
15_maosun/15_v021_f000005.jpg,15,289,train,panda,ipanda50,giant panda,session_reid,v021,,5,15:v021,,
15_maosun/15_v023_f000140.jpg,15,290,train,panda,ipanda50,giant panda,session_reid,v023,,140,15:v023,,
15_maosun/15_v023_f000220.jpg,15,290,train,panda,ipanda50,giant panda,session_reid,v023,,220,15:v023,,
15_maosun/15_v023_f000250.jpg,15,290,train,panda,ipanda50,giant panda,session_reid,v023,,250,15:v023,,
15_maosun/15_v023_f000275.jpg,15,290,train,panda,ipanda50,giant panda,session_reid,v023,,275,15:v023,,
15_maosun/15_v023_f000315.jpg,15,290,train,panda,ipanda50,giant panda,session_reid,v023,,315,15:v023,,
15_maosun/15_v023_f000350.jpg,15,290,train,panda,ipanda50,giant panda,session_reid,v023,,350,15:v023,,
15_maosun/15_v023_f000365.jpg,15,290,train,panda,ipanda50,giant panda,session_reid,v023,,365,15:v023,,
15_maosun/15_v023_f000385.jpg,15,290,train,panda,ipanda50,giant panda,session_reid,v023,,385,15:v023,,
15_maosun/15_v023_f001050.jpg,15,290,train,panda,ipanda50,giant panda,session_reid,v023,,1050,15:v023,,
15_maosun/15_v023_f001125.jpg,15,290,train,panda,ipanda50,giant panda,session_reid,v023,,1125,15:v023,,
15_maosun/15_v024_f000670.jpg,15,291,train,panda,ipanda50,giant panda,session_reid,v024,,670,15:v024,,
15_maosun/15_v024_f001385.jpg,15,291,train,panda,ipanda50,giant panda,session_reid,v024,,1385,15:v024,,
15_maosun/15_v024_f002205.jpg,15,291,train,panda,ipanda50,giant panda,session_reid,v024,,2205,15:v024,,
15_maosun/15_v024_f002275.jpg,15,291,train,panda,ipanda50,giant panda,session_reid,v024,,2275,15:v024,,
15_maosun/15_v024_f002305.jpg,15,291,train,panda,ipanda50,giant panda,session_reid,v024,,2305,15:v024,,
15_maosun/15_v024_f002655.jpg,15,291,train,panda,ipanda50,giant panda,session_reid,v024,,2655,15:v024,,
15_maosun/15_v024_f002710.jpg,15,291,train,panda,ipanda50,giant panda,session_reid,v024,,2710,15:v024,,
15_maosun/15_v025_f000630.jpg,15,292,train,panda,ipanda50,giant panda,session_reid,v025,,630,15:v025,,
15_maosun/15_v025_f000980.jpg,15,292,train,panda,ipanda50,giant panda,session_reid,v025,,980,15:v025,,
15_maosun/15_v025_f001475.jpg,15,292,train,panda,ipanda50,giant panda,session_reid,v025,,1475,15:v025,,
15_maosun/15_v026_f000175.jpg,15,293,train,panda,ipanda50,giant panda,session_reid,v026,,175,15:v026,,
15_maosun/15_v026_f000770.jpg,15,293,train,panda,ipanda50,giant panda,session_reid,v026,,770,15:v026,,
15_maosun/15_v026_f000840.jpg,15,293,train,panda,ipanda50,giant panda,session_reid,v026,,840,15:v026,,
15_maosun/15_v026_f000955.jpg,15,293,train,panda,ipanda50,giant panda,session_reid,v026,,955,15:v026,,
15_maosun/15_v026_f000985.jpg,15,293,train,panda,ipanda50,giant panda,session_reid,v026,,985,15:v026,,
15_maosun/15_v026_f001075.jpg,15,293,train,panda,ipanda50,giant panda,session_reid,v026,,1075,15:v026,,
15_maosun/15_v026_f001265.jpg,15,293,train,panda,ipanda50,giant panda,session_reid,v026,,1265,15:v026,,
15_maosun/15_v026_f001525.jpg,15,293,train,panda,ipanda50,giant panda,session_reid,v026,,1525,15:v026,,
15_maosun/15_v027_f000670.jpg,15,294,train,panda,ipanda50,giant panda,session_reid,v027,,670,15:v027,,
15_maosun/15_v027_f001005.jpg,15,294,train,panda,ipanda50,giant panda,session_reid,v027,,1005,15:v027,,
15_maosun/15_v027_f001035.jpg,15,294,train,panda,ipanda50,giant panda,session_reid,v027,,1035,15:v027,,
15_maosun/15_v027_f001205.jpg,15,294,train,panda,ipanda50,giant panda,session_reid,v027,,1205,15:v027,,
15_maosun/15_v027_f001305.jpg,15,294,train,panda,ipanda50,giant panda,session_reid,v027,,1305,15:v027,,
15_maosun/15_v027_f001590.jpg,15,294,train,panda,ipanda50,giant panda,session_reid,v027,,1590,15:v027,,
15_maosun/15_v027_f001680.jpg,15,294,train,panda,ipanda50,giant panda,session_reid,v027,,1680,15:v027,,
15_maosun/15_v027_f001705.jpg,15,294,train,panda,ipanda50,giant panda,session_reid,v027,,1705,15:v027,,
15_maosun/15_v027_f001780.jpg,15,294,train,panda,ipanda50,giant panda,session_reid,v027,,1780,15:v027,,
15_maosun/15_v027_f001875.jpg,15,294,train,panda,ipanda50,giant panda,session_reid,v027,,1875,15:v027,,
16_maotao/16_v002_f000005.jpg,16,295,query,panda,ipanda50,giant panda,session_reid,v002,,5,16:v002,,
16_maotao/16_v002_f000370.jpg,16,295,gallery,panda,ipanda50,giant panda,session_reid,v002,,370,16:v002,,
16_maotao/16_v002_f000405.jpg,16,295,gallery,panda,ipanda50,giant panda,session_reid,v002,,405,16:v002,,
16_maotao/16_v002_f001175.jpg,16,295,gallery,panda,ipanda50,giant panda,session_reid,v002,,1175,16:v002,,
16_maotao/16_v002_f001735.jpg,16,295,gallery,panda,ipanda50,giant panda,session_reid,v002,,1735,16:v002,,
16_maotao/16_v002_f002940.jpg,16,295,gallery,panda,ipanda50,giant panda,session_reid,v002,,2940,16:v002,,
16_maotao/16_v003_f000250.jpg,16,296,query,panda,ipanda50,giant panda,session_reid,v003,,250,16:v003,,
16_maotao/16_v003_f000650.jpg,16,296,gallery,panda,ipanda50,giant panda,session_reid,v003,,650,16:v003,,
16_maotao/16_v004_f000025.jpg,16,297,query,panda,ipanda50,giant panda,session_reid,v004,,25,16:v004,,
16_maotao/16_v004_f000315.jpg,16,297,gallery,panda,ipanda50,giant panda,session_reid,v004,,315,16:v004,,
16_maotao/16_v004_f000345.jpg,16,297,gallery,panda,ipanda50,giant panda,session_reid,v004,,345,16:v004,,
16_maotao/16_v004_f000385.jpg,16,297,gallery,panda,ipanda50,giant panda,session_reid,v004,,385,16:v004,,
16_maotao/16_v004_f000535.jpg,16,297,gallery,panda,ipanda50,giant panda,session_reid,v004,,535,16:v004,,
16_maotao/16_v004_f000960.jpg,16,297,gallery,panda,ipanda50,giant panda,session_reid,v004,,960,16:v004,,
16_maotao/16_v005_f000005.jpg,16,298,query,panda,ipanda50,giant panda,session_reid,v005,,5,16:v005,,
16_maotao/16_v005_f000130.jpg,16,298,gallery,panda,ipanda50,giant panda,session_reid,v005,,130,16:v005,,
16_maotao/16_v005_f000430.jpg,16,298,gallery,panda,ipanda50,giant panda,session_reid,v005,,430,16:v005,,
16_maotao/16_v005_f000475.jpg,16,298,gallery,panda,ipanda50,giant panda,session_reid,v005,,475,16:v005,,
16_maotao/16_v005_f000855.jpg,16,298,gallery,panda,ipanda50,giant panda,session_reid,v005,,855,16:v005,,
16_maotao/16_v005_f001565.jpg,16,298,gallery,panda,ipanda50,giant panda,session_reid,v005,,1565,16:v005,,
16_maotao/16_v005_f001845.jpg,16,298,gallery,panda,ipanda50,giant panda,session_reid,v005,,1845,16:v005,,
16_maotao/16_v008_f000455.jpg,16,299,query,panda,ipanda50,giant panda,session_reid,v008,,455,16:v008,,
16_maotao/16_v008_f000655.jpg,16,299,gallery,panda,ipanda50,giant panda,session_reid,v008,,655,16:v008,,
16_maotao/16_v008_f001505.jpg,16,299,gallery,panda,ipanda50,giant panda,session_reid,v008,,1505,16:v008,,
16_maotao/16_v009_f000050.jpg,16,300,query,panda,ipanda50,giant panda,session_reid,v009,,50,16:v009,,
16_maotao/16_v009_f000180.jpg,16,300,gallery,panda,ipanda50,giant panda,session_reid,v009,,180,16:v009,,
16_maotao/16_v009_f000580.jpg,16,300,gallery,panda,ipanda50,giant panda,session_reid,v009,,580,16:v009,,
16_maotao/16_v009_f001375.jpg,16,300,gallery,panda,ipanda50,giant panda,session_reid,v009,,1375,16:v009,,
16_maotao/16_v009_f001475.jpg,16,300,gallery,panda,ipanda50,giant panda,session_reid,v009,,1475,16:v009,,
16_maotao/16_v011_f000005.jpg,16,301,query,panda,ipanda50,giant panda,session_reid,v011,,5,16:v011,,
16_maotao/16_v012_f000005.jpg,16,302,query,panda,ipanda50,giant panda,session_reid,v012,,5,16:v012,,
16_maotao/16_v012_f000470.jpg,16,302,gallery,panda,ipanda50,giant panda,session_reid,v012,,470,16:v012,,
16_maotao/16_v012_f000545.jpg,16,302,gallery,panda,ipanda50,giant panda,session_reid,v012,,545,16:v012,,
16_maotao/16_v012_f004280.jpg,16,302,gallery,panda,ipanda50,giant panda,session_reid,v012,,4280,16:v012,,
16_maotao/16_v012_f004315.jpg,16,302,gallery,panda,ipanda50,giant panda,session_reid,v012,,4315,16:v012,,
16_maotao/16_v014_f000275.jpg,16,303,query,panda,ipanda50,giant panda,session_reid,v014,,275,16:v014,,
16_maotao/16_v014_f000850.jpg,16,303,gallery,panda,ipanda50,giant panda,session_reid,v014,,850,16:v014,,
16_maotao/16_v015_f000160.jpg,16,304,query,panda,ipanda50,giant panda,session_reid,v015,,160,16:v015,,
16_maotao/16_v015_f001295.jpg,16,304,gallery,panda,ipanda50,giant panda,session_reid,v015,,1295,16:v015,,
16_maotao/16_v015_f001620.jpg,16,304,gallery,panda,ipanda50,giant panda,session_reid,v015,,1620,16:v015,,
16_maotao/16_v016_f000005.jpg,16,305,query,panda,ipanda50,giant panda,session_reid,v016,,5,16:v016,,
16_maotao/16_v016_f000350.jpg,16,305,gallery,panda,ipanda50,giant panda,session_reid,v016,,350,16:v016,,
16_maotao/16_v016_f000500.jpg,16,305,gallery,panda,ipanda50,giant panda,session_reid,v016,,500,16:v016,,
16_maotao/16_v016_f000595.jpg,16,305,gallery,panda,ipanda50,giant panda,session_reid,v016,,595,16:v016,,
16_maotao/16_v016_f000760.jpg,16,305,gallery,panda,ipanda50,giant panda,session_reid,v016,,760,16:v016,,
16_maotao/16_v018_f000005.jpg,16,306,query,panda,ipanda50,giant panda,session_reid,v018,,5,16:v018,,
16_maotao/16_v018_f000620.jpg,16,306,gallery,panda,ipanda50,giant panda,session_reid,v018,,620,16:v018,,
16_maotao/16_v018_f000670.jpg,16,306,gallery,panda,ipanda50,giant panda,session_reid,v018,,670,16:v018,,
16_maotao/16_v019_f000005.jpg,16,307,query,panda,ipanda50,giant panda,session_reid,v019,,5,16:v019,,
16_maotao/16_v019_f000275.jpg,16,307,gallery,panda,ipanda50,giant panda,session_reid,v019,,275,16:v019,,
16_maotao/16_v019_f000570.jpg,16,307,gallery,panda,ipanda50,giant panda,session_reid,v019,,570,16:v019,,
16_maotao/16_v020_f000530.jpg,16,308,query,panda,ipanda50,giant panda,session_reid,v020,,530,16:v020,,
16_maotao/16_v020_f000740.jpg,16,308,gallery,panda,ipanda50,giant panda,session_reid,v020,,740,16:v020,,
16_maotao/16_v021_f000180.jpg,16,309,query,panda,ipanda50,giant panda,session_reid,v021,,180,16:v021,,
16_maotao/16_v021_f000220.jpg,16,309,gallery,panda,ipanda50,giant panda,session_reid,v021,,220,16:v021,,
16_maotao/16_v021_f000295.jpg,16,309,gallery,panda,ipanda50,giant panda,session_reid,v021,,295,16:v021,,
16_maotao/16_v021_f000310.jpg,16,309,gallery,panda,ipanda50,giant panda,session_reid,v021,,310,16:v021,,
16_maotao/16_v022_f000005.jpg,16,310,query,panda,ipanda50,giant panda,session_reid,v022,,5,16:v022,,
16_maotao/16_v022_f000275.jpg,16,310,gallery,panda,ipanda50,giant panda,session_reid,v022,,275,16:v022,,
16_maotao/16_v022_f001335.jpg,16,310,gallery,panda,ipanda50,giant panda,session_reid,v022,,1335,16:v022,,
16_maotao/16_v022_f001365.jpg,16,310,gallery,panda,ipanda50,giant panda,session_reid,v022,,1365,16:v022,,
16_maotao/16_v022_f001425.jpg,16,310,gallery,panda,ipanda50,giant panda,session_reid,v022,,1425,16:v022,,
16_maotao/16_v023_f000005.jpg,16,311,query,panda,ipanda50,giant panda,session_reid,v023,,5,16:v023,,
16_maotao/16_v023_f000200.jpg,16,311,gallery,panda,ipanda50,giant panda,session_reid,v023,,200,16:v023,,
16_maotao/16_v023_f000960.jpg,16,311,gallery,panda,ipanda50,giant panda,session_reid,v023,,960,16:v023,,
16_maotao/16_v023_f002105.jpg,16,311,gallery,panda,ipanda50,giant panda,session_reid,v023,,2105,16:v023,,
16_maotao/16_v023_f003795.jpg,16,311,gallery,panda,ipanda50,giant panda,session_reid,v023,,3795,16:v023,,
16_maotao/16_v023_f003855.jpg,16,311,gallery,panda,ipanda50,giant panda,session_reid,v023,,3855,16:v023,,
16_maotao/16_v023_f004145.jpg,16,311,gallery,panda,ipanda50,giant panda,session_reid,v023,,4145,16:v023,,
16_maotao/16_v027_f000005.jpg,16,312,query,panda,ipanda50,giant panda,session_reid,v027,,5,16:v027,,
16_maotao/16_v027_f000275.jpg,16,312,gallery,panda,ipanda50,giant panda,session_reid,v027,,275,16:v027,,
16_maotao/16_v028_f000005.jpg,16,313,query,panda,ipanda50,giant panda,session_reid,v028,,5,16:v028,,
16_maotao/16_v028_f000380.jpg,16,313,gallery,panda,ipanda50,giant panda,session_reid,v028,,380,16:v028,,
16_maotao/16_v028_f000490.jpg,16,313,gallery,panda,ipanda50,giant panda,session_reid,v028,,490,16:v028,,
16_maotao/16_v028_f000705.jpg,16,313,gallery,panda,ipanda50,giant panda,session_reid,v028,,705,16:v028,,
16_maotao/16_v028_f000990.jpg,16,313,gallery,panda,ipanda50,giant panda,session_reid,v028,,990,16:v028,,
16_maotao/16_v028_f001105.jpg,16,313,gallery,panda,ipanda50,giant panda,session_reid,v028,,1105,16:v028,,
16_maotao/16_v028_f001490.jpg,16,313,gallery,panda,ipanda50,giant panda,session_reid,v028,,1490,16:v028,,
16_maotao/16_v029_f000230.jpg,16,314,query,panda,ipanda50,giant panda,session_reid,v029,,230,16:v029,,
16_maotao/16_v031_f000105.jpg,16,315,query,panda,ipanda50,giant panda,session_reid,v031,,105,16:v031,,
16_maotao/16_v032_f001055.jpg,16,316,query,panda,ipanda50,giant panda,session_reid,v032,,1055,16:v032,,
16_maotao/16_v032_f001220.jpg,16,316,gallery,panda,ipanda50,giant panda,session_reid,v032,,1220,16:v032,,
16_maotao/16_v032_f001250.jpg,16,316,gallery,panda,ipanda50,giant panda,session_reid,v032,,1250,16:v032,,
16_maotao/16_v032_f001840.jpg,16,316,gallery,panda,ipanda50,giant panda,session_reid,v032,,1840,16:v032,,
16_maotao/16_v032_f001915.jpg,16,316,gallery,panda,ipanda50,giant panda,session_reid,v032,,1915,16:v032,,
16_maotao/16_v032_f001990.jpg,16,316,gallery,panda,ipanda50,giant panda,session_reid,v032,,1990,16:v032,,
16_maotao/16_v032_f002255.jpg,16,316,gallery,panda,ipanda50,giant panda,session_reid,v032,,2255,16:v032,,
16_maotao/16_v032_f002605.jpg,16,316,gallery,panda,ipanda50,giant panda,session_reid,v032,,2605,16:v032,,
16_maotao/16_v032_f002930.jpg,16,316,gallery,panda,ipanda50,giant panda,session_reid,v032,,2930,16:v032,,
16_maotao/16_v035_f000125.jpg,16,317,query,panda,ipanda50,giant panda,session_reid,v035,,125,16:v035,,
16_maotao/16_v035_f000195.jpg,16,317,gallery,panda,ipanda50,giant panda,session_reid,v035,,195,16:v035,,
16_maotao/16_v035_f000365.jpg,16,317,gallery,panda,ipanda50,giant panda,session_reid,v035,,365,16:v035,,
16_maotao/16_v035_f000455.jpg,16,317,gallery,panda,ipanda50,giant panda,session_reid,v035,,455,16:v035,,
16_maotao/16_v035_f000495.jpg,16,317,gallery,panda,ipanda50,giant panda,session_reid,v035,,495,16:v035,,
16_maotao/16_v035_f000945.jpg,16,317,gallery,panda,ipanda50,giant panda,session_reid,v035,,945,16:v035,,
16_maotao/16_v037_f000030.jpg,16,318,query,panda,ipanda50,giant panda,session_reid,v037,,30,16:v037,,
16_maotao/16_v037_f001105.jpg,16,318,gallery,panda,ipanda50,giant panda,session_reid,v037,,1105,16:v037,,
16_maotao/16_v038_f000005.jpg,16,319,query,panda,ipanda50,giant panda,session_reid,v038,,5,16:v038,,
16_maotao/16_v038_f002245.jpg,16,319,gallery,panda,ipanda50,giant panda,session_reid,v038,,2245,16:v038,,
16_maotao/16_v038_f002265.jpg,16,319,gallery,panda,ipanda50,giant panda,session_reid,v038,,2265,16:v038,,
16_maotao/16_v038_f002715.jpg,16,319,gallery,panda,ipanda50,giant panda,session_reid,v038,,2715,16:v038,,
16_maotao/16_v038_f002955.jpg,16,319,gallery,panda,ipanda50,giant panda,session_reid,v038,,2955,16:v038,,
16_maotao/16_v038_f002990.jpg,16,319,gallery,panda,ipanda50,giant panda,session_reid,v038,,2990,16:v038,,
16_maotao/16_v039_f000005.jpg,16,320,query,panda,ipanda50,giant panda,session_reid,v039,,5,16:v039,,
16_maotao/16_v039_f000035.jpg,16,320,gallery,panda,ipanda50,giant panda,session_reid,v039,,35,16:v039,,
16_maotao/16_v039_f000075.jpg,16,320,gallery,panda,ipanda50,giant panda,session_reid,v039,,75,16:v039,,
16_maotao/16_v039_f000360.jpg,16,320,gallery,panda,ipanda50,giant panda,session_reid,v039,,360,16:v039,,
16_maotao/16_v039_f001450.jpg,16,320,gallery,panda,ipanda50,giant panda,session_reid,v039,,1450,16:v039,,
16_maotao/16_v039_f001705.jpg,16,320,gallery,panda,ipanda50,giant panda,session_reid,v039,,1705,16:v039,,
16_maotao/16_v039_f001745.jpg,16,320,gallery,panda,ipanda50,giant panda,session_reid,v039,,1745,16:v039,,
16_maotao/16_v040_f000130.jpg,16,321,query,panda,ipanda50,giant panda,session_reid,v040,,130,16:v040,,
16_maotao/16_v040_f000365.jpg,16,321,gallery,panda,ipanda50,giant panda,session_reid,v040,,365,16:v040,,
16_maotao/16_v040_f000435.jpg,16,321,gallery,panda,ipanda50,giant panda,session_reid,v040,,435,16:v040,,
16_maotao/16_v040_f000530.jpg,16,321,gallery,panda,ipanda50,giant panda,session_reid,v040,,530,16:v040,,
17_meibang/17_v001_f000005.jpg,17,322,train,panda,ipanda50,giant panda,session_reid,v001,,5,17:v001,,
17_meibang/17_v001_f000070.jpg,17,322,train,panda,ipanda50,giant panda,session_reid,v001,,70,17:v001,,
17_meibang/17_v001_f000470.jpg,17,322,train,panda,ipanda50,giant panda,session_reid,v001,,470,17:v001,,
17_meibang/17_v001_f000750.jpg,17,322,train,panda,ipanda50,giant panda,session_reid,v001,,750,17:v001,,
17_meibang/17_v002_f000990.jpg,17,323,train,panda,ipanda50,giant panda,session_reid,v002,,990,17:v002,,
17_meibang/17_v002_f001030.jpg,17,323,train,panda,ipanda50,giant panda,session_reid,v002,,1030,17:v002,,
17_meibang/17_v002_f001090.jpg,17,323,train,panda,ipanda50,giant panda,session_reid,v002,,1090,17:v002,,
17_meibang/17_v002_f001160.jpg,17,323,train,panda,ipanda50,giant panda,session_reid,v002,,1160,17:v002,,
17_meibang/17_v002_f001190.jpg,17,323,train,panda,ipanda50,giant panda,session_reid,v002,,1190,17:v002,,
17_meibang/17_v002_f001335.jpg,17,323,train,panda,ipanda50,giant panda,session_reid,v002,,1335,17:v002,,
17_meibang/17_v002_f001360.jpg,17,323,train,panda,ipanda50,giant panda,session_reid,v002,,1360,17:v002,,
17_meibang/17_v002_f001475.jpg,17,323,train,panda,ipanda50,giant panda,session_reid,v002,,1475,17:v002,,
17_meibang/17_v002_f001485.jpg,17,323,train,panda,ipanda50,giant panda,session_reid,v002,,1485,17:v002,,
17_meibang/17_v002_f001510.jpg,17,323,train,panda,ipanda50,giant panda,session_reid,v002,,1510,17:v002,,
17_meibang/17_v002_f001520.jpg,17,323,train,panda,ipanda50,giant panda,session_reid,v002,,1520,17:v002,,
17_meibang/17_v002_f001560.jpg,17,323,train,panda,ipanda50,giant panda,session_reid,v002,,1560,17:v002,,
17_meibang/17_v002_f001585.jpg,17,323,train,panda,ipanda50,giant panda,session_reid,v002,,1585,17:v002,,
17_meibang/17_v002_f001630.jpg,17,323,train,panda,ipanda50,giant panda,session_reid,v002,,1630,17:v002,,
17_meibang/17_v002_f001680.jpg,17,323,train,panda,ipanda50,giant panda,session_reid,v002,,1680,17:v002,,
17_meibang/17_v002_f001710.jpg,17,323,train,panda,ipanda50,giant panda,session_reid,v002,,1710,17:v002,,
17_meibang/17_v002_f001765.jpg,17,323,train,panda,ipanda50,giant panda,session_reid,v002,,1765,17:v002,,
17_meibang/17_v002_f001920.jpg,17,323,train,panda,ipanda50,giant panda,session_reid,v002,,1920,17:v002,,
17_meibang/17_v002_f002410.jpg,17,323,train,panda,ipanda50,giant panda,session_reid,v002,,2410,17:v002,,
17_meibang/17_v002_f002515.jpg,17,323,train,panda,ipanda50,giant panda,session_reid,v002,,2515,17:v002,,
17_meibang/17_v002_f002695.jpg,17,323,train,panda,ipanda50,giant panda,session_reid,v002,,2695,17:v002,,
17_meibang/17_v002_f002750.jpg,17,323,train,panda,ipanda50,giant panda,session_reid,v002,,2750,17:v002,,
17_meibang/17_v002_f002930.jpg,17,323,train,panda,ipanda50,giant panda,session_reid,v002,,2930,17:v002,,
17_meibang/17_v002_f004260.jpg,17,323,train,panda,ipanda50,giant panda,session_reid,v002,,4260,17:v002,,
17_meibang/17_v002_f004920.jpg,17,323,train,panda,ipanda50,giant panda,session_reid,v002,,4920,17:v002,,
17_meibang/17_v002_f006070.jpg,17,323,train,panda,ipanda50,giant panda,session_reid,v002,,6070,17:v002,,
17_meibang/17_v002_f006460.jpg,17,323,train,panda,ipanda50,giant panda,session_reid,v002,,6460,17:v002,,
17_meibang/17_v002_f010295.jpg,17,323,train,panda,ipanda50,giant panda,session_reid,v002,,10295,17:v002,,
17_meibang/17_v002_f010970.jpg,17,323,train,panda,ipanda50,giant panda,session_reid,v002,,10970,17:v002,,
17_meibang/17_v002_f011225.jpg,17,323,train,panda,ipanda50,giant panda,session_reid,v002,,11225,17:v002,,
17_meibang/17_v002_f011765.jpg,17,323,train,panda,ipanda50,giant panda,session_reid,v002,,11765,17:v002,,
17_meibang/17_v002_f012905.jpg,17,323,train,panda,ipanda50,giant panda,session_reid,v002,,12905,17:v002,,
17_meibang/17_v002_f013135.jpg,17,323,train,panda,ipanda50,giant panda,session_reid,v002,,13135,17:v002,,
17_meibang/17_v002_f013240.jpg,17,323,train,panda,ipanda50,giant panda,session_reid,v002,,13240,17:v002,,
17_meibang/17_v003_f000005.jpg,17,324,train,panda,ipanda50,giant panda,session_reid,v003,,5,17:v003,,
17_meibang/17_v003_f000175.jpg,17,324,train,panda,ipanda50,giant panda,session_reid,v003,,175,17:v003,,
17_meibang/17_v003_f000255.jpg,17,324,train,panda,ipanda50,giant panda,session_reid,v003,,255,17:v003,,
17_meibang/17_v004_f001270.jpg,17,325,train,panda,ipanda50,giant panda,session_reid,v004,,1270,17:v004,,
17_meibang/17_v004_f001520.jpg,17,325,train,panda,ipanda50,giant panda,session_reid,v004,,1520,17:v004,,
17_meibang/17_v004_f002570.jpg,17,325,train,panda,ipanda50,giant panda,session_reid,v004,,2570,17:v004,,
17_meibang/17_v004_f002585.jpg,17,325,train,panda,ipanda50,giant panda,session_reid,v004,,2585,17:v004,,
17_meibang/17_v004_f002730.jpg,17,325,train,panda,ipanda50,giant panda,session_reid,v004,,2730,17:v004,,
17_meibang/17_v004_f002750.jpg,17,325,train,panda,ipanda50,giant panda,session_reid,v004,,2750,17:v004,,
17_meibang/17_v004_f002830.jpg,17,325,train,panda,ipanda50,giant panda,session_reid,v004,,2830,17:v004,,
17_meibang/17_v004_f002915.jpg,17,325,train,panda,ipanda50,giant panda,session_reid,v004,,2915,17:v004,,
17_meibang/17_v004_f003215.jpg,17,325,train,panda,ipanda50,giant panda,session_reid,v004,,3215,17:v004,,
17_meibang/17_v004_f003440.jpg,17,325,train,panda,ipanda50,giant panda,session_reid,v004,,3440,17:v004,,
17_meibang/17_v004_f003510.jpg,17,325,train,panda,ipanda50,giant panda,session_reid,v004,,3510,17:v004,,
17_meibang/17_v005_f000005.jpg,17,326,train,panda,ipanda50,giant panda,session_reid,v005,,5,17:v005,,
17_meibang/17_v005_f001985.jpg,17,326,train,panda,ipanda50,giant panda,session_reid,v005,,1985,17:v005,,
17_meibang/17_v005_f003000.jpg,17,326,train,panda,ipanda50,giant panda,session_reid,v005,,3000,17:v005,,
17_meibang/17_v005_f004235.jpg,17,326,train,panda,ipanda50,giant panda,session_reid,v005,,4235,17:v005,,
17_meibang/17_v006_f000180.jpg,17,327,train,panda,ipanda50,giant panda,session_reid,v006,,180,17:v006,,
17_meibang/17_v006_f000205.jpg,17,327,train,panda,ipanda50,giant panda,session_reid,v006,,205,17:v006,,
17_meibang/17_v006_f000240.jpg,17,327,train,panda,ipanda50,giant panda,session_reid,v006,,240,17:v006,,
17_meibang/17_v006_f000250.jpg,17,327,train,panda,ipanda50,giant panda,session_reid,v006,,250,17:v006,,
17_meibang/17_v006_f000470.jpg,17,327,train,panda,ipanda50,giant panda,session_reid,v006,,470,17:v006,,
17_meibang/17_v006_f000705.jpg,17,327,train,panda,ipanda50,giant panda,session_reid,v006,,705,17:v006,,
17_meibang/17_v006_f000770.jpg,17,327,train,panda,ipanda50,giant panda,session_reid,v006,,770,17:v006,,
17_meibang/17_v006_f000810.jpg,17,327,train,panda,ipanda50,giant panda,session_reid,v006,,810,17:v006,,
17_meibang/17_v006_f000825.jpg,17,327,train,panda,ipanda50,giant panda,session_reid,v006,,825,17:v006,,
17_meibang/17_v006_f000855.jpg,17,327,train,panda,ipanda50,giant panda,session_reid,v006,,855,17:v006,,
17_meibang/17_v007_f000460.jpg,17,328,train,panda,ipanda50,giant panda,session_reid,v007,,460,17:v007,,
17_meibang/17_v007_f000535.jpg,17,328,train,panda,ipanda50,giant panda,session_reid,v007,,535,17:v007,,
17_meibang/17_v007_f000630.jpg,17,328,train,panda,ipanda50,giant panda,session_reid,v007,,630,17:v007,,
17_meibang/17_v007_f000760.jpg,17,328,train,panda,ipanda50,giant panda,session_reid,v007,,760,17:v007,,
17_meibang/17_v007_f000870.jpg,17,328,train,panda,ipanda50,giant panda,session_reid,v007,,870,17:v007,,
17_meibang/17_v007_f000880.jpg,17,328,train,panda,ipanda50,giant panda,session_reid,v007,,880,17:v007,,
17_meibang/17_v007_f000920.jpg,17,328,train,panda,ipanda50,giant panda,session_reid,v007,,920,17:v007,,
17_meibang/17_v007_f000945.jpg,17,328,train,panda,ipanda50,giant panda,session_reid,v007,,945,17:v007,,
17_meibang/17_v007_f000980.jpg,17,328,train,panda,ipanda50,giant panda,session_reid,v007,,980,17:v007,,
17_meibang/17_v007_f001050.jpg,17,328,train,panda,ipanda50,giant panda,session_reid,v007,,1050,17:v007,,
17_meibang/17_v007_f001105.jpg,17,328,train,panda,ipanda50,giant panda,session_reid,v007,,1105,17:v007,,
17_meibang/17_v007_f001200.jpg,17,328,train,panda,ipanda50,giant panda,session_reid,v007,,1200,17:v007,,
17_meibang/17_v008_f000370.jpg,17,329,train,panda,ipanda50,giant panda,session_reid,v008,,370,17:v008,,
17_meibang/17_v008_f000670.jpg,17,329,train,panda,ipanda50,giant panda,session_reid,v008,,670,17:v008,,
17_meibang/17_v008_f000720.jpg,17,329,train,panda,ipanda50,giant panda,session_reid,v008,,720,17:v008,,
17_meibang/17_v008_f000805.jpg,17,329,train,panda,ipanda50,giant panda,session_reid,v008,,805,17:v008,,
17_meibang/17_v009_f000005.jpg,17,330,train,panda,ipanda50,giant panda,session_reid,v009,,5,17:v009,,
17_meibang/17_v009_f001155.jpg,17,330,train,panda,ipanda50,giant panda,session_reid,v009,,1155,17:v009,,
17_meibang/17_v010_f000005.jpg,17,331,train,panda,ipanda50,giant panda,session_reid,v010,,5,17:v010,,
17_meibang/17_v010_f000705.jpg,17,331,train,panda,ipanda50,giant panda,session_reid,v010,,705,17:v010,,
17_meibang/17_v010_f000880.jpg,17,331,train,panda,ipanda50,giant panda,session_reid,v010,,880,17:v010,,
17_meibang/17_v010_f001400.jpg,17,331,train,panda,ipanda50,giant panda,session_reid,v010,,1400,17:v010,,
17_meibang/17_v010_f001475.jpg,17,331,train,panda,ipanda50,giant panda,session_reid,v010,,1475,17:v010,,
17_meibang/17_v010_f001555.jpg,17,331,train,panda,ipanda50,giant panda,session_reid,v010,,1555,17:v010,,
17_meibang/17_v010_f001575.jpg,17,331,train,panda,ipanda50,giant panda,session_reid,v010,,1575,17:v010,,
17_meibang/17_v010_f001870.jpg,17,331,train,panda,ipanda50,giant panda,session_reid,v010,,1870,17:v010,,
17_meibang/17_v010_f002025.jpg,17,331,train,panda,ipanda50,giant panda,session_reid,v010,,2025,17:v010,,
17_meibang/17_v010_f002045.jpg,17,331,train,panda,ipanda50,giant panda,session_reid,v010,,2045,17:v010,,
17_meibang/17_v010_f002080.jpg,17,331,train,panda,ipanda50,giant panda,session_reid,v010,,2080,17:v010,,
17_meibang/17_v010_f002100.jpg,17,331,train,panda,ipanda50,giant panda,session_reid,v010,,2100,17:v010,,
17_meibang/17_v010_f002185.jpg,17,331,train,panda,ipanda50,giant panda,session_reid,v010,,2185,17:v010,,
17_meibang/17_v010_f002265.jpg,17,331,train,panda,ipanda50,giant panda,session_reid,v010,,2265,17:v010,,
17_meibang/17_v010_f002555.jpg,17,331,train,panda,ipanda50,giant panda,session_reid,v010,,2555,17:v010,,
17_meibang/17_v010_f002795.jpg,17,331,train,panda,ipanda50,giant panda,session_reid,v010,,2795,17:v010,,
17_meibang/17_v010_f002895.jpg,17,331,train,panda,ipanda50,giant panda,session_reid,v010,,2895,17:v010,,
17_meibang/17_v010_f003020.jpg,17,331,train,panda,ipanda50,giant panda,session_reid,v010,,3020,17:v010,,
17_meibang/17_v011_f000005.jpg,17,332,train,panda,ipanda50,giant panda,session_reid,v011,,5,17:v011,,
17_meibang/17_v011_f000205.jpg,17,332,train,panda,ipanda50,giant panda,session_reid,v011,,205,17:v011,,
17_meibang/17_v011_f000270.jpg,17,332,train,panda,ipanda50,giant panda,session_reid,v011,,270,17:v011,,
17_meibang/17_v011_f000295.jpg,17,332,train,panda,ipanda50,giant panda,session_reid,v011,,295,17:v011,,
17_meibang/17_v011_f000460.jpg,17,332,train,panda,ipanda50,giant panda,session_reid,v011,,460,17:v011,,
17_meibang/17_v011_f000520.jpg,17,332,train,panda,ipanda50,giant panda,session_reid,v011,,520,17:v011,,
17_meibang/17_v011_f000535.jpg,17,332,train,panda,ipanda50,giant panda,session_reid,v011,,535,17:v011,,
17_meibang/17_v011_f000615.jpg,17,332,train,panda,ipanda50,giant panda,session_reid,v011,,615,17:v011,,
17_meibang/17_v011_f000635.jpg,17,332,train,panda,ipanda50,giant panda,session_reid,v011,,635,17:v011,,
17_meibang/17_v011_f000770.jpg,17,332,train,panda,ipanda50,giant panda,session_reid,v011,,770,17:v011,,
17_meibang/17_v011_f000920.jpg,17,332,train,panda,ipanda50,giant panda,session_reid,v011,,920,17:v011,,
17_meibang/17_v011_f001005.jpg,17,332,train,panda,ipanda50,giant panda,session_reid,v011,,1005,17:v011,,
17_meibang/17_v011_f001060.jpg,17,332,train,panda,ipanda50,giant panda,session_reid,v011,,1060,17:v011,,
17_meibang/17_v011_f001300.jpg,17,332,train,panda,ipanda50,giant panda,session_reid,v011,,1300,17:v011,,
17_meibang/17_v011_f001555.jpg,17,332,train,panda,ipanda50,giant panda,session_reid,v011,,1555,17:v011,,
17_meibang/17_v011_f001620.jpg,17,332,train,panda,ipanda50,giant panda,session_reid,v011,,1620,17:v011,,
17_meibang/17_v011_f001645.jpg,17,332,train,panda,ipanda50,giant panda,session_reid,v011,,1645,17:v011,,
17_meibang/17_v011_f001695.jpg,17,332,train,panda,ipanda50,giant panda,session_reid,v011,,1695,17:v011,,
17_meibang/17_v012_f000105.jpg,17,333,train,panda,ipanda50,giant panda,session_reid,v012,,105,17:v012,,
17_meibang/17_v012_f000240.jpg,17,333,train,panda,ipanda50,giant panda,session_reid,v012,,240,17:v012,,
17_meibang/17_v012_f000380.jpg,17,333,train,panda,ipanda50,giant panda,session_reid,v012,,380,17:v012,,
17_meibang/17_v013_f000005.jpg,17,334,train,panda,ipanda50,giant panda,session_reid,v013,,5,17:v013,,
17_meibang/17_v013_f000180.jpg,17,334,train,panda,ipanda50,giant panda,session_reid,v013,,180,17:v013,,
17_meibang/17_v013_f000195.jpg,17,334,train,panda,ipanda50,giant panda,session_reid,v013,,195,17:v013,,
17_meibang/17_v013_f000350.jpg,17,334,train,panda,ipanda50,giant panda,session_reid,v013,,350,17:v013,,
17_meibang/17_v013_f000650.jpg,17,334,train,panda,ipanda50,giant panda,session_reid,v013,,650,17:v013,,
17_meibang/17_v013_f000695.jpg,17,334,train,panda,ipanda50,giant panda,session_reid,v013,,695,17:v013,,
17_meibang/17_v013_f000915.jpg,17,334,train,panda,ipanda50,giant panda,session_reid,v013,,915,17:v013,,
17_meibang/17_v013_f001010.jpg,17,334,train,panda,ipanda50,giant panda,session_reid,v013,,1010,17:v013,,
17_meibang/17_v013_f001415.jpg,17,334,train,panda,ipanda50,giant panda,session_reid,v013,,1415,17:v013,,
17_meibang/17_v013_f002200.jpg,17,334,train,panda,ipanda50,giant panda,session_reid,v013,,2200,17:v013,,
17_meibang/17_v013_f002455.jpg,17,334,train,panda,ipanda50,giant panda,session_reid,v013,,2455,17:v013,,
17_meibang/17_v013_f002540.jpg,17,334,train,panda,ipanda50,giant panda,session_reid,v013,,2540,17:v013,,
17_meibang/17_v014_f000175.jpg,17,335,train,panda,ipanda50,giant panda,session_reid,v014,,175,17:v014,,
17_meibang/17_v014_f000235.jpg,17,335,train,panda,ipanda50,giant panda,session_reid,v014,,235,17:v014,,
17_meibang/17_v014_f000300.jpg,17,335,train,panda,ipanda50,giant panda,session_reid,v014,,300,17:v014,,
17_meibang/17_v014_f000330.jpg,17,335,train,panda,ipanda50,giant panda,session_reid,v014,,330,17:v014,,
17_meibang/17_v014_f000400.jpg,17,335,train,panda,ipanda50,giant panda,session_reid,v014,,400,17:v014,,
17_meibang/17_v014_f000605.jpg,17,335,train,panda,ipanda50,giant panda,session_reid,v014,,605,17:v014,,
17_meibang/17_v014_f001155.jpg,17,335,train,panda,ipanda50,giant panda,session_reid,v014,,1155,17:v014,,
17_meibang/17_v014_f001235.jpg,17,335,train,panda,ipanda50,giant panda,session_reid,v014,,1235,17:v014,,
17_meibang/17_v014_f001335.jpg,17,335,train,panda,ipanda50,giant panda,session_reid,v014,,1335,17:v014,,
17_meibang/17_v014_f001370.jpg,17,335,train,panda,ipanda50,giant panda,session_reid,v014,,1370,17:v014,,
17_meibang/17_v014_f002440.jpg,17,335,train,panda,ipanda50,giant panda,session_reid,v014,,2440,17:v014,,
17_meibang/17_v014_f002685.jpg,17,335,train,panda,ipanda50,giant panda,session_reid,v014,,2685,17:v014,,
17_meibang/17_v015_f000235.jpg,17,336,train,panda,ipanda50,giant panda,session_reid,v015,,235,17:v015,,
17_meibang/17_v015_f000410.jpg,17,336,train,panda,ipanda50,giant panda,session_reid,v015,,410,17:v015,,
17_meibang/17_v016_f000155.jpg,17,337,train,panda,ipanda50,giant panda,session_reid,v016,,155,17:v016,,
17_meibang/17_v016_f000210.jpg,17,337,train,panda,ipanda50,giant panda,session_reid,v016,,210,17:v016,,
17_meibang/17_v016_f000270.jpg,17,337,train,panda,ipanda50,giant panda,session_reid,v016,,270,17:v016,,
17_meibang/17_v016_f000395.jpg,17,337,train,panda,ipanda50,giant panda,session_reid,v016,,395,17:v016,,
17_meibang/17_v017_f000005.jpg,17,338,train,panda,ipanda50,giant panda,session_reid,v017,,5,17:v017,,
17_meibang/17_v017_f000305.jpg,17,338,train,panda,ipanda50,giant panda,session_reid,v017,,305,17:v017,,
17_meibang/17_v017_f000350.jpg,17,338,train,panda,ipanda50,giant panda,session_reid,v017,,350,17:v017,,
17_meibang/17_v017_f000540.jpg,17,338,train,panda,ipanda50,giant panda,session_reid,v017,,540,17:v017,,
17_meibang/17_v017_f000580.jpg,17,338,train,panda,ipanda50,giant panda,session_reid,v017,,580,17:v017,,
17_meibang/17_v017_f000665.jpg,17,338,train,panda,ipanda50,giant panda,session_reid,v017,,665,17:v017,,
17_meibang/17_v017_f000795.jpg,17,338,train,panda,ipanda50,giant panda,session_reid,v017,,795,17:v017,,
17_meibang/17_v017_f000825.jpg,17,338,train,panda,ipanda50,giant panda,session_reid,v017,,825,17:v017,,
17_meibang/17_v017_f000900.jpg,17,338,train,panda,ipanda50,giant panda,session_reid,v017,,900,17:v017,,
17_meibang/17_v017_f001080.jpg,17,338,train,panda,ipanda50,giant panda,session_reid,v017,,1080,17:v017,,
17_meibang/17_v017_f001100.jpg,17,338,train,panda,ipanda50,giant panda,session_reid,v017,,1100,17:v017,,
17_meibang/17_v017_f001530.jpg,17,338,train,panda,ipanda50,giant panda,session_reid,v017,,1530,17:v017,,
17_meibang/17_v017_f001610.jpg,17,338,train,panda,ipanda50,giant panda,session_reid,v017,,1610,17:v017,,
17_meibang/17_v017_f001635.jpg,17,338,train,panda,ipanda50,giant panda,session_reid,v017,,1635,17:v017,,
17_meibang/17_v017_f001650.jpg,17,338,train,panda,ipanda50,giant panda,session_reid,v017,,1650,17:v017,,
17_meibang/17_v017_f001680.jpg,17,338,train,panda,ipanda50,giant panda,session_reid,v017,,1680,17:v017,,
17_meibang/17_v017_f001890.jpg,17,338,train,panda,ipanda50,giant panda,session_reid,v017,,1890,17:v017,,
17_meibang/17_v017_f001935.jpg,17,338,train,panda,ipanda50,giant panda,session_reid,v017,,1935,17:v017,,
17_meibang/17_v017_f001990.jpg,17,338,train,panda,ipanda50,giant panda,session_reid,v017,,1990,17:v017,,
17_meibang/17_v018_f000195.jpg,17,339,train,panda,ipanda50,giant panda,session_reid,v018,,195,17:v018,,
17_meibang/17_v018_f000260.jpg,17,339,train,panda,ipanda50,giant panda,session_reid,v018,,260,17:v018,,
17_meibang/17_v018_f000380.jpg,17,339,train,panda,ipanda50,giant panda,session_reid,v018,,380,17:v018,,
17_meibang/17_v018_f000430.jpg,17,339,train,panda,ipanda50,giant panda,session_reid,v018,,430,17:v018,,
17_meibang/17_v018_f000480.jpg,17,339,train,panda,ipanda50,giant panda,session_reid,v018,,480,17:v018,,
17_meibang/17_v019_f000545.jpg,17,340,train,panda,ipanda50,giant panda,session_reid,v019,,545,17:v019,,
17_meibang/17_v019_f000990.jpg,17,340,train,panda,ipanda50,giant panda,session_reid,v019,,990,17:v019,,
17_meibang/17_v019_f001055.jpg,17,340,train,panda,ipanda50,giant panda,session_reid,v019,,1055,17:v019,,
17_meibang/17_v019_f001185.jpg,17,340,train,panda,ipanda50,giant panda,session_reid,v019,,1185,17:v019,,
17_meibang/17_v019_f002710.jpg,17,340,train,panda,ipanda50,giant panda,session_reid,v019,,2710,17:v019,,
17_meibang/17_v019_f002780.jpg,17,340,train,panda,ipanda50,giant panda,session_reid,v019,,2780,17:v019,,
17_meibang/17_v019_f002960.jpg,17,340,train,panda,ipanda50,giant panda,session_reid,v019,,2960,17:v019,,
17_meibang/17_v020_f000165.jpg,17,341,train,panda,ipanda50,giant panda,session_reid,v020,,165,17:v020,,
17_meibang/17_v020_f000335.jpg,17,341,train,panda,ipanda50,giant panda,session_reid,v020,,335,17:v020,,
17_meibang/17_v020_f000705.jpg,17,341,train,panda,ipanda50,giant panda,session_reid,v020,,705,17:v020,,
17_meibang/17_v020_f001865.jpg,17,341,train,panda,ipanda50,giant panda,session_reid,v020,,1865,17:v020,,
17_meibang/17_v020_f002340.jpg,17,341,train,panda,ipanda50,giant panda,session_reid,v020,,2340,17:v020,,
18_miaomiao/18_1.jpg,18,343,train,panda,ipanda50,giant panda,session_reid,legacy,,1,18:legacy,,
18_miaomiao/18_1230.jpg,18,343,train,panda,ipanda50,giant panda,session_reid,legacy,,1230,18:legacy,,
18_miaomiao/18_20150312-145900_幼年园_淼淼_独自玩耍遭成对偷袭_1.jpg,18,342,train,panda,ipanda50,giant panda,session_reid,20150312-145900_幼年园_淼淼_独自玩耍遭成对偷袭,,1,18:20150312-145900_幼年园_淼淼_独自玩耍遭成对偷袭,,
18_miaomiao/18_20150312-145900_幼年园_淼淼_独自玩耍遭成对偷袭_210.jpg,18,342,train,panda,ipanda50,giant panda,session_reid,20150312-145900_幼年园_淼淼_独自玩耍遭成对偷袭,,210,18:20150312-145900_幼年园_淼淼_独自玩耍遭成对偷袭,,
18_miaomiao/18_20150312-145900_幼年园_淼淼_独自玩耍遭成对偷袭_605.jpg,18,342,train,panda,ipanda50,giant panda,session_reid,20150312-145900_幼年园_淼淼_独自玩耍遭成对偷袭,,605,18:20150312-145900_幼年园_淼淼_独自玩耍遭成对偷袭,,
18_miaomiao/18_20150312-145900_幼年园_淼淼_独自玩耍遭成对偷袭_915.jpg,18,342,train,panda,ipanda50,giant panda,session_reid,20150312-145900_幼年园_淼淼_独自玩耍遭成对偷袭,,915,18:20150312-145900_幼年园_淼淼_独自玩耍遭成对偷袭,,
18_miaomiao/18_530.jpg,18,343,train,panda,ipanda50,giant panda,session_reid,legacy,,530,18:legacy,,
18_miaomiao/18_595.jpg,18,343,train,panda,ipanda50,giant panda,session_reid,legacy,,595,18:legacy,,
18_miaomiao/18_v002_f000005.jpg,18,344,train,panda,ipanda50,giant panda,session_reid,v002,,5,18:v002,,
18_miaomiao/18_v002_f001165.jpg,18,344,train,panda,ipanda50,giant panda,session_reid,v002,,1165,18:v002,,
18_miaomiao/18_v003_f000125.jpg,18,345,train,panda,ipanda50,giant panda,session_reid,v003,,125,18:v003,,
18_miaomiao/18_v003_f000480.jpg,18,345,train,panda,ipanda50,giant panda,session_reid,v003,,480,18:v003,,
18_miaomiao/18_v003_f001120.jpg,18,345,train,panda,ipanda50,giant panda,session_reid,v003,,1120,18:v003,,
18_miaomiao/18_v006_f000005.jpg,18,346,train,panda,ipanda50,giant panda,session_reid,v006,,5,18:v006,,
18_miaomiao/18_v006_f000660.jpg,18,346,train,panda,ipanda50,giant panda,session_reid,v006,,660,18:v006,,
18_miaomiao/18_v007_f001850.jpg,18,347,train,panda,ipanda50,giant panda,session_reid,v007,,1850,18:v007,,
18_miaomiao/18_v007_f002400.jpg,18,347,train,panda,ipanda50,giant panda,session_reid,v007,,2400,18:v007,,
18_miaomiao/18_v007_f002945.jpg,18,347,train,panda,ipanda50,giant panda,session_reid,v007,,2945,18:v007,,
18_miaomiao/18_v007_f003235.jpg,18,347,train,panda,ipanda50,giant panda,session_reid,v007,,3235,18:v007,,
18_miaomiao/18_v007_f003560.jpg,18,347,train,panda,ipanda50,giant panda,session_reid,v007,,3560,18:v007,,
18_miaomiao/18_v009_f000005.jpg,18,348,train,panda,ipanda50,giant panda,session_reid,v009,,5,18:v009,,
18_miaomiao/18_v009_f000390.jpg,18,348,train,panda,ipanda50,giant panda,session_reid,v009,,390,18:v009,,
18_miaomiao/18_v009_f000740.jpg,18,348,train,panda,ipanda50,giant panda,session_reid,v009,,740,18:v009,,
18_miaomiao/18_v009_f000830.jpg,18,348,train,panda,ipanda50,giant panda,session_reid,v009,,830,18:v009,,
18_miaomiao/18_v009_f000855.jpg,18,348,train,panda,ipanda50,giant panda,session_reid,v009,,855,18:v009,,
18_miaomiao/18_v009_f000885.jpg,18,348,train,panda,ipanda50,giant panda,session_reid,v009,,885,18:v009,,
18_miaomiao/18_v009_f000905.jpg,18,348,train,panda,ipanda50,giant panda,session_reid,v009,,905,18:v009,,
18_miaomiao/18_v009_f000980.jpg,18,348,train,panda,ipanda50,giant panda,session_reid,v009,,980,18:v009,,
18_miaomiao/18_v009_f001330.jpg,18,348,train,panda,ipanda50,giant panda,session_reid,v009,,1330,18:v009,,
18_miaomiao/18_v009_f001485.jpg,18,348,train,panda,ipanda50,giant panda,session_reid,v009,,1485,18:v009,,
18_miaomiao/18_v010_f000005.jpg,18,349,train,panda,ipanda50,giant panda,session_reid,v010,,5,18:v010,,
18_miaomiao/18_v011_f000005.jpg,18,350,train,panda,ipanda50,giant panda,session_reid,v011,,5,18:v011,,
18_miaomiao/18_v011_f000270.jpg,18,350,train,panda,ipanda50,giant panda,session_reid,v011,,270,18:v011,,
18_miaomiao/18_v011_f000480.jpg,18,350,train,panda,ipanda50,giant panda,session_reid,v011,,480,18:v011,,
18_miaomiao/18_v011_f000525.jpg,18,350,train,panda,ipanda50,giant panda,session_reid,v011,,525,18:v011,,
18_miaomiao/18_v011_f000535.jpg,18,350,train,panda,ipanda50,giant panda,session_reid,v011,,535,18:v011,,
18_miaomiao/18_v011_f000565.jpg,18,350,train,panda,ipanda50,giant panda,session_reid,v011,,565,18:v011,,
18_miaomiao/18_v011_f000645.jpg,18,350,train,panda,ipanda50,giant panda,session_reid,v011,,645,18:v011,,
18_miaomiao/18_v011_f000685.jpg,18,350,train,panda,ipanda50,giant panda,session_reid,v011,,685,18:v011,,
18_miaomiao/18_v011_f001030.jpg,18,350,train,panda,ipanda50,giant panda,session_reid,v011,,1030,18:v011,,
18_miaomiao/18_v011_f003790.jpg,18,350,train,panda,ipanda50,giant panda,session_reid,v011,,3790,18:v011,,
18_miaomiao/18_v011_f004440.jpg,18,350,train,panda,ipanda50,giant panda,session_reid,v011,,4440,18:v011,,
18_miaomiao/18_v011_f005475.jpg,18,350,train,panda,ipanda50,giant panda,session_reid,v011,,5475,18:v011,,
18_miaomiao/18_v011_f006375.jpg,18,350,train,panda,ipanda50,giant panda,session_reid,v011,,6375,18:v011,,
18_miaomiao/18_v011_f006515.jpg,18,350,train,panda,ipanda50,giant panda,session_reid,v011,,6515,18:v011,,
18_miaomiao/18_v011_f006540.jpg,18,350,train,panda,ipanda50,giant panda,session_reid,v011,,6540,18:v011,,
18_miaomiao/18_v012_f000005.jpg,18,351,train,panda,ipanda50,giant panda,session_reid,v012,,5,18:v012,,
18_miaomiao/18_v012_f000085.jpg,18,351,train,panda,ipanda50,giant panda,session_reid,v012,,85,18:v012,,
18_miaomiao/18_v013_f000005.jpg,18,352,train,panda,ipanda50,giant panda,session_reid,v013,,5,18:v013,,
18_miaomiao/18_v013_f000190.jpg,18,352,train,panda,ipanda50,giant panda,session_reid,v013,,190,18:v013,,
19_nannan/19_v001_f004745.jpg,19,353,query,panda,ipanda50,giant panda,session_reid,v001,,4745,19:v001,,
19_nannan/19_v001_f008165.jpg,19,353,gallery,panda,ipanda50,giant panda,session_reid,v001,,8165,19:v001,,
19_nannan/19_v002_f001385.jpg,19,354,query,panda,ipanda50,giant panda,session_reid,v002,,1385,19:v002,,
19_nannan/19_v004_f012370.jpg,19,355,query,panda,ipanda50,giant panda,session_reid,v004,,12370,19:v004,,
19_nannan/19_v004_f012415.jpg,19,355,gallery,panda,ipanda50,giant panda,session_reid,v004,,12415,19:v004,,
19_nannan/19_v004_f012660.jpg,19,355,gallery,panda,ipanda50,giant panda,session_reid,v004,,12660,19:v004,,
19_nannan/19_v004_f012685.jpg,19,355,gallery,panda,ipanda50,giant panda,session_reid,v004,,12685,19:v004,,
19_nannan/19_v004_f012755.jpg,19,355,gallery,panda,ipanda50,giant panda,session_reid,v004,,12755,19:v004,,
19_nannan/19_v004_f014450.jpg,19,355,gallery,panda,ipanda50,giant panda,session_reid,v004,,14450,19:v004,,
19_nannan/19_v005_f000005.jpg,19,356,query,panda,ipanda50,giant panda,session_reid,v005,,5,19:v005,,
19_nannan/19_v006_f000005.jpg,19,357,query,panda,ipanda50,giant panda,session_reid,v006,,5,19:v006,,
19_nannan/19_v006_f000160.jpg,19,357,gallery,panda,ipanda50,giant panda,session_reid,v006,,160,19:v006,,
19_nannan/19_v006_f000260.jpg,19,357,gallery,panda,ipanda50,giant panda,session_reid,v006,,260,19:v006,,
19_nannan/19_v006_f000655.jpg,19,357,gallery,panda,ipanda50,giant panda,session_reid,v006,,655,19:v006,,
19_nannan/19_v006_f000780.jpg,19,357,gallery,panda,ipanda50,giant panda,session_reid,v006,,780,19:v006,,
19_nannan/19_v006_f001265.jpg,19,357,gallery,panda,ipanda50,giant panda,session_reid,v006,,1265,19:v006,,
19_nannan/19_v006_f001680.jpg,19,357,gallery,panda,ipanda50,giant panda,session_reid,v006,,1680,19:v006,,
19_nannan/19_v008_f000005.jpg,19,358,query,panda,ipanda50,giant panda,session_reid,v008,,5,19:v008,,
19_nannan/19_v008_f000330.jpg,19,358,gallery,panda,ipanda50,giant panda,session_reid,v008,,330,19:v008,,
19_nannan/19_v009_f000110.jpg,19,359,query,panda,ipanda50,giant panda,session_reid,v009,,110,19:v009,,
19_nannan/19_v009_f000150.jpg,19,359,gallery,panda,ipanda50,giant panda,session_reid,v009,,150,19:v009,,
19_nannan/19_v009_f000270.jpg,19,359,gallery,panda,ipanda50,giant panda,session_reid,v009,,270,19:v009,,
19_nannan/19_v009_f000305.jpg,19,359,gallery,panda,ipanda50,giant panda,session_reid,v009,,305,19:v009,,
19_nannan/19_v009_f000510.jpg,19,359,gallery,panda,ipanda50,giant panda,session_reid,v009,,510,19:v009,,
19_nannan/19_v009_f001250.jpg,19,359,gallery,panda,ipanda50,giant panda,session_reid,v009,,1250,19:v009,,
19_nannan/19_v009_f003820.jpg,19,359,gallery,panda,ipanda50,giant panda,session_reid,v009,,3820,19:v009,,
19_nannan/19_v009_f004195.jpg,19,359,gallery,panda,ipanda50,giant panda,session_reid,v009,,4195,19:v009,,
19_nannan/19_v009_f005155.jpg,19,359,gallery,panda,ipanda50,giant panda,session_reid,v009,,5155,19:v009,,
19_nannan/19_v010_f000125.jpg,19,360,query,panda,ipanda50,giant panda,session_reid,v010,,125,19:v010,,
19_nannan/19_v010_f000850.jpg,19,360,gallery,panda,ipanda50,giant panda,session_reid,v010,,850,19:v010,,
19_nannan/19_v012_f000210.jpg,19,361,query,panda,ipanda50,giant panda,session_reid,v012,,210,19:v012,,
19_nannan/19_v012_f001890.jpg,19,361,gallery,panda,ipanda50,giant panda,session_reid,v012,,1890,19:v012,,
19_nannan/19_v013_f000155.jpg,19,362,query,panda,ipanda50,giant panda,session_reid,v013,,155,19:v013,,
19_nannan/19_v013_f000735.jpg,19,362,gallery,panda,ipanda50,giant panda,session_reid,v013,,735,19:v013,,
19_nannan/19_v014_f000005.jpg,19,363,query,panda,ipanda50,giant panda,session_reid,v014,,5,19:v014,,
19_nannan/19_v014_f000155.jpg,19,363,gallery,panda,ipanda50,giant panda,session_reid,v014,,155,19:v014,,
19_nannan/19_v014_f000590.jpg,19,363,gallery,panda,ipanda50,giant panda,session_reid,v014,,590,19:v014,,
19_nannan/19_v014_f000730.jpg,19,363,gallery,panda,ipanda50,giant panda,session_reid,v014,,730,19:v014,,
19_nannan/19_v014_f001235.jpg,19,363,gallery,panda,ipanda50,giant panda,session_reid,v014,,1235,19:v014,,
19_nannan/19_v014_f001730.jpg,19,363,gallery,panda,ipanda50,giant panda,session_reid,v014,,1730,19:v014,,
19_nannan/19_v014_f002210.jpg,19,363,gallery,panda,ipanda50,giant panda,session_reid,v014,,2210,19:v014,,
19_nannan/19_v014_f002505.jpg,19,363,gallery,panda,ipanda50,giant panda,session_reid,v014,,2505,19:v014,,
19_nannan/19_v014_f002630.jpg,19,363,gallery,panda,ipanda50,giant panda,session_reid,v014,,2630,19:v014,,
19_nannan/19_v014_f002895.jpg,19,363,gallery,panda,ipanda50,giant panda,session_reid,v014,,2895,19:v014,,
19_nannan/19_v014_f003305.jpg,19,363,gallery,panda,ipanda50,giant panda,session_reid,v014,,3305,19:v014,,
19_nannan/19_v014_f003460.jpg,19,363,gallery,panda,ipanda50,giant panda,session_reid,v014,,3460,19:v014,,
19_nannan/19_v014_f004190.jpg,19,363,gallery,panda,ipanda50,giant panda,session_reid,v014,,4190,19:v014,,
19_nannan/19_v014_f005610.jpg,19,363,gallery,panda,ipanda50,giant panda,session_reid,v014,,5610,19:v014,,
19_nannan/19_v014_f005965.jpg,19,363,gallery,panda,ipanda50,giant panda,session_reid,v014,,5965,19:v014,,
19_nannan/19_v014_f006190.jpg,19,363,gallery,panda,ipanda50,giant panda,session_reid,v014,,6190,19:v014,,
19_nannan/19_v014_f006270.jpg,19,363,gallery,panda,ipanda50,giant panda,session_reid,v014,,6270,19:v014,,
19_nannan/19_v014_f006670.jpg,19,363,gallery,panda,ipanda50,giant panda,session_reid,v014,,6670,19:v014,,
19_nannan/19_v015_f000025.jpg,19,364,query,panda,ipanda50,giant panda,session_reid,v015,,25,19:v015,,
19_nannan/19_v015_f001175.jpg,19,364,gallery,panda,ipanda50,giant panda,session_reid,v015,,1175,19:v015,,
19_nannan/19_v016_f000005.jpg,19,365,query,panda,ipanda50,giant panda,session_reid,v016,,5,19:v016,,
19_nannan/19_v016_f000040.jpg,19,365,gallery,panda,ipanda50,giant panda,session_reid,v016,,40,19:v016,,
19_nannan/19_v016_f000085.jpg,19,365,gallery,panda,ipanda50,giant panda,session_reid,v016,,85,19:v016,,
19_nannan/19_v016_f000180.jpg,19,365,gallery,panda,ipanda50,giant panda,session_reid,v016,,180,19:v016,,
19_nannan/19_v016_f000185.jpg,19,365,gallery,panda,ipanda50,giant panda,session_reid,v016,,185,19:v016,,
19_nannan/19_v016_f000375.jpg,19,365,gallery,panda,ipanda50,giant panda,session_reid,v016,,375,19:v016,,
19_nannan/19_v016_f000400.jpg,19,365,gallery,panda,ipanda50,giant panda,session_reid,v016,,400,19:v016,,
19_nannan/19_v016_f000510.jpg,19,365,gallery,panda,ipanda50,giant panda,session_reid,v016,,510,19:v016,,
19_nannan/19_v016_f000595.jpg,19,365,gallery,panda,ipanda50,giant panda,session_reid,v016,,595,19:v016,,
19_nannan/19_v016_f000975.jpg,19,365,gallery,panda,ipanda50,giant panda,session_reid,v016,,975,19:v016,,
19_nannan/19_v016_f001045.jpg,19,365,gallery,panda,ipanda50,giant panda,session_reid,v016,,1045,19:v016,,
19_nannan/19_v016_f001475.jpg,19,365,gallery,panda,ipanda50,giant panda,session_reid,v016,,1475,19:v016,,
19_nannan/19_v016_f001720.jpg,19,365,gallery,panda,ipanda50,giant panda,session_reid,v016,,1720,19:v016,,
19_nannan/19_v016_f001890.jpg,19,365,gallery,panda,ipanda50,giant panda,session_reid,v016,,1890,19:v016,,
19_nannan/19_v016_f002010.jpg,19,365,gallery,panda,ipanda50,giant panda,session_reid,v016,,2010,19:v016,,
19_nannan/19_v016_f002240.jpg,19,365,gallery,panda,ipanda50,giant panda,session_reid,v016,,2240,19:v016,,
19_nannan/19_v016_f002410.jpg,19,365,gallery,panda,ipanda50,giant panda,session_reid,v016,,2410,19:v016,,
19_nannan/19_v017_f000325.jpg,19,366,query,panda,ipanda50,giant panda,session_reid,v017,,325,19:v017,,
19_nannan/19_v017_f001450.jpg,19,366,gallery,panda,ipanda50,giant panda,session_reid,v017,,1450,19:v017,,
19_nannan/19_v019_f006035.jpg,19,367,query,panda,ipanda50,giant panda,session_reid,v019,,6035,19:v019,,
19_nannan/19_v019_f011390.jpg,19,367,gallery,panda,ipanda50,giant panda,session_reid,v019,,11390,19:v019,,
19_nannan/19_v020_f000170.jpg,19,368,query,panda,ipanda50,giant panda,session_reid,v020,,170,19:v020,,
19_nannan/19_v020_f020230.jpg,19,368,gallery,panda,ipanda50,giant panda,session_reid,v020,,20230,19:v020,,
19_nannan/19_v020_f021930.jpg,19,368,gallery,panda,ipanda50,giant panda,session_reid,v020,,21930,19:v020,,
19_nannan/19_v020_f029495.jpg,19,368,gallery,panda,ipanda50,giant panda,session_reid,v020,,29495,19:v020,,
19_nannan/19_v022_f002610.jpg,19,369,query,panda,ipanda50,giant panda,session_reid,v022,,2610,19:v022,,
19_nannan/19_v022_f002970.jpg,19,369,gallery,panda,ipanda50,giant panda,session_reid,v022,,2970,19:v022,,
19_nannan/19_v023_f000175.jpg,19,370,query,panda,ipanda50,giant panda,session_reid,v023,,175,19:v023,,
19_nannan/19_v023_f001450.jpg,19,370,gallery,panda,ipanda50,giant panda,session_reid,v023,,1450,19:v023,,
19_nannan/19_v024_f000005.jpg,19,371,query,panda,ipanda50,giant panda,session_reid,v024,,5,19:v024,,
19_nannan/19_v024_f000120.jpg,19,371,gallery,panda,ipanda50,giant panda,session_reid,v024,,120,19:v024,,
19_nannan/19_v024_f000600.jpg,19,371,gallery,panda,ipanda50,giant panda,session_reid,v024,,600,19:v024,,
19_nannan/19_v024_f002760.jpg,19,371,gallery,panda,ipanda50,giant panda,session_reid,v024,,2760,19:v024,,
19_nannan/19_v025_f000005.jpg,19,372,query,panda,ipanda50,giant panda,session_reid,v025,,5,19:v025,,
19_nannan/19_v025_f000150.jpg,19,372,gallery,panda,ipanda50,giant panda,session_reid,v025,,150,19:v025,,
19_nannan/19_v025_f001450.jpg,19,372,gallery,panda,ipanda50,giant panda,session_reid,v025,,1450,19:v025,,
19_nannan/19_v026_f000850.jpg,19,373,query,panda,ipanda50,giant panda,session_reid,v026,,850,19:v026,,
19_nannan/19_v026_f005440.jpg,19,373,gallery,panda,ipanda50,giant panda,session_reid,v026,,5440,19:v026,,
19_nannan/19_v028_f001105.jpg,19,374,query,panda,ipanda50,giant panda,session_reid,v028,,1105,19:v028,,
19_nannan/19_v028_f004505.jpg,19,374,gallery,panda,ipanda50,giant panda,session_reid,v028,,4505,19:v028,,
19_nannan/19_v030_f000140.jpg,19,375,query,panda,ipanda50,giant panda,session_reid,v030,,140,19:v030,,
19_nannan/19_v030_f001095.jpg,19,375,gallery,panda,ipanda50,giant panda,session_reid,v030,,1095,19:v030,,
19_nannan/19_v030_f001145.jpg,19,375,gallery,panda,ipanda50,giant panda,session_reid,v030,,1145,19:v030,,
19_nannan/19_v030_f001170.jpg,19,375,gallery,panda,ipanda50,giant panda,session_reid,v030,,1170,19:v030,,
19_nannan/19_v030_f001290.jpg,19,375,gallery,panda,ipanda50,giant panda,session_reid,v030,,1290,19:v030,,
19_nannan/19_v030_f001305.jpg,19,375,gallery,panda,ipanda50,giant panda,session_reid,v030,,1305,19:v030,,
19_nannan/19_v030_f002155.jpg,19,375,gallery,panda,ipanda50,giant panda,session_reid,v030,,2155,19:v030,,
19_nannan/19_v030_f002200.jpg,19,375,gallery,panda,ipanda50,giant panda,session_reid,v030,,2200,19:v030,,
19_nannan/19_v030_f002620.jpg,19,375,gallery,panda,ipanda50,giant panda,session_reid,v030,,2620,19:v030,,
19_nannan/19_v030_f002840.jpg,19,375,gallery,panda,ipanda50,giant panda,session_reid,v030,,2840,19:v030,,
19_nannan/19_v030_f003240.jpg,19,375,gallery,panda,ipanda50,giant panda,session_reid,v030,,3240,19:v030,,
19_nannan/19_v031_f000005.jpg,19,376,query,panda,ipanda50,giant panda,session_reid,v031,,5,19:v031,,
19_nannan/19_v031_f001475.jpg,19,376,gallery,panda,ipanda50,giant panda,session_reid,v031,,1475,19:v031,,
19_nannan/19_v032_f001500.jpg,19,377,query,panda,ipanda50,giant panda,session_reid,v032,,1500,19:v032,,
19_nannan/19_v032_f003720.jpg,19,377,gallery,panda,ipanda50,giant panda,session_reid,v032,,3720,19:v032,,
19_nannan/19_v034_f000385.jpg,19,378,query,panda,ipanda50,giant panda,session_reid,v034,,385,19:v034,,
19_nannan/19_v034_f001715.jpg,19,378,gallery,panda,ipanda50,giant panda,session_reid,v034,,1715,19:v034,,
19_nannan/19_v035_f000540.jpg,19,379,query,panda,ipanda50,giant panda,session_reid,v035,,540,19:v035,,
19_nannan/19_v035_f001980.jpg,19,379,gallery,panda,ipanda50,giant panda,session_reid,v035,,1980,19:v035,,
19_nannan/19_v035_f002280.jpg,19,379,gallery,panda,ipanda50,giant panda,session_reid,v035,,2280,19:v035,,
19_nannan/19_v039_f000775.jpg,19,380,query,panda,ipanda50,giant panda,session_reid,v039,,775,19:v039,,
19_nannan/19_v039_f001280.jpg,19,380,gallery,panda,ipanda50,giant panda,session_reid,v039,,1280,19:v039,,
19_nannan/19_v039_f004285.jpg,19,380,gallery,panda,ipanda50,giant panda,session_reid,v039,,4285,19:v039,,
19_nannan/19_v039_f005200.jpg,19,380,gallery,panda,ipanda50,giant panda,session_reid,v039,,5200,19:v039,,
19_nannan/19_v039_f005400.jpg,19,380,gallery,panda,ipanda50,giant panda,session_reid,v039,,5400,19:v039,,
19_nannan/19_v039_f005535.jpg,19,380,gallery,panda,ipanda50,giant panda,session_reid,v039,,5535,19:v039,,
19_nannan/19_v039_f005555.jpg,19,380,gallery,panda,ipanda50,giant panda,session_reid,v039,,5555,19:v039,,
19_nannan/19_v039_f006490.jpg,19,380,gallery,panda,ipanda50,giant panda,session_reid,v039,,6490,19:v039,,
19_nannan/19_v039_f007435.jpg,19,380,gallery,panda,ipanda50,giant panda,session_reid,v039,,7435,19:v039,,
19_nannan/19_v039_f008525.jpg,19,380,gallery,panda,ipanda50,giant panda,session_reid,v039,,8525,19:v039,,
19_nannan/19_v040_f001320.jpg,19,381,query,panda,ipanda50,giant panda,session_reid,v040,,1320,19:v040,,
19_nannan/19_v040_f002520.jpg,19,381,gallery,panda,ipanda50,giant panda,session_reid,v040,,2520,19:v040,,
19_nannan/19_v041_f000005.jpg,19,382,query,panda,ipanda50,giant panda,session_reid,v041,,5,19:v041,,
19_nannan/19_v041_f001220.jpg,19,382,gallery,panda,ipanda50,giant panda,session_reid,v041,,1220,19:v041,,
19_nannan/19_v041_f001285.jpg,19,382,gallery,panda,ipanda50,giant panda,session_reid,v041,,1285,19:v041,,
19_nannan/19_v041_f001330.jpg,19,382,gallery,panda,ipanda50,giant panda,session_reid,v041,,1330,19:v041,,
19_nannan/19_v041_f001475.jpg,19,382,gallery,panda,ipanda50,giant panda,session_reid,v041,,1475,19:v041,,
19_nannan/19_v041_f001535.jpg,19,382,gallery,panda,ipanda50,giant panda,session_reid,v041,,1535,19:v041,,
19_nannan/19_v041_f001715.jpg,19,382,gallery,panda,ipanda50,giant panda,session_reid,v041,,1715,19:v041,,
19_nannan/19_v041_f001750.jpg,19,382,gallery,panda,ipanda50,giant panda,session_reid,v041,,1750,19:v041,,
19_nannan/19_v042_f000840.jpg,19,383,query,panda,ipanda50,giant panda,session_reid,v042,,840,19:v042,,
19_nannan/19_v042_f001720.jpg,19,383,gallery,panda,ipanda50,giant panda,session_reid,v042,,1720,19:v042,,
19_nannan/19_v044_f000675.jpg,19,384,query,panda,ipanda50,giant panda,session_reid,v044,,675,19:v044,,
19_nannan/19_v044_f001530.jpg,19,384,gallery,panda,ipanda50,giant panda,session_reid,v044,,1530,19:v044,,
19_nannan/19_v044_f001875.jpg,19,384,gallery,panda,ipanda50,giant panda,session_reid,v044,,1875,19:v044,,
19_nannan/19_v044_f003905.jpg,19,384,gallery,panda,ipanda50,giant panda,session_reid,v044,,3905,19:v044,,
19_nannan/19_v044_f004270.jpg,19,384,gallery,panda,ipanda50,giant panda,session_reid,v044,,4270,19:v044,,
19_nannan/19_v045_f000175.jpg,19,385,query,panda,ipanda50,giant panda,session_reid,v045,,175,19:v045,,
19_nannan/19_v046_f000725.jpg,19,386,query,panda,ipanda50,giant panda,session_reid,v046,,725,19:v046,,
19_nannan/19_v049_f002700.jpg,19,387,query,panda,ipanda50,giant panda,session_reid,v049,,2700,19:v049,,
19_nannan/19_v049_f003180.jpg,19,387,gallery,panda,ipanda50,giant panda,session_reid,v049,,3180,19:v049,,
19_nannan/19_v050_f000510.jpg,19,388,query,panda,ipanda50,giant panda,session_reid,v050,,510,19:v050,,
19_nannan/19_v050_f005440.jpg,19,388,gallery,panda,ipanda50,giant panda,session_reid,v050,,5440,19:v050,,
19_nannan/19_v051_f001080.jpg,19,389,query,panda,ipanda50,giant panda,session_reid,v051,,1080,19:v051,,
19_nannan/19_v051_f002220.jpg,19,389,gallery,panda,ipanda50,giant panda,session_reid,v051,,2220,19:v051,,
19_nannan/19_v052_f001470.jpg,19,390,query,panda,ipanda50,giant panda,session_reid,v052,,1470,19:v052,,
19_nannan/19_v053_f000005.jpg,19,391,query,panda,ipanda50,giant panda,session_reid,v053,,5,19:v053,,
19_nannan/19_v053_f000130.jpg,19,391,gallery,panda,ipanda50,giant panda,session_reid,v053,,130,19:v053,,
19_nannan/19_v053_f000475.jpg,19,391,gallery,panda,ipanda50,giant panda,session_reid,v053,,475,19:v053,,
19_nannan/19_v053_f000545.jpg,19,391,gallery,panda,ipanda50,giant panda,session_reid,v053,,545,19:v053,,
19_nannan/19_v053_f001660.jpg,19,391,gallery,panda,ipanda50,giant panda,session_reid,v053,,1660,19:v053,,
19_nannan/19_v053_f002340.jpg,19,391,gallery,panda,ipanda50,giant panda,session_reid,v053,,2340,19:v053,,
19_nannan/19_v053_f003195.jpg,19,391,gallery,panda,ipanda50,giant panda,session_reid,v053,,3195,19:v053,,
19_nannan/19_v053_f003640.jpg,19,391,gallery,panda,ipanda50,giant panda,session_reid,v053,,3640,19:v053,,
19_nannan/19_v053_f003860.jpg,19,391,gallery,panda,ipanda50,giant panda,session_reid,v053,,3860,19:v053,,
19_nannan/19_v053_f003965.jpg,19,391,gallery,panda,ipanda50,giant panda,session_reid,v053,,3965,19:v053,,
19_nannan/19_v053_f003990.jpg,19,391,gallery,panda,ipanda50,giant panda,session_reid,v053,,3990,19:v053,,
19_nannan/19_v053_f004105.jpg,19,391,gallery,panda,ipanda50,giant panda,session_reid,v053,,4105,19:v053,,
19_nannan/19_v053_f004210.jpg,19,391,gallery,panda,ipanda50,giant panda,session_reid,v053,,4210,19:v053,,
19_nannan/19_v054_f000125.jpg,19,392,query,panda,ipanda50,giant panda,session_reid,v054,,125,19:v054,,
19_nannan/19_v054_f000250.jpg,19,392,gallery,panda,ipanda50,giant panda,session_reid,v054,,250,19:v054,,
19_nannan/19_v055_f000250.jpg,19,393,query,panda,ipanda50,giant panda,session_reid,v055,,250,19:v055,,
19_nannan/19_v055_f001200.jpg,19,393,gallery,panda,ipanda50,giant panda,session_reid,v055,,1200,19:v055,,
19_nannan/19_v056_f000175.jpg,19,394,query,panda,ipanda50,giant panda,session_reid,v056,,175,19:v056,,
19_nannan/19_v056_f001190.jpg,19,394,gallery,panda,ipanda50,giant panda,session_reid,v056,,1190,19:v056,,
19_nannan/19_v057_f000250.jpg,19,395,query,panda,ipanda50,giant panda,session_reid,v057,,250,19:v057,,
19_nannan/19_v057_f000775.jpg,19,395,gallery,panda,ipanda50,giant panda,session_reid,v057,,775,19:v057,,
19_nannan/19_v058_f000005.jpg,19,396,query,panda,ipanda50,giant panda,session_reid,v058,,5,19:v058,,
19_nannan/19_v058_f001095.jpg,19,396,gallery,panda,ipanda50,giant panda,session_reid,v058,,1095,19:v058,,
19_nannan/19_v058_f001205.jpg,19,396,gallery,panda,ipanda50,giant panda,session_reid,v058,,1205,19:v058,,
19_nannan/19_v058_f001455.jpg,19,396,gallery,panda,ipanda50,giant panda,session_reid,v058,,1455,19:v058,,
19_nannan/19_v058_f002685.jpg,19,396,gallery,panda,ipanda50,giant panda,session_reid,v058,,2685,19:v058,,
19_nannan/19_v060_f000360.jpg,19,397,query,panda,ipanda50,giant panda,session_reid,v060,,360,19:v060,,
19_nannan/19_v060_f003660.jpg,19,397,gallery,panda,ipanda50,giant panda,session_reid,v060,,3660,19:v060,,
19_nannan/19_v061_f001055.jpg,19,398,query,panda,ipanda50,giant panda,session_reid,v061,,1055,19:v061,,
19_nannan/19_v061_f001155.jpg,19,398,gallery,panda,ipanda50,giant panda,session_reid,v061,,1155,19:v061,,
19_nannan/19_v061_f001335.jpg,19,398,gallery,panda,ipanda50,giant panda,session_reid,v061,,1335,19:v061,,
19_nannan/19_v061_f002015.jpg,19,398,gallery,panda,ipanda50,giant panda,session_reid,v061,,2015,19:v061,,
19_nannan/19_v061_f002450.jpg,19,398,gallery,panda,ipanda50,giant panda,session_reid,v061,,2450,19:v061,,
19_nannan/19_v061_f002610.jpg,19,398,gallery,panda,ipanda50,giant panda,session_reid,v061,,2610,19:v061,,
19_nannan/19_v061_f003900.jpg,19,398,gallery,panda,ipanda50,giant panda,session_reid,v061,,3900,19:v061,,
19_nannan/19_v062_f000180.jpg,19,399,query,panda,ipanda50,giant panda,session_reid,v062,,180,19:v062,,
19_nannan/19_v062_f000600.jpg,19,399,gallery,panda,ipanda50,giant panda,session_reid,v062,,600,19:v062,,
19_nannan/19_v062_f003420.jpg,19,399,gallery,panda,ipanda50,giant panda,session_reid,v062,,3420,19:v062,,
19_nannan/19_v067_f000025.jpg,19,400,query,panda,ipanda50,giant panda,session_reid,v067,,25,19:v067,,
19_nannan/19_v067_f000200.jpg,19,400,gallery,panda,ipanda50,giant panda,session_reid,v067,,200,19:v067,,
19_nannan/19_v069_f000120.jpg,19,401,query,panda,ipanda50,giant panda,session_reid,v069,,120,19:v069,,
19_nannan/19_v069_f003240.jpg,19,401,gallery,panda,ipanda50,giant panda,session_reid,v069,,3240,19:v069,,
19_nannan/19_v070_f000180.jpg,19,402,query,panda,ipanda50,giant panda,session_reid,v070,,180,19:v070,,
19_nannan/19_v070_f001125.jpg,19,402,gallery,panda,ipanda50,giant panda,session_reid,v070,,1125,19:v070,,
19_nannan/19_v071_f000600.jpg,19,403,query,panda,ipanda50,giant panda,session_reid,v071,,600,19:v071,,
19_nannan/19_v071_f002160.jpg,19,403,gallery,panda,ipanda50,giant panda,session_reid,v071,,2160,19:v071,,
19_nannan/19_v072_f000100.jpg,19,404,query,panda,ipanda50,giant panda,session_reid,v072,,100,19:v072,,
19_nannan/19_v072_f000115.jpg,19,404,gallery,panda,ipanda50,giant panda,session_reid,v072,,115,19:v072,,
19_nannan/19_v072_f000165.jpg,19,404,gallery,panda,ipanda50,giant panda,session_reid,v072,,165,19:v072,,
19_nannan/19_v072_f000200.jpg,19,404,gallery,panda,ipanda50,giant panda,session_reid,v072,,200,19:v072,,
19_nannan/19_v072_f000725.jpg,19,404,gallery,panda,ipanda50,giant panda,session_reid,v072,,725,19:v072,,
19_nannan/19_v073_f000060.jpg,19,405,query,panda,ipanda50,giant panda,session_reid,v073,,60,19:v073,,
19_nannan/19_v073_f005640.jpg,19,405,gallery,panda,ipanda50,giant panda,session_reid,v073,,5640,19:v073,,
19_nannan/19_v076_f000765.jpg,19,406,query,panda,ipanda50,giant panda,session_reid,v076,,765,19:v076,,
19_nannan/19_v076_f005355.jpg,19,406,gallery,panda,ipanda50,giant panda,session_reid,v076,,5355,19:v076,,
19_nannan/19_v077_f002250.jpg,19,407,query,panda,ipanda50,giant panda,session_reid,v077,,2250,19:v077,,
19_nannan/19_v081_f000555.jpg,19,408,query,panda,ipanda50,giant panda,session_reid,v081,,555,19:v081,,
19_nannan/19_v081_f002965.jpg,19,408,gallery,panda,ipanda50,giant panda,session_reid,v081,,2965,19:v081,,
19_nannan/19_v082_f000210.jpg,19,409,query,panda,ipanda50,giant panda,session_reid,v082,,210,19:v082,,
19_nannan/19_v082_f000630.jpg,19,409,gallery,panda,ipanda50,giant panda,session_reid,v082,,630,19:v082,,
19_nannan/19_v083_f002280.jpg,19,410,query,panda,ipanda50,giant panda,session_reid,v083,,2280,19:v083,,
19_nannan/19_v083_f004020.jpg,19,410,gallery,panda,ipanda50,giant panda,session_reid,v083,,4020,19:v083,,
19_nannan/19_v084_f000060.jpg,19,411,query,panda,ipanda50,giant panda,session_reid,v084,,60,19:v084,,
19_nannan/19_v085_f000270.jpg,19,412,query,panda,ipanda50,giant panda,session_reid,v085,,270,19:v085,,
19_nannan/19_v086_f000660.jpg,19,413,query,panda,ipanda50,giant panda,session_reid,v086,,660,19:v086,,
19_nannan/19_v086_f001020.jpg,19,413,gallery,panda,ipanda50,giant panda,session_reid,v086,,1020,19:v086,,
19_nannan/19_v087_f000090.jpg,19,414,query,panda,ipanda50,giant panda,session_reid,v087,,90,19:v087,,
19_nannan/19_v089_f000140.jpg,19,415,query,panda,ipanda50,giant panda,session_reid,v089,,140,19:v089,,
19_nannan/19_v089_f000285.jpg,19,415,gallery,panda,ipanda50,giant panda,session_reid,v089,,285,19:v089,,
19_nannan/19_v089_f000355.jpg,19,415,gallery,panda,ipanda50,giant panda,session_reid,v089,,355,19:v089,,
19_nannan/19_v089_f000465.jpg,19,415,gallery,panda,ipanda50,giant panda,session_reid,v089,,465,19:v089,,
19_nannan/19_v089_f000845.jpg,19,415,gallery,panda,ipanda50,giant panda,session_reid,v089,,845,19:v089,,
19_nannan/19_v089_f001790.jpg,19,415,gallery,panda,ipanda50,giant panda,session_reid,v089,,1790,19:v089,,
19_nannan/19_v091_f000090.jpg,19,416,query,panda,ipanda50,giant panda,session_reid,v091,,90,19:v091,,
19_nannan/19_v091_f002655.jpg,19,416,gallery,panda,ipanda50,giant panda,session_reid,v091,,2655,19:v091,,
19_nannan/19_v092_f000175.jpg,19,417,query,panda,ipanda50,giant panda,session_reid,v092,,175,19:v092,,
19_nannan/19_v092_f000875.jpg,19,417,gallery,panda,ipanda50,giant panda,session_reid,v092,,875,19:v092,,
19_nannan/19_v094_f003230.jpg,19,418,query,panda,ipanda50,giant panda,session_reid,v094,,3230,19:v094,,
19_nannan/19_v094_f007225.jpg,19,418,gallery,panda,ipanda50,giant panda,session_reid,v094,,7225,19:v094,,
19_nannan/19_v097_f000420.jpg,19,419,query,panda,ipanda50,giant panda,session_reid,v097,,420,19:v097,,
19_nannan/19_v097_f001920.jpg,19,419,gallery,panda,ipanda50,giant panda,session_reid,v097,,1920,19:v097,,
19_nannan/19_v097_f003120.jpg,19,419,gallery,panda,ipanda50,giant panda,session_reid,v097,,3120,19:v097,,
19_nannan/19_v098_f000275.jpg,19,420,query,panda,ipanda50,giant panda,session_reid,v098,,275,19:v098,,
19_nannan/19_v098_f000950.jpg,19,420,gallery,panda,ipanda50,giant panda,session_reid,v098,,950,19:v098,,
19_nannan/19_v101_f000630.jpg,19,421,query,panda,ipanda50,giant panda,session_reid,v101,,630,19:v101,,
19_nannan/19_v101_f000855.jpg,19,421,gallery,panda,ipanda50,giant panda,session_reid,v101,,855,19:v101,,
19_nannan/19_v102_f000005.jpg,19,422,query,panda,ipanda50,giant panda,session_reid,v102,,5,19:v102,,
19_nannan/19_v102_f000345.jpg,19,422,gallery,panda,ipanda50,giant panda,session_reid,v102,,345,19:v102,,
19_nannan/19_v102_f000385.jpg,19,422,gallery,panda,ipanda50,giant panda,session_reid,v102,,385,19:v102,,
19_nannan/19_v102_f000710.jpg,19,422,gallery,panda,ipanda50,giant panda,session_reid,v102,,710,19:v102,,
19_nannan/19_v102_f000750.jpg,19,422,gallery,panda,ipanda50,giant panda,session_reid,v102,,750,19:v102,,
19_nannan/19_v102_f000840.jpg,19,422,gallery,panda,ipanda50,giant panda,session_reid,v102,,840,19:v102,,
19_nannan/19_v102_f000895.jpg,19,422,gallery,panda,ipanda50,giant panda,session_reid,v102,,895,19:v102,,
19_nannan/19_v103_f000630.jpg,19,423,query,panda,ipanda50,giant panda,session_reid,v103,,630,19:v103,,
19_nannan/19_v103_f001935.jpg,19,423,gallery,panda,ipanda50,giant panda,session_reid,v103,,1935,19:v103,,
19_nannan/19_v103_f002925.jpg,19,423,gallery,panda,ipanda50,giant panda,session_reid,v103,,2925,19:v103,,
19_nannan/19_v105_f001035.jpg,19,424,query,panda,ipanda50,giant panda,session_reid,v105,,1035,19:v105,,
19_nannan/19_v105_f001395.jpg,19,424,gallery,panda,ipanda50,giant panda,session_reid,v105,,1395,19:v105,,
19_nannan/19_v107_f001890.jpg,19,425,query,panda,ipanda50,giant panda,session_reid,v107,,1890,19:v107,,
19_nannan/19_v108_f000350.jpg,19,426,query,panda,ipanda50,giant panda,session_reid,v108,,350,19:v108,,
19_nannan/19_v110_f000740.jpg,19,427,query,panda,ipanda50,giant panda,session_reid,v110,,740,19:v110,,
19_nannan/19_v115_f000005.jpg,19,428,query,panda,ipanda50,giant panda,session_reid,v115,,5,19:v115,,
19_nannan/19_v115_f002145.jpg,19,428,gallery,panda,ipanda50,giant panda,session_reid,v115,,2145,19:v115,,
19_nannan/19_v115_f002765.jpg,19,428,gallery,panda,ipanda50,giant panda,session_reid,v115,,2765,19:v115,,
19_nannan/19_v118_f000005.jpg,19,429,query,panda,ipanda50,giant panda,session_reid,v118,,5,19:v118,,
19_nannan/19_v118_f001905.jpg,19,429,gallery,panda,ipanda50,giant panda,session_reid,v118,,1905,19:v118,,
19_nannan/19_v118_f003260.jpg,19,429,gallery,panda,ipanda50,giant panda,session_reid,v118,,3260,19:v118,,
19_nannan/19_v120_f000005.jpg,19,430,query,panda,ipanda50,giant panda,session_reid,v120,,5,19:v120,,
19_nannan/19_v121_f001125.jpg,19,431,query,panda,ipanda50,giant panda,session_reid,v121,,1125,19:v121,,
19_nannan/19_v122_f000305.jpg,19,432,query,panda,ipanda50,giant panda,session_reid,v122,,305,19:v122,,
19_nannan/19_v122_f000380.jpg,19,432,gallery,panda,ipanda50,giant panda,session_reid,v122,,380,19:v122,,
19_nannan/19_v122_f001285.jpg,19,432,gallery,panda,ipanda50,giant panda,session_reid,v122,,1285,19:v122,,
19_nannan/19_v123_f000055.jpg,19,433,query,panda,ipanda50,giant panda,session_reid,v123,,55,19:v123,,
19_nannan/19_v127_f001605.jpg,19,434,query,panda,ipanda50,giant panda,session_reid,v127,,1605,19:v127,,
19_nannan/19_v129_f000005.jpg,19,435,query,panda,ipanda50,giant panda,session_reid,v129,,5,19:v129,,
19_nannan/19_v129_f000405.jpg,19,435,gallery,panda,ipanda50,giant panda,session_reid,v129,,405,19:v129,,
19_nannan/19_v129_f000645.jpg,19,435,gallery,panda,ipanda50,giant panda,session_reid,v129,,645,19:v129,,
20_nike/20_v001_f000005.jpg,20,443,train,panda,ipanda50,giant panda,session_reid,v001,,5,20:v001,,
20_nike/20_v001_f000305.jpg,20,443,train,panda,ipanda50,giant panda,session_reid,v001,,305,20:v001,,
20_nike/20_v001_f001860.jpg,20,443,train,panda,ipanda50,giant panda,session_reid,v001,,1860,20:v001,,
20_nike/20_v001_f002125.jpg,20,443,train,panda,ipanda50,giant panda,session_reid,v001,,2125,20:v001,,
20_nike/20_v001_f002175.jpg,20,443,train,panda,ipanda50,giant panda,session_reid,v001,,2175,20:v001,,
20_nike/20_v001_f003645.jpg,20,443,train,panda,ipanda50,giant panda,session_reid,v001,,3645,20:v001,,
20_nike/20_v001_f005065.jpg,20,443,train,panda,ipanda50,giant panda,session_reid,v001,,5065,20:v001,,
20_nike/20_v001_f007085.jpg,20,443,train,panda,ipanda50,giant panda,session_reid,v001,,7085,20:v001,,
20_nike/20_v001_f007490.jpg,20,443,train,panda,ipanda50,giant panda,session_reid,v001,,7490,20:v001,,
20_nike/20_v001_f007570.jpg,20,443,train,panda,ipanda50,giant panda,session_reid,v001,,7570,20:v001,,
20_nike/20_v001_f007765.jpg,20,443,train,panda,ipanda50,giant panda,session_reid,v001,,7765,20:v001,,
20_nike/20_v002_f000300.jpg,20,444,train,panda,ipanda50,giant panda,session_reid,v002,,300,20:v002,,
20_nike/20_v002_f000705.jpg,20,444,train,panda,ipanda50,giant panda,session_reid,v002,,705,20:v002,,
20_nike/20_v002_f000795.jpg,20,444,train,panda,ipanda50,giant panda,session_reid,v002,,795,20:v002,,
20_nike/20_v003_f001770.jpg,20,445,train,panda,ipanda50,giant panda,session_reid,v003,,1770,20:v003,,
20_nike/20_v003_f001870.jpg,20,445,train,panda,ipanda50,giant panda,session_reid,v003,,1870,20:v003,,
20_nike/20_v003_f002005.jpg,20,445,train,panda,ipanda50,giant panda,session_reid,v003,,2005,20:v003,,
20_nike/20_v003_f002035.jpg,20,445,train,panda,ipanda50,giant panda,session_reid,v003,,2035,20:v003,,
20_nike/20_v003_f002755.jpg,20,445,train,panda,ipanda50,giant panda,session_reid,v003,,2755,20:v003,,
20_nike/20_v003_f002825.jpg,20,445,train,panda,ipanda50,giant panda,session_reid,v003,,2825,20:v003,,
20_nike/20_v003_f002855.jpg,20,445,train,panda,ipanda50,giant panda,session_reid,v003,,2855,20:v003,,
20_nike/20_v003_f002875.jpg,20,445,train,panda,ipanda50,giant panda,session_reid,v003,,2875,20:v003,,
20_nike/20_v003_f002965.jpg,20,445,train,panda,ipanda50,giant panda,session_reid,v003,,2965,20:v003,,
20_nike/20_v003_f003005.jpg,20,445,train,panda,ipanda50,giant panda,session_reid,v003,,3005,20:v003,,
20_nike/20_v004_f000040.jpg,20,446,train,panda,ipanda50,giant panda,session_reid,v004,,40,20:v004,,
20_nike/20_v004_f000070.jpg,20,446,train,panda,ipanda50,giant panda,session_reid,v004,,70,20:v004,,
20_nike/20_v004_f000215.jpg,20,446,train,panda,ipanda50,giant panda,session_reid,v004,,215,20:v004,,
20_nike/20_v004_f000280.jpg,20,446,train,panda,ipanda50,giant panda,session_reid,v004,,280,20:v004,,
20_nike/20_v004_f000355.jpg,20,446,train,panda,ipanda50,giant panda,session_reid,v004,,355,20:v004,,
20_nike/20_v004_f000405.jpg,20,446,train,panda,ipanda50,giant panda,session_reid,v004,,405,20:v004,,
20_nike/20_v004_f000445.jpg,20,446,train,panda,ipanda50,giant panda,session_reid,v004,,445,20:v004,,
20_nike/20_v004_f000880.jpg,20,446,train,panda,ipanda50,giant panda,session_reid,v004,,880,20:v004,,
20_nike/20_v004_f001305.jpg,20,446,train,panda,ipanda50,giant panda,session_reid,v004,,1305,20:v004,,
20_nike/20_v004_f003050.jpg,20,446,train,panda,ipanda50,giant panda,session_reid,v004,,3050,20:v004,,
20_nike/20_v004_f003505.jpg,20,446,train,panda,ipanda50,giant panda,session_reid,v004,,3505,20:v004,,
20_nike/20_v004_f003540.jpg,20,446,train,panda,ipanda50,giant panda,session_reid,v004,,3540,20:v004,,
20_nike/20_v004_f003615.jpg,20,446,train,panda,ipanda50,giant panda,session_reid,v004,,3615,20:v004,,
20_nike/20_v004_f003705.jpg,20,446,train,panda,ipanda50,giant panda,session_reid,v004,,3705,20:v004,,
20_nike/20_v004_f004065.jpg,20,446,train,panda,ipanda50,giant panda,session_reid,v004,,4065,20:v004,,
20_nike/20_v004_f004205.jpg,20,446,train,panda,ipanda50,giant panda,session_reid,v004,,4205,20:v004,,
20_nike/20_v004_f004400.jpg,20,446,train,panda,ipanda50,giant panda,session_reid,v004,,4400,20:v004,,
20_nike/20_v004_f004480.jpg,20,446,train,panda,ipanda50,giant panda,session_reid,v004,,4480,20:v004,,
20_nike/20_v004_f004765.jpg,20,446,train,panda,ipanda50,giant panda,session_reid,v004,,4765,20:v004,,
20_nike/20_v004_f005025.jpg,20,446,train,panda,ipanda50,giant panda,session_reid,v004,,5025,20:v004,,
20_nike/20_v004_f005055.jpg,20,446,train,panda,ipanda50,giant panda,session_reid,v004,,5055,20:v004,,
20_nike/20_v004_f005275.jpg,20,446,train,panda,ipanda50,giant panda,session_reid,v004,,5275,20:v004,,
20_nike/20_v004_f005295.jpg,20,446,train,panda,ipanda50,giant panda,session_reid,v004,,5295,20:v004,,
20_nike/20_v004_f005335.jpg,20,446,train,panda,ipanda50,giant panda,session_reid,v004,,5335,20:v004,,
20_nike/20_v004_f005365.jpg,20,446,train,panda,ipanda50,giant panda,session_reid,v004,,5365,20:v004,,
20_nike/20_v004_f005530.jpg,20,446,train,panda,ipanda50,giant panda,session_reid,v004,,5530,20:v004,,
20_nike/20_v004_f005635.jpg,20,446,train,panda,ipanda50,giant panda,session_reid,v004,,5635,20:v004,,
20_nike/20_v004_f005995.jpg,20,446,train,panda,ipanda50,giant panda,session_reid,v004,,5995,20:v004,,
20_nike/20_v005_f000005.jpg,20,447,train,panda,ipanda50,giant panda,session_reid,v005,,5,20:v005,,
20_nike/20_v005_f000145.jpg,20,447,train,panda,ipanda50,giant panda,session_reid,v005,,145,20:v005,,
20_nike/20_v005_f000220.jpg,20,447,train,panda,ipanda50,giant panda,session_reid,v005,,220,20:v005,,
20_nike/20_v005_f000605.jpg,20,447,train,panda,ipanda50,giant panda,session_reid,v005,,605,20:v005,,
20_nike/20_v005_f000895.jpg,20,447,train,panda,ipanda50,giant panda,session_reid,v005,,895,20:v005,,
20_nike/20_v005_f000955.jpg,20,447,train,panda,ipanda50,giant panda,session_reid,v005,,955,20:v005,,
20_nike/20_v005_f001255.jpg,20,447,train,panda,ipanda50,giant panda,session_reid,v005,,1255,20:v005,,
20_nike/20_v005_f001435.jpg,20,447,train,panda,ipanda50,giant panda,session_reid,v005,,1435,20:v005,,
20_nike/20_v006_f000215.jpg,20,448,train,panda,ipanda50,giant panda,session_reid,v006,,215,20:v006,,
20_nike/20_v006_f000330.jpg,20,448,train,panda,ipanda50,giant panda,session_reid,v006,,330,20:v006,,
20_nike/20_v006_f000425.jpg,20,448,train,panda,ipanda50,giant panda,session_reid,v006,,425,20:v006,,
20_nike/20_v007_f000465.jpg,20,449,train,panda,ipanda50,giant panda,session_reid,v007,,465,20:v007,,
20_nike/20_v007_f000575.jpg,20,449,train,panda,ipanda50,giant panda,session_reid,v007,,575,20:v007,,
20_nike/20_v007_f000625.jpg,20,449,train,panda,ipanda50,giant panda,session_reid,v007,,625,20:v007,,
20_nike/20_v007_f000705.jpg,20,449,train,panda,ipanda50,giant panda,session_reid,v007,,705,20:v007,,
20_nike/20_v007_f000755.jpg,20,449,train,panda,ipanda50,giant panda,session_reid,v007,,755,20:v007,,
20_nike/20_v007_f000990.jpg,20,449,train,panda,ipanda50,giant panda,session_reid,v007,,990,20:v007,,
20_nike/20_v008_f000005.jpg,20,450,train,panda,ipanda50,giant panda,session_reid,v008,,5,20:v008,,
20_nike/20_v008_f000275.jpg,20,450,train,panda,ipanda50,giant panda,session_reid,v008,,275,20:v008,,
20_nike/20_v009_f000050.jpg,20,451,train,panda,ipanda50,giant panda,session_reid,v009,,50,20:v009,,
20_nike/20_v009_f000625.jpg,20,451,train,panda,ipanda50,giant panda,session_reid,v009,,625,20:v009,,
20_nike/20_v011_f000005.jpg,20,452,train,panda,ipanda50,giant panda,session_reid,v011,,5,20:v011,,
20_nike/20_v011_f000405.jpg,20,452,train,panda,ipanda50,giant panda,session_reid,v011,,405,20:v011,,
20_nike/20_v012_f000660.jpg,20,453,train,panda,ipanda50,giant panda,session_reid,v012,,660,20:v012,,
20_nike/20_v012_f000820.jpg,20,453,train,panda,ipanda50,giant panda,session_reid,v012,,820,20:v012,,
20_nike/20_v012_f000850.jpg,20,453,train,panda,ipanda50,giant panda,session_reid,v012,,850,20:v012,,
20_nike/20_v012_f001035.jpg,20,453,train,panda,ipanda50,giant panda,session_reid,v012,,1035,20:v012,,
20_nike/20_v012_f001075.jpg,20,453,train,panda,ipanda50,giant panda,session_reid,v012,,1075,20:v012,,
20_nike/20_v012_f001345.jpg,20,453,train,panda,ipanda50,giant panda,session_reid,v012,,1345,20:v012,,
20_nike/20_v012_f001405.jpg,20,453,train,panda,ipanda50,giant panda,session_reid,v012,,1405,20:v012,,
20_nike/20_v012_f002240.jpg,20,453,train,panda,ipanda50,giant panda,session_reid,v012,,2240,20:v012,,
20_nike/20_v012_f002805.jpg,20,453,train,panda,ipanda50,giant panda,session_reid,v012,,2805,20:v012,,
20_nike/20_v012_f003120.jpg,20,453,train,panda,ipanda50,giant panda,session_reid,v012,,3120,20:v012,,
20_nike/20_v012_f003535.jpg,20,453,train,panda,ipanda50,giant panda,session_reid,v012,,3535,20:v012,,
20_nike/20_v013_f000005.jpg,20,454,train,panda,ipanda50,giant panda,session_reid,v013,,5,20:v013,,
20_nike/20_v013_f000090.jpg,20,454,train,panda,ipanda50,giant panda,session_reid,v013,,90,20:v013,,
20_nike/20_v013_f000485.jpg,20,454,train,panda,ipanda50,giant panda,session_reid,v013,,485,20:v013,,
20_nike/20_v013_f000805.jpg,20,454,train,panda,ipanda50,giant panda,session_reid,v013,,805,20:v013,,
20_nike/20_v013_f001205.jpg,20,454,train,panda,ipanda50,giant panda,session_reid,v013,,1205,20:v013,,
20_nike/20_v013_f001430.jpg,20,454,train,panda,ipanda50,giant panda,session_reid,v013,,1430,20:v013,,
20_nike/20_v015_f000005.jpg,20,455,train,panda,ipanda50,giant panda,session_reid,v015,,5,20:v015,,
20_nike/20_v015_f000125.jpg,20,455,train,panda,ipanda50,giant panda,session_reid,v015,,125,20:v015,,
20_nike/20_v015_f000205.jpg,20,455,train,panda,ipanda50,giant panda,session_reid,v015,,205,20:v015,,
20_nike/20_v015_f000330.jpg,20,455,train,panda,ipanda50,giant panda,session_reid,v015,,330,20:v015,,
20_nike/20_v015_f000460.jpg,20,455,train,panda,ipanda50,giant panda,session_reid,v015,,460,20:v015,,
20_nike/20_v015_f001770.jpg,20,455,train,panda,ipanda50,giant panda,session_reid,v015,,1770,20:v015,,
20_nike/20_v015_f001905.jpg,20,455,train,panda,ipanda50,giant panda,session_reid,v015,,1905,20:v015,,
20_nike/20_v015_f002015.jpg,20,455,train,panda,ipanda50,giant panda,session_reid,v015,,2015,20:v015,,
20_nike/20_v016_f000570.jpg,20,456,train,panda,ipanda50,giant panda,session_reid,v016,,570,20:v016,,
20_nike/20_v016_f000605.jpg,20,456,train,panda,ipanda50,giant panda,session_reid,v016,,605,20:v016,,
20_nike/20_v016_f000705.jpg,20,456,train,panda,ipanda50,giant panda,session_reid,v016,,705,20:v016,,
20_nike/20_v016_f000785.jpg,20,456,train,panda,ipanda50,giant panda,session_reid,v016,,785,20:v016,,
20_nike/20_v016_f000930.jpg,20,456,train,panda,ipanda50,giant panda,session_reid,v016,,930,20:v016,,
20_nike/20_v016_f001030.jpg,20,456,train,panda,ipanda50,giant panda,session_reid,v016,,1030,20:v016,,
20_nike/20_v016_f001055.jpg,20,456,train,panda,ipanda50,giant panda,session_reid,v016,,1055,20:v016,,
20_nike/20_v016_f001120.jpg,20,456,train,panda,ipanda50,giant panda,session_reid,v016,,1120,20:v016,,
21_nina/21_v001_f002280.jpg,21,457,query,panda,ipanda50,giant panda,session_reid,v001,,2280,21:v001,,
21_nina/21_v001_f002435.jpg,21,457,gallery,panda,ipanda50,giant panda,session_reid,v001,,2435,21:v001,,
21_nina/21_v001_f003780.jpg,21,457,gallery,panda,ipanda50,giant panda,session_reid,v001,,3780,21:v001,,
21_nina/21_v001_f005180.jpg,21,457,gallery,panda,ipanda50,giant panda,session_reid,v001,,5180,21:v001,,
21_nina/21_v001_f005220.jpg,21,457,gallery,panda,ipanda50,giant panda,session_reid,v001,,5220,21:v001,,
21_nina/21_v002_f000420.jpg,21,458,query,panda,ipanda50,giant panda,session_reid,v002,,420,21:v002,,
21_nina/21_v002_f000560.jpg,21,458,gallery,panda,ipanda50,giant panda,session_reid,v002,,560,21:v002,,
21_nina/21_v002_f000785.jpg,21,458,gallery,panda,ipanda50,giant panda,session_reid,v002,,785,21:v002,,
21_nina/21_v002_f001005.jpg,21,458,gallery,panda,ipanda50,giant panda,session_reid,v002,,1005,21:v002,,
21_nina/21_v002_f001515.jpg,21,458,gallery,panda,ipanda50,giant panda,session_reid,v002,,1515,21:v002,,
21_nina/21_v003_f000005.jpg,21,459,query,panda,ipanda50,giant panda,session_reid,v003,,5,21:v003,,
21_nina/21_v003_f000130.jpg,21,459,gallery,panda,ipanda50,giant panda,session_reid,v003,,130,21:v003,,
21_nina/21_v003_f000425.jpg,21,459,gallery,panda,ipanda50,giant panda,session_reid,v003,,425,21:v003,,
21_nina/21_v003_f000445.jpg,21,459,gallery,panda,ipanda50,giant panda,session_reid,v003,,445,21:v003,,
21_nina/21_v003_f000510.jpg,21,459,gallery,panda,ipanda50,giant panda,session_reid,v003,,510,21:v003,,
21_nina/21_v003_f000555.jpg,21,459,gallery,panda,ipanda50,giant panda,session_reid,v003,,555,21:v003,,
21_nina/21_v003_f000950.jpg,21,459,gallery,panda,ipanda50,giant panda,session_reid,v003,,950,21:v003,,
21_nina/21_v003_f001020.jpg,21,459,gallery,panda,ipanda50,giant panda,session_reid,v003,,1020,21:v003,,
21_nina/21_v003_f001405.jpg,21,459,gallery,panda,ipanda50,giant panda,session_reid,v003,,1405,21:v003,,
21_nina/21_v003_f001585.jpg,21,459,gallery,panda,ipanda50,giant panda,session_reid,v003,,1585,21:v003,,
21_nina/21_v003_f002480.jpg,21,459,gallery,panda,ipanda50,giant panda,session_reid,v003,,2480,21:v003,,
21_nina/21_v004_f001300.jpg,21,460,query,panda,ipanda50,giant panda,session_reid,v004,,1300,21:v004,,
21_nina/21_v005_f000275.jpg,21,461,query,panda,ipanda50,giant panda,session_reid,v005,,275,21:v005,,
21_nina/21_v005_f001010.jpg,21,461,gallery,panda,ipanda50,giant panda,session_reid,v005,,1010,21:v005,,
21_nina/21_v005_f001155.jpg,21,461,gallery,panda,ipanda50,giant panda,session_reid,v005,,1155,21:v005,,
21_nina/21_v005_f001285.jpg,21,461,gallery,panda,ipanda50,giant panda,session_reid,v005,,1285,21:v005,,
21_nina/21_v007_f001025.jpg,21,462,query,panda,ipanda50,giant panda,session_reid,v007,,1025,21:v007,,
21_nina/21_v008_f000005.jpg,21,463,query,panda,ipanda50,giant panda,session_reid,v008,,5,21:v008,,
21_nina/21_v008_f001110.jpg,21,463,gallery,panda,ipanda50,giant panda,session_reid,v008,,1110,21:v008,,
21_nina/21_v011_f000340.jpg,21,464,query,panda,ipanda50,giant panda,session_reid,v011,,340,21:v011,,
21_nina/21_v011_f000650.jpg,21,464,gallery,panda,ipanda50,giant panda,session_reid,v011,,650,21:v011,,
21_nina/21_v012_f000165.jpg,21,465,query,panda,ipanda50,giant panda,session_reid,v012,,165,21:v012,,
21_nina/21_v012_f000645.jpg,21,465,gallery,panda,ipanda50,giant panda,session_reid,v012,,645,21:v012,,
21_nina/21_v012_f001210.jpg,21,465,gallery,panda,ipanda50,giant panda,session_reid,v012,,1210,21:v012,,
21_nina/21_v012_f001920.jpg,21,465,gallery,panda,ipanda50,giant panda,session_reid,v012,,1920,21:v012,,
21_nina/21_v012_f001965.jpg,21,465,gallery,panda,ipanda50,giant panda,session_reid,v012,,1965,21:v012,,
21_nina/21_v012_f002150.jpg,21,465,gallery,panda,ipanda50,giant panda,session_reid,v012,,2150,21:v012,,
21_nina/21_v013_f000005.jpg,21,466,query,panda,ipanda50,giant panda,session_reid,v013,,5,21:v013,,
21_nina/21_v013_f000815.jpg,21,466,gallery,panda,ipanda50,giant panda,session_reid,v013,,815,21:v013,,
21_nina/21_v013_f002200.jpg,21,466,gallery,panda,ipanda50,giant panda,session_reid,v013,,2200,21:v013,,
21_nina/21_v013_f002455.jpg,21,466,gallery,panda,ipanda50,giant panda,session_reid,v013,,2455,21:v013,,
21_nina/21_v013_f002765.jpg,21,466,gallery,panda,ipanda50,giant panda,session_reid,v013,,2765,21:v013,,
21_nina/21_v013_f002820.jpg,21,466,gallery,panda,ipanda50,giant panda,session_reid,v013,,2820,21:v013,,
21_nina/21_v014_f000100.jpg,21,467,query,panda,ipanda50,giant panda,session_reid,v014,,100,21:v014,,
21_nina/21_v015_f000005.jpg,21,468,query,panda,ipanda50,giant panda,session_reid,v015,,5,21:v015,,
21_nina/21_v015_f000055.jpg,21,468,gallery,panda,ipanda50,giant panda,session_reid,v015,,55,21:v015,,
21_nina/21_v015_f000490.jpg,21,468,gallery,panda,ipanda50,giant panda,session_reid,v015,,490,21:v015,,
21_nina/21_v017_f000710.jpg,21,469,query,panda,ipanda50,giant panda,session_reid,v017,,710,21:v017,,
21_nina/21_v019_f000270.jpg,21,470,query,panda,ipanda50,giant panda,session_reid,v019,,270,21:v019,,
21_nina/21_v019_f000580.jpg,21,470,gallery,panda,ipanda50,giant panda,session_reid,v019,,580,21:v019,,
21_nina/21_v019_f000910.jpg,21,470,gallery,panda,ipanda50,giant panda,session_reid,v019,,910,21:v019,,
21_nina/21_v019_f001030.jpg,21,470,gallery,panda,ipanda50,giant panda,session_reid,v019,,1030,21:v019,,
21_nina/21_v019_f001235.jpg,21,470,gallery,panda,ipanda50,giant panda,session_reid,v019,,1235,21:v019,,
21_nina/21_v020_f000120.jpg,21,471,query,panda,ipanda50,giant panda,session_reid,v020,,120,21:v020,,
21_nina/21_v020_f000340.jpg,21,471,gallery,panda,ipanda50,giant panda,session_reid,v020,,340,21:v020,,
21_nina/21_v020_f000555.jpg,21,471,gallery,panda,ipanda50,giant panda,session_reid,v020,,555,21:v020,,
21_nina/21_v020_f001305.jpg,21,471,gallery,panda,ipanda50,giant panda,session_reid,v020,,1305,21:v020,,
21_nina/21_v020_f002220.jpg,21,471,gallery,panda,ipanda50,giant panda,session_reid,v020,,2220,21:v020,,
21_nina/21_v020_f002405.jpg,21,471,gallery,panda,ipanda50,giant panda,session_reid,v020,,2405,21:v020,,
21_nina/21_v020_f002455.jpg,21,471,gallery,panda,ipanda50,giant panda,session_reid,v020,,2455,21:v020,,
21_nina/21_v021_f000005.jpg,21,472,query,panda,ipanda50,giant panda,session_reid,v021,,5,21:v021,,
21_nina/21_v021_f000115.jpg,21,472,gallery,panda,ipanda50,giant panda,session_reid,v021,,115,21:v021,,
21_nina/21_v021_f000130.jpg,21,472,gallery,panda,ipanda50,giant panda,session_reid,v021,,130,21:v021,,
21_nina/21_v021_f002005.jpg,21,472,gallery,panda,ipanda50,giant panda,session_reid,v021,,2005,21:v021,,
21_nina/21_v021_f004655.jpg,21,472,gallery,panda,ipanda50,giant panda,session_reid,v021,,4655,21:v021,,
21_nina/21_v022_f000665.jpg,21,473,query,panda,ipanda50,giant panda,session_reid,v022,,665,21:v022,,
21_nina/21_v022_f000675.jpg,21,473,gallery,panda,ipanda50,giant panda,session_reid,v022,,675,21:v022,,
21_nina/21_v022_f000710.jpg,21,473,gallery,panda,ipanda50,giant panda,session_reid,v022,,710,21:v022,,
21_nina/21_v022_f000835.jpg,21,473,gallery,panda,ipanda50,giant panda,session_reid,v022,,835,21:v022,,
21_nina/21_v022_f001350.jpg,21,473,gallery,panda,ipanda50,giant panda,session_reid,v022,,1350,21:v022,,
21_nina/21_v023_f000855.jpg,21,474,query,panda,ipanda50,giant panda,session_reid,v023,,855,21:v023,,
21_nina/21_v023_f001145.jpg,21,474,gallery,panda,ipanda50,giant panda,session_reid,v023,,1145,21:v023,,
21_nina/21_v024_f000005.jpg,21,475,query,panda,ipanda50,giant panda,session_reid,v024,,5,21:v024,,
21_nina/21_v024_f000600.jpg,21,475,gallery,panda,ipanda50,giant panda,session_reid,v024,,600,21:v024,,
21_nina/21_v025_f000315.jpg,21,476,query,panda,ipanda50,giant panda,session_reid,v025,,315,21:v025,,
21_nina/21_v026_f000005.jpg,21,477,query,panda,ipanda50,giant panda,session_reid,v026,,5,21:v026,,
21_nina/21_v026_f000455.jpg,21,477,gallery,panda,ipanda50,giant panda,session_reid,v026,,455,21:v026,,
21_nina/21_v026_f000875.jpg,21,477,gallery,panda,ipanda50,giant panda,session_reid,v026,,875,21:v026,,
21_nina/21_v026_f001680.jpg,21,477,gallery,panda,ipanda50,giant panda,session_reid,v026,,1680,21:v026,,
21_nina/21_v028_f000445.jpg,21,478,query,panda,ipanda50,giant panda,session_reid,v028,,445,21:v028,,
21_nina/21_v028_f001035.jpg,21,478,gallery,panda,ipanda50,giant panda,session_reid,v028,,1035,21:v028,,
21_nina/21_v028_f001175.jpg,21,478,gallery,panda,ipanda50,giant panda,session_reid,v028,,1175,21:v028,,
21_nina/21_v028_f001500.jpg,21,478,gallery,panda,ipanda50,giant panda,session_reid,v028,,1500,21:v028,,
21_nina/21_v028_f001945.jpg,21,478,gallery,panda,ipanda50,giant panda,session_reid,v028,,1945,21:v028,,
21_nina/21_v029_f000310.jpg,21,479,query,panda,ipanda50,giant panda,session_reid,v029,,310,21:v029,,
21_nina/21_v029_f000570.jpg,21,479,gallery,panda,ipanda50,giant panda,session_reid,v029,,570,21:v029,,
21_nina/21_v029_f001025.jpg,21,479,gallery,panda,ipanda50,giant panda,session_reid,v029,,1025,21:v029,,
21_nina/21_v030_f000265.jpg,21,480,query,panda,ipanda50,giant panda,session_reid,v030,,265,21:v030,,
21_nina/21_v030_f000640.jpg,21,480,gallery,panda,ipanda50,giant panda,session_reid,v030,,640,21:v030,,
21_nina/21_v030_f000670.jpg,21,480,gallery,panda,ipanda50,giant panda,session_reid,v030,,670,21:v030,,
21_nina/21_v030_f001015.jpg,21,480,gallery,panda,ipanda50,giant panda,session_reid,v030,,1015,21:v030,,
21_nina/21_v032_f000005.jpg,21,481,query,panda,ipanda50,giant panda,session_reid,v032,,5,21:v032,,
21_nina/21_v032_f000315.jpg,21,481,gallery,panda,ipanda50,giant panda,session_reid,v032,,315,21:v032,,
21_nina/21_v032_f000375.jpg,21,481,gallery,panda,ipanda50,giant panda,session_reid,v032,,375,21:v032,,
21_nina/21_v032_f000420.jpg,21,481,gallery,panda,ipanda50,giant panda,session_reid,v032,,420,21:v032,,
21_nina/21_v032_f000635.jpg,21,481,gallery,panda,ipanda50,giant panda,session_reid,v032,,635,21:v032,,
21_nina/21_v032_f000780.jpg,21,481,gallery,panda,ipanda50,giant panda,session_reid,v032,,780,21:v032,,
21_nina/21_v032_f000905.jpg,21,481,gallery,panda,ipanda50,giant panda,session_reid,v032,,905,21:v032,,
22_nini/22_v002_f001235.jpg,22,482,train,panda,ipanda50,giant panda,session_reid,v002,,1235,22:v002,,
22_nini/22_v002_f002005.jpg,22,482,train,panda,ipanda50,giant panda,session_reid,v002,,2005,22:v002,,
22_nini/22_v002_f002710.jpg,22,482,train,panda,ipanda50,giant panda,session_reid,v002,,2710,22:v002,,
22_nini/22_v003_f000575.jpg,22,483,train,panda,ipanda50,giant panda,session_reid,v003,,575,22:v003,,
22_nini/22_v003_f000825.jpg,22,483,train,panda,ipanda50,giant panda,session_reid,v003,,825,22:v003,,
22_nini/22_v004_f000315.jpg,22,484,train,panda,ipanda50,giant panda,session_reid,v004,,315,22:v004,,
22_nini/22_v004_f000485.jpg,22,484,train,panda,ipanda50,giant panda,session_reid,v004,,485,22:v004,,
22_nini/22_v004_f000665.jpg,22,484,train,panda,ipanda50,giant panda,session_reid,v004,,665,22:v004,,
22_nini/22_v004_f000755.jpg,22,484,train,panda,ipanda50,giant panda,session_reid,v004,,755,22:v004,,
22_nini/22_v004_f000765.jpg,22,484,train,panda,ipanda50,giant panda,session_reid,v004,,765,22:v004,,
22_nini/22_v004_f001130.jpg,22,484,train,panda,ipanda50,giant panda,session_reid,v004,,1130,22:v004,,
22_nini/22_v004_f001280.jpg,22,484,train,panda,ipanda50,giant panda,session_reid,v004,,1280,22:v004,,
22_nini/22_v004_f001345.jpg,22,484,train,panda,ipanda50,giant panda,session_reid,v004,,1345,22:v004,,
22_nini/22_v004_f001440.jpg,22,484,train,panda,ipanda50,giant panda,session_reid,v004,,1440,22:v004,,
22_nini/22_v005_f000230.jpg,22,485,train,panda,ipanda50,giant panda,session_reid,v005,,230,22:v005,,
22_nini/22_v005_f000375.jpg,22,485,train,panda,ipanda50,giant panda,session_reid,v005,,375,22:v005,,
22_nini/22_v005_f000820.jpg,22,485,train,panda,ipanda50,giant panda,session_reid,v005,,820,22:v005,,
22_nini/22_v005_f000925.jpg,22,485,train,panda,ipanda50,giant panda,session_reid,v005,,925,22:v005,,
22_nini/22_v005_f004780.jpg,22,485,train,panda,ipanda50,giant panda,session_reid,v005,,4780,22:v005,,
22_nini/22_v005_f005200.jpg,22,485,train,panda,ipanda50,giant panda,session_reid,v005,,5200,22:v005,,
22_nini/22_v005_f005545.jpg,22,485,train,panda,ipanda50,giant panda,session_reid,v005,,5545,22:v005,,
22_nini/22_v005_f005600.jpg,22,485,train,panda,ipanda50,giant panda,session_reid,v005,,5600,22:v005,,
22_nini/22_v005_f005630.jpg,22,485,train,panda,ipanda50,giant panda,session_reid,v005,,5630,22:v005,,
22_nini/22_v005_f005780.jpg,22,485,train,panda,ipanda50,giant panda,session_reid,v005,,5780,22:v005,,
22_nini/22_v005_f005895.jpg,22,485,train,panda,ipanda50,giant panda,session_reid,v005,,5895,22:v005,,
22_nini/22_v005_f005930.jpg,22,485,train,panda,ipanda50,giant panda,session_reid,v005,,5930,22:v005,,
22_nini/22_v005_f005955.jpg,22,485,train,panda,ipanda50,giant panda,session_reid,v005,,5955,22:v005,,
22_nini/22_v005_f006565.jpg,22,485,train,panda,ipanda50,giant panda,session_reid,v005,,6565,22:v005,,
22_nini/22_v005_f006715.jpg,22,485,train,panda,ipanda50,giant panda,session_reid,v005,,6715,22:v005,,
22_nini/22_v005_f007325.jpg,22,485,train,panda,ipanda50,giant panda,session_reid,v005,,7325,22:v005,,
22_nini/22_v007_f000395.jpg,22,486,train,panda,ipanda50,giant panda,session_reid,v007,,395,22:v007,,
22_nini/22_v007_f000540.jpg,22,486,train,panda,ipanda50,giant panda,session_reid,v007,,540,22:v007,,
22_nini/22_v007_f000680.jpg,22,486,train,panda,ipanda50,giant panda,session_reid,v007,,680,22:v007,,
22_nini/22_v007_f001285.jpg,22,486,train,panda,ipanda50,giant panda,session_reid,v007,,1285,22:v007,,
22_nini/22_v007_f001655.jpg,22,486,train,panda,ipanda50,giant panda,session_reid,v007,,1655,22:v007,,
22_nini/22_v007_f001845.jpg,22,486,train,panda,ipanda50,giant panda,session_reid,v007,,1845,22:v007,,
22_nini/22_v007_f003105.jpg,22,486,train,panda,ipanda50,giant panda,session_reid,v007,,3105,22:v007,,
22_nini/22_v007_f003235.jpg,22,486,train,panda,ipanda50,giant panda,session_reid,v007,,3235,22:v007,,
22_nini/22_v007_f003530.jpg,22,486,train,panda,ipanda50,giant panda,session_reid,v007,,3530,22:v007,,
22_nini/22_v007_f003605.jpg,22,486,train,panda,ipanda50,giant panda,session_reid,v007,,3605,22:v007,,
22_nini/22_v007_f003700.jpg,22,486,train,panda,ipanda50,giant panda,session_reid,v007,,3700,22:v007,,
22_nini/22_v008_f000650.jpg,22,487,train,panda,ipanda50,giant panda,session_reid,v008,,650,22:v008,,
22_nini/22_v008_f000730.jpg,22,487,train,panda,ipanda50,giant panda,session_reid,v008,,730,22:v008,,
22_nini/22_v008_f000915.jpg,22,487,train,panda,ipanda50,giant panda,session_reid,v008,,915,22:v008,,
22_nini/22_v009_f000005.jpg,22,488,train,panda,ipanda50,giant panda,session_reid,v009,,5,22:v009,,
22_nini/22_v009_f000100.jpg,22,488,train,panda,ipanda50,giant panda,session_reid,v009,,100,22:v009,,
22_nini/22_v009_f000130.jpg,22,488,train,panda,ipanda50,giant panda,session_reid,v009,,130,22:v009,,
22_nini/22_v009_f000325.jpg,22,488,train,panda,ipanda50,giant panda,session_reid,v009,,325,22:v009,,
22_nini/22_v009_f000445.jpg,22,488,train,panda,ipanda50,giant panda,session_reid,v009,,445,22:v009,,
22_nini/22_v009_f001445.jpg,22,488,train,panda,ipanda50,giant panda,session_reid,v009,,1445,22:v009,,
22_nini/22_v009_f001980.jpg,22,488,train,panda,ipanda50,giant panda,session_reid,v009,,1980,22:v009,,
22_nini/22_v009_f002085.jpg,22,488,train,panda,ipanda50,giant panda,session_reid,v009,,2085,22:v009,,
22_nini/22_v009_f002230.jpg,22,488,train,panda,ipanda50,giant panda,session_reid,v009,,2230,22:v009,,
22_nini/22_v009_f002615.jpg,22,488,train,panda,ipanda50,giant panda,session_reid,v009,,2615,22:v009,,
22_nini/22_v009_f002730.jpg,22,488,train,panda,ipanda50,giant panda,session_reid,v009,,2730,22:v009,,
22_nini/22_v010_f000175.jpg,22,489,train,panda,ipanda50,giant panda,session_reid,v010,,175,22:v010,,
22_nini/22_v010_f000425.jpg,22,489,train,panda,ipanda50,giant panda,session_reid,v010,,425,22:v010,,
22_nini/22_v010_f000665.jpg,22,489,train,panda,ipanda50,giant panda,session_reid,v010,,665,22:v010,,
22_nini/22_v010_f000870.jpg,22,489,train,panda,ipanda50,giant panda,session_reid,v010,,870,22:v010,,
22_nini/22_v010_f002300.jpg,22,489,train,panda,ipanda50,giant panda,session_reid,v010,,2300,22:v010,,
22_nini/22_v010_f002655.jpg,22,489,train,panda,ipanda50,giant panda,session_reid,v010,,2655,22:v010,,
22_nini/22_v010_f003785.jpg,22,489,train,panda,ipanda50,giant panda,session_reid,v010,,3785,22:v010,,
22_nini/22_v010_f003795.jpg,22,489,train,panda,ipanda50,giant panda,session_reid,v010,,3795,22:v010,,
22_nini/22_v010_f003925.jpg,22,489,train,panda,ipanda50,giant panda,session_reid,v010,,3925,22:v010,,
22_nini/22_v010_f004100.jpg,22,489,train,panda,ipanda50,giant panda,session_reid,v010,,4100,22:v010,,
22_nini/22_v010_f004370.jpg,22,489,train,panda,ipanda50,giant panda,session_reid,v010,,4370,22:v010,,
22_nini/22_v012_f000195.jpg,22,490,train,panda,ipanda50,giant panda,session_reid,v012,,195,22:v012,,
22_nini/22_v012_f000270.jpg,22,490,train,panda,ipanda50,giant panda,session_reid,v012,,270,22:v012,,
22_nini/22_v012_f000565.jpg,22,490,train,panda,ipanda50,giant panda,session_reid,v012,,565,22:v012,,
22_nini/22_v012_f001275.jpg,22,490,train,panda,ipanda50,giant panda,session_reid,v012,,1275,22:v012,,
22_nini/22_v012_f001800.jpg,22,490,train,panda,ipanda50,giant panda,session_reid,v012,,1800,22:v012,,
22_nini/22_v012_f002130.jpg,22,490,train,panda,ipanda50,giant panda,session_reid,v012,,2130,22:v012,,
22_nini/22_v013_f000880.jpg,22,491,train,panda,ipanda50,giant panda,session_reid,v013,,880,22:v013,,
22_nini/22_v013_f001780.jpg,22,491,train,panda,ipanda50,giant panda,session_reid,v013,,1780,22:v013,,
22_nini/22_v014_f000005.jpg,22,492,train,panda,ipanda50,giant panda,session_reid,v014,,5,22:v014,,
22_nini/22_v014_f000160.jpg,22,492,train,panda,ipanda50,giant panda,session_reid,v014,,160,22:v014,,
22_nini/22_v014_f000205.jpg,22,492,train,panda,ipanda50,giant panda,session_reid,v014,,205,22:v014,,
22_nini/22_v014_f000290.jpg,22,492,train,panda,ipanda50,giant panda,session_reid,v014,,290,22:v014,,
22_nini/22_v014_f002040.jpg,22,492,train,panda,ipanda50,giant panda,session_reid,v014,,2040,22:v014,,
22_nini/22_v014_f002140.jpg,22,492,train,panda,ipanda50,giant panda,session_reid,v014,,2140,22:v014,,
22_nini/22_v014_f002170.jpg,22,492,train,panda,ipanda50,giant panda,session_reid,v014,,2170,22:v014,,
22_nini/22_v015_f000005.jpg,22,493,train,panda,ipanda50,giant panda,session_reid,v015,,5,22:v015,,
22_nini/22_v015_f001115.jpg,22,493,train,panda,ipanda50,giant panda,session_reid,v015,,1115,22:v015,,
22_nini/22_v016_f000005.jpg,22,494,train,panda,ipanda50,giant panda,session_reid,v016,,5,22:v016,,
22_nini/22_v016_f002750.jpg,22,494,train,panda,ipanda50,giant panda,session_reid,v016,,2750,22:v016,,
22_nini/22_v016_f002935.jpg,22,494,train,panda,ipanda50,giant panda,session_reid,v016,,2935,22:v016,,
22_nini/22_v016_f003005.jpg,22,494,train,panda,ipanda50,giant panda,session_reid,v016,,3005,22:v016,,
22_nini/22_v016_f003690.jpg,22,494,train,panda,ipanda50,giant panda,session_reid,v016,,3690,22:v016,,
22_nini/22_v016_f003730.jpg,22,494,train,panda,ipanda50,giant panda,session_reid,v016,,3730,22:v016,,
22_nini/22_v016_f003775.jpg,22,494,train,panda,ipanda50,giant panda,session_reid,v016,,3775,22:v016,,
22_nini/22_v016_f003965.jpg,22,494,train,panda,ipanda50,giant panda,session_reid,v016,,3965,22:v016,,
22_nini/22_v016_f004030.jpg,22,494,train,panda,ipanda50,giant panda,session_reid,v016,,4030,22:v016,,
22_nini/22_v016_f004135.jpg,22,494,train,panda,ipanda50,giant panda,session_reid,v016,,4135,22:v016,,
22_nini/22_v018_f000875.jpg,22,495,train,panda,ipanda50,giant panda,session_reid,v018,,875,22:v018,,
22_nini/22_v018_f002215.jpg,22,495,train,panda,ipanda50,giant panda,session_reid,v018,,2215,22:v018,,
22_nini/22_v018_f003120.jpg,22,495,train,panda,ipanda50,giant panda,session_reid,v018,,3120,22:v018,,
22_nini/22_v018_f004140.jpg,22,495,train,panda,ipanda50,giant panda,session_reid,v018,,4140,22:v018,,
22_nini/22_v018_f004555.jpg,22,495,train,panda,ipanda50,giant panda,session_reid,v018,,4555,22:v018,,
22_nini/22_v018_f004835.jpg,22,495,train,panda,ipanda50,giant panda,session_reid,v018,,4835,22:v018,,
22_nini/22_v019_f000150.jpg,22,496,train,panda,ipanda50,giant panda,session_reid,v019,,150,22:v019,,
22_nini/22_v019_f000230.jpg,22,496,train,panda,ipanda50,giant panda,session_reid,v019,,230,22:v019,,
22_nini/22_v019_f002960.jpg,22,496,train,panda,ipanda50,giant panda,session_reid,v019,,2960,22:v019,,
22_nini/22_v019_f002965.jpg,22,496,train,panda,ipanda50,giant panda,session_reid,v019,,2965,22:v019,,
22_nini/22_v019_f002975.jpg,22,496,train,panda,ipanda50,giant panda,session_reid,v019,,2975,22:v019,,
22_nini/22_v019_f002980.jpg,22,496,train,panda,ipanda50,giant panda,session_reid,v019,,2980,22:v019,,
22_nini/22_v020_f000005.jpg,22,497,train,panda,ipanda50,giant panda,session_reid,v020,,5,22:v020,,
22_nini/22_v020_f000570.jpg,22,497,train,panda,ipanda50,giant panda,session_reid,v020,,570,22:v020,,
22_nini/22_v020_f000600.jpg,22,497,train,panda,ipanda50,giant panda,session_reid,v020,,600,22:v020,,
22_nini/22_v020_f000625.jpg,22,497,train,panda,ipanda50,giant panda,session_reid,v020,,625,22:v020,,
22_nini/22_v020_f000675.jpg,22,497,train,panda,ipanda50,giant panda,session_reid,v020,,675,22:v020,,
22_nini/22_v020_f000725.jpg,22,497,train,panda,ipanda50,giant panda,session_reid,v020,,725,22:v020,,
22_nini/22_v020_f000780.jpg,22,497,train,panda,ipanda50,giant panda,session_reid,v020,,780,22:v020,,
22_nini/22_v020_f000890.jpg,22,497,train,panda,ipanda50,giant panda,session_reid,v020,,890,22:v020,,
22_nini/22_v021_f000005.jpg,22,498,train,panda,ipanda50,giant panda,session_reid,v021,,5,22:v021,,
22_nini/22_v021_f001930.jpg,22,498,train,panda,ipanda50,giant panda,session_reid,v021,,1930,22:v021,,
22_nini/22_v021_f003965.jpg,22,498,train,panda,ipanda50,giant panda,session_reid,v021,,3965,22:v021,,
22_nini/22_v021_f003990.jpg,22,498,train,panda,ipanda50,giant panda,session_reid,v021,,3990,22:v021,,
22_nini/22_v021_f004000.jpg,22,498,train,panda,ipanda50,giant panda,session_reid,v021,,4000,22:v021,,
22_nini/22_v021_f004465.jpg,22,498,train,panda,ipanda50,giant panda,session_reid,v021,,4465,22:v021,,
22_nini/22_v022_f000595.jpg,22,499,train,panda,ipanda50,giant panda,session_reid,v022,,595,22:v022,,
22_nini/22_v022_f000645.jpg,22,499,train,panda,ipanda50,giant panda,session_reid,v022,,645,22:v022,,
22_nini/22_v022_f001600.jpg,22,499,train,panda,ipanda50,giant panda,session_reid,v022,,1600,22:v022,,
22_nini/22_v022_f001680.jpg,22,499,train,panda,ipanda50,giant panda,session_reid,v022,,1680,22:v022,,
22_nini/22_v024_f000520.jpg,22,500,train,panda,ipanda50,giant panda,session_reid,v024,,520,22:v024,,
22_nini/22_v024_f000535.jpg,22,500,train,panda,ipanda50,giant panda,session_reid,v024,,535,22:v024,,
22_nini/22_v024_f000815.jpg,22,500,train,panda,ipanda50,giant panda,session_reid,v024,,815,22:v024,,
22_nini/22_v024_f000945.jpg,22,500,train,panda,ipanda50,giant panda,session_reid,v024,,945,22:v024,,
22_nini/22_v025_f011220.jpg,22,501,train,panda,ipanda50,giant panda,session_reid,v025,,11220,22:v025,,
22_nini/22_v025_f011815.jpg,22,501,train,panda,ipanda50,giant panda,session_reid,v025,,11815,22:v025,,
22_nini/22_v025_f012835.jpg,22,501,train,panda,ipanda50,giant panda,session_reid,v025,,12835,22:v025,,
22_nini/22_v026_f000090.jpg,22,502,train,panda,ipanda50,giant panda,session_reid,v026,,90,22:v026,,
22_nini/22_v026_f000405.jpg,22,502,train,panda,ipanda50,giant panda,session_reid,v026,,405,22:v026,,
22_nini/22_v026_f000720.jpg,22,502,train,panda,ipanda50,giant panda,session_reid,v026,,720,22:v026,,
22_nini/22_v026_f001530.jpg,22,502,train,panda,ipanda50,giant panda,session_reid,v026,,1530,22:v026,,
22_nini/22_v026_f002115.jpg,22,502,train,panda,ipanda50,giant panda,session_reid,v026,,2115,22:v026,,
22_nini/22_v027_f000190.jpg,22,503,train,panda,ipanda50,giant panda,session_reid,v027,,190,22:v027,,
22_nini/22_v027_f000740.jpg,22,503,train,panda,ipanda50,giant panda,session_reid,v027,,740,22:v027,,
22_nini/22_v027_f001230.jpg,22,503,train,panda,ipanda50,giant panda,session_reid,v027,,1230,22:v027,,
22_nini/22_v027_f002400.jpg,22,503,train,panda,ipanda50,giant panda,session_reid,v027,,2400,22:v027,,
22_nini/22_v027_f002970.jpg,22,503,train,panda,ipanda50,giant panda,session_reid,v027,,2970,22:v027,,
22_nini/22_v028_f000005.jpg,22,504,train,panda,ipanda50,giant panda,session_reid,v028,,5,22:v028,,
22_nini/22_v028_f000055.jpg,22,504,train,panda,ipanda50,giant panda,session_reid,v028,,55,22:v028,,
22_nini/22_v028_f000205.jpg,22,504,train,panda,ipanda50,giant panda,session_reid,v028,,205,22:v028,,
22_nini/22_v029_f001320.jpg,22,505,train,panda,ipanda50,giant panda,session_reid,v029,,1320,22:v029,,
22_nini/22_v029_f002255.jpg,22,505,train,panda,ipanda50,giant panda,session_reid,v029,,2255,22:v029,,
22_nini/22_v029_f003115.jpg,22,505,train,panda,ipanda50,giant panda,session_reid,v029,,3115,22:v029,,
22_nini/22_v029_f003300.jpg,22,505,train,panda,ipanda50,giant panda,session_reid,v029,,3300,22:v029,,
22_nini/22_v029_f003755.jpg,22,505,train,panda,ipanda50,giant panda,session_reid,v029,,3755,22:v029,,
22_nini/22_v032_f001035.jpg,22,506,train,panda,ipanda50,giant panda,session_reid,v032,,1035,22:v032,,
22_nini/22_v032_f001345.jpg,22,506,train,panda,ipanda50,giant panda,session_reid,v032,,1345,22:v032,,
22_nini/22_v032_f001670.jpg,22,506,train,panda,ipanda50,giant panda,session_reid,v032,,1670,22:v032,,
22_nini/22_v032_f002060.jpg,22,506,train,panda,ipanda50,giant panda,session_reid,v032,,2060,22:v032,,
22_nini/22_v032_f002090.jpg,22,506,train,panda,ipanda50,giant panda,session_reid,v032,,2090,22:v032,,
22_nini/22_v032_f002280.jpg,22,506,train,panda,ipanda50,giant panda,session_reid,v032,,2280,22:v032,,
22_nini/22_v032_f002375.jpg,22,506,train,panda,ipanda50,giant panda,session_reid,v032,,2375,22:v032,,
22_nini/22_v033_f000850.jpg,22,507,train,panda,ipanda50,giant panda,session_reid,v033,,850,22:v033,,
22_nini/22_v033_f002805.jpg,22,507,train,panda,ipanda50,giant panda,session_reid,v033,,2805,22:v033,,
22_nini/22_v033_f006405.jpg,22,507,train,panda,ipanda50,giant panda,session_reid,v033,,6405,22:v033,,
22_nini/22_v033_f016085.jpg,22,507,train,panda,ipanda50,giant panda,session_reid,v033,,16085,22:v033,,
22_nini/22_v033_f016405.jpg,22,507,train,panda,ipanda50,giant panda,session_reid,v033,,16405,22:v033,,
22_nini/22_v033_f030005.jpg,22,507,train,panda,ipanda50,giant panda,session_reid,v033,,30005,22:v033,,
22_nini/22_v033_f043605.jpg,22,507,train,panda,ipanda50,giant panda,session_reid,v033,,43605,22:v033,,
22_nini/22_v033_f049905.jpg,22,507,train,panda,ipanda50,giant panda,session_reid,v033,,49905,22:v033,,
22_nini/22_v033_f053160.jpg,22,507,train,panda,ipanda50,giant panda,session_reid,v033,,53160,22:v033,,
22_nini/22_v033_f053485.jpg,22,507,train,panda,ipanda50,giant panda,session_reid,v033,,53485,22:v033,,
22_nini/22_v033_f056905.jpg,22,507,train,panda,ipanda50,giant panda,session_reid,v033,,56905,22:v033,,
22_nini/22_v033_f059330.jpg,22,507,train,panda,ipanda50,giant panda,session_reid,v033,,59330,22:v033,,
22_nini/22_v033_f061105.jpg,22,507,train,panda,ipanda50,giant panda,session_reid,v033,,61105,22:v033,,
22_nini/22_v033_f062305.jpg,22,507,train,panda,ipanda50,giant panda,session_reid,v033,,62305,22:v033,,
22_nini/22_v033_f067705.jpg,22,507,train,panda,ipanda50,giant panda,session_reid,v033,,67705,22:v033,,
22_nini/22_v033_f070210.jpg,22,507,train,panda,ipanda50,giant panda,session_reid,v033,,70210,22:v033,,
22_nini/22_v033_f073620.jpg,22,507,train,panda,ipanda50,giant panda,session_reid,v033,,73620,22:v033,,
22_nini/22_v033_f075605.jpg,22,507,train,panda,ipanda50,giant panda,session_reid,v033,,75605,22:v033,,
22_nini/22_v033_f111805.jpg,22,507,train,panda,ipanda50,giant panda,session_reid,v033,,111805,22:v033,,
22_nini/22_v033_f112080.jpg,22,507,train,panda,ipanda50,giant panda,session_reid,v033,,112080,22:v033,,
22_nini/22_v033_f112675.jpg,22,507,train,panda,ipanda50,giant panda,session_reid,v033,,112675,22:v033,,
22_nini/22_v033_f112735.jpg,22,507,train,panda,ipanda50,giant panda,session_reid,v033,,112735,22:v033,,
22_nini/22_v033_f113335.jpg,22,507,train,panda,ipanda50,giant panda,session_reid,v033,,113335,22:v033,,
22_nini/22_v034_f001020.jpg,22,508,train,panda,ipanda50,giant panda,session_reid,v034,,1020,22:v034,,
22_nini/22_v035_f000715.jpg,22,509,train,panda,ipanda50,giant panda,session_reid,v035,,715,22:v035,,
22_nini/22_v036_f000360.jpg,22,510,train,panda,ipanda50,giant panda,session_reid,v036,,360,22:v036,,
22_nini/22_v036_f000385.jpg,22,510,train,panda,ipanda50,giant panda,session_reid,v036,,385,22:v036,,
22_nini/22_v036_f000425.jpg,22,510,train,panda,ipanda50,giant panda,session_reid,v036,,425,22:v036,,
22_nini/22_v036_f000475.jpg,22,510,train,panda,ipanda50,giant panda,session_reid,v036,,475,22:v036,,
22_nini/22_v036_f000530.jpg,22,510,train,panda,ipanda50,giant panda,session_reid,v036,,530,22:v036,,
22_nini/22_v036_f001005.jpg,22,510,train,panda,ipanda50,giant panda,session_reid,v036,,1005,22:v036,,
22_nini/22_v036_f001420.jpg,22,510,train,panda,ipanda50,giant panda,session_reid,v036,,1420,22:v036,,
22_nini/22_v037_f000005.jpg,22,511,train,panda,ipanda50,giant panda,session_reid,v037,,5,22:v037,,
22_nini/22_v037_f000085.jpg,22,511,train,panda,ipanda50,giant panda,session_reid,v037,,85,22:v037,,
22_nini/22_v037_f000735.jpg,22,511,train,panda,ipanda50,giant panda,session_reid,v037,,735,22:v037,,
22_nini/22_v037_f003905.jpg,22,511,train,panda,ipanda50,giant panda,session_reid,v037,,3905,22:v037,,
22_nini/22_v037_f003940.jpg,22,511,train,panda,ipanda50,giant panda,session_reid,v037,,3940,22:v037,,
22_nini/22_v037_f004075.jpg,22,511,train,panda,ipanda50,giant panda,session_reid,v037,,4075,22:v037,,
22_nini/22_v037_f004425.jpg,22,511,train,panda,ipanda50,giant panda,session_reid,v037,,4425,22:v037,,
22_nini/22_v038_f000005.jpg,22,512,train,panda,ipanda50,giant panda,session_reid,v038,,5,22:v038,,
22_nini/22_v038_f000735.jpg,22,512,train,panda,ipanda50,giant panda,session_reid,v038,,735,22:v038,,
22_nini/22_v038_f000770.jpg,22,512,train,panda,ipanda50,giant panda,session_reid,v038,,770,22:v038,,
22_nini/22_v038_f001285.jpg,22,512,train,panda,ipanda50,giant panda,session_reid,v038,,1285,22:v038,,
22_nini/22_v038_f001610.jpg,22,512,train,panda,ipanda50,giant panda,session_reid,v038,,1610,22:v038,,
22_nini/22_v039_f000005.jpg,22,513,train,panda,ipanda50,giant panda,session_reid,v039,,5,22:v039,,
22_nini/22_v039_f000230.jpg,22,513,train,panda,ipanda50,giant panda,session_reid,v039,,230,22:v039,,
22_nini/22_v039_f000655.jpg,22,513,train,panda,ipanda50,giant panda,session_reid,v039,,655,22:v039,,
23_qiubang/23_v001_f000125.jpg,23,514,query,panda,ipanda50,giant panda,session_reid,v001,,125,23:v001,,
23_qiubang/23_v001_f000200.jpg,23,514,gallery,panda,ipanda50,giant panda,session_reid,v001,,200,23:v001,,
23_qiubang/23_v001_f000310.jpg,23,514,gallery,panda,ipanda50,giant panda,session_reid,v001,,310,23:v001,,
23_qiubang/23_v001_f001110.jpg,23,514,gallery,panda,ipanda50,giant panda,session_reid,v001,,1110,23:v001,,
23_qiubang/23_v001_f001310.jpg,23,514,gallery,panda,ipanda50,giant panda,session_reid,v001,,1310,23:v001,,
23_qiubang/23_v001_f001740.jpg,23,514,gallery,panda,ipanda50,giant panda,session_reid,v001,,1740,23:v001,,
23_qiubang/23_v001_f001950.jpg,23,514,gallery,panda,ipanda50,giant panda,session_reid,v001,,1950,23:v001,,
23_qiubang/23_v001_f002035.jpg,23,514,gallery,panda,ipanda50,giant panda,session_reid,v001,,2035,23:v001,,
23_qiubang/23_v001_f002415.jpg,23,514,gallery,panda,ipanda50,giant panda,session_reid,v001,,2415,23:v001,,
23_qiubang/23_v001_f003075.jpg,23,514,gallery,panda,ipanda50,giant panda,session_reid,v001,,3075,23:v001,,
23_qiubang/23_v001_f003220.jpg,23,514,gallery,panda,ipanda50,giant panda,session_reid,v001,,3220,23:v001,,
23_qiubang/23_v001_f003850.jpg,23,514,gallery,panda,ipanda50,giant panda,session_reid,v001,,3850,23:v001,,
23_qiubang/23_v002_f000395.jpg,23,515,query,panda,ipanda50,giant panda,session_reid,v002,,395,23:v002,,
23_qiubang/23_v002_f000435.jpg,23,515,gallery,panda,ipanda50,giant panda,session_reid,v002,,435,23:v002,,
23_qiubang/23_v002_f000550.jpg,23,515,gallery,panda,ipanda50,giant panda,session_reid,v002,,550,23:v002,,
23_qiubang/23_v002_f000635.jpg,23,515,gallery,panda,ipanda50,giant panda,session_reid,v002,,635,23:v002,,
23_qiubang/23_v002_f001030.jpg,23,515,gallery,panda,ipanda50,giant panda,session_reid,v002,,1030,23:v002,,
23_qiubang/23_v002_f001160.jpg,23,515,gallery,panda,ipanda50,giant panda,session_reid,v002,,1160,23:v002,,
23_qiubang/23_v002_f001180.jpg,23,515,gallery,panda,ipanda50,giant panda,session_reid,v002,,1180,23:v002,,
23_qiubang/23_v002_f001240.jpg,23,515,gallery,panda,ipanda50,giant panda,session_reid,v002,,1240,23:v002,,
23_qiubang/23_v003_f000005.jpg,23,516,query,panda,ipanda50,giant panda,session_reid,v003,,5,23:v003,,
23_qiubang/23_v004_f000005.jpg,23,517,query,panda,ipanda50,giant panda,session_reid,v004,,5,23:v004,,
23_qiubang/23_v005_f000005.jpg,23,518,query,panda,ipanda50,giant panda,session_reid,v005,,5,23:v005,,
23_qiubang/23_v005_f000155.jpg,23,518,gallery,panda,ipanda50,giant panda,session_reid,v005,,155,23:v005,,
23_qiubang/23_v005_f000785.jpg,23,518,gallery,panda,ipanda50,giant panda,session_reid,v005,,785,23:v005,,
23_qiubang/23_v005_f001065.jpg,23,518,gallery,panda,ipanda50,giant panda,session_reid,v005,,1065,23:v005,,
23_qiubang/23_v006_f000470.jpg,23,519,query,panda,ipanda50,giant panda,session_reid,v006,,470,23:v006,,
23_qiubang/23_v006_f001115.jpg,23,519,gallery,panda,ipanda50,giant panda,session_reid,v006,,1115,23:v006,,
23_qiubang/23_v007_f000280.jpg,23,520,query,panda,ipanda50,giant panda,session_reid,v007,,280,23:v007,,
23_qiubang/23_v007_f000455.jpg,23,520,gallery,panda,ipanda50,giant panda,session_reid,v007,,455,23:v007,,
23_qiubang/23_v007_f001800.jpg,23,520,gallery,panda,ipanda50,giant panda,session_reid,v007,,1800,23:v007,,
23_qiubang/23_v007_f001870.jpg,23,520,gallery,panda,ipanda50,giant panda,session_reid,v007,,1870,23:v007,,
23_qiubang/23_v007_f002130.jpg,23,520,gallery,panda,ipanda50,giant panda,session_reid,v007,,2130,23:v007,,
23_qiubang/23_v007_f002425.jpg,23,520,gallery,panda,ipanda50,giant panda,session_reid,v007,,2425,23:v007,,
23_qiubang/23_v007_f002765.jpg,23,520,gallery,panda,ipanda50,giant panda,session_reid,v007,,2765,23:v007,,
23_qiubang/23_v007_f003150.jpg,23,520,gallery,panda,ipanda50,giant panda,session_reid,v007,,3150,23:v007,,
23_qiubang/23_v008_f000005.jpg,23,521,query,panda,ipanda50,giant panda,session_reid,v008,,5,23:v008,,
23_qiubang/23_v010_f000130.jpg,23,522,query,panda,ipanda50,giant panda,session_reid,v010,,130,23:v010,,
23_qiubang/23_v010_f000355.jpg,23,522,gallery,panda,ipanda50,giant panda,session_reid,v010,,355,23:v010,,
23_qiubang/23_v010_f004505.jpg,23,522,gallery,panda,ipanda50,giant panda,session_reid,v010,,4505,23:v010,,
23_qiubang/23_v010_f004630.jpg,23,522,gallery,panda,ipanda50,giant panda,session_reid,v010,,4630,23:v010,,
23_qiubang/23_v011_f000005.jpg,23,523,query,panda,ipanda50,giant panda,session_reid,v011,,5,23:v011,,
23_qiubang/23_v011_f002355.jpg,23,523,gallery,panda,ipanda50,giant panda,session_reid,v011,,2355,23:v011,,
23_qiubang/23_v011_f002620.jpg,23,523,gallery,panda,ipanda50,giant panda,session_reid,v011,,2620,23:v011,,
23_qiubang/23_v012_f001610.jpg,23,524,query,panda,ipanda50,giant panda,session_reid,v012,,1610,23:v012,,
23_qiubang/23_v012_f002040.jpg,23,524,gallery,panda,ipanda50,giant panda,session_reid,v012,,2040,23:v012,,
23_qiubang/23_v013_f000005.jpg,23,525,query,panda,ipanda50,giant panda,session_reid,v013,,5,23:v013,,
23_qiubang/23_v013_f000720.jpg,23,525,gallery,panda,ipanda50,giant panda,session_reid,v013,,720,23:v013,,
23_qiubang/23_v013_f003420.jpg,23,525,gallery,panda,ipanda50,giant panda,session_reid,v013,,3420,23:v013,,
23_qiubang/23_v014_f000005.jpg,23,526,query,panda,ipanda50,giant panda,session_reid,v014,,5,23:v014,,
23_qiubang/23_v014_f000370.jpg,23,526,gallery,panda,ipanda50,giant panda,session_reid,v014,,370,23:v014,,
23_qiubang/23_v015_f010265.jpg,23,527,query,panda,ipanda50,giant panda,session_reid,v015,,10265,23:v015,,
23_qiubang/23_v015_f012905.jpg,23,527,gallery,panda,ipanda50,giant panda,session_reid,v015,,12905,23:v015,,
23_qiubang/23_v015_f012920.jpg,23,527,gallery,panda,ipanda50,giant panda,session_reid,v015,,12920,23:v015,,
23_qiubang/23_v015_f013080.jpg,23,527,gallery,panda,ipanda50,giant panda,session_reid,v015,,13080,23:v015,,
23_qiubang/23_v015_f013165.jpg,23,527,gallery,panda,ipanda50,giant panda,session_reid,v015,,13165,23:v015,,
23_qiubang/23_v015_f013280.jpg,23,527,gallery,panda,ipanda50,giant panda,session_reid,v015,,13280,23:v015,,
23_qiubang/23_v015_f013365.jpg,23,527,gallery,panda,ipanda50,giant panda,session_reid,v015,,13365,23:v015,,
23_qiubang/23_v015_f013515.jpg,23,527,gallery,panda,ipanda50,giant panda,session_reid,v015,,13515,23:v015,,
23_qiubang/23_v016_f000045.jpg,23,528,query,panda,ipanda50,giant panda,session_reid,v016,,45,23:v016,,
23_qiubang/23_v016_f000335.jpg,23,528,gallery,panda,ipanda50,giant panda,session_reid,v016,,335,23:v016,,
23_qiubang/23_v016_f001065.jpg,23,528,gallery,panda,ipanda50,giant panda,session_reid,v016,,1065,23:v016,,
23_qiubang/23_v016_f001505.jpg,23,528,gallery,panda,ipanda50,giant panda,session_reid,v016,,1505,23:v016,,
23_qiubang/23_v016_f002620.jpg,23,528,gallery,panda,ipanda50,giant panda,session_reid,v016,,2620,23:v016,,
23_qiubang/23_v016_f007160.jpg,23,528,gallery,panda,ipanda50,giant panda,session_reid,v016,,7160,23:v016,,
23_qiubang/23_v017_f000005.jpg,23,529,query,panda,ipanda50,giant panda,session_reid,v017,,5,23:v017,,
23_qiubang/23_v017_f000420.jpg,23,529,gallery,panda,ipanda50,giant panda,session_reid,v017,,420,23:v017,,
23_qiubang/23_v017_f002760.jpg,23,529,gallery,panda,ipanda50,giant panda,session_reid,v017,,2760,23:v017,,
23_qiubang/23_v018_f002865.jpg,23,530,query,panda,ipanda50,giant panda,session_reid,v018,,2865,23:v018,,
23_qiubang/23_v019_f004430.jpg,23,531,query,panda,ipanda50,giant panda,session_reid,v019,,4430,23:v019,,
23_qiubang/23_v020_f000005.jpg,23,532,query,panda,ipanda50,giant panda,session_reid,v020,,5,23:v020,,
23_qiubang/23_v020_f000670.jpg,23,532,gallery,panda,ipanda50,giant panda,session_reid,v020,,670,23:v020,,
23_qiubang/23_v021_f000005.jpg,23,533,query,panda,ipanda50,giant panda,session_reid,v021,,5,23:v021,,
23_qiubang/23_v021_f000210.jpg,23,533,gallery,panda,ipanda50,giant panda,session_reid,v021,,210,23:v021,,
23_qiubang/23_v021_f000355.jpg,23,533,gallery,panda,ipanda50,giant panda,session_reid,v021,,355,23:v021,,
23_qiubang/23_v021_f000370.jpg,23,533,gallery,panda,ipanda50,giant panda,session_reid,v021,,370,23:v021,,
23_qiubang/23_v021_f000415.jpg,23,533,gallery,panda,ipanda50,giant panda,session_reid,v021,,415,23:v021,,
23_qiubang/23_v021_f000440.jpg,23,533,gallery,panda,ipanda50,giant panda,session_reid,v021,,440,23:v021,,
23_qiubang/23_v021_f000455.jpg,23,533,gallery,panda,ipanda50,giant panda,session_reid,v021,,455,23:v021,,
23_qiubang/23_v021_f000465.jpg,23,533,gallery,panda,ipanda50,giant panda,session_reid,v021,,465,23:v021,,
23_qiubang/23_v021_f000640.jpg,23,533,gallery,panda,ipanda50,giant panda,session_reid,v021,,640,23:v021,,
23_qiubang/23_v021_f000660.jpg,23,533,gallery,panda,ipanda50,giant panda,session_reid,v021,,660,23:v021,,
23_qiubang/23_v021_f000840.jpg,23,533,gallery,panda,ipanda50,giant panda,session_reid,v021,,840,23:v021,,
23_qiubang/23_v021_f001015.jpg,23,533,gallery,panda,ipanda50,giant panda,session_reid,v021,,1015,23:v021,,
23_qiubang/23_v021_f001085.jpg,23,533,gallery,panda,ipanda50,giant panda,session_reid,v021,,1085,23:v021,,
23_qiubang/23_v022_f000005.jpg,23,534,query,panda,ipanda50,giant panda,session_reid,v022,,5,23:v022,,
23_qiubang/23_v022_f001940.jpg,23,534,gallery,panda,ipanda50,giant panda,session_reid,v022,,1940,23:v022,,
23_qiubang/23_v022_f001955.jpg,23,534,gallery,panda,ipanda50,giant panda,session_reid,v022,,1955,23:v022,,
23_qiubang/23_v022_f002270.jpg,23,534,gallery,panda,ipanda50,giant panda,session_reid,v022,,2270,23:v022,,
23_qiubang/23_v022_f002360.jpg,23,534,gallery,panda,ipanda50,giant panda,session_reid,v022,,2360,23:v022,,
23_qiubang/23_v022_f002395.jpg,23,534,gallery,panda,ipanda50,giant panda,session_reid,v022,,2395,23:v022,,
23_qiubang/23_v022_f002430.jpg,23,534,gallery,panda,ipanda50,giant panda,session_reid,v022,,2430,23:v022,,
23_qiubang/23_v022_f002515.jpg,23,534,gallery,panda,ipanda50,giant panda,session_reid,v022,,2515,23:v022,,
23_qiubang/23_v022_f002580.jpg,23,534,gallery,panda,ipanda50,giant panda,session_reid,v022,,2580,23:v022,,
23_qiubang/23_v022_f002620.jpg,23,534,gallery,panda,ipanda50,giant panda,session_reid,v022,,2620,23:v022,,
23_qiubang/23_v022_f002660.jpg,23,534,gallery,panda,ipanda50,giant panda,session_reid,v022,,2660,23:v022,,
23_qiubang/23_v022_f002695.jpg,23,534,gallery,panda,ipanda50,giant panda,session_reid,v022,,2695,23:v022,,
23_qiubang/23_v022_f002720.jpg,23,534,gallery,panda,ipanda50,giant panda,session_reid,v022,,2720,23:v022,,
23_qiubang/23_v022_f002875.jpg,23,534,gallery,panda,ipanda50,giant panda,session_reid,v022,,2875,23:v022,,
23_qiubang/23_v023_f000005.jpg,23,535,query,panda,ipanda50,giant panda,session_reid,v023,,5,23:v023,,
23_qiubang/23_v023_f000085.jpg,23,535,gallery,panda,ipanda50,giant panda,session_reid,v023,,85,23:v023,,
23_qiubang/23_v023_f001090.jpg,23,535,gallery,panda,ipanda50,giant panda,session_reid,v023,,1090,23:v023,,
23_qiubang/23_v023_f001115.jpg,23,535,gallery,panda,ipanda50,giant panda,session_reid,v023,,1115,23:v023,,
23_qiubang/23_v023_f001120.jpg,23,535,gallery,panda,ipanda50,giant panda,session_reid,v023,,1120,23:v023,,
23_qiubang/23_v023_f001340.jpg,23,535,gallery,panda,ipanda50,giant panda,session_reid,v023,,1340,23:v023,,
23_qiubang/23_v023_f001455.jpg,23,535,gallery,panda,ipanda50,giant panda,session_reid,v023,,1455,23:v023,,
23_qiubang/23_v024_f000230.jpg,23,536,query,panda,ipanda50,giant panda,session_reid,v024,,230,23:v024,,
23_qiubang/23_v024_f000495.jpg,23,536,gallery,panda,ipanda50,giant panda,session_reid,v024,,495,23:v024,,
23_qiubang/23_v024_f000530.jpg,23,536,gallery,panda,ipanda50,giant panda,session_reid,v024,,530,23:v024,,
23_qiubang/23_v024_f000565.jpg,23,536,gallery,panda,ipanda50,giant panda,session_reid,v024,,565,23:v024,,
23_qiubang/23_v025_f000480.jpg,23,537,query,panda,ipanda50,giant panda,session_reid,v025,,480,23:v025,,
23_qiubang/23_v026_f000535.jpg,23,538,query,panda,ipanda50,giant panda,session_reid,v026,,535,23:v026,,
23_qiubang/23_v026_f000580.jpg,23,538,gallery,panda,ipanda50,giant panda,session_reid,v026,,580,23:v026,,
23_qiubang/23_v026_f000725.jpg,23,538,gallery,panda,ipanda50,giant panda,session_reid,v026,,725,23:v026,,
23_qiubang/23_v026_f008630.jpg,23,538,gallery,panda,ipanda50,giant panda,session_reid,v026,,8630,23:v026,,
23_qiubang/23_v026_f009885.jpg,23,538,gallery,panda,ipanda50,giant panda,session_reid,v026,,9885,23:v026,,
23_qiubang/23_v026_f010185.jpg,23,538,gallery,panda,ipanda50,giant panda,session_reid,v026,,10185,23:v026,,
23_qiubang/23_v026_f010730.jpg,23,538,gallery,panda,ipanda50,giant panda,session_reid,v026,,10730,23:v026,,
23_qiubang/23_v027_f000260.jpg,23,539,query,panda,ipanda50,giant panda,session_reid,v027,,260,23:v027,,
23_qiubang/23_v028_f000130.jpg,23,540,query,panda,ipanda50,giant panda,session_reid,v028,,130,23:v028,,
23_qiubang/23_v028_f000270.jpg,23,540,gallery,panda,ipanda50,giant panda,session_reid,v028,,270,23:v028,,
23_qiubang/23_v028_f000430.jpg,23,540,gallery,panda,ipanda50,giant panda,session_reid,v028,,430,23:v028,,
23_qiubang/23_v028_f001540.jpg,23,540,gallery,panda,ipanda50,giant panda,session_reid,v028,,1540,23:v028,,
23_qiubang/23_v028_f003740.jpg,23,540,gallery,panda,ipanda50,giant panda,session_reid,v028,,3740,23:v028,,
23_qiubang/23_v029_f000005.jpg,23,541,query,panda,ipanda50,giant panda,session_reid,v029,,5,23:v029,,
23_qiubang/23_v029_f000140.jpg,23,541,gallery,panda,ipanda50,giant panda,session_reid,v029,,140,23:v029,,
23_qiubang/23_v029_f000410.jpg,23,541,gallery,panda,ipanda50,giant panda,session_reid,v029,,410,23:v029,,
23_qiubang/23_v030_f000005.jpg,23,542,query,panda,ipanda50,giant panda,session_reid,v030,,5,23:v030,,
23_qiubang/23_v030_f000805.jpg,23,542,gallery,panda,ipanda50,giant panda,session_reid,v030,,805,23:v030,,
24_qixi/24_20151227-093118_母子园_七喜睡醒，坐着像祖母奇缘_265.jpg,24,543,train,panda,ipanda50,giant panda,session_reid,20151227-093118_母子园_七喜睡醒，坐着像祖母奇缘,,265,24:20151227-093118_母子园_七喜睡醒，坐着像祖母奇缘,,
24_qixi/24_20151227-154140_母子园_七喜坐着睡觉学奇缘1_330.jpg,24,544,train,panda,ipanda50,giant panda,session_reid,20151227-154140_母子园_七喜坐着睡觉学奇缘1,,330,24:20151227-154140_母子园_七喜坐着睡觉学奇缘1,,
24_qixi/24_20151227-154140_母子园_七喜坐着睡觉学奇缘1_575.jpg,24,544,train,panda,ipanda50,giant panda,session_reid,20151227-154140_母子园_七喜坐着睡觉学奇缘1,,575,24:20151227-154140_母子园_七喜坐着睡觉学奇缘1,,
24_qixi/24_20160603-084200_幼年园_七喜看镜头_1.jpg,24,545,train,panda,ipanda50,giant panda,session_reid,20160603-084200_幼年园_七喜看镜头,,1,24:20160603-084200_幼年园_七喜看镜头,,
24_qixi/24_20160603-084200_幼年园_七喜看镜头_585.jpg,24,545,train,panda,ipanda50,giant panda,session_reid,20160603-084200_幼年园_七喜看镜头,,585,24:20160603-084200_幼年园_七喜看镜头,,
24_qixi/24_20160613-104040_七喜走路，倒退两步_1.jpg,24,546,train,panda,ipanda50,giant panda,session_reid,20160613-104040_七喜走路，倒退两步,,1,24:20160613-104040_七喜走路，倒退两步,,
24_qixi/24_20160613-104040_七喜走路，倒退两步_355.jpg,24,546,train,panda,ipanda50,giant panda,session_reid,20160613-104040_七喜走路，倒退两步,,355,24:20160613-104040_七喜走路，倒退两步,,
24_qixi/24_20160613-104040_七喜走路，倒退两步_405.jpg,24,546,train,panda,ipanda50,giant panda,session_reid,20160613-104040_七喜走路，倒退两步,,405,24:20160613-104040_七喜走路，倒退两步,,
24_qixi/24_20160613-104040_七喜走路，倒退两步_445.jpg,24,546,train,panda,ipanda50,giant panda,session_reid,20160613-104040_七喜走路，倒退两步,,445,24:20160613-104040_七喜走路，倒退两步,,
24_qixi/24_20160613-104040_七喜走路，倒退两步_530.jpg,24,546,train,panda,ipanda50,giant panda,session_reid,20160613-104040_七喜走路，倒退两步,,530,24:20160613-104040_七喜走路，倒退两步,,
24_qixi/24_20160613-104040_七喜走路，倒退两步_670.jpg,24,546,train,panda,ipanda50,giant panda,session_reid,20160613-104040_七喜走路，倒退两步,,670,24:20160613-104040_七喜走路，倒退两步,,
24_qixi/24_20160704-151500_幼年园_七喜抬脚挠痒_1355.jpg,24,547,train,panda,ipanda50,giant panda,session_reid,20160704-151500_幼年园_七喜抬脚挠痒,,1355,24:20160704-151500_幼年园_七喜抬脚挠痒,,
24_qixi/24_20160704-151500_幼年园_七喜抬脚挠痒_1835.jpg,24,547,train,panda,ipanda50,giant panda,session_reid,20160704-151500_幼年园_七喜抬脚挠痒,,1835,24:20160704-151500_幼年园_七喜抬脚挠痒,,
24_qixi/24_20160704-151500_幼年园_七喜抬脚挠痒_1945.jpg,24,547,train,panda,ipanda50,giant panda,session_reid,20160704-151500_幼年园_七喜抬脚挠痒,,1945,24:20160704-151500_幼年园_七喜抬脚挠痒,,
24_qixi/24_20160704-151500_幼年园_七喜抬脚挠痒_4265.jpg,24,547,train,panda,ipanda50,giant panda,session_reid,20160704-151500_幼年园_七喜抬脚挠痒,,4265,24:20160704-151500_幼年园_七喜抬脚挠痒,,
24_qixi/24_20160729-113720_幼年园_七喜靠着石头墙挠痒痒，手掌好灵活_1.jpg,24,548,train,panda,ipanda50,giant panda,session_reid,20160729-113720_幼年园_七喜靠着石头墙挠痒痒，手掌好灵活,,1,24:20160729-113720_幼年园_七喜靠着石头墙挠痒痒，手掌好灵活,,
24_qixi/24_20160729-113720_幼年园_七喜靠着石头墙挠痒痒，手掌好灵活_1290.jpg,24,548,train,panda,ipanda50,giant panda,session_reid,20160729-113720_幼年园_七喜靠着石头墙挠痒痒，手掌好灵活,,1290,24:20160729-113720_幼年园_七喜靠着石头墙挠痒痒，手掌好灵活,,
24_qixi/24_20160729-113720_幼年园_七喜靠着石头墙挠痒痒，手掌好灵活_1675.jpg,24,548,train,panda,ipanda50,giant panda,session_reid,20160729-113720_幼年园_七喜靠着石头墙挠痒痒，手掌好灵活,,1675,24:20160729-113720_幼年园_七喜靠着石头墙挠痒痒，手掌好灵活,,
24_qixi/24_20160729-113720_幼年园_七喜靠着石头墙挠痒痒，手掌好灵活_1890.jpg,24,548,train,panda,ipanda50,giant panda,session_reid,20160729-113720_幼年园_七喜靠着石头墙挠痒痒，手掌好灵活,,1890,24:20160729-113720_幼年园_七喜靠着石头墙挠痒痒，手掌好灵活,,
24_qixi/24_v001_f000005.jpg,24,549,train,panda,ipanda50,giant panda,session_reid,v001,,5,24:v001,,
24_qixi/24_v002_f000105.jpg,24,550,train,panda,ipanda50,giant panda,session_reid,v002,,105,24:v002,,
24_qixi/24_v002_f000340.jpg,24,550,train,panda,ipanda50,giant panda,session_reid,v002,,340,24:v002,,
24_qixi/24_v002_f000395.jpg,24,550,train,panda,ipanda50,giant panda,session_reid,v002,,395,24:v002,,
24_qixi/24_v002_f000560.jpg,24,550,train,panda,ipanda50,giant panda,session_reid,v002,,560,24:v002,,
24_qixi/24_v002_f001230.jpg,24,550,train,panda,ipanda50,giant panda,session_reid,v002,,1230,24:v002,,
24_qixi/24_v003_f000005.jpg,24,551,train,panda,ipanda50,giant panda,session_reid,v003,,5,24:v003,,
24_qixi/24_v003_f001130.jpg,24,551,train,panda,ipanda50,giant panda,session_reid,v003,,1130,24:v003,,
24_qixi/24_v003_f001225.jpg,24,551,train,panda,ipanda50,giant panda,session_reid,v003,,1225,24:v003,,
24_qixi/24_v003_f001500.jpg,24,551,train,panda,ipanda50,giant panda,session_reid,v003,,1500,24:v003,,
24_qixi/24_v004_f000005.jpg,24,552,train,panda,ipanda50,giant panda,session_reid,v004,,5,24:v004,,
24_qixi/24_v004_f000330.jpg,24,552,train,panda,ipanda50,giant panda,session_reid,v004,,330,24:v004,,
24_qixi/24_v004_f000380.jpg,24,552,train,panda,ipanda50,giant panda,session_reid,v004,,380,24:v004,,
24_qixi/24_v004_f000405.jpg,24,552,train,panda,ipanda50,giant panda,session_reid,v004,,405,24:v004,,
24_qixi/24_v004_f000455.jpg,24,552,train,panda,ipanda50,giant panda,session_reid,v004,,455,24:v004,,
24_qixi/24_v004_f001280.jpg,24,552,train,panda,ipanda50,giant panda,session_reid,v004,,1280,24:v004,,
24_qixi/24_v004_f001465.jpg,24,552,train,panda,ipanda50,giant panda,session_reid,v004,,1465,24:v004,,
24_qixi/24_v005_f000005.jpg,24,553,train,panda,ipanda50,giant panda,session_reid,v005,,5,24:v005,,
24_qixi/24_v005_f000730.jpg,24,553,train,panda,ipanda50,giant panda,session_reid,v005,,730,24:v005,,
24_qixi/24_v005_f000830.jpg,24,553,train,panda,ipanda50,giant panda,session_reid,v005,,830,24:v005,,
24_qixi/24_v005_f000870.jpg,24,553,train,panda,ipanda50,giant panda,session_reid,v005,,870,24:v005,,
24_qixi/24_v005_f000905.jpg,24,553,train,panda,ipanda50,giant panda,session_reid,v005,,905,24:v005,,
24_qixi/24_v005_f001310.jpg,24,553,train,panda,ipanda50,giant panda,session_reid,v005,,1310,24:v005,,
24_qixi/24_v005_f001405.jpg,24,553,train,panda,ipanda50,giant panda,session_reid,v005,,1405,24:v005,,
24_qixi/24_v005_f001430.jpg,24,553,train,panda,ipanda50,giant panda,session_reid,v005,,1430,24:v005,,
24_qixi/24_v005_f001460.jpg,24,553,train,panda,ipanda50,giant panda,session_reid,v005,,1460,24:v005,,
24_qixi/24_v006_f000005.jpg,24,554,train,panda,ipanda50,giant panda,session_reid,v006,,5,24:v006,,
24_qixi/24_v006_f001285.jpg,24,554,train,panda,ipanda50,giant panda,session_reid,v006,,1285,24:v006,,
24_qixi/24_v006_f001660.jpg,24,554,train,panda,ipanda50,giant panda,session_reid,v006,,1660,24:v006,,
24_qixi/24_v006_f002225.jpg,24,554,train,panda,ipanda50,giant panda,session_reid,v006,,2225,24:v006,,
25_qiyi/25_v001_f000175.jpg,25,555,query,panda,ipanda50,giant panda,session_reid,v001,,175,25:v001,,
25_qiyi/25_v001_f000350.jpg,25,555,gallery,panda,ipanda50,giant panda,session_reid,v001,,350,25:v001,,
25_qiyi/25_v002_f004795.jpg,25,556,query,panda,ipanda50,giant panda,session_reid,v002,,4795,25:v002,,
25_qiyi/25_v003_f000055.jpg,25,557,query,panda,ipanda50,giant panda,session_reid,v003,,55,25:v003,,
25_qiyi/25_v003_f001555.jpg,25,557,gallery,panda,ipanda50,giant panda,session_reid,v003,,1555,25:v003,,
25_qiyi/25_v003_f002370.jpg,25,557,gallery,panda,ipanda50,giant panda,session_reid,v003,,2370,25:v003,,
25_qiyi/25_v005_f000005.jpg,25,558,query,panda,ipanda50,giant panda,session_reid,v005,,5,25:v005,,
25_qiyi/25_v005_f001405.jpg,25,558,gallery,panda,ipanda50,giant panda,session_reid,v005,,1405,25:v005,,
25_qiyi/25_v007_f000005.jpg,25,559,query,panda,ipanda50,giant panda,session_reid,v007,,5,25:v007,,
25_qiyi/25_v007_f000105.jpg,25,559,gallery,panda,ipanda50,giant panda,session_reid,v007,,105,25:v007,,
25_qiyi/25_v007_f000265.jpg,25,559,gallery,panda,ipanda50,giant panda,session_reid,v007,,265,25:v007,,
25_qiyi/25_v007_f000275.jpg,25,559,gallery,panda,ipanda50,giant panda,session_reid,v007,,275,25:v007,,
25_qiyi/25_v007_f000320.jpg,25,559,gallery,panda,ipanda50,giant panda,session_reid,v007,,320,25:v007,,
25_qiyi/25_v007_f000400.jpg,25,559,gallery,panda,ipanda50,giant panda,session_reid,v007,,400,25:v007,,
25_qiyi/25_v007_f000470.jpg,25,559,gallery,panda,ipanda50,giant panda,session_reid,v007,,470,25:v007,,
25_qiyi/25_v009_f000005.jpg,25,560,query,panda,ipanda50,giant panda,session_reid,v009,,5,25:v009,,
25_qiyi/25_v009_f000630.jpg,25,560,gallery,panda,ipanda50,giant panda,session_reid,v009,,630,25:v009,,
25_qiyi/25_v010_f000005.jpg,25,561,query,panda,ipanda50,giant panda,session_reid,v010,,5,25:v010,,
25_qiyi/25_v010_f001110.jpg,25,561,gallery,panda,ipanda50,giant panda,session_reid,v010,,1110,25:v010,,
25_qiyi/25_v010_f001185.jpg,25,561,gallery,panda,ipanda50,giant panda,session_reid,v010,,1185,25:v010,,
25_qiyi/25_v010_f001245.jpg,25,561,gallery,panda,ipanda50,giant panda,session_reid,v010,,1245,25:v010,,
25_qiyi/25_v010_f001275.jpg,25,561,gallery,panda,ipanda50,giant panda,session_reid,v010,,1275,25:v010,,
25_qiyi/25_v010_f001780.jpg,25,561,gallery,panda,ipanda50,giant panda,session_reid,v010,,1780,25:v010,,
25_qiyi/25_v010_f001855.jpg,25,561,gallery,panda,ipanda50,giant panda,session_reid,v010,,1855,25:v010,,
25_qiyi/25_v010_f002175.jpg,25,561,gallery,panda,ipanda50,giant panda,session_reid,v010,,2175,25:v010,,
25_qiyi/25_v011_f000530.jpg,25,562,query,panda,ipanda50,giant panda,session_reid,v011,,530,25:v011,,
25_qiyi/25_v015_f000005.jpg,25,563,query,panda,ipanda50,giant panda,session_reid,v015,,5,25:v015,,
25_qiyi/25_v015_f000680.jpg,25,563,gallery,panda,ipanda50,giant panda,session_reid,v015,,680,25:v015,,
25_qiyi/25_v017_f000005.jpg,25,564,query,panda,ipanda50,giant panda,session_reid,v017,,5,25:v017,,
25_qiyi/25_v017_f000335.jpg,25,564,gallery,panda,ipanda50,giant panda,session_reid,v017,,335,25:v017,,
25_qiyi/25_v017_f001850.jpg,25,564,gallery,panda,ipanda50,giant panda,session_reid,v017,,1850,25:v017,,
25_qiyi/25_v017_f001905.jpg,25,564,gallery,panda,ipanda50,giant panda,session_reid,v017,,1905,25:v017,,
25_qiyi/25_v018_f000005.jpg,25,565,query,panda,ipanda50,giant panda,session_reid,v018,,5,25:v018,,
25_qiyi/25_v018_f001895.jpg,25,565,gallery,panda,ipanda50,giant panda,session_reid,v018,,1895,25:v018,,
25_qiyi/25_v019_f001165.jpg,25,566,query,panda,ipanda50,giant panda,session_reid,v019,,1165,25:v019,,
25_qiyi/25_v019_f001430.jpg,25,566,gallery,panda,ipanda50,giant panda,session_reid,v019,,1430,25:v019,,
25_qiyi/25_v019_f001605.jpg,25,566,gallery,panda,ipanda50,giant panda,session_reid,v019,,1605,25:v019,,
25_qiyi/25_v019_f001645.jpg,25,566,gallery,panda,ipanda50,giant panda,session_reid,v019,,1645,25:v019,,
25_qiyi/25_v020_f000020.jpg,25,567,query,panda,ipanda50,giant panda,session_reid,v020,,20,25:v020,,
25_qiyi/25_v020_f000205.jpg,25,567,gallery,panda,ipanda50,giant panda,session_reid,v020,,205,25:v020,,
25_qiyi/25_v020_f000475.jpg,25,567,gallery,panda,ipanda50,giant panda,session_reid,v020,,475,25:v020,,
25_qiyi/25_v020_f001575.jpg,25,567,gallery,panda,ipanda50,giant panda,session_reid,v020,,1575,25:v020,,
25_qiyi/25_v022_f000755.jpg,25,568,query,panda,ipanda50,giant panda,session_reid,v022,,755,25:v022,,
25_qiyi/25_v022_f001135.jpg,25,568,gallery,panda,ipanda50,giant panda,session_reid,v022,,1135,25:v022,,
25_qiyi/25_v022_f001245.jpg,25,568,gallery,panda,ipanda50,giant panda,session_reid,v022,,1245,25:v022,,
25_qiyi/25_v023_f000685.jpg,25,569,query,panda,ipanda50,giant panda,session_reid,v023,,685,25:v023,,
25_qiyi/25_v024_f000005.jpg,25,570,query,panda,ipanda50,giant panda,session_reid,v024,,5,25:v024,,
25_qiyi/25_v024_f001615.jpg,25,570,gallery,panda,ipanda50,giant panda,session_reid,v024,,1615,25:v024,,
25_qiyi/25_v024_f001700.jpg,25,570,gallery,panda,ipanda50,giant panda,session_reid,v024,,1700,25:v024,,
25_qiyi/25_v026_f000265.jpg,25,571,query,panda,ipanda50,giant panda,session_reid,v026,,265,25:v026,,
25_qiyi/25_v026_f001535.jpg,25,571,gallery,panda,ipanda50,giant panda,session_reid,v026,,1535,25:v026,,
25_qiyi/25_v030_f000415.jpg,25,572,query,panda,ipanda50,giant panda,session_reid,v030,,415,25:v030,,
25_qiyi/25_v030_f000485.jpg,25,572,gallery,panda,ipanda50,giant panda,session_reid,v030,,485,25:v030,,
25_qiyi/25_v031_f000005.jpg,25,573,query,panda,ipanda50,giant panda,session_reid,v031,,5,25:v031,,
25_qiyi/25_v032_f000060.jpg,25,574,query,panda,ipanda50,giant panda,session_reid,v032,,60,25:v032,,
25_qiyi/25_v032_f000385.jpg,25,574,gallery,panda,ipanda50,giant panda,session_reid,v032,,385,25:v032,,
25_qiyi/25_v032_f000685.jpg,25,574,gallery,panda,ipanda50,giant panda,session_reid,v032,,685,25:v032,,
25_qiyi/25_v034_f000005.jpg,25,575,query,panda,ipanda50,giant panda,session_reid,v034,,5,25:v034,,
25_qiyi/25_v034_f001135.jpg,25,575,gallery,panda,ipanda50,giant panda,session_reid,v034,,1135,25:v034,,
25_qiyi/25_v034_f001740.jpg,25,575,gallery,panda,ipanda50,giant panda,session_reid,v034,,1740,25:v034,,
25_qiyi/25_v034_f002815.jpg,25,575,gallery,panda,ipanda50,giant panda,session_reid,v034,,2815,25:v034,,
25_qiyi/25_v035_f000175.jpg,25,576,query,panda,ipanda50,giant panda,session_reid,v035,,175,25:v035,,
25_qiyi/25_v035_f000305.jpg,25,576,gallery,panda,ipanda50,giant panda,session_reid,v035,,305,25:v035,,
25_qiyi/25_v035_f000680.jpg,25,576,gallery,panda,ipanda50,giant panda,session_reid,v035,,680,25:v035,,
25_qiyi/25_v037_f002795.jpg,25,577,query,panda,ipanda50,giant panda,session_reid,v037,,2795,25:v037,,
25_qiyi/25_v037_f002925.jpg,25,577,gallery,panda,ipanda50,giant panda,session_reid,v037,,2925,25:v037,,
25_qiyi/25_v038_f000490.jpg,25,578,query,panda,ipanda50,giant panda,session_reid,v038,,490,25:v038,,
25_qiyi/25_v043_f000005.jpg,25,579,query,panda,ipanda50,giant panda,session_reid,v043,,5,25:v043,,
25_qiyi/25_v043_f000370.jpg,25,579,gallery,panda,ipanda50,giant panda,session_reid,v043,,370,25:v043,,
25_qiyi/25_v051_f000005.jpg,25,580,query,panda,ipanda50,giant panda,session_reid,v051,,5,25:v051,,
25_qiyi/25_v051_f000330.jpg,25,580,gallery,panda,ipanda50,giant panda,session_reid,v051,,330,25:v051,,
25_qiyi/25_v051_f000355.jpg,25,580,gallery,panda,ipanda50,giant panda,session_reid,v051,,355,25:v051,,
25_qiyi/25_v051_f000775.jpg,25,580,gallery,panda,ipanda50,giant panda,session_reid,v051,,775,25:v051,,
25_qiyi/25_v051_f001075.jpg,25,580,gallery,panda,ipanda50,giant panda,session_reid,v051,,1075,25:v051,,
25_qiyi/25_v052_f000005.jpg,25,581,query,panda,ipanda50,giant panda,session_reid,v052,,5,25:v052,,
25_qiyi/25_v052_f000150.jpg,25,581,gallery,panda,ipanda50,giant panda,session_reid,v052,,150,25:v052,,
25_qiyi/25_v052_f000175.jpg,25,581,gallery,panda,ipanda50,giant panda,session_reid,v052,,175,25:v052,,
25_qiyi/25_v052_f002305.jpg,25,581,gallery,panda,ipanda50,giant panda,session_reid,v052,,2305,25:v052,,
26_qiyuan/26_v003_f000045.jpg,26,582,query,panda,ipanda50,giant panda,session_reid,v003,,45,26:v003,,
26_qiyuan/26_v003_f000655.jpg,26,582,gallery,panda,ipanda50,giant panda,session_reid,v003,,655,26:v003,,
26_qiyuan/26_v005_f000230.jpg,26,583,query,panda,ipanda50,giant panda,session_reid,v005,,230,26:v005,,
26_qiyuan/26_v005_f001485.jpg,26,583,gallery,panda,ipanda50,giant panda,session_reid,v005,,1485,26:v005,,
26_qiyuan/26_v006_f000050.jpg,26,584,query,panda,ipanda50,giant panda,session_reid,v006,,50,26:v006,,
26_qiyuan/26_v006_f006970.jpg,26,584,gallery,panda,ipanda50,giant panda,session_reid,v006,,6970,26:v006,,
26_qiyuan/26_v009_f000005.jpg,26,585,query,panda,ipanda50,giant panda,session_reid,v009,,5,26:v009,,
26_qiyuan/26_v009_f000890.jpg,26,585,gallery,panda,ipanda50,giant panda,session_reid,v009,,890,26:v009,,
26_qiyuan/26_v010_f000335.jpg,26,586,query,panda,ipanda50,giant panda,session_reid,v010,,335,26:v010,,
26_qiyuan/26_v010_f000350.jpg,26,586,gallery,panda,ipanda50,giant panda,session_reid,v010,,350,26:v010,,
26_qiyuan/26_v010_f000435.jpg,26,586,gallery,panda,ipanda50,giant panda,session_reid,v010,,435,26:v010,,
26_qiyuan/26_v010_f000545.jpg,26,586,gallery,panda,ipanda50,giant panda,session_reid,v010,,545,26:v010,,
26_qiyuan/26_v011_f000045.jpg,26,587,query,panda,ipanda50,giant panda,session_reid,v011,,45,26:v011,,
26_qiyuan/26_v011_f003510.jpg,26,587,gallery,panda,ipanda50,giant panda,session_reid,v011,,3510,26:v011,,
26_qiyuan/26_v013_f000005.jpg,26,588,query,panda,ipanda50,giant panda,session_reid,v013,,5,26:v013,,
26_qiyuan/26_v013_f005610.jpg,26,588,gallery,panda,ipanda50,giant panda,session_reid,v013,,5610,26:v013,,
26_qiyuan/26_v013_f009010.jpg,26,588,gallery,panda,ipanda50,giant panda,session_reid,v013,,9010,26:v013,,
26_qiyuan/26_v014_f000090.jpg,26,589,query,panda,ipanda50,giant panda,session_reid,v014,,90,26:v014,,
26_qiyuan/26_v015_f000125.jpg,26,590,query,panda,ipanda50,giant panda,session_reid,v015,,125,26:v015,,
26_qiyuan/26_v015_f000775.jpg,26,590,gallery,panda,ipanda50,giant panda,session_reid,v015,,775,26:v015,,
26_qiyuan/26_v017_f000050.jpg,26,591,query,panda,ipanda50,giant panda,session_reid,v017,,50,26:v017,,
26_qiyuan/26_v017_f000535.jpg,26,591,gallery,panda,ipanda50,giant panda,session_reid,v017,,535,26:v017,,
26_qiyuan/26_v018_f000005.jpg,26,592,query,panda,ipanda50,giant panda,session_reid,v018,,5,26:v018,,
26_qiyuan/26_v018_f000490.jpg,26,592,gallery,panda,ipanda50,giant panda,session_reid,v018,,490,26:v018,,
26_qiyuan/26_v018_f000595.jpg,26,592,gallery,panda,ipanda50,giant panda,session_reid,v018,,595,26:v018,,
26_qiyuan/26_v018_f002690.jpg,26,592,gallery,panda,ipanda50,giant panda,session_reid,v018,,2690,26:v018,,
26_qiyuan/26_v018_f002730.jpg,26,592,gallery,panda,ipanda50,giant panda,session_reid,v018,,2730,26:v018,,
26_qiyuan/26_v018_f002920.jpg,26,592,gallery,panda,ipanda50,giant panda,session_reid,v018,,2920,26:v018,,
26_qiyuan/26_v020_f000005.jpg,26,593,query,panda,ipanda50,giant panda,session_reid,v020,,5,26:v020,,
26_qiyuan/26_v020_f001555.jpg,26,593,gallery,panda,ipanda50,giant panda,session_reid,v020,,1555,26:v020,,
26_qiyuan/26_v020_f001730.jpg,26,593,gallery,panda,ipanda50,giant panda,session_reid,v020,,1730,26:v020,,
26_qiyuan/26_v020_f001755.jpg,26,593,gallery,panda,ipanda50,giant panda,session_reid,v020,,1755,26:v020,,
26_qiyuan/26_v020_f001880.jpg,26,593,gallery,panda,ipanda50,giant panda,session_reid,v020,,1880,26:v020,,
26_qiyuan/26_v020_f001955.jpg,26,593,gallery,panda,ipanda50,giant panda,session_reid,v020,,1955,26:v020,,
26_qiyuan/26_v021_f000045.jpg,26,594,query,panda,ipanda50,giant panda,session_reid,v021,,45,26:v021,,
26_qiyuan/26_v021_f000385.jpg,26,594,gallery,panda,ipanda50,giant panda,session_reid,v021,,385,26:v021,,
26_qiyuan/26_v022_f001980.jpg,26,595,query,panda,ipanda50,giant panda,session_reid,v022,,1980,26:v022,,
26_qiyuan/26_v022_f003240.jpg,26,595,gallery,panda,ipanda50,giant panda,session_reid,v022,,3240,26:v022,,
26_qiyuan/26_v023_f001180.jpg,26,596,query,panda,ipanda50,giant panda,session_reid,v023,,1180,26:v023,,
26_qiyuan/26_v023_f001435.jpg,26,596,gallery,panda,ipanda50,giant panda,session_reid,v023,,1435,26:v023,,
26_qiyuan/26_v023_f001620.jpg,26,596,gallery,panda,ipanda50,giant panda,session_reid,v023,,1620,26:v023,,
26_qiyuan/26_v023_f003275.jpg,26,596,gallery,panda,ipanda50,giant panda,session_reid,v023,,3275,26:v023,,
26_qiyuan/26_v023_f003360.jpg,26,596,gallery,panda,ipanda50,giant panda,session_reid,v023,,3360,26:v023,,
26_qiyuan/26_v023_f003380.jpg,26,596,gallery,panda,ipanda50,giant panda,session_reid,v023,,3380,26:v023,,
26_qiyuan/26_v023_f003410.jpg,26,596,gallery,panda,ipanda50,giant panda,session_reid,v023,,3410,26:v023,,
26_qiyuan/26_v023_f004740.jpg,26,596,gallery,panda,ipanda50,giant panda,session_reid,v023,,4740,26:v023,,
26_qiyuan/26_v024_f000130.jpg,26,597,query,panda,ipanda50,giant panda,session_reid,v024,,130,26:v024,,
26_qiyuan/26_v024_f000325.jpg,26,597,gallery,panda,ipanda50,giant panda,session_reid,v024,,325,26:v024,,
26_qiyuan/26_v024_f000765.jpg,26,597,gallery,panda,ipanda50,giant panda,session_reid,v024,,765,26:v024,,
26_qiyuan/26_v025_f000450.jpg,26,598,query,panda,ipanda50,giant panda,session_reid,v025,,450,26:v025,,
26_qiyuan/26_v025_f002160.jpg,26,598,gallery,panda,ipanda50,giant panda,session_reid,v025,,2160,26:v025,,
26_qiyuan/26_v026_f000375.jpg,26,599,query,panda,ipanda50,giant panda,session_reid,v026,,375,26:v026,,
26_qiyuan/26_v026_f000500.jpg,26,599,gallery,panda,ipanda50,giant panda,session_reid,v026,,500,26:v026,,
26_qiyuan/26_v027_f000060.jpg,26,600,query,panda,ipanda50,giant panda,session_reid,v027,,60,26:v027,,
26_qiyuan/26_v028_f000600.jpg,26,601,query,panda,ipanda50,giant panda,session_reid,v028,,600,26:v028,,
26_qiyuan/26_v028_f004440.jpg,26,601,gallery,panda,ipanda50,giant panda,session_reid,v028,,4440,26:v028,,
26_qiyuan/26_v029_f000030.jpg,26,602,query,panda,ipanda50,giant panda,session_reid,v029,,30,26:v029,,
26_qiyuan/26_v029_f000610.jpg,26,602,gallery,panda,ipanda50,giant panda,session_reid,v029,,610,26:v029,,
26_qiyuan/26_v029_f007120.jpg,26,602,gallery,panda,ipanda50,giant panda,session_reid,v029,,7120,26:v029,,
26_qiyuan/26_v030_f000130.jpg,26,603,query,panda,ipanda50,giant panda,session_reid,v030,,130,26:v030,,
26_qiyuan/26_v030_f000610.jpg,26,603,gallery,panda,ipanda50,giant panda,session_reid,v030,,610,26:v030,,
26_qiyuan/26_v030_f001635.jpg,26,603,gallery,panda,ipanda50,giant panda,session_reid,v030,,1635,26:v030,,
26_qiyuan/26_v030_f001985.jpg,26,603,gallery,panda,ipanda50,giant panda,session_reid,v030,,1985,26:v030,,
26_qiyuan/26_v030_f002085.jpg,26,603,gallery,panda,ipanda50,giant panda,session_reid,v030,,2085,26:v030,,
26_qiyuan/26_v030_f004515.jpg,26,603,gallery,panda,ipanda50,giant panda,session_reid,v030,,4515,26:v030,,
26_qiyuan/26_v031_f002790.jpg,26,604,query,panda,ipanda50,giant panda,session_reid,v031,,2790,26:v031,,
26_qiyuan/26_v032_f000360.jpg,26,605,query,panda,ipanda50,giant panda,session_reid,v032,,360,26:v032,,
26_qiyuan/26_v032_f002220.jpg,26,605,gallery,panda,ipanda50,giant panda,session_reid,v032,,2220,26:v032,,
26_qiyuan/26_v033_f000110.jpg,26,606,query,panda,ipanda50,giant panda,session_reid,v033,,110,26:v033,,
26_qiyuan/26_v033_f001955.jpg,26,606,gallery,panda,ipanda50,giant panda,session_reid,v033,,1955,26:v033,,
26_qiyuan/26_v034_f000190.jpg,26,607,query,panda,ipanda50,giant panda,session_reid,v034,,190,26:v034,,
26_qiyuan/26_v035_f000150.jpg,26,608,query,panda,ipanda50,giant panda,session_reid,v035,,150,26:v035,,
26_qiyuan/26_v036_f000195.jpg,26,609,query,panda,ipanda50,giant panda,session_reid,v036,,195,26:v036,,
26_qiyuan/26_v037_f000115.jpg,26,610,query,panda,ipanda50,giant panda,session_reid,v037,,115,26:v037,,
26_qiyuan/26_v037_f000520.jpg,26,610,gallery,panda,ipanda50,giant panda,session_reid,v037,,520,26:v037,,
26_qiyuan/26_v037_f003940.jpg,26,610,gallery,panda,ipanda50,giant panda,session_reid,v037,,3940,26:v037,,
26_qiyuan/26_v038_f000090.jpg,26,611,query,panda,ipanda50,giant panda,session_reid,v038,,90,26:v038,,
26_qiyuan/26_v038_f002070.jpg,26,611,gallery,panda,ipanda50,giant panda,session_reid,v038,,2070,26:v038,,
26_qiyuan/26_v039_f001080.jpg,26,612,query,panda,ipanda50,giant panda,session_reid,v039,,1080,26:v039,,
26_qiyuan/26_v039_f002760.jpg,26,612,gallery,panda,ipanda50,giant panda,session_reid,v039,,2760,26:v039,,
26_qiyuan/26_v040_f000540.jpg,26,613,query,panda,ipanda50,giant panda,session_reid,v040,,540,26:v040,,
26_qiyuan/26_v040_f002350.jpg,26,613,gallery,panda,ipanda50,giant panda,session_reid,v040,,2350,26:v040,,
26_qiyuan/26_v040_f002675.jpg,26,613,gallery,panda,ipanda50,giant panda,session_reid,v040,,2675,26:v040,,
26_qiyuan/26_v041_f001320.jpg,26,614,query,panda,ipanda50,giant panda,session_reid,v041,,1320,26:v041,,
26_qiyuan/26_v041_f003240.jpg,26,614,gallery,panda,ipanda50,giant panda,session_reid,v041,,3240,26:v041,,
26_qiyuan/26_v041_f003480.jpg,26,614,gallery,panda,ipanda50,giant panda,session_reid,v041,,3480,26:v041,,
26_qiyuan/26_v042_f000660.jpg,26,615,query,panda,ipanda50,giant panda,session_reid,v042,,660,26:v042,,
26_qiyuan/26_v043_f000565.jpg,26,616,query,panda,ipanda50,giant panda,session_reid,v043,,565,26:v043,,
26_qiyuan/26_v043_f001215.jpg,26,616,gallery,panda,ipanda50,giant panda,session_reid,v043,,1215,26:v043,,
26_qiyuan/26_v044_f001450.jpg,26,617,query,panda,ipanda50,giant panda,session_reid,v044,,1450,26:v044,,
26_qiyuan/26_v045_f002840.jpg,26,618,query,panda,ipanda50,giant panda,session_reid,v045,,2840,26:v045,,
26_qiyuan/26_v046_f000685.jpg,26,619,query,panda,ipanda50,giant panda,session_reid,v046,,685,26:v046,,
26_qiyuan/26_v047_f001250.jpg,26,620,query,panda,ipanda50,giant panda,session_reid,v047,,1250,26:v047,,
26_qiyuan/26_v049_f000295.jpg,26,621,query,panda,ipanda50,giant panda,session_reid,v049,,295,26:v049,,
26_qiyuan/26_v049_f000345.jpg,26,621,gallery,panda,ipanda50,giant panda,session_reid,v049,,345,26:v049,,
26_qiyuan/26_v049_f000360.jpg,26,621,gallery,panda,ipanda50,giant panda,session_reid,v049,,360,26:v049,,
26_qiyuan/26_v050_f000115.jpg,26,622,query,panda,ipanda50,giant panda,session_reid,v050,,115,26:v050,,
26_qiyuan/26_v051_f000005.jpg,26,623,query,panda,ipanda50,giant panda,session_reid,v051,,5,26:v051,,
26_qiyuan/26_v051_f000245.jpg,26,623,gallery,panda,ipanda50,giant panda,session_reid,v051,,245,26:v051,,
26_qiyuan/26_v051_f000605.jpg,26,623,gallery,panda,ipanda50,giant panda,session_reid,v051,,605,26:v051,,
26_qiyuan/26_v052_f000005.jpg,26,624,query,panda,ipanda50,giant panda,session_reid,v052,,5,26:v052,,
26_qiyuan/26_v052_f000680.jpg,26,624,gallery,panda,ipanda50,giant panda,session_reid,v052,,680,26:v052,,
26_qiyuan/26_v052_f001095.jpg,26,624,gallery,panda,ipanda50,giant panda,session_reid,v052,,1095,26:v052,,
26_qiyuan/26_v052_f001185.jpg,26,624,gallery,panda,ipanda50,giant panda,session_reid,v052,,1185,26:v052,,
26_qiyuan/26_v052_f001330.jpg,26,624,gallery,panda,ipanda50,giant panda,session_reid,v052,,1330,26:v052,,
26_qiyuan/26_v052_f001570.jpg,26,624,gallery,panda,ipanda50,giant panda,session_reid,v052,,1570,26:v052,,
26_qiyuan/26_v052_f001660.jpg,26,624,gallery,panda,ipanda50,giant panda,session_reid,v052,,1660,26:v052,,
26_qiyuan/26_v052_f001900.jpg,26,624,gallery,panda,ipanda50,giant panda,session_reid,v052,,1900,26:v052,,
26_qiyuan/26_v052_f002130.jpg,26,624,gallery,panda,ipanda50,giant panda,session_reid,v052,,2130,26:v052,,
26_qiyuan/26_v052_f002325.jpg,26,624,gallery,panda,ipanda50,giant panda,session_reid,v052,,2325,26:v052,,
26_qiyuan/26_v052_f002445.jpg,26,624,gallery,panda,ipanda50,giant panda,session_reid,v052,,2445,26:v052,,
26_qiyuan/26_v055_f000490.jpg,26,625,query,panda,ipanda50,giant panda,session_reid,v055,,490,26:v055,,
26_qiyuan/26_v056_f000355.jpg,26,626,query,panda,ipanda50,giant panda,session_reid,v056,,355,26:v056,,
26_qiyuan/26_v056_f004040.jpg,26,626,gallery,panda,ipanda50,giant panda,session_reid,v056,,4040,26:v056,,
26_qiyuan/26_v056_f004190.jpg,26,626,gallery,panda,ipanda50,giant panda,session_reid,v056,,4190,26:v056,,
26_qiyuan/26_v057_f000510.jpg,26,627,query,panda,ipanda50,giant panda,session_reid,v057,,510,26:v057,,
26_qiyuan/26_v057_f003145.jpg,26,627,gallery,panda,ipanda50,giant panda,session_reid,v057,,3145,26:v057,,
26_qiyuan/26_v058_f000850.jpg,26,628,query,panda,ipanda50,giant panda,session_reid,v058,,850,26:v058,,
26_qiyuan/26_v059_f000510.jpg,26,629,query,panda,ipanda50,giant panda,session_reid,v059,,510,26:v059,,
26_qiyuan/26_v059_f003910.jpg,26,629,gallery,panda,ipanda50,giant panda,session_reid,v059,,3910,26:v059,,
26_qiyuan/26_v059_f009010.jpg,26,629,gallery,panda,ipanda50,giant panda,session_reid,v059,,9010,26:v059,,
26_qiyuan/26_v060_f000120.jpg,26,630,query,panda,ipanda50,giant panda,session_reid,v060,,120,26:v060,,
26_qiyuan/26_v060_f000600.jpg,26,630,gallery,panda,ipanda50,giant panda,session_reid,v060,,600,26:v060,,
26_qiyuan/26_v061_f002280.jpg,26,631,query,panda,ipanda50,giant panda,session_reid,v061,,2280,26:v061,,
26_qiyuan/26_v061_f003180.jpg,26,631,gallery,panda,ipanda50,giant panda,session_reid,v061,,3180,26:v061,,
26_qiyuan/26_v062_f000005.jpg,26,632,query,panda,ipanda50,giant panda,session_reid,v062,,5,26:v062,,
26_qiyuan/26_v062_f000110.jpg,26,632,gallery,panda,ipanda50,giant panda,session_reid,v062,,110,26:v062,,
26_qiyuan/26_v062_f001165.jpg,26,632,gallery,panda,ipanda50,giant panda,session_reid,v062,,1165,26:v062,,
26_qiyuan/26_v062_f003715.jpg,26,632,gallery,panda,ipanda50,giant panda,session_reid,v062,,3715,26:v062,,
26_qiyuan/26_v064_f000005.jpg,26,633,query,panda,ipanda50,giant panda,session_reid,v064,,5,26:v064,,
26_qiyuan/26_v065_f005950.jpg,26,634,query,panda,ipanda50,giant panda,session_reid,v065,,5950,26:v065,,
26_qiyuan/26_v066_f000005.jpg,26,635,query,panda,ipanda50,giant panda,session_reid,v066,,5,26:v066,,
26_qiyuan/26_v068_f000385.jpg,26,636,query,panda,ipanda50,giant panda,session_reid,v068,,385,26:v068,,
26_qiyuan/26_v068_f001240.jpg,26,636,gallery,panda,ipanda50,giant panda,session_reid,v068,,1240,26:v068,,
26_qiyuan/26_v069_f000835.jpg,26,637,query,panda,ipanda50,giant panda,session_reid,v069,,835,26:v069,,
26_qiyuan/26_v070_f000005.jpg,26,638,query,panda,ipanda50,giant panda,session_reid,v070,,5,26:v070,,
26_qiyuan/26_v071_f000005.jpg,26,639,query,panda,ipanda50,giant panda,session_reid,v071,,5,26:v071,,
26_qiyuan/26_v071_f000865.jpg,26,639,gallery,panda,ipanda50,giant panda,session_reid,v071,,865,26:v071,,
26_qiyuan/26_v076_f000005.jpg,26,640,query,panda,ipanda50,giant panda,session_reid,v076,,5,26:v076,,
26_qiyuan/26_v077_f005970.jpg,26,641,query,panda,ipanda50,giant panda,session_reid,v077,,5970,26:v077,,
26_qiyuan/26_v077_f007385.jpg,26,641,gallery,panda,ipanda50,giant panda,session_reid,v077,,7385,26:v077,,
26_qiyuan/26_v079_f000005.jpg,26,642,query,panda,ipanda50,giant panda,session_reid,v079,,5,26:v079,,
26_qiyuan/26_v079_f000595.jpg,26,642,gallery,panda,ipanda50,giant panda,session_reid,v079,,595,26:v079,,
26_qiyuan/26_v079_f001110.jpg,26,642,gallery,panda,ipanda50,giant panda,session_reid,v079,,1110,26:v079,,
26_qiyuan/26_v082_f000005.jpg,26,643,query,panda,ipanda50,giant panda,session_reid,v082,,5,26:v082,,
26_qiyuan/26_v082_f000155.jpg,26,643,gallery,panda,ipanda50,giant panda,session_reid,v082,,155,26:v082,,
26_qiyuan/26_v082_f000795.jpg,26,643,gallery,panda,ipanda50,giant panda,session_reid,v082,,795,26:v082,,
26_qiyuan/26_v082_f001130.jpg,26,643,gallery,panda,ipanda50,giant panda,session_reid,v082,,1130,26:v082,,
26_qiyuan/26_v082_f001320.jpg,26,643,gallery,panda,ipanda50,giant panda,session_reid,v082,,1320,26:v082,,
26_qiyuan/26_v082_f002495.jpg,26,643,gallery,panda,ipanda50,giant panda,session_reid,v082,,2495,26:v082,,
26_qiyuan/26_v082_f003080.jpg,26,643,gallery,panda,ipanda50,giant panda,session_reid,v082,,3080,26:v082,,
26_qiyuan/26_v082_f003680.jpg,26,643,gallery,panda,ipanda50,giant panda,session_reid,v082,,3680,26:v082,,
26_qiyuan/26_v082_f004705.jpg,26,643,gallery,panda,ipanda50,giant panda,session_reid,v082,,4705,26:v082,,
26_qiyuan/26_v082_f004805.jpg,26,643,gallery,panda,ipanda50,giant panda,session_reid,v082,,4805,26:v082,,
26_qiyuan/26_v083_f000665.jpg,26,644,query,panda,ipanda50,giant panda,session_reid,v083,,665,26:v083,,
26_qiyuan/26_v086_f000005.jpg,26,645,query,panda,ipanda50,giant panda,session_reid,v086,,5,26:v086,,
26_qiyuan/26_v089_f000100.jpg,26,646,query,panda,ipanda50,giant panda,session_reid,v089,,100,26:v089,,
26_qiyuan/26_v090_f000110.jpg,26,647,query,panda,ipanda50,giant panda,session_reid,v090,,110,26:v090,,
26_qiyuan/26_v092_f000110.jpg,26,648,query,panda,ipanda50,giant panda,session_reid,v092,,110,26:v092,,
26_qiyuan/26_v092_f000250.jpg,26,648,gallery,panda,ipanda50,giant panda,session_reid,v092,,250,26:v092,,
26_qiyuan/26_v094_f000005.jpg,26,649,query,panda,ipanda50,giant panda,session_reid,v094,,5,26:v094,,
26_qiyuan/26_v094_f000255.jpg,26,649,gallery,panda,ipanda50,giant panda,session_reid,v094,,255,26:v094,,
26_qiyuan/26_v094_f000345.jpg,26,649,gallery,panda,ipanda50,giant panda,session_reid,v094,,345,26:v094,,
26_qiyuan/26_v094_f000370.jpg,26,649,gallery,panda,ipanda50,giant panda,session_reid,v094,,370,26:v094,,
26_qiyuan/26_v094_f000440.jpg,26,649,gallery,panda,ipanda50,giant panda,session_reid,v094,,440,26:v094,,
26_qiyuan/26_v094_f000470.jpg,26,649,gallery,panda,ipanda50,giant panda,session_reid,v094,,470,26:v094,,
26_qiyuan/26_v094_f000915.jpg,26,649,gallery,panda,ipanda50,giant panda,session_reid,v094,,915,26:v094,,
26_qiyuan/26_v094_f000960.jpg,26,649,gallery,panda,ipanda50,giant panda,session_reid,v094,,960,26:v094,,
26_qiyuan/26_v094_f000985.jpg,26,649,gallery,panda,ipanda50,giant panda,session_reid,v094,,985,26:v094,,
26_qiyuan/26_v094_f001005.jpg,26,649,gallery,panda,ipanda50,giant panda,session_reid,v094,,1005,26:v094,,
26_qiyuan/26_v094_f001385.jpg,26,649,gallery,panda,ipanda50,giant panda,session_reid,v094,,1385,26:v094,,
26_qiyuan/26_v096_f000020.jpg,26,650,query,panda,ipanda50,giant panda,session_reid,v096,,20,26:v096,,
26_qiyuan/26_v096_f000190.jpg,26,650,gallery,panda,ipanda50,giant panda,session_reid,v096,,190,26:v096,,
26_qiyuan/26_v096_f000270.jpg,26,650,gallery,panda,ipanda50,giant panda,session_reid,v096,,270,26:v096,,
26_qiyuan/26_v096_f001075.jpg,26,650,gallery,panda,ipanda50,giant panda,session_reid,v096,,1075,26:v096,,
26_qiyuan/26_v096_f010430.jpg,26,650,gallery,panda,ipanda50,giant panda,session_reid,v096,,10430,26:v096,,
26_qiyuan/26_v096_f011315.jpg,26,650,gallery,panda,ipanda50,giant panda,session_reid,v096,,11315,26:v096,,
26_qiyuan/26_v096_f014980.jpg,26,650,gallery,panda,ipanda50,giant panda,session_reid,v096,,14980,26:v096,,
26_qiyuan/26_v099_f000005.jpg,26,651,query,panda,ipanda50,giant panda,session_reid,v099,,5,26:v099,,
26_qiyuan/26_v099_f001835.jpg,26,651,gallery,panda,ipanda50,giant panda,session_reid,v099,,1835,26:v099,,
26_qiyuan/26_v108_f000755.jpg,26,652,query,panda,ipanda50,giant panda,session_reid,v108,,755,26:v108,,
26_qiyuan/26_v111_f000005.jpg,26,653,query,panda,ipanda50,giant panda,session_reid,v111,,5,26:v111,,
26_qiyuan/26_v113_f001240.jpg,26,654,query,panda,ipanda50,giant panda,session_reid,v113,,1240,26:v113,,
26_qiyuan/26_v113_f002040.jpg,26,654,gallery,panda,ipanda50,giant panda,session_reid,v113,,2040,26:v113,,
26_qiyuan/26_v113_f003315.jpg,26,654,gallery,panda,ipanda50,giant panda,session_reid,v113,,3315,26:v113,,
26_qiyuan/26_v113_f003390.jpg,26,654,gallery,panda,ipanda50,giant panda,session_reid,v113,,3390,26:v113,,
26_qiyuan/26_v113_f003875.jpg,26,654,gallery,panda,ipanda50,giant panda,session_reid,v113,,3875,26:v113,,
26_qiyuan/26_v114_f000005.jpg,26,655,query,panda,ipanda50,giant panda,session_reid,v114,,5,26:v114,,
26_qiyuan/26_v114_f000630.jpg,26,655,gallery,panda,ipanda50,giant panda,session_reid,v114,,630,26:v114,,
26_qiyuan/26_v118_f000005.jpg,26,656,query,panda,ipanda50,giant panda,session_reid,v118,,5,26:v118,,
26_qiyuan/26_v119_f001000.jpg,26,657,query,panda,ipanda50,giant panda,session_reid,v119,,1000,26:v119,,
26_qiyuan/26_v120_f000005.jpg,26,658,query,panda,ipanda50,giant panda,session_reid,v120,,5,26:v120,,
26_qiyuan/26_v120_f000060.jpg,26,658,gallery,panda,ipanda50,giant panda,session_reid,v120,,60,26:v120,,
26_qiyuan/26_v120_f000895.jpg,26,658,gallery,panda,ipanda50,giant panda,session_reid,v120,,895,26:v120,,
26_qiyuan/26_v121_f000115.jpg,26,659,query,panda,ipanda50,giant panda,session_reid,v121,,115,26:v121,,
26_qiyuan/26_v121_f000755.jpg,26,659,gallery,panda,ipanda50,giant panda,session_reid,v121,,755,26:v121,,
26_qiyuan/26_v121_f001160.jpg,26,659,gallery,panda,ipanda50,giant panda,session_reid,v121,,1160,26:v121,,
26_qiyuan/26_v121_f002985.jpg,26,659,gallery,panda,ipanda50,giant panda,session_reid,v121,,2985,26:v121,,
26_qiyuan/26_v121_f011145.jpg,26,659,gallery,panda,ipanda50,giant panda,session_reid,v121,,11145,26:v121,,
26_qiyuan/26_v124_f001630.jpg,26,660,query,panda,ipanda50,giant panda,session_reid,v124,,1630,26:v124,,
26_qiyuan/26_v124_f001645.jpg,26,660,gallery,panda,ipanda50,giant panda,session_reid,v124,,1645,26:v124,,
26_qiyuan/26_v126_f000020.jpg,26,661,query,panda,ipanda50,giant panda,session_reid,v126,,20,26:v126,,
26_qiyuan/26_v126_f000375.jpg,26,661,gallery,panda,ipanda50,giant panda,session_reid,v126,,375,26:v126,,
26_qiyuan/26_v126_f000740.jpg,26,661,gallery,panda,ipanda50,giant panda,session_reid,v126,,740,26:v126,,
26_qiyuan/26_v126_f001230.jpg,26,661,gallery,panda,ipanda50,giant panda,session_reid,v126,,1230,26:v126,,
26_qiyuan/26_v126_f002355.jpg,26,661,gallery,panda,ipanda50,giant panda,session_reid,v126,,2355,26:v126,,
26_qiyuan/26_v127_f000005.jpg,26,662,query,panda,ipanda50,giant panda,session_reid,v127,,5,26:v127,,
26_qiyuan/26_v128_f000560.jpg,26,663,query,panda,ipanda50,giant panda,session_reid,v128,,560,26:v128,,
26_qiyuan/26_v128_f000755.jpg,26,663,gallery,panda,ipanda50,giant panda,session_reid,v128,,755,26:v128,,
26_qiyuan/26_v128_f000870.jpg,26,663,gallery,panda,ipanda50,giant panda,session_reid,v128,,870,26:v128,,
26_qiyuan/26_v128_f001750.jpg,26,663,gallery,panda,ipanda50,giant panda,session_reid,v128,,1750,26:v128,,
26_qiyuan/26_v128_f002410.jpg,26,663,gallery,panda,ipanda50,giant panda,session_reid,v128,,2410,26:v128,,
26_qiyuan/26_v129_f000020.jpg,26,664,query,panda,ipanda50,giant panda,session_reid,v129,,20,26:v129,,
26_qiyuan/26_v129_f000110.jpg,26,664,gallery,panda,ipanda50,giant panda,session_reid,v129,,110,26:v129,,
26_qiyuan/26_v135_f000025.jpg,26,665,query,panda,ipanda50,giant panda,session_reid,v135,,25,26:v135,,
26_qiyuan/26_v141_f000005.jpg,26,666,query,panda,ipanda50,giant panda,session_reid,v141,,5,26:v141,,
26_qiyuan/26_v141_f018630.jpg,26,666,gallery,panda,ipanda50,giant panda,session_reid,v141,,18630,26:v141,,
26_qiyuan/26_v141_f019995.jpg,26,666,gallery,panda,ipanda50,giant panda,session_reid,v141,,19995,26:v141,,
26_qiyuan/26_v141_f020570.jpg,26,666,gallery,panda,ipanda50,giant panda,session_reid,v141,,20570,26:v141,,
26_qiyuan/26_v151_f000110.jpg,26,667,query,panda,ipanda50,giant panda,session_reid,v151,,110,26:v151,,
26_qiyuan/26_v151_f000275.jpg,26,667,gallery,panda,ipanda50,giant panda,session_reid,v151,,275,26:v151,,
26_qiyuan/26_v151_f000435.jpg,26,667,gallery,panda,ipanda50,giant panda,session_reid,v151,,435,26:v151,,
26_qiyuan/26_v151_f001865.jpg,26,667,gallery,panda,ipanda50,giant panda,session_reid,v151,,1865,26:v151,,
26_qiyuan/26_v155_f000025.jpg,26,668,query,panda,ipanda50,giant panda,session_reid,v155,,25,26:v155,,
26_qiyuan/26_v161_f001395.jpg,26,669,query,panda,ipanda50,giant panda,session_reid,v161,,1395,26:v161,,
26_qiyuan/26_v164_f001580.jpg,26,670,query,panda,ipanda50,giant panda,session_reid,v164,,1580,26:v164,,
26_qiyuan/26_v164_f002120.jpg,26,670,gallery,panda,ipanda50,giant panda,session_reid,v164,,2120,26:v164,,
26_qiyuan/26_v164_f002250.jpg,26,670,gallery,panda,ipanda50,giant panda,session_reid,v164,,2250,26:v164,,
26_qiyuan/26_v164_f002590.jpg,26,670,gallery,panda,ipanda50,giant panda,session_reid,v164,,2590,26:v164,,
26_qiyuan/26_v164_f002630.jpg,26,670,gallery,panda,ipanda50,giant panda,session_reid,v164,,2630,26:v164,,
26_qiyuan/26_v164_f002750.jpg,26,670,gallery,panda,ipanda50,giant panda,session_reid,v164,,2750,26:v164,,
26_qiyuan/26_v164_f002965.jpg,26,670,gallery,panda,ipanda50,giant panda,session_reid,v164,,2965,26:v164,,
26_qiyuan/26_v164_f003795.jpg,26,670,gallery,panda,ipanda50,giant panda,session_reid,v164,,3795,26:v164,,
26_qiyuan/26_v164_f004200.jpg,26,670,gallery,panda,ipanda50,giant panda,session_reid,v164,,4200,26:v164,,
26_qiyuan/26_v164_f004240.jpg,26,670,gallery,panda,ipanda50,giant panda,session_reid,v164,,4240,26:v164,,
26_qiyuan/26_v167_f000005.jpg,26,671,query,panda,ipanda50,giant panda,session_reid,v167,,5,26:v167,,
26_qiyuan/26_v169_f000915.jpg,26,672,query,panda,ipanda50,giant panda,session_reid,v169,,915,26:v169,,
26_qiyuan/26_v176_f000115.jpg,26,673,query,panda,ipanda50,giant panda,session_reid,v176,,115,26:v176,,
26_qiyuan/26_v176_f000390.jpg,26,673,gallery,panda,ipanda50,giant panda,session_reid,v176,,390,26:v176,,
26_qiyuan/26_v176_f000420.jpg,26,673,gallery,panda,ipanda50,giant panda,session_reid,v176,,420,26:v176,,
26_qiyuan/26_v176_f000940.jpg,26,673,gallery,panda,ipanda50,giant panda,session_reid,v176,,940,26:v176,,
26_qiyuan/26_v176_f001610.jpg,26,673,gallery,panda,ipanda50,giant panda,session_reid,v176,,1610,26:v176,,
26_qiyuan/26_v176_f001785.jpg,26,673,gallery,panda,ipanda50,giant panda,session_reid,v176,,1785,26:v176,,
27_rourou/27_v001_f000005.jpg,27,674,train,panda,ipanda50,giant panda,session_reid,v001,,5,27:v001,,
27_rourou/27_v001_f000165.jpg,27,674,train,panda,ipanda50,giant panda,session_reid,v001,,165,27:v001,,
27_rourou/27_v001_f000205.jpg,27,674,train,panda,ipanda50,giant panda,session_reid,v001,,205,27:v001,,
27_rourou/27_v001_f000225.jpg,27,674,train,panda,ipanda50,giant panda,session_reid,v001,,225,27:v001,,
27_rourou/27_v001_f000265.jpg,27,674,train,panda,ipanda50,giant panda,session_reid,v001,,265,27:v001,,
27_rourou/27_v001_f000495.jpg,27,674,train,panda,ipanda50,giant panda,session_reid,v001,,495,27:v001,,
27_rourou/27_v003_f000040.jpg,27,675,train,panda,ipanda50,giant panda,session_reid,v003,,40,27:v003,,
27_rourou/27_v003_f000550.jpg,27,675,train,panda,ipanda50,giant panda,session_reid,v003,,550,27:v003,,
27_rourou/27_v003_f001165.jpg,27,675,train,panda,ipanda50,giant panda,session_reid,v003,,1165,27:v003,,
27_rourou/27_v005_f000005.jpg,27,676,train,panda,ipanda50,giant panda,session_reid,v005,,5,27:v005,,
27_rourou/27_v005_f000225.jpg,27,676,train,panda,ipanda50,giant panda,session_reid,v005,,225,27:v005,,
27_rourou/27_v005_f000650.jpg,27,676,train,panda,ipanda50,giant panda,session_reid,v005,,650,27:v005,,
27_rourou/27_v005_f000875.jpg,27,676,train,panda,ipanda50,giant panda,session_reid,v005,,875,27:v005,,
27_rourou/27_v006_f000005.jpg,27,677,train,panda,ipanda50,giant panda,session_reid,v006,,5,27:v006,,
27_rourou/27_v007_f000130.jpg,27,678,train,panda,ipanda50,giant panda,session_reid,v007,,130,27:v007,,
27_rourou/27_v007_f002105.jpg,27,678,train,panda,ipanda50,giant panda,session_reid,v007,,2105,27:v007,,
27_rourou/27_v007_f002970.jpg,27,678,train,panda,ipanda50,giant panda,session_reid,v007,,2970,27:v007,,
27_rourou/27_v007_f002985.jpg,27,678,train,panda,ipanda50,giant panda,session_reid,v007,,2985,27:v007,,
27_rourou/27_v008_f000065.jpg,27,679,train,panda,ipanda50,giant panda,session_reid,v008,,65,27:v008,,
27_rourou/27_v008_f000265.jpg,27,679,train,panda,ipanda50,giant panda,session_reid,v008,,265,27:v008,,
27_rourou/27_v008_f000615.jpg,27,679,train,panda,ipanda50,giant panda,session_reid,v008,,615,27:v008,,
27_rourou/27_v008_f000630.jpg,27,679,train,panda,ipanda50,giant panda,session_reid,v008,,630,27:v008,,
27_rourou/27_v008_f000645.jpg,27,679,train,panda,ipanda50,giant panda,session_reid,v008,,645,27:v008,,
27_rourou/27_v010_f000005.jpg,27,680,train,panda,ipanda50,giant panda,session_reid,v010,,5,27:v010,,
27_rourou/27_v010_f000120.jpg,27,680,train,panda,ipanda50,giant panda,session_reid,v010,,120,27:v010,,
27_rourou/27_v010_f000555.jpg,27,680,train,panda,ipanda50,giant panda,session_reid,v010,,555,27:v010,,
27_rourou/27_v010_f000705.jpg,27,680,train,panda,ipanda50,giant panda,session_reid,v010,,705,27:v010,,
27_rourou/27_v010_f000740.jpg,27,680,train,panda,ipanda50,giant panda,session_reid,v010,,740,27:v010,,
27_rourou/27_v011_f000005.jpg,27,681,train,panda,ipanda50,giant panda,session_reid,v011,,5,27:v011,,
27_rourou/27_v011_f000235.jpg,27,681,train,panda,ipanda50,giant panda,session_reid,v011,,235,27:v011,,
27_rourou/27_v011_f000860.jpg,27,681,train,panda,ipanda50,giant panda,session_reid,v011,,860,27:v011,,
27_rourou/27_v011_f000980.jpg,27,681,train,panda,ipanda50,giant panda,session_reid,v011,,980,27:v011,,
27_rourou/27_v011_f001430.jpg,27,681,train,panda,ipanda50,giant panda,session_reid,v011,,1430,27:v011,,
27_rourou/27_v012_f000440.jpg,27,682,train,panda,ipanda50,giant panda,session_reid,v012,,440,27:v012,,
27_rourou/27_v012_f000660.jpg,27,682,train,panda,ipanda50,giant panda,session_reid,v012,,660,27:v012,,
27_rourou/27_v012_f001460.jpg,27,682,train,panda,ipanda50,giant panda,session_reid,v012,,1460,27:v012,,
27_rourou/27_v012_f001765.jpg,27,682,train,panda,ipanda50,giant panda,session_reid,v012,,1765,27:v012,,
27_rourou/27_v012_f001780.jpg,27,682,train,panda,ipanda50,giant panda,session_reid,v012,,1780,27:v012,,
27_rourou/27_v012_f001895.jpg,27,682,train,panda,ipanda50,giant panda,session_reid,v012,,1895,27:v012,,
27_rourou/27_v012_f002310.jpg,27,682,train,panda,ipanda50,giant panda,session_reid,v012,,2310,27:v012,,
27_rourou/27_v012_f002375.jpg,27,682,train,panda,ipanda50,giant panda,session_reid,v012,,2375,27:v012,,
27_rourou/27_v012_f002420.jpg,27,682,train,panda,ipanda50,giant panda,session_reid,v012,,2420,27:v012,,
27_rourou/27_v012_f002740.jpg,27,682,train,panda,ipanda50,giant panda,session_reid,v012,,2740,27:v012,,
27_rourou/27_v012_f002885.jpg,27,682,train,panda,ipanda50,giant panda,session_reid,v012,,2885,27:v012,,
27_rourou/27_v013_f000005.jpg,27,683,train,panda,ipanda50,giant panda,session_reid,v013,,5,27:v013,,
27_rourou/27_v013_f000355.jpg,27,683,train,panda,ipanda50,giant panda,session_reid,v013,,355,27:v013,,
27_rourou/27_v013_f000415.jpg,27,683,train,panda,ipanda50,giant panda,session_reid,v013,,415,27:v013,,
27_rourou/27_v013_f000430.jpg,27,683,train,panda,ipanda50,giant panda,session_reid,v013,,430,27:v013,,
27_rourou/27_v013_f000455.jpg,27,683,train,panda,ipanda50,giant panda,session_reid,v013,,455,27:v013,,
27_rourou/27_v013_f000485.jpg,27,683,train,panda,ipanda50,giant panda,session_reid,v013,,485,27:v013,,
27_rourou/27_v013_f000550.jpg,27,683,train,panda,ipanda50,giant panda,session_reid,v013,,550,27:v013,,
27_rourou/27_v013_f000650.jpg,27,683,train,panda,ipanda50,giant panda,session_reid,v013,,650,27:v013,,
27_rourou/27_v015_f000005.jpg,27,684,train,panda,ipanda50,giant panda,session_reid,v015,,5,27:v015,,
27_rourou/27_v015_f000575.jpg,27,684,train,panda,ipanda50,giant panda,session_reid,v015,,575,27:v015,,
27_rourou/27_v015_f000705.jpg,27,684,train,panda,ipanda50,giant panda,session_reid,v015,,705,27:v015,,
27_rourou/27_v015_f001095.jpg,27,684,train,panda,ipanda50,giant panda,session_reid,v015,,1095,27:v015,,
27_rourou/27_v015_f001430.jpg,27,684,train,panda,ipanda50,giant panda,session_reid,v015,,1430,27:v015,,
27_rourou/27_v017_f000005.jpg,27,685,train,panda,ipanda50,giant panda,session_reid,v017,,5,27:v017,,
27_rourou/27_v017_f000455.jpg,27,685,train,panda,ipanda50,giant panda,session_reid,v017,,455,27:v017,,
27_rourou/27_v017_f000610.jpg,27,685,train,panda,ipanda50,giant panda,session_reid,v017,,610,27:v017,,
27_rourou/27_v017_f000730.jpg,27,685,train,panda,ipanda50,giant panda,session_reid,v017,,730,27:v017,,
27_rourou/27_v017_f000775.jpg,27,685,train,panda,ipanda50,giant panda,session_reid,v017,,775,27:v017,,
27_rourou/27_v017_f000850.jpg,27,685,train,panda,ipanda50,giant panda,session_reid,v017,,850,27:v017,,
27_rourou/27_v017_f000955.jpg,27,685,train,panda,ipanda50,giant panda,session_reid,v017,,955,27:v017,,
27_rourou/27_v017_f001045.jpg,27,685,train,panda,ipanda50,giant panda,session_reid,v017,,1045,27:v017,,
27_rourou/27_v017_f001090.jpg,27,685,train,panda,ipanda50,giant panda,session_reid,v017,,1090,27:v017,,
27_rourou/27_v017_f001415.jpg,27,685,train,panda,ipanda50,giant panda,session_reid,v017,,1415,27:v017,,
27_rourou/27_v017_f001625.jpg,27,685,train,panda,ipanda50,giant panda,session_reid,v017,,1625,27:v017,,
27_rourou/27_v017_f001665.jpg,27,685,train,panda,ipanda50,giant panda,session_reid,v017,,1665,27:v017,,
27_rourou/27_v017_f001855.jpg,27,685,train,panda,ipanda50,giant panda,session_reid,v017,,1855,27:v017,,
27_rourou/27_v017_f001905.jpg,27,685,train,panda,ipanda50,giant panda,session_reid,v017,,1905,27:v017,,
27_rourou/27_v018_f000425.jpg,27,686,train,panda,ipanda50,giant panda,session_reid,v018,,425,27:v018,,
27_rourou/27_v018_f001615.jpg,27,686,train,panda,ipanda50,giant panda,session_reid,v018,,1615,27:v018,,
27_rourou/27_v018_f001745.jpg,27,686,train,panda,ipanda50,giant panda,session_reid,v018,,1745,27:v018,,
27_rourou/27_v018_f001775.jpg,27,686,train,panda,ipanda50,giant panda,session_reid,v018,,1775,27:v018,,
27_rourou/27_v018_f001800.jpg,27,686,train,panda,ipanda50,giant panda,session_reid,v018,,1800,27:v018,,
27_rourou/27_v018_f001860.jpg,27,686,train,panda,ipanda50,giant panda,session_reid,v018,,1860,27:v018,,
27_rourou/27_v018_f002025.jpg,27,686,train,panda,ipanda50,giant panda,session_reid,v018,,2025,27:v018,,
27_rourou/27_v019_f000190.jpg,27,687,train,panda,ipanda50,giant panda,session_reid,v019,,190,27:v019,,
27_rourou/27_v019_f000220.jpg,27,687,train,panda,ipanda50,giant panda,session_reid,v019,,220,27:v019,,
27_rourou/27_v019_f000695.jpg,27,687,train,panda,ipanda50,giant panda,session_reid,v019,,695,27:v019,,
27_rourou/27_v019_f000730.jpg,27,687,train,panda,ipanda50,giant panda,session_reid,v019,,730,27:v019,,
27_rourou/27_v019_f000765.jpg,27,687,train,panda,ipanda50,giant panda,session_reid,v019,,765,27:v019,,
27_rourou/27_v020_f000005.jpg,27,688,train,panda,ipanda50,giant panda,session_reid,v020,,5,27:v020,,
27_rourou/27_v021_f001045.jpg,27,689,train,panda,ipanda50,giant panda,session_reid,v021,,1045,27:v021,,
27_rourou/27_v024_f000015.jpg,27,690,train,panda,ipanda50,giant panda,session_reid,v024,,15,27:v024,,
27_rourou/27_v024_f000110.jpg,27,690,train,panda,ipanda50,giant panda,session_reid,v024,,110,27:v024,,
27_rourou/27_v024_f000455.jpg,27,690,train,panda,ipanda50,giant panda,session_reid,v024,,455,27:v024,,
27_rourou/27_v024_f002050.jpg,27,690,train,panda,ipanda50,giant panda,session_reid,v024,,2050,27:v024,,
27_rourou/27_v024_f002275.jpg,27,690,train,panda,ipanda50,giant panda,session_reid,v024,,2275,27:v024,,
27_rourou/27_v024_f002670.jpg,27,690,train,panda,ipanda50,giant panda,session_reid,v024,,2670,27:v024,,
27_rourou/27_v025_f000005.jpg,27,691,train,panda,ipanda50,giant panda,session_reid,v025,,5,27:v025,,
27_rourou/27_v025_f000230.jpg,27,691,train,panda,ipanda50,giant panda,session_reid,v025,,230,27:v025,,
27_rourou/27_v025_f000240.jpg,27,691,train,panda,ipanda50,giant panda,session_reid,v025,,240,27:v025,,
27_rourou/27_v025_f000250.jpg,27,691,train,panda,ipanda50,giant panda,session_reid,v025,,250,27:v025,,
27_rourou/27_v025_f000270.jpg,27,691,train,panda,ipanda50,giant panda,session_reid,v025,,270,27:v025,,
27_rourou/27_v025_f000290.jpg,27,691,train,panda,ipanda50,giant panda,session_reid,v025,,290,27:v025,,
27_rourou/27_v025_f000300.jpg,27,691,train,panda,ipanda50,giant panda,session_reid,v025,,300,27:v025,,
27_rourou/27_v025_f000655.jpg,27,691,train,panda,ipanda50,giant panda,session_reid,v025,,655,27:v025,,
27_rourou/27_v025_f000680.jpg,27,691,train,panda,ipanda50,giant panda,session_reid,v025,,680,27:v025,,
27_rourou/27_v025_f000750.jpg,27,691,train,panda,ipanda50,giant panda,session_reid,v025,,750,27:v025,,
27_rourou/27_v028_f001330.jpg,27,692,train,panda,ipanda50,giant panda,session_reid,v028,,1330,27:v028,,
27_rourou/27_v028_f001460.jpg,27,692,train,panda,ipanda50,giant panda,session_reid,v028,,1460,27:v028,,
27_rourou/27_v029_f000005.jpg,27,693,train,panda,ipanda50,giant panda,session_reid,v029,,5,27:v029,,
27_rourou/27_v029_f000640.jpg,27,693,train,panda,ipanda50,giant panda,session_reid,v029,,640,27:v029,,
27_rourou/27_v030_f000230.jpg,27,694,train,panda,ipanda50,giant panda,session_reid,v030,,230,27:v030,,
27_rourou/27_v030_f000260.jpg,27,694,train,panda,ipanda50,giant panda,session_reid,v030,,260,27:v030,,
27_rourou/27_v030_f000450.jpg,27,694,train,panda,ipanda50,giant panda,session_reid,v030,,450,27:v030,,
27_rourou/27_v030_f000900.jpg,27,694,train,panda,ipanda50,giant panda,session_reid,v030,,900,27:v030,,
27_rourou/27_v030_f001015.jpg,27,694,train,panda,ipanda50,giant panda,session_reid,v030,,1015,27:v030,,
27_rourou/27_v030_f001080.jpg,27,694,train,panda,ipanda50,giant panda,session_reid,v030,,1080,27:v030,,
27_rourou/27_v030_f001110.jpg,27,694,train,panda,ipanda50,giant panda,session_reid,v030,,1110,27:v030,,
27_rourou/27_v030_f001175.jpg,27,694,train,panda,ipanda50,giant panda,session_reid,v030,,1175,27:v030,,
27_rourou/27_v032_f000005.jpg,27,695,train,panda,ipanda50,giant panda,session_reid,v032,,5,27:v032,,
27_rourou/27_v033_f000005.jpg,27,696,train,panda,ipanda50,giant panda,session_reid,v033,,5,27:v033,,
27_rourou/27_v033_f000245.jpg,27,696,train,panda,ipanda50,giant panda,session_reid,v033,,245,27:v033,,
27_rourou/27_v033_f001750.jpg,27,696,train,panda,ipanda50,giant panda,session_reid,v033,,1750,27:v033,,
27_rourou/27_v034_f000375.jpg,27,697,train,panda,ipanda50,giant panda,session_reid,v034,,375,27:v034,,
27_rourou/27_v034_f000640.jpg,27,697,train,panda,ipanda50,giant panda,session_reid,v034,,640,27:v034,,
27_rourou/27_v034_f001125.jpg,27,697,train,panda,ipanda50,giant panda,session_reid,v034,,1125,27:v034,,
27_rourou/27_v034_f001250.jpg,27,697,train,panda,ipanda50,giant panda,session_reid,v034,,1250,27:v034,,
27_rourou/27_v034_f001290.jpg,27,697,train,panda,ipanda50,giant panda,session_reid,v034,,1290,27:v034,,
27_rourou/27_v034_f001355.jpg,27,697,train,panda,ipanda50,giant panda,session_reid,v034,,1355,27:v034,,
27_rourou/27_v034_f001485.jpg,27,697,train,panda,ipanda50,giant panda,session_reid,v034,,1485,27:v034,,
27_rourou/27_v034_f002100.jpg,27,697,train,panda,ipanda50,giant panda,session_reid,v034,,2100,27:v034,,
27_rourou/27_v034_f003310.jpg,27,697,train,panda,ipanda50,giant panda,session_reid,v034,,3310,27:v034,,
27_rourou/27_v034_f003410.jpg,27,697,train,panda,ipanda50,giant panda,session_reid,v034,,3410,27:v034,,
27_rourou/27_v037_f000260.jpg,27,698,train,panda,ipanda50,giant panda,session_reid,v037,,260,27:v037,,
27_rourou/27_v037_f000450.jpg,27,698,train,panda,ipanda50,giant panda,session_reid,v037,,450,27:v037,,
27_rourou/27_v037_f000530.jpg,27,698,train,panda,ipanda50,giant panda,session_reid,v037,,530,27:v037,,
27_rourou/27_v038_f000005.jpg,27,699,train,panda,ipanda50,giant panda,session_reid,v038,,5,27:v038,,
27_rourou/27_v038_f000460.jpg,27,699,train,panda,ipanda50,giant panda,session_reid,v038,,460,27:v038,,
27_rourou/27_v038_f000695.jpg,27,699,train,panda,ipanda50,giant panda,session_reid,v038,,695,27:v038,,
27_rourou/27_v038_f000790.jpg,27,699,train,panda,ipanda50,giant panda,session_reid,v038,,790,27:v038,,
27_rourou/27_v038_f000925.jpg,27,699,train,panda,ipanda50,giant panda,session_reid,v038,,925,27:v038,,
27_rourou/27_v039_f000440.jpg,27,700,train,panda,ipanda50,giant panda,session_reid,v039,,440,27:v039,,
27_rourou/27_v039_f000495.jpg,27,700,train,panda,ipanda50,giant panda,session_reid,v039,,495,27:v039,,
27_rourou/27_v039_f000720.jpg,27,700,train,panda,ipanda50,giant panda,session_reid,v039,,720,27:v039,,
27_rourou/27_v039_f000835.jpg,27,700,train,panda,ipanda50,giant panda,session_reid,v039,,835,27:v039,,
27_rourou/27_v039_f001705.jpg,27,700,train,panda,ipanda50,giant panda,session_reid,v039,,1705,27:v039,,
27_rourou/27_v039_f002200.jpg,27,700,train,panda,ipanda50,giant panda,session_reid,v039,,2200,27:v039,,
28_sa/28_v004_f000190.jpg,28,701,train,panda,ipanda50,giant panda,session_reid,v004,,190,28:v004,,
28_sa/28_v004_f000245.jpg,28,701,train,panda,ipanda50,giant panda,session_reid,v004,,245,28:v004,,
28_sa/28_v004_f000300.jpg,28,701,train,panda,ipanda50,giant panda,session_reid,v004,,300,28:v004,,
28_sa/28_v004_f000335.jpg,28,701,train,panda,ipanda50,giant panda,session_reid,v004,,335,28:v004,,
28_sa/28_v004_f000405.jpg,28,701,train,panda,ipanda50,giant panda,session_reid,v004,,405,28:v004,,
28_sa/28_v004_f000595.jpg,28,701,train,panda,ipanda50,giant panda,session_reid,v004,,595,28:v004,,
28_sa/28_v004_f000790.jpg,28,701,train,panda,ipanda50,giant panda,session_reid,v004,,790,28:v004,,
28_sa/28_v004_f000890.jpg,28,701,train,panda,ipanda50,giant panda,session_reid,v004,,890,28:v004,,
28_sa/28_v005_f000630.jpg,28,702,train,panda,ipanda50,giant panda,session_reid,v005,,630,28:v005,,
28_sa/28_v005_f002455.jpg,28,702,train,panda,ipanda50,giant panda,session_reid,v005,,2455,28:v005,,
28_sa/28_v005_f002510.jpg,28,702,train,panda,ipanda50,giant panda,session_reid,v005,,2510,28:v005,,
28_sa/28_v006_f000005.jpg,28,703,train,panda,ipanda50,giant panda,session_reid,v006,,5,28:v006,,
28_sa/28_v006_f000245.jpg,28,703,train,panda,ipanda50,giant panda,session_reid,v006,,245,28:v006,,
28_sa/28_v006_f000450.jpg,28,703,train,panda,ipanda50,giant panda,session_reid,v006,,450,28:v006,,
28_sa/28_v006_f000745.jpg,28,703,train,panda,ipanda50,giant panda,session_reid,v006,,745,28:v006,,
28_sa/28_v006_f000845.jpg,28,703,train,panda,ipanda50,giant panda,session_reid,v006,,845,28:v006,,
28_sa/28_v006_f001365.jpg,28,703,train,panda,ipanda50,giant panda,session_reid,v006,,1365,28:v006,,
28_sa/28_v006_f001545.jpg,28,703,train,panda,ipanda50,giant panda,session_reid,v006,,1545,28:v006,,
28_sa/28_v007_f000005.jpg,28,704,train,panda,ipanda50,giant panda,session_reid,v007,,5,28:v007,,
28_sa/28_v007_f000065.jpg,28,704,train,panda,ipanda50,giant panda,session_reid,v007,,65,28:v007,,
28_sa/28_v007_f000120.jpg,28,704,train,panda,ipanda50,giant panda,session_reid,v007,,120,28:v007,,
28_sa/28_v007_f000240.jpg,28,704,train,panda,ipanda50,giant panda,session_reid,v007,,240,28:v007,,
28_sa/28_v007_f000495.jpg,28,704,train,panda,ipanda50,giant panda,session_reid,v007,,495,28:v007,,
28_sa/28_v007_f000520.jpg,28,704,train,panda,ipanda50,giant panda,session_reid,v007,,520,28:v007,,
28_sa/28_v007_f000745.jpg,28,704,train,panda,ipanda50,giant panda,session_reid,v007,,745,28:v007,,
28_sa/28_v007_f000995.jpg,28,704,train,panda,ipanda50,giant panda,session_reid,v007,,995,28:v007,,
28_sa/28_v009_f000300.jpg,28,705,train,panda,ipanda50,giant panda,session_reid,v009,,300,28:v009,,
28_sa/28_v009_f000425.jpg,28,705,train,panda,ipanda50,giant panda,session_reid,v009,,425,28:v009,,
28_sa/28_v009_f000585.jpg,28,705,train,panda,ipanda50,giant panda,session_reid,v009,,585,28:v009,,
28_sa/28_v009_f000890.jpg,28,705,train,panda,ipanda50,giant panda,session_reid,v009,,890,28:v009,,
28_sa/28_v009_f001240.jpg,28,705,train,panda,ipanda50,giant panda,session_reid,v009,,1240,28:v009,,
28_sa/28_v009_f001470.jpg,28,705,train,panda,ipanda50,giant panda,session_reid,v009,,1470,28:v009,,
28_sa/28_v010_f000010.jpg,28,706,train,panda,ipanda50,giant panda,session_reid,v010,,10,28:v010,,
28_sa/28_v010_f000390.jpg,28,706,train,panda,ipanda50,giant panda,session_reid,v010,,390,28:v010,,
28_sa/28_v010_f001395.jpg,28,706,train,panda,ipanda50,giant panda,session_reid,v010,,1395,28:v010,,
28_sa/28_v011_f000195.jpg,28,707,train,panda,ipanda50,giant panda,session_reid,v011,,195,28:v011,,
28_sa/28_v011_f000290.jpg,28,707,train,panda,ipanda50,giant panda,session_reid,v011,,290,28:v011,,
28_sa/28_v011_f000390.jpg,28,707,train,panda,ipanda50,giant panda,session_reid,v011,,390,28:v011,,
28_sa/28_v012_f000005.jpg,28,708,train,panda,ipanda50,giant panda,session_reid,v012,,5,28:v012,,
28_sa/28_v012_f000375.jpg,28,708,train,panda,ipanda50,giant panda,session_reid,v012,,375,28:v012,,
28_sa/28_v012_f000770.jpg,28,708,train,panda,ipanda50,giant panda,session_reid,v012,,770,28:v012,,
28_sa/28_v012_f000940.jpg,28,708,train,panda,ipanda50,giant panda,session_reid,v012,,940,28:v012,,
28_sa/28_v012_f001980.jpg,28,708,train,panda,ipanda50,giant panda,session_reid,v012,,1980,28:v012,,
28_sa/28_v012_f002525.jpg,28,708,train,panda,ipanda50,giant panda,session_reid,v012,,2525,28:v012,,
28_sa/28_v012_f002690.jpg,28,708,train,panda,ipanda50,giant panda,session_reid,v012,,2690,28:v012,,
28_sa/28_v013_f000790.jpg,28,709,train,panda,ipanda50,giant panda,session_reid,v013,,790,28:v013,,
28_sa/28_v015_f000045.jpg,28,710,train,panda,ipanda50,giant panda,session_reid,v015,,45,28:v015,,
28_sa/28_v015_f000830.jpg,28,710,train,panda,ipanda50,giant panda,session_reid,v015,,830,28:v015,,
28_sa/28_v016_f000745.jpg,28,711,train,panda,ipanda50,giant panda,session_reid,v016,,745,28:v016,,
28_sa/28_v016_f000775.jpg,28,711,train,panda,ipanda50,giant panda,session_reid,v016,,775,28:v016,,
28_sa/28_v017_f000005.jpg,28,712,train,panda,ipanda50,giant panda,session_reid,v017,,5,28:v017,,
28_sa/28_v017_f001295.jpg,28,712,train,panda,ipanda50,giant panda,session_reid,v017,,1295,28:v017,,
28_sa/28_v017_f001870.jpg,28,712,train,panda,ipanda50,giant panda,session_reid,v017,,1870,28:v017,,
28_sa/28_v018_f000005.jpg,28,713,train,panda,ipanda50,giant panda,session_reid,v018,,5,28:v018,,
28_sa/28_v018_f000570.jpg,28,713,train,panda,ipanda50,giant panda,session_reid,v018,,570,28:v018,,
28_sa/28_v018_f000785.jpg,28,713,train,panda,ipanda50,giant panda,session_reid,v018,,785,28:v018,,
28_sa/28_v018_f002650.jpg,28,713,train,panda,ipanda50,giant panda,session_reid,v018,,2650,28:v018,,
28_sa/28_v018_f003000.jpg,28,713,train,panda,ipanda50,giant panda,session_reid,v018,,3000,28:v018,,
28_sa/28_v019_f000035.jpg,28,714,train,panda,ipanda50,giant panda,session_reid,v019,,35,28:v019,,
28_sa/28_v019_f000345.jpg,28,714,train,panda,ipanda50,giant panda,session_reid,v019,,345,28:v019,,
28_sa/28_v019_f000750.jpg,28,714,train,panda,ipanda50,giant panda,session_reid,v019,,750,28:v019,,
28_sa/28_v019_f000790.jpg,28,714,train,panda,ipanda50,giant panda,session_reid,v019,,790,28:v019,,
28_sa/28_v019_f001045.jpg,28,714,train,panda,ipanda50,giant panda,session_reid,v019,,1045,28:v019,,
28_sa/28_v019_f001600.jpg,28,714,train,panda,ipanda50,giant panda,session_reid,v019,,1600,28:v019,,
28_sa/28_v019_f001740.jpg,28,714,train,panda,ipanda50,giant panda,session_reid,v019,,1740,28:v019,,
28_sa/28_v020_f000215.jpg,28,715,train,panda,ipanda50,giant panda,session_reid,v020,,215,28:v020,,
28_sa/28_v020_f000310.jpg,28,715,train,panda,ipanda50,giant panda,session_reid,v020,,310,28:v020,,
28_sa/28_v020_f001120.jpg,28,715,train,panda,ipanda50,giant panda,session_reid,v020,,1120,28:v020,,
28_sa/28_v020_f002895.jpg,28,715,train,panda,ipanda50,giant panda,session_reid,v020,,2895,28:v020,,
28_sa/28_v020_f003215.jpg,28,715,train,panda,ipanda50,giant panda,session_reid,v020,,3215,28:v020,,
28_sa/28_v020_f003490.jpg,28,715,train,panda,ipanda50,giant panda,session_reid,v020,,3490,28:v020,,
28_sa/28_v020_f003695.jpg,28,715,train,panda,ipanda50,giant panda,session_reid,v020,,3695,28:v020,,
28_sa/28_v020_f003875.jpg,28,715,train,panda,ipanda50,giant panda,session_reid,v020,,3875,28:v020,,
28_sa/28_v022_f000005.jpg,28,716,train,panda,ipanda50,giant panda,session_reid,v022,,5,28:v022,,
28_sa/28_v022_f000235.jpg,28,716,train,panda,ipanda50,giant panda,session_reid,v022,,235,28:v022,,
28_sa/28_v022_f000350.jpg,28,716,train,panda,ipanda50,giant panda,session_reid,v022,,350,28:v022,,
28_sa/28_v022_f001575.jpg,28,716,train,panda,ipanda50,giant panda,session_reid,v022,,1575,28:v022,,
28_sa/28_v023_f000040.jpg,28,717,train,panda,ipanda50,giant panda,session_reid,v023,,40,28:v023,,
28_sa/28_v023_f000465.jpg,28,717,train,panda,ipanda50,giant panda,session_reid,v023,,465,28:v023,,
28_sa/28_v023_f000580.jpg,28,717,train,panda,ipanda50,giant panda,session_reid,v023,,580,28:v023,,
28_sa/28_v023_f001415.jpg,28,717,train,panda,ipanda50,giant panda,session_reid,v023,,1415,28:v023,,
28_sa/28_v023_f001550.jpg,28,717,train,panda,ipanda50,giant panda,session_reid,v023,,1550,28:v023,,
28_sa/28_v023_f001730.jpg,28,717,train,panda,ipanda50,giant panda,session_reid,v023,,1730,28:v023,,
28_sa/28_v023_f002810.jpg,28,717,train,panda,ipanda50,giant panda,session_reid,v023,,2810,28:v023,,
28_sa/28_v024_f000015.jpg,28,718,train,panda,ipanda50,giant panda,session_reid,v024,,15,28:v024,,
28_sa/28_v024_f001115.jpg,28,718,train,panda,ipanda50,giant panda,session_reid,v024,,1115,28:v024,,
28_sa/28_v024_f001240.jpg,28,718,train,panda,ipanda50,giant panda,session_reid,v024,,1240,28:v024,,
28_sa/28_v024_f001935.jpg,28,718,train,panda,ipanda50,giant panda,session_reid,v024,,1935,28:v024,,
28_sa/28_v025_f000005.jpg,28,719,train,panda,ipanda50,giant panda,session_reid,v025,,5,28:v025,,
28_sa/28_v025_f000465.jpg,28,719,train,panda,ipanda50,giant panda,session_reid,v025,,465,28:v025,,
28_sa/28_v025_f001720.jpg,28,719,train,panda,ipanda50,giant panda,session_reid,v025,,1720,28:v025,,
28_sa/28_v025_f002240.jpg,28,719,train,panda,ipanda50,giant panda,session_reid,v025,,2240,28:v025,,
28_sa/28_v025_f003450.jpg,28,719,train,panda,ipanda50,giant panda,session_reid,v025,,3450,28:v025,,
28_sa/28_v025_f005010.jpg,28,719,train,panda,ipanda50,giant panda,session_reid,v025,,5010,28:v025,,
28_sa/28_v027_f001270.jpg,28,720,train,panda,ipanda50,giant panda,session_reid,v027,,1270,28:v027,,
28_sa/28_v027_f001495.jpg,28,720,train,panda,ipanda50,giant panda,session_reid,v027,,1495,28:v027,,
28_sa/28_v027_f002045.jpg,28,720,train,panda,ipanda50,giant panda,session_reid,v027,,2045,28:v027,,
28_sa/28_v027_f005485.jpg,28,720,train,panda,ipanda50,giant panda,session_reid,v027,,5485,28:v027,,
28_sa/28_v028_f000040.jpg,28,721,train,panda,ipanda50,giant panda,session_reid,v028,,40,28:v028,,
28_sa/28_v028_f000145.jpg,28,721,train,panda,ipanda50,giant panda,session_reid,v028,,145,28:v028,,
28_sa/28_v028_f001695.jpg,28,721,train,panda,ipanda50,giant panda,session_reid,v028,,1695,28:v028,,
28_sa/28_v028_f001890.jpg,28,721,train,panda,ipanda50,giant panda,session_reid,v028,,1890,28:v028,,
28_sa/28_v028_f003300.jpg,28,721,train,panda,ipanda50,giant panda,session_reid,v028,,3300,28:v028,,
28_sa/28_v029_f000290.jpg,28,722,train,panda,ipanda50,giant panda,session_reid,v029,,290,28:v029,,
28_sa/28_v030_f000005.jpg,28,723,train,panda,ipanda50,giant panda,session_reid,v030,,5,28:v030,,
28_sa/28_v030_f000955.jpg,28,723,train,panda,ipanda50,giant panda,session_reid,v030,,955,28:v030,,
28_sa/28_v032_f000395.jpg,28,724,train,panda,ipanda50,giant panda,session_reid,v032,,395,28:v032,,
28_sa/28_v035_f000005.jpg,28,725,train,panda,ipanda50,giant panda,session_reid,v035,,5,28:v035,,
28_sa/28_v035_f002360.jpg,28,725,train,panda,ipanda50,giant panda,session_reid,v035,,2360,28:v035,,
28_sa/28_v035_f002405.jpg,28,725,train,panda,ipanda50,giant panda,session_reid,v035,,2405,28:v035,,
28_sa/28_v035_f002495.jpg,28,725,train,panda,ipanda50,giant panda,session_reid,v035,,2495,28:v035,,
28_sa/28_v038_f000645.jpg,28,726,train,panda,ipanda50,giant panda,session_reid,v038,,645,28:v038,,
28_sa/28_v038_f000870.jpg,28,726,train,panda,ipanda50,giant panda,session_reid,v038,,870,28:v038,,
28_sa/28_v038_f001120.jpg,28,726,train,panda,ipanda50,giant panda,session_reid,v038,,1120,28:v038,,
28_sa/28_v038_f001890.jpg,28,726,train,panda,ipanda50,giant panda,session_reid,v038,,1890,28:v038,,
28_sa/28_v038_f001960.jpg,28,726,train,panda,ipanda50,giant panda,session_reid,v038,,1960,28:v038,,
28_sa/28_v039_f000005.jpg,28,727,train,panda,ipanda50,giant panda,session_reid,v039,,5,28:v039,,
28_sa/28_v042_f000005.jpg,28,728,train,panda,ipanda50,giant panda,session_reid,v042,,5,28:v042,,
28_sa/28_v042_f000750.jpg,28,728,train,panda,ipanda50,giant panda,session_reid,v042,,750,28:v042,,
28_sa/28_v042_f000770.jpg,28,728,train,panda,ipanda50,giant panda,session_reid,v042,,770,28:v042,,
28_sa/28_v045_f000100.jpg,28,729,train,panda,ipanda50,giant panda,session_reid,v045,,100,28:v045,,
28_sa/28_v045_f000810.jpg,28,729,train,panda,ipanda50,giant panda,session_reid,v045,,810,28:v045,,
28_sa/28_v045_f001105.jpg,28,729,train,panda,ipanda50,giant panda,session_reid,v045,,1105,28:v045,,
28_sa/28_v045_f001815.jpg,28,729,train,panda,ipanda50,giant panda,session_reid,v045,,1815,28:v045,,
28_sa/28_v045_f001850.jpg,28,729,train,panda,ipanda50,giant panda,session_reid,v045,,1850,28:v045,,
28_sa/28_v050_f000330.jpg,28,730,train,panda,ipanda50,giant panda,session_reid,v050,,330,28:v050,,
28_sa/28_v050_f000435.jpg,28,730,train,panda,ipanda50,giant panda,session_reid,v050,,435,28:v050,,
28_sa/28_v051_f000445.jpg,28,731,train,panda,ipanda50,giant panda,session_reid,v051,,445,28:v051,,
28_sa/28_v051_f000895.jpg,28,731,train,panda,ipanda50,giant panda,session_reid,v051,,895,28:v051,,
28_sa/28_v051_f001520.jpg,28,731,train,panda,ipanda50,giant panda,session_reid,v051,,1520,28:v051,,
28_sa/28_v051_f002495.jpg,28,731,train,panda,ipanda50,giant panda,session_reid,v051,,2495,28:v051,,
28_sa/28_v051_f003190.jpg,28,731,train,panda,ipanda50,giant panda,session_reid,v051,,3190,28:v051,,
28_sa/28_v054_f000545.jpg,28,732,train,panda,ipanda50,giant panda,session_reid,v054,,545,28:v054,,
28_sa/28_v054_f000745.jpg,28,732,train,panda,ipanda50,giant panda,session_reid,v054,,745,28:v054,,
28_sa/28_v054_f000865.jpg,28,732,train,panda,ipanda50,giant panda,session_reid,v054,,865,28:v054,,
28_sa/28_v056_f000445.jpg,28,733,train,panda,ipanda50,giant panda,session_reid,v056,,445,28:v056,,
28_sa/28_v056_f000465.jpg,28,733,train,panda,ipanda50,giant panda,session_reid,v056,,465,28:v056,,
28_sa/28_v056_f000550.jpg,28,733,train,panda,ipanda50,giant panda,session_reid,v056,,550,28:v056,,
28_sa/28_v057_f000005.jpg,28,734,train,panda,ipanda50,giant panda,session_reid,v057,,5,28:v057,,
28_sa/28_v058_f000005.jpg,28,735,train,panda,ipanda50,giant panda,session_reid,v058,,5,28:v058,,
28_sa/28_v058_f002010.jpg,28,735,train,panda,ipanda50,giant panda,session_reid,v058,,2010,28:v058,,
28_sa/28_v059_f000475.jpg,28,736,train,panda,ipanda50,giant panda,session_reid,v059,,475,28:v059,,
28_sa/28_v059_f000555.jpg,28,736,train,panda,ipanda50,giant panda,session_reid,v059,,555,28:v059,,
28_sa/28_v061_f000010.jpg,28,737,train,panda,ipanda50,giant panda,session_reid,v061,,10,28:v061,,
28_sa/28_v061_f000415.jpg,28,737,train,panda,ipanda50,giant panda,session_reid,v061,,415,28:v061,,
28_sa/28_v061_f000465.jpg,28,737,train,panda,ipanda50,giant panda,session_reid,v061,,465,28:v061,,
28_sa/28_v061_f000620.jpg,28,737,train,panda,ipanda50,giant panda,session_reid,v061,,620,28:v061,,
28_sa/28_v061_f000790.jpg,28,737,train,panda,ipanda50,giant panda,session_reid,v061,,790,28:v061,,
28_sa/28_v061_f001345.jpg,28,737,train,panda,ipanda50,giant panda,session_reid,v061,,1345,28:v061,,
28_sa/28_v061_f001985.jpg,28,737,train,panda,ipanda50,giant panda,session_reid,v061,,1985,28:v061,,
28_sa/28_v061_f003480.jpg,28,737,train,panda,ipanda50,giant panda,session_reid,v061,,3480,28:v061,,
28_sa/28_v061_f004015.jpg,28,737,train,panda,ipanda50,giant panda,session_reid,v061,,4015,28:v061,,
28_sa/28_v061_f004375.jpg,28,737,train,panda,ipanda50,giant panda,session_reid,v061,,4375,28:v061,,
28_sa/28_v061_f004585.jpg,28,737,train,panda,ipanda50,giant panda,session_reid,v061,,4585,28:v061,,
28_sa/28_v061_f004815.jpg,28,737,train,panda,ipanda50,giant panda,session_reid,v061,,4815,28:v061,,
28_sa/28_v062_f000290.jpg,28,738,train,panda,ipanda50,giant panda,session_reid,v062,,290,28:v062,,
28_sa/28_v062_f000400.jpg,28,738,train,panda,ipanda50,giant panda,session_reid,v062,,400,28:v062,,
28_sa/28_v064_f001230.jpg,28,739,train,panda,ipanda50,giant panda,session_reid,v064,,1230,28:v064,,
28_sa/28_v064_f001600.jpg,28,739,train,panda,ipanda50,giant panda,session_reid,v064,,1600,28:v064,,
28_sa/28_v064_f002200.jpg,28,739,train,panda,ipanda50,giant panda,session_reid,v064,,2200,28:v064,,
28_sa/28_v064_f002245.jpg,28,739,train,panda,ipanda50,giant panda,session_reid,v064,,2245,28:v064,,
28_sa/28_v065_f000005.jpg,28,740,train,panda,ipanda50,giant panda,session_reid,v065,,5,28:v065,,
28_sa/28_v065_f004750.jpg,28,740,train,panda,ipanda50,giant panda,session_reid,v065,,4750,28:v065,,
28_sa/28_v068_f000075.jpg,28,741,train,panda,ipanda50,giant panda,session_reid,v068,,75,28:v068,,
28_sa/28_v069_f000030.jpg,28,742,train,panda,ipanda50,giant panda,session_reid,v069,,30,28:v069,,
28_sa/28_v069_f000550.jpg,28,742,train,panda,ipanda50,giant panda,session_reid,v069,,550,28:v069,,
28_sa/28_v070_f000355.jpg,28,743,train,panda,ipanda50,giant panda,session_reid,v070,,355,28:v070,,
28_sa/28_v071_f001650.jpg,28,744,train,panda,ipanda50,giant panda,session_reid,v071,,1650,28:v071,,
28_sa/28_v071_f002615.jpg,28,744,train,panda,ipanda50,giant panda,session_reid,v071,,2615,28:v071,,
28_sa/28_v072_f000300.jpg,28,745,train,panda,ipanda50,giant panda,session_reid,v072,,300,28:v072,,
28_sa/28_v072_f001450.jpg,28,745,train,panda,ipanda50,giant panda,session_reid,v072,,1450,28:v072,,
28_sa/28_v072_f002495.jpg,28,745,train,panda,ipanda50,giant panda,session_reid,v072,,2495,28:v072,,
28_sa/28_v072_f003280.jpg,28,745,train,panda,ipanda50,giant panda,session_reid,v072,,3280,28:v072,,
28_sa/28_v072_f006335.jpg,28,745,train,panda,ipanda50,giant panda,session_reid,v072,,6335,28:v072,,
28_sa/28_v073_f000290.jpg,28,746,train,panda,ipanda50,giant panda,session_reid,v073,,290,28:v073,,
28_sa/28_v073_f000995.jpg,28,746,train,panda,ipanda50,giant panda,session_reid,v073,,995,28:v073,,
28_sa/28_v073_f001440.jpg,28,746,train,panda,ipanda50,giant panda,session_reid,v073,,1440,28:v073,,
28_sa/28_v073_f003590.jpg,28,746,train,panda,ipanda50,giant panda,session_reid,v073,,3590,28:v073,,
28_sa/28_v075_f000005.jpg,28,747,train,panda,ipanda50,giant panda,session_reid,v075,,5,28:v075,,
28_sa/28_v075_f001285.jpg,28,747,train,panda,ipanda50,giant panda,session_reid,v075,,1285,28:v075,,
28_sa/28_v075_f001405.jpg,28,747,train,panda,ipanda50,giant panda,session_reid,v075,,1405,28:v075,,
28_sa/28_v077_f000215.jpg,28,748,train,panda,ipanda50,giant panda,session_reid,v077,,215,28:v077,,
28_sa/28_v077_f000400.jpg,28,748,train,panda,ipanda50,giant panda,session_reid,v077,,400,28:v077,,
28_sa/28_v078_f000035.jpg,28,749,train,panda,ipanda50,giant panda,session_reid,v078,,35,28:v078,,
28_sa/28_v078_f000140.jpg,28,749,train,panda,ipanda50,giant panda,session_reid,v078,,140,28:v078,,
28_sa/28_v078_f000545.jpg,28,749,train,panda,ipanda50,giant panda,session_reid,v078,,545,28:v078,,
28_sa/28_v078_f000820.jpg,28,749,train,panda,ipanda50,giant panda,session_reid,v078,,820,28:v078,,
28_sa/28_v082_f000005.jpg,28,750,train,panda,ipanda50,giant panda,session_reid,v082,,5,28:v082,,
28_sa/28_v082_f000155.jpg,28,750,train,panda,ipanda50,giant panda,session_reid,v082,,155,28:v082,,
28_sa/28_v082_f000930.jpg,28,750,train,panda,ipanda50,giant panda,session_reid,v082,,930,28:v082,,
28_sa/28_v082_f000955.jpg,28,750,train,panda,ipanda50,giant panda,session_reid,v082,,955,28:v082,,
28_sa/28_v082_f001675.jpg,28,750,train,panda,ipanda50,giant panda,session_reid,v082,,1675,28:v082,,
28_sa/28_v082_f002640.jpg,28,750,train,panda,ipanda50,giant panda,session_reid,v082,,2640,28:v082,,
28_sa/28_v082_f005530.jpg,28,750,train,panda,ipanda50,giant panda,session_reid,v082,,5530,28:v082,,
28_sa/28_v082_f006015.jpg,28,750,train,panda,ipanda50,giant panda,session_reid,v082,,6015,28:v082,,
28_sa/28_v083_f000065.jpg,28,751,train,panda,ipanda50,giant panda,session_reid,v083,,65,28:v083,,
28_sa/28_v084_f000005.jpg,28,752,train,panda,ipanda50,giant panda,session_reid,v084,,5,28:v084,,
28_sa/28_v084_f000480.jpg,28,752,train,panda,ipanda50,giant panda,session_reid,v084,,480,28:v084,,
28_sa/28_v084_f056305.jpg,28,752,train,panda,ipanda50,giant panda,session_reid,v084,,56305,28:v084,,
28_sa/28_v084_f071035.jpg,28,752,train,panda,ipanda50,giant panda,session_reid,v084,,71035,28:v084,,
28_sa/28_v084_f074235.jpg,28,752,train,panda,ipanda50,giant panda,session_reid,v084,,74235,28:v084,,
28_sa/28_v084_f082300.jpg,28,752,train,panda,ipanda50,giant panda,session_reid,v084,,82300,28:v084,,
28_sa/28_v085_f000005.jpg,28,753,train,panda,ipanda50,giant panda,session_reid,v085,,5,28:v085,,
28_sa/28_v088_f000005.jpg,28,754,train,panda,ipanda50,giant panda,session_reid,v088,,5,28:v088,,
28_sa/28_v089_f000065.jpg,28,755,train,panda,ipanda50,giant panda,session_reid,v089,,65,28:v089,,
28_sa/28_v089_f000820.jpg,28,755,train,panda,ipanda50,giant panda,session_reid,v089,,820,28:v089,,
28_sa/28_v092_f000180.jpg,28,756,train,panda,ipanda50,giant panda,session_reid,v092,,180,28:v092,,
28_sa/28_v092_f000720.jpg,28,756,train,panda,ipanda50,giant panda,session_reid,v092,,720,28:v092,,
28_sa/28_v092_f001665.jpg,28,756,train,panda,ipanda50,giant panda,session_reid,v092,,1665,28:v092,,
28_sa/28_v094_f000075.jpg,28,757,train,panda,ipanda50,giant panda,session_reid,v094,,75,28:v094,,
28_sa/28_v095_f000005.jpg,28,758,train,panda,ipanda50,giant panda,session_reid,v095,,5,28:v095,,
28_sa/28_v096_f000005.jpg,28,759,train,panda,ipanda50,giant panda,session_reid,v096,,5,28:v096,,
28_sa/28_v096_f000570.jpg,28,759,train,panda,ipanda50,giant panda,session_reid,v096,,570,28:v096,,
28_sa/28_v096_f000650.jpg,28,759,train,panda,ipanda50,giant panda,session_reid,v096,,650,28:v096,,
28_sa/28_v098_f000570.jpg,28,760,train,panda,ipanda50,giant panda,session_reid,v098,,570,28:v098,,
28_sa/28_v098_f000745.jpg,28,760,train,panda,ipanda50,giant panda,session_reid,v098,,745,28:v098,,
28_sa/28_v098_f000930.jpg,28,760,train,panda,ipanda50,giant panda,session_reid,v098,,930,28:v098,,
28_sa/28_v099_f000165.jpg,28,761,train,panda,ipanda50,giant panda,session_reid,v099,,165,28:v099,,
28_sa/28_v099_f000305.jpg,28,761,train,panda,ipanda50,giant panda,session_reid,v099,,305,28:v099,,
28_sa/28_v099_f002260.jpg,28,761,train,panda,ipanda50,giant panda,session_reid,v099,,2260,28:v099,,
28_sa/28_v101_f000005.jpg,28,762,train,panda,ipanda50,giant panda,session_reid,v101,,5,28:v101,,
28_sa/28_v101_f001460.jpg,28,762,train,panda,ipanda50,giant panda,session_reid,v101,,1460,28:v101,,
28_sa/28_v101_f001485.jpg,28,762,train,panda,ipanda50,giant panda,session_reid,v101,,1485,28:v101,,
28_sa/28_v101_f001885.jpg,28,762,train,panda,ipanda50,giant panda,session_reid,v101,,1885,28:v101,,
28_sa/28_v101_f002050.jpg,28,762,train,panda,ipanda50,giant panda,session_reid,v101,,2050,28:v101,,
28_sa/28_v101_f003820.jpg,28,762,train,panda,ipanda50,giant panda,session_reid,v101,,3820,28:v101,,
28_sa/28_v102_f000150.jpg,28,763,train,panda,ipanda50,giant panda,session_reid,v102,,150,28:v102,,
28_sa/28_v102_f000280.jpg,28,763,train,panda,ipanda50,giant panda,session_reid,v102,,280,28:v102,,
28_sa/28_v102_f000570.jpg,28,763,train,panda,ipanda50,giant panda,session_reid,v102,,570,28:v102,,
28_sa/28_v102_f002565.jpg,28,763,train,panda,ipanda50,giant panda,session_reid,v102,,2565,28:v102,,
28_sa/28_v102_f002820.jpg,28,763,train,panda,ipanda50,giant panda,session_reid,v102,,2820,28:v102,,
28_sa/28_v104_f001785.jpg,28,764,train,panda,ipanda50,giant panda,session_reid,v104,,1785,28:v104,,
28_sa/28_v105_f000100.jpg,28,765,train,panda,ipanda50,giant panda,session_reid,v105,,100,28:v105,,
28_sa/28_v105_f000750.jpg,28,765,train,panda,ipanda50,giant panda,session_reid,v105,,750,28:v105,,
28_sa/28_v105_f001580.jpg,28,765,train,panda,ipanda50,giant panda,session_reid,v105,,1580,28:v105,,
28_sa/28_v110_f000085.jpg,28,766,train,panda,ipanda50,giant panda,session_reid,v110,,85,28:v110,,
28_sa/28_v110_f000155.jpg,28,766,train,panda,ipanda50,giant panda,session_reid,v110,,155,28:v110,,
28_sa/28_v110_f000630.jpg,28,766,train,panda,ipanda50,giant panda,session_reid,v110,,630,28:v110,,
28_sa/28_v113_f000930.jpg,28,767,train,panda,ipanda50,giant panda,session_reid,v113,,930,28:v113,,
28_sa/28_v114_f000005.jpg,28,768,train,panda,ipanda50,giant panda,session_reid,v114,,5,28:v114,,
28_sa/28_v114_f000075.jpg,28,768,train,panda,ipanda50,giant panda,session_reid,v114,,75,28:v114,,
28_sa/28_v114_f000140.jpg,28,768,train,panda,ipanda50,giant panda,session_reid,v114,,140,28:v114,,
28_sa/28_v114_f000165.jpg,28,768,train,panda,ipanda50,giant panda,session_reid,v114,,165,28:v114,,
28_sa/28_v114_f000195.jpg,28,768,train,panda,ipanda50,giant panda,session_reid,v114,,195,28:v114,,
28_sa/28_v114_f000870.jpg,28,768,train,panda,ipanda50,giant panda,session_reid,v114,,870,28:v114,,
28_sa/28_v114_f001195.jpg,28,768,train,panda,ipanda50,giant panda,session_reid,v114,,1195,28:v114,,
28_sa/28_v116_f000005.jpg,28,769,train,panda,ipanda50,giant panda,session_reid,v116,,5,28:v116,,
28_sa/28_v116_f000710.jpg,28,769,train,panda,ipanda50,giant panda,session_reid,v116,,710,28:v116,,
28_sa/28_v116_f001780.jpg,28,769,train,panda,ipanda50,giant panda,session_reid,v116,,1780,28:v116,,
28_sa/28_v116_f002920.jpg,28,769,train,panda,ipanda50,giant panda,session_reid,v116,,2920,28:v116,,
28_sa/28_v119_f000265.jpg,28,770,train,panda,ipanda50,giant panda,session_reid,v119,,265,28:v119,,
28_sa/28_v119_f000400.jpg,28,770,train,panda,ipanda50,giant panda,session_reid,v119,,400,28:v119,,
28_sa/28_v119_f000570.jpg,28,770,train,panda,ipanda50,giant panda,session_reid,v119,,570,28:v119,,
28_sa/28_v119_f000675.jpg,28,770,train,panda,ipanda50,giant panda,session_reid,v119,,675,28:v119,,
28_sa/28_v119_f000785.jpg,28,770,train,panda,ipanda50,giant panda,session_reid,v119,,785,28:v119,,
28_sa/28_v120_f000265.jpg,28,771,train,panda,ipanda50,giant panda,session_reid,v120,,265,28:v120,,
28_sa/28_v120_f000410.jpg,28,771,train,panda,ipanda50,giant panda,session_reid,v120,,410,28:v120,,
28_sa/28_v120_f001365.jpg,28,771,train,panda,ipanda50,giant panda,session_reid,v120,,1365,28:v120,,
28_sa/28_v127_f000095.jpg,28,772,train,panda,ipanda50,giant panda,session_reid,v127,,95,28:v127,,
28_sa/28_v127_f000410.jpg,28,772,train,panda,ipanda50,giant panda,session_reid,v127,,410,28:v127,,
29_shuangxiong/29_v001_f000005.jpg,29,773,query,panda,ipanda50,giant panda,session_reid,v001,,5,29:v001,,
29_shuangxiong/29_v001_f000585.jpg,29,773,gallery,panda,ipanda50,giant panda,session_reid,v001,,585,29:v001,,
29_shuangxiong/29_v001_f001580.jpg,29,773,gallery,panda,ipanda50,giant panda,session_reid,v001,,1580,29:v001,,
29_shuangxiong/29_v001_f002265.jpg,29,773,gallery,panda,ipanda50,giant panda,session_reid,v001,,2265,29:v001,,
29_shuangxiong/29_v001_f002330.jpg,29,773,gallery,panda,ipanda50,giant panda,session_reid,v001,,2330,29:v001,,
29_shuangxiong/29_v001_f002465.jpg,29,773,gallery,panda,ipanda50,giant panda,session_reid,v001,,2465,29:v001,,
29_shuangxiong/29_v002_f000405.jpg,29,774,query,panda,ipanda50,giant panda,session_reid,v002,,405,29:v002,,
29_shuangxiong/29_v002_f000685.jpg,29,774,gallery,panda,ipanda50,giant panda,session_reid,v002,,685,29:v002,,
29_shuangxiong/29_v002_f001685.jpg,29,774,gallery,panda,ipanda50,giant panda,session_reid,v002,,1685,29:v002,,
29_shuangxiong/29_v003_f000015.jpg,29,775,query,panda,ipanda50,giant panda,session_reid,v003,,15,29:v003,,
29_shuangxiong/29_v003_f000100.jpg,29,775,gallery,panda,ipanda50,giant panda,session_reid,v003,,100,29:v003,,
29_shuangxiong/29_v003_f000575.jpg,29,775,gallery,panda,ipanda50,giant panda,session_reid,v003,,575,29:v003,,
29_shuangxiong/29_v003_f000650.jpg,29,775,gallery,panda,ipanda50,giant panda,session_reid,v003,,650,29:v003,,
29_shuangxiong/29_v003_f000895.jpg,29,775,gallery,panda,ipanda50,giant panda,session_reid,v003,,895,29:v003,,
29_shuangxiong/29_v003_f000920.jpg,29,775,gallery,panda,ipanda50,giant panda,session_reid,v003,,920,29:v003,,
29_shuangxiong/29_v003_f001065.jpg,29,775,gallery,panda,ipanda50,giant panda,session_reid,v003,,1065,29:v003,,
29_shuangxiong/29_v003_f001850.jpg,29,775,gallery,panda,ipanda50,giant panda,session_reid,v003,,1850,29:v003,,
29_shuangxiong/29_v003_f002505.jpg,29,775,gallery,panda,ipanda50,giant panda,session_reid,v003,,2505,29:v003,,
29_shuangxiong/29_v003_f002860.jpg,29,775,gallery,panda,ipanda50,giant panda,session_reid,v003,,2860,29:v003,,
29_shuangxiong/29_v003_f002925.jpg,29,775,gallery,panda,ipanda50,giant panda,session_reid,v003,,2925,29:v003,,
29_shuangxiong/29_v004_f000120.jpg,29,776,query,panda,ipanda50,giant panda,session_reid,v004,,120,29:v004,,
29_shuangxiong/29_v004_f001035.jpg,29,776,gallery,panda,ipanda50,giant panda,session_reid,v004,,1035,29:v004,,
29_shuangxiong/29_v004_f001225.jpg,29,776,gallery,panda,ipanda50,giant panda,session_reid,v004,,1225,29:v004,,
29_shuangxiong/29_v004_f001410.jpg,29,776,gallery,panda,ipanda50,giant panda,session_reid,v004,,1410,29:v004,,
29_shuangxiong/29_v004_f002205.jpg,29,776,gallery,panda,ipanda50,giant panda,session_reid,v004,,2205,29:v004,,
29_shuangxiong/29_v005_f000005.jpg,29,777,query,panda,ipanda50,giant panda,session_reid,v005,,5,29:v005,,
29_shuangxiong/29_v005_f000465.jpg,29,777,gallery,panda,ipanda50,giant panda,session_reid,v005,,465,29:v005,,
29_shuangxiong/29_v005_f000520.jpg,29,777,gallery,panda,ipanda50,giant panda,session_reid,v005,,520,29:v005,,
29_shuangxiong/29_v006_f000440.jpg,29,778,query,panda,ipanda50,giant panda,session_reid,v006,,440,29:v006,,
29_shuangxiong/29_v006_f001205.jpg,29,778,gallery,panda,ipanda50,giant panda,session_reid,v006,,1205,29:v006,,
29_shuangxiong/29_v006_f001775.jpg,29,778,gallery,panda,ipanda50,giant panda,session_reid,v006,,1775,29:v006,,
29_shuangxiong/29_v006_f002525.jpg,29,778,gallery,panda,ipanda50,giant panda,session_reid,v006,,2525,29:v006,,
29_shuangxiong/29_v006_f002675.jpg,29,778,gallery,panda,ipanda50,giant panda,session_reid,v006,,2675,29:v006,,
29_shuangxiong/29_v006_f002885.jpg,29,778,gallery,panda,ipanda50,giant panda,session_reid,v006,,2885,29:v006,,
29_shuangxiong/29_v007_f000140.jpg,29,779,query,panda,ipanda50,giant panda,session_reid,v007,,140,29:v007,,
29_shuangxiong/29_v007_f000175.jpg,29,779,gallery,panda,ipanda50,giant panda,session_reid,v007,,175,29:v007,,
29_shuangxiong/29_v007_f000235.jpg,29,779,gallery,panda,ipanda50,giant panda,session_reid,v007,,235,29:v007,,
29_shuangxiong/29_v007_f000665.jpg,29,779,gallery,panda,ipanda50,giant panda,session_reid,v007,,665,29:v007,,
29_shuangxiong/29_v007_f000775.jpg,29,779,gallery,panda,ipanda50,giant panda,session_reid,v007,,775,29:v007,,
29_shuangxiong/29_v007_f000790.jpg,29,779,gallery,panda,ipanda50,giant panda,session_reid,v007,,790,29:v007,,
29_shuangxiong/29_v007_f000825.jpg,29,779,gallery,panda,ipanda50,giant panda,session_reid,v007,,825,29:v007,,
29_shuangxiong/29_v007_f000875.jpg,29,779,gallery,panda,ipanda50,giant panda,session_reid,v007,,875,29:v007,,
29_shuangxiong/29_v007_f000900.jpg,29,779,gallery,panda,ipanda50,giant panda,session_reid,v007,,900,29:v007,,
29_shuangxiong/29_v007_f000955.jpg,29,779,gallery,panda,ipanda50,giant panda,session_reid,v007,,955,29:v007,,
29_shuangxiong/29_v007_f001165.jpg,29,779,gallery,panda,ipanda50,giant panda,session_reid,v007,,1165,29:v007,,
29_shuangxiong/29_v007_f001255.jpg,29,779,gallery,panda,ipanda50,giant panda,session_reid,v007,,1255,29:v007,,
29_shuangxiong/29_v007_f001640.jpg,29,779,gallery,panda,ipanda50,giant panda,session_reid,v007,,1640,29:v007,,
29_shuangxiong/29_v008_f000205.jpg,29,780,query,panda,ipanda50,giant panda,session_reid,v008,,205,29:v008,,
29_shuangxiong/29_v008_f000240.jpg,29,780,gallery,panda,ipanda50,giant panda,session_reid,v008,,240,29:v008,,
29_shuangxiong/29_v008_f000875.jpg,29,780,gallery,panda,ipanda50,giant panda,session_reid,v008,,875,29:v008,,
29_shuangxiong/29_v008_f000930.jpg,29,780,gallery,panda,ipanda50,giant panda,session_reid,v008,,930,29:v008,,
29_shuangxiong/29_v008_f001060.jpg,29,780,gallery,panda,ipanda50,giant panda,session_reid,v008,,1060,29:v008,,
29_shuangxiong/29_v009_f000250.jpg,29,781,query,panda,ipanda50,giant panda,session_reid,v009,,250,29:v009,,
29_shuangxiong/29_v010_f001640.jpg,29,782,query,panda,ipanda50,giant panda,session_reid,v010,,1640,29:v010,,
29_shuangxiong/29_v010_f001715.jpg,29,782,gallery,panda,ipanda50,giant panda,session_reid,v010,,1715,29:v010,,
29_shuangxiong/29_v011_f000120.jpg,29,783,query,panda,ipanda50,giant panda,session_reid,v011,,120,29:v011,,
29_shuangxiong/29_v011_f000250.jpg,29,783,gallery,panda,ipanda50,giant panda,session_reid,v011,,250,29:v011,,
29_shuangxiong/29_v011_f000305.jpg,29,783,gallery,panda,ipanda50,giant panda,session_reid,v011,,305,29:v011,,
29_shuangxiong/29_v011_f000590.jpg,29,783,gallery,panda,ipanda50,giant panda,session_reid,v011,,590,29:v011,,
30_shuqing/30_v001_f000050.jpg,30,820,train,panda,ipanda50,giant panda,session_reid,v001,,50,30:v001,,
30_shuqing/30_v001_f000370.jpg,30,820,train,panda,ipanda50,giant panda,session_reid,v001,,370,30:v001,,
30_shuqing/30_v001_f001190.jpg,30,820,train,panda,ipanda50,giant panda,session_reid,v001,,1190,30:v001,,
30_shuqing/30_v001_f002040.jpg,30,820,train,panda,ipanda50,giant panda,session_reid,v001,,2040,30:v001,,
30_shuqing/30_v001_f004480.jpg,30,820,train,panda,ipanda50,giant panda,session_reid,v001,,4480,30:v001,,
30_shuqing/30_v001_f004835.jpg,30,820,train,panda,ipanda50,giant panda,session_reid,v001,,4835,30:v001,,
30_shuqing/30_v001_f005695.jpg,30,820,train,panda,ipanda50,giant panda,session_reid,v001,,5695,30:v001,,
30_shuqing/30_v001_f006640.jpg,30,820,train,panda,ipanda50,giant panda,session_reid,v001,,6640,30:v001,,
30_shuqing/30_v002_f000520.jpg,30,821,train,panda,ipanda50,giant panda,session_reid,v002,,520,30:v002,,
30_shuqing/30_v003_f000085.jpg,30,822,train,panda,ipanda50,giant panda,session_reid,v003,,85,30:v003,,
30_shuqing/30_v003_f000105.jpg,30,822,train,panda,ipanda50,giant panda,session_reid,v003,,105,30:v003,,
30_shuqing/30_v003_f000115.jpg,30,822,train,panda,ipanda50,giant panda,session_reid,v003,,115,30:v003,,
30_shuqing/30_v003_f000205.jpg,30,822,train,panda,ipanda50,giant panda,session_reid,v003,,205,30:v003,,
30_shuqing/30_v003_f001185.jpg,30,822,train,panda,ipanda50,giant panda,session_reid,v003,,1185,30:v003,,
30_shuqing/30_v003_f001415.jpg,30,822,train,panda,ipanda50,giant panda,session_reid,v003,,1415,30:v003,,
30_shuqing/30_v003_f002635.jpg,30,822,train,panda,ipanda50,giant panda,session_reid,v003,,2635,30:v003,,
30_shuqing/30_v003_f003120.jpg,30,822,train,panda,ipanda50,giant panda,session_reid,v003,,3120,30:v003,,
30_shuqing/30_v003_f003175.jpg,30,822,train,panda,ipanda50,giant panda,session_reid,v003,,3175,30:v003,,
30_shuqing/30_v003_f003570.jpg,30,822,train,panda,ipanda50,giant panda,session_reid,v003,,3570,30:v003,,
30_shuqing/30_v003_f003845.jpg,30,822,train,panda,ipanda50,giant panda,session_reid,v003,,3845,30:v003,,
30_shuqing/30_v003_f003910.jpg,30,822,train,panda,ipanda50,giant panda,session_reid,v003,,3910,30:v003,,
30_shuqing/30_v003_f004125.jpg,30,822,train,panda,ipanda50,giant panda,session_reid,v003,,4125,30:v003,,
30_shuqing/30_v003_f005150.jpg,30,822,train,panda,ipanda50,giant panda,session_reid,v003,,5150,30:v003,,
30_shuqing/30_v003_f005925.jpg,30,822,train,panda,ipanda50,giant panda,session_reid,v003,,5925,30:v003,,
30_shuqing/30_v003_f005965.jpg,30,822,train,panda,ipanda50,giant panda,session_reid,v003,,5965,30:v003,,
30_shuqing/30_v003_f006065.jpg,30,822,train,panda,ipanda50,giant panda,session_reid,v003,,6065,30:v003,,
30_shuqing/30_v003_f006210.jpg,30,822,train,panda,ipanda50,giant panda,session_reid,v003,,6210,30:v003,,
30_shuqing/30_v003_f006460.jpg,30,822,train,panda,ipanda50,giant panda,session_reid,v003,,6460,30:v003,,
30_shuqing/30_v003_f006825.jpg,30,822,train,panda,ipanda50,giant panda,session_reid,v003,,6825,30:v003,,
30_shuqing/30_v003_f007135.jpg,30,822,train,panda,ipanda50,giant panda,session_reid,v003,,7135,30:v003,,
30_shuqing/30_v003_f007235.jpg,30,822,train,panda,ipanda50,giant panda,session_reid,v003,,7235,30:v003,,
30_shuqing/30_v003_f008170.jpg,30,822,train,panda,ipanda50,giant panda,session_reid,v003,,8170,30:v003,,
30_shuqing/30_v003_f008205.jpg,30,822,train,panda,ipanda50,giant panda,session_reid,v003,,8205,30:v003,,
30_shuqing/30_v003_f008245.jpg,30,822,train,panda,ipanda50,giant panda,session_reid,v003,,8245,30:v003,,
30_shuqing/30_v004_f000630.jpg,30,823,train,panda,ipanda50,giant panda,session_reid,v004,,630,30:v004,,
30_shuqing/30_v004_f000645.jpg,30,823,train,panda,ipanda50,giant panda,session_reid,v004,,645,30:v004,,
30_shuqing/30_v004_f000740.jpg,30,823,train,panda,ipanda50,giant panda,session_reid,v004,,740,30:v004,,
30_shuqing/30_v004_f000840.jpg,30,823,train,panda,ipanda50,giant panda,session_reid,v004,,840,30:v004,,
30_shuqing/30_v004_f001070.jpg,30,823,train,panda,ipanda50,giant panda,session_reid,v004,,1070,30:v004,,
30_shuqing/30_v004_f001175.jpg,30,823,train,panda,ipanda50,giant panda,session_reid,v004,,1175,30:v004,,
30_shuqing/30_v004_f001255.jpg,30,823,train,panda,ipanda50,giant panda,session_reid,v004,,1255,30:v004,,
30_shuqing/30_v004_f002375.jpg,30,823,train,panda,ipanda50,giant panda,session_reid,v004,,2375,30:v004,,
30_shuqing/30_v004_f002415.jpg,30,823,train,panda,ipanda50,giant panda,session_reid,v004,,2415,30:v004,,
30_shuqing/30_v004_f002460.jpg,30,823,train,panda,ipanda50,giant panda,session_reid,v004,,2460,30:v004,,
30_shuqing/30_v004_f003575.jpg,30,823,train,panda,ipanda50,giant panda,session_reid,v004,,3575,30:v004,,
30_shuqing/30_v004_f003930.jpg,30,823,train,panda,ipanda50,giant panda,session_reid,v004,,3930,30:v004,,
30_shuqing/30_v004_f003980.jpg,30,823,train,panda,ipanda50,giant panda,session_reid,v004,,3980,30:v004,,
30_shuqing/30_v004_f004015.jpg,30,823,train,panda,ipanda50,giant panda,session_reid,v004,,4015,30:v004,,
30_shuqing/30_v004_f004045.jpg,30,823,train,panda,ipanda50,giant panda,session_reid,v004,,4045,30:v004,,
30_shuqing/30_v004_f009350.jpg,30,823,train,panda,ipanda50,giant panda,session_reid,v004,,9350,30:v004,,
30_shuqing/30_v004_f009605.jpg,30,823,train,panda,ipanda50,giant panda,session_reid,v004,,9605,30:v004,,
30_shuqing/30_v004_f010710.jpg,30,823,train,panda,ipanda50,giant panda,session_reid,v004,,10710,30:v004,,
30_shuqing/30_v005_f000005.jpg,30,824,train,panda,ipanda50,giant panda,session_reid,v005,,5,30:v005,,
30_shuqing/30_v005_f000080.jpg,30,824,train,panda,ipanda50,giant panda,session_reid,v005,,80,30:v005,,
30_shuqing/30_v005_f000105.jpg,30,824,train,panda,ipanda50,giant panda,session_reid,v005,,105,30:v005,,
30_shuqing/30_v005_f000180.jpg,30,824,train,panda,ipanda50,giant panda,session_reid,v005,,180,30:v005,,
30_shuqing/30_v005_f000355.jpg,30,824,train,panda,ipanda50,giant panda,session_reid,v005,,355,30:v005,,
30_shuqing/30_v005_f000460.jpg,30,824,train,panda,ipanda50,giant panda,session_reid,v005,,460,30:v005,,
30_shuqing/30_v005_f000495.jpg,30,824,train,panda,ipanda50,giant panda,session_reid,v005,,495,30:v005,,
30_shuqing/30_v005_f000600.jpg,30,824,train,panda,ipanda50,giant panda,session_reid,v005,,600,30:v005,,
30_shuqing/30_v005_f000650.jpg,30,824,train,panda,ipanda50,giant panda,session_reid,v005,,650,30:v005,,
30_shuqing/30_v005_f000750.jpg,30,824,train,panda,ipanda50,giant panda,session_reid,v005,,750,30:v005,,
30_shuqing/30_v005_f000925.jpg,30,824,train,panda,ipanda50,giant panda,session_reid,v005,,925,30:v005,,
30_shuqing/30_v005_f000985.jpg,30,824,train,panda,ipanda50,giant panda,session_reid,v005,,985,30:v005,,
30_shuqing/30_v005_f001050.jpg,30,824,train,panda,ipanda50,giant panda,session_reid,v005,,1050,30:v005,,
30_shuqing/30_v005_f001165.jpg,30,824,train,panda,ipanda50,giant panda,session_reid,v005,,1165,30:v005,,
30_shuqing/30_v006_f000780.jpg,30,825,train,panda,ipanda50,giant panda,session_reid,v006,,780,30:v006,,
30_shuqing/30_v006_f001800.jpg,30,825,train,panda,ipanda50,giant panda,session_reid,v006,,1800,30:v006,,
30_shuqing/30_v007_f000275.jpg,30,826,train,panda,ipanda50,giant panda,session_reid,v007,,275,30:v007,,
30_shuqing/30_v007_f000450.jpg,30,826,train,panda,ipanda50,giant panda,session_reid,v007,,450,30:v007,,
30_shuqing/30_v007_f000500.jpg,30,826,train,panda,ipanda50,giant panda,session_reid,v007,,500,30:v007,,
30_shuqing/30_v007_f000535.jpg,30,826,train,panda,ipanda50,giant panda,session_reid,v007,,535,30:v007,,
30_shuqing/30_v007_f001170.jpg,30,826,train,panda,ipanda50,giant panda,session_reid,v007,,1170,30:v007,,
30_shuqing/30_v007_f002195.jpg,30,826,train,panda,ipanda50,giant panda,session_reid,v007,,2195,30:v007,,
30_shuqing/30_v007_f002295.jpg,30,826,train,panda,ipanda50,giant panda,session_reid,v007,,2295,30:v007,,
30_shuqing/30_v008_f000205.jpg,30,827,train,panda,ipanda50,giant panda,session_reid,v008,,205,30:v008,,
30_shuqing/30_v008_f000680.jpg,30,827,train,panda,ipanda50,giant panda,session_reid,v008,,680,30:v008,,
30_shuqing/30_v009_f000005.jpg,30,828,train,panda,ipanda50,giant panda,session_reid,v009,,5,30:v009,,
30_shuqing/30_v009_f000055.jpg,30,828,train,panda,ipanda50,giant panda,session_reid,v009,,55,30:v009,,
30_shuqing/30_v009_f000120.jpg,30,828,train,panda,ipanda50,giant panda,session_reid,v009,,120,30:v009,,
30_shuqing/30_v009_f000175.jpg,30,828,train,panda,ipanda50,giant panda,session_reid,v009,,175,30:v009,,
30_shuqing/30_v009_f000470.jpg,30,828,train,panda,ipanda50,giant panda,session_reid,v009,,470,30:v009,,
30_shuqing/30_v009_f000485.jpg,30,828,train,panda,ipanda50,giant panda,session_reid,v009,,485,30:v009,,
30_shuqing/30_v009_f001440.jpg,30,828,train,panda,ipanda50,giant panda,session_reid,v009,,1440,30:v009,,
30_shuqing/30_v009_f002405.jpg,30,828,train,panda,ipanda50,giant panda,session_reid,v009,,2405,30:v009,,
30_shuqing/30_v009_f002820.jpg,30,828,train,panda,ipanda50,giant panda,session_reid,v009,,2820,30:v009,,
30_shuqing/30_v010_f001355.jpg,30,829,train,panda,ipanda50,giant panda,session_reid,v010,,1355,30:v010,,
30_shuqing/30_v011_f000005.jpg,30,830,train,panda,ipanda50,giant panda,session_reid,v011,,5,30:v011,,
30_shuqing/30_v011_f000135.jpg,30,830,train,panda,ipanda50,giant panda,session_reid,v011,,135,30:v011,,
30_shuqing/30_v011_f000305.jpg,30,830,train,panda,ipanda50,giant panda,session_reid,v011,,305,30:v011,,
30_shuqing/30_v012_f000010.jpg,30,831,train,panda,ipanda50,giant panda,session_reid,v012,,10,30:v012,,
30_shuqing/30_v012_f000030.jpg,30,831,train,panda,ipanda50,giant panda,session_reid,v012,,30,30:v012,,
30_shuqing/30_v012_f000405.jpg,30,831,train,panda,ipanda50,giant panda,session_reid,v012,,405,30:v012,,
30_shuqing/30_v012_f000480.jpg,30,831,train,panda,ipanda50,giant panda,session_reid,v012,,480,30:v012,,
30_shuqing/30_v012_f000530.jpg,30,831,train,panda,ipanda50,giant panda,session_reid,v012,,530,30:v012,,
30_shuqing/30_v012_f000555.jpg,30,831,train,panda,ipanda50,giant panda,session_reid,v012,,555,30:v012,,
30_shuqing/30_v012_f000680.jpg,30,831,train,panda,ipanda50,giant panda,session_reid,v012,,680,30:v012,,
30_shuqing/30_v012_f000955.jpg,30,831,train,panda,ipanda50,giant panda,session_reid,v012,,955,30:v012,,
30_shuqing/30_v012_f001020.jpg,30,831,train,panda,ipanda50,giant panda,session_reid,v012,,1020,30:v012,,
30_shuqing/30_v015_f000005.jpg,30,832,train,panda,ipanda50,giant panda,session_reid,v015,,5,30:v015,,
30_shuqing/30_v015_f000430.jpg,30,832,train,panda,ipanda50,giant panda,session_reid,v015,,430,30:v015,,
30_shuqing/30_v015_f003660.jpg,30,832,train,panda,ipanda50,giant panda,session_reid,v015,,3660,30:v015,,
30_shuqing/30_v015_f003695.jpg,30,832,train,panda,ipanda50,giant panda,session_reid,v015,,3695,30:v015,,
30_shuqing/30_v015_f003735.jpg,30,832,train,panda,ipanda50,giant panda,session_reid,v015,,3735,30:v015,,
30_shuqing/30_v015_f003840.jpg,30,832,train,panda,ipanda50,giant panda,session_reid,v015,,3840,30:v015,,
30_shuqing/30_v016_f000005.jpg,30,833,train,panda,ipanda50,giant panda,session_reid,v016,,5,30:v016,,
30_shuqing/30_v016_f000830.jpg,30,833,train,panda,ipanda50,giant panda,session_reid,v016,,830,30:v016,,
30_shuqing/30_v016_f000855.jpg,30,833,train,panda,ipanda50,giant panda,session_reid,v016,,855,30:v016,,
30_shuqing/30_v016_f000905.jpg,30,833,train,panda,ipanda50,giant panda,session_reid,v016,,905,30:v016,,
30_shuqing/30_v016_f001760.jpg,30,833,train,panda,ipanda50,giant panda,session_reid,v016,,1760,30:v016,,
30_shuqing/30_v016_f002080.jpg,30,833,train,panda,ipanda50,giant panda,session_reid,v016,,2080,30:v016,,
30_shuqing/30_v016_f002430.jpg,30,833,train,panda,ipanda50,giant panda,session_reid,v016,,2430,30:v016,,
30_shuqing/30_v016_f003080.jpg,30,833,train,panda,ipanda50,giant panda,session_reid,v016,,3080,30:v016,,
30_shuqing/30_v016_f003245.jpg,30,833,train,panda,ipanda50,giant panda,session_reid,v016,,3245,30:v016,,
30_shuqing/30_v016_f003295.jpg,30,833,train,panda,ipanda50,giant panda,session_reid,v016,,3295,30:v016,,
30_shuqing/30_v016_f003350.jpg,30,833,train,panda,ipanda50,giant panda,session_reid,v016,,3350,30:v016,,
30_shuqing/30_v016_f003615.jpg,30,833,train,panda,ipanda50,giant panda,session_reid,v016,,3615,30:v016,,
30_shuqing/30_v016_f003810.jpg,30,833,train,panda,ipanda50,giant panda,session_reid,v016,,3810,30:v016,,
30_shuqing/30_v016_f003895.jpg,30,833,train,panda,ipanda50,giant panda,session_reid,v016,,3895,30:v016,,
30_shuqing/30_v016_f004195.jpg,30,833,train,panda,ipanda50,giant panda,session_reid,v016,,4195,30:v016,,
30_shuqing/30_v016_f004380.jpg,30,833,train,panda,ipanda50,giant panda,session_reid,v016,,4380,30:v016,,
30_shuqing/30_v016_f005945.jpg,30,833,train,panda,ipanda50,giant panda,session_reid,v016,,5945,30:v016,,
30_shuqing/30_v017_f000005.jpg,30,834,train,panda,ipanda50,giant panda,session_reid,v017,,5,30:v017,,
30_shuqing/30_v017_f000070.jpg,30,834,train,panda,ipanda50,giant panda,session_reid,v017,,70,30:v017,,
30_shuqing/30_v017_f000300.jpg,30,834,train,panda,ipanda50,giant panda,session_reid,v017,,300,30:v017,,
30_shuqing/30_v017_f000995.jpg,30,834,train,panda,ipanda50,giant panda,session_reid,v017,,995,30:v017,,
30_shuqing/30_v017_f001100.jpg,30,834,train,panda,ipanda50,giant panda,session_reid,v017,,1100,30:v017,,
30_shuqing/30_v017_f001620.jpg,30,834,train,panda,ipanda50,giant panda,session_reid,v017,,1620,30:v017,,
30_shuqing/30_v017_f002220.jpg,30,834,train,panda,ipanda50,giant panda,session_reid,v017,,2220,30:v017,,
30_shuqing/30_v017_f002400.jpg,30,834,train,panda,ipanda50,giant panda,session_reid,v017,,2400,30:v017,,
30_shuqing/30_v017_f004215.jpg,30,834,train,panda,ipanda50,giant panda,session_reid,v017,,4215,30:v017,,
30_shuqing/30_v018_f000270.jpg,30,835,train,panda,ipanda50,giant panda,session_reid,v018,,270,30:v018,,
30_shuqing/30_v018_f001130.jpg,30,835,train,panda,ipanda50,giant panda,session_reid,v018,,1130,30:v018,,
30_shuqing/30_v018_f001145.jpg,30,835,train,panda,ipanda50,giant panda,session_reid,v018,,1145,30:v018,,
30_shuqing/30_v019_f000140.jpg,30,836,train,panda,ipanda50,giant panda,session_reid,v019,,140,30:v019,,
30_shuqing/30_v019_f000175.jpg,30,836,train,panda,ipanda50,giant panda,session_reid,v019,,175,30:v019,,
30_shuqing/30_v019_f000955.jpg,30,836,train,panda,ipanda50,giant panda,session_reid,v019,,955,30:v019,,
30_shuqing/30_v020_f000300.jpg,30,837,train,panda,ipanda50,giant panda,session_reid,v020,,300,30:v020,,
30_shuqing/30_v020_f002295.jpg,30,837,train,panda,ipanda50,giant panda,session_reid,v020,,2295,30:v020,,
30_shuqing/30_v020_f002740.jpg,30,837,train,panda,ipanda50,giant panda,session_reid,v020,,2740,30:v020,,
30_shuqing/30_v020_f002865.jpg,30,837,train,panda,ipanda50,giant panda,session_reid,v020,,2865,30:v020,,
30_shuqing/30_v020_f002890.jpg,30,837,train,panda,ipanda50,giant panda,session_reid,v020,,2890,30:v020,,
30_shuqing/30_v020_f003010.jpg,30,837,train,panda,ipanda50,giant panda,session_reid,v020,,3010,30:v020,,
30_shuqing/30_v021_f002260.jpg,30,838,train,panda,ipanda50,giant panda,session_reid,v021,,2260,30:v021,,
30_shuqing/30_v021_f006580.jpg,30,838,train,panda,ipanda50,giant panda,session_reid,v021,,6580,30:v021,,
30_shuqing/30_v021_f006615.jpg,30,838,train,panda,ipanda50,giant panda,session_reid,v021,,6615,30:v021,,
30_shuqing/30_v021_f006630.jpg,30,838,train,panda,ipanda50,giant panda,session_reid,v021,,6630,30:v021,,
30_shuqing/30_v022_f001170.jpg,30,839,train,panda,ipanda50,giant panda,session_reid,v022,,1170,30:v022,,
30_shuqing/30_v022_f001215.jpg,30,839,train,panda,ipanda50,giant panda,session_reid,v022,,1215,30:v022,,
30_shuqing/30_v022_f002185.jpg,30,839,train,panda,ipanda50,giant panda,session_reid,v022,,2185,30:v022,,
30_shuqing/30_v022_f002215.jpg,30,839,train,panda,ipanda50,giant panda,session_reid,v022,,2215,30:v022,,
30_shuqing/30_v022_f002330.jpg,30,839,train,panda,ipanda50,giant panda,session_reid,v022,,2330,30:v022,,
30_shuqing/30_v023_f000935.jpg,30,840,train,panda,ipanda50,giant panda,session_reid,v023,,935,30:v023,,
30_shuqing/30_v023_f001360.jpg,30,840,train,panda,ipanda50,giant panda,session_reid,v023,,1360,30:v023,,
30_shuqing/30_v023_f002210.jpg,30,840,train,panda,ipanda50,giant panda,session_reid,v023,,2210,30:v023,,
30_shuqing/30_v023_f002275.jpg,30,840,train,panda,ipanda50,giant panda,session_reid,v023,,2275,30:v023,,
30_shuqing/30_v023_f002380.jpg,30,840,train,panda,ipanda50,giant panda,session_reid,v023,,2380,30:v023,,
30_shuqing/30_v023_f003655.jpg,30,840,train,panda,ipanda50,giant panda,session_reid,v023,,3655,30:v023,,
30_shuqing/30_v023_f003860.jpg,30,840,train,panda,ipanda50,giant panda,session_reid,v023,,3860,30:v023,,
30_shuqing/30_v023_f006810.jpg,30,840,train,panda,ipanda50,giant panda,session_reid,v023,,6810,30:v023,,
30_shuqing/30_v023_f007310.jpg,30,840,train,panda,ipanda50,giant panda,session_reid,v023,,7310,30:v023,,
30_shuqing/30_v024_f000625.jpg,30,841,train,panda,ipanda50,giant panda,session_reid,v024,,625,30:v024,,
30_shuqing/30_v024_f000725.jpg,30,841,train,panda,ipanda50,giant panda,session_reid,v024,,725,30:v024,,
30_shuqing/30_v025_f002170.jpg,30,842,train,panda,ipanda50,giant panda,session_reid,v025,,2170,30:v025,,
31_shurong/31_v001_f000005.jpg,31,843,query,panda,ipanda50,giant panda,session_reid,v001,,5,31:v001,,
31_shurong/31_v001_f000110.jpg,31,843,gallery,panda,ipanda50,giant panda,session_reid,v001,,110,31:v001,,
31_shurong/31_v001_f000175.jpg,31,843,gallery,panda,ipanda50,giant panda,session_reid,v001,,175,31:v001,,
31_shurong/31_v001_f000295.jpg,31,843,gallery,panda,ipanda50,giant panda,session_reid,v001,,295,31:v001,,
31_shurong/31_v001_f000390.jpg,31,843,gallery,panda,ipanda50,giant panda,session_reid,v001,,390,31:v001,,
31_shurong/31_v002_f000005.jpg,31,844,query,panda,ipanda50,giant panda,session_reid,v002,,5,31:v002,,
31_shurong/31_v002_f000295.jpg,31,844,gallery,panda,ipanda50,giant panda,session_reid,v002,,295,31:v002,,
31_shurong/31_v002_f000380.jpg,31,844,gallery,panda,ipanda50,giant panda,session_reid,v002,,380,31:v002,,
31_shurong/31_v002_f002390.jpg,31,844,gallery,panda,ipanda50,giant panda,session_reid,v002,,2390,31:v002,,
31_shurong/31_v003_f000240.jpg,31,845,query,panda,ipanda50,giant panda,session_reid,v003,,240,31:v003,,
31_shurong/31_v003_f000445.jpg,31,845,gallery,panda,ipanda50,giant panda,session_reid,v003,,445,31:v003,,
31_shurong/31_v004_f000005.jpg,31,846,query,panda,ipanda50,giant panda,session_reid,v004,,5,31:v004,,
31_shurong/31_v004_f000045.jpg,31,846,gallery,panda,ipanda50,giant panda,session_reid,v004,,45,31:v004,,
31_shurong/31_v004_f000180.jpg,31,846,gallery,panda,ipanda50,giant panda,session_reid,v004,,180,31:v004,,
31_shurong/31_v004_f000270.jpg,31,846,gallery,panda,ipanda50,giant panda,session_reid,v004,,270,31:v004,,
31_shurong/31_v004_f000360.jpg,31,846,gallery,panda,ipanda50,giant panda,session_reid,v004,,360,31:v004,,
31_shurong/31_v004_f000380.jpg,31,846,gallery,panda,ipanda50,giant panda,session_reid,v004,,380,31:v004,,
31_shurong/31_v004_f000620.jpg,31,846,gallery,panda,ipanda50,giant panda,session_reid,v004,,620,31:v004,,
31_shurong/31_v004_f001765.jpg,31,846,gallery,panda,ipanda50,giant panda,session_reid,v004,,1765,31:v004,,
31_shurong/31_v004_f002080.jpg,31,846,gallery,panda,ipanda50,giant panda,session_reid,v004,,2080,31:v004,,
31_shurong/31_v004_f002095.jpg,31,846,gallery,panda,ipanda50,giant panda,session_reid,v004,,2095,31:v004,,
31_shurong/31_v004_f003020.jpg,31,846,gallery,panda,ipanda50,giant panda,session_reid,v004,,3020,31:v004,,
31_shurong/31_v004_f003100.jpg,31,846,gallery,panda,ipanda50,giant panda,session_reid,v004,,3100,31:v004,,
31_shurong/31_v004_f003125.jpg,31,846,gallery,panda,ipanda50,giant panda,session_reid,v004,,3125,31:v004,,
31_shurong/31_v004_f003255.jpg,31,846,gallery,panda,ipanda50,giant panda,session_reid,v004,,3255,31:v004,,
31_shurong/31_v004_f003495.jpg,31,846,gallery,panda,ipanda50,giant panda,session_reid,v004,,3495,31:v004,,
31_shurong/31_v004_f003530.jpg,31,846,gallery,panda,ipanda50,giant panda,session_reid,v004,,3530,31:v004,,
31_shurong/31_v005_f000005.jpg,31,847,query,panda,ipanda50,giant panda,session_reid,v005,,5,31:v005,,
31_shurong/31_v005_f000445.jpg,31,847,gallery,panda,ipanda50,giant panda,session_reid,v005,,445,31:v005,,
31_shurong/31_v005_f001380.jpg,31,847,gallery,panda,ipanda50,giant panda,session_reid,v005,,1380,31:v005,,
31_shurong/31_v005_f001425.jpg,31,847,gallery,panda,ipanda50,giant panda,session_reid,v005,,1425,31:v005,,
31_shurong/31_v005_f001765.jpg,31,847,gallery,panda,ipanda50,giant panda,session_reid,v005,,1765,31:v005,,
31_shurong/31_v005_f001805.jpg,31,847,gallery,panda,ipanda50,giant panda,session_reid,v005,,1805,31:v005,,
31_shurong/31_v005_f002000.jpg,31,847,gallery,panda,ipanda50,giant panda,session_reid,v005,,2000,31:v005,,
31_shurong/31_v005_f002195.jpg,31,847,gallery,panda,ipanda50,giant panda,session_reid,v005,,2195,31:v005,,
31_shurong/31_v005_f003305.jpg,31,847,gallery,panda,ipanda50,giant panda,session_reid,v005,,3305,31:v005,,
31_shurong/31_v005_f003380.jpg,31,847,gallery,panda,ipanda50,giant panda,session_reid,v005,,3380,31:v005,,
31_shurong/31_v005_f003680.jpg,31,847,gallery,panda,ipanda50,giant panda,session_reid,v005,,3680,31:v005,,
31_shurong/31_v005_f003705.jpg,31,847,gallery,panda,ipanda50,giant panda,session_reid,v005,,3705,31:v005,,
31_shurong/31_v005_f003720.jpg,31,847,gallery,panda,ipanda50,giant panda,session_reid,v005,,3720,31:v005,,
31_shurong/31_v005_f003810.jpg,31,847,gallery,panda,ipanda50,giant panda,session_reid,v005,,3810,31:v005,,
31_shurong/31_v005_f003855.jpg,31,847,gallery,panda,ipanda50,giant panda,session_reid,v005,,3855,31:v005,,
31_shurong/31_v005_f003945.jpg,31,847,gallery,panda,ipanda50,giant panda,session_reid,v005,,3945,31:v005,,
31_shurong/31_v005_f004000.jpg,31,847,gallery,panda,ipanda50,giant panda,session_reid,v005,,4000,31:v005,,
31_shurong/31_v006_f000090.jpg,31,848,query,panda,ipanda50,giant panda,session_reid,v006,,90,31:v006,,
31_shurong/31_v006_f000120.jpg,31,848,gallery,panda,ipanda50,giant panda,session_reid,v006,,120,31:v006,,
31_shurong/31_v006_f000155.jpg,31,848,gallery,panda,ipanda50,giant panda,session_reid,v006,,155,31:v006,,
31_shurong/31_v006_f000235.jpg,31,848,gallery,panda,ipanda50,giant panda,session_reid,v006,,235,31:v006,,
31_shurong/31_v006_f000240.jpg,31,848,gallery,panda,ipanda50,giant panda,session_reid,v006,,240,31:v006,,
31_shurong/31_v006_f000270.jpg,31,848,gallery,panda,ipanda50,giant panda,session_reid,v006,,270,31:v006,,
31_shurong/31_v006_f000300.jpg,31,848,gallery,panda,ipanda50,giant panda,session_reid,v006,,300,31:v006,,
31_shurong/31_v006_f000310.jpg,31,848,gallery,panda,ipanda50,giant panda,session_reid,v006,,310,31:v006,,
31_shurong/31_v006_f000330.jpg,31,848,gallery,panda,ipanda50,giant panda,session_reid,v006,,330,31:v006,,
31_shurong/31_v006_f001070.jpg,31,848,gallery,panda,ipanda50,giant panda,session_reid,v006,,1070,31:v006,,
31_shurong/31_v006_f001175.jpg,31,848,gallery,panda,ipanda50,giant panda,session_reid,v006,,1175,31:v006,,
31_shurong/31_v006_f001210.jpg,31,848,gallery,panda,ipanda50,giant panda,session_reid,v006,,1210,31:v006,,
31_shurong/31_v006_f001240.jpg,31,848,gallery,panda,ipanda50,giant panda,session_reid,v006,,1240,31:v006,,
31_shurong/31_v006_f001355.jpg,31,848,gallery,panda,ipanda50,giant panda,session_reid,v006,,1355,31:v006,,
31_shurong/31_v006_f001800.jpg,31,848,gallery,panda,ipanda50,giant panda,session_reid,v006,,1800,31:v006,,
31_shurong/31_v006_f001865.jpg,31,848,gallery,panda,ipanda50,giant panda,session_reid,v006,,1865,31:v006,,
31_shurong/31_v006_f001890.jpg,31,848,gallery,panda,ipanda50,giant panda,session_reid,v006,,1890,31:v006,,
31_shurong/31_v006_f001915.jpg,31,848,gallery,panda,ipanda50,giant panda,session_reid,v006,,1915,31:v006,,
31_shurong/31_v006_f001945.jpg,31,848,gallery,panda,ipanda50,giant panda,session_reid,v006,,1945,31:v006,,
31_shurong/31_v006_f002045.jpg,31,848,gallery,panda,ipanda50,giant panda,session_reid,v006,,2045,31:v006,,
31_shurong/31_v006_f002090.jpg,31,848,gallery,panda,ipanda50,giant panda,session_reid,v006,,2090,31:v006,,
31_shurong/31_v007_f000005.jpg,31,849,query,panda,ipanda50,giant panda,session_reid,v007,,5,31:v007,,
31_shurong/31_v007_f000670.jpg,31,849,gallery,panda,ipanda50,giant panda,session_reid,v007,,670,31:v007,,
31_shurong/31_v007_f000895.jpg,31,849,gallery,panda,ipanda50,giant panda,session_reid,v007,,895,31:v007,,
31_shurong/31_v007_f000945.jpg,31,849,gallery,panda,ipanda50,giant panda,session_reid,v007,,945,31:v007,,
31_shurong/31_v007_f001125.jpg,31,849,gallery,panda,ipanda50,giant panda,session_reid,v007,,1125,31:v007,,
31_shurong/31_v007_f001275.jpg,31,849,gallery,panda,ipanda50,giant panda,session_reid,v007,,1275,31:v007,,
31_shurong/31_v007_f001310.jpg,31,849,gallery,panda,ipanda50,giant panda,session_reid,v007,,1310,31:v007,,
31_shurong/31_v007_f001340.jpg,31,849,gallery,panda,ipanda50,giant panda,session_reid,v007,,1340,31:v007,,
31_shurong/31_v008_f000005.jpg,31,850,query,panda,ipanda50,giant panda,session_reid,v008,,5,31:v008,,
31_shurong/31_v008_f000125.jpg,31,850,gallery,panda,ipanda50,giant panda,session_reid,v008,,125,31:v008,,
31_shurong/31_v008_f000170.jpg,31,850,gallery,panda,ipanda50,giant panda,session_reid,v008,,170,31:v008,,
31_shurong/31_v008_f000245.jpg,31,850,gallery,panda,ipanda50,giant panda,session_reid,v008,,245,31:v008,,
31_shurong/31_v008_f000255.jpg,31,850,gallery,panda,ipanda50,giant panda,session_reid,v008,,255,31:v008,,
31_shurong/31_v008_f000285.jpg,31,850,gallery,panda,ipanda50,giant panda,session_reid,v008,,285,31:v008,,
31_shurong/31_v008_f000295.jpg,31,850,gallery,panda,ipanda50,giant panda,session_reid,v008,,295,31:v008,,
31_shurong/31_v008_f000315.jpg,31,850,gallery,panda,ipanda50,giant panda,session_reid,v008,,315,31:v008,,
31_shurong/31_v008_f000365.jpg,31,850,gallery,panda,ipanda50,giant panda,session_reid,v008,,365,31:v008,,
31_shurong/31_v008_f000415.jpg,31,850,gallery,panda,ipanda50,giant panda,session_reid,v008,,415,31:v008,,
31_shurong/31_v008_f000540.jpg,31,850,gallery,panda,ipanda50,giant panda,session_reid,v008,,540,31:v008,,
31_shurong/31_v008_f000575.jpg,31,850,gallery,panda,ipanda50,giant panda,session_reid,v008,,575,31:v008,,
31_shurong/31_v008_f000750.jpg,31,850,gallery,panda,ipanda50,giant panda,session_reid,v008,,750,31:v008,,
31_shurong/31_v008_f000935.jpg,31,850,gallery,panda,ipanda50,giant panda,session_reid,v008,,935,31:v008,,
31_shurong/31_v008_f001050.jpg,31,850,gallery,panda,ipanda50,giant panda,session_reid,v008,,1050,31:v008,,
31_shurong/31_v008_f001700.jpg,31,850,gallery,panda,ipanda50,giant panda,session_reid,v008,,1700,31:v008,,
31_shurong/31_v008_f002505.jpg,31,850,gallery,panda,ipanda50,giant panda,session_reid,v008,,2505,31:v008,,
31_shurong/31_v008_f002755.jpg,31,850,gallery,panda,ipanda50,giant panda,session_reid,v008,,2755,31:v008,,
31_shurong/31_v008_f002850.jpg,31,850,gallery,panda,ipanda50,giant panda,session_reid,v008,,2850,31:v008,,
31_shurong/31_v008_f002880.jpg,31,850,gallery,panda,ipanda50,giant panda,session_reid,v008,,2880,31:v008,,
31_shurong/31_v008_f003780.jpg,31,850,gallery,panda,ipanda50,giant panda,session_reid,v008,,3780,31:v008,,
31_shurong/31_v008_f004555.jpg,31,850,gallery,panda,ipanda50,giant panda,session_reid,v008,,4555,31:v008,,
32_susu/32_v001_f000070.jpg,32,851,train,panda,ipanda50,giant panda,session_reid,v001,,70,32:v001,,
32_susu/32_v001_f000350.jpg,32,851,train,panda,ipanda50,giant panda,session_reid,v001,,350,32:v001,,
32_susu/32_v002_f000005.jpg,32,852,train,panda,ipanda50,giant panda,session_reid,v002,,5,32:v002,,
32_susu/32_v002_f000265.jpg,32,852,train,panda,ipanda50,giant panda,session_reid,v002,,265,32:v002,,
32_susu/32_v002_f001710.jpg,32,852,train,panda,ipanda50,giant panda,session_reid,v002,,1710,32:v002,,
32_susu/32_v002_f002345.jpg,32,852,train,panda,ipanda50,giant panda,session_reid,v002,,2345,32:v002,,
32_susu/32_v002_f002445.jpg,32,852,train,panda,ipanda50,giant panda,session_reid,v002,,2445,32:v002,,
32_susu/32_v002_f002665.jpg,32,852,train,panda,ipanda50,giant panda,session_reid,v002,,2665,32:v002,,
32_susu/32_v002_f002715.jpg,32,852,train,panda,ipanda50,giant panda,session_reid,v002,,2715,32:v002,,
32_susu/32_v003_f000005.jpg,32,853,train,panda,ipanda50,giant panda,session_reid,v003,,5,32:v003,,
32_susu/32_v003_f000430.jpg,32,853,train,panda,ipanda50,giant panda,session_reid,v003,,430,32:v003,,
32_susu/32_v003_f001945.jpg,32,853,train,panda,ipanda50,giant panda,session_reid,v003,,1945,32:v003,,
32_susu/32_v003_f002120.jpg,32,853,train,panda,ipanda50,giant panda,session_reid,v003,,2120,32:v003,,
32_susu/32_v003_f002705.jpg,32,853,train,panda,ipanda50,giant panda,session_reid,v003,,2705,32:v003,,
32_susu/32_v003_f002825.jpg,32,853,train,panda,ipanda50,giant panda,session_reid,v003,,2825,32:v003,,
32_susu/32_v003_f002870.jpg,32,853,train,panda,ipanda50,giant panda,session_reid,v003,,2870,32:v003,,
32_susu/32_v003_f002890.jpg,32,853,train,panda,ipanda50,giant panda,session_reid,v003,,2890,32:v003,,
32_susu/32_v004_f001640.jpg,32,854,train,panda,ipanda50,giant panda,session_reid,v004,,1640,32:v004,,
32_susu/32_v004_f002210.jpg,32,854,train,panda,ipanda50,giant panda,session_reid,v004,,2210,32:v004,,
32_susu/32_v004_f003190.jpg,32,854,train,panda,ipanda50,giant panda,session_reid,v004,,3190,32:v004,,
32_susu/32_v005_f000005.jpg,32,855,train,panda,ipanda50,giant panda,session_reid,v005,,5,32:v005,,
32_susu/32_v005_f001235.jpg,32,855,train,panda,ipanda50,giant panda,session_reid,v005,,1235,32:v005,,
32_susu/32_v005_f001325.jpg,32,855,train,panda,ipanda50,giant panda,session_reid,v005,,1325,32:v005,,
32_susu/32_v005_f001355.jpg,32,855,train,panda,ipanda50,giant panda,session_reid,v005,,1355,32:v005,,
32_susu/32_v005_f001555.jpg,32,855,train,panda,ipanda50,giant panda,session_reid,v005,,1555,32:v005,,
32_susu/32_v005_f003780.jpg,32,855,train,panda,ipanda50,giant panda,session_reid,v005,,3780,32:v005,,
32_susu/32_v006_f000675.jpg,32,856,train,panda,ipanda50,giant panda,session_reid,v006,,675,32:v006,,
32_susu/32_v006_f004085.jpg,32,856,train,panda,ipanda50,giant panda,session_reid,v006,,4085,32:v006,,
32_susu/32_v007_f000085.jpg,32,857,train,panda,ipanda50,giant panda,session_reid,v007,,85,32:v007,,
32_susu/32_v007_f000480.jpg,32,857,train,panda,ipanda50,giant panda,session_reid,v007,,480,32:v007,,
32_susu/32_v008_f003415.jpg,32,858,train,panda,ipanda50,giant panda,session_reid,v008,,3415,32:v008,,
32_susu/32_v008_f005190.jpg,32,858,train,panda,ipanda50,giant panda,session_reid,v008,,5190,32:v008,,
32_susu/32_v008_f007860.jpg,32,858,train,panda,ipanda50,giant panda,session_reid,v008,,7860,32:v008,,
32_susu/32_v008_f007910.jpg,32,858,train,panda,ipanda50,giant panda,session_reid,v008,,7910,32:v008,,
32_susu/32_v008_f007935.jpg,32,858,train,panda,ipanda50,giant panda,session_reid,v008,,7935,32:v008,,
32_susu/32_v009_f000155.jpg,32,859,train,panda,ipanda50,giant panda,session_reid,v009,,155,32:v009,,
32_susu/32_v009_f010690.jpg,32,859,train,panda,ipanda50,giant panda,session_reid,v009,,10690,32:v009,,
32_susu/32_v009_f010995.jpg,32,859,train,panda,ipanda50,giant panda,session_reid,v009,,10995,32:v009,,
32_susu/32_v010_f000410.jpg,32,860,train,panda,ipanda50,giant panda,session_reid,v010,,410,32:v010,,
32_susu/32_v010_f000770.jpg,32,860,train,panda,ipanda50,giant panda,session_reid,v010,,770,32:v010,,
32_susu/32_v011_f000765.jpg,32,861,train,panda,ipanda50,giant panda,session_reid,v011,,765,32:v011,,
32_susu/32_v011_f001615.jpg,32,861,train,panda,ipanda50,giant panda,session_reid,v011,,1615,32:v011,,
32_susu/32_v011_f003570.jpg,32,861,train,panda,ipanda50,giant panda,session_reid,v011,,3570,32:v011,,
32_susu/32_v011_f003655.jpg,32,861,train,panda,ipanda50,giant panda,session_reid,v011,,3655,32:v011,,
32_susu/32_v012_f000005.jpg,32,862,train,panda,ipanda50,giant panda,session_reid,v012,,5,32:v012,,
32_susu/32_v012_f000035.jpg,32,862,train,panda,ipanda50,giant panda,session_reid,v012,,35,32:v012,,
32_susu/32_v012_f000340.jpg,32,862,train,panda,ipanda50,giant panda,session_reid,v012,,340,32:v012,,
32_susu/32_v012_f000385.jpg,32,862,train,panda,ipanda50,giant panda,session_reid,v012,,385,32:v012,,
32_susu/32_v012_f000490.jpg,32,862,train,panda,ipanda50,giant panda,session_reid,v012,,490,32:v012,,
32_susu/32_v012_f001200.jpg,32,862,train,panda,ipanda50,giant panda,session_reid,v012,,1200,32:v012,,
32_susu/32_v013_f000225.jpg,32,863,train,panda,ipanda50,giant panda,session_reid,v013,,225,32:v013,,
32_susu/32_v013_f000765.jpg,32,863,train,panda,ipanda50,giant panda,session_reid,v013,,765,32:v013,,
32_susu/32_v013_f001710.jpg,32,863,train,panda,ipanda50,giant panda,session_reid,v013,,1710,32:v013,,
32_susu/32_v014_f000005.jpg,32,864,train,panda,ipanda50,giant panda,session_reid,v014,,5,32:v014,,
32_susu/32_v014_f001555.jpg,32,864,train,panda,ipanda50,giant panda,session_reid,v014,,1555,32:v014,,
32_susu/32_v015_f003715.jpg,32,865,train,panda,ipanda50,giant panda,session_reid,v015,,3715,32:v015,,
32_susu/32_v016_f000005.jpg,32,866,train,panda,ipanda50,giant panda,session_reid,v016,,5,32:v016,,
32_susu/32_v016_f002355.jpg,32,866,train,panda,ipanda50,giant panda,session_reid,v016,,2355,32:v016,,
32_susu/32_v017_f000420.jpg,32,867,train,panda,ipanda50,giant panda,session_reid,v017,,420,32:v017,,
32_susu/32_v017_f002700.jpg,32,867,train,panda,ipanda50,giant panda,session_reid,v017,,2700,32:v017,,
32_susu/32_v018_f011050.jpg,32,868,train,panda,ipanda50,giant panda,session_reid,v018,,11050,32:v018,,
32_susu/32_v018_f011390.jpg,32,868,train,panda,ipanda50,giant panda,session_reid,v018,,11390,32:v018,,
32_susu/32_v019_f000935.jpg,32,869,train,panda,ipanda50,giant panda,session_reid,v019,,935,32:v019,,
32_susu/32_v019_f001555.jpg,32,869,train,panda,ipanda50,giant panda,session_reid,v019,,1555,32:v019,,
32_susu/32_v019_f001775.jpg,32,869,train,panda,ipanda50,giant panda,session_reid,v019,,1775,32:v019,,
32_susu/32_v019_f010300.jpg,32,869,train,panda,ipanda50,giant panda,session_reid,v019,,10300,32:v019,,
32_susu/32_v019_f010315.jpg,32,869,train,panda,ipanda50,giant panda,session_reid,v019,,10315,32:v019,,
32_susu/32_v019_f010370.jpg,32,869,train,panda,ipanda50,giant panda,session_reid,v019,,10370,32:v019,,
32_susu/32_v019_f010865.jpg,32,869,train,panda,ipanda50,giant panda,session_reid,v019,,10865,32:v019,,
32_susu/32_v019_f011140.jpg,32,869,train,panda,ipanda50,giant panda,session_reid,v019,,11140,32:v019,,
32_susu/32_v019_f011255.jpg,32,869,train,panda,ipanda50,giant panda,session_reid,v019,,11255,32:v019,,
32_susu/32_v019_f011365.jpg,32,869,train,panda,ipanda50,giant panda,session_reid,v019,,11365,32:v019,,
32_susu/32_v020_f000005.jpg,32,870,train,panda,ipanda50,giant panda,session_reid,v020,,5,32:v020,,
32_susu/32_v020_f000080.jpg,32,870,train,panda,ipanda50,giant panda,session_reid,v020,,80,32:v020,,
32_susu/32_v020_f000475.jpg,32,870,train,panda,ipanda50,giant panda,session_reid,v020,,475,32:v020,,
32_susu/32_v021_f000085.jpg,32,871,train,panda,ipanda50,giant panda,session_reid,v021,,85,32:v021,,
32_susu/32_v021_f004990.jpg,32,871,train,panda,ipanda50,giant panda,session_reid,v021,,4990,32:v021,,
32_susu/32_v021_f010995.jpg,32,871,train,panda,ipanda50,giant panda,session_reid,v021,,10995,32:v021,,
32_susu/32_v022_f000085.jpg,32,872,train,panda,ipanda50,giant panda,session_reid,v022,,85,32:v022,,
32_susu/32_v024_f000005.jpg,32,873,train,panda,ipanda50,giant panda,session_reid,v024,,5,32:v024,,
32_susu/32_v024_f000175.jpg,32,873,train,panda,ipanda50,giant panda,session_reid,v024,,175,32:v024,,
32_susu/32_v024_f000305.jpg,32,873,train,panda,ipanda50,giant panda,session_reid,v024,,305,32:v024,,
32_susu/32_v024_f000895.jpg,32,873,train,panda,ipanda50,giant panda,session_reid,v024,,895,32:v024,,
32_susu/32_v024_f000925.jpg,32,873,train,panda,ipanda50,giant panda,session_reid,v024,,925,32:v024,,
32_susu/32_v024_f000995.jpg,32,873,train,panda,ipanda50,giant panda,session_reid,v024,,995,32:v024,,
32_susu/32_v024_f001430.jpg,32,873,train,panda,ipanda50,giant panda,session_reid,v024,,1430,32:v024,,
32_susu/32_v024_f001540.jpg,32,873,train,panda,ipanda50,giant panda,session_reid,v024,,1540,32:v024,,
32_susu/32_v024_f001605.jpg,32,873,train,panda,ipanda50,giant panda,session_reid,v024,,1605,32:v024,,
32_susu/32_v024_f001645.jpg,32,873,train,panda,ipanda50,giant panda,session_reid,v024,,1645,32:v024,,
32_susu/32_v024_f001955.jpg,32,873,train,panda,ipanda50,giant panda,session_reid,v024,,1955,32:v024,,
32_susu/32_v024_f002825.jpg,32,873,train,panda,ipanda50,giant panda,session_reid,v024,,2825,32:v024,,
32_susu/32_v024_f002915.jpg,32,873,train,panda,ipanda50,giant panda,session_reid,v024,,2915,32:v024,,
32_susu/32_v025_f000005.jpg,32,874,train,panda,ipanda50,giant panda,session_reid,v025,,5,32:v025,,
32_susu/32_v026_f000005.jpg,32,875,train,panda,ipanda50,giant panda,session_reid,v026,,5,32:v026,,
32_susu/32_v026_f000085.jpg,32,875,train,panda,ipanda50,giant panda,session_reid,v026,,85,32:v026,,
32_susu/32_v027_f000425.jpg,32,876,train,panda,ipanda50,giant panda,session_reid,v027,,425,32:v027,,
32_susu/32_v027_f001530.jpg,32,876,train,panda,ipanda50,giant panda,session_reid,v027,,1530,32:v027,,
32_susu/32_v027_f001870.jpg,32,876,train,panda,ipanda50,giant panda,session_reid,v027,,1870,32:v027,,
32_susu/32_v027_f002295.jpg,32,876,train,panda,ipanda50,giant panda,session_reid,v027,,2295,32:v027,,
32_susu/32_v027_f008925.jpg,32,876,train,panda,ipanda50,giant panda,session_reid,v027,,8925,32:v027,,
32_susu/32_v028_f000005.jpg,32,877,train,panda,ipanda50,giant panda,session_reid,v028,,5,32:v028,,
32_susu/32_v028_f000205.jpg,32,877,train,panda,ipanda50,giant panda,session_reid,v028,,205,32:v028,,
32_susu/32_v028_f000305.jpg,32,877,train,panda,ipanda50,giant panda,session_reid,v028,,305,32:v028,,
32_susu/32_v028_f000670.jpg,32,877,train,panda,ipanda50,giant panda,session_reid,v028,,670,32:v028,,
32_susu/32_v029_f000030.jpg,32,878,train,panda,ipanda50,giant panda,session_reid,v029,,30,32:v029,,
32_susu/32_v029_f000370.jpg,32,878,train,panda,ipanda50,giant panda,session_reid,v029,,370,32:v029,,
32_susu/32_v029_f000855.jpg,32,878,train,panda,ipanda50,giant panda,session_reid,v029,,855,32:v029,,
32_susu/32_v029_f001260.jpg,32,878,train,panda,ipanda50,giant panda,session_reid,v029,,1260,32:v029,,
32_susu/32_v029_f001655.jpg,32,878,train,panda,ipanda50,giant panda,session_reid,v029,,1655,32:v029,,
32_susu/32_v030_f000005.jpg,32,879,train,panda,ipanda50,giant panda,session_reid,v030,,5,32:v030,,
32_susu/32_v030_f000520.jpg,32,879,train,panda,ipanda50,giant panda,session_reid,v030,,520,32:v030,,
32_susu/32_v030_f002445.jpg,32,879,train,panda,ipanda50,giant panda,session_reid,v030,,2445,32:v030,,
32_susu/32_v030_f003005.jpg,32,879,train,panda,ipanda50,giant panda,session_reid,v030,,3005,32:v030,,
32_susu/32_v030_f003180.jpg,32,879,train,panda,ipanda50,giant panda,session_reid,v030,,3180,32:v030,,
32_susu/32_v031_f000850.jpg,32,880,train,panda,ipanda50,giant panda,session_reid,v031,,850,32:v031,,
32_susu/32_v031_f001130.jpg,32,880,train,panda,ipanda50,giant panda,session_reid,v031,,1130,32:v031,,
32_susu/32_v031_f002910.jpg,32,880,train,panda,ipanda50,giant panda,session_reid,v031,,2910,32:v031,,
32_susu/32_v032_f000160.jpg,32,881,train,panda,ipanda50,giant panda,session_reid,v032,,160,32:v032,,
32_susu/32_v032_f000605.jpg,32,881,train,panda,ipanda50,giant panda,session_reid,v032,,605,32:v032,,
32_susu/32_v032_f000755.jpg,32,881,train,panda,ipanda50,giant panda,session_reid,v032,,755,32:v032,,
32_susu/32_v032_f000950.jpg,32,881,train,panda,ipanda50,giant panda,session_reid,v032,,950,32:v032,,
32_susu/32_v032_f001180.jpg,32,881,train,panda,ipanda50,giant panda,session_reid,v032,,1180,32:v032,,
32_susu/32_v032_f005680.jpg,32,881,train,panda,ipanda50,giant panda,session_reid,v032,,5680,32:v032,,
32_susu/32_v032_f007405.jpg,32,881,train,panda,ipanda50,giant panda,session_reid,v032,,7405,32:v032,,
32_susu/32_v033_f000225.jpg,32,882,train,panda,ipanda50,giant panda,session_reid,v033,,225,32:v033,,
32_susu/32_v033_f000555.jpg,32,882,train,panda,ipanda50,giant panda,session_reid,v033,,555,32:v033,,
32_susu/32_v033_f000720.jpg,32,882,train,panda,ipanda50,giant panda,session_reid,v033,,720,32:v033,,
32_susu/32_v033_f000770.jpg,32,882,train,panda,ipanda50,giant panda,session_reid,v033,,770,32:v033,,
32_susu/32_v033_f001060.jpg,32,882,train,panda,ipanda50,giant panda,session_reid,v033,,1060,32:v033,,
32_susu/32_v033_f001380.jpg,32,882,train,panda,ipanda50,giant panda,session_reid,v033,,1380,32:v033,,
32_susu/32_v033_f002160.jpg,32,882,train,panda,ipanda50,giant panda,session_reid,v033,,2160,32:v033,,
32_susu/32_v033_f002510.jpg,32,882,train,panda,ipanda50,giant panda,session_reid,v033,,2510,32:v033,,
32_susu/32_v033_f002805.jpg,32,882,train,panda,ipanda50,giant panda,session_reid,v033,,2805,32:v033,,
32_susu/32_v033_f003010.jpg,32,882,train,panda,ipanda50,giant panda,session_reid,v033,,3010,32:v033,,
32_susu/32_v034_f000720.jpg,32,883,train,panda,ipanda50,giant panda,session_reid,v034,,720,32:v034,,
32_susu/32_v035_f000055.jpg,32,884,train,panda,ipanda50,giant panda,session_reid,v035,,55,32:v035,,
32_susu/32_v035_f000130.jpg,32,884,train,panda,ipanda50,giant panda,session_reid,v035,,130,32:v035,,
32_susu/32_v035_f002105.jpg,32,884,train,panda,ipanda50,giant panda,session_reid,v035,,2105,32:v035,,
32_susu/32_v036_f000005.jpg,32,885,train,panda,ipanda50,giant panda,session_reid,v036,,5,32:v036,,
32_susu/32_v036_f000185.jpg,32,885,train,panda,ipanda50,giant panda,session_reid,v036,,185,32:v036,,
32_susu/32_v037_f000620.jpg,32,886,train,panda,ipanda50,giant panda,session_reid,v037,,620,32:v037,,
32_susu/32_v037_f000670.jpg,32,886,train,panda,ipanda50,giant panda,session_reid,v037,,670,32:v037,,
32_susu/32_v037_f000765.jpg,32,886,train,panda,ipanda50,giant panda,session_reid,v037,,765,32:v037,,
32_susu/32_v037_f000970.jpg,32,886,train,panda,ipanda50,giant panda,session_reid,v037,,970,32:v037,,
32_susu/32_v037_f012980.jpg,32,886,train,panda,ipanda50,giant panda,session_reid,v037,,12980,32:v037,,
32_susu/32_v037_f014630.jpg,32,886,train,panda,ipanda50,giant panda,session_reid,v037,,14630,32:v037,,
32_susu/32_v038_f000600.jpg,32,887,train,panda,ipanda50,giant panda,session_reid,v038,,600,32:v038,,
32_susu/32_v039_f000050.jpg,32,888,train,panda,ipanda50,giant panda,session_reid,v039,,50,32:v039,,
32_susu/32_v040_f000895.jpg,32,889,train,panda,ipanda50,giant panda,session_reid,v040,,895,32:v040,,
32_susu/32_v040_f001425.jpg,32,889,train,panda,ipanda50,giant panda,session_reid,v040,,1425,32:v040,,
32_susu/32_v040_f001655.jpg,32,889,train,panda,ipanda50,giant panda,session_reid,v040,,1655,32:v040,,
32_susu/32_v045_f000070.jpg,32,890,train,panda,ipanda50,giant panda,session_reid,v045,,70,32:v045,,
32_susu/32_v045_f001085.jpg,32,890,train,panda,ipanda50,giant panda,session_reid,v045,,1085,32:v045,,
32_susu/32_v046_f000420.jpg,32,891,train,panda,ipanda50,giant panda,session_reid,v046,,420,32:v046,,
32_susu/32_v046_f004620.jpg,32,891,train,panda,ipanda50,giant panda,session_reid,v046,,4620,32:v046,,
32_susu/32_v048_f000055.jpg,32,892,train,panda,ipanda50,giant panda,session_reid,v048,,55,32:v048,,
32_susu/32_v048_f000235.jpg,32,892,train,panda,ipanda50,giant panda,session_reid,v048,,235,32:v048,,
32_susu/32_v048_f000550.jpg,32,892,train,panda,ipanda50,giant panda,session_reid,v048,,550,32:v048,,
32_susu/32_v048_f000765.jpg,32,892,train,panda,ipanda50,giant panda,session_reid,v048,,765,32:v048,,
32_susu/32_v048_f001055.jpg,32,892,train,panda,ipanda50,giant panda,session_reid,v048,,1055,32:v048,,
32_susu/32_v048_f001470.jpg,32,892,train,panda,ipanda50,giant panda,session_reid,v048,,1470,32:v048,,
32_susu/32_v049_f000525.jpg,32,893,train,panda,ipanda50,giant panda,session_reid,v049,,525,32:v049,,
32_susu/32_v049_f000595.jpg,32,893,train,panda,ipanda50,giant panda,session_reid,v049,,595,32:v049,,
32_susu/32_v049_f000875.jpg,32,893,train,panda,ipanda50,giant panda,session_reid,v049,,875,32:v049,,
32_susu/32_v050_f000005.jpg,32,894,train,panda,ipanda50,giant panda,session_reid,v050,,5,32:v050,,
32_susu/32_v051_f000255.jpg,32,895,train,panda,ipanda50,giant panda,session_reid,v051,,255,32:v051,,
32_susu/32_v051_f000525.jpg,32,895,train,panda,ipanda50,giant panda,session_reid,v051,,525,32:v051,,
32_susu/32_v051_f000755.jpg,32,895,train,panda,ipanda50,giant panda,session_reid,v051,,755,32:v051,,
32_susu/32_v051_f001095.jpg,32,895,train,panda,ipanda50,giant panda,session_reid,v051,,1095,32:v051,,
32_susu/32_v051_f001645.jpg,32,895,train,panda,ipanda50,giant panda,session_reid,v051,,1645,32:v051,,
32_susu/32_v051_f001690.jpg,32,895,train,panda,ipanda50,giant panda,session_reid,v051,,1690,32:v051,,
32_susu/32_v051_f001895.jpg,32,895,train,panda,ipanda50,giant panda,session_reid,v051,,1895,32:v051,,
32_susu/32_v052_f000175.jpg,32,896,train,panda,ipanda50,giant panda,session_reid,v052,,175,32:v052,,
32_susu/32_v052_f000305.jpg,32,896,train,panda,ipanda50,giant panda,session_reid,v052,,305,32:v052,,
32_susu/32_v052_f000430.jpg,32,896,train,panda,ipanda50,giant panda,session_reid,v052,,430,32:v052,,
32_susu/32_v053_f000500.jpg,32,897,train,panda,ipanda50,giant panda,session_reid,v053,,500,32:v053,,
32_susu/32_v054_f000760.jpg,32,898,train,panda,ipanda50,giant panda,session_reid,v054,,760,32:v054,,
32_susu/32_v054_f001325.jpg,32,898,train,panda,ipanda50,giant panda,session_reid,v054,,1325,32:v054,,
32_susu/32_v054_f001475.jpg,32,898,train,panda,ipanda50,giant panda,session_reid,v054,,1475,32:v054,,
32_susu/32_v054_f002255.jpg,32,898,train,panda,ipanda50,giant panda,session_reid,v054,,2255,32:v054,,
32_susu/32_v054_f002755.jpg,32,898,train,panda,ipanda50,giant panda,session_reid,v054,,2755,32:v054,,
32_susu/32_v054_f003855.jpg,32,898,train,panda,ipanda50,giant panda,session_reid,v054,,3855,32:v054,,
32_susu/32_v054_f004175.jpg,32,898,train,panda,ipanda50,giant panda,session_reid,v054,,4175,32:v054,,
32_susu/32_v054_f004945.jpg,32,898,train,panda,ipanda50,giant panda,session_reid,v054,,4945,32:v054,,
32_susu/32_v055_f000005.jpg,32,899,train,panda,ipanda50,giant panda,session_reid,v055,,5,32:v055,,
32_susu/32_v056_f000005.jpg,32,900,train,panda,ipanda50,giant panda,session_reid,v056,,5,32:v056,,
32_susu/32_v056_f000155.jpg,32,900,train,panda,ipanda50,giant panda,session_reid,v056,,155,32:v056,,
32_susu/32_v056_f000290.jpg,32,900,train,panda,ipanda50,giant panda,session_reid,v056,,290,32:v056,,
32_susu/32_v056_f000555.jpg,32,900,train,panda,ipanda50,giant panda,session_reid,v056,,555,32:v056,,
32_susu/32_v056_f001155.jpg,32,900,train,panda,ipanda50,giant panda,session_reid,v056,,1155,32:v056,,
32_susu/32_v056_f002950.jpg,32,900,train,panda,ipanda50,giant panda,session_reid,v056,,2950,32:v056,,
32_susu/32_v057_f000005.jpg,32,901,train,panda,ipanda50,giant panda,session_reid,v057,,5,32:v057,,
32_susu/32_v058_f000005.jpg,32,902,train,panda,ipanda50,giant panda,session_reid,v058,,5,32:v058,,
32_susu/32_v058_f001490.jpg,32,902,train,panda,ipanda50,giant panda,session_reid,v058,,1490,32:v058,,
32_susu/32_v059_f000005.jpg,32,903,train,panda,ipanda50,giant panda,session_reid,v059,,5,32:v059,,
32_susu/32_v059_f001355.jpg,32,903,train,panda,ipanda50,giant panda,session_reid,v059,,1355,32:v059,,
32_susu/32_v059_f001425.jpg,32,903,train,panda,ipanda50,giant panda,session_reid,v059,,1425,32:v059,,
32_susu/32_v060_f000660.jpg,32,904,train,panda,ipanda50,giant panda,session_reid,v060,,660,32:v060,,
32_susu/32_v060_f000695.jpg,32,904,train,panda,ipanda50,giant panda,session_reid,v060,,695,32:v060,,
32_susu/32_v060_f000740.jpg,32,904,train,panda,ipanda50,giant panda,session_reid,v060,,740,32:v060,,
32_susu/32_v060_f000805.jpg,32,904,train,panda,ipanda50,giant panda,session_reid,v060,,805,32:v060,,
32_susu/32_v060_f000885.jpg,32,904,train,panda,ipanda50,giant panda,session_reid,v060,,885,32:v060,,
32_susu/32_v060_f001050.jpg,32,904,train,panda,ipanda50,giant panda,session_reid,v060,,1050,32:v060,,
32_susu/32_v060_f001485.jpg,32,904,train,panda,ipanda50,giant panda,session_reid,v060,,1485,32:v060,,
32_susu/32_v062_f000045.jpg,32,905,train,panda,ipanda50,giant panda,session_reid,v062,,45,32:v062,,
32_susu/32_v062_f000225.jpg,32,905,train,panda,ipanda50,giant panda,session_reid,v062,,225,32:v062,,
32_susu/32_v062_f000360.jpg,32,905,train,panda,ipanda50,giant panda,session_reid,v062,,360,32:v062,,
32_susu/32_v062_f002430.jpg,32,905,train,panda,ipanda50,giant panda,session_reid,v062,,2430,32:v062,,
32_susu/32_v062_f002520.jpg,32,905,train,panda,ipanda50,giant panda,session_reid,v062,,2520,32:v062,,
32_susu/32_v062_f002700.jpg,32,905,train,panda,ipanda50,giant panda,session_reid,v062,,2700,32:v062,,
32_susu/32_v062_f003015.jpg,32,905,train,panda,ipanda50,giant panda,session_reid,v062,,3015,32:v062,,
32_susu/32_v065_f000005.jpg,32,906,train,panda,ipanda50,giant panda,session_reid,v065,,5,32:v065,,
32_susu/32_v065_f000125.jpg,32,906,train,panda,ipanda50,giant panda,session_reid,v065,,125,32:v065,,
32_susu/32_v065_f000155.jpg,32,906,train,panda,ipanda50,giant panda,session_reid,v065,,155,32:v065,,
32_susu/32_v065_f001005.jpg,32,906,train,panda,ipanda50,giant panda,session_reid,v065,,1005,32:v065,,
32_susu/32_v066_f000005.jpg,32,907,train,panda,ipanda50,giant panda,session_reid,v066,,5,32:v066,,
32_susu/32_v068_f000005.jpg,32,908,train,panda,ipanda50,giant panda,session_reid,v068,,5,32:v068,,
32_susu/32_v068_f003550.jpg,32,908,train,panda,ipanda50,giant panda,session_reid,v068,,3550,32:v068,,
32_susu/32_v069_f000300.jpg,32,909,train,panda,ipanda50,giant panda,session_reid,v069,,300,32:v069,,
32_susu/32_v069_f000690.jpg,32,909,train,panda,ipanda50,giant panda,session_reid,v069,,690,32:v069,,
32_susu/32_v069_f001855.jpg,32,909,train,panda,ipanda50,giant panda,session_reid,v069,,1855,32:v069,,
32_susu/32_v069_f002350.jpg,32,909,train,panda,ipanda50,giant panda,session_reid,v069,,2350,32:v069,,
32_susu/32_v069_f003985.jpg,32,909,train,panda,ipanda50,giant panda,session_reid,v069,,3985,32:v069,,
32_susu/32_v071_f000005.jpg,32,910,train,panda,ipanda50,giant panda,session_reid,v071,,5,32:v071,,
32_susu/32_v071_f005155.jpg,32,910,train,panda,ipanda50,giant panda,session_reid,v071,,5155,32:v071,,
32_susu/32_v072_f000740.jpg,32,911,train,panda,ipanda50,giant panda,session_reid,v072,,740,32:v072,,
32_susu/32_v072_f001710.jpg,32,911,train,panda,ipanda50,giant panda,session_reid,v072,,1710,32:v072,,
32_susu/32_v072_f001800.jpg,32,911,train,panda,ipanda50,giant panda,session_reid,v072,,1800,32:v072,,
32_susu/32_v072_f001980.jpg,32,911,train,panda,ipanda50,giant panda,session_reid,v072,,1980,32:v072,,
33_wuyi/33_v001_f000825.jpg,33,912,train,panda,ipanda50,giant panda,session_reid,v001,,825,33:v001,,
33_wuyi/33_v002_f000280.jpg,33,913,train,panda,ipanda50,giant panda,session_reid,v002,,280,33:v002,,
33_wuyi/33_v002_f000510.jpg,33,913,train,panda,ipanda50,giant panda,session_reid,v002,,510,33:v002,,
33_wuyi/33_v002_f001355.jpg,33,913,train,panda,ipanda50,giant panda,session_reid,v002,,1355,33:v002,,
33_wuyi/33_v002_f003600.jpg,33,913,train,panda,ipanda50,giant panda,session_reid,v002,,3600,33:v002,,
33_wuyi/33_v002_f003675.jpg,33,913,train,panda,ipanda50,giant panda,session_reid,v002,,3675,33:v002,,
33_wuyi/33_v002_f003715.jpg,33,913,train,panda,ipanda50,giant panda,session_reid,v002,,3715,33:v002,,
33_wuyi/33_v003_f000100.jpg,33,914,train,panda,ipanda50,giant panda,session_reid,v003,,100,33:v003,,
33_wuyi/33_v003_f000650.jpg,33,914,train,panda,ipanda50,giant panda,session_reid,v003,,650,33:v003,,
33_wuyi/33_v004_f000065.jpg,33,915,train,panda,ipanda50,giant panda,session_reid,v004,,65,33:v004,,
33_wuyi/33_v004_f000435.jpg,33,915,train,panda,ipanda50,giant panda,session_reid,v004,,435,33:v004,,
33_wuyi/33_v004_f000975.jpg,33,915,train,panda,ipanda50,giant panda,session_reid,v004,,975,33:v004,,
33_wuyi/33_v006_f002160.jpg,33,916,train,panda,ipanda50,giant panda,session_reid,v006,,2160,33:v006,,
33_wuyi/33_v006_f002520.jpg,33,916,train,panda,ipanda50,giant panda,session_reid,v006,,2520,33:v006,,
33_wuyi/33_v007_f000225.jpg,33,917,train,panda,ipanda50,giant panda,session_reid,v007,,225,33:v007,,
33_wuyi/33_v007_f001530.jpg,33,917,train,panda,ipanda50,giant panda,session_reid,v007,,1530,33:v007,,
33_wuyi/33_v008_f002700.jpg,33,918,train,panda,ipanda50,giant panda,session_reid,v008,,2700,33:v008,,
33_wuyi/33_v008_f002820.jpg,33,918,train,panda,ipanda50,giant panda,session_reid,v008,,2820,33:v008,,
33_wuyi/33_v009_f000150.jpg,33,919,train,panda,ipanda50,giant panda,session_reid,v009,,150,33:v009,,
33_wuyi/33_v009_f001075.jpg,33,919,train,panda,ipanda50,giant panda,session_reid,v009,,1075,33:v009,,
33_wuyi/33_v010_f000100.jpg,33,920,train,panda,ipanda50,giant panda,session_reid,v010,,100,33:v010,,
33_wuyi/33_v010_f001450.jpg,33,920,train,panda,ipanda50,giant panda,session_reid,v010,,1450,33:v010,,
33_wuyi/33_v011_f000060.jpg,33,921,train,panda,ipanda50,giant panda,session_reid,v011,,60,33:v011,,
33_wuyi/33_v011_f002400.jpg,33,921,train,panda,ipanda50,giant panda,session_reid,v011,,2400,33:v011,,
33_wuyi/33_v012_f000015.jpg,33,922,train,panda,ipanda50,giant panda,session_reid,v012,,15,33:v012,,
33_wuyi/33_v013_f000700.jpg,33,923,train,panda,ipanda50,giant panda,session_reid,v013,,700,33:v013,,
33_wuyi/33_v013_f001500.jpg,33,923,train,panda,ipanda50,giant panda,session_reid,v013,,1500,33:v013,,
33_wuyi/33_v014_f000840.jpg,33,924,train,panda,ipanda50,giant panda,session_reid,v014,,840,33:v014,,
33_wuyi/33_v014_f001440.jpg,33,924,train,panda,ipanda50,giant panda,session_reid,v014,,1440,33:v014,,
33_wuyi/33_v015_f000005.jpg,33,925,train,panda,ipanda50,giant panda,session_reid,v015,,5,33:v015,,
33_wuyi/33_v015_f001105.jpg,33,925,train,panda,ipanda50,giant panda,session_reid,v015,,1105,33:v015,,
33_wuyi/33_v016_f000265.jpg,33,926,train,panda,ipanda50,giant panda,session_reid,v016,,265,33:v016,,
33_wuyi/33_v018_f002295.jpg,33,927,train,panda,ipanda50,giant panda,session_reid,v018,,2295,33:v018,,
33_wuyi/33_v018_f002340.jpg,33,927,train,panda,ipanda50,giant panda,session_reid,v018,,2340,33:v018,,
33_wuyi/33_v019_f000005.jpg,33,928,train,panda,ipanda50,giant panda,session_reid,v019,,5,33:v019,,
33_wuyi/33_v019_f001560.jpg,33,928,train,panda,ipanda50,giant panda,session_reid,v019,,1560,33:v019,,
33_wuyi/33_v024_f000025.jpg,33,929,train,panda,ipanda50,giant panda,session_reid,v024,,25,33:v024,,
33_wuyi/33_v024_f000925.jpg,33,929,train,panda,ipanda50,giant panda,session_reid,v024,,925,33:v024,,
33_wuyi/33_v024_f001350.jpg,33,929,train,panda,ipanda50,giant panda,session_reid,v024,,1350,33:v024,,
33_wuyi/33_v025_f000005.jpg,33,930,train,panda,ipanda50,giant panda,session_reid,v025,,5,33:v025,,
33_wuyi/33_v025_f000945.jpg,33,930,train,panda,ipanda50,giant panda,session_reid,v025,,945,33:v025,,
33_wuyi/33_v026_f000005.jpg,33,931,train,panda,ipanda50,giant panda,session_reid,v026,,5,33:v026,,
33_wuyi/33_v026_f000540.jpg,33,931,train,panda,ipanda50,giant panda,session_reid,v026,,540,33:v026,,
33_wuyi/33_v026_f001370.jpg,33,931,train,panda,ipanda50,giant panda,session_reid,v026,,1370,33:v026,,
33_wuyi/33_v030_f000060.jpg,33,932,train,panda,ipanda50,giant panda,session_reid,v030,,60,33:v030,,
33_wuyi/33_v030_f000420.jpg,33,932,train,panda,ipanda50,giant panda,session_reid,v030,,420,33:v030,,
33_wuyi/33_v031_f000050.jpg,33,933,train,panda,ipanda50,giant panda,session_reid,v031,,50,33:v031,,
33_wuyi/33_v033_f000150.jpg,33,934,train,panda,ipanda50,giant panda,session_reid,v033,,150,33:v033,,
33_wuyi/33_v036_f000085.jpg,33,935,train,panda,ipanda50,giant panda,session_reid,v036,,85,33:v036,,
33_wuyi/33_v037_f003300.jpg,33,936,train,panda,ipanda50,giant panda,session_reid,v037,,3300,33:v037,,
33_wuyi/33_v037_f003360.jpg,33,936,train,panda,ipanda50,giant panda,session_reid,v037,,3360,33:v037,,
33_wuyi/33_v038_f001190.jpg,33,937,train,panda,ipanda50,giant panda,session_reid,v038,,1190,33:v038,,
33_wuyi/33_v039_f000010.jpg,33,938,train,panda,ipanda50,giant panda,session_reid,v039,,10,33:v039,,
33_wuyi/33_v039_f001075.jpg,33,938,train,panda,ipanda50,giant panda,session_reid,v039,,1075,33:v039,,
33_wuyi/33_v039_f001335.jpg,33,938,train,panda,ipanda50,giant panda,session_reid,v039,,1335,33:v039,,
33_wuyi/33_v040_f001075.jpg,33,939,train,panda,ipanda50,giant panda,session_reid,v040,,1075,33:v040,,
33_wuyi/33_v040_f001125.jpg,33,939,train,panda,ipanda50,giant panda,session_reid,v040,,1125,33:v040,,
33_wuyi/33_v040_f001250.jpg,33,939,train,panda,ipanda50,giant panda,session_reid,v040,,1250,33:v040,,
33_wuyi/33_v043_f000045.jpg,33,940,train,panda,ipanda50,giant panda,session_reid,v043,,45,33:v043,,
33_wuyi/33_v043_f000110.jpg,33,940,train,panda,ipanda50,giant panda,session_reid,v043,,110,33:v043,,
33_wuyi/33_v044_f000875.jpg,33,941,train,panda,ipanda50,giant panda,session_reid,v044,,875,33:v044,,
33_wuyi/33_v047_f002250.jpg,33,942,train,panda,ipanda50,giant panda,session_reid,v047,,2250,33:v047,,
33_wuyi/33_v047_f002970.jpg,33,942,train,panda,ipanda50,giant panda,session_reid,v047,,2970,33:v047,,
33_wuyi/33_v050_f005015.jpg,33,943,train,panda,ipanda50,giant panda,session_reid,v050,,5015,33:v050,,
33_wuyi/33_v050_f005950.jpg,33,943,train,panda,ipanda50,giant panda,session_reid,v050,,5950,33:v050,,
33_wuyi/33_v051_f000350.jpg,33,944,train,panda,ipanda50,giant panda,session_reid,v051,,350,33:v051,,
33_wuyi/33_v052_f003485.jpg,33,945,train,panda,ipanda50,giant panda,session_reid,v052,,3485,33:v052,,
33_wuyi/33_v052_f004335.jpg,33,945,train,panda,ipanda50,giant panda,session_reid,v052,,4335,33:v052,,
33_wuyi/33_v053_f000270.jpg,33,946,train,panda,ipanda50,giant panda,session_reid,v053,,270,33:v053,,
33_wuyi/33_v053_f000900.jpg,33,946,train,panda,ipanda50,giant panda,session_reid,v053,,900,33:v053,,
33_wuyi/33_v054_f000030.jpg,33,947,train,panda,ipanda50,giant panda,session_reid,v054,,30,33:v054,,
33_wuyi/33_v054_f000095.jpg,33,947,train,panda,ipanda50,giant panda,session_reid,v054,,95,33:v054,,
33_wuyi/33_v054_f002300.jpg,33,947,train,panda,ipanda50,giant panda,session_reid,v054,,2300,33:v054,,
33_wuyi/33_v054_f002555.jpg,33,947,train,panda,ipanda50,giant panda,session_reid,v054,,2555,33:v054,,
33_wuyi/33_v055_f000020.jpg,33,948,train,panda,ipanda50,giant panda,session_reid,v055,,20,33:v055,,
33_wuyi/33_v055_f000855.jpg,33,948,train,panda,ipanda50,giant panda,session_reid,v055,,855,33:v055,,
33_wuyi/33_v056_f000005.jpg,33,949,train,panda,ipanda50,giant panda,session_reid,v056,,5,33:v056,,
33_wuyi/33_v056_f000075.jpg,33,949,train,panda,ipanda50,giant panda,session_reid,v056,,75,33:v056,,
33_wuyi/33_v059_f000270.jpg,33,950,train,panda,ipanda50,giant panda,session_reid,v059,,270,33:v059,,
33_wuyi/33_v059_f002970.jpg,33,950,train,panda,ipanda50,giant panda,session_reid,v059,,2970,33:v059,,
33_wuyi/33_v060_f001305.jpg,33,951,train,panda,ipanda50,giant panda,session_reid,v060,,1305,33:v060,,
33_wuyi/33_v060_f002655.jpg,33,951,train,panda,ipanda50,giant panda,session_reid,v060,,2655,33:v060,,
33_wuyi/33_v062_f000255.jpg,33,952,train,panda,ipanda50,giant panda,session_reid,v062,,255,33:v062,,
33_wuyi/33_v063_f000270.jpg,33,953,train,panda,ipanda50,giant panda,session_reid,v063,,270,33:v063,,
33_wuyi/33_v063_f002610.jpg,33,953,train,panda,ipanda50,giant panda,session_reid,v063,,2610,33:v063,,
33_wuyi/33_v064_f000035.jpg,33,954,train,panda,ipanda50,giant panda,session_reid,v064,,35,33:v064,,
33_wuyi/33_v064_f001085.jpg,33,954,train,panda,ipanda50,giant panda,session_reid,v064,,1085,33:v064,,
33_wuyi/33_v064_f001435.jpg,33,954,train,panda,ipanda50,giant panda,session_reid,v064,,1435,33:v064,,
33_wuyi/33_v068_f011645.jpg,33,955,train,panda,ipanda50,giant panda,session_reid,v068,,11645,33:v068,,
33_wuyi/33_v070_f000005.jpg,33,956,train,panda,ipanda50,giant panda,session_reid,v070,,5,33:v070,,
33_wuyi/33_v070_f000015.jpg,33,956,train,panda,ipanda50,giant panda,session_reid,v070,,15,33:v070,,
33_wuyi/33_v070_f000405.jpg,33,956,train,panda,ipanda50,giant panda,session_reid,v070,,405,33:v070,,
33_wuyi/33_v071_f000005.jpg,33,957,train,panda,ipanda50,giant panda,session_reid,v071,,5,33:v071,,
33_wuyi/33_v071_f000045.jpg,33,957,train,panda,ipanda50,giant panda,session_reid,v071,,45,33:v071,,
33_wuyi/33_v071_f000235.jpg,33,957,train,panda,ipanda50,giant panda,session_reid,v071,,235,33:v071,,
33_wuyi/33_v071_f000330.jpg,33,957,train,panda,ipanda50,giant panda,session_reid,v071,,330,33:v071,,
33_wuyi/33_v071_f000340.jpg,33,957,train,panda,ipanda50,giant panda,session_reid,v071,,340,33:v071,,
33_wuyi/33_v071_f000580.jpg,33,957,train,panda,ipanda50,giant panda,session_reid,v071,,580,33:v071,,
33_wuyi/33_v071_f000600.jpg,33,957,train,panda,ipanda50,giant panda,session_reid,v071,,600,33:v071,,
33_wuyi/33_v071_f000705.jpg,33,957,train,panda,ipanda50,giant panda,session_reid,v071,,705,33:v071,,
33_wuyi/33_v071_f000955.jpg,33,957,train,panda,ipanda50,giant panda,session_reid,v071,,955,33:v071,,
33_wuyi/33_v071_f001670.jpg,33,957,train,panda,ipanda50,giant panda,session_reid,v071,,1670,33:v071,,
33_wuyi/33_v074_f000025.jpg,33,958,train,panda,ipanda50,giant panda,session_reid,v074,,25,33:v074,,
33_wuyi/33_v074_f001225.jpg,33,958,train,panda,ipanda50,giant panda,session_reid,v074,,1225,33:v074,,
33_wuyi/33_v076_f000005.jpg,33,959,train,panda,ipanda50,giant panda,session_reid,v076,,5,33:v076,,
33_wuyi/33_v077_f002355.jpg,33,960,train,panda,ipanda50,giant panda,session_reid,v077,,2355,33:v077,,
33_wuyi/33_v077_f002970.jpg,33,960,train,panda,ipanda50,giant panda,session_reid,v077,,2970,33:v077,,
33_wuyi/33_v077_f004380.jpg,33,960,train,panda,ipanda50,giant panda,session_reid,v077,,4380,33:v077,,
33_wuyi/33_v077_f005940.jpg,33,960,train,panda,ipanda50,giant panda,session_reid,v077,,5940,33:v077,,
33_wuyi/33_v077_f005955.jpg,33,960,train,panda,ipanda50,giant panda,session_reid,v077,,5955,33:v077,,
33_wuyi/33_v078_f000005.jpg,33,961,train,panda,ipanda50,giant panda,session_reid,v078,,5,33:v078,,
33_wuyi/33_v078_f000260.jpg,33,961,train,panda,ipanda50,giant panda,session_reid,v078,,260,33:v078,,
33_wuyi/33_v078_f001895.jpg,33,961,train,panda,ipanda50,giant panda,session_reid,v078,,1895,33:v078,,
33_wuyi/33_v078_f002675.jpg,33,961,train,panda,ipanda50,giant panda,session_reid,v078,,2675,33:v078,,
33_wuyi/33_v079_f000535.jpg,33,962,train,panda,ipanda50,giant panda,session_reid,v079,,535,33:v079,,
33_wuyi/33_v079_f000770.jpg,33,962,train,panda,ipanda50,giant panda,session_reid,v079,,770,33:v079,,
33_wuyi/33_v079_f000865.jpg,33,962,train,panda,ipanda50,giant panda,session_reid,v079,,865,33:v079,,
33_wuyi/33_v084_f000005.jpg,33,963,train,panda,ipanda50,giant panda,session_reid,v084,,5,33:v084,,
33_wuyi/33_v084_f001170.jpg,33,963,train,panda,ipanda50,giant panda,session_reid,v084,,1170,33:v084,,
33_wuyi/33_v085_f000425.jpg,33,964,train,panda,ipanda50,giant panda,session_reid,v085,,425,33:v085,,
33_wuyi/33_v085_f003230.jpg,33,964,train,panda,ipanda50,giant panda,session_reid,v085,,3230,33:v085,,
33_wuyi/33_v086_f000270.jpg,33,965,train,panda,ipanda50,giant panda,session_reid,v086,,270,33:v086,,
33_wuyi/33_v088_f000050.jpg,33,966,train,panda,ipanda50,giant panda,session_reid,v088,,50,33:v088,,
33_wuyi/33_v088_f001150.jpg,33,966,train,panda,ipanda50,giant panda,session_reid,v088,,1150,33:v088,,
33_wuyi/33_v089_f001200.jpg,33,967,train,panda,ipanda50,giant panda,session_reid,v089,,1200,33:v089,,
33_wuyi/33_v090_f000005.jpg,33,968,train,panda,ipanda50,giant panda,session_reid,v090,,5,33:v090,,
33_wuyi/33_v092_f000595.jpg,33,969,train,panda,ipanda50,giant panda,session_reid,v092,,595,33:v092,,
33_wuyi/33_v094_f001275.jpg,33,970,train,panda,ipanda50,giant panda,session_reid,v094,,1275,33:v094,,
33_wuyi/33_v094_f002125.jpg,33,970,train,panda,ipanda50,giant panda,session_reid,v094,,2125,33:v094,,
33_wuyi/33_v099_f000850.jpg,33,971,train,panda,ipanda50,giant panda,session_reid,v099,,850,33:v099,,
33_wuyi/33_v100_f002890.jpg,33,972,train,panda,ipanda50,giant panda,session_reid,v100,,2890,33:v100,,
33_wuyi/33_v100_f003655.jpg,33,972,train,panda,ipanda50,giant panda,session_reid,v100,,3655,33:v100,,
33_wuyi/33_v101_f000270.jpg,33,973,train,panda,ipanda50,giant panda,session_reid,v101,,270,33:v101,,
33_wuyi/33_v119_f000350.jpg,33,974,train,panda,ipanda50,giant panda,session_reid,v119,,350,33:v119,,
33_wuyi/33_v119_f001200.jpg,33,974,train,panda,ipanda50,giant panda,session_reid,v119,,1200,33:v119,,
33_wuyi/33_v121_f001125.jpg,33,975,train,panda,ipanda50,giant panda,session_reid,v121,,1125,33:v121,,
33_wuyi/33_v123_f000765.jpg,33,976,train,panda,ipanda50,giant panda,session_reid,v123,,765,33:v123,,
33_wuyi/33_v123_f002115.jpg,33,976,train,panda,ipanda50,giant panda,session_reid,v123,,2115,33:v123,,
33_wuyi/33_v130_f000005.jpg,33,977,train,panda,ipanda50,giant panda,session_reid,v130,,5,33:v130,,
33_wuyi/33_v131_f000420.jpg,33,978,train,panda,ipanda50,giant panda,session_reid,v131,,420,33:v131,,
33_wuyi/33_v138_f001620.jpg,33,979,train,panda,ipanda50,giant panda,session_reid,v138,,1620,33:v138,,
33_wuyi/33_v138_f002745.jpg,33,979,train,panda,ipanda50,giant panda,session_reid,v138,,2745,33:v138,,
33_wuyi/33_v140_f000005.jpg,33,980,train,panda,ipanda50,giant panda,session_reid,v140,,5,33:v140,,
33_wuyi/33_v140_f002095.jpg,33,980,train,panda,ipanda50,giant panda,session_reid,v140,,2095,33:v140,,
33_wuyi/33_v141_f001020.jpg,33,981,train,panda,ipanda50,giant panda,session_reid,v141,,1020,33:v141,,
33_wuyi/33_v141_f003660.jpg,33,981,train,panda,ipanda50,giant panda,session_reid,v141,,3660,33:v141,,
33_wuyi/33_v154_f000005.jpg,33,982,train,panda,ipanda50,giant panda,session_reid,v154,,5,33:v154,,
33_wuyi/33_v163_f000975.jpg,33,983,train,panda,ipanda50,giant panda,session_reid,v163,,975,33:v163,,
33_wuyi/33_v164_f000670.jpg,33,984,train,panda,ipanda50,giant panda,session_reid,v164,,670,33:v164,,
33_wuyi/33_v164_f002335.jpg,33,984,train,panda,ipanda50,giant panda,session_reid,v164,,2335,33:v164,,
33_wuyi/33_v164_f002470.jpg,33,984,train,panda,ipanda50,giant panda,session_reid,v164,,2470,33:v164,,
33_wuyi/33_v164_f003070.jpg,33,984,train,panda,ipanda50,giant panda,session_reid,v164,,3070,33:v164,,
33_wuyi/33_v164_f003940.jpg,33,984,train,panda,ipanda50,giant panda,session_reid,v164,,3940,33:v164,,
33_wuyi/33_v164_f004230.jpg,33,984,train,panda,ipanda50,giant panda,session_reid,v164,,4230,33:v164,,
33_wuyi/33_v164_f004270.jpg,33,984,train,panda,ipanda50,giant panda,session_reid,v164,,4270,33:v164,,
33_wuyi/33_v164_f004410.jpg,33,984,train,panda,ipanda50,giant panda,session_reid,v164,,4410,33:v164,,
33_wuyi/33_v166_f000760.jpg,33,985,train,panda,ipanda50,giant panda,session_reid,v166,,760,33:v166,,
33_wuyi/33_v171_f000005.jpg,33,986,train,panda,ipanda50,giant panda,session_reid,v171,,5,33:v171,,
33_wuyi/33_v171_f000630.jpg,33,986,train,panda,ipanda50,giant panda,session_reid,v171,,630,33:v171,,
33_wuyi/33_v171_f002055.jpg,33,986,train,panda,ipanda50,giant panda,session_reid,v171,,2055,33:v171,,
33_wuyi/33_v171_f002505.jpg,33,986,train,panda,ipanda50,giant panda,session_reid,v171,,2505,33:v171,,
33_wuyi/33_v173_f000005.jpg,33,987,train,panda,ipanda50,giant panda,session_reid,v173,,5,33:v173,,
33_wuyi/33_v174_f000005.jpg,33,988,train,panda,ipanda50,giant panda,session_reid,v174,,5,33:v174,,
33_wuyi/33_v182_f000005.jpg,33,989,train,panda,ipanda50,giant panda,session_reid,v182,,5,33:v182,,
33_wuyi/33_v188_f000005.jpg,33,990,train,panda,ipanda50,giant panda,session_reid,v188,,5,33:v188,,
33_wuyi/33_v188_f000435.jpg,33,990,train,panda,ipanda50,giant panda,session_reid,v188,,435,33:v188,,
33_wuyi/33_v188_f000735.jpg,33,990,train,panda,ipanda50,giant panda,session_reid,v188,,735,33:v188,,
33_wuyi/33_v188_f000800.jpg,33,990,train,panda,ipanda50,giant panda,session_reid,v188,,800,33:v188,,
33_wuyi/33_v188_f000830.jpg,33,990,train,panda,ipanda50,giant panda,session_reid,v188,,830,33:v188,,
33_wuyi/33_v188_f001110.jpg,33,990,train,panda,ipanda50,giant panda,session_reid,v188,,1110,33:v188,,
33_wuyi/33_v188_f001330.jpg,33,990,train,panda,ipanda50,giant panda,session_reid,v188,,1330,33:v188,,
33_wuyi/33_v188_f001645.jpg,33,990,train,panda,ipanda50,giant panda,session_reid,v188,,1645,33:v188,,
33_wuyi/33_v188_f001825.jpg,33,990,train,panda,ipanda50,giant panda,session_reid,v188,,1825,33:v188,,
33_wuyi/33_v189_f000005.jpg,33,991,train,panda,ipanda50,giant panda,session_reid,v189,,5,33:v189,,
33_wuyi/33_v189_f002405.jpg,33,991,train,panda,ipanda50,giant panda,session_reid,v189,,2405,33:v189,,
33_wuyi/33_v189_f005110.jpg,33,991,train,panda,ipanda50,giant panda,session_reid,v189,,5110,33:v189,,
33_wuyi/33_v189_f005880.jpg,33,991,train,panda,ipanda50,giant panda,session_reid,v189,,5880,33:v189,,
33_wuyi/33_v189_f006020.jpg,33,991,train,panda,ipanda50,giant panda,session_reid,v189,,6020,33:v189,,
33_wuyi/33_v189_f006870.jpg,33,991,train,panda,ipanda50,giant panda,session_reid,v189,,6870,33:v189,,
33_wuyi/33_v192_f000005.jpg,33,992,train,panda,ipanda50,giant panda,session_reid,v192,,5,33:v192,,
33_wuyi/33_v192_f000125.jpg,33,992,train,panda,ipanda50,giant panda,session_reid,v192,,125,33:v192,,
33_wuyi/33_v192_f002855.jpg,33,992,train,panda,ipanda50,giant panda,session_reid,v192,,2855,33:v192,,
33_wuyi/33_v202_f000005.jpg,33,993,train,panda,ipanda50,giant panda,session_reid,v202,,5,33:v202,,
33_wuyi/33_v206_f000005.jpg,33,994,train,panda,ipanda50,giant panda,session_reid,v206,,5,33:v206,,
33_wuyi/33_v206_f001910.jpg,33,994,train,panda,ipanda50,giant panda,session_reid,v206,,1910,33:v206,,
33_wuyi/33_v210_f000005.jpg,33,995,train,panda,ipanda50,giant panda,session_reid,v210,,5,33:v210,,
33_wuyi/33_v213_f000005.jpg,33,996,train,panda,ipanda50,giant panda,session_reid,v213,,5,33:v213,,
33_wuyi/33_v213_f000605.jpg,33,996,train,panda,ipanda50,giant panda,session_reid,v213,,605,33:v213,,
33_wuyi/33_v213_f002255.jpg,33,996,train,panda,ipanda50,giant panda,session_reid,v213,,2255,33:v213,,
33_wuyi/33_v213_f002580.jpg,33,996,train,panda,ipanda50,giant panda,session_reid,v213,,2580,33:v213,,
33_wuyi/33_v217_f000005.jpg,33,997,train,panda,ipanda50,giant panda,session_reid,v217,,5,33:v217,,
33_wuyi/33_v217_f000030.jpg,33,997,train,panda,ipanda50,giant panda,session_reid,v217,,30,33:v217,,
33_wuyi/33_v217_f000045.jpg,33,997,train,panda,ipanda50,giant panda,session_reid,v217,,45,33:v217,,
33_wuyi/33_v217_f000450.jpg,33,997,train,panda,ipanda50,giant panda,session_reid,v217,,450,33:v217,,
33_wuyi/33_v217_f000680.jpg,33,997,train,panda,ipanda50,giant panda,session_reid,v217,,680,33:v217,,
33_wuyi/33_v217_f001340.jpg,33,997,train,panda,ipanda50,giant panda,session_reid,v217,,1340,33:v217,,
33_wuyi/33_v217_f001905.jpg,33,997,train,panda,ipanda50,giant panda,session_reid,v217,,1905,33:v217,,
33_wuyi/33_v217_f004825.jpg,33,997,train,panda,ipanda50,giant panda,session_reid,v217,,4825,33:v217,,
33_wuyi/33_v217_f005705.jpg,33,997,train,panda,ipanda50,giant panda,session_reid,v217,,5705,33:v217,,
33_wuyi/33_v217_f005730.jpg,33,997,train,panda,ipanda50,giant panda,session_reid,v217,,5730,33:v217,,
33_wuyi/33_v217_f005985.jpg,33,997,train,panda,ipanda50,giant panda,session_reid,v217,,5985,33:v217,,
33_wuyi/33_v222_f000005.jpg,33,998,train,panda,ipanda50,giant panda,session_reid,v222,,5,33:v222,,
33_wuyi/33_v226_f000730.jpg,33,999,train,panda,ipanda50,giant panda,session_reid,v226,,730,33:v226,,
33_wuyi/33_v226_f001230.jpg,33,999,train,panda,ipanda50,giant panda,session_reid,v226,,1230,33:v226,,
33_wuyi/33_v226_f001255.jpg,33,999,train,panda,ipanda50,giant panda,session_reid,v226,,1255,33:v226,,
34_xiaoqiao/34_v002_f000925.jpg,34,1000,train,panda,ipanda50,giant panda,session_reid,v002,,925,34:v002,,
34_xiaoqiao/34_v002_f001090.jpg,34,1000,train,panda,ipanda50,giant panda,session_reid,v002,,1090,34:v002,,
34_xiaoqiao/34_v002_f001210.jpg,34,1000,train,panda,ipanda50,giant panda,session_reid,v002,,1210,34:v002,,
34_xiaoqiao/34_v004_f000415.jpg,34,1001,train,panda,ipanda50,giant panda,session_reid,v004,,415,34:v004,,
34_xiaoqiao/34_v004_f000660.jpg,34,1001,train,panda,ipanda50,giant panda,session_reid,v004,,660,34:v004,,
34_xiaoqiao/34_v004_f000750.jpg,34,1001,train,panda,ipanda50,giant panda,session_reid,v004,,750,34:v004,,
34_xiaoqiao/34_v004_f000810.jpg,34,1001,train,panda,ipanda50,giant panda,session_reid,v004,,810,34:v004,,
34_xiaoqiao/34_v004_f000975.jpg,34,1001,train,panda,ipanda50,giant panda,session_reid,v004,,975,34:v004,,
34_xiaoqiao/34_v004_f001010.jpg,34,1001,train,panda,ipanda50,giant panda,session_reid,v004,,1010,34:v004,,
34_xiaoqiao/34_v004_f001105.jpg,34,1001,train,panda,ipanda50,giant panda,session_reid,v004,,1105,34:v004,,
34_xiaoqiao/34_v004_f001150.jpg,34,1001,train,panda,ipanda50,giant panda,session_reid,v004,,1150,34:v004,,
34_xiaoqiao/34_v009_f000200.jpg,34,1002,train,panda,ipanda50,giant panda,session_reid,v009,,200,34:v009,,
34_xiaoqiao/34_v009_f000250.jpg,34,1002,train,panda,ipanda50,giant panda,session_reid,v009,,250,34:v009,,
34_xiaoqiao/34_v009_f000405.jpg,34,1002,train,panda,ipanda50,giant panda,session_reid,v009,,405,34:v009,,
34_xiaoqiao/34_v009_f000460.jpg,34,1002,train,panda,ipanda50,giant panda,session_reid,v009,,460,34:v009,,
34_xiaoqiao/34_v009_f000510.jpg,34,1002,train,panda,ipanda50,giant panda,session_reid,v009,,510,34:v009,,
34_xiaoqiao/34_v009_f000695.jpg,34,1002,train,panda,ipanda50,giant panda,session_reid,v009,,695,34:v009,,
34_xiaoqiao/34_v009_f001005.jpg,34,1002,train,panda,ipanda50,giant panda,session_reid,v009,,1005,34:v009,,
34_xiaoqiao/34_v009_f001255.jpg,34,1002,train,panda,ipanda50,giant panda,session_reid,v009,,1255,34:v009,,
34_xiaoqiao/34_v009_f001315.jpg,34,1002,train,panda,ipanda50,giant panda,session_reid,v009,,1315,34:v009,,
34_xiaoqiao/34_v009_f001455.jpg,34,1002,train,panda,ipanda50,giant panda,session_reid,v009,,1455,34:v009,,
34_xiaoqiao/34_v009_f001480.jpg,34,1002,train,panda,ipanda50,giant panda,session_reid,v009,,1480,34:v009,,
34_xiaoqiao/34_v009_f001510.jpg,34,1002,train,panda,ipanda50,giant panda,session_reid,v009,,1510,34:v009,,
34_xiaoqiao/34_v009_f001555.jpg,34,1002,train,panda,ipanda50,giant panda,session_reid,v009,,1555,34:v009,,
34_xiaoqiao/34_v011_f000005.jpg,34,1003,train,panda,ipanda50,giant panda,session_reid,v011,,5,34:v011,,
34_xiaoqiao/34_v011_f000775.jpg,34,1003,train,panda,ipanda50,giant panda,session_reid,v011,,775,34:v011,,
34_xiaoqiao/34_v011_f000845.jpg,34,1003,train,panda,ipanda50,giant panda,session_reid,v011,,845,34:v011,,
34_xiaoqiao/34_v011_f001350.jpg,34,1003,train,panda,ipanda50,giant panda,session_reid,v011,,1350,34:v011,,
34_xiaoqiao/34_v011_f001360.jpg,34,1003,train,panda,ipanda50,giant panda,session_reid,v011,,1360,34:v011,,
34_xiaoqiao/34_v011_f001375.jpg,34,1003,train,panda,ipanda50,giant panda,session_reid,v011,,1375,34:v011,,
34_xiaoqiao/34_v011_f001430.jpg,34,1003,train,panda,ipanda50,giant panda,session_reid,v011,,1430,34:v011,,
34_xiaoqiao/34_v012_f000005.jpg,34,1004,train,panda,ipanda50,giant panda,session_reid,v012,,5,34:v012,,
34_xiaoqiao/34_v012_f000205.jpg,34,1004,train,panda,ipanda50,giant panda,session_reid,v012,,205,34:v012,,
34_xiaoqiao/34_v012_f000255.jpg,34,1004,train,panda,ipanda50,giant panda,session_reid,v012,,255,34:v012,,
34_xiaoqiao/34_v012_f000515.jpg,34,1004,train,panda,ipanda50,giant panda,session_reid,v012,,515,34:v012,,
34_xiaoqiao/34_v012_f000785.jpg,34,1004,train,panda,ipanda50,giant panda,session_reid,v012,,785,34:v012,,
34_xiaoqiao/34_v012_f000820.jpg,34,1004,train,panda,ipanda50,giant panda,session_reid,v012,,820,34:v012,,
34_xiaoqiao/34_v012_f000845.jpg,34,1004,train,panda,ipanda50,giant panda,session_reid,v012,,845,34:v012,,
34_xiaoqiao/34_v012_f000880.jpg,34,1004,train,panda,ipanda50,giant panda,session_reid,v012,,880,34:v012,,
34_xiaoqiao/34_v012_f001115.jpg,34,1004,train,panda,ipanda50,giant panda,session_reid,v012,,1115,34:v012,,
34_xiaoqiao/34_v012_f002690.jpg,34,1004,train,panda,ipanda50,giant panda,session_reid,v012,,2690,34:v012,,
34_xiaoqiao/34_v012_f002720.jpg,34,1004,train,panda,ipanda50,giant panda,session_reid,v012,,2720,34:v012,,
34_xiaoqiao/34_v012_f002770.jpg,34,1004,train,panda,ipanda50,giant panda,session_reid,v012,,2770,34:v012,,
34_xiaoqiao/34_v013_f000460.jpg,34,1005,train,panda,ipanda50,giant panda,session_reid,v013,,460,34:v013,,
34_xiaoqiao/34_v013_f000870.jpg,34,1005,train,panda,ipanda50,giant panda,session_reid,v013,,870,34:v013,,
34_xiaoqiao/34_v013_f000925.jpg,34,1005,train,panda,ipanda50,giant panda,session_reid,v013,,925,34:v013,,
34_xiaoqiao/34_v013_f001035.jpg,34,1005,train,panda,ipanda50,giant panda,session_reid,v013,,1035,34:v013,,
34_xiaoqiao/34_v013_f001310.jpg,34,1005,train,panda,ipanda50,giant panda,session_reid,v013,,1310,34:v013,,
34_xiaoqiao/34_v013_f002000.jpg,34,1005,train,panda,ipanda50,giant panda,session_reid,v013,,2000,34:v013,,
34_xiaoqiao/34_v013_f002885.jpg,34,1005,train,panda,ipanda50,giant panda,session_reid,v013,,2885,34:v013,,
34_xiaoqiao/34_v013_f002950.jpg,34,1005,train,panda,ipanda50,giant panda,session_reid,v013,,2950,34:v013,,
34_xiaoqiao/34_v013_f003020.jpg,34,1005,train,panda,ipanda50,giant panda,session_reid,v013,,3020,34:v013,,
34_xiaoqiao/34_v013_f003465.jpg,34,1005,train,panda,ipanda50,giant panda,session_reid,v013,,3465,34:v013,,
34_xiaoqiao/34_v013_f003685.jpg,34,1005,train,panda,ipanda50,giant panda,session_reid,v013,,3685,34:v013,,
34_xiaoqiao/34_v014_f000235.jpg,34,1006,train,panda,ipanda50,giant panda,session_reid,v014,,235,34:v014,,
34_xiaoqiao/34_v014_f000565.jpg,34,1006,train,panda,ipanda50,giant panda,session_reid,v014,,565,34:v014,,
34_xiaoqiao/34_v014_f000710.jpg,34,1006,train,panda,ipanda50,giant panda,session_reid,v014,,710,34:v014,,
34_xiaoqiao/34_v014_f001465.jpg,34,1006,train,panda,ipanda50,giant panda,session_reid,v014,,1465,34:v014,,
34_xiaoqiao/34_v015_f000005.jpg,34,1007,train,panda,ipanda50,giant panda,session_reid,v015,,5,34:v015,,
34_xiaoqiao/34_v015_f001095.jpg,34,1007,train,panda,ipanda50,giant panda,session_reid,v015,,1095,34:v015,,
34_xiaoqiao/34_v017_f000005.jpg,34,1008,train,panda,ipanda50,giant panda,session_reid,v017,,5,34:v017,,
34_xiaoqiao/34_v017_f000140.jpg,34,1008,train,panda,ipanda50,giant panda,session_reid,v017,,140,34:v017,,
34_xiaoqiao/34_v017_f002255.jpg,34,1008,train,panda,ipanda50,giant panda,session_reid,v017,,2255,34:v017,,
34_xiaoqiao/34_v020_f000075.jpg,34,1009,train,panda,ipanda50,giant panda,session_reid,v020,,75,34:v020,,
34_xiaoqiao/34_v020_f001100.jpg,34,1009,train,panda,ipanda50,giant panda,session_reid,v020,,1100,34:v020,,
34_xiaoqiao/34_v022_f000115.jpg,34,1010,train,panda,ipanda50,giant panda,session_reid,v022,,115,34:v022,,
34_xiaoqiao/34_v022_f000210.jpg,34,1010,train,panda,ipanda50,giant panda,session_reid,v022,,210,34:v022,,
34_xiaoqiao/34_v022_f000260.jpg,34,1010,train,panda,ipanda50,giant panda,session_reid,v022,,260,34:v022,,
34_xiaoqiao/34_v022_f000875.jpg,34,1010,train,panda,ipanda50,giant panda,session_reid,v022,,875,34:v022,,
35_xilan/35_v002_f000005.jpg,35,1011,train,panda,ipanda50,giant panda,session_reid,v002,,5,35:v002,,
35_xilan/35_v002_f000060.jpg,35,1011,train,panda,ipanda50,giant panda,session_reid,v002,,60,35:v002,,
35_xilan/35_v002_f000260.jpg,35,1011,train,panda,ipanda50,giant panda,session_reid,v002,,260,35:v002,,
35_xilan/35_v003_f000895.jpg,35,1012,train,panda,ipanda50,giant panda,session_reid,v003,,895,35:v003,,
35_xilan/35_v003_f000980.jpg,35,1012,train,panda,ipanda50,giant panda,session_reid,v003,,980,35:v003,,
35_xilan/35_v003_f001120.jpg,35,1012,train,panda,ipanda50,giant panda,session_reid,v003,,1120,35:v003,,
35_xilan/35_v003_f001165.jpg,35,1012,train,panda,ipanda50,giant panda,session_reid,v003,,1165,35:v003,,
35_xilan/35_v004_f000545.jpg,35,1013,train,panda,ipanda50,giant panda,session_reid,v004,,545,35:v004,,
35_xilan/35_v004_f000675.jpg,35,1013,train,panda,ipanda50,giant panda,session_reid,v004,,675,35:v004,,
35_xilan/35_v004_f000900.jpg,35,1013,train,panda,ipanda50,giant panda,session_reid,v004,,900,35:v004,,
35_xilan/35_v005_f000230.jpg,35,1014,train,panda,ipanda50,giant panda,session_reid,v005,,230,35:v005,,
35_xilan/35_v005_f000475.jpg,35,1014,train,panda,ipanda50,giant panda,session_reid,v005,,475,35:v005,,
35_xilan/35_v006_f000100.jpg,35,1015,train,panda,ipanda50,giant panda,session_reid,v006,,100,35:v006,,
35_xilan/35_v006_f000450.jpg,35,1015,train,panda,ipanda50,giant panda,session_reid,v006,,450,35:v006,,
35_xilan/35_v007_f000015.jpg,35,1016,train,panda,ipanda50,giant panda,session_reid,v007,,15,35:v007,,
35_xilan/35_v007_f000420.jpg,35,1016,train,panda,ipanda50,giant panda,session_reid,v007,,420,35:v007,,
35_xilan/35_v007_f002660.jpg,35,1016,train,panda,ipanda50,giant panda,session_reid,v007,,2660,35:v007,,
35_xilan/35_v007_f002710.jpg,35,1016,train,panda,ipanda50,giant panda,session_reid,v007,,2710,35:v007,,
35_xilan/35_v008_f000005.jpg,35,1017,train,panda,ipanda50,giant panda,session_reid,v008,,5,35:v008,,
35_xilan/35_v008_f000270.jpg,35,1017,train,panda,ipanda50,giant panda,session_reid,v008,,270,35:v008,,
35_xilan/35_v008_f000510.jpg,35,1017,train,panda,ipanda50,giant panda,session_reid,v008,,510,35:v008,,
35_xilan/35_v008_f000540.jpg,35,1017,train,panda,ipanda50,giant panda,session_reid,v008,,540,35:v008,,
35_xilan/35_v008_f001055.jpg,35,1017,train,panda,ipanda50,giant panda,session_reid,v008,,1055,35:v008,,
35_xilan/35_v009_f000090.jpg,35,1018,train,panda,ipanda50,giant panda,session_reid,v009,,90,35:v009,,
35_xilan/35_v009_f001085.jpg,35,1018,train,panda,ipanda50,giant panda,session_reid,v009,,1085,35:v009,,
35_xilan/35_v009_f002180.jpg,35,1018,train,panda,ipanda50,giant panda,session_reid,v009,,2180,35:v009,,
35_xilan/35_v010_f001725.jpg,35,1019,train,panda,ipanda50,giant panda,session_reid,v010,,1725,35:v010,,
35_xilan/35_v010_f002055.jpg,35,1019,train,panda,ipanda50,giant panda,session_reid,v010,,2055,35:v010,,
35_xilan/35_v010_f003030.jpg,35,1019,train,panda,ipanda50,giant panda,session_reid,v010,,3030,35:v010,,
35_xilan/35_v010_f004185.jpg,35,1019,train,panda,ipanda50,giant panda,session_reid,v010,,4185,35:v010,,
35_xilan/35_v010_f005570.jpg,35,1019,train,panda,ipanda50,giant panda,session_reid,v010,,5570,35:v010,,
35_xilan/35_v010_f005625.jpg,35,1019,train,panda,ipanda50,giant panda,session_reid,v010,,5625,35:v010,,
35_xilan/35_v010_f005650.jpg,35,1019,train,panda,ipanda50,giant panda,session_reid,v010,,5650,35:v010,,
35_xilan/35_v010_f006290.jpg,35,1019,train,panda,ipanda50,giant panda,session_reid,v010,,6290,35:v010,,
35_xilan/35_v011_f000990.jpg,35,1020,train,panda,ipanda50,giant panda,session_reid,v011,,990,35:v011,,
35_xilan/35_v011_f001040.jpg,35,1020,train,panda,ipanda50,giant panda,session_reid,v011,,1040,35:v011,,
35_xilan/35_v012_f000225.jpg,35,1021,train,panda,ipanda50,giant panda,session_reid,v012,,225,35:v012,,
35_xilan/35_v012_f000930.jpg,35,1021,train,panda,ipanda50,giant panda,session_reid,v012,,930,35:v012,,
35_xilan/35_v013_f000050.jpg,35,1022,train,panda,ipanda50,giant panda,session_reid,v013,,50,35:v013,,
35_xilan/35_v014_f000005.jpg,35,1023,train,panda,ipanda50,giant panda,session_reid,v014,,5,35:v014,,
35_xilan/35_v014_f000145.jpg,35,1023,train,panda,ipanda50,giant panda,session_reid,v014,,145,35:v014,,
35_xilan/35_v014_f000240.jpg,35,1023,train,panda,ipanda50,giant panda,session_reid,v014,,240,35:v014,,
35_xilan/35_v014_f000350.jpg,35,1023,train,panda,ipanda50,giant panda,session_reid,v014,,350,35:v014,,
35_xilan/35_v015_f000025.jpg,35,1024,train,panda,ipanda50,giant panda,session_reid,v015,,25,35:v015,,
35_xilan/35_v015_f000135.jpg,35,1024,train,panda,ipanda50,giant panda,session_reid,v015,,135,35:v015,,
35_xilan/35_v015_f000395.jpg,35,1024,train,panda,ipanda50,giant panda,session_reid,v015,,395,35:v015,,
35_xilan/35_v015_f004590.jpg,35,1024,train,panda,ipanda50,giant panda,session_reid,v015,,4590,35:v015,,
35_xilan/35_v016_f000195.jpg,35,1025,train,panda,ipanda50,giant panda,session_reid,v016,,195,35:v016,,
35_xilan/35_v016_f000335.jpg,35,1025,train,panda,ipanda50,giant panda,session_reid,v016,,335,35:v016,,
35_xilan/35_v016_f001490.jpg,35,1025,train,panda,ipanda50,giant panda,session_reid,v016,,1490,35:v016,,
35_xilan/35_v016_f001945.jpg,35,1025,train,panda,ipanda50,giant panda,session_reid,v016,,1945,35:v016,,
35_xilan/35_v017_f000020.jpg,35,1026,train,panda,ipanda50,giant panda,session_reid,v017,,20,35:v017,,
35_xilan/35_v017_f000340.jpg,35,1026,train,panda,ipanda50,giant panda,session_reid,v017,,340,35:v017,,
35_xilan/35_v017_f001115.jpg,35,1026,train,panda,ipanda50,giant panda,session_reid,v017,,1115,35:v017,,
35_xilan/35_v017_f001440.jpg,35,1026,train,panda,ipanda50,giant panda,session_reid,v017,,1440,35:v017,,
35_xilan/35_v018_f000560.jpg,35,1027,train,panda,ipanda50,giant panda,session_reid,v018,,560,35:v018,,
35_xilan/35_v018_f001330.jpg,35,1027,train,panda,ipanda50,giant panda,session_reid,v018,,1330,35:v018,,
35_xilan/35_v019_f000335.jpg,35,1028,train,panda,ipanda50,giant panda,session_reid,v019,,335,35:v019,,
35_xilan/35_v019_f000690.jpg,35,1028,train,panda,ipanda50,giant panda,session_reid,v019,,690,35:v019,,
35_xilan/35_v022_f000005.jpg,35,1029,train,panda,ipanda50,giant panda,session_reid,v022,,5,35:v022,,
35_xilan/35_v022_f000105.jpg,35,1029,train,panda,ipanda50,giant panda,session_reid,v022,,105,35:v022,,
35_xilan/35_v023_f000640.jpg,35,1030,train,panda,ipanda50,giant panda,session_reid,v023,,640,35:v023,,
35_xilan/35_v023_f000725.jpg,35,1030,train,panda,ipanda50,giant panda,session_reid,v023,,725,35:v023,,
35_xilan/35_v023_f000750.jpg,35,1030,train,panda,ipanda50,giant panda,session_reid,v023,,750,35:v023,,
35_xilan/35_v023_f000975.jpg,35,1030,train,panda,ipanda50,giant panda,session_reid,v023,,975,35:v023,,
35_xilan/35_v025_f000510.jpg,35,1031,train,panda,ipanda50,giant panda,session_reid,v025,,510,35:v025,,
35_xilan/35_v025_f000565.jpg,35,1031,train,panda,ipanda50,giant panda,session_reid,v025,,565,35:v025,,
35_xilan/35_v025_f000700.jpg,35,1031,train,panda,ipanda50,giant panda,session_reid,v025,,700,35:v025,,
35_xilan/35_v026_f000875.jpg,35,1032,train,panda,ipanda50,giant panda,session_reid,v026,,875,35:v026,,
35_xilan/35_v027_f000045.jpg,35,1033,train,panda,ipanda50,giant panda,session_reid,v027,,45,35:v027,,
35_xilan/35_v027_f000075.jpg,35,1033,train,panda,ipanda50,giant panda,session_reid,v027,,75,35:v027,,
35_xilan/35_v027_f000120.jpg,35,1033,train,panda,ipanda50,giant panda,session_reid,v027,,120,35:v027,,
35_xilan/35_v027_f000545.jpg,35,1033,train,panda,ipanda50,giant panda,session_reid,v027,,545,35:v027,,
35_xilan/35_v027_f000725.jpg,35,1033,train,panda,ipanda50,giant panda,session_reid,v027,,725,35:v027,,
35_xilan/35_v027_f000835.jpg,35,1033,train,panda,ipanda50,giant panda,session_reid,v027,,835,35:v027,,
35_xilan/35_v027_f001035.jpg,35,1033,train,panda,ipanda50,giant panda,session_reid,v027,,1035,35:v027,,
35_xilan/35_v027_f001170.jpg,35,1033,train,panda,ipanda50,giant panda,session_reid,v027,,1170,35:v027,,
35_xilan/35_v027_f001200.jpg,35,1033,train,panda,ipanda50,giant panda,session_reid,v027,,1200,35:v027,,
35_xilan/35_v027_f001310.jpg,35,1033,train,panda,ipanda50,giant panda,session_reid,v027,,1310,35:v027,,
35_xilan/35_v027_f001405.jpg,35,1033,train,panda,ipanda50,giant panda,session_reid,v027,,1405,35:v027,,
35_xilan/35_v027_f001425.jpg,35,1033,train,panda,ipanda50,giant panda,session_reid,v027,,1425,35:v027,,
35_xilan/35_v027_f001580.jpg,35,1033,train,panda,ipanda50,giant panda,session_reid,v027,,1580,35:v027,,
35_xilan/35_v027_f001665.jpg,35,1033,train,panda,ipanda50,giant panda,session_reid,v027,,1665,35:v027,,
35_xilan/35_v027_f001860.jpg,35,1033,train,panda,ipanda50,giant panda,session_reid,v027,,1860,35:v027,,
35_xilan/35_v027_f001885.jpg,35,1033,train,panda,ipanda50,giant panda,session_reid,v027,,1885,35:v027,,
35_xilan/35_v027_f002190.jpg,35,1033,train,panda,ipanda50,giant panda,session_reid,v027,,2190,35:v027,,
35_xilan/35_v027_f002315.jpg,35,1033,train,panda,ipanda50,giant panda,session_reid,v027,,2315,35:v027,,
35_xilan/35_v027_f002460.jpg,35,1033,train,panda,ipanda50,giant panda,session_reid,v027,,2460,35:v027,,
35_xilan/35_v027_f002560.jpg,35,1033,train,panda,ipanda50,giant panda,session_reid,v027,,2560,35:v027,,
35_xilan/35_v027_f002685.jpg,35,1033,train,panda,ipanda50,giant panda,session_reid,v027,,2685,35:v027,,
35_xilan/35_v027_f002825.jpg,35,1033,train,panda,ipanda50,giant panda,session_reid,v027,,2825,35:v027,,
35_xilan/35_v027_f003060.jpg,35,1033,train,panda,ipanda50,giant panda,session_reid,v027,,3060,35:v027,,
35_xilan/35_v027_f003125.jpg,35,1033,train,panda,ipanda50,giant panda,session_reid,v027,,3125,35:v027,,
35_xilan/35_v027_f003330.jpg,35,1033,train,panda,ipanda50,giant panda,session_reid,v027,,3330,35:v027,,
35_xilan/35_v027_f003365.jpg,35,1033,train,panda,ipanda50,giant panda,session_reid,v027,,3365,35:v027,,
35_xilan/35_v028_f000005.jpg,35,1034,train,panda,ipanda50,giant panda,session_reid,v028,,5,35:v028,,
35_xilan/35_v028_f001305.jpg,35,1034,train,panda,ipanda50,giant panda,session_reid,v028,,1305,35:v028,,
35_xilan/35_v029_f000005.jpg,35,1035,train,panda,ipanda50,giant panda,session_reid,v029,,5,35:v029,,
35_xilan/35_v029_f001925.jpg,35,1035,train,panda,ipanda50,giant panda,session_reid,v029,,1925,35:v029,,
35_xilan/35_v029_f001950.jpg,35,1035,train,panda,ipanda50,giant panda,session_reid,v029,,1950,35:v029,,
35_xilan/35_v029_f002095.jpg,35,1035,train,panda,ipanda50,giant panda,session_reid,v029,,2095,35:v029,,
35_xilan/35_v029_f002125.jpg,35,1035,train,panda,ipanda50,giant panda,session_reid,v029,,2125,35:v029,,
35_xilan/35_v030_f000005.jpg,35,1036,train,panda,ipanda50,giant panda,session_reid,v030,,5,35:v030,,
35_xilan/35_v030_f000095.jpg,35,1036,train,panda,ipanda50,giant panda,session_reid,v030,,95,35:v030,,
35_xilan/35_v030_f000985.jpg,35,1036,train,panda,ipanda50,giant panda,session_reid,v030,,985,35:v030,,
35_xilan/35_v031_f000005.jpg,35,1037,train,panda,ipanda50,giant panda,session_reid,v031,,5,35:v031,,
35_xilan/35_v033_f000890.jpg,35,1038,train,panda,ipanda50,giant panda,session_reid,v033,,890,35:v033,,
35_xilan/35_v033_f000935.jpg,35,1038,train,panda,ipanda50,giant panda,session_reid,v033,,935,35:v033,,
35_xilan/35_v033_f000985.jpg,35,1038,train,panda,ipanda50,giant panda,session_reid,v033,,985,35:v033,,
35_xilan/35_v033_f001300.jpg,35,1038,train,panda,ipanda50,giant panda,session_reid,v033,,1300,35:v033,,
35_xilan/35_v033_f001440.jpg,35,1038,train,panda,ipanda50,giant panda,session_reid,v033,,1440,35:v033,,
35_xilan/35_v034_f000005.jpg,35,1039,train,panda,ipanda50,giant panda,session_reid,v034,,5,35:v034,,
35_xilan/35_v035_f000005.jpg,35,1040,train,panda,ipanda50,giant panda,session_reid,v035,,5,35:v035,,
35_xilan/35_v036_f000005.jpg,35,1041,train,panda,ipanda50,giant panda,session_reid,v036,,5,35:v036,,
35_xilan/35_v036_f001935.jpg,35,1041,train,panda,ipanda50,giant panda,session_reid,v036,,1935,35:v036,,
35_xilan/35_v036_f002835.jpg,35,1041,train,panda,ipanda50,giant panda,session_reid,v036,,2835,35:v036,,
35_xilan/35_v036_f002880.jpg,35,1041,train,panda,ipanda50,giant panda,session_reid,v036,,2880,35:v036,,
35_xilan/35_v037_f000005.jpg,35,1042,train,panda,ipanda50,giant panda,session_reid,v037,,5,35:v037,,
35_xilan/35_v037_f000930.jpg,35,1042,train,panda,ipanda50,giant panda,session_reid,v037,,930,35:v037,,
35_xilan/35_v038_f000015.jpg,35,1043,train,panda,ipanda50,giant panda,session_reid,v038,,15,35:v038,,
35_xilan/35_v038_f001125.jpg,35,1043,train,panda,ipanda50,giant panda,session_reid,v038,,1125,35:v038,,
35_xilan/35_v038_f003630.jpg,35,1043,train,panda,ipanda50,giant panda,session_reid,v038,,3630,35:v038,,
35_xilan/35_v038_f009390.jpg,35,1043,train,panda,ipanda50,giant panda,session_reid,v038,,9390,35:v038,,
35_xilan/35_v038_f009740.jpg,35,1043,train,panda,ipanda50,giant panda,session_reid,v038,,9740,35:v038,,
35_xilan/35_v040_f001080.jpg,35,1044,train,panda,ipanda50,giant panda,session_reid,v040,,1080,35:v040,,
35_xilan/35_v040_f001755.jpg,35,1044,train,panda,ipanda50,giant panda,session_reid,v040,,1755,35:v040,,
35_xilan/35_v041_f001275.jpg,35,1045,train,panda,ipanda50,giant panda,session_reid,v041,,1275,35:v041,,
35_xilan/35_v041_f006375.jpg,35,1045,train,panda,ipanda50,giant panda,session_reid,v041,,6375,35:v041,,
35_xilan/35_v041_f008585.jpg,35,1045,train,panda,ipanda50,giant panda,session_reid,v041,,8585,35:v041,,
35_xilan/35_v042_f004305.jpg,35,1046,train,panda,ipanda50,giant panda,session_reid,v042,,4305,35:v042,,
35_xilan/35_v043_f001180.jpg,35,1047,train,panda,ipanda50,giant panda,session_reid,v043,,1180,35:v043,,
35_xilan/35_v043_f001245.jpg,35,1047,train,panda,ipanda50,giant panda,session_reid,v043,,1245,35:v043,,
35_xilan/35_v043_f001400.jpg,35,1047,train,panda,ipanda50,giant panda,session_reid,v043,,1400,35:v043,,
35_xilan/35_v043_f001450.jpg,35,1047,train,panda,ipanda50,giant panda,session_reid,v043,,1450,35:v043,,
35_xilan/35_v043_f001505.jpg,35,1047,train,panda,ipanda50,giant panda,session_reid,v043,,1505,35:v043,,
35_xilan/35_v043_f001920.jpg,35,1047,train,panda,ipanda50,giant panda,session_reid,v043,,1920,35:v043,,
35_xilan/35_v043_f002165.jpg,35,1047,train,panda,ipanda50,giant panda,session_reid,v043,,2165,35:v043,,
35_xilan/35_v044_f000040.jpg,35,1048,train,panda,ipanda50,giant panda,session_reid,v044,,40,35:v044,,
35_xilan/35_v044_f000070.jpg,35,1048,train,panda,ipanda50,giant panda,session_reid,v044,,70,35:v044,,
35_xilan/35_v044_f000275.jpg,35,1048,train,panda,ipanda50,giant panda,session_reid,v044,,275,35:v044,,
35_xilan/35_v044_f000950.jpg,35,1048,train,panda,ipanda50,giant panda,session_reid,v044,,950,35:v044,,
35_xilan/35_v044_f001980.jpg,35,1048,train,panda,ipanda50,giant panda,session_reid,v044,,1980,35:v044,,
35_xilan/35_v044_f002715.jpg,35,1048,train,panda,ipanda50,giant panda,session_reid,v044,,2715,35:v044,,
35_xilan/35_v044_f002755.jpg,35,1048,train,panda,ipanda50,giant panda,session_reid,v044,,2755,35:v044,,
35_xilan/35_v044_f003115.jpg,35,1048,train,panda,ipanda50,giant panda,session_reid,v044,,3115,35:v044,,
35_xilan/35_v045_f001030.jpg,35,1049,train,panda,ipanda50,giant panda,session_reid,v045,,1030,35:v045,,
35_xilan/35_v045_f001110.jpg,35,1049,train,panda,ipanda50,giant panda,session_reid,v045,,1110,35:v045,,
35_xilan/35_v045_f001255.jpg,35,1049,train,panda,ipanda50,giant panda,session_reid,v045,,1255,35:v045,,
35_xilan/35_v045_f001560.jpg,35,1049,train,panda,ipanda50,giant panda,session_reid,v045,,1560,35:v045,,
35_xilan/35_v045_f002075.jpg,35,1049,train,panda,ipanda50,giant panda,session_reid,v045,,2075,35:v045,,
35_xilan/35_v045_f003255.jpg,35,1049,train,panda,ipanda50,giant panda,session_reid,v045,,3255,35:v045,,
35_xilan/35_v046_f000680.jpg,35,1050,train,panda,ipanda50,giant panda,session_reid,v046,,680,35:v046,,
35_xilan/35_v046_f001505.jpg,35,1050,train,panda,ipanda50,giant panda,session_reid,v046,,1505,35:v046,,
35_xilan/35_v046_f001855.jpg,35,1050,train,panda,ipanda50,giant panda,session_reid,v046,,1855,35:v046,,
35_xilan/35_v048_f000835.jpg,35,1051,train,panda,ipanda50,giant panda,session_reid,v048,,835,35:v048,,
35_xilan/35_v048_f001320.jpg,35,1051,train,panda,ipanda50,giant panda,session_reid,v048,,1320,35:v048,,
35_xilan/35_v048_f003160.jpg,35,1051,train,panda,ipanda50,giant panda,session_reid,v048,,3160,35:v048,,
35_xilan/35_v048_f004200.jpg,35,1051,train,panda,ipanda50,giant panda,session_reid,v048,,4200,35:v048,,
35_xilan/35_v048_f004545.jpg,35,1051,train,panda,ipanda50,giant panda,session_reid,v048,,4545,35:v048,,
35_xilan/35_v048_f004895.jpg,35,1051,train,panda,ipanda50,giant panda,session_reid,v048,,4895,35:v048,,
35_xilan/35_v048_f004985.jpg,35,1051,train,panda,ipanda50,giant panda,session_reid,v048,,4985,35:v048,,
35_xilan/35_v048_f005085.jpg,35,1051,train,panda,ipanda50,giant panda,session_reid,v048,,5085,35:v048,,
35_xilan/35_v048_f005220.jpg,35,1051,train,panda,ipanda50,giant panda,session_reid,v048,,5220,35:v048,,
35_xilan/35_v050_f000235.jpg,35,1052,train,panda,ipanda50,giant panda,session_reid,v050,,235,35:v050,,
35_xilan/35_v050_f000350.jpg,35,1052,train,panda,ipanda50,giant panda,session_reid,v050,,350,35:v050,,
35_xilan/35_v050_f001070.jpg,35,1052,train,panda,ipanda50,giant panda,session_reid,v050,,1070,35:v050,,
35_xilan/35_v050_f001645.jpg,35,1052,train,panda,ipanda50,giant panda,session_reid,v050,,1645,35:v050,,
35_xilan/35_v051_f000495.jpg,35,1053,train,panda,ipanda50,giant panda,session_reid,v051,,495,35:v051,,
35_xilan/35_v052_f000255.jpg,35,1054,train,panda,ipanda50,giant panda,session_reid,v052,,255,35:v052,,
35_xilan/35_v052_f009775.jpg,35,1054,train,panda,ipanda50,giant panda,session_reid,v052,,9775,35:v052,,
35_xilan/35_v053_f000595.jpg,35,1055,train,panda,ipanda50,giant panda,session_reid,v053,,595,35:v053,,
35_xilan/35_v054_f000005.jpg,35,1056,train,panda,ipanda50,giant panda,session_reid,v054,,5,35:v054,,
35_xilan/35_v054_f000270.jpg,35,1056,train,panda,ipanda50,giant panda,session_reid,v054,,270,35:v054,,
35_xilan/35_v054_f001995.jpg,35,1056,train,panda,ipanda50,giant panda,session_reid,v054,,1995,35:v054,,
35_xilan/35_v054_f002230.jpg,35,1056,train,panda,ipanda50,giant panda,session_reid,v054,,2230,35:v054,,
35_xilan/35_v055_f001445.jpg,35,1057,train,panda,ipanda50,giant panda,session_reid,v055,,1445,35:v055,,
35_xilan/35_v055_f007310.jpg,35,1057,train,panda,ipanda50,giant panda,session_reid,v055,,7310,35:v055,,
35_xilan/35_v056_f003000.jpg,35,1058,train,panda,ipanda50,giant panda,session_reid,v056,,3000,35:v056,,
35_xilan/35_v057_f000125.jpg,35,1059,train,panda,ipanda50,giant panda,session_reid,v057,,125,35:v057,,
35_xilan/35_v058_f000005.jpg,35,1060,train,panda,ipanda50,giant panda,session_reid,v058,,5,35:v058,,
35_xilan/35_v058_f001205.jpg,35,1060,train,panda,ipanda50,giant panda,session_reid,v058,,1205,35:v058,,
35_xilan/35_v058_f001225.jpg,35,1060,train,panda,ipanda50,giant panda,session_reid,v058,,1225,35:v058,,
35_xilan/35_v058_f002585.jpg,35,1060,train,panda,ipanda50,giant panda,session_reid,v058,,2585,35:v058,,
35_xilan/35_v059_f001560.jpg,35,1061,train,panda,ipanda50,giant panda,session_reid,v059,,1560,35:v059,,
35_xilan/35_v060_f000060.jpg,35,1062,train,panda,ipanda50,giant panda,session_reid,v060,,60,35:v060,,
35_xilan/35_v061_f001710.jpg,35,1063,train,panda,ipanda50,giant panda,session_reid,v061,,1710,35:v061,,
35_xilan/35_v061_f002515.jpg,35,1063,train,panda,ipanda50,giant panda,session_reid,v061,,2515,35:v061,,
35_xilan/35_v061_f002530.jpg,35,1063,train,panda,ipanda50,giant panda,session_reid,v061,,2530,35:v061,,
35_xilan/35_v061_f002605.jpg,35,1063,train,panda,ipanda50,giant panda,session_reid,v061,,2605,35:v061,,
35_xilan/35_v061_f002710.jpg,35,1063,train,panda,ipanda50,giant panda,session_reid,v061,,2710,35:v061,,
35_xilan/35_v061_f002815.jpg,35,1063,train,panda,ipanda50,giant panda,session_reid,v061,,2815,35:v061,,
35_xilan/35_v062_f001530.jpg,35,1064,train,panda,ipanda50,giant panda,session_reid,v062,,1530,35:v062,,
35_xilan/35_v062_f002970.jpg,35,1064,train,panda,ipanda50,giant panda,session_reid,v062,,2970,35:v062,,
35_xilan/35_v063_f000240.jpg,35,1065,train,panda,ipanda50,giant panda,session_reid,v063,,240,35:v063,,
35_xilan/35_v063_f001860.jpg,35,1065,train,panda,ipanda50,giant panda,session_reid,v063,,1860,35:v063,,
35_xilan/35_v064_f000005.jpg,35,1066,train,panda,ipanda50,giant panda,session_reid,v064,,5,35:v064,,
35_xilan/35_v064_f000600.jpg,35,1066,train,panda,ipanda50,giant panda,session_reid,v064,,600,35:v064,,
35_xilan/35_v064_f004200.jpg,35,1066,train,panda,ipanda50,giant panda,session_reid,v064,,4200,35:v064,,
35_xilan/35_v065_f000150.jpg,35,1067,train,panda,ipanda50,giant panda,session_reid,v065,,150,35:v065,,
35_xilan/35_v066_f000305.jpg,35,1068,train,panda,ipanda50,giant panda,session_reid,v066,,305,35:v066,,
35_xilan/35_v066_f002695.jpg,35,1068,train,panda,ipanda50,giant panda,session_reid,v066,,2695,35:v066,,
35_xilan/35_v066_f005165.jpg,35,1068,train,panda,ipanda50,giant panda,session_reid,v066,,5165,35:v066,,
35_xilan/35_v067_f000055.jpg,35,1069,train,panda,ipanda50,giant panda,session_reid,v067,,55,35:v067,,
35_xilan/35_v068_f000900.jpg,35,1070,train,panda,ipanda50,giant panda,session_reid,v068,,900,35:v068,,
35_xilan/35_v068_f003120.jpg,35,1070,train,panda,ipanda50,giant panda,session_reid,v068,,3120,35:v068,,
35_xilan/35_v069_f000005.jpg,35,1071,train,panda,ipanda50,giant panda,session_reid,v069,,5,35:v069,,
35_xilan/35_v069_f000980.jpg,35,1071,train,panda,ipanda50,giant panda,session_reid,v069,,980,35:v069,,
35_xilan/35_v079_f000005.jpg,35,1072,train,panda,ipanda50,giant panda,session_reid,v079,,5,35:v079,,
35_xilan/35_v079_f000575.jpg,35,1072,train,panda,ipanda50,giant panda,session_reid,v079,,575,35:v079,,
35_xilan/35_v079_f000610.jpg,35,1072,train,panda,ipanda50,giant panda,session_reid,v079,,610,35:v079,,
35_xilan/35_v079_f000805.jpg,35,1072,train,panda,ipanda50,giant panda,session_reid,v079,,805,35:v079,,
35_xilan/35_v081_f000005.jpg,35,1073,train,panda,ipanda50,giant panda,session_reid,v081,,5,35:v081,,
35_xilan/35_v081_f000105.jpg,35,1073,train,panda,ipanda50,giant panda,session_reid,v081,,105,35:v081,,
35_xilan/35_v081_f000855.jpg,35,1073,train,panda,ipanda50,giant panda,session_reid,v081,,855,35:v081,,
35_xilan/35_v083_f000005.jpg,35,1074,train,panda,ipanda50,giant panda,session_reid,v083,,5,35:v083,,
35_xilan/35_v083_f000850.jpg,35,1074,train,panda,ipanda50,giant panda,session_reid,v083,,850,35:v083,,
35_xilan/35_v083_f000945.jpg,35,1074,train,panda,ipanda50,giant panda,session_reid,v083,,945,35:v083,,
35_xilan/35_v083_f001830.jpg,35,1074,train,panda,ipanda50,giant panda,session_reid,v083,,1830,35:v083,,
35_xilan/35_v086_f000005.jpg,35,1075,train,panda,ipanda50,giant panda,session_reid,v086,,5,35:v086,,
35_xilan/35_v086_f000475.jpg,35,1075,train,panda,ipanda50,giant panda,session_reid,v086,,475,35:v086,,
35_xilan/35_v086_f002630.jpg,35,1075,train,panda,ipanda50,giant panda,session_reid,v086,,2630,35:v086,,
35_xilan/35_v087_f003810.jpg,35,1076,train,panda,ipanda50,giant panda,session_reid,v087,,3810,35:v087,,
35_xilan/35_v087_f005590.jpg,35,1076,train,panda,ipanda50,giant panda,session_reid,v087,,5590,35:v087,,
35_xilan/35_v091_f000005.jpg,35,1077,train,panda,ipanda50,giant panda,session_reid,v091,,5,35:v091,,
35_xilan/35_v092_f000600.jpg,35,1078,train,panda,ipanda50,giant panda,session_reid,v092,,600,35:v092,,
35_xilan/35_v092_f000640.jpg,35,1078,train,panda,ipanda50,giant panda,session_reid,v092,,640,35:v092,,
35_xilan/35_v092_f000655.jpg,35,1078,train,panda,ipanda50,giant panda,session_reid,v092,,655,35:v092,,
35_xilan/35_v092_f000670.jpg,35,1078,train,panda,ipanda50,giant panda,session_reid,v092,,670,35:v092,,
35_xilan/35_v092_f000760.jpg,35,1078,train,panda,ipanda50,giant panda,session_reid,v092,,760,35:v092,,
35_xilan/35_v092_f000940.jpg,35,1078,train,panda,ipanda50,giant panda,session_reid,v092,,940,35:v092,,
35_xilan/35_v092_f001540.jpg,35,1078,train,panda,ipanda50,giant panda,session_reid,v092,,1540,35:v092,,
35_xilan/35_v092_f002160.jpg,35,1078,train,panda,ipanda50,giant panda,session_reid,v092,,2160,35:v092,,
35_xilan/35_v092_f002430.jpg,35,1078,train,panda,ipanda50,giant panda,session_reid,v092,,2430,35:v092,,
35_xilan/35_v092_f003020.jpg,35,1078,train,panda,ipanda50,giant panda,session_reid,v092,,3020,35:v092,,
35_xilan/35_v092_f003970.jpg,35,1078,train,panda,ipanda50,giant panda,session_reid,v092,,3970,35:v092,,
36_xingda/36_v001_f000300.jpg,36,1079,train,panda,ipanda50,giant panda,session_reid,v001,,300,36:v001,,
36_xingda/36_v001_f000830.jpg,36,1079,train,panda,ipanda50,giant panda,session_reid,v001,,830,36:v001,,
36_xingda/36_v001_f001005.jpg,36,1079,train,panda,ipanda50,giant panda,session_reid,v001,,1005,36:v001,,
36_xingda/36_v001_f001400.jpg,36,1079,train,panda,ipanda50,giant panda,session_reid,v001,,1400,36:v001,,
36_xingda/36_v001_f001805.jpg,36,1079,train,panda,ipanda50,giant panda,session_reid,v001,,1805,36:v001,,
36_xingda/36_v001_f001920.jpg,36,1079,train,panda,ipanda50,giant panda,session_reid,v001,,1920,36:v001,,
36_xingda/36_v003_f000865.jpg,36,1080,train,panda,ipanda50,giant panda,session_reid,v003,,865,36:v003,,
36_xingda/36_v003_f001035.jpg,36,1080,train,panda,ipanda50,giant panda,session_reid,v003,,1035,36:v003,,
36_xingda/36_v003_f001200.jpg,36,1080,train,panda,ipanda50,giant panda,session_reid,v003,,1200,36:v003,,
36_xingda/36_v003_f001610.jpg,36,1080,train,panda,ipanda50,giant panda,session_reid,v003,,1610,36:v003,,
36_xingda/36_v003_f001860.jpg,36,1080,train,panda,ipanda50,giant panda,session_reid,v003,,1860,36:v003,,
36_xingda/36_v003_f001955.jpg,36,1080,train,panda,ipanda50,giant panda,session_reid,v003,,1955,36:v003,,
36_xingda/36_v003_f002115.jpg,36,1080,train,panda,ipanda50,giant panda,session_reid,v003,,2115,36:v003,,
36_xingda/36_v004_f000005.jpg,36,1081,train,panda,ipanda50,giant panda,session_reid,v004,,5,36:v004,,
36_xingda/36_v004_f000425.jpg,36,1081,train,panda,ipanda50,giant panda,session_reid,v004,,425,36:v004,,
36_xingda/36_v004_f000780.jpg,36,1081,train,panda,ipanda50,giant panda,session_reid,v004,,780,36:v004,,
36_xingda/36_v005_f000005.jpg,36,1082,train,panda,ipanda50,giant panda,session_reid,v005,,5,36:v005,,
36_xingda/36_v005_f000825.jpg,36,1082,train,panda,ipanda50,giant panda,session_reid,v005,,825,36:v005,,
36_xingda/36_v006_f000005.jpg,36,1083,train,panda,ipanda50,giant panda,session_reid,v006,,5,36:v006,,
36_xingda/36_v006_f000330.jpg,36,1083,train,panda,ipanda50,giant panda,session_reid,v006,,330,36:v006,,
36_xingda/36_v012_f000005.jpg,36,1084,train,panda,ipanda50,giant panda,session_reid,v012,,5,36:v012,,
36_xingda/36_v015_f001325.jpg,36,1085,train,panda,ipanda50,giant panda,session_reid,v015,,1325,36:v015,,
36_xingda/36_v015_f001450.jpg,36,1085,train,panda,ipanda50,giant panda,session_reid,v015,,1450,36:v015,,
36_xingda/36_v016_f000680.jpg,36,1086,train,panda,ipanda50,giant panda,session_reid,v016,,680,36:v016,,
36_xingda/36_v016_f001615.jpg,36,1086,train,panda,ipanda50,giant panda,session_reid,v016,,1615,36:v016,,
36_xingda/36_v016_f012410.jpg,36,1086,train,panda,ipanda50,giant panda,session_reid,v016,,12410,36:v016,,
36_xingda/36_v017_f000085.jpg,36,1087,train,panda,ipanda50,giant panda,session_reid,v017,,85,36:v017,,
36_xingda/36_v017_f000510.jpg,36,1087,train,panda,ipanda50,giant panda,session_reid,v017,,510,36:v017,,
36_xingda/36_v017_f000645.jpg,36,1087,train,panda,ipanda50,giant panda,session_reid,v017,,645,36:v017,,
36_xingda/36_v017_f001305.jpg,36,1087,train,panda,ipanda50,giant panda,session_reid,v017,,1305,36:v017,,
36_xingda/36_v017_f003275.jpg,36,1087,train,panda,ipanda50,giant panda,session_reid,v017,,3275,36:v017,,
36_xingda/36_v017_f006420.jpg,36,1087,train,panda,ipanda50,giant panda,session_reid,v017,,6420,36:v017,,
36_xingda/36_v017_f013235.jpg,36,1087,train,panda,ipanda50,giant panda,session_reid,v017,,13235,36:v017,,
36_xingda/36_v017_f014475.jpg,36,1087,train,panda,ipanda50,giant panda,session_reid,v017,,14475,36:v017,,
36_xingda/36_v017_f014915.jpg,36,1087,train,panda,ipanda50,giant panda,session_reid,v017,,14915,36:v017,,
36_xingda/36_v017_f014955.jpg,36,1087,train,panda,ipanda50,giant panda,session_reid,v017,,14955,36:v017,,
36_xingda/36_v017_f015050.jpg,36,1087,train,panda,ipanda50,giant panda,session_reid,v017,,15050,36:v017,,
36_xingda/36_v017_f015130.jpg,36,1087,train,panda,ipanda50,giant panda,session_reid,v017,,15130,36:v017,,
36_xingda/36_v017_f015500.jpg,36,1087,train,panda,ipanda50,giant panda,session_reid,v017,,15500,36:v017,,
36_xingda/36_v018_f000005.jpg,36,1088,train,panda,ipanda50,giant panda,session_reid,v018,,5,36:v018,,
36_xingda/36_v018_f000155.jpg,36,1088,train,panda,ipanda50,giant panda,session_reid,v018,,155,36:v018,,
36_xingda/36_v018_f000285.jpg,36,1088,train,panda,ipanda50,giant panda,session_reid,v018,,285,36:v018,,
36_xingda/36_v018_f000735.jpg,36,1088,train,panda,ipanda50,giant panda,session_reid,v018,,735,36:v018,,
36_xingda/36_v020_f000090.jpg,36,1089,train,panda,ipanda50,giant panda,session_reid,v020,,90,36:v020,,
36_xingda/36_v020_f000450.jpg,36,1089,train,panda,ipanda50,giant panda,session_reid,v020,,450,36:v020,,
36_xingda/36_v020_f001480.jpg,36,1089,train,panda,ipanda50,giant panda,session_reid,v020,,1480,36:v020,,
36_xingda/36_v020_f002925.jpg,36,1089,train,panda,ipanda50,giant panda,session_reid,v020,,2925,36:v020,,
36_xingda/36_v021_f000135.jpg,36,1090,train,panda,ipanda50,giant panda,session_reid,v021,,135,36:v021,,
36_xingda/36_v021_f000495.jpg,36,1090,train,panda,ipanda50,giant panda,session_reid,v021,,495,36:v021,,
36_xingda/36_v021_f001350.jpg,36,1090,train,panda,ipanda50,giant panda,session_reid,v021,,1350,36:v021,,
36_xingda/36_v021_f001845.jpg,36,1090,train,panda,ipanda50,giant panda,session_reid,v021,,1845,36:v021,,
36_xingda/36_v021_f002880.jpg,36,1090,train,panda,ipanda50,giant panda,session_reid,v021,,2880,36:v021,,
36_xingda/36_v022_f000060.jpg,36,1091,train,panda,ipanda50,giant panda,session_reid,v022,,60,36:v022,,
36_xingda/36_v022_f000420.jpg,36,1091,train,panda,ipanda50,giant panda,session_reid,v022,,420,36:v022,,
36_xingda/36_v022_f001380.jpg,36,1091,train,panda,ipanda50,giant panda,session_reid,v022,,1380,36:v022,,
36_xingda/36_v023_f000005.jpg,36,1092,train,panda,ipanda50,giant panda,session_reid,v023,,5,36:v023,,
36_xingda/36_v023_f000580.jpg,36,1092,train,panda,ipanda50,giant panda,session_reid,v023,,580,36:v023,,
36_xingda/36_v024_f000250.jpg,36,1093,train,panda,ipanda50,giant panda,session_reid,v024,,250,36:v024,,
36_xingda/36_v025_f001190.jpg,36,1094,train,panda,ipanda50,giant panda,session_reid,v025,,1190,36:v025,,
36_xingda/36_v025_f001225.jpg,36,1094,train,panda,ipanda50,giant panda,session_reid,v025,,1225,36:v025,,
36_xingda/36_v025_f002220.jpg,36,1094,train,panda,ipanda50,giant panda,session_reid,v025,,2220,36:v025,,
36_xingda/36_v026_f000125.jpg,36,1095,train,panda,ipanda50,giant panda,session_reid,v026,,125,36:v026,,
36_xingda/36_v026_f000325.jpg,36,1095,train,panda,ipanda50,giant panda,session_reid,v026,,325,36:v026,,
36_xingda/36_v026_f000575.jpg,36,1095,train,panda,ipanda50,giant panda,session_reid,v026,,575,36:v026,,
36_xingda/36_v029_f001505.jpg,36,1096,train,panda,ipanda50,giant panda,session_reid,v029,,1505,36:v029,,
36_xingda/36_v030_f000415.jpg,36,1097,train,panda,ipanda50,giant panda,session_reid,v030,,415,36:v030,,
36_xingda/36_v030_f001380.jpg,36,1097,train,panda,ipanda50,giant panda,session_reid,v030,,1380,36:v030,,
36_xingda/36_v030_f001760.jpg,36,1097,train,panda,ipanda50,giant panda,session_reid,v030,,1760,36:v030,,
36_xingda/36_v030_f004780.jpg,36,1097,train,panda,ipanda50,giant panda,session_reid,v030,,4780,36:v030,,
36_xingda/36_v030_f007055.jpg,36,1097,train,panda,ipanda50,giant panda,session_reid,v030,,7055,36:v030,,
36_xingda/36_v031_f000005.jpg,36,1098,train,panda,ipanda50,giant panda,session_reid,v031,,5,36:v031,,
36_xingda/36_v031_f000025.jpg,36,1098,train,panda,ipanda50,giant panda,session_reid,v031,,25,36:v031,,
36_xingda/36_v031_f007310.jpg,36,1098,train,panda,ipanda50,giant panda,session_reid,v031,,7310,36:v031,,
36_xingda/36_v033_f000005.jpg,36,1099,train,panda,ipanda50,giant panda,session_reid,v033,,5,36:v033,,
36_xingda/36_v033_f000325.jpg,36,1099,train,panda,ipanda50,giant panda,session_reid,v033,,325,36:v033,,
36_xingda/36_v033_f000575.jpg,36,1099,train,panda,ipanda50,giant panda,session_reid,v033,,575,36:v033,,
36_xingda/36_v033_f000700.jpg,36,1099,train,panda,ipanda50,giant panda,session_reid,v033,,700,36:v033,,
36_xingda/36_v033_f000985.jpg,36,1099,train,panda,ipanda50,giant panda,session_reid,v033,,985,36:v033,,
36_xingda/36_v033_f001160.jpg,36,1099,train,panda,ipanda50,giant panda,session_reid,v033,,1160,36:v033,,
36_xingda/36_v033_f001270.jpg,36,1099,train,panda,ipanda50,giant panda,session_reid,v033,,1270,36:v033,,
36_xingda/36_v033_f001480.jpg,36,1099,train,panda,ipanda50,giant panda,session_reid,v033,,1480,36:v033,,
36_xingda/36_v033_f003005.jpg,36,1099,train,panda,ipanda50,giant panda,session_reid,v033,,3005,36:v033,,
36_xingda/36_v035_f000145.jpg,36,1100,train,panda,ipanda50,giant panda,session_reid,v035,,145,36:v035,,
36_xingda/36_v037_f000350.jpg,36,1101,train,panda,ipanda50,giant panda,session_reid,v037,,350,36:v037,,
36_xingda/36_v037_f001275.jpg,36,1101,train,panda,ipanda50,giant panda,session_reid,v037,,1275,36:v037,,
36_xingda/36_v037_f001475.jpg,36,1101,train,panda,ipanda50,giant panda,session_reid,v037,,1475,36:v037,,
36_xingda/36_v039_f000005.jpg,36,1102,train,panda,ipanda50,giant panda,session_reid,v039,,5,36:v039,,
36_xingda/36_v039_f000190.jpg,36,1102,train,panda,ipanda50,giant panda,session_reid,v039,,190,36:v039,,
36_xingda/36_v040_f000110.jpg,36,1103,train,panda,ipanda50,giant panda,session_reid,v040,,110,36:v040,,
36_xingda/36_v040_f001645.jpg,36,1103,train,panda,ipanda50,giant panda,session_reid,v040,,1645,36:v040,,
36_xingda/36_v040_f001935.jpg,36,1103,train,panda,ipanda50,giant panda,session_reid,v040,,1935,36:v040,,
36_xingda/36_v040_f002000.jpg,36,1103,train,panda,ipanda50,giant panda,session_reid,v040,,2000,36:v040,,
36_xingda/36_v041_f000005.jpg,36,1104,train,panda,ipanda50,giant panda,session_reid,v041,,5,36:v041,,
36_xingda/36_v042_f000005.jpg,36,1105,train,panda,ipanda50,giant panda,session_reid,v042,,5,36:v042,,
36_xingda/36_v042_f000030.jpg,36,1105,train,panda,ipanda50,giant panda,session_reid,v042,,30,36:v042,,
36_xingda/36_v042_f000110.jpg,36,1105,train,panda,ipanda50,giant panda,session_reid,v042,,110,36:v042,,
36_xingda/36_v042_f000325.jpg,36,1105,train,panda,ipanda50,giant panda,session_reid,v042,,325,36:v042,,
36_xingda/36_v042_f000355.jpg,36,1105,train,panda,ipanda50,giant panda,session_reid,v042,,355,36:v042,,
36_xingda/36_v042_f000960.jpg,36,1105,train,panda,ipanda50,giant panda,session_reid,v042,,960,36:v042,,
36_xingda/36_v042_f001080.jpg,36,1105,train,panda,ipanda50,giant panda,session_reid,v042,,1080,36:v042,,
36_xingda/36_v042_f001260.jpg,36,1105,train,panda,ipanda50,giant panda,session_reid,v042,,1260,36:v042,,
36_xingda/36_v042_f001455.jpg,36,1105,train,panda,ipanda50,giant panda,session_reid,v042,,1455,36:v042,,
36_xingda/36_v042_f001580.jpg,36,1105,train,panda,ipanda50,giant panda,session_reid,v042,,1580,36:v042,,
36_xingda/36_v042_f001710.jpg,36,1105,train,panda,ipanda50,giant panda,session_reid,v042,,1710,36:v042,,
36_xingda/36_v042_f001770.jpg,36,1105,train,panda,ipanda50,giant panda,session_reid,v042,,1770,36:v042,,
36_xingda/36_v042_f001975.jpg,36,1105,train,panda,ipanda50,giant panda,session_reid,v042,,1975,36:v042,,
36_xingda/36_v042_f002040.jpg,36,1105,train,panda,ipanda50,giant panda,session_reid,v042,,2040,36:v042,,
36_xingda/36_v042_f002175.jpg,36,1105,train,panda,ipanda50,giant panda,session_reid,v042,,2175,36:v042,,
36_xingda/36_v042_f002285.jpg,36,1105,train,panda,ipanda50,giant panda,session_reid,v042,,2285,36:v042,,
36_xingda/36_v042_f002355.jpg,36,1105,train,panda,ipanda50,giant panda,session_reid,v042,,2355,36:v042,,
36_xingda/36_v042_f002560.jpg,36,1105,train,panda,ipanda50,giant panda,session_reid,v042,,2560,36:v042,,
36_xingda/36_v043_f000625.jpg,36,1106,train,panda,ipanda50,giant panda,session_reid,v043,,625,36:v043,,
36_xingda/36_v043_f001105.jpg,36,1106,train,panda,ipanda50,giant panda,session_reid,v043,,1105,36:v043,,
36_xingda/36_v044_f000005.jpg,36,1107,train,panda,ipanda50,giant panda,session_reid,v044,,5,36:v044,,
36_xingda/36_v044_f000585.jpg,36,1107,train,panda,ipanda50,giant panda,session_reid,v044,,585,36:v044,,
36_xingda/36_v044_f001845.jpg,36,1107,train,panda,ipanda50,giant panda,session_reid,v044,,1845,36:v044,,
36_xingda/36_v044_f001900.jpg,36,1107,train,panda,ipanda50,giant panda,session_reid,v044,,1900,36:v044,,
36_xingda/36_v044_f002115.jpg,36,1107,train,panda,ipanda50,giant panda,session_reid,v044,,2115,36:v044,,
36_xingda/36_v045_f000120.jpg,36,1108,train,panda,ipanda50,giant panda,session_reid,v045,,120,36:v045,,
36_xingda/36_v045_f000660.jpg,36,1108,train,panda,ipanda50,giant panda,session_reid,v045,,660,36:v045,,
36_xingda/36_v045_f001020.jpg,36,1108,train,panda,ipanda50,giant panda,session_reid,v045,,1020,36:v045,,
36_xingda/36_v045_f004500.jpg,36,1108,train,panda,ipanda50,giant panda,session_reid,v045,,4500,36:v045,,
36_xingda/36_v046_f000005.jpg,36,1109,train,panda,ipanda50,giant panda,session_reid,v046,,5,36:v046,,
36_xingda/36_v046_f000185.jpg,36,1109,train,panda,ipanda50,giant panda,session_reid,v046,,185,36:v046,,
36_xingda/36_v046_f000455.jpg,36,1109,train,panda,ipanda50,giant panda,session_reid,v046,,455,36:v046,,
36_xingda/36_v046_f001635.jpg,36,1109,train,panda,ipanda50,giant panda,session_reid,v046,,1635,36:v046,,
36_xingda/36_v046_f002705.jpg,36,1109,train,panda,ipanda50,giant panda,session_reid,v046,,2705,36:v046,,
36_xingda/36_v046_f004075.jpg,36,1109,train,panda,ipanda50,giant panda,session_reid,v046,,4075,36:v046,,
36_xingda/36_v047_f000005.jpg,36,1110,train,panda,ipanda50,giant panda,session_reid,v047,,5,36:v047,,
36_xingda/36_v048_f000005.jpg,36,1111,train,panda,ipanda50,giant panda,session_reid,v048,,5,36:v048,,
36_xingda/36_v048_f000360.jpg,36,1111,train,panda,ipanda50,giant panda,session_reid,v048,,360,36:v048,,
36_xingda/36_v048_f002280.jpg,36,1111,train,panda,ipanda50,giant panda,session_reid,v048,,2280,36:v048,,
36_xingda/36_v049_f000225.jpg,36,1112,train,panda,ipanda50,giant panda,session_reid,v049,,225,36:v049,,
36_xingda/36_v049_f001435.jpg,36,1112,train,panda,ipanda50,giant panda,session_reid,v049,,1435,36:v049,,
36_xingda/36_v050_f000300.jpg,36,1113,train,panda,ipanda50,giant panda,session_reid,v050,,300,36:v050,,
36_xingda/36_v050_f000600.jpg,36,1113,train,panda,ipanda50,giant panda,session_reid,v050,,600,36:v050,,
36_xingda/36_v050_f001080.jpg,36,1113,train,panda,ipanda50,giant panda,session_reid,v050,,1080,36:v050,,
36_xingda/36_v050_f003240.jpg,36,1113,train,panda,ipanda50,giant panda,session_reid,v050,,3240,36:v050,,
36_xingda/36_v052_f000005.jpg,36,1114,train,panda,ipanda50,giant panda,session_reid,v052,,5,36:v052,,
36_xingda/36_v053_f000005.jpg,36,1115,train,panda,ipanda50,giant panda,session_reid,v053,,5,36:v053,,
36_xingda/36_v053_f000090.jpg,36,1115,train,panda,ipanda50,giant panda,session_reid,v053,,90,36:v053,,
36_xingda/36_v053_f000415.jpg,36,1115,train,panda,ipanda50,giant panda,session_reid,v053,,415,36:v053,,
36_xingda/36_v053_f000875.jpg,36,1115,train,panda,ipanda50,giant panda,session_reid,v053,,875,36:v053,,
36_xingda/36_v053_f001030.jpg,36,1115,train,panda,ipanda50,giant panda,session_reid,v053,,1030,36:v053,,
36_xingda/36_v057_f000300.jpg,36,1116,train,panda,ipanda50,giant panda,session_reid,v057,,300,36:v057,,
36_xingda/36_v057_f003720.jpg,36,1116,train,panda,ipanda50,giant panda,session_reid,v057,,3720,36:v057,,
36_xingda/36_v058_f000075.jpg,36,1117,train,panda,ipanda50,giant panda,session_reid,v058,,75,36:v058,,
36_xingda/36_v058_f000495.jpg,36,1117,train,panda,ipanda50,giant panda,session_reid,v058,,495,36:v058,,
36_xingda/36_v059_f000005.jpg,36,1118,train,panda,ipanda50,giant panda,session_reid,v059,,5,36:v059,,
36_xingda/36_v060_f000230.jpg,36,1119,train,panda,ipanda50,giant panda,session_reid,v060,,230,36:v060,,
36_xingda/36_v060_f000565.jpg,36,1119,train,panda,ipanda50,giant panda,session_reid,v060,,565,36:v060,,
36_xingda/36_v060_f000690.jpg,36,1119,train,panda,ipanda50,giant panda,session_reid,v060,,690,36:v060,,
36_xingda/36_v061_f000005.jpg,36,1120,train,panda,ipanda50,giant panda,session_reid,v061,,5,36:v061,,
36_xingda/36_v062_f000300.jpg,36,1121,train,panda,ipanda50,giant panda,session_reid,v062,,300,36:v062,,
36_xingda/36_v062_f002040.jpg,36,1121,train,panda,ipanda50,giant panda,session_reid,v062,,2040,36:v062,,
36_xingda/36_v062_f003000.jpg,36,1121,train,panda,ipanda50,giant panda,session_reid,v062,,3000,36:v062,,
36_xingda/36_v064_f000025.jpg,36,1122,train,panda,ipanda50,giant panda,session_reid,v064,,25,36:v064,,
36_xingda/36_v064_f001475.jpg,36,1122,train,panda,ipanda50,giant panda,session_reid,v064,,1475,36:v064,,
36_xingda/36_v065_f000050.jpg,36,1123,train,panda,ipanda50,giant panda,session_reid,v065,,50,36:v065,,
36_xingda/36_v065_f000350.jpg,36,1123,train,panda,ipanda50,giant panda,session_reid,v065,,350,36:v065,,
36_xingda/36_v065_f001425.jpg,36,1123,train,panda,ipanda50,giant panda,session_reid,v065,,1425,36:v065,,
36_xingda/36_v066_f000005.jpg,36,1124,train,panda,ipanda50,giant panda,session_reid,v066,,5,36:v066,,
36_xingda/36_v066_f001005.jpg,36,1124,train,panda,ipanda50,giant panda,session_reid,v066,,1005,36:v066,,
36_xingda/36_v070_f000380.jpg,36,1125,train,panda,ipanda50,giant panda,session_reid,v070,,380,36:v070,,
36_xingda/36_v070_f000755.jpg,36,1125,train,panda,ipanda50,giant panda,session_reid,v070,,755,36:v070,,
36_xingda/36_v071_f000030.jpg,36,1126,train,panda,ipanda50,giant panda,session_reid,v071,,30,36:v071,,
36_xingda/36_v071_f001080.jpg,36,1126,train,panda,ipanda50,giant panda,session_reid,v071,,1080,36:v071,,
36_xingda/36_v071_f001305.jpg,36,1126,train,panda,ipanda50,giant panda,session_reid,v071,,1305,36:v071,,
36_xingda/36_v071_f001730.jpg,36,1126,train,panda,ipanda50,giant panda,session_reid,v071,,1730,36:v071,,
36_xingda/36_v071_f004235.jpg,36,1126,train,panda,ipanda50,giant panda,session_reid,v071,,4235,36:v071,,
36_xingda/36_v071_f004395.jpg,36,1126,train,panda,ipanda50,giant panda,session_reid,v071,,4395,36:v071,,
36_xingda/36_v071_f004470.jpg,36,1126,train,panda,ipanda50,giant panda,session_reid,v071,,4470,36:v071,,
36_xingda/36_v072_f000005.jpg,36,1127,train,panda,ipanda50,giant panda,session_reid,v072,,5,36:v072,,
36_xingda/36_v072_f000250.jpg,36,1127,train,panda,ipanda50,giant panda,session_reid,v072,,250,36:v072,,
36_xingda/36_v072_f000825.jpg,36,1127,train,panda,ipanda50,giant panda,session_reid,v072,,825,36:v072,,
36_xingda/36_v072_f000875.jpg,36,1127,train,panda,ipanda50,giant panda,session_reid,v072,,875,36:v072,,
36_xingda/36_v073_f000005.jpg,36,1128,train,panda,ipanda50,giant panda,session_reid,v073,,5,36:v073,,
36_xingda/36_v073_f000205.jpg,36,1128,train,panda,ipanda50,giant panda,session_reid,v073,,205,36:v073,,
36_xingda/36_v073_f000920.jpg,36,1128,train,panda,ipanda50,giant panda,session_reid,v073,,920,36:v073,,
36_xingda/36_v073_f000980.jpg,36,1128,train,panda,ipanda50,giant panda,session_reid,v073,,980,36:v073,,
36_xingda/36_v073_f001030.jpg,36,1128,train,panda,ipanda50,giant panda,session_reid,v073,,1030,36:v073,,
36_xingda/36_v073_f001150.jpg,36,1128,train,panda,ipanda50,giant panda,session_reid,v073,,1150,36:v073,,
37_xinger/37_v001_f000005.jpg,37,1129,train,panda,ipanda50,giant panda,session_reid,v001,,5,37:v001,,
37_xinger/37_v001_f000835.jpg,37,1129,train,panda,ipanda50,giant panda,session_reid,v001,,835,37:v001,,
37_xinger/37_v001_f001265.jpg,37,1129,train,panda,ipanda50,giant panda,session_reid,v001,,1265,37:v001,,
37_xinger/37_v001_f001505.jpg,37,1129,train,panda,ipanda50,giant panda,session_reid,v001,,1505,37:v001,,
37_xinger/37_v001_f001660.jpg,37,1129,train,panda,ipanda50,giant panda,session_reid,v001,,1660,37:v001,,
37_xinger/37_v001_f001725.jpg,37,1129,train,panda,ipanda50,giant panda,session_reid,v001,,1725,37:v001,,
37_xinger/37_v001_f002970.jpg,37,1129,train,panda,ipanda50,giant panda,session_reid,v001,,2970,37:v001,,
37_xinger/37_v001_f003825.jpg,37,1129,train,panda,ipanda50,giant panda,session_reid,v001,,3825,37:v001,,
37_xinger/37_v001_f005465.jpg,37,1129,train,panda,ipanda50,giant panda,session_reid,v001,,5465,37:v001,,
37_xinger/37_v001_f006005.jpg,37,1129,train,panda,ipanda50,giant panda,session_reid,v001,,6005,37:v001,,
37_xinger/37_v001_f006025.jpg,37,1129,train,panda,ipanda50,giant panda,session_reid,v001,,6025,37:v001,,
37_xinger/37_v001_f006420.jpg,37,1129,train,panda,ipanda50,giant panda,session_reid,v001,,6420,37:v001,,
37_xinger/37_v001_f006495.jpg,37,1129,train,panda,ipanda50,giant panda,session_reid,v001,,6495,37:v001,,
37_xinger/37_v001_f006625.jpg,37,1129,train,panda,ipanda50,giant panda,session_reid,v001,,6625,37:v001,,
37_xinger/37_v001_f006785.jpg,37,1129,train,panda,ipanda50,giant panda,session_reid,v001,,6785,37:v001,,
37_xinger/37_v004_f000135.jpg,37,1130,train,panda,ipanda50,giant panda,session_reid,v004,,135,37:v004,,
37_xinger/37_v004_f000455.jpg,37,1130,train,panda,ipanda50,giant panda,session_reid,v004,,455,37:v004,,
37_xinger/37_v004_f000560.jpg,37,1130,train,panda,ipanda50,giant panda,session_reid,v004,,560,37:v004,,
37_xinger/37_v005_f000665.jpg,37,1131,train,panda,ipanda50,giant panda,session_reid,v005,,665,37:v005,,
37_xinger/37_v006_f000555.jpg,37,1132,train,panda,ipanda50,giant panda,session_reid,v006,,555,37:v006,,
37_xinger/37_v007_f000005.jpg,37,1133,train,panda,ipanda50,giant panda,session_reid,v007,,5,37:v007,,
37_xinger/37_v007_f000045.jpg,37,1133,train,panda,ipanda50,giant panda,session_reid,v007,,45,37:v007,,
37_xinger/37_v007_f000070.jpg,37,1133,train,panda,ipanda50,giant panda,session_reid,v007,,70,37:v007,,
37_xinger/37_v007_f000135.jpg,37,1133,train,panda,ipanda50,giant panda,session_reid,v007,,135,37:v007,,
37_xinger/37_v007_f000170.jpg,37,1133,train,panda,ipanda50,giant panda,session_reid,v007,,170,37:v007,,
37_xinger/37_v007_f000395.jpg,37,1133,train,panda,ipanda50,giant panda,session_reid,v007,,395,37:v007,,
37_xinger/37_v007_f001115.jpg,37,1133,train,panda,ipanda50,giant panda,session_reid,v007,,1115,37:v007,,
37_xinger/37_v007_f001265.jpg,37,1133,train,panda,ipanda50,giant panda,session_reid,v007,,1265,37:v007,,
37_xinger/37_v007_f001305.jpg,37,1133,train,panda,ipanda50,giant panda,session_reid,v007,,1305,37:v007,,
37_xinger/37_v009_f000005.jpg,37,1134,train,panda,ipanda50,giant panda,session_reid,v009,,5,37:v009,,
37_xinger/37_v009_f000135.jpg,37,1134,train,panda,ipanda50,giant panda,session_reid,v009,,135,37:v009,,
37_xinger/37_v009_f000145.jpg,37,1134,train,panda,ipanda50,giant panda,session_reid,v009,,145,37:v009,,
37_xinger/37_v009_f000175.jpg,37,1134,train,panda,ipanda50,giant panda,session_reid,v009,,175,37:v009,,
37_xinger/37_v009_f000230.jpg,37,1134,train,panda,ipanda50,giant panda,session_reid,v009,,230,37:v009,,
37_xinger/37_v009_f000305.jpg,37,1134,train,panda,ipanda50,giant panda,session_reid,v009,,305,37:v009,,
37_xinger/37_v009_f000330.jpg,37,1134,train,panda,ipanda50,giant panda,session_reid,v009,,330,37:v009,,
37_xinger/37_v009_f001555.jpg,37,1134,train,panda,ipanda50,giant panda,session_reid,v009,,1555,37:v009,,
37_xinger/37_v009_f001905.jpg,37,1134,train,panda,ipanda50,giant panda,session_reid,v009,,1905,37:v009,,
37_xinger/37_v009_f001920.jpg,37,1134,train,panda,ipanda50,giant panda,session_reid,v009,,1920,37:v009,,
37_xinger/37_v009_f002000.jpg,37,1134,train,panda,ipanda50,giant panda,session_reid,v009,,2000,37:v009,,
37_xinger/37_v009_f002155.jpg,37,1134,train,panda,ipanda50,giant panda,session_reid,v009,,2155,37:v009,,
37_xinger/37_v009_f002530.jpg,37,1134,train,panda,ipanda50,giant panda,session_reid,v009,,2530,37:v009,,
37_xinger/37_v009_f002760.jpg,37,1134,train,panda,ipanda50,giant panda,session_reid,v009,,2760,37:v009,,
37_xinger/37_v009_f003020.jpg,37,1134,train,panda,ipanda50,giant panda,session_reid,v009,,3020,37:v009,,
37_xinger/37_v009_f003545.jpg,37,1134,train,panda,ipanda50,giant panda,session_reid,v009,,3545,37:v009,,
37_xinger/37_v010_f000005.jpg,37,1135,train,panda,ipanda50,giant panda,session_reid,v010,,5,37:v010,,
37_xinger/37_v010_f000140.jpg,37,1135,train,panda,ipanda50,giant panda,session_reid,v010,,140,37:v010,,
37_xinger/37_v010_f000155.jpg,37,1135,train,panda,ipanda50,giant panda,session_reid,v010,,155,37:v010,,
37_xinger/37_v010_f001610.jpg,37,1135,train,panda,ipanda50,giant panda,session_reid,v010,,1610,37:v010,,
37_xinger/37_v010_f001905.jpg,37,1135,train,panda,ipanda50,giant panda,session_reid,v010,,1905,37:v010,,
37_xinger/37_v010_f003205.jpg,37,1135,train,panda,ipanda50,giant panda,session_reid,v010,,3205,37:v010,,
37_xinger/37_v010_f004470.jpg,37,1135,train,panda,ipanda50,giant panda,session_reid,v010,,4470,37:v010,,
37_xinger/37_v010_f005255.jpg,37,1135,train,panda,ipanda50,giant panda,session_reid,v010,,5255,37:v010,,
37_xinger/37_v010_f005740.jpg,37,1135,train,panda,ipanda50,giant panda,session_reid,v010,,5740,37:v010,,
37_xinger/37_v013_f000005.jpg,37,1136,train,panda,ipanda50,giant panda,session_reid,v013,,5,37:v013,,
37_xinger/37_v013_f000115.jpg,37,1136,train,panda,ipanda50,giant panda,session_reid,v013,,115,37:v013,,
37_xinger/37_v014_f000190.jpg,37,1137,train,panda,ipanda50,giant panda,session_reid,v014,,190,37:v014,,
37_xinger/37_v014_f000240.jpg,37,1137,train,panda,ipanda50,giant panda,session_reid,v014,,240,37:v014,,
37_xinger/37_v014_f000280.jpg,37,1137,train,panda,ipanda50,giant panda,session_reid,v014,,280,37:v014,,
37_xinger/37_v014_f000380.jpg,37,1137,train,panda,ipanda50,giant panda,session_reid,v014,,380,37:v014,,
37_xinger/37_v014_f001780.jpg,37,1137,train,panda,ipanda50,giant panda,session_reid,v014,,1780,37:v014,,
37_xinger/37_v015_f000050.jpg,37,1138,train,panda,ipanda50,giant panda,session_reid,v015,,50,37:v015,,
37_xinger/37_v015_f000165.jpg,37,1138,train,panda,ipanda50,giant panda,session_reid,v015,,165,37:v015,,
37_xinger/37_v015_f000930.jpg,37,1138,train,panda,ipanda50,giant panda,session_reid,v015,,930,37:v015,,
37_xinger/37_v015_f002430.jpg,37,1138,train,panda,ipanda50,giant panda,session_reid,v015,,2430,37:v015,,
37_xinger/37_v016_f000005.jpg,37,1139,train,panda,ipanda50,giant panda,session_reid,v016,,5,37:v016,,
37_xinger/37_v016_f000395.jpg,37,1139,train,panda,ipanda50,giant panda,session_reid,v016,,395,37:v016,,
37_xinger/37_v016_f000455.jpg,37,1139,train,panda,ipanda50,giant panda,session_reid,v016,,455,37:v016,,
37_xinger/37_v016_f000580.jpg,37,1139,train,panda,ipanda50,giant panda,session_reid,v016,,580,37:v016,,
37_xinger/37_v016_f000675.jpg,37,1139,train,panda,ipanda50,giant panda,session_reid,v016,,675,37:v016,,
37_xinger/37_v016_f000720.jpg,37,1139,train,panda,ipanda50,giant panda,session_reid,v016,,720,37:v016,,
37_xinger/37_v016_f000865.jpg,37,1139,train,panda,ipanda50,giant panda,session_reid,v016,,865,37:v016,,
37_xinger/37_v018_f000005.jpg,37,1140,train,panda,ipanda50,giant panda,session_reid,v018,,5,37:v018,,
37_xinger/37_v019_f000020.jpg,37,1141,train,panda,ipanda50,giant panda,session_reid,v019,,20,37:v019,,
37_xinger/37_v019_f000060.jpg,37,1141,train,panda,ipanda50,giant panda,session_reid,v019,,60,37:v019,,
37_xinger/37_v019_f000155.jpg,37,1141,train,panda,ipanda50,giant panda,session_reid,v019,,155,37:v019,,
37_xinger/37_v019_f001340.jpg,37,1141,train,panda,ipanda50,giant panda,session_reid,v019,,1340,37:v019,,
37_xinger/37_v021_f000045.jpg,37,1142,train,panda,ipanda50,giant panda,session_reid,v021,,45,37:v021,,
37_xinger/37_v021_f000165.jpg,37,1142,train,panda,ipanda50,giant panda,session_reid,v021,,165,37:v021,,
37_xinger/37_v021_f000265.jpg,37,1142,train,panda,ipanda50,giant panda,session_reid,v021,,265,37:v021,,
37_xinger/37_v022_f000005.jpg,37,1143,train,panda,ipanda50,giant panda,session_reid,v022,,5,37:v022,,
37_xinger/37_v022_f000025.jpg,37,1143,train,panda,ipanda50,giant panda,session_reid,v022,,25,37:v022,,
37_xinger/37_v022_f001050.jpg,37,1143,train,panda,ipanda50,giant panda,session_reid,v022,,1050,37:v022,,
37_xinger/37_v022_f001160.jpg,37,1143,train,panda,ipanda50,giant panda,session_reid,v022,,1160,37:v022,,
37_xinger/37_v023_f000415.jpg,37,1144,train,panda,ipanda50,giant panda,session_reid,v023,,415,37:v023,,
37_xinger/37_v024_f000210.jpg,37,1145,train,panda,ipanda50,giant panda,session_reid,v024,,210,37:v024,,
37_xinger/37_v024_f001585.jpg,37,1145,train,panda,ipanda50,giant panda,session_reid,v024,,1585,37:v024,,
37_xinger/37_v028_f000035.jpg,37,1146,train,panda,ipanda50,giant panda,session_reid,v028,,35,37:v028,,
37_xinger/37_v028_f000150.jpg,37,1146,train,panda,ipanda50,giant panda,session_reid,v028,,150,37:v028,,
37_xinger/37_v028_f000245.jpg,37,1146,train,panda,ipanda50,giant panda,session_reid,v028,,245,37:v028,,
37_xinger/37_v028_f000395.jpg,37,1146,train,panda,ipanda50,giant panda,session_reid,v028,,395,37:v028,,
37_xinger/37_v028_f000525.jpg,37,1146,train,panda,ipanda50,giant panda,session_reid,v028,,525,37:v028,,
37_xinger/37_v028_f000770.jpg,37,1146,train,panda,ipanda50,giant panda,session_reid,v028,,770,37:v028,,
37_xinger/37_v028_f001050.jpg,37,1146,train,panda,ipanda50,giant panda,session_reid,v028,,1050,37:v028,,
37_xinger/37_v028_f001290.jpg,37,1146,train,panda,ipanda50,giant panda,session_reid,v028,,1290,37:v028,,
37_xinger/37_v028_f001335.jpg,37,1146,train,panda,ipanda50,giant panda,session_reid,v028,,1335,37:v028,,
37_xinger/37_v030_f001530.jpg,37,1147,train,panda,ipanda50,giant panda,session_reid,v030,,1530,37:v030,,
37_xinger/37_v030_f002210.jpg,37,1147,train,panda,ipanda50,giant panda,session_reid,v030,,2210,37:v030,,
37_xinger/37_v030_f003525.jpg,37,1147,train,panda,ipanda50,giant panda,session_reid,v030,,3525,37:v030,,
37_xinger/37_v030_f003790.jpg,37,1147,train,panda,ipanda50,giant panda,session_reid,v030,,3790,37:v030,,
37_xinger/37_v030_f003960.jpg,37,1147,train,panda,ipanda50,giant panda,session_reid,v030,,3960,37:v030,,
37_xinger/37_v030_f004000.jpg,37,1147,train,panda,ipanda50,giant panda,session_reid,v030,,4000,37:v030,,
37_xinger/37_v030_f004120.jpg,37,1147,train,panda,ipanda50,giant panda,session_reid,v030,,4120,37:v030,,
37_xinger/37_v030_f004250.jpg,37,1147,train,panda,ipanda50,giant panda,session_reid,v030,,4250,37:v030,,
37_xinger/37_v030_f004400.jpg,37,1147,train,panda,ipanda50,giant panda,session_reid,v030,,4400,37:v030,,
37_xinger/37_v030_f004960.jpg,37,1147,train,panda,ipanda50,giant panda,session_reid,v030,,4960,37:v030,,
37_xinger/37_v030_f005100.jpg,37,1147,train,panda,ipanda50,giant panda,session_reid,v030,,5100,37:v030,,
37_xinger/37_v030_f005325.jpg,37,1147,train,panda,ipanda50,giant panda,session_reid,v030,,5325,37:v030,,
37_xinger/37_v030_f005375.jpg,37,1147,train,panda,ipanda50,giant panda,session_reid,v030,,5375,37:v030,,
37_xinger/37_v030_f005400.jpg,37,1147,train,panda,ipanda50,giant panda,session_reid,v030,,5400,37:v030,,
37_xinger/37_v030_f005465.jpg,37,1147,train,panda,ipanda50,giant panda,session_reid,v030,,5465,37:v030,,
37_xinger/37_v030_f005630.jpg,37,1147,train,panda,ipanda50,giant panda,session_reid,v030,,5630,37:v030,,
37_xinger/37_v030_f005945.jpg,37,1147,train,panda,ipanda50,giant panda,session_reid,v030,,5945,37:v030,,
37_xinger/37_v030_f006040.jpg,37,1147,train,panda,ipanda50,giant panda,session_reid,v030,,6040,37:v030,,
37_xinger/37_v030_f006800.jpg,37,1147,train,panda,ipanda50,giant panda,session_reid,v030,,6800,37:v030,,
37_xinger/37_v030_f006925.jpg,37,1147,train,panda,ipanda50,giant panda,session_reid,v030,,6925,37:v030,,
37_xinger/37_v030_f007170.jpg,37,1147,train,panda,ipanda50,giant panda,session_reid,v030,,7170,37:v030,,
37_xinger/37_v030_f008620.jpg,37,1147,train,panda,ipanda50,giant panda,session_reid,v030,,8620,37:v030,,
37_xinger/37_v030_f010660.jpg,37,1147,train,panda,ipanda50,giant panda,session_reid,v030,,10660,37:v030,,
37_xinger/37_v031_f001180.jpg,37,1148,train,panda,ipanda50,giant panda,session_reid,v031,,1180,37:v031,,
37_xinger/37_v032_f000580.jpg,37,1149,train,panda,ipanda50,giant panda,session_reid,v032,,580,37:v032,,
37_xinger/37_v032_f000845.jpg,37,1149,train,panda,ipanda50,giant panda,session_reid,v032,,845,37:v032,,
37_xinger/37_v032_f001260.jpg,37,1149,train,panda,ipanda50,giant panda,session_reid,v032,,1260,37:v032,,
37_xinger/37_v032_f002745.jpg,37,1149,train,panda,ipanda50,giant panda,session_reid,v032,,2745,37:v032,,
37_xinger/37_v032_f002895.jpg,37,1149,train,panda,ipanda50,giant panda,session_reid,v032,,2895,37:v032,,
37_xinger/37_v032_f003035.jpg,37,1149,train,panda,ipanda50,giant panda,session_reid,v032,,3035,37:v032,,
37_xinger/37_v033_f000005.jpg,37,1150,train,panda,ipanda50,giant panda,session_reid,v033,,5,37:v033,,
37_xinger/37_v033_f000070.jpg,37,1150,train,panda,ipanda50,giant panda,session_reid,v033,,70,37:v033,,
37_xinger/37_v033_f001750.jpg,37,1150,train,panda,ipanda50,giant panda,session_reid,v033,,1750,37:v033,,
37_xinger/37_v035_f001275.jpg,37,1151,train,panda,ipanda50,giant panda,session_reid,v035,,1275,37:v035,,
37_xinger/37_v035_f001555.jpg,37,1151,train,panda,ipanda50,giant panda,session_reid,v035,,1555,37:v035,,
37_xinger/37_v035_f002750.jpg,37,1151,train,panda,ipanda50,giant panda,session_reid,v035,,2750,37:v035,,
37_xinger/37_v035_f003185.jpg,37,1151,train,panda,ipanda50,giant panda,session_reid,v035,,3185,37:v035,,
37_xinger/37_v036_f000005.jpg,37,1152,train,panda,ipanda50,giant panda,session_reid,v036,,5,37:v036,,
37_xinger/37_v036_f000305.jpg,37,1152,train,panda,ipanda50,giant panda,session_reid,v036,,305,37:v036,,
37_xinger/37_v037_f000315.jpg,37,1153,train,panda,ipanda50,giant panda,session_reid,v037,,315,37:v037,,
37_xinger/37_v037_f000355.jpg,37,1153,train,panda,ipanda50,giant panda,session_reid,v037,,355,37:v037,,
37_xinger/37_v037_f000450.jpg,37,1153,train,panda,ipanda50,giant panda,session_reid,v037,,450,37:v037,,
37_xinger/37_v037_f000590.jpg,37,1153,train,panda,ipanda50,giant panda,session_reid,v037,,590,37:v037,,
37_xinger/37_v037_f000675.jpg,37,1153,train,panda,ipanda50,giant panda,session_reid,v037,,675,37:v037,,
37_xinger/37_v037_f000830.jpg,37,1153,train,panda,ipanda50,giant panda,session_reid,v037,,830,37:v037,,
37_xinger/37_v038_f000210.jpg,37,1154,train,panda,ipanda50,giant panda,session_reid,v038,,210,37:v038,,
37_xinger/37_v038_f000255.jpg,37,1154,train,panda,ipanda50,giant panda,session_reid,v038,,255,37:v038,,
37_xinger/37_v038_f000670.jpg,37,1154,train,panda,ipanda50,giant panda,session_reid,v038,,670,37:v038,,
37_xinger/37_v038_f000845.jpg,37,1154,train,panda,ipanda50,giant panda,session_reid,v038,,845,37:v038,,
37_xinger/37_v038_f000930.jpg,37,1154,train,panda,ipanda50,giant panda,session_reid,v038,,930,37:v038,,
37_xinger/37_v038_f001170.jpg,37,1154,train,panda,ipanda50,giant panda,session_reid,v038,,1170,37:v038,,
37_xinger/37_v038_f001205.jpg,37,1154,train,panda,ipanda50,giant panda,session_reid,v038,,1205,37:v038,,
37_xinger/37_v038_f001265.jpg,37,1154,train,panda,ipanda50,giant panda,session_reid,v038,,1265,37:v038,,
37_xinger/37_v038_f001350.jpg,37,1154,train,panda,ipanda50,giant panda,session_reid,v038,,1350,37:v038,,
37_xinger/37_v038_f001370.jpg,37,1154,train,panda,ipanda50,giant panda,session_reid,v038,,1370,37:v038,,
37_xinger/37_v038_f001495.jpg,37,1154,train,panda,ipanda50,giant panda,session_reid,v038,,1495,37:v038,,
37_xinger/37_v040_f000275.jpg,37,1155,train,panda,ipanda50,giant panda,session_reid,v040,,275,37:v040,,
37_xinger/37_v040_f000405.jpg,37,1155,train,panda,ipanda50,giant panda,session_reid,v040,,405,37:v040,,
37_xinger/37_v040_f000425.jpg,37,1155,train,panda,ipanda50,giant panda,session_reid,v040,,425,37:v040,,
37_xinger/37_v040_f000560.jpg,37,1155,train,panda,ipanda50,giant panda,session_reid,v040,,560,37:v040,,
37_xinger/37_v040_f000685.jpg,37,1155,train,panda,ipanda50,giant panda,session_reid,v040,,685,37:v040,,
37_xinger/37_v040_f000765.jpg,37,1155,train,panda,ipanda50,giant panda,session_reid,v040,,765,37:v040,,
37_xinger/37_v041_f000070.jpg,37,1156,train,panda,ipanda50,giant panda,session_reid,v041,,70,37:v041,,
37_xinger/37_v041_f000445.jpg,37,1156,train,panda,ipanda50,giant panda,session_reid,v041,,445,37:v041,,
37_xinger/37_v041_f000900.jpg,37,1156,train,panda,ipanda50,giant panda,session_reid,v041,,900,37:v041,,
37_xinger/37_v041_f001380.jpg,37,1156,train,panda,ipanda50,giant panda,session_reid,v041,,1380,37:v041,,
38_xingfan/38_v001_f000005.jpg,38,1157,train,panda,ipanda50,giant panda,session_reid,v001,,5,38:v001,,
38_xingfan/38_v002_f001005.jpg,38,1158,train,panda,ipanda50,giant panda,session_reid,v002,,1005,38:v002,,
38_xingfan/38_v003_f000005.jpg,38,1159,train,panda,ipanda50,giant panda,session_reid,v003,,5,38:v003,,
38_xingfan/38_v003_f000180.jpg,38,1159,train,panda,ipanda50,giant panda,session_reid,v003,,180,38:v003,,
38_xingfan/38_v004_f000005.jpg,38,1160,train,panda,ipanda50,giant panda,session_reid,v004,,5,38:v004,,
38_xingfan/38_v005_f000005.jpg,38,1161,train,panda,ipanda50,giant panda,session_reid,v005,,5,38:v005,,
38_xingfan/38_v005_f001105.jpg,38,1161,train,panda,ipanda50,giant panda,session_reid,v005,,1105,38:v005,,
38_xingfan/38_v005_f002605.jpg,38,1161,train,panda,ipanda50,giant panda,session_reid,v005,,2605,38:v005,,
38_xingfan/38_v006_f000005.jpg,38,1162,train,panda,ipanda50,giant panda,session_reid,v006,,5,38:v006,,
38_xingfan/38_v006_f000265.jpg,38,1162,train,panda,ipanda50,giant panda,session_reid,v006,,265,38:v006,,
38_xingfan/38_v006_f000330.jpg,38,1162,train,panda,ipanda50,giant panda,session_reid,v006,,330,38:v006,,
38_xingfan/38_v007_f000005.jpg,38,1163,train,panda,ipanda50,giant panda,session_reid,v007,,5,38:v007,,
38_xingfan/38_v007_f000485.jpg,38,1163,train,panda,ipanda50,giant panda,session_reid,v007,,485,38:v007,,
38_xingfan/38_v007_f001035.jpg,38,1163,train,panda,ipanda50,giant panda,session_reid,v007,,1035,38:v007,,
38_xingfan/38_v007_f001120.jpg,38,1163,train,panda,ipanda50,giant panda,session_reid,v007,,1120,38:v007,,
38_xingfan/38_v009_f000005.jpg,38,1164,train,panda,ipanda50,giant panda,session_reid,v009,,5,38:v009,,
38_xingfan/38_v009_f000340.jpg,38,1164,train,panda,ipanda50,giant panda,session_reid,v009,,340,38:v009,,
38_xingfan/38_v009_f000405.jpg,38,1164,train,panda,ipanda50,giant panda,session_reid,v009,,405,38:v009,,
38_xingfan/38_v009_f000440.jpg,38,1164,train,panda,ipanda50,giant panda,session_reid,v009,,440,38:v009,,
38_xingfan/38_v010_f000005.jpg,38,1165,train,panda,ipanda50,giant panda,session_reid,v010,,5,38:v010,,
38_xingfan/38_v010_f000775.jpg,38,1165,train,panda,ipanda50,giant panda,session_reid,v010,,775,38:v010,,
38_xingfan/38_v010_f000830.jpg,38,1165,train,panda,ipanda50,giant panda,session_reid,v010,,830,38:v010,,
38_xingfan/38_v011_f000005.jpg,38,1166,train,panda,ipanda50,giant panda,session_reid,v011,,5,38:v011,,
38_xingfan/38_v011_f000095.jpg,38,1166,train,panda,ipanda50,giant panda,session_reid,v011,,95,38:v011,,
38_xingfan/38_v011_f001680.jpg,38,1166,train,panda,ipanda50,giant panda,session_reid,v011,,1680,38:v011,,
38_xingfan/38_v011_f001980.jpg,38,1166,train,panda,ipanda50,giant panda,session_reid,v011,,1980,38:v011,,
38_xingfan/38_v012_f000660.jpg,38,1167,train,panda,ipanda50,giant panda,session_reid,v012,,660,38:v012,,
38_xingfan/38_v013_f000005.jpg,38,1168,train,panda,ipanda50,giant panda,session_reid,v013,,5,38:v013,,
38_xingfan/38_v013_f000145.jpg,38,1168,train,panda,ipanda50,giant panda,session_reid,v013,,145,38:v013,,
38_xingfan/38_v013_f000335.jpg,38,1168,train,panda,ipanda50,giant panda,session_reid,v013,,335,38:v013,,
38_xingfan/38_v013_f000375.jpg,38,1168,train,panda,ipanda50,giant panda,session_reid,v013,,375,38:v013,,
38_xingfan/38_v013_f000825.jpg,38,1168,train,panda,ipanda50,giant panda,session_reid,v013,,825,38:v013,,
38_xingfan/38_v013_f000895.jpg,38,1168,train,panda,ipanda50,giant panda,session_reid,v013,,895,38:v013,,
38_xingfan/38_v013_f000935.jpg,38,1168,train,panda,ipanda50,giant panda,session_reid,v013,,935,38:v013,,
38_xingfan/38_v014_f000005.jpg,38,1169,train,panda,ipanda50,giant panda,session_reid,v014,,5,38:v014,,
38_xingfan/38_v014_f000445.jpg,38,1169,train,panda,ipanda50,giant panda,session_reid,v014,,445,38:v014,,
38_xingfan/38_v014_f000795.jpg,38,1169,train,panda,ipanda50,giant panda,session_reid,v014,,795,38:v014,,
38_xingfan/38_v014_f001175.jpg,38,1169,train,panda,ipanda50,giant panda,session_reid,v014,,1175,38:v014,,
38_xingfan/38_v014_f001250.jpg,38,1169,train,panda,ipanda50,giant panda,session_reid,v014,,1250,38:v014,,
38_xingfan/38_v014_f001280.jpg,38,1169,train,panda,ipanda50,giant panda,session_reid,v014,,1280,38:v014,,
38_xingfan/38_v014_f001340.jpg,38,1169,train,panda,ipanda50,giant panda,session_reid,v014,,1340,38:v014,,
38_xingfan/38_v014_f001405.jpg,38,1169,train,panda,ipanda50,giant panda,session_reid,v014,,1405,38:v014,,
38_xingfan/38_v014_f001470.jpg,38,1169,train,panda,ipanda50,giant panda,session_reid,v014,,1470,38:v014,,
38_xingfan/38_v014_f001520.jpg,38,1169,train,panda,ipanda50,giant panda,session_reid,v014,,1520,38:v014,,
38_xingfan/38_v014_f001640.jpg,38,1169,train,panda,ipanda50,giant panda,session_reid,v014,,1640,38:v014,,
38_xingfan/38_v014_f001730.jpg,38,1169,train,panda,ipanda50,giant panda,session_reid,v014,,1730,38:v014,,
38_xingfan/38_v016_f000200.jpg,38,1170,train,panda,ipanda50,giant panda,session_reid,v016,,200,38:v016,,
38_xingfan/38_v018_f000310.jpg,38,1171,train,panda,ipanda50,giant panda,session_reid,v018,,310,38:v018,,
38_xingfan/38_v018_f000430.jpg,38,1171,train,panda,ipanda50,giant panda,session_reid,v018,,430,38:v018,,
38_xingfan/38_v018_f000600.jpg,38,1171,train,panda,ipanda50,giant panda,session_reid,v018,,600,38:v018,,
38_xingfan/38_v018_f000740.jpg,38,1171,train,panda,ipanda50,giant panda,session_reid,v018,,740,38:v018,,
38_xingfan/38_v018_f001395.jpg,38,1171,train,panda,ipanda50,giant panda,session_reid,v018,,1395,38:v018,,
38_xingfan/38_v019_f000005.jpg,38,1172,train,panda,ipanda50,giant panda,session_reid,v019,,5,38:v019,,
38_xingfan/38_v019_f000500.jpg,38,1172,train,panda,ipanda50,giant panda,session_reid,v019,,500,38:v019,,
38_xingfan/38_v019_f000650.jpg,38,1172,train,panda,ipanda50,giant panda,session_reid,v019,,650,38:v019,,
38_xingfan/38_v019_f000780.jpg,38,1172,train,panda,ipanda50,giant panda,session_reid,v019,,780,38:v019,,
38_xingfan/38_v019_f001775.jpg,38,1172,train,panda,ipanda50,giant panda,session_reid,v019,,1775,38:v019,,
38_xingfan/38_v019_f002105.jpg,38,1172,train,panda,ipanda50,giant panda,session_reid,v019,,2105,38:v019,,
38_xingfan/38_v019_f002685.jpg,38,1172,train,panda,ipanda50,giant panda,session_reid,v019,,2685,38:v019,,
38_xingfan/38_v019_f002735.jpg,38,1172,train,panda,ipanda50,giant panda,session_reid,v019,,2735,38:v019,,
38_xingfan/38_v020_f000005.jpg,38,1173,train,panda,ipanda50,giant panda,session_reid,v020,,5,38:v020,,
38_xingfan/38_v020_f000150.jpg,38,1173,train,panda,ipanda50,giant panda,session_reid,v020,,150,38:v020,,
38_xingfan/38_v021_f000420.jpg,38,1174,train,panda,ipanda50,giant panda,session_reid,v021,,420,38:v021,,
38_xingfan/38_v021_f000465.jpg,38,1174,train,panda,ipanda50,giant panda,session_reid,v021,,465,38:v021,,
38_xingfan/38_v021_f000575.jpg,38,1174,train,panda,ipanda50,giant panda,session_reid,v021,,575,38:v021,,
38_xingfan/38_v021_f000740.jpg,38,1174,train,panda,ipanda50,giant panda,session_reid,v021,,740,38:v021,,
38_xingfan/38_v021_f000785.jpg,38,1174,train,panda,ipanda50,giant panda,session_reid,v021,,785,38:v021,,
38_xingfan/38_v021_f001030.jpg,38,1174,train,panda,ipanda50,giant panda,session_reid,v021,,1030,38:v021,,
39_xinghui/39_v001_f000335.jpg,39,1175,query,panda,ipanda50,giant panda,session_reid,v001,,335,39:v001,,
39_xinghui/39_v001_f000405.jpg,39,1175,gallery,panda,ipanda50,giant panda,session_reid,v001,,405,39:v001,,
39_xinghui/39_v001_f000680.jpg,39,1175,gallery,panda,ipanda50,giant panda,session_reid,v001,,680,39:v001,,
39_xinghui/39_v001_f000745.jpg,39,1175,gallery,panda,ipanda50,giant panda,session_reid,v001,,745,39:v001,,
39_xinghui/39_v001_f000905.jpg,39,1175,gallery,panda,ipanda50,giant panda,session_reid,v001,,905,39:v001,,
39_xinghui/39_v003_f000005.jpg,39,1176,query,panda,ipanda50,giant panda,session_reid,v003,,5,39:v003,,
39_xinghui/39_v003_f000055.jpg,39,1176,gallery,panda,ipanda50,giant panda,session_reid,v003,,55,39:v003,,
39_xinghui/39_v003_f000165.jpg,39,1176,gallery,panda,ipanda50,giant panda,session_reid,v003,,165,39:v003,,
39_xinghui/39_v003_f000510.jpg,39,1176,gallery,panda,ipanda50,giant panda,session_reid,v003,,510,39:v003,,
39_xinghui/39_v004_f000005.jpg,39,1177,query,panda,ipanda50,giant panda,session_reid,v004,,5,39:v004,,
39_xinghui/39_v004_f000415.jpg,39,1177,gallery,panda,ipanda50,giant panda,session_reid,v004,,415,39:v004,,
39_xinghui/39_v004_f000570.jpg,39,1177,gallery,panda,ipanda50,giant panda,session_reid,v004,,570,39:v004,,
39_xinghui/39_v004_f000905.jpg,39,1177,gallery,panda,ipanda50,giant panda,session_reid,v004,,905,39:v004,,
39_xinghui/39_v004_f001260.jpg,39,1177,gallery,panda,ipanda50,giant panda,session_reid,v004,,1260,39:v004,,
39_xinghui/39_v004_f001340.jpg,39,1177,gallery,panda,ipanda50,giant panda,session_reid,v004,,1340,39:v004,,
39_xinghui/39_v004_f001400.jpg,39,1177,gallery,panda,ipanda50,giant panda,session_reid,v004,,1400,39:v004,,
39_xinghui/39_v004_f001560.jpg,39,1177,gallery,panda,ipanda50,giant panda,session_reid,v004,,1560,39:v004,,
39_xinghui/39_v004_f001945.jpg,39,1177,gallery,panda,ipanda50,giant panda,session_reid,v004,,1945,39:v004,,
39_xinghui/39_v004_f002055.jpg,39,1177,gallery,panda,ipanda50,giant panda,session_reid,v004,,2055,39:v004,,
39_xinghui/39_v004_f002465.jpg,39,1177,gallery,panda,ipanda50,giant panda,session_reid,v004,,2465,39:v004,,
39_xinghui/39_v004_f002560.jpg,39,1177,gallery,panda,ipanda50,giant panda,session_reid,v004,,2560,39:v004,,
39_xinghui/39_v004_f002615.jpg,39,1177,gallery,panda,ipanda50,giant panda,session_reid,v004,,2615,39:v004,,
39_xinghui/39_v004_f002865.jpg,39,1177,gallery,panda,ipanda50,giant panda,session_reid,v004,,2865,39:v004,,
39_xinghui/39_v004_f002915.jpg,39,1177,gallery,panda,ipanda50,giant panda,session_reid,v004,,2915,39:v004,,
39_xinghui/39_v004_f003035.jpg,39,1177,gallery,panda,ipanda50,giant panda,session_reid,v004,,3035,39:v004,,
39_xinghui/39_v004_f003075.jpg,39,1177,gallery,panda,ipanda50,giant panda,session_reid,v004,,3075,39:v004,,
39_xinghui/39_v004_f003125.jpg,39,1177,gallery,panda,ipanda50,giant panda,session_reid,v004,,3125,39:v004,,
39_xinghui/39_v005_f000005.jpg,39,1178,query,panda,ipanda50,giant panda,session_reid,v005,,5,39:v005,,
39_xinghui/39_v006_f000875.jpg,39,1179,query,panda,ipanda50,giant panda,session_reid,v006,,875,39:v006,,
39_xinghui/39_v007_f000205.jpg,39,1180,query,panda,ipanda50,giant panda,session_reid,v007,,205,39:v007,,
39_xinghui/39_v007_f000250.jpg,39,1180,gallery,panda,ipanda50,giant panda,session_reid,v007,,250,39:v007,,
39_xinghui/39_v007_f000405.jpg,39,1180,gallery,panda,ipanda50,giant panda,session_reid,v007,,405,39:v007,,
39_xinghui/39_v007_f000445.jpg,39,1180,gallery,panda,ipanda50,giant panda,session_reid,v007,,445,39:v007,,
39_xinghui/39_v007_f000485.jpg,39,1180,gallery,panda,ipanda50,giant panda,session_reid,v007,,485,39:v007,,
39_xinghui/39_v007_f000505.jpg,39,1180,gallery,panda,ipanda50,giant panda,session_reid,v007,,505,39:v007,,
39_xinghui/39_v008_f000005.jpg,39,1181,query,panda,ipanda50,giant panda,session_reid,v008,,5,39:v008,,
39_xinghui/39_v008_f000985.jpg,39,1181,gallery,panda,ipanda50,giant panda,session_reid,v008,,985,39:v008,,
39_xinghui/39_v008_f001020.jpg,39,1181,gallery,panda,ipanda50,giant panda,session_reid,v008,,1020,39:v008,,
39_xinghui/39_v008_f001695.jpg,39,1181,gallery,panda,ipanda50,giant panda,session_reid,v008,,1695,39:v008,,
39_xinghui/39_v009_f000005.jpg,39,1182,query,panda,ipanda50,giant panda,session_reid,v009,,5,39:v009,,
39_xinghui/39_v009_f000105.jpg,39,1182,gallery,panda,ipanda50,giant panda,session_reid,v009,,105,39:v009,,
39_xinghui/39_v009_f000130.jpg,39,1182,gallery,panda,ipanda50,giant panda,session_reid,v009,,130,39:v009,,
39_xinghui/39_v009_f000330.jpg,39,1182,gallery,panda,ipanda50,giant panda,session_reid,v009,,330,39:v009,,
39_xinghui/39_v009_f000460.jpg,39,1182,gallery,panda,ipanda50,giant panda,session_reid,v009,,460,39:v009,,
39_xinghui/39_v009_f000630.jpg,39,1182,gallery,panda,ipanda50,giant panda,session_reid,v009,,630,39:v009,,
39_xinghui/39_v010_f000065.jpg,39,1183,query,panda,ipanda50,giant panda,session_reid,v010,,65,39:v010,,
39_xinghui/39_v010_f000160.jpg,39,1183,gallery,panda,ipanda50,giant panda,session_reid,v010,,160,39:v010,,
39_xinghui/39_v010_f000305.jpg,39,1183,gallery,panda,ipanda50,giant panda,session_reid,v010,,305,39:v010,,
39_xinghui/39_v010_f000505.jpg,39,1183,gallery,panda,ipanda50,giant panda,session_reid,v010,,505,39:v010,,
39_xinghui/39_v010_f000605.jpg,39,1183,gallery,panda,ipanda50,giant panda,session_reid,v010,,605,39:v010,,
39_xinghui/39_v011_f000005.jpg,39,1184,query,panda,ipanda50,giant panda,session_reid,v011,,5,39:v011,,
39_xinghui/39_v011_f000605.jpg,39,1184,gallery,panda,ipanda50,giant panda,session_reid,v011,,605,39:v011,,
39_xinghui/39_v011_f000735.jpg,39,1184,gallery,panda,ipanda50,giant panda,session_reid,v011,,735,39:v011,,
39_xinghui/39_v011_f000835.jpg,39,1184,gallery,panda,ipanda50,giant panda,session_reid,v011,,835,39:v011,,
39_xinghui/39_v011_f000920.jpg,39,1184,gallery,panda,ipanda50,giant panda,session_reid,v011,,920,39:v011,,
39_xinghui/39_v011_f001085.jpg,39,1184,gallery,panda,ipanda50,giant panda,session_reid,v011,,1085,39:v011,,
39_xinghui/39_v011_f001305.jpg,39,1184,gallery,panda,ipanda50,giant panda,session_reid,v011,,1305,39:v011,,
39_xinghui/39_v012_f000005.jpg,39,1185,query,panda,ipanda50,giant panda,session_reid,v012,,5,39:v012,,
39_xinghui/39_v012_f000105.jpg,39,1185,gallery,panda,ipanda50,giant panda,session_reid,v012,,105,39:v012,,
39_xinghui/39_v012_f000415.jpg,39,1185,gallery,panda,ipanda50,giant panda,session_reid,v012,,415,39:v012,,
39_xinghui/39_v012_f000515.jpg,39,1185,gallery,panda,ipanda50,giant panda,session_reid,v012,,515,39:v012,,
39_xinghui/39_v012_f001215.jpg,39,1185,gallery,panda,ipanda50,giant panda,session_reid,v012,,1215,39:v012,,
39_xinghui/39_v012_f001645.jpg,39,1185,gallery,panda,ipanda50,giant panda,session_reid,v012,,1645,39:v012,,
39_xinghui/39_v012_f001820.jpg,39,1185,gallery,panda,ipanda50,giant panda,session_reid,v012,,1820,39:v012,,
39_xinghui/39_v012_f002100.jpg,39,1185,gallery,panda,ipanda50,giant panda,session_reid,v012,,2100,39:v012,,
39_xinghui/39_v013_f000055.jpg,39,1186,query,panda,ipanda50,giant panda,session_reid,v013,,55,39:v013,,
39_xinghui/39_v013_f001010.jpg,39,1186,gallery,panda,ipanda50,giant panda,session_reid,v013,,1010,39:v013,,
39_xinghui/39_v013_f001475.jpg,39,1186,gallery,panda,ipanda50,giant panda,session_reid,v013,,1475,39:v013,,
39_xinghui/39_v013_f001500.jpg,39,1186,gallery,panda,ipanda50,giant panda,session_reid,v013,,1500,39:v013,,
39_xinghui/39_v013_f001530.jpg,39,1186,gallery,panda,ipanda50,giant panda,session_reid,v013,,1530,39:v013,,
39_xinghui/39_v014_f000145.jpg,39,1187,query,panda,ipanda50,giant panda,session_reid,v014,,145,39:v014,,
39_xinghui/39_v014_f000535.jpg,39,1187,gallery,panda,ipanda50,giant panda,session_reid,v014,,535,39:v014,,
39_xinghui/39_v014_f001945.jpg,39,1187,gallery,panda,ipanda50,giant panda,session_reid,v014,,1945,39:v014,,
39_xinghui/39_v014_f002005.jpg,39,1187,gallery,panda,ipanda50,giant panda,session_reid,v014,,2005,39:v014,,
39_xinghui/39_v014_f002030.jpg,39,1187,gallery,panda,ipanda50,giant panda,session_reid,v014,,2030,39:v014,,
39_xinghui/39_v014_f002170.jpg,39,1187,gallery,panda,ipanda50,giant panda,session_reid,v014,,2170,39:v014,,
39_xinghui/39_v014_f002755.jpg,39,1187,gallery,panda,ipanda50,giant panda,session_reid,v014,,2755,39:v014,,
39_xinghui/39_v014_f002770.jpg,39,1187,gallery,panda,ipanda50,giant panda,session_reid,v014,,2770,39:v014,,
39_xinghui/39_v014_f003030.jpg,39,1187,gallery,panda,ipanda50,giant panda,session_reid,v014,,3030,39:v014,,
39_xinghui/39_v015_f000205.jpg,39,1188,query,panda,ipanda50,giant panda,session_reid,v015,,205,39:v015,,
39_xinghui/39_v015_f001405.jpg,39,1188,gallery,panda,ipanda50,giant panda,session_reid,v015,,1405,39:v015,,
39_xinghui/39_v016_f000005.jpg,39,1189,query,panda,ipanda50,giant panda,session_reid,v016,,5,39:v016,,
39_xinghui/39_v016_f000025.jpg,39,1189,gallery,panda,ipanda50,giant panda,session_reid,v016,,25,39:v016,,
39_xinghui/39_v017_f000005.jpg,39,1190,query,panda,ipanda50,giant panda,session_reid,v017,,5,39:v017,,
39_xinghui/39_v017_f000835.jpg,39,1190,gallery,panda,ipanda50,giant panda,session_reid,v017,,835,39:v017,,
39_xinghui/39_v018_f000005.jpg,39,1191,query,panda,ipanda50,giant panda,session_reid,v018,,5,39:v018,,
39_xinghui/39_v018_f000085.jpg,39,1191,gallery,panda,ipanda50,giant panda,session_reid,v018,,85,39:v018,,
40_xingrong/40_v018_f000001.jpg,40,1206,train,panda,ipanda50,giant panda,session_reid,v018,,1,40:v018,,
40_xingrong/40_v023_f000895.jpg,40,1207,train,panda,ipanda50,giant panda,session_reid,v023,,895,40:v023,,
40_xingrong/40_v025_f000001.jpg,40,1208,train,panda,ipanda50,giant panda,session_reid,v025,,1,40:v025,,
40_xingrong/40_v025_f000625.jpg,40,1208,train,panda,ipanda50,giant panda,session_reid,v025,,625,40:v025,,
40_xingrong/40_v032_f000001.jpg,40,1209,train,panda,ipanda50,giant panda,session_reid,v032,,1,40:v032,,
40_xingrong/40_v034_f000075.jpg,40,1210,train,panda,ipanda50,giant panda,session_reid,v034,,75,40:v034,,
40_xingrong/40_v034_f000255.jpg,40,1210,train,panda,ipanda50,giant panda,session_reid,v034,,255,40:v034,,
40_xingrong/40_v034_f000995.jpg,40,1210,train,panda,ipanda50,giant panda,session_reid,v034,,995,40:v034,,
40_xingrong/40_v034_f005285.jpg,40,1210,train,panda,ipanda50,giant panda,session_reid,v034,,5285,40:v034,,
40_xingrong/40_v034_f005425.jpg,40,1210,train,panda,ipanda50,giant panda,session_reid,v034,,5425,40:v034,,
40_xingrong/40_v034_f005545.jpg,40,1210,train,panda,ipanda50,giant panda,session_reid,v034,,5545,40:v034,,
40_xingrong/40_v035_f000001.jpg,40,1211,train,panda,ipanda50,giant panda,session_reid,v035,,1,40:v035,,
40_xingrong/40_v036_f000001.jpg,40,1212,train,panda,ipanda50,giant panda,session_reid,v036,,1,40:v036,,
40_xingrong/40_v036_f009665.jpg,40,1212,train,panda,ipanda50,giant panda,session_reid,v036,,9665,40:v036,,
40_xingrong/40_v050_f000001.jpg,40,1213,train,panda,ipanda50,giant panda,session_reid,v050,,1,40:v050,,
40_xingrong/40_v052_f000295.jpg,40,1214,train,panda,ipanda50,giant panda,session_reid,v052,,295,40:v052,,
40_xingrong/40_v052_f000665.jpg,40,1214,train,panda,ipanda50,giant panda,session_reid,v052,,665,40:v052,,
40_xingrong/40_v052_f000970.jpg,40,1214,train,panda,ipanda50,giant panda,session_reid,v052,,970,40:v052,,
40_xingrong/40_v052_f001680.jpg,40,1214,train,panda,ipanda50,giant panda,session_reid,v052,,1680,40:v052,,
40_xingrong/40_v052_f001845.jpg,40,1214,train,panda,ipanda50,giant panda,session_reid,v052,,1845,40:v052,,
40_xingrong/40_v052_f002150.jpg,40,1214,train,panda,ipanda50,giant panda,session_reid,v052,,2150,40:v052,,
40_xingrong/40_v061_f000001.jpg,40,1215,train,panda,ipanda50,giant panda,session_reid,v061,,1,40:v061,,
40_xingrong/40_v061_f002370.jpg,40,1215,train,panda,ipanda50,giant panda,session_reid,v061,,2370,40:v061,,
40_xingrong/40_v062_f000001.jpg,40,1216,train,panda,ipanda50,giant panda,session_reid,v062,,1,40:v062,,
40_xingrong/40_v067_f000001.jpg,40,1217,train,panda,ipanda50,giant panda,session_reid,v067,,1,40:v067,,
40_xingrong/40_v069_f000001.jpg,40,1218,train,panda,ipanda50,giant panda,session_reid,v069,,1,40:v069,,
40_xingrong/40_v069_f000060.jpg,40,1218,train,panda,ipanda50,giant panda,session_reid,v069,,60,40:v069,,
40_xingrong/40_v069_f000220.jpg,40,1218,train,panda,ipanda50,giant panda,session_reid,v069,,220,40:v069,,
40_xingrong/40_v069_f000425.jpg,40,1218,train,panda,ipanda50,giant panda,session_reid,v069,,425,40:v069,,
40_xingrong/40_v069_f000500.jpg,40,1218,train,panda,ipanda50,giant panda,session_reid,v069,,500,40:v069,,
40_xingrong/40_v069_f000725.jpg,40,1218,train,panda,ipanda50,giant panda,session_reid,v069,,725,40:v069,,
40_xingrong/40_v069_f000805.jpg,40,1218,train,panda,ipanda50,giant panda,session_reid,v069,,805,40:v069,,
40_xingrong/40_v069_f000830.jpg,40,1218,train,panda,ipanda50,giant panda,session_reid,v069,,830,40:v069,,
40_xingrong/40_v071_f000480.jpg,40,1219,train,panda,ipanda50,giant panda,session_reid,v071,,480,40:v071,,
40_xingrong/40_v071_f000540.jpg,40,1219,train,panda,ipanda50,giant panda,session_reid,v071,,540,40:v071,,
40_xingrong/40_v072_f000325.jpg,40,1220,train,panda,ipanda50,giant panda,session_reid,v072,,325,40:v072,,
40_xingrong/40_v072_f000420.jpg,40,1220,train,panda,ipanda50,giant panda,session_reid,v072,,420,40:v072,,
40_xingrong/40_v072_f000445.jpg,40,1220,train,panda,ipanda50,giant panda,session_reid,v072,,445,40:v072,,
40_xingrong/40_v072_f000495.jpg,40,1220,train,panda,ipanda50,giant panda,session_reid,v072,,495,40:v072,,
40_xingrong/40_v072_f006780.jpg,40,1220,train,panda,ipanda50,giant panda,session_reid,v072,,6780,40:v072,,
40_xingrong/40_v072_f007620.jpg,40,1220,train,panda,ipanda50,giant panda,session_reid,v072,,7620,40:v072,,
40_xingrong/40_v075_f007005.jpg,40,1221,train,panda,ipanda50,giant panda,session_reid,v075,,7005,40:v075,,
40_xingrong/40_v076_f000001.jpg,40,1222,train,panda,ipanda50,giant panda,session_reid,v076,,1,40:v076,,
40_xingrong/40_v076_f009070.jpg,40,1222,train,panda,ipanda50,giant panda,session_reid,v076,,9070,40:v076,,
40_xingrong/40_v079_f000615.jpg,40,1223,train,panda,ipanda50,giant panda,session_reid,v079,,615,40:v079,,
40_xingrong/40_v079_f001765.jpg,40,1223,train,panda,ipanda50,giant panda,session_reid,v079,,1765,40:v079,,
40_xingrong/40_v079_f001855.jpg,40,1223,train,panda,ipanda50,giant panda,session_reid,v079,,1855,40:v079,,
40_xingrong/40_v079_f004470.jpg,40,1223,train,panda,ipanda50,giant panda,session_reid,v079,,4470,40:v079,,
40_xingrong/40_v085_f000060.jpg,40,1224,train,panda,ipanda50,giant panda,session_reid,v085,,60,40:v085,,
40_xingrong/40_v085_f000225.jpg,40,1224,train,panda,ipanda50,giant panda,session_reid,v085,,225,40:v085,,
40_xingrong/40_v086_f000001.jpg,40,1225,train,panda,ipanda50,giant panda,session_reid,v086,,1,40:v086,,
40_xingrong/40_v088_f000001.jpg,40,1226,train,panda,ipanda50,giant panda,session_reid,v088,,1,40:v088,,
40_xingrong/40_v088_f004340.jpg,40,1226,train,panda,ipanda50,giant panda,session_reid,v088,,4340,40:v088,,
40_xingrong/40_v088_f004390.jpg,40,1226,train,panda,ipanda50,giant panda,session_reid,v088,,4390,40:v088,,
40_xingrong/40_v099_f000515.jpg,40,1227,train,panda,ipanda50,giant panda,session_reid,v099,,515,40:v099,,
40_xingrong/40_v099_f000970.jpg,40,1227,train,panda,ipanda50,giant panda,session_reid,v099,,970,40:v099,,
40_xingrong/40_v103_f002080.jpg,40,1228,train,panda,ipanda50,giant panda,session_reid,v103,,2080,40:v103,,
40_xingrong/40_v103_f002220.jpg,40,1228,train,panda,ipanda50,giant panda,session_reid,v103,,2220,40:v103,,
40_xingrong/40_v107_f001615.jpg,40,1229,train,panda,ipanda50,giant panda,session_reid,v107,,1615,40:v107,,
40_xingrong/40_v107_f004930.jpg,40,1229,train,panda,ipanda50,giant panda,session_reid,v107,,4930,40:v107,,
40_xingrong/40_v107_f006715.jpg,40,1229,train,panda,ipanda50,giant panda,session_reid,v107,,6715,40:v107,,
40_xingrong/40_v112_f000605.jpg,40,1230,train,panda,ipanda50,giant panda,session_reid,v112,,605,40:v112,,
40_xingrong/40_v112_f007030.jpg,40,1230,train,panda,ipanda50,giant panda,session_reid,v112,,7030,40:v112,,
40_xingrong/40_v112_f007330.jpg,40,1230,train,panda,ipanda50,giant panda,session_reid,v112,,7330,40:v112,,
40_xingrong/40_v113_f000220.jpg,40,1231,train,panda,ipanda50,giant panda,session_reid,v113,,220,40:v113,,
40_xingrong/40_v113_f000285.jpg,40,1231,train,panda,ipanda50,giant panda,session_reid,v113,,285,40:v113,,
40_xingrong/40_v116_f002205.jpg,40,1232,train,panda,ipanda50,giant panda,session_reid,v116,,2205,40:v116,,
40_xingrong/40_v146_f000160.jpg,40,1233,train,panda,ipanda50,giant panda,session_reid,v146,,160,40:v146,,
40_xingrong/40_v146_f000400.jpg,40,1233,train,panda,ipanda50,giant panda,session_reid,v146,,400,40:v146,,
40_xingrong/40_v146_f000430.jpg,40,1233,train,panda,ipanda50,giant panda,session_reid,v146,,430,40:v146,,
40_xingrong/40_v146_f000455.jpg,40,1233,train,panda,ipanda50,giant panda,session_reid,v146,,455,40:v146,,
40_xingrong/40_v146_f000505.jpg,40,1233,train,panda,ipanda50,giant panda,session_reid,v146,,505,40:v146,,
40_xingrong/40_v146_f000520.jpg,40,1233,train,panda,ipanda50,giant panda,session_reid,v146,,520,40:v146,,
40_xingrong/40_v146_f000540.jpg,40,1233,train,panda,ipanda50,giant panda,session_reid,v146,,540,40:v146,,
40_xingrong/40_v146_f000750.jpg,40,1233,train,panda,ipanda50,giant panda,session_reid,v146,,750,40:v146,,
40_xingrong/40_v159_f000160.jpg,40,1234,train,panda,ipanda50,giant panda,session_reid,v159,,160,40:v159,,
40_xingrong/40_v159_f000490.jpg,40,1234,train,panda,ipanda50,giant panda,session_reid,v159,,490,40:v159,,
40_xingrong/40_v159_f000620.jpg,40,1234,train,panda,ipanda50,giant panda,session_reid,v159,,620,40:v159,,
40_xingrong/40_v166_f000001.jpg,40,1235,train,panda,ipanda50,giant panda,session_reid,v166,,1,40:v166,,
40_xingrong/40_v166_f000080.jpg,40,1235,train,panda,ipanda50,giant panda,session_reid,v166,,80,40:v166,,
40_xingrong/40_v171_f000225.jpg,40,1236,train,panda,ipanda50,giant panda,session_reid,v171,,225,40:v171,,
40_xingrong/40_v172_f000005.jpg,40,1237,train,panda,ipanda50,giant panda,session_reid,v172,,5,40:v172,,
40_xingrong/40_v172_f000320.jpg,40,1237,train,panda,ipanda50,giant panda,session_reid,v172,,320,40:v172,,
40_xingrong/40_v172_f000705.jpg,40,1237,train,panda,ipanda50,giant panda,session_reid,v172,,705,40:v172,,
40_xingrong/40_v183_f000125.jpg,40,1238,train,panda,ipanda50,giant panda,session_reid,v183,,125,40:v183,,
40_xingrong/40_v183_f000325.jpg,40,1238,train,panda,ipanda50,giant panda,session_reid,v183,,325,40:v183,,
40_xingrong/40_v202_f000001.jpg,40,1239,train,panda,ipanda50,giant panda,session_reid,v202,,1,40:v202,,
40_xingrong/40_v202_f000240.jpg,40,1239,train,panda,ipanda50,giant panda,session_reid,v202,,240,40:v202,,
40_xingrong/40_v202_f000345.jpg,40,1239,train,panda,ipanda50,giant panda,session_reid,v202,,345,40:v202,,
41_xingxiao/41_v002_f000005.jpg,41,1240,train,panda,ipanda50,giant panda,session_reid,v002,,5,41:v002,,
41_xingxiao/41_v005_f000005.jpg,41,1241,train,panda,ipanda50,giant panda,session_reid,v005,,5,41:v005,,
41_xingxiao/41_v005_f000105.jpg,41,1241,train,panda,ipanda50,giant panda,session_reid,v005,,105,41:v005,,
41_xingxiao/41_v005_f000205.jpg,41,1241,train,panda,ipanda50,giant panda,session_reid,v005,,205,41:v005,,
41_xingxiao/41_v005_f002145.jpg,41,1241,train,panda,ipanda50,giant panda,session_reid,v005,,2145,41:v005,,
41_xingxiao/41_v005_f003100.jpg,41,1241,train,panda,ipanda50,giant panda,session_reid,v005,,3100,41:v005,,
41_xingxiao/41_v005_f003460.jpg,41,1241,train,panda,ipanda50,giant panda,session_reid,v005,,3460,41:v005,,
41_xingxiao/41_v006_f000005.jpg,41,1242,train,panda,ipanda50,giant panda,session_reid,v006,,5,41:v006,,
41_xingxiao/41_v007_f000150.jpg,41,1243,train,panda,ipanda50,giant panda,session_reid,v007,,150,41:v007,,
41_xingxiao/41_v007_f000235.jpg,41,1243,train,panda,ipanda50,giant panda,session_reid,v007,,235,41:v007,,
41_xingxiao/41_v007_f000295.jpg,41,1243,train,panda,ipanda50,giant panda,session_reid,v007,,295,41:v007,,
41_xingxiao/41_v007_f001500.jpg,41,1243,train,panda,ipanda50,giant panda,session_reid,v007,,1500,41:v007,,
41_xingxiao/41_v007_f002540.jpg,41,1243,train,panda,ipanda50,giant panda,session_reid,v007,,2540,41:v007,,
41_xingxiao/41_v008_f000060.jpg,41,1244,train,panda,ipanda50,giant panda,session_reid,v008,,60,41:v008,,
41_xingxiao/41_v008_f000590.jpg,41,1244,train,panda,ipanda50,giant panda,session_reid,v008,,590,41:v008,,
41_xingxiao/41_v009_f000435.jpg,41,1245,train,panda,ipanda50,giant panda,session_reid,v009,,435,41:v009,,
41_xingxiao/41_v009_f000630.jpg,41,1245,train,panda,ipanda50,giant panda,session_reid,v009,,630,41:v009,,
41_xingxiao/41_v009_f000725.jpg,41,1245,train,panda,ipanda50,giant panda,session_reid,v009,,725,41:v009,,
41_xingxiao/41_v009_f000905.jpg,41,1245,train,panda,ipanda50,giant panda,session_reid,v009,,905,41:v009,,
41_xingxiao/41_v009_f001095.jpg,41,1245,train,panda,ipanda50,giant panda,session_reid,v009,,1095,41:v009,,
41_xingxiao/41_v010_f000250.jpg,41,1246,train,panda,ipanda50,giant panda,session_reid,v010,,250,41:v010,,
41_xingxiao/41_v010_f001500.jpg,41,1246,train,panda,ipanda50,giant panda,session_reid,v010,,1500,41:v010,,
41_xingxiao/41_v012_f000035.jpg,41,1247,train,panda,ipanda50,giant panda,session_reid,v012,,35,41:v012,,
41_xingxiao/41_v012_f000525.jpg,41,1247,train,panda,ipanda50,giant panda,session_reid,v012,,525,41:v012,,
41_xingxiao/41_v012_f001435.jpg,41,1247,train,panda,ipanda50,giant panda,session_reid,v012,,1435,41:v012,,
41_xingxiao/41_v013_f000455.jpg,41,1248,train,panda,ipanda50,giant panda,session_reid,v013,,455,41:v013,,
41_xingxiao/41_v013_f000980.jpg,41,1248,train,panda,ipanda50,giant panda,session_reid,v013,,980,41:v013,,
41_xingxiao/41_v013_f003505.jpg,41,1248,train,panda,ipanda50,giant panda,session_reid,v013,,3505,41:v013,,
41_xingxiao/41_v013_f003730.jpg,41,1248,train,panda,ipanda50,giant panda,session_reid,v013,,3730,41:v013,,
41_xingxiao/41_v013_f004805.jpg,41,1248,train,panda,ipanda50,giant panda,session_reid,v013,,4805,41:v013,,
41_xingxiao/41_v013_f006320.jpg,41,1248,train,panda,ipanda50,giant panda,session_reid,v013,,6320,41:v013,,
41_xingxiao/41_v015_f000305.jpg,41,1249,train,panda,ipanda50,giant panda,session_reid,v015,,305,41:v015,,
41_xingxiao/41_v015_f000390.jpg,41,1249,train,panda,ipanda50,giant panda,session_reid,v015,,390,41:v015,,
41_xingxiao/41_v015_f000470.jpg,41,1249,train,panda,ipanda50,giant panda,session_reid,v015,,470,41:v015,,
41_xingxiao/41_v015_f000645.jpg,41,1249,train,panda,ipanda50,giant panda,session_reid,v015,,645,41:v015,,
41_xingxiao/41_v015_f000665.jpg,41,1249,train,panda,ipanda50,giant panda,session_reid,v015,,665,41:v015,,
41_xingxiao/41_v015_f000810.jpg,41,1249,train,panda,ipanda50,giant panda,session_reid,v015,,810,41:v015,,
41_xingxiao/41_v016_f002150.jpg,41,1250,train,panda,ipanda50,giant panda,session_reid,v016,,2150,41:v016,,
41_xingxiao/41_v017_f000365.jpg,41,1251,train,panda,ipanda50,giant panda,session_reid,v017,,365,41:v017,,
41_xingxiao/41_v017_f002865.jpg,41,1251,train,panda,ipanda50,giant panda,session_reid,v017,,2865,41:v017,,
41_xingxiao/41_v018_f000585.jpg,41,1252,train,panda,ipanda50,giant panda,session_reid,v018,,585,41:v018,,
41_xingxiao/41_v018_f000675.jpg,41,1252,train,panda,ipanda50,giant panda,session_reid,v018,,675,41:v018,,
41_xingxiao/41_v019_f000005.jpg,41,1253,train,panda,ipanda50,giant panda,session_reid,v019,,5,41:v019,,
41_xingxiao/41_v019_f000730.jpg,41,1253,train,panda,ipanda50,giant panda,session_reid,v019,,730,41:v019,,
41_xingxiao/41_v019_f000750.jpg,41,1253,train,panda,ipanda50,giant panda,session_reid,v019,,750,41:v019,,
41_xingxiao/41_v020_f000005.jpg,41,1254,train,panda,ipanda50,giant panda,session_reid,v020,,5,41:v020,,
41_xingxiao/41_v020_f000170.jpg,41,1254,train,panda,ipanda50,giant panda,session_reid,v020,,170,41:v020,,
41_xingxiao/41_v020_f000855.jpg,41,1254,train,panda,ipanda50,giant panda,session_reid,v020,,855,41:v020,,
41_xingxiao/41_v020_f001115.jpg,41,1254,train,panda,ipanda50,giant panda,session_reid,v020,,1115,41:v020,,
41_xingxiao/41_v020_f001480.jpg,41,1254,train,panda,ipanda50,giant panda,session_reid,v020,,1480,41:v020,,
41_xingxiao/41_v020_f001955.jpg,41,1254,train,panda,ipanda50,giant panda,session_reid,v020,,1955,41:v020,,
41_xingxiao/41_v020_f002055.jpg,41,1254,train,panda,ipanda50,giant panda,session_reid,v020,,2055,41:v020,,
41_xingxiao/41_v020_f002130.jpg,41,1254,train,panda,ipanda50,giant panda,session_reid,v020,,2130,41:v020,,
41_xingxiao/41_v020_f002550.jpg,41,1254,train,panda,ipanda50,giant panda,session_reid,v020,,2550,41:v020,,
41_xingxiao/41_v020_f002655.jpg,41,1254,train,panda,ipanda50,giant panda,session_reid,v020,,2655,41:v020,,
41_xingxiao/41_v020_f003430.jpg,41,1254,train,panda,ipanda50,giant panda,session_reid,v020,,3430,41:v020,,
41_xingxiao/41_v020_f003590.jpg,41,1254,train,panda,ipanda50,giant panda,session_reid,v020,,3590,41:v020,,
41_xingxiao/41_v020_f003655.jpg,41,1254,train,panda,ipanda50,giant panda,session_reid,v020,,3655,41:v020,,
41_xingxiao/41_v020_f003705.jpg,41,1254,train,panda,ipanda50,giant panda,session_reid,v020,,3705,41:v020,,
41_xingxiao/41_v020_f006375.jpg,41,1254,train,panda,ipanda50,giant panda,session_reid,v020,,6375,41:v020,,
41_xingxiao/41_v020_f006680.jpg,41,1254,train,panda,ipanda50,giant panda,session_reid,v020,,6680,41:v020,,
41_xingxiao/41_v022_f002670.jpg,41,1255,train,panda,ipanda50,giant panda,session_reid,v022,,2670,41:v022,,
41_xingxiao/41_v023_f000060.jpg,41,1256,train,panda,ipanda50,giant panda,session_reid,v023,,60,41:v023,,
41_xingxiao/41_v023_f002405.jpg,41,1256,train,panda,ipanda50,giant panda,session_reid,v023,,2405,41:v023,,
41_xingxiao/41_v026_f000920.jpg,41,1257,train,panda,ipanda50,giant panda,session_reid,v026,,920,41:v026,,
41_xingxiao/41_v026_f001080.jpg,41,1257,train,panda,ipanda50,giant panda,session_reid,v026,,1080,41:v026,,
41_xingxiao/41_v026_f001170.jpg,41,1257,train,panda,ipanda50,giant panda,session_reid,v026,,1170,41:v026,,
41_xingxiao/41_v026_f001230.jpg,41,1257,train,panda,ipanda50,giant panda,session_reid,v026,,1230,41:v026,,
41_xingxiao/41_v026_f001330.jpg,41,1257,train,panda,ipanda50,giant panda,session_reid,v026,,1330,41:v026,,
41_xingxiao/41_v027_f000160.jpg,41,1258,train,panda,ipanda50,giant panda,session_reid,v027,,160,41:v027,,
41_xingxiao/41_v027_f001475.jpg,41,1258,train,panda,ipanda50,giant panda,session_reid,v027,,1475,41:v027,,
41_xingxiao/41_v028_f000055.jpg,41,1259,train,panda,ipanda50,giant panda,session_reid,v028,,55,41:v028,,
41_xingxiao/41_v028_f000255.jpg,41,1259,train,panda,ipanda50,giant panda,session_reid,v028,,255,41:v028,,
41_xingxiao/41_v028_f001880.jpg,41,1259,train,panda,ipanda50,giant panda,session_reid,v028,,1880,41:v028,,
41_xingxiao/41_v028_f002180.jpg,41,1259,train,panda,ipanda50,giant panda,session_reid,v028,,2180,41:v028,,
41_xingxiao/41_v028_f002380.jpg,41,1259,train,panda,ipanda50,giant panda,session_reid,v028,,2380,41:v028,,
41_xingxiao/41_v028_f002690.jpg,41,1259,train,panda,ipanda50,giant panda,session_reid,v028,,2690,41:v028,,
41_xingxiao/41_v030_f001180.jpg,41,1260,train,panda,ipanda50,giant panda,session_reid,v030,,1180,41:v030,,
41_xingxiao/41_v031_f000060.jpg,41,1261,train,panda,ipanda50,giant panda,session_reid,v031,,60,41:v031,,
41_xingxiao/41_v031_f001680.jpg,41,1261,train,panda,ipanda50,giant panda,session_reid,v031,,1680,41:v031,,
41_xingxiao/41_v031_f002360.jpg,41,1261,train,panda,ipanda50,giant panda,session_reid,v031,,2360,41:v031,,
41_xingxiao/41_v031_f002900.jpg,41,1261,train,panda,ipanda50,giant panda,session_reid,v031,,2900,41:v031,,
41_xingxiao/41_v031_f003740.jpg,41,1261,train,panda,ipanda50,giant panda,session_reid,v031,,3740,41:v031,,
41_xingxiao/41_v031_f004030.jpg,41,1261,train,panda,ipanda50,giant panda,session_reid,v031,,4030,41:v031,,
41_xingxiao/41_v031_f004395.jpg,41,1261,train,panda,ipanda50,giant panda,session_reid,v031,,4395,41:v031,,
41_xingxiao/41_v031_f004640.jpg,41,1261,train,panda,ipanda50,giant panda,session_reid,v031,,4640,41:v031,,
41_xingxiao/41_v032_f000055.jpg,41,1262,train,panda,ipanda50,giant panda,session_reid,v032,,55,41:v032,,
41_xingxiao/41_v032_f004420.jpg,41,1262,train,panda,ipanda50,giant panda,session_reid,v032,,4420,41:v032,,
41_xingxiao/41_v033_f000255.jpg,41,1263,train,panda,ipanda50,giant panda,session_reid,v033,,255,41:v033,,
41_xingxiao/41_v033_f000335.jpg,41,1263,train,panda,ipanda50,giant panda,session_reid,v033,,335,41:v033,,
41_xingxiao/41_v033_f001215.jpg,41,1263,train,panda,ipanda50,giant panda,session_reid,v033,,1215,41:v033,,
41_xingxiao/41_v033_f001295.jpg,41,1263,train,panda,ipanda50,giant panda,session_reid,v033,,1295,41:v033,,
41_xingxiao/41_v034_f000005.jpg,41,1264,train,panda,ipanda50,giant panda,session_reid,v034,,5,41:v034,,
41_xingxiao/41_v035_f000005.jpg,41,1265,train,panda,ipanda50,giant panda,session_reid,v035,,5,41:v035,,
41_xingxiao/41_v035_f001615.jpg,41,1265,train,panda,ipanda50,giant panda,session_reid,v035,,1615,41:v035,,
41_xingxiao/41_v036_f000005.jpg,41,1266,train,panda,ipanda50,giant panda,session_reid,v036,,5,41:v036,,
41_xingxiao/41_v036_f002225.jpg,41,1266,train,panda,ipanda50,giant panda,session_reid,v036,,2225,41:v036,,
41_xingxiao/41_v036_f002910.jpg,41,1266,train,panda,ipanda50,giant panda,session_reid,v036,,2910,41:v036,,
41_xingxiao/41_v037_f000415.jpg,41,1267,train,panda,ipanda50,giant panda,session_reid,v037,,415,41:v037,,
41_xingxiao/41_v037_f006760.jpg,41,1267,train,panda,ipanda50,giant panda,session_reid,v037,,6760,41:v037,,
41_xingxiao/41_v037_f007200.jpg,41,1267,train,panda,ipanda50,giant panda,session_reid,v037,,7200,41:v037,,
41_xingxiao/41_v041_f000110.jpg,41,1268,train,panda,ipanda50,giant panda,session_reid,v041,,110,41:v041,,
41_xingxiao/41_v041_f002095.jpg,41,1268,train,panda,ipanda50,giant panda,session_reid,v041,,2095,41:v041,,
41_xingxiao/41_v041_f005625.jpg,41,1268,train,panda,ipanda50,giant panda,session_reid,v041,,5625,41:v041,,
41_xingxiao/41_v043_f000005.jpg,41,1269,train,panda,ipanda50,giant panda,session_reid,v043,,5,41:v043,,
41_xingxiao/41_v044_f000375.jpg,41,1270,train,panda,ipanda50,giant panda,session_reid,v044,,375,41:v044,,
41_xingxiao/41_v044_f000795.jpg,41,1270,train,panda,ipanda50,giant panda,session_reid,v044,,795,41:v044,,
41_xingxiao/41_v044_f001560.jpg,41,1270,train,panda,ipanda50,giant panda,session_reid,v044,,1560,41:v044,,
41_xingxiao/41_v044_f003210.jpg,41,1270,train,panda,ipanda50,giant panda,session_reid,v044,,3210,41:v044,,
41_xingxiao/41_v044_f004805.jpg,41,1270,train,panda,ipanda50,giant panda,session_reid,v044,,4805,41:v044,,
41_xingxiao/41_v044_f005825.jpg,41,1270,train,panda,ipanda50,giant panda,session_reid,v044,,5825,41:v044,,
41_xingxiao/41_v044_f016215.jpg,41,1270,train,panda,ipanda50,giant panda,session_reid,v044,,16215,41:v044,,
41_xingxiao/41_v044_f025930.jpg,41,1270,train,panda,ipanda50,giant panda,session_reid,v044,,25930,41:v044,,
41_xingxiao/41_v044_f027690.jpg,41,1270,train,panda,ipanda50,giant panda,session_reid,v044,,27690,41:v044,,
41_xingxiao/41_v044_f027980.jpg,41,1270,train,panda,ipanda50,giant panda,session_reid,v044,,27980,41:v044,,
41_xingxiao/41_v044_f028045.jpg,41,1270,train,panda,ipanda50,giant panda,session_reid,v044,,28045,41:v044,,
41_xingxiao/41_v044_f028180.jpg,41,1270,train,panda,ipanda50,giant panda,session_reid,v044,,28180,41:v044,,
41_xingxiao/41_v044_f028250.jpg,41,1270,train,panda,ipanda50,giant panda,session_reid,v044,,28250,41:v044,,
41_xingxiao/41_v044_f029530.jpg,41,1270,train,panda,ipanda50,giant panda,session_reid,v044,,29530,41:v044,,
41_xingxiao/41_v044_f030000.jpg,41,1270,train,panda,ipanda50,giant panda,session_reid,v044,,30000,41:v044,,
41_xingxiao/41_v046_f000085.jpg,41,1271,train,panda,ipanda50,giant panda,session_reid,v046,,85,41:v046,,
41_xingxiao/41_v046_f000170.jpg,41,1271,train,panda,ipanda50,giant panda,session_reid,v046,,170,41:v046,,
41_xingxiao/41_v046_f002805.jpg,41,1271,train,panda,ipanda50,giant panda,session_reid,v046,,2805,41:v046,,
41_xingxiao/41_v046_f003655.jpg,41,1271,train,panda,ipanda50,giant panda,session_reid,v046,,3655,41:v046,,
41_xingxiao/41_v046_f007225.jpg,41,1271,train,panda,ipanda50,giant panda,session_reid,v046,,7225,41:v046,,
41_xingxiao/41_v048_f000480.jpg,41,1272,train,panda,ipanda50,giant panda,session_reid,v048,,480,41:v048,,
41_xingxiao/41_v048_f000935.jpg,41,1272,train,panda,ipanda50,giant panda,session_reid,v048,,935,41:v048,,
41_xingxiao/41_v048_f002355.jpg,41,1272,train,panda,ipanda50,giant panda,session_reid,v048,,2355,41:v048,,
41_xingxiao/41_v051_f000090.jpg,41,1273,train,panda,ipanda50,giant panda,session_reid,v051,,90,41:v051,,
41_xingxiao/41_v051_f003560.jpg,41,1273,train,panda,ipanda50,giant panda,session_reid,v051,,3560,41:v051,,
41_xingxiao/41_v052_f000460.jpg,41,1274,train,panda,ipanda50,giant panda,session_reid,v052,,460,41:v052,,
41_xingxiao/41_v052_f000495.jpg,41,1274,train,panda,ipanda50,giant panda,session_reid,v052,,495,41:v052,,
41_xingxiao/41_v052_f000880.jpg,41,1274,train,panda,ipanda50,giant panda,session_reid,v052,,880,41:v052,,
41_xingxiao/41_v052_f000930.jpg,41,1274,train,panda,ipanda50,giant panda,session_reid,v052,,930,41:v052,,
41_xingxiao/41_v052_f001055.jpg,41,1274,train,panda,ipanda50,giant panda,session_reid,v052,,1055,41:v052,,
41_xingxiao/41_v052_f001280.jpg,41,1274,train,panda,ipanda50,giant panda,session_reid,v052,,1280,41:v052,,
41_xingxiao/41_v052_f001675.jpg,41,1274,train,panda,ipanda50,giant panda,session_reid,v052,,1675,41:v052,,
41_xingxiao/41_v052_f001710.jpg,41,1274,train,panda,ipanda50,giant panda,session_reid,v052,,1710,41:v052,,
41_xingxiao/41_v052_f001730.jpg,41,1274,train,panda,ipanda50,giant panda,session_reid,v052,,1730,41:v052,,
41_xingxiao/41_v052_f002630.jpg,41,1274,train,panda,ipanda50,giant panda,session_reid,v052,,2630,41:v052,,
41_xingxiao/41_v055_f000005.jpg,41,1275,train,panda,ipanda50,giant panda,session_reid,v055,,5,41:v055,,
41_xingxiao/41_v058_f000005.jpg,41,1276,train,panda,ipanda50,giant panda,session_reid,v058,,5,41:v058,,
41_xingxiao/41_v059_f000070.jpg,41,1277,train,panda,ipanda50,giant panda,session_reid,v059,,70,41:v059,,
41_xingxiao/41_v059_f000345.jpg,41,1277,train,panda,ipanda50,giant panda,session_reid,v059,,345,41:v059,,
41_xingxiao/41_v059_f000405.jpg,41,1277,train,panda,ipanda50,giant panda,session_reid,v059,,405,41:v059,,
41_xingxiao/41_v059_f000910.jpg,41,1277,train,panda,ipanda50,giant panda,session_reid,v059,,910,41:v059,,
41_xingxiao/41_v064_f000005.jpg,41,1278,train,panda,ipanda50,giant panda,session_reid,v064,,5,41:v064,,
41_xingxiao/41_v064_f000200.jpg,41,1278,train,panda,ipanda50,giant panda,session_reid,v064,,200,41:v064,,
41_xingxiao/41_v064_f000305.jpg,41,1278,train,panda,ipanda50,giant panda,session_reid,v064,,305,41:v064,,
41_xingxiao/41_v064_f000490.jpg,41,1278,train,panda,ipanda50,giant panda,session_reid,v064,,490,41:v064,,
41_xingxiao/41_v064_f000695.jpg,41,1278,train,panda,ipanda50,giant panda,session_reid,v064,,695,41:v064,,
41_xingxiao/41_v064_f000815.jpg,41,1278,train,panda,ipanda50,giant panda,session_reid,v064,,815,41:v064,,
41_xingxiao/41_v065_f000510.jpg,41,1279,train,panda,ipanda50,giant panda,session_reid,v065,,510,41:v065,,
41_xingxiao/41_v065_f000660.jpg,41,1279,train,panda,ipanda50,giant panda,session_reid,v065,,660,41:v065,,
41_xingxiao/41_v065_f000835.jpg,41,1279,train,panda,ipanda50,giant panda,session_reid,v065,,835,41:v065,,
41_xingxiao/41_v065_f001670.jpg,41,1279,train,panda,ipanda50,giant panda,session_reid,v065,,1670,41:v065,,
41_xingxiao/41_v072_f000005.jpg,41,1280,train,panda,ipanda50,giant panda,session_reid,v072,,5,41:v072,,
41_xingxiao/41_v072_f002970.jpg,41,1280,train,panda,ipanda50,giant panda,session_reid,v072,,2970,41:v072,,
42_xingyi/42_v001_f000680.jpg,42,1281,train,panda,ipanda50,giant panda,session_reid,v001,,680,42:v001,,
42_xingyi/42_v001_f001125.jpg,42,1281,train,panda,ipanda50,giant panda,session_reid,v001,,1125,42:v001,,
42_xingyi/42_v001_f001255.jpg,42,1281,train,panda,ipanda50,giant panda,session_reid,v001,,1255,42:v001,,
42_xingyi/42_v002_f000005.jpg,42,1282,train,panda,ipanda50,giant panda,session_reid,v002,,5,42:v002,,
42_xingyi/42_v003_f000435.jpg,42,1283,train,panda,ipanda50,giant panda,session_reid,v003,,435,42:v003,,
42_xingyi/42_v003_f000905.jpg,42,1283,train,panda,ipanda50,giant panda,session_reid,v003,,905,42:v003,,
42_xingyi/42_v003_f000945.jpg,42,1283,train,panda,ipanda50,giant panda,session_reid,v003,,945,42:v003,,
42_xingyi/42_v004_f000115.jpg,42,1284,train,panda,ipanda50,giant panda,session_reid,v004,,115,42:v004,,
42_xingyi/42_v004_f000510.jpg,42,1284,train,panda,ipanda50,giant panda,session_reid,v004,,510,42:v004,,
42_xingyi/42_v004_f000605.jpg,42,1284,train,panda,ipanda50,giant panda,session_reid,v004,,605,42:v004,,
42_xingyi/42_v004_f000685.jpg,42,1284,train,panda,ipanda50,giant panda,session_reid,v004,,685,42:v004,,
42_xingyi/42_v005_f000005.jpg,42,1285,train,panda,ipanda50,giant panda,session_reid,v005,,5,42:v005,,
42_xingyi/42_v005_f000235.jpg,42,1285,train,panda,ipanda50,giant panda,session_reid,v005,,235,42:v005,,
42_xingyi/42_v005_f001485.jpg,42,1285,train,panda,ipanda50,giant panda,session_reid,v005,,1485,42:v005,,
42_xingyi/42_v005_f001615.jpg,42,1285,train,panda,ipanda50,giant panda,session_reid,v005,,1615,42:v005,,
42_xingyi/42_v005_f001810.jpg,42,1285,train,panda,ipanda50,giant panda,session_reid,v005,,1810,42:v005,,
42_xingyi/42_v005_f002090.jpg,42,1285,train,panda,ipanda50,giant panda,session_reid,v005,,2090,42:v005,,
42_xingyi/42_v005_f002905.jpg,42,1285,train,panda,ipanda50,giant panda,session_reid,v005,,2905,42:v005,,
42_xingyi/42_v006_f000005.jpg,42,1286,train,panda,ipanda50,giant panda,session_reid,v006,,5,42:v006,,
42_xingyi/42_v007_f000405.jpg,42,1287,train,panda,ipanda50,giant panda,session_reid,v007,,405,42:v007,,
42_xingyi/42_v007_f000700.jpg,42,1287,train,panda,ipanda50,giant panda,session_reid,v007,,700,42:v007,,
42_xingyi/42_v007_f000730.jpg,42,1287,train,panda,ipanda50,giant panda,session_reid,v007,,730,42:v007,,
42_xingyi/42_v008_f000005.jpg,42,1288,train,panda,ipanda50,giant panda,session_reid,v008,,5,42:v008,,
42_xingyi/42_v009_f000005.jpg,42,1289,train,panda,ipanda50,giant panda,session_reid,v009,,5,42:v009,,
42_xingyi/42_v010_f000005.jpg,42,1290,train,panda,ipanda50,giant panda,session_reid,v010,,5,42:v010,,
42_xingyi/42_v010_f000480.jpg,42,1290,train,panda,ipanda50,giant panda,session_reid,v010,,480,42:v010,,
42_xingyi/42_v010_f001155.jpg,42,1290,train,panda,ipanda50,giant panda,session_reid,v010,,1155,42:v010,,
42_xingyi/42_v010_f001330.jpg,42,1290,train,panda,ipanda50,giant panda,session_reid,v010,,1330,42:v010,,
42_xingyi/42_v010_f001400.jpg,42,1290,train,panda,ipanda50,giant panda,session_reid,v010,,1400,42:v010,,
42_xingyi/42_v010_f001435.jpg,42,1290,train,panda,ipanda50,giant panda,session_reid,v010,,1435,42:v010,,
42_xingyi/42_v011_f000005.jpg,42,1291,train,panda,ipanda50,giant panda,session_reid,v011,,5,42:v011,,
42_xingyi/42_v011_f001175.jpg,42,1291,train,panda,ipanda50,giant panda,session_reid,v011,,1175,42:v011,,
42_xingyi/42_v011_f001735.jpg,42,1291,train,panda,ipanda50,giant panda,session_reid,v011,,1735,42:v011,,
42_xingyi/42_v012_f000005.jpg,42,1292,train,panda,ipanda50,giant panda,session_reid,v012,,5,42:v012,,
42_xingyi/42_v012_f000555.jpg,42,1292,train,panda,ipanda50,giant panda,session_reid,v012,,555,42:v012,,
42_xingyi/42_v013_f000005.jpg,42,1293,train,panda,ipanda50,giant panda,session_reid,v013,,5,42:v013,,
42_xingyi/42_v013_f000780.jpg,42,1293,train,panda,ipanda50,giant panda,session_reid,v013,,780,42:v013,,
42_xingyi/42_v013_f000905.jpg,42,1293,train,panda,ipanda50,giant panda,session_reid,v013,,905,42:v013,,
42_xingyi/42_v013_f001395.jpg,42,1293,train,panda,ipanda50,giant panda,session_reid,v013,,1395,42:v013,,
42_xingyi/42_v013_f001480.jpg,42,1293,train,panda,ipanda50,giant panda,session_reid,v013,,1480,42:v013,,
42_xingyi/42_v014_f000005.jpg,42,1294,train,panda,ipanda50,giant panda,session_reid,v014,,5,42:v014,,
42_xingyi/42_v014_f000170.jpg,42,1294,train,panda,ipanda50,giant panda,session_reid,v014,,170,42:v014,,
42_xingyi/42_v014_f000360.jpg,42,1294,train,panda,ipanda50,giant panda,session_reid,v014,,360,42:v014,,
42_xingyi/42_v014_f000455.jpg,42,1294,train,panda,ipanda50,giant panda,session_reid,v014,,455,42:v014,,
42_xingyi/42_v014_f000540.jpg,42,1294,train,panda,ipanda50,giant panda,session_reid,v014,,540,42:v014,,
42_xingyi/42_v014_f000650.jpg,42,1294,train,panda,ipanda50,giant panda,session_reid,v014,,650,42:v014,,
42_xingyi/42_v014_f001230.jpg,42,1294,train,panda,ipanda50,giant panda,session_reid,v014,,1230,42:v014,,
42_xingyi/42_v016_f000005.jpg,42,1295,train,panda,ipanda50,giant panda,session_reid,v016,,5,42:v016,,
42_xingyi/42_v016_f001740.jpg,42,1295,train,panda,ipanda50,giant panda,session_reid,v016,,1740,42:v016,,
42_xingyi/42_v017_f000640.jpg,42,1296,train,panda,ipanda50,giant panda,session_reid,v017,,640,42:v017,,
42_xingyi/42_v018_f000005.jpg,42,1297,train,panda,ipanda50,giant panda,session_reid,v018,,5,42:v018,,
42_xingyi/42_v019_f000830.jpg,42,1298,train,panda,ipanda50,giant panda,session_reid,v019,,830,42:v019,,
42_xingyi/42_v021_f000005.jpg,42,1299,train,panda,ipanda50,giant panda,session_reid,v021,,5,42:v021,,
42_xingyi/42_v021_f000200.jpg,42,1299,train,panda,ipanda50,giant panda,session_reid,v021,,200,42:v021,,
42_xingyi/42_v021_f000965.jpg,42,1299,train,panda,ipanda50,giant panda,session_reid,v021,,965,42:v021,,
42_xingyi/42_v021_f001105.jpg,42,1299,train,panda,ipanda50,giant panda,session_reid,v021,,1105,42:v021,,
42_xingyi/42_v021_f001335.jpg,42,1299,train,panda,ipanda50,giant panda,session_reid,v021,,1335,42:v021,,
42_xingyi/42_v022_f000005.jpg,42,1300,train,panda,ipanda50,giant panda,session_reid,v022,,5,42:v022,,
42_xingyi/42_v022_f000690.jpg,42,1300,train,panda,ipanda50,giant panda,session_reid,v022,,690,42:v022,,
43_yaxing/43_v001_f000005.jpg,43,1301,train,panda,ipanda50,giant panda,session_reid,v001,,5,43:v001,,
43_yaxing/43_v001_f000545.jpg,43,1301,train,panda,ipanda50,giant panda,session_reid,v001,,545,43:v001,,
43_yaxing/43_v001_f000905.jpg,43,1301,train,panda,ipanda50,giant panda,session_reid,v001,,905,43:v001,,
43_yaxing/43_v002_f000585.jpg,43,1302,train,panda,ipanda50,giant panda,session_reid,v002,,585,43:v002,,
43_yaxing/43_v002_f000655.jpg,43,1302,train,panda,ipanda50,giant panda,session_reid,v002,,655,43:v002,,
43_yaxing/43_v003_f000005.jpg,43,1303,train,panda,ipanda50,giant panda,session_reid,v003,,5,43:v003,,
43_yaxing/43_v003_f000325.jpg,43,1303,train,panda,ipanda50,giant panda,session_reid,v003,,325,43:v003,,
43_yaxing/43_v004_f000005.jpg,43,1304,train,panda,ipanda50,giant panda,session_reid,v004,,5,43:v004,,
43_yaxing/43_v008_f000295.jpg,43,1305,train,panda,ipanda50,giant panda,session_reid,v008,,295,43:v008,,
43_yaxing/43_v008_f001050.jpg,43,1305,train,panda,ipanda50,giant panda,session_reid,v008,,1050,43:v008,,
43_yaxing/43_v008_f002545.jpg,43,1305,train,panda,ipanda50,giant panda,session_reid,v008,,2545,43:v008,,
43_yaxing/43_v008_f002595.jpg,43,1305,train,panda,ipanda50,giant panda,session_reid,v008,,2595,43:v008,,
43_yaxing/43_v008_f002775.jpg,43,1305,train,panda,ipanda50,giant panda,session_reid,v008,,2775,43:v008,,
43_yaxing/43_v008_f004225.jpg,43,1305,train,panda,ipanda50,giant panda,session_reid,v008,,4225,43:v008,,
43_yaxing/43_v009_f000315.jpg,43,1306,train,panda,ipanda50,giant panda,session_reid,v009,,315,43:v009,,
43_yaxing/43_v009_f000355.jpg,43,1306,train,panda,ipanda50,giant panda,session_reid,v009,,355,43:v009,,
43_yaxing/43_v009_f000385.jpg,43,1306,train,panda,ipanda50,giant panda,session_reid,v009,,385,43:v009,,
43_yaxing/43_v009_f000480.jpg,43,1306,train,panda,ipanda50,giant panda,session_reid,v009,,480,43:v009,,
43_yaxing/43_v009_f000780.jpg,43,1306,train,panda,ipanda50,giant panda,session_reid,v009,,780,43:v009,,
43_yaxing/43_v011_f000105.jpg,43,1307,train,panda,ipanda50,giant panda,session_reid,v011,,105,43:v011,,
43_yaxing/43_v011_f000240.jpg,43,1307,train,panda,ipanda50,giant panda,session_reid,v011,,240,43:v011,,
43_yaxing/43_v011_f000355.jpg,43,1307,train,panda,ipanda50,giant panda,session_reid,v011,,355,43:v011,,
43_yaxing/43_v011_f000375.jpg,43,1307,train,panda,ipanda50,giant panda,session_reid,v011,,375,43:v011,,
43_yaxing/43_v011_f000435.jpg,43,1307,train,panda,ipanda50,giant panda,session_reid,v011,,435,43:v011,,
43_yaxing/43_v011_f000455.jpg,43,1307,train,panda,ipanda50,giant panda,session_reid,v011,,455,43:v011,,
43_yaxing/43_v011_f000505.jpg,43,1307,train,panda,ipanda50,giant panda,session_reid,v011,,505,43:v011,,
43_yaxing/43_v011_f000595.jpg,43,1307,train,panda,ipanda50,giant panda,session_reid,v011,,595,43:v011,,
43_yaxing/43_v012_f000355.jpg,43,1308,train,panda,ipanda50,giant panda,session_reid,v012,,355,43:v012,,
43_yaxing/43_v012_f000805.jpg,43,1308,train,panda,ipanda50,giant panda,session_reid,v012,,805,43:v012,,
43_yaxing/43_v012_f001145.jpg,43,1308,train,panda,ipanda50,giant panda,session_reid,v012,,1145,43:v012,,
43_yaxing/43_v012_f001180.jpg,43,1308,train,panda,ipanda50,giant panda,session_reid,v012,,1180,43:v012,,
43_yaxing/43_v012_f001220.jpg,43,1308,train,panda,ipanda50,giant panda,session_reid,v012,,1220,43:v012,,
43_yaxing/43_v012_f001245.jpg,43,1308,train,panda,ipanda50,giant panda,session_reid,v012,,1245,43:v012,,
43_yaxing/43_v012_f001405.jpg,43,1308,train,panda,ipanda50,giant panda,session_reid,v012,,1405,43:v012,,
43_yaxing/43_v012_f001485.jpg,43,1308,train,panda,ipanda50,giant panda,session_reid,v012,,1485,43:v012,,
43_yaxing/43_v012_f001575.jpg,43,1308,train,panda,ipanda50,giant panda,session_reid,v012,,1575,43:v012,,
43_yaxing/43_v013_f000005.jpg,43,1309,train,panda,ipanda50,giant panda,session_reid,v013,,5,43:v013,,
43_yaxing/43_v013_f001770.jpg,43,1309,train,panda,ipanda50,giant panda,session_reid,v013,,1770,43:v013,,
43_yaxing/43_v015_f000005.jpg,43,1310,train,panda,ipanda50,giant panda,session_reid,v015,,5,43:v015,,
43_yaxing/43_v016_f000005.jpg,43,1311,train,panda,ipanda50,giant panda,session_reid,v016,,5,43:v016,,
43_yaxing/43_v017_f000005.jpg,43,1312,train,panda,ipanda50,giant panda,session_reid,v017,,5,43:v017,,
43_yaxing/43_v018_f000375.jpg,43,1313,train,panda,ipanda50,giant panda,session_reid,v018,,375,43:v018,,
43_yaxing/43_v018_f000630.jpg,43,1313,train,panda,ipanda50,giant panda,session_reid,v018,,630,43:v018,,
43_yaxing/43_v018_f002135.jpg,43,1313,train,panda,ipanda50,giant panda,session_reid,v018,,2135,43:v018,,
43_yaxing/43_v020_f000005.jpg,43,1314,train,panda,ipanda50,giant panda,session_reid,v020,,5,43:v020,,
43_yaxing/43_v020_f000585.jpg,43,1314,train,panda,ipanda50,giant panda,session_reid,v020,,585,43:v020,,
43_yaxing/43_v020_f000775.jpg,43,1314,train,panda,ipanda50,giant panda,session_reid,v020,,775,43:v020,,
43_yaxing/43_v020_f001165.jpg,43,1314,train,panda,ipanda50,giant panda,session_reid,v020,,1165,43:v020,,
43_yaxing/43_v021_f000005.jpg,43,1315,train,panda,ipanda50,giant panda,session_reid,v021,,5,43:v021,,
43_yaxing/43_v021_f001870.jpg,43,1315,train,panda,ipanda50,giant panda,session_reid,v021,,1870,43:v021,,
43_yaxing/43_v023_f002375.jpg,43,1316,train,panda,ipanda50,giant panda,session_reid,v023,,2375,43:v023,,
43_yaxing/43_v027_f000005.jpg,43,1317,train,panda,ipanda50,giant panda,session_reid,v027,,5,43:v027,,
43_yaxing/43_v028_f000005.jpg,43,1318,train,panda,ipanda50,giant panda,session_reid,v028,,5,43:v028,,
43_yaxing/43_v029_f000005.jpg,43,1319,train,panda,ipanda50,giant panda,session_reid,v029,,5,43:v029,,
43_yaxing/43_v030_f000005.jpg,43,1320,train,panda,ipanda50,giant panda,session_reid,v030,,5,43:v030,,
43_yaxing/43_v030_f000690.jpg,43,1320,train,panda,ipanda50,giant panda,session_reid,v030,,690,43:v030,,
43_yaxing/43_v031_f000005.jpg,43,1321,train,panda,ipanda50,giant panda,session_reid,v031,,5,43:v031,,
43_yaxing/43_v032_f000005.jpg,43,1322,train,panda,ipanda50,giant panda,session_reid,v032,,5,43:v032,,
43_yaxing/43_v032_f001190.jpg,43,1322,train,panda,ipanda50,giant panda,session_reid,v032,,1190,43:v032,,
43_yaxing/43_v033_f000400.jpg,43,1323,train,panda,ipanda50,giant panda,session_reid,v033,,400,43:v033,,
43_yaxing/43_v033_f000610.jpg,43,1323,train,panda,ipanda50,giant panda,session_reid,v033,,610,43:v033,,
44_yayi/44_v001_f000005.jpg,44,1324,train,panda,ipanda50,giant panda,session_reid,v001,,5,44:v001,,
44_yayi/44_v001_f000155.jpg,44,1324,train,panda,ipanda50,giant panda,session_reid,v001,,155,44:v001,,
44_yayi/44_v001_f000540.jpg,44,1324,train,panda,ipanda50,giant panda,session_reid,v001,,540,44:v001,,
44_yayi/44_v001_f000560.jpg,44,1324,train,panda,ipanda50,giant panda,session_reid,v001,,560,44:v001,,
44_yayi/44_v001_f000600.jpg,44,1324,train,panda,ipanda50,giant panda,session_reid,v001,,600,44:v001,,
44_yayi/44_v002_f000075.jpg,44,1325,train,panda,ipanda50,giant panda,session_reid,v002,,75,44:v002,,
44_yayi/44_v002_f000510.jpg,44,1325,train,panda,ipanda50,giant panda,session_reid,v002,,510,44:v002,,
44_yayi/44_v003_f000250.jpg,44,1326,train,panda,ipanda50,giant panda,session_reid,v003,,250,44:v003,,
44_yayi/44_v004_f000005.jpg,44,1327,train,panda,ipanda50,giant panda,session_reid,v004,,5,44:v004,,
44_yayi/44_v004_f000325.jpg,44,1327,train,panda,ipanda50,giant panda,session_reid,v004,,325,44:v004,,
44_yayi/44_v004_f000625.jpg,44,1327,train,panda,ipanda50,giant panda,session_reid,v004,,625,44:v004,,
44_yayi/44_v004_f000925.jpg,44,1327,train,panda,ipanda50,giant panda,session_reid,v004,,925,44:v004,,
44_yayi/44_v004_f001405.jpg,44,1327,train,panda,ipanda50,giant panda,session_reid,v004,,1405,44:v004,,
44_yayi/44_v004_f001470.jpg,44,1327,train,panda,ipanda50,giant panda,session_reid,v004,,1470,44:v004,,
44_yayi/44_v006_f000050.jpg,44,1328,train,panda,ipanda50,giant panda,session_reid,v006,,50,44:v006,,
44_yayi/44_v006_f000350.jpg,44,1328,train,panda,ipanda50,giant panda,session_reid,v006,,350,44:v006,,
44_yayi/44_v006_f000550.jpg,44,1328,train,panda,ipanda50,giant panda,session_reid,v006,,550,44:v006,,
44_yayi/44_v007_f000050.jpg,44,1329,train,panda,ipanda50,giant panda,session_reid,v007,,50,44:v007,,
44_yayi/44_v007_f000725.jpg,44,1329,train,panda,ipanda50,giant panda,session_reid,v007,,725,44:v007,,
44_yayi/44_v008_f000425.jpg,44,1330,train,panda,ipanda50,giant panda,session_reid,v008,,425,44:v008,,
44_yayi/44_v008_f000650.jpg,44,1330,train,panda,ipanda50,giant panda,session_reid,v008,,650,44:v008,,
44_yayi/44_v009_f000635.jpg,44,1331,train,panda,ipanda50,giant panda,session_reid,v009,,635,44:v009,,
44_yayi/44_v009_f002180.jpg,44,1331,train,panda,ipanda50,giant panda,session_reid,v009,,2180,44:v009,,
44_yayi/44_v011_f002205.jpg,44,1332,train,panda,ipanda50,giant panda,session_reid,v011,,2205,44:v011,,
44_yayi/44_v011_f002385.jpg,44,1332,train,panda,ipanda50,giant panda,session_reid,v011,,2385,44:v011,,
44_yayi/44_v011_f002475.jpg,44,1332,train,panda,ipanda50,giant panda,session_reid,v011,,2475,44:v011,,
44_yayi/44_v013_f000375.jpg,44,1333,train,panda,ipanda50,giant panda,session_reid,v013,,375,44:v013,,
44_yayi/44_v014_f000405.jpg,44,1334,train,panda,ipanda50,giant panda,session_reid,v014,,405,44:v014,,
44_yayi/44_v014_f000455.jpg,44,1334,train,panda,ipanda50,giant panda,session_reid,v014,,455,44:v014,,
44_yayi/44_v014_f004265.jpg,44,1334,train,panda,ipanda50,giant panda,session_reid,v014,,4265,44:v014,,
44_yayi/44_v014_f004830.jpg,44,1334,train,panda,ipanda50,giant panda,session_reid,v014,,4830,44:v014,,
44_yayi/44_v014_f005295.jpg,44,1334,train,panda,ipanda50,giant panda,session_reid,v014,,5295,44:v014,,
44_yayi/44_v014_f005350.jpg,44,1334,train,panda,ipanda50,giant panda,session_reid,v014,,5350,44:v014,,
44_yayi/44_v014_f009640.jpg,44,1334,train,panda,ipanda50,giant panda,session_reid,v014,,9640,44:v014,,
44_yayi/44_v014_f012370.jpg,44,1334,train,panda,ipanda50,giant panda,session_reid,v014,,12370,44:v014,,
44_yayi/44_v014_f016730.jpg,44,1334,train,panda,ipanda50,giant panda,session_reid,v014,,16730,44:v014,,
44_yayi/44_v015_f000295.jpg,44,1335,train,panda,ipanda50,giant panda,session_reid,v015,,295,44:v015,,
44_yayi/44_v015_f000985.jpg,44,1335,train,panda,ipanda50,giant panda,session_reid,v015,,985,44:v015,,
44_yayi/44_v015_f001475.jpg,44,1335,train,panda,ipanda50,giant panda,session_reid,v015,,1475,44:v015,,
44_yayi/44_v016_f000005.jpg,44,1336,train,panda,ipanda50,giant panda,session_reid,v016,,5,44:v016,,
44_yayi/44_v016_f000350.jpg,44,1336,train,panda,ipanda50,giant panda,session_reid,v016,,350,44:v016,,
44_yayi/44_v016_f000865.jpg,44,1336,train,panda,ipanda50,giant panda,session_reid,v016,,865,44:v016,,
44_yayi/44_v017_f000485.jpg,44,1337,train,panda,ipanda50,giant panda,session_reid,v017,,485,44:v017,,
44_yayi/44_v017_f000525.jpg,44,1337,train,panda,ipanda50,giant panda,session_reid,v017,,525,44:v017,,
44_yayi/44_v017_f002450.jpg,44,1337,train,panda,ipanda50,giant panda,session_reid,v017,,2450,44:v017,,
44_yayi/44_v017_f005965.jpg,44,1337,train,panda,ipanda50,giant panda,session_reid,v017,,5965,44:v017,,
44_yayi/44_v018_f000700.jpg,44,1338,train,panda,ipanda50,giant panda,session_reid,v018,,700,44:v018,,
44_yayi/44_v018_f001675.jpg,44,1338,train,panda,ipanda50,giant panda,session_reid,v018,,1675,44:v018,,
44_yayi/44_v018_f002030.jpg,44,1338,train,panda,ipanda50,giant panda,session_reid,v018,,2030,44:v018,,
44_yayi/44_v018_f002155.jpg,44,1338,train,panda,ipanda50,giant panda,session_reid,v018,,2155,44:v018,,
44_yayi/44_v018_f003675.jpg,44,1338,train,panda,ipanda50,giant panda,session_reid,v018,,3675,44:v018,,
44_yayi/44_v019_f000005.jpg,44,1339,train,panda,ipanda50,giant panda,session_reid,v019,,5,44:v019,,
44_yayi/44_v019_f000245.jpg,44,1339,train,panda,ipanda50,giant panda,session_reid,v019,,245,44:v019,,
44_yayi/44_v019_f000340.jpg,44,1339,train,panda,ipanda50,giant panda,session_reid,v019,,340,44:v019,,
44_yayi/44_v019_f000630.jpg,44,1339,train,panda,ipanda50,giant panda,session_reid,v019,,630,44:v019,,
44_yayi/44_v019_f000850.jpg,44,1339,train,panda,ipanda50,giant panda,session_reid,v019,,850,44:v019,,
44_yayi/44_v019_f001045.jpg,44,1339,train,panda,ipanda50,giant panda,session_reid,v019,,1045,44:v019,,
44_yayi/44_v019_f001075.jpg,44,1339,train,panda,ipanda50,giant panda,session_reid,v019,,1075,44:v019,,
44_yayi/44_v019_f001540.jpg,44,1339,train,panda,ipanda50,giant panda,session_reid,v019,,1540,44:v019,,
44_yayi/44_v019_f002180.jpg,44,1339,train,panda,ipanda50,giant panda,session_reid,v019,,2180,44:v019,,
44_yayi/44_v019_f002400.jpg,44,1339,train,panda,ipanda50,giant panda,session_reid,v019,,2400,44:v019,,
44_yayi/44_v019_f002450.jpg,44,1339,train,panda,ipanda50,giant panda,session_reid,v019,,2450,44:v019,,
44_yayi/44_v019_f002645.jpg,44,1339,train,panda,ipanda50,giant panda,session_reid,v019,,2645,44:v019,,
44_yayi/44_v019_f002710.jpg,44,1339,train,panda,ipanda50,giant panda,session_reid,v019,,2710,44:v019,,
44_yayi/44_v020_f000525.jpg,44,1340,train,panda,ipanda50,giant panda,session_reid,v020,,525,44:v020,,
44_yayi/44_v020_f000635.jpg,44,1340,train,panda,ipanda50,giant panda,session_reid,v020,,635,44:v020,,
44_yayi/44_v021_f000590.jpg,44,1341,train,panda,ipanda50,giant panda,session_reid,v021,,590,44:v021,,
44_yayi/44_v021_f000705.jpg,44,1341,train,panda,ipanda50,giant panda,session_reid,v021,,705,44:v021,,
44_yayi/44_v022_f001135.jpg,44,1342,train,panda,ipanda50,giant panda,session_reid,v022,,1135,44:v022,,
44_yayi/44_v022_f001285.jpg,44,1342,train,panda,ipanda50,giant panda,session_reid,v022,,1285,44:v022,,
44_yayi/44_v023_f000005.jpg,44,1343,train,panda,ipanda50,giant panda,session_reid,v023,,5,44:v023,,
44_yayi/44_v023_f001145.jpg,44,1343,train,panda,ipanda50,giant panda,session_reid,v023,,1145,44:v023,,
44_yayi/44_v025_f000130.jpg,44,1344,train,panda,ipanda50,giant panda,session_reid,v025,,130,44:v025,,
44_yayi/44_v025_f002440.jpg,44,1344,train,panda,ipanda50,giant panda,session_reid,v025,,2440,44:v025,,
44_yayi/44_v026_f000005.jpg,44,1345,train,panda,ipanda50,giant panda,session_reid,v026,,5,44:v026,,
44_yayi/44_v026_f000210.jpg,44,1345,train,panda,ipanda50,giant panda,session_reid,v026,,210,44:v026,,
44_yayi/44_v026_f000380.jpg,44,1345,train,panda,ipanda50,giant panda,session_reid,v026,,380,44:v026,,
44_yayi/44_v026_f001255.jpg,44,1345,train,panda,ipanda50,giant panda,session_reid,v026,,1255,44:v026,,
44_yayi/44_v026_f002175.jpg,44,1345,train,panda,ipanda50,giant panda,session_reid,v026,,2175,44:v026,,
44_yayi/44_v026_f002720.jpg,44,1345,train,panda,ipanda50,giant panda,session_reid,v026,,2720,44:v026,,
44_yayi/44_v027_f000010.jpg,44,1346,train,panda,ipanda50,giant panda,session_reid,v027,,10,44:v027,,
44_yayi/44_v027_f000205.jpg,44,1346,train,panda,ipanda50,giant panda,session_reid,v027,,205,44:v027,,
44_yayi/44_v027_f000845.jpg,44,1346,train,panda,ipanda50,giant panda,session_reid,v027,,845,44:v027,,
44_yayi/44_v027_f000870.jpg,44,1346,train,panda,ipanda50,giant panda,session_reid,v027,,870,44:v027,,
44_yayi/44_v027_f002090.jpg,44,1346,train,panda,ipanda50,giant panda,session_reid,v027,,2090,44:v027,,
44_yayi/44_v027_f002370.jpg,44,1346,train,panda,ipanda50,giant panda,session_reid,v027,,2370,44:v027,,
44_yayi/44_v027_f002490.jpg,44,1346,train,panda,ipanda50,giant panda,session_reid,v027,,2490,44:v027,,
44_yayi/44_v028_f000005.jpg,44,1347,train,panda,ipanda50,giant panda,session_reid,v028,,5,44:v028,,
44_yayi/44_v029_f000005.jpg,44,1348,train,panda,ipanda50,giant panda,session_reid,v029,,5,44:v029,,
44_yayi/44_v029_f000050.jpg,44,1348,train,panda,ipanda50,giant panda,session_reid,v029,,50,44:v029,,
44_yayi/44_v029_f000290.jpg,44,1348,train,panda,ipanda50,giant panda,session_reid,v029,,290,44:v029,,
44_yayi/44_v029_f001055.jpg,44,1348,train,panda,ipanda50,giant panda,session_reid,v029,,1055,44:v029,,
44_yayi/44_v029_f001315.jpg,44,1348,train,panda,ipanda50,giant panda,session_reid,v029,,1315,44:v029,,
44_yayi/44_v030_f000605.jpg,44,1349,train,panda,ipanda50,giant panda,session_reid,v030,,605,44:v030,,
44_yayi/44_v031_f000005.jpg,44,1350,train,panda,ipanda50,giant panda,session_reid,v031,,5,44:v031,,
44_yayi/44_v031_f000525.jpg,44,1350,train,panda,ipanda50,giant panda,session_reid,v031,,525,44:v031,,
44_yayi/44_v031_f001785.jpg,44,1350,train,panda,ipanda50,giant panda,session_reid,v031,,1785,44:v031,,
44_yayi/44_v031_f004610.jpg,44,1350,train,panda,ipanda50,giant panda,session_reid,v031,,4610,44:v031,,
44_yayi/44_v031_f004755.jpg,44,1350,train,panda,ipanda50,giant panda,session_reid,v031,,4755,44:v031,,
44_yayi/44_v032_f000005.jpg,44,1351,train,panda,ipanda50,giant panda,session_reid,v032,,5,44:v032,,
44_yayi/44_v032_f001400.jpg,44,1351,train,panda,ipanda50,giant panda,session_reid,v032,,1400,44:v032,,
44_yayi/44_v032_f001550.jpg,44,1351,train,panda,ipanda50,giant panda,session_reid,v032,,1550,44:v032,,
44_yayi/44_v032_f002665.jpg,44,1351,train,panda,ipanda50,giant panda,session_reid,v032,,2665,44:v032,,
44_yayi/44_v032_f003275.jpg,44,1351,train,panda,ipanda50,giant panda,session_reid,v032,,3275,44:v032,,
44_yayi/44_v032_f003395.jpg,44,1351,train,panda,ipanda50,giant panda,session_reid,v032,,3395,44:v032,,
44_yayi/44_v032_f004365.jpg,44,1351,train,panda,ipanda50,giant panda,session_reid,v032,,4365,44:v032,,
44_yayi/44_v032_f004425.jpg,44,1351,train,panda,ipanda50,giant panda,session_reid,v032,,4425,44:v032,,
44_yayi/44_v033_f001120.jpg,44,1352,train,panda,ipanda50,giant panda,session_reid,v033,,1120,44:v033,,
44_yayi/44_v033_f001765.jpg,44,1352,train,panda,ipanda50,giant panda,session_reid,v033,,1765,44:v033,,
44_yayi/44_v033_f002545.jpg,44,1352,train,panda,ipanda50,giant panda,session_reid,v033,,2545,44:v033,,
44_yayi/44_v033_f002620.jpg,44,1352,train,panda,ipanda50,giant panda,session_reid,v033,,2620,44:v033,,
44_yayi/44_v033_f003170.jpg,44,1352,train,panda,ipanda50,giant panda,session_reid,v033,,3170,44:v033,,
44_yayi/44_v034_f000005.jpg,44,1353,train,panda,ipanda50,giant panda,session_reid,v034,,5,44:v034,,
44_yayi/44_v034_f001110.jpg,44,1353,train,panda,ipanda50,giant panda,session_reid,v034,,1110,44:v034,,
44_yayi/44_v034_f001670.jpg,44,1353,train,panda,ipanda50,giant panda,session_reid,v034,,1670,44:v034,,
44_yayi/44_v035_f000025.jpg,44,1354,train,panda,ipanda50,giant panda,session_reid,v035,,25,44:v035,,
44_yayi/44_v035_f000250.jpg,44,1354,train,panda,ipanda50,giant panda,session_reid,v035,,250,44:v035,,
44_yayi/44_v038_f000375.jpg,44,1355,train,panda,ipanda50,giant panda,session_reid,v038,,375,44:v038,,
44_yayi/44_v038_f000705.jpg,44,1355,train,panda,ipanda50,giant panda,session_reid,v038,,705,44:v038,,
44_yayi/44_v038_f000755.jpg,44,1355,train,panda,ipanda50,giant panda,session_reid,v038,,755,44:v038,,
44_yayi/44_v038_f001940.jpg,44,1355,train,panda,ipanda50,giant panda,session_reid,v038,,1940,44:v038,,
44_yayi/44_v038_f002405.jpg,44,1355,train,panda,ipanda50,giant panda,session_reid,v038,,2405,44:v038,,
44_yayi/44_v040_f000005.jpg,44,1356,train,panda,ipanda50,giant panda,session_reid,v040,,5,44:v040,,
44_yayi/44_v041_f000005.jpg,44,1357,train,panda,ipanda50,giant panda,session_reid,v041,,5,44:v041,,
44_yayi/44_v041_f000395.jpg,44,1357,train,panda,ipanda50,giant panda,session_reid,v041,,395,44:v041,,
44_yayi/44_v041_f000415.jpg,44,1357,train,panda,ipanda50,giant panda,session_reid,v041,,415,44:v041,,
44_yayi/44_v041_f000840.jpg,44,1357,train,panda,ipanda50,giant panda,session_reid,v041,,840,44:v041,,
44_yayi/44_v041_f002975.jpg,44,1357,train,panda,ipanda50,giant panda,session_reid,v041,,2975,44:v041,,
44_yayi/44_v042_f000165.jpg,44,1358,train,panda,ipanda50,giant panda,session_reid,v042,,165,44:v042,,
44_yayi/44_v042_f000340.jpg,44,1358,train,panda,ipanda50,giant panda,session_reid,v042,,340,44:v042,,
44_yayi/44_v042_f000450.jpg,44,1358,train,panda,ipanda50,giant panda,session_reid,v042,,450,44:v042,,
44_yayi/44_v042_f002585.jpg,44,1358,train,panda,ipanda50,giant panda,session_reid,v042,,2585,44:v042,,
44_yayi/44_v045_f000120.jpg,44,1359,train,panda,ipanda50,giant panda,session_reid,v045,,120,44:v045,,
44_yayi/44_v045_f000595.jpg,44,1359,train,panda,ipanda50,giant panda,session_reid,v045,,595,44:v045,,
44_yayi/44_v045_f001995.jpg,44,1359,train,panda,ipanda50,giant panda,session_reid,v045,,1995,44:v045,,
44_yayi/44_v045_f002045.jpg,44,1359,train,panda,ipanda50,giant panda,session_reid,v045,,2045,44:v045,,
44_yayi/44_v045_f002230.jpg,44,1359,train,panda,ipanda50,giant panda,session_reid,v045,,2230,44:v045,,
44_yayi/44_v045_f002540.jpg,44,1359,train,panda,ipanda50,giant panda,session_reid,v045,,2540,44:v045,,
44_yayi/44_v045_f003160.jpg,44,1359,train,panda,ipanda50,giant panda,session_reid,v045,,3160,44:v045,,
44_yayi/44_v045_f003295.jpg,44,1359,train,panda,ipanda50,giant panda,session_reid,v045,,3295,44:v045,,
44_yayi/44_v045_f004900.jpg,44,1359,train,panda,ipanda50,giant panda,session_reid,v045,,4900,44:v045,,
44_yayi/44_v045_f006190.jpg,44,1359,train,panda,ipanda50,giant panda,session_reid,v045,,6190,44:v045,,
44_yayi/44_v045_f006320.jpg,44,1359,train,panda,ipanda50,giant panda,session_reid,v045,,6320,44:v045,,
44_yayi/44_v045_f006645.jpg,44,1359,train,panda,ipanda50,giant panda,session_reid,v045,,6645,44:v045,,
44_yayi/44_v046_f001485.jpg,44,1360,train,panda,ipanda50,giant panda,session_reid,v046,,1485,44:v046,,
44_yayi/44_v047_f000375.jpg,44,1361,train,panda,ipanda50,giant panda,session_reid,v047,,375,44:v047,,
44_yayi/44_v047_f000460.jpg,44,1361,train,panda,ipanda50,giant panda,session_reid,v047,,460,44:v047,,
44_yayi/44_v047_f000615.jpg,44,1361,train,panda,ipanda50,giant panda,session_reid,v047,,615,44:v047,,
44_yayi/44_v048_f001675.jpg,44,1362,train,panda,ipanda50,giant panda,session_reid,v048,,1675,44:v048,,
44_yayi/44_v049_f000340.jpg,44,1363,train,panda,ipanda50,giant panda,session_reid,v049,,340,44:v049,,
44_yayi/44_v049_f001575.jpg,44,1363,train,panda,ipanda50,giant panda,session_reid,v049,,1575,44:v049,,
44_yayi/44_v054_f000005.jpg,44,1364,train,panda,ipanda50,giant panda,session_reid,v054,,5,44:v054,,
44_yayi/44_v054_f001195.jpg,44,1364,train,panda,ipanda50,giant panda,session_reid,v054,,1195,44:v054,,
44_yayi/44_v054_f001325.jpg,44,1364,train,panda,ipanda50,giant panda,session_reid,v054,,1325,44:v054,,
44_yayi/44_v054_f003740.jpg,44,1364,train,panda,ipanda50,giant panda,session_reid,v054,,3740,44:v054,,
44_yayi/44_v054_f005535.jpg,44,1364,train,panda,ipanda50,giant panda,session_reid,v054,,5535,44:v054,,
44_yayi/44_v054_f005790.jpg,44,1364,train,panda,ipanda50,giant panda,session_reid,v054,,5790,44:v054,,
44_yayi/44_v055_f000945.jpg,44,1365,train,panda,ipanda50,giant panda,session_reid,v055,,945,44:v055,,
44_yayi/44_v055_f001545.jpg,44,1365,train,panda,ipanda50,giant panda,session_reid,v055,,1545,44:v055,,
44_yayi/44_v055_f001630.jpg,44,1365,train,panda,ipanda50,giant panda,session_reid,v055,,1630,44:v055,,
44_yayi/44_v055_f001840.jpg,44,1365,train,panda,ipanda50,giant panda,session_reid,v055,,1840,44:v055,,
44_yayi/44_v055_f001945.jpg,44,1365,train,panda,ipanda50,giant panda,session_reid,v055,,1945,44:v055,,
44_yayi/44_v055_f001990.jpg,44,1365,train,panda,ipanda50,giant panda,session_reid,v055,,1990,44:v055,,
44_yayi/44_v055_f002115.jpg,44,1365,train,panda,ipanda50,giant panda,session_reid,v055,,2115,44:v055,,
44_yayi/44_v055_f002820.jpg,44,1365,train,panda,ipanda50,giant panda,session_reid,v055,,2820,44:v055,,
44_yayi/44_v055_f002945.jpg,44,1365,train,panda,ipanda50,giant panda,session_reid,v055,,2945,44:v055,,
44_yayi/44_v056_f000265.jpg,44,1366,train,panda,ipanda50,giant panda,session_reid,v056,,265,44:v056,,
44_yayi/44_v056_f000460.jpg,44,1366,train,panda,ipanda50,giant panda,session_reid,v056,,460,44:v056,,
44_yayi/44_v056_f000505.jpg,44,1366,train,panda,ipanda50,giant panda,session_reid,v056,,505,44:v056,,
44_yayi/44_v058_f000005.jpg,44,1367,train,panda,ipanda50,giant panda,session_reid,v058,,5,44:v058,,
44_yayi/44_v058_f000685.jpg,44,1367,train,panda,ipanda50,giant panda,session_reid,v058,,685,44:v058,,
44_yayi/44_v058_f001660.jpg,44,1367,train,panda,ipanda50,giant panda,session_reid,v058,,1660,44:v058,,
44_yayi/44_v058_f001865.jpg,44,1367,train,panda,ipanda50,giant panda,session_reid,v058,,1865,44:v058,,
44_yayi/44_v058_f001940.jpg,44,1367,train,panda,ipanda50,giant panda,session_reid,v058,,1940,44:v058,,
44_yayi/44_v059_f000005.jpg,44,1368,train,panda,ipanda50,giant panda,session_reid,v059,,5,44:v059,,
44_yayi/44_v060_f001555.jpg,44,1369,train,panda,ipanda50,giant panda,session_reid,v060,,1555,44:v060,,
44_yayi/44_v060_f001795.jpg,44,1369,train,panda,ipanda50,giant panda,session_reid,v060,,1795,44:v060,,
44_yayi/44_v060_f002005.jpg,44,1369,train,panda,ipanda50,giant panda,session_reid,v060,,2005,44:v060,,
44_yayi/44_v060_f002070.jpg,44,1369,train,panda,ipanda50,giant panda,session_reid,v060,,2070,44:v060,,
44_yayi/44_v060_f002160.jpg,44,1369,train,panda,ipanda50,giant panda,session_reid,v060,,2160,44:v060,,
44_yayi/44_v060_f002545.jpg,44,1369,train,panda,ipanda50,giant panda,session_reid,v060,,2545,44:v060,,
44_yayi/44_v060_f002965.jpg,44,1369,train,panda,ipanda50,giant panda,session_reid,v060,,2965,44:v060,,
44_yayi/44_v060_f003035.jpg,44,1369,train,panda,ipanda50,giant panda,session_reid,v060,,3035,44:v060,,
44_yayi/44_v060_f003125.jpg,44,1369,train,panda,ipanda50,giant panda,session_reid,v060,,3125,44:v060,,
44_yayi/44_v061_f001615.jpg,44,1370,train,panda,ipanda50,giant panda,session_reid,v061,,1615,44:v061,,
44_yayi/44_v061_f002780.jpg,44,1370,train,panda,ipanda50,giant panda,session_reid,v061,,2780,44:v061,,
44_yayi/44_v061_f003280.jpg,44,1370,train,panda,ipanda50,giant panda,session_reid,v061,,3280,44:v061,,
44_yayi/44_v061_f003710.jpg,44,1370,train,panda,ipanda50,giant panda,session_reid,v061,,3710,44:v061,,
44_yayi/44_v062_f000005.jpg,44,1371,train,panda,ipanda50,giant panda,session_reid,v062,,5,44:v062,,
44_yayi/44_v062_f001190.jpg,44,1371,train,panda,ipanda50,giant panda,session_reid,v062,,1190,44:v062,,
44_yayi/44_v062_f001365.jpg,44,1371,train,panda,ipanda50,giant panda,session_reid,v062,,1365,44:v062,,
44_yayi/44_v063_f000090.jpg,44,1372,train,panda,ipanda50,giant panda,session_reid,v063,,90,44:v063,,
44_yayi/44_v063_f000285.jpg,44,1372,train,panda,ipanda50,giant panda,session_reid,v063,,285,44:v063,,
44_yayi/44_v063_f001070.jpg,44,1372,train,panda,ipanda50,giant panda,session_reid,v063,,1070,44:v063,,
44_yayi/44_v063_f001490.jpg,44,1372,train,panda,ipanda50,giant panda,session_reid,v063,,1490,44:v063,,
44_yayi/44_v064_f000005.jpg,44,1373,train,panda,ipanda50,giant panda,session_reid,v064,,5,44:v064,,
44_yayi/44_v064_f002245.jpg,44,1373,train,panda,ipanda50,giant panda,session_reid,v064,,2245,44:v064,,
44_yayi/44_v066_f000090.jpg,44,1374,train,panda,ipanda50,giant panda,session_reid,v066,,90,44:v066,,
44_yayi/44_v066_f000185.jpg,44,1374,train,panda,ipanda50,giant panda,session_reid,v066,,185,44:v066,,
44_yayi/44_v066_f000270.jpg,44,1374,train,panda,ipanda50,giant panda,session_reid,v066,,270,44:v066,,
45_yayun/45_v001_f000005.jpg,45,1375,query,panda,ipanda50,giant panda,session_reid,v001,,5,45:v001,,
45_yayun/45_v001_f000175.jpg,45,1375,gallery,panda,ipanda50,giant panda,session_reid,v001,,175,45:v001,,
45_yayun/45_v001_f001050.jpg,45,1375,gallery,panda,ipanda50,giant panda,session_reid,v001,,1050,45:v001,,
45_yayun/45_v001_f001155.jpg,45,1375,gallery,panda,ipanda50,giant panda,session_reid,v001,,1155,45:v001,,
45_yayun/45_v001_f001190.jpg,45,1375,gallery,panda,ipanda50,giant panda,session_reid,v001,,1190,45:v001,,
45_yayun/45_v001_f001470.jpg,45,1375,gallery,panda,ipanda50,giant panda,session_reid,v001,,1470,45:v001,,
45_yayun/45_v002_f000005.jpg,45,1376,query,panda,ipanda50,giant panda,session_reid,v002,,5,45:v002,,
45_yayun/45_v002_f000140.jpg,45,1376,gallery,panda,ipanda50,giant panda,session_reid,v002,,140,45:v002,,
45_yayun/45_v002_f000205.jpg,45,1376,gallery,panda,ipanda50,giant panda,session_reid,v002,,205,45:v002,,
45_yayun/45_v002_f000430.jpg,45,1376,gallery,panda,ipanda50,giant panda,session_reid,v002,,430,45:v002,,
45_yayun/45_v002_f000805.jpg,45,1376,gallery,panda,ipanda50,giant panda,session_reid,v002,,805,45:v002,,
45_yayun/45_v003_f000140.jpg,45,1377,query,panda,ipanda50,giant panda,session_reid,v003,,140,45:v003,,
45_yayun/45_v003_f000165.jpg,45,1377,gallery,panda,ipanda50,giant panda,session_reid,v003,,165,45:v003,,
45_yayun/45_v003_f000190.jpg,45,1377,gallery,panda,ipanda50,giant panda,session_reid,v003,,190,45:v003,,
45_yayun/45_v004_f000405.jpg,45,1378,query,panda,ipanda50,giant panda,session_reid,v004,,405,45:v004,,
45_yayun/45_v004_f000450.jpg,45,1378,gallery,panda,ipanda50,giant panda,session_reid,v004,,450,45:v004,,
45_yayun/45_v004_f000475.jpg,45,1378,gallery,panda,ipanda50,giant panda,session_reid,v004,,475,45:v004,,
45_yayun/45_v004_f000920.jpg,45,1378,gallery,panda,ipanda50,giant panda,session_reid,v004,,920,45:v004,,
45_yayun/45_v004_f001185.jpg,45,1378,gallery,panda,ipanda50,giant panda,session_reid,v004,,1185,45:v004,,
45_yayun/45_v004_f001305.jpg,45,1378,gallery,panda,ipanda50,giant panda,session_reid,v004,,1305,45:v004,,
45_yayun/45_v004_f001505.jpg,45,1378,gallery,panda,ipanda50,giant panda,session_reid,v004,,1505,45:v004,,
45_yayun/45_v005_f000530.jpg,45,1379,query,panda,ipanda50,giant panda,session_reid,v005,,530,45:v005,,
45_yayun/45_v007_f000255.jpg,45,1380,query,panda,ipanda50,giant panda,session_reid,v007,,255,45:v007,,
45_yayun/45_v007_f000655.jpg,45,1380,gallery,panda,ipanda50,giant panda,session_reid,v007,,655,45:v007,,
45_yayun/45_v007_f000830.jpg,45,1380,gallery,panda,ipanda50,giant panda,session_reid,v007,,830,45:v007,,
45_yayun/45_v007_f000905.jpg,45,1380,gallery,panda,ipanda50,giant panda,session_reid,v007,,905,45:v007,,
45_yayun/45_v007_f001505.jpg,45,1380,gallery,panda,ipanda50,giant panda,session_reid,v007,,1505,45:v007,,
45_yayun/45_v008_f000130.jpg,45,1381,query,panda,ipanda50,giant panda,session_reid,v008,,130,45:v008,,
45_yayun/45_v008_f000370.jpg,45,1381,gallery,panda,ipanda50,giant panda,session_reid,v008,,370,45:v008,,
45_yayun/45_v008_f000695.jpg,45,1381,gallery,panda,ipanda50,giant panda,session_reid,v008,,695,45:v008,,
45_yayun/45_v009_f000210.jpg,45,1382,query,panda,ipanda50,giant panda,session_reid,v009,,210,45:v009,,
45_yayun/45_v010_f000720.jpg,45,1383,query,panda,ipanda50,giant panda,session_reid,v010,,720,45:v010,,
45_yayun/45_v010_f000755.jpg,45,1383,gallery,panda,ipanda50,giant panda,session_reid,v010,,755,45:v010,,
45_yayun/45_v010_f000780.jpg,45,1383,gallery,panda,ipanda50,giant panda,session_reid,v010,,780,45:v010,,
45_yayun/45_v010_f000795.jpg,45,1383,gallery,panda,ipanda50,giant panda,session_reid,v010,,795,45:v010,,
45_yayun/45_v010_f000805.jpg,45,1383,gallery,panda,ipanda50,giant panda,session_reid,v010,,805,45:v010,,
45_yayun/45_v010_f001065.jpg,45,1383,gallery,panda,ipanda50,giant panda,session_reid,v010,,1065,45:v010,,
45_yayun/45_v010_f001105.jpg,45,1383,gallery,panda,ipanda50,giant panda,session_reid,v010,,1105,45:v010,,
45_yayun/45_v010_f001425.jpg,45,1383,gallery,panda,ipanda50,giant panda,session_reid,v010,,1425,45:v010,,
45_yayun/45_v010_f001450.jpg,45,1383,gallery,panda,ipanda50,giant panda,session_reid,v010,,1450,45:v010,,
45_yayun/45_v010_f001460.jpg,45,1383,gallery,panda,ipanda50,giant panda,session_reid,v010,,1460,45:v010,,
45_yayun/45_v011_f000005.jpg,45,1384,query,panda,ipanda50,giant panda,session_reid,v011,,5,45:v011,,
45_yayun/45_v011_f000305.jpg,45,1384,gallery,panda,ipanda50,giant panda,session_reid,v011,,305,45:v011,,
45_yayun/45_v011_f000765.jpg,45,1384,gallery,panda,ipanda50,giant panda,session_reid,v011,,765,45:v011,,
45_yayun/45_v011_f001405.jpg,45,1384,gallery,panda,ipanda50,giant panda,session_reid,v011,,1405,45:v011,,
45_yayun/45_v012_f000265.jpg,45,1385,query,panda,ipanda50,giant panda,session_reid,v012,,265,45:v012,,
45_yayun/45_v012_f000690.jpg,45,1385,gallery,panda,ipanda50,giant panda,session_reid,v012,,690,45:v012,,
45_yayun/45_v012_f002045.jpg,45,1385,gallery,panda,ipanda50,giant panda,session_reid,v012,,2045,45:v012,,
45_yayun/45_v012_f002510.jpg,45,1385,gallery,panda,ipanda50,giant panda,session_reid,v012,,2510,45:v012,,
45_yayun/45_v012_f002875.jpg,45,1385,gallery,panda,ipanda50,giant panda,session_reid,v012,,2875,45:v012,,
45_yayun/45_v014_f000005.jpg,45,1386,query,panda,ipanda50,giant panda,session_reid,v014,,5,45:v014,,
45_yayun/45_v014_f000160.jpg,45,1386,gallery,panda,ipanda50,giant panda,session_reid,v014,,160,45:v014,,
45_yayun/45_v014_f000175.jpg,45,1386,gallery,panda,ipanda50,giant panda,session_reid,v014,,175,45:v014,,
45_yayun/45_v014_f000260.jpg,45,1386,gallery,panda,ipanda50,giant panda,session_reid,v014,,260,45:v014,,
45_yayun/45_v014_f000360.jpg,45,1386,gallery,panda,ipanda50,giant panda,session_reid,v014,,360,45:v014,,
45_yayun/45_v014_f000400.jpg,45,1386,gallery,panda,ipanda50,giant panda,session_reid,v014,,400,45:v014,,
45_yayun/45_v014_f000465.jpg,45,1386,gallery,panda,ipanda50,giant panda,session_reid,v014,,465,45:v014,,
45_yayun/45_v014_f000475.jpg,45,1386,gallery,panda,ipanda50,giant panda,session_reid,v014,,475,45:v014,,
45_yayun/45_v014_f000870.jpg,45,1386,gallery,panda,ipanda50,giant panda,session_reid,v014,,870,45:v014,,
45_yayun/45_v015_f000055.jpg,45,1387,query,panda,ipanda50,giant panda,session_reid,v015,,55,45:v015,,
45_yayun/45_v015_f000490.jpg,45,1387,gallery,panda,ipanda50,giant panda,session_reid,v015,,490,45:v015,,
45_yayun/45_v015_f000595.jpg,45,1387,gallery,panda,ipanda50,giant panda,session_reid,v015,,595,45:v015,,
45_yayun/45_v015_f000630.jpg,45,1387,gallery,panda,ipanda50,giant panda,session_reid,v015,,630,45:v015,,
45_yayun/45_v015_f001365.jpg,45,1387,gallery,panda,ipanda50,giant panda,session_reid,v015,,1365,45:v015,,
45_yayun/45_v015_f001405.jpg,45,1387,gallery,panda,ipanda50,giant panda,session_reid,v015,,1405,45:v015,,
45_yayun/45_v015_f001605.jpg,45,1387,gallery,panda,ipanda50,giant panda,session_reid,v015,,1605,45:v015,,
45_yayun/45_v015_f001705.jpg,45,1387,gallery,panda,ipanda50,giant panda,session_reid,v015,,1705,45:v015,,
45_yayun/45_v015_f002005.jpg,45,1387,gallery,panda,ipanda50,giant panda,session_reid,v015,,2005,45:v015,,
45_yayun/45_v015_f002440.jpg,45,1387,gallery,panda,ipanda50,giant panda,session_reid,v015,,2440,45:v015,,
45_yayun/45_v015_f002530.jpg,45,1387,gallery,panda,ipanda50,giant panda,session_reid,v015,,2530,45:v015,,
45_yayun/45_v015_f002605.jpg,45,1387,gallery,panda,ipanda50,giant panda,session_reid,v015,,2605,45:v015,,
45_yayun/45_v015_f003730.jpg,45,1387,gallery,panda,ipanda50,giant panda,session_reid,v015,,3730,45:v015,,
45_yayun/45_v016_f000795.jpg,45,1388,query,panda,ipanda50,giant panda,session_reid,v016,,795,45:v016,,
45_yayun/45_v017_f000215.jpg,45,1389,query,panda,ipanda50,giant panda,session_reid,v017,,215,45:v017,,
45_yayun/45_v017_f000500.jpg,45,1389,gallery,panda,ipanda50,giant panda,session_reid,v017,,500,45:v017,,
45_yayun/45_v017_f000685.jpg,45,1389,gallery,panda,ipanda50,giant panda,session_reid,v017,,685,45:v017,,
45_yayun/45_v019_f000005.jpg,45,1390,query,panda,ipanda50,giant panda,session_reid,v019,,5,45:v019,,
45_yayun/45_v020_f000650.jpg,45,1391,query,panda,ipanda50,giant panda,session_reid,v020,,650,45:v020,,
45_yayun/45_v021_f000260.jpg,45,1392,query,panda,ipanda50,giant panda,session_reid,v021,,260,45:v021,,
45_yayun/45_v021_f000375.jpg,45,1392,gallery,panda,ipanda50,giant panda,session_reid,v021,,375,45:v021,,
45_yayun/45_v021_f002175.jpg,45,1392,gallery,panda,ipanda50,giant panda,session_reid,v021,,2175,45:v021,,
45_yayun/45_v021_f002270.jpg,45,1392,gallery,panda,ipanda50,giant panda,session_reid,v021,,2270,45:v021,,
45_yayun/45_v022_f000005.jpg,45,1393,query,panda,ipanda50,giant panda,session_reid,v022,,5,45:v022,,
45_yayun/45_v022_f000765.jpg,45,1393,gallery,panda,ipanda50,giant panda,session_reid,v022,,765,45:v022,,
46_yazhu/46_v001_f000005.jpg,46,1394,train,panda,ipanda50,giant panda,session_reid,v001,,5,46:v001,,
46_yazhu/46_v001_f000315.jpg,46,1394,train,panda,ipanda50,giant panda,session_reid,v001,,315,46:v001,,
46_yazhu/46_v001_f000450.jpg,46,1394,train,panda,ipanda50,giant panda,session_reid,v001,,450,46:v001,,
46_yazhu/46_v001_f000605.jpg,46,1394,train,panda,ipanda50,giant panda,session_reid,v001,,605,46:v001,,
46_yazhu/46_v002_f001210.jpg,46,1395,train,panda,ipanda50,giant panda,session_reid,v002,,1210,46:v002,,
46_yazhu/46_v003_f000005.jpg,46,1396,train,panda,ipanda50,giant panda,session_reid,v003,,5,46:v003,,
46_yazhu/46_v003_f000905.jpg,46,1396,train,panda,ipanda50,giant panda,session_reid,v003,,905,46:v003,,
46_yazhu/46_v004_f000160.jpg,46,1397,train,panda,ipanda50,giant panda,session_reid,v004,,160,46:v004,,
46_yazhu/46_v004_f000425.jpg,46,1397,train,panda,ipanda50,giant panda,session_reid,v004,,425,46:v004,,
46_yazhu/46_v006_f001535.jpg,46,1398,train,panda,ipanda50,giant panda,session_reid,v006,,1535,46:v006,,
46_yazhu/46_v006_f001740.jpg,46,1398,train,panda,ipanda50,giant panda,session_reid,v006,,1740,46:v006,,
46_yazhu/46_v006_f001960.jpg,46,1398,train,panda,ipanda50,giant panda,session_reid,v006,,1960,46:v006,,
46_yazhu/46_v006_f001995.jpg,46,1398,train,panda,ipanda50,giant panda,session_reid,v006,,1995,46:v006,,
46_yazhu/46_v006_f002010.jpg,46,1398,train,panda,ipanda50,giant panda,session_reid,v006,,2010,46:v006,,
46_yazhu/46_v006_f002035.jpg,46,1398,train,panda,ipanda50,giant panda,session_reid,v006,,2035,46:v006,,
46_yazhu/46_v006_f002080.jpg,46,1398,train,panda,ipanda50,giant panda,session_reid,v006,,2080,46:v006,,
46_yazhu/46_v006_f002210.jpg,46,1398,train,panda,ipanda50,giant panda,session_reid,v006,,2210,46:v006,,
46_yazhu/46_v007_f000150.jpg,46,1399,train,panda,ipanda50,giant panda,session_reid,v007,,150,46:v007,,
46_yazhu/46_v007_f000405.jpg,46,1399,train,panda,ipanda50,giant panda,session_reid,v007,,405,46:v007,,
46_yazhu/46_v007_f000655.jpg,46,1399,train,panda,ipanda50,giant panda,session_reid,v007,,655,46:v007,,
46_yazhu/46_v007_f000905.jpg,46,1399,train,panda,ipanda50,giant panda,session_reid,v007,,905,46:v007,,
46_yazhu/46_v008_f001500.jpg,46,1400,train,panda,ipanda50,giant panda,session_reid,v008,,1500,46:v008,,
46_yazhu/46_v008_f001690.jpg,46,1400,train,panda,ipanda50,giant panda,session_reid,v008,,1690,46:v008,,
46_yazhu/46_v008_f002365.jpg,46,1400,train,panda,ipanda50,giant panda,session_reid,v008,,2365,46:v008,,
46_yazhu/46_v008_f002910.jpg,46,1400,train,panda,ipanda50,giant panda,session_reid,v008,,2910,46:v008,,
46_yazhu/46_v008_f002990.jpg,46,1400,train,panda,ipanda50,giant panda,session_reid,v008,,2990,46:v008,,
46_yazhu/46_v009_f000205.jpg,46,1401,train,panda,ipanda50,giant panda,session_reid,v009,,205,46:v009,,
46_yazhu/46_v009_f001540.jpg,46,1401,train,panda,ipanda50,giant panda,session_reid,v009,,1540,46:v009,,
46_yazhu/46_v009_f001895.jpg,46,1401,train,panda,ipanda50,giant panda,session_reid,v009,,1895,46:v009,,
46_yazhu/46_v010_f000005.jpg,46,1402,train,panda,ipanda50,giant panda,session_reid,v010,,5,46:v010,,
46_yazhu/46_v010_f000155.jpg,46,1402,train,panda,ipanda50,giant panda,session_reid,v010,,155,46:v010,,
46_yazhu/46_v010_f000420.jpg,46,1402,train,panda,ipanda50,giant panda,session_reid,v010,,420,46:v010,,
46_yazhu/46_v010_f000505.jpg,46,1402,train,panda,ipanda50,giant panda,session_reid,v010,,505,46:v010,,
46_yazhu/46_v010_f000990.jpg,46,1402,train,panda,ipanda50,giant panda,session_reid,v010,,990,46:v010,,
46_yazhu/46_v012_f000005.jpg,46,1403,train,panda,ipanda50,giant panda,session_reid,v012,,5,46:v012,,
46_yazhu/46_v012_f000215.jpg,46,1403,train,panda,ipanda50,giant panda,session_reid,v012,,215,46:v012,,
46_yazhu/46_v012_f000240.jpg,46,1403,train,panda,ipanda50,giant panda,session_reid,v012,,240,46:v012,,
46_yazhu/46_v012_f000280.jpg,46,1403,train,panda,ipanda50,giant panda,session_reid,v012,,280,46:v012,,
46_yazhu/46_v012_f000370.jpg,46,1403,train,panda,ipanda50,giant panda,session_reid,v012,,370,46:v012,,
46_yazhu/46_v012_f000405.jpg,46,1403,train,panda,ipanda50,giant panda,session_reid,v012,,405,46:v012,,
46_yazhu/46_v012_f000445.jpg,46,1403,train,panda,ipanda50,giant panda,session_reid,v012,,445,46:v012,,
46_yazhu/46_v012_f000565.jpg,46,1403,train,panda,ipanda50,giant panda,session_reid,v012,,565,46:v012,,
46_yazhu/46_v012_f000670.jpg,46,1403,train,panda,ipanda50,giant panda,session_reid,v012,,670,46:v012,,
46_yazhu/46_v013_f000005.jpg,46,1404,train,panda,ipanda50,giant panda,session_reid,v013,,5,46:v013,,
46_yazhu/46_v013_f000100.jpg,46,1404,train,panda,ipanda50,giant panda,session_reid,v013,,100,46:v013,,
46_yazhu/46_v013_f000355.jpg,46,1404,train,panda,ipanda50,giant panda,session_reid,v013,,355,46:v013,,
46_yazhu/46_v013_f000405.jpg,46,1404,train,panda,ipanda50,giant panda,session_reid,v013,,405,46:v013,,
46_yazhu/46_v013_f000450.jpg,46,1404,train,panda,ipanda50,giant panda,session_reid,v013,,450,46:v013,,
46_yazhu/46_v013_f000555.jpg,46,1404,train,panda,ipanda50,giant panda,session_reid,v013,,555,46:v013,,
46_yazhu/46_v013_f000815.jpg,46,1404,train,panda,ipanda50,giant panda,session_reid,v013,,815,46:v013,,
46_yazhu/46_v013_f000965.jpg,46,1404,train,panda,ipanda50,giant panda,session_reid,v013,,965,46:v013,,
46_yazhu/46_v014_f000005.jpg,46,1405,train,panda,ipanda50,giant panda,session_reid,v014,,5,46:v014,,
46_yazhu/46_v014_f001005.jpg,46,1405,train,panda,ipanda50,giant panda,session_reid,v014,,1005,46:v014,,
46_yazhu/46_v015_f000005.jpg,46,1406,train,panda,ipanda50,giant panda,session_reid,v015,,5,46:v015,,
46_yazhu/46_v016_f000085.jpg,46,1407,train,panda,ipanda50,giant panda,session_reid,v016,,85,46:v016,,
46_yazhu/46_v016_f000170.jpg,46,1407,train,panda,ipanda50,giant panda,session_reid,v016,,170,46:v016,,
46_yazhu/46_v016_f000315.jpg,46,1407,train,panda,ipanda50,giant panda,session_reid,v016,,315,46:v016,,
46_yazhu/46_v016_f000330.jpg,46,1407,train,panda,ipanda50,giant panda,session_reid,v016,,330,46:v016,,
46_yazhu/46_v017_f000005.jpg,46,1408,train,panda,ipanda50,giant panda,session_reid,v017,,5,46:v017,,
46_yazhu/46_v018_f000005.jpg,46,1409,train,panda,ipanda50,giant panda,session_reid,v018,,5,46:v018,,
46_yazhu/46_v019_f000005.jpg,46,1410,train,panda,ipanda50,giant panda,session_reid,v019,,5,46:v019,,
46_yazhu/46_v019_f001860.jpg,46,1410,train,panda,ipanda50,giant panda,session_reid,v019,,1860,46:v019,,
46_yazhu/46_v020_f000005.jpg,46,1411,train,panda,ipanda50,giant panda,session_reid,v020,,5,46:v020,,
46_yazhu/46_v020_f002160.jpg,46,1411,train,panda,ipanda50,giant panda,session_reid,v020,,2160,46:v020,,
46_yazhu/46_v020_f002240.jpg,46,1411,train,panda,ipanda50,giant panda,session_reid,v020,,2240,46:v020,,
46_yazhu/46_v021_f000005.jpg,46,1412,train,panda,ipanda50,giant panda,session_reid,v021,,5,46:v021,,
46_yazhu/46_v022_f000155.jpg,46,1413,train,panda,ipanda50,giant panda,session_reid,v022,,155,46:v022,,
46_yazhu/46_v022_f000780.jpg,46,1413,train,panda,ipanda50,giant panda,session_reid,v022,,780,46:v022,,
46_yazhu/46_v022_f001235.jpg,46,1413,train,panda,ipanda50,giant panda,session_reid,v022,,1235,46:v022,,
46_yazhu/46_v022_f001385.jpg,46,1413,train,panda,ipanda50,giant panda,session_reid,v022,,1385,46:v022,,
46_yazhu/46_v022_f003400.jpg,46,1413,train,panda,ipanda50,giant panda,session_reid,v022,,3400,46:v022,,
46_yazhu/46_v022_f003615.jpg,46,1413,train,panda,ipanda50,giant panda,session_reid,v022,,3615,46:v022,,
46_yazhu/46_v023_f001065.jpg,46,1414,train,panda,ipanda50,giant panda,session_reid,v023,,1065,46:v023,,
46_yazhu/46_v023_f003030.jpg,46,1414,train,panda,ipanda50,giant panda,session_reid,v023,,3030,46:v023,,
46_yazhu/46_v023_f003095.jpg,46,1414,train,panda,ipanda50,giant panda,session_reid,v023,,3095,46:v023,,
46_yazhu/46_v023_f004800.jpg,46,1414,train,panda,ipanda50,giant panda,session_reid,v023,,4800,46:v023,,
46_yazhu/46_v023_f004850.jpg,46,1414,train,panda,ipanda50,giant panda,session_reid,v023,,4850,46:v023,,
46_yazhu/46_v026_f000560.jpg,46,1415,train,panda,ipanda50,giant panda,session_reid,v026,,560,46:v026,,
46_yazhu/46_v026_f000695.jpg,46,1415,train,panda,ipanda50,giant panda,session_reid,v026,,695,46:v026,,
46_yazhu/46_v026_f000780.jpg,46,1415,train,panda,ipanda50,giant panda,session_reid,v026,,780,46:v026,,
46_yazhu/46_v026_f001505.jpg,46,1415,train,panda,ipanda50,giant panda,session_reid,v026,,1505,46:v026,,
46_yazhu/46_v026_f001835.jpg,46,1415,train,panda,ipanda50,giant panda,session_reid,v026,,1835,46:v026,,
46_yazhu/46_v026_f001920.jpg,46,1415,train,panda,ipanda50,giant panda,session_reid,v026,,1920,46:v026,,
46_yazhu/46_v026_f002095.jpg,46,1415,train,panda,ipanda50,giant panda,session_reid,v026,,2095,46:v026,,
46_yazhu/46_v027_f000005.jpg,46,1416,train,panda,ipanda50,giant panda,session_reid,v027,,5,46:v027,,
46_yazhu/46_v027_f000060.jpg,46,1416,train,panda,ipanda50,giant panda,session_reid,v027,,60,46:v027,,
46_yazhu/46_v027_f000520.jpg,46,1416,train,panda,ipanda50,giant panda,session_reid,v027,,520,46:v027,,
46_yazhu/46_v027_f000700.jpg,46,1416,train,panda,ipanda50,giant panda,session_reid,v027,,700,46:v027,,
46_yazhu/46_v027_f001320.jpg,46,1416,train,panda,ipanda50,giant panda,session_reid,v027,,1320,46:v027,,
46_yazhu/46_v031_f000225.jpg,46,1417,train,panda,ipanda50,giant panda,session_reid,v031,,225,46:v031,,
46_yazhu/46_v031_f000250.jpg,46,1417,train,panda,ipanda50,giant panda,session_reid,v031,,250,46:v031,,
46_yazhu/46_v031_f000450.jpg,46,1417,train,panda,ipanda50,giant panda,session_reid,v031,,450,46:v031,,
46_yazhu/46_v032_f000095.jpg,46,1418,train,panda,ipanda50,giant panda,session_reid,v032,,95,46:v032,,
46_yazhu/46_v032_f000155.jpg,46,1418,train,panda,ipanda50,giant panda,session_reid,v032,,155,46:v032,,
46_yazhu/46_v032_f000450.jpg,46,1418,train,panda,ipanda50,giant panda,session_reid,v032,,450,46:v032,,
46_yazhu/46_v033_f000200.jpg,46,1419,train,panda,ipanda50,giant panda,session_reid,v033,,200,46:v033,,
46_yazhu/46_v033_f000225.jpg,46,1419,train,panda,ipanda50,giant panda,session_reid,v033,,225,46:v033,,
46_yazhu/46_v033_f000250.jpg,46,1419,train,panda,ipanda50,giant panda,session_reid,v033,,250,46:v033,,
46_yazhu/46_v034_f000075.jpg,46,1420,train,panda,ipanda50,giant panda,session_reid,v034,,75,46:v034,,
46_yazhu/46_v034_f001430.jpg,46,1420,train,panda,ipanda50,giant panda,session_reid,v034,,1430,46:v034,,
47_yingying/47_v001_f000005.jpg,47,1421,train,panda,ipanda50,giant panda,session_reid,v001,,5,47:v001,,
47_yingying/47_v001_f000150.jpg,47,1421,train,panda,ipanda50,giant panda,session_reid,v001,,150,47:v001,,
47_yingying/47_v001_f000615.jpg,47,1421,train,panda,ipanda50,giant panda,session_reid,v001,,615,47:v001,,
47_yingying/47_v003_f000045.jpg,47,1422,train,panda,ipanda50,giant panda,session_reid,v003,,45,47:v003,,
47_yingying/47_v003_f001035.jpg,47,1422,train,panda,ipanda50,giant panda,session_reid,v003,,1035,47:v003,,
47_yingying/47_v004_f000270.jpg,47,1423,train,panda,ipanda50,giant panda,session_reid,v004,,270,47:v004,,
47_yingying/47_v004_f000450.jpg,47,1423,train,panda,ipanda50,giant panda,session_reid,v004,,450,47:v004,,
47_yingying/47_v005_f000170.jpg,47,1424,train,panda,ipanda50,giant panda,session_reid,v005,,170,47:v005,,
47_yingying/47_v005_f002550.jpg,47,1424,train,panda,ipanda50,giant panda,session_reid,v005,,2550,47:v005,,
47_yingying/47_v006_f000025.jpg,47,1425,train,panda,ipanda50,giant panda,session_reid,v006,,25,47:v006,,
47_yingying/47_v006_f001050.jpg,47,1425,train,panda,ipanda50,giant panda,session_reid,v006,,1050,47:v006,,
47_yingying/47_v008_f000005.jpg,47,1426,train,panda,ipanda50,giant panda,session_reid,v008,,5,47:v008,,
47_yingying/47_v009_f000025.jpg,47,1427,train,panda,ipanda50,giant panda,session_reid,v009,,25,47:v009,,
47_yingying/47_v009_f001250.jpg,47,1427,train,panda,ipanda50,giant panda,session_reid,v009,,1250,47:v009,,
47_yingying/47_v010_f000715.jpg,47,1428,train,panda,ipanda50,giant panda,session_reid,v010,,715,47:v010,,
47_yingying/47_v011_f000050.jpg,47,1429,train,panda,ipanda50,giant panda,session_reid,v011,,50,47:v011,,
47_yingying/47_v012_f000475.jpg,47,1430,train,panda,ipanda50,giant panda,session_reid,v012,,475,47:v012,,
47_yingying/47_v012_f000800.jpg,47,1430,train,panda,ipanda50,giant panda,session_reid,v012,,800,47:v012,,
47_yingying/47_v014_f000025.jpg,47,1431,train,panda,ipanda50,giant panda,session_reid,v014,,25,47:v014,,
47_yingying/47_v014_f000250.jpg,47,1431,train,panda,ipanda50,giant panda,session_reid,v014,,250,47:v014,,
47_yingying/47_v015_f000015.jpg,47,1432,train,panda,ipanda50,giant panda,session_reid,v015,,15,47:v015,,
47_yingying/47_v015_f000435.jpg,47,1432,train,panda,ipanda50,giant panda,session_reid,v015,,435,47:v015,,
47_yingying/47_v016_f000750.jpg,47,1433,train,panda,ipanda50,giant panda,session_reid,v016,,750,47:v016,,
47_yingying/47_v017_f000210.jpg,47,1434,train,panda,ipanda50,giant panda,session_reid,v017,,210,47:v017,,
47_yingying/47_v018_f000125.jpg,47,1435,train,panda,ipanda50,giant panda,session_reid,v018,,125,47:v018,,
47_yingying/47_v019_f000275.jpg,47,1436,train,panda,ipanda50,giant panda,session_reid,v019,,275,47:v019,,
47_yingying/47_v022_f000070.jpg,47,1437,train,panda,ipanda50,giant panda,session_reid,v022,,70,47:v022,,
47_yingying/47_v022_f001575.jpg,47,1437,train,panda,ipanda50,giant panda,session_reid,v022,,1575,47:v022,,
47_yingying/47_v022_f001960.jpg,47,1437,train,panda,ipanda50,giant panda,session_reid,v022,,1960,47:v022,,
47_yingying/47_v023_f000065.jpg,47,1438,train,panda,ipanda50,giant panda,session_reid,v023,,65,47:v023,,
47_yingying/47_v023_f000105.jpg,47,1438,train,panda,ipanda50,giant panda,session_reid,v023,,105,47:v023,,
47_yingying/47_v025_f000060.jpg,47,1439,train,panda,ipanda50,giant panda,session_reid,v025,,60,47:v025,,
47_yingying/47_v025_f000660.jpg,47,1439,train,panda,ipanda50,giant panda,session_reid,v025,,660,47:v025,,
47_yingying/47_v027_f000315.jpg,47,1440,train,panda,ipanda50,giant panda,session_reid,v027,,315,47:v027,,
47_yingying/47_v027_f000495.jpg,47,1440,train,panda,ipanda50,giant panda,session_reid,v027,,495,47:v027,,
47_yingying/47_v030_f000035.jpg,47,1441,train,panda,ipanda50,giant panda,session_reid,v030,,35,47:v030,,
47_yingying/47_v030_f000385.jpg,47,1441,train,panda,ipanda50,giant panda,session_reid,v030,,385,47:v030,,
47_yingying/47_v030_f001295.jpg,47,1441,train,panda,ipanda50,giant panda,session_reid,v030,,1295,47:v030,,
47_yingying/47_v033_f000005.jpg,47,1442,train,panda,ipanda50,giant panda,session_reid,v033,,5,47:v033,,
47_yingying/47_v033_f000165.jpg,47,1442,train,panda,ipanda50,giant panda,session_reid,v033,,165,47:v033,,
47_yingying/47_v033_f000205.jpg,47,1442,train,panda,ipanda50,giant panda,session_reid,v033,,205,47:v033,,
47_yingying/47_v033_f000350.jpg,47,1442,train,panda,ipanda50,giant panda,session_reid,v033,,350,47:v033,,
47_yingying/47_v034_f000150.jpg,47,1443,train,panda,ipanda50,giant panda,session_reid,v034,,150,47:v034,,
47_yingying/47_v035_f000015.jpg,47,1444,train,panda,ipanda50,giant panda,session_reid,v035,,15,47:v035,,
47_yingying/47_v036_f000035.jpg,47,1445,train,panda,ipanda50,giant panda,session_reid,v036,,35,47:v036,,
47_yingying/47_v036_f000490.jpg,47,1445,train,panda,ipanda50,giant panda,session_reid,v036,,490,47:v036,,
47_yingying/47_v036_f000630.jpg,47,1445,train,panda,ipanda50,giant panda,session_reid,v036,,630,47:v036,,
47_yingying/47_v039_f000025.jpg,47,1446,train,panda,ipanda50,giant panda,session_reid,v039,,25,47:v039,,
47_yingying/47_v039_f000150.jpg,47,1446,train,panda,ipanda50,giant panda,session_reid,v039,,150,47:v039,,
47_yingying/47_v039_f001325.jpg,47,1446,train,panda,ipanda50,giant panda,session_reid,v039,,1325,47:v039,,
47_yingying/47_v041_f000330.jpg,47,1447,train,panda,ipanda50,giant panda,session_reid,v041,,330,47:v041,,
47_yingying/47_v041_f000690.jpg,47,1447,train,panda,ipanda50,giant panda,session_reid,v041,,690,47:v041,,
47_yingying/47_v043_f000125.jpg,47,1448,train,panda,ipanda50,giant panda,session_reid,v043,,125,47:v043,,
47_yingying/47_v044_f000600.jpg,47,1449,train,panda,ipanda50,giant panda,session_reid,v044,,600,47:v044,,
47_yingying/47_v045_f001425.jpg,47,1450,train,panda,ipanda50,giant panda,session_reid,v045,,1425,47:v045,,
47_yingying/47_v045_f001475.jpg,47,1450,train,panda,ipanda50,giant panda,session_reid,v045,,1475,47:v045,,
47_yingying/47_v046_f000075.jpg,47,1451,train,panda,ipanda50,giant panda,session_reid,v046,,75,47:v046,,
47_yingying/47_v046_f000100.jpg,47,1451,train,panda,ipanda50,giant panda,session_reid,v046,,100,47:v046,,
47_yingying/47_v046_f000145.jpg,47,1451,train,panda,ipanda50,giant panda,session_reid,v046,,145,47:v046,,
47_yingying/47_v046_f000205.jpg,47,1451,train,panda,ipanda50,giant panda,session_reid,v046,,205,47:v046,,
47_yingying/47_v046_f000795.jpg,47,1451,train,panda,ipanda50,giant panda,session_reid,v046,,795,47:v046,,
47_yingying/47_v046_f001200.jpg,47,1451,train,panda,ipanda50,giant panda,session_reid,v046,,1200,47:v046,,
47_yingying/47_v046_f001295.jpg,47,1451,train,panda,ipanda50,giant panda,session_reid,v046,,1295,47:v046,,
47_yingying/47_v046_f001610.jpg,47,1451,train,panda,ipanda50,giant panda,session_reid,v046,,1610,47:v046,,
47_yingying/47_v046_f002040.jpg,47,1451,train,panda,ipanda50,giant panda,session_reid,v046,,2040,47:v046,,
47_yingying/47_v049_f000425.jpg,47,1452,train,panda,ipanda50,giant panda,session_reid,v049,,425,47:v049,,
47_yingying/47_v049_f000510.jpg,47,1452,train,panda,ipanda50,giant panda,session_reid,v049,,510,47:v049,,
47_yingying/47_v049_f000935.jpg,47,1452,train,panda,ipanda50,giant panda,session_reid,v049,,935,47:v049,,
47_yingying/47_v049_f001530.jpg,47,1452,train,panda,ipanda50,giant panda,session_reid,v049,,1530,47:v049,,
47_yingying/47_v052_f000350.jpg,47,1453,train,panda,ipanda50,giant panda,session_reid,v052,,350,47:v052,,
47_yingying/47_v052_f000490.jpg,47,1453,train,panda,ipanda50,giant panda,session_reid,v052,,490,47:v052,,
47_yingying/47_v052_f001435.jpg,47,1453,train,panda,ipanda50,giant panda,session_reid,v052,,1435,47:v052,,
47_yingying/47_v052_f001470.jpg,47,1453,train,panda,ipanda50,giant panda,session_reid,v052,,1470,47:v052,,
47_yingying/47_v055_f001020.jpg,47,1454,train,panda,ipanda50,giant panda,session_reid,v055,,1020,47:v055,,
47_yingying/47_v057_f000005.jpg,47,1455,train,panda,ipanda50,giant panda,session_reid,v057,,5,47:v057,,
47_yingying/47_v057_f000845.jpg,47,1455,train,panda,ipanda50,giant panda,session_reid,v057,,845,47:v057,,
47_yingying/47_v057_f001360.jpg,47,1455,train,panda,ipanda50,giant panda,session_reid,v057,,1360,47:v057,,
47_yingying/47_v057_f001505.jpg,47,1455,train,panda,ipanda50,giant panda,session_reid,v057,,1505,47:v057,,
47_yingying/47_v057_f002940.jpg,47,1455,train,panda,ipanda50,giant panda,session_reid,v057,,2940,47:v057,,
47_yingying/47_v057_f003430.jpg,47,1455,train,panda,ipanda50,giant panda,session_reid,v057,,3430,47:v057,,
47_yingying/47_v058_f002205.jpg,47,1456,train,panda,ipanda50,giant panda,session_reid,v058,,2205,47:v058,,
47_yingying/47_v058_f002520.jpg,47,1456,train,panda,ipanda50,giant panda,session_reid,v058,,2520,47:v058,,
47_yingying/47_v058_f002835.jpg,47,1456,train,panda,ipanda50,giant panda,session_reid,v058,,2835,47:v058,,
47_yingying/47_v059_f001050.jpg,47,1457,train,panda,ipanda50,giant panda,session_reid,v059,,1050,47:v059,,
47_yingying/47_v059_f001190.jpg,47,1457,train,panda,ipanda50,giant panda,session_reid,v059,,1190,47:v059,,
47_yingying/47_v060_f000420.jpg,47,1458,train,panda,ipanda50,giant panda,session_reid,v060,,420,47:v060,,
47_yingying/47_v060_f000540.jpg,47,1458,train,panda,ipanda50,giant panda,session_reid,v060,,540,47:v060,,
47_yingying/47_v061_f000025.jpg,47,1459,train,panda,ipanda50,giant panda,session_reid,v061,,25,47:v061,,
47_yingying/47_v061_f000225.jpg,47,1459,train,panda,ipanda50,giant panda,session_reid,v061,,225,47:v061,,
47_yingying/47_v061_f000925.jpg,47,1459,train,panda,ipanda50,giant panda,session_reid,v061,,925,47:v061,,
47_yingying/47_v062_f000780.jpg,47,1460,train,panda,ipanda50,giant panda,session_reid,v062,,780,47:v062,,
47_yingying/47_v062_f002280.jpg,47,1460,train,panda,ipanda50,giant panda,session_reid,v062,,2280,47:v062,,
47_yingying/47_v063_f000015.jpg,47,1461,train,panda,ipanda50,giant panda,session_reid,v063,,15,47:v063,,
47_yingying/47_v063_f000585.jpg,47,1461,train,panda,ipanda50,giant panda,session_reid,v063,,585,47:v063,,
47_yingying/47_v064_f000275.jpg,47,1462,train,panda,ipanda50,giant panda,session_reid,v064,,275,47:v064,,
47_yingying/47_v064_f000625.jpg,47,1462,train,panda,ipanda50,giant panda,session_reid,v064,,625,47:v064,,
47_yingying/47_v066_f000085.jpg,47,1463,train,panda,ipanda50,giant panda,session_reid,v066,,85,47:v066,,
47_yingying/47_v066_f001870.jpg,47,1463,train,panda,ipanda50,giant panda,session_reid,v066,,1870,47:v066,,
47_yingying/47_v066_f005270.jpg,47,1463,train,panda,ipanda50,giant panda,session_reid,v066,,5270,47:v066,,
47_yingying/47_v066_f005525.jpg,47,1463,train,panda,ipanda50,giant panda,session_reid,v066,,5525,47:v066,,
47_yingying/47_v067_f000120.jpg,47,1464,train,panda,ipanda50,giant panda,session_reid,v067,,120,47:v067,,
47_yingying/47_v067_f003000.jpg,47,1464,train,panda,ipanda50,giant panda,session_reid,v067,,3000,47:v067,,
47_yingying/47_v068_f000090.jpg,47,1465,train,panda,ipanda50,giant panda,session_reid,v068,,90,47:v068,,
47_yingying/47_v068_f000135.jpg,47,1465,train,panda,ipanda50,giant panda,session_reid,v068,,135,47:v068,,
47_yingying/47_v068_f000945.jpg,47,1465,train,panda,ipanda50,giant panda,session_reid,v068,,945,47:v068,,
47_yingying/47_v068_f001710.jpg,47,1465,train,panda,ipanda50,giant panda,session_reid,v068,,1710,47:v068,,
47_yingying/47_v068_f002610.jpg,47,1465,train,panda,ipanda50,giant panda,session_reid,v068,,2610,47:v068,,
47_yingying/47_v068_f002970.jpg,47,1465,train,panda,ipanda50,giant panda,session_reid,v068,,2970,47:v068,,
47_yingying/47_v069_f000225.jpg,47,1466,train,panda,ipanda50,giant panda,session_reid,v069,,225,47:v069,,
47_yingying/47_v071_f000005.jpg,47,1467,train,panda,ipanda50,giant panda,session_reid,v071,,5,47:v071,,
47_yingying/47_v071_f001295.jpg,47,1467,train,panda,ipanda50,giant panda,session_reid,v071,,1295,47:v071,,
47_yingying/47_v071_f001855.jpg,47,1467,train,panda,ipanda50,giant panda,session_reid,v071,,1855,47:v071,,
47_yingying/47_v071_f001995.jpg,47,1467,train,panda,ipanda50,giant panda,session_reid,v071,,1995,47:v071,,
47_yingying/47_v072_f000005.jpg,47,1468,train,panda,ipanda50,giant panda,session_reid,v072,,5,47:v072,,
47_yingying/47_v072_f000210.jpg,47,1468,train,panda,ipanda50,giant panda,session_reid,v072,,210,47:v072,,
47_yingying/47_v072_f000270.jpg,47,1468,train,panda,ipanda50,giant panda,session_reid,v072,,270,47:v072,,
47_yingying/47_v072_f000310.jpg,47,1468,train,panda,ipanda50,giant panda,session_reid,v072,,310,47:v072,,
47_yingying/47_v072_f000505.jpg,47,1468,train,panda,ipanda50,giant panda,session_reid,v072,,505,47:v072,,
47_yingying/47_v073_f000765.jpg,47,1469,train,panda,ipanda50,giant panda,session_reid,v073,,765,47:v073,,
47_yingying/47_v073_f000810.jpg,47,1469,train,panda,ipanda50,giant panda,session_reid,v073,,810,47:v073,,
47_yingying/47_v073_f000855.jpg,47,1469,train,panda,ipanda50,giant panda,session_reid,v073,,855,47:v073,,
47_yingying/47_v073_f002385.jpg,47,1469,train,panda,ipanda50,giant panda,session_reid,v073,,2385,47:v073,,
47_yingying/47_v075_f000540.jpg,47,1470,train,panda,ipanda50,giant panda,session_reid,v075,,540,47:v075,,
47_yingying/47_v075_f001320.jpg,47,1470,train,panda,ipanda50,giant panda,session_reid,v075,,1320,47:v075,,
47_yingying/47_v075_f004680.jpg,47,1470,train,panda,ipanda50,giant panda,session_reid,v075,,4680,47:v075,,
47_yingying/47_v077_f000175.jpg,47,1471,train,panda,ipanda50,giant panda,session_reid,v077,,175,47:v077,,
47_yingying/47_v077_f000650.jpg,47,1471,train,panda,ipanda50,giant panda,session_reid,v077,,650,47:v077,,
47_yingying/47_v077_f000950.jpg,47,1471,train,panda,ipanda50,giant panda,session_reid,v077,,950,47:v077,,
47_yingying/47_v077_f001025.jpg,47,1471,train,panda,ipanda50,giant panda,session_reid,v077,,1025,47:v077,,
47_yingying/47_v078_f000060.jpg,47,1472,train,panda,ipanda50,giant panda,session_reid,v078,,60,47:v078,,
47_yingying/47_v078_f000180.jpg,47,1472,train,panda,ipanda50,giant panda,session_reid,v078,,180,47:v078,,
47_yingying/47_v078_f001320.jpg,47,1472,train,panda,ipanda50,giant panda,session_reid,v078,,1320,47:v078,,
47_yingying/47_v081_f000765.jpg,47,1473,train,panda,ipanda50,giant panda,session_reid,v081,,765,47:v081,,
47_yingying/47_v081_f002550.jpg,47,1473,train,panda,ipanda50,giant panda,session_reid,v081,,2550,47:v081,,
47_yingying/47_v081_f003485.jpg,47,1473,train,panda,ipanda50,giant panda,session_reid,v081,,3485,47:v081,,
47_yingying/47_v081_f005270.jpg,47,1473,train,panda,ipanda50,giant panda,session_reid,v081,,5270,47:v081,,
47_yingying/47_v082_f000425.jpg,47,1474,train,panda,ipanda50,giant panda,session_reid,v082,,425,47:v082,,
47_yingying/47_v083_f000175.jpg,47,1475,train,panda,ipanda50,giant panda,session_reid,v083,,175,47:v083,,
47_yingying/47_v084_f000225.jpg,47,1476,train,panda,ipanda50,giant panda,session_reid,v084,,225,47:v084,,
47_yingying/47_v084_f000850.jpg,47,1476,train,panda,ipanda50,giant panda,session_reid,v084,,850,47:v084,,
47_yingying/47_v085_f000270.jpg,47,1477,train,panda,ipanda50,giant panda,session_reid,v085,,270,47:v085,,
47_yingying/47_v085_f002925.jpg,47,1477,train,panda,ipanda50,giant panda,session_reid,v085,,2925,47:v085,,
47_yingying/47_v086_f000090.jpg,47,1478,train,panda,ipanda50,giant panda,session_reid,v086,,90,47:v086,,
47_yingying/47_v087_f003230.jpg,47,1479,train,panda,ipanda50,giant panda,session_reid,v087,,3230,47:v087,,
47_yingying/47_v093_f000450.jpg,47,1480,train,panda,ipanda50,giant panda,session_reid,v093,,450,47:v093,,
47_yingying/47_v094_f000350.jpg,47,1481,train,panda,ipanda50,giant panda,session_reid,v094,,350,47:v094,,
47_yingying/47_v094_f001225.jpg,47,1481,train,panda,ipanda50,giant panda,session_reid,v094,,1225,47:v094,,
47_yingying/47_v097_f005160.jpg,47,1482,train,panda,ipanda50,giant panda,session_reid,v097,,5160,47:v097,,
47_yingying/47_v098_f003480.jpg,47,1483,train,panda,ipanda50,giant panda,session_reid,v098,,3480,47:v098,,
47_yingying/47_v098_f003540.jpg,47,1483,train,panda,ipanda50,giant panda,session_reid,v098,,3540,47:v098,,
47_yingying/47_v099_f000250.jpg,47,1484,train,panda,ipanda50,giant panda,session_reid,v099,,250,47:v099,,
47_yingying/47_v099_f000650.jpg,47,1484,train,panda,ipanda50,giant panda,session_reid,v099,,650,47:v099,,
47_yingying/47_v102_f000125.jpg,47,1485,train,panda,ipanda50,giant panda,session_reid,v102,,125,47:v102,,
47_yingying/47_v102_f000425.jpg,47,1485,train,panda,ipanda50,giant panda,session_reid,v102,,425,47:v102,,
47_yingying/47_v102_f000725.jpg,47,1485,train,panda,ipanda50,giant panda,session_reid,v102,,725,47:v102,,
47_yingying/47_v103_f000005.jpg,47,1486,train,panda,ipanda50,giant panda,session_reid,v103,,5,47:v103,,
47_yingying/47_v109_f000630.jpg,47,1487,train,panda,ipanda50,giant panda,session_reid,v109,,630,47:v109,,
47_yingying/47_v109_f001350.jpg,47,1487,train,panda,ipanda50,giant panda,session_reid,v109,,1350,47:v109,,
47_yingying/47_v112_f000405.jpg,47,1488,train,panda,ipanda50,giant panda,session_reid,v112,,405,47:v112,,
47_yingying/47_v114_f002700.jpg,47,1489,train,panda,ipanda50,giant panda,session_reid,v114,,2700,47:v114,,
47_yingying/47_v114_f003240.jpg,47,1489,train,panda,ipanda50,giant panda,session_reid,v114,,3240,47:v114,,
47_yingying/47_v115_f001260.jpg,47,1490,train,panda,ipanda50,giant panda,session_reid,v115,,1260,47:v115,,
47_yingying/47_v118_f000240.jpg,47,1491,train,panda,ipanda50,giant panda,session_reid,v118,,240,47:v118,,
47_yingying/47_v118_f001390.jpg,47,1491,train,panda,ipanda50,giant panda,session_reid,v118,,1390,47:v118,,
47_yingying/47_v120_f000450.jpg,47,1492,train,panda,ipanda50,giant panda,session_reid,v120,,450,47:v120,,
47_yingying/47_v122_f000765.jpg,47,1493,train,panda,ipanda50,giant panda,session_reid,v122,,765,47:v122,,
47_yingying/47_v122_f003570.jpg,47,1493,train,panda,ipanda50,giant panda,session_reid,v122,,3570,47:v122,,
47_yingying/47_v123_f003060.jpg,47,1494,train,panda,ipanda50,giant panda,session_reid,v123,,3060,47:v123,,
47_yingying/47_v128_f000005.jpg,47,1495,train,panda,ipanda50,giant panda,session_reid,v128,,5,47:v128,,
47_yingying/47_v128_f000895.jpg,47,1495,train,panda,ipanda50,giant panda,session_reid,v128,,895,47:v128,,
47_yingying/47_v128_f001155.jpg,47,1495,train,panda,ipanda50,giant panda,session_reid,v128,,1155,47:v128,,
47_yingying/47_v128_f001455.jpg,47,1495,train,panda,ipanda50,giant panda,session_reid,v128,,1455,47:v128,,
47_yingying/47_v138_f000220.jpg,47,1496,train,panda,ipanda50,giant panda,session_reid,v138,,220,47:v138,,
47_yingying/47_v145_f000005.jpg,47,1497,train,panda,ipanda50,giant panda,session_reid,v145,,5,47:v145,,
47_yingying/47_v162_f000005.jpg,47,1498,train,panda,ipanda50,giant panda,session_reid,v162,,5,47:v162,,
47_yingying/47_v162_f000035.jpg,47,1498,train,panda,ipanda50,giant panda,session_reid,v162,,35,47:v162,,
47_yingying/47_v162_f000105.jpg,47,1498,train,panda,ipanda50,giant panda,session_reid,v162,,105,47:v162,,
47_yingying/47_v162_f001400.jpg,47,1498,train,panda,ipanda50,giant panda,session_reid,v162,,1400,47:v162,,
47_yingying/47_v164_f000005.jpg,47,1499,train,panda,ipanda50,giant panda,session_reid,v164,,5,47:v164,,
47_yingying/47_v164_f001915.jpg,47,1499,train,panda,ipanda50,giant panda,session_reid,v164,,1915,47:v164,,
47_yingying/47_v164_f004370.jpg,47,1499,train,panda,ipanda50,giant panda,session_reid,v164,,4370,47:v164,,
47_yingying/47_v164_f004385.jpg,47,1499,train,panda,ipanda50,giant panda,session_reid,v164,,4385,47:v164,,
47_yingying/47_v164_f005670.jpg,47,1499,train,panda,ipanda50,giant panda,session_reid,v164,,5670,47:v164,,
47_yingying/47_v168_f000005.jpg,47,1500,train,panda,ipanda50,giant panda,session_reid,v168,,5,47:v168,,
47_yingying/47_v168_f000105.jpg,47,1500,train,panda,ipanda50,giant panda,session_reid,v168,,105,47:v168,,
47_yingying/47_v168_f001335.jpg,47,1500,train,panda,ipanda50,giant panda,session_reid,v168,,1335,47:v168,,
47_yingying/47_v175_f000005.jpg,47,1501,train,panda,ipanda50,giant panda,session_reid,v175,,5,47:v175,,
47_yingying/47_v175_f002330.jpg,47,1501,train,panda,ipanda50,giant panda,session_reid,v175,,2330,47:v175,,
47_yingying/47_v175_f002370.jpg,47,1501,train,panda,ipanda50,giant panda,session_reid,v175,,2370,47:v175,,
47_yingying/47_v178_f000005.jpg,47,1502,train,panda,ipanda50,giant panda,session_reid,v178,,5,47:v178,,
47_yingying/47_v195_f000005.jpg,47,1503,train,panda,ipanda50,giant panda,session_reid,v195,,5,47:v195,,
47_yingying/47_v208_f000005.jpg,47,1504,train,panda,ipanda50,giant panda,session_reid,v208,,5,47:v208,,
47_yingying/47_v208_f000530.jpg,47,1504,train,panda,ipanda50,giant panda,session_reid,v208,,530,47:v208,,
47_yingying/47_v208_f000585.jpg,47,1504,train,panda,ipanda50,giant panda,session_reid,v208,,585,47:v208,,
47_yingying/47_v210_f000005.jpg,47,1505,train,panda,ipanda50,giant panda,session_reid,v210,,5,47:v210,,
47_yingying/47_v210_f000040.jpg,47,1505,train,panda,ipanda50,giant panda,session_reid,v210,,40,47:v210,,
47_yingying/47_v210_f000895.jpg,47,1505,train,panda,ipanda50,giant panda,session_reid,v210,,895,47:v210,,
47_yingying/47_v229_f000005.jpg,47,1506,train,panda,ipanda50,giant panda,session_reid,v229,,5,47:v229,,
47_yingying/47_v229_f002425.jpg,47,1506,train,panda,ipanda50,giant panda,session_reid,v229,,2425,47:v229,,
47_yingying/47_v229_f002550.jpg,47,1506,train,panda,ipanda50,giant panda,session_reid,v229,,2550,47:v229,,
47_yingying/47_v229_f003455.jpg,47,1506,train,panda,ipanda50,giant panda,session_reid,v229,,3455,47:v229,,
47_yingying/47_v229_f003555.jpg,47,1506,train,panda,ipanda50,giant panda,session_reid,v229,,3555,47:v229,,
47_yingying/47_v229_f003740.jpg,47,1506,train,panda,ipanda50,giant panda,session_reid,v229,,3740,47:v229,,
47_yingying/47_v229_f003925.jpg,47,1506,train,panda,ipanda50,giant panda,session_reid,v229,,3925,47:v229,,
47_yingying/47_v253_f000005.jpg,47,1507,train,panda,ipanda50,giant panda,session_reid,v253,,5,47:v253,,
47_yingying/47_v253_f002270.jpg,47,1507,train,panda,ipanda50,giant panda,session_reid,v253,,2270,47:v253,,
47_yingying/47_v253_f002295.jpg,47,1507,train,panda,ipanda50,giant panda,session_reid,v253,,2295,47:v253,,
47_yingying/47_v253_f002650.jpg,47,1507,train,panda,ipanda50,giant panda,session_reid,v253,,2650,47:v253,,
47_yingying/47_v253_f002745.jpg,47,1507,train,panda,ipanda50,giant panda,session_reid,v253,,2745,47:v253,,
47_yingying/47_v280_f000005.jpg,47,1508,train,panda,ipanda50,giant panda,session_reid,v280,,5,47:v280,,
47_yingying/47_v280_f000160.jpg,47,1508,train,panda,ipanda50,giant panda,session_reid,v280,,160,47:v280,,
47_yingying/47_v280_f000175.jpg,47,1508,train,panda,ipanda50,giant panda,session_reid,v280,,175,47:v280,,
47_yingying/47_v280_f000570.jpg,47,1508,train,panda,ipanda50,giant panda,session_reid,v280,,570,47:v280,,
47_yingying/47_v280_f000650.jpg,47,1508,train,panda,ipanda50,giant panda,session_reid,v280,,650,47:v280,,
47_yingying/47_v280_f000750.jpg,47,1508,train,panda,ipanda50,giant panda,session_reid,v280,,750,47:v280,,
47_yingying/47_v280_f001170.jpg,47,1508,train,panda,ipanda50,giant panda,session_reid,v280,,1170,47:v280,,
47_yingying/47_v280_f002505.jpg,47,1508,train,panda,ipanda50,giant panda,session_reid,v280,,2505,47:v280,,
47_yingying/47_v280_f002610.jpg,47,1508,train,panda,ipanda50,giant panda,session_reid,v280,,2610,47:v280,,
47_yingying/47_v280_f002665.jpg,47,1508,train,panda,ipanda50,giant panda,session_reid,v280,,2665,47:v280,,
47_yingying/47_v280_f002755.jpg,47,1508,train,panda,ipanda50,giant panda,session_reid,v280,,2755,47:v280,,
47_yingying/47_v280_f003445.jpg,47,1508,train,panda,ipanda50,giant panda,session_reid,v280,,3445,47:v280,,
47_yingying/47_v280_f003515.jpg,47,1508,train,panda,ipanda50,giant panda,session_reid,v280,,3515,47:v280,,
47_yingying/47_v280_f003680.jpg,47,1508,train,panda,ipanda50,giant panda,session_reid,v280,,3680,47:v280,,
47_yingying/47_v280_f004560.jpg,47,1508,train,panda,ipanda50,giant panda,session_reid,v280,,4560,47:v280,,
47_yingying/47_v283_f000005.jpg,47,1509,train,panda,ipanda50,giant panda,session_reid,v283,,5,47:v283,,
47_yingying/47_v283_f001180.jpg,47,1509,train,panda,ipanda50,giant panda,session_reid,v283,,1180,47:v283,,
47_yingying/47_v283_f002505.jpg,47,1509,train,panda,ipanda50,giant panda,session_reid,v283,,2505,47:v283,,
47_yingying/47_v284_f000005.jpg,47,1510,train,panda,ipanda50,giant panda,session_reid,v284,,5,47:v284,,
47_yingying/47_v286_f000005.jpg,47,1511,train,panda,ipanda50,giant panda,session_reid,v286,,5,47:v286,,
47_yingying/47_v311_f000005.jpg,47,1512,train,panda,ipanda50,giant panda,session_reid,v311,,5,47:v311,,
47_yingying/47_v311_f000250.jpg,47,1512,train,panda,ipanda50,giant panda,session_reid,v311,,250,47:v311,,
47_yingying/47_v319_f000025.jpg,47,1513,train,panda,ipanda50,giant panda,session_reid,v319,,25,47:v319,,
47_yingying/47_v338_f000005.jpg,47,1514,train,panda,ipanda50,giant panda,session_reid,v338,,5,47:v338,,
47_yingying/47_v338_f000605.jpg,47,1514,train,panda,ipanda50,giant panda,session_reid,v338,,605,47:v338,,
47_yingying/47_v349_f000005.jpg,47,1515,train,panda,ipanda50,giant panda,session_reid,v349,,5,47:v349,,
47_yingying/47_v349_f000350.jpg,47,1515,train,panda,ipanda50,giant panda,session_reid,v349,,350,47:v349,,
47_yingying/47_v350_f000005.jpg,47,1516,train,panda,ipanda50,giant panda,session_reid,v350,,5,47:v350,,
47_yingying/47_v365_f000400.jpg,47,1517,train,panda,ipanda50,giant panda,session_reid,v365,,400,47:v365,,
47_yingying/47_v369_f000005.jpg,47,1518,train,panda,ipanda50,giant panda,session_reid,v369,,5,47:v369,,
47_yingying/47_v369_f001585.jpg,47,1518,train,panda,ipanda50,giant panda,session_reid,v369,,1585,47:v369,,
47_yingying/47_v406_f000005.jpg,47,1519,train,panda,ipanda50,giant panda,session_reid,v406,,5,47:v406,,
47_yingying/47_v409_f000755.jpg,47,1520,train,panda,ipanda50,giant panda,session_reid,v409,,755,47:v409,,
47_yingying/47_v409_f001925.jpg,47,1520,train,panda,ipanda50,giant panda,session_reid,v409,,1925,47:v409,,
47_yingying/47_v409_f002000.jpg,47,1520,train,panda,ipanda50,giant panda,session_reid,v409,,2000,47:v409,,
47_yingying/47_v409_f002685.jpg,47,1520,train,panda,ipanda50,giant panda,session_reid,v409,,2685,47:v409,,
47_yingying/47_v409_f004790.jpg,47,1520,train,panda,ipanda50,giant panda,session_reid,v409,,4790,47:v409,,
47_yingying/47_v409_f005020.jpg,47,1520,train,panda,ipanda50,giant panda,session_reid,v409,,5020,47:v409,,
47_yingying/47_v409_f005240.jpg,47,1520,train,panda,ipanda50,giant panda,session_reid,v409,,5240,47:v409,,
48_yongbang/48_v002_f001500.jpg,48,1521,train,panda,ipanda50,giant panda,session_reid,v002,,1500,48:v002,,
48_yongbang/48_v003_f002915.jpg,48,1522,train,panda,ipanda50,giant panda,session_reid,v003,,2915,48:v003,,
48_yongbang/48_v005_f004590.jpg,48,1523,train,panda,ipanda50,giant panda,session_reid,v005,,4590,48:v005,,
48_yongbang/48_v005_f008325.jpg,48,1523,train,panda,ipanda50,giant panda,session_reid,v005,,8325,48:v005,,
48_yongbang/48_v006_f000360.jpg,48,1524,train,panda,ipanda50,giant panda,session_reid,v006,,360,48:v006,,
48_yongbang/48_v008_f000005.jpg,48,1525,train,panda,ipanda50,giant panda,session_reid,v008,,5,48:v008,,
48_yongbang/48_v008_f000955.jpg,48,1525,train,panda,ipanda50,giant panda,session_reid,v008,,955,48:v008,,
48_yongbang/48_v008_f000990.jpg,48,1525,train,panda,ipanda50,giant panda,session_reid,v008,,990,48:v008,,
48_yongbang/48_v010_f000005.jpg,48,1526,train,panda,ipanda50,giant panda,session_reid,v010,,5,48:v010,,
48_yongbang/48_v010_f000060.jpg,48,1526,train,panda,ipanda50,giant panda,session_reid,v010,,60,48:v010,,
48_yongbang/48_v010_f000265.jpg,48,1526,train,panda,ipanda50,giant panda,session_reid,v010,,265,48:v010,,
48_yongbang/48_v010_f000700.jpg,48,1526,train,panda,ipanda50,giant panda,session_reid,v010,,700,48:v010,,
48_yongbang/48_v011_f002335.jpg,48,1527,train,panda,ipanda50,giant panda,session_reid,v011,,2335,48:v011,,
48_yongbang/48_v011_f006085.jpg,48,1527,train,panda,ipanda50,giant panda,session_reid,v011,,6085,48:v011,,
48_yongbang/48_v012_f000185.jpg,48,1528,train,panda,ipanda50,giant panda,session_reid,v012,,185,48:v012,,
48_yongbang/48_v012_f000675.jpg,48,1528,train,panda,ipanda50,giant panda,session_reid,v012,,675,48:v012,,
48_yongbang/48_v012_f002295.jpg,48,1528,train,panda,ipanda50,giant panda,session_reid,v012,,2295,48:v012,,
48_yongbang/48_v013_f000650.jpg,48,1529,train,panda,ipanda50,giant panda,session_reid,v013,,650,48:v013,,
48_yongbang/48_v014_f000005.jpg,48,1530,train,panda,ipanda50,giant panda,session_reid,v014,,5,48:v014,,
48_yongbang/48_v015_f001485.jpg,48,1531,train,panda,ipanda50,giant panda,session_reid,v015,,1485,48:v015,,
48_yongbang/48_v015_f001665.jpg,48,1531,train,panda,ipanda50,giant panda,session_reid,v015,,1665,48:v015,,
48_yongbang/48_v016_f000090.jpg,48,1532,train,panda,ipanda50,giant panda,session_reid,v016,,90,48:v016,,
48_yongbang/48_v017_f000005.jpg,48,1533,train,panda,ipanda50,giant panda,session_reid,v017,,5,48:v017,,
48_yongbang/48_v018_f003455.jpg,48,1534,train,panda,ipanda50,giant panda,session_reid,v018,,3455,48:v018,,
48_yongbang/48_v018_f003720.jpg,48,1534,train,panda,ipanda50,giant panda,session_reid,v018,,3720,48:v018,,
48_yongbang/48_v018_f009605.jpg,48,1534,train,panda,ipanda50,giant panda,session_reid,v018,,9605,48:v018,,
48_yongbang/48_v018_f010505.jpg,48,1534,train,panda,ipanda50,giant panda,session_reid,v018,,10505,48:v018,,
48_yongbang/48_v019_f000200.jpg,48,1535,train,panda,ipanda50,giant panda,session_reid,v019,,200,48:v019,,
48_yongbang/48_v019_f001485.jpg,48,1535,train,panda,ipanda50,giant panda,session_reid,v019,,1485,48:v019,,
48_yongbang/48_v020_f000725.jpg,48,1536,train,panda,ipanda50,giant panda,session_reid,v020,,725,48:v020,,
48_yongbang/48_v022_f000090.jpg,48,1537,train,panda,ipanda50,giant panda,session_reid,v022,,90,48:v022,,
48_yongbang/48_v022_f002025.jpg,48,1537,train,panda,ipanda50,giant panda,session_reid,v022,,2025,48:v022,,
48_yongbang/48_v023_f001400.jpg,48,1538,train,panda,ipanda50,giant panda,session_reid,v023,,1400,48:v023,,
48_yongbang/48_v023_f001515.jpg,48,1538,train,panda,ipanda50,giant panda,session_reid,v023,,1515,48:v023,,
48_yongbang/48_v023_f002560.jpg,48,1538,train,panda,ipanda50,giant panda,session_reid,v023,,2560,48:v023,,
48_yongbang/48_v023_f003245.jpg,48,1538,train,panda,ipanda50,giant panda,session_reid,v023,,3245,48:v023,,
48_yongbang/48_v023_f003340.jpg,48,1538,train,panda,ipanda50,giant panda,session_reid,v023,,3340,48:v023,,
48_yongbang/48_v023_f004335.jpg,48,1538,train,panda,ipanda50,giant panda,session_reid,v023,,4335,48:v023,,
48_yongbang/48_v023_f004425.jpg,48,1538,train,panda,ipanda50,giant panda,session_reid,v023,,4425,48:v023,,
48_yongbang/48_v024_f003220.jpg,48,1539,train,panda,ipanda50,giant panda,session_reid,v024,,3220,48:v024,,
48_yongbang/48_v024_f003825.jpg,48,1539,train,panda,ipanda50,giant panda,session_reid,v024,,3825,48:v024,,
48_yongbang/48_v024_f007950.jpg,48,1539,train,panda,ipanda50,giant panda,session_reid,v024,,7950,48:v024,,
48_yongbang/48_v027_f000005.jpg,48,1540,train,panda,ipanda50,giant panda,session_reid,v027,,5,48:v027,,
48_yongbang/48_v027_f000455.jpg,48,1540,train,panda,ipanda50,giant panda,session_reid,v027,,455,48:v027,,
48_yongbang/48_v027_f000705.jpg,48,1540,train,panda,ipanda50,giant panda,session_reid,v027,,705,48:v027,,
48_yongbang/48_v029_f000035.jpg,48,1541,train,panda,ipanda50,giant panda,session_reid,v029,,35,48:v029,,
48_yongbang/48_v030_f001250.jpg,48,1542,train,panda,ipanda50,giant panda,session_reid,v030,,1250,48:v030,,
48_yongbang/48_v031_f000225.jpg,48,1543,train,panda,ipanda50,giant panda,session_reid,v031,,225,48:v031,,
48_yongbang/48_v031_f000970.jpg,48,1543,train,panda,ipanda50,giant panda,session_reid,v031,,970,48:v031,,
48_yongbang/48_v031_f006800.jpg,48,1543,train,panda,ipanda50,giant panda,session_reid,v031,,6800,48:v031,,
48_yongbang/48_v033_f000005.jpg,48,1544,train,panda,ipanda50,giant panda,session_reid,v033,,5,48:v033,,
48_yongbang/48_v036_f000825.jpg,48,1545,train,panda,ipanda50,giant panda,session_reid,v036,,825,48:v036,,
48_yongbang/48_v036_f000950.jpg,48,1545,train,panda,ipanda50,giant panda,session_reid,v036,,950,48:v036,,
48_yongbang/48_v038_f000005.jpg,48,1546,train,panda,ipanda50,giant panda,session_reid,v038,,5,48:v038,,
48_yongbang/48_v039_f000270.jpg,48,1547,train,panda,ipanda50,giant panda,session_reid,v039,,270,48:v039,,
48_yongbang/48_v039_f001350.jpg,48,1547,train,panda,ipanda50,giant panda,session_reid,v039,,1350,48:v039,,
48_yongbang/48_v041_f000050.jpg,48,1548,train,panda,ipanda50,giant panda,session_reid,v041,,50,48:v041,,
48_yongbang/48_v041_f000835.jpg,48,1548,train,panda,ipanda50,giant panda,session_reid,v041,,835,48:v041,,
48_yongbang/48_v042_f000615.jpg,48,1549,train,panda,ipanda50,giant panda,session_reid,v042,,615,48:v042,,
48_yongbang/48_v042_f000675.jpg,48,1549,train,panda,ipanda50,giant panda,session_reid,v042,,675,48:v042,,
48_yongbang/48_v043_f001260.jpg,48,1550,train,panda,ipanda50,giant panda,session_reid,v043,,1260,48:v043,,
48_yongbang/48_v045_f000325.jpg,48,1551,train,panda,ipanda50,giant panda,session_reid,v045,,325,48:v045,,
48_yongbang/48_v045_f000775.jpg,48,1551,train,panda,ipanda50,giant panda,session_reid,v045,,775,48:v045,,
48_yongbang/48_v046_f000425.jpg,48,1552,train,panda,ipanda50,giant panda,session_reid,v046,,425,48:v046,,
48_yongbang/48_v046_f002295.jpg,48,1552,train,panda,ipanda50,giant panda,session_reid,v046,,2295,48:v046,,
48_yongbang/48_v046_f006205.jpg,48,1552,train,panda,ipanda50,giant panda,session_reid,v046,,6205,48:v046,,
48_yongbang/48_v047_f000005.jpg,48,1553,train,panda,ipanda50,giant panda,session_reid,v047,,5,48:v047,,
48_yongbang/48_v048_f001190.jpg,48,1554,train,panda,ipanda50,giant panda,session_reid,v048,,1190,48:v048,,
48_yongbang/48_v048_f003230.jpg,48,1554,train,panda,ipanda50,giant panda,session_reid,v048,,3230,48:v048,,
48_yongbang/48_v048_f007990.jpg,48,1554,train,panda,ipanda50,giant panda,session_reid,v048,,7990,48:v048,,
48_yongbang/48_v049_f000350.jpg,48,1555,train,panda,ipanda50,giant panda,session_reid,v049,,350,48:v049,,
48_yongbang/48_v051_f001020.jpg,48,1556,train,panda,ipanda50,giant panda,session_reid,v051,,1020,48:v051,,
48_yongbang/48_v051_f002125.jpg,48,1556,train,panda,ipanda50,giant panda,session_reid,v051,,2125,48:v051,,
48_yongbang/48_v052_f000990.jpg,48,1557,train,panda,ipanda50,giant panda,session_reid,v052,,990,48:v052,,
48_yongbang/48_v052_f001395.jpg,48,1557,train,panda,ipanda50,giant panda,session_reid,v052,,1395,48:v052,,
48_yongbang/48_v053_f000850.jpg,48,1558,train,panda,ipanda50,giant panda,session_reid,v053,,850,48:v053,,
48_yongbang/48_v053_f006705.jpg,48,1558,train,panda,ipanda50,giant panda,session_reid,v053,,6705,48:v053,,
48_yongbang/48_v053_f013150.jpg,48,1558,train,panda,ipanda50,giant panda,session_reid,v053,,13150,48:v053,,
48_yongbang/48_v054_f003060.jpg,48,1559,train,panda,ipanda50,giant panda,session_reid,v054,,3060,48:v054,,
48_yongbang/48_v054_f006290.jpg,48,1559,train,panda,ipanda50,giant panda,session_reid,v054,,6290,48:v054,,
48_yongbang/48_v055_f000005.jpg,48,1560,train,panda,ipanda50,giant panda,session_reid,v055,,5,48:v055,,
48_yongbang/48_v055_f000145.jpg,48,1560,train,panda,ipanda50,giant panda,session_reid,v055,,145,48:v055,,
48_yongbang/48_v058_f000005.jpg,48,1561,train,panda,ipanda50,giant panda,session_reid,v058,,5,48:v058,,
48_yongbang/48_v059_f000425.jpg,48,1562,train,panda,ipanda50,giant panda,session_reid,v059,,425,48:v059,,
48_yongbang/48_v059_f000500.jpg,48,1562,train,panda,ipanda50,giant panda,session_reid,v059,,500,48:v059,,
48_yongbang/48_v059_f001300.jpg,48,1562,train,panda,ipanda50,giant panda,session_reid,v059,,1300,48:v059,,
48_yongbang/48_v060_f000005.jpg,48,1563,train,panda,ipanda50,giant panda,session_reid,v060,,5,48:v060,,
48_yongbang/48_v061_f000850.jpg,48,1564,train,panda,ipanda50,giant panda,session_reid,v061,,850,48:v061,,
48_yongbang/48_v061_f005015.jpg,48,1564,train,panda,ipanda50,giant panda,session_reid,v061,,5015,48:v061,,
48_yongbang/48_v061_f011050.jpg,48,1564,train,panda,ipanda50,giant panda,session_reid,v061,,11050,48:v061,,
48_yongbang/48_v061_f016235.jpg,48,1564,train,panda,ipanda50,giant panda,session_reid,v061,,16235,48:v061,,
48_yongbang/48_v062_f000050.jpg,48,1565,train,panda,ipanda50,giant panda,session_reid,v062,,50,48:v062,,
48_yongbang/48_v062_f000155.jpg,48,1565,train,panda,ipanda50,giant panda,session_reid,v062,,155,48:v062,,
48_yongbang/48_v062_f002020.jpg,48,1565,train,panda,ipanda50,giant panda,session_reid,v062,,2020,48:v062,,
48_yongbang/48_v062_f002275.jpg,48,1565,train,panda,ipanda50,giant panda,session_reid,v062,,2275,48:v062,,
48_yongbang/48_v062_f002360.jpg,48,1565,train,panda,ipanda50,giant panda,session_reid,v062,,2360,48:v062,,
48_yongbang/48_v062_f002445.jpg,48,1565,train,panda,ipanda50,giant panda,session_reid,v062,,2445,48:v062,,
48_yongbang/48_v062_f002480.jpg,48,1565,train,panda,ipanda50,giant panda,session_reid,v062,,2480,48:v062,,
48_yongbang/48_v063_f000770.jpg,48,1566,train,panda,ipanda50,giant panda,session_reid,v063,,770,48:v063,,
48_yongbang/48_v063_f001155.jpg,48,1566,train,panda,ipanda50,giant panda,session_reid,v063,,1155,48:v063,,
48_yongbang/48_v066_f000005.jpg,48,1567,train,panda,ipanda50,giant panda,session_reid,v066,,5,48:v066,,
48_yongbang/48_v066_f001125.jpg,48,1567,train,panda,ipanda50,giant panda,session_reid,v066,,1125,48:v066,,
48_yongbang/48_v066_f001720.jpg,48,1567,train,panda,ipanda50,giant panda,session_reid,v066,,1720,48:v066,,
48_yongbang/48_v066_f001830.jpg,48,1567,train,panda,ipanda50,giant panda,session_reid,v066,,1830,48:v066,,
48_yongbang/48_v066_f002170.jpg,48,1567,train,panda,ipanda50,giant panda,session_reid,v066,,2170,48:v066,,
48_yongbang/48_v066_f002775.jpg,48,1567,train,panda,ipanda50,giant panda,session_reid,v066,,2775,48:v066,,
48_yongbang/48_v072_f000550.jpg,48,1568,train,panda,ipanda50,giant panda,session_reid,v072,,550,48:v072,,
48_yongbang/48_v073_f000005.jpg,48,1569,train,panda,ipanda50,giant panda,session_reid,v073,,5,48:v073,,
48_yongbang/48_v073_f000315.jpg,48,1569,train,panda,ipanda50,giant panda,session_reid,v073,,315,48:v073,,
48_yongbang/48_v073_f001155.jpg,48,1569,train,panda,ipanda50,giant panda,session_reid,v073,,1155,48:v073,,
48_yongbang/48_v073_f001185.jpg,48,1569,train,panda,ipanda50,giant panda,session_reid,v073,,1185,48:v073,,
48_yongbang/48_v073_f001240.jpg,48,1569,train,panda,ipanda50,giant panda,session_reid,v073,,1240,48:v073,,
48_yongbang/48_v073_f001270.jpg,48,1569,train,panda,ipanda50,giant panda,session_reid,v073,,1270,48:v073,,
48_yongbang/48_v073_f001430.jpg,48,1569,train,panda,ipanda50,giant panda,session_reid,v073,,1430,48:v073,,
48_yongbang/48_v073_f001510.jpg,48,1569,train,panda,ipanda50,giant panda,session_reid,v073,,1510,48:v073,,
48_yongbang/48_v073_f004025.jpg,48,1569,train,panda,ipanda50,giant panda,session_reid,v073,,4025,48:v073,,
48_yongbang/48_v073_f005100.jpg,48,1569,train,panda,ipanda50,giant panda,session_reid,v073,,5100,48:v073,,
48_yongbang/48_v073_f005685.jpg,48,1569,train,panda,ipanda50,giant panda,session_reid,v073,,5685,48:v073,,
48_yongbang/48_v074_f000005.jpg,48,1570,train,panda,ipanda50,giant panda,session_reid,v074,,5,48:v074,,
48_yongbang/48_v075_f003420.jpg,48,1571,train,panda,ipanda50,giant panda,session_reid,v075,,3420,48:v075,,
48_yongbang/48_v076_f000005.jpg,48,1572,train,panda,ipanda50,giant panda,session_reid,v076,,5,48:v076,,
48_yongbang/48_v076_f001405.jpg,48,1572,train,panda,ipanda50,giant panda,session_reid,v076,,1405,48:v076,,
48_yongbang/48_v077_f000300.jpg,48,1573,train,panda,ipanda50,giant panda,session_reid,v077,,300,48:v077,,
48_yongbang/48_v079_f001170.jpg,48,1574,train,panda,ipanda50,giant panda,session_reid,v079,,1170,48:v079,,
48_yongbang/48_v081_f000005.jpg,48,1575,train,panda,ipanda50,giant panda,session_reid,v081,,5,48:v081,,
48_yongbang/48_v081_f014740.jpg,48,1575,train,panda,ipanda50,giant panda,session_reid,v081,,14740,48:v081,,
48_yongbang/48_v082_f000245.jpg,48,1576,train,panda,ipanda50,giant panda,session_reid,v082,,245,48:v082,,
48_yongbang/48_v082_f000385.jpg,48,1576,train,panda,ipanda50,giant panda,session_reid,v082,,385,48:v082,,
48_yongbang/48_v085_f000005.jpg,48,1577,train,panda,ipanda50,giant panda,session_reid,v085,,5,48:v085,,
48_yongbang/48_v085_f001005.jpg,48,1577,train,panda,ipanda50,giant panda,session_reid,v085,,1005,48:v085,,
48_yongbang/48_v086_f000005.jpg,48,1578,train,panda,ipanda50,giant panda,session_reid,v086,,5,48:v086,,
48_yongbang/48_v086_f000270.jpg,48,1578,train,panda,ipanda50,giant panda,session_reid,v086,,270,48:v086,,
48_yongbang/48_v087_f000005.jpg,48,1579,train,panda,ipanda50,giant panda,session_reid,v087,,5,48:v087,,
48_yongbang/48_v088_f000005.jpg,48,1580,train,panda,ipanda50,giant panda,session_reid,v088,,5,48:v088,,
48_yongbang/48_v088_f000780.jpg,48,1580,train,panda,ipanda50,giant panda,session_reid,v088,,780,48:v088,,
48_yongbang/48_v091_f000175.jpg,48,1581,train,panda,ipanda50,giant panda,session_reid,v091,,175,48:v091,,
48_yongbang/48_v091_f000515.jpg,48,1581,train,panda,ipanda50,giant panda,session_reid,v091,,515,48:v091,,
48_yongbang/48_v091_f000580.jpg,48,1581,train,panda,ipanda50,giant panda,session_reid,v091,,580,48:v091,,
48_yongbang/48_v091_f001175.jpg,48,1581,train,panda,ipanda50,giant panda,session_reid,v091,,1175,48:v091,,
48_yongbang/48_v091_f001805.jpg,48,1581,train,panda,ipanda50,giant panda,session_reid,v091,,1805,48:v091,,
48_yongbang/48_v092_f000005.jpg,48,1582,train,panda,ipanda50,giant panda,session_reid,v092,,5,48:v092,,
48_yongbang/48_v092_f000180.jpg,48,1582,train,panda,ipanda50,giant panda,session_reid,v092,,180,48:v092,,
48_yongbang/48_v092_f000690.jpg,48,1582,train,panda,ipanda50,giant panda,session_reid,v092,,690,48:v092,,
48_yongbang/48_v097_f000055.jpg,48,1583,train,panda,ipanda50,giant panda,session_reid,v097,,55,48:v097,,
48_yongbang/48_v098_f000225.jpg,48,1584,train,panda,ipanda50,giant panda,session_reid,v098,,225,48:v098,,
48_yongbang/48_v099_f000740.jpg,48,1585,train,panda,ipanda50,giant panda,session_reid,v099,,740,48:v099,,
48_yongbang/48_v099_f004410.jpg,48,1585,train,panda,ipanda50,giant panda,session_reid,v099,,4410,48:v099,,
48_yongbang/48_v099_f004655.jpg,48,1585,train,panda,ipanda50,giant panda,session_reid,v099,,4655,48:v099,,
48_yongbang/48_v102_f000630.jpg,48,1586,train,panda,ipanda50,giant panda,session_reid,v102,,630,48:v102,,
48_yongbang/48_v105_f000365.jpg,48,1587,train,panda,ipanda50,giant panda,session_reid,v105,,365,48:v105,,
48_yongbang/48_v105_f004320.jpg,48,1587,train,panda,ipanda50,giant panda,session_reid,v105,,4320,48:v105,,
48_yongbang/48_v106_f000620.jpg,48,1588,train,panda,ipanda50,giant panda,session_reid,v106,,620,48:v106,,
48_yongbang/48_v106_f000980.jpg,48,1588,train,panda,ipanda50,giant panda,session_reid,v106,,980,48:v106,,
48_yongbang/48_v106_f001530.jpg,48,1588,train,panda,ipanda50,giant panda,session_reid,v106,,1530,48:v106,,
48_yongbang/48_v110_f000850.jpg,48,1589,train,panda,ipanda50,giant panda,session_reid,v110,,850,48:v110,,
48_yongbang/48_v112_f000650.jpg,48,1590,train,panda,ipanda50,giant panda,session_reid,v112,,650,48:v112,,
48_yongbang/48_v113_f000795.jpg,48,1591,train,panda,ipanda50,giant panda,session_reid,v113,,795,48:v113,,
48_yongbang/48_v113_f001115.jpg,48,1591,train,panda,ipanda50,giant panda,session_reid,v113,,1115,48:v113,,
48_yongbang/48_v113_f001955.jpg,48,1591,train,panda,ipanda50,giant panda,session_reid,v113,,1955,48:v113,,
48_yongbang/48_v113_f003275.jpg,48,1591,train,panda,ipanda50,giant panda,session_reid,v113,,3275,48:v113,,
48_yongbang/48_v114_f000765.jpg,48,1592,train,panda,ipanda50,giant panda,session_reid,v114,,765,48:v114,,
48_yongbang/48_v114_f003995.jpg,48,1592,train,panda,ipanda50,giant panda,session_reid,v114,,3995,48:v114,,
48_yongbang/48_v115_f000675.jpg,48,1593,train,panda,ipanda50,giant panda,session_reid,v115,,675,48:v115,,
48_yongbang/48_v115_f000780.jpg,48,1593,train,panda,ipanda50,giant panda,session_reid,v115,,780,48:v115,,
48_yongbang/48_v115_f000800.jpg,48,1593,train,panda,ipanda50,giant panda,session_reid,v115,,800,48:v115,,
48_yongbang/48_v115_f000825.jpg,48,1593,train,panda,ipanda50,giant panda,session_reid,v115,,825,48:v115,,
48_yongbang/48_v115_f000850.jpg,48,1593,train,panda,ipanda50,giant panda,session_reid,v115,,850,48:v115,,
48_yongbang/48_v115_f000980.jpg,48,1593,train,panda,ipanda50,giant panda,session_reid,v115,,980,48:v115,,
48_yongbang/48_v115_f001080.jpg,48,1593,train,panda,ipanda50,giant panda,session_reid,v115,,1080,48:v115,,
48_yongbang/48_v115_f001345.jpg,48,1593,train,panda,ipanda50,giant panda,session_reid,v115,,1345,48:v115,,
48_yongbang/48_v115_f001405.jpg,48,1593,train,panda,ipanda50,giant panda,session_reid,v115,,1405,48:v115,,
48_yongbang/48_v115_f001430.jpg,48,1593,train,panda,ipanda50,giant panda,session_reid,v115,,1430,48:v115,,
48_yongbang/48_v115_f001665.jpg,48,1593,train,panda,ipanda50,giant panda,session_reid,v115,,1665,48:v115,,
48_yongbang/48_v115_f001880.jpg,48,1593,train,panda,ipanda50,giant panda,session_reid,v115,,1880,48:v115,,
48_yongbang/48_v121_f000225.jpg,48,1594,train,panda,ipanda50,giant panda,session_reid,v121,,225,48:v121,,
48_yongbang/48_v121_f002790.jpg,48,1594,train,panda,ipanda50,giant panda,session_reid,v121,,2790,48:v121,,
48_yongbang/48_v122_f000005.jpg,48,1595,train,panda,ipanda50,giant panda,session_reid,v122,,5,48:v122,,
48_yongbang/48_v127_f003545.jpg,48,1596,train,panda,ipanda50,giant panda,session_reid,v127,,3545,48:v127,,
48_yongbang/48_v131_f000615.jpg,48,1597,train,panda,ipanda50,giant panda,session_reid,v131,,615,48:v131,,
48_yongbang/48_v131_f000840.jpg,48,1597,train,panda,ipanda50,giant panda,session_reid,v131,,840,48:v131,,
48_yongbang/48_v134_f000005.jpg,48,1598,train,panda,ipanda50,giant panda,session_reid,v134,,5,48:v134,,
48_yongbang/48_v134_f001270.jpg,48,1598,train,panda,ipanda50,giant panda,session_reid,v134,,1270,48:v134,,
48_yongbang/48_v134_f002105.jpg,48,1598,train,panda,ipanda50,giant panda,session_reid,v134,,2105,48:v134,,
48_yongbang/48_v136_f000105.jpg,48,1599,train,panda,ipanda50,giant panda,session_reid,v136,,105,48:v136,,
48_yongbang/48_v136_f001855.jpg,48,1599,train,panda,ipanda50,giant panda,session_reid,v136,,1855,48:v136,,
48_yongbang/48_v136_f001920.jpg,48,1599,train,panda,ipanda50,giant panda,session_reid,v136,,1920,48:v136,,
48_yongbang/48_v136_f002055.jpg,48,1599,train,panda,ipanda50,giant panda,session_reid,v136,,2055,48:v136,,
48_yongbang/48_v136_f002135.jpg,48,1599,train,panda,ipanda50,giant panda,session_reid,v136,,2135,48:v136,,
48_yongbang/48_v136_f002260.jpg,48,1599,train,panda,ipanda50,giant panda,session_reid,v136,,2260,48:v136,,
48_yongbang/48_v138_f001225.jpg,48,1600,train,panda,ipanda50,giant panda,session_reid,v138,,1225,48:v138,,
48_yongbang/48_v138_f002290.jpg,48,1600,train,panda,ipanda50,giant panda,session_reid,v138,,2290,48:v138,,
48_yongbang/48_v138_f002465.jpg,48,1600,train,panda,ipanda50,giant panda,session_reid,v138,,2465,48:v138,,
48_yongbang/48_v140_f000005.jpg,48,1601,train,panda,ipanda50,giant panda,session_reid,v140,,5,48:v140,,
48_yongbang/48_v143_f000015.jpg,48,1602,train,panda,ipanda50,giant panda,session_reid,v143,,15,48:v143,,
48_yongbang/48_v143_f001580.jpg,48,1602,train,panda,ipanda50,giant panda,session_reid,v143,,1580,48:v143,,
48_yongbang/48_v150_f000010.jpg,48,1603,train,panda,ipanda50,giant panda,session_reid,v150,,10,48:v150,,
48_yongbang/48_v150_f000285.jpg,48,1603,train,panda,ipanda50,giant panda,session_reid,v150,,285,48:v150,,
49_yuanrun/49_20150206-085020_幼年园_园润倒退下坡，思一连忙追赶_595.jpg,49,1604,train,panda,ipanda50,giant panda,session_reid,20150206-085020_幼年园_园润倒退下坡，思一连忙追赶,,595,49:20150206-085020_幼年园_园润倒退下坡，思一连忙追赶,,
49_yuanrun/49_20150206-085020_幼年园_园润倒退下坡，思一连忙追赶_665.jpg,49,1604,train,panda,ipanda50,giant panda,session_reid,20150206-085020_幼年园_园润倒退下坡，思一连忙追赶,,665,49:20150206-085020_幼年园_园润倒退下坡，思一连忙追赶,,
49_yuanrun/49_20150303-110300_س×ؤê_ش°بَ±كؤسر÷±ك؟ذيµيµئ¨¹ة_1.jpg,49,1605,train,panda,ipanda50,giant panda,session_reid,20150303-110300_س×ؤê_ش°بَ±كؤسر÷±ك؟ذيµيµئ¨¹ة,,1,49:20150303-110300_س×ؤê_ش°بَ±كؤسر÷±ك؟ذيµيµئ¨¹ة,,
49_yuanrun/49_20150303-110300_س×ؤê_ش°بَ±كؤسر÷±ك؟ذيµيµئ¨¹ة_1655.jpg,49,1605,train,panda,ipanda50,giant panda,session_reid,20150303-110300_س×ؤê_ش°بَ±كؤسر÷±ك؟ذيµيµئ¨¹ة,,1655,49:20150303-110300_س×ؤê_ش°بَ±كؤسر÷±ك؟ذيµيµئ¨¹ة,,
49_yuanrun/49_20150303-110300_س×ؤê_ش°بَ±كؤسر÷±ك؟ذيµيµئ¨¹ة_2080.jpg,49,1605,train,panda,ipanda50,giant panda,session_reid,20150303-110300_س×ؤê_ش°بَ±كؤسر÷±ك؟ذيµيµئ¨¹ة,,2080,49:20150303-110300_س×ؤê_ش°بَ±كؤسر÷±ك؟ذيµيµئ¨¹ة,,
49_yuanrun/49_20150303-110300_س×ؤê_ش°بَ±كؤسر÷±ك؟ذيµيµئ¨¹ة_925.jpg,49,1605,train,panda,ipanda50,giant panda,session_reid,20150303-110300_س×ؤê_ش°بَ±كؤسر÷±ك؟ذيµيµئ¨¹ة,,925,49:20150303-110300_س×ؤê_ش°بَ±كؤسر÷±ك؟ذيµيµئ¨¹ة,,
49_yuanrun/49_20150401-101005_س×ؤêش°_ش°بَ؟ة°®أبأبث¯×ث_1.jpg,49,1606,train,panda,ipanda50,giant panda,session_reid,20150401-101005_س×ؤêش°_ش°بَ؟ة°®أبأبث¯×ث,,1,49:20150401-101005_س×ؤêش°_ش°بَ؟ة°®أبأبث¯×ث,,
49_yuanrun/49_20150401-101005_س×ؤêش°_ش°بَ؟ة°®أبأبث¯×ث_355.jpg,49,1606,train,panda,ipanda50,giant panda,session_reid,20150401-101005_س×ؤêش°_ش°بَ؟ة°®أبأبث¯×ث,,355,49:20150401-101005_س×ؤêش°_ش°بَ؟ة°®أبأبث¯×ث,,
49_yuanrun/49_20150401-101005_س×ؤêش°_ش°بَ؟ة°®أبأبث¯×ث_380.jpg,49,1606,train,panda,ipanda50,giant panda,session_reid,20150401-101005_س×ؤêش°_ش°بَ؟ة°®أبأبث¯×ث,,380,49:20150401-101005_س×ؤêش°_ش°بَ؟ة°®أبأبث¯×ث,,
49_yuanrun/49_20150401-101005_س×ؤêش°_ش°بَ؟ة°®أبأبث¯×ث_75.jpg,49,1606,train,panda,ipanda50,giant panda,session_reid,20150401-101005_س×ؤêش°_ش°بَ؟ة°®أبأبث¯×ث,,75,49:20150401-101005_س×ؤêش°_ش°بَ؟ة°®أبأبث¯×ث,,
49_yuanrun/49_20150403-094000_幼年园_园润_找竹笋吃找到了奥莉奥的身上_1.jpg,49,1607,train,panda,ipanda50,giant panda,session_reid,20150403-094000_幼年园_园润_找竹笋吃找到了奥莉奥的身上,,1,49:20150403-094000_幼年园_园润_找竹笋吃找到了奥莉奥的身上,,
49_yuanrun/49_20150403-094000_幼年园_园润_找竹笋吃找到了奥莉奥的身上_1035.jpg,49,1607,train,panda,ipanda50,giant panda,session_reid,20150403-094000_幼年园_园润_找竹笋吃找到了奥莉奥的身上,,1035,49:20150403-094000_幼年园_园润_找竹笋吃找到了奥莉奥的身上,,
49_yuanrun/49_20150403-094000_幼年园_园润_找竹笋吃找到了奥莉奥的身上_1430.jpg,49,1607,train,panda,ipanda50,giant panda,session_reid,20150403-094000_幼年园_园润_找竹笋吃找到了奥莉奥的身上,,1430,49:20150403-094000_幼年园_园润_找竹笋吃找到了奥莉奥的身上,,
49_yuanrun/49_20150403-094000_幼年园_园润_找竹笋吃找到了奥莉奥的身上_1890.jpg,49,1607,train,panda,ipanda50,giant panda,session_reid,20150403-094000_幼年园_园润_找竹笋吃找到了奥莉奥的身上,,1890,49:20150403-094000_幼年园_园润_找竹笋吃找到了奥莉奥的身上,,
49_yuanrun/49_20150403-094000_幼年园_园润_找竹笋吃找到了奥莉奥的身上_190.jpg,49,1607,train,panda,ipanda50,giant panda,session_reid,20150403-094000_幼年园_园润_找竹笋吃找到了奥莉奥的身上,,190,49:20150403-094000_幼年园_园润_找竹笋吃找到了奥莉奥的身上,,
49_yuanrun/49_20150403-094000_幼年园_园润_找竹笋吃找到了奥莉奥的身上_2185.jpg,49,1607,train,panda,ipanda50,giant panda,session_reid,20150403-094000_幼年园_园润_找竹笋吃找到了奥莉奥的身上,,2185,49:20150403-094000_幼年园_园润_找竹笋吃找到了奥莉奥的身上,,
49_yuanrun/49_20150403-094000_幼年园_园润_找竹笋吃找到了奥莉奥的身上_2295.jpg,49,1607,train,panda,ipanda50,giant panda,session_reid,20150403-094000_幼年园_园润_找竹笋吃找到了奥莉奥的身上,,2295,49:20150403-094000_幼年园_园润_找竹笋吃找到了奥莉奥的身上,,
49_yuanrun/49_20150403-094000_幼年园_园润_找竹笋吃找到了奥莉奥的身上_2335.jpg,49,1607,train,panda,ipanda50,giant panda,session_reid,20150403-094000_幼年园_园润_找竹笋吃找到了奥莉奥的身上,,2335,49:20150403-094000_幼年园_园润_找竹笋吃找到了奥莉奥的身上,,
49_yuanrun/49_v001_f000005.jpg,49,1608,train,panda,ipanda50,giant panda,session_reid,v001,,5,49:v001,,
49_yuanrun/49_v001_f000210.jpg,49,1608,train,panda,ipanda50,giant panda,session_reid,v001,,210,49:v001,,
49_yuanrun/49_v001_f000770.jpg,49,1608,train,panda,ipanda50,giant panda,session_reid,v001,,770,49:v001,,
49_yuanrun/49_v001_f002130.jpg,49,1608,train,panda,ipanda50,giant panda,session_reid,v001,,2130,49:v001,,
49_yuanrun/49_v001_f002175.jpg,49,1608,train,panda,ipanda50,giant panda,session_reid,v001,,2175,49:v001,,
49_yuanrun/49_v001_f002300.jpg,49,1608,train,panda,ipanda50,giant panda,session_reid,v001,,2300,49:v001,,
49_yuanrun/49_v001_f002495.jpg,49,1608,train,panda,ipanda50,giant panda,session_reid,v001,,2495,49:v001,,
49_yuanrun/49_v001_f002825.jpg,49,1608,train,panda,ipanda50,giant panda,session_reid,v001,,2825,49:v001,,
49_yuanrun/49_v001_f002850.jpg,49,1608,train,panda,ipanda50,giant panda,session_reid,v001,,2850,49:v001,,
49_yuanrun/49_v001_f003050.jpg,49,1608,train,panda,ipanda50,giant panda,session_reid,v001,,3050,49:v001,,
49_yuanrun/49_v001_f004450.jpg,49,1608,train,panda,ipanda50,giant panda,session_reid,v001,,4450,49:v001,,
49_yuanrun/49_v001_f004825.jpg,49,1608,train,panda,ipanda50,giant panda,session_reid,v001,,4825,49:v001,,
49_yuanrun/49_v006_f000001.jpg,49,1609,train,panda,ipanda50,giant panda,session_reid,v006,,1,49:v006,,
49_yuanrun/49_v006_f001400.jpg,49,1609,train,panda,ipanda50,giant panda,session_reid,v006,,1400,49:v006,,
49_yuanrun/49_v006_f001585.jpg,49,1609,train,panda,ipanda50,giant panda,session_reid,v006,,1585,49:v006,,
49_yuanrun/49_v008_f000001.jpg,49,1610,train,panda,ipanda50,giant panda,session_reid,v008,,1,49:v008,,
49_yuanrun/49_v008_f001720.jpg,49,1610,train,panda,ipanda50,giant panda,session_reid,v008,,1720,49:v008,,
49_yuanrun/49_v008_f003795.jpg,49,1610,train,panda,ipanda50,giant panda,session_reid,v008,,3795,49:v008,,
49_yuanrun/49_v008_f004655.jpg,49,1610,train,panda,ipanda50,giant panda,session_reid,v008,,4655,49:v008,,
49_yuanrun/49_v009_f000001.jpg,49,1611,train,panda,ipanda50,giant panda,session_reid,v009,,1,49:v009,,
49_yuanrun/49_v012_f000005.jpg,49,1612,train,panda,ipanda50,giant panda,session_reid,v012,,5,49:v012,,
49_yuanrun/49_v012_f000060.jpg,49,1612,train,panda,ipanda50,giant panda,session_reid,v012,,60,49:v012,,
49_yuanrun/49_v012_f000365.jpg,49,1612,train,panda,ipanda50,giant panda,session_reid,v012,,365,49:v012,,
49_yuanrun/49_v012_f000690.jpg,49,1612,train,panda,ipanda50,giant panda,session_reid,v012,,690,49:v012,,
49_yuanrun/49_v012_f000780.jpg,49,1612,train,panda,ipanda50,giant panda,session_reid,v012,,780,49:v012,,
49_yuanrun/49_v012_f000955.jpg,49,1612,train,panda,ipanda50,giant panda,session_reid,v012,,955,49:v012,,
49_yuanrun/49_v016_f002125.jpg,49,1613,train,panda,ipanda50,giant panda,session_reid,v016,,2125,49:v016,,
49_yuanrun/49_v016_f002945.jpg,49,1613,train,panda,ipanda50,giant panda,session_reid,v016,,2945,49:v016,,
49_yuanrun/49_v016_f003355.jpg,49,1613,train,panda,ipanda50,giant panda,session_reid,v016,,3355,49:v016,,
49_yuanrun/49_v017_f001440.jpg,49,1614,train,panda,ipanda50,giant panda,session_reid,v017,,1440,49:v017,,
49_yuanrun/49_v018_f000005.jpg,49,1615,train,panda,ipanda50,giant panda,session_reid,v018,,5,49:v018,,
49_yuanrun/49_v018_f000465.jpg,49,1615,train,panda,ipanda50,giant panda,session_reid,v018,,465,49:v018,,
49_yuanrun/49_v018_f000960.jpg,49,1615,train,panda,ipanda50,giant panda,session_reid,v018,,960,49:v018,,
49_yuanrun/49_v021_f000035.jpg,49,1616,train,panda,ipanda50,giant panda,session_reid,v021,,35,49:v021,,
49_yuanrun/49_v021_f000075.jpg,49,1616,train,panda,ipanda50,giant panda,session_reid,v021,,75,49:v021,,
49_yuanrun/49_v021_f000415.jpg,49,1616,train,panda,ipanda50,giant panda,session_reid,v021,,415,49:v021,,
49_yuanrun/49_v021_f000490.jpg,49,1616,train,panda,ipanda50,giant panda,session_reid,v021,,490,49:v021,,
49_yuanrun/49_v021_f001150.jpg,49,1616,train,panda,ipanda50,giant panda,session_reid,v021,,1150,49:v021,,
49_yuanrun/49_v021_f001180.jpg,49,1616,train,panda,ipanda50,giant panda,session_reid,v021,,1180,49:v021,,
49_yuanrun/49_v021_f001495.jpg,49,1616,train,panda,ipanda50,giant panda,session_reid,v021,,1495,49:v021,,
